group_id	preclinical_dosage_amount_value	preclinical_dosage_amount_unit	preclinical_administration_route	preclinical_animal_strain	preclinical_animal_species	preclinical_animal_sex	animal_subject_size	preclinical_disease_model	preclinical_animal_weight_value(g)	preclinical_animal_age(days)	preclinical_dosage_frequency	preclinical_dosage_duration(days)	preclinical_total_doses	clinical_age_groups	clinical_phases	clinical_sample_size	intervention	clinical_dosage_amount(mg)	clinical_dosage_frequency	clinical_dosage_duration(days)	clinical_total_doses	clinical_total_dosage(mg)	result
PMC4000968_NCT00086515	10.0	mg/kg	oral	Zucker Diabetic Fatty	Rats	Unknown	7.0	genetic		140.0	1+every1days	42.0	42.0	ADULT,OLDER_ADULT	PHASE3	453.0	Sitagliptin Phosphate	100.0	1+every1days	168.0	168.0	16800.0	0.5399999999999999
PMC3998187_NCT00086515	10.0	mg/kg	oral	Zucker Diabetic Fatty	Rats	male	5.0	genetic		140.0	1+every1days	42.0	42.0	ADULT,OLDER_ADULT	PHASE3	453.0	Sitagliptin Phosphate	100.0	1+every1days	168.0	168.0	16800.0	1.33
PMC2905949_NCT00086515	10.0	mg/kg	oral	Zucker Diabetic Fatty	Rats	male	8.0	genetic		140.0	1+every1days	42.0	42.0	ADULT,OLDER_ADULT	PHASE3	453.0	Sitagliptin Phosphate	100.0	1+every1days	168.0	168.0	16800.0	-0.66
PMC3235777_NCT00086515	10.0	mg/kg	oral	Zucker Diabetic Fatty	Rats	male	8.0	genetic		140.0	1+every1days	42.0	42.0	ADULT,OLDER_ADULT	PHASE3	453.0	Sitagliptin Phosphate	100.0	1+every1days	168.0	168.0	16800.0	1.1099999999999999
PMC4514850_NCT00086515	100.0	mg/kg	oral	ICR	Mice	male	8.0	high-fat diet+streptozotocin		35.0	1+every1days	56.0	56.0	ADULT,OLDER_ADULT	PHASE3	453.0	Sitagliptin Phosphate	100.0	1+every1days	168.0	168.0	16800.0	0.63
PMC3660563_NCT00086515	1.0	mg/kg	oral	C57BLKS/J-db/db	Mice	male		genetic		42.0	1+every1days	42.0	42.0	ADULT,OLDER_ADULT	PHASE3	453.0	Sitagliptin Phosphate	100.0	1+every1days	168.0	168.0	16800.0	0.13
PMC4514850_NCT00086515	100.0	mg/kg	oral	db/db	Mice	male	5.0	genetic		56.0	1+every1days	28.0	28.0	ADULT,OLDER_ADULT	PHASE3	453.0	Sitagliptin Phosphate	100.0	1+every1days	168.0	168.0	16800.0	0.22999999999999998
PMC4000968_NCT00094770	10.0	mg/kg	oral	Zucker Diabetic Fatty	Rats	Unknown	7.0	genetic		140.0	1+every1days	42.0	42.0	ADULT,OLDER_ADULT	PHASE3	248.0	Sitagliptin Phosphate	100.0	1+every1days	728.0	728.0	72800.0	0.6699999999999999
PMC3998187_NCT00094770	10.0	mg/kg	oral	Zucker Diabetic Fatty	Rats	male	5.0	genetic		140.0	1+every1days	42.0	42.0	ADULT,OLDER_ADULT	PHASE3	248.0	Sitagliptin Phosphate	100.0	1+every1days	728.0	728.0	72800.0	1.46
PMC2905949_NCT00094770	10.0	mg/kg	oral	Zucker Diabetic Fatty	Rats	male	8.0	genetic		140.0	1+every1days	42.0	42.0	ADULT,OLDER_ADULT	PHASE3	248.0	Sitagliptin Phosphate	100.0	1+every1days	728.0	728.0	72800.0	-0.53
PMC3235777_NCT00094770	10.0	mg/kg	oral	Zucker Diabetic Fatty	Rats	male	8.0	genetic		140.0	1+every1days	42.0	42.0	ADULT,OLDER_ADULT	PHASE3	248.0	Sitagliptin Phosphate	100.0	1+every1days	728.0	728.0	72800.0	1.24
PMC4514850_NCT00094770	100.0	mg/kg	oral	ICR	Mice	male	8.0	high-fat diet+streptozotocin		35.0	1+every1days	56.0	56.0	ADULT,OLDER_ADULT	PHASE3	248.0	Sitagliptin Phosphate	100.0	1+every1days	728.0	728.0	72800.0	0.76
PMC3660563_NCT00094770	1.0	mg/kg	oral	C57BLKS/J-db/db	Mice	male		genetic		42.0	1+every1days	42.0	42.0	ADULT,OLDER_ADULT	PHASE3	248.0	Sitagliptin Phosphate	100.0	1+every1days	728.0	728.0	72800.0	0.26
PMC4514850_NCT00094770	100.0	mg/kg	oral	db/db	Mice	male	5.0	genetic		56.0	1+every1days	28.0	28.0	ADULT,OLDER_ADULT	PHASE3	248.0	Sitagliptin Phosphate	100.0	1+every1days	728.0	728.0	72800.0	0.36
PMC4000968_NCT00127192	10.0	mg/kg	oral	Zucker Diabetic Fatty	Rats	Unknown	7.0	genetic		140.0	1+every1days	42.0	42.0	ADULT,OLDER_ADULT	PHASE2	80.0	Sitagliptin Phosphate	25.0	1+every1days	84.0	84.0	2100.0	0.8
PMC4000968_NCT00127192	10.0	mg/kg	oral	Zucker Diabetic Fatty	Rats	Unknown	7.0	genetic		140.0	1+every1days	42.0	42.0	ADULT,OLDER_ADULT	PHASE2	70.0	Sitagliptin Phosphate	100.0	1+every1days	84.0	84.0	8400.0	0.52
PMC4000968_NCT00127192	10.0	mg/kg	oral	Zucker Diabetic Fatty	Rats	Unknown	7.0	genetic		140.0	1+every1days	42.0	42.0	ADULT,OLDER_ADULT	PHASE2	72.0	Sitagliptin Phosphate	50.0	1+every1days	84.0	84.0	4200.0	0.5
PMC4000968_NCT00127192	10.0	mg/kg	oral	Zucker Diabetic Fatty	Rats	Unknown	7.0	genetic		140.0	1+every1days	42.0	42.0	ADULT,OLDER_ADULT	PHASE2	68.0	Sitagliptin Phosphate	200.0	1+every1days	84.0	84.0	16800.0	0.44999999999999996
PMC3998187_NCT00127192	10.0	mg/kg	oral	Zucker Diabetic Fatty	Rats	male	5.0	genetic		140.0	1+every1days	42.0	42.0	ADULT,OLDER_ADULT	PHASE2	80.0	Sitagliptin Phosphate	25.0	1+every1days	84.0	84.0	2100.0	1.59
PMC3998187_NCT00127192	10.0	mg/kg	oral	Zucker Diabetic Fatty	Rats	male	5.0	genetic		140.0	1+every1days	42.0	42.0	ADULT,OLDER_ADULT	PHASE2	70.0	Sitagliptin Phosphate	100.0	1+every1days	84.0	84.0	8400.0	1.31
PMC3998187_NCT00127192	10.0	mg/kg	oral	Zucker Diabetic Fatty	Rats	male	5.0	genetic		140.0	1+every1days	42.0	42.0	ADULT,OLDER_ADULT	PHASE2	72.0	Sitagliptin Phosphate	50.0	1+every1days	84.0	84.0	4200.0	1.29
PMC3998187_NCT00127192	10.0	mg/kg	oral	Zucker Diabetic Fatty	Rats	male	5.0	genetic		140.0	1+every1days	42.0	42.0	ADULT,OLDER_ADULT	PHASE2	68.0	Sitagliptin Phosphate	200.0	1+every1days	84.0	84.0	16800.0	1.24
PMC2905949_NCT00127192	10.0	mg/kg	oral	Zucker Diabetic Fatty	Rats	male	8.0	genetic		140.0	1+every1days	42.0	42.0	ADULT,OLDER_ADULT	PHASE2	80.0	Sitagliptin Phosphate	25.0	1+every1days	84.0	84.0	2100.0	-0.39999999999999997
PMC3235777_NCT00127192	10.0	mg/kg	oral	Zucker Diabetic Fatty	Rats	male	8.0	genetic		140.0	1+every1days	42.0	42.0	ADULT,OLDER_ADULT	PHASE2	80.0	Sitagliptin Phosphate	25.0	1+every1days	84.0	84.0	2100.0	1.37
PMC2905949_NCT00127192	10.0	mg/kg	oral	Zucker Diabetic Fatty	Rats	male	8.0	genetic		140.0	1+every1days	42.0	42.0	ADULT,OLDER_ADULT	PHASE2	70.0	Sitagliptin Phosphate	100.0	1+every1days	84.0	84.0	8400.0	-0.6799999999999999
PMC3235777_NCT00127192	10.0	mg/kg	oral	Zucker Diabetic Fatty	Rats	male	8.0	genetic		140.0	1+every1days	42.0	42.0	ADULT,OLDER_ADULT	PHASE2	70.0	Sitagliptin Phosphate	100.0	1+every1days	84.0	84.0	8400.0	1.09
PMC2905949_NCT00127192	10.0	mg/kg	oral	Zucker Diabetic Fatty	Rats	male	8.0	genetic		140.0	1+every1days	42.0	42.0	ADULT,OLDER_ADULT	PHASE2	72.0	Sitagliptin Phosphate	50.0	1+every1days	84.0	84.0	4200.0	-0.7
PMC3235777_NCT00127192	10.0	mg/kg	oral	Zucker Diabetic Fatty	Rats	male	8.0	genetic		140.0	1+every1days	42.0	42.0	ADULT,OLDER_ADULT	PHASE2	72.0	Sitagliptin Phosphate	50.0	1+every1days	84.0	84.0	4200.0	1.07
PMC2905949_NCT00127192	10.0	mg/kg	oral	Zucker Diabetic Fatty	Rats	male	8.0	genetic		140.0	1+every1days	42.0	42.0	ADULT,OLDER_ADULT	PHASE2	68.0	Sitagliptin Phosphate	200.0	1+every1days	84.0	84.0	16800.0	-0.75
PMC3235777_NCT00127192	10.0	mg/kg	oral	Zucker Diabetic Fatty	Rats	male	8.0	genetic		140.0	1+every1days	42.0	42.0	ADULT,OLDER_ADULT	PHASE2	68.0	Sitagliptin Phosphate	200.0	1+every1days	84.0	84.0	16800.0	1.02
PMC4514850_NCT00127192	100.0	mg/kg	oral	ICR	Mice	male	8.0	high-fat diet+streptozotocin		35.0	1+every1days	56.0	56.0	ADULT,OLDER_ADULT	PHASE2	80.0	Sitagliptin Phosphate	25.0	1+every1days	84.0	84.0	2100.0	0.8900000000000001
PMC4514850_NCT00127192	100.0	mg/kg	oral	ICR	Mice	male	8.0	high-fat diet+streptozotocin		35.0	1+every1days	56.0	56.0	ADULT,OLDER_ADULT	PHASE2	70.0	Sitagliptin Phosphate	100.0	1+every1days	84.0	84.0	8400.0	0.6100000000000001
PMC4514850_NCT00127192	100.0	mg/kg	oral	ICR	Mice	male	8.0	high-fat diet+streptozotocin		35.0	1+every1days	56.0	56.0	ADULT,OLDER_ADULT	PHASE2	72.0	Sitagliptin Phosphate	50.0	1+every1days	84.0	84.0	4200.0	0.5900000000000001
PMC4514850_NCT00127192	100.0	mg/kg	oral	ICR	Mice	male	8.0	high-fat diet+streptozotocin		35.0	1+every1days	56.0	56.0	ADULT,OLDER_ADULT	PHASE2	68.0	Sitagliptin Phosphate	200.0	1+every1days	84.0	84.0	16800.0	0.54
PMC3660563_NCT00127192	1.0	mg/kg	oral	C57BLKS/J-db/db	Mice	male		genetic		42.0	1+every1days	42.0	42.0	ADULT,OLDER_ADULT	PHASE2	80.0	Sitagliptin Phosphate	25.0	1+every1days	84.0	84.0	2100.0	0.39000000000000007
PMC3660563_NCT00127192	1.0	mg/kg	oral	C57BLKS/J-db/db	Mice	male		genetic		42.0	1+every1days	42.0	42.0	ADULT,OLDER_ADULT	PHASE2	70.0	Sitagliptin Phosphate	100.0	1+every1days	84.0	84.0	8400.0	0.1100000000000001
PMC3660563_NCT00127192	1.0	mg/kg	oral	C57BLKS/J-db/db	Mice	male		genetic		42.0	1+every1days	42.0	42.0	ADULT,OLDER_ADULT	PHASE2	72.0	Sitagliptin Phosphate	50.0	1+every1days	84.0	84.0	4200.0	0.09000000000000008
PMC3660563_NCT00127192	1.0	mg/kg	oral	C57BLKS/J-db/db	Mice	male		genetic		42.0	1+every1days	42.0	42.0	ADULT,OLDER_ADULT	PHASE2	68.0	Sitagliptin Phosphate	200.0	1+every1days	84.0	84.0	16800.0	0.040000000000000036
PMC4514850_NCT00127192	100.0	mg/kg	oral	db/db	Mice	male	5.0	genetic		56.0	1+every1days	28.0	28.0	ADULT,OLDER_ADULT	PHASE2	80.0	Sitagliptin Phosphate	25.0	1+every1days	84.0	84.0	2100.0	0.49000000000000005
PMC4514850_NCT00127192	100.0	mg/kg	oral	db/db	Mice	male	5.0	genetic		56.0	1+every1days	28.0	28.0	ADULT,OLDER_ADULT	PHASE2	70.0	Sitagliptin Phosphate	100.0	1+every1days	84.0	84.0	8400.0	0.21000000000000008
PMC4514850_NCT00127192	100.0	mg/kg	oral	db/db	Mice	male	5.0	genetic		56.0	1+every1days	28.0	28.0	ADULT,OLDER_ADULT	PHASE2	72.0	Sitagliptin Phosphate	50.0	1+every1days	84.0	84.0	4200.0	0.19000000000000006
PMC4514850_NCT00127192	100.0	mg/kg	oral	db/db	Mice	male	5.0	genetic		56.0	1+every1days	28.0	28.0	ADULT,OLDER_ADULT	PHASE2	68.0	Sitagliptin Phosphate	200.0	1+every1days	84.0	84.0	16800.0	0.14
PMC4000968_NCT00289848	10.0	mg/kg	oral	Zucker Diabetic Fatty	Rats	Unknown	7.0	genetic		140.0	1+every1days	42.0	42.0	ADULT,OLDER_ADULT	PHASE3	339.0	Sitagliptin Phosphate	100.0	1+every1days	126.0	126.0	12600.0	0.5
PMC3998187_NCT00289848	10.0	mg/kg	oral	Zucker Diabetic Fatty	Rats	male	5.0	genetic		140.0	1+every1days	42.0	42.0	ADULT,OLDER_ADULT	PHASE3	339.0	Sitagliptin Phosphate	100.0	1+every1days	126.0	126.0	12600.0	1.29
PMC2905949_NCT00289848	10.0	mg/kg	oral	Zucker Diabetic Fatty	Rats	male	8.0	genetic		140.0	1+every1days	42.0	42.0	ADULT,OLDER_ADULT	PHASE3	339.0	Sitagliptin Phosphate	100.0	1+every1days	126.0	126.0	12600.0	-0.7
PMC3235777_NCT00289848	10.0	mg/kg	oral	Zucker Diabetic Fatty	Rats	male	8.0	genetic		140.0	1+every1days	42.0	42.0	ADULT,OLDER_ADULT	PHASE3	339.0	Sitagliptin Phosphate	100.0	1+every1days	126.0	126.0	12600.0	1.07
PMC4514850_NCT00289848	100.0	mg/kg	oral	ICR	Mice	male	8.0	high-fat diet+streptozotocin		35.0	1+every1days	56.0	56.0	ADULT,OLDER_ADULT	PHASE3	339.0	Sitagliptin Phosphate	100.0	1+every1days	126.0	126.0	12600.0	0.5900000000000001
PMC3660563_NCT00289848	1.0	mg/kg	oral	C57BLKS/J-db/db	Mice	male		genetic		42.0	1+every1days	42.0	42.0	ADULT,OLDER_ADULT	PHASE3	339.0	Sitagliptin Phosphate	100.0	1+every1days	126.0	126.0	12600.0	0.09000000000000008
PMC4514850_NCT00289848	100.0	mg/kg	oral	db/db	Mice	male	5.0	genetic		56.0	1+every1days	28.0	28.0	ADULT,OLDER_ADULT	PHASE3	339.0	Sitagliptin Phosphate	100.0	1+every1days	126.0	126.0	12600.0	0.19000000000000006
PMC4000968_NCT00305604	10.0	mg/kg	oral	Zucker Diabetic Fatty	Rats	Unknown	7.0	genetic		140.0	1+every1days	42.0	42.0	OLDER_ADULT	PHASE3	101.0	Sitagliptin Phosphate	100.0	1+every1days	168.0	168.0	16800.0	0.74
PMC3998187_NCT00305604	10.0	mg/kg	oral	Zucker Diabetic Fatty	Rats	male	5.0	genetic		140.0	1+every1days	42.0	42.0	OLDER_ADULT	PHASE3	101.0	Sitagliptin Phosphate	100.0	1+every1days	168.0	168.0	16800.0	1.53
PMC2905949_NCT00305604	10.0	mg/kg	oral	Zucker Diabetic Fatty	Rats	male	8.0	genetic		140.0	1+every1days	42.0	42.0	OLDER_ADULT	PHASE3	101.0	Sitagliptin Phosphate	100.0	1+every1days	168.0	168.0	16800.0	-0.45999999999999996
PMC3235777_NCT00305604	10.0	mg/kg	oral	Zucker Diabetic Fatty	Rats	male	8.0	genetic		140.0	1+every1days	42.0	42.0	OLDER_ADULT	PHASE3	101.0	Sitagliptin Phosphate	100.0	1+every1days	168.0	168.0	16800.0	1.31
PMC4514850_NCT00305604	100.0	mg/kg	oral	ICR	Mice	male	8.0	high-fat diet+streptozotocin		35.0	1+every1days	56.0	56.0	OLDER_ADULT	PHASE3	101.0	Sitagliptin Phosphate	100.0	1+every1days	168.0	168.0	16800.0	0.8300000000000001
PMC3660563_NCT00305604	1.0	mg/kg	oral	C57BLKS/J-db/db	Mice	male		genetic		42.0	1+every1days	42.0	42.0	OLDER_ADULT	PHASE3	101.0	Sitagliptin Phosphate	100.0	1+every1days	168.0	168.0	16800.0	0.33000000000000007
PMC4514850_NCT00305604	100.0	mg/kg	oral	db/db	Mice	male	5.0	genetic		56.0	1+every1days	28.0	28.0	OLDER_ADULT	PHASE3	101.0	Sitagliptin Phosphate	100.0	1+every1days	168.0	168.0	16800.0	0.43000000000000005
PMC9055162_NCT00308139	250.0	nmol/kg	subcutaneous	db/db	Mice	male		genetic			2+every7days	56.0	16.0	CHILD,ADULT,OLDER_ADULT	PHASE3	148.0	Exenatide	2.0	1+every7days	210.0	30.0	60.0	1.4299999999999997
PMC7189518_NCT00308139	0.6	mg/kg	oral	db/db	Mice	male	6.0	genetic			1+every1days	49.0	49.0	CHILD,ADULT,OLDER_ADULT	PHASE3	148.0	Exenatide	2.0	1+every7days	210.0	30.0	60.0	-1.0
PMC7189518_NCT00308139	0.6	mg/kg	oral	db/db	Mice	male	6.0	genetic			1+every1days	49.0	49.0	CHILD,ADULT,OLDER_ADULT	PHASE3	148.0	Exenatide	2.0	1+every7days	210.0	30.0	60.0	-0.7100000000000002
PMC7189518_NCT00308139	0.06	mg/kg	subcutaneous	db/db	Mice	male	6.0	genetic			1+every1days	49.0	49.0	CHILD,ADULT,OLDER_ADULT	PHASE3	148.0	Exenatide	2.0	1+every7days	210.0	30.0	60.0	-0.6600000000000001
PMC6369909_NCT00308139	20.0	μg/kg	subcutaneous	Sprague-Dawley	Rats	male	6.0	high-fat diet+streptozotocin	160.0		1+every1days	28.0	28.0	CHILD,ADULT,OLDER_ADULT	PHASE3	148.0	Exenatide	2.0	1+every7days	210.0	30.0	60.0	1.13
PMC2948479_NCT00308139	3.5	pm/kg/min	subcutaneous	3xTg-AD	Mice	both	8.0	streptozotocin	30.0	352.5	Unknown	112.0		CHILD,ADULT,OLDER_ADULT	PHASE3	148.0	Exenatide	2.0	1+every7days	210.0	30.0	60.0	0.33000000000000007
PMC4553314_NCT00308139	2.0	μg/kg	subcutaneous	db/db	Mice	female	10.0	genetic		45.5	2+every1days	43.0	86.0	CHILD,ADULT,OLDER_ADULT	PHASE3	148.0	Exenatide	2.0	1+every7days	210.0	30.0	60.0	-1.37
PMC4686834_NCT00308139	1.0	μg/kg	subcutaneous	C57BL/6	Mice	male	7.0	genetic		56.0	1+every1days	21.0	21.0	CHILD,ADULT,OLDER_ADULT	PHASE3	148.0	Exenatide	2.0	1+every7days	210.0	30.0	60.0	-1.82
PMC4686834_NCT00308139	10.0	μg/kg	subcutaneous	C57BL/6	Mice	male	7.0	genetic		56.0	1+every1days	21.0	21.0	CHILD,ADULT,OLDER_ADULT	PHASE3	148.0	Exenatide	2.0	1+every7days	210.0	30.0	60.0	-1.6700000000000002
PMC4237538_NCT00308139	0.03	mg/kg	subcutaneous	ob/ob	Mice	male		genetic	43.0	56.0	1+every1days	28.0	28.0	CHILD,ADULT,OLDER_ADULT	PHASE3	148.0	Exenatide	2.0	1+every7days	210.0	30.0	60.0	0.029999999999999805
PMC3913652_NCT00308139	30.0	nmol/kg	subcutaneous	ob/ob	Mice	male	10.0	genetic	43.9	56.0	1+every1days	28.0	28.0	CHILD,ADULT,OLDER_ADULT	PHASE3	148.0	Exenatide	2.0	1+every7days	210.0	30.0	60.0	-1.32
PMC3654567_NCT00308139	250.0	μg/kg	subcutaneous	Zucker Diabetic Fatty	Rats	male		genetic		56.0	2+every1days	91.0	182.0	CHILD,ADULT,OLDER_ADULT	PHASE3	148.0	Exenatide	2.0	1+every7days	210.0	30.0	60.0	-0.07000000000000006
PMC3654567_NCT00308139	6.0	μg/kg	subcutaneous	Zucker Diabetic Fatty	Rats	male		genetic		56.0	2+every1days	91.0	182.0	CHILD,ADULT,OLDER_ADULT	PHASE3	148.0	Exenatide	2.0	1+every7days	210.0	30.0	60.0	0.1299999999999999
PMC3654567_NCT00308139	40.0	μg/kg	subcutaneous	Zucker Diabetic Fatty	Rats	male		genetic		56.0	2+every1days	91.0	182.0	CHILD,ADULT,OLDER_ADULT	PHASE3	148.0	Exenatide	2.0	1+every7days	210.0	30.0	60.0	1.0299999999999998
PMC5477380_NCT00308139	2.0	μg/kg	subcutaneous	KK-Ay	Mice	female	13.0	genetic		77.0	2+every1days	49.0	98.0	CHILD,ADULT,OLDER_ADULT	PHASE3	148.0	Exenatide	2.0	1+every7days	210.0	30.0	60.0	-1.1700000000000002
PMC5489512_NCT00309608	2.0	mg/kg	oral	KK-Ay	Mice	female	10.0	genetic	50.0		1+every1days	42.0	42.0	ADULT,OLDER_ADULT	PHASE2	64.0	Linagliptin	1.0	1+every1days	84.0	84.0	84.0	0.15
PMC5489512_NCT00309608	2.0	mg/kg	oral	KK-Ay	Mice	female	10.0	genetic	50.0		1+every1days	42.0	42.0	ADULT,OLDER_ADULT	PHASE2	66.0	Linagliptin	10.0	1+every1days	84.0	84.0	840.0	-0.12
PMC5489512_NCT00309608	2.0	mg/kg	oral	KK-Ay	Mice	female	10.0	genetic	50.0		1+every1days	42.0	42.0	ADULT,OLDER_ADULT	PHASE2	62.0	Linagliptin	5.0	1+every1days	84.0	84.0	420.0	-0.18
PMC6701666_NCT00309608	3.0	mg/kg	oral	db/db	Mice	female	12.0	genetic		38.5	1+every1days	42.0	42.0	ADULT,OLDER_ADULT	PHASE2	64.0	Linagliptin	1.0	1+every1days	84.0	84.0	84.0	-0.15
PMC6701666_NCT00309608	3.0	mg/kg	oral	db/db	Mice	female	12.0	genetic		38.5	1+every1days	42.0	42.0	ADULT,OLDER_ADULT	PHASE2	66.0	Linagliptin	10.0	1+every1days	84.0	84.0	840.0	-0.42
PMC6701666_NCT00309608	3.0	mg/kg	oral	db/db	Mice	female	12.0	genetic		38.5	1+every1days	42.0	42.0	ADULT,OLDER_ADULT	PHASE2	62.0	Linagliptin	5.0	1+every1days	84.0	84.0	420.0	-0.48
PMC6701666_NCT00309608	2.0	mg/kg	oral	db/db	Mice	female	12.0	genetic		38.5	1+every1days	42.0	42.0	ADULT,OLDER_ADULT	PHASE2	64.0	Glimepiride		1+every1days	84.0	84.0		-0.59
PMC5152931_NCT00309608	0.083	mg/kg	oral	Wistar	Rats	male	22.0	streptozotocin		42.0	Unknown	168.0		ADULT,OLDER_ADULT	PHASE2	64.0	Linagliptin	1.0	1+every1days	84.0	84.0	84.0	1.85
PMC5152931_NCT00309608	0.083	mg/kg	oral	Wistar	Rats	male	22.0	streptozotocin		42.0	Unknown	168.0		ADULT,OLDER_ADULT	PHASE2	66.0	Linagliptin	10.0	1+every1days	84.0	84.0	840.0	1.58
PMC5152931_NCT00309608	0.083	mg/kg	oral	Wistar	Rats	male	22.0	streptozotocin		42.0	Unknown	168.0		ADULT,OLDER_ADULT	PHASE2	62.0	Linagliptin	5.0	1+every1days	84.0	84.0	420.0	1.52
PMC6273299_NCT00309608	5.0	mg/kg	Unknown	Zucker Diabetic Fatty	Rats	male	6.0	high-fat diet		42.0	1+every1days	84.0	84.0	ADULT,OLDER_ADULT	PHASE2	64.0	Glimepiride		1+every1days	84.0	84.0		-0.29
PMC3610345_NCT00309608	2.5	mg/kg	oral	db/db	Mice	male		genetic		49.0	1+every1days	42.0	42.0	ADULT,OLDER_ADULT	PHASE2	64.0	Glimepiride		1+every1days	84.0	84.0		0.41000000000000003
PMC5485244_NCT00318461	500.0	mg/kg	oral	C57BL/6J	Mice	male	8.0	high-fat diet			1+every1days			ADULT,OLDER_ADULT	PHASE3	120.0	Metformin	1750.0	1+every1days	182.0	182.0	318500.0	0.49
PMC8657924_NCT00318461	225.0	mg/kg	oral	Kunming	Mice	male	8.0	high-fat diet+streptozotocin	20.0		1+every1days	28.0	28.0	ADULT,OLDER_ADULT	PHASE3	120.0	Metformin	1750.0	1+every1days	182.0	182.0	318500.0	4.09
PMC3462199_NCT00318461	400.0	mg/kg	intraperitoneal	db/db	Mice	male	10.0	genetic	47.5		1+every1days	14.0	14.0	ADULT,OLDER_ADULT	PHASE3	120.0	Metformin	1750.0	1+every1days	182.0	182.0	318500.0	0.49
PMC3462199_NCT00318461	400.0	mg/kg	intraperitoneal	db/db	Mice	male	12.0	genetic	47.5		1+every1days	14.0	14.0	ADULT,OLDER_ADULT	PHASE3	120.0	Metformin	1750.0	1+every1days	182.0	182.0	318500.0	0.39
PMC9313150_NCT00318461	200.0	mg/kg	oral	Wistar	Rats	male		high-fat diet+streptozotocin	185.0		1+every1days	84.0	84.0	ADULT,OLDER_ADULT	PHASE3	120.0	Metformin	1750.0	1+every1days	182.0	182.0	318500.0	2.19
PMC7092631_NCT00318461	200.0	mg/kg	intragastric	Wistar	Rats	male	10.0	high-fat diet+streptozotocin	200.0		1+every1days	28.0	28.0	ADULT,OLDER_ADULT	PHASE3	120.0	Metformin	1750.0	1+every1days	182.0	182.0	318500.0	0.9099999999999999
PMC8800605_NCT00318461	60.0	mg/kg	oral	Wistar	Rats	male	12.0	high-fat diet+streptozotocin	176.8		1+every1days	14.0	14.0	ADULT,OLDER_ADULT	PHASE3	120.0	Metformin	1750.0	1+every1days	182.0	182.0	318500.0	0.3
PMC4826921_NCT00318461	200.0	mg/kg	oral	Wistar	Rats	male	20.0	high-fat diet	110.0		1+every1days	60.0	60.0	ADULT,OLDER_ADULT	PHASE3	120.0	Metformin	1750.0	1+every1days	182.0	182.0	318500.0	1.6900000000000002
PMC7034448_NCT00318461	500.0	mg/kg	oral	Wistar	Rats	male	6.0	high-fat diet+streptozotocin	190.0		1+every1days	30.0	30.0	ADULT,OLDER_ADULT	PHASE3	120.0	Metformin	1750.0	1+every1days	182.0	182.0	318500.0	5.1899999999999995
PMC4884299_NCT00318461	150.0	mg/kg	oral	Wistar	Rats	male	6.0	streptozotocin+nicotinamide	280.0		1+every1days	42.0	42.0	ADULT,OLDER_ADULT	PHASE3	120.0	Metformin	1750.0	1+every1days	182.0	182.0	318500.0	2.4299999999999997
PMC9953164_NCT00318461	200.0	mg/kg	Unknown	Wistar	Rats	male	8.0	high-fat diet+streptozotocin	185.0		1+every1days	84.0	84.0	ADULT,OLDER_ADULT	PHASE3	120.0	Metformin	1750.0	1+every1days	182.0	182.0	318500.0	2.59
PMC9681650_NCT00318461	60.0	mg/kg	oral	Wistar	Rats	male	12.0	high-fat diet+streptozotocin	176.8	120.0	1+every1days	14.0	14.0	ADULT,OLDER_ADULT	PHASE3	120.0	Metformin	1750.0	1+every1days	182.0	182.0	318500.0	0.19
PMC4423537_NCT00318461	300.0	mg/kg	oral	Otsuka Long-Evans Tokushima Fatty	Rats	male	14.0	genetic		140.0	1+every1days	84.0	84.0	ADULT,OLDER_ADULT	PHASE3	120.0	Metformin	1750.0	1+every1days	182.0	182.0	318500.0	1.6900000000000002
PMC9470898_NCT00318461	0.1	% (w/w)	oral	NONcNZO10/LtJ	Mice	male	10.0	genetic		147.0	Unknown	126.0		ADULT,OLDER_ADULT	PHASE3	120.0	Metformin	1750.0	1+every1days	182.0	182.0	318500.0	0.59
PMC5840580_NCT00318461	300.0	mg/kg	oral	Otsuka Long-Evans Tokushima Fatty	Rats	male	6.0	high-fat diet		168.0	1+every1days	84.0	84.0	ADULT,OLDER_ADULT	PHASE3	120.0	Metformin	1750.0	1+every1days	182.0	182.0	318500.0	1.59
PMC3465985_NCT00318461	350.0	mg/kg	oral	Spontaneously Diabetic Torii	Rats	male	10.0	genetic		175.0	1+every1days	119.0	119.0	ADULT,OLDER_ADULT	PHASE3	120.0	Metformin	1750.0	1+every1days	182.0	182.0	318500.0	1.4000000000000001
PMC5319739_NCT00318461	50.0	mg/kg	gastric intubation	Psammomys obesus	Gerbillinae	male	30.0	high-fat diet	100.0	240.0	1+every1days	84.0	84.0	ADULT,OLDER_ADULT	PHASE3	120.0	Metformin	1750.0	1+every1days	182.0	182.0	318500.0	4.29
PMC9698742_NCT00318461	200.0	mg/kg	oral	Wistar	Rats	male	5.0	streptozotocin	225.0	270.0	1+every1days	45.0	45.0	ADULT,OLDER_ADULT	PHASE3	120.0	Metformin	1750.0	1+every1days	182.0	182.0	318500.0	2.69
PMC7727825_NCT00318461	200.0	mg/kg	oral	C57BLKS/J-db/db	Mice	male	8.0	genetic		35.0	1+every1days	63.0	63.0	ADULT,OLDER_ADULT	PHASE3	120.0	Metformin	1750.0	1+every1days	182.0	182.0	318500.0	3.09
PMC7598587_NCT00318461	200.0	mg/kg	oral	C57BL/6N	Mice	male	8.0	high-fat diet+streptozotocin		38.5	1+every1days	28.0	28.0	ADULT,OLDER_ADULT	PHASE3	120.0	Metformin	1750.0	1+every1days	182.0	182.0	318500.0	1.9400000000000002
PMC4726511_NCT00318461	10.0	mg/kg	oral	db/db	Mice	Unknown	5.0	genetic		42.0	1+every1days	28.0	28.0	ADULT,OLDER_ADULT	PHASE3	120.0	Metformin	1750.0	1+every1days	182.0	182.0	318500.0	0.69
PMC5485244_NCT00318461	500.0	mg/kg	oral	C57BL/6J	Mice	male	16.0	high-fat diet		42.0	1+every1days	84.0	84.0	ADULT,OLDER_ADULT	PHASE3	120.0	Metformin	1750.0	1+every1days	182.0	182.0	318500.0	0.49
PMC6273299_NCT00318461	200.0	mg/kg	Unknown	Zucker Diabetic Fatty	Rats	male	6.0	high-fat diet		42.0	1+every1days	84.0	84.0	ADULT,OLDER_ADULT	PHASE3	120.0	Metformin	1750.0	1+every1days	182.0	182.0	318500.0	1.3900000000000001
PMC3327803_NCT00318461	200.0	mg/kg	intraperitoneal	db/db	Mice	male	11.0	genetic		49.0	1+every1days	126.0	126.0	ADULT,OLDER_ADULT	PHASE3	120.0	Metformin	1750.0	1+every1days	182.0	182.0	318500.0	-0.21
PMC3907559_NCT00318461	200.0	mg/kg	oral	Zucker Diabetic Fatty	Rats	male	10.0	genetic		49.0	2+every1days	32.0	64.0	ADULT,OLDER_ADULT	PHASE3	120.0	Metformin	1750.0	1+every1days	182.0	182.0	318500.0	3.09
PMC7381706_NCT00318461	250.0	mg/kg	oral	ob/ob	Mice	male	8.0	genetic		52.5	1+every1days	26.0	26.0	ADULT,OLDER_ADULT	PHASE3	120.0	Metformin	1750.0	1+every1days	182.0	182.0	318500.0	0.19
PMC10203393_NCT00318461	0.2	g/kg	oral	Sprague-Dawley	Rats	male	8.0	high-fat diet+streptozotocin	150.0	52.5	1+every1days	70.0	70.0	ADULT,OLDER_ADULT	PHASE3	120.0	Metformin	1750.0	1+every1days	182.0	182.0	318500.0	5.59
PMC10323656_NCT00318461	200.0	mg/kg	oral gavage	C57BL/6	Mice	male	12.0	high-fat diet+streptozotocin	24.0	56.0	1+every1days	28.0	28.0	ADULT,OLDER_ADULT	PHASE3	120.0	Metformin	1750.0	1+every1days	182.0	182.0	318500.0	1.1900000000000002
PMC3855476_NCT00318461	300.0	mg/kg	oral	db/db	Mice	male	10.0	genetic	44.0	56.0	1+every1days	14.0	14.0	ADULT,OLDER_ADULT	PHASE3	120.0	Metformin	1750.0	1+every1days	182.0	182.0	318500.0	0.7899999999999999
PMC5881648_NCT00318461	200.0	mg/kg	gavage	Sprague-Dawley	Rats	male	10.0	streptozotocin	200.0	56.0	1+every1days	77.0	77.0	ADULT,OLDER_ADULT	PHASE3	120.0	Metformin	1750.0	1+every1days	182.0	182.0	318500.0	3.3899999999999997
PMC4444588_NCT00318461	500.0	mg/kg	intragastric	Sprague-Dawley	Rats	male	7.0	high-fat diet+streptozotocin	190.0	60.0	1+every1days	56.0	56.0	ADULT,OLDER_ADULT	PHASE3	120.0	Metformin	1750.0	1+every1days	182.0	182.0	318500.0	4.09
PMC4444588_NCT00318461	150.0	mg/kg	intragastric	Sprague-Dawley	Rats	male	8.0	high-fat diet+streptozotocin	190.0	60.0	1+every1days	56.0	56.0	ADULT,OLDER_ADULT	PHASE3	120.0	Metformin	1750.0	1+every1days	182.0	182.0	318500.0	1.09
PMC4444588_NCT00318461	300.0	mg/kg	intragastric	Sprague-Dawley	Rats	male	8.0	high-fat diet+streptozotocin	190.0	60.0	1+every1days	56.0	56.0	ADULT,OLDER_ADULT	PHASE3	120.0	Metformin	1750.0	1+every1days	182.0	182.0	318500.0	2.09
PMC4097088_NCT00318461	300.0	mg/kg	oral	C57BL/6	Mice	Unknown	8.0	high-fat diet		70.0	1+every1days	14.0	14.0	ADULT,OLDER_ADULT	PHASE3	120.0	Metformin	1750.0	1+every1days	182.0	182.0	318500.0	0.69
PMC9457892_NCT00318461	150.0	mg/kg	oral	C57BL/6	Mice	male	8.0	streptozotocin	27.5	70.0	1+every1days	42.0	42.0	ADULT,OLDER_ADULT	PHASE3	120.0	Metformin	1750.0	1+every1days	182.0	182.0	318500.0	4.39
PMC8745465_NCT00318461	120.0	mg/kg	oral	Wistar	Rats	male	30.0	high-fat diet+streptozotocin	170.0	70.0	1+every1days	35.0	35.0	ADULT,OLDER_ADULT	PHASE3	120.0	Metformin	1750.0	1+every1days	182.0	182.0	318500.0	1.6
PMC5489512_NCT00328172	2.0	mg/kg	oral	KK-Ay	Mice	female	10.0	genetic	50.0		1+every1days	42.0	42.0	ADULT,OLDER_ADULT	PHASE2	55.0	Linagliptin	2.5	1+every1days	84.0	84.0	210.0	0.06
PMC5489512_NCT00328172	2.0	mg/kg	oral	KK-Ay	Mice	female	10.0	genetic	50.0		1+every1days	42.0	42.0	ADULT,OLDER_ADULT	PHASE2	54.0	Linagliptin	5.0	1+every1days	84.0	84.0	420.0	0.019999999999999962
PMC5489512_NCT00328172	2.0	mg/kg	oral	KK-Ay	Mice	female	10.0	genetic	50.0		1+every1days	42.0	42.0	ADULT,OLDER_ADULT	PHASE2	57.0	Linagliptin	0.5	1+every1days	84.0	84.0	42.0	0.33999999999999997
PMC5485244_NCT00328172	500.0	mg/kg	oral	C57BL/6J	Mice	male	8.0	high-fat diet			1+every1days			ADULT,OLDER_ADULT	PHASE2	65.0	Metformin		Unknown	84.0			-0.28
PMC8657924_NCT00328172	225.0	mg/kg	oral	Kunming	Mice	male	8.0	high-fat diet+streptozotocin	20.0		1+every1days	28.0	28.0	ADULT,OLDER_ADULT	PHASE2	65.0	Metformin		Unknown	84.0			3.32
PMC3462199_NCT00328172	400.0	mg/kg	intraperitoneal	db/db	Mice	male	10.0	genetic	47.5		1+every1days	14.0	14.0	ADULT,OLDER_ADULT	PHASE2	65.0	Metformin		Unknown	84.0			-0.28
PMC3462199_NCT00328172	400.0	mg/kg	intraperitoneal	db/db	Mice	male	12.0	genetic	47.5		1+every1days	14.0	14.0	ADULT,OLDER_ADULT	PHASE2	65.0	Metformin		Unknown	84.0			-0.38000000000000006
PMC9313150_NCT00328172	200.0	mg/kg	oral	Wistar	Rats	male		high-fat diet+streptozotocin	185.0		1+every1days	84.0	84.0	ADULT,OLDER_ADULT	PHASE2	65.0	Metformin		Unknown	84.0			1.42
PMC7092631_NCT00328172	200.0	mg/kg	intragastric	Wistar	Rats	male	10.0	high-fat diet+streptozotocin	200.0		1+every1days	28.0	28.0	ADULT,OLDER_ADULT	PHASE2	65.0	Metformin		Unknown	84.0			0.1399999999999999
PMC8800605_NCT00328172	60.0	mg/kg	oral	Wistar	Rats	male	12.0	high-fat diet+streptozotocin	176.8		1+every1days	14.0	14.0	ADULT,OLDER_ADULT	PHASE2	65.0	Metformin		Unknown	84.0			-0.4700000000000001
PMC4826921_NCT00328172	200.0	mg/kg	oral	Wistar	Rats	male	20.0	high-fat diet	110.0		1+every1days	60.0	60.0	ADULT,OLDER_ADULT	PHASE2	65.0	Metformin		Unknown	84.0			0.92
PMC7034448_NCT00328172	500.0	mg/kg	oral	Wistar	Rats	male	6.0	high-fat diet+streptozotocin	190.0		1+every1days	30.0	30.0	ADULT,OLDER_ADULT	PHASE2	65.0	Metformin		Unknown	84.0			4.42
PMC4884299_NCT00328172	150.0	mg/kg	oral	Wistar	Rats	male	6.0	streptozotocin+nicotinamide	280.0		1+every1days	42.0	42.0	ADULT,OLDER_ADULT	PHASE2	65.0	Metformin		Unknown	84.0			1.6599999999999997
PMC9953164_NCT00328172	200.0	mg/kg	Unknown	Wistar	Rats	male	8.0	high-fat diet+streptozotocin	185.0		1+every1days	84.0	84.0	ADULT,OLDER_ADULT	PHASE2	65.0	Metformin		Unknown	84.0			1.8199999999999998
PMC9681650_NCT00328172	60.0	mg/kg	oral	Wistar	Rats	male	12.0	high-fat diet+streptozotocin	176.8	120.0	1+every1days	14.0	14.0	ADULT,OLDER_ADULT	PHASE2	65.0	Metformin		Unknown	84.0			-0.5800000000000001
PMC4423537_NCT00328172	300.0	mg/kg	oral	Otsuka Long-Evans Tokushima Fatty	Rats	male	14.0	genetic		140.0	1+every1days	84.0	84.0	ADULT,OLDER_ADULT	PHASE2	65.0	Metformin		Unknown	84.0			0.92
PMC9470898_NCT00328172	0.1	% (w/w)	oral	NONcNZO10/LtJ	Mice	male	10.0	genetic		147.0	Unknown	126.0		ADULT,OLDER_ADULT	PHASE2	65.0	Metformin		Unknown	84.0			-0.18000000000000005
PMC5840580_NCT00328172	300.0	mg/kg	oral	Otsuka Long-Evans Tokushima Fatty	Rats	male	6.0	high-fat diet		168.0	1+every1days	84.0	84.0	ADULT,OLDER_ADULT	PHASE2	65.0	Metformin		Unknown	84.0			0.82
PMC3465985_NCT00328172	350.0	mg/kg	oral	Spontaneously Diabetic Torii	Rats	male	10.0	genetic		175.0	1+every1days	119.0	119.0	ADULT,OLDER_ADULT	PHASE2	65.0	Metformin		Unknown	84.0			0.63
PMC5319739_NCT00328172	50.0	mg/kg	gastric intubation	Psammomys obesus	Gerbillinae	male	30.0	high-fat diet	100.0	240.0	1+every1days	84.0	84.0	ADULT,OLDER_ADULT	PHASE2	65.0	Metformin		Unknown	84.0			3.52
PMC9698742_NCT00328172	200.0	mg/kg	oral	Wistar	Rats	male	5.0	streptozotocin	225.0	270.0	1+every1days	45.0	45.0	ADULT,OLDER_ADULT	PHASE2	65.0	Metformin		Unknown	84.0			1.92
PMC7727825_NCT00328172	200.0	mg/kg	oral	C57BLKS/J-db/db	Mice	male	8.0	genetic		35.0	1+every1days	63.0	63.0	ADULT,OLDER_ADULT	PHASE2	65.0	Metformin		Unknown	84.0			2.32
PMC6701666_NCT00328172	3.0	mg/kg	oral	db/db	Mice	female	12.0	genetic		38.5	1+every1days	42.0	42.0	ADULT,OLDER_ADULT	PHASE2	55.0	Linagliptin	2.5	1+every1days	84.0	84.0	210.0	-0.24
PMC6701666_NCT00328172	3.0	mg/kg	oral	db/db	Mice	female	12.0	genetic		38.5	1+every1days	42.0	42.0	ADULT,OLDER_ADULT	PHASE2	54.0	Linagliptin	5.0	1+every1days	84.0	84.0	420.0	-0.28
PMC6701666_NCT00328172	3.0	mg/kg	oral	db/db	Mice	female	12.0	genetic		38.5	1+every1days	42.0	42.0	ADULT,OLDER_ADULT	PHASE2	57.0	Linagliptin	0.5	1+every1days	84.0	84.0	42.0	0.04
PMC7598587_NCT00328172	200.0	mg/kg	oral	C57BL/6N	Mice	male	8.0	high-fat diet+streptozotocin		38.5	1+every1days	28.0	28.0	ADULT,OLDER_ADULT	PHASE2	65.0	Metformin		Unknown	84.0			1.17
PMC4726511_NCT00328172	10.0	mg/kg	oral	db/db	Mice	Unknown	5.0	genetic		42.0	1+every1days	28.0	28.0	ADULT,OLDER_ADULT	PHASE2	65.0	Metformin		Unknown	84.0			-0.08000000000000007
PMC5485244_NCT00328172	500.0	mg/kg	oral	C57BL/6J	Mice	male	16.0	high-fat diet		42.0	1+every1days	84.0	84.0	ADULT,OLDER_ADULT	PHASE2	65.0	Metformin		Unknown	84.0			-0.28
PMC5152931_NCT00328172	0.083	mg/kg	oral	Wistar	Rats	male	22.0	streptozotocin		42.0	Unknown	168.0		ADULT,OLDER_ADULT	PHASE2	55.0	Linagliptin	2.5	1+every1days	84.0	84.0	210.0	1.76
PMC5152931_NCT00328172	0.083	mg/kg	oral	Wistar	Rats	male	22.0	streptozotocin		42.0	Unknown	168.0		ADULT,OLDER_ADULT	PHASE2	54.0	Linagliptin	5.0	1+every1days	84.0	84.0	420.0	1.72
PMC5152931_NCT00328172	0.083	mg/kg	oral	Wistar	Rats	male	22.0	streptozotocin		42.0	Unknown	168.0		ADULT,OLDER_ADULT	PHASE2	57.0	Linagliptin	0.5	1+every1days	84.0	84.0	42.0	2.04
PMC6273299_NCT00328172	200.0	mg/kg	Unknown	Zucker Diabetic Fatty	Rats	male	6.0	high-fat diet		42.0	1+every1days	84.0	84.0	ADULT,OLDER_ADULT	PHASE2	65.0	Metformin		Unknown	84.0			0.62
PMC3327803_NCT00328172	200.0	mg/kg	intraperitoneal	db/db	Mice	male	11.0	genetic		49.0	1+every1days	126.0	126.0	ADULT,OLDER_ADULT	PHASE2	65.0	Metformin		Unknown	84.0			-0.98
PMC3907559_NCT00328172	200.0	mg/kg	oral	Zucker Diabetic Fatty	Rats	male	10.0	genetic		49.0	2+every1days	32.0	64.0	ADULT,OLDER_ADULT	PHASE2	65.0	Metformin		Unknown	84.0			2.32
PMC7381706_NCT00328172	250.0	mg/kg	oral	ob/ob	Mice	male	8.0	genetic		52.5	1+every1days	26.0	26.0	ADULT,OLDER_ADULT	PHASE2	65.0	Metformin		Unknown	84.0			-0.5800000000000001
PMC10203393_NCT00328172	0.2	g/kg	oral	Sprague-Dawley	Rats	male	8.0	high-fat diet+streptozotocin	150.0	52.5	1+every1days	70.0	70.0	ADULT,OLDER_ADULT	PHASE2	65.0	Metformin		Unknown	84.0			4.82
PMC10323656_NCT00328172	200.0	mg/kg	oral gavage	C57BL/6	Mice	male	12.0	high-fat diet+streptozotocin	24.0	56.0	1+every1days	28.0	28.0	ADULT,OLDER_ADULT	PHASE2	65.0	Metformin		Unknown	84.0			0.42000000000000004
PMC3855476_NCT00328172	300.0	mg/kg	oral	db/db	Mice	male	10.0	genetic	44.0	56.0	1+every1days	14.0	14.0	ADULT,OLDER_ADULT	PHASE2	65.0	Metformin		Unknown	84.0			0.019999999999999907
PMC5881648_NCT00328172	200.0	mg/kg	gavage	Sprague-Dawley	Rats	male	10.0	streptozotocin	200.0	56.0	1+every1days	77.0	77.0	ADULT,OLDER_ADULT	PHASE2	65.0	Metformin		Unknown	84.0			2.6199999999999997
PMC4444588_NCT00328172	500.0	mg/kg	intragastric	Sprague-Dawley	Rats	male	7.0	high-fat diet+streptozotocin	190.0	60.0	1+every1days	56.0	56.0	ADULT,OLDER_ADULT	PHASE2	65.0	Metformin		Unknown	84.0			3.32
PMC4444588_NCT00328172	150.0	mg/kg	intragastric	Sprague-Dawley	Rats	male	8.0	high-fat diet+streptozotocin	190.0	60.0	1+every1days	56.0	56.0	ADULT,OLDER_ADULT	PHASE2	65.0	Metformin		Unknown	84.0			0.31999999999999995
PMC4444588_NCT00328172	300.0	mg/kg	intragastric	Sprague-Dawley	Rats	male	8.0	high-fat diet+streptozotocin	190.0	60.0	1+every1days	56.0	56.0	ADULT,OLDER_ADULT	PHASE2	65.0	Metformin		Unknown	84.0			1.3199999999999998
PMC4097088_NCT00328172	300.0	mg/kg	oral	C57BL/6	Mice	Unknown	8.0	high-fat diet		70.0	1+every1days	14.0	14.0	ADULT,OLDER_ADULT	PHASE2	65.0	Metformin		Unknown	84.0			-0.08000000000000007
PMC9457892_NCT00328172	150.0	mg/kg	oral	C57BL/6	Mice	male	8.0	streptozotocin	27.5	70.0	1+every1days	42.0	42.0	ADULT,OLDER_ADULT	PHASE2	65.0	Metformin		Unknown	84.0			3.6199999999999997
PMC8745465_NCT00328172	120.0	mg/kg	oral	Wistar	Rats	male	30.0	high-fat diet+streptozotocin	170.0	70.0	1+every1days	35.0	35.0	ADULT,OLDER_ADULT	PHASE2	65.0	Metformin		Unknown	84.0			0.83
PMC9143250_NCT00357370	1.0	mg/kg	oral	Wistar	Rats	both	6.0	high-fat diet+streptozotocin	215.0		1+every1days	28.0	28.0	ADULT,OLDER_ADULT	PHASE2,PHASE3	23.0	Dapagliflozin	10.0	1+every1days	84.0	84.0	840.0	7.89
PMC9143250_NCT00357370	1.0	mg/kg	oral	Wistar	Rats	both	6.0	high-fat diet+streptozotocin	215.0		1+every1days	28.0	28.0	ADULT,OLDER_ADULT	PHASE2,PHASE3	23.0	Dapagliflozin	20.0	1+every1days	84.0	84.0	1680.0	7.8100000000000005
PMC10308685_NCT00357370	1.0	mg/kg	oral	Zucker Diabetic Fatty	Rats	male	8.0	genetic		112.0	1+every1days	84.0	84.0	ADULT,OLDER_ADULT	PHASE2,PHASE3	23.0	Dapagliflozin	10.0	1+every1days	84.0	84.0	840.0	4.79
PMC10308685_NCT00357370	1.0	mg/kg	oral	Zucker Diabetic Fatty	Rats	male	8.0	genetic		112.0	1+every1days	84.0	84.0	ADULT,OLDER_ADULT	PHASE2,PHASE3	23.0	Dapagliflozin	20.0	1+every1days	84.0	84.0	1680.0	4.710000000000001
PMC4237538_NCT00357370	1.0	mg/kg	oral	ob/ob	Mice	male		genetic	43.0	56.0	1+every1days	28.0	28.0	ADULT,OLDER_ADULT	PHASE2,PHASE3	23.0	Dapagliflozin	10.0	1+every1days	84.0	84.0	840.0	0.7899999999999999
PMC4237538_NCT00357370	1.0	mg/kg	oral	ob/ob	Mice	male		genetic	43.0	56.0	1+every1days	28.0	28.0	ADULT,OLDER_ADULT	PHASE2,PHASE3	23.0	Dapagliflozin	20.0	1+every1days	84.0	84.0	1680.0	0.71
PMC6856656_NCT00357370	1.0	mg/kg	oral	Zucker Diabetic Fatty	Rats	male	8.0	high-fat diet		84.0	1+every1days	63.0	63.0	ADULT,OLDER_ADULT	PHASE2,PHASE3	23.0	Dapagliflozin	10.0	1+every1days	84.0	84.0	840.0	2.29
PMC6856656_NCT00357370	1.0	mg/kg	oral	Zucker Diabetic Fatty	Rats	male	8.0	high-fat diet		84.0	1+every1days	63.0	63.0	ADULT,OLDER_ADULT	PHASE2,PHASE3	23.0	Dapagliflozin	20.0	1+every1days	84.0	84.0	1680.0	2.21
PMC5089752_NCT00357370	1.0	mg/kg	oral	Otsuka Long-Evans Tokushima Fatty	Rats	male	10.0	genetic		98.0	1+every1days	84.0	84.0	ADULT,OLDER_ADULT	PHASE2,PHASE3	23.0	Dapagliflozin	10.0	1+every1days	84.0	84.0	840.0	1.4300000000000002
PMC5089752_NCT00357370	1.0	mg/kg	oral	Otsuka Long-Evans Tokushima Fatty	Rats	male	10.0	genetic		98.0	1+every1days	84.0	84.0	ADULT,OLDER_ADULT	PHASE2,PHASE3	23.0	Dapagliflozin	20.0	1+every1days	84.0	84.0	1680.0	1.35
PMC8953658_NCT00357370	1.0	mg/kg	oral gavage	Zucker Diabetic Fatty	Rats	male	7.0	genetic		98.0	1+every1days	28.0	28.0	ADULT,OLDER_ADULT	PHASE2,PHASE3	23.0	Dapagliflozin	10.0	1+every1days	84.0	84.0	840.0	2.39
PMC8953658_NCT00357370	1.0	mg/kg	oral gavage	Zucker Diabetic Fatty	Rats	male	7.0	genetic		98.0	1+every1days	28.0	28.0	ADULT,OLDER_ADULT	PHASE2,PHASE3	23.0	Dapagliflozin	20.0	1+every1days	84.0	84.0	1680.0	2.31
PMC5485244_NCT00386100	500.0	mg/kg	oral	C57BL/6J	Mice	male	8.0	high-fat diet			1+every1days			ADULT,OLDER_ADULT	PHASE4	294.0	Metformin	500.0	1+every1days	560.0	560.0	280000.0	-0.9600000000000001
PMC5485244_NCT00386100	500.0	mg/kg	oral	C57BL/6J	Mice	male	8.0	high-fat diet			1+every1days			ADULT,OLDER_ADULT	PHASE4	258.0	Metformin	500.0	1+every1days	560.0	560.0	280000.0	-1.02
PMC8657924_NCT00386100	225.0	mg/kg	oral	Kunming	Mice	male	8.0	high-fat diet+streptozotocin	20.0		1+every1days	28.0	28.0	ADULT,OLDER_ADULT	PHASE4	294.0	Metformin	500.0	1+every1days	560.0	560.0	280000.0	2.6399999999999997
PMC8657924_NCT00386100	225.0	mg/kg	oral	Kunming	Mice	male	8.0	high-fat diet+streptozotocin	20.0		1+every1days	28.0	28.0	ADULT,OLDER_ADULT	PHASE4	258.0	Metformin	500.0	1+every1days	560.0	560.0	280000.0	2.58
PMC3462199_NCT00386100	400.0	mg/kg	intraperitoneal	db/db	Mice	male	10.0	genetic	47.5		1+every1days	14.0	14.0	ADULT,OLDER_ADULT	PHASE4	294.0	Metformin	500.0	1+every1days	560.0	560.0	280000.0	-0.9600000000000001
PMC3462199_NCT00386100	400.0	mg/kg	intraperitoneal	db/db	Mice	male	10.0	genetic	47.5		1+every1days	14.0	14.0	ADULT,OLDER_ADULT	PHASE4	258.0	Metformin	500.0	1+every1days	560.0	560.0	280000.0	-1.02
PMC3462199_NCT00386100	400.0	mg/kg	intraperitoneal	db/db	Mice	male	12.0	genetic	47.5		1+every1days	14.0	14.0	ADULT,OLDER_ADULT	PHASE4	294.0	Metformin	500.0	1+every1days	560.0	560.0	280000.0	-1.06
PMC3462199_NCT00386100	400.0	mg/kg	intraperitoneal	db/db	Mice	male	12.0	genetic	47.5		1+every1days	14.0	14.0	ADULT,OLDER_ADULT	PHASE4	258.0	Metformin	500.0	1+every1days	560.0	560.0	280000.0	-1.1199999999999999
PMC9313150_NCT00386100	200.0	mg/kg	oral	Wistar	Rats	male		high-fat diet+streptozotocin	185.0		1+every1days	84.0	84.0	ADULT,OLDER_ADULT	PHASE4	294.0	Metformin	500.0	1+every1days	560.0	560.0	280000.0	0.74
PMC9313150_NCT00386100	200.0	mg/kg	oral	Wistar	Rats	male		high-fat diet+streptozotocin	185.0		1+every1days	84.0	84.0	ADULT,OLDER_ADULT	PHASE4	258.0	Metformin	500.0	1+every1days	560.0	560.0	280000.0	0.6800000000000002
PMC7092631_NCT00386100	200.0	mg/kg	intragastric	Wistar	Rats	male	10.0	high-fat diet+streptozotocin	200.0		1+every1days	28.0	28.0	ADULT,OLDER_ADULT	PHASE4	294.0	Metformin	500.0	1+every1days	560.0	560.0	280000.0	-0.5400000000000001
PMC7092631_NCT00386100	200.0	mg/kg	intragastric	Wistar	Rats	male	10.0	high-fat diet+streptozotocin	200.0		1+every1days	28.0	28.0	ADULT,OLDER_ADULT	PHASE4	258.0	Metformin	500.0	1+every1days	560.0	560.0	280000.0	-0.6
PMC8800605_NCT00386100	60.0	mg/kg	oral	Wistar	Rats	male	12.0	high-fat diet+streptozotocin	176.8		1+every1days	14.0	14.0	ADULT,OLDER_ADULT	PHASE4	294.0	Metformin	500.0	1+every1days	560.0	560.0	280000.0	-1.1500000000000001
PMC8800605_NCT00386100	60.0	mg/kg	oral	Wistar	Rats	male	12.0	high-fat diet+streptozotocin	176.8		1+every1days	14.0	14.0	ADULT,OLDER_ADULT	PHASE4	258.0	Metformin	500.0	1+every1days	560.0	560.0	280000.0	-1.21
PMC4826921_NCT00386100	200.0	mg/kg	oral	Wistar	Rats	male	20.0	high-fat diet	110.0		1+every1days	60.0	60.0	ADULT,OLDER_ADULT	PHASE4	294.0	Metformin	500.0	1+every1days	560.0	560.0	280000.0	0.24
PMC4826921_NCT00386100	200.0	mg/kg	oral	Wistar	Rats	male	20.0	high-fat diet	110.0		1+every1days	60.0	60.0	ADULT,OLDER_ADULT	PHASE4	258.0	Metformin	500.0	1+every1days	560.0	560.0	280000.0	0.18000000000000016
PMC7034448_NCT00386100	500.0	mg/kg	oral	Wistar	Rats	male	6.0	high-fat diet+streptozotocin	190.0		1+every1days	30.0	30.0	ADULT,OLDER_ADULT	PHASE4	294.0	Metformin	500.0	1+every1days	560.0	560.0	280000.0	3.7399999999999993
PMC7034448_NCT00386100	500.0	mg/kg	oral	Wistar	Rats	male	6.0	high-fat diet+streptozotocin	190.0		1+every1days	30.0	30.0	ADULT,OLDER_ADULT	PHASE4	258.0	Metformin	500.0	1+every1days	560.0	560.0	280000.0	3.6799999999999997
PMC4884299_NCT00386100	150.0	mg/kg	oral	Wistar	Rats	male	6.0	streptozotocin+nicotinamide	280.0		1+every1days	42.0	42.0	ADULT,OLDER_ADULT	PHASE4	294.0	Metformin	500.0	1+every1days	560.0	560.0	280000.0	0.9799999999999998
PMC4884299_NCT00386100	150.0	mg/kg	oral	Wistar	Rats	male	6.0	streptozotocin+nicotinamide	280.0		1+every1days	42.0	42.0	ADULT,OLDER_ADULT	PHASE4	258.0	Metformin	500.0	1+every1days	560.0	560.0	280000.0	0.9199999999999999
PMC9953164_NCT00386100	200.0	mg/kg	Unknown	Wistar	Rats	male	8.0	high-fat diet+streptozotocin	185.0		1+every1days	84.0	84.0	ADULT,OLDER_ADULT	PHASE4	294.0	Metformin	500.0	1+every1days	560.0	560.0	280000.0	1.14
PMC9953164_NCT00386100	200.0	mg/kg	Unknown	Wistar	Rats	male	8.0	high-fat diet+streptozotocin	185.0		1+every1days	84.0	84.0	ADULT,OLDER_ADULT	PHASE4	258.0	Metformin	500.0	1+every1days	560.0	560.0	280000.0	1.08
PMC9681650_NCT00386100	60.0	mg/kg	oral	Wistar	Rats	male	12.0	high-fat diet+streptozotocin	176.8	120.0	1+every1days	14.0	14.0	ADULT,OLDER_ADULT	PHASE4	294.0	Metformin	500.0	1+every1days	560.0	560.0	280000.0	-1.26
PMC9681650_NCT00386100	60.0	mg/kg	oral	Wistar	Rats	male	12.0	high-fat diet+streptozotocin	176.8	120.0	1+every1days	14.0	14.0	ADULT,OLDER_ADULT	PHASE4	258.0	Metformin	500.0	1+every1days	560.0	560.0	280000.0	-1.3199999999999998
PMC4423537_NCT00386100	300.0	mg/kg	oral	Otsuka Long-Evans Tokushima Fatty	Rats	male	14.0	genetic		140.0	1+every1days	84.0	84.0	ADULT,OLDER_ADULT	PHASE4	294.0	Metformin	500.0	1+every1days	560.0	560.0	280000.0	0.24
PMC4423537_NCT00386100	300.0	mg/kg	oral	Otsuka Long-Evans Tokushima Fatty	Rats	male	14.0	genetic		140.0	1+every1days	84.0	84.0	ADULT,OLDER_ADULT	PHASE4	258.0	Metformin	500.0	1+every1days	560.0	560.0	280000.0	0.18000000000000016
PMC9470898_NCT00386100	0.1	% (w/w)	oral	NONcNZO10/LtJ	Mice	male	10.0	genetic		147.0	Unknown	126.0		ADULT,OLDER_ADULT	PHASE4	294.0	Metformin	500.0	1+every1days	560.0	560.0	280000.0	-0.8600000000000001
PMC9470898_NCT00386100	0.1	% (w/w)	oral	NONcNZO10/LtJ	Mice	male	10.0	genetic		147.0	Unknown	126.0		ADULT,OLDER_ADULT	PHASE4	258.0	Metformin	500.0	1+every1days	560.0	560.0	280000.0	-0.9199999999999999
PMC5840580_NCT00386100	300.0	mg/kg	oral	Otsuka Long-Evans Tokushima Fatty	Rats	male	6.0	high-fat diet		168.0	1+every1days	84.0	84.0	ADULT,OLDER_ADULT	PHASE4	294.0	Metformin	500.0	1+every1days	560.0	560.0	280000.0	0.1399999999999999
PMC5840580_NCT00386100	300.0	mg/kg	oral	Otsuka Long-Evans Tokushima Fatty	Rats	male	6.0	high-fat diet		168.0	1+every1days	84.0	84.0	ADULT,OLDER_ADULT	PHASE4	258.0	Metformin	500.0	1+every1days	560.0	560.0	280000.0	0.08000000000000007
PMC3465985_NCT00386100	350.0	mg/kg	oral	Spontaneously Diabetic Torii	Rats	male	10.0	genetic		175.0	1+every1days	119.0	119.0	ADULT,OLDER_ADULT	PHASE4	294.0	Metformin	500.0	1+every1days	560.0	560.0	280000.0	-0.050000000000000044
PMC3465985_NCT00386100	350.0	mg/kg	oral	Spontaneously Diabetic Torii	Rats	male	10.0	genetic		175.0	1+every1days	119.0	119.0	ADULT,OLDER_ADULT	PHASE4	258.0	Metformin	500.0	1+every1days	560.0	560.0	280000.0	-0.10999999999999988
PMC5319739_NCT00386100	50.0	mg/kg	gastric intubation	Psammomys obesus	Gerbillinae	male	30.0	high-fat diet	100.0	240.0	1+every1days	84.0	84.0	ADULT,OLDER_ADULT	PHASE4	294.0	Metformin	500.0	1+every1days	560.0	560.0	280000.0	2.84
PMC5319739_NCT00386100	50.0	mg/kg	gastric intubation	Psammomys obesus	Gerbillinae	male	30.0	high-fat diet	100.0	240.0	1+every1days	84.0	84.0	ADULT,OLDER_ADULT	PHASE4	258.0	Metformin	500.0	1+every1days	560.0	560.0	280000.0	2.7800000000000002
PMC9698742_NCT00386100	200.0	mg/kg	oral	Wistar	Rats	male	5.0	streptozotocin	225.0	270.0	1+every1days	45.0	45.0	ADULT,OLDER_ADULT	PHASE4	294.0	Metformin	500.0	1+every1days	560.0	560.0	280000.0	1.24
PMC9698742_NCT00386100	200.0	mg/kg	oral	Wistar	Rats	male	5.0	streptozotocin	225.0	270.0	1+every1days	45.0	45.0	ADULT,OLDER_ADULT	PHASE4	258.0	Metformin	500.0	1+every1days	560.0	560.0	280000.0	1.1800000000000002
PMC7727825_NCT00386100	200.0	mg/kg	oral	C57BLKS/J-db/db	Mice	male	8.0	genetic		35.0	1+every1days	63.0	63.0	ADULT,OLDER_ADULT	PHASE4	294.0	Metformin	500.0	1+every1days	560.0	560.0	280000.0	1.64
PMC7727825_NCT00386100	200.0	mg/kg	oral	C57BLKS/J-db/db	Mice	male	8.0	genetic		35.0	1+every1days	63.0	63.0	ADULT,OLDER_ADULT	PHASE4	258.0	Metformin	500.0	1+every1days	560.0	560.0	280000.0	1.58
PMC7598587_NCT00386100	200.0	mg/kg	oral	C57BL/6N	Mice	male	8.0	high-fat diet+streptozotocin		38.5	1+every1days	28.0	28.0	ADULT,OLDER_ADULT	PHASE4	294.0	Metformin	500.0	1+every1days	560.0	560.0	280000.0	0.49
PMC7598587_NCT00386100	200.0	mg/kg	oral	C57BL/6N	Mice	male	8.0	high-fat diet+streptozotocin		38.5	1+every1days	28.0	28.0	ADULT,OLDER_ADULT	PHASE4	258.0	Metformin	500.0	1+every1days	560.0	560.0	280000.0	0.43000000000000016
PMC4726511_NCT00386100	10.0	mg/kg	oral	db/db	Mice	Unknown	5.0	genetic		42.0	1+every1days	28.0	28.0	ADULT,OLDER_ADULT	PHASE4	294.0	Metformin	500.0	1+every1days	560.0	560.0	280000.0	-0.7600000000000001
PMC4726511_NCT00386100	10.0	mg/kg	oral	db/db	Mice	Unknown	5.0	genetic		42.0	1+every1days	28.0	28.0	ADULT,OLDER_ADULT	PHASE4	258.0	Metformin	500.0	1+every1days	560.0	560.0	280000.0	-0.82
PMC5485244_NCT00386100	500.0	mg/kg	oral	C57BL/6J	Mice	male	16.0	high-fat diet		42.0	1+every1days	84.0	84.0	ADULT,OLDER_ADULT	PHASE4	294.0	Metformin	500.0	1+every1days	560.0	560.0	280000.0	-0.9600000000000001
PMC5485244_NCT00386100	500.0	mg/kg	oral	C57BL/6J	Mice	male	16.0	high-fat diet		42.0	1+every1days	84.0	84.0	ADULT,OLDER_ADULT	PHASE4	258.0	Metformin	500.0	1+every1days	560.0	560.0	280000.0	-1.02
PMC6273299_NCT00386100	200.0	mg/kg	Unknown	Zucker Diabetic Fatty	Rats	male	6.0	high-fat diet		42.0	1+every1days	84.0	84.0	ADULT,OLDER_ADULT	PHASE4	294.0	Metformin	500.0	1+every1days	560.0	560.0	280000.0	-0.06000000000000005
PMC6273299_NCT00386100	200.0	mg/kg	Unknown	Zucker Diabetic Fatty	Rats	male	6.0	high-fat diet		42.0	1+every1days	84.0	84.0	ADULT,OLDER_ADULT	PHASE4	258.0	Metformin	500.0	1+every1days	560.0	560.0	280000.0	-0.11999999999999988
PMC3327803_NCT00386100	200.0	mg/kg	intraperitoneal	db/db	Mice	male	11.0	genetic		49.0	1+every1days	126.0	126.0	ADULT,OLDER_ADULT	PHASE4	294.0	Metformin	500.0	1+every1days	560.0	560.0	280000.0	-1.6600000000000001
PMC3327803_NCT00386100	200.0	mg/kg	intraperitoneal	db/db	Mice	male	11.0	genetic		49.0	1+every1days	126.0	126.0	ADULT,OLDER_ADULT	PHASE4	258.0	Metformin	500.0	1+every1days	560.0	560.0	280000.0	-1.72
PMC3907559_NCT00386100	200.0	mg/kg	oral	Zucker Diabetic Fatty	Rats	male	10.0	genetic		49.0	2+every1days	32.0	64.0	ADULT,OLDER_ADULT	PHASE4	294.0	Metformin	500.0	1+every1days	560.0	560.0	280000.0	1.64
PMC3907559_NCT00386100	200.0	mg/kg	oral	Zucker Diabetic Fatty	Rats	male	10.0	genetic		49.0	2+every1days	32.0	64.0	ADULT,OLDER_ADULT	PHASE4	258.0	Metformin	500.0	1+every1days	560.0	560.0	280000.0	1.58
PMC7381706_NCT00386100	250.0	mg/kg	oral	ob/ob	Mice	male	8.0	genetic		52.5	1+every1days	26.0	26.0	ADULT,OLDER_ADULT	PHASE4	294.0	Metformin	500.0	1+every1days	560.0	560.0	280000.0	-1.26
PMC7381706_NCT00386100	250.0	mg/kg	oral	ob/ob	Mice	male	8.0	genetic		52.5	1+every1days	26.0	26.0	ADULT,OLDER_ADULT	PHASE4	258.0	Metformin	500.0	1+every1days	560.0	560.0	280000.0	-1.3199999999999998
PMC10203393_NCT00386100	0.2	g/kg	oral	Sprague-Dawley	Rats	male	8.0	high-fat diet+streptozotocin	150.0	52.5	1+every1days	70.0	70.0	ADULT,OLDER_ADULT	PHASE4	294.0	Metformin	500.0	1+every1days	560.0	560.0	280000.0	4.14
PMC10203393_NCT00386100	0.2	g/kg	oral	Sprague-Dawley	Rats	male	8.0	high-fat diet+streptozotocin	150.0	52.5	1+every1days	70.0	70.0	ADULT,OLDER_ADULT	PHASE4	258.0	Metformin	500.0	1+every1days	560.0	560.0	280000.0	4.08
PMC10323656_NCT00386100	200.0	mg/kg	oral gavage	C57BL/6	Mice	male	12.0	high-fat diet+streptozotocin	24.0	56.0	1+every1days	28.0	28.0	ADULT,OLDER_ADULT	PHASE4	294.0	Metformin	500.0	1+every1days	560.0	560.0	280000.0	-0.26
PMC10323656_NCT00386100	200.0	mg/kg	oral gavage	C57BL/6	Mice	male	12.0	high-fat diet+streptozotocin	24.0	56.0	1+every1days	28.0	28.0	ADULT,OLDER_ADULT	PHASE4	258.0	Metformin	500.0	1+every1days	560.0	560.0	280000.0	-0.31999999999999984
PMC3855476_NCT00386100	300.0	mg/kg	oral	db/db	Mice	male	10.0	genetic	44.0	56.0	1+every1days	14.0	14.0	ADULT,OLDER_ADULT	PHASE4	294.0	Metformin	500.0	1+every1days	560.0	560.0	280000.0	-0.6600000000000001
PMC3855476_NCT00386100	300.0	mg/kg	oral	db/db	Mice	male	10.0	genetic	44.0	56.0	1+every1days	14.0	14.0	ADULT,OLDER_ADULT	PHASE4	258.0	Metformin	500.0	1+every1days	560.0	560.0	280000.0	-0.72
PMC5881648_NCT00386100	200.0	mg/kg	gavage	Sprague-Dawley	Rats	male	10.0	streptozotocin	200.0	56.0	1+every1days	77.0	77.0	ADULT,OLDER_ADULT	PHASE4	294.0	Metformin	500.0	1+every1days	560.0	560.0	280000.0	1.9399999999999997
PMC5881648_NCT00386100	200.0	mg/kg	gavage	Sprague-Dawley	Rats	male	10.0	streptozotocin	200.0	56.0	1+every1days	77.0	77.0	ADULT,OLDER_ADULT	PHASE4	258.0	Metformin	500.0	1+every1days	560.0	560.0	280000.0	1.88
PMC4444588_NCT00386100	500.0	mg/kg	intragastric	Sprague-Dawley	Rats	male	7.0	high-fat diet+streptozotocin	190.0	60.0	1+every1days	56.0	56.0	ADULT,OLDER_ADULT	PHASE4	294.0	Metformin	500.0	1+every1days	560.0	560.0	280000.0	2.6399999999999997
PMC4444588_NCT00386100	500.0	mg/kg	intragastric	Sprague-Dawley	Rats	male	7.0	high-fat diet+streptozotocin	190.0	60.0	1+every1days	56.0	56.0	ADULT,OLDER_ADULT	PHASE4	258.0	Metformin	500.0	1+every1days	560.0	560.0	280000.0	2.58
PMC4444588_NCT00386100	150.0	mg/kg	intragastric	Sprague-Dawley	Rats	male	8.0	high-fat diet+streptozotocin	190.0	60.0	1+every1days	56.0	56.0	ADULT,OLDER_ADULT	PHASE4	294.0	Metformin	500.0	1+every1days	560.0	560.0	280000.0	-0.3600000000000001
PMC4444588_NCT00386100	300.0	mg/kg	intragastric	Sprague-Dawley	Rats	male	8.0	high-fat diet+streptozotocin	190.0	60.0	1+every1days	56.0	56.0	ADULT,OLDER_ADULT	PHASE4	294.0	Metformin	500.0	1+every1days	560.0	560.0	280000.0	0.6399999999999999
PMC4444588_NCT00386100	150.0	mg/kg	intragastric	Sprague-Dawley	Rats	male	8.0	high-fat diet+streptozotocin	190.0	60.0	1+every1days	56.0	56.0	ADULT,OLDER_ADULT	PHASE4	258.0	Metformin	500.0	1+every1days	560.0	560.0	280000.0	-0.41999999999999993
PMC4444588_NCT00386100	300.0	mg/kg	intragastric	Sprague-Dawley	Rats	male	8.0	high-fat diet+streptozotocin	190.0	60.0	1+every1days	56.0	56.0	ADULT,OLDER_ADULT	PHASE4	258.0	Metformin	500.0	1+every1days	560.0	560.0	280000.0	0.5800000000000001
PMC4097088_NCT00386100	300.0	mg/kg	oral	C57BL/6	Mice	Unknown	8.0	high-fat diet		70.0	1+every1days	14.0	14.0	ADULT,OLDER_ADULT	PHASE4	294.0	Metformin	500.0	1+every1days	560.0	560.0	280000.0	-0.7600000000000001
PMC4097088_NCT00386100	300.0	mg/kg	oral	C57BL/6	Mice	Unknown	8.0	high-fat diet		70.0	1+every1days	14.0	14.0	ADULT,OLDER_ADULT	PHASE4	258.0	Metformin	500.0	1+every1days	560.0	560.0	280000.0	-0.82
PMC9457892_NCT00386100	150.0	mg/kg	oral	C57BL/6	Mice	male	8.0	streptozotocin	27.5	70.0	1+every1days	42.0	42.0	ADULT,OLDER_ADULT	PHASE4	294.0	Metformin	500.0	1+every1days	560.0	560.0	280000.0	2.9399999999999995
PMC9457892_NCT00386100	150.0	mg/kg	oral	C57BL/6	Mice	male	8.0	streptozotocin	27.5	70.0	1+every1days	42.0	42.0	ADULT,OLDER_ADULT	PHASE4	258.0	Metformin	500.0	1+every1days	560.0	560.0	280000.0	2.88
PMC8745465_NCT00386100	120.0	mg/kg	oral	Wistar	Rats	male	30.0	high-fat diet+streptozotocin	170.0	70.0	1+every1days	35.0	35.0	ADULT,OLDER_ADULT	PHASE4	294.0	Metformin	500.0	1+every1days	560.0	560.0	280000.0	0.1499999999999999
PMC8745465_NCT00386100	120.0	mg/kg	oral	Wistar	Rats	male	30.0	high-fat diet+streptozotocin	170.0	70.0	1+every1days	35.0	35.0	ADULT,OLDER_ADULT	PHASE4	258.0	Metformin	500.0	1+every1days	560.0	560.0	280000.0	0.09000000000000008
PMC4000968_NCT00411554	10.0	mg/kg	oral	Zucker Diabetic Fatty	Rats	Unknown	7.0	genetic		140.0	1+every1days	42.0	42.0	ADULT,OLDER_ADULT	PHASE3	155.0	Sitagliptin Phosphate	50.0	1+every1days	84.0	84.0	4200.0	0.51
PMC3998187_NCT00411554	10.0	mg/kg	oral	Zucker Diabetic Fatty	Rats	male	5.0	genetic		140.0	1+every1days	42.0	42.0	ADULT,OLDER_ADULT	PHASE3	155.0	Sitagliptin Phosphate	50.0	1+every1days	84.0	84.0	4200.0	1.3
PMC2905949_NCT00411554	10.0	mg/kg	oral	Zucker Diabetic Fatty	Rats	male	8.0	genetic		140.0	1+every1days	42.0	42.0	ADULT,OLDER_ADULT	PHASE3	155.0	Sitagliptin Phosphate	50.0	1+every1days	84.0	84.0	4200.0	-0.69
PMC3235777_NCT00411554	10.0	mg/kg	oral	Zucker Diabetic Fatty	Rats	male	8.0	genetic		140.0	1+every1days	42.0	42.0	ADULT,OLDER_ADULT	PHASE3	155.0	Sitagliptin Phosphate	50.0	1+every1days	84.0	84.0	4200.0	1.08
PMC4514850_NCT00411554	100.0	mg/kg	oral	ICR	Mice	male	8.0	high-fat diet+streptozotocin		35.0	1+every1days	56.0	56.0	ADULT,OLDER_ADULT	PHASE3	155.0	Sitagliptin Phosphate	50.0	1+every1days	84.0	84.0	4200.0	0.6000000000000001
PMC3660563_NCT00411554	1.0	mg/kg	oral	C57BLKS/J-db/db	Mice	male		genetic		42.0	1+every1days	42.0	42.0	ADULT,OLDER_ADULT	PHASE3	155.0	Sitagliptin Phosphate	50.0	1+every1days	84.0	84.0	4200.0	0.10000000000000009
PMC4514850_NCT00411554	100.0	mg/kg	oral	db/db	Mice	male	5.0	genetic		56.0	1+every1days	28.0	28.0	ADULT,OLDER_ADULT	PHASE3	155.0	Sitagliptin Phosphate	50.0	1+every1days	84.0	84.0	4200.0	0.20000000000000007
PMC9786790_NCT00411554	1.0	mg/kg	intragastric	KK-Ay	Mice	male	8.0	high-fat diet	30.0	98.0	1+every1days	56.0	56.0	ADULT,OLDER_ADULT	PHASE3	146.0	Voglibose	0.2	3+every1days	84.0	252.0	50.400000000000006	0.7
PMC5089752_NCT00411554	0.6	mg/kg	oral	Otsuka Long-Evans Tokushima Fatty	Rats	male	10.0	genetic		98.0	1+every1days	84.0	84.0	ADULT,OLDER_ADULT	PHASE3	146.0	Voglibose	0.2	3+every1days	84.0	252.0	50.400000000000006	1.5799999999999998
PMC5485244_NCT00449930	500.0	mg/kg	oral	C57BL/6J	Mice	male	8.0	high-fat diet			1+every1days			ADULT,OLDER_ADULT	PHASE3	439.0	Metformin	500.0	1+every1days	168.0	168.0	84000.0	-0.16999999999999993
PMC8657924_NCT00449930	225.0	mg/kg	oral	Kunming	Mice	male	8.0	high-fat diet+streptozotocin	20.0		1+every1days	28.0	28.0	ADULT,OLDER_ADULT	PHASE3	439.0	Metformin	500.0	1+every1days	168.0	168.0	84000.0	3.43
PMC3462199_NCT00449930	400.0	mg/kg	intraperitoneal	db/db	Mice	male	10.0	genetic	47.5		1+every1days	14.0	14.0	ADULT,OLDER_ADULT	PHASE3	439.0	Metformin	500.0	1+every1days	168.0	168.0	84000.0	-0.16999999999999993
PMC3462199_NCT00449930	400.0	mg/kg	intraperitoneal	db/db	Mice	male	12.0	genetic	47.5		1+every1days	14.0	14.0	ADULT,OLDER_ADULT	PHASE3	439.0	Metformin	500.0	1+every1days	168.0	168.0	84000.0	-0.26999999999999996
PMC9313150_NCT00449930	200.0	mg/kg	oral	Wistar	Rats	male		high-fat diet+streptozotocin	185.0		1+every1days	84.0	84.0	ADULT,OLDER_ADULT	PHASE3	439.0	Metformin	500.0	1+every1days	168.0	168.0	84000.0	1.5300000000000002
PMC7092631_NCT00449930	200.0	mg/kg	intragastric	Wistar	Rats	male	10.0	high-fat diet+streptozotocin	200.0		1+every1days	28.0	28.0	ADULT,OLDER_ADULT	PHASE3	439.0	Metformin	500.0	1+every1days	168.0	168.0	84000.0	0.25
PMC8800605_NCT00449930	60.0	mg/kg	oral	Wistar	Rats	male	12.0	high-fat diet+streptozotocin	176.8		1+every1days	14.0	14.0	ADULT,OLDER_ADULT	PHASE3	439.0	Metformin	500.0	1+every1days	168.0	168.0	84000.0	-0.36
PMC4826921_NCT00449930	200.0	mg/kg	oral	Wistar	Rats	male	20.0	high-fat diet	110.0		1+every1days	60.0	60.0	ADULT,OLDER_ADULT	PHASE3	439.0	Metformin	500.0	1+every1days	168.0	168.0	84000.0	1.0300000000000002
PMC7034448_NCT00449930	500.0	mg/kg	oral	Wistar	Rats	male	6.0	high-fat diet+streptozotocin	190.0		1+every1days	30.0	30.0	ADULT,OLDER_ADULT	PHASE3	439.0	Metformin	500.0	1+every1days	168.0	168.0	84000.0	4.529999999999999
PMC4884299_NCT00449930	150.0	mg/kg	oral	Wistar	Rats	male	6.0	streptozotocin+nicotinamide	280.0		1+every1days	42.0	42.0	ADULT,OLDER_ADULT	PHASE3	439.0	Metformin	500.0	1+every1days	168.0	168.0	84000.0	1.77
PMC9953164_NCT00449930	200.0	mg/kg	Unknown	Wistar	Rats	male	8.0	high-fat diet+streptozotocin	185.0		1+every1days	84.0	84.0	ADULT,OLDER_ADULT	PHASE3	439.0	Metformin	500.0	1+every1days	168.0	168.0	84000.0	1.9300000000000002
PMC9681650_NCT00449930	60.0	mg/kg	oral	Wistar	Rats	male	12.0	high-fat diet+streptozotocin	176.8	120.0	1+every1days	14.0	14.0	ADULT,OLDER_ADULT	PHASE3	439.0	Metformin	500.0	1+every1days	168.0	168.0	84000.0	-0.47
PMC4000968_NCT00449930	10.0	mg/kg	oral	Zucker Diabetic Fatty	Rats	Unknown	7.0	genetic		140.0	1+every1days	42.0	42.0	ADULT,OLDER_ADULT	PHASE3	455.0	Sitagliptin Phosphate	100.0	1+every1days	168.0	168.0	16800.0	0.78
PMC4423537_NCT00449930	300.0	mg/kg	oral	Otsuka Long-Evans Tokushima Fatty	Rats	male	14.0	genetic		140.0	1+every1days	84.0	84.0	ADULT,OLDER_ADULT	PHASE3	439.0	Metformin	500.0	1+every1days	168.0	168.0	84000.0	1.0300000000000002
PMC3998187_NCT00449930	10.0	mg/kg	oral	Zucker Diabetic Fatty	Rats	male	5.0	genetic		140.0	1+every1days	42.0	42.0	ADULT,OLDER_ADULT	PHASE3	455.0	Sitagliptin Phosphate	100.0	1+every1days	168.0	168.0	16800.0	1.57
PMC2905949_NCT00449930	10.0	mg/kg	oral	Zucker Diabetic Fatty	Rats	male	8.0	genetic		140.0	1+every1days	42.0	42.0	ADULT,OLDER_ADULT	PHASE3	455.0	Sitagliptin Phosphate	100.0	1+every1days	168.0	168.0	16800.0	-0.42
PMC3235777_NCT00449930	10.0	mg/kg	oral	Zucker Diabetic Fatty	Rats	male	8.0	genetic		140.0	1+every1days	42.0	42.0	ADULT,OLDER_ADULT	PHASE3	455.0	Sitagliptin Phosphate	100.0	1+every1days	168.0	168.0	16800.0	1.35
PMC9470898_NCT00449930	0.1	% (w/w)	oral	NONcNZO10/LtJ	Mice	male	10.0	genetic		147.0	Unknown	126.0		ADULT,OLDER_ADULT	PHASE3	439.0	Metformin	500.0	1+every1days	168.0	168.0	84000.0	-0.06999999999999995
PMC5840580_NCT00449930	300.0	mg/kg	oral	Otsuka Long-Evans Tokushima Fatty	Rats	male	6.0	high-fat diet		168.0	1+every1days	84.0	84.0	ADULT,OLDER_ADULT	PHASE3	439.0	Metformin	500.0	1+every1days	168.0	168.0	84000.0	0.93
PMC3465985_NCT00449930	350.0	mg/kg	oral	Spontaneously Diabetic Torii	Rats	male	10.0	genetic		175.0	1+every1days	119.0	119.0	ADULT,OLDER_ADULT	PHASE3	439.0	Metformin	500.0	1+every1days	168.0	168.0	84000.0	0.7400000000000001
PMC5319739_NCT00449930	50.0	mg/kg	gastric intubation	Psammomys obesus	Gerbillinae	male	30.0	high-fat diet	100.0	240.0	1+every1days	84.0	84.0	ADULT,OLDER_ADULT	PHASE3	439.0	Metformin	500.0	1+every1days	168.0	168.0	84000.0	3.6300000000000003
PMC9698742_NCT00449930	200.0	mg/kg	oral	Wistar	Rats	male	5.0	streptozotocin	225.0	270.0	1+every1days	45.0	45.0	ADULT,OLDER_ADULT	PHASE3	439.0	Metformin	500.0	1+every1days	168.0	168.0	84000.0	2.0300000000000002
PMC7727825_NCT00449930	200.0	mg/kg	oral	C57BLKS/J-db/db	Mice	male	8.0	genetic		35.0	1+every1days	63.0	63.0	ADULT,OLDER_ADULT	PHASE3	439.0	Metformin	500.0	1+every1days	168.0	168.0	84000.0	2.43
PMC4514850_NCT00449930	100.0	mg/kg	oral	ICR	Mice	male	8.0	high-fat diet+streptozotocin		35.0	1+every1days	56.0	56.0	ADULT,OLDER_ADULT	PHASE3	455.0	Sitagliptin Phosphate	100.0	1+every1days	168.0	168.0	16800.0	0.8700000000000001
PMC7598587_NCT00449930	200.0	mg/kg	oral	C57BL/6N	Mice	male	8.0	high-fat diet+streptozotocin		38.5	1+every1days	28.0	28.0	ADULT,OLDER_ADULT	PHASE3	439.0	Metformin	500.0	1+every1days	168.0	168.0	84000.0	1.2800000000000002
PMC4726511_NCT00449930	10.0	mg/kg	oral	db/db	Mice	Unknown	5.0	genetic		42.0	1+every1days	28.0	28.0	ADULT,OLDER_ADULT	PHASE3	439.0	Metformin	500.0	1+every1days	168.0	168.0	84000.0	0.030000000000000027
PMC5485244_NCT00449930	500.0	mg/kg	oral	C57BL/6J	Mice	male	16.0	high-fat diet		42.0	1+every1days	84.0	84.0	ADULT,OLDER_ADULT	PHASE3	439.0	Metformin	500.0	1+every1days	168.0	168.0	84000.0	-0.16999999999999993
PMC3660563_NCT00449930	1.0	mg/kg	oral	C57BLKS/J-db/db	Mice	male		genetic		42.0	1+every1days	42.0	42.0	ADULT,OLDER_ADULT	PHASE3	455.0	Sitagliptin Phosphate	100.0	1+every1days	168.0	168.0	16800.0	0.37000000000000005
PMC6273299_NCT00449930	200.0	mg/kg	Unknown	Zucker Diabetic Fatty	Rats	male	6.0	high-fat diet		42.0	1+every1days	84.0	84.0	ADULT,OLDER_ADULT	PHASE3	439.0	Metformin	500.0	1+every1days	168.0	168.0	84000.0	0.7300000000000001
PMC3327803_NCT00449930	200.0	mg/kg	intraperitoneal	db/db	Mice	male	11.0	genetic		49.0	1+every1days	126.0	126.0	ADULT,OLDER_ADULT	PHASE3	439.0	Metformin	500.0	1+every1days	168.0	168.0	84000.0	-0.8699999999999999
PMC3907559_NCT00449930	200.0	mg/kg	oral	Zucker Diabetic Fatty	Rats	male	10.0	genetic		49.0	2+every1days	32.0	64.0	ADULT,OLDER_ADULT	PHASE3	439.0	Metformin	500.0	1+every1days	168.0	168.0	84000.0	2.43
PMC7381706_NCT00449930	250.0	mg/kg	oral	ob/ob	Mice	male	8.0	genetic		52.5	1+every1days	26.0	26.0	ADULT,OLDER_ADULT	PHASE3	439.0	Metformin	500.0	1+every1days	168.0	168.0	84000.0	-0.47
PMC10203393_NCT00449930	0.2	g/kg	oral	Sprague-Dawley	Rats	male	8.0	high-fat diet+streptozotocin	150.0	52.5	1+every1days	70.0	70.0	ADULT,OLDER_ADULT	PHASE3	439.0	Metformin	500.0	1+every1days	168.0	168.0	84000.0	4.93
PMC10323656_NCT00449930	200.0	mg/kg	oral gavage	C57BL/6	Mice	male	12.0	high-fat diet+streptozotocin	24.0	56.0	1+every1days	28.0	28.0	ADULT,OLDER_ADULT	PHASE3	439.0	Metformin	500.0	1+every1days	168.0	168.0	84000.0	0.5300000000000001
PMC3855476_NCT00449930	300.0	mg/kg	oral	db/db	Mice	male	10.0	genetic	44.0	56.0	1+every1days	14.0	14.0	ADULT,OLDER_ADULT	PHASE3	439.0	Metformin	500.0	1+every1days	168.0	168.0	84000.0	0.13
PMC4514850_NCT00449930	100.0	mg/kg	oral	db/db	Mice	male	5.0	genetic		56.0	1+every1days	28.0	28.0	ADULT,OLDER_ADULT	PHASE3	455.0	Sitagliptin Phosphate	100.0	1+every1days	168.0	168.0	16800.0	0.47000000000000003
PMC5881648_NCT00449930	200.0	mg/kg	gavage	Sprague-Dawley	Rats	male	10.0	streptozotocin	200.0	56.0	1+every1days	77.0	77.0	ADULT,OLDER_ADULT	PHASE3	439.0	Metformin	500.0	1+every1days	168.0	168.0	84000.0	2.73
PMC4444588_NCT00449930	500.0	mg/kg	intragastric	Sprague-Dawley	Rats	male	7.0	high-fat diet+streptozotocin	190.0	60.0	1+every1days	56.0	56.0	ADULT,OLDER_ADULT	PHASE3	439.0	Metformin	500.0	1+every1days	168.0	168.0	84000.0	3.43
PMC4444588_NCT00449930	150.0	mg/kg	intragastric	Sprague-Dawley	Rats	male	8.0	high-fat diet+streptozotocin	190.0	60.0	1+every1days	56.0	56.0	ADULT,OLDER_ADULT	PHASE3	439.0	Metformin	500.0	1+every1days	168.0	168.0	84000.0	0.43000000000000005
PMC4444588_NCT00449930	300.0	mg/kg	intragastric	Sprague-Dawley	Rats	male	8.0	high-fat diet+streptozotocin	190.0	60.0	1+every1days	56.0	56.0	ADULT,OLDER_ADULT	PHASE3	439.0	Metformin	500.0	1+every1days	168.0	168.0	84000.0	1.4300000000000002
PMC4097088_NCT00449930	300.0	mg/kg	oral	C57BL/6	Mice	Unknown	8.0	high-fat diet		70.0	1+every1days	14.0	14.0	ADULT,OLDER_ADULT	PHASE3	439.0	Metformin	500.0	1+every1days	168.0	168.0	84000.0	0.030000000000000027
PMC9457892_NCT00449930	150.0	mg/kg	oral	C57BL/6	Mice	male	8.0	streptozotocin	27.5	70.0	1+every1days	42.0	42.0	ADULT,OLDER_ADULT	PHASE3	439.0	Metformin	500.0	1+every1days	168.0	168.0	84000.0	3.73
PMC8745465_NCT00449930	120.0	mg/kg	oral	Wistar	Rats	male	30.0	high-fat diet+streptozotocin	170.0	70.0	1+every1days	35.0	35.0	ADULT,OLDER_ADULT	PHASE3	439.0	Metformin	500.0	1+every1days	168.0	168.0	84000.0	0.9400000000000001
PMC5663708_NCT00484198	36.0	mg/kg	oral	Wistar	Rats	male	6.0	streptozotocin+nicotinamide	180.0		1+every1days	15.0	15.0	ADULT,OLDER_ADULT	PHASE3	728.0	Pioglitazone	45.0	1+every1days	182.0	182.0	8190.0	1.7000000000000002
PMC4743348_NCT00484198	20.0	mg/kg	oral	Wistar	Rats	male	8.0	high-fat diet+streptozotocin	175.0		1+every1days	21.0	21.0	ADULT,OLDER_ADULT	PHASE3	728.0	Pioglitazone	45.0	1+every1days	182.0	182.0	8190.0	4.65
PMC4743348_NCT00484198	20.0	mg/kg	oral	Wistar	Rats	male	8.0	streptozotocin	175.0		1+every1days	21.0	21.0	ADULT,OLDER_ADULT	PHASE3	728.0	Pioglitazone	45.0	1+every1days	182.0	182.0	8190.0	3.8
PMC6540170_NCT00484198	0.01	% (w/w)	oral	C57BLKS/J-db/db	Mice	male	10.0	genetic		28.0	1+every1days	35.0	35.0	ADULT,OLDER_ADULT	PHASE3	728.0	Pioglitazone	45.0	1+every1days	182.0	182.0	8190.0	3.5999999999999996
PMC6883099_NCT00484198	3.0	mg/kg	oral	KK-Ay	Mice	male	6.0	high-fat diet		49.0	1+every1days	28.0	28.0	ADULT,OLDER_ADULT	PHASE3	728.0	Pioglitazone	45.0	1+every1days	182.0	182.0	8190.0	-0.42
PMC6883099_NCT00484198	10.0	mg/kg	oral	KK-Ay	Mice	male	6.0	high-fat diet		49.0	1+every1days	28.0	28.0	ADULT,OLDER_ADULT	PHASE3	728.0	Pioglitazone	45.0	1+every1days	182.0	182.0	8190.0	1.33
PMC6883099_NCT00484198	30.0	mg/kg	oral	KK-Ay	Mice	male	6.0	high-fat diet		49.0	1+every1days	28.0	28.0	ADULT,OLDER_ADULT	PHASE3	728.0	Pioglitazone	45.0	1+every1days	182.0	182.0	8190.0	2.01
PMC4304810_NCT00484198	10.0	mg/kg	oral	Zucker Diabetic Fatty	Rats	male		genetic		49.0	1+every1days	42.0	42.0	ADULT,OLDER_ADULT	PHASE3	728.0	Pioglitazone	45.0	1+every1days	182.0	182.0	8190.0	4.1
PMC3907559_NCT00484198	30.0	mg/kg	oral	Zucker Diabetic Fatty	Rats	male	10.0	genetic		49.0	2+every1days	32.0	64.0	ADULT,OLDER_ADULT	PHASE3	728.0	Pioglitazone	45.0	1+every1days	182.0	182.0	8190.0	3.5
PMC5207690_NCT00484198	4.5	mg/kg	oral	KK-Ay	Mice	male	10.0	high-fat diet		56.0	1+every1days	70.0	70.0	ADULT,OLDER_ADULT	PHASE3	728.0	Pioglitazone	45.0	1+every1days	182.0	182.0	8190.0	0.44999999999999996
PMC5360432_NCT00484198	10.0	mg/kg	oral	ob/ob	Mice	male	7.0	genetic		56.0	2+every1days	28.0	56.0	ADULT,OLDER_ADULT	PHASE3	728.0	Pioglitazone	45.0	1+every1days	182.0	182.0	8190.0	1.1
PMC4457365_NCT00484198	2.5	mg/kg	oral	UCD-T2DM	Rats	male	32.0	genetic		60.0	1+every1days	365.0	365.0	ADULT,OLDER_ADULT	PHASE3	728.0	Pioglitazone	45.0	1+every1days	182.0	182.0	8190.0	1.7000000000000002
PMC4880722_NCT00484198	30.0	mg/kg	oral	Zucker Diabetic Fatty	Rats	male	8.0	genetic		70.0	1+every1days	42.0	42.0	ADULT,OLDER_ADULT	PHASE3	728.0	Pioglitazone	45.0	1+every1days	182.0	182.0	8190.0	2.7
PMC4791042_NCT00484198	32.19	mg/kg	oral	Zucker Diabetic Fatty	Rats	male	9.0	genetic		80.5	1+every1days	49.0	49.0	ADULT,OLDER_ADULT	PHASE3	728.0	Pioglitazone	45.0	1+every1days	182.0	182.0	8190.0	4.0
PMC4000968_NCT00484419	10.0	mg/kg	oral	Zucker Diabetic Fatty	Rats	Unknown	7.0	genetic		140.0	1+every1days	42.0	42.0	ADULT,OLDER_ADULT	PHASE3	55.0	Sitagliptin Phosphate	100.0	1+every1days	112.0	112.0	11200.0	0.83
PMC4000968_NCT00484419	10.0	mg/kg	oral	Zucker Diabetic Fatty	Rats	Unknown	7.0	genetic		140.0	1+every1days	42.0	42.0	ADULT,OLDER_ADULT	PHASE3	48.0	Sitagliptin Phosphate	100.0	1+every1days	56.0	56.0	5600.0	0.73
PMC4000968_NCT00484419	10.0	mg/kg	oral	Zucker Diabetic Fatty	Rats	Unknown	7.0	genetic		140.0	1+every1days	42.0	42.0	ADULT,OLDER_ADULT	PHASE3	43.0	Sitagliptin Phosphate	100.0	1+every1days	112.0	112.0	11200.0	0.6499999999999999
PMC3998187_NCT00484419	10.0	mg/kg	oral	Zucker Diabetic Fatty	Rats	male	5.0	genetic		140.0	1+every1days	42.0	42.0	ADULT,OLDER_ADULT	PHASE3	55.0	Sitagliptin Phosphate	100.0	1+every1days	112.0	112.0	11200.0	1.62
PMC3998187_NCT00484419	10.0	mg/kg	oral	Zucker Diabetic Fatty	Rats	male	5.0	genetic		140.0	1+every1days	42.0	42.0	ADULT,OLDER_ADULT	PHASE3	48.0	Sitagliptin Phosphate	100.0	1+every1days	56.0	56.0	5600.0	1.52
PMC3998187_NCT00484419	10.0	mg/kg	oral	Zucker Diabetic Fatty	Rats	male	5.0	genetic		140.0	1+every1days	42.0	42.0	ADULT,OLDER_ADULT	PHASE3	43.0	Sitagliptin Phosphate	100.0	1+every1days	112.0	112.0	11200.0	1.44
PMC2905949_NCT00484419	10.0	mg/kg	oral	Zucker Diabetic Fatty	Rats	male	8.0	genetic		140.0	1+every1days	42.0	42.0	ADULT,OLDER_ADULT	PHASE3	55.0	Sitagliptin Phosphate	100.0	1+every1days	112.0	112.0	11200.0	-0.37
PMC3235777_NCT00484419	10.0	mg/kg	oral	Zucker Diabetic Fatty	Rats	male	8.0	genetic		140.0	1+every1days	42.0	42.0	ADULT,OLDER_ADULT	PHASE3	55.0	Sitagliptin Phosphate	100.0	1+every1days	112.0	112.0	11200.0	1.4
PMC2905949_NCT00484419	10.0	mg/kg	oral	Zucker Diabetic Fatty	Rats	male	8.0	genetic		140.0	1+every1days	42.0	42.0	ADULT,OLDER_ADULT	PHASE3	48.0	Sitagliptin Phosphate	100.0	1+every1days	56.0	56.0	5600.0	-0.47
PMC3235777_NCT00484419	10.0	mg/kg	oral	Zucker Diabetic Fatty	Rats	male	8.0	genetic		140.0	1+every1days	42.0	42.0	ADULT,OLDER_ADULT	PHASE3	48.0	Sitagliptin Phosphate	100.0	1+every1days	56.0	56.0	5600.0	1.3
PMC2905949_NCT00484419	10.0	mg/kg	oral	Zucker Diabetic Fatty	Rats	male	8.0	genetic		140.0	1+every1days	42.0	42.0	ADULT,OLDER_ADULT	PHASE3	43.0	Sitagliptin Phosphate	100.0	1+every1days	112.0	112.0	11200.0	-0.55
PMC3235777_NCT00484419	10.0	mg/kg	oral	Zucker Diabetic Fatty	Rats	male	8.0	genetic		140.0	1+every1days	42.0	42.0	ADULT,OLDER_ADULT	PHASE3	43.0	Sitagliptin Phosphate	100.0	1+every1days	112.0	112.0	11200.0	1.22
PMC4514850_NCT00484419	100.0	mg/kg	oral	ICR	Mice	male	8.0	high-fat diet+streptozotocin		35.0	1+every1days	56.0	56.0	ADULT,OLDER_ADULT	PHASE3	55.0	Sitagliptin Phosphate	100.0	1+every1days	112.0	112.0	11200.0	0.92
PMC4514850_NCT00484419	100.0	mg/kg	oral	ICR	Mice	male	8.0	high-fat diet+streptozotocin		35.0	1+every1days	56.0	56.0	ADULT,OLDER_ADULT	PHASE3	48.0	Sitagliptin Phosphate	100.0	1+every1days	56.0	56.0	5600.0	0.8200000000000001
PMC4514850_NCT00484419	100.0	mg/kg	oral	ICR	Mice	male	8.0	high-fat diet+streptozotocin		35.0	1+every1days	56.0	56.0	ADULT,OLDER_ADULT	PHASE3	43.0	Sitagliptin Phosphate	100.0	1+every1days	112.0	112.0	11200.0	0.74
PMC3660563_NCT00484419	1.0	mg/kg	oral	C57BLKS/J-db/db	Mice	male		genetic		42.0	1+every1days	42.0	42.0	ADULT,OLDER_ADULT	PHASE3	55.0	Sitagliptin Phosphate	100.0	1+every1days	112.0	112.0	11200.0	0.42000000000000004
PMC3660563_NCT00484419	1.0	mg/kg	oral	C57BLKS/J-db/db	Mice	male		genetic		42.0	1+every1days	42.0	42.0	ADULT,OLDER_ADULT	PHASE3	48.0	Sitagliptin Phosphate	100.0	1+every1days	56.0	56.0	5600.0	0.32000000000000006
PMC3660563_NCT00484419	1.0	mg/kg	oral	C57BLKS/J-db/db	Mice	male		genetic		42.0	1+every1days	42.0	42.0	ADULT,OLDER_ADULT	PHASE3	43.0	Sitagliptin Phosphate	100.0	1+every1days	112.0	112.0	11200.0	0.24
PMC9154797_NCT00484419	1.0	mg/kg	Unknown	Sprague-Dawley	Rats	male	10.0	high-fat diet+streptozotocin	200.0	42.0	2+every1days	28.0	56.0	ADULT,OLDER_ADULT	PHASE3	53.0	Rosiglitazone	4.0	Unknown	56.0			1.81
PMC9154797_NCT00484419	1.0	mg/kg	Unknown	Sprague-Dawley	Rats	male	10.0	high-fat diet+streptozotocin	200.0	42.0	2+every1days	28.0	56.0	ADULT,OLDER_ADULT	PHASE3	54.0	Rosiglitazone	4.0	Unknown	112.0			1.42
PMC9154797_NCT00484419	1.0	mg/kg	Unknown	Sprague-Dawley	Rats	male	10.0	high-fat diet+streptozotocin	200.0	42.0	2+every1days	28.0	56.0	ADULT,OLDER_ADULT	PHASE3	51.0	Rosiglitazone	4.0	Unknown	112.0			1.35
PMC3640384_NCT00484419	20.0	mg/kg	oral	C57BLKS/J-db/db	Mice	Unknown	10.0	genetic		49.0	1+every1days	56.0	56.0	ADULT,OLDER_ADULT	PHASE3	53.0	Rosiglitazone	4.0	Unknown	56.0			1.51
PMC3640384_NCT00484419	20.0	mg/kg	oral	C57BLKS/J-db/db	Mice	Unknown	10.0	genetic		49.0	1+every1days	56.0	56.0	ADULT,OLDER_ADULT	PHASE3	54.0	Rosiglitazone	4.0	Unknown	112.0			1.12
PMC3640384_NCT00484419	20.0	mg/kg	oral	C57BLKS/J-db/db	Mice	Unknown	10.0	genetic		49.0	1+every1days	56.0	56.0	ADULT,OLDER_ADULT	PHASE3	51.0	Rosiglitazone	4.0	Unknown	112.0			1.0499999999999998
PMC9101766_NCT00484419	5.0	mg/kg	oral	C57BLKS/J-db/db	Mice	male	8.0	genetic		49.0	1+every1days	42.0	42.0	ADULT,OLDER_ADULT	PHASE3	53.0	Rosiglitazone	4.0	Unknown	56.0			5.029999999999999
PMC9101766_NCT00484419	5.0	mg/kg	oral	C57BLKS/J-db/db	Mice	male	8.0	genetic		49.0	1+every1days	42.0	42.0	ADULT,OLDER_ADULT	PHASE3	54.0	Rosiglitazone	4.0	Unknown	112.0			4.64
PMC9101766_NCT00484419	5.0	mg/kg	oral	C57BLKS/J-db/db	Mice	male	8.0	genetic		49.0	1+every1days	42.0	42.0	ADULT,OLDER_ADULT	PHASE3	51.0	Rosiglitazone	4.0	Unknown	112.0			4.569999999999999
PMC4514850_NCT00484419	100.0	mg/kg	oral	db/db	Mice	male	5.0	genetic		56.0	1+every1days	28.0	28.0	ADULT,OLDER_ADULT	PHASE3	55.0	Sitagliptin Phosphate	100.0	1+every1days	112.0	112.0	11200.0	0.52
PMC4514850_NCT00484419	100.0	mg/kg	oral	db/db	Mice	male	5.0	genetic		56.0	1+every1days	28.0	28.0	ADULT,OLDER_ADULT	PHASE3	48.0	Sitagliptin Phosphate	100.0	1+every1days	56.0	56.0	5600.0	0.42000000000000004
PMC4514850_NCT00484419	100.0	mg/kg	oral	db/db	Mice	male	5.0	genetic		56.0	1+every1days	28.0	28.0	ADULT,OLDER_ADULT	PHASE3	43.0	Sitagliptin Phosphate	100.0	1+every1days	112.0	112.0	11200.0	0.33999999999999997
PMC2953354_NCT00484419	10.0	mg/kg	oral	db/db	Mice	male	6.0	genetic		56.0	1+every1days	18.0	18.0	ADULT,OLDER_ADULT	PHASE3	53.0	Rosiglitazone	4.0	Unknown	56.0			0.79
PMC2953354_NCT00484419	30.0	mg/kg	oral	db/db	Mice	male	6.0	genetic		56.0	1+every1days	18.0	18.0	ADULT,OLDER_ADULT	PHASE3	53.0	Rosiglitazone	4.0	Unknown	56.0			1.19
PMC2953354_NCT00484419	100.0	mg/kg	oral	db/db	Mice	male	6.0	genetic		56.0	1+every1days	18.0	18.0	ADULT,OLDER_ADULT	PHASE3	53.0	Rosiglitazone	4.0	Unknown	56.0			1.4300000000000002
PMC2953354_NCT00484419	10.0	mg/kg	oral	db/db	Mice	male	6.0	genetic		56.0	1+every1days	18.0	18.0	ADULT,OLDER_ADULT	PHASE3	54.0	Rosiglitazone	4.0	Unknown	112.0			0.4
PMC2953354_NCT00484419	30.0	mg/kg	oral	db/db	Mice	male	6.0	genetic		56.0	1+every1days	18.0	18.0	ADULT,OLDER_ADULT	PHASE3	54.0	Rosiglitazone	4.0	Unknown	112.0			0.7999999999999999
PMC2953354_NCT00484419	100.0	mg/kg	oral	db/db	Mice	male	6.0	genetic		56.0	1+every1days	18.0	18.0	ADULT,OLDER_ADULT	PHASE3	54.0	Rosiglitazone	4.0	Unknown	112.0			1.04
PMC2953354_NCT00484419	10.0	mg/kg	oral	db/db	Mice	male	6.0	genetic		56.0	1+every1days	18.0	18.0	ADULT,OLDER_ADULT	PHASE3	51.0	Rosiglitazone	4.0	Unknown	112.0			0.32999999999999996
PMC2953354_NCT00484419	30.0	mg/kg	oral	db/db	Mice	male	6.0	genetic		56.0	1+every1days	18.0	18.0	ADULT,OLDER_ADULT	PHASE3	51.0	Rosiglitazone	4.0	Unknown	112.0			0.7299999999999999
PMC2953354_NCT00484419	100.0	mg/kg	oral	db/db	Mice	male	6.0	genetic		56.0	1+every1days	18.0	18.0	ADULT,OLDER_ADULT	PHASE3	51.0	Rosiglitazone	4.0	Unknown	112.0			0.9700000000000001
PMC3695080_NCT00484419	4.0	mg/kg	oral	Zucker Diabetic Fatty	Rats	Unknown	6.0	genetic		98.0	1+every1days	35.0	35.0	ADULT,OLDER_ADULT	PHASE3	53.0	Rosiglitazone	4.0	Unknown	56.0			2.79
PMC3695080_NCT00484419	4.0	mg/kg	oral	Zucker Diabetic Fatty	Rats	Unknown	6.0	genetic		98.0	1+every1days	35.0	35.0	ADULT,OLDER_ADULT	PHASE3	54.0	Rosiglitazone	4.0	Unknown	112.0			2.4
PMC3695080_NCT00484419	4.0	mg/kg	oral	Zucker Diabetic Fatty	Rats	Unknown	6.0	genetic		98.0	1+every1days	35.0	35.0	ADULT,OLDER_ADULT	PHASE3	51.0	Rosiglitazone	4.0	Unknown	112.0			2.33
PMC5663708_NCT00500331	36.0	mg/kg	oral	Wistar	Rats	male	6.0	streptozotocin+nicotinamide	180.0		1+every1days	15.0	15.0	ADULT,OLDER_ADULT	PHASE2	47.0	Pioglitazone	30.0	1+every1days	84.0	84.0	2520.0	1.1300000000000001
PMC4743348_NCT00500331	20.0	mg/kg	oral	Wistar	Rats	male	8.0	high-fat diet+streptozotocin	175.0		1+every1days	21.0	21.0	ADULT,OLDER_ADULT	PHASE2	47.0	Pioglitazone	30.0	1+every1days	84.0	84.0	2520.0	4.08
PMC4743348_NCT00500331	20.0	mg/kg	oral	Wistar	Rats	male	8.0	streptozotocin	175.0		1+every1days	21.0	21.0	ADULT,OLDER_ADULT	PHASE2	47.0	Pioglitazone	30.0	1+every1days	84.0	84.0	2520.0	3.2299999999999995
PMC6540170_NCT00500331	0.01	% (w/w)	oral	C57BLKS/J-db/db	Mice	male	10.0	genetic		28.0	1+every1days	35.0	35.0	ADULT,OLDER_ADULT	PHASE2	47.0	Pioglitazone	30.0	1+every1days	84.0	84.0	2520.0	3.0299999999999994
PMC6883099_NCT00500331	3.0	mg/kg	oral	KK-Ay	Mice	male	6.0	high-fat diet		49.0	1+every1days	28.0	28.0	ADULT,OLDER_ADULT	PHASE2	47.0	Pioglitazone	30.0	1+every1days	84.0	84.0	2520.0	-0.9900000000000001
PMC6883099_NCT00500331	10.0	mg/kg	oral	KK-Ay	Mice	male	6.0	high-fat diet		49.0	1+every1days	28.0	28.0	ADULT,OLDER_ADULT	PHASE2	47.0	Pioglitazone	30.0	1+every1days	84.0	84.0	2520.0	0.76
PMC6883099_NCT00500331	30.0	mg/kg	oral	KK-Ay	Mice	male	6.0	high-fat diet		49.0	1+every1days	28.0	28.0	ADULT,OLDER_ADULT	PHASE2	47.0	Pioglitazone	30.0	1+every1days	84.0	84.0	2520.0	1.4399999999999997
PMC4304810_NCT00500331	10.0	mg/kg	oral	Zucker Diabetic Fatty	Rats	male		genetic		49.0	1+every1days	42.0	42.0	ADULT,OLDER_ADULT	PHASE2	47.0	Pioglitazone	30.0	1+every1days	84.0	84.0	2520.0	3.5299999999999994
PMC3907559_NCT00500331	30.0	mg/kg	oral	Zucker Diabetic Fatty	Rats	male	10.0	genetic		49.0	2+every1days	32.0	64.0	ADULT,OLDER_ADULT	PHASE2	47.0	Pioglitazone	30.0	1+every1days	84.0	84.0	2520.0	2.9299999999999997
PMC5207690_NCT00500331	4.5	mg/kg	oral	KK-Ay	Mice	male	10.0	high-fat diet		56.0	1+every1days	70.0	70.0	ADULT,OLDER_ADULT	PHASE2	47.0	Pioglitazone	30.0	1+every1days	84.0	84.0	2520.0	-0.1200000000000001
PMC5360432_NCT00500331	10.0	mg/kg	oral	ob/ob	Mice	male	7.0	genetic		56.0	2+every1days	28.0	56.0	ADULT,OLDER_ADULT	PHASE2	47.0	Pioglitazone	30.0	1+every1days	84.0	84.0	2520.0	0.53
PMC4457365_NCT00500331	2.5	mg/kg	oral	UCD-T2DM	Rats	male	32.0	genetic		60.0	1+every1days	365.0	365.0	ADULT,OLDER_ADULT	PHASE2	47.0	Pioglitazone	30.0	1+every1days	84.0	84.0	2520.0	1.1300000000000001
PMC4880722_NCT00500331	30.0	mg/kg	oral	Zucker Diabetic Fatty	Rats	male	8.0	genetic		70.0	1+every1days	42.0	42.0	ADULT,OLDER_ADULT	PHASE2	47.0	Pioglitazone	30.0	1+every1days	84.0	84.0	2520.0	2.13
PMC4791042_NCT00500331	32.19	mg/kg	oral	Zucker Diabetic Fatty	Rats	male	9.0	genetic		80.5	1+every1days	49.0	49.0	ADULT,OLDER_ADULT	PHASE2	47.0	Pioglitazone	30.0	1+every1days	84.0	84.0	2520.0	3.4299999999999997
PMC4000968_NCT00509236	10.0	mg/kg	oral	Zucker Diabetic Fatty	Rats	Unknown	7.0	genetic		140.0	1+every1days	42.0	42.0	ADULT,OLDER_ADULT	PHASE3	62.0	Sitagliptin Phosphate	25.0	1+every1days	378.0	378.0	9450.0	0.49
PMC4000968_NCT00509236	10.0	mg/kg	oral	Zucker Diabetic Fatty	Rats	Unknown	7.0	genetic		140.0	1+every1days	42.0	42.0	ADULT,OLDER_ADULT	PHASE3	62.0	Sitagliptin Phosphate	25.0	1+every1days	378.0	378.0	9450.0	0.47
PMC3998187_NCT00509236	10.0	mg/kg	oral	Zucker Diabetic Fatty	Rats	male	5.0	genetic		140.0	1+every1days	42.0	42.0	ADULT,OLDER_ADULT	PHASE3	62.0	Sitagliptin Phosphate	25.0	1+every1days	378.0	378.0	9450.0	1.28
PMC3998187_NCT00509236	10.0	mg/kg	oral	Zucker Diabetic Fatty	Rats	male	5.0	genetic		140.0	1+every1days	42.0	42.0	ADULT,OLDER_ADULT	PHASE3	62.0	Sitagliptin Phosphate	25.0	1+every1days	378.0	378.0	9450.0	1.26
PMC2905949_NCT00509236	10.0	mg/kg	oral	Zucker Diabetic Fatty	Rats	male	8.0	genetic		140.0	1+every1days	42.0	42.0	ADULT,OLDER_ADULT	PHASE3	62.0	Sitagliptin Phosphate	25.0	1+every1days	378.0	378.0	9450.0	-0.71
PMC3235777_NCT00509236	10.0	mg/kg	oral	Zucker Diabetic Fatty	Rats	male	8.0	genetic		140.0	1+every1days	42.0	42.0	ADULT,OLDER_ADULT	PHASE3	62.0	Sitagliptin Phosphate	25.0	1+every1days	378.0	378.0	9450.0	1.06
PMC2905949_NCT00509236	10.0	mg/kg	oral	Zucker Diabetic Fatty	Rats	male	8.0	genetic		140.0	1+every1days	42.0	42.0	ADULT,OLDER_ADULT	PHASE3	62.0	Sitagliptin Phosphate	25.0	1+every1days	378.0	378.0	9450.0	-0.73
PMC3235777_NCT00509236	10.0	mg/kg	oral	Zucker Diabetic Fatty	Rats	male	8.0	genetic		140.0	1+every1days	42.0	42.0	ADULT,OLDER_ADULT	PHASE3	62.0	Sitagliptin Phosphate	25.0	1+every1days	378.0	378.0	9450.0	1.04
PMC4514850_NCT00509236	100.0	mg/kg	oral	ICR	Mice	male	8.0	high-fat diet+streptozotocin		35.0	1+every1days	56.0	56.0	ADULT,OLDER_ADULT	PHASE3	62.0	Sitagliptin Phosphate	25.0	1+every1days	378.0	378.0	9450.0	0.5800000000000001
PMC4514850_NCT00509236	100.0	mg/kg	oral	ICR	Mice	male	8.0	high-fat diet+streptozotocin		35.0	1+every1days	56.0	56.0	ADULT,OLDER_ADULT	PHASE3	62.0	Sitagliptin Phosphate	25.0	1+every1days	378.0	378.0	9450.0	0.56
PMC3660563_NCT00509236	1.0	mg/kg	oral	C57BLKS/J-db/db	Mice	male		genetic		42.0	1+every1days	42.0	42.0	ADULT,OLDER_ADULT	PHASE3	62.0	Sitagliptin Phosphate	25.0	1+every1days	378.0	378.0	9450.0	0.08000000000000007
PMC3660563_NCT00509236	1.0	mg/kg	oral	C57BLKS/J-db/db	Mice	male		genetic		42.0	1+every1days	42.0	42.0	ADULT,OLDER_ADULT	PHASE3	62.0	Sitagliptin Phosphate	25.0	1+every1days	378.0	378.0	9450.0	0.06000000000000005
PMC4514850_NCT00509236	100.0	mg/kg	oral	db/db	Mice	male	5.0	genetic		56.0	1+every1days	28.0	28.0	ADULT,OLDER_ADULT	PHASE3	62.0	Sitagliptin Phosphate	25.0	1+every1days	378.0	378.0	9450.0	0.18000000000000005
PMC4514850_NCT00509236	100.0	mg/kg	oral	db/db	Mice	male	5.0	genetic		56.0	1+every1days	28.0	28.0	ADULT,OLDER_ADULT	PHASE3	62.0	Sitagliptin Phosphate	25.0	1+every1days	378.0	378.0	9450.0	0.16000000000000003
PMC9055162_NCT00518882	250.0	nmol/kg	subcutaneous	db/db	Mice	male		genetic			2+every7days	56.0	16.0	ADULT,OLDER_ADULT	PHASE3	226.0	Exenatide	0.01	2+every1days	182.0	364.0	3.64	2.51
PMC7189518_NCT00518882	0.6	mg/kg	oral	db/db	Mice	male	6.0	genetic			1+every1days	49.0	49.0	ADULT,OLDER_ADULT	PHASE3	226.0	Exenatide	0.01	2+every1days	182.0	364.0	3.64	0.07999999999999996
PMC7189518_NCT00518882	0.6	mg/kg	oral	db/db	Mice	male	6.0	genetic			1+every1days	49.0	49.0	ADULT,OLDER_ADULT	PHASE3	226.0	Exenatide	0.01	2+every1days	182.0	364.0	3.64	0.3699999999999999
PMC7189518_NCT00518882	0.06	mg/kg	subcutaneous	db/db	Mice	male	6.0	genetic			1+every1days	49.0	49.0	ADULT,OLDER_ADULT	PHASE3	226.0	Exenatide	0.01	2+every1days	182.0	364.0	3.64	0.41999999999999993
PMC6369909_NCT00518882	20.0	μg/kg	subcutaneous	Sprague-Dawley	Rats	male	6.0	high-fat diet+streptozotocin	160.0		1+every1days	28.0	28.0	ADULT,OLDER_ADULT	PHASE3	226.0	Exenatide	0.01	2+every1days	182.0	364.0	3.64	2.21
PMC9374709_NCT00518882	0.4	mg/kg	subcutaneous	C57BL/6NRj	Mice	male	23.0	high-fat diet	35.0	112.0	1+every1days	28.0	28.0	ADULT,OLDER_ADULT	PHASE3	198.0	Liraglutide	1.8	1+every1days	546.0	546.0	982.8	0.3600000000000001
PMC9374709_NCT00518882	0.4	mg/kg	subcutaneous	C57BL/6NRj	Mice	male	23.0	high-fat diet	35.0	112.0	1+every1days	28.0	28.0	ADULT,OLDER_ADULT	PHASE3	227.0	Liraglutide	1.8	1+every1days	182.0	182.0	327.6	0.21999999999999997
PMC9374709_NCT00518882	0.4	mg/kg	subcutaneous	C57BL/6NRj	Mice	male	23.0	high-fat diet	35.0	112.0	1+every1days	28.0	28.0	ADULT,OLDER_ADULT	PHASE3	198.0	Liraglutide	1.8	1+every1days	546.0	546.0	982.8	1.59
PMC9374709_NCT00518882	0.4	mg/kg	subcutaneous	C57BL/6NTac	Mice	male	16.0	high-fat diet	35.0	112.0	1+every1days	28.0	28.0	ADULT,OLDER_ADULT	PHASE3	198.0	Liraglutide	1.8	1+every1days	546.0	546.0	982.8	10.709999999999999
PMC9374709_NCT00518882	0.4	mg/kg	subcutaneous	C57BL/6NTac	Mice	male	16.0	high-fat diet	35.0	112.0	1+every1days	28.0	28.0	ADULT,OLDER_ADULT	PHASE3	227.0	Liraglutide	1.8	1+every1days	182.0	182.0	327.6	10.57
PMC9374709_NCT00518882	0.4	mg/kg	subcutaneous	C57BL/6NTac	Mice	male	16.0	high-fat diet	35.0	112.0	1+every1days	28.0	28.0	ADULT,OLDER_ADULT	PHASE3	198.0	Liraglutide	1.8	1+every1days	546.0	546.0	982.8	11.94
PMC2948479_NCT00518882	3.5	pm/kg/min	subcutaneous	3xTg-AD	Mice	both	8.0	streptozotocin	30.0	352.5	Unknown	112.0		ADULT,OLDER_ADULT	PHASE3	226.0	Exenatide	0.01	2+every1days	182.0	364.0	3.64	1.4100000000000001
PMC4553314_NCT00518882	2.0	μg/kg	subcutaneous	db/db	Mice	female	10.0	genetic		45.5	2+every1days	43.0	86.0	ADULT,OLDER_ADULT	PHASE3	226.0	Exenatide	0.01	2+every1days	182.0	364.0	3.64	-0.29000000000000004
PMC6412877_NCT00518882	25.0	nmol/kg	subcutaneous	Unknown	Mice	male		high-fat diet		49.0	1+every1days	28.0	28.0	ADULT,OLDER_ADULT	PHASE3	198.0	Liraglutide	1.8	1+every1days	546.0	546.0	982.8	-0.48
PMC6412877_NCT00518882	25.0	nmol/kg	subcutaneous	Unknown	Mice	male		high-fat diet		49.0	1+every1days	28.0	28.0	ADULT,OLDER_ADULT	PHASE3	227.0	Liraglutide	1.8	1+every1days	182.0	182.0	327.6	-0.6200000000000001
PMC6412877_NCT00518882	25.0	nmol/kg	subcutaneous	Unknown	Mice	male		high-fat diet		49.0	1+every1days	28.0	28.0	ADULT,OLDER_ADULT	PHASE3	198.0	Liraglutide	1.8	1+every1days	546.0	546.0	982.8	0.75
PMC9072222_NCT00518882	0.1	mg/kg	subcutaneous	db/db	Mice	male	40.0	genetic		49.0	1+every1days	56.0	56.0	ADULT,OLDER_ADULT	PHASE3	198.0	Liraglutide	1.8	1+every1days	546.0	546.0	982.8	0.41999999999999993
PMC9072222_NCT00518882	0.1	mg/kg	subcutaneous	db/db	Mice	male	40.0	genetic		49.0	1+every1days	56.0	56.0	ADULT,OLDER_ADULT	PHASE3	227.0	Liraglutide	1.8	1+every1days	182.0	182.0	327.6	0.2799999999999998
PMC9072222_NCT00518882	0.1	mg/kg	subcutaneous	db/db	Mice	male	40.0	genetic		49.0	1+every1days	56.0	56.0	ADULT,OLDER_ADULT	PHASE3	198.0	Liraglutide	1.8	1+every1days	546.0	546.0	982.8	1.65
PMC4686834_NCT00518882	1.0	μg/kg	subcutaneous	C57BL/6	Mice	male	7.0	genetic		56.0	1+every1days	21.0	21.0	ADULT,OLDER_ADULT	PHASE3	226.0	Exenatide	0.01	2+every1days	182.0	364.0	3.64	-0.74
PMC4686834_NCT00518882	10.0	μg/kg	subcutaneous	C57BL/6	Mice	male	7.0	genetic		56.0	1+every1days	21.0	21.0	ADULT,OLDER_ADULT	PHASE3	226.0	Exenatide	0.01	2+every1days	182.0	364.0	3.64	-0.5900000000000001
PMC4237538_NCT00518882	0.03	mg/kg	subcutaneous	ob/ob	Mice	male		genetic	43.0	56.0	1+every1days	28.0	28.0	ADULT,OLDER_ADULT	PHASE3	226.0	Exenatide	0.01	2+every1days	182.0	364.0	3.64	1.1099999999999999
PMC3913652_NCT00518882	30.0	nmol/kg	subcutaneous	ob/ob	Mice	male	10.0	genetic	43.9	56.0	1+every1days	28.0	28.0	ADULT,OLDER_ADULT	PHASE3	226.0	Exenatide	0.01	2+every1days	182.0	364.0	3.64	-0.24
PMC3654567_NCT00518882	250.0	μg/kg	subcutaneous	Zucker Diabetic Fatty	Rats	male		genetic		56.0	2+every1days	91.0	182.0	ADULT,OLDER_ADULT	PHASE3	226.0	Exenatide	0.01	2+every1days	182.0	364.0	3.64	1.01
PMC3654567_NCT00518882	6.0	μg/kg	subcutaneous	Zucker Diabetic Fatty	Rats	male		genetic		56.0	2+every1days	91.0	182.0	ADULT,OLDER_ADULT	PHASE3	226.0	Exenatide	0.01	2+every1days	182.0	364.0	3.64	1.21
PMC3654567_NCT00518882	40.0	μg/kg	subcutaneous	Zucker Diabetic Fatty	Rats	male		genetic		56.0	2+every1days	91.0	182.0	ADULT,OLDER_ADULT	PHASE3	226.0	Exenatide	0.01	2+every1days	182.0	364.0	3.64	2.11
PMC5477380_NCT00518882	2.0	μg/kg	subcutaneous	KK-Ay	Mice	female	13.0	genetic		77.0	2+every1days	49.0	98.0	ADULT,OLDER_ADULT	PHASE3	226.0	Exenatide	0.01	2+every1days	182.0	364.0	3.64	-0.09000000000000008
PMC9112483_NCT00518882	200.0	μg/kg	subcutaneous	Zucker Diabetic Fatty	Rats	male	7.0	genetic		77.0	2+every1days	140.0	280.0	ADULT,OLDER_ADULT	PHASE3	198.0	Liraglutide	1.8	1+every1days	546.0	546.0	982.8	0.41999999999999993
PMC9112483_NCT00518882	200.0	μg/kg	subcutaneous	Zucker Diabetic Fatty	Rats	male	7.0	genetic		77.0	2+every1days	140.0	280.0	ADULT,OLDER_ADULT	PHASE3	227.0	Liraglutide	1.8	1+every1days	182.0	182.0	327.6	0.2799999999999998
PMC9112483_NCT00518882	200.0	μg/kg	subcutaneous	Zucker Diabetic Fatty	Rats	male	7.0	genetic		77.0	2+every1days	140.0	280.0	ADULT,OLDER_ADULT	PHASE3	198.0	Liraglutide	1.8	1+every1days	546.0	546.0	982.8	1.65
PMC4000968_NCT00541450	10.0	mg/kg	oral	Zucker Diabetic Fatty	Rats	Unknown	7.0	genetic		140.0	1+every1days	42.0	42.0	ADULT,OLDER_ADULT	PHASE3	231.0	Sitagliptin Phosphate	100.0	1+every1days	84.0	84.0	8400.0	0.17999999999999994
PMC3998187_NCT00541450	10.0	mg/kg	oral	Zucker Diabetic Fatty	Rats	male	5.0	genetic		140.0	1+every1days	42.0	42.0	ADULT,OLDER_ADULT	PHASE3	231.0	Sitagliptin Phosphate	100.0	1+every1days	84.0	84.0	8400.0	0.97
PMC2905949_NCT00541450	10.0	mg/kg	oral	Zucker Diabetic Fatty	Rats	male	8.0	genetic		140.0	1+every1days	42.0	42.0	ADULT,OLDER_ADULT	PHASE3	231.0	Sitagliptin Phosphate	100.0	1+every1days	84.0	84.0	8400.0	-1.02
PMC3235777_NCT00541450	10.0	mg/kg	oral	Zucker Diabetic Fatty	Rats	male	8.0	genetic		140.0	1+every1days	42.0	42.0	ADULT,OLDER_ADULT	PHASE3	231.0	Sitagliptin Phosphate	100.0	1+every1days	84.0	84.0	8400.0	0.75
PMC4514850_NCT00541450	100.0	mg/kg	oral	ICR	Mice	male	8.0	high-fat diet+streptozotocin		35.0	1+every1days	56.0	56.0	ADULT,OLDER_ADULT	PHASE3	231.0	Sitagliptin Phosphate	100.0	1+every1days	84.0	84.0	8400.0	0.27
PMC3660563_NCT00541450	1.0	mg/kg	oral	C57BLKS/J-db/db	Mice	male		genetic		42.0	1+every1days	42.0	42.0	ADULT,OLDER_ADULT	PHASE3	231.0	Sitagliptin Phosphate	100.0	1+every1days	84.0	84.0	8400.0	-0.22999999999999998
PMC4514850_NCT00541450	100.0	mg/kg	oral	db/db	Mice	male	5.0	genetic		56.0	1+every1days	28.0	28.0	ADULT,OLDER_ADULT	PHASE3	231.0	Sitagliptin Phosphate	100.0	1+every1days	84.0	84.0	8400.0	-0.13
PMC9055162_NCT00577824	250.0	nmol/kg	subcutaneous	db/db	Mice	male		genetic			2+every7days	56.0	16.0	ADULT,OLDER_ADULT	PHASE3	71.0	Exenatide	0.005	2+every1days	168.0	336.0	1.68	1.9599999999999997
PMC9055162_NCT00577824	250.0	nmol/kg	subcutaneous	db/db	Mice	male		genetic			2+every7days	56.0	16.0	ADULT,OLDER_ADULT	PHASE3	72.0	Exenatide	0.01	2+every1days	168.0	336.0	3.36	1.6799999999999997
PMC7189518_NCT00577824	0.6	mg/kg	oral	db/db	Mice	male	6.0	genetic			1+every1days	49.0	49.0	ADULT,OLDER_ADULT	PHASE3	71.0	Exenatide	0.005	2+every1days	168.0	336.0	1.68	-0.4700000000000001
PMC7189518_NCT00577824	0.6	mg/kg	oral	db/db	Mice	male	6.0	genetic			1+every1days	49.0	49.0	ADULT,OLDER_ADULT	PHASE3	71.0	Exenatide	0.005	2+every1days	168.0	336.0	1.68	-0.18000000000000016
PMC7189518_NCT00577824	0.06	mg/kg	subcutaneous	db/db	Mice	male	6.0	genetic			1+every1days	49.0	49.0	ADULT,OLDER_ADULT	PHASE3	71.0	Exenatide	0.005	2+every1days	168.0	336.0	1.68	-0.13000000000000012
PMC7189518_NCT00577824	0.6	mg/kg	oral	db/db	Mice	male	6.0	genetic			1+every1days	49.0	49.0	ADULT,OLDER_ADULT	PHASE3	72.0	Exenatide	0.01	2+every1days	168.0	336.0	3.36	-0.7500000000000001
PMC7189518_NCT00577824	0.6	mg/kg	oral	db/db	Mice	male	6.0	genetic			1+every1days	49.0	49.0	ADULT,OLDER_ADULT	PHASE3	72.0	Exenatide	0.01	2+every1days	168.0	336.0	3.36	-0.4600000000000002
PMC7189518_NCT00577824	0.06	mg/kg	subcutaneous	db/db	Mice	male	6.0	genetic			1+every1days	49.0	49.0	ADULT,OLDER_ADULT	PHASE3	72.0	Exenatide	0.01	2+every1days	168.0	336.0	3.36	-0.41000000000000014
PMC6369909_NCT00577824	20.0	μg/kg	subcutaneous	Sprague-Dawley	Rats	male	6.0	high-fat diet+streptozotocin	160.0		1+every1days	28.0	28.0	ADULT,OLDER_ADULT	PHASE3	71.0	Exenatide	0.005	2+every1days	168.0	336.0	1.68	1.66
PMC6369909_NCT00577824	20.0	μg/kg	subcutaneous	Sprague-Dawley	Rats	male	6.0	high-fat diet+streptozotocin	160.0		1+every1days	28.0	28.0	ADULT,OLDER_ADULT	PHASE3	72.0	Exenatide	0.01	2+every1days	168.0	336.0	3.36	1.38
PMC2948479_NCT00577824	3.5	pm/kg/min	subcutaneous	3xTg-AD	Mice	both	8.0	streptozotocin	30.0	352.5	Unknown	112.0		ADULT,OLDER_ADULT	PHASE3	71.0	Exenatide	0.005	2+every1days	168.0	336.0	1.68	0.8600000000000001
PMC2948479_NCT00577824	3.5	pm/kg/min	subcutaneous	3xTg-AD	Mice	both	8.0	streptozotocin	30.0	352.5	Unknown	112.0		ADULT,OLDER_ADULT	PHASE3	72.0	Exenatide	0.01	2+every1days	168.0	336.0	3.36	0.5800000000000001
PMC4553314_NCT00577824	2.0	μg/kg	subcutaneous	db/db	Mice	female	10.0	genetic		45.5	2+every1days	43.0	86.0	ADULT,OLDER_ADULT	PHASE3	71.0	Exenatide	0.005	2+every1days	168.0	336.0	1.68	-0.8400000000000001
PMC4553314_NCT00577824	2.0	μg/kg	subcutaneous	db/db	Mice	female	10.0	genetic		45.5	2+every1days	43.0	86.0	ADULT,OLDER_ADULT	PHASE3	72.0	Exenatide	0.01	2+every1days	168.0	336.0	3.36	-1.12
PMC4686834_NCT00577824	1.0	μg/kg	subcutaneous	C57BL/6	Mice	male	7.0	genetic		56.0	1+every1days	21.0	21.0	ADULT,OLDER_ADULT	PHASE3	71.0	Exenatide	0.005	2+every1days	168.0	336.0	1.68	-1.29
PMC4686834_NCT00577824	10.0	μg/kg	subcutaneous	C57BL/6	Mice	male	7.0	genetic		56.0	1+every1days	21.0	21.0	ADULT,OLDER_ADULT	PHASE3	71.0	Exenatide	0.005	2+every1days	168.0	336.0	1.68	-1.1400000000000001
PMC4686834_NCT00577824	1.0	μg/kg	subcutaneous	C57BL/6	Mice	male	7.0	genetic		56.0	1+every1days	21.0	21.0	ADULT,OLDER_ADULT	PHASE3	72.0	Exenatide	0.01	2+every1days	168.0	336.0	3.36	-1.57
PMC4686834_NCT00577824	10.0	μg/kg	subcutaneous	C57BL/6	Mice	male	7.0	genetic		56.0	1+every1days	21.0	21.0	ADULT,OLDER_ADULT	PHASE3	72.0	Exenatide	0.01	2+every1days	168.0	336.0	3.36	-1.4200000000000002
PMC4237538_NCT00577824	0.03	mg/kg	subcutaneous	ob/ob	Mice	male		genetic	43.0	56.0	1+every1days	28.0	28.0	ADULT,OLDER_ADULT	PHASE3	71.0	Exenatide	0.005	2+every1days	168.0	336.0	1.68	0.5599999999999998
PMC4237538_NCT00577824	0.03	mg/kg	subcutaneous	ob/ob	Mice	male		genetic	43.0	56.0	1+every1days	28.0	28.0	ADULT,OLDER_ADULT	PHASE3	72.0	Exenatide	0.01	2+every1days	168.0	336.0	3.36	0.2799999999999998
PMC3913652_NCT00577824	30.0	nmol/kg	subcutaneous	ob/ob	Mice	male	10.0	genetic	43.9	56.0	1+every1days	28.0	28.0	ADULT,OLDER_ADULT	PHASE3	71.0	Exenatide	0.005	2+every1days	168.0	336.0	1.68	-0.79
PMC3913652_NCT00577824	30.0	nmol/kg	subcutaneous	ob/ob	Mice	male	10.0	genetic	43.9	56.0	1+every1days	28.0	28.0	ADULT,OLDER_ADULT	PHASE3	72.0	Exenatide	0.01	2+every1days	168.0	336.0	3.36	-1.07
PMC3654567_NCT00577824	250.0	μg/kg	subcutaneous	Zucker Diabetic Fatty	Rats	male		genetic		56.0	2+every1days	91.0	182.0	ADULT,OLDER_ADULT	PHASE3	71.0	Exenatide	0.005	2+every1days	168.0	336.0	1.68	0.45999999999999996
PMC3654567_NCT00577824	6.0	μg/kg	subcutaneous	Zucker Diabetic Fatty	Rats	male		genetic		56.0	2+every1days	91.0	182.0	ADULT,OLDER_ADULT	PHASE3	71.0	Exenatide	0.005	2+every1days	168.0	336.0	1.68	0.6599999999999999
PMC3654567_NCT00577824	40.0	μg/kg	subcutaneous	Zucker Diabetic Fatty	Rats	male		genetic		56.0	2+every1days	91.0	182.0	ADULT,OLDER_ADULT	PHASE3	71.0	Exenatide	0.005	2+every1days	168.0	336.0	1.68	1.5599999999999998
PMC3654567_NCT00577824	250.0	μg/kg	subcutaneous	Zucker Diabetic Fatty	Rats	male		genetic		56.0	2+every1days	91.0	182.0	ADULT,OLDER_ADULT	PHASE3	72.0	Exenatide	0.01	2+every1days	168.0	336.0	3.36	0.17999999999999994
PMC3654567_NCT00577824	6.0	μg/kg	subcutaneous	Zucker Diabetic Fatty	Rats	male		genetic		56.0	2+every1days	91.0	182.0	ADULT,OLDER_ADULT	PHASE3	72.0	Exenatide	0.01	2+every1days	168.0	336.0	3.36	0.3799999999999999
PMC3654567_NCT00577824	40.0	μg/kg	subcutaneous	Zucker Diabetic Fatty	Rats	male		genetic		56.0	2+every1days	91.0	182.0	ADULT,OLDER_ADULT	PHASE3	72.0	Exenatide	0.01	2+every1days	168.0	336.0	3.36	1.2799999999999998
PMC5477380_NCT00577824	2.0	μg/kg	subcutaneous	KK-Ay	Mice	female	13.0	genetic		77.0	2+every1days	49.0	98.0	ADULT,OLDER_ADULT	PHASE3	71.0	Exenatide	0.005	2+every1days	168.0	336.0	1.68	-0.6400000000000001
PMC5477380_NCT00577824	2.0	μg/kg	subcutaneous	KK-Ay	Mice	female	13.0	genetic		77.0	2+every1days	49.0	98.0	ADULT,OLDER_ADULT	PHASE3	72.0	Exenatide	0.01	2+every1days	168.0	336.0	3.36	-0.9200000000000002
PMC5489512_NCT00601250	2.0	mg/kg	oral	KK-Ay	Mice	female	10.0	genetic	50.0		1+every1days	42.0	42.0	ADULT,OLDER_ADULT	PHASE3	513.0	Linagliptin	5.0	1+every1days	168.0	168.0	840.0	-0.19
PMC6701666_NCT00601250	3.0	mg/kg	oral	db/db	Mice	female	12.0	genetic		38.5	1+every1days	42.0	42.0	ADULT,OLDER_ADULT	PHASE3	513.0	Linagliptin	5.0	1+every1days	168.0	168.0	840.0	-0.49
PMC5152931_NCT00601250	0.083	mg/kg	oral	Wistar	Rats	male	22.0	streptozotocin		42.0	Unknown	168.0		ADULT,OLDER_ADULT	PHASE3	513.0	Linagliptin	5.0	1+every1days	168.0	168.0	840.0	1.51
PMC5489512_NCT00602472	2.0	mg/kg	oral	KK-Ay	Mice	female	10.0	genetic	50.0		1+every1days	42.0	42.0	ADULT,OLDER_ADULT	PHASE3	778.0	Linagliptin	5.0	1+every1days	168.0	168.0	840.0	-0.42
PMC6701666_NCT00602472	3.0	mg/kg	oral	db/db	Mice	female	12.0	genetic		38.5	1+every1days	42.0	42.0	ADULT,OLDER_ADULT	PHASE3	778.0	Linagliptin	5.0	1+every1days	168.0	168.0	840.0	-0.72
PMC5152931_NCT00602472	0.083	mg/kg	oral	Wistar	Rats	male	22.0	streptozotocin		42.0	Unknown	168.0		ADULT,OLDER_ADULT	PHASE3	778.0	Linagliptin	5.0	1+every1days	168.0	168.0	840.0	1.28
PMC9112483_NCT00614939	10.0	mg/kg	intragastric	Zucker Diabetic Fatty	Rats	male	7.0	genetic		77.0	1+every1days	140.0	140.0	ADULT,OLDER_ADULT	PHASE3	81.0	Saxagliptin	2.5	1+every1days	84.0	84.0	210.0	-0.6599999999999999
PMC9374709_NCT00620282	0.4	mg/kg	subcutaneous	C57BL/6NRj	Mice	male	23.0	high-fat diet	35.0	112.0	1+every1days	28.0	28.0	ADULT,OLDER_ADULT	PHASE3	16.0	Liraglutide	1.8	1+every1days	84.0	84.0	151.20000000000002	0.7110000000000001
PMC9374709_NCT00620282	0.4	mg/kg	subcutaneous	C57BL/6NTac	Mice	male	16.0	high-fat diet	35.0	112.0	1+every1days	28.0	28.0	ADULT,OLDER_ADULT	PHASE3	16.0	Liraglutide	1.8	1+every1days	84.0	84.0	151.20000000000002	11.061
PMC6701666_NCT00620282	2.0	mg/kg	oral	db/db	Mice	female	12.0	genetic		38.5	1+every1days	42.0	42.0	ADULT,OLDER_ADULT	PHASE3	16.0	Glimepiride	4.0	1+every1days	84.0	84.0	336.0	-0.552
PMC6273299_NCT00620282	5.0	mg/kg	Unknown	Zucker Diabetic Fatty	Rats	male	6.0	high-fat diet		42.0	1+every1days	84.0	84.0	ADULT,OLDER_ADULT	PHASE3	16.0	Glimepiride	4.0	1+every1days	84.0	84.0	336.0	-0.25200000000000006
PMC6412877_NCT00620282	25.0	nmol/kg	subcutaneous	Unknown	Mice	male		high-fat diet		49.0	1+every1days	28.0	28.0	ADULT,OLDER_ADULT	PHASE3	16.0	Liraglutide	1.8	1+every1days	84.0	84.0	151.20000000000002	-0.129
PMC3610345_NCT00620282	2.5	mg/kg	oral	db/db	Mice	male		genetic		49.0	1+every1days	42.0	42.0	ADULT,OLDER_ADULT	PHASE3	16.0	Glimepiride	4.0	1+every1days	84.0	84.0	336.0	0.44799999999999995
PMC9072222_NCT00620282	0.1	mg/kg	subcutaneous	db/db	Mice	male	40.0	genetic		49.0	1+every1days	56.0	56.0	ADULT,OLDER_ADULT	PHASE3	16.0	Liraglutide	1.8	1+every1days	84.0	84.0	151.20000000000002	0.7709999999999999
PMC9112483_NCT00620282	200.0	μg/kg	subcutaneous	Zucker Diabetic Fatty	Rats	male	7.0	genetic		77.0	2+every1days	140.0	280.0	ADULT,OLDER_ADULT	PHASE3	16.0	Liraglutide	1.8	1+every1days	84.0	84.0	151.20000000000002	0.7709999999999999
PMC5489512_NCT00621140	2.0	mg/kg	oral	KK-Ay	Mice	female	10.0	genetic	50.0		1+every1days	42.0	42.0	ADULT,OLDER_ADULT	PHASE3	333.0	Linagliptin	5.0	1+every1days	168.0	168.0	840.0	-0.14
PMC6701666_NCT00621140	3.0	mg/kg	oral	db/db	Mice	female	12.0	genetic		38.5	1+every1days	42.0	42.0	ADULT,OLDER_ADULT	PHASE3	333.0	Linagliptin	5.0	1+every1days	168.0	168.0	840.0	-0.44
PMC5152931_NCT00621140	0.083	mg/kg	oral	Wistar	Rats	male	22.0	streptozotocin		42.0	Unknown	168.0		ADULT,OLDER_ADULT	PHASE3	333.0	Linagliptin	5.0	1+every1days	168.0	168.0	840.0	1.56
PMC6701666_NCT00622284	2.0	mg/kg	oral	db/db	Mice	female	12.0	genetic		38.5	1+every1days	42.0	42.0	ADULT,OLDER_ADULT	PHASE3	755.0	Glimepiride	2.5	1+every1days	728.0	728.0	1820.0	-0.36
PMC6701666_NCT00622284	2.0	mg/kg	oral	db/db	Mice	female	12.0	genetic		38.5	1+every1days	42.0	42.0	ADULT,OLDER_ADULT	PHASE3	755.0	Glimepiride	2.5	1+every1days	728.0	728.0	1820.0	-0.41
PMC6273299_NCT00622284	5.0	mg/kg	Unknown	Zucker Diabetic Fatty	Rats	male	6.0	high-fat diet		42.0	1+every1days	84.0	84.0	ADULT,OLDER_ADULT	PHASE3	755.0	Glimepiride	2.5	1+every1days	728.0	728.0	1820.0	-0.06
PMC6273299_NCT00622284	5.0	mg/kg	Unknown	Zucker Diabetic Fatty	Rats	male	6.0	high-fat diet		42.0	1+every1days	84.0	84.0	ADULT,OLDER_ADULT	PHASE3	755.0	Glimepiride	2.5	1+every1days	728.0	728.0	1820.0	-0.10999999999999999
PMC3610345_NCT00622284	2.5	mg/kg	oral	db/db	Mice	male		genetic		49.0	1+every1days	42.0	42.0	ADULT,OLDER_ADULT	PHASE3	755.0	Glimepiride	2.5	1+every1days	728.0	728.0	1820.0	0.64
PMC3610345_NCT00622284	2.5	mg/kg	oral	db/db	Mice	male		genetic		49.0	1+every1days	42.0	42.0	ADULT,OLDER_ADULT	PHASE3	755.0	Glimepiride	2.5	1+every1days	728.0	728.0	1820.0	0.5900000000000001
PMC9026493_NCT00642278	10.0	mg/kg	oral	Sprague-Dawley	Rats	male	6.0	high-fat diet+streptozotocin	270.0		1+every1days	28.0	28.0	ADULT,OLDER_ADULT	PHASE2	62.0	Canagliflozin	300.0	2+every1days	84.0	168.0	50400.0	1.2500000000000002
PMC3280264_NCT00642278	3.0	mg/kg	oral	Zucker Diabetic Fatty	Rats	male		genetic			1+every1days	28.0	28.0	ADULT,OLDER_ADULT	PHASE2	62.0	Canagliflozin	300.0	2+every1days	84.0	168.0	50400.0	3.45
PMC3280264_NCT00642278	10.0	mg/kg	oral	Zucker Diabetic Fatty	Rats	male		genetic			1+every1days	28.0	28.0	ADULT,OLDER_ADULT	PHASE2	62.0	Canagliflozin	300.0	2+every1days	84.0	168.0	50400.0	4.95
PMC3280264_NCT00642278	30.0	mg/kg	oral	Zucker Diabetic Fatty	Rats	male		genetic			1+every1days	28.0	28.0	ADULT,OLDER_ADULT	PHASE2	62.0	Canagliflozin	300.0	2+every1days	84.0	168.0	50400.0	5.05
PMC4304810_NCT00642278	10.0	mg/kg	oral	Zucker Diabetic Fatty	Rats	male		genetic		49.0	1+every1days	42.0	42.0	ADULT,OLDER_ADULT	PHASE2	62.0	Canagliflozin	300.0	2+every1days	84.0	168.0	50400.0	3.3499999999999996
PMC7852344_NCT00642278	20.0	mg/kg	oral	TALLYHO/JngJ	Mice	male	52.0	genetic		63.0	1+every1days	70.0	70.0	ADULT,OLDER_ADULT	PHASE2	62.0	Canagliflozin	300.0	2+every1days	84.0	168.0	50400.0	1.6500000000000001
PMC9143250_NCT00643851	1.0	mg/kg	oral	Wistar	Rats	both	6.0	high-fat diet+streptozotocin	215.0		1+every1days	28.0	28.0	ADULT,OLDER_ADULT	PHASE3	196.0	Dapagliflozin	5.0	1+every1days	168.0	168.0	840.0	7.3100000000000005
PMC9143250_NCT00643851	1.0	mg/kg	oral	Wistar	Rats	both	6.0	high-fat diet+streptozotocin	215.0		1+every1days	28.0	28.0	ADULT,OLDER_ADULT	PHASE3	96.0	Dapagliflozin	5.0	1+every1days	168.0	168.0	840.0	6.83
PMC10308685_NCT00643851	1.0	mg/kg	oral	Zucker Diabetic Fatty	Rats	male	8.0	genetic		112.0	1+every1days	84.0	84.0	ADULT,OLDER_ADULT	PHASE3	196.0	Dapagliflozin	5.0	1+every1days	168.0	168.0	840.0	4.210000000000001
PMC10308685_NCT00643851	1.0	mg/kg	oral	Zucker Diabetic Fatty	Rats	male	8.0	genetic		112.0	1+every1days	84.0	84.0	ADULT,OLDER_ADULT	PHASE3	96.0	Dapagliflozin	5.0	1+every1days	168.0	168.0	840.0	3.7300000000000004
PMC4237538_NCT00643851	1.0	mg/kg	oral	ob/ob	Mice	male		genetic	43.0	56.0	1+every1days	28.0	28.0	ADULT,OLDER_ADULT	PHASE3	196.0	Dapagliflozin	5.0	1+every1days	168.0	168.0	840.0	0.20999999999999996
PMC4237538_NCT00643851	1.0	mg/kg	oral	ob/ob	Mice	male		genetic	43.0	56.0	1+every1days	28.0	28.0	ADULT,OLDER_ADULT	PHASE3	96.0	Dapagliflozin	5.0	1+every1days	168.0	168.0	840.0	-0.27
PMC6856656_NCT00643851	1.0	mg/kg	oral	Zucker Diabetic Fatty	Rats	male	8.0	high-fat diet		84.0	1+every1days	63.0	63.0	ADULT,OLDER_ADULT	PHASE3	196.0	Dapagliflozin	5.0	1+every1days	168.0	168.0	840.0	1.71
PMC6856656_NCT00643851	1.0	mg/kg	oral	Zucker Diabetic Fatty	Rats	male	8.0	high-fat diet		84.0	1+every1days	63.0	63.0	ADULT,OLDER_ADULT	PHASE3	96.0	Dapagliflozin	5.0	1+every1days	168.0	168.0	840.0	1.23
PMC5089752_NCT00643851	1.0	mg/kg	oral	Otsuka Long-Evans Tokushima Fatty	Rats	male	10.0	genetic		98.0	1+every1days	84.0	84.0	ADULT,OLDER_ADULT	PHASE3	196.0	Dapagliflozin	5.0	1+every1days	168.0	168.0	840.0	0.8500000000000001
PMC5089752_NCT00643851	1.0	mg/kg	oral	Otsuka Long-Evans Tokushima Fatty	Rats	male	10.0	genetic		98.0	1+every1days	84.0	84.0	ADULT,OLDER_ADULT	PHASE3	96.0	Dapagliflozin	5.0	1+every1days	168.0	168.0	840.0	0.3700000000000001
PMC8953658_NCT00643851	1.0	mg/kg	oral gavage	Zucker Diabetic Fatty	Rats	male	7.0	genetic		98.0	1+every1days	28.0	28.0	ADULT,OLDER_ADULT	PHASE3	196.0	Dapagliflozin	5.0	1+every1days	168.0	168.0	840.0	1.81
PMC8953658_NCT00643851	1.0	mg/kg	oral gavage	Zucker Diabetic Fatty	Rats	male	7.0	genetic		98.0	1+every1days	28.0	28.0	ADULT,OLDER_ADULT	PHASE3	96.0	Dapagliflozin	5.0	1+every1days	168.0	168.0	840.0	1.33
PMC5489512_NCT00654381	2.0	mg/kg	oral	KK-Ay	Mice	female	10.0	genetic	50.0		1+every1days	42.0	42.0	ADULT,OLDER_ADULT	PHASE3	159.0	Linagliptin	5.0	1+every1days	182.0	182.0	910.0	0.16999999999999998
PMC5489512_NCT00654381	2.0	mg/kg	oral	KK-Ay	Mice	female	10.0	genetic	50.0		1+every1days	42.0	42.0	ADULT,OLDER_ADULT	PHASE3	157.0	Linagliptin	10.0	1+every1days	182.0	182.0	1820.0	0.10999999999999999
PMC5489512_NCT00654381	2.0	mg/kg	oral	KK-Ay	Mice	female	10.0	genetic	50.0		1+every1days	42.0	42.0	ADULT,OLDER_ADULT	PHASE3	159.0	Linagliptin	5.0	1+every1days	84.0	84.0	420.0	0.06
PMC5489512_NCT00654381	2.0	mg/kg	oral	KK-Ay	Mice	female	10.0	genetic	50.0		1+every1days	42.0	42.0	ADULT,OLDER_ADULT	PHASE3	157.0	Linagliptin	10.0	1+every1days	84.0	84.0	840.0	0.04999999999999999
PMC6701666_NCT00654381	3.0	mg/kg	oral	db/db	Mice	female	12.0	genetic		38.5	1+every1days	42.0	42.0	ADULT,OLDER_ADULT	PHASE3	159.0	Linagliptin	5.0	1+every1days	182.0	182.0	910.0	-0.13
PMC6701666_NCT00654381	3.0	mg/kg	oral	db/db	Mice	female	12.0	genetic		38.5	1+every1days	42.0	42.0	ADULT,OLDER_ADULT	PHASE3	157.0	Linagliptin	10.0	1+every1days	182.0	182.0	1820.0	-0.19
PMC6701666_NCT00654381	3.0	mg/kg	oral	db/db	Mice	female	12.0	genetic		38.5	1+every1days	42.0	42.0	ADULT,OLDER_ADULT	PHASE3	159.0	Linagliptin	5.0	1+every1days	84.0	84.0	420.0	-0.24
PMC6701666_NCT00654381	3.0	mg/kg	oral	db/db	Mice	female	12.0	genetic		38.5	1+every1days	42.0	42.0	ADULT,OLDER_ADULT	PHASE3	157.0	Linagliptin	10.0	1+every1days	84.0	84.0	840.0	-0.25
PMC5152931_NCT00654381	0.083	mg/kg	oral	Wistar	Rats	male	22.0	streptozotocin		42.0	Unknown	168.0		ADULT,OLDER_ADULT	PHASE3	159.0	Linagliptin	5.0	1+every1days	182.0	182.0	910.0	1.87
PMC5152931_NCT00654381	0.083	mg/kg	oral	Wistar	Rats	male	22.0	streptozotocin		42.0	Unknown	168.0		ADULT,OLDER_ADULT	PHASE3	157.0	Linagliptin	10.0	1+every1days	182.0	182.0	1820.0	1.81
PMC5152931_NCT00654381	0.083	mg/kg	oral	Wistar	Rats	male	22.0	streptozotocin		42.0	Unknown	168.0		ADULT,OLDER_ADULT	PHASE3	159.0	Linagliptin	5.0	1+every1days	84.0	84.0	420.0	1.76
PMC5152931_NCT00654381	0.083	mg/kg	oral	Wistar	Rats	male	22.0	streptozotocin		42.0	Unknown	168.0		ADULT,OLDER_ADULT	PHASE3	157.0	Linagliptin	10.0	1+every1days	84.0	84.0	840.0	1.75
PMC9786790_NCT00654381	1.0	mg/kg	intragastric	KK-Ay	Mice	male	8.0	high-fat diet	30.0	98.0	1+every1days	56.0	56.0	ADULT,OLDER_ADULT	PHASE3	162.0	Voglibose	0.2	3+every1days	182.0	546.0	109.2	1.19
PMC5089752_NCT00654381	0.6	mg/kg	oral	Otsuka Long-Evans Tokushima Fatty	Rats	male	10.0	genetic		98.0	1+every1days	84.0	84.0	ADULT,OLDER_ADULT	PHASE3	162.0	Voglibose	0.2	3+every1days	182.0	546.0	109.2	2.07
PMC9143250_NCT00663260	1.0	mg/kg	oral	Wistar	Rats	both	6.0	high-fat diet+streptozotocin	215.0		1+every1days	28.0	28.0	ADULT,OLDER_ADULT	PHASE2,PHASE3	83.0	Dapagliflozin	5.0	1+every1days	168.0	168.0	840.0	8.09
PMC9143250_NCT00663260	1.0	mg/kg	oral	Wistar	Rats	both	6.0	high-fat diet+streptozotocin	215.0		1+every1days	28.0	28.0	ADULT,OLDER_ADULT	PHASE2,PHASE3	82.0	Dapagliflozin	10.0	1+every1days	168.0	168.0	1680.0	8.06
PMC10308685_NCT00663260	1.0	mg/kg	oral	Zucker Diabetic Fatty	Rats	male	8.0	genetic		112.0	1+every1days	84.0	84.0	ADULT,OLDER_ADULT	PHASE2,PHASE3	83.0	Dapagliflozin	5.0	1+every1days	168.0	168.0	840.0	4.99
PMC10308685_NCT00663260	1.0	mg/kg	oral	Zucker Diabetic Fatty	Rats	male	8.0	genetic		112.0	1+every1days	84.0	84.0	ADULT,OLDER_ADULT	PHASE2,PHASE3	82.0	Dapagliflozin	10.0	1+every1days	168.0	168.0	1680.0	4.96
PMC4237538_NCT00663260	1.0	mg/kg	oral	ob/ob	Mice	male		genetic	43.0	56.0	1+every1days	28.0	28.0	ADULT,OLDER_ADULT	PHASE2,PHASE3	83.0	Dapagliflozin	5.0	1+every1days	168.0	168.0	840.0	0.99
PMC4237538_NCT00663260	1.0	mg/kg	oral	ob/ob	Mice	male		genetic	43.0	56.0	1+every1days	28.0	28.0	ADULT,OLDER_ADULT	PHASE2,PHASE3	82.0	Dapagliflozin	10.0	1+every1days	168.0	168.0	1680.0	0.96
PMC6856656_NCT00663260	1.0	mg/kg	oral	Zucker Diabetic Fatty	Rats	male	8.0	high-fat diet		84.0	1+every1days	63.0	63.0	ADULT,OLDER_ADULT	PHASE2,PHASE3	83.0	Dapagliflozin	5.0	1+every1days	168.0	168.0	840.0	2.4899999999999998
PMC6856656_NCT00663260	1.0	mg/kg	oral	Zucker Diabetic Fatty	Rats	male	8.0	high-fat diet		84.0	1+every1days	63.0	63.0	ADULT,OLDER_ADULT	PHASE2,PHASE3	82.0	Dapagliflozin	10.0	1+every1days	168.0	168.0	1680.0	2.46
PMC5089752_NCT00663260	1.0	mg/kg	oral	Otsuka Long-Evans Tokushima Fatty	Rats	male	10.0	genetic		98.0	1+every1days	84.0	84.0	ADULT,OLDER_ADULT	PHASE2,PHASE3	83.0	Dapagliflozin	5.0	1+every1days	168.0	168.0	840.0	1.6300000000000001
PMC5089752_NCT00663260	1.0	mg/kg	oral	Otsuka Long-Evans Tokushima Fatty	Rats	male	10.0	genetic		98.0	1+every1days	84.0	84.0	ADULT,OLDER_ADULT	PHASE2,PHASE3	82.0	Dapagliflozin	10.0	1+every1days	168.0	168.0	1680.0	1.6
PMC8953658_NCT00663260	1.0	mg/kg	oral gavage	Zucker Diabetic Fatty	Rats	male	7.0	genetic		98.0	1+every1days	28.0	28.0	ADULT,OLDER_ADULT	PHASE2,PHASE3	83.0	Dapagliflozin	5.0	1+every1days	168.0	168.0	840.0	2.59
PMC8953658_NCT00663260	1.0	mg/kg	oral gavage	Zucker Diabetic Fatty	Rats	male	7.0	genetic		98.0	1+every1days	28.0	28.0	ADULT,OLDER_ADULT	PHASE2,PHASE3	82.0	Dapagliflozin	10.0	1+every1days	168.0	168.0	1680.0	2.56
PMC4000968_NCT00666458	10.0	mg/kg	oral	Zucker Diabetic Fatty	Rats	Unknown	7.0	genetic		140.0	1+every1days	42.0	42.0	ADULT,OLDER_ADULT	PHASE3	343.0	Sitagliptin Phosphate	100.0	1+every1days	126.0	126.0	12600.0	0.59
PMC3998187_NCT00666458	10.0	mg/kg	oral	Zucker Diabetic Fatty	Rats	male	5.0	genetic		140.0	1+every1days	42.0	42.0	ADULT,OLDER_ADULT	PHASE3	343.0	Sitagliptin Phosphate	100.0	1+every1days	126.0	126.0	12600.0	1.38
PMC2905949_NCT00666458	10.0	mg/kg	oral	Zucker Diabetic Fatty	Rats	male	8.0	genetic		140.0	1+every1days	42.0	42.0	ADULT,OLDER_ADULT	PHASE3	343.0	Sitagliptin Phosphate	100.0	1+every1days	126.0	126.0	12600.0	-0.61
PMC3235777_NCT00666458	10.0	mg/kg	oral	Zucker Diabetic Fatty	Rats	male	8.0	genetic		140.0	1+every1days	42.0	42.0	ADULT,OLDER_ADULT	PHASE3	343.0	Sitagliptin Phosphate	100.0	1+every1days	126.0	126.0	12600.0	1.1600000000000001
PMC4514850_NCT00666458	100.0	mg/kg	oral	ICR	Mice	male	8.0	high-fat diet+streptozotocin		35.0	1+every1days	56.0	56.0	ADULT,OLDER_ADULT	PHASE3	343.0	Sitagliptin Phosphate	100.0	1+every1days	126.0	126.0	12600.0	0.68
PMC3660563_NCT00666458	1.0	mg/kg	oral	C57BLKS/J-db/db	Mice	male		genetic		42.0	1+every1days	42.0	42.0	ADULT,OLDER_ADULT	PHASE3	343.0	Sitagliptin Phosphate	100.0	1+every1days	126.0	126.0	12600.0	0.18000000000000005
PMC4514850_NCT00666458	100.0	mg/kg	oral	db/db	Mice	male	5.0	genetic		56.0	1+every1days	28.0	28.0	ADULT,OLDER_ADULT	PHASE3	343.0	Sitagliptin Phosphate	100.0	1+every1days	126.0	126.0	12600.0	0.28
PMC9112483_NCT00666458	10.0	mg/kg	intragastric	Zucker Diabetic Fatty	Rats	male	7.0	genetic		77.0	1+every1days	140.0	140.0	ADULT,OLDER_ADULT	PHASE3	334.0	Saxagliptin	5.0	1+every1days	126.0	126.0	630.0	-0.32
PMC9143250_NCT00673231	1.0	mg/kg	oral	Wistar	Rats	both	6.0	high-fat diet+streptozotocin	215.0		1+every1days	28.0	28.0	ADULT,OLDER_ADULT	PHASE3	198.0	Dapagliflozin	2.5	1+every1days	168.0	168.0	420.0	7.75
PMC9143250_NCT00673231	1.0	mg/kg	oral	Wistar	Rats	both	6.0	high-fat diet+streptozotocin	215.0		1+every1days	28.0	28.0	ADULT,OLDER_ADULT	PHASE3	210.0	Dapagliflozin	5.0	1+every1days	168.0	168.0	840.0	7.68
PMC9143250_NCT00673231	1.0	mg/kg	oral	Wistar	Rats	both	6.0	high-fat diet+streptozotocin	215.0		1+every1days	28.0	28.0	ADULT,OLDER_ADULT	PHASE3	192.0	Dapagliflozin	10.0	1+every1days	168.0	168.0	1680.0	7.6
PMC10308685_NCT00673231	1.0	mg/kg	oral	Zucker Diabetic Fatty	Rats	male	8.0	genetic		112.0	1+every1days	84.0	84.0	ADULT,OLDER_ADULT	PHASE3	198.0	Dapagliflozin	2.5	1+every1days	168.0	168.0	420.0	4.65
PMC10308685_NCT00673231	1.0	mg/kg	oral	Zucker Diabetic Fatty	Rats	male	8.0	genetic		112.0	1+every1days	84.0	84.0	ADULT,OLDER_ADULT	PHASE3	210.0	Dapagliflozin	5.0	1+every1days	168.0	168.0	840.0	4.58
PMC10308685_NCT00673231	1.0	mg/kg	oral	Zucker Diabetic Fatty	Rats	male	8.0	genetic		112.0	1+every1days	84.0	84.0	ADULT,OLDER_ADULT	PHASE3	192.0	Dapagliflozin	10.0	1+every1days	168.0	168.0	1680.0	4.5
PMC4237538_NCT00673231	1.0	mg/kg	oral	ob/ob	Mice	male		genetic	43.0	56.0	1+every1days	28.0	28.0	ADULT,OLDER_ADULT	PHASE3	198.0	Dapagliflozin	2.5	1+every1days	168.0	168.0	420.0	0.6499999999999999
PMC4237538_NCT00673231	1.0	mg/kg	oral	ob/ob	Mice	male		genetic	43.0	56.0	1+every1days	28.0	28.0	ADULT,OLDER_ADULT	PHASE3	210.0	Dapagliflozin	5.0	1+every1days	168.0	168.0	840.0	0.58
PMC4237538_NCT00673231	1.0	mg/kg	oral	ob/ob	Mice	male		genetic	43.0	56.0	1+every1days	28.0	28.0	ADULT,OLDER_ADULT	PHASE3	192.0	Dapagliflozin	10.0	1+every1days	168.0	168.0	1680.0	0.4999999999999999
PMC6856656_NCT00673231	1.0	mg/kg	oral	Zucker Diabetic Fatty	Rats	male	8.0	high-fat diet		84.0	1+every1days	63.0	63.0	ADULT,OLDER_ADULT	PHASE3	198.0	Dapagliflozin	2.5	1+every1days	168.0	168.0	420.0	2.15
PMC6856656_NCT00673231	1.0	mg/kg	oral	Zucker Diabetic Fatty	Rats	male	8.0	high-fat diet		84.0	1+every1days	63.0	63.0	ADULT,OLDER_ADULT	PHASE3	210.0	Dapagliflozin	5.0	1+every1days	168.0	168.0	840.0	2.08
PMC6856656_NCT00673231	1.0	mg/kg	oral	Zucker Diabetic Fatty	Rats	male	8.0	high-fat diet		84.0	1+every1days	63.0	63.0	ADULT,OLDER_ADULT	PHASE3	192.0	Dapagliflozin	10.0	1+every1days	168.0	168.0	1680.0	2.0
PMC5089752_NCT00673231	1.0	mg/kg	oral	Otsuka Long-Evans Tokushima Fatty	Rats	male	10.0	genetic		98.0	1+every1days	84.0	84.0	ADULT,OLDER_ADULT	PHASE3	198.0	Dapagliflozin	2.5	1+every1days	168.0	168.0	420.0	1.29
PMC5089752_NCT00673231	1.0	mg/kg	oral	Otsuka Long-Evans Tokushima Fatty	Rats	male	10.0	genetic		98.0	1+every1days	84.0	84.0	ADULT,OLDER_ADULT	PHASE3	210.0	Dapagliflozin	5.0	1+every1days	168.0	168.0	840.0	1.2200000000000002
PMC5089752_NCT00673231	1.0	mg/kg	oral	Otsuka Long-Evans Tokushima Fatty	Rats	male	10.0	genetic		98.0	1+every1days	84.0	84.0	ADULT,OLDER_ADULT	PHASE3	192.0	Dapagliflozin	10.0	1+every1days	168.0	168.0	1680.0	1.1400000000000001
PMC8953658_NCT00673231	1.0	mg/kg	oral gavage	Zucker Diabetic Fatty	Rats	male	7.0	genetic		98.0	1+every1days	28.0	28.0	ADULT,OLDER_ADULT	PHASE3	198.0	Dapagliflozin	2.5	1+every1days	168.0	168.0	420.0	2.25
PMC8953658_NCT00673231	1.0	mg/kg	oral gavage	Zucker Diabetic Fatty	Rats	male	7.0	genetic		98.0	1+every1days	28.0	28.0	ADULT,OLDER_ADULT	PHASE3	210.0	Dapagliflozin	5.0	1+every1days	168.0	168.0	840.0	2.18
PMC8953658_NCT00673231	1.0	mg/kg	oral gavage	Zucker Diabetic Fatty	Rats	male	7.0	genetic		98.0	1+every1days	28.0	28.0	ADULT,OLDER_ADULT	PHASE3	192.0	Dapagliflozin	10.0	1+every1days	168.0	168.0	1680.0	2.1
PMC5485244_NCT00676338	500.0	mg/kg	oral	C57BL/6J	Mice	male	8.0	high-fat diet			1+every1days			ADULT,OLDER_ADULT	PHASE3	218.0	Metformin	2000.0	1+every1days	182.0	182.0	364000.0	-1.08
PMC8657924_NCT00676338	225.0	mg/kg	oral	Kunming	Mice	male	8.0	high-fat diet+streptozotocin	20.0		1+every1days	28.0	28.0	ADULT,OLDER_ADULT	PHASE3	218.0	Metformin	2000.0	1+every1days	182.0	182.0	364000.0	2.52
PMC9055162_NCT00676338	250.0	nmol/kg	subcutaneous	db/db	Mice	male		genetic			2+every7days	56.0	16.0	ADULT,OLDER_ADULT	PHASE3	218.0	Exenatide	2.0	1+every7days	182.0	26.0	52.0	1.7699999999999998
PMC3462199_NCT00676338	400.0	mg/kg	intraperitoneal	db/db	Mice	male	10.0	genetic	47.5		1+every1days	14.0	14.0	ADULT,OLDER_ADULT	PHASE3	218.0	Metformin	2000.0	1+every1days	182.0	182.0	364000.0	-1.08
PMC3462199_NCT00676338	400.0	mg/kg	intraperitoneal	db/db	Mice	male	12.0	genetic	47.5		1+every1days	14.0	14.0	ADULT,OLDER_ADULT	PHASE3	218.0	Metformin	2000.0	1+every1days	182.0	182.0	364000.0	-1.18
PMC7189518_NCT00676338	0.6	mg/kg	oral	db/db	Mice	male	6.0	genetic			1+every1days	49.0	49.0	ADULT,OLDER_ADULT	PHASE3	218.0	Exenatide	2.0	1+every7days	182.0	26.0	52.0	-0.66
PMC7189518_NCT00676338	0.6	mg/kg	oral	db/db	Mice	male	6.0	genetic			1+every1days	49.0	49.0	ADULT,OLDER_ADULT	PHASE3	218.0	Exenatide	2.0	1+every7days	182.0	26.0	52.0	-0.3700000000000001
PMC7189518_NCT00676338	0.06	mg/kg	subcutaneous	db/db	Mice	male	6.0	genetic			1+every1days	49.0	49.0	ADULT,OLDER_ADULT	PHASE3	218.0	Exenatide	2.0	1+every7days	182.0	26.0	52.0	-0.32000000000000006
PMC6369909_NCT00676338	20.0	μg/kg	subcutaneous	Sprague-Dawley	Rats	male	6.0	high-fat diet+streptozotocin	160.0		1+every1days	28.0	28.0	ADULT,OLDER_ADULT	PHASE3	218.0	Exenatide	2.0	1+every7days	182.0	26.0	52.0	1.47
PMC9313150_NCT00676338	200.0	mg/kg	oral	Wistar	Rats	male		high-fat diet+streptozotocin	185.0		1+every1days	84.0	84.0	ADULT,OLDER_ADULT	PHASE3	218.0	Metformin	2000.0	1+every1days	182.0	182.0	364000.0	0.6200000000000001
PMC7092631_NCT00676338	200.0	mg/kg	intragastric	Wistar	Rats	male	10.0	high-fat diet+streptozotocin	200.0		1+every1days	28.0	28.0	ADULT,OLDER_ADULT	PHASE3	218.0	Metformin	2000.0	1+every1days	182.0	182.0	364000.0	-0.66
PMC8800605_NCT00676338	60.0	mg/kg	oral	Wistar	Rats	male	12.0	high-fat diet+streptozotocin	176.8		1+every1days	14.0	14.0	ADULT,OLDER_ADULT	PHASE3	218.0	Metformin	2000.0	1+every1days	182.0	182.0	364000.0	-1.27
PMC4826921_NCT00676338	200.0	mg/kg	oral	Wistar	Rats	male	20.0	high-fat diet	110.0		1+every1days	60.0	60.0	ADULT,OLDER_ADULT	PHASE3	218.0	Metformin	2000.0	1+every1days	182.0	182.0	364000.0	0.1200000000000001
PMC5663708_NCT00676338	36.0	mg/kg	oral	Wistar	Rats	male	6.0	streptozotocin+nicotinamide	180.0		1+every1days	15.0	15.0	ADULT,OLDER_ADULT	PHASE3	137.0	Pioglitazone	37.5	1+every1days	182.0	182.0	6825.0	0.5700000000000003
PMC7034448_NCT00676338	500.0	mg/kg	oral	Wistar	Rats	male	6.0	high-fat diet+streptozotocin	190.0		1+every1days	30.0	30.0	ADULT,OLDER_ADULT	PHASE3	218.0	Metformin	2000.0	1+every1days	182.0	182.0	364000.0	3.6199999999999997
PMC4884299_NCT00676338	150.0	mg/kg	oral	Wistar	Rats	male	6.0	streptozotocin+nicotinamide	280.0		1+every1days	42.0	42.0	ADULT,OLDER_ADULT	PHASE3	218.0	Metformin	2000.0	1+every1days	182.0	182.0	364000.0	0.8599999999999999
PMC4743348_NCT00676338	20.0	mg/kg	oral	Wistar	Rats	male	8.0	high-fat diet+streptozotocin	175.0		1+every1days	21.0	21.0	ADULT,OLDER_ADULT	PHASE3	137.0	Pioglitazone	37.5	1+every1days	182.0	182.0	6825.0	3.5200000000000005
PMC4743348_NCT00676338	20.0	mg/kg	oral	Wistar	Rats	male	8.0	streptozotocin	175.0		1+every1days	21.0	21.0	ADULT,OLDER_ADULT	PHASE3	137.0	Pioglitazone	37.5	1+every1days	182.0	182.0	6825.0	2.67
PMC9953164_NCT00676338	200.0	mg/kg	Unknown	Wistar	Rats	male	8.0	high-fat diet+streptozotocin	185.0		1+every1days	84.0	84.0	ADULT,OLDER_ADULT	PHASE3	218.0	Metformin	2000.0	1+every1days	182.0	182.0	364000.0	1.02
PMC9681650_NCT00676338	60.0	mg/kg	oral	Wistar	Rats	male	12.0	high-fat diet+streptozotocin	176.8	120.0	1+every1days	14.0	14.0	ADULT,OLDER_ADULT	PHASE3	218.0	Metformin	2000.0	1+every1days	182.0	182.0	364000.0	-1.38
PMC4000968_NCT00676338	10.0	mg/kg	oral	Zucker Diabetic Fatty	Rats	Unknown	7.0	genetic		140.0	1+every1days	42.0	42.0	ADULT,OLDER_ADULT	PHASE3	142.0	Sitagliptin Phosphate	100.0	1+every1days	182.0	182.0	18200.0	0.06000000000000005
PMC4423537_NCT00676338	300.0	mg/kg	oral	Otsuka Long-Evans Tokushima Fatty	Rats	male	14.0	genetic		140.0	1+every1days	84.0	84.0	ADULT,OLDER_ADULT	PHASE3	218.0	Metformin	2000.0	1+every1days	182.0	182.0	364000.0	0.1200000000000001
PMC3998187_NCT00676338	10.0	mg/kg	oral	Zucker Diabetic Fatty	Rats	male	5.0	genetic		140.0	1+every1days	42.0	42.0	ADULT,OLDER_ADULT	PHASE3	142.0	Sitagliptin Phosphate	100.0	1+every1days	182.0	182.0	18200.0	0.8500000000000001
PMC2905949_NCT00676338	10.0	mg/kg	oral	Zucker Diabetic Fatty	Rats	male	8.0	genetic		140.0	1+every1days	42.0	42.0	ADULT,OLDER_ADULT	PHASE3	142.0	Sitagliptin Phosphate	100.0	1+every1days	182.0	182.0	18200.0	-1.14
PMC3235777_NCT00676338	10.0	mg/kg	oral	Zucker Diabetic Fatty	Rats	male	8.0	genetic		140.0	1+every1days	42.0	42.0	ADULT,OLDER_ADULT	PHASE3	142.0	Sitagliptin Phosphate	100.0	1+every1days	182.0	182.0	18200.0	0.6300000000000001
PMC9470898_NCT00676338	0.1	% (w/w)	oral	NONcNZO10/LtJ	Mice	male	10.0	genetic		147.0	Unknown	126.0		ADULT,OLDER_ADULT	PHASE3	218.0	Metformin	2000.0	1+every1days	182.0	182.0	364000.0	-0.98
PMC5840580_NCT00676338	300.0	mg/kg	oral	Otsuka Long-Evans Tokushima Fatty	Rats	male	6.0	high-fat diet		168.0	1+every1days	84.0	84.0	ADULT,OLDER_ADULT	PHASE3	218.0	Metformin	2000.0	1+every1days	182.0	182.0	364000.0	0.020000000000000018
PMC3465985_NCT00676338	350.0	mg/kg	oral	Spontaneously Diabetic Torii	Rats	male	10.0	genetic		175.0	1+every1days	119.0	119.0	ADULT,OLDER_ADULT	PHASE3	218.0	Metformin	2000.0	1+every1days	182.0	182.0	364000.0	-0.16999999999999993
PMC5319739_NCT00676338	50.0	mg/kg	gastric intubation	Psammomys obesus	Gerbillinae	male	30.0	high-fat diet	100.0	240.0	1+every1days	84.0	84.0	ADULT,OLDER_ADULT	PHASE3	218.0	Metformin	2000.0	1+every1days	182.0	182.0	364000.0	2.72
PMC9698742_NCT00676338	200.0	mg/kg	oral	Wistar	Rats	male	5.0	streptozotocin	225.0	270.0	1+every1days	45.0	45.0	ADULT,OLDER_ADULT	PHASE3	218.0	Metformin	2000.0	1+every1days	182.0	182.0	364000.0	1.12
PMC6540170_NCT00676338	0.01	% (w/w)	oral	C57BLKS/J-db/db	Mice	male	10.0	genetic		28.0	1+every1days	35.0	35.0	ADULT,OLDER_ADULT	PHASE3	137.0	Pioglitazone	37.5	1+every1days	182.0	182.0	6825.0	2.4699999999999998
PMC7727825_NCT00676338	200.0	mg/kg	oral	C57BLKS/J-db/db	Mice	male	8.0	genetic		35.0	1+every1days	63.0	63.0	ADULT,OLDER_ADULT	PHASE3	218.0	Metformin	2000.0	1+every1days	182.0	182.0	364000.0	1.52
PMC4514850_NCT00676338	100.0	mg/kg	oral	ICR	Mice	male	8.0	high-fat diet+streptozotocin		35.0	1+every1days	56.0	56.0	ADULT,OLDER_ADULT	PHASE3	142.0	Sitagliptin Phosphate	100.0	1+every1days	182.0	182.0	18200.0	0.15000000000000013
PMC2948479_NCT00676338	3.5	pm/kg/min	subcutaneous	3xTg-AD	Mice	both	8.0	streptozotocin	30.0	352.5	Unknown	112.0		ADULT,OLDER_ADULT	PHASE3	218.0	Exenatide	2.0	1+every7days	182.0	26.0	52.0	0.6700000000000002
PMC7598587_NCT00676338	200.0	mg/kg	oral	C57BL/6N	Mice	male	8.0	high-fat diet+streptozotocin		38.5	1+every1days	28.0	28.0	ADULT,OLDER_ADULT	PHASE3	218.0	Metformin	2000.0	1+every1days	182.0	182.0	364000.0	0.3700000000000001
PMC4726511_NCT00676338	10.0	mg/kg	oral	db/db	Mice	Unknown	5.0	genetic		42.0	1+every1days	28.0	28.0	ADULT,OLDER_ADULT	PHASE3	218.0	Metformin	2000.0	1+every1days	182.0	182.0	364000.0	-0.88
PMC5485244_NCT00676338	500.0	mg/kg	oral	C57BL/6J	Mice	male	16.0	high-fat diet		42.0	1+every1days	84.0	84.0	ADULT,OLDER_ADULT	PHASE3	218.0	Metformin	2000.0	1+every1days	182.0	182.0	364000.0	-1.08
PMC3660563_NCT00676338	1.0	mg/kg	oral	C57BLKS/J-db/db	Mice	male		genetic		42.0	1+every1days	42.0	42.0	ADULT,OLDER_ADULT	PHASE3	142.0	Sitagliptin Phosphate	100.0	1+every1days	182.0	182.0	18200.0	-0.34999999999999987
PMC6273299_NCT00676338	200.0	mg/kg	Unknown	Zucker Diabetic Fatty	Rats	male	6.0	high-fat diet		42.0	1+every1days	84.0	84.0	ADULT,OLDER_ADULT	PHASE3	218.0	Metformin	2000.0	1+every1days	182.0	182.0	364000.0	-0.17999999999999994
PMC4553314_NCT00676338	2.0	μg/kg	subcutaneous	db/db	Mice	female	10.0	genetic		45.5	2+every1days	43.0	86.0	ADULT,OLDER_ADULT	PHASE3	218.0	Exenatide	2.0	1+every7days	182.0	26.0	52.0	-1.03
PMC6883099_NCT00676338	3.0	mg/kg	oral	KK-Ay	Mice	male	6.0	high-fat diet		49.0	1+every1days	28.0	28.0	ADULT,OLDER_ADULT	PHASE3	137.0	Pioglitazone	37.5	1+every1days	182.0	182.0	6825.0	-1.5499999999999998
PMC6883099_NCT00676338	10.0	mg/kg	oral	KK-Ay	Mice	male	6.0	high-fat diet		49.0	1+every1days	28.0	28.0	ADULT,OLDER_ADULT	PHASE3	137.0	Pioglitazone	37.5	1+every1days	182.0	182.0	6825.0	0.20000000000000018
PMC6883099_NCT00676338	30.0	mg/kg	oral	KK-Ay	Mice	male	6.0	high-fat diet		49.0	1+every1days	28.0	28.0	ADULT,OLDER_ADULT	PHASE3	137.0	Pioglitazone	37.5	1+every1days	182.0	182.0	6825.0	0.8799999999999999
PMC3327803_NCT00676338	200.0	mg/kg	intraperitoneal	db/db	Mice	male	11.0	genetic		49.0	1+every1days	126.0	126.0	ADULT,OLDER_ADULT	PHASE3	218.0	Metformin	2000.0	1+every1days	182.0	182.0	364000.0	-1.78
PMC4304810_NCT00676338	10.0	mg/kg	oral	Zucker Diabetic Fatty	Rats	male		genetic		49.0	1+every1days	42.0	42.0	ADULT,OLDER_ADULT	PHASE3	137.0	Pioglitazone	37.5	1+every1days	182.0	182.0	6825.0	2.9699999999999998
PMC3907559_NCT00676338	200.0	mg/kg	oral	Zucker Diabetic Fatty	Rats	male	10.0	genetic		49.0	2+every1days	32.0	64.0	ADULT,OLDER_ADULT	PHASE3	218.0	Metformin	2000.0	1+every1days	182.0	182.0	364000.0	1.52
PMC3907559_NCT00676338	30.0	mg/kg	oral	Zucker Diabetic Fatty	Rats	male	10.0	genetic		49.0	2+every1days	32.0	64.0	ADULT,OLDER_ADULT	PHASE3	137.0	Pioglitazone	37.5	1+every1days	182.0	182.0	6825.0	2.37
PMC7381706_NCT00676338	250.0	mg/kg	oral	ob/ob	Mice	male	8.0	genetic		52.5	1+every1days	26.0	26.0	ADULT,OLDER_ADULT	PHASE3	218.0	Metformin	2000.0	1+every1days	182.0	182.0	364000.0	-1.38
PMC10203393_NCT00676338	0.2	g/kg	oral	Sprague-Dawley	Rats	male	8.0	high-fat diet+streptozotocin	150.0	52.5	1+every1days	70.0	70.0	ADULT,OLDER_ADULT	PHASE3	218.0	Metformin	2000.0	1+every1days	182.0	182.0	364000.0	4.02
PMC10323656_NCT00676338	200.0	mg/kg	oral gavage	C57BL/6	Mice	male	12.0	high-fat diet+streptozotocin	24.0	56.0	1+every1days	28.0	28.0	ADULT,OLDER_ADULT	PHASE3	218.0	Metformin	2000.0	1+every1days	182.0	182.0	364000.0	-0.3799999999999999
PMC4686834_NCT00676338	1.0	μg/kg	subcutaneous	C57BL/6	Mice	male	7.0	genetic		56.0	1+every1days	21.0	21.0	ADULT,OLDER_ADULT	PHASE3	218.0	Exenatide	2.0	1+every7days	182.0	26.0	52.0	-1.48
PMC4686834_NCT00676338	10.0	μg/kg	subcutaneous	C57BL/6	Mice	male	7.0	genetic		56.0	1+every1days	21.0	21.0	ADULT,OLDER_ADULT	PHASE3	218.0	Exenatide	2.0	1+every7days	182.0	26.0	52.0	-1.33
PMC5207690_NCT00676338	4.5	mg/kg	oral	KK-Ay	Mice	male	10.0	high-fat diet		56.0	1+every1days	70.0	70.0	ADULT,OLDER_ADULT	PHASE3	137.0	Pioglitazone	37.5	1+every1days	182.0	182.0	6825.0	-0.6799999999999999
PMC3855476_NCT00676338	300.0	mg/kg	oral	db/db	Mice	male	10.0	genetic	44.0	56.0	1+every1days	14.0	14.0	ADULT,OLDER_ADULT	PHASE3	218.0	Metformin	2000.0	1+every1days	182.0	182.0	364000.0	-0.78
PMC4514850_NCT00676338	100.0	mg/kg	oral	db/db	Mice	male	5.0	genetic		56.0	1+every1days	28.0	28.0	ADULT,OLDER_ADULT	PHASE3	142.0	Sitagliptin Phosphate	100.0	1+every1days	182.0	182.0	18200.0	-0.2499999999999999
PMC4237538_NCT00676338	0.03	mg/kg	subcutaneous	ob/ob	Mice	male		genetic	43.0	56.0	1+every1days	28.0	28.0	ADULT,OLDER_ADULT	PHASE3	218.0	Exenatide	2.0	1+every7days	182.0	26.0	52.0	0.3699999999999999
PMC3913652_NCT00676338	30.0	nmol/kg	subcutaneous	ob/ob	Mice	male	10.0	genetic	43.9	56.0	1+every1days	28.0	28.0	ADULT,OLDER_ADULT	PHASE3	218.0	Exenatide	2.0	1+every7days	182.0	26.0	52.0	-0.98
PMC5360432_NCT00676338	10.0	mg/kg	oral	ob/ob	Mice	male	7.0	genetic		56.0	2+every1days	28.0	56.0	ADULT,OLDER_ADULT	PHASE3	137.0	Pioglitazone	37.5	1+every1days	182.0	182.0	6825.0	-0.029999999999999805
PMC5881648_NCT00676338	200.0	mg/kg	gavage	Sprague-Dawley	Rats	male	10.0	streptozotocin	200.0	56.0	1+every1days	77.0	77.0	ADULT,OLDER_ADULT	PHASE3	218.0	Metformin	2000.0	1+every1days	182.0	182.0	364000.0	1.8199999999999998
PMC3654567_NCT00676338	250.0	μg/kg	subcutaneous	Zucker Diabetic Fatty	Rats	male		genetic		56.0	2+every1days	91.0	182.0	ADULT,OLDER_ADULT	PHASE3	218.0	Exenatide	2.0	1+every7days	182.0	26.0	52.0	0.27
PMC3654567_NCT00676338	6.0	μg/kg	subcutaneous	Zucker Diabetic Fatty	Rats	male		genetic		56.0	2+every1days	91.0	182.0	ADULT,OLDER_ADULT	PHASE3	218.0	Exenatide	2.0	1+every7days	182.0	26.0	52.0	0.47
PMC3654567_NCT00676338	40.0	μg/kg	subcutaneous	Zucker Diabetic Fatty	Rats	male		genetic		56.0	2+every1days	91.0	182.0	ADULT,OLDER_ADULT	PHASE3	218.0	Exenatide	2.0	1+every7days	182.0	26.0	52.0	1.3699999999999999
PMC4444588_NCT00676338	500.0	mg/kg	intragastric	Sprague-Dawley	Rats	male	7.0	high-fat diet+streptozotocin	190.0	60.0	1+every1days	56.0	56.0	ADULT,OLDER_ADULT	PHASE3	218.0	Metformin	2000.0	1+every1days	182.0	182.0	364000.0	2.52
PMC4444588_NCT00676338	150.0	mg/kg	intragastric	Sprague-Dawley	Rats	male	8.0	high-fat diet+streptozotocin	190.0	60.0	1+every1days	56.0	56.0	ADULT,OLDER_ADULT	PHASE3	218.0	Metformin	2000.0	1+every1days	182.0	182.0	364000.0	-0.48
PMC4444588_NCT00676338	300.0	mg/kg	intragastric	Sprague-Dawley	Rats	male	8.0	high-fat diet+streptozotocin	190.0	60.0	1+every1days	56.0	56.0	ADULT,OLDER_ADULT	PHASE3	218.0	Metformin	2000.0	1+every1days	182.0	182.0	364000.0	0.52
PMC4457365_NCT00676338	2.5	mg/kg	oral	UCD-T2DM	Rats	male	32.0	genetic		60.0	1+every1days	365.0	365.0	ADULT,OLDER_ADULT	PHASE3	137.0	Pioglitazone	37.5	1+every1days	182.0	182.0	6825.0	0.5700000000000003
PMC4097088_NCT00676338	300.0	mg/kg	oral	C57BL/6	Mice	Unknown	8.0	high-fat diet		70.0	1+every1days	14.0	14.0	ADULT,OLDER_ADULT	PHASE3	218.0	Metformin	2000.0	1+every1days	182.0	182.0	364000.0	-0.88
PMC9457892_NCT00676338	150.0	mg/kg	oral	C57BL/6	Mice	male	8.0	streptozotocin	27.5	70.0	1+every1days	42.0	42.0	ADULT,OLDER_ADULT	PHASE3	218.0	Metformin	2000.0	1+every1days	182.0	182.0	364000.0	2.82
PMC8745465_NCT00676338	120.0	mg/kg	oral	Wistar	Rats	male	30.0	high-fat diet+streptozotocin	170.0	70.0	1+every1days	35.0	35.0	ADULT,OLDER_ADULT	PHASE3	218.0	Metformin	2000.0	1+every1days	182.0	182.0	364000.0	0.030000000000000027
PMC4880722_NCT00676338	30.0	mg/kg	oral	Zucker Diabetic Fatty	Rats	male	8.0	genetic		70.0	1+every1days	42.0	42.0	ADULT,OLDER_ADULT	PHASE3	137.0	Pioglitazone	37.5	1+every1days	182.0	182.0	6825.0	1.5700000000000003
PMC5477380_NCT00676338	2.0	μg/kg	subcutaneous	KK-Ay	Mice	female	13.0	genetic		77.0	2+every1days	49.0	98.0	ADULT,OLDER_ADULT	PHASE3	218.0	Exenatide	2.0	1+every7days	182.0	26.0	52.0	-0.8300000000000001
PMC4791042_NCT00676338	32.19	mg/kg	oral	Zucker Diabetic Fatty	Rats	male	9.0	genetic		80.5	1+every1days	49.0	49.0	ADULT,OLDER_ADULT	PHASE3	137.0	Pioglitazone	37.5	1+every1days	182.0	182.0	6825.0	2.87
PMC9374709_NCT00696657	0.4	mg/kg	subcutaneous	C57BL/6NRj	Mice	male	23.0	high-fat diet	35.0	112.0	1+every1days	28.0	28.0	ADULT,OLDER_ADULT	PHASE2	45.0	Liraglutide	1.2	1+every1days	84.0	84.0	100.8	0.24
PMC9374709_NCT00696657	0.4	mg/kg	subcutaneous	C57BL/6NRj	Mice	male	23.0	high-fat diet	35.0	112.0	1+every1days	28.0	28.0	ADULT,OLDER_ADULT	PHASE2	50.0	Liraglutide	1.8	1+every1days	84.0	84.0	151.20000000000002	0.040000000000000036
PMC9374709_NCT00696657	0.4	mg/kg	subcutaneous	C57BL/6NTac	Mice	male	16.0	high-fat diet	35.0	112.0	1+every1days	28.0	28.0	ADULT,OLDER_ADULT	PHASE2	45.0	Liraglutide	1.2	1+every1days	84.0	84.0	100.8	10.59
PMC9374709_NCT00696657	0.4	mg/kg	subcutaneous	C57BL/6NTac	Mice	male	16.0	high-fat diet	35.0	112.0	1+every1days	28.0	28.0	ADULT,OLDER_ADULT	PHASE2	50.0	Liraglutide	1.8	1+every1days	84.0	84.0	151.20000000000002	10.389999999999999
PMC6412877_NCT00696657	25.0	nmol/kg	subcutaneous	Unknown	Mice	male		high-fat diet		49.0	1+every1days	28.0	28.0	ADULT,OLDER_ADULT	PHASE2	45.0	Liraglutide	1.2	1+every1days	84.0	84.0	100.8	-0.6000000000000001
PMC6412877_NCT00696657	25.0	nmol/kg	subcutaneous	Unknown	Mice	male		high-fat diet		49.0	1+every1days	28.0	28.0	ADULT,OLDER_ADULT	PHASE2	50.0	Liraglutide	1.8	1+every1days	84.0	84.0	151.20000000000002	-0.8
PMC8974032_NCT00696657	90.0	nmol/kg	subcutaneous	db/db	Mice	male		genetic	40.0	49.0	1+every7days	56.0	8.0	ADULT,OLDER_ADULT	PHASE2	47.0	Semaglutide	0.1	1+every7days	84.0	12.0	1.2000000000000002	0.4
PMC8974032_NCT00696657	90.0	nmol/kg	subcutaneous	db/db	Mice	male		genetic	40.0	49.0	1+every7days	56.0	8.0	ADULT,OLDER_ADULT	PHASE2	43.0	Semaglutide	0.2	1+every7days	84.0	12.0	2.4000000000000004	0.09999999999999998
PMC8974032_NCT00696657	90.0	nmol/kg	subcutaneous	db/db	Mice	male		genetic	40.0	49.0	1+every7days	56.0	8.0	ADULT,OLDER_ADULT	PHASE2	48.0	Semaglutide	0.4	1+every7days	84.0	12.0	4.800000000000001	0.0
PMC8974032_NCT00696657	90.0	nmol/kg	subcutaneous	db/db	Mice	male		genetic	40.0	49.0	1+every7days	56.0	8.0	ADULT,OLDER_ADULT	PHASE2	44.0	Semaglutide	0.8	1+every7days	84.0	12.0	9.6	-0.3999999999999999
PMC8974032_NCT00696657	90.0	nmol/kg	subcutaneous	db/db	Mice	male		genetic	40.0	49.0	1+every7days	56.0	8.0	ADULT,OLDER_ADULT	PHASE2	43.0	Semaglutide	0.8	1+every7days	84.0	12.0	9.6	-0.3999999999999999
PMC8974032_NCT00696657	90.0	nmol/kg	subcutaneous	db/db	Mice	male		genetic	40.0	49.0	1+every7days	56.0	8.0	ADULT,OLDER_ADULT	PHASE2	45.0	Semaglutide	1.6	1+every7days	84.0	12.0	19.200000000000003	-0.5
PMC9072222_NCT00696657	0.1	mg/kg	subcutaneous	db/db	Mice	male	40.0	genetic		49.0	1+every1days	56.0	56.0	ADULT,OLDER_ADULT	PHASE2	45.0	Liraglutide	1.2	1+every1days	84.0	84.0	100.8	0.2999999999999998
PMC9072222_NCT00696657	0.1	mg/kg	subcutaneous	db/db	Mice	male	40.0	genetic		49.0	1+every1days	56.0	56.0	ADULT,OLDER_ADULT	PHASE2	50.0	Liraglutide	1.8	1+every1days	84.0	84.0	151.20000000000002	0.09999999999999987
PMC9050719_NCT00696657	25.0	nmol/kg	subcutaneous	db/db	Mice	male	6.0	genetic	35.0	56.0	1+every7days	21.0	3.0	ADULT,OLDER_ADULT	PHASE2	47.0	Semaglutide	0.1	1+every7days	84.0	12.0	1.2000000000000002	-0.5499999999999999
PMC9050719_NCT00696657	25.0	nmol/kg	subcutaneous	db/db	Mice	male	6.0	genetic	35.0	56.0	1+every1days	21.0	21.0	ADULT,OLDER_ADULT	PHASE2	47.0	Semaglutide	0.1	1+every7days	84.0	12.0	1.2000000000000002	-0.3
PMC9050719_NCT00696657	25.0	nmol/kg	subcutaneous	db/db	Mice	male	6.0	genetic	35.0	56.0	1+every7days	21.0	3.0	ADULT,OLDER_ADULT	PHASE2	43.0	Semaglutide	0.2	1+every7days	84.0	12.0	2.4000000000000004	-0.85
PMC9050719_NCT00696657	25.0	nmol/kg	subcutaneous	db/db	Mice	male	6.0	genetic	35.0	56.0	1+every1days	21.0	21.0	ADULT,OLDER_ADULT	PHASE2	43.0	Semaglutide	0.2	1+every7days	84.0	12.0	2.4000000000000004	-0.6000000000000001
PMC9050719_NCT00696657	25.0	nmol/kg	subcutaneous	db/db	Mice	male	6.0	genetic	35.0	56.0	1+every7days	21.0	3.0	ADULT,OLDER_ADULT	PHASE2	48.0	Semaglutide	0.4	1+every7days	84.0	12.0	4.800000000000001	-0.95
PMC9050719_NCT00696657	25.0	nmol/kg	subcutaneous	db/db	Mice	male	6.0	genetic	35.0	56.0	1+every1days	21.0	21.0	ADULT,OLDER_ADULT	PHASE2	48.0	Semaglutide	0.4	1+every7days	84.0	12.0	4.800000000000001	-0.7
PMC9050719_NCT00696657	25.0	nmol/kg	subcutaneous	db/db	Mice	male	6.0	genetic	35.0	56.0	1+every7days	21.0	3.0	ADULT,OLDER_ADULT	PHASE2	44.0	Semaglutide	0.8	1+every7days	84.0	12.0	9.6	-1.3499999999999999
PMC9050719_NCT00696657	25.0	nmol/kg	subcutaneous	db/db	Mice	male	6.0	genetic	35.0	56.0	1+every1days	21.0	21.0	ADULT,OLDER_ADULT	PHASE2	44.0	Semaglutide	0.8	1+every7days	84.0	12.0	9.6	-1.0999999999999999
PMC9050719_NCT00696657	25.0	nmol/kg	subcutaneous	db/db	Mice	male	6.0	genetic	35.0	56.0	1+every7days	21.0	3.0	ADULT,OLDER_ADULT	PHASE2	43.0	Semaglutide	0.8	1+every7days	84.0	12.0	9.6	-1.3499999999999999
PMC9050719_NCT00696657	25.0	nmol/kg	subcutaneous	db/db	Mice	male	6.0	genetic	35.0	56.0	1+every1days	21.0	21.0	ADULT,OLDER_ADULT	PHASE2	43.0	Semaglutide	0.8	1+every7days	84.0	12.0	9.6	-1.0999999999999999
PMC9050719_NCT00696657	25.0	nmol/kg	subcutaneous	db/db	Mice	male	6.0	genetic	35.0	56.0	1+every7days	21.0	3.0	ADULT,OLDER_ADULT	PHASE2	45.0	Semaglutide	1.6	1+every7days	84.0	12.0	19.200000000000003	-1.45
PMC9050719_NCT00696657	25.0	nmol/kg	subcutaneous	db/db	Mice	male	6.0	genetic	35.0	56.0	1+every1days	21.0	21.0	ADULT,OLDER_ADULT	PHASE2	45.0	Semaglutide	1.6	1+every7days	84.0	12.0	19.200000000000003	-1.2
PMC9050719_NCT00696657	25.0	nmol/kg	subcutaneous	db/db	Mice	male	6.0	genetic	35.5	56.0	1+every1days	42.0	42.0	ADULT,OLDER_ADULT	PHASE2	47.0	Semaglutide	0.1	1+every7days	84.0	12.0	1.2000000000000002	0.7000000000000001
PMC9050719_NCT00696657	25.0	nmol/kg	subcutaneous	db/db	Mice	male	6.0	genetic	35.5	56.0	1+every1days	42.0	42.0	ADULT,OLDER_ADULT	PHASE2	43.0	Semaglutide	0.2	1+every7days	84.0	12.0	2.4000000000000004	0.4
PMC9050719_NCT00696657	25.0	nmol/kg	subcutaneous	db/db	Mice	male	6.0	genetic	35.5	56.0	1+every1days	42.0	42.0	ADULT,OLDER_ADULT	PHASE2	48.0	Semaglutide	0.4	1+every7days	84.0	12.0	4.800000000000001	0.30000000000000004
PMC9050719_NCT00696657	25.0	nmol/kg	subcutaneous	db/db	Mice	male	6.0	genetic	35.5	56.0	1+every1days	42.0	42.0	ADULT,OLDER_ADULT	PHASE2	44.0	Semaglutide	0.8	1+every7days	84.0	12.0	9.6	-0.09999999999999987
PMC9050719_NCT00696657	25.0	nmol/kg	subcutaneous	db/db	Mice	male	6.0	genetic	35.5	56.0	1+every1days	42.0	42.0	ADULT,OLDER_ADULT	PHASE2	43.0	Semaglutide	0.8	1+every7days	84.0	12.0	9.6	-0.09999999999999987
PMC9050719_NCT00696657	25.0	nmol/kg	subcutaneous	db/db	Mice	male	6.0	genetic	35.5	56.0	1+every1days	42.0	42.0	ADULT,OLDER_ADULT	PHASE2	45.0	Semaglutide	1.6	1+every7days	84.0	12.0	19.200000000000003	-0.19999999999999996
PMC9796023_NCT00696657	14.0	nmol/kg	subcutaneous	db/db	Mice	both	8.0	genetic	47.5	63.0	1+every2days	28.0	14.0	ADULT,OLDER_ADULT	PHASE2	47.0	Semaglutide	0.1	1+every7days	84.0	12.0	1.2000000000000002	2.1
PMC9796023_NCT00696657	14.0	nmol/kg	subcutaneous	db/db	Mice	both	8.0	genetic	47.5	63.0	1+every2days	28.0	14.0	ADULT,OLDER_ADULT	PHASE2	43.0	Semaglutide	0.2	1+every7days	84.0	12.0	2.4000000000000004	1.8000000000000003
PMC9796023_NCT00696657	14.0	nmol/kg	subcutaneous	db/db	Mice	both	8.0	genetic	47.5	63.0	1+every2days	28.0	14.0	ADULT,OLDER_ADULT	PHASE2	48.0	Semaglutide	0.4	1+every7days	84.0	12.0	4.800000000000001	1.7000000000000002
PMC9796023_NCT00696657	14.0	nmol/kg	subcutaneous	db/db	Mice	both	8.0	genetic	47.5	63.0	1+every2days	28.0	14.0	ADULT,OLDER_ADULT	PHASE2	44.0	Semaglutide	0.8	1+every7days	84.0	12.0	9.6	1.3000000000000003
PMC9796023_NCT00696657	14.0	nmol/kg	subcutaneous	db/db	Mice	both	8.0	genetic	47.5	63.0	1+every2days	28.0	14.0	ADULT,OLDER_ADULT	PHASE2	43.0	Semaglutide	0.8	1+every7days	84.0	12.0	9.6	1.3000000000000003
PMC9796023_NCT00696657	14.0	nmol/kg	subcutaneous	db/db	Mice	both	8.0	genetic	47.5	63.0	1+every2days	28.0	14.0	ADULT,OLDER_ADULT	PHASE2	45.0	Semaglutide	1.6	1+every7days	84.0	12.0	19.200000000000003	1.2000000000000002
PMC8975272_NCT00696657	15.0	nmol/kg	subcutaneous	db/db	Mice	both	8.0	genetic	45.0	70.0	1+every2days	28.0	14.0	ADULT,OLDER_ADULT	PHASE2	47.0	Semaglutide	0.1	1+every7days	84.0	12.0	1.2000000000000002	1.6999999999999997
PMC8975272_NCT00696657	15.0	nmol/kg	subcutaneous	db/db	Mice	both	8.0	genetic	45.0	70.0	1+every2days	28.0	14.0	ADULT,OLDER_ADULT	PHASE2	43.0	Semaglutide	0.2	1+every7days	84.0	12.0	2.4000000000000004	1.4
PMC8975272_NCT00696657	15.0	nmol/kg	subcutaneous	db/db	Mice	both	8.0	genetic	45.0	70.0	1+every2days	28.0	14.0	ADULT,OLDER_ADULT	PHASE2	48.0	Semaglutide	0.4	1+every7days	84.0	12.0	4.800000000000001	1.2999999999999998
PMC8975272_NCT00696657	15.0	nmol/kg	subcutaneous	db/db	Mice	both	8.0	genetic	45.0	70.0	1+every2days	28.0	14.0	ADULT,OLDER_ADULT	PHASE2	44.0	Semaglutide	0.8	1+every7days	84.0	12.0	9.6	0.8999999999999999
PMC8975272_NCT00696657	15.0	nmol/kg	subcutaneous	db/db	Mice	both	8.0	genetic	45.0	70.0	1+every2days	28.0	14.0	ADULT,OLDER_ADULT	PHASE2	43.0	Semaglutide	0.8	1+every7days	84.0	12.0	9.6	0.8999999999999999
PMC8975272_NCT00696657	15.0	nmol/kg	subcutaneous	db/db	Mice	both	8.0	genetic	45.0	70.0	1+every2days	28.0	14.0	ADULT,OLDER_ADULT	PHASE2	45.0	Semaglutide	1.6	1+every7days	84.0	12.0	19.200000000000003	0.7999999999999998
PMC9112483_NCT00696657	200.0	μg/kg	subcutaneous	Zucker Diabetic Fatty	Rats	male	7.0	genetic		77.0	2+every1days	140.0	280.0	ADULT,OLDER_ADULT	PHASE2	45.0	Liraglutide	1.2	1+every1days	84.0	84.0	100.8	0.2999999999999998
PMC9112483_NCT00696657	200.0	μg/kg	subcutaneous	Zucker Diabetic Fatty	Rats	male	7.0	genetic		77.0	2+every1days	140.0	280.0	ADULT,OLDER_ADULT	PHASE2	50.0	Liraglutide	1.8	1+every1days	84.0	84.0	151.20000000000002	0.09999999999999987
PMC9112483_NCT00698932	10.0	mg/kg	intragastric	Zucker Diabetic Fatty	Rats	male	7.0	genetic		77.0	1+every1days	140.0	140.0	ADULT,OLDER_ADULT	PHASE3	277.0	Saxagliptin	5.0	1+every1days	168.0	168.0	840.0	-0.6399999999999999
PMC9143250_NCT00736879	1.0	mg/kg	oral	Wistar	Rats	both	6.0	high-fat diet+streptozotocin	215.0		1+every1days	28.0	28.0	ADULT,OLDER_ADULT	PHASE3	72.0	Dapagliflozin	1.0	1+every1days	168.0	168.0	168.0	7.82
PMC9143250_NCT00736879	1.0	mg/kg	oral	Wistar	Rats	both	6.0	high-fat diet+streptozotocin	215.0		1+every1days	28.0	28.0	ADULT,OLDER_ADULT	PHASE3	72.0	Dapagliflozin	2.5	1+every1days	168.0	168.0	420.0	7.78
PMC9143250_NCT00736879	1.0	mg/kg	oral	Wistar	Rats	both	6.0	high-fat diet+streptozotocin	215.0		1+every1days	28.0	28.0	ADULT,OLDER_ADULT	PHASE3	66.0	Dapagliflozin	5.0	1+every1days	168.0	168.0	840.0	7.68
PMC10308685_NCT00736879	1.0	mg/kg	oral	Zucker Diabetic Fatty	Rats	male	8.0	genetic		112.0	1+every1days	84.0	84.0	ADULT,OLDER_ADULT	PHASE3	72.0	Dapagliflozin	1.0	1+every1days	168.0	168.0	168.0	4.720000000000001
PMC10308685_NCT00736879	1.0	mg/kg	oral	Zucker Diabetic Fatty	Rats	male	8.0	genetic		112.0	1+every1days	84.0	84.0	ADULT,OLDER_ADULT	PHASE3	72.0	Dapagliflozin	2.5	1+every1days	168.0	168.0	420.0	4.680000000000001
PMC10308685_NCT00736879	1.0	mg/kg	oral	Zucker Diabetic Fatty	Rats	male	8.0	genetic		112.0	1+every1days	84.0	84.0	ADULT,OLDER_ADULT	PHASE3	66.0	Dapagliflozin	5.0	1+every1days	168.0	168.0	840.0	4.58
PMC4237538_NCT00736879	1.0	mg/kg	oral	ob/ob	Mice	male		genetic	43.0	56.0	1+every1days	28.0	28.0	ADULT,OLDER_ADULT	PHASE3	72.0	Dapagliflozin	1.0	1+every1days	168.0	168.0	168.0	0.7199999999999999
PMC4237538_NCT00736879	1.0	mg/kg	oral	ob/ob	Mice	male		genetic	43.0	56.0	1+every1days	28.0	28.0	ADULT,OLDER_ADULT	PHASE3	72.0	Dapagliflozin	2.5	1+every1days	168.0	168.0	420.0	0.6799999999999999
PMC4237538_NCT00736879	1.0	mg/kg	oral	ob/ob	Mice	male		genetic	43.0	56.0	1+every1days	28.0	28.0	ADULT,OLDER_ADULT	PHASE3	66.0	Dapagliflozin	5.0	1+every1days	168.0	168.0	840.0	0.58
PMC6856656_NCT00736879	1.0	mg/kg	oral	Zucker Diabetic Fatty	Rats	male	8.0	high-fat diet		84.0	1+every1days	63.0	63.0	ADULT,OLDER_ADULT	PHASE3	72.0	Dapagliflozin	1.0	1+every1days	168.0	168.0	168.0	2.2199999999999998
PMC6856656_NCT00736879	1.0	mg/kg	oral	Zucker Diabetic Fatty	Rats	male	8.0	high-fat diet		84.0	1+every1days	63.0	63.0	ADULT,OLDER_ADULT	PHASE3	72.0	Dapagliflozin	2.5	1+every1days	168.0	168.0	420.0	2.1799999999999997
PMC6856656_NCT00736879	1.0	mg/kg	oral	Zucker Diabetic Fatty	Rats	male	8.0	high-fat diet		84.0	1+every1days	63.0	63.0	ADULT,OLDER_ADULT	PHASE3	66.0	Dapagliflozin	5.0	1+every1days	168.0	168.0	840.0	2.08
PMC5089752_NCT00736879	1.0	mg/kg	oral	Otsuka Long-Evans Tokushima Fatty	Rats	male	10.0	genetic		98.0	1+every1days	84.0	84.0	ADULT,OLDER_ADULT	PHASE3	72.0	Dapagliflozin	1.0	1+every1days	168.0	168.0	168.0	1.3599999999999999
PMC5089752_NCT00736879	1.0	mg/kg	oral	Otsuka Long-Evans Tokushima Fatty	Rats	male	10.0	genetic		98.0	1+every1days	84.0	84.0	ADULT,OLDER_ADULT	PHASE3	72.0	Dapagliflozin	2.5	1+every1days	168.0	168.0	420.0	1.32
PMC5089752_NCT00736879	1.0	mg/kg	oral	Otsuka Long-Evans Tokushima Fatty	Rats	male	10.0	genetic		98.0	1+every1days	84.0	84.0	ADULT,OLDER_ADULT	PHASE3	66.0	Dapagliflozin	5.0	1+every1days	168.0	168.0	840.0	1.2200000000000002
PMC8953658_NCT00736879	1.0	mg/kg	oral gavage	Zucker Diabetic Fatty	Rats	male	7.0	genetic		98.0	1+every1days	28.0	28.0	ADULT,OLDER_ADULT	PHASE3	72.0	Dapagliflozin	1.0	1+every1days	168.0	168.0	168.0	2.32
PMC8953658_NCT00736879	1.0	mg/kg	oral gavage	Zucker Diabetic Fatty	Rats	male	7.0	genetic		98.0	1+every1days	28.0	28.0	ADULT,OLDER_ADULT	PHASE3	72.0	Dapagliflozin	2.5	1+every1days	168.0	168.0	420.0	2.2800000000000002
PMC8953658_NCT00736879	1.0	mg/kg	oral gavage	Zucker Diabetic Fatty	Rats	male	7.0	genetic		98.0	1+every1days	28.0	28.0	ADULT,OLDER_ADULT	PHASE3	66.0	Dapagliflozin	5.0	1+every1days	168.0	168.0	840.0	2.18
PMC5489512_NCT00740051	2.0	mg/kg	oral	KK-Ay	Mice	female	10.0	genetic	50.0		1+every1days	42.0	42.0	ADULT,OLDER_ADULT	PHASE3	147.0	Linagliptin	5.0	1+every1days	126.0	126.0	630.0	-0.09000000000000002
PMC5489512_NCT00740051	2.0	mg/kg	oral	KK-Ay	Mice	female	10.0	genetic	50.0		1+every1days	42.0	42.0	ADULT,OLDER_ADULT	PHASE3	147.0	Linagliptin	5.0	1+every1days	126.0	126.0	630.0	-0.14
PMC5489512_NCT00740051	2.0	mg/kg	oral	KK-Ay	Mice	female	10.0	genetic	50.0		1+every1days	42.0	42.0	ADULT,OLDER_ADULT	PHASE3	151.0	Linagliptin	5.0	1+every1days	364.0	364.0	1820.0	-0.14
PMC6701666_NCT00740051	3.0	mg/kg	oral	db/db	Mice	female	12.0	genetic		38.5	1+every1days	42.0	42.0	ADULT,OLDER_ADULT	PHASE3	147.0	Linagliptin	5.0	1+every1days	126.0	126.0	630.0	-0.39
PMC6701666_NCT00740051	3.0	mg/kg	oral	db/db	Mice	female	12.0	genetic		38.5	1+every1days	42.0	42.0	ADULT,OLDER_ADULT	PHASE3	147.0	Linagliptin	5.0	1+every1days	126.0	126.0	630.0	-0.44
PMC6701666_NCT00740051	3.0	mg/kg	oral	db/db	Mice	female	12.0	genetic		38.5	1+every1days	42.0	42.0	ADULT,OLDER_ADULT	PHASE3	151.0	Linagliptin	5.0	1+every1days	364.0	364.0	1820.0	-0.44
PMC5152931_NCT00740051	0.083	mg/kg	oral	Wistar	Rats	male	22.0	streptozotocin		42.0	Unknown	168.0		ADULT,OLDER_ADULT	PHASE3	147.0	Linagliptin	5.0	1+every1days	126.0	126.0	630.0	1.6099999999999999
PMC5152931_NCT00740051	0.083	mg/kg	oral	Wistar	Rats	male	22.0	streptozotocin		42.0	Unknown	168.0		ADULT,OLDER_ADULT	PHASE3	147.0	Linagliptin	5.0	1+every1days	126.0	126.0	630.0	1.56
PMC5152931_NCT00740051	0.083	mg/kg	oral	Wistar	Rats	male	22.0	streptozotocin		42.0	Unknown	168.0		ADULT,OLDER_ADULT	PHASE3	151.0	Linagliptin	5.0	1+every1days	364.0	364.0	1820.0	1.56
PMC7092631_NCT00749190	10.0	mg/kg	intragastric	Wistar	Rats	male	10.0	high-fat diet+streptozotocin	200.0		1+every1days	28.0	28.0	ADULT,OLDER_ADULT	PHASE2	71.0	Empagliflozin	1.0	1+every1days	84.0	84.0	84.0	0.09999999999999999
PMC7092631_NCT00749190	10.0	mg/kg	intragastric	Wistar	Rats	male	10.0	high-fat diet+streptozotocin	200.0		1+every1days	28.0	28.0	ADULT,OLDER_ADULT	PHASE2	71.0	Empagliflozin	1.0	1+every1days	84.0	84.0	84.0	0.09
PMC7092631_NCT00749190	10.0	mg/kg	intragastric	Wistar	Rats	male	10.0	high-fat diet+streptozotocin	200.0		1+every1days	28.0	28.0	ADULT,OLDER_ADULT	PHASE2	71.0	Empagliflozin	5.0	1+every1days	84.0	84.0	420.0	-0.05000000000000002
PMC7092631_NCT00749190	10.0	mg/kg	intragastric	Wistar	Rats	male	10.0	high-fat diet+streptozotocin	200.0		1+every1days	28.0	28.0	ADULT,OLDER_ADULT	PHASE2	71.0	Empagliflozin	5.0	1+every1days	84.0	84.0	420.0	-0.09000000000000002
PMC7092631_NCT00749190	10.0	mg/kg	intragastric	Wistar	Rats	male	10.0	high-fat diet+streptozotocin	200.0		1+every1days	28.0	28.0	ADULT,OLDER_ADULT	PHASE2	70.0	Empagliflozin	50.0	1+every1days	84.0	84.0	4200.0	-0.31
PMC7092631_NCT00749190	10.0	mg/kg	intragastric	Wistar	Rats	male	10.0	high-fat diet+streptozotocin	200.0		1+every1days	28.0	28.0	ADULT,OLDER_ADULT	PHASE2	70.0	Empagliflozin	50.0	1+every1days	84.0	84.0	4200.0	-0.32
PMC7092631_NCT00749190	10.0	mg/kg	intragastric	Wistar	Rats	male	10.0	high-fat diet+streptozotocin	200.0		1+every1days	28.0	28.0	ADULT,OLDER_ADULT	PHASE2	70.0	Empagliflozin	25.0	1+every1days	84.0	84.0	2100.0	-0.37000000000000005
PMC7092631_NCT00749190	10.0	mg/kg	intragastric	Wistar	Rats	male	10.0	high-fat diet+streptozotocin	200.0		1+every1days	28.0	28.0	ADULT,OLDER_ADULT	PHASE2	71.0	Empagliflozin	10.0	1+every1days	84.0	84.0	840.0	-0.38000000000000006
PMC7092631_NCT00749190	10.0	mg/kg	intragastric	Wistar	Rats	male	10.0	high-fat diet+streptozotocin	200.0		1+every1days	28.0	28.0	ADULT,OLDER_ADULT	PHASE2	71.0	Empagliflozin	10.0	1+every1days	84.0	84.0	840.0	-0.38999999999999996
PMC7092631_NCT00749190	10.0	mg/kg	intragastric	Wistar	Rats	male	10.0	high-fat diet+streptozotocin	200.0		1+every1days	28.0	28.0	ADULT,OLDER_ADULT	PHASE2	70.0	Empagliflozin	25.0	1+every1days	84.0	84.0	2100.0	-0.41
PMC5491464_NCT00749190	10.0	mg/kg	oral	Zucker Diabetic Fatty	Rats	Unknown		genetic		112.0	1+every1days	42.0	42.0	ADULT,OLDER_ADULT	PHASE2	71.0	Empagliflozin	1.0	1+every1days	84.0	84.0	84.0	4.22
PMC5491464_NCT00749190	30.0	mg/kg	oral	Zucker Diabetic Fatty	Rats	Unknown		genetic		112.0	1+every1days	42.0	42.0	ADULT,OLDER_ADULT	PHASE2	71.0	Empagliflozin	1.0	1+every1days	84.0	84.0	84.0	4.92
PMC5491464_NCT00749190	10.0	mg/kg	oral	Zucker Diabetic Fatty	Rats	Unknown		genetic		112.0	1+every1days	42.0	42.0	ADULT,OLDER_ADULT	PHASE2	71.0	Empagliflozin	1.0	1+every1days	84.0	84.0	84.0	4.21
PMC5491464_NCT00749190	30.0	mg/kg	oral	Zucker Diabetic Fatty	Rats	Unknown		genetic		112.0	1+every1days	42.0	42.0	ADULT,OLDER_ADULT	PHASE2	71.0	Empagliflozin	1.0	1+every1days	84.0	84.0	84.0	4.91
PMC5491464_NCT00749190	10.0	mg/kg	oral	Zucker Diabetic Fatty	Rats	Unknown		genetic		112.0	1+every1days	42.0	42.0	ADULT,OLDER_ADULT	PHASE2	71.0	Empagliflozin	5.0	1+every1days	84.0	84.0	420.0	4.069999999999999
PMC5491464_NCT00749190	30.0	mg/kg	oral	Zucker Diabetic Fatty	Rats	Unknown		genetic		112.0	1+every1days	42.0	42.0	ADULT,OLDER_ADULT	PHASE2	71.0	Empagliflozin	5.0	1+every1days	84.0	84.0	420.0	4.77
PMC5491464_NCT00749190	10.0	mg/kg	oral	Zucker Diabetic Fatty	Rats	Unknown		genetic		112.0	1+every1days	42.0	42.0	ADULT,OLDER_ADULT	PHASE2	71.0	Empagliflozin	5.0	1+every1days	84.0	84.0	420.0	4.029999999999999
PMC5491464_NCT00749190	30.0	mg/kg	oral	Zucker Diabetic Fatty	Rats	Unknown		genetic		112.0	1+every1days	42.0	42.0	ADULT,OLDER_ADULT	PHASE2	71.0	Empagliflozin	5.0	1+every1days	84.0	84.0	420.0	4.73
PMC5491464_NCT00749190	10.0	mg/kg	oral	Zucker Diabetic Fatty	Rats	Unknown		genetic		112.0	1+every1days	42.0	42.0	ADULT,OLDER_ADULT	PHASE2	70.0	Empagliflozin	50.0	1+every1days	84.0	84.0	4200.0	3.8099999999999996
PMC5491464_NCT00749190	30.0	mg/kg	oral	Zucker Diabetic Fatty	Rats	Unknown		genetic		112.0	1+every1days	42.0	42.0	ADULT,OLDER_ADULT	PHASE2	70.0	Empagliflozin	50.0	1+every1days	84.0	84.0	4200.0	4.51
PMC5491464_NCT00749190	10.0	mg/kg	oral	Zucker Diabetic Fatty	Rats	Unknown		genetic		112.0	1+every1days	42.0	42.0	ADULT,OLDER_ADULT	PHASE2	70.0	Empagliflozin	50.0	1+every1days	84.0	84.0	4200.0	3.8
PMC5491464_NCT00749190	30.0	mg/kg	oral	Zucker Diabetic Fatty	Rats	Unknown		genetic		112.0	1+every1days	42.0	42.0	ADULT,OLDER_ADULT	PHASE2	70.0	Empagliflozin	50.0	1+every1days	84.0	84.0	4200.0	4.5
PMC5491464_NCT00749190	10.0	mg/kg	oral	Zucker Diabetic Fatty	Rats	Unknown		genetic		112.0	1+every1days	42.0	42.0	ADULT,OLDER_ADULT	PHASE2	70.0	Empagliflozin	25.0	1+every1days	84.0	84.0	2100.0	3.75
PMC5491464_NCT00749190	30.0	mg/kg	oral	Zucker Diabetic Fatty	Rats	Unknown		genetic		112.0	1+every1days	42.0	42.0	ADULT,OLDER_ADULT	PHASE2	70.0	Empagliflozin	25.0	1+every1days	84.0	84.0	2100.0	4.45
PMC5491464_NCT00749190	10.0	mg/kg	oral	Zucker Diabetic Fatty	Rats	Unknown		genetic		112.0	1+every1days	42.0	42.0	ADULT,OLDER_ADULT	PHASE2	71.0	Empagliflozin	10.0	1+every1days	84.0	84.0	840.0	3.7399999999999998
PMC5491464_NCT00749190	30.0	mg/kg	oral	Zucker Diabetic Fatty	Rats	Unknown		genetic		112.0	1+every1days	42.0	42.0	ADULT,OLDER_ADULT	PHASE2	71.0	Empagliflozin	10.0	1+every1days	84.0	84.0	840.0	4.4399999999999995
PMC5491464_NCT00749190	10.0	mg/kg	oral	Zucker Diabetic Fatty	Rats	Unknown		genetic		112.0	1+every1days	42.0	42.0	ADULT,OLDER_ADULT	PHASE2	71.0	Empagliflozin	10.0	1+every1days	84.0	84.0	840.0	3.73
PMC5491464_NCT00749190	30.0	mg/kg	oral	Zucker Diabetic Fatty	Rats	Unknown		genetic		112.0	1+every1days	42.0	42.0	ADULT,OLDER_ADULT	PHASE2	71.0	Empagliflozin	10.0	1+every1days	84.0	84.0	840.0	4.43
PMC5491464_NCT00749190	10.0	mg/kg	oral	Zucker Diabetic Fatty	Rats	Unknown		genetic		112.0	1+every1days	42.0	42.0	ADULT,OLDER_ADULT	PHASE2	70.0	Empagliflozin	25.0	1+every1days	84.0	84.0	2100.0	3.71
PMC5491464_NCT00749190	30.0	mg/kg	oral	Zucker Diabetic Fatty	Rats	Unknown		genetic		112.0	1+every1days	42.0	42.0	ADULT,OLDER_ADULT	PHASE2	70.0	Empagliflozin	25.0	1+every1days	84.0	84.0	2100.0	4.41
PMC4000968_NCT00749190	10.0	mg/kg	oral	Zucker Diabetic Fatty	Rats	Unknown	7.0	genetic		140.0	1+every1days	42.0	42.0	ADULT,OLDER_ADULT	PHASE2	71.0	Sitagliptin Phosphate	100.0	1+every1days	84.0	84.0	8400.0	0.76
PMC4000968_NCT00749190	10.0	mg/kg	oral	Zucker Diabetic Fatty	Rats	Unknown	7.0	genetic		140.0	1+every1days	42.0	42.0	ADULT,OLDER_ADULT	PHASE2	71.0	Sitagliptin Phosphate	100.0	1+every1days	84.0	84.0	8400.0	0.76
PMC3998187_NCT00749190	10.0	mg/kg	oral	Zucker Diabetic Fatty	Rats	male	5.0	genetic		140.0	1+every1days	42.0	42.0	ADULT,OLDER_ADULT	PHASE2	71.0	Sitagliptin Phosphate	100.0	1+every1days	84.0	84.0	8400.0	1.55
PMC3998187_NCT00749190	10.0	mg/kg	oral	Zucker Diabetic Fatty	Rats	male	5.0	genetic		140.0	1+every1days	42.0	42.0	ADULT,OLDER_ADULT	PHASE2	71.0	Sitagliptin Phosphate	100.0	1+every1days	84.0	84.0	8400.0	1.55
PMC2905949_NCT00749190	10.0	mg/kg	oral	Zucker Diabetic Fatty	Rats	male	8.0	genetic		140.0	1+every1days	42.0	42.0	ADULT,OLDER_ADULT	PHASE2	71.0	Sitagliptin Phosphate	100.0	1+every1days	84.0	84.0	8400.0	-0.44
PMC3235777_NCT00749190	10.0	mg/kg	oral	Zucker Diabetic Fatty	Rats	male	8.0	genetic		140.0	1+every1days	42.0	42.0	ADULT,OLDER_ADULT	PHASE2	71.0	Sitagliptin Phosphate	100.0	1+every1days	84.0	84.0	8400.0	1.33
PMC2905949_NCT00749190	10.0	mg/kg	oral	Zucker Diabetic Fatty	Rats	male	8.0	genetic		140.0	1+every1days	42.0	42.0	ADULT,OLDER_ADULT	PHASE2	71.0	Sitagliptin Phosphate	100.0	1+every1days	84.0	84.0	8400.0	-0.44
PMC3235777_NCT00749190	10.0	mg/kg	oral	Zucker Diabetic Fatty	Rats	male	8.0	genetic		140.0	1+every1days	42.0	42.0	ADULT,OLDER_ADULT	PHASE2	71.0	Sitagliptin Phosphate	100.0	1+every1days	84.0	84.0	8400.0	1.33
PMC4514850_NCT00749190	100.0	mg/kg	oral	ICR	Mice	male	8.0	high-fat diet+streptozotocin		35.0	1+every1days	56.0	56.0	ADULT,OLDER_ADULT	PHASE2	71.0	Sitagliptin Phosphate	100.0	1+every1days	84.0	84.0	8400.0	0.8500000000000001
PMC4514850_NCT00749190	100.0	mg/kg	oral	ICR	Mice	male	8.0	high-fat diet+streptozotocin		35.0	1+every1days	56.0	56.0	ADULT,OLDER_ADULT	PHASE2	71.0	Sitagliptin Phosphate	100.0	1+every1days	84.0	84.0	8400.0	0.8500000000000001
PMC3660563_NCT00749190	1.0	mg/kg	oral	C57BLKS/J-db/db	Mice	male		genetic		42.0	1+every1days	42.0	42.0	ADULT,OLDER_ADULT	PHASE2	71.0	Sitagliptin Phosphate	100.0	1+every1days	84.0	84.0	8400.0	0.35000000000000003
PMC3660563_NCT00749190	1.0	mg/kg	oral	C57BLKS/J-db/db	Mice	male		genetic		42.0	1+every1days	42.0	42.0	ADULT,OLDER_ADULT	PHASE2	71.0	Sitagliptin Phosphate	100.0	1+every1days	84.0	84.0	8400.0	0.35000000000000003
PMC6359811_NCT00749190	10.0	mg/kg	oral	KK-Ay	Mice	Unknown	15.0	high-fat diet		56.0	1+every1days	70.0	70.0	ADULT,OLDER_ADULT	PHASE2	71.0	Empagliflozin	1.0	1+every1days	84.0	84.0	84.0	4.92
PMC6359811_NCT00749190	10.0	mg/kg	oral	KK-Ay	Mice	Unknown	15.0	high-fat diet		56.0	1+every1days	70.0	70.0	ADULT,OLDER_ADULT	PHASE2	71.0	Empagliflozin	1.0	1+every1days	84.0	84.0	84.0	4.91
PMC6359811_NCT00749190	10.0	mg/kg	oral	KK-Ay	Mice	Unknown	15.0	high-fat diet		56.0	1+every1days	70.0	70.0	ADULT,OLDER_ADULT	PHASE2	71.0	Empagliflozin	5.0	1+every1days	84.0	84.0	420.0	4.77
PMC6359811_NCT00749190	10.0	mg/kg	oral	KK-Ay	Mice	Unknown	15.0	high-fat diet		56.0	1+every1days	70.0	70.0	ADULT,OLDER_ADULT	PHASE2	71.0	Empagliflozin	5.0	1+every1days	84.0	84.0	420.0	4.73
PMC6359811_NCT00749190	10.0	mg/kg	oral	KK-Ay	Mice	Unknown	15.0	high-fat diet		56.0	1+every1days	70.0	70.0	ADULT,OLDER_ADULT	PHASE2	70.0	Empagliflozin	50.0	1+every1days	84.0	84.0	4200.0	4.51
PMC6359811_NCT00749190	10.0	mg/kg	oral	KK-Ay	Mice	Unknown	15.0	high-fat diet		56.0	1+every1days	70.0	70.0	ADULT,OLDER_ADULT	PHASE2	70.0	Empagliflozin	50.0	1+every1days	84.0	84.0	4200.0	4.5
PMC6359811_NCT00749190	10.0	mg/kg	oral	KK-Ay	Mice	Unknown	15.0	high-fat diet		56.0	1+every1days	70.0	70.0	ADULT,OLDER_ADULT	PHASE2	70.0	Empagliflozin	25.0	1+every1days	84.0	84.0	2100.0	4.45
PMC6359811_NCT00749190	10.0	mg/kg	oral	KK-Ay	Mice	Unknown	15.0	high-fat diet		56.0	1+every1days	70.0	70.0	ADULT,OLDER_ADULT	PHASE2	71.0	Empagliflozin	10.0	1+every1days	84.0	84.0	840.0	4.4399999999999995
PMC6359811_NCT00749190	10.0	mg/kg	oral	KK-Ay	Mice	Unknown	15.0	high-fat diet		56.0	1+every1days	70.0	70.0	ADULT,OLDER_ADULT	PHASE2	71.0	Empagliflozin	10.0	1+every1days	84.0	84.0	840.0	4.43
PMC6359811_NCT00749190	10.0	mg/kg	oral	KK-Ay	Mice	Unknown	15.0	high-fat diet		56.0	1+every1days	70.0	70.0	ADULT,OLDER_ADULT	PHASE2	70.0	Empagliflozin	25.0	1+every1days	84.0	84.0	2100.0	4.41
PMC4514850_NCT00749190	100.0	mg/kg	oral	db/db	Mice	male	5.0	genetic		56.0	1+every1days	28.0	28.0	ADULT,OLDER_ADULT	PHASE2	71.0	Sitagliptin Phosphate	100.0	1+every1days	84.0	84.0	8400.0	0.45
PMC4514850_NCT00749190	100.0	mg/kg	oral	db/db	Mice	male	5.0	genetic		56.0	1+every1days	28.0	28.0	ADULT,OLDER_ADULT	PHASE2	71.0	Sitagliptin Phosphate	100.0	1+every1days	84.0	84.0	8400.0	0.45
PMC6681671_NCT00749190	10.0	mg/kg	oral	ob/ob	Mice	male	12.5	genetic		77.0	1+every1days	42.0	42.0	ADULT,OLDER_ADULT	PHASE2	71.0	Empagliflozin	1.0	1+every1days	84.0	84.0	84.0	1.3199999999999998
PMC6681671_NCT00749190	10.0	mg/kg	oral	ob/ob	Mice	male	12.5	genetic		77.0	1+every1days	42.0	42.0	ADULT,OLDER_ADULT	PHASE2	71.0	Empagliflozin	1.0	1+every1days	84.0	84.0	84.0	1.3099999999999998
PMC6681671_NCT00749190	10.0	mg/kg	oral	ob/ob	Mice	male	12.5	genetic		77.0	1+every1days	42.0	42.0	ADULT,OLDER_ADULT	PHASE2	71.0	Empagliflozin	5.0	1+every1days	84.0	84.0	420.0	1.17
PMC6681671_NCT00749190	10.0	mg/kg	oral	ob/ob	Mice	male	12.5	genetic		77.0	1+every1days	42.0	42.0	ADULT,OLDER_ADULT	PHASE2	71.0	Empagliflozin	5.0	1+every1days	84.0	84.0	420.0	1.13
PMC6681671_NCT00749190	10.0	mg/kg	oral	ob/ob	Mice	male	12.5	genetic		77.0	1+every1days	42.0	42.0	ADULT,OLDER_ADULT	PHASE2	70.0	Empagliflozin	50.0	1+every1days	84.0	84.0	4200.0	0.9099999999999999
PMC6681671_NCT00749190	10.0	mg/kg	oral	ob/ob	Mice	male	12.5	genetic		77.0	1+every1days	42.0	42.0	ADULT,OLDER_ADULT	PHASE2	70.0	Empagliflozin	50.0	1+every1days	84.0	84.0	4200.0	0.8999999999999999
PMC6681671_NCT00749190	10.0	mg/kg	oral	ob/ob	Mice	male	12.5	genetic		77.0	1+every1days	42.0	42.0	ADULT,OLDER_ADULT	PHASE2	70.0	Empagliflozin	25.0	1+every1days	84.0	84.0	2100.0	0.8499999999999999
PMC6681671_NCT00749190	10.0	mg/kg	oral	ob/ob	Mice	male	12.5	genetic		77.0	1+every1days	42.0	42.0	ADULT,OLDER_ADULT	PHASE2	71.0	Empagliflozin	10.0	1+every1days	84.0	84.0	840.0	0.8399999999999999
PMC6681671_NCT00749190	10.0	mg/kg	oral	ob/ob	Mice	male	12.5	genetic		77.0	1+every1days	42.0	42.0	ADULT,OLDER_ADULT	PHASE2	71.0	Empagliflozin	10.0	1+every1days	84.0	84.0	840.0	0.83
PMC6681671_NCT00749190	10.0	mg/kg	oral	ob/ob	Mice	male	12.5	genetic		77.0	1+every1days	42.0	42.0	ADULT,OLDER_ADULT	PHASE2	70.0	Empagliflozin	25.0	1+every1days	84.0	84.0	2100.0	0.8099999999999999
PMC9055162_NCT00753896	250.0	nmol/kg	subcutaneous	db/db	Mice	male		genetic			2+every7days	56.0	16.0	ADULT,OLDER_ADULT	PHASE3	132.0	Exenatide	0.002	1+every7days	364.0	52.0	0.104	2.5199999999999996
PMC7189518_NCT00753896	0.6	mg/kg	oral	db/db	Mice	male	6.0	genetic			1+every1days	49.0	49.0	ADULT,OLDER_ADULT	PHASE3	132.0	Exenatide	0.002	1+every7days	364.0	52.0	0.104	0.08999999999999997
PMC7189518_NCT00753896	0.6	mg/kg	oral	db/db	Mice	male	6.0	genetic			1+every1days	49.0	49.0	ADULT,OLDER_ADULT	PHASE3	132.0	Exenatide	0.002	1+every7days	364.0	52.0	0.104	0.3799999999999999
PMC7189518_NCT00753896	0.06	mg/kg	subcutaneous	db/db	Mice	male	6.0	genetic			1+every1days	49.0	49.0	ADULT,OLDER_ADULT	PHASE3	132.0	Exenatide	0.002	1+every7days	364.0	52.0	0.104	0.42999999999999994
PMC6369909_NCT00753896	20.0	μg/kg	subcutaneous	Sprague-Dawley	Rats	male	6.0	high-fat diet+streptozotocin	160.0		1+every1days	28.0	28.0	ADULT,OLDER_ADULT	PHASE3	132.0	Exenatide	0.002	1+every7days	364.0	52.0	0.104	2.2199999999999998
PMC2948479_NCT00753896	3.5	pm/kg/min	subcutaneous	3xTg-AD	Mice	both	8.0	streptozotocin	30.0	352.5	Unknown	112.0		ADULT,OLDER_ADULT	PHASE3	132.0	Exenatide	0.002	1+every7days	364.0	52.0	0.104	1.4200000000000002
PMC4553314_NCT00753896	2.0	μg/kg	subcutaneous	db/db	Mice	female	10.0	genetic		45.5	2+every1days	43.0	86.0	ADULT,OLDER_ADULT	PHASE3	132.0	Exenatide	0.002	1+every7days	364.0	52.0	0.104	-0.28
PMC4686834_NCT00753896	1.0	μg/kg	subcutaneous	C57BL/6	Mice	male	7.0	genetic		56.0	1+every1days	21.0	21.0	ADULT,OLDER_ADULT	PHASE3	132.0	Exenatide	0.002	1+every7days	364.0	52.0	0.104	-0.73
PMC4686834_NCT00753896	10.0	μg/kg	subcutaneous	C57BL/6	Mice	male	7.0	genetic		56.0	1+every1days	21.0	21.0	ADULT,OLDER_ADULT	PHASE3	132.0	Exenatide	0.002	1+every7days	364.0	52.0	0.104	-0.5800000000000001
PMC4237538_NCT00753896	0.03	mg/kg	subcutaneous	ob/ob	Mice	male		genetic	43.0	56.0	1+every1days	28.0	28.0	ADULT,OLDER_ADULT	PHASE3	132.0	Exenatide	0.002	1+every7days	364.0	52.0	0.104	1.1199999999999999
PMC3913652_NCT00753896	30.0	nmol/kg	subcutaneous	ob/ob	Mice	male	10.0	genetic	43.9	56.0	1+every1days	28.0	28.0	ADULT,OLDER_ADULT	PHASE3	132.0	Exenatide	0.002	1+every7days	364.0	52.0	0.104	-0.22999999999999998
PMC3654567_NCT00753896	250.0	μg/kg	subcutaneous	Zucker Diabetic Fatty	Rats	male		genetic		56.0	2+every1days	91.0	182.0	ADULT,OLDER_ADULT	PHASE3	132.0	Exenatide	0.002	1+every7days	364.0	52.0	0.104	1.02
PMC3654567_NCT00753896	6.0	μg/kg	subcutaneous	Zucker Diabetic Fatty	Rats	male		genetic		56.0	2+every1days	91.0	182.0	ADULT,OLDER_ADULT	PHASE3	132.0	Exenatide	0.002	1+every7days	364.0	52.0	0.104	1.22
PMC3654567_NCT00753896	40.0	μg/kg	subcutaneous	Zucker Diabetic Fatty	Rats	male		genetic		56.0	2+every1days	91.0	182.0	ADULT,OLDER_ADULT	PHASE3	132.0	Exenatide	0.002	1+every7days	364.0	52.0	0.104	2.12
PMC5477380_NCT00753896	2.0	μg/kg	subcutaneous	KK-Ay	Mice	female	13.0	genetic		77.0	2+every1days	49.0	98.0	ADULT,OLDER_ADULT	PHASE3	132.0	Exenatide	0.002	1+every7days	364.0	52.0	0.104	-0.08000000000000007
PMC5485244_NCT00780715	500.0	mg/kg	oral	C57BL/6J	Mice	male	8.0	high-fat diet			1+every1days			ADULT,OLDER_ADULT	PHASE4	8.0	Metformin	500.0	1+every1days	180.0	180.0	90000.0	-1.19
PMC8657924_NCT00780715	225.0	mg/kg	oral	Kunming	Mice	male	8.0	high-fat diet+streptozotocin	20.0		1+every1days	28.0	28.0	ADULT,OLDER_ADULT	PHASE4	8.0	Metformin	500.0	1+every1days	180.0	180.0	90000.0	2.41
PMC3462199_NCT00780715	400.0	mg/kg	intraperitoneal	db/db	Mice	male	10.0	genetic	47.5		1+every1days	14.0	14.0	ADULT,OLDER_ADULT	PHASE4	8.0	Metformin	500.0	1+every1days	180.0	180.0	90000.0	-1.19
PMC3462199_NCT00780715	400.0	mg/kg	intraperitoneal	db/db	Mice	male	12.0	genetic	47.5		1+every1days	14.0	14.0	ADULT,OLDER_ADULT	PHASE4	8.0	Metformin	500.0	1+every1days	180.0	180.0	90000.0	-1.29
PMC9313150_NCT00780715	200.0	mg/kg	oral	Wistar	Rats	male		high-fat diet+streptozotocin	185.0		1+every1days	84.0	84.0	ADULT,OLDER_ADULT	PHASE4	8.0	Metformin	500.0	1+every1days	180.0	180.0	90000.0	0.51
PMC7092631_NCT00780715	200.0	mg/kg	intragastric	Wistar	Rats	male	10.0	high-fat diet+streptozotocin	200.0		1+every1days	28.0	28.0	ADULT,OLDER_ADULT	PHASE4	8.0	Metformin	500.0	1+every1days	180.0	180.0	90000.0	-0.7700000000000001
PMC8800605_NCT00780715	60.0	mg/kg	oral	Wistar	Rats	male	12.0	high-fat diet+streptozotocin	176.8		1+every1days	14.0	14.0	ADULT,OLDER_ADULT	PHASE4	8.0	Metformin	500.0	1+every1days	180.0	180.0	90000.0	-1.3800000000000001
PMC4826921_NCT00780715	200.0	mg/kg	oral	Wistar	Rats	male	20.0	high-fat diet	110.0		1+every1days	60.0	60.0	ADULT,OLDER_ADULT	PHASE4	8.0	Metformin	500.0	1+every1days	180.0	180.0	90000.0	0.010000000000000009
PMC5663708_NCT00780715	36.0	mg/kg	oral	Wistar	Rats	male	6.0	streptozotocin+nicotinamide	180.0		1+every1days	15.0	15.0	ADULT,OLDER_ADULT	PHASE4	5.0	Pioglitazone	30.0	1+every1days	180.0	180.0	5400.0	1.1600000000000001
PMC7034448_NCT00780715	500.0	mg/kg	oral	Wistar	Rats	male	6.0	high-fat diet+streptozotocin	190.0		1+every1days	30.0	30.0	ADULT,OLDER_ADULT	PHASE4	8.0	Metformin	500.0	1+every1days	180.0	180.0	90000.0	3.51
PMC4884299_NCT00780715	150.0	mg/kg	oral	Wistar	Rats	male	6.0	streptozotocin+nicotinamide	280.0		1+every1days	42.0	42.0	ADULT,OLDER_ADULT	PHASE4	8.0	Metformin	500.0	1+every1days	180.0	180.0	90000.0	0.7499999999999998
PMC4743348_NCT00780715	20.0	mg/kg	oral	Wistar	Rats	male	8.0	high-fat diet+streptozotocin	175.0		1+every1days	21.0	21.0	ADULT,OLDER_ADULT	PHASE4	5.0	Pioglitazone	30.0	1+every1days	180.0	180.0	5400.0	4.11
PMC4743348_NCT00780715	20.0	mg/kg	oral	Wistar	Rats	male	8.0	streptozotocin	175.0		1+every1days	21.0	21.0	ADULT,OLDER_ADULT	PHASE4	5.0	Pioglitazone	30.0	1+every1days	180.0	180.0	5400.0	3.26
PMC9953164_NCT00780715	200.0	mg/kg	Unknown	Wistar	Rats	male	8.0	high-fat diet+streptozotocin	185.0		1+every1days	84.0	84.0	ADULT,OLDER_ADULT	PHASE4	8.0	Metformin	500.0	1+every1days	180.0	180.0	90000.0	0.9099999999999999
PMC9681650_NCT00780715	60.0	mg/kg	oral	Wistar	Rats	male	12.0	high-fat diet+streptozotocin	176.8	120.0	1+every1days	14.0	14.0	ADULT,OLDER_ADULT	PHASE4	8.0	Metformin	500.0	1+every1days	180.0	180.0	90000.0	-1.49
PMC4000968_NCT00780715	10.0	mg/kg	oral	Zucker Diabetic Fatty	Rats	Unknown	7.0	genetic		140.0	1+every1days	42.0	42.0	ADULT,OLDER_ADULT	PHASE4	5.0	Sitagliptin Phosphate	100.0	1+every1days	180.0	180.0	18000.0	0.63
PMC4423537_NCT00780715	300.0	mg/kg	oral	Otsuka Long-Evans Tokushima Fatty	Rats	male	14.0	genetic		140.0	1+every1days	84.0	84.0	ADULT,OLDER_ADULT	PHASE4	8.0	Metformin	500.0	1+every1days	180.0	180.0	90000.0	0.010000000000000009
PMC3998187_NCT00780715	10.0	mg/kg	oral	Zucker Diabetic Fatty	Rats	male	5.0	genetic		140.0	1+every1days	42.0	42.0	ADULT,OLDER_ADULT	PHASE4	5.0	Sitagliptin Phosphate	100.0	1+every1days	180.0	180.0	18000.0	1.42
PMC2905949_NCT00780715	10.0	mg/kg	oral	Zucker Diabetic Fatty	Rats	male	8.0	genetic		140.0	1+every1days	42.0	42.0	ADULT,OLDER_ADULT	PHASE4	5.0	Sitagliptin Phosphate	100.0	1+every1days	180.0	180.0	18000.0	-0.57
PMC3235777_NCT00780715	10.0	mg/kg	oral	Zucker Diabetic Fatty	Rats	male	8.0	genetic		140.0	1+every1days	42.0	42.0	ADULT,OLDER_ADULT	PHASE4	5.0	Sitagliptin Phosphate	100.0	1+every1days	180.0	180.0	18000.0	1.2000000000000002
PMC9470898_NCT00780715	0.1	% (w/w)	oral	NONcNZO10/LtJ	Mice	male	10.0	genetic		147.0	Unknown	126.0		ADULT,OLDER_ADULT	PHASE4	8.0	Metformin	500.0	1+every1days	180.0	180.0	90000.0	-1.09
PMC5840580_NCT00780715	300.0	mg/kg	oral	Otsuka Long-Evans Tokushima Fatty	Rats	male	6.0	high-fat diet		168.0	1+every1days	84.0	84.0	ADULT,OLDER_ADULT	PHASE4	8.0	Metformin	500.0	1+every1days	180.0	180.0	90000.0	-0.09000000000000008
PMC3465985_NCT00780715	350.0	mg/kg	oral	Spontaneously Diabetic Torii	Rats	male	10.0	genetic		175.0	1+every1days	119.0	119.0	ADULT,OLDER_ADULT	PHASE4	8.0	Metformin	500.0	1+every1days	180.0	180.0	90000.0	-0.28
PMC5319739_NCT00780715	50.0	mg/kg	gastric intubation	Psammomys obesus	Gerbillinae	male	30.0	high-fat diet	100.0	240.0	1+every1days	84.0	84.0	ADULT,OLDER_ADULT	PHASE4	8.0	Metformin	500.0	1+every1days	180.0	180.0	90000.0	2.6100000000000003
PMC9698742_NCT00780715	200.0	mg/kg	oral	Wistar	Rats	male	5.0	streptozotocin	225.0	270.0	1+every1days	45.0	45.0	ADULT,OLDER_ADULT	PHASE4	8.0	Metformin	500.0	1+every1days	180.0	180.0	90000.0	1.01
PMC6540170_NCT00780715	0.01	% (w/w)	oral	C57BLKS/J-db/db	Mice	male	10.0	genetic		28.0	1+every1days	35.0	35.0	ADULT,OLDER_ADULT	PHASE4	5.0	Pioglitazone	30.0	1+every1days	180.0	180.0	5400.0	3.0599999999999996
PMC7727825_NCT00780715	200.0	mg/kg	oral	C57BLKS/J-db/db	Mice	male	8.0	genetic		35.0	1+every1days	63.0	63.0	ADULT,OLDER_ADULT	PHASE4	8.0	Metformin	500.0	1+every1days	180.0	180.0	90000.0	1.41
PMC4514850_NCT00780715	100.0	mg/kg	oral	ICR	Mice	male	8.0	high-fat diet+streptozotocin		35.0	1+every1days	56.0	56.0	ADULT,OLDER_ADULT	PHASE4	5.0	Sitagliptin Phosphate	100.0	1+every1days	180.0	180.0	18000.0	0.7200000000000001
PMC7598587_NCT00780715	200.0	mg/kg	oral	C57BL/6N	Mice	male	8.0	high-fat diet+streptozotocin		38.5	1+every1days	28.0	28.0	ADULT,OLDER_ADULT	PHASE4	8.0	Metformin	500.0	1+every1days	180.0	180.0	90000.0	0.26
PMC4726511_NCT00780715	10.0	mg/kg	oral	db/db	Mice	Unknown	5.0	genetic		42.0	1+every1days	28.0	28.0	ADULT,OLDER_ADULT	PHASE4	8.0	Metformin	500.0	1+every1days	180.0	180.0	90000.0	-0.9900000000000001
PMC5485244_NCT00780715	500.0	mg/kg	oral	C57BL/6J	Mice	male	16.0	high-fat diet		42.0	1+every1days	84.0	84.0	ADULT,OLDER_ADULT	PHASE4	8.0	Metformin	500.0	1+every1days	180.0	180.0	90000.0	-1.19
PMC3660563_NCT00780715	1.0	mg/kg	oral	C57BLKS/J-db/db	Mice	male		genetic		42.0	1+every1days	42.0	42.0	ADULT,OLDER_ADULT	PHASE4	5.0	Sitagliptin Phosphate	100.0	1+every1days	180.0	180.0	18000.0	0.22000000000000008
PMC6273299_NCT00780715	200.0	mg/kg	Unknown	Zucker Diabetic Fatty	Rats	male	6.0	high-fat diet		42.0	1+every1days	84.0	84.0	ADULT,OLDER_ADULT	PHASE4	8.0	Metformin	500.0	1+every1days	180.0	180.0	90000.0	-0.29000000000000004
PMC6883099_NCT00780715	3.0	mg/kg	oral	KK-Ay	Mice	male	6.0	high-fat diet		49.0	1+every1days	28.0	28.0	ADULT,OLDER_ADULT	PHASE4	5.0	Pioglitazone	30.0	1+every1days	180.0	180.0	5400.0	-0.9600000000000001
PMC6883099_NCT00780715	10.0	mg/kg	oral	KK-Ay	Mice	male	6.0	high-fat diet		49.0	1+every1days	28.0	28.0	ADULT,OLDER_ADULT	PHASE4	5.0	Pioglitazone	30.0	1+every1days	180.0	180.0	5400.0	0.79
PMC6883099_NCT00780715	30.0	mg/kg	oral	KK-Ay	Mice	male	6.0	high-fat diet		49.0	1+every1days	28.0	28.0	ADULT,OLDER_ADULT	PHASE4	5.0	Pioglitazone	30.0	1+every1days	180.0	180.0	5400.0	1.4699999999999998
PMC3327803_NCT00780715	200.0	mg/kg	intraperitoneal	db/db	Mice	male	11.0	genetic		49.0	1+every1days	126.0	126.0	ADULT,OLDER_ADULT	PHASE4	8.0	Metformin	500.0	1+every1days	180.0	180.0	90000.0	-1.8900000000000001
PMC4304810_NCT00780715	10.0	mg/kg	oral	Zucker Diabetic Fatty	Rats	male		genetic		49.0	1+every1days	42.0	42.0	ADULT,OLDER_ADULT	PHASE4	5.0	Pioglitazone	30.0	1+every1days	180.0	180.0	5400.0	3.5599999999999996
PMC3907559_NCT00780715	30.0	mg/kg	oral	Zucker Diabetic Fatty	Rats	male	10.0	genetic		49.0	2+every1days	32.0	64.0	ADULT,OLDER_ADULT	PHASE4	5.0	Pioglitazone	30.0	1+every1days	180.0	180.0	5400.0	2.96
PMC3907559_NCT00780715	200.0	mg/kg	oral	Zucker Diabetic Fatty	Rats	male	10.0	genetic		49.0	2+every1days	32.0	64.0	ADULT,OLDER_ADULT	PHASE4	8.0	Metformin	500.0	1+every1days	180.0	180.0	90000.0	1.41
PMC7381706_NCT00780715	250.0	mg/kg	oral	ob/ob	Mice	male	8.0	genetic		52.5	1+every1days	26.0	26.0	ADULT,OLDER_ADULT	PHASE4	8.0	Metformin	500.0	1+every1days	180.0	180.0	90000.0	-1.49
PMC10203393_NCT00780715	0.2	g/kg	oral	Sprague-Dawley	Rats	male	8.0	high-fat diet+streptozotocin	150.0	52.5	1+every1days	70.0	70.0	ADULT,OLDER_ADULT	PHASE4	8.0	Metformin	500.0	1+every1days	180.0	180.0	90000.0	3.91
PMC10323656_NCT00780715	200.0	mg/kg	oral gavage	C57BL/6	Mice	male	12.0	high-fat diet+streptozotocin	24.0	56.0	1+every1days	28.0	28.0	ADULT,OLDER_ADULT	PHASE4	8.0	Metformin	500.0	1+every1days	180.0	180.0	90000.0	-0.49
PMC5207690_NCT00780715	4.5	mg/kg	oral	KK-Ay	Mice	male	10.0	high-fat diet		56.0	1+every1days	70.0	70.0	ADULT,OLDER_ADULT	PHASE4	5.0	Pioglitazone	30.0	1+every1days	180.0	180.0	5400.0	-0.09000000000000008
PMC3855476_NCT00780715	300.0	mg/kg	oral	db/db	Mice	male	10.0	genetic	44.0	56.0	1+every1days	14.0	14.0	ADULT,OLDER_ADULT	PHASE4	8.0	Metformin	500.0	1+every1days	180.0	180.0	90000.0	-0.8900000000000001
PMC4514850_NCT00780715	100.0	mg/kg	oral	db/db	Mice	male	5.0	genetic		56.0	1+every1days	28.0	28.0	ADULT,OLDER_ADULT	PHASE4	5.0	Sitagliptin Phosphate	100.0	1+every1days	180.0	180.0	18000.0	0.32000000000000006
PMC5360432_NCT00780715	10.0	mg/kg	oral	ob/ob	Mice	male	7.0	genetic		56.0	2+every1days	28.0	56.0	ADULT,OLDER_ADULT	PHASE4	5.0	Pioglitazone	30.0	1+every1days	180.0	180.0	5400.0	0.56
PMC5881648_NCT00780715	200.0	mg/kg	gavage	Sprague-Dawley	Rats	male	10.0	streptozotocin	200.0	56.0	1+every1days	77.0	77.0	ADULT,OLDER_ADULT	PHASE4	8.0	Metformin	500.0	1+every1days	180.0	180.0	90000.0	1.7099999999999997
PMC4444588_NCT00780715	500.0	mg/kg	intragastric	Sprague-Dawley	Rats	male	7.0	high-fat diet+streptozotocin	190.0	60.0	1+every1days	56.0	56.0	ADULT,OLDER_ADULT	PHASE4	8.0	Metformin	500.0	1+every1days	180.0	180.0	90000.0	2.41
PMC4444588_NCT00780715	150.0	mg/kg	intragastric	Sprague-Dawley	Rats	male	8.0	high-fat diet+streptozotocin	190.0	60.0	1+every1days	56.0	56.0	ADULT,OLDER_ADULT	PHASE4	8.0	Metformin	500.0	1+every1days	180.0	180.0	90000.0	-0.5900000000000001
PMC4444588_NCT00780715	300.0	mg/kg	intragastric	Sprague-Dawley	Rats	male	8.0	high-fat diet+streptozotocin	190.0	60.0	1+every1days	56.0	56.0	ADULT,OLDER_ADULT	PHASE4	8.0	Metformin	500.0	1+every1days	180.0	180.0	90000.0	0.4099999999999999
PMC4457365_NCT00780715	2.5	mg/kg	oral	UCD-T2DM	Rats	male	32.0	genetic		60.0	1+every1days	365.0	365.0	ADULT,OLDER_ADULT	PHASE4	5.0	Pioglitazone	30.0	1+every1days	180.0	180.0	5400.0	1.1600000000000001
PMC4097088_NCT00780715	300.0	mg/kg	oral	C57BL/6	Mice	Unknown	8.0	high-fat diet		70.0	1+every1days	14.0	14.0	ADULT,OLDER_ADULT	PHASE4	8.0	Metformin	500.0	1+every1days	180.0	180.0	90000.0	-0.9900000000000001
PMC9457892_NCT00780715	150.0	mg/kg	oral	C57BL/6	Mice	male	8.0	streptozotocin	27.5	70.0	1+every1days	42.0	42.0	ADULT,OLDER_ADULT	PHASE4	8.0	Metformin	500.0	1+every1days	180.0	180.0	90000.0	2.71
PMC8745465_NCT00780715	120.0	mg/kg	oral	Wistar	Rats	male	30.0	high-fat diet+streptozotocin	170.0	70.0	1+every1days	35.0	35.0	ADULT,OLDER_ADULT	PHASE4	8.0	Metformin	500.0	1+every1days	180.0	180.0	90000.0	-0.08000000000000007
PMC4880722_NCT00780715	30.0	mg/kg	oral	Zucker Diabetic Fatty	Rats	male	8.0	genetic		70.0	1+every1days	42.0	42.0	ADULT,OLDER_ADULT	PHASE4	5.0	Pioglitazone	30.0	1+every1days	180.0	180.0	5400.0	2.16
PMC4791042_NCT00780715	32.19	mg/kg	oral	Zucker Diabetic Fatty	Rats	male	9.0	genetic		80.5	1+every1days	49.0	49.0	ADULT,OLDER_ADULT	PHASE4	5.0	Pioglitazone	30.0	1+every1days	180.0	180.0	5400.0	3.46
PMC5485244_NCT00789035	500.0	mg/kg	oral	C57BL/6J	Mice	male	8.0	high-fat diet			1+every1days			ADULT,OLDER_ADULT	PHASE2	80.0	Metformin	500.0	2+every1days	84.0	168.0	84000.0	-0.35
PMC5485244_NCT00789035	500.0	mg/kg	oral	C57BL/6J	Mice	male	8.0	high-fat diet			1+every1days			ADULT,OLDER_ADULT	PHASE2	80.0	Metformin	500.0	2+every1days	84.0	168.0	84000.0	-0.38
PMC8657924_NCT00789035	225.0	mg/kg	oral	Kunming	Mice	male	8.0	high-fat diet+streptozotocin	20.0		1+every1days	28.0	28.0	ADULT,OLDER_ADULT	PHASE2	80.0	Metformin	500.0	2+every1days	84.0	168.0	84000.0	3.25
PMC8657924_NCT00789035	225.0	mg/kg	oral	Kunming	Mice	male	8.0	high-fat diet+streptozotocin	20.0		1+every1days	28.0	28.0	ADULT,OLDER_ADULT	PHASE2	80.0	Metformin	500.0	2+every1days	84.0	168.0	84000.0	3.2199999999999998
PMC3462199_NCT00789035	400.0	mg/kg	intraperitoneal	db/db	Mice	male	10.0	genetic	47.5		1+every1days	14.0	14.0	ADULT,OLDER_ADULT	PHASE2	80.0	Metformin	500.0	2+every1days	84.0	168.0	84000.0	-0.35
PMC3462199_NCT00789035	400.0	mg/kg	intraperitoneal	db/db	Mice	male	10.0	genetic	47.5		1+every1days	14.0	14.0	ADULT,OLDER_ADULT	PHASE2	80.0	Metformin	500.0	2+every1days	84.0	168.0	84000.0	-0.38
PMC3462199_NCT00789035	400.0	mg/kg	intraperitoneal	db/db	Mice	male	12.0	genetic	47.5		1+every1days	14.0	14.0	ADULT,OLDER_ADULT	PHASE2	80.0	Metformin	500.0	2+every1days	84.0	168.0	84000.0	-0.45
PMC3462199_NCT00789035	400.0	mg/kg	intraperitoneal	db/db	Mice	male	12.0	genetic	47.5		1+every1days	14.0	14.0	ADULT,OLDER_ADULT	PHASE2	80.0	Metformin	500.0	2+every1days	84.0	168.0	84000.0	-0.48000000000000004
PMC9313150_NCT00789035	200.0	mg/kg	oral	Wistar	Rats	male		high-fat diet+streptozotocin	185.0		1+every1days	84.0	84.0	ADULT,OLDER_ADULT	PHASE2	80.0	Metformin	500.0	2+every1days	84.0	168.0	84000.0	1.35
PMC9313150_NCT00789035	200.0	mg/kg	oral	Wistar	Rats	male		high-fat diet+streptozotocin	185.0		1+every1days	84.0	84.0	ADULT,OLDER_ADULT	PHASE2	80.0	Metformin	500.0	2+every1days	84.0	168.0	84000.0	1.32
PMC7092631_NCT00789035	10.0	mg/kg	intragastric	Wistar	Rats	male	10.0	high-fat diet+streptozotocin	200.0		1+every1days	28.0	28.0	ADULT,OLDER_ADULT	PHASE2	81.0	Empagliflozin	5.0	1+every1days	84.0	84.0	420.0	-0.25
PMC7092631_NCT00789035	10.0	mg/kg	intragastric	Wistar	Rats	male	10.0	high-fat diet+streptozotocin	200.0		1+every1days	28.0	28.0	ADULT,OLDER_ADULT	PHASE2	81.0	Empagliflozin	5.0	1+every1days	84.0	84.0	420.0	-0.29
PMC7092631_NCT00789035	10.0	mg/kg	intragastric	Wistar	Rats	male	10.0	high-fat diet+streptozotocin	200.0		1+every1days	28.0	28.0	ADULT,OLDER_ADULT	PHASE2	81.0	Empagliflozin	10.0	1+every1days	84.0	84.0	840.0	-0.3
PMC7092631_NCT00789035	10.0	mg/kg	intragastric	Wistar	Rats	male	10.0	high-fat diet+streptozotocin	200.0		1+every1days	28.0	28.0	ADULT,OLDER_ADULT	PHASE2	81.0	Empagliflozin	10.0	1+every1days	84.0	84.0	840.0	-0.35000000000000003
PMC7092631_NCT00789035	10.0	mg/kg	intragastric	Wistar	Rats	male	10.0	high-fat diet+streptozotocin	200.0		1+every1days	28.0	28.0	ADULT,OLDER_ADULT	PHASE2	82.0	Empagliflozin	25.0	1+every1days	84.0	84.0	2100.0	-0.45
PMC7092631_NCT00789035	10.0	mg/kg	intragastric	Wistar	Rats	male	10.0	high-fat diet+streptozotocin	200.0		1+every1days	28.0	28.0	ADULT,OLDER_ADULT	PHASE2	82.0	Empagliflozin	25.0	1+every1days	84.0	84.0	2100.0	-0.48000000000000004
PMC7092631_NCT00789035	200.0	mg/kg	intragastric	Wistar	Rats	male	10.0	high-fat diet+streptozotocin	200.0		1+every1days	28.0	28.0	ADULT,OLDER_ADULT	PHASE2	80.0	Metformin	500.0	2+every1days	84.0	168.0	84000.0	0.06999999999999995
PMC7092631_NCT00789035	200.0	mg/kg	intragastric	Wistar	Rats	male	10.0	high-fat diet+streptozotocin	200.0		1+every1days	28.0	28.0	ADULT,OLDER_ADULT	PHASE2	80.0	Metformin	500.0	2+every1days	84.0	168.0	84000.0	0.039999999999999925
PMC8800605_NCT00789035	60.0	mg/kg	oral	Wistar	Rats	male	12.0	high-fat diet+streptozotocin	176.8		1+every1days	14.0	14.0	ADULT,OLDER_ADULT	PHASE2	80.0	Metformin	500.0	2+every1days	84.0	168.0	84000.0	-0.54
PMC8800605_NCT00789035	60.0	mg/kg	oral	Wistar	Rats	male	12.0	high-fat diet+streptozotocin	176.8		1+every1days	14.0	14.0	ADULT,OLDER_ADULT	PHASE2	80.0	Metformin	500.0	2+every1days	84.0	168.0	84000.0	-0.5700000000000001
PMC4826921_NCT00789035	200.0	mg/kg	oral	Wistar	Rats	male	20.0	high-fat diet	110.0		1+every1days	60.0	60.0	ADULT,OLDER_ADULT	PHASE2	80.0	Metformin	500.0	2+every1days	84.0	168.0	84000.0	0.8500000000000001
PMC4826921_NCT00789035	200.0	mg/kg	oral	Wistar	Rats	male	20.0	high-fat diet	110.0		1+every1days	60.0	60.0	ADULT,OLDER_ADULT	PHASE2	80.0	Metformin	500.0	2+every1days	84.0	168.0	84000.0	0.8200000000000001
PMC7034448_NCT00789035	500.0	mg/kg	oral	Wistar	Rats	male	6.0	high-fat diet+streptozotocin	190.0		1+every1days	30.0	30.0	ADULT,OLDER_ADULT	PHASE2	80.0	Metformin	500.0	2+every1days	84.0	168.0	84000.0	4.35
PMC7034448_NCT00789035	500.0	mg/kg	oral	Wistar	Rats	male	6.0	high-fat diet+streptozotocin	190.0		1+every1days	30.0	30.0	ADULT,OLDER_ADULT	PHASE2	80.0	Metformin	500.0	2+every1days	84.0	168.0	84000.0	4.319999999999999
PMC4884299_NCT00789035	150.0	mg/kg	oral	Wistar	Rats	male	6.0	streptozotocin+nicotinamide	280.0		1+every1days	42.0	42.0	ADULT,OLDER_ADULT	PHASE2	80.0	Metformin	500.0	2+every1days	84.0	168.0	84000.0	1.5899999999999999
PMC4884299_NCT00789035	150.0	mg/kg	oral	Wistar	Rats	male	6.0	streptozotocin+nicotinamide	280.0		1+every1days	42.0	42.0	ADULT,OLDER_ADULT	PHASE2	80.0	Metformin	500.0	2+every1days	84.0	168.0	84000.0	1.5599999999999998
PMC9953164_NCT00789035	200.0	mg/kg	Unknown	Wistar	Rats	male	8.0	high-fat diet+streptozotocin	185.0		1+every1days	84.0	84.0	ADULT,OLDER_ADULT	PHASE2	80.0	Metformin	500.0	2+every1days	84.0	168.0	84000.0	1.75
PMC9953164_NCT00789035	200.0	mg/kg	Unknown	Wistar	Rats	male	8.0	high-fat diet+streptozotocin	185.0		1+every1days	84.0	84.0	ADULT,OLDER_ADULT	PHASE2	80.0	Metformin	500.0	2+every1days	84.0	168.0	84000.0	1.72
PMC5491464_NCT00789035	10.0	mg/kg	oral	Zucker Diabetic Fatty	Rats	Unknown		genetic		112.0	1+every1days	42.0	42.0	ADULT,OLDER_ADULT	PHASE2	81.0	Empagliflozin	5.0	1+every1days	84.0	84.0	420.0	3.8699999999999997
PMC5491464_NCT00789035	30.0	mg/kg	oral	Zucker Diabetic Fatty	Rats	Unknown		genetic		112.0	1+every1days	42.0	42.0	ADULT,OLDER_ADULT	PHASE2	81.0	Empagliflozin	5.0	1+every1days	84.0	84.0	420.0	4.57
PMC5491464_NCT00789035	10.0	mg/kg	oral	Zucker Diabetic Fatty	Rats	Unknown		genetic		112.0	1+every1days	42.0	42.0	ADULT,OLDER_ADULT	PHASE2	81.0	Empagliflozin	5.0	1+every1days	84.0	84.0	420.0	3.83
PMC5491464_NCT00789035	30.0	mg/kg	oral	Zucker Diabetic Fatty	Rats	Unknown		genetic		112.0	1+every1days	42.0	42.0	ADULT,OLDER_ADULT	PHASE2	81.0	Empagliflozin	5.0	1+every1days	84.0	84.0	420.0	4.53
PMC5491464_NCT00789035	10.0	mg/kg	oral	Zucker Diabetic Fatty	Rats	Unknown		genetic		112.0	1+every1days	42.0	42.0	ADULT,OLDER_ADULT	PHASE2	81.0	Empagliflozin	10.0	1+every1days	84.0	84.0	840.0	3.82
PMC5491464_NCT00789035	30.0	mg/kg	oral	Zucker Diabetic Fatty	Rats	Unknown		genetic		112.0	1+every1days	42.0	42.0	ADULT,OLDER_ADULT	PHASE2	81.0	Empagliflozin	10.0	1+every1days	84.0	84.0	840.0	4.52
PMC5491464_NCT00789035	10.0	mg/kg	oral	Zucker Diabetic Fatty	Rats	Unknown		genetic		112.0	1+every1days	42.0	42.0	ADULT,OLDER_ADULT	PHASE2	81.0	Empagliflozin	10.0	1+every1days	84.0	84.0	840.0	3.7699999999999996
PMC5491464_NCT00789035	30.0	mg/kg	oral	Zucker Diabetic Fatty	Rats	Unknown		genetic		112.0	1+every1days	42.0	42.0	ADULT,OLDER_ADULT	PHASE2	81.0	Empagliflozin	10.0	1+every1days	84.0	84.0	840.0	4.47
PMC5491464_NCT00789035	10.0	mg/kg	oral	Zucker Diabetic Fatty	Rats	Unknown		genetic		112.0	1+every1days	42.0	42.0	ADULT,OLDER_ADULT	PHASE2	82.0	Empagliflozin	25.0	1+every1days	84.0	84.0	2100.0	3.67
PMC5491464_NCT00789035	30.0	mg/kg	oral	Zucker Diabetic Fatty	Rats	Unknown		genetic		112.0	1+every1days	42.0	42.0	ADULT,OLDER_ADULT	PHASE2	82.0	Empagliflozin	25.0	1+every1days	84.0	84.0	2100.0	4.37
PMC5491464_NCT00789035	10.0	mg/kg	oral	Zucker Diabetic Fatty	Rats	Unknown		genetic		112.0	1+every1days	42.0	42.0	ADULT,OLDER_ADULT	PHASE2	82.0	Empagliflozin	25.0	1+every1days	84.0	84.0	2100.0	3.6399999999999997
PMC5491464_NCT00789035	30.0	mg/kg	oral	Zucker Diabetic Fatty	Rats	Unknown		genetic		112.0	1+every1days	42.0	42.0	ADULT,OLDER_ADULT	PHASE2	82.0	Empagliflozin	25.0	1+every1days	84.0	84.0	2100.0	4.34
PMC9681650_NCT00789035	60.0	mg/kg	oral	Wistar	Rats	male	12.0	high-fat diet+streptozotocin	176.8	120.0	1+every1days	14.0	14.0	ADULT,OLDER_ADULT	PHASE2	80.0	Metformin	500.0	2+every1days	84.0	168.0	84000.0	-0.65
PMC9681650_NCT00789035	60.0	mg/kg	oral	Wistar	Rats	male	12.0	high-fat diet+streptozotocin	176.8	120.0	1+every1days	14.0	14.0	ADULT,OLDER_ADULT	PHASE2	80.0	Metformin	500.0	2+every1days	84.0	168.0	84000.0	-0.68
PMC4423537_NCT00789035	300.0	mg/kg	oral	Otsuka Long-Evans Tokushima Fatty	Rats	male	14.0	genetic		140.0	1+every1days	84.0	84.0	ADULT,OLDER_ADULT	PHASE2	80.0	Metformin	500.0	2+every1days	84.0	168.0	84000.0	0.8500000000000001
PMC4423537_NCT00789035	300.0	mg/kg	oral	Otsuka Long-Evans Tokushima Fatty	Rats	male	14.0	genetic		140.0	1+every1days	84.0	84.0	ADULT,OLDER_ADULT	PHASE2	80.0	Metformin	500.0	2+every1days	84.0	168.0	84000.0	0.8200000000000001
PMC9470898_NCT00789035	0.1	% (w/w)	oral	NONcNZO10/LtJ	Mice	male	10.0	genetic		147.0	Unknown	126.0		ADULT,OLDER_ADULT	PHASE2	80.0	Metformin	500.0	2+every1days	84.0	168.0	84000.0	-0.25
PMC9470898_NCT00789035	0.1	% (w/w)	oral	NONcNZO10/LtJ	Mice	male	10.0	genetic		147.0	Unknown	126.0		ADULT,OLDER_ADULT	PHASE2	80.0	Metformin	500.0	2+every1days	84.0	168.0	84000.0	-0.28
PMC5840580_NCT00789035	300.0	mg/kg	oral	Otsuka Long-Evans Tokushima Fatty	Rats	male	6.0	high-fat diet		168.0	1+every1days	84.0	84.0	ADULT,OLDER_ADULT	PHASE2	80.0	Metformin	500.0	2+every1days	84.0	168.0	84000.0	0.75
PMC5840580_NCT00789035	300.0	mg/kg	oral	Otsuka Long-Evans Tokushima Fatty	Rats	male	6.0	high-fat diet		168.0	1+every1days	84.0	84.0	ADULT,OLDER_ADULT	PHASE2	80.0	Metformin	500.0	2+every1days	84.0	168.0	84000.0	0.72
PMC3465985_NCT00789035	350.0	mg/kg	oral	Spontaneously Diabetic Torii	Rats	male	10.0	genetic		175.0	1+every1days	119.0	119.0	ADULT,OLDER_ADULT	PHASE2	80.0	Metformin	500.0	2+every1days	84.0	168.0	84000.0	0.56
PMC3465985_NCT00789035	350.0	mg/kg	oral	Spontaneously Diabetic Torii	Rats	male	10.0	genetic		175.0	1+every1days	119.0	119.0	ADULT,OLDER_ADULT	PHASE2	80.0	Metformin	500.0	2+every1days	84.0	168.0	84000.0	0.53
PMC5319739_NCT00789035	50.0	mg/kg	gastric intubation	Psammomys obesus	Gerbillinae	male	30.0	high-fat diet	100.0	240.0	1+every1days	84.0	84.0	ADULT,OLDER_ADULT	PHASE2	80.0	Metformin	500.0	2+every1days	84.0	168.0	84000.0	3.45
PMC5319739_NCT00789035	50.0	mg/kg	gastric intubation	Psammomys obesus	Gerbillinae	male	30.0	high-fat diet	100.0	240.0	1+every1days	84.0	84.0	ADULT,OLDER_ADULT	PHASE2	80.0	Metformin	500.0	2+every1days	84.0	168.0	84000.0	3.42
PMC9698742_NCT00789035	200.0	mg/kg	oral	Wistar	Rats	male	5.0	streptozotocin	225.0	270.0	1+every1days	45.0	45.0	ADULT,OLDER_ADULT	PHASE2	80.0	Metformin	500.0	2+every1days	84.0	168.0	84000.0	1.85
PMC9698742_NCT00789035	200.0	mg/kg	oral	Wistar	Rats	male	5.0	streptozotocin	225.0	270.0	1+every1days	45.0	45.0	ADULT,OLDER_ADULT	PHASE2	80.0	Metformin	500.0	2+every1days	84.0	168.0	84000.0	1.82
PMC7727825_NCT00789035	200.0	mg/kg	oral	C57BLKS/J-db/db	Mice	male	8.0	genetic		35.0	1+every1days	63.0	63.0	ADULT,OLDER_ADULT	PHASE2	80.0	Metformin	500.0	2+every1days	84.0	168.0	84000.0	2.25
PMC7727825_NCT00789035	200.0	mg/kg	oral	C57BLKS/J-db/db	Mice	male	8.0	genetic		35.0	1+every1days	63.0	63.0	ADULT,OLDER_ADULT	PHASE2	80.0	Metformin	500.0	2+every1days	84.0	168.0	84000.0	2.2199999999999998
PMC7598587_NCT00789035	200.0	mg/kg	oral	C57BL/6N	Mice	male	8.0	high-fat diet+streptozotocin		38.5	1+every1days	28.0	28.0	ADULT,OLDER_ADULT	PHASE2	80.0	Metformin	500.0	2+every1days	84.0	168.0	84000.0	1.1
PMC7598587_NCT00789035	200.0	mg/kg	oral	C57BL/6N	Mice	male	8.0	high-fat diet+streptozotocin		38.5	1+every1days	28.0	28.0	ADULT,OLDER_ADULT	PHASE2	80.0	Metformin	500.0	2+every1days	84.0	168.0	84000.0	1.07
PMC4726511_NCT00789035	10.0	mg/kg	oral	db/db	Mice	Unknown	5.0	genetic		42.0	1+every1days	28.0	28.0	ADULT,OLDER_ADULT	PHASE2	80.0	Metformin	500.0	2+every1days	84.0	168.0	84000.0	-0.15000000000000002
PMC4726511_NCT00789035	10.0	mg/kg	oral	db/db	Mice	Unknown	5.0	genetic		42.0	1+every1days	28.0	28.0	ADULT,OLDER_ADULT	PHASE2	80.0	Metformin	500.0	2+every1days	84.0	168.0	84000.0	-0.18000000000000005
PMC5485244_NCT00789035	500.0	mg/kg	oral	C57BL/6J	Mice	male	16.0	high-fat diet		42.0	1+every1days	84.0	84.0	ADULT,OLDER_ADULT	PHASE2	80.0	Metformin	500.0	2+every1days	84.0	168.0	84000.0	-0.35
PMC5485244_NCT00789035	500.0	mg/kg	oral	C57BL/6J	Mice	male	16.0	high-fat diet		42.0	1+every1days	84.0	84.0	ADULT,OLDER_ADULT	PHASE2	80.0	Metformin	500.0	2+every1days	84.0	168.0	84000.0	-0.38
PMC6273299_NCT00789035	200.0	mg/kg	Unknown	Zucker Diabetic Fatty	Rats	male	6.0	high-fat diet		42.0	1+every1days	84.0	84.0	ADULT,OLDER_ADULT	PHASE2	80.0	Metformin	500.0	2+every1days	84.0	168.0	84000.0	0.55
PMC6273299_NCT00789035	200.0	mg/kg	Unknown	Zucker Diabetic Fatty	Rats	male	6.0	high-fat diet		42.0	1+every1days	84.0	84.0	ADULT,OLDER_ADULT	PHASE2	80.0	Metformin	500.0	2+every1days	84.0	168.0	84000.0	0.52
PMC3327803_NCT00789035	200.0	mg/kg	intraperitoneal	db/db	Mice	male	11.0	genetic		49.0	1+every1days	126.0	126.0	ADULT,OLDER_ADULT	PHASE2	80.0	Metformin	500.0	2+every1days	84.0	168.0	84000.0	-1.05
PMC3327803_NCT00789035	200.0	mg/kg	intraperitoneal	db/db	Mice	male	11.0	genetic		49.0	1+every1days	126.0	126.0	ADULT,OLDER_ADULT	PHASE2	80.0	Metformin	500.0	2+every1days	84.0	168.0	84000.0	-1.08
PMC3907559_NCT00789035	200.0	mg/kg	oral	Zucker Diabetic Fatty	Rats	male	10.0	genetic		49.0	2+every1days	32.0	64.0	ADULT,OLDER_ADULT	PHASE2	80.0	Metformin	500.0	2+every1days	84.0	168.0	84000.0	2.25
PMC3907559_NCT00789035	200.0	mg/kg	oral	Zucker Diabetic Fatty	Rats	male	10.0	genetic		49.0	2+every1days	32.0	64.0	ADULT,OLDER_ADULT	PHASE2	80.0	Metformin	500.0	2+every1days	84.0	168.0	84000.0	2.2199999999999998
PMC7381706_NCT00789035	250.0	mg/kg	oral	ob/ob	Mice	male	8.0	genetic		52.5	1+every1days	26.0	26.0	ADULT,OLDER_ADULT	PHASE2	80.0	Metformin	500.0	2+every1days	84.0	168.0	84000.0	-0.65
PMC7381706_NCT00789035	250.0	mg/kg	oral	ob/ob	Mice	male	8.0	genetic		52.5	1+every1days	26.0	26.0	ADULT,OLDER_ADULT	PHASE2	80.0	Metformin	500.0	2+every1days	84.0	168.0	84000.0	-0.68
PMC10203393_NCT00789035	0.2	g/kg	oral	Sprague-Dawley	Rats	male	8.0	high-fat diet+streptozotocin	150.0	52.5	1+every1days	70.0	70.0	ADULT,OLDER_ADULT	PHASE2	80.0	Metformin	500.0	2+every1days	84.0	168.0	84000.0	4.75
PMC10203393_NCT00789035	0.2	g/kg	oral	Sprague-Dawley	Rats	male	8.0	high-fat diet+streptozotocin	150.0	52.5	1+every1days	70.0	70.0	ADULT,OLDER_ADULT	PHASE2	80.0	Metformin	500.0	2+every1days	84.0	168.0	84000.0	4.72
PMC6359811_NCT00789035	10.0	mg/kg	oral	KK-Ay	Mice	Unknown	15.0	high-fat diet		56.0	1+every1days	70.0	70.0	ADULT,OLDER_ADULT	PHASE2	81.0	Empagliflozin	5.0	1+every1days	84.0	84.0	420.0	4.57
PMC6359811_NCT00789035	10.0	mg/kg	oral	KK-Ay	Mice	Unknown	15.0	high-fat diet		56.0	1+every1days	70.0	70.0	ADULT,OLDER_ADULT	PHASE2	81.0	Empagliflozin	5.0	1+every1days	84.0	84.0	420.0	4.53
PMC6359811_NCT00789035	10.0	mg/kg	oral	KK-Ay	Mice	Unknown	15.0	high-fat diet		56.0	1+every1days	70.0	70.0	ADULT,OLDER_ADULT	PHASE2	81.0	Empagliflozin	10.0	1+every1days	84.0	84.0	840.0	4.52
PMC6359811_NCT00789035	10.0	mg/kg	oral	KK-Ay	Mice	Unknown	15.0	high-fat diet		56.0	1+every1days	70.0	70.0	ADULT,OLDER_ADULT	PHASE2	81.0	Empagliflozin	10.0	1+every1days	84.0	84.0	840.0	4.47
PMC6359811_NCT00789035	10.0	mg/kg	oral	KK-Ay	Mice	Unknown	15.0	high-fat diet		56.0	1+every1days	70.0	70.0	ADULT,OLDER_ADULT	PHASE2	82.0	Empagliflozin	25.0	1+every1days	84.0	84.0	2100.0	4.37
PMC6359811_NCT00789035	10.0	mg/kg	oral	KK-Ay	Mice	Unknown	15.0	high-fat diet		56.0	1+every1days	70.0	70.0	ADULT,OLDER_ADULT	PHASE2	82.0	Empagliflozin	25.0	1+every1days	84.0	84.0	2100.0	4.34
PMC10323656_NCT00789035	200.0	mg/kg	oral gavage	C57BL/6	Mice	male	12.0	high-fat diet+streptozotocin	24.0	56.0	1+every1days	28.0	28.0	ADULT,OLDER_ADULT	PHASE2	80.0	Metformin	500.0	2+every1days	84.0	168.0	84000.0	0.3500000000000001
PMC10323656_NCT00789035	200.0	mg/kg	oral gavage	C57BL/6	Mice	male	12.0	high-fat diet+streptozotocin	24.0	56.0	1+every1days	28.0	28.0	ADULT,OLDER_ADULT	PHASE2	80.0	Metformin	500.0	2+every1days	84.0	168.0	84000.0	0.32000000000000006
PMC3855476_NCT00789035	300.0	mg/kg	oral	db/db	Mice	male	10.0	genetic	44.0	56.0	1+every1days	14.0	14.0	ADULT,OLDER_ADULT	PHASE2	80.0	Metformin	500.0	2+every1days	84.0	168.0	84000.0	-0.050000000000000044
PMC3855476_NCT00789035	300.0	mg/kg	oral	db/db	Mice	male	10.0	genetic	44.0	56.0	1+every1days	14.0	14.0	ADULT,OLDER_ADULT	PHASE2	80.0	Metformin	500.0	2+every1days	84.0	168.0	84000.0	-0.08000000000000007
PMC5881648_NCT00789035	200.0	mg/kg	gavage	Sprague-Dawley	Rats	male	10.0	streptozotocin	200.0	56.0	1+every1days	77.0	77.0	ADULT,OLDER_ADULT	PHASE2	80.0	Metformin	500.0	2+every1days	84.0	168.0	84000.0	2.55
PMC5881648_NCT00789035	200.0	mg/kg	gavage	Sprague-Dawley	Rats	male	10.0	streptozotocin	200.0	56.0	1+every1days	77.0	77.0	ADULT,OLDER_ADULT	PHASE2	80.0	Metformin	500.0	2+every1days	84.0	168.0	84000.0	2.5199999999999996
PMC4444588_NCT00789035	500.0	mg/kg	intragastric	Sprague-Dawley	Rats	male	7.0	high-fat diet+streptozotocin	190.0	60.0	1+every1days	56.0	56.0	ADULT,OLDER_ADULT	PHASE2	80.0	Metformin	500.0	2+every1days	84.0	168.0	84000.0	3.25
PMC4444588_NCT00789035	500.0	mg/kg	intragastric	Sprague-Dawley	Rats	male	7.0	high-fat diet+streptozotocin	190.0	60.0	1+every1days	56.0	56.0	ADULT,OLDER_ADULT	PHASE2	80.0	Metformin	500.0	2+every1days	84.0	168.0	84000.0	3.2199999999999998
PMC4444588_NCT00789035	150.0	mg/kg	intragastric	Sprague-Dawley	Rats	male	8.0	high-fat diet+streptozotocin	190.0	60.0	1+every1days	56.0	56.0	ADULT,OLDER_ADULT	PHASE2	80.0	Metformin	500.0	2+every1days	84.0	168.0	84000.0	0.25
PMC4444588_NCT00789035	300.0	mg/kg	intragastric	Sprague-Dawley	Rats	male	8.0	high-fat diet+streptozotocin	190.0	60.0	1+every1days	56.0	56.0	ADULT,OLDER_ADULT	PHASE2	80.0	Metformin	500.0	2+every1days	84.0	168.0	84000.0	1.25
PMC4444588_NCT00789035	150.0	mg/kg	intragastric	Sprague-Dawley	Rats	male	8.0	high-fat diet+streptozotocin	190.0	60.0	1+every1days	56.0	56.0	ADULT,OLDER_ADULT	PHASE2	80.0	Metformin	500.0	2+every1days	84.0	168.0	84000.0	0.21999999999999997
PMC4444588_NCT00789035	300.0	mg/kg	intragastric	Sprague-Dawley	Rats	male	8.0	high-fat diet+streptozotocin	190.0	60.0	1+every1days	56.0	56.0	ADULT,OLDER_ADULT	PHASE2	80.0	Metformin	500.0	2+every1days	84.0	168.0	84000.0	1.22
PMC4097088_NCT00789035	300.0	mg/kg	oral	C57BL/6	Mice	Unknown	8.0	high-fat diet		70.0	1+every1days	14.0	14.0	ADULT,OLDER_ADULT	PHASE2	80.0	Metformin	500.0	2+every1days	84.0	168.0	84000.0	-0.15000000000000002
PMC4097088_NCT00789035	300.0	mg/kg	oral	C57BL/6	Mice	Unknown	8.0	high-fat diet		70.0	1+every1days	14.0	14.0	ADULT,OLDER_ADULT	PHASE2	80.0	Metformin	500.0	2+every1days	84.0	168.0	84000.0	-0.18000000000000005
PMC9457892_NCT00789035	150.0	mg/kg	oral	C57BL/6	Mice	male	8.0	streptozotocin	27.5	70.0	1+every1days	42.0	42.0	ADULT,OLDER_ADULT	PHASE2	80.0	Metformin	500.0	2+every1days	84.0	168.0	84000.0	3.55
PMC9457892_NCT00789035	150.0	mg/kg	oral	C57BL/6	Mice	male	8.0	streptozotocin	27.5	70.0	1+every1days	42.0	42.0	ADULT,OLDER_ADULT	PHASE2	80.0	Metformin	500.0	2+every1days	84.0	168.0	84000.0	3.5199999999999996
PMC8745465_NCT00789035	120.0	mg/kg	oral	Wistar	Rats	male	30.0	high-fat diet+streptozotocin	170.0	70.0	1+every1days	35.0	35.0	ADULT,OLDER_ADULT	PHASE2	80.0	Metformin	500.0	2+every1days	84.0	168.0	84000.0	0.76
PMC8745465_NCT00789035	120.0	mg/kg	oral	Wistar	Rats	male	30.0	high-fat diet+streptozotocin	170.0	70.0	1+every1days	35.0	35.0	ADULT,OLDER_ADULT	PHASE2	80.0	Metformin	500.0	2+every1days	84.0	168.0	84000.0	0.73
PMC6681671_NCT00789035	10.0	mg/kg	oral	ob/ob	Mice	male	12.5	genetic		77.0	1+every1days	42.0	42.0	ADULT,OLDER_ADULT	PHASE2	81.0	Empagliflozin	5.0	1+every1days	84.0	84.0	420.0	0.97
PMC6681671_NCT00789035	10.0	mg/kg	oral	ob/ob	Mice	male	12.5	genetic		77.0	1+every1days	42.0	42.0	ADULT,OLDER_ADULT	PHASE2	81.0	Empagliflozin	5.0	1+every1days	84.0	84.0	420.0	0.9299999999999999
PMC6681671_NCT00789035	10.0	mg/kg	oral	ob/ob	Mice	male	12.5	genetic		77.0	1+every1days	42.0	42.0	ADULT,OLDER_ADULT	PHASE2	81.0	Empagliflozin	10.0	1+every1days	84.0	84.0	840.0	0.9199999999999999
PMC6681671_NCT00789035	10.0	mg/kg	oral	ob/ob	Mice	male	12.5	genetic		77.0	1+every1days	42.0	42.0	ADULT,OLDER_ADULT	PHASE2	81.0	Empagliflozin	10.0	1+every1days	84.0	84.0	840.0	0.8699999999999999
PMC6681671_NCT00789035	10.0	mg/kg	oral	ob/ob	Mice	male	12.5	genetic		77.0	1+every1days	42.0	42.0	ADULT,OLDER_ADULT	PHASE2	82.0	Empagliflozin	25.0	1+every1days	84.0	84.0	2100.0	0.7699999999999999
PMC6681671_NCT00789035	10.0	mg/kg	oral	ob/ob	Mice	male	12.5	genetic		77.0	1+every1days	42.0	42.0	ADULT,OLDER_ADULT	PHASE2	82.0	Empagliflozin	25.0	1+every1days	84.0	84.0	2100.0	0.7399999999999999
PMC5489512_NCT00798161	2.0	mg/kg	oral	KK-Ay	Mice	female	10.0	genetic	50.0		1+every1days	42.0	42.0	ADULT,OLDER_ADULT	PHASE3	135.0	Linagliptin	5.0	1+every1days	168.0	168.0	840.0	-0.15000000000000002
PMC5485244_NCT00798161	500.0	mg/kg	oral	C57BL/6J	Mice	male	8.0	high-fat diet			1+every1days			ADULT,OLDER_ADULT	PHASE3	141.0	Metformin	500.0	2+every1days	168.0	336.0	168000.0	-0.24
PMC5485244_NCT00798161	500.0	mg/kg	oral	C57BL/6J	Mice	male	8.0	high-fat diet			1+every1days			ADULT,OLDER_ADULT	PHASE3	138.0	Metformin	1000.0	2+every1days	168.0	336.0	336000.0	-0.67
PMC8657924_NCT00798161	225.0	mg/kg	oral	Kunming	Mice	male	8.0	high-fat diet+streptozotocin	20.0		1+every1days	28.0	28.0	ADULT,OLDER_ADULT	PHASE3	141.0	Metformin	500.0	2+every1days	168.0	336.0	168000.0	3.36
PMC8657924_NCT00798161	225.0	mg/kg	oral	Kunming	Mice	male	8.0	high-fat diet+streptozotocin	20.0		1+every1days	28.0	28.0	ADULT,OLDER_ADULT	PHASE3	138.0	Metformin	1000.0	2+every1days	168.0	336.0	336000.0	2.9299999999999997
PMC3462199_NCT00798161	400.0	mg/kg	intraperitoneal	db/db	Mice	male	10.0	genetic	47.5		1+every1days	14.0	14.0	ADULT,OLDER_ADULT	PHASE3	141.0	Metformin	500.0	2+every1days	168.0	336.0	168000.0	-0.24
PMC3462199_NCT00798161	400.0	mg/kg	intraperitoneal	db/db	Mice	male	10.0	genetic	47.5		1+every1days	14.0	14.0	ADULT,OLDER_ADULT	PHASE3	138.0	Metformin	1000.0	2+every1days	168.0	336.0	336000.0	-0.67
PMC3462199_NCT00798161	400.0	mg/kg	intraperitoneal	db/db	Mice	male	12.0	genetic	47.5		1+every1days	14.0	14.0	ADULT,OLDER_ADULT	PHASE3	141.0	Metformin	500.0	2+every1days	168.0	336.0	168000.0	-0.34
PMC3462199_NCT00798161	400.0	mg/kg	intraperitoneal	db/db	Mice	male	12.0	genetic	47.5		1+every1days	14.0	14.0	ADULT,OLDER_ADULT	PHASE3	138.0	Metformin	1000.0	2+every1days	168.0	336.0	336000.0	-0.77
PMC9313150_NCT00798161	200.0	mg/kg	oral	Wistar	Rats	male		high-fat diet+streptozotocin	185.0		1+every1days	84.0	84.0	ADULT,OLDER_ADULT	PHASE3	141.0	Metformin	500.0	2+every1days	168.0	336.0	168000.0	1.46
PMC9313150_NCT00798161	200.0	mg/kg	oral	Wistar	Rats	male		high-fat diet+streptozotocin	185.0		1+every1days	84.0	84.0	ADULT,OLDER_ADULT	PHASE3	138.0	Metformin	1000.0	2+every1days	168.0	336.0	336000.0	1.03
PMC7092631_NCT00798161	200.0	mg/kg	intragastric	Wistar	Rats	male	10.0	high-fat diet+streptozotocin	200.0		1+every1days	28.0	28.0	ADULT,OLDER_ADULT	PHASE3	141.0	Metformin	500.0	2+every1days	168.0	336.0	168000.0	0.17999999999999994
PMC7092631_NCT00798161	200.0	mg/kg	intragastric	Wistar	Rats	male	10.0	high-fat diet+streptozotocin	200.0		1+every1days	28.0	28.0	ADULT,OLDER_ADULT	PHASE3	138.0	Metformin	1000.0	2+every1days	168.0	336.0	336000.0	-0.2500000000000001
PMC8800605_NCT00798161	60.0	mg/kg	oral	Wistar	Rats	male	12.0	high-fat diet+streptozotocin	176.8		1+every1days	14.0	14.0	ADULT,OLDER_ADULT	PHASE3	141.0	Metformin	500.0	2+every1days	168.0	336.0	168000.0	-0.43000000000000005
PMC8800605_NCT00798161	60.0	mg/kg	oral	Wistar	Rats	male	12.0	high-fat diet+streptozotocin	176.8		1+every1days	14.0	14.0	ADULT,OLDER_ADULT	PHASE3	138.0	Metformin	1000.0	2+every1days	168.0	336.0	336000.0	-0.8600000000000001
PMC4826921_NCT00798161	200.0	mg/kg	oral	Wistar	Rats	male	20.0	high-fat diet	110.0		1+every1days	60.0	60.0	ADULT,OLDER_ADULT	PHASE3	141.0	Metformin	500.0	2+every1days	168.0	336.0	168000.0	0.9600000000000001
PMC4826921_NCT00798161	200.0	mg/kg	oral	Wistar	Rats	male	20.0	high-fat diet	110.0		1+every1days	60.0	60.0	ADULT,OLDER_ADULT	PHASE3	138.0	Metformin	1000.0	2+every1days	168.0	336.0	336000.0	0.53
PMC7034448_NCT00798161	500.0	mg/kg	oral	Wistar	Rats	male	6.0	high-fat diet+streptozotocin	190.0		1+every1days	30.0	30.0	ADULT,OLDER_ADULT	PHASE3	141.0	Metformin	500.0	2+every1days	168.0	336.0	168000.0	4.46
PMC7034448_NCT00798161	500.0	mg/kg	oral	Wistar	Rats	male	6.0	high-fat diet+streptozotocin	190.0		1+every1days	30.0	30.0	ADULT,OLDER_ADULT	PHASE3	138.0	Metformin	1000.0	2+every1days	168.0	336.0	336000.0	4.029999999999999
PMC4884299_NCT00798161	150.0	mg/kg	oral	Wistar	Rats	male	6.0	streptozotocin+nicotinamide	280.0		1+every1days	42.0	42.0	ADULT,OLDER_ADULT	PHASE3	141.0	Metformin	500.0	2+every1days	168.0	336.0	168000.0	1.6999999999999997
PMC4884299_NCT00798161	150.0	mg/kg	oral	Wistar	Rats	male	6.0	streptozotocin+nicotinamide	280.0		1+every1days	42.0	42.0	ADULT,OLDER_ADULT	PHASE3	138.0	Metformin	1000.0	2+every1days	168.0	336.0	336000.0	1.2699999999999998
PMC9953164_NCT00798161	200.0	mg/kg	Unknown	Wistar	Rats	male	8.0	high-fat diet+streptozotocin	185.0		1+every1days	84.0	84.0	ADULT,OLDER_ADULT	PHASE3	141.0	Metformin	500.0	2+every1days	168.0	336.0	168000.0	1.8599999999999999
PMC9953164_NCT00798161	200.0	mg/kg	Unknown	Wistar	Rats	male	8.0	high-fat diet+streptozotocin	185.0		1+every1days	84.0	84.0	ADULT,OLDER_ADULT	PHASE3	138.0	Metformin	1000.0	2+every1days	168.0	336.0	336000.0	1.43
PMC9681650_NCT00798161	60.0	mg/kg	oral	Wistar	Rats	male	12.0	high-fat diet+streptozotocin	176.8	120.0	1+every1days	14.0	14.0	ADULT,OLDER_ADULT	PHASE3	141.0	Metformin	500.0	2+every1days	168.0	336.0	168000.0	-0.54
PMC9681650_NCT00798161	60.0	mg/kg	oral	Wistar	Rats	male	12.0	high-fat diet+streptozotocin	176.8	120.0	1+every1days	14.0	14.0	ADULT,OLDER_ADULT	PHASE3	138.0	Metformin	1000.0	2+every1days	168.0	336.0	336000.0	-0.9700000000000001
PMC4423537_NCT00798161	300.0	mg/kg	oral	Otsuka Long-Evans Tokushima Fatty	Rats	male	14.0	genetic		140.0	1+every1days	84.0	84.0	ADULT,OLDER_ADULT	PHASE3	141.0	Metformin	500.0	2+every1days	168.0	336.0	168000.0	0.9600000000000001
PMC4423537_NCT00798161	300.0	mg/kg	oral	Otsuka Long-Evans Tokushima Fatty	Rats	male	14.0	genetic		140.0	1+every1days	84.0	84.0	ADULT,OLDER_ADULT	PHASE3	138.0	Metformin	1000.0	2+every1days	168.0	336.0	336000.0	0.53
PMC9470898_NCT00798161	0.1	% (w/w)	oral	NONcNZO10/LtJ	Mice	male	10.0	genetic		147.0	Unknown	126.0		ADULT,OLDER_ADULT	PHASE3	141.0	Metformin	500.0	2+every1days	168.0	336.0	168000.0	-0.14
PMC9470898_NCT00798161	0.1	% (w/w)	oral	NONcNZO10/LtJ	Mice	male	10.0	genetic		147.0	Unknown	126.0		ADULT,OLDER_ADULT	PHASE3	138.0	Metformin	1000.0	2+every1days	168.0	336.0	336000.0	-0.5700000000000001
PMC5840580_NCT00798161	300.0	mg/kg	oral	Otsuka Long-Evans Tokushima Fatty	Rats	male	6.0	high-fat diet		168.0	1+every1days	84.0	84.0	ADULT,OLDER_ADULT	PHASE3	141.0	Metformin	500.0	2+every1days	168.0	336.0	168000.0	0.86
PMC5840580_NCT00798161	300.0	mg/kg	oral	Otsuka Long-Evans Tokushima Fatty	Rats	male	6.0	high-fat diet		168.0	1+every1days	84.0	84.0	ADULT,OLDER_ADULT	PHASE3	138.0	Metformin	1000.0	2+every1days	168.0	336.0	336000.0	0.42999999999999994
PMC3465985_NCT00798161	350.0	mg/kg	oral	Spontaneously Diabetic Torii	Rats	male	10.0	genetic		175.0	1+every1days	119.0	119.0	ADULT,OLDER_ADULT	PHASE3	141.0	Metformin	500.0	2+every1days	168.0	336.0	168000.0	0.67
PMC3465985_NCT00798161	350.0	mg/kg	oral	Spontaneously Diabetic Torii	Rats	male	10.0	genetic		175.0	1+every1days	119.0	119.0	ADULT,OLDER_ADULT	PHASE3	138.0	Metformin	1000.0	2+every1days	168.0	336.0	336000.0	0.24
PMC5319739_NCT00798161	50.0	mg/kg	gastric intubation	Psammomys obesus	Gerbillinae	male	30.0	high-fat diet	100.0	240.0	1+every1days	84.0	84.0	ADULT,OLDER_ADULT	PHASE3	141.0	Metformin	500.0	2+every1days	168.0	336.0	168000.0	3.56
PMC5319739_NCT00798161	50.0	mg/kg	gastric intubation	Psammomys obesus	Gerbillinae	male	30.0	high-fat diet	100.0	240.0	1+every1days	84.0	84.0	ADULT,OLDER_ADULT	PHASE3	138.0	Metformin	1000.0	2+every1days	168.0	336.0	336000.0	3.13
PMC9698742_NCT00798161	200.0	mg/kg	oral	Wistar	Rats	male	5.0	streptozotocin	225.0	270.0	1+every1days	45.0	45.0	ADULT,OLDER_ADULT	PHASE3	141.0	Metformin	500.0	2+every1days	168.0	336.0	168000.0	1.96
PMC9698742_NCT00798161	200.0	mg/kg	oral	Wistar	Rats	male	5.0	streptozotocin	225.0	270.0	1+every1days	45.0	45.0	ADULT,OLDER_ADULT	PHASE3	138.0	Metformin	1000.0	2+every1days	168.0	336.0	336000.0	1.53
PMC7727825_NCT00798161	200.0	mg/kg	oral	C57BLKS/J-db/db	Mice	male	8.0	genetic		35.0	1+every1days	63.0	63.0	ADULT,OLDER_ADULT	PHASE3	141.0	Metformin	500.0	2+every1days	168.0	336.0	168000.0	2.36
PMC7727825_NCT00798161	200.0	mg/kg	oral	C57BLKS/J-db/db	Mice	male	8.0	genetic		35.0	1+every1days	63.0	63.0	ADULT,OLDER_ADULT	PHASE3	138.0	Metformin	1000.0	2+every1days	168.0	336.0	336000.0	1.93
PMC6701666_NCT00798161	3.0	mg/kg	oral	db/db	Mice	female	12.0	genetic		38.5	1+every1days	42.0	42.0	ADULT,OLDER_ADULT	PHASE3	135.0	Linagliptin	5.0	1+every1days	168.0	168.0	840.0	-0.45
PMC7598587_NCT00798161	200.0	mg/kg	oral	C57BL/6N	Mice	male	8.0	high-fat diet+streptozotocin		38.5	1+every1days	28.0	28.0	ADULT,OLDER_ADULT	PHASE3	141.0	Metformin	500.0	2+every1days	168.0	336.0	168000.0	1.21
PMC7598587_NCT00798161	200.0	mg/kg	oral	C57BL/6N	Mice	male	8.0	high-fat diet+streptozotocin		38.5	1+every1days	28.0	28.0	ADULT,OLDER_ADULT	PHASE3	138.0	Metformin	1000.0	2+every1days	168.0	336.0	336000.0	0.78
PMC4726511_NCT00798161	10.0	mg/kg	oral	db/db	Mice	Unknown	5.0	genetic		42.0	1+every1days	28.0	28.0	ADULT,OLDER_ADULT	PHASE3	141.0	Metformin	500.0	2+every1days	168.0	336.0	168000.0	-0.040000000000000036
PMC4726511_NCT00798161	10.0	mg/kg	oral	db/db	Mice	Unknown	5.0	genetic		42.0	1+every1days	28.0	28.0	ADULT,OLDER_ADULT	PHASE3	138.0	Metformin	1000.0	2+every1days	168.0	336.0	336000.0	-0.4700000000000001
PMC5485244_NCT00798161	500.0	mg/kg	oral	C57BL/6J	Mice	male	16.0	high-fat diet		42.0	1+every1days	84.0	84.0	ADULT,OLDER_ADULT	PHASE3	141.0	Metformin	500.0	2+every1days	168.0	336.0	168000.0	-0.24
PMC5485244_NCT00798161	500.0	mg/kg	oral	C57BL/6J	Mice	male	16.0	high-fat diet		42.0	1+every1days	84.0	84.0	ADULT,OLDER_ADULT	PHASE3	138.0	Metformin	1000.0	2+every1days	168.0	336.0	336000.0	-0.67
PMC5152931_NCT00798161	0.083	mg/kg	oral	Wistar	Rats	male	22.0	streptozotocin		42.0	Unknown	168.0		ADULT,OLDER_ADULT	PHASE3	135.0	Linagliptin	5.0	1+every1days	168.0	168.0	840.0	1.55
PMC6273299_NCT00798161	200.0	mg/kg	Unknown	Zucker Diabetic Fatty	Rats	male	6.0	high-fat diet		42.0	1+every1days	84.0	84.0	ADULT,OLDER_ADULT	PHASE3	141.0	Metformin	500.0	2+every1days	168.0	336.0	168000.0	0.66
PMC6273299_NCT00798161	200.0	mg/kg	Unknown	Zucker Diabetic Fatty	Rats	male	6.0	high-fat diet		42.0	1+every1days	84.0	84.0	ADULT,OLDER_ADULT	PHASE3	138.0	Metformin	1000.0	2+every1days	168.0	336.0	336000.0	0.22999999999999998
PMC3327803_NCT00798161	200.0	mg/kg	intraperitoneal	db/db	Mice	male	11.0	genetic		49.0	1+every1days	126.0	126.0	ADULT,OLDER_ADULT	PHASE3	141.0	Metformin	500.0	2+every1days	168.0	336.0	168000.0	-0.94
PMC3327803_NCT00798161	200.0	mg/kg	intraperitoneal	db/db	Mice	male	11.0	genetic		49.0	1+every1days	126.0	126.0	ADULT,OLDER_ADULT	PHASE3	138.0	Metformin	1000.0	2+every1days	168.0	336.0	336000.0	-1.37
PMC3907559_NCT00798161	200.0	mg/kg	oral	Zucker Diabetic Fatty	Rats	male	10.0	genetic		49.0	2+every1days	32.0	64.0	ADULT,OLDER_ADULT	PHASE3	141.0	Metformin	500.0	2+every1days	168.0	336.0	168000.0	2.36
PMC3907559_NCT00798161	200.0	mg/kg	oral	Zucker Diabetic Fatty	Rats	male	10.0	genetic		49.0	2+every1days	32.0	64.0	ADULT,OLDER_ADULT	PHASE3	138.0	Metformin	1000.0	2+every1days	168.0	336.0	336000.0	1.93
PMC7381706_NCT00798161	250.0	mg/kg	oral	ob/ob	Mice	male	8.0	genetic		52.5	1+every1days	26.0	26.0	ADULT,OLDER_ADULT	PHASE3	141.0	Metformin	500.0	2+every1days	168.0	336.0	168000.0	-0.54
PMC7381706_NCT00798161	250.0	mg/kg	oral	ob/ob	Mice	male	8.0	genetic		52.5	1+every1days	26.0	26.0	ADULT,OLDER_ADULT	PHASE3	138.0	Metformin	1000.0	2+every1days	168.0	336.0	336000.0	-0.9700000000000001
PMC10203393_NCT00798161	0.2	g/kg	oral	Sprague-Dawley	Rats	male	8.0	high-fat diet+streptozotocin	150.0	52.5	1+every1days	70.0	70.0	ADULT,OLDER_ADULT	PHASE3	141.0	Metformin	500.0	2+every1days	168.0	336.0	168000.0	4.86
PMC10203393_NCT00798161	0.2	g/kg	oral	Sprague-Dawley	Rats	male	8.0	high-fat diet+streptozotocin	150.0	52.5	1+every1days	70.0	70.0	ADULT,OLDER_ADULT	PHASE3	138.0	Metformin	1000.0	2+every1days	168.0	336.0	336000.0	4.43
PMC10323656_NCT00798161	200.0	mg/kg	oral gavage	C57BL/6	Mice	male	12.0	high-fat diet+streptozotocin	24.0	56.0	1+every1days	28.0	28.0	ADULT,OLDER_ADULT	PHASE3	141.0	Metformin	500.0	2+every1days	168.0	336.0	168000.0	0.4600000000000001
PMC10323656_NCT00798161	200.0	mg/kg	oral gavage	C57BL/6	Mice	male	12.0	high-fat diet+streptozotocin	24.0	56.0	1+every1days	28.0	28.0	ADULT,OLDER_ADULT	PHASE3	138.0	Metformin	1000.0	2+every1days	168.0	336.0	336000.0	0.030000000000000027
PMC3855476_NCT00798161	300.0	mg/kg	oral	db/db	Mice	male	10.0	genetic	44.0	56.0	1+every1days	14.0	14.0	ADULT,OLDER_ADULT	PHASE3	141.0	Metformin	500.0	2+every1days	168.0	336.0	168000.0	0.05999999999999994
PMC3855476_NCT00798161	300.0	mg/kg	oral	db/db	Mice	male	10.0	genetic	44.0	56.0	1+every1days	14.0	14.0	ADULT,OLDER_ADULT	PHASE3	138.0	Metformin	1000.0	2+every1days	168.0	336.0	336000.0	-0.3700000000000001
PMC5881648_NCT00798161	200.0	mg/kg	gavage	Sprague-Dawley	Rats	male	10.0	streptozotocin	200.0	56.0	1+every1days	77.0	77.0	ADULT,OLDER_ADULT	PHASE3	141.0	Metformin	500.0	2+every1days	168.0	336.0	168000.0	2.6599999999999997
PMC5881648_NCT00798161	200.0	mg/kg	gavage	Sprague-Dawley	Rats	male	10.0	streptozotocin	200.0	56.0	1+every1days	77.0	77.0	ADULT,OLDER_ADULT	PHASE3	138.0	Metformin	1000.0	2+every1days	168.0	336.0	336000.0	2.2299999999999995
PMC4444588_NCT00798161	500.0	mg/kg	intragastric	Sprague-Dawley	Rats	male	7.0	high-fat diet+streptozotocin	190.0	60.0	1+every1days	56.0	56.0	ADULT,OLDER_ADULT	PHASE3	141.0	Metformin	500.0	2+every1days	168.0	336.0	168000.0	3.36
PMC4444588_NCT00798161	500.0	mg/kg	intragastric	Sprague-Dawley	Rats	male	7.0	high-fat diet+streptozotocin	190.0	60.0	1+every1days	56.0	56.0	ADULT,OLDER_ADULT	PHASE3	138.0	Metformin	1000.0	2+every1days	168.0	336.0	336000.0	2.9299999999999997
PMC4444588_NCT00798161	150.0	mg/kg	intragastric	Sprague-Dawley	Rats	male	8.0	high-fat diet+streptozotocin	190.0	60.0	1+every1days	56.0	56.0	ADULT,OLDER_ADULT	PHASE3	141.0	Metformin	500.0	2+every1days	168.0	336.0	168000.0	0.36
PMC4444588_NCT00798161	300.0	mg/kg	intragastric	Sprague-Dawley	Rats	male	8.0	high-fat diet+streptozotocin	190.0	60.0	1+every1days	56.0	56.0	ADULT,OLDER_ADULT	PHASE3	141.0	Metformin	500.0	2+every1days	168.0	336.0	168000.0	1.3599999999999999
PMC4444588_NCT00798161	150.0	mg/kg	intragastric	Sprague-Dawley	Rats	male	8.0	high-fat diet+streptozotocin	190.0	60.0	1+every1days	56.0	56.0	ADULT,OLDER_ADULT	PHASE3	138.0	Metformin	1000.0	2+every1days	168.0	336.0	336000.0	-0.07000000000000006
PMC4444588_NCT00798161	300.0	mg/kg	intragastric	Sprague-Dawley	Rats	male	8.0	high-fat diet+streptozotocin	190.0	60.0	1+every1days	56.0	56.0	ADULT,OLDER_ADULT	PHASE3	138.0	Metformin	1000.0	2+every1days	168.0	336.0	336000.0	0.9299999999999999
PMC4097088_NCT00798161	300.0	mg/kg	oral	C57BL/6	Mice	Unknown	8.0	high-fat diet		70.0	1+every1days	14.0	14.0	ADULT,OLDER_ADULT	PHASE3	141.0	Metformin	500.0	2+every1days	168.0	336.0	168000.0	-0.040000000000000036
PMC4097088_NCT00798161	300.0	mg/kg	oral	C57BL/6	Mice	Unknown	8.0	high-fat diet		70.0	1+every1days	14.0	14.0	ADULT,OLDER_ADULT	PHASE3	138.0	Metformin	1000.0	2+every1days	168.0	336.0	336000.0	-0.4700000000000001
PMC9457892_NCT00798161	150.0	mg/kg	oral	C57BL/6	Mice	male	8.0	streptozotocin	27.5	70.0	1+every1days	42.0	42.0	ADULT,OLDER_ADULT	PHASE3	141.0	Metformin	500.0	2+every1days	168.0	336.0	168000.0	3.6599999999999997
PMC9457892_NCT00798161	150.0	mg/kg	oral	C57BL/6	Mice	male	8.0	streptozotocin	27.5	70.0	1+every1days	42.0	42.0	ADULT,OLDER_ADULT	PHASE3	138.0	Metformin	1000.0	2+every1days	168.0	336.0	336000.0	3.2299999999999995
PMC8745465_NCT00798161	120.0	mg/kg	oral	Wistar	Rats	male	30.0	high-fat diet+streptozotocin	170.0	70.0	1+every1days	35.0	35.0	ADULT,OLDER_ADULT	PHASE3	141.0	Metformin	500.0	2+every1days	168.0	336.0	168000.0	0.87
PMC8745465_NCT00798161	120.0	mg/kg	oral	Wistar	Rats	male	30.0	high-fat diet+streptozotocin	170.0	70.0	1+every1days	35.0	35.0	ADULT,OLDER_ADULT	PHASE3	138.0	Metformin	1000.0	2+every1days	168.0	336.0	336000.0	0.43999999999999995
PMC5489512_NCT00800683	2.0	mg/kg	oral	KK-Ay	Mice	female	10.0	genetic	50.0		1+every1days	42.0	42.0	ADULT,OLDER_ADULT	PHASE3	66.0	Linagliptin	5.0	1+every1days	126.0	126.0	630.0	-0.26999999999999996
PMC5489512_NCT00800683	2.0	mg/kg	oral	KK-Ay	Mice	female	10.0	genetic	50.0		1+every1days	42.0	42.0	ADULT,OLDER_ADULT	PHASE3	66.0	Linagliptin	5.0	1+every1days	168.0	168.0	840.0	-0.34
PMC5489512_NCT00800683	2.0	mg/kg	oral	KK-Ay	Mice	female	10.0	genetic	50.0		1+every1days	42.0	42.0	ADULT,OLDER_ADULT	PHASE3	66.0	Linagliptin	5.0	1+every1days	364.0	364.0	1820.0	-0.41
PMC5489512_NCT00800683	2.0	mg/kg	oral	KK-Ay	Mice	female	10.0	genetic	50.0		1+every1days	42.0	42.0	ADULT,OLDER_ADULT	PHASE3	66.0	Linagliptin	5.0	1+every1days	84.0	84.0	420.0	-0.46
PMC5489512_NCT00800683	2.0	mg/kg	oral	KK-Ay	Mice	female	10.0	genetic	50.0		1+every1days	42.0	42.0	ADULT,OLDER_ADULT	PHASE3	66.0	Linagliptin	5.0	1+every1days	336.0	336.0	1680.0	-0.47000000000000003
PMC6701666_NCT00800683	3.0	mg/kg	oral	db/db	Mice	female	12.0	genetic		38.5	1+every1days	42.0	42.0	ADULT,OLDER_ADULT	PHASE3	66.0	Linagliptin	5.0	1+every1days	126.0	126.0	630.0	-0.57
PMC6701666_NCT00800683	3.0	mg/kg	oral	db/db	Mice	female	12.0	genetic		38.5	1+every1days	42.0	42.0	ADULT,OLDER_ADULT	PHASE3	66.0	Linagliptin	5.0	1+every1days	168.0	168.0	840.0	-0.64
PMC6701666_NCT00800683	3.0	mg/kg	oral	db/db	Mice	female	12.0	genetic		38.5	1+every1days	42.0	42.0	ADULT,OLDER_ADULT	PHASE3	66.0	Linagliptin	5.0	1+every1days	364.0	364.0	1820.0	-0.71
PMC6701666_NCT00800683	3.0	mg/kg	oral	db/db	Mice	female	12.0	genetic		38.5	1+every1days	42.0	42.0	ADULT,OLDER_ADULT	PHASE3	66.0	Linagliptin	5.0	1+every1days	84.0	84.0	420.0	-0.76
PMC6701666_NCT00800683	3.0	mg/kg	oral	db/db	Mice	female	12.0	genetic		38.5	1+every1days	42.0	42.0	ADULT,OLDER_ADULT	PHASE3	66.0	Linagliptin	5.0	1+every1days	336.0	336.0	1680.0	-0.77
PMC5152931_NCT00800683	0.083	mg/kg	oral	Wistar	Rats	male	22.0	streptozotocin		42.0	Unknown	168.0		ADULT,OLDER_ADULT	PHASE3	66.0	Linagliptin	5.0	1+every1days	126.0	126.0	630.0	1.4300000000000002
PMC5152931_NCT00800683	0.083	mg/kg	oral	Wistar	Rats	male	22.0	streptozotocin		42.0	Unknown	168.0		ADULT,OLDER_ADULT	PHASE3	66.0	Linagliptin	5.0	1+every1days	168.0	168.0	840.0	1.3599999999999999
PMC5152931_NCT00800683	0.083	mg/kg	oral	Wistar	Rats	male	22.0	streptozotocin		42.0	Unknown	168.0		ADULT,OLDER_ADULT	PHASE3	66.0	Linagliptin	5.0	1+every1days	364.0	364.0	1820.0	1.29
PMC5152931_NCT00800683	0.083	mg/kg	oral	Wistar	Rats	male	22.0	streptozotocin		42.0	Unknown	168.0		ADULT,OLDER_ADULT	PHASE3	66.0	Linagliptin	5.0	1+every1days	84.0	84.0	420.0	1.24
PMC5152931_NCT00800683	0.083	mg/kg	oral	Wistar	Rats	male	22.0	streptozotocin		42.0	Unknown	168.0		ADULT,OLDER_ADULT	PHASE3	66.0	Linagliptin	5.0	1+every1days	336.0	336.0	1680.0	1.23
PMC5489512_NCT00819091	2.0	mg/kg	oral	KK-Ay	Mice	female	10.0	genetic	50.0		1+every1days	42.0	42.0	ADULT,OLDER_ADULT	PHASE3	158.0	Linagliptin	5.0	1+every1days	126.0	126.0	630.0	-0.24000000000000005
PMC5489512_NCT00819091	2.0	mg/kg	oral	KK-Ay	Mice	female	10.0	genetic	50.0		1+every1days	42.0	42.0	ADULT,OLDER_ADULT	PHASE3	158.0	Linagliptin	5.0	1+every1days	126.0	126.0	630.0	-0.25000000000000006
PMC6701666_NCT00819091	3.0	mg/kg	oral	db/db	Mice	female	12.0	genetic		38.5	1+every1days	42.0	42.0	ADULT,OLDER_ADULT	PHASE3	158.0	Linagliptin	5.0	1+every1days	126.0	126.0	630.0	-0.54
PMC6701666_NCT00819091	3.0	mg/kg	oral	db/db	Mice	female	12.0	genetic		38.5	1+every1days	42.0	42.0	ADULT,OLDER_ADULT	PHASE3	158.0	Linagliptin	5.0	1+every1days	126.0	126.0	630.0	-0.55
PMC5152931_NCT00819091	0.083	mg/kg	oral	Wistar	Rats	male	22.0	streptozotocin		42.0	Unknown	168.0		ADULT,OLDER_ADULT	PHASE3	158.0	Linagliptin	5.0	1+every1days	126.0	126.0	630.0	1.46
PMC5152931_NCT00819091	0.083	mg/kg	oral	Wistar	Rats	male	22.0	streptozotocin		42.0	Unknown	168.0		ADULT,OLDER_ADULT	PHASE3	158.0	Linagliptin	5.0	1+every1days	126.0	126.0	630.0	1.45
PMC5485244_NCT00881530	500.0	mg/kg	oral	C57BL/6J	Mice	male	8.0	high-fat diet			1+every1days			ADULT,OLDER_ADULT	PHASE2	56.0	Metformin	1500.0	1+every1days	546.0	546.0	819000.0	-0.4
PMC8657924_NCT00881530	225.0	mg/kg	oral	Kunming	Mice	male	8.0	high-fat diet+streptozotocin	20.0		1+every1days	28.0	28.0	ADULT,OLDER_ADULT	PHASE2	56.0	Metformin	1500.0	1+every1days	546.0	546.0	819000.0	3.2
PMC3462199_NCT00881530	400.0	mg/kg	intraperitoneal	db/db	Mice	male	10.0	genetic	47.5		1+every1days	14.0	14.0	ADULT,OLDER_ADULT	PHASE2	56.0	Metformin	1500.0	1+every1days	546.0	546.0	819000.0	-0.4
PMC3462199_NCT00881530	400.0	mg/kg	intraperitoneal	db/db	Mice	male	12.0	genetic	47.5		1+every1days	14.0	14.0	ADULT,OLDER_ADULT	PHASE2	56.0	Metformin	1500.0	1+every1days	546.0	546.0	819000.0	-0.5
PMC9313150_NCT00881530	200.0	mg/kg	oral	Wistar	Rats	male		high-fat diet+streptozotocin	185.0		1+every1days	84.0	84.0	ADULT,OLDER_ADULT	PHASE2	56.0	Metformin	1500.0	1+every1days	546.0	546.0	819000.0	1.3
PMC7092631_NCT00881530	10.0	mg/kg	intragastric	Wistar	Rats	male	10.0	high-fat diet+streptozotocin	200.0		1+every1days	28.0	28.0	ADULT,OLDER_ADULT	PHASE2	106.0	Empagliflozin	10.0	1+every1days	546.0	546.0	5460.0	-0.32
PMC7092631_NCT00881530	10.0	mg/kg	intragastric	Wistar	Rats	male	10.0	high-fat diet+streptozotocin	200.0		1+every1days	28.0	28.0	ADULT,OLDER_ADULT	PHASE2	109.0	Empagliflozin	25.0	1+every1days	546.0	546.0	13650.0	-0.37000000000000005
PMC7092631_NCT00881530	200.0	mg/kg	intragastric	Wistar	Rats	male	10.0	high-fat diet+streptozotocin	200.0		1+every1days	28.0	28.0	ADULT,OLDER_ADULT	PHASE2	56.0	Metformin	1500.0	1+every1days	546.0	546.0	819000.0	0.019999999999999907
PMC8800605_NCT00881530	60.0	mg/kg	oral	Wistar	Rats	male	12.0	high-fat diet+streptozotocin	176.8		1+every1days	14.0	14.0	ADULT,OLDER_ADULT	PHASE2	56.0	Metformin	1500.0	1+every1days	546.0	546.0	819000.0	-0.5900000000000001
PMC4826921_NCT00881530	200.0	mg/kg	oral	Wistar	Rats	male	20.0	high-fat diet	110.0		1+every1days	60.0	60.0	ADULT,OLDER_ADULT	PHASE2	56.0	Metformin	1500.0	1+every1days	546.0	546.0	819000.0	0.8
PMC7034448_NCT00881530	500.0	mg/kg	oral	Wistar	Rats	male	6.0	high-fat diet+streptozotocin	190.0		1+every1days	30.0	30.0	ADULT,OLDER_ADULT	PHASE2	56.0	Metformin	1500.0	1+every1days	546.0	546.0	819000.0	4.3
PMC4884299_NCT00881530	150.0	mg/kg	oral	Wistar	Rats	male	6.0	streptozotocin+nicotinamide	280.0		1+every1days	42.0	42.0	ADULT,OLDER_ADULT	PHASE2	56.0	Metformin	1500.0	1+every1days	546.0	546.0	819000.0	1.5399999999999998
PMC9953164_NCT00881530	200.0	mg/kg	Unknown	Wistar	Rats	male	8.0	high-fat diet+streptozotocin	185.0		1+every1days	84.0	84.0	ADULT,OLDER_ADULT	PHASE2	56.0	Metformin	1500.0	1+every1days	546.0	546.0	819000.0	1.7
PMC5491464_NCT00881530	10.0	mg/kg	oral	Zucker Diabetic Fatty	Rats	Unknown		genetic		112.0	1+every1days	42.0	42.0	ADULT,OLDER_ADULT	PHASE2	106.0	Empagliflozin	10.0	1+every1days	546.0	546.0	5460.0	3.8
PMC5491464_NCT00881530	30.0	mg/kg	oral	Zucker Diabetic Fatty	Rats	Unknown		genetic		112.0	1+every1days	42.0	42.0	ADULT,OLDER_ADULT	PHASE2	106.0	Empagliflozin	10.0	1+every1days	546.0	546.0	5460.0	4.5
PMC5491464_NCT00881530	10.0	mg/kg	oral	Zucker Diabetic Fatty	Rats	Unknown		genetic		112.0	1+every1days	42.0	42.0	ADULT,OLDER_ADULT	PHASE2	109.0	Empagliflozin	25.0	1+every1days	546.0	546.0	13650.0	3.75
PMC5491464_NCT00881530	30.0	mg/kg	oral	Zucker Diabetic Fatty	Rats	Unknown		genetic		112.0	1+every1days	42.0	42.0	ADULT,OLDER_ADULT	PHASE2	109.0	Empagliflozin	25.0	1+every1days	546.0	546.0	13650.0	4.45
PMC9681650_NCT00881530	60.0	mg/kg	oral	Wistar	Rats	male	12.0	high-fat diet+streptozotocin	176.8	120.0	1+every1days	14.0	14.0	ADULT,OLDER_ADULT	PHASE2	56.0	Metformin	1500.0	1+every1days	546.0	546.0	819000.0	-0.7000000000000001
PMC4423537_NCT00881530	300.0	mg/kg	oral	Otsuka Long-Evans Tokushima Fatty	Rats	male	14.0	genetic		140.0	1+every1days	84.0	84.0	ADULT,OLDER_ADULT	PHASE2	56.0	Metformin	1500.0	1+every1days	546.0	546.0	819000.0	0.8
PMC9470898_NCT00881530	0.1	% (w/w)	oral	NONcNZO10/LtJ	Mice	male	10.0	genetic		147.0	Unknown	126.0		ADULT,OLDER_ADULT	PHASE2	56.0	Metformin	1500.0	1+every1days	546.0	546.0	819000.0	-0.30000000000000004
PMC5840580_NCT00881530	300.0	mg/kg	oral	Otsuka Long-Evans Tokushima Fatty	Rats	male	6.0	high-fat diet		168.0	1+every1days	84.0	84.0	ADULT,OLDER_ADULT	PHASE2	56.0	Metformin	1500.0	1+every1days	546.0	546.0	819000.0	0.7
PMC3465985_NCT00881530	350.0	mg/kg	oral	Spontaneously Diabetic Torii	Rats	male	10.0	genetic		175.0	1+every1days	119.0	119.0	ADULT,OLDER_ADULT	PHASE2	56.0	Metformin	1500.0	1+every1days	546.0	546.0	819000.0	0.51
PMC5319739_NCT00881530	50.0	mg/kg	gastric intubation	Psammomys obesus	Gerbillinae	male	30.0	high-fat diet	100.0	240.0	1+every1days	84.0	84.0	ADULT,OLDER_ADULT	PHASE2	56.0	Metformin	1500.0	1+every1days	546.0	546.0	819000.0	3.4000000000000004
PMC9698742_NCT00881530	200.0	mg/kg	oral	Wistar	Rats	male	5.0	streptozotocin	225.0	270.0	1+every1days	45.0	45.0	ADULT,OLDER_ADULT	PHASE2	56.0	Metformin	1500.0	1+every1days	546.0	546.0	819000.0	1.8
PMC7727825_NCT00881530	200.0	mg/kg	oral	C57BLKS/J-db/db	Mice	male	8.0	genetic		35.0	1+every1days	63.0	63.0	ADULT,OLDER_ADULT	PHASE2	56.0	Metformin	1500.0	1+every1days	546.0	546.0	819000.0	2.2
PMC7598587_NCT00881530	200.0	mg/kg	oral	C57BL/6N	Mice	male	8.0	high-fat diet+streptozotocin		38.5	1+every1days	28.0	28.0	ADULT,OLDER_ADULT	PHASE2	56.0	Metformin	1500.0	1+every1days	546.0	546.0	819000.0	1.05
PMC4726511_NCT00881530	10.0	mg/kg	oral	db/db	Mice	Unknown	5.0	genetic		42.0	1+every1days	28.0	28.0	ADULT,OLDER_ADULT	PHASE2	56.0	Metformin	1500.0	1+every1days	546.0	546.0	819000.0	-0.20000000000000007
PMC5485244_NCT00881530	500.0	mg/kg	oral	C57BL/6J	Mice	male	16.0	high-fat diet		42.0	1+every1days	84.0	84.0	ADULT,OLDER_ADULT	PHASE2	56.0	Metformin	1500.0	1+every1days	546.0	546.0	819000.0	-0.4
PMC6273299_NCT00881530	200.0	mg/kg	Unknown	Zucker Diabetic Fatty	Rats	male	6.0	high-fat diet		42.0	1+every1days	84.0	84.0	ADULT,OLDER_ADULT	PHASE2	56.0	Metformin	1500.0	1+every1days	546.0	546.0	819000.0	0.5
PMC3327803_NCT00881530	200.0	mg/kg	intraperitoneal	db/db	Mice	male	11.0	genetic		49.0	1+every1days	126.0	126.0	ADULT,OLDER_ADULT	PHASE2	56.0	Metformin	1500.0	1+every1days	546.0	546.0	819000.0	-1.1
PMC3907559_NCT00881530	200.0	mg/kg	oral	Zucker Diabetic Fatty	Rats	male	10.0	genetic		49.0	2+every1days	32.0	64.0	ADULT,OLDER_ADULT	PHASE2	56.0	Metformin	1500.0	1+every1days	546.0	546.0	819000.0	2.2
PMC7381706_NCT00881530	250.0	mg/kg	oral	ob/ob	Mice	male	8.0	genetic		52.5	1+every1days	26.0	26.0	ADULT,OLDER_ADULT	PHASE2	56.0	Metformin	1500.0	1+every1days	546.0	546.0	819000.0	-0.7000000000000001
PMC10203393_NCT00881530	0.2	g/kg	oral	Sprague-Dawley	Rats	male	8.0	high-fat diet+streptozotocin	150.0	52.5	1+every1days	70.0	70.0	ADULT,OLDER_ADULT	PHASE2	56.0	Metformin	1500.0	1+every1days	546.0	546.0	819000.0	4.7
PMC6359811_NCT00881530	10.0	mg/kg	oral	KK-Ay	Mice	Unknown	15.0	high-fat diet		56.0	1+every1days	70.0	70.0	ADULT,OLDER_ADULT	PHASE2	106.0	Empagliflozin	10.0	1+every1days	546.0	546.0	5460.0	4.5
PMC6359811_NCT00881530	10.0	mg/kg	oral	KK-Ay	Mice	Unknown	15.0	high-fat diet		56.0	1+every1days	70.0	70.0	ADULT,OLDER_ADULT	PHASE2	109.0	Empagliflozin	25.0	1+every1days	546.0	546.0	13650.0	4.45
PMC10323656_NCT00881530	200.0	mg/kg	oral gavage	C57BL/6	Mice	male	12.0	high-fat diet+streptozotocin	24.0	56.0	1+every1days	28.0	28.0	ADULT,OLDER_ADULT	PHASE2	56.0	Metformin	1500.0	1+every1days	546.0	546.0	819000.0	0.30000000000000004
PMC3855476_NCT00881530	300.0	mg/kg	oral	db/db	Mice	male	10.0	genetic	44.0	56.0	1+every1days	14.0	14.0	ADULT,OLDER_ADULT	PHASE2	56.0	Metformin	1500.0	1+every1days	546.0	546.0	819000.0	-0.10000000000000009
PMC5881648_NCT00881530	200.0	mg/kg	gavage	Sprague-Dawley	Rats	male	10.0	streptozotocin	200.0	56.0	1+every1days	77.0	77.0	ADULT,OLDER_ADULT	PHASE2	56.0	Metformin	1500.0	1+every1days	546.0	546.0	819000.0	2.5
PMC4444588_NCT00881530	500.0	mg/kg	intragastric	Sprague-Dawley	Rats	male	7.0	high-fat diet+streptozotocin	190.0	60.0	1+every1days	56.0	56.0	ADULT,OLDER_ADULT	PHASE2	56.0	Metformin	1500.0	1+every1days	546.0	546.0	819000.0	3.2
PMC4444588_NCT00881530	150.0	mg/kg	intragastric	Sprague-Dawley	Rats	male	8.0	high-fat diet+streptozotocin	190.0	60.0	1+every1days	56.0	56.0	ADULT,OLDER_ADULT	PHASE2	56.0	Metformin	1500.0	1+every1days	546.0	546.0	819000.0	0.19999999999999996
PMC4444588_NCT00881530	300.0	mg/kg	intragastric	Sprague-Dawley	Rats	male	8.0	high-fat diet+streptozotocin	190.0	60.0	1+every1days	56.0	56.0	ADULT,OLDER_ADULT	PHASE2	56.0	Metformin	1500.0	1+every1days	546.0	546.0	819000.0	1.2
PMC4097088_NCT00881530	300.0	mg/kg	oral	C57BL/6	Mice	Unknown	8.0	high-fat diet		70.0	1+every1days	14.0	14.0	ADULT,OLDER_ADULT	PHASE2	56.0	Metformin	1500.0	1+every1days	546.0	546.0	819000.0	-0.20000000000000007
PMC9457892_NCT00881530	150.0	mg/kg	oral	C57BL/6	Mice	male	8.0	streptozotocin	27.5	70.0	1+every1days	42.0	42.0	ADULT,OLDER_ADULT	PHASE2	56.0	Metformin	1500.0	1+every1days	546.0	546.0	819000.0	3.5
PMC8745465_NCT00881530	120.0	mg/kg	oral	Wistar	Rats	male	30.0	high-fat diet+streptozotocin	170.0	70.0	1+every1days	35.0	35.0	ADULT,OLDER_ADULT	PHASE2	56.0	Metformin	1500.0	1+every1days	546.0	546.0	819000.0	0.71
PMC6681671_NCT00881530	10.0	mg/kg	oral	ob/ob	Mice	male	12.5	genetic		77.0	1+every1days	42.0	42.0	ADULT,OLDER_ADULT	PHASE2	106.0	Empagliflozin	10.0	1+every1days	546.0	546.0	5460.0	0.8999999999999999
PMC6681671_NCT00881530	10.0	mg/kg	oral	ob/ob	Mice	male	12.5	genetic		77.0	1+every1days	42.0	42.0	ADULT,OLDER_ADULT	PHASE2	109.0	Empagliflozin	25.0	1+every1days	546.0	546.0	13650.0	0.8499999999999999
PMC5485244_NCT00915772	500.0	mg/kg	oral	C57BL/6J	Mice	male	8.0	high-fat diet			1+every1days			ADULT,OLDER_ADULT	PHASE3	168.0	Metformin	1000.0	2+every1days	378.0	756.0	756000.0	0.34
PMC5485244_NCT00915772	500.0	mg/kg	oral	C57BL/6J	Mice	male	8.0	high-fat diet			1+every1days			ADULT,OLDER_ADULT	PHASE3	109.0	Metformin	1000.0	2+every1days	546.0	1092.0	1092000.0	-0.85
PMC8657924_NCT00915772	225.0	mg/kg	oral	Kunming	Mice	male	8.0	high-fat diet+streptozotocin	20.0		1+every1days	28.0	28.0	ADULT,OLDER_ADULT	PHASE3	168.0	Metformin	1000.0	2+every1days	378.0	756.0	756000.0	3.94
PMC8657924_NCT00915772	225.0	mg/kg	oral	Kunming	Mice	male	8.0	high-fat diet+streptozotocin	20.0		1+every1days	28.0	28.0	ADULT,OLDER_ADULT	PHASE3	109.0	Metformin	1000.0	2+every1days	546.0	1092.0	1092000.0	2.75
PMC3462199_NCT00915772	400.0	mg/kg	intraperitoneal	db/db	Mice	male	10.0	genetic	47.5		1+every1days	14.0	14.0	ADULT,OLDER_ADULT	PHASE3	168.0	Metformin	1000.0	2+every1days	378.0	756.0	756000.0	0.34
PMC3462199_NCT00915772	400.0	mg/kg	intraperitoneal	db/db	Mice	male	10.0	genetic	47.5		1+every1days	14.0	14.0	ADULT,OLDER_ADULT	PHASE3	109.0	Metformin	1000.0	2+every1days	546.0	1092.0	1092000.0	-0.85
PMC3462199_NCT00915772	400.0	mg/kg	intraperitoneal	db/db	Mice	male	12.0	genetic	47.5		1+every1days	14.0	14.0	ADULT,OLDER_ADULT	PHASE3	168.0	Metformin	1000.0	2+every1days	378.0	756.0	756000.0	0.24
PMC3462199_NCT00915772	400.0	mg/kg	intraperitoneal	db/db	Mice	male	12.0	genetic	47.5		1+every1days	14.0	14.0	ADULT,OLDER_ADULT	PHASE3	109.0	Metformin	1000.0	2+every1days	546.0	1092.0	1092000.0	-0.95
PMC9313150_NCT00915772	200.0	mg/kg	oral	Wistar	Rats	male		high-fat diet+streptozotocin	185.0		1+every1days	84.0	84.0	ADULT,OLDER_ADULT	PHASE3	168.0	Metformin	1000.0	2+every1days	378.0	756.0	756000.0	2.04
PMC9313150_NCT00915772	200.0	mg/kg	oral	Wistar	Rats	male		high-fat diet+streptozotocin	185.0		1+every1days	84.0	84.0	ADULT,OLDER_ADULT	PHASE3	109.0	Metformin	1000.0	2+every1days	546.0	1092.0	1092000.0	0.8500000000000001
PMC7092631_NCT00915772	200.0	mg/kg	intragastric	Wistar	Rats	male	10.0	high-fat diet+streptozotocin	200.0		1+every1days	28.0	28.0	ADULT,OLDER_ADULT	PHASE3	168.0	Metformin	1000.0	2+every1days	378.0	756.0	756000.0	0.76
PMC7092631_NCT00915772	200.0	mg/kg	intragastric	Wistar	Rats	male	10.0	high-fat diet+streptozotocin	200.0		1+every1days	28.0	28.0	ADULT,OLDER_ADULT	PHASE3	109.0	Metformin	1000.0	2+every1days	546.0	1092.0	1092000.0	-0.43000000000000005
PMC8800605_NCT00915772	60.0	mg/kg	oral	Wistar	Rats	male	12.0	high-fat diet+streptozotocin	176.8		1+every1days	14.0	14.0	ADULT,OLDER_ADULT	PHASE3	168.0	Metformin	1000.0	2+every1days	378.0	756.0	756000.0	0.15
PMC8800605_NCT00915772	60.0	mg/kg	oral	Wistar	Rats	male	12.0	high-fat diet+streptozotocin	176.8		1+every1days	14.0	14.0	ADULT,OLDER_ADULT	PHASE3	109.0	Metformin	1000.0	2+every1days	546.0	1092.0	1092000.0	-1.04
PMC4826921_NCT00915772	200.0	mg/kg	oral	Wistar	Rats	male	20.0	high-fat diet	110.0		1+every1days	60.0	60.0	ADULT,OLDER_ADULT	PHASE3	168.0	Metformin	1000.0	2+every1days	378.0	756.0	756000.0	1.54
PMC4826921_NCT00915772	200.0	mg/kg	oral	Wistar	Rats	male	20.0	high-fat diet	110.0		1+every1days	60.0	60.0	ADULT,OLDER_ADULT	PHASE3	109.0	Metformin	1000.0	2+every1days	546.0	1092.0	1092000.0	0.3500000000000001
PMC7034448_NCT00915772	500.0	mg/kg	oral	Wistar	Rats	male	6.0	high-fat diet+streptozotocin	190.0		1+every1days	30.0	30.0	ADULT,OLDER_ADULT	PHASE3	168.0	Metformin	1000.0	2+every1days	378.0	756.0	756000.0	5.04
PMC7034448_NCT00915772	500.0	mg/kg	oral	Wistar	Rats	male	6.0	high-fat diet+streptozotocin	190.0		1+every1days	30.0	30.0	ADULT,OLDER_ADULT	PHASE3	109.0	Metformin	1000.0	2+every1days	546.0	1092.0	1092000.0	3.8499999999999996
PMC4884299_NCT00915772	150.0	mg/kg	oral	Wistar	Rats	male	6.0	streptozotocin+nicotinamide	280.0		1+every1days	42.0	42.0	ADULT,OLDER_ADULT	PHASE3	168.0	Metformin	1000.0	2+every1days	378.0	756.0	756000.0	2.28
PMC4884299_NCT00915772	150.0	mg/kg	oral	Wistar	Rats	male	6.0	streptozotocin+nicotinamide	280.0		1+every1days	42.0	42.0	ADULT,OLDER_ADULT	PHASE3	109.0	Metformin	1000.0	2+every1days	546.0	1092.0	1092000.0	1.0899999999999999
PMC9953164_NCT00915772	200.0	mg/kg	Unknown	Wistar	Rats	male	8.0	high-fat diet+streptozotocin	185.0		1+every1days	84.0	84.0	ADULT,OLDER_ADULT	PHASE3	168.0	Metformin	1000.0	2+every1days	378.0	756.0	756000.0	2.44
PMC9953164_NCT00915772	200.0	mg/kg	Unknown	Wistar	Rats	male	8.0	high-fat diet+streptozotocin	185.0		1+every1days	84.0	84.0	ADULT,OLDER_ADULT	PHASE3	109.0	Metformin	1000.0	2+every1days	546.0	1092.0	1092000.0	1.25
PMC9681650_NCT00915772	60.0	mg/kg	oral	Wistar	Rats	male	12.0	high-fat diet+streptozotocin	176.8	120.0	1+every1days	14.0	14.0	ADULT,OLDER_ADULT	PHASE3	168.0	Metformin	1000.0	2+every1days	378.0	756.0	756000.0	0.04000000000000001
PMC9681650_NCT00915772	60.0	mg/kg	oral	Wistar	Rats	male	12.0	high-fat diet+streptozotocin	176.8	120.0	1+every1days	14.0	14.0	ADULT,OLDER_ADULT	PHASE3	109.0	Metformin	1000.0	2+every1days	546.0	1092.0	1092000.0	-1.15
PMC4423537_NCT00915772	300.0	mg/kg	oral	Otsuka Long-Evans Tokushima Fatty	Rats	male	14.0	genetic		140.0	1+every1days	84.0	84.0	ADULT,OLDER_ADULT	PHASE3	168.0	Metformin	1000.0	2+every1days	378.0	756.0	756000.0	1.54
PMC4423537_NCT00915772	300.0	mg/kg	oral	Otsuka Long-Evans Tokushima Fatty	Rats	male	14.0	genetic		140.0	1+every1days	84.0	84.0	ADULT,OLDER_ADULT	PHASE3	109.0	Metformin	1000.0	2+every1days	546.0	1092.0	1092000.0	0.3500000000000001
PMC9470898_NCT00915772	0.1	% (w/w)	oral	NONcNZO10/LtJ	Mice	male	10.0	genetic		147.0	Unknown	126.0		ADULT,OLDER_ADULT	PHASE3	168.0	Metformin	1000.0	2+every1days	378.0	756.0	756000.0	0.44
PMC9470898_NCT00915772	0.1	% (w/w)	oral	NONcNZO10/LtJ	Mice	male	10.0	genetic		147.0	Unknown	126.0		ADULT,OLDER_ADULT	PHASE3	109.0	Metformin	1000.0	2+every1days	546.0	1092.0	1092000.0	-0.75
PMC5840580_NCT00915772	300.0	mg/kg	oral	Otsuka Long-Evans Tokushima Fatty	Rats	male	6.0	high-fat diet		168.0	1+every1days	84.0	84.0	ADULT,OLDER_ADULT	PHASE3	168.0	Metformin	1000.0	2+every1days	378.0	756.0	756000.0	1.44
PMC5840580_NCT00915772	300.0	mg/kg	oral	Otsuka Long-Evans Tokushima Fatty	Rats	male	6.0	high-fat diet		168.0	1+every1days	84.0	84.0	ADULT,OLDER_ADULT	PHASE3	109.0	Metformin	1000.0	2+every1days	546.0	1092.0	1092000.0	0.25
PMC3465985_NCT00915772	350.0	mg/kg	oral	Spontaneously Diabetic Torii	Rats	male	10.0	genetic		175.0	1+every1days	119.0	119.0	ADULT,OLDER_ADULT	PHASE3	168.0	Metformin	1000.0	2+every1days	378.0	756.0	756000.0	1.25
PMC3465985_NCT00915772	350.0	mg/kg	oral	Spontaneously Diabetic Torii	Rats	male	10.0	genetic		175.0	1+every1days	119.0	119.0	ADULT,OLDER_ADULT	PHASE3	109.0	Metformin	1000.0	2+every1days	546.0	1092.0	1092000.0	0.06000000000000005
PMC5319739_NCT00915772	50.0	mg/kg	gastric intubation	Psammomys obesus	Gerbillinae	male	30.0	high-fat diet	100.0	240.0	1+every1days	84.0	84.0	ADULT,OLDER_ADULT	PHASE3	168.0	Metformin	1000.0	2+every1days	378.0	756.0	756000.0	4.140000000000001
PMC5319739_NCT00915772	50.0	mg/kg	gastric intubation	Psammomys obesus	Gerbillinae	male	30.0	high-fat diet	100.0	240.0	1+every1days	84.0	84.0	ADULT,OLDER_ADULT	PHASE3	109.0	Metformin	1000.0	2+every1days	546.0	1092.0	1092000.0	2.95
PMC9698742_NCT00915772	200.0	mg/kg	oral	Wistar	Rats	male	5.0	streptozotocin	225.0	270.0	1+every1days	45.0	45.0	ADULT,OLDER_ADULT	PHASE3	168.0	Metformin	1000.0	2+every1days	378.0	756.0	756000.0	2.54
PMC9698742_NCT00915772	200.0	mg/kg	oral	Wistar	Rats	male	5.0	streptozotocin	225.0	270.0	1+every1days	45.0	45.0	ADULT,OLDER_ADULT	PHASE3	109.0	Metformin	1000.0	2+every1days	546.0	1092.0	1092000.0	1.35
PMC7727825_NCT00915772	200.0	mg/kg	oral	C57BLKS/J-db/db	Mice	male	8.0	genetic		35.0	1+every1days	63.0	63.0	ADULT,OLDER_ADULT	PHASE3	168.0	Metformin	1000.0	2+every1days	378.0	756.0	756000.0	2.94
PMC7727825_NCT00915772	200.0	mg/kg	oral	C57BLKS/J-db/db	Mice	male	8.0	genetic		35.0	1+every1days	63.0	63.0	ADULT,OLDER_ADULT	PHASE3	109.0	Metformin	1000.0	2+every1days	546.0	1092.0	1092000.0	1.75
PMC7598587_NCT00915772	200.0	mg/kg	oral	C57BL/6N	Mice	male	8.0	high-fat diet+streptozotocin		38.5	1+every1days	28.0	28.0	ADULT,OLDER_ADULT	PHASE3	168.0	Metformin	1000.0	2+every1days	378.0	756.0	756000.0	1.79
PMC7598587_NCT00915772	200.0	mg/kg	oral	C57BL/6N	Mice	male	8.0	high-fat diet+streptozotocin		38.5	1+every1days	28.0	28.0	ADULT,OLDER_ADULT	PHASE3	109.0	Metformin	1000.0	2+every1days	546.0	1092.0	1092000.0	0.6000000000000001
PMC4726511_NCT00915772	10.0	mg/kg	oral	db/db	Mice	Unknown	5.0	genetic		42.0	1+every1days	28.0	28.0	ADULT,OLDER_ADULT	PHASE3	168.0	Metformin	1000.0	2+every1days	378.0	756.0	756000.0	0.54
PMC4726511_NCT00915772	10.0	mg/kg	oral	db/db	Mice	Unknown	5.0	genetic		42.0	1+every1days	28.0	28.0	ADULT,OLDER_ADULT	PHASE3	109.0	Metformin	1000.0	2+every1days	546.0	1092.0	1092000.0	-0.65
PMC5485244_NCT00915772	500.0	mg/kg	oral	C57BL/6J	Mice	male	16.0	high-fat diet		42.0	1+every1days	84.0	84.0	ADULT,OLDER_ADULT	PHASE3	168.0	Metformin	1000.0	2+every1days	378.0	756.0	756000.0	0.34
PMC5485244_NCT00915772	500.0	mg/kg	oral	C57BL/6J	Mice	male	16.0	high-fat diet		42.0	1+every1days	84.0	84.0	ADULT,OLDER_ADULT	PHASE3	109.0	Metformin	1000.0	2+every1days	546.0	1092.0	1092000.0	-0.85
PMC6273299_NCT00915772	200.0	mg/kg	Unknown	Zucker Diabetic Fatty	Rats	male	6.0	high-fat diet		42.0	1+every1days	84.0	84.0	ADULT,OLDER_ADULT	PHASE3	168.0	Metformin	1000.0	2+every1days	378.0	756.0	756000.0	1.24
PMC6273299_NCT00915772	200.0	mg/kg	Unknown	Zucker Diabetic Fatty	Rats	male	6.0	high-fat diet		42.0	1+every1days	84.0	84.0	ADULT,OLDER_ADULT	PHASE3	109.0	Metformin	1000.0	2+every1days	546.0	1092.0	1092000.0	0.050000000000000044
PMC3327803_NCT00915772	200.0	mg/kg	intraperitoneal	db/db	Mice	male	11.0	genetic		49.0	1+every1days	126.0	126.0	ADULT,OLDER_ADULT	PHASE3	168.0	Metformin	1000.0	2+every1days	378.0	756.0	756000.0	-0.36
PMC3327803_NCT00915772	200.0	mg/kg	intraperitoneal	db/db	Mice	male	11.0	genetic		49.0	1+every1days	126.0	126.0	ADULT,OLDER_ADULT	PHASE3	109.0	Metformin	1000.0	2+every1days	546.0	1092.0	1092000.0	-1.55
PMC3907559_NCT00915772	200.0	mg/kg	oral	Zucker Diabetic Fatty	Rats	male	10.0	genetic		49.0	2+every1days	32.0	64.0	ADULT,OLDER_ADULT	PHASE3	168.0	Metformin	1000.0	2+every1days	378.0	756.0	756000.0	2.94
PMC3907559_NCT00915772	200.0	mg/kg	oral	Zucker Diabetic Fatty	Rats	male	10.0	genetic		49.0	2+every1days	32.0	64.0	ADULT,OLDER_ADULT	PHASE3	109.0	Metformin	1000.0	2+every1days	546.0	1092.0	1092000.0	1.75
PMC7381706_NCT00915772	250.0	mg/kg	oral	ob/ob	Mice	male	8.0	genetic		52.5	1+every1days	26.0	26.0	ADULT,OLDER_ADULT	PHASE3	168.0	Metformin	1000.0	2+every1days	378.0	756.0	756000.0	0.04000000000000001
PMC7381706_NCT00915772	250.0	mg/kg	oral	ob/ob	Mice	male	8.0	genetic		52.5	1+every1days	26.0	26.0	ADULT,OLDER_ADULT	PHASE3	109.0	Metformin	1000.0	2+every1days	546.0	1092.0	1092000.0	-1.15
PMC10203393_NCT00915772	0.2	g/kg	oral	Sprague-Dawley	Rats	male	8.0	high-fat diet+streptozotocin	150.0	52.5	1+every1days	70.0	70.0	ADULT,OLDER_ADULT	PHASE3	168.0	Metformin	1000.0	2+every1days	378.0	756.0	756000.0	5.44
PMC10203393_NCT00915772	0.2	g/kg	oral	Sprague-Dawley	Rats	male	8.0	high-fat diet+streptozotocin	150.0	52.5	1+every1days	70.0	70.0	ADULT,OLDER_ADULT	PHASE3	109.0	Metformin	1000.0	2+every1days	546.0	1092.0	1092000.0	4.25
PMC10323656_NCT00915772	200.0	mg/kg	oral gavage	C57BL/6	Mice	male	12.0	high-fat diet+streptozotocin	24.0	56.0	1+every1days	28.0	28.0	ADULT,OLDER_ADULT	PHASE3	168.0	Metformin	1000.0	2+every1days	378.0	756.0	756000.0	1.04
PMC10323656_NCT00915772	200.0	mg/kg	oral gavage	C57BL/6	Mice	male	12.0	high-fat diet+streptozotocin	24.0	56.0	1+every1days	28.0	28.0	ADULT,OLDER_ADULT	PHASE3	109.0	Metformin	1000.0	2+every1days	546.0	1092.0	1092000.0	-0.1499999999999999
PMC3855476_NCT00915772	300.0	mg/kg	oral	db/db	Mice	male	10.0	genetic	44.0	56.0	1+every1days	14.0	14.0	ADULT,OLDER_ADULT	PHASE3	168.0	Metformin	1000.0	2+every1days	378.0	756.0	756000.0	0.6399999999999999
PMC3855476_NCT00915772	300.0	mg/kg	oral	db/db	Mice	male	10.0	genetic	44.0	56.0	1+every1days	14.0	14.0	ADULT,OLDER_ADULT	PHASE3	109.0	Metformin	1000.0	2+every1days	546.0	1092.0	1092000.0	-0.55
PMC5881648_NCT00915772	200.0	mg/kg	gavage	Sprague-Dawley	Rats	male	10.0	streptozotocin	200.0	56.0	1+every1days	77.0	77.0	ADULT,OLDER_ADULT	PHASE3	168.0	Metformin	1000.0	2+every1days	378.0	756.0	756000.0	3.2399999999999998
PMC5881648_NCT00915772	200.0	mg/kg	gavage	Sprague-Dawley	Rats	male	10.0	streptozotocin	200.0	56.0	1+every1days	77.0	77.0	ADULT,OLDER_ADULT	PHASE3	109.0	Metformin	1000.0	2+every1days	546.0	1092.0	1092000.0	2.05
PMC4444588_NCT00915772	500.0	mg/kg	intragastric	Sprague-Dawley	Rats	male	7.0	high-fat diet+streptozotocin	190.0	60.0	1+every1days	56.0	56.0	ADULT,OLDER_ADULT	PHASE3	168.0	Metformin	1000.0	2+every1days	378.0	756.0	756000.0	3.94
PMC4444588_NCT00915772	500.0	mg/kg	intragastric	Sprague-Dawley	Rats	male	7.0	high-fat diet+streptozotocin	190.0	60.0	1+every1days	56.0	56.0	ADULT,OLDER_ADULT	PHASE3	109.0	Metformin	1000.0	2+every1days	546.0	1092.0	1092000.0	2.75
PMC4444588_NCT00915772	150.0	mg/kg	intragastric	Sprague-Dawley	Rats	male	8.0	high-fat diet+streptozotocin	190.0	60.0	1+every1days	56.0	56.0	ADULT,OLDER_ADULT	PHASE3	168.0	Metformin	1000.0	2+every1days	378.0	756.0	756000.0	0.94
PMC4444588_NCT00915772	300.0	mg/kg	intragastric	Sprague-Dawley	Rats	male	8.0	high-fat diet+streptozotocin	190.0	60.0	1+every1days	56.0	56.0	ADULT,OLDER_ADULT	PHASE3	168.0	Metformin	1000.0	2+every1days	378.0	756.0	756000.0	1.94
PMC4444588_NCT00915772	150.0	mg/kg	intragastric	Sprague-Dawley	Rats	male	8.0	high-fat diet+streptozotocin	190.0	60.0	1+every1days	56.0	56.0	ADULT,OLDER_ADULT	PHASE3	109.0	Metformin	1000.0	2+every1days	546.0	1092.0	1092000.0	-0.25
PMC4444588_NCT00915772	300.0	mg/kg	intragastric	Sprague-Dawley	Rats	male	8.0	high-fat diet+streptozotocin	190.0	60.0	1+every1days	56.0	56.0	ADULT,OLDER_ADULT	PHASE3	109.0	Metformin	1000.0	2+every1days	546.0	1092.0	1092000.0	0.75
PMC4097088_NCT00915772	300.0	mg/kg	oral	C57BL/6	Mice	Unknown	8.0	high-fat diet		70.0	1+every1days	14.0	14.0	ADULT,OLDER_ADULT	PHASE3	168.0	Metformin	1000.0	2+every1days	378.0	756.0	756000.0	0.54
PMC4097088_NCT00915772	300.0	mg/kg	oral	C57BL/6	Mice	Unknown	8.0	high-fat diet		70.0	1+every1days	14.0	14.0	ADULT,OLDER_ADULT	PHASE3	109.0	Metformin	1000.0	2+every1days	546.0	1092.0	1092000.0	-0.65
PMC9457892_NCT00915772	150.0	mg/kg	oral	C57BL/6	Mice	male	8.0	streptozotocin	27.5	70.0	1+every1days	42.0	42.0	ADULT,OLDER_ADULT	PHASE3	168.0	Metformin	1000.0	2+every1days	378.0	756.0	756000.0	4.24
PMC9457892_NCT00915772	150.0	mg/kg	oral	C57BL/6	Mice	male	8.0	streptozotocin	27.5	70.0	1+every1days	42.0	42.0	ADULT,OLDER_ADULT	PHASE3	109.0	Metformin	1000.0	2+every1days	546.0	1092.0	1092000.0	3.05
PMC8745465_NCT00915772	120.0	mg/kg	oral	Wistar	Rats	male	30.0	high-fat diet+streptozotocin	170.0	70.0	1+every1days	35.0	35.0	ADULT,OLDER_ADULT	PHASE3	168.0	Metformin	1000.0	2+every1days	378.0	756.0	756000.0	1.45
PMC8745465_NCT00915772	120.0	mg/kg	oral	Wistar	Rats	male	30.0	high-fat diet+streptozotocin	170.0	70.0	1+every1days	35.0	35.0	ADULT,OLDER_ADULT	PHASE3	109.0	Metformin	1000.0	2+every1days	546.0	1092.0	1092000.0	0.26
PMC9112483_NCT00918879	10.0	mg/kg	intragastric	Zucker Diabetic Fatty	Rats	male	7.0	genetic		77.0	1+every1days	140.0	140.0	ADULT,OLDER_ADULT	PHASE3	104.0	Saxagliptin	5.0	1+every1days	168.0	168.0	840.0	-0.31
PMC9112483_NCT00950599	10.0	mg/kg	intragastric	Zucker Diabetic Fatty	Rats	male	7.0	genetic		77.0	1+every1days	140.0	140.0	ADULT,OLDER_ADULT	PHASE2	51.0	Saxagliptin	2.5	1+every1days	84.0	84.0	210.0	-0.47000000000000003
PMC9112483_NCT00950599	10.0	mg/kg	intragastric	Zucker Diabetic Fatty	Rats	male	7.0	genetic		77.0	1+every1days	140.0	140.0	ADULT,OLDER_ADULT	PHASE2	51.0	Saxagliptin	20.0	1+every1days	84.0	84.0	1680.0	-0.54
PMC9112483_NCT00950599	10.0	mg/kg	intragastric	Zucker Diabetic Fatty	Rats	male	7.0	genetic		77.0	1+every1days	140.0	140.0	ADULT,OLDER_ADULT	PHASE2	50.0	Saxagliptin	40.0	1+every1days	84.0	84.0	3360.0	-0.5800000000000001
PMC9112483_NCT00950599	10.0	mg/kg	intragastric	Zucker Diabetic Fatty	Rats	male	7.0	genetic		77.0	1+every1days	140.0	140.0	ADULT,OLDER_ADULT	PHASE2	60.0	Saxagliptin	10.0	1+every1days	84.0	84.0	840.0	-0.6100000000000001
PMC9112483_NCT00950599	10.0	mg/kg	intragastric	Zucker Diabetic Fatty	Rats	male	7.0	genetic		77.0	1+every1days	140.0	140.0	ADULT,OLDER_ADULT	PHASE2	42.0	Saxagliptin	5.0	1+every1days	84.0	84.0	420.0	-0.75
PMC5489512_NCT00954447	2.0	mg/kg	oral	KK-Ay	Mice	female	10.0	genetic	50.0		1+every1days	42.0	42.0	ADULT,OLDER_ADULT	PHASE3	618.0	Linagliptin	5.0	1+every1days	364.0	364.0	1820.0	-0.18
PMC5489512_NCT00954447	2.0	mg/kg	oral	KK-Ay	Mice	female	10.0	genetic	50.0		1+every1days	42.0	42.0	ADULT,OLDER_ADULT	PHASE3	618.0	Linagliptin	5.0	1+every1days	224.0	224.0	1120.0	-0.26000000000000006
PMC5489512_NCT00954447	2.0	mg/kg	oral	KK-Ay	Mice	female	10.0	genetic	50.0		1+every1days	42.0	42.0	ADULT,OLDER_ADULT	PHASE3	618.0	Linagliptin	5.0	1+every1days	168.0	168.0	840.0	-0.27999999999999997
PMC6701666_NCT00954447	3.0	mg/kg	oral	db/db	Mice	female	12.0	genetic		38.5	1+every1days	42.0	42.0	ADULT,OLDER_ADULT	PHASE3	618.0	Linagliptin	5.0	1+every1days	364.0	364.0	1820.0	-0.48
PMC6701666_NCT00954447	3.0	mg/kg	oral	db/db	Mice	female	12.0	genetic		38.5	1+every1days	42.0	42.0	ADULT,OLDER_ADULT	PHASE3	618.0	Linagliptin	5.0	1+every1days	224.0	224.0	1120.0	-0.56
PMC6701666_NCT00954447	3.0	mg/kg	oral	db/db	Mice	female	12.0	genetic		38.5	1+every1days	42.0	42.0	ADULT,OLDER_ADULT	PHASE3	618.0	Linagliptin	5.0	1+every1days	168.0	168.0	840.0	-0.58
PMC5152931_NCT00954447	0.083	mg/kg	oral	Wistar	Rats	male	22.0	streptozotocin		42.0	Unknown	168.0		ADULT,OLDER_ADULT	PHASE3	618.0	Linagliptin	5.0	1+every1days	364.0	364.0	1820.0	1.52
PMC5152931_NCT00954447	0.083	mg/kg	oral	Wistar	Rats	male	22.0	streptozotocin		42.0	Unknown	168.0		ADULT,OLDER_ADULT	PHASE3	618.0	Linagliptin	5.0	1+every1days	224.0	224.0	1120.0	1.44
PMC5152931_NCT00954447	0.083	mg/kg	oral	Wistar	Rats	male	22.0	streptozotocin		42.0	Unknown	168.0		ADULT,OLDER_ADULT	PHASE3	618.0	Linagliptin	5.0	1+every1days	168.0	168.0	840.0	1.42
PMC9143250_NCT00972244	1.0	mg/kg	oral	Wistar	Rats	both	6.0	high-fat diet+streptozotocin	215.0		1+every1days	28.0	28.0	ADULT,OLDER_ADULT	PHASE2	54.0	Dapagliflozin	2.5	1+every1days	84.0	84.0	210.0	8.4
PMC9143250_NCT00972244	1.0	mg/kg	oral	Wistar	Rats	both	6.0	high-fat diet+streptozotocin	215.0		1+every1days	28.0	28.0	ADULT,OLDER_ADULT	PHASE2	59.0	Dapagliflozin	1.0	1+every1days	84.0	84.0	84.0	8.38
PMC9143250_NCT00972244	1.0	mg/kg	oral	Wistar	Rats	both	6.0	high-fat diet+streptozotocin	215.0		1+every1days	28.0	28.0	ADULT,OLDER_ADULT	PHASE2	58.0	Dapagliflozin	5.0	1+every1days	84.0	84.0	420.0	8.13
PMC9143250_NCT00972244	1.0	mg/kg	oral	Wistar	Rats	both	6.0	high-fat diet+streptozotocin	215.0		1+every1days	28.0	28.0	ADULT,OLDER_ADULT	PHASE2	52.0	Dapagliflozin	10.0	1+every1days	84.0	84.0	840.0	8.06
PMC10308685_NCT00972244	1.0	mg/kg	oral	Zucker Diabetic Fatty	Rats	male	8.0	genetic		112.0	1+every1days	84.0	84.0	ADULT,OLDER_ADULT	PHASE2	54.0	Dapagliflozin	2.5	1+every1days	84.0	84.0	210.0	5.300000000000001
PMC10308685_NCT00972244	1.0	mg/kg	oral	Zucker Diabetic Fatty	Rats	male	8.0	genetic		112.0	1+every1days	84.0	84.0	ADULT,OLDER_ADULT	PHASE2	59.0	Dapagliflozin	1.0	1+every1days	84.0	84.0	84.0	5.28
PMC10308685_NCT00972244	1.0	mg/kg	oral	Zucker Diabetic Fatty	Rats	male	8.0	genetic		112.0	1+every1days	84.0	84.0	ADULT,OLDER_ADULT	PHASE2	58.0	Dapagliflozin	5.0	1+every1days	84.0	84.0	420.0	5.03
PMC10308685_NCT00972244	1.0	mg/kg	oral	Zucker Diabetic Fatty	Rats	male	8.0	genetic		112.0	1+every1days	84.0	84.0	ADULT,OLDER_ADULT	PHASE2	52.0	Dapagliflozin	10.0	1+every1days	84.0	84.0	840.0	4.96
PMC4237538_NCT00972244	1.0	mg/kg	oral	ob/ob	Mice	male		genetic	43.0	56.0	1+every1days	28.0	28.0	ADULT,OLDER_ADULT	PHASE2	54.0	Dapagliflozin	2.5	1+every1days	84.0	84.0	210.0	1.2999999999999998
PMC4237538_NCT00972244	1.0	mg/kg	oral	ob/ob	Mice	male		genetic	43.0	56.0	1+every1days	28.0	28.0	ADULT,OLDER_ADULT	PHASE2	59.0	Dapagliflozin	1.0	1+every1days	84.0	84.0	84.0	1.2799999999999998
PMC4237538_NCT00972244	1.0	mg/kg	oral	ob/ob	Mice	male		genetic	43.0	56.0	1+every1days	28.0	28.0	ADULT,OLDER_ADULT	PHASE2	58.0	Dapagliflozin	5.0	1+every1days	84.0	84.0	420.0	1.0299999999999998
PMC4237538_NCT00972244	1.0	mg/kg	oral	ob/ob	Mice	male		genetic	43.0	56.0	1+every1days	28.0	28.0	ADULT,OLDER_ADULT	PHASE2	52.0	Dapagliflozin	10.0	1+every1days	84.0	84.0	840.0	0.96
PMC6856656_NCT00972244	1.0	mg/kg	oral	Zucker Diabetic Fatty	Rats	male	8.0	high-fat diet		84.0	1+every1days	63.0	63.0	ADULT,OLDER_ADULT	PHASE2	54.0	Dapagliflozin	2.5	1+every1days	84.0	84.0	210.0	2.8
PMC6856656_NCT00972244	1.0	mg/kg	oral	Zucker Diabetic Fatty	Rats	male	8.0	high-fat diet		84.0	1+every1days	63.0	63.0	ADULT,OLDER_ADULT	PHASE2	59.0	Dapagliflozin	1.0	1+every1days	84.0	84.0	84.0	2.78
PMC6856656_NCT00972244	1.0	mg/kg	oral	Zucker Diabetic Fatty	Rats	male	8.0	high-fat diet		84.0	1+every1days	63.0	63.0	ADULT,OLDER_ADULT	PHASE2	58.0	Dapagliflozin	5.0	1+every1days	84.0	84.0	420.0	2.53
PMC6856656_NCT00972244	1.0	mg/kg	oral	Zucker Diabetic Fatty	Rats	male	8.0	high-fat diet		84.0	1+every1days	63.0	63.0	ADULT,OLDER_ADULT	PHASE2	52.0	Dapagliflozin	10.0	1+every1days	84.0	84.0	840.0	2.46
PMC5089752_NCT00972244	1.0	mg/kg	oral	Otsuka Long-Evans Tokushima Fatty	Rats	male	10.0	genetic		98.0	1+every1days	84.0	84.0	ADULT,OLDER_ADULT	PHASE2	54.0	Dapagliflozin	2.5	1+every1days	84.0	84.0	210.0	1.94
PMC5089752_NCT00972244	1.0	mg/kg	oral	Otsuka Long-Evans Tokushima Fatty	Rats	male	10.0	genetic		98.0	1+every1days	84.0	84.0	ADULT,OLDER_ADULT	PHASE2	59.0	Dapagliflozin	1.0	1+every1days	84.0	84.0	84.0	1.92
PMC5089752_NCT00972244	1.0	mg/kg	oral	Otsuka Long-Evans Tokushima Fatty	Rats	male	10.0	genetic		98.0	1+every1days	84.0	84.0	ADULT,OLDER_ADULT	PHASE2	58.0	Dapagliflozin	5.0	1+every1days	84.0	84.0	420.0	1.67
PMC5089752_NCT00972244	1.0	mg/kg	oral	Otsuka Long-Evans Tokushima Fatty	Rats	male	10.0	genetic		98.0	1+every1days	84.0	84.0	ADULT,OLDER_ADULT	PHASE2	52.0	Dapagliflozin	10.0	1+every1days	84.0	84.0	840.0	1.6
PMC8953658_NCT00972244	1.0	mg/kg	oral gavage	Zucker Diabetic Fatty	Rats	male	7.0	genetic		98.0	1+every1days	28.0	28.0	ADULT,OLDER_ADULT	PHASE2	54.0	Dapagliflozin	2.5	1+every1days	84.0	84.0	210.0	2.9
PMC8953658_NCT00972244	1.0	mg/kg	oral gavage	Zucker Diabetic Fatty	Rats	male	7.0	genetic		98.0	1+every1days	28.0	28.0	ADULT,OLDER_ADULT	PHASE2	59.0	Dapagliflozin	1.0	1+every1days	84.0	84.0	84.0	2.88
PMC8953658_NCT00972244	1.0	mg/kg	oral gavage	Zucker Diabetic Fatty	Rats	male	7.0	genetic		98.0	1+every1days	28.0	28.0	ADULT,OLDER_ADULT	PHASE2	58.0	Dapagliflozin	5.0	1+every1days	84.0	84.0	420.0	2.63
PMC8953658_NCT00972244	1.0	mg/kg	oral gavage	Zucker Diabetic Fatty	Rats	male	7.0	genetic		98.0	1+every1days	28.0	28.0	ADULT,OLDER_ADULT	PHASE2	52.0	Dapagliflozin	10.0	1+every1days	84.0	84.0	840.0	2.56
PMC9143250_NCT00984867	1.0	mg/kg	oral	Wistar	Rats	both	6.0	high-fat diet+streptozotocin	215.0		1+every1days	28.0	28.0	ADULT,OLDER_ADULT	PHASE3	223.0	Dapagliflozin	10.0	1+every1days	168.0	168.0	1680.0	8.05
PMC9143250_NCT00984867	1.0	mg/kg	oral	Wistar	Rats	both	6.0	high-fat diet+streptozotocin	215.0		1+every1days	28.0	28.0	ADULT,OLDER_ADULT	PHASE3	94.0	Dapagliflozin	10.0	1+every1days	168.0	168.0	1680.0	7.7
PMC10308685_NCT00984867	1.0	mg/kg	oral	Zucker Diabetic Fatty	Rats	male	8.0	genetic		112.0	1+every1days	84.0	84.0	ADULT,OLDER_ADULT	PHASE3	223.0	Dapagliflozin	10.0	1+every1days	168.0	168.0	1680.0	4.95
PMC10308685_NCT00984867	1.0	mg/kg	oral	Zucker Diabetic Fatty	Rats	male	8.0	genetic		112.0	1+every1days	84.0	84.0	ADULT,OLDER_ADULT	PHASE3	94.0	Dapagliflozin	10.0	1+every1days	168.0	168.0	1680.0	4.6000000000000005
PMC4237538_NCT00984867	1.0	mg/kg	oral	ob/ob	Mice	male		genetic	43.0	56.0	1+every1days	28.0	28.0	ADULT,OLDER_ADULT	PHASE3	223.0	Dapagliflozin	10.0	1+every1days	168.0	168.0	1680.0	0.95
PMC4237538_NCT00984867	1.0	mg/kg	oral	ob/ob	Mice	male		genetic	43.0	56.0	1+every1days	28.0	28.0	ADULT,OLDER_ADULT	PHASE3	94.0	Dapagliflozin	10.0	1+every1days	168.0	168.0	1680.0	0.5999999999999999
PMC6856656_NCT00984867	1.0	mg/kg	oral	Zucker Diabetic Fatty	Rats	male	8.0	high-fat diet		84.0	1+every1days	63.0	63.0	ADULT,OLDER_ADULT	PHASE3	223.0	Dapagliflozin	10.0	1+every1days	168.0	168.0	1680.0	2.4499999999999997
PMC6856656_NCT00984867	1.0	mg/kg	oral	Zucker Diabetic Fatty	Rats	male	8.0	high-fat diet		84.0	1+every1days	63.0	63.0	ADULT,OLDER_ADULT	PHASE3	94.0	Dapagliflozin	10.0	1+every1days	168.0	168.0	1680.0	2.0999999999999996
PMC5089752_NCT00984867	1.0	mg/kg	oral	Otsuka Long-Evans Tokushima Fatty	Rats	male	10.0	genetic		98.0	1+every1days	84.0	84.0	ADULT,OLDER_ADULT	PHASE3	223.0	Dapagliflozin	10.0	1+every1days	168.0	168.0	1680.0	1.59
PMC5089752_NCT00984867	1.0	mg/kg	oral	Otsuka Long-Evans Tokushima Fatty	Rats	male	10.0	genetic		98.0	1+every1days	84.0	84.0	ADULT,OLDER_ADULT	PHASE3	94.0	Dapagliflozin	10.0	1+every1days	168.0	168.0	1680.0	1.24
PMC8953658_NCT00984867	1.0	mg/kg	oral gavage	Zucker Diabetic Fatty	Rats	male	7.0	genetic		98.0	1+every1days	28.0	28.0	ADULT,OLDER_ADULT	PHASE3	223.0	Dapagliflozin	10.0	1+every1days	168.0	168.0	1680.0	2.55
PMC8953658_NCT00984867	1.0	mg/kg	oral gavage	Zucker Diabetic Fatty	Rats	male	7.0	genetic		98.0	1+every1days	28.0	28.0	ADULT,OLDER_ADULT	PHASE3	94.0	Dapagliflozin	10.0	1+every1days	168.0	168.0	1680.0	2.2
PMC6701666_NCT00993187	2.0	mg/kg	oral	db/db	Mice	female	12.0	genetic		38.5	1+every1days	42.0	42.0	ADULT,OLDER_ADULT	PHASE4	137.0	Glimepiride	1.0	1+every1days	210.0	210.0	210.0	-0.7
PMC6273299_NCT00993187	5.0	mg/kg	Unknown	Zucker Diabetic Fatty	Rats	male	6.0	high-fat diet		42.0	1+every1days	84.0	84.0	ADULT,OLDER_ADULT	PHASE4	137.0	Glimepiride	1.0	1+every1days	210.0	210.0	210.0	-0.39999999999999997
PMC3610345_NCT00993187	2.5	mg/kg	oral	db/db	Mice	male		genetic		49.0	1+every1days	42.0	42.0	ADULT,OLDER_ADULT	PHASE4	137.0	Glimepiride	1.0	1+every1days	210.0	210.0	210.0	0.30000000000000004
PMC5489512_NCT00996658	2.0	mg/kg	oral	KK-Ay	Mice	female	10.0	genetic	50.0		1+every1days	42.0	42.0	ADULT,OLDER_ADULT	PHASE3	179.0	Linagliptin	5.0	1+every1days	168.0	168.0	840.0	-0.54
PMC5489512_NCT00996658	2.0	mg/kg	oral	KK-Ay	Mice	female	10.0	genetic	50.0		1+every1days	42.0	42.0	ADULT,OLDER_ADULT	PHASE3	179.0	Linagliptin	5.0	1+every1days	126.0	126.0	630.0	-0.6100000000000001
PMC6701666_NCT00996658	3.0	mg/kg	oral	db/db	Mice	female	12.0	genetic		38.5	1+every1days	42.0	42.0	ADULT,OLDER_ADULT	PHASE3	179.0	Linagliptin	5.0	1+every1days	168.0	168.0	840.0	-0.84
PMC6701666_NCT00996658	3.0	mg/kg	oral	db/db	Mice	female	12.0	genetic		38.5	1+every1days	42.0	42.0	ADULT,OLDER_ADULT	PHASE3	179.0	Linagliptin	5.0	1+every1days	126.0	126.0	630.0	-0.91
PMC5152931_NCT00996658	0.083	mg/kg	oral	Wistar	Rats	male	22.0	streptozotocin		42.0	Unknown	168.0		ADULT,OLDER_ADULT	PHASE3	179.0	Linagliptin	5.0	1+every1days	168.0	168.0	840.0	1.1600000000000001
PMC5152931_NCT00996658	0.083	mg/kg	oral	Wistar	Rats	male	22.0	streptozotocin		42.0	Unknown	168.0		ADULT,OLDER_ADULT	PHASE3	179.0	Linagliptin	5.0	1+every1days	126.0	126.0	630.0	1.0899999999999999
PMC6701666_NCT01006603	2.0	mg/kg	oral	db/db	Mice	female	12.0	genetic		38.5	1+every1days	42.0	42.0	OLDER_ADULT	PHASE4	345.0	Glimepiride	3.5	1+every1days	364.0	364.0	1274.0	-0.64
PMC6273299_NCT01006603	5.0	mg/kg	Unknown	Zucker Diabetic Fatty	Rats	male	6.0	high-fat diet		42.0	1+every1days	84.0	84.0	OLDER_ADULT	PHASE4	345.0	Glimepiride	3.5	1+every1days	364.0	364.0	1274.0	-0.34
PMC3610345_NCT01006603	2.5	mg/kg	oral	db/db	Mice	male		genetic		49.0	1+every1days	42.0	42.0	OLDER_ADULT	PHASE4	345.0	Glimepiride	3.5	1+every1days	364.0	364.0	1274.0	0.36
PMC9112483_NCT01006603	10.0	mg/kg	intragastric	Zucker Diabetic Fatty	Rats	male	7.0	genetic		77.0	1+every1days	140.0	140.0	OLDER_ADULT	PHASE4	353.0	Saxagliptin	5.0	1+every1days	364.0	364.0	1820.0	-0.24
PMC5485244_NCT01023581	500.0	mg/kg	oral	C57BL/6J	Mice	male	8.0	high-fat diet			1+every1days			ADULT,OLDER_ADULT	PHASE3	103.0	Metformin	500.0	2+every1days	182.0	364.0	182000.0	-0.25
PMC5485244_NCT01023581	500.0	mg/kg	oral	C57BL/6J	Mice	male	8.0	high-fat diet			1+every1days			ADULT,OLDER_ADULT	PHASE3	108.0	Metformin	1000.0	2+every1days	182.0	364.0	364000.0	-0.7100000000000001
PMC8657924_NCT01023581	225.0	mg/kg	oral	Kunming	Mice	male	8.0	high-fat diet+streptozotocin	20.0		1+every1days	28.0	28.0	ADULT,OLDER_ADULT	PHASE3	103.0	Metformin	500.0	2+every1days	182.0	364.0	182000.0	3.35
PMC8657924_NCT01023581	225.0	mg/kg	oral	Kunming	Mice	male	8.0	high-fat diet+streptozotocin	20.0		1+every1days	28.0	28.0	ADULT,OLDER_ADULT	PHASE3	108.0	Metformin	1000.0	2+every1days	182.0	364.0	364000.0	2.8899999999999997
PMC3462199_NCT01023581	400.0	mg/kg	intraperitoneal	db/db	Mice	male	10.0	genetic	47.5		1+every1days	14.0	14.0	ADULT,OLDER_ADULT	PHASE3	103.0	Metformin	500.0	2+every1days	182.0	364.0	182000.0	-0.25
PMC3462199_NCT01023581	400.0	mg/kg	intraperitoneal	db/db	Mice	male	10.0	genetic	47.5		1+every1days	14.0	14.0	ADULT,OLDER_ADULT	PHASE3	108.0	Metformin	1000.0	2+every1days	182.0	364.0	364000.0	-0.7100000000000001
PMC3462199_NCT01023581	400.0	mg/kg	intraperitoneal	db/db	Mice	male	12.0	genetic	47.5		1+every1days	14.0	14.0	ADULT,OLDER_ADULT	PHASE3	103.0	Metformin	500.0	2+every1days	182.0	364.0	182000.0	-0.35000000000000003
PMC3462199_NCT01023581	400.0	mg/kg	intraperitoneal	db/db	Mice	male	12.0	genetic	47.5		1+every1days	14.0	14.0	ADULT,OLDER_ADULT	PHASE3	108.0	Metformin	1000.0	2+every1days	182.0	364.0	364000.0	-0.81
PMC9313150_NCT01023581	200.0	mg/kg	oral	Wistar	Rats	male		high-fat diet+streptozotocin	185.0		1+every1days	84.0	84.0	ADULT,OLDER_ADULT	PHASE3	103.0	Metformin	500.0	2+every1days	182.0	364.0	182000.0	1.4500000000000002
PMC9313150_NCT01023581	200.0	mg/kg	oral	Wistar	Rats	male		high-fat diet+streptozotocin	185.0		1+every1days	84.0	84.0	ADULT,OLDER_ADULT	PHASE3	108.0	Metformin	1000.0	2+every1days	182.0	364.0	364000.0	0.99
PMC7092631_NCT01023581	200.0	mg/kg	intragastric	Wistar	Rats	male	10.0	high-fat diet+streptozotocin	200.0		1+every1days	28.0	28.0	ADULT,OLDER_ADULT	PHASE3	103.0	Metformin	500.0	2+every1days	182.0	364.0	182000.0	0.16999999999999993
PMC7092631_NCT01023581	200.0	mg/kg	intragastric	Wistar	Rats	male	10.0	high-fat diet+streptozotocin	200.0		1+every1days	28.0	28.0	ADULT,OLDER_ADULT	PHASE3	108.0	Metformin	1000.0	2+every1days	182.0	364.0	364000.0	-0.29000000000000015
PMC8800605_NCT01023581	60.0	mg/kg	oral	Wistar	Rats	male	12.0	high-fat diet+streptozotocin	176.8		1+every1days	14.0	14.0	ADULT,OLDER_ADULT	PHASE3	103.0	Metformin	500.0	2+every1days	182.0	364.0	182000.0	-0.44000000000000006
PMC8800605_NCT01023581	60.0	mg/kg	oral	Wistar	Rats	male	12.0	high-fat diet+streptozotocin	176.8		1+every1days	14.0	14.0	ADULT,OLDER_ADULT	PHASE3	108.0	Metformin	1000.0	2+every1days	182.0	364.0	364000.0	-0.9000000000000001
PMC4826921_NCT01023581	200.0	mg/kg	oral	Wistar	Rats	male	20.0	high-fat diet	110.0		1+every1days	60.0	60.0	ADULT,OLDER_ADULT	PHASE3	103.0	Metformin	500.0	2+every1days	182.0	364.0	182000.0	0.9500000000000001
PMC4826921_NCT01023581	200.0	mg/kg	oral	Wistar	Rats	male	20.0	high-fat diet	110.0		1+every1days	60.0	60.0	ADULT,OLDER_ADULT	PHASE3	108.0	Metformin	1000.0	2+every1days	182.0	364.0	364000.0	0.49
PMC7034448_NCT01023581	500.0	mg/kg	oral	Wistar	Rats	male	6.0	high-fat diet+streptozotocin	190.0		1+every1days	30.0	30.0	ADULT,OLDER_ADULT	PHASE3	103.0	Metformin	500.0	2+every1days	182.0	364.0	182000.0	4.449999999999999
PMC7034448_NCT01023581	500.0	mg/kg	oral	Wistar	Rats	male	6.0	high-fat diet+streptozotocin	190.0		1+every1days	30.0	30.0	ADULT,OLDER_ADULT	PHASE3	108.0	Metformin	1000.0	2+every1days	182.0	364.0	364000.0	3.9899999999999993
PMC4884299_NCT01023581	150.0	mg/kg	oral	Wistar	Rats	male	6.0	streptozotocin+nicotinamide	280.0		1+every1days	42.0	42.0	ADULT,OLDER_ADULT	PHASE3	103.0	Metformin	500.0	2+every1days	182.0	364.0	182000.0	1.69
PMC4884299_NCT01023581	150.0	mg/kg	oral	Wistar	Rats	male	6.0	streptozotocin+nicotinamide	280.0		1+every1days	42.0	42.0	ADULT,OLDER_ADULT	PHASE3	108.0	Metformin	1000.0	2+every1days	182.0	364.0	364000.0	1.2299999999999998
PMC9953164_NCT01023581	200.0	mg/kg	Unknown	Wistar	Rats	male	8.0	high-fat diet+streptozotocin	185.0		1+every1days	84.0	84.0	ADULT,OLDER_ADULT	PHASE3	103.0	Metformin	500.0	2+every1days	182.0	364.0	182000.0	1.85
PMC9953164_NCT01023581	200.0	mg/kg	Unknown	Wistar	Rats	male	8.0	high-fat diet+streptozotocin	185.0		1+every1days	84.0	84.0	ADULT,OLDER_ADULT	PHASE3	108.0	Metformin	1000.0	2+every1days	182.0	364.0	364000.0	1.39
PMC9681650_NCT01023581	60.0	mg/kg	oral	Wistar	Rats	male	12.0	high-fat diet+streptozotocin	176.8	120.0	1+every1days	14.0	14.0	ADULT,OLDER_ADULT	PHASE3	103.0	Metformin	500.0	2+every1days	182.0	364.0	182000.0	-0.55
PMC9681650_NCT01023581	60.0	mg/kg	oral	Wistar	Rats	male	12.0	high-fat diet+streptozotocin	176.8	120.0	1+every1days	14.0	14.0	ADULT,OLDER_ADULT	PHASE3	108.0	Metformin	1000.0	2+every1days	182.0	364.0	364000.0	-1.01
PMC4423537_NCT01023581	300.0	mg/kg	oral	Otsuka Long-Evans Tokushima Fatty	Rats	male	14.0	genetic		140.0	1+every1days	84.0	84.0	ADULT,OLDER_ADULT	PHASE3	103.0	Metformin	500.0	2+every1days	182.0	364.0	182000.0	0.9500000000000001
PMC4423537_NCT01023581	300.0	mg/kg	oral	Otsuka Long-Evans Tokushima Fatty	Rats	male	14.0	genetic		140.0	1+every1days	84.0	84.0	ADULT,OLDER_ADULT	PHASE3	108.0	Metformin	1000.0	2+every1days	182.0	364.0	364000.0	0.49
PMC9470898_NCT01023581	0.1	% (w/w)	oral	NONcNZO10/LtJ	Mice	male	10.0	genetic		147.0	Unknown	126.0		ADULT,OLDER_ADULT	PHASE3	103.0	Metformin	500.0	2+every1days	182.0	364.0	182000.0	-0.15000000000000002
PMC9470898_NCT01023581	0.1	% (w/w)	oral	NONcNZO10/LtJ	Mice	male	10.0	genetic		147.0	Unknown	126.0		ADULT,OLDER_ADULT	PHASE3	108.0	Metformin	1000.0	2+every1days	182.0	364.0	364000.0	-0.6100000000000001
PMC5840580_NCT01023581	300.0	mg/kg	oral	Otsuka Long-Evans Tokushima Fatty	Rats	male	6.0	high-fat diet		168.0	1+every1days	84.0	84.0	ADULT,OLDER_ADULT	PHASE3	103.0	Metformin	500.0	2+every1days	182.0	364.0	182000.0	0.85
PMC5840580_NCT01023581	300.0	mg/kg	oral	Otsuka Long-Evans Tokushima Fatty	Rats	male	6.0	high-fat diet		168.0	1+every1days	84.0	84.0	ADULT,OLDER_ADULT	PHASE3	108.0	Metformin	1000.0	2+every1days	182.0	364.0	364000.0	0.3899999999999999
PMC3465985_NCT01023581	350.0	mg/kg	oral	Spontaneously Diabetic Torii	Rats	male	10.0	genetic		175.0	1+every1days	119.0	119.0	ADULT,OLDER_ADULT	PHASE3	103.0	Metformin	500.0	2+every1days	182.0	364.0	182000.0	0.66
PMC3465985_NCT01023581	350.0	mg/kg	oral	Spontaneously Diabetic Torii	Rats	male	10.0	genetic		175.0	1+every1days	119.0	119.0	ADULT,OLDER_ADULT	PHASE3	108.0	Metformin	1000.0	2+every1days	182.0	364.0	364000.0	0.19999999999999996
PMC5319739_NCT01023581	50.0	mg/kg	gastric intubation	Psammomys obesus	Gerbillinae	male	30.0	high-fat diet	100.0	240.0	1+every1days	84.0	84.0	ADULT,OLDER_ADULT	PHASE3	103.0	Metformin	500.0	2+every1days	182.0	364.0	182000.0	3.5500000000000003
PMC5319739_NCT01023581	50.0	mg/kg	gastric intubation	Psammomys obesus	Gerbillinae	male	30.0	high-fat diet	100.0	240.0	1+every1days	84.0	84.0	ADULT,OLDER_ADULT	PHASE3	108.0	Metformin	1000.0	2+every1days	182.0	364.0	364000.0	3.09
PMC9698742_NCT01023581	200.0	mg/kg	oral	Wistar	Rats	male	5.0	streptozotocin	225.0	270.0	1+every1days	45.0	45.0	ADULT,OLDER_ADULT	PHASE3	103.0	Metformin	500.0	2+every1days	182.0	364.0	182000.0	1.9500000000000002
PMC9698742_NCT01023581	200.0	mg/kg	oral	Wistar	Rats	male	5.0	streptozotocin	225.0	270.0	1+every1days	45.0	45.0	ADULT,OLDER_ADULT	PHASE3	108.0	Metformin	1000.0	2+every1days	182.0	364.0	364000.0	1.49
PMC7727825_NCT01023581	200.0	mg/kg	oral	C57BLKS/J-db/db	Mice	male	8.0	genetic		35.0	1+every1days	63.0	63.0	ADULT,OLDER_ADULT	PHASE3	103.0	Metformin	500.0	2+every1days	182.0	364.0	182000.0	2.35
PMC7727825_NCT01023581	200.0	mg/kg	oral	C57BLKS/J-db/db	Mice	male	8.0	genetic		35.0	1+every1days	63.0	63.0	ADULT,OLDER_ADULT	PHASE3	108.0	Metformin	1000.0	2+every1days	182.0	364.0	364000.0	1.89
PMC7598587_NCT01023581	200.0	mg/kg	oral	C57BL/6N	Mice	male	8.0	high-fat diet+streptozotocin		38.5	1+every1days	28.0	28.0	ADULT,OLDER_ADULT	PHASE3	103.0	Metformin	500.0	2+every1days	182.0	364.0	182000.0	1.2000000000000002
PMC7598587_NCT01023581	200.0	mg/kg	oral	C57BL/6N	Mice	male	8.0	high-fat diet+streptozotocin		38.5	1+every1days	28.0	28.0	ADULT,OLDER_ADULT	PHASE3	108.0	Metformin	1000.0	2+every1days	182.0	364.0	364000.0	0.74
PMC4726511_NCT01023581	10.0	mg/kg	oral	db/db	Mice	Unknown	5.0	genetic		42.0	1+every1days	28.0	28.0	ADULT,OLDER_ADULT	PHASE3	103.0	Metformin	500.0	2+every1days	182.0	364.0	182000.0	-0.050000000000000044
PMC4726511_NCT01023581	10.0	mg/kg	oral	db/db	Mice	Unknown	5.0	genetic		42.0	1+every1days	28.0	28.0	ADULT,OLDER_ADULT	PHASE3	108.0	Metformin	1000.0	2+every1days	182.0	364.0	364000.0	-0.5100000000000001
PMC5485244_NCT01023581	500.0	mg/kg	oral	C57BL/6J	Mice	male	16.0	high-fat diet		42.0	1+every1days	84.0	84.0	ADULT,OLDER_ADULT	PHASE3	103.0	Metformin	500.0	2+every1days	182.0	364.0	182000.0	-0.25
PMC5485244_NCT01023581	500.0	mg/kg	oral	C57BL/6J	Mice	male	16.0	high-fat diet		42.0	1+every1days	84.0	84.0	ADULT,OLDER_ADULT	PHASE3	108.0	Metformin	1000.0	2+every1days	182.0	364.0	364000.0	-0.7100000000000001
PMC6273299_NCT01023581	200.0	mg/kg	Unknown	Zucker Diabetic Fatty	Rats	male	6.0	high-fat diet		42.0	1+every1days	84.0	84.0	ADULT,OLDER_ADULT	PHASE3	103.0	Metformin	500.0	2+every1days	182.0	364.0	182000.0	0.65
PMC6273299_NCT01023581	200.0	mg/kg	Unknown	Zucker Diabetic Fatty	Rats	male	6.0	high-fat diet		42.0	1+every1days	84.0	84.0	ADULT,OLDER_ADULT	PHASE3	108.0	Metformin	1000.0	2+every1days	182.0	364.0	364000.0	0.18999999999999995
PMC3327803_NCT01023581	200.0	mg/kg	intraperitoneal	db/db	Mice	male	11.0	genetic		49.0	1+every1days	126.0	126.0	ADULT,OLDER_ADULT	PHASE3	103.0	Metformin	500.0	2+every1days	182.0	364.0	182000.0	-0.95
PMC3327803_NCT01023581	200.0	mg/kg	intraperitoneal	db/db	Mice	male	11.0	genetic		49.0	1+every1days	126.0	126.0	ADULT,OLDER_ADULT	PHASE3	108.0	Metformin	1000.0	2+every1days	182.0	364.0	364000.0	-1.4100000000000001
PMC3907559_NCT01023581	200.0	mg/kg	oral	Zucker Diabetic Fatty	Rats	male	10.0	genetic		49.0	2+every1days	32.0	64.0	ADULT,OLDER_ADULT	PHASE3	103.0	Metformin	500.0	2+every1days	182.0	364.0	182000.0	2.35
PMC3907559_NCT01023581	200.0	mg/kg	oral	Zucker Diabetic Fatty	Rats	male	10.0	genetic		49.0	2+every1days	32.0	64.0	ADULT,OLDER_ADULT	PHASE3	108.0	Metformin	1000.0	2+every1days	182.0	364.0	364000.0	1.89
PMC7381706_NCT01023581	250.0	mg/kg	oral	ob/ob	Mice	male	8.0	genetic		52.5	1+every1days	26.0	26.0	ADULT,OLDER_ADULT	PHASE3	103.0	Metformin	500.0	2+every1days	182.0	364.0	182000.0	-0.55
PMC7381706_NCT01023581	250.0	mg/kg	oral	ob/ob	Mice	male	8.0	genetic		52.5	1+every1days	26.0	26.0	ADULT,OLDER_ADULT	PHASE3	108.0	Metformin	1000.0	2+every1days	182.0	364.0	364000.0	-1.01
PMC10203393_NCT01023581	0.2	g/kg	oral	Sprague-Dawley	Rats	male	8.0	high-fat diet+streptozotocin	150.0	52.5	1+every1days	70.0	70.0	ADULT,OLDER_ADULT	PHASE3	103.0	Metformin	500.0	2+every1days	182.0	364.0	182000.0	4.85
PMC10203393_NCT01023581	0.2	g/kg	oral	Sprague-Dawley	Rats	male	8.0	high-fat diet+streptozotocin	150.0	52.5	1+every1days	70.0	70.0	ADULT,OLDER_ADULT	PHASE3	108.0	Metformin	1000.0	2+every1days	182.0	364.0	364000.0	4.39
PMC10323656_NCT01023581	200.0	mg/kg	oral gavage	C57BL/6	Mice	male	12.0	high-fat diet+streptozotocin	24.0	56.0	1+every1days	28.0	28.0	ADULT,OLDER_ADULT	PHASE3	103.0	Metformin	500.0	2+every1days	182.0	364.0	182000.0	0.45000000000000007
PMC10323656_NCT01023581	200.0	mg/kg	oral gavage	C57BL/6	Mice	male	12.0	high-fat diet+streptozotocin	24.0	56.0	1+every1days	28.0	28.0	ADULT,OLDER_ADULT	PHASE3	108.0	Metformin	1000.0	2+every1days	182.0	364.0	364000.0	-0.010000000000000009
PMC3855476_NCT01023581	300.0	mg/kg	oral	db/db	Mice	male	10.0	genetic	44.0	56.0	1+every1days	14.0	14.0	ADULT,OLDER_ADULT	PHASE3	103.0	Metformin	500.0	2+every1days	182.0	364.0	182000.0	0.04999999999999993
PMC3855476_NCT01023581	300.0	mg/kg	oral	db/db	Mice	male	10.0	genetic	44.0	56.0	1+every1days	14.0	14.0	ADULT,OLDER_ADULT	PHASE3	108.0	Metformin	1000.0	2+every1days	182.0	364.0	364000.0	-0.41000000000000014
PMC5881648_NCT01023581	200.0	mg/kg	gavage	Sprague-Dawley	Rats	male	10.0	streptozotocin	200.0	56.0	1+every1days	77.0	77.0	ADULT,OLDER_ADULT	PHASE3	103.0	Metformin	500.0	2+every1days	182.0	364.0	182000.0	2.65
PMC5881648_NCT01023581	200.0	mg/kg	gavage	Sprague-Dawley	Rats	male	10.0	streptozotocin	200.0	56.0	1+every1days	77.0	77.0	ADULT,OLDER_ADULT	PHASE3	108.0	Metformin	1000.0	2+every1days	182.0	364.0	364000.0	2.1899999999999995
PMC4444588_NCT01023581	500.0	mg/kg	intragastric	Sprague-Dawley	Rats	male	7.0	high-fat diet+streptozotocin	190.0	60.0	1+every1days	56.0	56.0	ADULT,OLDER_ADULT	PHASE3	103.0	Metformin	500.0	2+every1days	182.0	364.0	182000.0	3.35
PMC4444588_NCT01023581	500.0	mg/kg	intragastric	Sprague-Dawley	Rats	male	7.0	high-fat diet+streptozotocin	190.0	60.0	1+every1days	56.0	56.0	ADULT,OLDER_ADULT	PHASE3	108.0	Metformin	1000.0	2+every1days	182.0	364.0	364000.0	2.8899999999999997
PMC4444588_NCT01023581	150.0	mg/kg	intragastric	Sprague-Dawley	Rats	male	8.0	high-fat diet+streptozotocin	190.0	60.0	1+every1days	56.0	56.0	ADULT,OLDER_ADULT	PHASE3	103.0	Metformin	500.0	2+every1days	182.0	364.0	182000.0	0.35
PMC4444588_NCT01023581	300.0	mg/kg	intragastric	Sprague-Dawley	Rats	male	8.0	high-fat diet+streptozotocin	190.0	60.0	1+every1days	56.0	56.0	ADULT,OLDER_ADULT	PHASE3	103.0	Metformin	500.0	2+every1days	182.0	364.0	182000.0	1.35
PMC4444588_NCT01023581	150.0	mg/kg	intragastric	Sprague-Dawley	Rats	male	8.0	high-fat diet+streptozotocin	190.0	60.0	1+every1days	56.0	56.0	ADULT,OLDER_ADULT	PHASE3	108.0	Metformin	1000.0	2+every1days	182.0	364.0	364000.0	-0.1100000000000001
PMC4444588_NCT01023581	300.0	mg/kg	intragastric	Sprague-Dawley	Rats	male	8.0	high-fat diet+streptozotocin	190.0	60.0	1+every1days	56.0	56.0	ADULT,OLDER_ADULT	PHASE3	108.0	Metformin	1000.0	2+every1days	182.0	364.0	364000.0	0.8899999999999999
PMC4457365_NCT01023581	20.0	mg/kg	oral	UCD-T2DM	Rats	male	32.0	genetic		60.0	1+every1days	365.0	365.0	ADULT,OLDER_ADULT	PHASE3	104.0	Alogliptin	12.5	2+every1days	182.0	364.0	4550.0	-0.36000000000000004
PMC4097088_NCT01023581	300.0	mg/kg	oral	C57BL/6	Mice	Unknown	8.0	high-fat diet		70.0	1+every1days	14.0	14.0	ADULT,OLDER_ADULT	PHASE3	103.0	Metformin	500.0	2+every1days	182.0	364.0	182000.0	-0.050000000000000044
PMC4097088_NCT01023581	300.0	mg/kg	oral	C57BL/6	Mice	Unknown	8.0	high-fat diet		70.0	1+every1days	14.0	14.0	ADULT,OLDER_ADULT	PHASE3	108.0	Metformin	1000.0	2+every1days	182.0	364.0	364000.0	-0.5100000000000001
PMC9457892_NCT01023581	150.0	mg/kg	oral	C57BL/6	Mice	male	8.0	streptozotocin	27.5	70.0	1+every1days	42.0	42.0	ADULT,OLDER_ADULT	PHASE3	103.0	Metformin	500.0	2+every1days	182.0	364.0	182000.0	3.65
PMC9457892_NCT01023581	150.0	mg/kg	oral	C57BL/6	Mice	male	8.0	streptozotocin	27.5	70.0	1+every1days	42.0	42.0	ADULT,OLDER_ADULT	PHASE3	108.0	Metformin	1000.0	2+every1days	182.0	364.0	364000.0	3.1899999999999995
PMC8745465_NCT01023581	120.0	mg/kg	oral	Wistar	Rats	male	30.0	high-fat diet+streptozotocin	170.0	70.0	1+every1days	35.0	35.0	ADULT,OLDER_ADULT	PHASE3	103.0	Metformin	500.0	2+every1days	182.0	364.0	182000.0	0.86
PMC8745465_NCT01023581	120.0	mg/kg	oral	Wistar	Rats	male	30.0	high-fat diet+streptozotocin	170.0	70.0	1+every1days	35.0	35.0	ADULT,OLDER_ADULT	PHASE3	108.0	Metformin	1000.0	2+every1days	182.0	364.0	364000.0	0.3999999999999999
PMC9055162_NCT01029886	250.0	nmol/kg	subcutaneous	db/db	Mice	male		genetic			2+every7days	56.0	16.0	ADULT,OLDER_ADULT	PHASE3	390.0	Exenatide	2.0	1+every7days	182.0	26.0	52.0	2.0199999999999996
PMC7189518_NCT01029886	0.6	mg/kg	oral	db/db	Mice	male	6.0	genetic			1+every1days	49.0	49.0	ADULT,OLDER_ADULT	PHASE3	390.0	Exenatide	2.0	1+every7days	182.0	26.0	52.0	-0.41000000000000003
PMC7189518_NCT01029886	0.6	mg/kg	oral	db/db	Mice	male	6.0	genetic			1+every1days	49.0	49.0	ADULT,OLDER_ADULT	PHASE3	390.0	Exenatide	2.0	1+every7days	182.0	26.0	52.0	-0.1200000000000001
PMC7189518_NCT01029886	0.06	mg/kg	subcutaneous	db/db	Mice	male	6.0	genetic			1+every1days	49.0	49.0	ADULT,OLDER_ADULT	PHASE3	390.0	Exenatide	2.0	1+every7days	182.0	26.0	52.0	-0.07000000000000006
PMC6369909_NCT01029886	20.0	μg/kg	subcutaneous	Sprague-Dawley	Rats	male	6.0	high-fat diet+streptozotocin	160.0		1+every1days	28.0	28.0	ADULT,OLDER_ADULT	PHASE3	390.0	Exenatide	2.0	1+every7days	182.0	26.0	52.0	1.72
PMC9374709_NCT01029886	0.4	mg/kg	subcutaneous	C57BL/6NRj	Mice	male	23.0	high-fat diet	35.0	112.0	1+every1days	28.0	28.0	ADULT,OLDER_ADULT	PHASE3	386.0	Liraglutide	1.8	1+every1days	182.0	182.0	327.6	-0.1399999999999999
PMC9374709_NCT01029886	0.4	mg/kg	subcutaneous	C57BL/6NTac	Mice	male	16.0	high-fat diet	35.0	112.0	1+every1days	28.0	28.0	ADULT,OLDER_ADULT	PHASE3	386.0	Liraglutide	1.8	1+every1days	182.0	182.0	327.6	10.209999999999999
PMC2948479_NCT01029886	3.5	pm/kg/min	subcutaneous	3xTg-AD	Mice	both	8.0	streptozotocin	30.0	352.5	Unknown	112.0		ADULT,OLDER_ADULT	PHASE3	390.0	Exenatide	2.0	1+every7days	182.0	26.0	52.0	0.9200000000000002
PMC4553314_NCT01029886	2.0	μg/kg	subcutaneous	db/db	Mice	female	10.0	genetic		45.5	2+every1days	43.0	86.0	ADULT,OLDER_ADULT	PHASE3	390.0	Exenatide	2.0	1+every7days	182.0	26.0	52.0	-0.78
PMC6412877_NCT01029886	25.0	nmol/kg	subcutaneous	Unknown	Mice	male		high-fat diet		49.0	1+every1days	28.0	28.0	ADULT,OLDER_ADULT	PHASE3	386.0	Liraglutide	1.8	1+every1days	182.0	182.0	327.6	-0.98
PMC9072222_NCT01029886	0.1	mg/kg	subcutaneous	db/db	Mice	male	40.0	genetic		49.0	1+every1days	56.0	56.0	ADULT,OLDER_ADULT	PHASE3	386.0	Liraglutide	1.8	1+every1days	182.0	182.0	327.6	-0.08000000000000007
PMC4686834_NCT01029886	1.0	μg/kg	subcutaneous	C57BL/6	Mice	male	7.0	genetic		56.0	1+every1days	21.0	21.0	ADULT,OLDER_ADULT	PHASE3	390.0	Exenatide	2.0	1+every7days	182.0	26.0	52.0	-1.23
PMC4686834_NCT01029886	10.0	μg/kg	subcutaneous	C57BL/6	Mice	male	7.0	genetic		56.0	1+every1days	21.0	21.0	ADULT,OLDER_ADULT	PHASE3	390.0	Exenatide	2.0	1+every7days	182.0	26.0	52.0	-1.08
PMC4237538_NCT01029886	0.03	mg/kg	subcutaneous	ob/ob	Mice	male		genetic	43.0	56.0	1+every1days	28.0	28.0	ADULT,OLDER_ADULT	PHASE3	390.0	Exenatide	2.0	1+every7days	182.0	26.0	52.0	0.6199999999999999
PMC3913652_NCT01029886	30.0	nmol/kg	subcutaneous	ob/ob	Mice	male	10.0	genetic	43.9	56.0	1+every1days	28.0	28.0	ADULT,OLDER_ADULT	PHASE3	390.0	Exenatide	2.0	1+every7days	182.0	26.0	52.0	-0.73
PMC3654567_NCT01029886	250.0	μg/kg	subcutaneous	Zucker Diabetic Fatty	Rats	male		genetic		56.0	2+every1days	91.0	182.0	ADULT,OLDER_ADULT	PHASE3	390.0	Exenatide	2.0	1+every7days	182.0	26.0	52.0	0.52
PMC3654567_NCT01029886	6.0	μg/kg	subcutaneous	Zucker Diabetic Fatty	Rats	male		genetic		56.0	2+every1days	91.0	182.0	ADULT,OLDER_ADULT	PHASE3	390.0	Exenatide	2.0	1+every7days	182.0	26.0	52.0	0.72
PMC3654567_NCT01029886	40.0	μg/kg	subcutaneous	Zucker Diabetic Fatty	Rats	male		genetic		56.0	2+every1days	91.0	182.0	ADULT,OLDER_ADULT	PHASE3	390.0	Exenatide	2.0	1+every7days	182.0	26.0	52.0	1.6199999999999999
PMC5477380_NCT01029886	2.0	μg/kg	subcutaneous	KK-Ay	Mice	female	13.0	genetic		77.0	2+every1days	49.0	98.0	ADULT,OLDER_ADULT	PHASE3	390.0	Exenatide	2.0	1+every7days	182.0	26.0	52.0	-0.5800000000000001
PMC9112483_NCT01029886	200.0	μg/kg	subcutaneous	Zucker Diabetic Fatty	Rats	male	7.0	genetic		77.0	2+every1days	140.0	280.0	ADULT,OLDER_ADULT	PHASE3	386.0	Liraglutide	1.8	1+every1days	182.0	182.0	327.6	-0.08000000000000007
PMC9143250_NCT01031680	1.0	mg/kg	oral	Wistar	Rats	both	6.0	high-fat diet+streptozotocin	215.0		1+every1days	28.0	28.0	ADULT,OLDER_ADULT	PHASE3	448.0	Dapagliflozin	10.0	1+every1days	168.0	168.0	1680.0	8.12
PMC10308685_NCT01031680	1.0	mg/kg	oral	Zucker Diabetic Fatty	Rats	male	8.0	genetic		112.0	1+every1days	84.0	84.0	ADULT,OLDER_ADULT	PHASE3	448.0	Dapagliflozin	10.0	1+every1days	168.0	168.0	1680.0	5.0200000000000005
PMC4237538_NCT01031680	1.0	mg/kg	oral	ob/ob	Mice	male		genetic	43.0	56.0	1+every1days	28.0	28.0	ADULT,OLDER_ADULT	PHASE3	448.0	Dapagliflozin	10.0	1+every1days	168.0	168.0	1680.0	1.02
PMC6856656_NCT01031680	1.0	mg/kg	oral	Zucker Diabetic Fatty	Rats	male	8.0	high-fat diet		84.0	1+every1days	63.0	63.0	ADULT,OLDER_ADULT	PHASE3	448.0	Dapagliflozin	10.0	1+every1days	168.0	168.0	1680.0	2.52
PMC5089752_NCT01031680	1.0	mg/kg	oral	Otsuka Long-Evans Tokushima Fatty	Rats	male	10.0	genetic		98.0	1+every1days	84.0	84.0	ADULT,OLDER_ADULT	PHASE3	448.0	Dapagliflozin	10.0	1+every1days	168.0	168.0	1680.0	1.6600000000000001
PMC8953658_NCT01031680	1.0	mg/kg	oral gavage	Zucker Diabetic Fatty	Rats	male	7.0	genetic		98.0	1+every1days	28.0	28.0	ADULT,OLDER_ADULT	PHASE3	448.0	Dapagliflozin	10.0	1+every1days	168.0	168.0	1680.0	2.62
PMC9143250_NCT01042977	1.0	mg/kg	oral	Wistar	Rats	both	6.0	high-fat diet+streptozotocin	215.0		1+every1days	28.0	28.0	ADULT,OLDER_ADULT	PHASE3	474.0	Dapagliflozin	10.0	1+every1days	168.0	168.0	1680.0	8.17
PMC10308685_NCT01042977	1.0	mg/kg	oral	Zucker Diabetic Fatty	Rats	male	8.0	genetic		112.0	1+every1days	84.0	84.0	ADULT,OLDER_ADULT	PHASE3	474.0	Dapagliflozin	10.0	1+every1days	168.0	168.0	1680.0	5.07
PMC4237538_NCT01042977	1.0	mg/kg	oral	ob/ob	Mice	male		genetic	43.0	56.0	1+every1days	28.0	28.0	ADULT,OLDER_ADULT	PHASE3	474.0	Dapagliflozin	10.0	1+every1days	168.0	168.0	1680.0	1.0699999999999998
PMC6856656_NCT01042977	1.0	mg/kg	oral	Zucker Diabetic Fatty	Rats	male	8.0	high-fat diet		84.0	1+every1days	63.0	63.0	ADULT,OLDER_ADULT	PHASE3	474.0	Dapagliflozin	10.0	1+every1days	168.0	168.0	1680.0	2.57
PMC5089752_NCT01042977	1.0	mg/kg	oral	Otsuka Long-Evans Tokushima Fatty	Rats	male	10.0	genetic		98.0	1+every1days	84.0	84.0	ADULT,OLDER_ADULT	PHASE3	474.0	Dapagliflozin	10.0	1+every1days	168.0	168.0	1680.0	1.71
PMC8953658_NCT01042977	1.0	mg/kg	oral gavage	Zucker Diabetic Fatty	Rats	male	7.0	genetic		98.0	1+every1days	28.0	28.0	ADULT,OLDER_ADULT	PHASE3	474.0	Dapagliflozin	10.0	1+every1days	168.0	168.0	1680.0	2.67
PMC4000968_NCT01046110	10.0	mg/kg	oral	Zucker Diabetic Fatty	Rats	Unknown	7.0	genetic		140.0	1+every1days	42.0	42.0	ADULT,OLDER_ADULT	PHASE3	222.0	Sitagliptin Phosphate	100.0	1+every1days	182.0	182.0	18200.0	-0.010000000000000009
PMC3998187_NCT01046110	10.0	mg/kg	oral	Zucker Diabetic Fatty	Rats	male	5.0	genetic		140.0	1+every1days	42.0	42.0	ADULT,OLDER_ADULT	PHASE3	222.0	Sitagliptin Phosphate	100.0	1+every1days	182.0	182.0	18200.0	0.78
PMC2905949_NCT01046110	10.0	mg/kg	oral	Zucker Diabetic Fatty	Rats	male	8.0	genetic		140.0	1+every1days	42.0	42.0	ADULT,OLDER_ADULT	PHASE3	222.0	Sitagliptin Phosphate	100.0	1+every1days	182.0	182.0	18200.0	-1.21
PMC3235777_NCT01046110	10.0	mg/kg	oral	Zucker Diabetic Fatty	Rats	male	8.0	genetic		140.0	1+every1days	42.0	42.0	ADULT,OLDER_ADULT	PHASE3	222.0	Sitagliptin Phosphate	100.0	1+every1days	182.0	182.0	18200.0	0.56
PMC4514850_NCT01046110	100.0	mg/kg	oral	ICR	Mice	male	8.0	high-fat diet+streptozotocin		35.0	1+every1days	56.0	56.0	ADULT,OLDER_ADULT	PHASE3	222.0	Sitagliptin Phosphate	100.0	1+every1days	182.0	182.0	18200.0	0.08000000000000007
PMC3660563_NCT01046110	1.0	mg/kg	oral	C57BLKS/J-db/db	Mice	male		genetic		42.0	1+every1days	42.0	42.0	ADULT,OLDER_ADULT	PHASE3	222.0	Sitagliptin Phosphate	100.0	1+every1days	182.0	182.0	18200.0	-0.41999999999999993
PMC4514850_NCT01046110	100.0	mg/kg	oral	db/db	Mice	male	5.0	genetic		56.0	1+every1days	28.0	28.0	ADULT,OLDER_ADULT	PHASE3	222.0	Sitagliptin Phosphate	100.0	1+every1days	182.0	182.0	18200.0	-0.31999999999999995
PMC4000968_NCT01059825	10.0	mg/kg	oral	Zucker Diabetic Fatty	Rats	Unknown	7.0	genetic		140.0	1+every1days	42.0	42.0	ADULT,OLDER_ADULT	PHASE2	53.0	Sitagliptin Phosphate	100.0	1+every1days	84.0	84.0	8400.0	0.33999999999999997
PMC3998187_NCT01059825	10.0	mg/kg	oral	Zucker Diabetic Fatty	Rats	male	5.0	genetic		140.0	1+every1days	42.0	42.0	ADULT,OLDER_ADULT	PHASE2	53.0	Sitagliptin Phosphate	100.0	1+every1days	84.0	84.0	8400.0	1.13
PMC2905949_NCT01059825	10.0	mg/kg	oral	Zucker Diabetic Fatty	Rats	male	8.0	genetic		140.0	1+every1days	42.0	42.0	ADULT,OLDER_ADULT	PHASE2	53.0	Sitagliptin Phosphate	100.0	1+every1days	84.0	84.0	8400.0	-0.86
PMC3235777_NCT01059825	10.0	mg/kg	oral	Zucker Diabetic Fatty	Rats	male	8.0	genetic		140.0	1+every1days	42.0	42.0	ADULT,OLDER_ADULT	PHASE2	53.0	Sitagliptin Phosphate	100.0	1+every1days	84.0	84.0	8400.0	0.91
PMC4514850_NCT01059825	100.0	mg/kg	oral	ICR	Mice	male	8.0	high-fat diet+streptozotocin		35.0	1+every1days	56.0	56.0	ADULT,OLDER_ADULT	PHASE2	53.0	Sitagliptin Phosphate	100.0	1+every1days	84.0	84.0	8400.0	0.43000000000000005
PMC3660563_NCT01059825	1.0	mg/kg	oral	C57BLKS/J-db/db	Mice	male		genetic		42.0	1+every1days	42.0	42.0	ADULT,OLDER_ADULT	PHASE2	53.0	Sitagliptin Phosphate	100.0	1+every1days	84.0	84.0	8400.0	-0.06999999999999995
PMC4514850_NCT01059825	100.0	mg/kg	oral	db/db	Mice	male	5.0	genetic		56.0	1+every1days	28.0	28.0	ADULT,OLDER_ADULT	PHASE2	53.0	Sitagliptin Phosphate	100.0	1+every1days	84.0	84.0	8400.0	0.030000000000000027
PMC9055162_NCT01060059	250.0	nmol/kg	subcutaneous	db/db	Mice	male		genetic			2+every7days	56.0	16.0	ADULT,OLDER_ADULT	Unknown	379.0	Exenatide	0.0075	2+every1days				2.1999999999999997
PMC7189518_NCT01060059	0.6	mg/kg	oral	db/db	Mice	male	6.0	genetic			1+every1days	49.0	49.0	ADULT,OLDER_ADULT	Unknown	379.0	Exenatide	0.0075	2+every1days				-0.2300000000000001
PMC7189518_NCT01060059	0.6	mg/kg	oral	db/db	Mice	male	6.0	genetic			1+every1days	49.0	49.0	ADULT,OLDER_ADULT	Unknown	379.0	Exenatide	0.0075	2+every1days				0.05999999999999983
PMC7189518_NCT01060059	0.06	mg/kg	subcutaneous	db/db	Mice	male	6.0	genetic			1+every1days	49.0	49.0	ADULT,OLDER_ADULT	Unknown	379.0	Exenatide	0.0075	2+every1days				0.10999999999999988
PMC6369909_NCT01060059	20.0	μg/kg	subcutaneous	Sprague-Dawley	Rats	male	6.0	high-fat diet+streptozotocin	160.0		1+every1days	28.0	28.0	ADULT,OLDER_ADULT	Unknown	379.0	Exenatide	0.0075	2+every1days				1.9
PMC2948479_NCT01060059	3.5	pm/kg/min	subcutaneous	3xTg-AD	Mice	both	8.0	streptozotocin	30.0	352.5	Unknown	112.0		ADULT,OLDER_ADULT	Unknown	379.0	Exenatide	0.0075	2+every1days				1.1
PMC4553314_NCT01060059	2.0	μg/kg	subcutaneous	db/db	Mice	female	10.0	genetic		45.5	2+every1days	43.0	86.0	ADULT,OLDER_ADULT	Unknown	379.0	Exenatide	0.0075	2+every1days				-0.6000000000000001
PMC4686834_NCT01060059	1.0	μg/kg	subcutaneous	C57BL/6	Mice	male	7.0	genetic		56.0	1+every1days	21.0	21.0	ADULT,OLDER_ADULT	Unknown	379.0	Exenatide	0.0075	2+every1days				-1.05
PMC4686834_NCT01060059	10.0	μg/kg	subcutaneous	C57BL/6	Mice	male	7.0	genetic		56.0	1+every1days	21.0	21.0	ADULT,OLDER_ADULT	Unknown	379.0	Exenatide	0.0075	2+every1days				-0.9000000000000001
PMC4237538_NCT01060059	0.03	mg/kg	subcutaneous	ob/ob	Mice	male		genetic	43.0	56.0	1+every1days	28.0	28.0	ADULT,OLDER_ADULT	Unknown	379.0	Exenatide	0.0075	2+every1days				0.7999999999999998
PMC3913652_NCT01060059	30.0	nmol/kg	subcutaneous	ob/ob	Mice	male	10.0	genetic	43.9	56.0	1+every1days	28.0	28.0	ADULT,OLDER_ADULT	Unknown	379.0	Exenatide	0.0075	2+every1days				-0.55
PMC3654567_NCT01060059	250.0	μg/kg	subcutaneous	Zucker Diabetic Fatty	Rats	male		genetic		56.0	2+every1days	91.0	182.0	ADULT,OLDER_ADULT	Unknown	379.0	Exenatide	0.0075	2+every1days				0.7
PMC3654567_NCT01060059	6.0	μg/kg	subcutaneous	Zucker Diabetic Fatty	Rats	male		genetic		56.0	2+every1days	91.0	182.0	ADULT,OLDER_ADULT	Unknown	379.0	Exenatide	0.0075	2+every1days				0.8999999999999999
PMC3654567_NCT01060059	40.0	μg/kg	subcutaneous	Zucker Diabetic Fatty	Rats	male		genetic		56.0	2+every1days	91.0	182.0	ADULT,OLDER_ADULT	Unknown	379.0	Exenatide	0.0075	2+every1days				1.7999999999999998
PMC5477380_NCT01060059	2.0	μg/kg	subcutaneous	KK-Ay	Mice	female	13.0	genetic		77.0	2+every1days	49.0	98.0	ADULT,OLDER_ADULT	Unknown	379.0	Exenatide	0.0075	2+every1days				-0.40000000000000013
PMC9026493_NCT01064414	10.0	mg/kg	oral	Sprague-Dawley	Rats	male	6.0	high-fat diet+streptozotocin	270.0		1+every1days	28.0	28.0	ADULT,OLDER_ADULT	PHASE3	88.0	Canagliflozin	100.0	1+every1days	364.0	364.0	36400.0	1.87
PMC9026493_NCT01064414	10.0	mg/kg	oral	Sprague-Dawley	Rats	male	6.0	high-fat diet+streptozotocin	270.0		1+every1days	28.0	28.0	ADULT,OLDER_ADULT	PHASE3	89.0	Canagliflozin	300.0	1+every1days	364.0	364.0	109200.0	1.7600000000000002
PMC3280264_NCT01064414	3.0	mg/kg	oral	Zucker Diabetic Fatty	Rats	male		genetic			1+every1days	28.0	28.0	ADULT,OLDER_ADULT	PHASE3	88.0	Canagliflozin	100.0	1+every1days	364.0	364.0	36400.0	4.07
PMC3280264_NCT01064414	10.0	mg/kg	oral	Zucker Diabetic Fatty	Rats	male		genetic			1+every1days	28.0	28.0	ADULT,OLDER_ADULT	PHASE3	88.0	Canagliflozin	100.0	1+every1days	364.0	364.0	36400.0	5.57
PMC3280264_NCT01064414	30.0	mg/kg	oral	Zucker Diabetic Fatty	Rats	male		genetic			1+every1days	28.0	28.0	ADULT,OLDER_ADULT	PHASE3	88.0	Canagliflozin	100.0	1+every1days	364.0	364.0	36400.0	5.67
PMC3280264_NCT01064414	3.0	mg/kg	oral	Zucker Diabetic Fatty	Rats	male		genetic			1+every1days	28.0	28.0	ADULT,OLDER_ADULT	PHASE3	89.0	Canagliflozin	300.0	1+every1days	364.0	364.0	109200.0	3.9600000000000004
PMC3280264_NCT01064414	10.0	mg/kg	oral	Zucker Diabetic Fatty	Rats	male		genetic			1+every1days	28.0	28.0	ADULT,OLDER_ADULT	PHASE3	89.0	Canagliflozin	300.0	1+every1days	364.0	364.0	109200.0	5.46
PMC3280264_NCT01064414	30.0	mg/kg	oral	Zucker Diabetic Fatty	Rats	male		genetic			1+every1days	28.0	28.0	ADULT,OLDER_ADULT	PHASE3	89.0	Canagliflozin	300.0	1+every1days	364.0	364.0	109200.0	5.56
PMC4304810_NCT01064414	10.0	mg/kg	oral	Zucker Diabetic Fatty	Rats	male		genetic		49.0	1+every1days	42.0	42.0	ADULT,OLDER_ADULT	PHASE3	88.0	Canagliflozin	100.0	1+every1days	364.0	364.0	36400.0	3.9699999999999998
PMC4304810_NCT01064414	10.0	mg/kg	oral	Zucker Diabetic Fatty	Rats	male		genetic		49.0	1+every1days	42.0	42.0	ADULT,OLDER_ADULT	PHASE3	89.0	Canagliflozin	300.0	1+every1days	364.0	364.0	109200.0	3.86
PMC7852344_NCT01064414	20.0	mg/kg	oral	TALLYHO/JngJ	Mice	male	52.0	genetic		63.0	1+every1days	70.0	70.0	ADULT,OLDER_ADULT	PHASE3	88.0	Canagliflozin	100.0	1+every1days	364.0	364.0	36400.0	2.27
PMC7852344_NCT01064414	20.0	mg/kg	oral	TALLYHO/JngJ	Mice	male	52.0	genetic		63.0	1+every1days	70.0	70.0	ADULT,OLDER_ADULT	PHASE3	89.0	Canagliflozin	300.0	1+every1days	364.0	364.0	109200.0	2.16
PMC4000968_NCT01076075	10.0	mg/kg	oral	Zucker Diabetic Fatty	Rats	Unknown	7.0	genetic		140.0	1+every1days	42.0	42.0	ADULT,OLDER_ADULT	PHASE3	203.0	Sitagliptin Phosphate	100.0	1+every1days	168.0	168.0	16800.0	0.37
PMC3998187_NCT01076075	10.0	mg/kg	oral	Zucker Diabetic Fatty	Rats	male	5.0	genetic		140.0	1+every1days	42.0	42.0	ADULT,OLDER_ADULT	PHASE3	203.0	Sitagliptin Phosphate	100.0	1+every1days	168.0	168.0	16800.0	1.1600000000000001
PMC2905949_NCT01076075	10.0	mg/kg	oral	Zucker Diabetic Fatty	Rats	male	8.0	genetic		140.0	1+every1days	42.0	42.0	ADULT,OLDER_ADULT	PHASE3	203.0	Sitagliptin Phosphate	100.0	1+every1days	168.0	168.0	16800.0	-0.83
PMC3235777_NCT01076075	10.0	mg/kg	oral	Zucker Diabetic Fatty	Rats	male	8.0	genetic		140.0	1+every1days	42.0	42.0	ADULT,OLDER_ADULT	PHASE3	203.0	Sitagliptin Phosphate	100.0	1+every1days	168.0	168.0	16800.0	0.9400000000000001
PMC4514850_NCT01076075	100.0	mg/kg	oral	ICR	Mice	male	8.0	high-fat diet+streptozotocin		35.0	1+every1days	56.0	56.0	ADULT,OLDER_ADULT	PHASE3	203.0	Sitagliptin Phosphate	100.0	1+every1days	168.0	168.0	16800.0	0.4600000000000001
PMC3660563_NCT01076075	1.0	mg/kg	oral	C57BLKS/J-db/db	Mice	male		genetic		42.0	1+every1days	42.0	42.0	ADULT,OLDER_ADULT	PHASE3	203.0	Sitagliptin Phosphate	100.0	1+every1days	168.0	168.0	16800.0	-0.039999999999999925
PMC4514850_NCT01076075	100.0	mg/kg	oral	db/db	Mice	male	5.0	genetic		56.0	1+every1days	28.0	28.0	ADULT,OLDER_ADULT	PHASE3	203.0	Sitagliptin Phosphate	100.0	1+every1days	168.0	168.0	16800.0	0.06000000000000005
PMC5485244_NCT01076088	500.0	mg/kg	oral	C57BL/6J	Mice	male	8.0	high-fat diet			1+every1days			ADULT,OLDER_ADULT	PHASE3	116.0	Metformin	500.0	2+every1days	168.0	336.0	168000.0	-0.89
PMC5485244_NCT01076088	500.0	mg/kg	oral	C57BL/6J	Mice	male	8.0	high-fat diet			1+every1days			ADULT,OLDER_ADULT	PHASE3	117.0	Metformin	850.0	2+every1days	168.0	336.0	285600.0	-1.1600000000000001
PMC8657924_NCT01076088	225.0	mg/kg	oral	Kunming	Mice	male	8.0	high-fat diet+streptozotocin	20.0		1+every1days	28.0	28.0	ADULT,OLDER_ADULT	PHASE3	116.0	Metformin	500.0	2+every1days	168.0	336.0	168000.0	2.71
PMC8657924_NCT01076088	225.0	mg/kg	oral	Kunming	Mice	male	8.0	high-fat diet+streptozotocin	20.0		1+every1days	28.0	28.0	ADULT,OLDER_ADULT	PHASE3	117.0	Metformin	850.0	2+every1days	168.0	336.0	285600.0	2.44
PMC3462199_NCT01076088	400.0	mg/kg	intraperitoneal	db/db	Mice	male	10.0	genetic	47.5		1+every1days	14.0	14.0	ADULT,OLDER_ADULT	PHASE3	116.0	Metformin	500.0	2+every1days	168.0	336.0	168000.0	-0.89
PMC3462199_NCT01076088	400.0	mg/kg	intraperitoneal	db/db	Mice	male	10.0	genetic	47.5		1+every1days	14.0	14.0	ADULT,OLDER_ADULT	PHASE3	117.0	Metformin	850.0	2+every1days	168.0	336.0	285600.0	-1.1600000000000001
PMC3462199_NCT01076088	400.0	mg/kg	intraperitoneal	db/db	Mice	male	12.0	genetic	47.5		1+every1days	14.0	14.0	ADULT,OLDER_ADULT	PHASE3	116.0	Metformin	500.0	2+every1days	168.0	336.0	168000.0	-0.99
PMC3462199_NCT01076088	400.0	mg/kg	intraperitoneal	db/db	Mice	male	12.0	genetic	47.5		1+every1days	14.0	14.0	ADULT,OLDER_ADULT	PHASE3	117.0	Metformin	850.0	2+every1days	168.0	336.0	285600.0	-1.26
PMC9313150_NCT01076088	200.0	mg/kg	oral	Wistar	Rats	male		high-fat diet+streptozotocin	185.0		1+every1days	84.0	84.0	ADULT,OLDER_ADULT	PHASE3	116.0	Metformin	500.0	2+every1days	168.0	336.0	168000.0	0.81
PMC9313150_NCT01076088	200.0	mg/kg	oral	Wistar	Rats	male		high-fat diet+streptozotocin	185.0		1+every1days	84.0	84.0	ADULT,OLDER_ADULT	PHASE3	117.0	Metformin	850.0	2+every1days	168.0	336.0	285600.0	0.54
PMC7092631_NCT01076088	200.0	mg/kg	intragastric	Wistar	Rats	male	10.0	high-fat diet+streptozotocin	200.0		1+every1days	28.0	28.0	ADULT,OLDER_ADULT	PHASE3	116.0	Metformin	500.0	2+every1days	168.0	336.0	168000.0	-0.4700000000000001
PMC7092631_NCT01076088	200.0	mg/kg	intragastric	Wistar	Rats	male	10.0	high-fat diet+streptozotocin	200.0		1+every1days	28.0	28.0	ADULT,OLDER_ADULT	PHASE3	117.0	Metformin	850.0	2+every1days	168.0	336.0	285600.0	-0.7400000000000001
PMC8800605_NCT01076088	60.0	mg/kg	oral	Wistar	Rats	male	12.0	high-fat diet+streptozotocin	176.8		1+every1days	14.0	14.0	ADULT,OLDER_ADULT	PHASE3	116.0	Metformin	500.0	2+every1days	168.0	336.0	168000.0	-1.08
PMC8800605_NCT01076088	60.0	mg/kg	oral	Wistar	Rats	male	12.0	high-fat diet+streptozotocin	176.8		1+every1days	14.0	14.0	ADULT,OLDER_ADULT	PHASE3	117.0	Metformin	850.0	2+every1days	168.0	336.0	285600.0	-1.35
PMC4826921_NCT01076088	200.0	mg/kg	oral	Wistar	Rats	male	20.0	high-fat diet	110.0		1+every1days	60.0	60.0	ADULT,OLDER_ADULT	PHASE3	116.0	Metformin	500.0	2+every1days	168.0	336.0	168000.0	0.31000000000000005
PMC4826921_NCT01076088	200.0	mg/kg	oral	Wistar	Rats	male	20.0	high-fat diet	110.0		1+every1days	60.0	60.0	ADULT,OLDER_ADULT	PHASE3	117.0	Metformin	850.0	2+every1days	168.0	336.0	285600.0	0.040000000000000036
PMC7034448_NCT01076088	500.0	mg/kg	oral	Wistar	Rats	male	6.0	high-fat diet+streptozotocin	190.0		1+every1days	30.0	30.0	ADULT,OLDER_ADULT	PHASE3	116.0	Metformin	500.0	2+every1days	168.0	336.0	168000.0	3.8099999999999996
PMC7034448_NCT01076088	500.0	mg/kg	oral	Wistar	Rats	male	6.0	high-fat diet+streptozotocin	190.0		1+every1days	30.0	30.0	ADULT,OLDER_ADULT	PHASE3	117.0	Metformin	850.0	2+every1days	168.0	336.0	285600.0	3.5399999999999996
PMC4884299_NCT01076088	150.0	mg/kg	oral	Wistar	Rats	male	6.0	streptozotocin+nicotinamide	280.0		1+every1days	42.0	42.0	ADULT,OLDER_ADULT	PHASE3	116.0	Metformin	500.0	2+every1days	168.0	336.0	168000.0	1.0499999999999998
PMC4884299_NCT01076088	150.0	mg/kg	oral	Wistar	Rats	male	6.0	streptozotocin+nicotinamide	280.0		1+every1days	42.0	42.0	ADULT,OLDER_ADULT	PHASE3	117.0	Metformin	850.0	2+every1days	168.0	336.0	285600.0	0.7799999999999998
PMC9953164_NCT01076088	200.0	mg/kg	Unknown	Wistar	Rats	male	8.0	high-fat diet+streptozotocin	185.0		1+every1days	84.0	84.0	ADULT,OLDER_ADULT	PHASE3	116.0	Metformin	500.0	2+every1days	168.0	336.0	168000.0	1.21
PMC9953164_NCT01076088	200.0	mg/kg	Unknown	Wistar	Rats	male	8.0	high-fat diet+streptozotocin	185.0		1+every1days	84.0	84.0	ADULT,OLDER_ADULT	PHASE3	117.0	Metformin	850.0	2+every1days	168.0	336.0	285600.0	0.94
PMC9681650_NCT01076088	60.0	mg/kg	oral	Wistar	Rats	male	12.0	high-fat diet+streptozotocin	176.8	120.0	1+every1days	14.0	14.0	ADULT,OLDER_ADULT	PHASE3	116.0	Metformin	500.0	2+every1days	168.0	336.0	168000.0	-1.19
PMC9681650_NCT01076088	60.0	mg/kg	oral	Wistar	Rats	male	12.0	high-fat diet+streptozotocin	176.8	120.0	1+every1days	14.0	14.0	ADULT,OLDER_ADULT	PHASE3	117.0	Metformin	850.0	2+every1days	168.0	336.0	285600.0	-1.46
PMC4000968_NCT01076088	10.0	mg/kg	oral	Zucker Diabetic Fatty	Rats	Unknown	7.0	genetic		140.0	1+every1days	42.0	42.0	ADULT,OLDER_ADULT	PHASE3	113.0	Sitagliptin Phosphate	100.0	1+every1days	168.0	168.0	16800.0	0.21999999999999997
PMC4423537_NCT01076088	300.0	mg/kg	oral	Otsuka Long-Evans Tokushima Fatty	Rats	male	14.0	genetic		140.0	1+every1days	84.0	84.0	ADULT,OLDER_ADULT	PHASE3	116.0	Metformin	500.0	2+every1days	168.0	336.0	168000.0	0.31000000000000005
PMC4423537_NCT01076088	300.0	mg/kg	oral	Otsuka Long-Evans Tokushima Fatty	Rats	male	14.0	genetic		140.0	1+every1days	84.0	84.0	ADULT,OLDER_ADULT	PHASE3	117.0	Metformin	850.0	2+every1days	168.0	336.0	285600.0	0.040000000000000036
PMC3998187_NCT01076088	10.0	mg/kg	oral	Zucker Diabetic Fatty	Rats	male	5.0	genetic		140.0	1+every1days	42.0	42.0	ADULT,OLDER_ADULT	PHASE3	113.0	Sitagliptin Phosphate	100.0	1+every1days	168.0	168.0	16800.0	1.01
PMC2905949_NCT01076088	10.0	mg/kg	oral	Zucker Diabetic Fatty	Rats	male	8.0	genetic		140.0	1+every1days	42.0	42.0	ADULT,OLDER_ADULT	PHASE3	113.0	Sitagliptin Phosphate	100.0	1+every1days	168.0	168.0	16800.0	-0.98
PMC3235777_NCT01076088	10.0	mg/kg	oral	Zucker Diabetic Fatty	Rats	male	8.0	genetic		140.0	1+every1days	42.0	42.0	ADULT,OLDER_ADULT	PHASE3	113.0	Sitagliptin Phosphate	100.0	1+every1days	168.0	168.0	16800.0	0.79
PMC9470898_NCT01076088	0.1	% (w/w)	oral	NONcNZO10/LtJ	Mice	male	10.0	genetic		147.0	Unknown	126.0		ADULT,OLDER_ADULT	PHASE3	116.0	Metformin	500.0	2+every1days	168.0	336.0	168000.0	-0.79
PMC9470898_NCT01076088	0.1	% (w/w)	oral	NONcNZO10/LtJ	Mice	male	10.0	genetic		147.0	Unknown	126.0		ADULT,OLDER_ADULT	PHASE3	117.0	Metformin	850.0	2+every1days	168.0	336.0	285600.0	-1.06
PMC5840580_NCT01076088	300.0	mg/kg	oral	Otsuka Long-Evans Tokushima Fatty	Rats	male	6.0	high-fat diet		168.0	1+every1days	84.0	84.0	ADULT,OLDER_ADULT	PHASE3	116.0	Metformin	500.0	2+every1days	168.0	336.0	168000.0	0.20999999999999996
PMC5840580_NCT01076088	300.0	mg/kg	oral	Otsuka Long-Evans Tokushima Fatty	Rats	male	6.0	high-fat diet		168.0	1+every1days	84.0	84.0	ADULT,OLDER_ADULT	PHASE3	117.0	Metformin	850.0	2+every1days	168.0	336.0	285600.0	-0.06000000000000005
PMC3465985_NCT01076088	350.0	mg/kg	oral	Spontaneously Diabetic Torii	Rats	male	10.0	genetic		175.0	1+every1days	119.0	119.0	ADULT,OLDER_ADULT	PHASE3	116.0	Metformin	500.0	2+every1days	168.0	336.0	168000.0	0.020000000000000018
PMC3465985_NCT01076088	350.0	mg/kg	oral	Spontaneously Diabetic Torii	Rats	male	10.0	genetic		175.0	1+every1days	119.0	119.0	ADULT,OLDER_ADULT	PHASE3	117.0	Metformin	850.0	2+every1days	168.0	336.0	285600.0	-0.25
PMC5319739_NCT01076088	50.0	mg/kg	gastric intubation	Psammomys obesus	Gerbillinae	male	30.0	high-fat diet	100.0	240.0	1+every1days	84.0	84.0	ADULT,OLDER_ADULT	PHASE3	116.0	Metformin	500.0	2+every1days	168.0	336.0	168000.0	2.91
PMC5319739_NCT01076088	50.0	mg/kg	gastric intubation	Psammomys obesus	Gerbillinae	male	30.0	high-fat diet	100.0	240.0	1+every1days	84.0	84.0	ADULT,OLDER_ADULT	PHASE3	117.0	Metformin	850.0	2+every1days	168.0	336.0	285600.0	2.64
PMC9698742_NCT01076088	200.0	mg/kg	oral	Wistar	Rats	male	5.0	streptozotocin	225.0	270.0	1+every1days	45.0	45.0	ADULT,OLDER_ADULT	PHASE3	116.0	Metformin	500.0	2+every1days	168.0	336.0	168000.0	1.31
PMC9698742_NCT01076088	200.0	mg/kg	oral	Wistar	Rats	male	5.0	streptozotocin	225.0	270.0	1+every1days	45.0	45.0	ADULT,OLDER_ADULT	PHASE3	117.0	Metformin	850.0	2+every1days	168.0	336.0	285600.0	1.04
PMC7727825_NCT01076088	200.0	mg/kg	oral	C57BLKS/J-db/db	Mice	male	8.0	genetic		35.0	1+every1days	63.0	63.0	ADULT,OLDER_ADULT	PHASE3	116.0	Metformin	500.0	2+every1days	168.0	336.0	168000.0	1.71
PMC7727825_NCT01076088	200.0	mg/kg	oral	C57BLKS/J-db/db	Mice	male	8.0	genetic		35.0	1+every1days	63.0	63.0	ADULT,OLDER_ADULT	PHASE3	117.0	Metformin	850.0	2+every1days	168.0	336.0	285600.0	1.44
PMC4514850_NCT01076088	100.0	mg/kg	oral	ICR	Mice	male	8.0	high-fat diet+streptozotocin		35.0	1+every1days	56.0	56.0	ADULT,OLDER_ADULT	PHASE3	113.0	Sitagliptin Phosphate	100.0	1+every1days	168.0	168.0	16800.0	0.31000000000000005
PMC7598587_NCT01076088	200.0	mg/kg	oral	C57BL/6N	Mice	male	8.0	high-fat diet+streptozotocin		38.5	1+every1days	28.0	28.0	ADULT,OLDER_ADULT	PHASE3	116.0	Metformin	500.0	2+every1days	168.0	336.0	168000.0	0.56
PMC7598587_NCT01076088	200.0	mg/kg	oral	C57BL/6N	Mice	male	8.0	high-fat diet+streptozotocin		38.5	1+every1days	28.0	28.0	ADULT,OLDER_ADULT	PHASE3	117.0	Metformin	850.0	2+every1days	168.0	336.0	285600.0	0.29000000000000004
PMC4726511_NCT01076088	10.0	mg/kg	oral	db/db	Mice	Unknown	5.0	genetic		42.0	1+every1days	28.0	28.0	ADULT,OLDER_ADULT	PHASE3	116.0	Metformin	500.0	2+every1days	168.0	336.0	168000.0	-0.6900000000000001
PMC4726511_NCT01076088	10.0	mg/kg	oral	db/db	Mice	Unknown	5.0	genetic		42.0	1+every1days	28.0	28.0	ADULT,OLDER_ADULT	PHASE3	117.0	Metformin	850.0	2+every1days	168.0	336.0	285600.0	-0.9600000000000001
PMC5485244_NCT01076088	500.0	mg/kg	oral	C57BL/6J	Mice	male	16.0	high-fat diet		42.0	1+every1days	84.0	84.0	ADULT,OLDER_ADULT	PHASE3	116.0	Metformin	500.0	2+every1days	168.0	336.0	168000.0	-0.89
PMC5485244_NCT01076088	500.0	mg/kg	oral	C57BL/6J	Mice	male	16.0	high-fat diet		42.0	1+every1days	84.0	84.0	ADULT,OLDER_ADULT	PHASE3	117.0	Metformin	850.0	2+every1days	168.0	336.0	285600.0	-1.1600000000000001
PMC3660563_NCT01076088	1.0	mg/kg	oral	C57BLKS/J-db/db	Mice	male		genetic		42.0	1+every1days	42.0	42.0	ADULT,OLDER_ADULT	PHASE3	113.0	Sitagliptin Phosphate	100.0	1+every1days	168.0	168.0	16800.0	-0.18999999999999995
PMC6273299_NCT01076088	200.0	mg/kg	Unknown	Zucker Diabetic Fatty	Rats	male	6.0	high-fat diet		42.0	1+every1days	84.0	84.0	ADULT,OLDER_ADULT	PHASE3	116.0	Metformin	500.0	2+every1days	168.0	336.0	168000.0	0.010000000000000009
PMC6273299_NCT01076088	200.0	mg/kg	Unknown	Zucker Diabetic Fatty	Rats	male	6.0	high-fat diet		42.0	1+every1days	84.0	84.0	ADULT,OLDER_ADULT	PHASE3	117.0	Metformin	850.0	2+every1days	168.0	336.0	285600.0	-0.26
PMC3327803_NCT01076088	200.0	mg/kg	intraperitoneal	db/db	Mice	male	11.0	genetic		49.0	1+every1days	126.0	126.0	ADULT,OLDER_ADULT	PHASE3	116.0	Metformin	500.0	2+every1days	168.0	336.0	168000.0	-1.59
PMC3327803_NCT01076088	200.0	mg/kg	intraperitoneal	db/db	Mice	male	11.0	genetic		49.0	1+every1days	126.0	126.0	ADULT,OLDER_ADULT	PHASE3	117.0	Metformin	850.0	2+every1days	168.0	336.0	285600.0	-1.86
PMC3907559_NCT01076088	200.0	mg/kg	oral	Zucker Diabetic Fatty	Rats	male	10.0	genetic		49.0	2+every1days	32.0	64.0	ADULT,OLDER_ADULT	PHASE3	116.0	Metformin	500.0	2+every1days	168.0	336.0	168000.0	1.71
PMC3907559_NCT01076088	200.0	mg/kg	oral	Zucker Diabetic Fatty	Rats	male	10.0	genetic		49.0	2+every1days	32.0	64.0	ADULT,OLDER_ADULT	PHASE3	117.0	Metformin	850.0	2+every1days	168.0	336.0	285600.0	1.44
PMC7381706_NCT01076088	250.0	mg/kg	oral	ob/ob	Mice	male	8.0	genetic		52.5	1+every1days	26.0	26.0	ADULT,OLDER_ADULT	PHASE3	116.0	Metformin	500.0	2+every1days	168.0	336.0	168000.0	-1.19
PMC7381706_NCT01076088	250.0	mg/kg	oral	ob/ob	Mice	male	8.0	genetic		52.5	1+every1days	26.0	26.0	ADULT,OLDER_ADULT	PHASE3	117.0	Metformin	850.0	2+every1days	168.0	336.0	285600.0	-1.46
PMC10203393_NCT01076088	0.2	g/kg	oral	Sprague-Dawley	Rats	male	8.0	high-fat diet+streptozotocin	150.0	52.5	1+every1days	70.0	70.0	ADULT,OLDER_ADULT	PHASE3	116.0	Metformin	500.0	2+every1days	168.0	336.0	168000.0	4.21
PMC10203393_NCT01076088	0.2	g/kg	oral	Sprague-Dawley	Rats	male	8.0	high-fat diet+streptozotocin	150.0	52.5	1+every1days	70.0	70.0	ADULT,OLDER_ADULT	PHASE3	117.0	Metformin	850.0	2+every1days	168.0	336.0	285600.0	3.94
PMC10323656_NCT01076088	200.0	mg/kg	oral gavage	C57BL/6	Mice	male	12.0	high-fat diet+streptozotocin	24.0	56.0	1+every1days	28.0	28.0	ADULT,OLDER_ADULT	PHASE3	116.0	Metformin	500.0	2+every1days	168.0	336.0	168000.0	-0.18999999999999995
PMC10323656_NCT01076088	200.0	mg/kg	oral gavage	C57BL/6	Mice	male	12.0	high-fat diet+streptozotocin	24.0	56.0	1+every1days	28.0	28.0	ADULT,OLDER_ADULT	PHASE3	117.0	Metformin	850.0	2+every1days	168.0	336.0	285600.0	-0.45999999999999996
PMC3855476_NCT01076088	300.0	mg/kg	oral	db/db	Mice	male	10.0	genetic	44.0	56.0	1+every1days	14.0	14.0	ADULT,OLDER_ADULT	PHASE3	116.0	Metformin	500.0	2+every1days	168.0	336.0	168000.0	-0.5900000000000001
PMC3855476_NCT01076088	300.0	mg/kg	oral	db/db	Mice	male	10.0	genetic	44.0	56.0	1+every1days	14.0	14.0	ADULT,OLDER_ADULT	PHASE3	117.0	Metformin	850.0	2+every1days	168.0	336.0	285600.0	-0.8600000000000001
PMC4514850_NCT01076088	100.0	mg/kg	oral	db/db	Mice	male	5.0	genetic		56.0	1+every1days	28.0	28.0	ADULT,OLDER_ADULT	PHASE3	113.0	Sitagliptin Phosphate	100.0	1+every1days	168.0	168.0	16800.0	-0.08999999999999997
PMC5881648_NCT01076088	200.0	mg/kg	gavage	Sprague-Dawley	Rats	male	10.0	streptozotocin	200.0	56.0	1+every1days	77.0	77.0	ADULT,OLDER_ADULT	PHASE3	116.0	Metformin	500.0	2+every1days	168.0	336.0	168000.0	2.01
PMC5881648_NCT01076088	200.0	mg/kg	gavage	Sprague-Dawley	Rats	male	10.0	streptozotocin	200.0	56.0	1+every1days	77.0	77.0	ADULT,OLDER_ADULT	PHASE3	117.0	Metformin	850.0	2+every1days	168.0	336.0	285600.0	1.7399999999999998
PMC4444588_NCT01076088	500.0	mg/kg	intragastric	Sprague-Dawley	Rats	male	7.0	high-fat diet+streptozotocin	190.0	60.0	1+every1days	56.0	56.0	ADULT,OLDER_ADULT	PHASE3	116.0	Metformin	500.0	2+every1days	168.0	336.0	168000.0	2.71
PMC4444588_NCT01076088	500.0	mg/kg	intragastric	Sprague-Dawley	Rats	male	7.0	high-fat diet+streptozotocin	190.0	60.0	1+every1days	56.0	56.0	ADULT,OLDER_ADULT	PHASE3	117.0	Metformin	850.0	2+every1days	168.0	336.0	285600.0	2.44
PMC4444588_NCT01076088	150.0	mg/kg	intragastric	Sprague-Dawley	Rats	male	8.0	high-fat diet+streptozotocin	190.0	60.0	1+every1days	56.0	56.0	ADULT,OLDER_ADULT	PHASE3	116.0	Metformin	500.0	2+every1days	168.0	336.0	168000.0	-0.29000000000000004
PMC4444588_NCT01076088	300.0	mg/kg	intragastric	Sprague-Dawley	Rats	male	8.0	high-fat diet+streptozotocin	190.0	60.0	1+every1days	56.0	56.0	ADULT,OLDER_ADULT	PHASE3	116.0	Metformin	500.0	2+every1days	168.0	336.0	168000.0	0.71
PMC4444588_NCT01076088	150.0	mg/kg	intragastric	Sprague-Dawley	Rats	male	8.0	high-fat diet+streptozotocin	190.0	60.0	1+every1days	56.0	56.0	ADULT,OLDER_ADULT	PHASE3	117.0	Metformin	850.0	2+every1days	168.0	336.0	285600.0	-0.56
PMC4444588_NCT01076088	300.0	mg/kg	intragastric	Sprague-Dawley	Rats	male	8.0	high-fat diet+streptozotocin	190.0	60.0	1+every1days	56.0	56.0	ADULT,OLDER_ADULT	PHASE3	117.0	Metformin	850.0	2+every1days	168.0	336.0	285600.0	0.43999999999999995
PMC4097088_NCT01076088	300.0	mg/kg	oral	C57BL/6	Mice	Unknown	8.0	high-fat diet		70.0	1+every1days	14.0	14.0	ADULT,OLDER_ADULT	PHASE3	116.0	Metformin	500.0	2+every1days	168.0	336.0	168000.0	-0.6900000000000001
PMC4097088_NCT01076088	300.0	mg/kg	oral	C57BL/6	Mice	Unknown	8.0	high-fat diet		70.0	1+every1days	14.0	14.0	ADULT,OLDER_ADULT	PHASE3	117.0	Metformin	850.0	2+every1days	168.0	336.0	285600.0	-0.9600000000000001
PMC9457892_NCT01076088	150.0	mg/kg	oral	C57BL/6	Mice	male	8.0	streptozotocin	27.5	70.0	1+every1days	42.0	42.0	ADULT,OLDER_ADULT	PHASE3	116.0	Metformin	500.0	2+every1days	168.0	336.0	168000.0	3.01
PMC9457892_NCT01076088	150.0	mg/kg	oral	C57BL/6	Mice	male	8.0	streptozotocin	27.5	70.0	1+every1days	42.0	42.0	ADULT,OLDER_ADULT	PHASE3	117.0	Metformin	850.0	2+every1days	168.0	336.0	285600.0	2.7399999999999998
PMC8745465_NCT01076088	120.0	mg/kg	oral	Wistar	Rats	male	30.0	high-fat diet+streptozotocin	170.0	70.0	1+every1days	35.0	35.0	ADULT,OLDER_ADULT	PHASE3	116.0	Metformin	500.0	2+every1days	168.0	336.0	168000.0	0.21999999999999997
PMC8745465_NCT01076088	120.0	mg/kg	oral	Wistar	Rats	male	30.0	high-fat diet+streptozotocin	170.0	70.0	1+every1days	35.0	35.0	ADULT,OLDER_ADULT	PHASE3	117.0	Metformin	850.0	2+every1days	168.0	336.0	285600.0	-0.050000000000000044
PMC9026493_NCT01081834	10.0	mg/kg	oral	Sprague-Dawley	Rats	male	6.0	high-fat diet+streptozotocin	270.0		1+every1days	28.0	28.0	ADULT,OLDER_ADULT	PHASE3	46.0	Canagliflozin	100.0	1+every1days	182.0	182.0	18200.0	0.07000000000000028
PMC9026493_NCT01081834	10.0	mg/kg	oral	Sprague-Dawley	Rats	male	6.0	high-fat diet+streptozotocin	270.0		1+every1days	28.0	28.0	ADULT,OLDER_ADULT	PHASE3	43.0	Canagliflozin	300.0	1+every1days	182.0	182.0	54600.0	-0.3599999999999999
PMC3280264_NCT01081834	3.0	mg/kg	oral	Zucker Diabetic Fatty	Rats	male		genetic			1+every1days	28.0	28.0	ADULT,OLDER_ADULT	PHASE3	46.0	Canagliflozin	100.0	1+every1days	182.0	182.0	18200.0	2.2700000000000005
PMC3280264_NCT01081834	10.0	mg/kg	oral	Zucker Diabetic Fatty	Rats	male		genetic			1+every1days	28.0	28.0	ADULT,OLDER_ADULT	PHASE3	46.0	Canagliflozin	100.0	1+every1days	182.0	182.0	18200.0	3.7700000000000005
PMC3280264_NCT01081834	30.0	mg/kg	oral	Zucker Diabetic Fatty	Rats	male		genetic			1+every1days	28.0	28.0	ADULT,OLDER_ADULT	PHASE3	46.0	Canagliflozin	100.0	1+every1days	182.0	182.0	18200.0	3.87
PMC3280264_NCT01081834	3.0	mg/kg	oral	Zucker Diabetic Fatty	Rats	male		genetic			1+every1days	28.0	28.0	ADULT,OLDER_ADULT	PHASE3	43.0	Canagliflozin	300.0	1+every1days	182.0	182.0	54600.0	1.8400000000000003
PMC3280264_NCT01081834	10.0	mg/kg	oral	Zucker Diabetic Fatty	Rats	male		genetic			1+every1days	28.0	28.0	ADULT,OLDER_ADULT	PHASE3	43.0	Canagliflozin	300.0	1+every1days	182.0	182.0	54600.0	3.3400000000000003
PMC3280264_NCT01081834	30.0	mg/kg	oral	Zucker Diabetic Fatty	Rats	male		genetic			1+every1days	28.0	28.0	ADULT,OLDER_ADULT	PHASE3	43.0	Canagliflozin	300.0	1+every1days	182.0	182.0	54600.0	3.44
PMC4304810_NCT01081834	10.0	mg/kg	oral	Zucker Diabetic Fatty	Rats	male		genetic		49.0	1+every1days	42.0	42.0	ADULT,OLDER_ADULT	PHASE3	46.0	Canagliflozin	100.0	1+every1days	182.0	182.0	18200.0	2.17
PMC4304810_NCT01081834	10.0	mg/kg	oral	Zucker Diabetic Fatty	Rats	male		genetic		49.0	1+every1days	42.0	42.0	ADULT,OLDER_ADULT	PHASE3	43.0	Canagliflozin	300.0	1+every1days	182.0	182.0	54600.0	1.7399999999999998
PMC7852344_NCT01081834	20.0	mg/kg	oral	TALLYHO/JngJ	Mice	male	52.0	genetic		63.0	1+every1days	70.0	70.0	ADULT,OLDER_ADULT	PHASE3	46.0	Canagliflozin	100.0	1+every1days	182.0	182.0	18200.0	0.4700000000000002
PMC7852344_NCT01081834	20.0	mg/kg	oral	TALLYHO/JngJ	Mice	male	52.0	genetic		63.0	1+every1days	70.0	70.0	ADULT,OLDER_ADULT	PHASE3	43.0	Canagliflozin	300.0	1+every1days	182.0	182.0	54600.0	0.040000000000000036
PMC5489512_NCT01084005	2.0	mg/kg	oral	KK-Ay	Mice	female	10.0	genetic	50.0		1+every1days	42.0	42.0	OLDER_ADULT	PHASE3	160.0	Linagliptin	5.0	1+every1days	168.0	168.0	840.0	-0.31
PMC6701666_NCT01084005	3.0	mg/kg	oral	db/db	Mice	female	12.0	genetic		38.5	1+every1days	42.0	42.0	OLDER_ADULT	PHASE3	160.0	Linagliptin	5.0	1+every1days	168.0	168.0	840.0	-0.61
PMC5152931_NCT01084005	0.083	mg/kg	oral	Wistar	Rats	male	22.0	streptozotocin		42.0	Unknown	168.0		OLDER_ADULT	PHASE3	160.0	Linagliptin	5.0	1+every1days	168.0	168.0	840.0	1.3900000000000001
PMC5489512_NCT01087502	2.0	mg/kg	oral	KK-Ay	Mice	female	10.0	genetic	50.0		1+every1days	42.0	42.0	ADULT,OLDER_ADULT	PHASE3	113.0	Linagliptin	5.0	1+every1days	364.0	364.0	1820.0	-0.10000000000000003
PMC5489512_NCT01087502	2.0	mg/kg	oral	KK-Ay	Mice	female	10.0	genetic	50.0		1+every1days	42.0	42.0	ADULT,OLDER_ADULT	PHASE3	113.0	Linagliptin	5.0	1+every1days	84.0	84.0	420.0	-0.23000000000000004
PMC6701666_NCT01087502	3.0	mg/kg	oral	db/db	Mice	female	12.0	genetic		38.5	1+every1days	42.0	42.0	ADULT,OLDER_ADULT	PHASE3	113.0	Linagliptin	5.0	1+every1days	364.0	364.0	1820.0	-0.4
PMC6701666_NCT01087502	3.0	mg/kg	oral	db/db	Mice	female	12.0	genetic		38.5	1+every1days	42.0	42.0	ADULT,OLDER_ADULT	PHASE3	113.0	Linagliptin	5.0	1+every1days	84.0	84.0	420.0	-0.53
PMC5152931_NCT01087502	0.083	mg/kg	oral	Wistar	Rats	male	22.0	streptozotocin		42.0	Unknown	168.0		ADULT,OLDER_ADULT	PHASE3	113.0	Linagliptin	5.0	1+every1days	364.0	364.0	1820.0	1.6
PMC5152931_NCT01087502	0.083	mg/kg	oral	Wistar	Rats	male	22.0	streptozotocin		42.0	Unknown	168.0		ADULT,OLDER_ADULT	PHASE3	113.0	Linagliptin	5.0	1+every1days	84.0	84.0	420.0	1.47
PMC5663708_NCT01103414	36.0	mg/kg	oral	Wistar	Rats	male	6.0	streptozotocin+nicotinamide	180.0		1+every1days	15.0	15.0	ADULT,OLDER_ADULT	PHASE2	55.0	Pioglitazone	45.0	1+every1days	84.0	84.0	3780.0	1.5100000000000002
PMC4743348_NCT01103414	20.0	mg/kg	oral	Wistar	Rats	male	8.0	high-fat diet+streptozotocin	175.0		1+every1days	21.0	21.0	ADULT,OLDER_ADULT	PHASE2	55.0	Pioglitazone	45.0	1+every1days	84.0	84.0	3780.0	4.460000000000001
PMC4743348_NCT01103414	20.0	mg/kg	oral	Wistar	Rats	male	8.0	streptozotocin	175.0		1+every1days	21.0	21.0	ADULT,OLDER_ADULT	PHASE2	55.0	Pioglitazone	45.0	1+every1days	84.0	84.0	3780.0	3.61
PMC6540170_NCT01103414	0.01	% (w/w)	oral	C57BLKS/J-db/db	Mice	male	10.0	genetic		28.0	1+every1days	35.0	35.0	ADULT,OLDER_ADULT	PHASE2	55.0	Pioglitazone	45.0	1+every1days	84.0	84.0	3780.0	3.4099999999999997
PMC6883099_NCT01103414	3.0	mg/kg	oral	KK-Ay	Mice	male	6.0	high-fat diet		49.0	1+every1days	28.0	28.0	ADULT,OLDER_ADULT	PHASE2	55.0	Pioglitazone	45.0	1+every1days	84.0	84.0	3780.0	-0.61
PMC6883099_NCT01103414	10.0	mg/kg	oral	KK-Ay	Mice	male	6.0	high-fat diet		49.0	1+every1days	28.0	28.0	ADULT,OLDER_ADULT	PHASE2	55.0	Pioglitazone	45.0	1+every1days	84.0	84.0	3780.0	1.1400000000000001
PMC6883099_NCT01103414	30.0	mg/kg	oral	KK-Ay	Mice	male	6.0	high-fat diet		49.0	1+every1days	28.0	28.0	ADULT,OLDER_ADULT	PHASE2	55.0	Pioglitazone	45.0	1+every1days	84.0	84.0	3780.0	1.8199999999999998
PMC4304810_NCT01103414	10.0	mg/kg	oral	Zucker Diabetic Fatty	Rats	male		genetic		49.0	1+every1days	42.0	42.0	ADULT,OLDER_ADULT	PHASE2	55.0	Pioglitazone	45.0	1+every1days	84.0	84.0	3780.0	3.9099999999999997
PMC3907559_NCT01103414	30.0	mg/kg	oral	Zucker Diabetic Fatty	Rats	male	10.0	genetic		49.0	2+every1days	32.0	64.0	ADULT,OLDER_ADULT	PHASE2	55.0	Pioglitazone	45.0	1+every1days	84.0	84.0	3780.0	3.31
PMC5207690_NCT01103414	4.5	mg/kg	oral	KK-Ay	Mice	male	10.0	high-fat diet		56.0	1+every1days	70.0	70.0	ADULT,OLDER_ADULT	PHASE2	55.0	Pioglitazone	45.0	1+every1days	84.0	84.0	3780.0	0.26
PMC5360432_NCT01103414	10.0	mg/kg	oral	ob/ob	Mice	male	7.0	genetic		56.0	2+every1days	28.0	56.0	ADULT,OLDER_ADULT	PHASE2	55.0	Pioglitazone	45.0	1+every1days	84.0	84.0	3780.0	0.9100000000000001
PMC4457365_NCT01103414	2.5	mg/kg	oral	UCD-T2DM	Rats	male	32.0	genetic		60.0	1+every1days	365.0	365.0	ADULT,OLDER_ADULT	PHASE2	55.0	Pioglitazone	45.0	1+every1days	84.0	84.0	3780.0	1.5100000000000002
PMC4880722_NCT01103414	30.0	mg/kg	oral	Zucker Diabetic Fatty	Rats	male	8.0	genetic		70.0	1+every1days	42.0	42.0	ADULT,OLDER_ADULT	PHASE2	55.0	Pioglitazone	45.0	1+every1days	84.0	84.0	3780.0	2.5100000000000002
PMC4791042_NCT01103414	32.19	mg/kg	oral	Zucker Diabetic Fatty	Rats	male	9.0	genetic		80.5	1+every1days	49.0	49.0	ADULT,OLDER_ADULT	PHASE2	55.0	Pioglitazone	45.0	1+every1days	84.0	84.0	3780.0	3.81
PMC9112483_NCT01128153	10.0	mg/kg	intragastric	Zucker Diabetic Fatty	Rats	male	7.0	genetic		77.0	1+every1days	140.0	140.0	ADULT,OLDER_ADULT	PHASE3	127.0	Saxagliptin	5.0	1+every1days	168.0	168.0	840.0	-0.54
PMC9374709_NCT01128894	0.4	mg/kg	subcutaneous	C57BL/6NRj	Mice	male	23.0	high-fat diet	35.0	112.0	1+every1days	28.0	28.0	ADULT,OLDER_ADULT	PHASE3	403.0	Liraglutide	1.8	1+every1days	182.0	182.0	327.6	0.3400000000000001
PMC9374709_NCT01128894	0.4	mg/kg	subcutaneous	C57BL/6NTac	Mice	male	16.0	high-fat diet	35.0	112.0	1+every1days	28.0	28.0	ADULT,OLDER_ADULT	PHASE3	403.0	Liraglutide	1.8	1+every1days	182.0	182.0	327.6	10.69
PMC6412877_NCT01128894	25.0	nmol/kg	subcutaneous	Unknown	Mice	male		high-fat diet		49.0	1+every1days	28.0	28.0	ADULT,OLDER_ADULT	PHASE3	403.0	Liraglutide	1.8	1+every1days	182.0	182.0	327.6	-0.5
PMC9072222_NCT01128894	0.1	mg/kg	subcutaneous	db/db	Mice	male	40.0	genetic		49.0	1+every1days	56.0	56.0	ADULT,OLDER_ADULT	PHASE3	403.0	Liraglutide	1.8	1+every1days	182.0	182.0	327.6	0.3999999999999999
PMC9112483_NCT01128894	200.0	μg/kg	subcutaneous	Zucker Diabetic Fatty	Rats	male	7.0	genetic		77.0	2+every1days	140.0	280.0	ADULT,OLDER_ADULT	PHASE3	403.0	Liraglutide	1.8	1+every1days	182.0	182.0	327.6	0.3999999999999999
PMC9143250_NCT01137474	1.0	mg/kg	oral	Wistar	Rats	both	6.0	high-fat diet+streptozotocin	215.0		1+every1days	28.0	28.0	ADULT,OLDER_ADULT	PHASE3	278.0	Dapagliflozin	10.0	1+every1days	84.0	84.0	840.0	7.9399999999999995
PMC10308685_NCT01137474	1.0	mg/kg	oral	Zucker Diabetic Fatty	Rats	male	8.0	genetic		112.0	1+every1days	84.0	84.0	ADULT,OLDER_ADULT	PHASE3	278.0	Dapagliflozin	10.0	1+every1days	84.0	84.0	840.0	4.84
PMC4237538_NCT01137474	1.0	mg/kg	oral	ob/ob	Mice	male		genetic	43.0	56.0	1+every1days	28.0	28.0	ADULT,OLDER_ADULT	PHASE3	278.0	Dapagliflozin	10.0	1+every1days	84.0	84.0	840.0	0.8399999999999999
PMC6856656_NCT01137474	1.0	mg/kg	oral	Zucker Diabetic Fatty	Rats	male	8.0	high-fat diet		84.0	1+every1days	63.0	63.0	ADULT,OLDER_ADULT	PHASE3	278.0	Dapagliflozin	10.0	1+every1days	84.0	84.0	840.0	2.34
PMC5089752_NCT01137474	1.0	mg/kg	oral	Otsuka Long-Evans Tokushima Fatty	Rats	male	10.0	genetic		98.0	1+every1days	84.0	84.0	ADULT,OLDER_ADULT	PHASE3	278.0	Dapagliflozin	10.0	1+every1days	84.0	84.0	840.0	1.48
PMC8953658_NCT01137474	1.0	mg/kg	oral gavage	Zucker Diabetic Fatty	Rats	male	7.0	genetic		98.0	1+every1days	28.0	28.0	ADULT,OLDER_ADULT	PHASE3	278.0	Dapagliflozin	10.0	1+every1days	84.0	84.0	840.0	2.44
PMC7092631_NCT01177813	10.0	mg/kg	intragastric	Wistar	Rats	male	10.0	high-fat diet+streptozotocin	200.0		1+every1days	28.0	28.0	ADULT,OLDER_ADULT	PHASE3	224.0	Empagliflozin	10.0	1+every1days	168.0	168.0	1680.0	-0.48000000000000004
PMC7092631_NCT01177813	10.0	mg/kg	intragastric	Wistar	Rats	male	10.0	high-fat diet+streptozotocin	200.0		1+every1days	28.0	28.0	ADULT,OLDER_ADULT	PHASE3	224.0	Empagliflozin	25.0	1+every1days	168.0	168.0	4200.0	-0.5900000000000001
PMC7092631_NCT01177813	10.0	mg/kg	intragastric	Wistar	Rats	male	10.0	high-fat diet+streptozotocin	200.0		1+every1days	28.0	28.0	ADULT,OLDER_ADULT	PHASE3	87.0	Empagliflozin	25.0	1+every1days	168.0	168.0	4200.0	-2.92
PMC5491464_NCT01177813	10.0	mg/kg	oral	Zucker Diabetic Fatty	Rats	Unknown		genetic		112.0	1+every1days	42.0	42.0	ADULT,OLDER_ADULT	PHASE3	224.0	Empagliflozin	10.0	1+every1days	168.0	168.0	1680.0	3.6399999999999997
PMC5491464_NCT01177813	30.0	mg/kg	oral	Zucker Diabetic Fatty	Rats	Unknown		genetic		112.0	1+every1days	42.0	42.0	ADULT,OLDER_ADULT	PHASE3	224.0	Empagliflozin	10.0	1+every1days	168.0	168.0	1680.0	4.34
PMC5491464_NCT01177813	10.0	mg/kg	oral	Zucker Diabetic Fatty	Rats	Unknown		genetic		112.0	1+every1days	42.0	42.0	ADULT,OLDER_ADULT	PHASE3	224.0	Empagliflozin	25.0	1+every1days	168.0	168.0	4200.0	3.53
PMC5491464_NCT01177813	30.0	mg/kg	oral	Zucker Diabetic Fatty	Rats	Unknown		genetic		112.0	1+every1days	42.0	42.0	ADULT,OLDER_ADULT	PHASE3	224.0	Empagliflozin	25.0	1+every1days	168.0	168.0	4200.0	4.23
PMC5491464_NCT01177813	10.0	mg/kg	oral	Zucker Diabetic Fatty	Rats	Unknown		genetic		112.0	1+every1days	42.0	42.0	ADULT,OLDER_ADULT	PHASE3	87.0	Empagliflozin	25.0	1+every1days	168.0	168.0	4200.0	1.1999999999999997
PMC5491464_NCT01177813	30.0	mg/kg	oral	Zucker Diabetic Fatty	Rats	Unknown		genetic		112.0	1+every1days	42.0	42.0	ADULT,OLDER_ADULT	PHASE3	87.0	Empagliflozin	25.0	1+every1days	168.0	168.0	4200.0	1.9
PMC4000968_NCT01177813	10.0	mg/kg	oral	Zucker Diabetic Fatty	Rats	Unknown	7.0	genetic		140.0	1+every1days	42.0	42.0	ADULT,OLDER_ADULT	PHASE3	223.0	Sitagliptin Phosphate	100.0	1+every1days	168.0	168.0	16800.0	0.5599999999999999
PMC3998187_NCT01177813	10.0	mg/kg	oral	Zucker Diabetic Fatty	Rats	male	5.0	genetic		140.0	1+every1days	42.0	42.0	ADULT,OLDER_ADULT	PHASE3	223.0	Sitagliptin Phosphate	100.0	1+every1days	168.0	168.0	16800.0	1.35
PMC2905949_NCT01177813	10.0	mg/kg	oral	Zucker Diabetic Fatty	Rats	male	8.0	genetic		140.0	1+every1days	42.0	42.0	ADULT,OLDER_ADULT	PHASE3	223.0	Sitagliptin Phosphate	100.0	1+every1days	168.0	168.0	16800.0	-0.64
PMC3235777_NCT01177813	10.0	mg/kg	oral	Zucker Diabetic Fatty	Rats	male	8.0	genetic		140.0	1+every1days	42.0	42.0	ADULT,OLDER_ADULT	PHASE3	223.0	Sitagliptin Phosphate	100.0	1+every1days	168.0	168.0	16800.0	1.13
PMC4514850_NCT01177813	100.0	mg/kg	oral	ICR	Mice	male	8.0	high-fat diet+streptozotocin		35.0	1+every1days	56.0	56.0	ADULT,OLDER_ADULT	PHASE3	223.0	Sitagliptin Phosphate	100.0	1+every1days	168.0	168.0	16800.0	0.65
PMC3660563_NCT01177813	1.0	mg/kg	oral	C57BLKS/J-db/db	Mice	male		genetic		42.0	1+every1days	42.0	42.0	ADULT,OLDER_ADULT	PHASE3	223.0	Sitagliptin Phosphate	100.0	1+every1days	168.0	168.0	16800.0	0.15000000000000002
PMC6359811_NCT01177813	10.0	mg/kg	oral	KK-Ay	Mice	Unknown	15.0	high-fat diet		56.0	1+every1days	70.0	70.0	ADULT,OLDER_ADULT	PHASE3	224.0	Empagliflozin	10.0	1+every1days	168.0	168.0	1680.0	4.34
PMC6359811_NCT01177813	10.0	mg/kg	oral	KK-Ay	Mice	Unknown	15.0	high-fat diet		56.0	1+every1days	70.0	70.0	ADULT,OLDER_ADULT	PHASE3	224.0	Empagliflozin	25.0	1+every1days	168.0	168.0	4200.0	4.23
PMC6359811_NCT01177813	10.0	mg/kg	oral	KK-Ay	Mice	Unknown	15.0	high-fat diet		56.0	1+every1days	70.0	70.0	ADULT,OLDER_ADULT	PHASE3	87.0	Empagliflozin	25.0	1+every1days	168.0	168.0	4200.0	1.9
PMC4514850_NCT01177813	100.0	mg/kg	oral	db/db	Mice	male	5.0	genetic		56.0	1+every1days	28.0	28.0	ADULT,OLDER_ADULT	PHASE3	223.0	Sitagliptin Phosphate	100.0	1+every1days	168.0	168.0	16800.0	0.25
PMC6681671_NCT01177813	10.0	mg/kg	oral	ob/ob	Mice	male	12.5	genetic		77.0	1+every1days	42.0	42.0	ADULT,OLDER_ADULT	PHASE3	224.0	Empagliflozin	10.0	1+every1days	168.0	168.0	1680.0	0.7399999999999999
PMC6681671_NCT01177813	10.0	mg/kg	oral	ob/ob	Mice	male	12.5	genetic		77.0	1+every1days	42.0	42.0	ADULT,OLDER_ADULT	PHASE3	224.0	Empagliflozin	25.0	1+every1days	168.0	168.0	4200.0	0.6299999999999999
PMC6681671_NCT01177813	10.0	mg/kg	oral	ob/ob	Mice	male	12.5	genetic		77.0	1+every1days	42.0	42.0	ADULT,OLDER_ADULT	PHASE3	87.0	Empagliflozin	25.0	1+every1days	168.0	168.0	4200.0	-1.7000000000000002
PMC5489512_NCT01183013	2.0	mg/kg	oral	KK-Ay	Mice	female	10.0	genetic	50.0		1+every1days	42.0	42.0	ADULT,OLDER_ADULT	PHASE3	130.0	Linagliptin	5.0	1+every1days	210.0	210.0	1050.0	-0.07
PMC5489512_NCT01183013	2.0	mg/kg	oral	KK-Ay	Mice	female	10.0	genetic	50.0		1+every1days	42.0	42.0	ADULT,OLDER_ADULT	PHASE3	130.0	Linagliptin	5.0	1+every1days	210.0	210.0	1050.0	-0.09000000000000002
PMC5663708_NCT01183013	36.0	mg/kg	oral	Wistar	Rats	male	6.0	streptozotocin+nicotinamide	180.0		1+every1days	15.0	15.0	ADULT,OLDER_ADULT	PHASE3	124.0	Pioglitazone	15.0	1+every1days	210.0	210.0	3150.0	1.54
PMC5663708_NCT01183013	36.0	mg/kg	oral	Wistar	Rats	male	6.0	streptozotocin+nicotinamide	180.0		1+every1days	15.0	15.0	ADULT,OLDER_ADULT	PHASE3	134.0	Pioglitazone	30.0	1+every1days	210.0	210.0	6300.0	1.5100000000000002
PMC5663708_NCT01183013	36.0	mg/kg	oral	Wistar	Rats	male	6.0	streptozotocin+nicotinamide	180.0		1+every1days	15.0	15.0	ADULT,OLDER_ADULT	PHASE3	134.0	Pioglitazone	30.0	1+every1days	210.0	210.0	6300.0	1.4700000000000002
PMC5663708_NCT01183013	36.0	mg/kg	oral	Wistar	Rats	male	6.0	streptozotocin+nicotinamide	180.0		1+every1days	15.0	15.0	ADULT,OLDER_ADULT	PHASE3	124.0	Pioglitazone	15.0	1+every1days	210.0	210.0	3150.0	1.4300000000000002
PMC4743348_NCT01183013	20.0	mg/kg	oral	Wistar	Rats	male	8.0	high-fat diet+streptozotocin	175.0		1+every1days	21.0	21.0	ADULT,OLDER_ADULT	PHASE3	124.0	Pioglitazone	15.0	1+every1days	210.0	210.0	3150.0	4.49
PMC4743348_NCT01183013	20.0	mg/kg	oral	Wistar	Rats	male	8.0	streptozotocin	175.0		1+every1days	21.0	21.0	ADULT,OLDER_ADULT	PHASE3	124.0	Pioglitazone	15.0	1+every1days	210.0	210.0	3150.0	3.6399999999999997
PMC4743348_NCT01183013	20.0	mg/kg	oral	Wistar	Rats	male	8.0	high-fat diet+streptozotocin	175.0		1+every1days	21.0	21.0	ADULT,OLDER_ADULT	PHASE3	134.0	Pioglitazone	30.0	1+every1days	210.0	210.0	6300.0	4.460000000000001
PMC4743348_NCT01183013	20.0	mg/kg	oral	Wistar	Rats	male	8.0	streptozotocin	175.0		1+every1days	21.0	21.0	ADULT,OLDER_ADULT	PHASE3	134.0	Pioglitazone	30.0	1+every1days	210.0	210.0	6300.0	3.61
PMC4743348_NCT01183013	20.0	mg/kg	oral	Wistar	Rats	male	8.0	high-fat diet+streptozotocin	175.0		1+every1days	21.0	21.0	ADULT,OLDER_ADULT	PHASE3	134.0	Pioglitazone	30.0	1+every1days	210.0	210.0	6300.0	4.42
PMC4743348_NCT01183013	20.0	mg/kg	oral	Wistar	Rats	male	8.0	streptozotocin	175.0		1+every1days	21.0	21.0	ADULT,OLDER_ADULT	PHASE3	134.0	Pioglitazone	30.0	1+every1days	210.0	210.0	6300.0	3.57
PMC4743348_NCT01183013	20.0	mg/kg	oral	Wistar	Rats	male	8.0	high-fat diet+streptozotocin	175.0		1+every1days	21.0	21.0	ADULT,OLDER_ADULT	PHASE3	124.0	Pioglitazone	15.0	1+every1days	210.0	210.0	3150.0	4.380000000000001
PMC4743348_NCT01183013	20.0	mg/kg	oral	Wistar	Rats	male	8.0	streptozotocin	175.0		1+every1days	21.0	21.0	ADULT,OLDER_ADULT	PHASE3	124.0	Pioglitazone	15.0	1+every1days	210.0	210.0	3150.0	3.53
PMC6540170_NCT01183013	0.01	% (w/w)	oral	C57BLKS/J-db/db	Mice	male	10.0	genetic		28.0	1+every1days	35.0	35.0	ADULT,OLDER_ADULT	PHASE3	124.0	Pioglitazone	15.0	1+every1days	210.0	210.0	3150.0	3.4399999999999995
PMC6540170_NCT01183013	0.01	% (w/w)	oral	C57BLKS/J-db/db	Mice	male	10.0	genetic		28.0	1+every1days	35.0	35.0	ADULT,OLDER_ADULT	PHASE3	134.0	Pioglitazone	30.0	1+every1days	210.0	210.0	6300.0	3.4099999999999997
PMC6540170_NCT01183013	0.01	% (w/w)	oral	C57BLKS/J-db/db	Mice	male	10.0	genetic		28.0	1+every1days	35.0	35.0	ADULT,OLDER_ADULT	PHASE3	134.0	Pioglitazone	30.0	1+every1days	210.0	210.0	6300.0	3.3699999999999997
PMC6540170_NCT01183013	0.01	% (w/w)	oral	C57BLKS/J-db/db	Mice	male	10.0	genetic		28.0	1+every1days	35.0	35.0	ADULT,OLDER_ADULT	PHASE3	124.0	Pioglitazone	15.0	1+every1days	210.0	210.0	3150.0	3.3299999999999996
PMC6701666_NCT01183013	3.0	mg/kg	oral	db/db	Mice	female	12.0	genetic		38.5	1+every1days	42.0	42.0	ADULT,OLDER_ADULT	PHASE3	130.0	Linagliptin	5.0	1+every1days	210.0	210.0	1050.0	-0.37
PMC6701666_NCT01183013	3.0	mg/kg	oral	db/db	Mice	female	12.0	genetic		38.5	1+every1days	42.0	42.0	ADULT,OLDER_ADULT	PHASE3	130.0	Linagliptin	5.0	1+every1days	210.0	210.0	1050.0	-0.39
PMC5152931_NCT01183013	0.083	mg/kg	oral	Wistar	Rats	male	22.0	streptozotocin		42.0	Unknown	168.0		ADULT,OLDER_ADULT	PHASE3	130.0	Linagliptin	5.0	1+every1days	210.0	210.0	1050.0	1.63
PMC5152931_NCT01183013	0.083	mg/kg	oral	Wistar	Rats	male	22.0	streptozotocin		42.0	Unknown	168.0		ADULT,OLDER_ADULT	PHASE3	130.0	Linagliptin	5.0	1+every1days	210.0	210.0	1050.0	1.6099999999999999
PMC6883099_NCT01183013	3.0	mg/kg	oral	KK-Ay	Mice	male	6.0	high-fat diet		49.0	1+every1days	28.0	28.0	ADULT,OLDER_ADULT	PHASE3	124.0	Pioglitazone	15.0	1+every1days	210.0	210.0	3150.0	-0.5800000000000001
PMC6883099_NCT01183013	10.0	mg/kg	oral	KK-Ay	Mice	male	6.0	high-fat diet		49.0	1+every1days	28.0	28.0	ADULT,OLDER_ADULT	PHASE3	124.0	Pioglitazone	15.0	1+every1days	210.0	210.0	3150.0	1.17
PMC6883099_NCT01183013	30.0	mg/kg	oral	KK-Ay	Mice	male	6.0	high-fat diet		49.0	1+every1days	28.0	28.0	ADULT,OLDER_ADULT	PHASE3	124.0	Pioglitazone	15.0	1+every1days	210.0	210.0	3150.0	1.8499999999999996
PMC6883099_NCT01183013	3.0	mg/kg	oral	KK-Ay	Mice	male	6.0	high-fat diet		49.0	1+every1days	28.0	28.0	ADULT,OLDER_ADULT	PHASE3	134.0	Pioglitazone	30.0	1+every1days	210.0	210.0	6300.0	-0.61
PMC6883099_NCT01183013	10.0	mg/kg	oral	KK-Ay	Mice	male	6.0	high-fat diet		49.0	1+every1days	28.0	28.0	ADULT,OLDER_ADULT	PHASE3	134.0	Pioglitazone	30.0	1+every1days	210.0	210.0	6300.0	1.1400000000000001
PMC6883099_NCT01183013	30.0	mg/kg	oral	KK-Ay	Mice	male	6.0	high-fat diet		49.0	1+every1days	28.0	28.0	ADULT,OLDER_ADULT	PHASE3	134.0	Pioglitazone	30.0	1+every1days	210.0	210.0	6300.0	1.8199999999999998
PMC6883099_NCT01183013	3.0	mg/kg	oral	KK-Ay	Mice	male	6.0	high-fat diet		49.0	1+every1days	28.0	28.0	ADULT,OLDER_ADULT	PHASE3	134.0	Pioglitazone	30.0	1+every1days	210.0	210.0	6300.0	-0.65
PMC6883099_NCT01183013	10.0	mg/kg	oral	KK-Ay	Mice	male	6.0	high-fat diet		49.0	1+every1days	28.0	28.0	ADULT,OLDER_ADULT	PHASE3	134.0	Pioglitazone	30.0	1+every1days	210.0	210.0	6300.0	1.1
PMC6883099_NCT01183013	30.0	mg/kg	oral	KK-Ay	Mice	male	6.0	high-fat diet		49.0	1+every1days	28.0	28.0	ADULT,OLDER_ADULT	PHASE3	134.0	Pioglitazone	30.0	1+every1days	210.0	210.0	6300.0	1.7799999999999998
PMC6883099_NCT01183013	3.0	mg/kg	oral	KK-Ay	Mice	male	6.0	high-fat diet		49.0	1+every1days	28.0	28.0	ADULT,OLDER_ADULT	PHASE3	124.0	Pioglitazone	15.0	1+every1days	210.0	210.0	3150.0	-0.6900000000000001
PMC6883099_NCT01183013	10.0	mg/kg	oral	KK-Ay	Mice	male	6.0	high-fat diet		49.0	1+every1days	28.0	28.0	ADULT,OLDER_ADULT	PHASE3	124.0	Pioglitazone	15.0	1+every1days	210.0	210.0	3150.0	1.06
PMC6883099_NCT01183013	30.0	mg/kg	oral	KK-Ay	Mice	male	6.0	high-fat diet		49.0	1+every1days	28.0	28.0	ADULT,OLDER_ADULT	PHASE3	124.0	Pioglitazone	15.0	1+every1days	210.0	210.0	3150.0	1.7399999999999998
PMC4304810_NCT01183013	10.0	mg/kg	oral	Zucker Diabetic Fatty	Rats	male		genetic		49.0	1+every1days	42.0	42.0	ADULT,OLDER_ADULT	PHASE3	124.0	Pioglitazone	15.0	1+every1days	210.0	210.0	3150.0	3.9399999999999995
PMC4304810_NCT01183013	10.0	mg/kg	oral	Zucker Diabetic Fatty	Rats	male		genetic		49.0	1+every1days	42.0	42.0	ADULT,OLDER_ADULT	PHASE3	134.0	Pioglitazone	30.0	1+every1days	210.0	210.0	6300.0	3.9099999999999997
PMC4304810_NCT01183013	10.0	mg/kg	oral	Zucker Diabetic Fatty	Rats	male		genetic		49.0	1+every1days	42.0	42.0	ADULT,OLDER_ADULT	PHASE3	134.0	Pioglitazone	30.0	1+every1days	210.0	210.0	6300.0	3.8699999999999997
PMC4304810_NCT01183013	10.0	mg/kg	oral	Zucker Diabetic Fatty	Rats	male		genetic		49.0	1+every1days	42.0	42.0	ADULT,OLDER_ADULT	PHASE3	124.0	Pioglitazone	15.0	1+every1days	210.0	210.0	3150.0	3.8299999999999996
PMC3907559_NCT01183013	30.0	mg/kg	oral	Zucker Diabetic Fatty	Rats	male	10.0	genetic		49.0	2+every1days	32.0	64.0	ADULT,OLDER_ADULT	PHASE3	124.0	Pioglitazone	15.0	1+every1days	210.0	210.0	3150.0	3.34
PMC3907559_NCT01183013	30.0	mg/kg	oral	Zucker Diabetic Fatty	Rats	male	10.0	genetic		49.0	2+every1days	32.0	64.0	ADULT,OLDER_ADULT	PHASE3	134.0	Pioglitazone	30.0	1+every1days	210.0	210.0	6300.0	3.31
PMC3907559_NCT01183013	30.0	mg/kg	oral	Zucker Diabetic Fatty	Rats	male	10.0	genetic		49.0	2+every1days	32.0	64.0	ADULT,OLDER_ADULT	PHASE3	134.0	Pioglitazone	30.0	1+every1days	210.0	210.0	6300.0	3.27
PMC3907559_NCT01183013	30.0	mg/kg	oral	Zucker Diabetic Fatty	Rats	male	10.0	genetic		49.0	2+every1days	32.0	64.0	ADULT,OLDER_ADULT	PHASE3	124.0	Pioglitazone	15.0	1+every1days	210.0	210.0	3150.0	3.23
PMC5207690_NCT01183013	4.5	mg/kg	oral	KK-Ay	Mice	male	10.0	high-fat diet		56.0	1+every1days	70.0	70.0	ADULT,OLDER_ADULT	PHASE3	124.0	Pioglitazone	15.0	1+every1days	210.0	210.0	3150.0	0.2899999999999999
PMC5207690_NCT01183013	4.5	mg/kg	oral	KK-Ay	Mice	male	10.0	high-fat diet		56.0	1+every1days	70.0	70.0	ADULT,OLDER_ADULT	PHASE3	134.0	Pioglitazone	30.0	1+every1days	210.0	210.0	6300.0	0.26
PMC5207690_NCT01183013	4.5	mg/kg	oral	KK-Ay	Mice	male	10.0	high-fat diet		56.0	1+every1days	70.0	70.0	ADULT,OLDER_ADULT	PHASE3	134.0	Pioglitazone	30.0	1+every1days	210.0	210.0	6300.0	0.21999999999999997
PMC5207690_NCT01183013	4.5	mg/kg	oral	KK-Ay	Mice	male	10.0	high-fat diet		56.0	1+every1days	70.0	70.0	ADULT,OLDER_ADULT	PHASE3	124.0	Pioglitazone	15.0	1+every1days	210.0	210.0	3150.0	0.17999999999999994
PMC5360432_NCT01183013	10.0	mg/kg	oral	ob/ob	Mice	male	7.0	genetic		56.0	2+every1days	28.0	56.0	ADULT,OLDER_ADULT	PHASE3	124.0	Pioglitazone	15.0	1+every1days	210.0	210.0	3150.0	0.9400000000000001
PMC5360432_NCT01183013	10.0	mg/kg	oral	ob/ob	Mice	male	7.0	genetic		56.0	2+every1days	28.0	56.0	ADULT,OLDER_ADULT	PHASE3	134.0	Pioglitazone	30.0	1+every1days	210.0	210.0	6300.0	0.9100000000000001
PMC5360432_NCT01183013	10.0	mg/kg	oral	ob/ob	Mice	male	7.0	genetic		56.0	2+every1days	28.0	56.0	ADULT,OLDER_ADULT	PHASE3	134.0	Pioglitazone	30.0	1+every1days	210.0	210.0	6300.0	0.8700000000000001
PMC5360432_NCT01183013	10.0	mg/kg	oral	ob/ob	Mice	male	7.0	genetic		56.0	2+every1days	28.0	56.0	ADULT,OLDER_ADULT	PHASE3	124.0	Pioglitazone	15.0	1+every1days	210.0	210.0	3150.0	0.8300000000000001
PMC4457365_NCT01183013	2.5	mg/kg	oral	UCD-T2DM	Rats	male	32.0	genetic		60.0	1+every1days	365.0	365.0	ADULT,OLDER_ADULT	PHASE3	124.0	Pioglitazone	15.0	1+every1days	210.0	210.0	3150.0	1.54
PMC4457365_NCT01183013	2.5	mg/kg	oral	UCD-T2DM	Rats	male	32.0	genetic		60.0	1+every1days	365.0	365.0	ADULT,OLDER_ADULT	PHASE3	134.0	Pioglitazone	30.0	1+every1days	210.0	210.0	6300.0	1.5100000000000002
PMC4457365_NCT01183013	2.5	mg/kg	oral	UCD-T2DM	Rats	male	32.0	genetic		60.0	1+every1days	365.0	365.0	ADULT,OLDER_ADULT	PHASE3	134.0	Pioglitazone	30.0	1+every1days	210.0	210.0	6300.0	1.4700000000000002
PMC4457365_NCT01183013	2.5	mg/kg	oral	UCD-T2DM	Rats	male	32.0	genetic		60.0	1+every1days	365.0	365.0	ADULT,OLDER_ADULT	PHASE3	124.0	Pioglitazone	15.0	1+every1days	210.0	210.0	3150.0	1.4300000000000002
PMC4880722_NCT01183013	30.0	mg/kg	oral	Zucker Diabetic Fatty	Rats	male	8.0	genetic		70.0	1+every1days	42.0	42.0	ADULT,OLDER_ADULT	PHASE3	124.0	Pioglitazone	15.0	1+every1days	210.0	210.0	3150.0	2.54
PMC4880722_NCT01183013	30.0	mg/kg	oral	Zucker Diabetic Fatty	Rats	male	8.0	genetic		70.0	1+every1days	42.0	42.0	ADULT,OLDER_ADULT	PHASE3	134.0	Pioglitazone	30.0	1+every1days	210.0	210.0	6300.0	2.5100000000000002
PMC4880722_NCT01183013	30.0	mg/kg	oral	Zucker Diabetic Fatty	Rats	male	8.0	genetic		70.0	1+every1days	42.0	42.0	ADULT,OLDER_ADULT	PHASE3	134.0	Pioglitazone	30.0	1+every1days	210.0	210.0	6300.0	2.47
PMC4880722_NCT01183013	30.0	mg/kg	oral	Zucker Diabetic Fatty	Rats	male	8.0	genetic		70.0	1+every1days	42.0	42.0	ADULT,OLDER_ADULT	PHASE3	124.0	Pioglitazone	15.0	1+every1days	210.0	210.0	3150.0	2.43
PMC4791042_NCT01183013	32.19	mg/kg	oral	Zucker Diabetic Fatty	Rats	male	9.0	genetic		80.5	1+every1days	49.0	49.0	ADULT,OLDER_ADULT	PHASE3	124.0	Pioglitazone	15.0	1+every1days	210.0	210.0	3150.0	3.84
PMC4791042_NCT01183013	32.19	mg/kg	oral	Zucker Diabetic Fatty	Rats	male	9.0	genetic		80.5	1+every1days	49.0	49.0	ADULT,OLDER_ADULT	PHASE3	134.0	Pioglitazone	30.0	1+every1days	210.0	210.0	6300.0	3.81
PMC4791042_NCT01183013	32.19	mg/kg	oral	Zucker Diabetic Fatty	Rats	male	9.0	genetic		80.5	1+every1days	49.0	49.0	ADULT,OLDER_ADULT	PHASE3	134.0	Pioglitazone	30.0	1+every1days	210.0	210.0	6300.0	3.77
PMC4791042_NCT01183013	32.19	mg/kg	oral	Zucker Diabetic Fatty	Rats	male	9.0	genetic		80.5	1+every1days	49.0	49.0	ADULT,OLDER_ADULT	PHASE3	124.0	Pioglitazone	15.0	1+every1days	210.0	210.0	3150.0	3.73
PMC4000968_NCT01189890	10.0	mg/kg	oral	Zucker Diabetic Fatty	Rats	Unknown	7.0	genetic		140.0	1+every1days	42.0	42.0	OLDER_ADULT	PHASE3	197.0	Sitagliptin Phosphate	100.0	1+every1days	210.0	210.0	21000.0	0.8899999999999999
PMC3998187_NCT01189890	10.0	mg/kg	oral	Zucker Diabetic Fatty	Rats	male	5.0	genetic		140.0	1+every1days	42.0	42.0	OLDER_ADULT	PHASE3	197.0	Sitagliptin Phosphate	100.0	1+every1days	210.0	210.0	21000.0	1.68
PMC2905949_NCT01189890	10.0	mg/kg	oral	Zucker Diabetic Fatty	Rats	male	8.0	genetic		140.0	1+every1days	42.0	42.0	OLDER_ADULT	PHASE3	197.0	Sitagliptin Phosphate	100.0	1+every1days	210.0	210.0	21000.0	-0.31
PMC3235777_NCT01189890	10.0	mg/kg	oral	Zucker Diabetic Fatty	Rats	male	8.0	genetic		140.0	1+every1days	42.0	42.0	OLDER_ADULT	PHASE3	197.0	Sitagliptin Phosphate	100.0	1+every1days	210.0	210.0	21000.0	1.46
PMC4514850_NCT01189890	100.0	mg/kg	oral	ICR	Mice	male	8.0	high-fat diet+streptozotocin		35.0	1+every1days	56.0	56.0	OLDER_ADULT	PHASE3	197.0	Sitagliptin Phosphate	100.0	1+every1days	210.0	210.0	21000.0	0.98
PMC6701666_NCT01189890	2.0	mg/kg	oral	db/db	Mice	female	12.0	genetic		38.5	1+every1days	42.0	42.0	OLDER_ADULT	PHASE3	191.0	Glimepiride	3.5	1+every1days	210.0	210.0	735.0	-0.51
PMC3660563_NCT01189890	1.0	mg/kg	oral	C57BLKS/J-db/db	Mice	male		genetic		42.0	1+every1days	42.0	42.0	OLDER_ADULT	PHASE3	197.0	Sitagliptin Phosphate	100.0	1+every1days	210.0	210.0	21000.0	0.48000000000000004
PMC6273299_NCT01189890	5.0	mg/kg	Unknown	Zucker Diabetic Fatty	Rats	male	6.0	high-fat diet		42.0	1+every1days	84.0	84.0	OLDER_ADULT	PHASE3	191.0	Glimepiride	3.5	1+every1days	210.0	210.0	735.0	-0.21000000000000002
PMC3610345_NCT01189890	2.5	mg/kg	oral	db/db	Mice	male		genetic		49.0	1+every1days	42.0	42.0	OLDER_ADULT	PHASE3	191.0	Glimepiride	3.5	1+every1days	210.0	210.0	735.0	0.49
PMC4514850_NCT01189890	100.0	mg/kg	oral	db/db	Mice	male	5.0	genetic		56.0	1+every1days	28.0	28.0	OLDER_ADULT	PHASE3	197.0	Sitagliptin Phosphate	100.0	1+every1days	210.0	210.0	21000.0	0.5800000000000001
PMC5489512_NCT01194830	2.0	mg/kg	oral	KK-Ay	Mice	female	10.0	genetic	50.0		1+every1days	42.0	42.0	ADULT,OLDER_ADULT	PHASE3	93.0	Linagliptin	5.0	1+every1days	42.0	42.0	210.0	-0.34
PMC5489512_NCT01194830	2.0	mg/kg	oral	KK-Ay	Mice	female	10.0	genetic	50.0		1+every1days	42.0	42.0	ADULT,OLDER_ADULT	PHASE3	93.0	Linagliptin	5.0	1+every1days	84.0	84.0	420.0	-0.42
PMC5489512_NCT01194830	2.0	mg/kg	oral	KK-Ay	Mice	female	10.0	genetic	50.0		1+every1days	42.0	42.0	ADULT,OLDER_ADULT	PHASE3	93.0	Linagliptin	5.0	1+every1days	168.0	168.0	840.0	-0.54
PMC6701666_NCT01194830	3.0	mg/kg	oral	db/db	Mice	female	12.0	genetic		38.5	1+every1days	42.0	42.0	ADULT,OLDER_ADULT	PHASE3	93.0	Linagliptin	5.0	1+every1days	42.0	42.0	210.0	-0.64
PMC6701666_NCT01194830	3.0	mg/kg	oral	db/db	Mice	female	12.0	genetic		38.5	1+every1days	42.0	42.0	ADULT,OLDER_ADULT	PHASE3	93.0	Linagliptin	5.0	1+every1days	84.0	84.0	420.0	-0.72
PMC6701666_NCT01194830	3.0	mg/kg	oral	db/db	Mice	female	12.0	genetic		38.5	1+every1days	42.0	42.0	ADULT,OLDER_ADULT	PHASE3	93.0	Linagliptin	5.0	1+every1days	168.0	168.0	840.0	-0.84
PMC5152931_NCT01194830	0.083	mg/kg	oral	Wistar	Rats	male	22.0	streptozotocin		42.0	Unknown	168.0		ADULT,OLDER_ADULT	PHASE3	93.0	Linagliptin	5.0	1+every1days	42.0	42.0	210.0	1.3599999999999999
PMC5152931_NCT01194830	0.083	mg/kg	oral	Wistar	Rats	male	22.0	streptozotocin		42.0	Unknown	168.0		ADULT,OLDER_ADULT	PHASE3	93.0	Linagliptin	5.0	1+every1days	84.0	84.0	420.0	1.28
PMC5152931_NCT01194830	0.083	mg/kg	oral	Wistar	Rats	male	22.0	streptozotocin		42.0	Unknown	168.0		ADULT,OLDER_ADULT	PHASE3	93.0	Linagliptin	5.0	1+every1days	168.0	168.0	840.0	1.1600000000000001
PMC5663708_NCT01195090	36.0	mg/kg	oral	Wistar	Rats	male	6.0	streptozotocin+nicotinamide	180.0		1+every1days	15.0	15.0	ADULT,OLDER_ADULT	PHASE4	59.0	Pioglitazone	30.0	1+every1days	168.0	168.0	5040.0	1.2600000000000002
PMC4743348_NCT01195090	20.0	mg/kg	oral	Wistar	Rats	male	8.0	high-fat diet+streptozotocin	175.0		1+every1days	21.0	21.0	ADULT,OLDER_ADULT	PHASE4	59.0	Pioglitazone	30.0	1+every1days	168.0	168.0	5040.0	4.210000000000001
PMC4743348_NCT01195090	20.0	mg/kg	oral	Wistar	Rats	male	8.0	streptozotocin	175.0		1+every1days	21.0	21.0	ADULT,OLDER_ADULT	PHASE4	59.0	Pioglitazone	30.0	1+every1days	168.0	168.0	5040.0	3.36
PMC4000968_NCT01195090	10.0	mg/kg	oral	Zucker Diabetic Fatty	Rats	Unknown	7.0	genetic		140.0	1+every1days	42.0	42.0	ADULT,OLDER_ADULT	PHASE4	60.0	Sitagliptin Phosphate	100.0	1+every1days	168.0	168.0	16800.0	0.5
PMC3998187_NCT01195090	10.0	mg/kg	oral	Zucker Diabetic Fatty	Rats	male	5.0	genetic		140.0	1+every1days	42.0	42.0	ADULT,OLDER_ADULT	PHASE4	60.0	Sitagliptin Phosphate	100.0	1+every1days	168.0	168.0	16800.0	1.29
PMC2905949_NCT01195090	10.0	mg/kg	oral	Zucker Diabetic Fatty	Rats	male	8.0	genetic		140.0	1+every1days	42.0	42.0	ADULT,OLDER_ADULT	PHASE4	60.0	Sitagliptin Phosphate	100.0	1+every1days	168.0	168.0	16800.0	-0.7
PMC3235777_NCT01195090	10.0	mg/kg	oral	Zucker Diabetic Fatty	Rats	male	8.0	genetic		140.0	1+every1days	42.0	42.0	ADULT,OLDER_ADULT	PHASE4	60.0	Sitagliptin Phosphate	100.0	1+every1days	168.0	168.0	16800.0	1.07
PMC6540170_NCT01195090	0.01	% (w/w)	oral	C57BLKS/J-db/db	Mice	male	10.0	genetic		28.0	1+every1days	35.0	35.0	ADULT,OLDER_ADULT	PHASE4	59.0	Pioglitazone	30.0	1+every1days	168.0	168.0	5040.0	3.1599999999999997
PMC4514850_NCT01195090	100.0	mg/kg	oral	ICR	Mice	male	8.0	high-fat diet+streptozotocin		35.0	1+every1days	56.0	56.0	ADULT,OLDER_ADULT	PHASE4	60.0	Sitagliptin Phosphate	100.0	1+every1days	168.0	168.0	16800.0	0.5900000000000001
PMC3660563_NCT01195090	1.0	mg/kg	oral	C57BLKS/J-db/db	Mice	male		genetic		42.0	1+every1days	42.0	42.0	ADULT,OLDER_ADULT	PHASE4	60.0	Sitagliptin Phosphate	100.0	1+every1days	168.0	168.0	16800.0	0.09000000000000008
PMC6883099_NCT01195090	3.0	mg/kg	oral	KK-Ay	Mice	male	6.0	high-fat diet		49.0	1+every1days	28.0	28.0	ADULT,OLDER_ADULT	PHASE4	59.0	Pioglitazone	30.0	1+every1days	168.0	168.0	5040.0	-0.86
PMC6883099_NCT01195090	10.0	mg/kg	oral	KK-Ay	Mice	male	6.0	high-fat diet		49.0	1+every1days	28.0	28.0	ADULT,OLDER_ADULT	PHASE4	59.0	Pioglitazone	30.0	1+every1days	168.0	168.0	5040.0	0.8900000000000001
PMC6883099_NCT01195090	30.0	mg/kg	oral	KK-Ay	Mice	male	6.0	high-fat diet		49.0	1+every1days	28.0	28.0	ADULT,OLDER_ADULT	PHASE4	59.0	Pioglitazone	30.0	1+every1days	168.0	168.0	5040.0	1.5699999999999998
PMC4304810_NCT01195090	10.0	mg/kg	oral	Zucker Diabetic Fatty	Rats	male		genetic		49.0	1+every1days	42.0	42.0	ADULT,OLDER_ADULT	PHASE4	59.0	Pioglitazone	30.0	1+every1days	168.0	168.0	5040.0	3.6599999999999997
PMC3907559_NCT01195090	30.0	mg/kg	oral	Zucker Diabetic Fatty	Rats	male	10.0	genetic		49.0	2+every1days	32.0	64.0	ADULT,OLDER_ADULT	PHASE4	59.0	Pioglitazone	30.0	1+every1days	168.0	168.0	5040.0	3.06
PMC5207690_NCT01195090	4.5	mg/kg	oral	KK-Ay	Mice	male	10.0	high-fat diet		56.0	1+every1days	70.0	70.0	ADULT,OLDER_ADULT	PHASE4	59.0	Pioglitazone	30.0	1+every1days	168.0	168.0	5040.0	0.010000000000000009
PMC4514850_NCT01195090	100.0	mg/kg	oral	db/db	Mice	male	5.0	genetic		56.0	1+every1days	28.0	28.0	ADULT,OLDER_ADULT	PHASE4	60.0	Sitagliptin Phosphate	100.0	1+every1days	168.0	168.0	16800.0	0.19000000000000006
PMC5360432_NCT01195090	10.0	mg/kg	oral	ob/ob	Mice	male	7.0	genetic		56.0	2+every1days	28.0	56.0	ADULT,OLDER_ADULT	PHASE4	59.0	Pioglitazone	30.0	1+every1days	168.0	168.0	5040.0	0.6600000000000001
PMC4457365_NCT01195090	2.5	mg/kg	oral	UCD-T2DM	Rats	male	32.0	genetic		60.0	1+every1days	365.0	365.0	ADULT,OLDER_ADULT	PHASE4	59.0	Pioglitazone	30.0	1+every1days	168.0	168.0	5040.0	1.2600000000000002
PMC4880722_NCT01195090	30.0	mg/kg	oral	Zucker Diabetic Fatty	Rats	male	8.0	genetic		70.0	1+every1days	42.0	42.0	ADULT,OLDER_ADULT	PHASE4	59.0	Pioglitazone	30.0	1+every1days	168.0	168.0	5040.0	2.2600000000000002
PMC4791042_NCT01195090	32.19	mg/kg	oral	Zucker Diabetic Fatty	Rats	male	9.0	genetic		80.5	1+every1days	49.0	49.0	ADULT,OLDER_ADULT	PHASE4	59.0	Pioglitazone	30.0	1+every1days	168.0	168.0	5040.0	3.56
PMC9143250_NCT01195662	1.0	mg/kg	oral	Wistar	Rats	both	6.0	high-fat diet+streptozotocin	215.0		1+every1days	28.0	28.0	ADULT,OLDER_ADULT	PHASE3	219.0	Dapagliflozin	10.0	1+every1days	84.0	84.0	840.0	7.87
PMC10308685_NCT01195662	1.0	mg/kg	oral	Zucker Diabetic Fatty	Rats	male	8.0	genetic		112.0	1+every1days	84.0	84.0	ADULT,OLDER_ADULT	PHASE3	219.0	Dapagliflozin	10.0	1+every1days	84.0	84.0	840.0	4.7700000000000005
PMC4237538_NCT01195662	1.0	mg/kg	oral	ob/ob	Mice	male		genetic	43.0	56.0	1+every1days	28.0	28.0	ADULT,OLDER_ADULT	PHASE3	219.0	Dapagliflozin	10.0	1+every1days	84.0	84.0	840.0	0.7699999999999999
PMC6856656_NCT01195662	1.0	mg/kg	oral	Zucker Diabetic Fatty	Rats	male	8.0	high-fat diet		84.0	1+every1days	63.0	63.0	ADULT,OLDER_ADULT	PHASE3	219.0	Dapagliflozin	10.0	1+every1days	84.0	84.0	840.0	2.27
PMC5089752_NCT01195662	1.0	mg/kg	oral	Otsuka Long-Evans Tokushima Fatty	Rats	male	10.0	genetic		98.0	1+every1days	84.0	84.0	ADULT,OLDER_ADULT	PHASE3	219.0	Dapagliflozin	10.0	1+every1days	84.0	84.0	840.0	1.4100000000000001
PMC8953658_NCT01195662	1.0	mg/kg	oral gavage	Zucker Diabetic Fatty	Rats	male	7.0	genetic		98.0	1+every1days	28.0	28.0	ADULT,OLDER_ADULT	PHASE3	219.0	Dapagliflozin	10.0	1+every1days	84.0	84.0	840.0	2.37
PMC5489512_NCT01204294	2.0	mg/kg	oral	KK-Ay	Mice	female	10.0	genetic	50.0		1+every1days	42.0	42.0	ADULT,OLDER_ADULT	PHASE3	63.0	Linagliptin	5.0	1+every1days	364.0	364.0	1820.0	-0.43
PMC5489512_NCT01204294	2.0	mg/kg	oral	KK-Ay	Mice	female	10.0	genetic	50.0		1+every1days	42.0	42.0	ADULT,OLDER_ADULT	PHASE3	73.0	Linagliptin	5.0	1+every1days	364.0	364.0	1820.0	-0.49000000000000005
PMC5489512_NCT01204294	2.0	mg/kg	oral	KK-Ay	Mice	female	10.0	genetic	50.0		1+every1days	42.0	42.0	ADULT,OLDER_ADULT	PHASE3	82.0	Linagliptin	5.0	1+every1days	364.0	364.0	1820.0	-0.5800000000000001
PMC5489512_NCT01204294	2.0	mg/kg	oral	KK-Ay	Mice	female	10.0	genetic	50.0		1+every1days	42.0	42.0	ADULT,OLDER_ADULT	PHASE3	85.0	Linagliptin	5.0	1+every1days	364.0	364.0	1820.0	-0.6100000000000001
PMC5485244_NCT01204294	500.0	mg/kg	oral	C57BL/6J	Mice	male	8.0	high-fat diet			1+every1days			ADULT,OLDER_ADULT	PHASE3	62.0	Metformin		Unknown	364.0			-0.41999999999999993
PMC5485244_NCT01204294	500.0	mg/kg	oral	C57BL/6J	Mice	male	8.0	high-fat diet			1+every1days			ADULT,OLDER_ADULT	PHASE3	61.0	Metformin		Unknown	364.0			-0.6900000000000001
PMC8657924_NCT01204294	225.0	mg/kg	oral	Kunming	Mice	male	8.0	high-fat diet+streptozotocin	20.0		1+every1days	28.0	28.0	ADULT,OLDER_ADULT	PHASE3	62.0	Metformin		Unknown	364.0			3.18
PMC8657924_NCT01204294	225.0	mg/kg	oral	Kunming	Mice	male	8.0	high-fat diet+streptozotocin	20.0		1+every1days	28.0	28.0	ADULT,OLDER_ADULT	PHASE3	61.0	Metformin		Unknown	364.0			2.91
PMC3462199_NCT01204294	400.0	mg/kg	intraperitoneal	db/db	Mice	male	10.0	genetic	47.5		1+every1days	14.0	14.0	ADULT,OLDER_ADULT	PHASE3	62.0	Metformin		Unknown	364.0			-0.41999999999999993
PMC3462199_NCT01204294	400.0	mg/kg	intraperitoneal	db/db	Mice	male	10.0	genetic	47.5		1+every1days	14.0	14.0	ADULT,OLDER_ADULT	PHASE3	61.0	Metformin		Unknown	364.0			-0.6900000000000001
PMC3462199_NCT01204294	400.0	mg/kg	intraperitoneal	db/db	Mice	male	12.0	genetic	47.5		1+every1days	14.0	14.0	ADULT,OLDER_ADULT	PHASE3	62.0	Metformin		Unknown	364.0			-0.52
PMC3462199_NCT01204294	400.0	mg/kg	intraperitoneal	db/db	Mice	male	12.0	genetic	47.5		1+every1days	14.0	14.0	ADULT,OLDER_ADULT	PHASE3	61.0	Metformin		Unknown	364.0			-0.79
PMC9313150_NCT01204294	200.0	mg/kg	oral	Wistar	Rats	male		high-fat diet+streptozotocin	185.0		1+every1days	84.0	84.0	ADULT,OLDER_ADULT	PHASE3	62.0	Metformin		Unknown	364.0			1.2800000000000002
PMC9313150_NCT01204294	200.0	mg/kg	oral	Wistar	Rats	male		high-fat diet+streptozotocin	185.0		1+every1days	84.0	84.0	ADULT,OLDER_ADULT	PHASE3	61.0	Metformin		Unknown	364.0			1.01
PMC7092631_NCT01204294	200.0	mg/kg	intragastric	Wistar	Rats	male	10.0	high-fat diet+streptozotocin	200.0		1+every1days	28.0	28.0	ADULT,OLDER_ADULT	PHASE3	62.0	Metformin		Unknown	364.0			0.0
PMC7092631_NCT01204294	200.0	mg/kg	intragastric	Wistar	Rats	male	10.0	high-fat diet+streptozotocin	200.0		1+every1days	28.0	28.0	ADULT,OLDER_ADULT	PHASE3	61.0	Metformin		Unknown	364.0			-0.27000000000000013
PMC8800605_NCT01204294	60.0	mg/kg	oral	Wistar	Rats	male	12.0	high-fat diet+streptozotocin	176.8		1+every1days	14.0	14.0	ADULT,OLDER_ADULT	PHASE3	62.0	Metformin		Unknown	364.0			-0.61
PMC8800605_NCT01204294	60.0	mg/kg	oral	Wistar	Rats	male	12.0	high-fat diet+streptozotocin	176.8		1+every1days	14.0	14.0	ADULT,OLDER_ADULT	PHASE3	61.0	Metformin		Unknown	364.0			-0.8800000000000001
PMC4826921_NCT01204294	200.0	mg/kg	oral	Wistar	Rats	male	20.0	high-fat diet	110.0		1+every1days	60.0	60.0	ADULT,OLDER_ADULT	PHASE3	62.0	Metformin		Unknown	364.0			0.7800000000000001
PMC4826921_NCT01204294	200.0	mg/kg	oral	Wistar	Rats	male	20.0	high-fat diet	110.0		1+every1days	60.0	60.0	ADULT,OLDER_ADULT	PHASE3	61.0	Metformin		Unknown	364.0			0.51
PMC7034448_NCT01204294	500.0	mg/kg	oral	Wistar	Rats	male	6.0	high-fat diet+streptozotocin	190.0		1+every1days	30.0	30.0	ADULT,OLDER_ADULT	PHASE3	62.0	Metformin		Unknown	364.0			4.279999999999999
PMC7034448_NCT01204294	500.0	mg/kg	oral	Wistar	Rats	male	6.0	high-fat diet+streptozotocin	190.0		1+every1days	30.0	30.0	ADULT,OLDER_ADULT	PHASE3	61.0	Metformin		Unknown	364.0			4.01
PMC4884299_NCT01204294	150.0	mg/kg	oral	Wistar	Rats	male	6.0	streptozotocin+nicotinamide	280.0		1+every1days	42.0	42.0	ADULT,OLDER_ADULT	PHASE3	62.0	Metformin		Unknown	364.0			1.52
PMC4884299_NCT01204294	150.0	mg/kg	oral	Wistar	Rats	male	6.0	streptozotocin+nicotinamide	280.0		1+every1days	42.0	42.0	ADULT,OLDER_ADULT	PHASE3	61.0	Metformin		Unknown	364.0			1.2499999999999998
PMC9953164_NCT01204294	200.0	mg/kg	Unknown	Wistar	Rats	male	8.0	high-fat diet+streptozotocin	185.0		1+every1days	84.0	84.0	ADULT,OLDER_ADULT	PHASE3	62.0	Metformin		Unknown	364.0			1.6800000000000002
PMC9953164_NCT01204294	200.0	mg/kg	Unknown	Wistar	Rats	male	8.0	high-fat diet+streptozotocin	185.0		1+every1days	84.0	84.0	ADULT,OLDER_ADULT	PHASE3	61.0	Metformin		Unknown	364.0			1.41
PMC9681650_NCT01204294	60.0	mg/kg	oral	Wistar	Rats	male	12.0	high-fat diet+streptozotocin	176.8	120.0	1+every1days	14.0	14.0	ADULT,OLDER_ADULT	PHASE3	62.0	Metformin		Unknown	364.0			-0.72
PMC9681650_NCT01204294	60.0	mg/kg	oral	Wistar	Rats	male	12.0	high-fat diet+streptozotocin	176.8	120.0	1+every1days	14.0	14.0	ADULT,OLDER_ADULT	PHASE3	61.0	Metformin		Unknown	364.0			-0.9900000000000001
PMC4423537_NCT01204294	300.0	mg/kg	oral	Otsuka Long-Evans Tokushima Fatty	Rats	male	14.0	genetic		140.0	1+every1days	84.0	84.0	ADULT,OLDER_ADULT	PHASE3	62.0	Metformin		Unknown	364.0			0.7800000000000001
PMC4423537_NCT01204294	300.0	mg/kg	oral	Otsuka Long-Evans Tokushima Fatty	Rats	male	14.0	genetic		140.0	1+every1days	84.0	84.0	ADULT,OLDER_ADULT	PHASE3	61.0	Metformin		Unknown	364.0			0.51
PMC9470898_NCT01204294	0.1	% (w/w)	oral	NONcNZO10/LtJ	Mice	male	10.0	genetic		147.0	Unknown	126.0		ADULT,OLDER_ADULT	PHASE3	62.0	Metformin		Unknown	364.0			-0.31999999999999995
PMC9470898_NCT01204294	0.1	% (w/w)	oral	NONcNZO10/LtJ	Mice	male	10.0	genetic		147.0	Unknown	126.0		ADULT,OLDER_ADULT	PHASE3	61.0	Metformin		Unknown	364.0			-0.5900000000000001
PMC5840580_NCT01204294	300.0	mg/kg	oral	Otsuka Long-Evans Tokushima Fatty	Rats	male	6.0	high-fat diet		168.0	1+every1days	84.0	84.0	ADULT,OLDER_ADULT	PHASE3	62.0	Metformin		Unknown	364.0			0.68
PMC5840580_NCT01204294	300.0	mg/kg	oral	Otsuka Long-Evans Tokushima Fatty	Rats	male	6.0	high-fat diet		168.0	1+every1days	84.0	84.0	ADULT,OLDER_ADULT	PHASE3	61.0	Metformin		Unknown	364.0			0.4099999999999999
PMC3465985_NCT01204294	350.0	mg/kg	oral	Spontaneously Diabetic Torii	Rats	male	10.0	genetic		175.0	1+every1days	119.0	119.0	ADULT,OLDER_ADULT	PHASE3	62.0	Metformin		Unknown	364.0			0.4900000000000001
PMC3465985_NCT01204294	350.0	mg/kg	oral	Spontaneously Diabetic Torii	Rats	male	10.0	genetic		175.0	1+every1days	119.0	119.0	ADULT,OLDER_ADULT	PHASE3	61.0	Metformin		Unknown	364.0			0.21999999999999997
PMC5319739_NCT01204294	50.0	mg/kg	gastric intubation	Psammomys obesus	Gerbillinae	male	30.0	high-fat diet	100.0	240.0	1+every1days	84.0	84.0	ADULT,OLDER_ADULT	PHASE3	62.0	Metformin		Unknown	364.0			3.3800000000000003
PMC5319739_NCT01204294	50.0	mg/kg	gastric intubation	Psammomys obesus	Gerbillinae	male	30.0	high-fat diet	100.0	240.0	1+every1days	84.0	84.0	ADULT,OLDER_ADULT	PHASE3	61.0	Metformin		Unknown	364.0			3.1100000000000003
PMC9698742_NCT01204294	200.0	mg/kg	oral	Wistar	Rats	male	5.0	streptozotocin	225.0	270.0	1+every1days	45.0	45.0	ADULT,OLDER_ADULT	PHASE3	62.0	Metformin		Unknown	364.0			1.7800000000000002
PMC9698742_NCT01204294	200.0	mg/kg	oral	Wistar	Rats	male	5.0	streptozotocin	225.0	270.0	1+every1days	45.0	45.0	ADULT,OLDER_ADULT	PHASE3	61.0	Metformin		Unknown	364.0			1.51
PMC7727825_NCT01204294	200.0	mg/kg	oral	C57BLKS/J-db/db	Mice	male	8.0	genetic		35.0	1+every1days	63.0	63.0	ADULT,OLDER_ADULT	PHASE3	62.0	Metformin		Unknown	364.0			2.18
PMC7727825_NCT01204294	200.0	mg/kg	oral	C57BLKS/J-db/db	Mice	male	8.0	genetic		35.0	1+every1days	63.0	63.0	ADULT,OLDER_ADULT	PHASE3	61.0	Metformin		Unknown	364.0			1.91
PMC6701666_NCT01204294	3.0	mg/kg	oral	db/db	Mice	female	12.0	genetic		38.5	1+every1days	42.0	42.0	ADULT,OLDER_ADULT	PHASE3	63.0	Linagliptin	5.0	1+every1days	364.0	364.0	1820.0	-0.73
PMC6701666_NCT01204294	3.0	mg/kg	oral	db/db	Mice	female	12.0	genetic		38.5	1+every1days	42.0	42.0	ADULT,OLDER_ADULT	PHASE3	73.0	Linagliptin	5.0	1+every1days	364.0	364.0	1820.0	-0.79
PMC6701666_NCT01204294	3.0	mg/kg	oral	db/db	Mice	female	12.0	genetic		38.5	1+every1days	42.0	42.0	ADULT,OLDER_ADULT	PHASE3	82.0	Linagliptin	5.0	1+every1days	364.0	364.0	1820.0	-0.88
PMC6701666_NCT01204294	3.0	mg/kg	oral	db/db	Mice	female	12.0	genetic		38.5	1+every1days	42.0	42.0	ADULT,OLDER_ADULT	PHASE3	85.0	Linagliptin	5.0	1+every1days	364.0	364.0	1820.0	-0.91
PMC7598587_NCT01204294	200.0	mg/kg	oral	C57BL/6N	Mice	male	8.0	high-fat diet+streptozotocin		38.5	1+every1days	28.0	28.0	ADULT,OLDER_ADULT	PHASE3	62.0	Metformin		Unknown	364.0			1.0300000000000002
PMC7598587_NCT01204294	200.0	mg/kg	oral	C57BL/6N	Mice	male	8.0	high-fat diet+streptozotocin		38.5	1+every1days	28.0	28.0	ADULT,OLDER_ADULT	PHASE3	61.0	Metformin		Unknown	364.0			0.76
PMC4726511_NCT01204294	10.0	mg/kg	oral	db/db	Mice	Unknown	5.0	genetic		42.0	1+every1days	28.0	28.0	ADULT,OLDER_ADULT	PHASE3	62.0	Metformin		Unknown	364.0			-0.21999999999999997
PMC4726511_NCT01204294	10.0	mg/kg	oral	db/db	Mice	Unknown	5.0	genetic		42.0	1+every1days	28.0	28.0	ADULT,OLDER_ADULT	PHASE3	61.0	Metformin		Unknown	364.0			-0.4900000000000001
PMC5485244_NCT01204294	500.0	mg/kg	oral	C57BL/6J	Mice	male	16.0	high-fat diet		42.0	1+every1days	84.0	84.0	ADULT,OLDER_ADULT	PHASE3	62.0	Metformin		Unknown	364.0			-0.41999999999999993
PMC5485244_NCT01204294	500.0	mg/kg	oral	C57BL/6J	Mice	male	16.0	high-fat diet		42.0	1+every1days	84.0	84.0	ADULT,OLDER_ADULT	PHASE3	61.0	Metformin		Unknown	364.0			-0.6900000000000001
PMC5152931_NCT01204294	0.083	mg/kg	oral	Wistar	Rats	male	22.0	streptozotocin		42.0	Unknown	168.0		ADULT,OLDER_ADULT	PHASE3	63.0	Linagliptin	5.0	1+every1days	364.0	364.0	1820.0	1.27
PMC5152931_NCT01204294	0.083	mg/kg	oral	Wistar	Rats	male	22.0	streptozotocin		42.0	Unknown	168.0		ADULT,OLDER_ADULT	PHASE3	73.0	Linagliptin	5.0	1+every1days	364.0	364.0	1820.0	1.21
PMC5152931_NCT01204294	0.083	mg/kg	oral	Wistar	Rats	male	22.0	streptozotocin		42.0	Unknown	168.0		ADULT,OLDER_ADULT	PHASE3	82.0	Linagliptin	5.0	1+every1days	364.0	364.0	1820.0	1.12
PMC5152931_NCT01204294	0.083	mg/kg	oral	Wistar	Rats	male	22.0	streptozotocin		42.0	Unknown	168.0		ADULT,OLDER_ADULT	PHASE3	85.0	Linagliptin	5.0	1+every1days	364.0	364.0	1820.0	1.0899999999999999
PMC6273299_NCT01204294	200.0	mg/kg	Unknown	Zucker Diabetic Fatty	Rats	male	6.0	high-fat diet		42.0	1+every1days	84.0	84.0	ADULT,OLDER_ADULT	PHASE3	62.0	Metformin		Unknown	364.0			0.4800000000000001
PMC6273299_NCT01204294	200.0	mg/kg	Unknown	Zucker Diabetic Fatty	Rats	male	6.0	high-fat diet		42.0	1+every1days	84.0	84.0	ADULT,OLDER_ADULT	PHASE3	61.0	Metformin		Unknown	364.0			0.20999999999999996
PMC3327803_NCT01204294	200.0	mg/kg	intraperitoneal	db/db	Mice	male	11.0	genetic		49.0	1+every1days	126.0	126.0	ADULT,OLDER_ADULT	PHASE3	62.0	Metformin		Unknown	364.0			-1.1199999999999999
PMC3327803_NCT01204294	200.0	mg/kg	intraperitoneal	db/db	Mice	male	11.0	genetic		49.0	1+every1days	126.0	126.0	ADULT,OLDER_ADULT	PHASE3	61.0	Metformin		Unknown	364.0			-1.3900000000000001
PMC3907559_NCT01204294	200.0	mg/kg	oral	Zucker Diabetic Fatty	Rats	male	10.0	genetic		49.0	2+every1days	32.0	64.0	ADULT,OLDER_ADULT	PHASE3	62.0	Metformin		Unknown	364.0			2.18
PMC3907559_NCT01204294	200.0	mg/kg	oral	Zucker Diabetic Fatty	Rats	male	10.0	genetic		49.0	2+every1days	32.0	64.0	ADULT,OLDER_ADULT	PHASE3	61.0	Metformin		Unknown	364.0			1.91
PMC7381706_NCT01204294	250.0	mg/kg	oral	ob/ob	Mice	male	8.0	genetic		52.5	1+every1days	26.0	26.0	ADULT,OLDER_ADULT	PHASE3	62.0	Metformin		Unknown	364.0			-0.72
PMC7381706_NCT01204294	250.0	mg/kg	oral	ob/ob	Mice	male	8.0	genetic		52.5	1+every1days	26.0	26.0	ADULT,OLDER_ADULT	PHASE3	61.0	Metformin		Unknown	364.0			-0.9900000000000001
PMC10203393_NCT01204294	0.2	g/kg	oral	Sprague-Dawley	Rats	male	8.0	high-fat diet+streptozotocin	150.0	52.5	1+every1days	70.0	70.0	ADULT,OLDER_ADULT	PHASE3	62.0	Metformin		Unknown	364.0			4.68
PMC10203393_NCT01204294	0.2	g/kg	oral	Sprague-Dawley	Rats	male	8.0	high-fat diet+streptozotocin	150.0	52.5	1+every1days	70.0	70.0	ADULT,OLDER_ADULT	PHASE3	61.0	Metformin		Unknown	364.0			4.41
PMC10323656_NCT01204294	200.0	mg/kg	oral gavage	C57BL/6	Mice	male	12.0	high-fat diet+streptozotocin	24.0	56.0	1+every1days	28.0	28.0	ADULT,OLDER_ADULT	PHASE3	62.0	Metformin		Unknown	364.0			0.28000000000000014
PMC10323656_NCT01204294	200.0	mg/kg	oral gavage	C57BL/6	Mice	male	12.0	high-fat diet+streptozotocin	24.0	56.0	1+every1days	28.0	28.0	ADULT,OLDER_ADULT	PHASE3	61.0	Metformin		Unknown	364.0			0.010000000000000009
PMC3855476_NCT01204294	300.0	mg/kg	oral	db/db	Mice	male	10.0	genetic	44.0	56.0	1+every1days	14.0	14.0	ADULT,OLDER_ADULT	PHASE3	62.0	Metformin		Unknown	364.0			-0.12
PMC3855476_NCT01204294	300.0	mg/kg	oral	db/db	Mice	male	10.0	genetic	44.0	56.0	1+every1days	14.0	14.0	ADULT,OLDER_ADULT	PHASE3	61.0	Metformin		Unknown	364.0			-0.3900000000000001
PMC5881648_NCT01204294	200.0	mg/kg	gavage	Sprague-Dawley	Rats	male	10.0	streptozotocin	200.0	56.0	1+every1days	77.0	77.0	ADULT,OLDER_ADULT	PHASE3	62.0	Metformin		Unknown	364.0			2.48
PMC5881648_NCT01204294	200.0	mg/kg	gavage	Sprague-Dawley	Rats	male	10.0	streptozotocin	200.0	56.0	1+every1days	77.0	77.0	ADULT,OLDER_ADULT	PHASE3	61.0	Metformin		Unknown	364.0			2.21
PMC4444588_NCT01204294	500.0	mg/kg	intragastric	Sprague-Dawley	Rats	male	7.0	high-fat diet+streptozotocin	190.0	60.0	1+every1days	56.0	56.0	ADULT,OLDER_ADULT	PHASE3	62.0	Metformin		Unknown	364.0			3.18
PMC4444588_NCT01204294	500.0	mg/kg	intragastric	Sprague-Dawley	Rats	male	7.0	high-fat diet+streptozotocin	190.0	60.0	1+every1days	56.0	56.0	ADULT,OLDER_ADULT	PHASE3	61.0	Metformin		Unknown	364.0			2.91
PMC4444588_NCT01204294	150.0	mg/kg	intragastric	Sprague-Dawley	Rats	male	8.0	high-fat diet+streptozotocin	190.0	60.0	1+every1days	56.0	56.0	ADULT,OLDER_ADULT	PHASE3	62.0	Metformin		Unknown	364.0			0.18000000000000005
PMC4444588_NCT01204294	300.0	mg/kg	intragastric	Sprague-Dawley	Rats	male	8.0	high-fat diet+streptozotocin	190.0	60.0	1+every1days	56.0	56.0	ADULT,OLDER_ADULT	PHASE3	62.0	Metformin		Unknown	364.0			1.1800000000000002
PMC4444588_NCT01204294	150.0	mg/kg	intragastric	Sprague-Dawley	Rats	male	8.0	high-fat diet+streptozotocin	190.0	60.0	1+every1days	56.0	56.0	ADULT,OLDER_ADULT	PHASE3	61.0	Metformin		Unknown	364.0			-0.09000000000000008
PMC4444588_NCT01204294	300.0	mg/kg	intragastric	Sprague-Dawley	Rats	male	8.0	high-fat diet+streptozotocin	190.0	60.0	1+every1days	56.0	56.0	ADULT,OLDER_ADULT	PHASE3	61.0	Metformin		Unknown	364.0			0.9099999999999999
PMC4097088_NCT01204294	300.0	mg/kg	oral	C57BL/6	Mice	Unknown	8.0	high-fat diet		70.0	1+every1days	14.0	14.0	ADULT,OLDER_ADULT	PHASE3	62.0	Metformin		Unknown	364.0			-0.21999999999999997
PMC4097088_NCT01204294	300.0	mg/kg	oral	C57BL/6	Mice	Unknown	8.0	high-fat diet		70.0	1+every1days	14.0	14.0	ADULT,OLDER_ADULT	PHASE3	61.0	Metformin		Unknown	364.0			-0.4900000000000001
PMC9457892_NCT01204294	150.0	mg/kg	oral	C57BL/6	Mice	male	8.0	streptozotocin	27.5	70.0	1+every1days	42.0	42.0	ADULT,OLDER_ADULT	PHASE3	62.0	Metformin		Unknown	364.0			3.48
PMC9457892_NCT01204294	150.0	mg/kg	oral	C57BL/6	Mice	male	8.0	streptozotocin	27.5	70.0	1+every1days	42.0	42.0	ADULT,OLDER_ADULT	PHASE3	61.0	Metformin		Unknown	364.0			3.21
PMC8745465_NCT01204294	120.0	mg/kg	oral	Wistar	Rats	male	30.0	high-fat diet+streptozotocin	170.0	70.0	1+every1days	35.0	35.0	ADULT,OLDER_ADULT	PHASE3	62.0	Metformin		Unknown	364.0			0.6900000000000001
PMC8745465_NCT01204294	120.0	mg/kg	oral	Wistar	Rats	male	30.0	high-fat diet+streptozotocin	170.0	70.0	1+every1days	35.0	35.0	ADULT,OLDER_ADULT	PHASE3	61.0	Metformin		Unknown	364.0			0.41999999999999993
PMC5489512_NCT01214239	2.0	mg/kg	oral	KK-Ay	Mice	female	10.0	genetic	50.0		1+every1days	42.0	42.0	ADULT,OLDER_ADULT	PHASE3	196.0	Linagliptin	5.0	1+every1days	168.0	168.0	840.0	-0.38000000000000006
PMC5489512_NCT01214239	2.0	mg/kg	oral	KK-Ay	Mice	female	10.0	genetic	50.0		1+every1days	42.0	42.0	ADULT,OLDER_ADULT	PHASE3	168.0	Linagliptin	5.0	1+every1days	168.0	168.0	840.0	-0.38999999999999996
PMC6701666_NCT01214239	3.0	mg/kg	oral	db/db	Mice	female	12.0	genetic		38.5	1+every1days	42.0	42.0	ADULT,OLDER_ADULT	PHASE3	196.0	Linagliptin	5.0	1+every1days	168.0	168.0	840.0	-0.68
PMC6701666_NCT01214239	3.0	mg/kg	oral	db/db	Mice	female	12.0	genetic		38.5	1+every1days	42.0	42.0	ADULT,OLDER_ADULT	PHASE3	168.0	Linagliptin	5.0	1+every1days	168.0	168.0	840.0	-0.69
PMC5152931_NCT01214239	0.083	mg/kg	oral	Wistar	Rats	male	22.0	streptozotocin		42.0	Unknown	168.0		ADULT,OLDER_ADULT	PHASE3	196.0	Linagliptin	5.0	1+every1days	168.0	168.0	840.0	1.3199999999999998
PMC5152931_NCT01214239	0.083	mg/kg	oral	Wistar	Rats	male	22.0	streptozotocin		42.0	Unknown	168.0		ADULT,OLDER_ADULT	PHASE3	168.0	Linagliptin	5.0	1+every1days	168.0	168.0	840.0	1.31
PMC5489512_NCT01215097	2.0	mg/kg	oral	KK-Ay	Mice	female	10.0	genetic	50.0		1+every1days	42.0	42.0	ADULT,OLDER_ADULT	PHASE3	203.0	Linagliptin	5.0	1+every1days	168.0	168.0	840.0	-0.36000000000000004
PMC5489512_NCT01215097	2.0	mg/kg	oral	KK-Ay	Mice	female	10.0	genetic	50.0		1+every1days	42.0	42.0	ADULT,OLDER_ADULT	PHASE3	182.0	Linagliptin	5.0	1+every1days	168.0	168.0	840.0	-0.38000000000000006
PMC6701666_NCT01215097	3.0	mg/kg	oral	db/db	Mice	female	12.0	genetic		38.5	1+every1days	42.0	42.0	ADULT,OLDER_ADULT	PHASE3	203.0	Linagliptin	5.0	1+every1days	168.0	168.0	840.0	-0.66
PMC6701666_NCT01215097	3.0	mg/kg	oral	db/db	Mice	female	12.0	genetic		38.5	1+every1days	42.0	42.0	ADULT,OLDER_ADULT	PHASE3	182.0	Linagliptin	5.0	1+every1days	168.0	168.0	840.0	-0.68
PMC5152931_NCT01215097	0.083	mg/kg	oral	Wistar	Rats	male	22.0	streptozotocin		42.0	Unknown	168.0		ADULT,OLDER_ADULT	PHASE3	203.0	Linagliptin	5.0	1+every1days	168.0	168.0	840.0	1.3399999999999999
PMC5152931_NCT01215097	0.083	mg/kg	oral	Wistar	Rats	male	22.0	streptozotocin		42.0	Unknown	168.0		ADULT,OLDER_ADULT	PHASE3	182.0	Linagliptin	5.0	1+every1days	168.0	168.0	840.0	1.3199999999999998
PMC6701666_NCT01243424	2.0	mg/kg	oral	db/db	Mice	female	12.0	genetic		38.5	1+every1days	42.0	42.0	ADULT,OLDER_ADULT	PHASE3	2949.0	Glimepiride	2.5	1+every1days	3024.0	3024.0	7560.0	0.15
PMC6273299_NCT01243424	5.0	mg/kg	Unknown	Zucker Diabetic Fatty	Rats	male	6.0	high-fat diet		42.0	1+every1days	84.0	84.0	ADULT,OLDER_ADULT	PHASE3	2949.0	Glimepiride	2.5	1+every1days	3024.0	3024.0	7560.0	0.44999999999999996
PMC3610345_NCT01243424	2.5	mg/kg	oral	db/db	Mice	male		genetic		49.0	1+every1days	42.0	42.0	ADULT,OLDER_ADULT	PHASE3	2949.0	Glimepiride	2.5	1+every1days	3024.0	3024.0	7560.0	1.15
PMC4457365_NCT01263470	20.0	mg/kg	oral	UCD-T2DM	Rats	male	32.0	genetic		60.0	1+every1days	365.0	365.0	ADULT,OLDER_ADULT	PHASE2	79.0	Alogliptin	6.25	1+every1days	84.0	84.0	525.0	-0.31
PMC4457365_NCT01263470	20.0	mg/kg	oral	UCD-T2DM	Rats	male	32.0	genetic		60.0	1+every1days	365.0	365.0	ADULT,OLDER_ADULT	PHASE2	84.0	Alogliptin	12.5	1+every1days	84.0	84.0	1050.0	-0.49999999999999994
PMC4457365_NCT01263470	20.0	mg/kg	oral	UCD-T2DM	Rats	male	32.0	genetic		60.0	1+every1days	365.0	365.0	ADULT,OLDER_ADULT	PHASE2	79.0	Alogliptin	25.0	1+every1days	84.0	84.0	2100.0	-0.56
PMC4457365_NCT01263470	20.0	mg/kg	oral	UCD-T2DM	Rats	male	32.0	genetic		60.0	1+every1days	365.0	365.0	ADULT,OLDER_ADULT	PHASE2	79.0	Alogliptin	50.0	1+every1days	84.0	84.0	4200.0	-0.6199999999999999
PMC9786790_NCT01263470	1.0	mg/kg	intragastric	KK-Ay	Mice	male	8.0	high-fat diet	30.0	98.0	1+every1days	56.0	56.0	ADULT,OLDER_ADULT	PHASE2	83.0	Voglibose	0.2	3+every1days	84.0	252.0	50.400000000000006	0.84
PMC5089752_NCT01263470	0.6	mg/kg	oral	Otsuka Long-Evans Tokushima Fatty	Rats	male	10.0	genetic		98.0	1+every1days	84.0	84.0	ADULT,OLDER_ADULT	PHASE2	83.0	Voglibose	0.2	3+every1days	84.0	252.0	50.400000000000006	1.72
PMC9786790_NCT01263483	1.0	mg/kg	intragastric	KK-Ay	Mice	male	8.0	high-fat diet	30.0	98.0	1+every1days	56.0	56.0	ADULT,OLDER_ADULT	PHASE2,PHASE3	74.0	Voglibose	0.2	3+every1days	84.0	252.0	50.400000000000006	1.04
PMC5089752_NCT01263483	0.6	mg/kg	oral	Otsuka Long-Evans Tokushima Fatty	Rats	male	10.0	genetic		98.0	1+every1days	84.0	84.0	ADULT,OLDER_ADULT	PHASE2,PHASE3	74.0	Voglibose	0.2	3+every1days	84.0	252.0	50.400000000000006	1.92
PMC4457365_NCT01263496	20.0	mg/kg	oral	UCD-T2DM	Rats	male	32.0	genetic		60.0	1+every1days	365.0	365.0	ADULT,OLDER_ADULT	PHASE2	81.0	Alogliptin	6.25	1+every1days	280.0	280.0	1750.0	-0.13
PMC4457365_NCT01263496	20.0	mg/kg	oral	UCD-T2DM	Rats	male	32.0	genetic		60.0	1+every1days	365.0	365.0	ADULT,OLDER_ADULT	PHASE2	79.0	Alogliptin	12.5	1+every1days	280.0	280.0	3500.0	-0.27999999999999997
PMC4457365_NCT01263496	20.0	mg/kg	oral	UCD-T2DM	Rats	male	32.0	genetic		60.0	1+every1days	365.0	365.0	ADULT,OLDER_ADULT	PHASE2	79.0	Alogliptin	25.0	1+every1days	280.0	280.0	7000.0	-0.46
PMC4457365_NCT01263496	20.0	mg/kg	oral	UCD-T2DM	Rats	male	32.0	genetic		60.0	1+every1days	365.0	365.0	ADULT,OLDER_ADULT	PHASE2	84.0	Alogliptin	50.0	1+every1days	280.0	280.0	14000.0	-0.5700000000000001
PMC9786790_NCT01263496	1.0	mg/kg	intragastric	KK-Ay	Mice	male	8.0	high-fat diet	30.0	98.0	1+every1days	56.0	56.0	ADULT,OLDER_ADULT	PHASE2	63.0	Voglibose	0.2	3+every1days	280.0	840.0	168.0	0.72
PMC5089752_NCT01263496	0.6	mg/kg	oral	Otsuka Long-Evans Tokushima Fatty	Rats	male	10.0	genetic		98.0	1+every1days	84.0	84.0	ADULT,OLDER_ADULT	PHASE2	63.0	Voglibose	0.2	3+every1days	280.0	840.0	168.0	1.5999999999999999
PMC4457365_NCT01289119	20.0	mg/kg	oral	UCD-T2DM	Rats	male	32.0	genetic		60.0	1+every1days	365.0	365.0	ADULT,OLDER_ADULT	PHASE3	90.0	Alogliptin	25.0	1+every1days	112.0	112.0	2800.0	-0.79
PMC4000968_NCT01289990	10.0	mg/kg	oral	Zucker Diabetic Fatty	Rats	Unknown	7.0	genetic		140.0	1+every1days	42.0	42.0	ADULT,OLDER_ADULT	PHASE3	108.0	Sitagliptin Phosphate	100.0	1+every1days	532.0	532.0	53200.0	0.73
PMC4000968_NCT01289990	10.0	mg/kg	oral	Zucker Diabetic Fatty	Rats	Unknown	7.0	genetic		140.0	1+every1days	42.0	42.0	ADULT,OLDER_ADULT	PHASE3	223.0	Sitagliptin Phosphate	100.0	1+every1days	532.0	532.0	53200.0	0.6799999999999999
PMC4000968_NCT01289990	10.0	mg/kg	oral	Zucker Diabetic Fatty	Rats	Unknown	7.0	genetic		140.0	1+every1days	42.0	42.0	ADULT,OLDER_ADULT	PHASE3	223.0	Sitagliptin Phosphate	100.0	1+every1days	364.0	364.0	36400.0	0.63
PMC3998187_NCT01289990	10.0	mg/kg	oral	Zucker Diabetic Fatty	Rats	male	5.0	genetic		140.0	1+every1days	42.0	42.0	ADULT,OLDER_ADULT	PHASE3	108.0	Sitagliptin Phosphate	100.0	1+every1days	532.0	532.0	53200.0	1.52
PMC3998187_NCT01289990	10.0	mg/kg	oral	Zucker Diabetic Fatty	Rats	male	5.0	genetic		140.0	1+every1days	42.0	42.0	ADULT,OLDER_ADULT	PHASE3	223.0	Sitagliptin Phosphate	100.0	1+every1days	532.0	532.0	53200.0	1.47
PMC3998187_NCT01289990	10.0	mg/kg	oral	Zucker Diabetic Fatty	Rats	male	5.0	genetic		140.0	1+every1days	42.0	42.0	ADULT,OLDER_ADULT	PHASE3	223.0	Sitagliptin Phosphate	100.0	1+every1days	364.0	364.0	36400.0	1.42
PMC2905949_NCT01289990	10.0	mg/kg	oral	Zucker Diabetic Fatty	Rats	male	8.0	genetic		140.0	1+every1days	42.0	42.0	ADULT,OLDER_ADULT	PHASE3	108.0	Sitagliptin Phosphate	100.0	1+every1days	532.0	532.0	53200.0	-0.47
PMC3235777_NCT01289990	10.0	mg/kg	oral	Zucker Diabetic Fatty	Rats	male	8.0	genetic		140.0	1+every1days	42.0	42.0	ADULT,OLDER_ADULT	PHASE3	108.0	Sitagliptin Phosphate	100.0	1+every1days	532.0	532.0	53200.0	1.3
PMC2905949_NCT01289990	10.0	mg/kg	oral	Zucker Diabetic Fatty	Rats	male	8.0	genetic		140.0	1+every1days	42.0	42.0	ADULT,OLDER_ADULT	PHASE3	223.0	Sitagliptin Phosphate	100.0	1+every1days	532.0	532.0	53200.0	-0.52
PMC3235777_NCT01289990	10.0	mg/kg	oral	Zucker Diabetic Fatty	Rats	male	8.0	genetic		140.0	1+every1days	42.0	42.0	ADULT,OLDER_ADULT	PHASE3	223.0	Sitagliptin Phosphate	100.0	1+every1days	532.0	532.0	53200.0	1.25
PMC2905949_NCT01289990	10.0	mg/kg	oral	Zucker Diabetic Fatty	Rats	male	8.0	genetic		140.0	1+every1days	42.0	42.0	ADULT,OLDER_ADULT	PHASE3	223.0	Sitagliptin Phosphate	100.0	1+every1days	364.0	364.0	36400.0	-0.57
PMC3235777_NCT01289990	10.0	mg/kg	oral	Zucker Diabetic Fatty	Rats	male	8.0	genetic		140.0	1+every1days	42.0	42.0	ADULT,OLDER_ADULT	PHASE3	223.0	Sitagliptin Phosphate	100.0	1+every1days	364.0	364.0	36400.0	1.2000000000000002
PMC4514850_NCT01289990	100.0	mg/kg	oral	ICR	Mice	male	8.0	high-fat diet+streptozotocin		35.0	1+every1days	56.0	56.0	ADULT,OLDER_ADULT	PHASE3	108.0	Sitagliptin Phosphate	100.0	1+every1days	532.0	532.0	53200.0	0.8200000000000001
PMC4514850_NCT01289990	100.0	mg/kg	oral	ICR	Mice	male	8.0	high-fat diet+streptozotocin		35.0	1+every1days	56.0	56.0	ADULT,OLDER_ADULT	PHASE3	223.0	Sitagliptin Phosphate	100.0	1+every1days	532.0	532.0	53200.0	0.77
PMC4514850_NCT01289990	100.0	mg/kg	oral	ICR	Mice	male	8.0	high-fat diet+streptozotocin		35.0	1+every1days	56.0	56.0	ADULT,OLDER_ADULT	PHASE3	223.0	Sitagliptin Phosphate	100.0	1+every1days	364.0	364.0	36400.0	0.7200000000000001
PMC3660563_NCT01289990	1.0	mg/kg	oral	C57BLKS/J-db/db	Mice	male		genetic		42.0	1+every1days	42.0	42.0	ADULT,OLDER_ADULT	PHASE3	108.0	Sitagliptin Phosphate	100.0	1+every1days	532.0	532.0	53200.0	0.32000000000000006
PMC3660563_NCT01289990	1.0	mg/kg	oral	C57BLKS/J-db/db	Mice	male		genetic		42.0	1+every1days	42.0	42.0	ADULT,OLDER_ADULT	PHASE3	223.0	Sitagliptin Phosphate	100.0	1+every1days	532.0	532.0	53200.0	0.27
PMC3660563_NCT01289990	1.0	mg/kg	oral	C57BLKS/J-db/db	Mice	male		genetic		42.0	1+every1days	42.0	42.0	ADULT,OLDER_ADULT	PHASE3	223.0	Sitagliptin Phosphate	100.0	1+every1days	364.0	364.0	36400.0	0.22000000000000008
PMC4514850_NCT01289990	100.0	mg/kg	oral	db/db	Mice	male	5.0	genetic		56.0	1+every1days	28.0	28.0	ADULT,OLDER_ADULT	PHASE3	108.0	Sitagliptin Phosphate	100.0	1+every1days	532.0	532.0	53200.0	0.42000000000000004
PMC4514850_NCT01289990	100.0	mg/kg	oral	db/db	Mice	male	5.0	genetic		56.0	1+every1days	28.0	28.0	ADULT,OLDER_ADULT	PHASE3	223.0	Sitagliptin Phosphate	100.0	1+every1days	532.0	532.0	53200.0	0.37
PMC4514850_NCT01289990	100.0	mg/kg	oral	db/db	Mice	male	5.0	genetic		56.0	1+every1days	28.0	28.0	ADULT,OLDER_ADULT	PHASE3	223.0	Sitagliptin Phosphate	100.0	1+every1days	364.0	364.0	36400.0	0.32000000000000006
PMC9143250_NCT01294423	1.0	mg/kg	oral	Wistar	Rats	both	6.0	high-fat diet+streptozotocin	215.0		1+every1days	28.0	28.0	ADULT,OLDER_ADULT	PHASE3	86.0	Dapagliflozin	5.0	Unknown	168.0			8.09
PMC9143250_NCT01294423	1.0	mg/kg	oral	Wistar	Rats	both	6.0	high-fat diet+streptozotocin	215.0		1+every1days	28.0	28.0	ADULT,OLDER_ADULT	PHASE3	87.0	Dapagliflozin	10.0	1+every1days	168.0	168.0	1680.0	8.05
PMC10308685_NCT01294423	1.0	mg/kg	oral	Zucker Diabetic Fatty	Rats	male	8.0	genetic		112.0	1+every1days	84.0	84.0	ADULT,OLDER_ADULT	PHASE3	86.0	Dapagliflozin	5.0	Unknown	168.0			4.99
PMC10308685_NCT01294423	1.0	mg/kg	oral	Zucker Diabetic Fatty	Rats	male	8.0	genetic		112.0	1+every1days	84.0	84.0	ADULT,OLDER_ADULT	PHASE3	87.0	Dapagliflozin	10.0	1+every1days	168.0	168.0	1680.0	4.95
PMC4237538_NCT01294423	1.0	mg/kg	oral	ob/ob	Mice	male		genetic	43.0	56.0	1+every1days	28.0	28.0	ADULT,OLDER_ADULT	PHASE3	86.0	Dapagliflozin	5.0	Unknown	168.0			0.99
PMC4237538_NCT01294423	1.0	mg/kg	oral	ob/ob	Mice	male		genetic	43.0	56.0	1+every1days	28.0	28.0	ADULT,OLDER_ADULT	PHASE3	87.0	Dapagliflozin	10.0	1+every1days	168.0	168.0	1680.0	0.95
PMC6856656_NCT01294423	1.0	mg/kg	oral	Zucker Diabetic Fatty	Rats	male	8.0	high-fat diet		84.0	1+every1days	63.0	63.0	ADULT,OLDER_ADULT	PHASE3	86.0	Dapagliflozin	5.0	Unknown	168.0			2.4899999999999998
PMC6856656_NCT01294423	1.0	mg/kg	oral	Zucker Diabetic Fatty	Rats	male	8.0	high-fat diet		84.0	1+every1days	63.0	63.0	ADULT,OLDER_ADULT	PHASE3	87.0	Dapagliflozin	10.0	1+every1days	168.0	168.0	1680.0	2.4499999999999997
PMC5089752_NCT01294423	1.0	mg/kg	oral	Otsuka Long-Evans Tokushima Fatty	Rats	male	10.0	genetic		98.0	1+every1days	84.0	84.0	ADULT,OLDER_ADULT	PHASE3	86.0	Dapagliflozin	5.0	Unknown	168.0			1.6300000000000001
PMC5089752_NCT01294423	1.0	mg/kg	oral	Otsuka Long-Evans Tokushima Fatty	Rats	male	10.0	genetic		98.0	1+every1days	84.0	84.0	ADULT,OLDER_ADULT	PHASE3	87.0	Dapagliflozin	10.0	1+every1days	168.0	168.0	1680.0	1.59
PMC8953658_NCT01294423	1.0	mg/kg	oral gavage	Zucker Diabetic Fatty	Rats	male	7.0	genetic		98.0	1+every1days	28.0	28.0	ADULT,OLDER_ADULT	PHASE3	86.0	Dapagliflozin	5.0	Unknown	168.0			2.59
PMC8953658_NCT01294423	1.0	mg/kg	oral gavage	Zucker Diabetic Fatty	Rats	male	7.0	genetic		98.0	1+every1days	28.0	28.0	ADULT,OLDER_ADULT	PHASE3	87.0	Dapagliflozin	10.0	1+every1days	168.0	168.0	1680.0	2.55
PMC5663708_NCT01318070	36.0	mg/kg	oral	Wistar	Rats	male	6.0	streptozotocin+nicotinamide	180.0		1+every1days	15.0	15.0	ADULT,OLDER_ADULT	PHASE2,PHASE3	115.0	Pioglitazone	22.5	1+every1days	84.0	84.0	1890.0	2.0100000000000002
PMC4743348_NCT01318070	20.0	mg/kg	oral	Wistar	Rats	male	8.0	high-fat diet+streptozotocin	175.0		1+every1days	21.0	21.0	ADULT,OLDER_ADULT	PHASE2,PHASE3	115.0	Pioglitazone	22.5	1+every1days	84.0	84.0	1890.0	4.96
PMC4743348_NCT01318070	20.0	mg/kg	oral	Wistar	Rats	male	8.0	streptozotocin	175.0		1+every1days	21.0	21.0	ADULT,OLDER_ADULT	PHASE2,PHASE3	115.0	Pioglitazone	22.5	1+every1days	84.0	84.0	1890.0	4.109999999999999
PMC6540170_NCT01318070	0.01	% (w/w)	oral	C57BLKS/J-db/db	Mice	male	10.0	genetic		28.0	1+every1days	35.0	35.0	ADULT,OLDER_ADULT	PHASE2,PHASE3	115.0	Pioglitazone	22.5	1+every1days	84.0	84.0	1890.0	3.9099999999999997
PMC6883099_NCT01318070	3.0	mg/kg	oral	KK-Ay	Mice	male	6.0	high-fat diet		49.0	1+every1days	28.0	28.0	ADULT,OLDER_ADULT	PHASE2,PHASE3	115.0	Pioglitazone	22.5	1+every1days	84.0	84.0	1890.0	-0.11
PMC6883099_NCT01318070	10.0	mg/kg	oral	KK-Ay	Mice	male	6.0	high-fat diet		49.0	1+every1days	28.0	28.0	ADULT,OLDER_ADULT	PHASE2,PHASE3	115.0	Pioglitazone	22.5	1+every1days	84.0	84.0	1890.0	1.6400000000000001
PMC6883099_NCT01318070	30.0	mg/kg	oral	KK-Ay	Mice	male	6.0	high-fat diet		49.0	1+every1days	28.0	28.0	ADULT,OLDER_ADULT	PHASE2,PHASE3	115.0	Pioglitazone	22.5	1+every1days	84.0	84.0	1890.0	2.32
PMC4304810_NCT01318070	10.0	mg/kg	oral	Zucker Diabetic Fatty	Rats	male		genetic		49.0	1+every1days	42.0	42.0	ADULT,OLDER_ADULT	PHASE2,PHASE3	115.0	Pioglitazone	22.5	1+every1days	84.0	84.0	1890.0	4.409999999999999
PMC3907559_NCT01318070	30.0	mg/kg	oral	Zucker Diabetic Fatty	Rats	male	10.0	genetic		49.0	2+every1days	32.0	64.0	ADULT,OLDER_ADULT	PHASE2,PHASE3	115.0	Pioglitazone	22.5	1+every1days	84.0	84.0	1890.0	3.81
PMC5207690_NCT01318070	4.5	mg/kg	oral	KK-Ay	Mice	male	10.0	high-fat diet		56.0	1+every1days	70.0	70.0	ADULT,OLDER_ADULT	PHASE2,PHASE3	115.0	Pioglitazone	22.5	1+every1days	84.0	84.0	1890.0	0.76
PMC5360432_NCT01318070	10.0	mg/kg	oral	ob/ob	Mice	male	7.0	genetic		56.0	2+every1days	28.0	56.0	ADULT,OLDER_ADULT	PHASE2,PHASE3	115.0	Pioglitazone	22.5	1+every1days	84.0	84.0	1890.0	1.4100000000000001
PMC4457365_NCT01318070	2.5	mg/kg	oral	UCD-T2DM	Rats	male	32.0	genetic		60.0	1+every1days	365.0	365.0	ADULT,OLDER_ADULT	PHASE2,PHASE3	115.0	Pioglitazone	22.5	1+every1days	84.0	84.0	1890.0	2.0100000000000002
PMC4880722_NCT01318070	30.0	mg/kg	oral	Zucker Diabetic Fatty	Rats	male	8.0	genetic		70.0	1+every1days	42.0	42.0	ADULT,OLDER_ADULT	PHASE2,PHASE3	115.0	Pioglitazone	22.5	1+every1days	84.0	84.0	1890.0	3.0100000000000002
PMC4791042_NCT01318070	32.19	mg/kg	oral	Zucker Diabetic Fatty	Rats	male	9.0	genetic		80.5	1+every1days	49.0	49.0	ADULT,OLDER_ADULT	PHASE2,PHASE3	115.0	Pioglitazone	22.5	1+every1days	84.0	84.0	1890.0	4.31
PMC6701666_NCT01318083	2.0	mg/kg	oral	db/db	Mice	female	12.0	genetic		38.5	1+every1days	42.0	42.0	ADULT	PHASE2,PHASE3	103.0	Glimepiride	2.5	1+every1days	84.0	84.0	210.0	0.34
PMC6273299_NCT01318083	5.0	mg/kg	Unknown	Zucker Diabetic Fatty	Rats	male	6.0	high-fat diet		42.0	1+every1days	84.0	84.0	ADULT	PHASE2,PHASE3	103.0	Glimepiride	2.5	1+every1days	84.0	84.0	210.0	0.64
PMC3610345_NCT01318083	2.5	mg/kg	oral	db/db	Mice	male		genetic		49.0	1+every1days	42.0	42.0	ADULT	PHASE2,PHASE3	103.0	Glimepiride	2.5	1+every1days	84.0	84.0	210.0	1.34
PMC5485244_NCT01318109	500.0	mg/kg	oral	C57BL/6J	Mice	male	8.0	high-fat diet			1+every1days			ADULT	PHASE2,PHASE3	100.0	Metformin	250.0	2+every1days	84.0	168.0	42000.0	0.61
PMC8657924_NCT01318109	225.0	mg/kg	oral	Kunming	Mice	male	8.0	high-fat diet+streptozotocin	20.0		1+every1days	28.0	28.0	ADULT	PHASE2,PHASE3	100.0	Metformin	250.0	2+every1days	84.0	168.0	42000.0	4.21
PMC3462199_NCT01318109	400.0	mg/kg	intraperitoneal	db/db	Mice	male	10.0	genetic	47.5		1+every1days	14.0	14.0	ADULT	PHASE2,PHASE3	100.0	Metformin	250.0	2+every1days	84.0	168.0	42000.0	0.61
PMC3462199_NCT01318109	400.0	mg/kg	intraperitoneal	db/db	Mice	male	12.0	genetic	47.5		1+every1days	14.0	14.0	ADULT	PHASE2,PHASE3	100.0	Metformin	250.0	2+every1days	84.0	168.0	42000.0	0.51
PMC9313150_NCT01318109	200.0	mg/kg	oral	Wistar	Rats	male		high-fat diet+streptozotocin	185.0		1+every1days	84.0	84.0	ADULT	PHASE2,PHASE3	100.0	Metformin	250.0	2+every1days	84.0	168.0	42000.0	2.31
PMC7092631_NCT01318109	200.0	mg/kg	intragastric	Wistar	Rats	male	10.0	high-fat diet+streptozotocin	200.0		1+every1days	28.0	28.0	ADULT	PHASE2,PHASE3	100.0	Metformin	250.0	2+every1days	84.0	168.0	42000.0	1.03
PMC8800605_NCT01318109	60.0	mg/kg	oral	Wistar	Rats	male	12.0	high-fat diet+streptozotocin	176.8		1+every1days	14.0	14.0	ADULT	PHASE2,PHASE3	100.0	Metformin	250.0	2+every1days	84.0	168.0	42000.0	0.42
PMC4826921_NCT01318109	200.0	mg/kg	oral	Wistar	Rats	male	20.0	high-fat diet	110.0		1+every1days	60.0	60.0	ADULT	PHASE2,PHASE3	100.0	Metformin	250.0	2+every1days	84.0	168.0	42000.0	1.81
PMC7034448_NCT01318109	500.0	mg/kg	oral	Wistar	Rats	male	6.0	high-fat diet+streptozotocin	190.0		1+every1days	30.0	30.0	ADULT	PHASE2,PHASE3	100.0	Metformin	250.0	2+every1days	84.0	168.0	42000.0	5.31
PMC4884299_NCT01318109	150.0	mg/kg	oral	Wistar	Rats	male	6.0	streptozotocin+nicotinamide	280.0		1+every1days	42.0	42.0	ADULT	PHASE2,PHASE3	100.0	Metformin	250.0	2+every1days	84.0	168.0	42000.0	2.55
PMC9953164_NCT01318109	200.0	mg/kg	Unknown	Wistar	Rats	male	8.0	high-fat diet+streptozotocin	185.0		1+every1days	84.0	84.0	ADULT	PHASE2,PHASE3	100.0	Metformin	250.0	2+every1days	84.0	168.0	42000.0	2.71
PMC9681650_NCT01318109	60.0	mg/kg	oral	Wistar	Rats	male	12.0	high-fat diet+streptozotocin	176.8	120.0	1+every1days	14.0	14.0	ADULT	PHASE2,PHASE3	100.0	Metformin	250.0	2+every1days	84.0	168.0	42000.0	0.31
PMC4423537_NCT01318109	300.0	mg/kg	oral	Otsuka Long-Evans Tokushima Fatty	Rats	male	14.0	genetic		140.0	1+every1days	84.0	84.0	ADULT	PHASE2,PHASE3	100.0	Metformin	250.0	2+every1days	84.0	168.0	42000.0	1.81
PMC9470898_NCT01318109	0.1	% (w/w)	oral	NONcNZO10/LtJ	Mice	male	10.0	genetic		147.0	Unknown	126.0		ADULT	PHASE2,PHASE3	100.0	Metformin	250.0	2+every1days	84.0	168.0	42000.0	0.71
PMC5840580_NCT01318109	300.0	mg/kg	oral	Otsuka Long-Evans Tokushima Fatty	Rats	male	6.0	high-fat diet		168.0	1+every1days	84.0	84.0	ADULT	PHASE2,PHASE3	100.0	Metformin	250.0	2+every1days	84.0	168.0	42000.0	1.71
PMC3465985_NCT01318109	350.0	mg/kg	oral	Spontaneously Diabetic Torii	Rats	male	10.0	genetic		175.0	1+every1days	119.0	119.0	ADULT	PHASE2,PHASE3	100.0	Metformin	250.0	2+every1days	84.0	168.0	42000.0	1.52
PMC5319739_NCT01318109	50.0	mg/kg	gastric intubation	Psammomys obesus	Gerbillinae	male	30.0	high-fat diet	100.0	240.0	1+every1days	84.0	84.0	ADULT	PHASE2,PHASE3	100.0	Metformin	250.0	2+every1days	84.0	168.0	42000.0	4.41
PMC9698742_NCT01318109	200.0	mg/kg	oral	Wistar	Rats	male	5.0	streptozotocin	225.0	270.0	1+every1days	45.0	45.0	ADULT	PHASE2,PHASE3	100.0	Metformin	250.0	2+every1days	84.0	168.0	42000.0	2.81
PMC7727825_NCT01318109	200.0	mg/kg	oral	C57BLKS/J-db/db	Mice	male	8.0	genetic		35.0	1+every1days	63.0	63.0	ADULT	PHASE2,PHASE3	100.0	Metformin	250.0	2+every1days	84.0	168.0	42000.0	3.21
PMC7598587_NCT01318109	200.0	mg/kg	oral	C57BL/6N	Mice	male	8.0	high-fat diet+streptozotocin		38.5	1+every1days	28.0	28.0	ADULT	PHASE2,PHASE3	100.0	Metformin	250.0	2+every1days	84.0	168.0	42000.0	2.06
PMC4726511_NCT01318109	10.0	mg/kg	oral	db/db	Mice	Unknown	5.0	genetic		42.0	1+every1days	28.0	28.0	ADULT	PHASE2,PHASE3	100.0	Metformin	250.0	2+every1days	84.0	168.0	42000.0	0.8099999999999999
PMC5485244_NCT01318109	500.0	mg/kg	oral	C57BL/6J	Mice	male	16.0	high-fat diet		42.0	1+every1days	84.0	84.0	ADULT	PHASE2,PHASE3	100.0	Metformin	250.0	2+every1days	84.0	168.0	42000.0	0.61
PMC6273299_NCT01318109	200.0	mg/kg	Unknown	Zucker Diabetic Fatty	Rats	male	6.0	high-fat diet		42.0	1+every1days	84.0	84.0	ADULT	PHASE2,PHASE3	100.0	Metformin	250.0	2+every1days	84.0	168.0	42000.0	1.51
PMC3327803_NCT01318109	200.0	mg/kg	intraperitoneal	db/db	Mice	male	11.0	genetic		49.0	1+every1days	126.0	126.0	ADULT	PHASE2,PHASE3	100.0	Metformin	250.0	2+every1days	84.0	168.0	42000.0	-0.09
PMC3907559_NCT01318109	200.0	mg/kg	oral	Zucker Diabetic Fatty	Rats	male	10.0	genetic		49.0	2+every1days	32.0	64.0	ADULT	PHASE2,PHASE3	100.0	Metformin	250.0	2+every1days	84.0	168.0	42000.0	3.21
PMC7381706_NCT01318109	250.0	mg/kg	oral	ob/ob	Mice	male	8.0	genetic		52.5	1+every1days	26.0	26.0	ADULT	PHASE2,PHASE3	100.0	Metformin	250.0	2+every1days	84.0	168.0	42000.0	0.31
PMC10203393_NCT01318109	0.2	g/kg	oral	Sprague-Dawley	Rats	male	8.0	high-fat diet+streptozotocin	150.0	52.5	1+every1days	70.0	70.0	ADULT	PHASE2,PHASE3	100.0	Metformin	250.0	2+every1days	84.0	168.0	42000.0	5.71
PMC10323656_NCT01318109	200.0	mg/kg	oral gavage	C57BL/6	Mice	male	12.0	high-fat diet+streptozotocin	24.0	56.0	1+every1days	28.0	28.0	ADULT	PHASE2,PHASE3	100.0	Metformin	250.0	2+every1days	84.0	168.0	42000.0	1.31
PMC3855476_NCT01318109	300.0	mg/kg	oral	db/db	Mice	male	10.0	genetic	44.0	56.0	1+every1days	14.0	14.0	ADULT	PHASE2,PHASE3	100.0	Metformin	250.0	2+every1days	84.0	168.0	42000.0	0.9099999999999999
PMC5881648_NCT01318109	200.0	mg/kg	gavage	Sprague-Dawley	Rats	male	10.0	streptozotocin	200.0	56.0	1+every1days	77.0	77.0	ADULT	PHASE2,PHASE3	100.0	Metformin	250.0	2+every1days	84.0	168.0	42000.0	3.51
PMC4444588_NCT01318109	500.0	mg/kg	intragastric	Sprague-Dawley	Rats	male	7.0	high-fat diet+streptozotocin	190.0	60.0	1+every1days	56.0	56.0	ADULT	PHASE2,PHASE3	100.0	Metformin	250.0	2+every1days	84.0	168.0	42000.0	4.21
PMC4444588_NCT01318109	150.0	mg/kg	intragastric	Sprague-Dawley	Rats	male	8.0	high-fat diet+streptozotocin	190.0	60.0	1+every1days	56.0	56.0	ADULT	PHASE2,PHASE3	100.0	Metformin	250.0	2+every1days	84.0	168.0	42000.0	1.21
PMC4444588_NCT01318109	300.0	mg/kg	intragastric	Sprague-Dawley	Rats	male	8.0	high-fat diet+streptozotocin	190.0	60.0	1+every1days	56.0	56.0	ADULT	PHASE2,PHASE3	100.0	Metformin	250.0	2+every1days	84.0	168.0	42000.0	2.21
PMC4097088_NCT01318109	300.0	mg/kg	oral	C57BL/6	Mice	Unknown	8.0	high-fat diet		70.0	1+every1days	14.0	14.0	ADULT	PHASE2,PHASE3	100.0	Metformin	250.0	2+every1days	84.0	168.0	42000.0	0.8099999999999999
PMC9457892_NCT01318109	150.0	mg/kg	oral	C57BL/6	Mice	male	8.0	streptozotocin	27.5	70.0	1+every1days	42.0	42.0	ADULT	PHASE2,PHASE3	100.0	Metformin	250.0	2+every1days	84.0	168.0	42000.0	4.51
PMC8745465_NCT01318109	120.0	mg/kg	oral	Wistar	Rats	male	30.0	high-fat diet+streptozotocin	170.0	70.0	1+every1days	35.0	35.0	ADULT	PHASE2,PHASE3	100.0	Metformin	250.0	2+every1days	84.0	168.0	42000.0	1.72
PMC9374709_NCT01336023	0.4	mg/kg	subcutaneous	C57BL/6NRj	Mice	male	23.0	high-fat diet	35.0	112.0	1+every1days	28.0	28.0	ADULT,OLDER_ADULT	PHASE3	414.0	Liraglutide	1.8	1+every1days	182.0	182.0	327.6	0.06000000000000005
PMC9374709_NCT01336023	0.4	mg/kg	subcutaneous	C57BL/6NTac	Mice	male	16.0	high-fat diet	35.0	112.0	1+every1days	28.0	28.0	ADULT,OLDER_ADULT	PHASE3	414.0	Liraglutide	1.8	1+every1days	182.0	182.0	327.6	10.41
PMC6412877_NCT01336023	25.0	nmol/kg	subcutaneous	Unknown	Mice	male		high-fat diet		49.0	1+every1days	28.0	28.0	ADULT,OLDER_ADULT	PHASE3	414.0	Liraglutide	1.8	1+every1days	182.0	182.0	327.6	-0.78
PMC9072222_NCT01336023	0.1	mg/kg	subcutaneous	db/db	Mice	male	40.0	genetic		49.0	1+every1days	56.0	56.0	ADULT,OLDER_ADULT	PHASE3	414.0	Liraglutide	1.8	1+every1days	182.0	182.0	327.6	0.11999999999999988
PMC9112483_NCT01336023	200.0	μg/kg	subcutaneous	Zucker Diabetic Fatty	Rats	male	7.0	genetic		77.0	2+every1days	140.0	280.0	ADULT,OLDER_ADULT	PHASE3	414.0	Liraglutide	1.8	1+every1days	182.0	182.0	327.6	0.11999999999999988
PMC4000968_NCT01336738	10.0	mg/kg	oral	Zucker Diabetic Fatty	Rats	Unknown	7.0	genetic		140.0	1+every1days	42.0	42.0	ADULT,OLDER_ADULT	PHASE2	54.0	Sitagliptin Phosphate	100.0	1+every1days	84.0	84.0	8400.0	0.42999999999999994
PMC3998187_NCT01336738	10.0	mg/kg	oral	Zucker Diabetic Fatty	Rats	male	5.0	genetic		140.0	1+every1days	42.0	42.0	ADULT,OLDER_ADULT	PHASE2	54.0	Sitagliptin Phosphate	100.0	1+every1days	84.0	84.0	8400.0	1.22
PMC2905949_NCT01336738	10.0	mg/kg	oral	Zucker Diabetic Fatty	Rats	male	8.0	genetic		140.0	1+every1days	42.0	42.0	ADULT,OLDER_ADULT	PHASE2	54.0	Sitagliptin Phosphate	100.0	1+every1days	84.0	84.0	8400.0	-0.77
PMC3235777_NCT01336738	10.0	mg/kg	oral	Zucker Diabetic Fatty	Rats	male	8.0	genetic		140.0	1+every1days	42.0	42.0	ADULT,OLDER_ADULT	PHASE2	54.0	Sitagliptin Phosphate	100.0	1+every1days	84.0	84.0	8400.0	1.0
PMC4514850_NCT01336738	100.0	mg/kg	oral	ICR	Mice	male	8.0	high-fat diet+streptozotocin		35.0	1+every1days	56.0	56.0	ADULT,OLDER_ADULT	PHASE2	54.0	Sitagliptin Phosphate	100.0	1+every1days	84.0	84.0	8400.0	0.52
PMC3660563_NCT01336738	1.0	mg/kg	oral	C57BLKS/J-db/db	Mice	male		genetic		42.0	1+every1days	42.0	42.0	ADULT,OLDER_ADULT	PHASE2	54.0	Sitagliptin Phosphate	100.0	1+every1days	84.0	84.0	8400.0	0.020000000000000018
PMC4514850_NCT01336738	100.0	mg/kg	oral	db/db	Mice	male	5.0	genetic		56.0	1+every1days	28.0	28.0	ADULT,OLDER_ADULT	PHASE2	54.0	Sitagliptin Phosphate	100.0	1+every1days	84.0	84.0	8400.0	0.12
PMC4000968_NCT01338870	10.0	mg/kg	oral	Zucker Diabetic Fatty	Rats	Unknown	7.0	genetic		140.0	1+every1days	42.0	42.0	ADULT,OLDER_ADULT	PHASE2	50.0	Sitagliptin Phosphate	100.0	1+every1days	84.0	84.0	8400.0	0.5599999999999999
PMC3998187_NCT01338870	10.0	mg/kg	oral	Zucker Diabetic Fatty	Rats	male	5.0	genetic		140.0	1+every1days	42.0	42.0	ADULT,OLDER_ADULT	PHASE2	50.0	Sitagliptin Phosphate	100.0	1+every1days	84.0	84.0	8400.0	1.35
PMC2905949_NCT01338870	10.0	mg/kg	oral	Zucker Diabetic Fatty	Rats	male	8.0	genetic		140.0	1+every1days	42.0	42.0	ADULT,OLDER_ADULT	PHASE2	50.0	Sitagliptin Phosphate	100.0	1+every1days	84.0	84.0	8400.0	-0.64
PMC3235777_NCT01338870	10.0	mg/kg	oral	Zucker Diabetic Fatty	Rats	male	8.0	genetic		140.0	1+every1days	42.0	42.0	ADULT,OLDER_ADULT	PHASE2	50.0	Sitagliptin Phosphate	100.0	1+every1days	84.0	84.0	8400.0	1.13
PMC4514850_NCT01338870	100.0	mg/kg	oral	ICR	Mice	male	8.0	high-fat diet+streptozotocin		35.0	1+every1days	56.0	56.0	ADULT,OLDER_ADULT	PHASE2	50.0	Sitagliptin Phosphate	100.0	1+every1days	84.0	84.0	8400.0	0.65
PMC3660563_NCT01338870	1.0	mg/kg	oral	C57BLKS/J-db/db	Mice	male		genetic		42.0	1+every1days	42.0	42.0	ADULT,OLDER_ADULT	PHASE2	50.0	Sitagliptin Phosphate	100.0	1+every1days	84.0	84.0	8400.0	0.15000000000000002
PMC4514850_NCT01338870	100.0	mg/kg	oral	db/db	Mice	male	5.0	genetic		56.0	1+every1days	28.0	28.0	ADULT,OLDER_ADULT	PHASE2	50.0	Sitagliptin Phosphate	100.0	1+every1days	84.0	84.0	8400.0	0.25
PMC5485244_NCT01368081	500.0	mg/kg	oral	C57BL/6J	Mice	male	8.0	high-fat diet			1+every1days			ADULT,OLDER_ADULT	PHASE3	63.0	Metformin	250.0	2+every1days	364.0	728.0	182000.0	-0.57
PMC8657924_NCT01368081	225.0	mg/kg	oral	Kunming	Mice	male	8.0	high-fat diet+streptozotocin	20.0		1+every1days	28.0	28.0	ADULT,OLDER_ADULT	PHASE3	63.0	Metformin	250.0	2+every1days	364.0	728.0	182000.0	3.0300000000000002
PMC3462199_NCT01368081	400.0	mg/kg	intraperitoneal	db/db	Mice	male	10.0	genetic	47.5		1+every1days	14.0	14.0	ADULT,OLDER_ADULT	PHASE3	63.0	Metformin	250.0	2+every1days	364.0	728.0	182000.0	-0.57
PMC3462199_NCT01368081	400.0	mg/kg	intraperitoneal	db/db	Mice	male	12.0	genetic	47.5		1+every1days	14.0	14.0	ADULT,OLDER_ADULT	PHASE3	63.0	Metformin	250.0	2+every1days	364.0	728.0	182000.0	-0.6699999999999999
PMC9313150_NCT01368081	200.0	mg/kg	oral	Wistar	Rats	male		high-fat diet+streptozotocin	185.0		1+every1days	84.0	84.0	ADULT,OLDER_ADULT	PHASE3	63.0	Metformin	250.0	2+every1days	364.0	728.0	182000.0	1.1300000000000001
PMC7092631_NCT01368081	10.0	mg/kg	intragastric	Wistar	Rats	male	10.0	high-fat diet+streptozotocin	200.0		1+every1days	28.0	28.0	ADULT,OLDER_ADULT	PHASE3	70.0	Empagliflozin	25.0	1+every1days	364.0	364.0	9100.0	-0.5900000000000001
PMC7092631_NCT01368081	10.0	mg/kg	intragastric	Wistar	Rats	male	10.0	high-fat diet+streptozotocin	200.0		1+every1days	28.0	28.0	ADULT,OLDER_ADULT	PHASE3	68.0	Empagliflozin	10.0	1+every1days	364.0	364.0	3640.0	-0.6300000000000001
PMC7092631_NCT01368081	10.0	mg/kg	intragastric	Wistar	Rats	male	10.0	high-fat diet+streptozotocin	200.0		1+every1days	28.0	28.0	ADULT,OLDER_ADULT	PHASE3	71.0	Empagliflozin	25.0	1+every1days	364.0	364.0	9100.0	-0.6499999999999999
PMC7092631_NCT01368081	10.0	mg/kg	intragastric	Wistar	Rats	male	10.0	high-fat diet+streptozotocin	200.0		1+every1days	28.0	28.0	ADULT,OLDER_ADULT	PHASE3	69.0	Empagliflozin	10.0	1+every1days	364.0	364.0	3640.0	-0.69
PMC7092631_NCT01368081	10.0	mg/kg	intragastric	Wistar	Rats	male	10.0	high-fat diet+streptozotocin	200.0		1+every1days	28.0	28.0	ADULT,OLDER_ADULT	PHASE3	137.0	Empagliflozin	10.0	1+every1days	364.0	364.0	3640.0	-0.72
PMC7092631_NCT01368081	10.0	mg/kg	intragastric	Wistar	Rats	male	10.0	high-fat diet+streptozotocin	200.0		1+every1days	28.0	28.0	ADULT,OLDER_ADULT	PHASE3	136.0	Empagliflozin	10.0	1+every1days	364.0	364.0	3640.0	-0.75
PMC7092631_NCT01368081	10.0	mg/kg	intragastric	Wistar	Rats	male	10.0	high-fat diet+streptozotocin	200.0		1+every1days	28.0	28.0	ADULT,OLDER_ADULT	PHASE3	137.0	Empagliflozin	25.0	1+every1days	364.0	364.0	9100.0	-0.78
PMC7092631_NCT01368081	10.0	mg/kg	intragastric	Wistar	Rats	male	10.0	high-fat diet+streptozotocin	200.0		1+every1days	28.0	28.0	ADULT,OLDER_ADULT	PHASE3	136.0	Empagliflozin	25.0	1+every1days	364.0	364.0	9100.0	-0.78
PMC7092631_NCT01368081	200.0	mg/kg	intragastric	Wistar	Rats	male	10.0	high-fat diet+streptozotocin	200.0		1+every1days	28.0	28.0	ADULT,OLDER_ADULT	PHASE3	63.0	Metformin	250.0	2+every1days	364.0	728.0	182000.0	-0.15000000000000002
PMC7092631_NCT01368081	10.0	mg/kg	intragastric	Wistar	Rats	male	10.0	high-fat diet+streptozotocin	200.0		1+every1days	28.0	28.0	ADULT,OLDER_ADULT	PHASE3	70.0	Empagliflozin	10.0	1+every1days	364.0	364.0	3640.0	-0.8
PMC7092631_NCT01368081	10.0	mg/kg	intragastric	Wistar	Rats	male	10.0	high-fat diet+streptozotocin	200.0		1+every1days	28.0	28.0	ADULT,OLDER_ADULT	PHASE3	65.0	Empagliflozin	25.0	1+every1days	364.0	364.0	9100.0	-0.8
PMC7092631_NCT01368081	10.0	mg/kg	intragastric	Wistar	Rats	male	10.0	high-fat diet+streptozotocin	200.0		1+every1days	28.0	28.0	ADULT,OLDER_ADULT	PHASE3	70.0	Empagliflozin	25.0	1+every1days	364.0	364.0	9100.0	-0.8
PMC7092631_NCT01368081	10.0	mg/kg	intragastric	Wistar	Rats	male	10.0	high-fat diet+streptozotocin	200.0		1+every1days	28.0	28.0	ADULT,OLDER_ADULT	PHASE3	68.0	Empagliflozin	10.0	1+every1days	364.0	364.0	3640.0	-0.8200000000000001
PMC8800605_NCT01368081	60.0	mg/kg	oral	Wistar	Rats	male	12.0	high-fat diet+streptozotocin	176.8		1+every1days	14.0	14.0	ADULT,OLDER_ADULT	PHASE3	63.0	Metformin	250.0	2+every1days	364.0	728.0	182000.0	-0.76
PMC4826921_NCT01368081	200.0	mg/kg	oral	Wistar	Rats	male	20.0	high-fat diet	110.0		1+every1days	60.0	60.0	ADULT,OLDER_ADULT	PHASE3	63.0	Metformin	250.0	2+every1days	364.0	728.0	182000.0	0.6300000000000001
PMC7034448_NCT01368081	500.0	mg/kg	oral	Wistar	Rats	male	6.0	high-fat diet+streptozotocin	190.0		1+every1days	30.0	30.0	ADULT,OLDER_ADULT	PHASE3	63.0	Metformin	250.0	2+every1days	364.0	728.0	182000.0	4.13
PMC4884299_NCT01368081	150.0	mg/kg	oral	Wistar	Rats	male	6.0	streptozotocin+nicotinamide	280.0		1+every1days	42.0	42.0	ADULT,OLDER_ADULT	PHASE3	63.0	Metformin	250.0	2+every1days	364.0	728.0	182000.0	1.3699999999999999
PMC9953164_NCT01368081	200.0	mg/kg	Unknown	Wistar	Rats	male	8.0	high-fat diet+streptozotocin	185.0		1+every1days	84.0	84.0	ADULT,OLDER_ADULT	PHASE3	63.0	Metformin	250.0	2+every1days	364.0	728.0	182000.0	1.53
PMC5491464_NCT01368081	10.0	mg/kg	oral	Zucker Diabetic Fatty	Rats	Unknown		genetic		112.0	1+every1days	42.0	42.0	ADULT,OLDER_ADULT	PHASE3	70.0	Empagliflozin	25.0	1+every1days	364.0	364.0	9100.0	3.53
PMC5491464_NCT01368081	30.0	mg/kg	oral	Zucker Diabetic Fatty	Rats	Unknown		genetic		112.0	1+every1days	42.0	42.0	ADULT,OLDER_ADULT	PHASE3	70.0	Empagliflozin	25.0	1+every1days	364.0	364.0	9100.0	4.23
PMC5491464_NCT01368081	10.0	mg/kg	oral	Zucker Diabetic Fatty	Rats	Unknown		genetic		112.0	1+every1days	42.0	42.0	ADULT,OLDER_ADULT	PHASE3	68.0	Empagliflozin	10.0	1+every1days	364.0	364.0	3640.0	3.4899999999999998
PMC5491464_NCT01368081	30.0	mg/kg	oral	Zucker Diabetic Fatty	Rats	Unknown		genetic		112.0	1+every1days	42.0	42.0	ADULT,OLDER_ADULT	PHASE3	68.0	Empagliflozin	10.0	1+every1days	364.0	364.0	3640.0	4.1899999999999995
PMC5491464_NCT01368081	10.0	mg/kg	oral	Zucker Diabetic Fatty	Rats	Unknown		genetic		112.0	1+every1days	42.0	42.0	ADULT,OLDER_ADULT	PHASE3	71.0	Empagliflozin	25.0	1+every1days	364.0	364.0	9100.0	3.4699999999999998
PMC5491464_NCT01368081	30.0	mg/kg	oral	Zucker Diabetic Fatty	Rats	Unknown		genetic		112.0	1+every1days	42.0	42.0	ADULT,OLDER_ADULT	PHASE3	71.0	Empagliflozin	25.0	1+every1days	364.0	364.0	9100.0	4.17
PMC5491464_NCT01368081	10.0	mg/kg	oral	Zucker Diabetic Fatty	Rats	Unknown		genetic		112.0	1+every1days	42.0	42.0	ADULT,OLDER_ADULT	PHASE3	69.0	Empagliflozin	10.0	1+every1days	364.0	364.0	3640.0	3.4299999999999997
PMC5491464_NCT01368081	30.0	mg/kg	oral	Zucker Diabetic Fatty	Rats	Unknown		genetic		112.0	1+every1days	42.0	42.0	ADULT,OLDER_ADULT	PHASE3	69.0	Empagliflozin	10.0	1+every1days	364.0	364.0	3640.0	4.13
PMC5491464_NCT01368081	10.0	mg/kg	oral	Zucker Diabetic Fatty	Rats	Unknown		genetic		112.0	1+every1days	42.0	42.0	ADULT,OLDER_ADULT	PHASE3	137.0	Empagliflozin	10.0	1+every1days	364.0	364.0	3640.0	3.4
PMC5491464_NCT01368081	30.0	mg/kg	oral	Zucker Diabetic Fatty	Rats	Unknown		genetic		112.0	1+every1days	42.0	42.0	ADULT,OLDER_ADULT	PHASE3	137.0	Empagliflozin	10.0	1+every1days	364.0	364.0	3640.0	4.1
PMC5491464_NCT01368081	10.0	mg/kg	oral	Zucker Diabetic Fatty	Rats	Unknown		genetic		112.0	1+every1days	42.0	42.0	ADULT,OLDER_ADULT	PHASE3	136.0	Empagliflozin	10.0	1+every1days	364.0	364.0	3640.0	3.3699999999999997
PMC5491464_NCT01368081	30.0	mg/kg	oral	Zucker Diabetic Fatty	Rats	Unknown		genetic		112.0	1+every1days	42.0	42.0	ADULT,OLDER_ADULT	PHASE3	136.0	Empagliflozin	10.0	1+every1days	364.0	364.0	3640.0	4.07
PMC5491464_NCT01368081	10.0	mg/kg	oral	Zucker Diabetic Fatty	Rats	Unknown		genetic		112.0	1+every1days	42.0	42.0	ADULT,OLDER_ADULT	PHASE3	137.0	Empagliflozin	25.0	1+every1days	364.0	364.0	9100.0	3.34
PMC5491464_NCT01368081	30.0	mg/kg	oral	Zucker Diabetic Fatty	Rats	Unknown		genetic		112.0	1+every1days	42.0	42.0	ADULT,OLDER_ADULT	PHASE3	137.0	Empagliflozin	25.0	1+every1days	364.0	364.0	9100.0	4.04
PMC5491464_NCT01368081	10.0	mg/kg	oral	Zucker Diabetic Fatty	Rats	Unknown		genetic		112.0	1+every1days	42.0	42.0	ADULT,OLDER_ADULT	PHASE3	136.0	Empagliflozin	25.0	1+every1days	364.0	364.0	9100.0	3.34
PMC5491464_NCT01368081	30.0	mg/kg	oral	Zucker Diabetic Fatty	Rats	Unknown		genetic		112.0	1+every1days	42.0	42.0	ADULT,OLDER_ADULT	PHASE3	136.0	Empagliflozin	25.0	1+every1days	364.0	364.0	9100.0	4.04
PMC5491464_NCT01368081	10.0	mg/kg	oral	Zucker Diabetic Fatty	Rats	Unknown		genetic		112.0	1+every1days	42.0	42.0	ADULT,OLDER_ADULT	PHASE3	70.0	Empagliflozin	10.0	1+every1days	364.0	364.0	3640.0	3.32
PMC5491464_NCT01368081	30.0	mg/kg	oral	Zucker Diabetic Fatty	Rats	Unknown		genetic		112.0	1+every1days	42.0	42.0	ADULT,OLDER_ADULT	PHASE3	70.0	Empagliflozin	10.0	1+every1days	364.0	364.0	3640.0	4.02
PMC5491464_NCT01368081	10.0	mg/kg	oral	Zucker Diabetic Fatty	Rats	Unknown		genetic		112.0	1+every1days	42.0	42.0	ADULT,OLDER_ADULT	PHASE3	65.0	Empagliflozin	25.0	1+every1days	364.0	364.0	9100.0	3.32
PMC5491464_NCT01368081	30.0	mg/kg	oral	Zucker Diabetic Fatty	Rats	Unknown		genetic		112.0	1+every1days	42.0	42.0	ADULT,OLDER_ADULT	PHASE3	65.0	Empagliflozin	25.0	1+every1days	364.0	364.0	9100.0	4.02
PMC5491464_NCT01368081	10.0	mg/kg	oral	Zucker Diabetic Fatty	Rats	Unknown		genetic		112.0	1+every1days	42.0	42.0	ADULT,OLDER_ADULT	PHASE3	70.0	Empagliflozin	25.0	1+every1days	364.0	364.0	9100.0	3.32
PMC5491464_NCT01368081	30.0	mg/kg	oral	Zucker Diabetic Fatty	Rats	Unknown		genetic		112.0	1+every1days	42.0	42.0	ADULT,OLDER_ADULT	PHASE3	70.0	Empagliflozin	25.0	1+every1days	364.0	364.0	9100.0	4.02
PMC5491464_NCT01368081	10.0	mg/kg	oral	Zucker Diabetic Fatty	Rats	Unknown		genetic		112.0	1+every1days	42.0	42.0	ADULT,OLDER_ADULT	PHASE3	68.0	Empagliflozin	10.0	1+every1days	364.0	364.0	3640.0	3.3
PMC5491464_NCT01368081	30.0	mg/kg	oral	Zucker Diabetic Fatty	Rats	Unknown		genetic		112.0	1+every1days	42.0	42.0	ADULT,OLDER_ADULT	PHASE3	68.0	Empagliflozin	10.0	1+every1days	364.0	364.0	3640.0	4.0
PMC9681650_NCT01368081	60.0	mg/kg	oral	Wistar	Rats	male	12.0	high-fat diet+streptozotocin	176.8	120.0	1+every1days	14.0	14.0	ADULT,OLDER_ADULT	PHASE3	63.0	Metformin	250.0	2+every1days	364.0	728.0	182000.0	-0.87
PMC4423537_NCT01368081	300.0	mg/kg	oral	Otsuka Long-Evans Tokushima Fatty	Rats	male	14.0	genetic		140.0	1+every1days	84.0	84.0	ADULT,OLDER_ADULT	PHASE3	63.0	Metformin	250.0	2+every1days	364.0	728.0	182000.0	0.6300000000000001
PMC9470898_NCT01368081	0.1	% (w/w)	oral	NONcNZO10/LtJ	Mice	male	10.0	genetic		147.0	Unknown	126.0		ADULT,OLDER_ADULT	PHASE3	63.0	Metformin	250.0	2+every1days	364.0	728.0	182000.0	-0.47
PMC5840580_NCT01368081	300.0	mg/kg	oral	Otsuka Long-Evans Tokushima Fatty	Rats	male	6.0	high-fat diet		168.0	1+every1days	84.0	84.0	ADULT,OLDER_ADULT	PHASE3	63.0	Metformin	250.0	2+every1days	364.0	728.0	182000.0	0.53
PMC3465985_NCT01368081	350.0	mg/kg	oral	Spontaneously Diabetic Torii	Rats	male	10.0	genetic		175.0	1+every1days	119.0	119.0	ADULT,OLDER_ADULT	PHASE3	63.0	Metformin	250.0	2+every1days	364.0	728.0	182000.0	0.3400000000000001
PMC5319739_NCT01368081	50.0	mg/kg	gastric intubation	Psammomys obesus	Gerbillinae	male	30.0	high-fat diet	100.0	240.0	1+every1days	84.0	84.0	ADULT,OLDER_ADULT	PHASE3	63.0	Metformin	250.0	2+every1days	364.0	728.0	182000.0	3.2300000000000004
PMC9698742_NCT01368081	200.0	mg/kg	oral	Wistar	Rats	male	5.0	streptozotocin	225.0	270.0	1+every1days	45.0	45.0	ADULT,OLDER_ADULT	PHASE3	63.0	Metformin	250.0	2+every1days	364.0	728.0	182000.0	1.6300000000000001
PMC7727825_NCT01368081	200.0	mg/kg	oral	C57BLKS/J-db/db	Mice	male	8.0	genetic		35.0	1+every1days	63.0	63.0	ADULT,OLDER_ADULT	PHASE3	63.0	Metformin	250.0	2+every1days	364.0	728.0	182000.0	2.0300000000000002
PMC7598587_NCT01368081	200.0	mg/kg	oral	C57BL/6N	Mice	male	8.0	high-fat diet+streptozotocin		38.5	1+every1days	28.0	28.0	ADULT,OLDER_ADULT	PHASE3	63.0	Metformin	250.0	2+every1days	364.0	728.0	182000.0	0.8800000000000001
PMC4726511_NCT01368081	10.0	mg/kg	oral	db/db	Mice	Unknown	5.0	genetic		42.0	1+every1days	28.0	28.0	ADULT,OLDER_ADULT	PHASE3	63.0	Metformin	250.0	2+every1days	364.0	728.0	182000.0	-0.37
PMC5485244_NCT01368081	500.0	mg/kg	oral	C57BL/6J	Mice	male	16.0	high-fat diet		42.0	1+every1days	84.0	84.0	ADULT,OLDER_ADULT	PHASE3	63.0	Metformin	250.0	2+every1days	364.0	728.0	182000.0	-0.57
PMC6273299_NCT01368081	200.0	mg/kg	Unknown	Zucker Diabetic Fatty	Rats	male	6.0	high-fat diet		42.0	1+every1days	84.0	84.0	ADULT,OLDER_ADULT	PHASE3	63.0	Metformin	250.0	2+every1days	364.0	728.0	182000.0	0.33000000000000007
PMC3327803_NCT01368081	200.0	mg/kg	intraperitoneal	db/db	Mice	male	11.0	genetic		49.0	1+every1days	126.0	126.0	ADULT,OLDER_ADULT	PHASE3	63.0	Metformin	250.0	2+every1days	364.0	728.0	182000.0	-1.27
PMC3907559_NCT01368081	200.0	mg/kg	oral	Zucker Diabetic Fatty	Rats	male	10.0	genetic		49.0	2+every1days	32.0	64.0	ADULT,OLDER_ADULT	PHASE3	63.0	Metformin	250.0	2+every1days	364.0	728.0	182000.0	2.0300000000000002
PMC7381706_NCT01368081	250.0	mg/kg	oral	ob/ob	Mice	male	8.0	genetic		52.5	1+every1days	26.0	26.0	ADULT,OLDER_ADULT	PHASE3	63.0	Metformin	250.0	2+every1days	364.0	728.0	182000.0	-0.87
PMC10203393_NCT01368081	0.2	g/kg	oral	Sprague-Dawley	Rats	male	8.0	high-fat diet+streptozotocin	150.0	52.5	1+every1days	70.0	70.0	ADULT,OLDER_ADULT	PHASE3	63.0	Metformin	250.0	2+every1days	364.0	728.0	182000.0	4.53
PMC6359811_NCT01368081	10.0	mg/kg	oral	KK-Ay	Mice	Unknown	15.0	high-fat diet		56.0	1+every1days	70.0	70.0	ADULT,OLDER_ADULT	PHASE3	70.0	Empagliflozin	25.0	1+every1days	364.0	364.0	9100.0	4.23
PMC6359811_NCT01368081	10.0	mg/kg	oral	KK-Ay	Mice	Unknown	15.0	high-fat diet		56.0	1+every1days	70.0	70.0	ADULT,OLDER_ADULT	PHASE3	68.0	Empagliflozin	10.0	1+every1days	364.0	364.0	3640.0	4.1899999999999995
PMC6359811_NCT01368081	10.0	mg/kg	oral	KK-Ay	Mice	Unknown	15.0	high-fat diet		56.0	1+every1days	70.0	70.0	ADULT,OLDER_ADULT	PHASE3	71.0	Empagliflozin	25.0	1+every1days	364.0	364.0	9100.0	4.17
PMC6359811_NCT01368081	10.0	mg/kg	oral	KK-Ay	Mice	Unknown	15.0	high-fat diet		56.0	1+every1days	70.0	70.0	ADULT,OLDER_ADULT	PHASE3	69.0	Empagliflozin	10.0	1+every1days	364.0	364.0	3640.0	4.13
PMC6359811_NCT01368081	10.0	mg/kg	oral	KK-Ay	Mice	Unknown	15.0	high-fat diet		56.0	1+every1days	70.0	70.0	ADULT,OLDER_ADULT	PHASE3	137.0	Empagliflozin	10.0	1+every1days	364.0	364.0	3640.0	4.1
PMC6359811_NCT01368081	10.0	mg/kg	oral	KK-Ay	Mice	Unknown	15.0	high-fat diet		56.0	1+every1days	70.0	70.0	ADULT,OLDER_ADULT	PHASE3	136.0	Empagliflozin	10.0	1+every1days	364.0	364.0	3640.0	4.07
PMC6359811_NCT01368081	10.0	mg/kg	oral	KK-Ay	Mice	Unknown	15.0	high-fat diet		56.0	1+every1days	70.0	70.0	ADULT,OLDER_ADULT	PHASE3	137.0	Empagliflozin	25.0	1+every1days	364.0	364.0	9100.0	4.04
PMC6359811_NCT01368081	10.0	mg/kg	oral	KK-Ay	Mice	Unknown	15.0	high-fat diet		56.0	1+every1days	70.0	70.0	ADULT,OLDER_ADULT	PHASE3	136.0	Empagliflozin	25.0	1+every1days	364.0	364.0	9100.0	4.04
PMC6359811_NCT01368081	10.0	mg/kg	oral	KK-Ay	Mice	Unknown	15.0	high-fat diet		56.0	1+every1days	70.0	70.0	ADULT,OLDER_ADULT	PHASE3	70.0	Empagliflozin	10.0	1+every1days	364.0	364.0	3640.0	4.02
PMC6359811_NCT01368081	10.0	mg/kg	oral	KK-Ay	Mice	Unknown	15.0	high-fat diet		56.0	1+every1days	70.0	70.0	ADULT,OLDER_ADULT	PHASE3	65.0	Empagliflozin	25.0	1+every1days	364.0	364.0	9100.0	4.02
PMC6359811_NCT01368081	10.0	mg/kg	oral	KK-Ay	Mice	Unknown	15.0	high-fat diet		56.0	1+every1days	70.0	70.0	ADULT,OLDER_ADULT	PHASE3	70.0	Empagliflozin	25.0	1+every1days	364.0	364.0	9100.0	4.02
PMC6359811_NCT01368081	10.0	mg/kg	oral	KK-Ay	Mice	Unknown	15.0	high-fat diet		56.0	1+every1days	70.0	70.0	ADULT,OLDER_ADULT	PHASE3	68.0	Empagliflozin	10.0	1+every1days	364.0	364.0	3640.0	4.0
PMC10323656_NCT01368081	200.0	mg/kg	oral gavage	C57BL/6	Mice	male	12.0	high-fat diet+streptozotocin	24.0	56.0	1+every1days	28.0	28.0	ADULT,OLDER_ADULT	PHASE3	63.0	Metformin	250.0	2+every1days	364.0	728.0	182000.0	0.13000000000000012
PMC3855476_NCT01368081	300.0	mg/kg	oral	db/db	Mice	male	10.0	genetic	44.0	56.0	1+every1days	14.0	14.0	ADULT,OLDER_ADULT	PHASE3	63.0	Metformin	250.0	2+every1days	364.0	728.0	182000.0	-0.27
PMC5881648_NCT01368081	200.0	mg/kg	gavage	Sprague-Dawley	Rats	male	10.0	streptozotocin	200.0	56.0	1+every1days	77.0	77.0	ADULT,OLDER_ADULT	PHASE3	63.0	Metformin	250.0	2+every1days	364.0	728.0	182000.0	2.33
PMC4444588_NCT01368081	500.0	mg/kg	intragastric	Sprague-Dawley	Rats	male	7.0	high-fat diet+streptozotocin	190.0	60.0	1+every1days	56.0	56.0	ADULT,OLDER_ADULT	PHASE3	63.0	Metformin	250.0	2+every1days	364.0	728.0	182000.0	3.0300000000000002
PMC4444588_NCT01368081	150.0	mg/kg	intragastric	Sprague-Dawley	Rats	male	8.0	high-fat diet+streptozotocin	190.0	60.0	1+every1days	56.0	56.0	ADULT,OLDER_ADULT	PHASE3	63.0	Metformin	250.0	2+every1days	364.0	728.0	182000.0	0.030000000000000027
PMC4444588_NCT01368081	300.0	mg/kg	intragastric	Sprague-Dawley	Rats	male	8.0	high-fat diet+streptozotocin	190.0	60.0	1+every1days	56.0	56.0	ADULT,OLDER_ADULT	PHASE3	63.0	Metformin	250.0	2+every1days	364.0	728.0	182000.0	1.03
PMC4097088_NCT01368081	300.0	mg/kg	oral	C57BL/6	Mice	Unknown	8.0	high-fat diet		70.0	1+every1days	14.0	14.0	ADULT,OLDER_ADULT	PHASE3	63.0	Metformin	250.0	2+every1days	364.0	728.0	182000.0	-0.37
PMC9457892_NCT01368081	150.0	mg/kg	oral	C57BL/6	Mice	male	8.0	streptozotocin	27.5	70.0	1+every1days	42.0	42.0	ADULT,OLDER_ADULT	PHASE3	63.0	Metformin	250.0	2+every1days	364.0	728.0	182000.0	3.33
PMC8745465_NCT01368081	120.0	mg/kg	oral	Wistar	Rats	male	30.0	high-fat diet+streptozotocin	170.0	70.0	1+every1days	35.0	35.0	ADULT,OLDER_ADULT	PHASE3	63.0	Metformin	250.0	2+every1days	364.0	728.0	182000.0	0.54
PMC6681671_NCT01368081	10.0	mg/kg	oral	ob/ob	Mice	male	12.5	genetic		77.0	1+every1days	42.0	42.0	ADULT,OLDER_ADULT	PHASE3	70.0	Empagliflozin	25.0	1+every1days	364.0	364.0	9100.0	0.6299999999999999
PMC6681671_NCT01368081	10.0	mg/kg	oral	ob/ob	Mice	male	12.5	genetic		77.0	1+every1days	42.0	42.0	ADULT,OLDER_ADULT	PHASE3	68.0	Empagliflozin	10.0	1+every1days	364.0	364.0	3640.0	0.5899999999999999
PMC6681671_NCT01368081	10.0	mg/kg	oral	ob/ob	Mice	male	12.5	genetic		77.0	1+every1days	42.0	42.0	ADULT,OLDER_ADULT	PHASE3	71.0	Empagliflozin	25.0	1+every1days	364.0	364.0	9100.0	0.57
PMC6681671_NCT01368081	10.0	mg/kg	oral	ob/ob	Mice	male	12.5	genetic		77.0	1+every1days	42.0	42.0	ADULT,OLDER_ADULT	PHASE3	69.0	Empagliflozin	10.0	1+every1days	364.0	364.0	3640.0	0.5299999999999999
PMC6681671_NCT01368081	10.0	mg/kg	oral	ob/ob	Mice	male	12.5	genetic		77.0	1+every1days	42.0	42.0	ADULT,OLDER_ADULT	PHASE3	137.0	Empagliflozin	10.0	1+every1days	364.0	364.0	3640.0	0.4999999999999999
PMC6681671_NCT01368081	10.0	mg/kg	oral	ob/ob	Mice	male	12.5	genetic		77.0	1+every1days	42.0	42.0	ADULT,OLDER_ADULT	PHASE3	136.0	Empagliflozin	10.0	1+every1days	364.0	364.0	3640.0	0.46999999999999986
PMC6681671_NCT01368081	10.0	mg/kg	oral	ob/ob	Mice	male	12.5	genetic		77.0	1+every1days	42.0	42.0	ADULT,OLDER_ADULT	PHASE3	137.0	Empagliflozin	25.0	1+every1days	364.0	364.0	9100.0	0.43999999999999995
PMC6681671_NCT01368081	10.0	mg/kg	oral	ob/ob	Mice	male	12.5	genetic		77.0	1+every1days	42.0	42.0	ADULT,OLDER_ADULT	PHASE3	136.0	Empagliflozin	25.0	1+every1days	364.0	364.0	9100.0	0.43999999999999995
PMC6681671_NCT01368081	10.0	mg/kg	oral	ob/ob	Mice	male	12.5	genetic		77.0	1+every1days	42.0	42.0	ADULT,OLDER_ADULT	PHASE3	70.0	Empagliflozin	10.0	1+every1days	364.0	364.0	3640.0	0.41999999999999993
PMC6681671_NCT01368081	10.0	mg/kg	oral	ob/ob	Mice	male	12.5	genetic		77.0	1+every1days	42.0	42.0	ADULT,OLDER_ADULT	PHASE3	65.0	Empagliflozin	25.0	1+every1days	364.0	364.0	9100.0	0.41999999999999993
PMC6681671_NCT01368081	10.0	mg/kg	oral	ob/ob	Mice	male	12.5	genetic		77.0	1+every1days	42.0	42.0	ADULT,OLDER_ADULT	PHASE3	70.0	Empagliflozin	25.0	1+every1days	364.0	364.0	9100.0	0.41999999999999993
PMC6681671_NCT01368081	10.0	mg/kg	oral	ob/ob	Mice	male	12.5	genetic		77.0	1+every1days	42.0	42.0	ADULT,OLDER_ADULT	PHASE3	68.0	Empagliflozin	10.0	1+every1days	364.0	364.0	3640.0	0.3999999999999999
PMC5489512_NCT01422876	2.0	mg/kg	oral	KK-Ay	Mice	female	10.0	genetic	50.0		1+every1days	42.0	42.0	ADULT,OLDER_ADULT	PHASE3	133.0	Linagliptin	5.0	1+every1days	168.0	168.0	840.0	-0.37000000000000005
PMC5489512_NCT01422876	2.0	mg/kg	oral	KK-Ay	Mice	female	10.0	genetic	50.0		1+every1days	42.0	42.0	ADULT,OLDER_ADULT	PHASE3	128.0	Linagliptin	5.0	1+every1days	168.0	168.0	840.0	-0.39999999999999997
PMC7092631_NCT01422876	10.0	mg/kg	intragastric	Wistar	Rats	male	10.0	high-fat diet+streptozotocin	200.0		1+every1days	28.0	28.0	ADULT,OLDER_ADULT	PHASE3	140.0	Empagliflozin	25.0	1+every1days	168.0	168.0	4200.0	-0.44
PMC7092631_NCT01422876	10.0	mg/kg	intragastric	Wistar	Rats	male	10.0	high-fat diet+streptozotocin	200.0		1+every1days	28.0	28.0	ADULT,OLDER_ADULT	PHASE3	132.0	Empagliflozin	10.0	1+every1days	168.0	168.0	1680.0	-0.6499999999999999
PMC7092631_NCT01422876	10.0	mg/kg	intragastric	Wistar	Rats	male	10.0	high-fat diet+streptozotocin	200.0		1+every1days	28.0	28.0	ADULT,OLDER_ADULT	PHASE3	133.0	Empagliflozin	25.0	1+every1days	168.0	168.0	4200.0	-0.77
PMC5491464_NCT01422876	10.0	mg/kg	oral	Zucker Diabetic Fatty	Rats	Unknown		genetic		112.0	1+every1days	42.0	42.0	ADULT,OLDER_ADULT	PHASE3	140.0	Empagliflozin	25.0	1+every1days	168.0	168.0	4200.0	3.6799999999999997
PMC5491464_NCT01422876	30.0	mg/kg	oral	Zucker Diabetic Fatty	Rats	Unknown		genetic		112.0	1+every1days	42.0	42.0	ADULT,OLDER_ADULT	PHASE3	140.0	Empagliflozin	25.0	1+every1days	168.0	168.0	4200.0	4.38
PMC5491464_NCT01422876	10.0	mg/kg	oral	Zucker Diabetic Fatty	Rats	Unknown		genetic		112.0	1+every1days	42.0	42.0	ADULT,OLDER_ADULT	PHASE3	132.0	Empagliflozin	10.0	1+every1days	168.0	168.0	1680.0	3.4699999999999998
PMC5491464_NCT01422876	30.0	mg/kg	oral	Zucker Diabetic Fatty	Rats	Unknown		genetic		112.0	1+every1days	42.0	42.0	ADULT,OLDER_ADULT	PHASE3	132.0	Empagliflozin	10.0	1+every1days	168.0	168.0	1680.0	4.17
PMC5491464_NCT01422876	10.0	mg/kg	oral	Zucker Diabetic Fatty	Rats	Unknown		genetic		112.0	1+every1days	42.0	42.0	ADULT,OLDER_ADULT	PHASE3	133.0	Empagliflozin	25.0	1+every1days	168.0	168.0	4200.0	3.3499999999999996
PMC5491464_NCT01422876	30.0	mg/kg	oral	Zucker Diabetic Fatty	Rats	Unknown		genetic		112.0	1+every1days	42.0	42.0	ADULT,OLDER_ADULT	PHASE3	133.0	Empagliflozin	25.0	1+every1days	168.0	168.0	4200.0	4.05
PMC6701666_NCT01422876	3.0	mg/kg	oral	db/db	Mice	female	12.0	genetic		38.5	1+every1days	42.0	42.0	ADULT,OLDER_ADULT	PHASE3	133.0	Linagliptin	5.0	1+every1days	168.0	168.0	840.0	-0.67
PMC6701666_NCT01422876	3.0	mg/kg	oral	db/db	Mice	female	12.0	genetic		38.5	1+every1days	42.0	42.0	ADULT,OLDER_ADULT	PHASE3	128.0	Linagliptin	5.0	1+every1days	168.0	168.0	840.0	-0.7
PMC5152931_NCT01422876	0.083	mg/kg	oral	Wistar	Rats	male	22.0	streptozotocin		42.0	Unknown	168.0		ADULT,OLDER_ADULT	PHASE3	133.0	Linagliptin	5.0	1+every1days	168.0	168.0	840.0	1.33
PMC5152931_NCT01422876	0.083	mg/kg	oral	Wistar	Rats	male	22.0	streptozotocin		42.0	Unknown	168.0		ADULT,OLDER_ADULT	PHASE3	128.0	Linagliptin	5.0	1+every1days	168.0	168.0	840.0	1.3
PMC6359811_NCT01422876	10.0	mg/kg	oral	KK-Ay	Mice	Unknown	15.0	high-fat diet		56.0	1+every1days	70.0	70.0	ADULT,OLDER_ADULT	PHASE3	140.0	Empagliflozin	25.0	1+every1days	168.0	168.0	4200.0	4.38
PMC6359811_NCT01422876	10.0	mg/kg	oral	KK-Ay	Mice	Unknown	15.0	high-fat diet		56.0	1+every1days	70.0	70.0	ADULT,OLDER_ADULT	PHASE3	132.0	Empagliflozin	10.0	1+every1days	168.0	168.0	1680.0	4.17
PMC6359811_NCT01422876	10.0	mg/kg	oral	KK-Ay	Mice	Unknown	15.0	high-fat diet		56.0	1+every1days	70.0	70.0	ADULT,OLDER_ADULT	PHASE3	133.0	Empagliflozin	25.0	1+every1days	168.0	168.0	4200.0	4.05
PMC6681671_NCT01422876	10.0	mg/kg	oral	ob/ob	Mice	male	12.5	genetic		77.0	1+every1days	42.0	42.0	ADULT,OLDER_ADULT	PHASE3	140.0	Empagliflozin	25.0	1+every1days	168.0	168.0	4200.0	0.7799999999999999
PMC6681671_NCT01422876	10.0	mg/kg	oral	ob/ob	Mice	male	12.5	genetic		77.0	1+every1days	42.0	42.0	ADULT,OLDER_ADULT	PHASE3	132.0	Empagliflozin	10.0	1+every1days	168.0	168.0	1680.0	0.57
PMC6681671_NCT01422876	10.0	mg/kg	oral	ob/ob	Mice	male	12.5	genetic		77.0	1+every1days	42.0	42.0	ADULT,OLDER_ADULT	PHASE3	133.0	Empagliflozin	25.0	1+every1days	168.0	168.0	4200.0	0.44999999999999996
PMC5485244_NCT01438814	500.0	mg/kg	oral	C57BL/6J	Mice	male	8.0	high-fat diet			1+every1days			ADULT,OLDER_ADULT	PHASE4	341.0	Metformin	500.0	2+every1days	98.0	196.0	98000.0	-0.58
PMC8657924_NCT01438814	225.0	mg/kg	oral	Kunming	Mice	male	8.0	high-fat diet+streptozotocin	20.0		1+every1days	28.0	28.0	ADULT,OLDER_ADULT	PHASE4	341.0	Metformin	500.0	2+every1days	98.0	196.0	98000.0	3.02
PMC3462199_NCT01438814	400.0	mg/kg	intraperitoneal	db/db	Mice	male	10.0	genetic	47.5		1+every1days	14.0	14.0	ADULT,OLDER_ADULT	PHASE4	341.0	Metformin	500.0	2+every1days	98.0	196.0	98000.0	-0.58
PMC3462199_NCT01438814	400.0	mg/kg	intraperitoneal	db/db	Mice	male	12.0	genetic	47.5		1+every1days	14.0	14.0	ADULT,OLDER_ADULT	PHASE4	341.0	Metformin	500.0	2+every1days	98.0	196.0	98000.0	-0.6799999999999999
PMC9313150_NCT01438814	200.0	mg/kg	oral	Wistar	Rats	male		high-fat diet+streptozotocin	185.0		1+every1days	84.0	84.0	ADULT,OLDER_ADULT	PHASE4	341.0	Metformin	500.0	2+every1days	98.0	196.0	98000.0	1.12
PMC7092631_NCT01438814	200.0	mg/kg	intragastric	Wistar	Rats	male	10.0	high-fat diet+streptozotocin	200.0		1+every1days	28.0	28.0	ADULT,OLDER_ADULT	PHASE4	341.0	Metformin	500.0	2+every1days	98.0	196.0	98000.0	-0.16000000000000003
PMC8800605_NCT01438814	60.0	mg/kg	oral	Wistar	Rats	male	12.0	high-fat diet+streptozotocin	176.8		1+every1days	14.0	14.0	ADULT,OLDER_ADULT	PHASE4	341.0	Metformin	500.0	2+every1days	98.0	196.0	98000.0	-0.77
PMC4826921_NCT01438814	200.0	mg/kg	oral	Wistar	Rats	male	20.0	high-fat diet	110.0		1+every1days	60.0	60.0	ADULT,OLDER_ADULT	PHASE4	341.0	Metformin	500.0	2+every1days	98.0	196.0	98000.0	0.6200000000000001
PMC7034448_NCT01438814	500.0	mg/kg	oral	Wistar	Rats	male	6.0	high-fat diet+streptozotocin	190.0		1+every1days	30.0	30.0	ADULT,OLDER_ADULT	PHASE4	341.0	Metformin	500.0	2+every1days	98.0	196.0	98000.0	4.119999999999999
PMC4884299_NCT01438814	150.0	mg/kg	oral	Wistar	Rats	male	6.0	streptozotocin+nicotinamide	280.0		1+every1days	42.0	42.0	ADULT,OLDER_ADULT	PHASE4	341.0	Metformin	500.0	2+every1days	98.0	196.0	98000.0	1.3599999999999999
PMC9953164_NCT01438814	200.0	mg/kg	Unknown	Wistar	Rats	male	8.0	high-fat diet+streptozotocin	185.0		1+every1days	84.0	84.0	ADULT,OLDER_ADULT	PHASE4	341.0	Metformin	500.0	2+every1days	98.0	196.0	98000.0	1.52
PMC9681650_NCT01438814	60.0	mg/kg	oral	Wistar	Rats	male	12.0	high-fat diet+streptozotocin	176.8	120.0	1+every1days	14.0	14.0	ADULT,OLDER_ADULT	PHASE4	341.0	Metformin	500.0	2+every1days	98.0	196.0	98000.0	-0.88
PMC4423537_NCT01438814	300.0	mg/kg	oral	Otsuka Long-Evans Tokushima Fatty	Rats	male	14.0	genetic		140.0	1+every1days	84.0	84.0	ADULT,OLDER_ADULT	PHASE4	341.0	Metformin	500.0	2+every1days	98.0	196.0	98000.0	0.6200000000000001
PMC9470898_NCT01438814	0.1	% (w/w)	oral	NONcNZO10/LtJ	Mice	male	10.0	genetic		147.0	Unknown	126.0		ADULT,OLDER_ADULT	PHASE4	341.0	Metformin	500.0	2+every1days	98.0	196.0	98000.0	-0.48
PMC5840580_NCT01438814	300.0	mg/kg	oral	Otsuka Long-Evans Tokushima Fatty	Rats	male	6.0	high-fat diet		168.0	1+every1days	84.0	84.0	ADULT,OLDER_ADULT	PHASE4	341.0	Metformin	500.0	2+every1days	98.0	196.0	98000.0	0.52
PMC3465985_NCT01438814	350.0	mg/kg	oral	Spontaneously Diabetic Torii	Rats	male	10.0	genetic		175.0	1+every1days	119.0	119.0	ADULT,OLDER_ADULT	PHASE4	341.0	Metformin	500.0	2+every1days	98.0	196.0	98000.0	0.33000000000000007
PMC5319739_NCT01438814	50.0	mg/kg	gastric intubation	Psammomys obesus	Gerbillinae	male	30.0	high-fat diet	100.0	240.0	1+every1days	84.0	84.0	ADULT,OLDER_ADULT	PHASE4	341.0	Metformin	500.0	2+every1days	98.0	196.0	98000.0	3.22
PMC9698742_NCT01438814	200.0	mg/kg	oral	Wistar	Rats	male	5.0	streptozotocin	225.0	270.0	1+every1days	45.0	45.0	ADULT,OLDER_ADULT	PHASE4	341.0	Metformin	500.0	2+every1days	98.0	196.0	98000.0	1.62
PMC7727825_NCT01438814	200.0	mg/kg	oral	C57BLKS/J-db/db	Mice	male	8.0	genetic		35.0	1+every1days	63.0	63.0	ADULT,OLDER_ADULT	PHASE4	341.0	Metformin	500.0	2+every1days	98.0	196.0	98000.0	2.02
PMC7598587_NCT01438814	200.0	mg/kg	oral	C57BL/6N	Mice	male	8.0	high-fat diet+streptozotocin		38.5	1+every1days	28.0	28.0	ADULT,OLDER_ADULT	PHASE4	341.0	Metformin	500.0	2+every1days	98.0	196.0	98000.0	0.8700000000000001
PMC4726511_NCT01438814	10.0	mg/kg	oral	db/db	Mice	Unknown	5.0	genetic		42.0	1+every1days	28.0	28.0	ADULT,OLDER_ADULT	PHASE4	341.0	Metformin	500.0	2+every1days	98.0	196.0	98000.0	-0.38
PMC5485244_NCT01438814	500.0	mg/kg	oral	C57BL/6J	Mice	male	16.0	high-fat diet		42.0	1+every1days	84.0	84.0	ADULT,OLDER_ADULT	PHASE4	341.0	Metformin	500.0	2+every1days	98.0	196.0	98000.0	-0.58
PMC6273299_NCT01438814	200.0	mg/kg	Unknown	Zucker Diabetic Fatty	Rats	male	6.0	high-fat diet		42.0	1+every1days	84.0	84.0	ADULT,OLDER_ADULT	PHASE4	341.0	Metformin	500.0	2+every1days	98.0	196.0	98000.0	0.32000000000000006
PMC3327803_NCT01438814	200.0	mg/kg	intraperitoneal	db/db	Mice	male	11.0	genetic		49.0	1+every1days	126.0	126.0	ADULT,OLDER_ADULT	PHASE4	341.0	Metformin	500.0	2+every1days	98.0	196.0	98000.0	-1.28
PMC3907559_NCT01438814	200.0	mg/kg	oral	Zucker Diabetic Fatty	Rats	male	10.0	genetic		49.0	2+every1days	32.0	64.0	ADULT,OLDER_ADULT	PHASE4	341.0	Metformin	500.0	2+every1days	98.0	196.0	98000.0	2.02
PMC7381706_NCT01438814	250.0	mg/kg	oral	ob/ob	Mice	male	8.0	genetic		52.5	1+every1days	26.0	26.0	ADULT,OLDER_ADULT	PHASE4	341.0	Metformin	500.0	2+every1days	98.0	196.0	98000.0	-0.88
PMC10203393_NCT01438814	0.2	g/kg	oral	Sprague-Dawley	Rats	male	8.0	high-fat diet+streptozotocin	150.0	52.5	1+every1days	70.0	70.0	ADULT,OLDER_ADULT	PHASE4	341.0	Metformin	500.0	2+every1days	98.0	196.0	98000.0	4.52
PMC10323656_NCT01438814	200.0	mg/kg	oral gavage	C57BL/6	Mice	male	12.0	high-fat diet+streptozotocin	24.0	56.0	1+every1days	28.0	28.0	ADULT,OLDER_ADULT	PHASE4	341.0	Metformin	500.0	2+every1days	98.0	196.0	98000.0	0.1200000000000001
PMC3855476_NCT01438814	300.0	mg/kg	oral	db/db	Mice	male	10.0	genetic	44.0	56.0	1+every1days	14.0	14.0	ADULT,OLDER_ADULT	PHASE4	341.0	Metformin	500.0	2+every1days	98.0	196.0	98000.0	-0.28
PMC5881648_NCT01438814	200.0	mg/kg	gavage	Sprague-Dawley	Rats	male	10.0	streptozotocin	200.0	56.0	1+every1days	77.0	77.0	ADULT,OLDER_ADULT	PHASE4	341.0	Metformin	500.0	2+every1days	98.0	196.0	98000.0	2.32
PMC4444588_NCT01438814	500.0	mg/kg	intragastric	Sprague-Dawley	Rats	male	7.0	high-fat diet+streptozotocin	190.0	60.0	1+every1days	56.0	56.0	ADULT,OLDER_ADULT	PHASE4	341.0	Metformin	500.0	2+every1days	98.0	196.0	98000.0	3.02
PMC4444588_NCT01438814	150.0	mg/kg	intragastric	Sprague-Dawley	Rats	male	8.0	high-fat diet+streptozotocin	190.0	60.0	1+every1days	56.0	56.0	ADULT,OLDER_ADULT	PHASE4	341.0	Metformin	500.0	2+every1days	98.0	196.0	98000.0	0.020000000000000018
PMC4444588_NCT01438814	300.0	mg/kg	intragastric	Sprague-Dawley	Rats	male	8.0	high-fat diet+streptozotocin	190.0	60.0	1+every1days	56.0	56.0	ADULT,OLDER_ADULT	PHASE4	341.0	Metformin	500.0	2+every1days	98.0	196.0	98000.0	1.02
PMC4097088_NCT01438814	300.0	mg/kg	oral	C57BL/6	Mice	Unknown	8.0	high-fat diet		70.0	1+every1days	14.0	14.0	ADULT,OLDER_ADULT	PHASE4	341.0	Metformin	500.0	2+every1days	98.0	196.0	98000.0	-0.38
PMC9457892_NCT01438814	150.0	mg/kg	oral	C57BL/6	Mice	male	8.0	streptozotocin	27.5	70.0	1+every1days	42.0	42.0	ADULT,OLDER_ADULT	PHASE4	341.0	Metformin	500.0	2+every1days	98.0	196.0	98000.0	3.32
PMC8745465_NCT01438814	120.0	mg/kg	oral	Wistar	Rats	male	30.0	high-fat diet+streptozotocin	170.0	70.0	1+every1days	35.0	35.0	ADULT,OLDER_ADULT	PHASE4	341.0	Metformin	500.0	2+every1days	98.0	196.0	98000.0	0.53
PMC5485244_NCT01485614	500.0	mg/kg	oral	C57BL/6J	Mice	male	8.0	high-fat diet			1+every1days			CHILD	PHASE3	8.0	Metformin	500.0	2+every1days	140.0	280.0	140000.0	-0.63
PMC8657924_NCT01485614	225.0	mg/kg	oral	Kunming	Mice	male	8.0	high-fat diet+streptozotocin	20.0		1+every1days	28.0	28.0	CHILD	PHASE3	8.0	Metformin	500.0	2+every1days	140.0	280.0	140000.0	2.9699999999999998
PMC3462199_NCT01485614	400.0	mg/kg	intraperitoneal	db/db	Mice	male	10.0	genetic	47.5		1+every1days	14.0	14.0	CHILD	PHASE3	8.0	Metformin	500.0	2+every1days	140.0	280.0	140000.0	-0.63
PMC3462199_NCT01485614	400.0	mg/kg	intraperitoneal	db/db	Mice	male	12.0	genetic	47.5		1+every1days	14.0	14.0	CHILD	PHASE3	8.0	Metformin	500.0	2+every1days	140.0	280.0	140000.0	-0.73
PMC9313150_NCT01485614	200.0	mg/kg	oral	Wistar	Rats	male		high-fat diet+streptozotocin	185.0		1+every1days	84.0	84.0	CHILD	PHASE3	8.0	Metformin	500.0	2+every1days	140.0	280.0	140000.0	1.07
PMC7092631_NCT01485614	200.0	mg/kg	intragastric	Wistar	Rats	male	10.0	high-fat diet+streptozotocin	200.0		1+every1days	28.0	28.0	CHILD	PHASE3	8.0	Metformin	500.0	2+every1days	140.0	280.0	140000.0	-0.21000000000000008
PMC8800605_NCT01485614	60.0	mg/kg	oral	Wistar	Rats	male	12.0	high-fat diet+streptozotocin	176.8		1+every1days	14.0	14.0	CHILD	PHASE3	8.0	Metformin	500.0	2+every1days	140.0	280.0	140000.0	-0.8200000000000001
PMC4826921_NCT01485614	200.0	mg/kg	oral	Wistar	Rats	male	20.0	high-fat diet	110.0		1+every1days	60.0	60.0	CHILD	PHASE3	8.0	Metformin	500.0	2+every1days	140.0	280.0	140000.0	0.5700000000000001
PMC7034448_NCT01485614	500.0	mg/kg	oral	Wistar	Rats	male	6.0	high-fat diet+streptozotocin	190.0		1+every1days	30.0	30.0	CHILD	PHASE3	8.0	Metformin	500.0	2+every1days	140.0	280.0	140000.0	4.069999999999999
PMC4884299_NCT01485614	150.0	mg/kg	oral	Wistar	Rats	male	6.0	streptozotocin+nicotinamide	280.0		1+every1days	42.0	42.0	CHILD	PHASE3	8.0	Metformin	500.0	2+every1days	140.0	280.0	140000.0	1.3099999999999998
PMC9953164_NCT01485614	200.0	mg/kg	Unknown	Wistar	Rats	male	8.0	high-fat diet+streptozotocin	185.0		1+every1days	84.0	84.0	CHILD	PHASE3	8.0	Metformin	500.0	2+every1days	140.0	280.0	140000.0	1.47
PMC9681650_NCT01485614	60.0	mg/kg	oral	Wistar	Rats	male	12.0	high-fat diet+streptozotocin	176.8	120.0	1+every1days	14.0	14.0	CHILD	PHASE3	8.0	Metformin	500.0	2+every1days	140.0	280.0	140000.0	-0.93
PMC4423537_NCT01485614	300.0	mg/kg	oral	Otsuka Long-Evans Tokushima Fatty	Rats	male	14.0	genetic		140.0	1+every1days	84.0	84.0	CHILD	PHASE3	8.0	Metformin	500.0	2+every1days	140.0	280.0	140000.0	0.5700000000000001
PMC9470898_NCT01485614	0.1	% (w/w)	oral	NONcNZO10/LtJ	Mice	male	10.0	genetic		147.0	Unknown	126.0		CHILD	PHASE3	8.0	Metformin	500.0	2+every1days	140.0	280.0	140000.0	-0.53
PMC5840580_NCT01485614	300.0	mg/kg	oral	Otsuka Long-Evans Tokushima Fatty	Rats	male	6.0	high-fat diet		168.0	1+every1days	84.0	84.0	CHILD	PHASE3	8.0	Metformin	500.0	2+every1days	140.0	280.0	140000.0	0.47
PMC3465985_NCT01485614	350.0	mg/kg	oral	Spontaneously Diabetic Torii	Rats	male	10.0	genetic		175.0	1+every1days	119.0	119.0	CHILD	PHASE3	8.0	Metformin	500.0	2+every1days	140.0	280.0	140000.0	0.28
PMC5319739_NCT01485614	50.0	mg/kg	gastric intubation	Psammomys obesus	Gerbillinae	male	30.0	high-fat diet	100.0	240.0	1+every1days	84.0	84.0	CHILD	PHASE3	8.0	Metformin	500.0	2+every1days	140.0	280.0	140000.0	3.17
PMC9698742_NCT01485614	200.0	mg/kg	oral	Wistar	Rats	male	5.0	streptozotocin	225.0	270.0	1+every1days	45.0	45.0	CHILD	PHASE3	8.0	Metformin	500.0	2+every1days	140.0	280.0	140000.0	1.57
PMC7727825_NCT01485614	200.0	mg/kg	oral	C57BLKS/J-db/db	Mice	male	8.0	genetic		35.0	1+every1days	63.0	63.0	CHILD	PHASE3	8.0	Metformin	500.0	2+every1days	140.0	280.0	140000.0	1.97
PMC7598587_NCT01485614	200.0	mg/kg	oral	C57BL/6N	Mice	male	8.0	high-fat diet+streptozotocin		38.5	1+every1days	28.0	28.0	CHILD	PHASE3	8.0	Metformin	500.0	2+every1days	140.0	280.0	140000.0	0.8200000000000001
PMC4726511_NCT01485614	10.0	mg/kg	oral	db/db	Mice	Unknown	5.0	genetic		42.0	1+every1days	28.0	28.0	CHILD	PHASE3	8.0	Metformin	500.0	2+every1days	140.0	280.0	140000.0	-0.43000000000000005
PMC5485244_NCT01485614	500.0	mg/kg	oral	C57BL/6J	Mice	male	16.0	high-fat diet		42.0	1+every1days	84.0	84.0	CHILD	PHASE3	8.0	Metformin	500.0	2+every1days	140.0	280.0	140000.0	-0.63
PMC6273299_NCT01485614	200.0	mg/kg	Unknown	Zucker Diabetic Fatty	Rats	male	6.0	high-fat diet		42.0	1+every1days	84.0	84.0	CHILD	PHASE3	8.0	Metformin	500.0	2+every1days	140.0	280.0	140000.0	0.27
PMC3327803_NCT01485614	200.0	mg/kg	intraperitoneal	db/db	Mice	male	11.0	genetic		49.0	1+every1days	126.0	126.0	CHILD	PHASE3	8.0	Metformin	500.0	2+every1days	140.0	280.0	140000.0	-1.33
PMC3907559_NCT01485614	200.0	mg/kg	oral	Zucker Diabetic Fatty	Rats	male	10.0	genetic		49.0	2+every1days	32.0	64.0	CHILD	PHASE3	8.0	Metformin	500.0	2+every1days	140.0	280.0	140000.0	1.97
PMC7381706_NCT01485614	250.0	mg/kg	oral	ob/ob	Mice	male	8.0	genetic		52.5	1+every1days	26.0	26.0	CHILD	PHASE3	8.0	Metformin	500.0	2+every1days	140.0	280.0	140000.0	-0.93
PMC10203393_NCT01485614	0.2	g/kg	oral	Sprague-Dawley	Rats	male	8.0	high-fat diet+streptozotocin	150.0	52.5	1+every1days	70.0	70.0	CHILD	PHASE3	8.0	Metformin	500.0	2+every1days	140.0	280.0	140000.0	4.47
PMC10323656_NCT01485614	200.0	mg/kg	oral gavage	C57BL/6	Mice	male	12.0	high-fat diet+streptozotocin	24.0	56.0	1+every1days	28.0	28.0	CHILD	PHASE3	8.0	Metformin	500.0	2+every1days	140.0	280.0	140000.0	0.07000000000000006
PMC3855476_NCT01485614	300.0	mg/kg	oral	db/db	Mice	male	10.0	genetic	44.0	56.0	1+every1days	14.0	14.0	CHILD	PHASE3	8.0	Metformin	500.0	2+every1days	140.0	280.0	140000.0	-0.33000000000000007
PMC5881648_NCT01485614	200.0	mg/kg	gavage	Sprague-Dawley	Rats	male	10.0	streptozotocin	200.0	56.0	1+every1days	77.0	77.0	CHILD	PHASE3	8.0	Metformin	500.0	2+every1days	140.0	280.0	140000.0	2.2699999999999996
PMC4444588_NCT01485614	500.0	mg/kg	intragastric	Sprague-Dawley	Rats	male	7.0	high-fat diet+streptozotocin	190.0	60.0	1+every1days	56.0	56.0	CHILD	PHASE3	8.0	Metformin	500.0	2+every1days	140.0	280.0	140000.0	2.9699999999999998
PMC4444588_NCT01485614	150.0	mg/kg	intragastric	Sprague-Dawley	Rats	male	8.0	high-fat diet+streptozotocin	190.0	60.0	1+every1days	56.0	56.0	CHILD	PHASE3	8.0	Metformin	500.0	2+every1days	140.0	280.0	140000.0	-0.030000000000000027
PMC4444588_NCT01485614	300.0	mg/kg	intragastric	Sprague-Dawley	Rats	male	8.0	high-fat diet+streptozotocin	190.0	60.0	1+every1days	56.0	56.0	CHILD	PHASE3	8.0	Metformin	500.0	2+every1days	140.0	280.0	140000.0	0.97
PMC4097088_NCT01485614	300.0	mg/kg	oral	C57BL/6	Mice	Unknown	8.0	high-fat diet		70.0	1+every1days	14.0	14.0	CHILD	PHASE3	8.0	Metformin	500.0	2+every1days	140.0	280.0	140000.0	-0.43000000000000005
PMC9457892_NCT01485614	150.0	mg/kg	oral	C57BL/6	Mice	male	8.0	streptozotocin	27.5	70.0	1+every1days	42.0	42.0	CHILD	PHASE3	8.0	Metformin	500.0	2+every1days	140.0	280.0	140000.0	3.2699999999999996
PMC8745465_NCT01485614	120.0	mg/kg	oral	Wistar	Rats	male	30.0	high-fat diet+streptozotocin	170.0	70.0	1+every1days	35.0	35.0	CHILD	PHASE3	8.0	Metformin	500.0	2+every1days	140.0	280.0	140000.0	0.48
PMC9374709_NCT01512108	0.4	mg/kg	subcutaneous	C57BL/6NRj	Mice	male	23.0	high-fat diet	35.0	112.0	1+every1days	28.0	28.0	ADULT,OLDER_ADULT	PHASE3	239.0	Liraglutide	0.9	1+every1days	364.0	364.0	327.6	0.13000000000000012
PMC9374709_NCT01512108	0.4	mg/kg	subcutaneous	C57BL/6NTac	Mice	male	16.0	high-fat diet	35.0	112.0	1+every1days	28.0	28.0	ADULT,OLDER_ADULT	PHASE3	239.0	Liraglutide	0.9	1+every1days	364.0	364.0	327.6	10.48
PMC6412877_NCT01512108	25.0	nmol/kg	subcutaneous	Unknown	Mice	male		high-fat diet		49.0	1+every1days	28.0	28.0	ADULT,OLDER_ADULT	PHASE3	239.0	Liraglutide	0.9	1+every1days	364.0	364.0	327.6	-0.71
PMC9072222_NCT01512108	0.1	mg/kg	subcutaneous	db/db	Mice	male	40.0	genetic		49.0	1+every1days	56.0	56.0	ADULT,OLDER_ADULT	PHASE3	239.0	Liraglutide	0.9	1+every1days	364.0	364.0	327.6	0.18999999999999995
PMC9112483_NCT01512108	200.0	μg/kg	subcutaneous	Zucker Diabetic Fatty	Rats	male	7.0	genetic		77.0	2+every1days	140.0	280.0	ADULT,OLDER_ADULT	PHASE3	239.0	Liraglutide	0.9	1+every1days	364.0	364.0	327.6	0.18999999999999995
PMC5489512_NCT01512979	2.0	mg/kg	oral	KK-Ay	Mice	female	10.0	genetic	50.0		1+every1days	42.0	42.0	ADULT,OLDER_ADULT	PHASE4	113.0	Linagliptin	5.0	1+every1days	168.0	168.0	840.0	-1.7099999999999997
PMC5489512_NCT01512979	2.0	mg/kg	oral	KK-Ay	Mice	female	10.0	genetic	50.0		1+every1days	42.0	42.0	ADULT,OLDER_ADULT	PHASE4	113.0	Linagliptin	5.0	1+every1days	168.0	168.0	840.0	-1.72
PMC6701666_NCT01512979	3.0	mg/kg	oral	db/db	Mice	female	12.0	genetic		38.5	1+every1days	42.0	42.0	ADULT,OLDER_ADULT	PHASE4	113.0	Linagliptin	5.0	1+every1days	168.0	168.0	840.0	-2.01
PMC6701666_NCT01512979	3.0	mg/kg	oral	db/db	Mice	female	12.0	genetic		38.5	1+every1days	42.0	42.0	ADULT,OLDER_ADULT	PHASE4	113.0	Linagliptin	5.0	1+every1days	168.0	168.0	840.0	-2.02
PMC5152931_NCT01512979	0.083	mg/kg	oral	Wistar	Rats	male	22.0	streptozotocin		42.0	Unknown	168.0		ADULT,OLDER_ADULT	PHASE4	113.0	Linagliptin	5.0	1+every1days	168.0	168.0	840.0	-0.009999999999999787
PMC5152931_NCT01512979	0.083	mg/kg	oral	Wistar	Rats	male	22.0	streptozotocin		42.0	Unknown	168.0		ADULT,OLDER_ADULT	PHASE4	113.0	Linagliptin	5.0	1+every1days	168.0	168.0	840.0	-0.020000000000000018
PMC6701666_NCT01517373	2.0	mg/kg	oral	db/db	Mice	female	12.0	genetic		38.5	1+every1days	42.0	42.0	ADULT,OLDER_ADULT	PHASE2	60.0	Glimepiride	2.0	1+every1days	84.0	84.0	168.0	-1.01
PMC6273299_NCT01517373	5.0	mg/kg	Unknown	Zucker Diabetic Fatty	Rats	male	6.0	high-fat diet		42.0	1+every1days	84.0	84.0	ADULT,OLDER_ADULT	PHASE2	60.0	Glimepiride	2.0	1+every1days	84.0	84.0	168.0	-0.71
PMC3610345_NCT01517373	2.5	mg/kg	oral	db/db	Mice	male		genetic		49.0	1+every1days	42.0	42.0	ADULT,OLDER_ADULT	PHASE2	60.0	Glimepiride	2.0	1+every1days	84.0	84.0	168.0	-0.010000000000000009
PMC5663708_NCT01588470	36.0	mg/kg	oral	Wistar	Rats	male	6.0	streptozotocin+nicotinamide	180.0		1+every1days	15.0	15.0	ADULT,OLDER_ADULT	PHASE4	12.0	Pioglitazone	45.0	1+every1days	180.0	180.0	8100.0	7.8
PMC4743348_NCT01588470	20.0	mg/kg	oral	Wistar	Rats	male	8.0	high-fat diet+streptozotocin	175.0		1+every1days	21.0	21.0	ADULT,OLDER_ADULT	PHASE4	12.0	Pioglitazone	45.0	1+every1days	180.0	180.0	8100.0	10.75
PMC4743348_NCT01588470	20.0	mg/kg	oral	Wistar	Rats	male	8.0	streptozotocin	175.0		1+every1days	21.0	21.0	ADULT,OLDER_ADULT	PHASE4	12.0	Pioglitazone	45.0	1+every1days	180.0	180.0	8100.0	9.899999999999999
PMC6540170_NCT01588470	0.01	% (w/w)	oral	C57BLKS/J-db/db	Mice	male	10.0	genetic		28.0	1+every1days	35.0	35.0	ADULT,OLDER_ADULT	PHASE4	12.0	Pioglitazone	45.0	1+every1days	180.0	180.0	8100.0	9.7
PMC6883099_NCT01588470	3.0	mg/kg	oral	KK-Ay	Mice	male	6.0	high-fat diet		49.0	1+every1days	28.0	28.0	ADULT,OLDER_ADULT	PHASE4	12.0	Pioglitazone	45.0	1+every1days	180.0	180.0	8100.0	5.68
PMC6883099_NCT01588470	10.0	mg/kg	oral	KK-Ay	Mice	male	6.0	high-fat diet		49.0	1+every1days	28.0	28.0	ADULT,OLDER_ADULT	PHASE4	12.0	Pioglitazone	45.0	1+every1days	180.0	180.0	8100.0	7.43
PMC6883099_NCT01588470	30.0	mg/kg	oral	KK-Ay	Mice	male	6.0	high-fat diet		49.0	1+every1days	28.0	28.0	ADULT,OLDER_ADULT	PHASE4	12.0	Pioglitazone	45.0	1+every1days	180.0	180.0	8100.0	8.11
PMC4304810_NCT01588470	10.0	mg/kg	oral	Zucker Diabetic Fatty	Rats	male		genetic		49.0	1+every1days	42.0	42.0	ADULT,OLDER_ADULT	PHASE4	12.0	Pioglitazone	45.0	1+every1days	180.0	180.0	8100.0	10.2
PMC3907559_NCT01588470	30.0	mg/kg	oral	Zucker Diabetic Fatty	Rats	male	10.0	genetic		49.0	2+every1days	32.0	64.0	ADULT,OLDER_ADULT	PHASE4	12.0	Pioglitazone	45.0	1+every1days	180.0	180.0	8100.0	9.6
PMC5207690_NCT01588470	4.5	mg/kg	oral	KK-Ay	Mice	male	10.0	high-fat diet		56.0	1+every1days	70.0	70.0	ADULT,OLDER_ADULT	PHASE4	12.0	Pioglitazone	45.0	1+every1days	180.0	180.0	8100.0	6.55
PMC5360432_NCT01588470	10.0	mg/kg	oral	ob/ob	Mice	male	7.0	genetic		56.0	2+every1days	28.0	56.0	ADULT,OLDER_ADULT	PHASE4	12.0	Pioglitazone	45.0	1+every1days	180.0	180.0	8100.0	7.199999999999999
PMC4457365_NCT01588470	2.5	mg/kg	oral	UCD-T2DM	Rats	male	32.0	genetic		60.0	1+every1days	365.0	365.0	ADULT,OLDER_ADULT	PHASE4	12.0	Pioglitazone	45.0	1+every1days	180.0	180.0	8100.0	7.8
PMC4880722_NCT01588470	30.0	mg/kg	oral	Zucker Diabetic Fatty	Rats	male	8.0	genetic		70.0	1+every1days	42.0	42.0	ADULT,OLDER_ADULT	PHASE4	12.0	Pioglitazone	45.0	1+every1days	180.0	180.0	8100.0	8.8
PMC4791042_NCT01588470	32.19	mg/kg	oral	Zucker Diabetic Fatty	Rats	male	9.0	genetic		80.5	1+every1days	49.0	49.0	ADULT,OLDER_ADULT	PHASE4	12.0	Pioglitazone	45.0	1+every1days	180.0	180.0	8100.0	10.1
PMC9112483_NCT01608724	10.0	mg/kg	intragastric	Zucker Diabetic Fatty	Rats	male	7.0	genetic		77.0	1+every1days	140.0	140.0	ADULT,OLDER_ADULT	PHASE4	1210.0	Saxagliptin	5.0	1+every1days	168.0	168.0	840.0	-1.4100000000000001
PMC9374709_NCT01617434	0.4	mg/kg	subcutaneous	C57BL/6NRj	Mice	male	23.0	high-fat diet	35.0	112.0	1+every1days	28.0	28.0	ADULT,OLDER_ADULT	PHASE3	215.0	Liraglutide	1.8	1+every1days	182.0	182.0	327.6	0.040000000000000036
PMC9374709_NCT01617434	0.4	mg/kg	subcutaneous	C57BL/6NTac	Mice	male	16.0	high-fat diet	35.0	112.0	1+every1days	28.0	28.0	ADULT,OLDER_ADULT	PHASE3	215.0	Liraglutide	1.8	1+every1days	182.0	182.0	327.6	10.389999999999999
PMC6412877_NCT01617434	25.0	nmol/kg	subcutaneous	Unknown	Mice	male		high-fat diet		49.0	1+every1days	28.0	28.0	ADULT,OLDER_ADULT	PHASE3	215.0	Liraglutide	1.8	1+every1days	182.0	182.0	327.6	-0.8
PMC9072222_NCT01617434	0.1	mg/kg	subcutaneous	db/db	Mice	male	40.0	genetic		49.0	1+every1days	56.0	56.0	ADULT,OLDER_ADULT	PHASE3	215.0	Liraglutide	1.8	1+every1days	182.0	182.0	327.6	0.09999999999999987
PMC9112483_NCT01617434	200.0	μg/kg	subcutaneous	Zucker Diabetic Fatty	Rats	male	7.0	genetic		77.0	2+every1days	140.0	280.0	ADULT,OLDER_ADULT	PHASE3	215.0	Liraglutide	1.8	1+every1days	182.0	182.0	327.6	0.09999999999999987
PMC9374709_NCT01620489	0.4	mg/kg	subcutaneous	C57BL/6NRj	Mice	male	23.0	high-fat diet	35.0	112.0	1+every1days	28.0	28.0	ADULT,OLDER_ADULT	PHASE3	127.0	Liraglutide	1.8	1+every1days	182.0	182.0	327.6	0.29000000000000004
PMC9374709_NCT01620489	0.4	mg/kg	subcutaneous	C57BL/6NTac	Mice	male	16.0	high-fat diet	35.0	112.0	1+every1days	28.0	28.0	ADULT,OLDER_ADULT	PHASE3	127.0	Liraglutide	1.8	1+every1days	182.0	182.0	327.6	10.639999999999999
PMC6412877_NCT01620489	25.0	nmol/kg	subcutaneous	Unknown	Mice	male		high-fat diet		49.0	1+every1days	28.0	28.0	ADULT,OLDER_ADULT	PHASE3	127.0	Liraglutide	1.8	1+every1days	182.0	182.0	327.6	-0.55
PMC9072222_NCT01620489	0.1	mg/kg	subcutaneous	db/db	Mice	male	40.0	genetic		49.0	1+every1days	56.0	56.0	ADULT,OLDER_ADULT	PHASE3	127.0	Liraglutide	1.8	1+every1days	182.0	182.0	327.6	0.34999999999999987
PMC9112483_NCT01620489	200.0	μg/kg	subcutaneous	Zucker Diabetic Fatty	Rats	male	7.0	genetic		77.0	2+every1days	140.0	280.0	ADULT,OLDER_ADULT	PHASE3	127.0	Liraglutide	1.8	1+every1days	182.0	182.0	327.6	0.34999999999999987
PMC7092631_NCT01649297	10.0	mg/kg	intragastric	Wistar	Rats	male	10.0	high-fat diet+streptozotocin	200.0		1+every1days	28.0	28.0	ADULT,OLDER_ADULT	PHASE2	213.0	Empagliflozin	10.0	1+every1days	112.0	112.0	1120.0	-0.46
PMC7092631_NCT01649297	10.0	mg/kg	intragastric	Wistar	Rats	male	10.0	high-fat diet+streptozotocin	200.0		1+every1days	28.0	28.0	ADULT,OLDER_ADULT	PHASE2	215.0	Empagliflozin	5.0	2+every1days	112.0	224.0	1120.0	-0.48000000000000004
PMC7092631_NCT01649297	10.0	mg/kg	intragastric	Wistar	Rats	male	10.0	high-fat diet+streptozotocin	200.0		1+every1days	28.0	28.0	ADULT,OLDER_ADULT	PHASE2	214.0	Empagliflozin	25.0	1+every1days	112.0	112.0	2800.0	-0.54
PMC7092631_NCT01649297	10.0	mg/kg	intragastric	Wistar	Rats	male	10.0	high-fat diet+streptozotocin	200.0		1+every1days	28.0	28.0	ADULT,OLDER_ADULT	PHASE2	215.0	Empagliflozin	12.5	2+every1days	112.0	224.0	2800.0	-0.6499999999999999
PMC5491464_NCT01649297	10.0	mg/kg	oral	Zucker Diabetic Fatty	Rats	Unknown		genetic		112.0	1+every1days	42.0	42.0	ADULT,OLDER_ADULT	PHASE2	213.0	Empagliflozin	10.0	1+every1days	112.0	112.0	1120.0	3.6599999999999997
PMC5491464_NCT01649297	30.0	mg/kg	oral	Zucker Diabetic Fatty	Rats	Unknown		genetic		112.0	1+every1days	42.0	42.0	ADULT,OLDER_ADULT	PHASE2	213.0	Empagliflozin	10.0	1+every1days	112.0	112.0	1120.0	4.36
PMC5491464_NCT01649297	10.0	mg/kg	oral	Zucker Diabetic Fatty	Rats	Unknown		genetic		112.0	1+every1days	42.0	42.0	ADULT,OLDER_ADULT	PHASE2	215.0	Empagliflozin	5.0	2+every1days	112.0	224.0	1120.0	3.6399999999999997
PMC5491464_NCT01649297	30.0	mg/kg	oral	Zucker Diabetic Fatty	Rats	Unknown		genetic		112.0	1+every1days	42.0	42.0	ADULT,OLDER_ADULT	PHASE2	215.0	Empagliflozin	5.0	2+every1days	112.0	224.0	1120.0	4.34
PMC5491464_NCT01649297	10.0	mg/kg	oral	Zucker Diabetic Fatty	Rats	Unknown		genetic		112.0	1+every1days	42.0	42.0	ADULT,OLDER_ADULT	PHASE2	214.0	Empagliflozin	25.0	1+every1days	112.0	112.0	2800.0	3.58
PMC5491464_NCT01649297	30.0	mg/kg	oral	Zucker Diabetic Fatty	Rats	Unknown		genetic		112.0	1+every1days	42.0	42.0	ADULT,OLDER_ADULT	PHASE2	214.0	Empagliflozin	25.0	1+every1days	112.0	112.0	2800.0	4.28
PMC5491464_NCT01649297	10.0	mg/kg	oral	Zucker Diabetic Fatty	Rats	Unknown		genetic		112.0	1+every1days	42.0	42.0	ADULT,OLDER_ADULT	PHASE2	215.0	Empagliflozin	12.5	2+every1days	112.0	224.0	2800.0	3.4699999999999998
PMC5491464_NCT01649297	30.0	mg/kg	oral	Zucker Diabetic Fatty	Rats	Unknown		genetic		112.0	1+every1days	42.0	42.0	ADULT,OLDER_ADULT	PHASE2	215.0	Empagliflozin	12.5	2+every1days	112.0	224.0	2800.0	4.17
PMC6359811_NCT01649297	10.0	mg/kg	oral	KK-Ay	Mice	Unknown	15.0	high-fat diet		56.0	1+every1days	70.0	70.0	ADULT,OLDER_ADULT	PHASE2	213.0	Empagliflozin	10.0	1+every1days	112.0	112.0	1120.0	4.36
PMC6359811_NCT01649297	10.0	mg/kg	oral	KK-Ay	Mice	Unknown	15.0	high-fat diet		56.0	1+every1days	70.0	70.0	ADULT,OLDER_ADULT	PHASE2	215.0	Empagliflozin	5.0	2+every1days	112.0	224.0	1120.0	4.34
PMC6359811_NCT01649297	10.0	mg/kg	oral	KK-Ay	Mice	Unknown	15.0	high-fat diet		56.0	1+every1days	70.0	70.0	ADULT,OLDER_ADULT	PHASE2	214.0	Empagliflozin	25.0	1+every1days	112.0	112.0	2800.0	4.28
PMC6359811_NCT01649297	10.0	mg/kg	oral	KK-Ay	Mice	Unknown	15.0	high-fat diet		56.0	1+every1days	70.0	70.0	ADULT,OLDER_ADULT	PHASE2	215.0	Empagliflozin	12.5	2+every1days	112.0	224.0	2800.0	4.17
PMC6681671_NCT01649297	10.0	mg/kg	oral	ob/ob	Mice	male	12.5	genetic		77.0	1+every1days	42.0	42.0	ADULT,OLDER_ADULT	PHASE2	213.0	Empagliflozin	10.0	1+every1days	112.0	112.0	1120.0	0.7599999999999999
PMC6681671_NCT01649297	10.0	mg/kg	oral	ob/ob	Mice	male	12.5	genetic		77.0	1+every1days	42.0	42.0	ADULT,OLDER_ADULT	PHASE2	215.0	Empagliflozin	5.0	2+every1days	112.0	224.0	1120.0	0.7399999999999999
PMC6681671_NCT01649297	10.0	mg/kg	oral	ob/ob	Mice	male	12.5	genetic		77.0	1+every1days	42.0	42.0	ADULT,OLDER_ADULT	PHASE2	214.0	Empagliflozin	25.0	1+every1days	112.0	112.0	2800.0	0.6799999999999999
PMC6681671_NCT01649297	10.0	mg/kg	oral	ob/ob	Mice	male	12.5	genetic		77.0	1+every1days	42.0	42.0	ADULT,OLDER_ADULT	PHASE2	215.0	Empagliflozin	12.5	2+every1days	112.0	224.0	2800.0	0.57
PMC4000968_NCT01703221	10.0	mg/kg	oral	Zucker Diabetic Fatty	Rats	Unknown	7.0	genetic		140.0	1+every1days	42.0	42.0	ADULT,OLDER_ADULT	PHASE3	164.0	Sitagliptin Phosphate	50.0	1+every1days	168.0	168.0	8400.0	0.5599999999999999
PMC3998187_NCT01703221	10.0	mg/kg	oral	Zucker Diabetic Fatty	Rats	male	5.0	genetic		140.0	1+every1days	42.0	42.0	ADULT,OLDER_ADULT	PHASE3	164.0	Sitagliptin Phosphate	50.0	1+every1days	168.0	168.0	8400.0	1.35
PMC2905949_NCT01703221	10.0	mg/kg	oral	Zucker Diabetic Fatty	Rats	male	8.0	genetic		140.0	1+every1days	42.0	42.0	ADULT,OLDER_ADULT	PHASE3	164.0	Sitagliptin Phosphate	50.0	1+every1days	168.0	168.0	8400.0	-0.64
PMC3235777_NCT01703221	10.0	mg/kg	oral	Zucker Diabetic Fatty	Rats	male	8.0	genetic		140.0	1+every1days	42.0	42.0	ADULT,OLDER_ADULT	PHASE3	164.0	Sitagliptin Phosphate	50.0	1+every1days	168.0	168.0	8400.0	1.13
PMC4514850_NCT01703221	100.0	mg/kg	oral	ICR	Mice	male	8.0	high-fat diet+streptozotocin		35.0	1+every1days	56.0	56.0	ADULT,OLDER_ADULT	PHASE3	164.0	Sitagliptin Phosphate	50.0	1+every1days	168.0	168.0	8400.0	0.65
PMC3660563_NCT01703221	1.0	mg/kg	oral	C57BLKS/J-db/db	Mice	male		genetic		42.0	1+every1days	42.0	42.0	ADULT,OLDER_ADULT	PHASE3	164.0	Sitagliptin Phosphate	50.0	1+every1days	168.0	168.0	8400.0	0.15000000000000002
PMC4514850_NCT01703221	100.0	mg/kg	oral	db/db	Mice	male	5.0	genetic		56.0	1+every1days	28.0	28.0	ADULT,OLDER_ADULT	PHASE3	164.0	Sitagliptin Phosphate	50.0	1+every1days	168.0	168.0	8400.0	0.25
PMC5489512_NCT01708902	2.0	mg/kg	oral	KK-Ay	Mice	female	10.0	genetic	50.0		1+every1days	42.0	42.0	ADULT,OLDER_ADULT	PHASE3	141.0	Linagliptin	5.0	1+every1days	168.0	168.0	840.0	-0.99
PMC5489512_NCT01708902	2.0	mg/kg	oral	KK-Ay	Mice	female	10.0	genetic	50.0		1+every1days	42.0	42.0	ADULT,OLDER_ADULT	PHASE3	125.0	Linagliptin	5.0	1+every1days	168.0	168.0	840.0	-1.04
PMC5489512_NCT01708902	2.0	mg/kg	oral	KK-Ay	Mice	female	10.0	genetic	50.0		1+every1days	42.0	42.0	ADULT,OLDER_ADULT	PHASE3	70.0	Linagliptin	5.0	1+every1days	84.0	84.0	420.0	-3.16
PMC5485244_NCT01708902	500.0	mg/kg	oral	C57BL/6J	Mice	male	8.0	high-fat diet			1+every1days			ADULT,OLDER_ADULT	PHASE3	144.0	Metformin	500.0	2+every1days	168.0	336.0	168000.0	-1.2399999999999998
PMC5485244_NCT01708902	500.0	mg/kg	oral	C57BL/6J	Mice	male	8.0	high-fat diet			1+every1days			ADULT,OLDER_ADULT	PHASE3	133.0	Metformin	500.0	2+every1days	168.0	336.0	168000.0	-1.2799999999999998
PMC5485244_NCT01708902	500.0	mg/kg	oral	C57BL/6J	Mice	male	8.0	high-fat diet			1+every1days			ADULT,OLDER_ADULT	PHASE3	133.0	Metformin	1000.0	2+every1days	168.0	336.0	336000.0	-1.67
PMC5485244_NCT01708902	500.0	mg/kg	oral	C57BL/6J	Mice	male	8.0	high-fat diet			1+every1days			ADULT,OLDER_ADULT	PHASE3	127.0	Metformin	1000.0	2+every1days	168.0	336.0	336000.0	-1.6800000000000002
PMC8657924_NCT01708902	225.0	mg/kg	oral	Kunming	Mice	male	8.0	high-fat diet+streptozotocin	20.0		1+every1days	28.0	28.0	ADULT,OLDER_ADULT	PHASE3	144.0	Metformin	500.0	2+every1days	168.0	336.0	168000.0	2.3600000000000003
PMC8657924_NCT01708902	225.0	mg/kg	oral	Kunming	Mice	male	8.0	high-fat diet+streptozotocin	20.0		1+every1days	28.0	28.0	ADULT,OLDER_ADULT	PHASE3	133.0	Metformin	500.0	2+every1days	168.0	336.0	168000.0	2.3200000000000003
PMC8657924_NCT01708902	225.0	mg/kg	oral	Kunming	Mice	male	8.0	high-fat diet+streptozotocin	20.0		1+every1days	28.0	28.0	ADULT,OLDER_ADULT	PHASE3	133.0	Metformin	1000.0	2+every1days	168.0	336.0	336000.0	1.9300000000000002
PMC8657924_NCT01708902	225.0	mg/kg	oral	Kunming	Mice	male	8.0	high-fat diet+streptozotocin	20.0		1+every1days	28.0	28.0	ADULT,OLDER_ADULT	PHASE3	127.0	Metformin	1000.0	2+every1days	168.0	336.0	336000.0	1.92
PMC3462199_NCT01708902	400.0	mg/kg	intraperitoneal	db/db	Mice	male	10.0	genetic	47.5		1+every1days	14.0	14.0	ADULT,OLDER_ADULT	PHASE3	144.0	Metformin	500.0	2+every1days	168.0	336.0	168000.0	-1.2399999999999998
PMC3462199_NCT01708902	400.0	mg/kg	intraperitoneal	db/db	Mice	male	10.0	genetic	47.5		1+every1days	14.0	14.0	ADULT,OLDER_ADULT	PHASE3	133.0	Metformin	500.0	2+every1days	168.0	336.0	168000.0	-1.2799999999999998
PMC3462199_NCT01708902	400.0	mg/kg	intraperitoneal	db/db	Mice	male	10.0	genetic	47.5		1+every1days	14.0	14.0	ADULT,OLDER_ADULT	PHASE3	133.0	Metformin	1000.0	2+every1days	168.0	336.0	336000.0	-1.67
PMC3462199_NCT01708902	400.0	mg/kg	intraperitoneal	db/db	Mice	male	10.0	genetic	47.5		1+every1days	14.0	14.0	ADULT,OLDER_ADULT	PHASE3	127.0	Metformin	1000.0	2+every1days	168.0	336.0	336000.0	-1.6800000000000002
PMC3462199_NCT01708902	400.0	mg/kg	intraperitoneal	db/db	Mice	male	12.0	genetic	47.5		1+every1days	14.0	14.0	ADULT,OLDER_ADULT	PHASE3	144.0	Metformin	500.0	2+every1days	168.0	336.0	168000.0	-1.3399999999999999
PMC3462199_NCT01708902	400.0	mg/kg	intraperitoneal	db/db	Mice	male	12.0	genetic	47.5		1+every1days	14.0	14.0	ADULT,OLDER_ADULT	PHASE3	133.0	Metformin	500.0	2+every1days	168.0	336.0	168000.0	-1.38
PMC3462199_NCT01708902	400.0	mg/kg	intraperitoneal	db/db	Mice	male	12.0	genetic	47.5		1+every1days	14.0	14.0	ADULT,OLDER_ADULT	PHASE3	133.0	Metformin	1000.0	2+every1days	168.0	336.0	336000.0	-1.7699999999999998
PMC3462199_NCT01708902	400.0	mg/kg	intraperitoneal	db/db	Mice	male	12.0	genetic	47.5		1+every1days	14.0	14.0	ADULT,OLDER_ADULT	PHASE3	127.0	Metformin	1000.0	2+every1days	168.0	336.0	336000.0	-1.78
PMC9313150_NCT01708902	200.0	mg/kg	oral	Wistar	Rats	male		high-fat diet+streptozotocin	185.0		1+every1days	84.0	84.0	ADULT,OLDER_ADULT	PHASE3	144.0	Metformin	500.0	2+every1days	168.0	336.0	168000.0	0.4600000000000002
PMC9313150_NCT01708902	200.0	mg/kg	oral	Wistar	Rats	male		high-fat diet+streptozotocin	185.0		1+every1days	84.0	84.0	ADULT,OLDER_ADULT	PHASE3	133.0	Metformin	500.0	2+every1days	168.0	336.0	168000.0	0.42000000000000015
PMC9313150_NCT01708902	200.0	mg/kg	oral	Wistar	Rats	male		high-fat diet+streptozotocin	185.0		1+every1days	84.0	84.0	ADULT,OLDER_ADULT	PHASE3	133.0	Metformin	1000.0	2+every1days	168.0	336.0	336000.0	0.03000000000000025
PMC9313150_NCT01708902	200.0	mg/kg	oral	Wistar	Rats	male		high-fat diet+streptozotocin	185.0		1+every1days	84.0	84.0	ADULT,OLDER_ADULT	PHASE3	127.0	Metformin	1000.0	2+every1days	168.0	336.0	336000.0	0.020000000000000018
PMC7092631_NCT01708902	200.0	mg/kg	intragastric	Wistar	Rats	male	10.0	high-fat diet+streptozotocin	200.0		1+every1days	28.0	28.0	ADULT,OLDER_ADULT	PHASE3	144.0	Metformin	500.0	2+every1days	168.0	336.0	168000.0	-0.82
PMC7092631_NCT01708902	200.0	mg/kg	intragastric	Wistar	Rats	male	10.0	high-fat diet+streptozotocin	200.0		1+every1days	28.0	28.0	ADULT,OLDER_ADULT	PHASE3	133.0	Metformin	500.0	2+every1days	168.0	336.0	168000.0	-0.86
PMC7092631_NCT01708902	200.0	mg/kg	intragastric	Wistar	Rats	male	10.0	high-fat diet+streptozotocin	200.0		1+every1days	28.0	28.0	ADULT,OLDER_ADULT	PHASE3	133.0	Metformin	1000.0	2+every1days	168.0	336.0	336000.0	-1.25
PMC7092631_NCT01708902	200.0	mg/kg	intragastric	Wistar	Rats	male	10.0	high-fat diet+streptozotocin	200.0		1+every1days	28.0	28.0	ADULT,OLDER_ADULT	PHASE3	127.0	Metformin	1000.0	2+every1days	168.0	336.0	336000.0	-1.2600000000000002
PMC8800605_NCT01708902	60.0	mg/kg	oral	Wistar	Rats	male	12.0	high-fat diet+streptozotocin	176.8		1+every1days	14.0	14.0	ADULT,OLDER_ADULT	PHASE3	144.0	Metformin	500.0	2+every1days	168.0	336.0	168000.0	-1.43
PMC8800605_NCT01708902	60.0	mg/kg	oral	Wistar	Rats	male	12.0	high-fat diet+streptozotocin	176.8		1+every1days	14.0	14.0	ADULT,OLDER_ADULT	PHASE3	133.0	Metformin	500.0	2+every1days	168.0	336.0	168000.0	-1.47
PMC8800605_NCT01708902	60.0	mg/kg	oral	Wistar	Rats	male	12.0	high-fat diet+streptozotocin	176.8		1+every1days	14.0	14.0	ADULT,OLDER_ADULT	PHASE3	133.0	Metformin	1000.0	2+every1days	168.0	336.0	336000.0	-1.8599999999999999
PMC8800605_NCT01708902	60.0	mg/kg	oral	Wistar	Rats	male	12.0	high-fat diet+streptozotocin	176.8		1+every1days	14.0	14.0	ADULT,OLDER_ADULT	PHASE3	127.0	Metformin	1000.0	2+every1days	168.0	336.0	336000.0	-1.87
PMC4826921_NCT01708902	200.0	mg/kg	oral	Wistar	Rats	male	20.0	high-fat diet	110.0		1+every1days	60.0	60.0	ADULT,OLDER_ADULT	PHASE3	144.0	Metformin	500.0	2+every1days	168.0	336.0	168000.0	-0.039999999999999813
PMC4826921_NCT01708902	200.0	mg/kg	oral	Wistar	Rats	male	20.0	high-fat diet	110.0		1+every1days	60.0	60.0	ADULT,OLDER_ADULT	PHASE3	133.0	Metformin	500.0	2+every1days	168.0	336.0	168000.0	-0.07999999999999985
PMC4826921_NCT01708902	200.0	mg/kg	oral	Wistar	Rats	male	20.0	high-fat diet	110.0		1+every1days	60.0	60.0	ADULT,OLDER_ADULT	PHASE3	133.0	Metformin	1000.0	2+every1days	168.0	336.0	336000.0	-0.46999999999999975
PMC4826921_NCT01708902	200.0	mg/kg	oral	Wistar	Rats	male	20.0	high-fat diet	110.0		1+every1days	60.0	60.0	ADULT,OLDER_ADULT	PHASE3	127.0	Metformin	1000.0	2+every1days	168.0	336.0	336000.0	-0.48
PMC7034448_NCT01708902	500.0	mg/kg	oral	Wistar	Rats	male	6.0	high-fat diet+streptozotocin	190.0		1+every1days	30.0	30.0	ADULT,OLDER_ADULT	PHASE3	144.0	Metformin	500.0	2+every1days	168.0	336.0	168000.0	3.46
PMC7034448_NCT01708902	500.0	mg/kg	oral	Wistar	Rats	male	6.0	high-fat diet+streptozotocin	190.0		1+every1days	30.0	30.0	ADULT,OLDER_ADULT	PHASE3	133.0	Metformin	500.0	2+every1days	168.0	336.0	168000.0	3.42
PMC7034448_NCT01708902	500.0	mg/kg	oral	Wistar	Rats	male	6.0	high-fat diet+streptozotocin	190.0		1+every1days	30.0	30.0	ADULT,OLDER_ADULT	PHASE3	133.0	Metformin	1000.0	2+every1days	168.0	336.0	336000.0	3.03
PMC7034448_NCT01708902	500.0	mg/kg	oral	Wistar	Rats	male	6.0	high-fat diet+streptozotocin	190.0		1+every1days	30.0	30.0	ADULT,OLDER_ADULT	PHASE3	127.0	Metformin	1000.0	2+every1days	168.0	336.0	336000.0	3.0199999999999996
PMC4884299_NCT01708902	150.0	mg/kg	oral	Wistar	Rats	male	6.0	streptozotocin+nicotinamide	280.0		1+every1days	42.0	42.0	ADULT,OLDER_ADULT	PHASE3	144.0	Metformin	500.0	2+every1days	168.0	336.0	168000.0	0.7
PMC4884299_NCT01708902	150.0	mg/kg	oral	Wistar	Rats	male	6.0	streptozotocin+nicotinamide	280.0		1+every1days	42.0	42.0	ADULT,OLDER_ADULT	PHASE3	133.0	Metformin	500.0	2+every1days	168.0	336.0	168000.0	0.6599999999999999
PMC4884299_NCT01708902	150.0	mg/kg	oral	Wistar	Rats	male	6.0	streptozotocin+nicotinamide	280.0		1+every1days	42.0	42.0	ADULT,OLDER_ADULT	PHASE3	133.0	Metformin	1000.0	2+every1days	168.0	336.0	336000.0	0.27
PMC4884299_NCT01708902	150.0	mg/kg	oral	Wistar	Rats	male	6.0	streptozotocin+nicotinamide	280.0		1+every1days	42.0	42.0	ADULT,OLDER_ADULT	PHASE3	127.0	Metformin	1000.0	2+every1days	168.0	336.0	336000.0	0.2599999999999998
PMC9953164_NCT01708902	200.0	mg/kg	Unknown	Wistar	Rats	male	8.0	high-fat diet+streptozotocin	185.0		1+every1days	84.0	84.0	ADULT,OLDER_ADULT	PHASE3	144.0	Metformin	500.0	2+every1days	168.0	336.0	168000.0	0.8600000000000001
PMC9953164_NCT01708902	200.0	mg/kg	Unknown	Wistar	Rats	male	8.0	high-fat diet+streptozotocin	185.0		1+every1days	84.0	84.0	ADULT,OLDER_ADULT	PHASE3	133.0	Metformin	500.0	2+every1days	168.0	336.0	168000.0	0.8200000000000001
PMC9953164_NCT01708902	200.0	mg/kg	Unknown	Wistar	Rats	male	8.0	high-fat diet+streptozotocin	185.0		1+every1days	84.0	84.0	ADULT,OLDER_ADULT	PHASE3	133.0	Metformin	1000.0	2+every1days	168.0	336.0	336000.0	0.43000000000000016
PMC9953164_NCT01708902	200.0	mg/kg	Unknown	Wistar	Rats	male	8.0	high-fat diet+streptozotocin	185.0		1+every1days	84.0	84.0	ADULT,OLDER_ADULT	PHASE3	127.0	Metformin	1000.0	2+every1days	168.0	336.0	336000.0	0.41999999999999993
PMC9681650_NCT01708902	60.0	mg/kg	oral	Wistar	Rats	male	12.0	high-fat diet+streptozotocin	176.8	120.0	1+every1days	14.0	14.0	ADULT,OLDER_ADULT	PHASE3	144.0	Metformin	500.0	2+every1days	168.0	336.0	168000.0	-1.5399999999999998
PMC9681650_NCT01708902	60.0	mg/kg	oral	Wistar	Rats	male	12.0	high-fat diet+streptozotocin	176.8	120.0	1+every1days	14.0	14.0	ADULT,OLDER_ADULT	PHASE3	133.0	Metformin	500.0	2+every1days	168.0	336.0	168000.0	-1.5799999999999998
PMC9681650_NCT01708902	60.0	mg/kg	oral	Wistar	Rats	male	12.0	high-fat diet+streptozotocin	176.8	120.0	1+every1days	14.0	14.0	ADULT,OLDER_ADULT	PHASE3	133.0	Metformin	1000.0	2+every1days	168.0	336.0	336000.0	-1.9699999999999998
PMC9681650_NCT01708902	60.0	mg/kg	oral	Wistar	Rats	male	12.0	high-fat diet+streptozotocin	176.8	120.0	1+every1days	14.0	14.0	ADULT,OLDER_ADULT	PHASE3	127.0	Metformin	1000.0	2+every1days	168.0	336.0	336000.0	-1.98
PMC4423537_NCT01708902	300.0	mg/kg	oral	Otsuka Long-Evans Tokushima Fatty	Rats	male	14.0	genetic		140.0	1+every1days	84.0	84.0	ADULT,OLDER_ADULT	PHASE3	144.0	Metformin	500.0	2+every1days	168.0	336.0	168000.0	-0.039999999999999813
PMC4423537_NCT01708902	300.0	mg/kg	oral	Otsuka Long-Evans Tokushima Fatty	Rats	male	14.0	genetic		140.0	1+every1days	84.0	84.0	ADULT,OLDER_ADULT	PHASE3	133.0	Metformin	500.0	2+every1days	168.0	336.0	168000.0	-0.07999999999999985
PMC4423537_NCT01708902	300.0	mg/kg	oral	Otsuka Long-Evans Tokushima Fatty	Rats	male	14.0	genetic		140.0	1+every1days	84.0	84.0	ADULT,OLDER_ADULT	PHASE3	133.0	Metformin	1000.0	2+every1days	168.0	336.0	336000.0	-0.46999999999999975
PMC4423537_NCT01708902	300.0	mg/kg	oral	Otsuka Long-Evans Tokushima Fatty	Rats	male	14.0	genetic		140.0	1+every1days	84.0	84.0	ADULT,OLDER_ADULT	PHASE3	127.0	Metformin	1000.0	2+every1days	168.0	336.0	336000.0	-0.48
PMC9470898_NCT01708902	0.1	% (w/w)	oral	NONcNZO10/LtJ	Mice	male	10.0	genetic		147.0	Unknown	126.0		ADULT,OLDER_ADULT	PHASE3	144.0	Metformin	500.0	2+every1days	168.0	336.0	168000.0	-1.14
PMC9470898_NCT01708902	0.1	% (w/w)	oral	NONcNZO10/LtJ	Mice	male	10.0	genetic		147.0	Unknown	126.0		ADULT,OLDER_ADULT	PHASE3	133.0	Metformin	500.0	2+every1days	168.0	336.0	168000.0	-1.18
PMC9470898_NCT01708902	0.1	% (w/w)	oral	NONcNZO10/LtJ	Mice	male	10.0	genetic		147.0	Unknown	126.0		ADULT,OLDER_ADULT	PHASE3	133.0	Metformin	1000.0	2+every1days	168.0	336.0	336000.0	-1.5699999999999998
PMC9470898_NCT01708902	0.1	% (w/w)	oral	NONcNZO10/LtJ	Mice	male	10.0	genetic		147.0	Unknown	126.0		ADULT,OLDER_ADULT	PHASE3	127.0	Metformin	1000.0	2+every1days	168.0	336.0	336000.0	-1.58
PMC5840580_NCT01708902	300.0	mg/kg	oral	Otsuka Long-Evans Tokushima Fatty	Rats	male	6.0	high-fat diet		168.0	1+every1days	84.0	84.0	ADULT,OLDER_ADULT	PHASE3	144.0	Metformin	500.0	2+every1days	168.0	336.0	168000.0	-0.1399999999999999
PMC5840580_NCT01708902	300.0	mg/kg	oral	Otsuka Long-Evans Tokushima Fatty	Rats	male	6.0	high-fat diet		168.0	1+every1days	84.0	84.0	ADULT,OLDER_ADULT	PHASE3	133.0	Metformin	500.0	2+every1days	168.0	336.0	168000.0	-0.17999999999999994
PMC5840580_NCT01708902	300.0	mg/kg	oral	Otsuka Long-Evans Tokushima Fatty	Rats	male	6.0	high-fat diet		168.0	1+every1days	84.0	84.0	ADULT,OLDER_ADULT	PHASE3	133.0	Metformin	1000.0	2+every1days	168.0	336.0	336000.0	-0.5699999999999998
PMC5840580_NCT01708902	300.0	mg/kg	oral	Otsuka Long-Evans Tokushima Fatty	Rats	male	6.0	high-fat diet		168.0	1+every1days	84.0	84.0	ADULT,OLDER_ADULT	PHASE3	127.0	Metformin	1000.0	2+every1days	168.0	336.0	336000.0	-0.5800000000000001
PMC3465985_NCT01708902	350.0	mg/kg	oral	Spontaneously Diabetic Torii	Rats	male	10.0	genetic		175.0	1+every1days	119.0	119.0	ADULT,OLDER_ADULT	PHASE3	144.0	Metformin	500.0	2+every1days	168.0	336.0	168000.0	-0.32999999999999985
PMC3465985_NCT01708902	350.0	mg/kg	oral	Spontaneously Diabetic Torii	Rats	male	10.0	genetic		175.0	1+every1days	119.0	119.0	ADULT,OLDER_ADULT	PHASE3	133.0	Metformin	500.0	2+every1days	168.0	336.0	168000.0	-0.3699999999999999
PMC3465985_NCT01708902	350.0	mg/kg	oral	Spontaneously Diabetic Torii	Rats	male	10.0	genetic		175.0	1+every1days	119.0	119.0	ADULT,OLDER_ADULT	PHASE3	133.0	Metformin	1000.0	2+every1days	168.0	336.0	336000.0	-0.7599999999999998
PMC3465985_NCT01708902	350.0	mg/kg	oral	Spontaneously Diabetic Torii	Rats	male	10.0	genetic		175.0	1+every1days	119.0	119.0	ADULT,OLDER_ADULT	PHASE3	127.0	Metformin	1000.0	2+every1days	168.0	336.0	336000.0	-0.77
PMC5319739_NCT01708902	50.0	mg/kg	gastric intubation	Psammomys obesus	Gerbillinae	male	30.0	high-fat diet	100.0	240.0	1+every1days	84.0	84.0	ADULT,OLDER_ADULT	PHASE3	144.0	Metformin	500.0	2+every1days	168.0	336.0	168000.0	2.5600000000000005
PMC5319739_NCT01708902	50.0	mg/kg	gastric intubation	Psammomys obesus	Gerbillinae	male	30.0	high-fat diet	100.0	240.0	1+every1days	84.0	84.0	ADULT,OLDER_ADULT	PHASE3	133.0	Metformin	500.0	2+every1days	168.0	336.0	168000.0	2.5200000000000005
PMC5319739_NCT01708902	50.0	mg/kg	gastric intubation	Psammomys obesus	Gerbillinae	male	30.0	high-fat diet	100.0	240.0	1+every1days	84.0	84.0	ADULT,OLDER_ADULT	PHASE3	133.0	Metformin	1000.0	2+every1days	168.0	336.0	336000.0	2.1300000000000003
PMC5319739_NCT01708902	50.0	mg/kg	gastric intubation	Psammomys obesus	Gerbillinae	male	30.0	high-fat diet	100.0	240.0	1+every1days	84.0	84.0	ADULT,OLDER_ADULT	PHASE3	127.0	Metformin	1000.0	2+every1days	168.0	336.0	336000.0	2.12
PMC9698742_NCT01708902	200.0	mg/kg	oral	Wistar	Rats	male	5.0	streptozotocin	225.0	270.0	1+every1days	45.0	45.0	ADULT,OLDER_ADULT	PHASE3	144.0	Metformin	500.0	2+every1days	168.0	336.0	168000.0	0.9600000000000002
PMC9698742_NCT01708902	200.0	mg/kg	oral	Wistar	Rats	male	5.0	streptozotocin	225.0	270.0	1+every1days	45.0	45.0	ADULT,OLDER_ADULT	PHASE3	133.0	Metformin	500.0	2+every1days	168.0	336.0	168000.0	0.9200000000000002
PMC9698742_NCT01708902	200.0	mg/kg	oral	Wistar	Rats	male	5.0	streptozotocin	225.0	270.0	1+every1days	45.0	45.0	ADULT,OLDER_ADULT	PHASE3	133.0	Metformin	1000.0	2+every1days	168.0	336.0	336000.0	0.5300000000000002
PMC9698742_NCT01708902	200.0	mg/kg	oral	Wistar	Rats	male	5.0	streptozotocin	225.0	270.0	1+every1days	45.0	45.0	ADULT,OLDER_ADULT	PHASE3	127.0	Metformin	1000.0	2+every1days	168.0	336.0	336000.0	0.52
PMC7727825_NCT01708902	200.0	mg/kg	oral	C57BLKS/J-db/db	Mice	male	8.0	genetic		35.0	1+every1days	63.0	63.0	ADULT,OLDER_ADULT	PHASE3	144.0	Metformin	500.0	2+every1days	168.0	336.0	168000.0	1.36
PMC7727825_NCT01708902	200.0	mg/kg	oral	C57BLKS/J-db/db	Mice	male	8.0	genetic		35.0	1+every1days	63.0	63.0	ADULT,OLDER_ADULT	PHASE3	133.0	Metformin	500.0	2+every1days	168.0	336.0	168000.0	1.32
PMC7727825_NCT01708902	200.0	mg/kg	oral	C57BLKS/J-db/db	Mice	male	8.0	genetic		35.0	1+every1days	63.0	63.0	ADULT,OLDER_ADULT	PHASE3	133.0	Metformin	1000.0	2+every1days	168.0	336.0	336000.0	0.9300000000000002
PMC7727825_NCT01708902	200.0	mg/kg	oral	C57BLKS/J-db/db	Mice	male	8.0	genetic		35.0	1+every1days	63.0	63.0	ADULT,OLDER_ADULT	PHASE3	127.0	Metformin	1000.0	2+every1days	168.0	336.0	336000.0	0.9199999999999999
PMC6701666_NCT01708902	3.0	mg/kg	oral	db/db	Mice	female	12.0	genetic		38.5	1+every1days	42.0	42.0	ADULT,OLDER_ADULT	PHASE3	141.0	Linagliptin	5.0	1+every1days	168.0	168.0	840.0	-1.29
PMC6701666_NCT01708902	3.0	mg/kg	oral	db/db	Mice	female	12.0	genetic		38.5	1+every1days	42.0	42.0	ADULT,OLDER_ADULT	PHASE3	125.0	Linagliptin	5.0	1+every1days	168.0	168.0	840.0	-1.34
PMC6701666_NCT01708902	3.0	mg/kg	oral	db/db	Mice	female	12.0	genetic		38.5	1+every1days	42.0	42.0	ADULT,OLDER_ADULT	PHASE3	70.0	Linagliptin	5.0	1+every1days	84.0	84.0	420.0	-3.46
PMC7598587_NCT01708902	200.0	mg/kg	oral	C57BL/6N	Mice	male	8.0	high-fat diet+streptozotocin		38.5	1+every1days	28.0	28.0	ADULT,OLDER_ADULT	PHASE3	144.0	Metformin	500.0	2+every1days	168.0	336.0	168000.0	0.2100000000000002
PMC7598587_NCT01708902	200.0	mg/kg	oral	C57BL/6N	Mice	male	8.0	high-fat diet+streptozotocin		38.5	1+every1days	28.0	28.0	ADULT,OLDER_ADULT	PHASE3	133.0	Metformin	500.0	2+every1days	168.0	336.0	168000.0	0.17000000000000015
PMC7598587_NCT01708902	200.0	mg/kg	oral	C57BL/6N	Mice	male	8.0	high-fat diet+streptozotocin		38.5	1+every1days	28.0	28.0	ADULT,OLDER_ADULT	PHASE3	133.0	Metformin	1000.0	2+every1days	168.0	336.0	336000.0	-0.21999999999999975
PMC7598587_NCT01708902	200.0	mg/kg	oral	C57BL/6N	Mice	male	8.0	high-fat diet+streptozotocin		38.5	1+every1days	28.0	28.0	ADULT,OLDER_ADULT	PHASE3	127.0	Metformin	1000.0	2+every1days	168.0	336.0	336000.0	-0.22999999999999998
PMC4726511_NCT01708902	10.0	mg/kg	oral	db/db	Mice	Unknown	5.0	genetic		42.0	1+every1days	28.0	28.0	ADULT,OLDER_ADULT	PHASE3	144.0	Metformin	500.0	2+every1days	168.0	336.0	168000.0	-1.04
PMC4726511_NCT01708902	10.0	mg/kg	oral	db/db	Mice	Unknown	5.0	genetic		42.0	1+every1days	28.0	28.0	ADULT,OLDER_ADULT	PHASE3	133.0	Metformin	500.0	2+every1days	168.0	336.0	168000.0	-1.08
PMC4726511_NCT01708902	10.0	mg/kg	oral	db/db	Mice	Unknown	5.0	genetic		42.0	1+every1days	28.0	28.0	ADULT,OLDER_ADULT	PHASE3	133.0	Metformin	1000.0	2+every1days	168.0	336.0	336000.0	-1.4699999999999998
PMC4726511_NCT01708902	10.0	mg/kg	oral	db/db	Mice	Unknown	5.0	genetic		42.0	1+every1days	28.0	28.0	ADULT,OLDER_ADULT	PHASE3	127.0	Metformin	1000.0	2+every1days	168.0	336.0	336000.0	-1.48
PMC5485244_NCT01708902	500.0	mg/kg	oral	C57BL/6J	Mice	male	16.0	high-fat diet		42.0	1+every1days	84.0	84.0	ADULT,OLDER_ADULT	PHASE3	144.0	Metformin	500.0	2+every1days	168.0	336.0	168000.0	-1.2399999999999998
PMC5485244_NCT01708902	500.0	mg/kg	oral	C57BL/6J	Mice	male	16.0	high-fat diet		42.0	1+every1days	84.0	84.0	ADULT,OLDER_ADULT	PHASE3	133.0	Metformin	500.0	2+every1days	168.0	336.0	168000.0	-1.2799999999999998
PMC5485244_NCT01708902	500.0	mg/kg	oral	C57BL/6J	Mice	male	16.0	high-fat diet		42.0	1+every1days	84.0	84.0	ADULT,OLDER_ADULT	PHASE3	133.0	Metformin	1000.0	2+every1days	168.0	336.0	336000.0	-1.67
PMC5485244_NCT01708902	500.0	mg/kg	oral	C57BL/6J	Mice	male	16.0	high-fat diet		42.0	1+every1days	84.0	84.0	ADULT,OLDER_ADULT	PHASE3	127.0	Metformin	1000.0	2+every1days	168.0	336.0	336000.0	-1.6800000000000002
PMC5152931_NCT01708902	0.083	mg/kg	oral	Wistar	Rats	male	22.0	streptozotocin		42.0	Unknown	168.0		ADULT,OLDER_ADULT	PHASE3	141.0	Linagliptin	5.0	1+every1days	168.0	168.0	840.0	0.71
PMC5152931_NCT01708902	0.083	mg/kg	oral	Wistar	Rats	male	22.0	streptozotocin		42.0	Unknown	168.0		ADULT,OLDER_ADULT	PHASE3	125.0	Linagliptin	5.0	1+every1days	168.0	168.0	840.0	0.6599999999999999
PMC5152931_NCT01708902	0.083	mg/kg	oral	Wistar	Rats	male	22.0	streptozotocin		42.0	Unknown	168.0		ADULT,OLDER_ADULT	PHASE3	70.0	Linagliptin	5.0	1+every1days	84.0	84.0	420.0	-1.46
PMC6273299_NCT01708902	200.0	mg/kg	Unknown	Zucker Diabetic Fatty	Rats	male	6.0	high-fat diet		42.0	1+every1days	84.0	84.0	ADULT,OLDER_ADULT	PHASE3	144.0	Metformin	500.0	2+every1days	168.0	336.0	168000.0	-0.33999999999999986
PMC6273299_NCT01708902	200.0	mg/kg	Unknown	Zucker Diabetic Fatty	Rats	male	6.0	high-fat diet		42.0	1+every1days	84.0	84.0	ADULT,OLDER_ADULT	PHASE3	133.0	Metformin	500.0	2+every1days	168.0	336.0	168000.0	-0.3799999999999999
PMC6273299_NCT01708902	200.0	mg/kg	Unknown	Zucker Diabetic Fatty	Rats	male	6.0	high-fat diet		42.0	1+every1days	84.0	84.0	ADULT,OLDER_ADULT	PHASE3	133.0	Metformin	1000.0	2+every1days	168.0	336.0	336000.0	-0.7699999999999998
PMC6273299_NCT01708902	200.0	mg/kg	Unknown	Zucker Diabetic Fatty	Rats	male	6.0	high-fat diet		42.0	1+every1days	84.0	84.0	ADULT,OLDER_ADULT	PHASE3	127.0	Metformin	1000.0	2+every1days	168.0	336.0	336000.0	-0.78
PMC3327803_NCT01708902	200.0	mg/kg	intraperitoneal	db/db	Mice	male	11.0	genetic		49.0	1+every1days	126.0	126.0	ADULT,OLDER_ADULT	PHASE3	144.0	Metformin	500.0	2+every1days	168.0	336.0	168000.0	-1.94
PMC3327803_NCT01708902	200.0	mg/kg	intraperitoneal	db/db	Mice	male	11.0	genetic		49.0	1+every1days	126.0	126.0	ADULT,OLDER_ADULT	PHASE3	133.0	Metformin	500.0	2+every1days	168.0	336.0	168000.0	-1.98
PMC3327803_NCT01708902	200.0	mg/kg	intraperitoneal	db/db	Mice	male	11.0	genetic		49.0	1+every1days	126.0	126.0	ADULT,OLDER_ADULT	PHASE3	133.0	Metformin	1000.0	2+every1days	168.0	336.0	336000.0	-2.3699999999999997
PMC3327803_NCT01708902	200.0	mg/kg	intraperitoneal	db/db	Mice	male	11.0	genetic		49.0	1+every1days	126.0	126.0	ADULT,OLDER_ADULT	PHASE3	127.0	Metformin	1000.0	2+every1days	168.0	336.0	336000.0	-2.38
PMC3907559_NCT01708902	200.0	mg/kg	oral	Zucker Diabetic Fatty	Rats	male	10.0	genetic		49.0	2+every1days	32.0	64.0	ADULT,OLDER_ADULT	PHASE3	144.0	Metformin	500.0	2+every1days	168.0	336.0	168000.0	1.36
PMC3907559_NCT01708902	200.0	mg/kg	oral	Zucker Diabetic Fatty	Rats	male	10.0	genetic		49.0	2+every1days	32.0	64.0	ADULT,OLDER_ADULT	PHASE3	133.0	Metformin	500.0	2+every1days	168.0	336.0	168000.0	1.32
PMC3907559_NCT01708902	200.0	mg/kg	oral	Zucker Diabetic Fatty	Rats	male	10.0	genetic		49.0	2+every1days	32.0	64.0	ADULT,OLDER_ADULT	PHASE3	133.0	Metformin	1000.0	2+every1days	168.0	336.0	336000.0	0.9300000000000002
PMC3907559_NCT01708902	200.0	mg/kg	oral	Zucker Diabetic Fatty	Rats	male	10.0	genetic		49.0	2+every1days	32.0	64.0	ADULT,OLDER_ADULT	PHASE3	127.0	Metformin	1000.0	2+every1days	168.0	336.0	336000.0	0.9199999999999999
PMC7381706_NCT01708902	250.0	mg/kg	oral	ob/ob	Mice	male	8.0	genetic		52.5	1+every1days	26.0	26.0	ADULT,OLDER_ADULT	PHASE3	144.0	Metformin	500.0	2+every1days	168.0	336.0	168000.0	-1.5399999999999998
PMC7381706_NCT01708902	250.0	mg/kg	oral	ob/ob	Mice	male	8.0	genetic		52.5	1+every1days	26.0	26.0	ADULT,OLDER_ADULT	PHASE3	133.0	Metformin	500.0	2+every1days	168.0	336.0	168000.0	-1.5799999999999998
PMC7381706_NCT01708902	250.0	mg/kg	oral	ob/ob	Mice	male	8.0	genetic		52.5	1+every1days	26.0	26.0	ADULT,OLDER_ADULT	PHASE3	133.0	Metformin	1000.0	2+every1days	168.0	336.0	336000.0	-1.9699999999999998
PMC7381706_NCT01708902	250.0	mg/kg	oral	ob/ob	Mice	male	8.0	genetic		52.5	1+every1days	26.0	26.0	ADULT,OLDER_ADULT	PHASE3	127.0	Metformin	1000.0	2+every1days	168.0	336.0	336000.0	-1.98
PMC10203393_NCT01708902	0.2	g/kg	oral	Sprague-Dawley	Rats	male	8.0	high-fat diet+streptozotocin	150.0	52.5	1+every1days	70.0	70.0	ADULT,OLDER_ADULT	PHASE3	144.0	Metformin	500.0	2+every1days	168.0	336.0	168000.0	3.8600000000000003
PMC10203393_NCT01708902	0.2	g/kg	oral	Sprague-Dawley	Rats	male	8.0	high-fat diet+streptozotocin	150.0	52.5	1+every1days	70.0	70.0	ADULT,OLDER_ADULT	PHASE3	133.0	Metformin	500.0	2+every1days	168.0	336.0	168000.0	3.8200000000000003
PMC10203393_NCT01708902	0.2	g/kg	oral	Sprague-Dawley	Rats	male	8.0	high-fat diet+streptozotocin	150.0	52.5	1+every1days	70.0	70.0	ADULT,OLDER_ADULT	PHASE3	133.0	Metformin	1000.0	2+every1days	168.0	336.0	336000.0	3.43
PMC10203393_NCT01708902	0.2	g/kg	oral	Sprague-Dawley	Rats	male	8.0	high-fat diet+streptozotocin	150.0	52.5	1+every1days	70.0	70.0	ADULT,OLDER_ADULT	PHASE3	127.0	Metformin	1000.0	2+every1days	168.0	336.0	336000.0	3.42
PMC10323656_NCT01708902	200.0	mg/kg	oral gavage	C57BL/6	Mice	male	12.0	high-fat diet+streptozotocin	24.0	56.0	1+every1days	28.0	28.0	ADULT,OLDER_ADULT	PHASE3	144.0	Metformin	500.0	2+every1days	168.0	336.0	168000.0	-0.5399999999999998
PMC10323656_NCT01708902	200.0	mg/kg	oral gavage	C57BL/6	Mice	male	12.0	high-fat diet+streptozotocin	24.0	56.0	1+every1days	28.0	28.0	ADULT,OLDER_ADULT	PHASE3	133.0	Metformin	500.0	2+every1days	168.0	336.0	168000.0	-0.5799999999999998
PMC10323656_NCT01708902	200.0	mg/kg	oral gavage	C57BL/6	Mice	male	12.0	high-fat diet+streptozotocin	24.0	56.0	1+every1days	28.0	28.0	ADULT,OLDER_ADULT	PHASE3	133.0	Metformin	1000.0	2+every1days	168.0	336.0	336000.0	-0.9699999999999998
PMC10323656_NCT01708902	200.0	mg/kg	oral gavage	C57BL/6	Mice	male	12.0	high-fat diet+streptozotocin	24.0	56.0	1+every1days	28.0	28.0	ADULT,OLDER_ADULT	PHASE3	127.0	Metformin	1000.0	2+every1days	168.0	336.0	336000.0	-0.98
PMC3855476_NCT01708902	300.0	mg/kg	oral	db/db	Mice	male	10.0	genetic	44.0	56.0	1+every1days	14.0	14.0	ADULT,OLDER_ADULT	PHASE3	144.0	Metformin	500.0	2+every1days	168.0	336.0	168000.0	-0.94
PMC3855476_NCT01708902	300.0	mg/kg	oral	db/db	Mice	male	10.0	genetic	44.0	56.0	1+every1days	14.0	14.0	ADULT,OLDER_ADULT	PHASE3	133.0	Metformin	500.0	2+every1days	168.0	336.0	168000.0	-0.98
PMC3855476_NCT01708902	300.0	mg/kg	oral	db/db	Mice	male	10.0	genetic	44.0	56.0	1+every1days	14.0	14.0	ADULT,OLDER_ADULT	PHASE3	133.0	Metformin	1000.0	2+every1days	168.0	336.0	336000.0	-1.3699999999999999
PMC3855476_NCT01708902	300.0	mg/kg	oral	db/db	Mice	male	10.0	genetic	44.0	56.0	1+every1days	14.0	14.0	ADULT,OLDER_ADULT	PHASE3	127.0	Metformin	1000.0	2+every1days	168.0	336.0	336000.0	-1.3800000000000001
PMC5881648_NCT01708902	200.0	mg/kg	gavage	Sprague-Dawley	Rats	male	10.0	streptozotocin	200.0	56.0	1+every1days	77.0	77.0	ADULT,OLDER_ADULT	PHASE3	144.0	Metformin	500.0	2+every1days	168.0	336.0	168000.0	1.66
PMC5881648_NCT01708902	200.0	mg/kg	gavage	Sprague-Dawley	Rats	male	10.0	streptozotocin	200.0	56.0	1+every1days	77.0	77.0	ADULT,OLDER_ADULT	PHASE3	133.0	Metformin	500.0	2+every1days	168.0	336.0	168000.0	1.6199999999999999
PMC5881648_NCT01708902	200.0	mg/kg	gavage	Sprague-Dawley	Rats	male	10.0	streptozotocin	200.0	56.0	1+every1days	77.0	77.0	ADULT,OLDER_ADULT	PHASE3	133.0	Metformin	1000.0	2+every1days	168.0	336.0	336000.0	1.23
PMC5881648_NCT01708902	200.0	mg/kg	gavage	Sprague-Dawley	Rats	male	10.0	streptozotocin	200.0	56.0	1+every1days	77.0	77.0	ADULT,OLDER_ADULT	PHASE3	127.0	Metformin	1000.0	2+every1days	168.0	336.0	336000.0	1.2199999999999998
PMC4444588_NCT01708902	500.0	mg/kg	intragastric	Sprague-Dawley	Rats	male	7.0	high-fat diet+streptozotocin	190.0	60.0	1+every1days	56.0	56.0	ADULT,OLDER_ADULT	PHASE3	144.0	Metformin	500.0	2+every1days	168.0	336.0	168000.0	2.3600000000000003
PMC4444588_NCT01708902	500.0	mg/kg	intragastric	Sprague-Dawley	Rats	male	7.0	high-fat diet+streptozotocin	190.0	60.0	1+every1days	56.0	56.0	ADULT,OLDER_ADULT	PHASE3	133.0	Metformin	500.0	2+every1days	168.0	336.0	168000.0	2.3200000000000003
PMC4444588_NCT01708902	500.0	mg/kg	intragastric	Sprague-Dawley	Rats	male	7.0	high-fat diet+streptozotocin	190.0	60.0	1+every1days	56.0	56.0	ADULT,OLDER_ADULT	PHASE3	133.0	Metformin	1000.0	2+every1days	168.0	336.0	336000.0	1.9300000000000002
PMC4444588_NCT01708902	500.0	mg/kg	intragastric	Sprague-Dawley	Rats	male	7.0	high-fat diet+streptozotocin	190.0	60.0	1+every1days	56.0	56.0	ADULT,OLDER_ADULT	PHASE3	127.0	Metformin	1000.0	2+every1days	168.0	336.0	336000.0	1.92
PMC4444588_NCT01708902	150.0	mg/kg	intragastric	Sprague-Dawley	Rats	male	8.0	high-fat diet+streptozotocin	190.0	60.0	1+every1days	56.0	56.0	ADULT,OLDER_ADULT	PHASE3	144.0	Metformin	500.0	2+every1days	168.0	336.0	168000.0	-0.6399999999999999
PMC4444588_NCT01708902	300.0	mg/kg	intragastric	Sprague-Dawley	Rats	male	8.0	high-fat diet+streptozotocin	190.0	60.0	1+every1days	56.0	56.0	ADULT,OLDER_ADULT	PHASE3	144.0	Metformin	500.0	2+every1days	168.0	336.0	168000.0	0.3600000000000001
PMC4444588_NCT01708902	150.0	mg/kg	intragastric	Sprague-Dawley	Rats	male	8.0	high-fat diet+streptozotocin	190.0	60.0	1+every1days	56.0	56.0	ADULT,OLDER_ADULT	PHASE3	133.0	Metformin	500.0	2+every1days	168.0	336.0	168000.0	-0.6799999999999999
PMC4444588_NCT01708902	300.0	mg/kg	intragastric	Sprague-Dawley	Rats	male	8.0	high-fat diet+streptozotocin	190.0	60.0	1+every1days	56.0	56.0	ADULT,OLDER_ADULT	PHASE3	133.0	Metformin	500.0	2+every1days	168.0	336.0	168000.0	0.32000000000000006
PMC4444588_NCT01708902	150.0	mg/kg	intragastric	Sprague-Dawley	Rats	male	8.0	high-fat diet+streptozotocin	190.0	60.0	1+every1days	56.0	56.0	ADULT,OLDER_ADULT	PHASE3	133.0	Metformin	1000.0	2+every1days	168.0	336.0	336000.0	-1.0699999999999998
PMC4444588_NCT01708902	300.0	mg/kg	intragastric	Sprague-Dawley	Rats	male	8.0	high-fat diet+streptozotocin	190.0	60.0	1+every1days	56.0	56.0	ADULT,OLDER_ADULT	PHASE3	133.0	Metformin	1000.0	2+every1days	168.0	336.0	336000.0	-0.06999999999999984
PMC4444588_NCT01708902	150.0	mg/kg	intragastric	Sprague-Dawley	Rats	male	8.0	high-fat diet+streptozotocin	190.0	60.0	1+every1days	56.0	56.0	ADULT,OLDER_ADULT	PHASE3	127.0	Metformin	1000.0	2+every1days	168.0	336.0	336000.0	-1.08
PMC4444588_NCT01708902	300.0	mg/kg	intragastric	Sprague-Dawley	Rats	male	8.0	high-fat diet+streptozotocin	190.0	60.0	1+every1days	56.0	56.0	ADULT,OLDER_ADULT	PHASE3	127.0	Metformin	1000.0	2+every1days	168.0	336.0	336000.0	-0.08000000000000007
PMC4097088_NCT01708902	300.0	mg/kg	oral	C57BL/6	Mice	Unknown	8.0	high-fat diet		70.0	1+every1days	14.0	14.0	ADULT,OLDER_ADULT	PHASE3	144.0	Metformin	500.0	2+every1days	168.0	336.0	168000.0	-1.04
PMC4097088_NCT01708902	300.0	mg/kg	oral	C57BL/6	Mice	Unknown	8.0	high-fat diet		70.0	1+every1days	14.0	14.0	ADULT,OLDER_ADULT	PHASE3	133.0	Metformin	500.0	2+every1days	168.0	336.0	168000.0	-1.08
PMC4097088_NCT01708902	300.0	mg/kg	oral	C57BL/6	Mice	Unknown	8.0	high-fat diet		70.0	1+every1days	14.0	14.0	ADULT,OLDER_ADULT	PHASE3	133.0	Metformin	1000.0	2+every1days	168.0	336.0	336000.0	-1.4699999999999998
PMC4097088_NCT01708902	300.0	mg/kg	oral	C57BL/6	Mice	Unknown	8.0	high-fat diet		70.0	1+every1days	14.0	14.0	ADULT,OLDER_ADULT	PHASE3	127.0	Metformin	1000.0	2+every1days	168.0	336.0	336000.0	-1.48
PMC9457892_NCT01708902	150.0	mg/kg	oral	C57BL/6	Mice	male	8.0	streptozotocin	27.5	70.0	1+every1days	42.0	42.0	ADULT,OLDER_ADULT	PHASE3	144.0	Metformin	500.0	2+every1days	168.0	336.0	168000.0	2.66
PMC9457892_NCT01708902	150.0	mg/kg	oral	C57BL/6	Mice	male	8.0	streptozotocin	27.5	70.0	1+every1days	42.0	42.0	ADULT,OLDER_ADULT	PHASE3	133.0	Metformin	500.0	2+every1days	168.0	336.0	168000.0	2.62
PMC9457892_NCT01708902	150.0	mg/kg	oral	C57BL/6	Mice	male	8.0	streptozotocin	27.5	70.0	1+every1days	42.0	42.0	ADULT,OLDER_ADULT	PHASE3	133.0	Metformin	1000.0	2+every1days	168.0	336.0	336000.0	2.23
PMC9457892_NCT01708902	150.0	mg/kg	oral	C57BL/6	Mice	male	8.0	streptozotocin	27.5	70.0	1+every1days	42.0	42.0	ADULT,OLDER_ADULT	PHASE3	127.0	Metformin	1000.0	2+every1days	168.0	336.0	336000.0	2.2199999999999998
PMC8745465_NCT01708902	120.0	mg/kg	oral	Wistar	Rats	male	30.0	high-fat diet+streptozotocin	170.0	70.0	1+every1days	35.0	35.0	ADULT,OLDER_ADULT	PHASE3	144.0	Metformin	500.0	2+every1days	168.0	336.0	168000.0	-0.1299999999999999
PMC8745465_NCT01708902	120.0	mg/kg	oral	Wistar	Rats	male	30.0	high-fat diet+streptozotocin	170.0	70.0	1+every1days	35.0	35.0	ADULT,OLDER_ADULT	PHASE3	133.0	Metformin	500.0	2+every1days	168.0	336.0	168000.0	-0.16999999999999993
PMC8745465_NCT01708902	120.0	mg/kg	oral	Wistar	Rats	male	30.0	high-fat diet+streptozotocin	170.0	70.0	1+every1days	35.0	35.0	ADULT,OLDER_ADULT	PHASE3	133.0	Metformin	1000.0	2+every1days	168.0	336.0	336000.0	-0.5599999999999998
PMC8745465_NCT01708902	120.0	mg/kg	oral	Wistar	Rats	male	30.0	high-fat diet+streptozotocin	170.0	70.0	1+every1days	35.0	35.0	ADULT,OLDER_ADULT	PHASE3	127.0	Metformin	1000.0	2+every1days	168.0	336.0	336000.0	-0.5700000000000001
PMC8974032_NCT01720446	90.0	nmol/kg	subcutaneous	db/db	Mice	male		genetic	40.0	49.0	1+every7days	56.0	8.0	ADULT,OLDER_ADULT	PHASE3	826.0	Semaglutide	0.5	1+every7days	728.0	104.0	52.0	-0.09000000000000008
PMC8974032_NCT01720446	90.0	nmol/kg	subcutaneous	db/db	Mice	male		genetic	40.0	49.0	1+every7days	56.0	8.0	ADULT,OLDER_ADULT	PHASE3	822.0	Semaglutide	1.0	1+every7days	728.0	104.0	104.0	-0.4099999999999999
PMC9050719_NCT01720446	25.0	nmol/kg	subcutaneous	db/db	Mice	male	6.0	genetic	35.0	56.0	1+every7days	21.0	3.0	ADULT,OLDER_ADULT	PHASE3	826.0	Semaglutide	0.5	1+every7days	728.0	104.0	52.0	-1.04
PMC9050719_NCT01720446	25.0	nmol/kg	subcutaneous	db/db	Mice	male	6.0	genetic	35.0	56.0	1+every1days	21.0	21.0	ADULT,OLDER_ADULT	PHASE3	826.0	Semaglutide	0.5	1+every7days	728.0	104.0	52.0	-0.79
PMC9050719_NCT01720446	25.0	nmol/kg	subcutaneous	db/db	Mice	male	6.0	genetic	35.0	56.0	1+every7days	21.0	3.0	ADULT,OLDER_ADULT	PHASE3	822.0	Semaglutide	1.0	1+every7days	728.0	104.0	104.0	-1.3599999999999999
PMC9050719_NCT01720446	25.0	nmol/kg	subcutaneous	db/db	Mice	male	6.0	genetic	35.0	56.0	1+every1days	21.0	21.0	ADULT,OLDER_ADULT	PHASE3	822.0	Semaglutide	1.0	1+every7days	728.0	104.0	104.0	-1.1099999999999999
PMC9050719_NCT01720446	25.0	nmol/kg	subcutaneous	db/db	Mice	male	6.0	genetic	35.5	56.0	1+every1days	42.0	42.0	ADULT,OLDER_ADULT	PHASE3	826.0	Semaglutide	0.5	1+every7days	728.0	104.0	52.0	0.20999999999999996
PMC9050719_NCT01720446	25.0	nmol/kg	subcutaneous	db/db	Mice	male	6.0	genetic	35.5	56.0	1+every1days	42.0	42.0	ADULT,OLDER_ADULT	PHASE3	822.0	Semaglutide	1.0	1+every7days	728.0	104.0	104.0	-0.10999999999999988
PMC9796023_NCT01720446	14.0	nmol/kg	subcutaneous	db/db	Mice	both	8.0	genetic	47.5	63.0	1+every2days	28.0	14.0	ADULT,OLDER_ADULT	PHASE3	826.0	Semaglutide	0.5	1+every7days	728.0	104.0	52.0	1.61
PMC9796023_NCT01720446	14.0	nmol/kg	subcutaneous	db/db	Mice	both	8.0	genetic	47.5	63.0	1+every2days	28.0	14.0	ADULT,OLDER_ADULT	PHASE3	822.0	Semaglutide	1.0	1+every7days	728.0	104.0	104.0	1.2900000000000003
PMC8975272_NCT01720446	15.0	nmol/kg	subcutaneous	db/db	Mice	both	8.0	genetic	45.0	70.0	1+every2days	28.0	14.0	ADULT,OLDER_ADULT	PHASE3	826.0	Semaglutide	0.5	1+every7days	728.0	104.0	52.0	1.2099999999999997
PMC8975272_NCT01720446	15.0	nmol/kg	subcutaneous	db/db	Mice	both	8.0	genetic	45.0	70.0	1+every2days	28.0	14.0	ADULT,OLDER_ADULT	PHASE3	822.0	Semaglutide	1.0	1+every7days	728.0	104.0	104.0	0.8899999999999999
PMC5489512_NCT01792518	2.0	mg/kg	oral	KK-Ay	Mice	female	10.0	genetic	50.0		1+every1days	42.0	42.0	ADULT,OLDER_ADULT	PHASE3	161.0	Linagliptin	5.0	1+every1days	168.0	168.0	840.0	-0.33
PMC6701666_NCT01792518	3.0	mg/kg	oral	db/db	Mice	female	12.0	genetic		38.5	1+every1days	42.0	42.0	ADULT,OLDER_ADULT	PHASE3	161.0	Linagliptin	5.0	1+every1days	168.0	168.0	840.0	-0.63
PMC5152931_NCT01792518	0.083	mg/kg	oral	Wistar	Rats	male	22.0	streptozotocin		42.0	Unknown	168.0		ADULT,OLDER_ADULT	PHASE3	161.0	Linagliptin	5.0	1+every1days	168.0	168.0	840.0	1.37
PMC9026493_NCT01809327	10.0	mg/kg	oral	Sprague-Dawley	Rats	male	6.0	high-fat diet+streptozotocin	270.0		1+every1days	28.0	28.0	ADULT,OLDER_ADULT	PHASE3	230.0	Canagliflozin	100.0	1+every1days	182.0	182.0	18200.0	0.8300000000000001
PMC9026493_NCT01809327	10.0	mg/kg	oral	Sprague-Dawley	Rats	male	6.0	high-fat diet+streptozotocin	270.0		1+every1days	28.0	28.0	ADULT,OLDER_ADULT	PHASE3	234.0	Canagliflozin	300.0	1+every1days	182.0	182.0	54600.0	0.7800000000000002
PMC3280264_NCT01809327	3.0	mg/kg	oral	Zucker Diabetic Fatty	Rats	male		genetic			1+every1days	28.0	28.0	ADULT,OLDER_ADULT	PHASE3	230.0	Canagliflozin	100.0	1+every1days	182.0	182.0	18200.0	3.0300000000000002
PMC3280264_NCT01809327	10.0	mg/kg	oral	Zucker Diabetic Fatty	Rats	male		genetic			1+every1days	28.0	28.0	ADULT,OLDER_ADULT	PHASE3	230.0	Canagliflozin	100.0	1+every1days	182.0	182.0	18200.0	4.53
PMC3280264_NCT01809327	30.0	mg/kg	oral	Zucker Diabetic Fatty	Rats	male		genetic			1+every1days	28.0	28.0	ADULT,OLDER_ADULT	PHASE3	230.0	Canagliflozin	100.0	1+every1days	182.0	182.0	18200.0	4.63
PMC3280264_NCT01809327	3.0	mg/kg	oral	Zucker Diabetic Fatty	Rats	male		genetic			1+every1days	28.0	28.0	ADULT,OLDER_ADULT	PHASE3	234.0	Canagliflozin	300.0	1+every1days	182.0	182.0	54600.0	2.9800000000000004
PMC3280264_NCT01809327	10.0	mg/kg	oral	Zucker Diabetic Fatty	Rats	male		genetic			1+every1days	28.0	28.0	ADULT,OLDER_ADULT	PHASE3	234.0	Canagliflozin	300.0	1+every1days	182.0	182.0	54600.0	4.48
PMC3280264_NCT01809327	30.0	mg/kg	oral	Zucker Diabetic Fatty	Rats	male		genetic			1+every1days	28.0	28.0	ADULT,OLDER_ADULT	PHASE3	234.0	Canagliflozin	300.0	1+every1days	182.0	182.0	54600.0	4.58
PMC4304810_NCT01809327	10.0	mg/kg	oral	Zucker Diabetic Fatty	Rats	male		genetic		49.0	1+every1days	42.0	42.0	ADULT,OLDER_ADULT	PHASE3	230.0	Canagliflozin	100.0	1+every1days	182.0	182.0	18200.0	2.9299999999999997
PMC4304810_NCT01809327	10.0	mg/kg	oral	Zucker Diabetic Fatty	Rats	male		genetic		49.0	1+every1days	42.0	42.0	ADULT,OLDER_ADULT	PHASE3	234.0	Canagliflozin	300.0	1+every1days	182.0	182.0	54600.0	2.88
PMC7852344_NCT01809327	20.0	mg/kg	oral	TALLYHO/JngJ	Mice	male	52.0	genetic		63.0	1+every1days	70.0	70.0	ADULT,OLDER_ADULT	PHASE3	230.0	Canagliflozin	100.0	1+every1days	182.0	182.0	18200.0	1.23
PMC7852344_NCT01809327	20.0	mg/kg	oral	TALLYHO/JngJ	Mice	male	52.0	genetic		63.0	1+every1days	70.0	70.0	ADULT,OLDER_ADULT	PHASE3	234.0	Canagliflozin	300.0	1+every1days	182.0	182.0	54600.0	1.1800000000000002
PMC9055162_NCT01885208	250.0	nmol/kg	subcutaneous	db/db	Mice	male		genetic			2+every7days	56.0	16.0	ADULT,OLDER_ADULT	PHASE3	405.0	Exenatide	2.0	1+every7days	392.0	56.0	112.0	2.38
PMC7189518_NCT01885208	0.6	mg/kg	oral	db/db	Mice	male	6.0	genetic			1+every1days	49.0	49.0	ADULT,OLDER_ADULT	PHASE3	405.0	Exenatide	2.0	1+every7days	392.0	56.0	112.0	-0.050000000000000044
PMC7189518_NCT01885208	0.6	mg/kg	oral	db/db	Mice	male	6.0	genetic			1+every1days	49.0	49.0	ADULT,OLDER_ADULT	PHASE3	405.0	Exenatide	2.0	1+every7days	392.0	56.0	112.0	0.23999999999999988
PMC7189518_NCT01885208	0.06	mg/kg	subcutaneous	db/db	Mice	male	6.0	genetic			1+every1days	49.0	49.0	ADULT,OLDER_ADULT	PHASE3	405.0	Exenatide	2.0	1+every7days	392.0	56.0	112.0	0.2899999999999999
PMC6369909_NCT01885208	20.0	μg/kg	subcutaneous	Sprague-Dawley	Rats	male	6.0	high-fat diet+streptozotocin	160.0		1+every1days	28.0	28.0	ADULT,OLDER_ADULT	PHASE3	405.0	Exenatide	2.0	1+every7days	392.0	56.0	112.0	2.08
PMC2948479_NCT01885208	3.5	pm/kg/min	subcutaneous	3xTg-AD	Mice	both	8.0	streptozotocin	30.0	352.5	Unknown	112.0		ADULT,OLDER_ADULT	PHASE3	405.0	Exenatide	2.0	1+every7days	392.0	56.0	112.0	1.2800000000000002
PMC4553314_NCT01885208	2.0	μg/kg	subcutaneous	db/db	Mice	female	10.0	genetic		45.5	2+every1days	43.0	86.0	ADULT,OLDER_ADULT	PHASE3	405.0	Exenatide	2.0	1+every7days	392.0	56.0	112.0	-0.42000000000000004
PMC8974032_NCT01885208	90.0	nmol/kg	subcutaneous	db/db	Mice	male		genetic	40.0	49.0	1+every7days	56.0	8.0	ADULT,OLDER_ADULT	PHASE3	404.0	Semaglutide	1.0	1+every7days	392.0	56.0	56.0	-0.54
PMC4686834_NCT01885208	1.0	μg/kg	subcutaneous	C57BL/6	Mice	male	7.0	genetic		56.0	1+every1days	21.0	21.0	ADULT,OLDER_ADULT	PHASE3	405.0	Exenatide	2.0	1+every7days	392.0	56.0	112.0	-0.87
PMC4686834_NCT01885208	10.0	μg/kg	subcutaneous	C57BL/6	Mice	male	7.0	genetic		56.0	1+every1days	21.0	21.0	ADULT,OLDER_ADULT	PHASE3	405.0	Exenatide	2.0	1+every7days	392.0	56.0	112.0	-0.72
PMC9050719_NCT01885208	25.0	nmol/kg	subcutaneous	db/db	Mice	male	6.0	genetic	35.0	56.0	1+every7days	21.0	3.0	ADULT,OLDER_ADULT	PHASE3	404.0	Semaglutide	1.0	1+every7days	392.0	56.0	56.0	-1.49
PMC9050719_NCT01885208	25.0	nmol/kg	subcutaneous	db/db	Mice	male	6.0	genetic	35.0	56.0	1+every1days	21.0	21.0	ADULT,OLDER_ADULT	PHASE3	404.0	Semaglutide	1.0	1+every7days	392.0	56.0	56.0	-1.24
PMC9050719_NCT01885208	25.0	nmol/kg	subcutaneous	db/db	Mice	male	6.0	genetic	35.5	56.0	1+every1days	42.0	42.0	ADULT,OLDER_ADULT	PHASE3	404.0	Semaglutide	1.0	1+every7days	392.0	56.0	56.0	-0.24
PMC4237538_NCT01885208	0.03	mg/kg	subcutaneous	ob/ob	Mice	male		genetic	43.0	56.0	1+every1days	28.0	28.0	ADULT,OLDER_ADULT	PHASE3	405.0	Exenatide	2.0	1+every7days	392.0	56.0	112.0	0.9799999999999999
PMC3913652_NCT01885208	30.0	nmol/kg	subcutaneous	ob/ob	Mice	male	10.0	genetic	43.9	56.0	1+every1days	28.0	28.0	ADULT,OLDER_ADULT	PHASE3	405.0	Exenatide	2.0	1+every7days	392.0	56.0	112.0	-0.37
PMC3654567_NCT01885208	250.0	μg/kg	subcutaneous	Zucker Diabetic Fatty	Rats	male		genetic		56.0	2+every1days	91.0	182.0	ADULT,OLDER_ADULT	PHASE3	405.0	Exenatide	2.0	1+every7days	392.0	56.0	112.0	0.88
PMC3654567_NCT01885208	6.0	μg/kg	subcutaneous	Zucker Diabetic Fatty	Rats	male		genetic		56.0	2+every1days	91.0	182.0	ADULT,OLDER_ADULT	PHASE3	405.0	Exenatide	2.0	1+every7days	392.0	56.0	112.0	1.08
PMC3654567_NCT01885208	40.0	μg/kg	subcutaneous	Zucker Diabetic Fatty	Rats	male		genetic		56.0	2+every1days	91.0	182.0	ADULT,OLDER_ADULT	PHASE3	405.0	Exenatide	2.0	1+every7days	392.0	56.0	112.0	1.98
PMC9796023_NCT01885208	14.0	nmol/kg	subcutaneous	db/db	Mice	both	8.0	genetic	47.5	63.0	1+every2days	28.0	14.0	ADULT,OLDER_ADULT	PHASE3	404.0	Semaglutide	1.0	1+every7days	392.0	56.0	56.0	1.1600000000000001
PMC8975272_NCT01885208	15.0	nmol/kg	subcutaneous	db/db	Mice	both	8.0	genetic	45.0	70.0	1+every2days	28.0	14.0	ADULT,OLDER_ADULT	PHASE3	404.0	Semaglutide	1.0	1+every7days	392.0	56.0	56.0	0.7599999999999998
PMC5477380_NCT01885208	2.0	μg/kg	subcutaneous	KK-Ay	Mice	female	13.0	genetic		77.0	2+every1days	49.0	98.0	ADULT,OLDER_ADULT	PHASE3	405.0	Exenatide	2.0	1+every7days	392.0	56.0	112.0	-0.22000000000000008
PMC8974032_NCT01923181	90.0	nmol/kg	subcutaneous	db/db	Mice	male		genetic	40.0	49.0	1+every7days	56.0	8.0	ADULT,OLDER_ADULT	PHASE2	56.0	Semaglutide	2.5	1+every1days	182.0	182.0	455.0	0.12
PMC9050719_NCT01923181	25.0	nmol/kg	subcutaneous	db/db	Mice	male	6.0	genetic	35.0	56.0	1+every7days	21.0	3.0	ADULT,OLDER_ADULT	PHASE2	56.0	Semaglutide	2.5	1+every1days	182.0	182.0	455.0	-0.83
PMC9050719_NCT01923181	25.0	nmol/kg	subcutaneous	db/db	Mice	male	6.0	genetic	35.0	56.0	1+every1days	21.0	21.0	ADULT,OLDER_ADULT	PHASE2	56.0	Semaglutide	2.5	1+every1days	182.0	182.0	455.0	-0.5800000000000001
PMC9050719_NCT01923181	25.0	nmol/kg	subcutaneous	db/db	Mice	male	6.0	genetic	35.5	56.0	1+every1days	42.0	42.0	ADULT,OLDER_ADULT	PHASE2	56.0	Semaglutide	2.5	1+every1days	182.0	182.0	455.0	0.42000000000000004
PMC9796023_NCT01923181	14.0	nmol/kg	subcutaneous	db/db	Mice	both	8.0	genetic	47.5	63.0	1+every2days	28.0	14.0	ADULT,OLDER_ADULT	PHASE2	56.0	Semaglutide	2.5	1+every1days	182.0	182.0	455.0	1.8200000000000003
PMC8975272_NCT01923181	15.0	nmol/kg	subcutaneous	db/db	Mice	both	8.0	genetic	45.0	70.0	1+every2days	28.0	14.0	ADULT,OLDER_ADULT	PHASE2	56.0	Semaglutide	2.5	1+every1days	182.0	182.0	455.0	1.42
PMC9374709_NCT01973231	0.4	mg/kg	subcutaneous	C57BL/6NRj	Mice	male	23.0	high-fat diet	35.0	112.0	1+every1days	28.0	28.0	ADULT,OLDER_ADULT	PHASE4	194.0	Liraglutide	1.8	1+every1days	182.0	182.0	327.6	-0.46899999999999986
PMC9374709_NCT01973231	0.4	mg/kg	subcutaneous	C57BL/6NTac	Mice	male	16.0	high-fat diet	35.0	112.0	1+every1days	28.0	28.0	ADULT,OLDER_ADULT	PHASE4	194.0	Liraglutide	1.8	1+every1days	182.0	182.0	327.6	9.881
PMC6412877_NCT01973231	25.0	nmol/kg	subcutaneous	Unknown	Mice	male		high-fat diet		49.0	1+every1days	28.0	28.0	ADULT,OLDER_ADULT	PHASE4	194.0	Liraglutide	1.8	1+every1days	182.0	182.0	327.6	-1.309
PMC9072222_NCT01973231	0.1	mg/kg	subcutaneous	db/db	Mice	male	40.0	genetic		49.0	1+every1days	56.0	56.0	ADULT,OLDER_ADULT	PHASE4	194.0	Liraglutide	1.8	1+every1days	182.0	182.0	327.6	-0.40900000000000003
PMC9050719_NCT01973231	25.0	nmol/kg	intraperitoneal	db/db	Mice	male	6.0	genetic	35.0	56.0	1+every7days	21.0	3.0	ADULT,OLDER_ADULT	PHASE4	191.0	Lixisenatide	0.01	1+every1days	182.0	182.0	1.82	-1.288
PMC10520173_NCT01973231	150.0	μg/kg	subcutaneous	Wistar	Rats	male		streptozotocin		56.0	5+every7days	84.0	60.0	ADULT,OLDER_ADULT	PHASE4	191.0	Lixisenatide	0.01	1+every1days	182.0	182.0	1.82	-0.798
PMC9112483_NCT01973231	200.0	μg/kg	subcutaneous	Zucker Diabetic Fatty	Rats	male	7.0	genetic		77.0	2+every1days	140.0	280.0	ADULT,OLDER_ADULT	PHASE4	194.0	Liraglutide	1.8	1+every1days	182.0	182.0	327.6	-0.40900000000000003
PMC5663708_NCT02002975	36.0	mg/kg	oral	Wistar	Rats	male	6.0	streptozotocin+nicotinamide	180.0		1+every1days	15.0	15.0	ADULT,OLDER_ADULT	Unknown	16558.0	Pioglitazone	22.5	1+every1days	1095.0	1095.0	24637.5	1.1600000000000001
PMC4743348_NCT02002975	20.0	mg/kg	oral	Wistar	Rats	male	8.0	high-fat diet+streptozotocin	175.0		1+every1days	21.0	21.0	ADULT,OLDER_ADULT	Unknown	16558.0	Pioglitazone	22.5	1+every1days	1095.0	1095.0	24637.5	4.11
PMC4743348_NCT02002975	20.0	mg/kg	oral	Wistar	Rats	male	8.0	streptozotocin	175.0		1+every1days	21.0	21.0	ADULT,OLDER_ADULT	Unknown	16558.0	Pioglitazone	22.5	1+every1days	1095.0	1095.0	24637.5	3.26
PMC6540170_NCT02002975	0.01	% (w/w)	oral	C57BLKS/J-db/db	Mice	male	10.0	genetic		28.0	1+every1days	35.0	35.0	ADULT,OLDER_ADULT	Unknown	16558.0	Pioglitazone	22.5	1+every1days	1095.0	1095.0	24637.5	3.0599999999999996
PMC6883099_NCT02002975	3.0	mg/kg	oral	KK-Ay	Mice	male	6.0	high-fat diet		49.0	1+every1days	28.0	28.0	ADULT,OLDER_ADULT	Unknown	16558.0	Pioglitazone	22.5	1+every1days	1095.0	1095.0	24637.5	-0.9600000000000001
PMC6883099_NCT02002975	10.0	mg/kg	oral	KK-Ay	Mice	male	6.0	high-fat diet		49.0	1+every1days	28.0	28.0	ADULT,OLDER_ADULT	Unknown	16558.0	Pioglitazone	22.5	1+every1days	1095.0	1095.0	24637.5	0.79
PMC6883099_NCT02002975	30.0	mg/kg	oral	KK-Ay	Mice	male	6.0	high-fat diet		49.0	1+every1days	28.0	28.0	ADULT,OLDER_ADULT	Unknown	16558.0	Pioglitazone	22.5	1+every1days	1095.0	1095.0	24637.5	1.4699999999999998
PMC4304810_NCT02002975	10.0	mg/kg	oral	Zucker Diabetic Fatty	Rats	male		genetic		49.0	1+every1days	42.0	42.0	ADULT,OLDER_ADULT	Unknown	16558.0	Pioglitazone	22.5	1+every1days	1095.0	1095.0	24637.5	3.5599999999999996
PMC3907559_NCT02002975	30.0	mg/kg	oral	Zucker Diabetic Fatty	Rats	male	10.0	genetic		49.0	2+every1days	32.0	64.0	ADULT,OLDER_ADULT	Unknown	16558.0	Pioglitazone	22.5	1+every1days	1095.0	1095.0	24637.5	2.96
PMC5207690_NCT02002975	4.5	mg/kg	oral	KK-Ay	Mice	male	10.0	high-fat diet		56.0	1+every1days	70.0	70.0	ADULT,OLDER_ADULT	Unknown	16558.0	Pioglitazone	22.5	1+every1days	1095.0	1095.0	24637.5	-0.09000000000000008
PMC5360432_NCT02002975	10.0	mg/kg	oral	ob/ob	Mice	male	7.0	genetic		56.0	2+every1days	28.0	56.0	ADULT,OLDER_ADULT	Unknown	16558.0	Pioglitazone	22.5	1+every1days	1095.0	1095.0	24637.5	0.56
PMC4457365_NCT02002975	2.5	mg/kg	oral	UCD-T2DM	Rats	male	32.0	genetic		60.0	1+every1days	365.0	365.0	ADULT,OLDER_ADULT	Unknown	16558.0	Pioglitazone	22.5	1+every1days	1095.0	1095.0	24637.5	1.1600000000000001
PMC4880722_NCT02002975	30.0	mg/kg	oral	Zucker Diabetic Fatty	Rats	male	8.0	genetic		70.0	1+every1days	42.0	42.0	ADULT,OLDER_ADULT	Unknown	16558.0	Pioglitazone	22.5	1+every1days	1095.0	1095.0	24637.5	2.16
PMC4791042_NCT02002975	32.19	mg/kg	oral	Zucker Diabetic Fatty	Rats	male	9.0	genetic		80.5	1+every1days	49.0	49.0	ADULT,OLDER_ADULT	Unknown	16558.0	Pioglitazone	22.5	1+every1days	1095.0	1095.0	24637.5	3.46
PMC5663708_NCT02003014	36.0	mg/kg	oral	Wistar	Rats	male	6.0	streptozotocin+nicotinamide	180.0		1+every1days	15.0	15.0	CHILD,ADULT,OLDER_ADULT	Unknown	824.0	Pioglitazone	22.5	1+every1days	360.0	360.0	8100.0	1.29
PMC4743348_NCT02003014	20.0	mg/kg	oral	Wistar	Rats	male	8.0	high-fat diet+streptozotocin	175.0		1+every1days	21.0	21.0	CHILD,ADULT,OLDER_ADULT	Unknown	824.0	Pioglitazone	22.5	1+every1days	360.0	360.0	8100.0	4.24
PMC4743348_NCT02003014	20.0	mg/kg	oral	Wistar	Rats	male	8.0	streptozotocin	175.0		1+every1days	21.0	21.0	CHILD,ADULT,OLDER_ADULT	Unknown	824.0	Pioglitazone	22.5	1+every1days	360.0	360.0	8100.0	3.3899999999999997
PMC6540170_NCT02003014	0.01	% (w/w)	oral	C57BLKS/J-db/db	Mice	male	10.0	genetic		28.0	1+every1days	35.0	35.0	CHILD,ADULT,OLDER_ADULT	Unknown	824.0	Pioglitazone	22.5	1+every1days	360.0	360.0	8100.0	3.1899999999999995
PMC6883099_NCT02003014	3.0	mg/kg	oral	KK-Ay	Mice	male	6.0	high-fat diet		49.0	1+every1days	28.0	28.0	CHILD,ADULT,OLDER_ADULT	Unknown	824.0	Pioglitazone	22.5	1+every1days	360.0	360.0	8100.0	-0.8300000000000001
PMC6883099_NCT02003014	10.0	mg/kg	oral	KK-Ay	Mice	male	6.0	high-fat diet		49.0	1+every1days	28.0	28.0	CHILD,ADULT,OLDER_ADULT	Unknown	824.0	Pioglitazone	22.5	1+every1days	360.0	360.0	8100.0	0.92
PMC6883099_NCT02003014	30.0	mg/kg	oral	KK-Ay	Mice	male	6.0	high-fat diet		49.0	1+every1days	28.0	28.0	CHILD,ADULT,OLDER_ADULT	Unknown	824.0	Pioglitazone	22.5	1+every1days	360.0	360.0	8100.0	1.5999999999999996
PMC4304810_NCT02003014	10.0	mg/kg	oral	Zucker Diabetic Fatty	Rats	male		genetic		49.0	1+every1days	42.0	42.0	CHILD,ADULT,OLDER_ADULT	Unknown	824.0	Pioglitazone	22.5	1+every1days	360.0	360.0	8100.0	3.6899999999999995
PMC3907559_NCT02003014	30.0	mg/kg	oral	Zucker Diabetic Fatty	Rats	male	10.0	genetic		49.0	2+every1days	32.0	64.0	CHILD,ADULT,OLDER_ADULT	Unknown	824.0	Pioglitazone	22.5	1+every1days	360.0	360.0	8100.0	3.09
PMC5207690_NCT02003014	4.5	mg/kg	oral	KK-Ay	Mice	male	10.0	high-fat diet		56.0	1+every1days	70.0	70.0	CHILD,ADULT,OLDER_ADULT	Unknown	824.0	Pioglitazone	22.5	1+every1days	360.0	360.0	8100.0	0.039999999999999925
PMC5360432_NCT02003014	10.0	mg/kg	oral	ob/ob	Mice	male	7.0	genetic		56.0	2+every1days	28.0	56.0	CHILD,ADULT,OLDER_ADULT	Unknown	824.0	Pioglitazone	22.5	1+every1days	360.0	360.0	8100.0	0.6900000000000001
PMC4457365_NCT02003014	2.5	mg/kg	oral	UCD-T2DM	Rats	male	32.0	genetic		60.0	1+every1days	365.0	365.0	CHILD,ADULT,OLDER_ADULT	Unknown	824.0	Pioglitazone	22.5	1+every1days	360.0	360.0	8100.0	1.29
PMC4880722_NCT02003014	30.0	mg/kg	oral	Zucker Diabetic Fatty	Rats	male	8.0	genetic		70.0	1+every1days	42.0	42.0	CHILD,ADULT,OLDER_ADULT	Unknown	824.0	Pioglitazone	22.5	1+every1days	360.0	360.0	8100.0	2.29
PMC4791042_NCT02003014	32.19	mg/kg	oral	Zucker Diabetic Fatty	Rats	male	9.0	genetic		80.5	1+every1days	49.0	49.0	CHILD,ADULT,OLDER_ADULT	Unknown	824.0	Pioglitazone	22.5	1+every1days	360.0	360.0	8100.0	3.59
PMC8974032_NCT02054897	90.0	nmol/kg	subcutaneous	db/db	Mice	male		genetic	40.0	49.0	1+every7days	56.0	8.0	ADULT,OLDER_ADULT	PHASE3	128.0	Semaglutide	0.5	1+every7days	210.0	30.0	15.0	-0.47
PMC8974032_NCT02054897	90.0	nmol/kg	subcutaneous	db/db	Mice	male		genetic	40.0	49.0	1+every7days	56.0	8.0	ADULT,OLDER_ADULT	PHASE3	130.0	Semaglutide	1.0	1+every7days	154.0	22.0	22.0	-0.56
PMC9050719_NCT02054897	25.0	nmol/kg	subcutaneous	db/db	Mice	male	6.0	genetic	35.0	56.0	1+every7days	21.0	3.0	ADULT,OLDER_ADULT	PHASE3	128.0	Semaglutide	0.5	1+every7days	210.0	30.0	15.0	-1.42
PMC9050719_NCT02054897	25.0	nmol/kg	subcutaneous	db/db	Mice	male	6.0	genetic	35.0	56.0	1+every1days	21.0	21.0	ADULT,OLDER_ADULT	PHASE3	128.0	Semaglutide	0.5	1+every7days	210.0	30.0	15.0	-1.17
PMC9050719_NCT02054897	25.0	nmol/kg	subcutaneous	db/db	Mice	male	6.0	genetic	35.0	56.0	1+every7days	21.0	3.0	ADULT,OLDER_ADULT	PHASE3	130.0	Semaglutide	1.0	1+every7days	154.0	22.0	22.0	-1.51
PMC9050719_NCT02054897	25.0	nmol/kg	subcutaneous	db/db	Mice	male	6.0	genetic	35.0	56.0	1+every1days	21.0	21.0	ADULT,OLDER_ADULT	PHASE3	130.0	Semaglutide	1.0	1+every7days	154.0	22.0	22.0	-1.26
PMC9050719_NCT02054897	25.0	nmol/kg	subcutaneous	db/db	Mice	male	6.0	genetic	35.5	56.0	1+every1days	42.0	42.0	ADULT,OLDER_ADULT	PHASE3	128.0	Semaglutide	0.5	1+every7days	210.0	30.0	15.0	-0.16999999999999993
PMC9050719_NCT02054897	25.0	nmol/kg	subcutaneous	db/db	Mice	male	6.0	genetic	35.5	56.0	1+every1days	42.0	42.0	ADULT,OLDER_ADULT	PHASE3	130.0	Semaglutide	1.0	1+every7days	154.0	22.0	22.0	-0.26
PMC9796023_NCT02054897	14.0	nmol/kg	subcutaneous	db/db	Mice	both	8.0	genetic	47.5	63.0	1+every2days	28.0	14.0	ADULT,OLDER_ADULT	PHASE3	128.0	Semaglutide	0.5	1+every7days	210.0	30.0	15.0	1.2300000000000002
PMC9796023_NCT02054897	14.0	nmol/kg	subcutaneous	db/db	Mice	both	8.0	genetic	47.5	63.0	1+every2days	28.0	14.0	ADULT,OLDER_ADULT	PHASE3	130.0	Semaglutide	1.0	1+every7days	154.0	22.0	22.0	1.1400000000000001
PMC8975272_NCT02054897	15.0	nmol/kg	subcutaneous	db/db	Mice	both	8.0	genetic	45.0	70.0	1+every2days	28.0	14.0	ADULT,OLDER_ADULT	PHASE3	128.0	Semaglutide	0.5	1+every7days	210.0	30.0	15.0	0.8299999999999998
PMC8975272_NCT02054897	15.0	nmol/kg	subcutaneous	db/db	Mice	both	8.0	genetic	45.0	70.0	1+every2days	28.0	14.0	ADULT,OLDER_ADULT	PHASE3	130.0	Semaglutide	1.0	1+every7days	154.0	22.0	22.0	0.7399999999999998
PMC4457365_NCT02068443	20.0	mg/kg	oral	UCD-T2DM	Rats	male	32.0	genetic		60.0	1+every1days	365.0	365.0	ADULT,OLDER_ADULT	PHASE3	71.0	Alogliptin	25.0	1+every1days	168.0	168.0	4200.0	0.36
PMC4457365_NCT02068443	20.0	mg/kg	oral	UCD-T2DM	Rats	male	32.0	genetic		60.0	1+every1days	365.0	365.0	ADULT,OLDER_ADULT	PHASE3	71.0	Alogliptin	25.0	1+every1days	168.0	168.0	4200.0	0.37
PMC8974032_NCT02128932	90.0	nmol/kg	subcutaneous	db/db	Mice	male		genetic	40.0	49.0	1+every7days	56.0	8.0	ADULT,OLDER_ADULT	PHASE3	362.0	Semaglutide	0.5	1+every7days	182.0	26.0	13.0	-0.20999999999999996
PMC8974032_NCT02128932	90.0	nmol/kg	subcutaneous	db/db	Mice	male		genetic	40.0	49.0	1+every7days	56.0	8.0	ADULT,OLDER_ADULT	PHASE3	360.0	Semaglutide	1.0	1+every7days	182.0	26.0	26.0	-0.6399999999999999
PMC9050719_NCT02128932	25.0	nmol/kg	subcutaneous	db/db	Mice	male	6.0	genetic	35.0	56.0	1+every7days	21.0	3.0	ADULT,OLDER_ADULT	PHASE3	362.0	Semaglutide	0.5	1+every7days	182.0	26.0	13.0	-1.16
PMC9050719_NCT02128932	25.0	nmol/kg	subcutaneous	db/db	Mice	male	6.0	genetic	35.0	56.0	1+every1days	21.0	21.0	ADULT,OLDER_ADULT	PHASE3	362.0	Semaglutide	0.5	1+every7days	182.0	26.0	13.0	-0.9099999999999999
PMC9050719_NCT02128932	25.0	nmol/kg	subcutaneous	db/db	Mice	male	6.0	genetic	35.0	56.0	1+every7days	21.0	3.0	ADULT,OLDER_ADULT	PHASE3	360.0	Semaglutide	1.0	1+every7days	182.0	26.0	26.0	-1.5899999999999999
PMC9050719_NCT02128932	25.0	nmol/kg	subcutaneous	db/db	Mice	male	6.0	genetic	35.0	56.0	1+every1days	21.0	21.0	ADULT,OLDER_ADULT	PHASE3	360.0	Semaglutide	1.0	1+every7days	182.0	26.0	26.0	-1.3399999999999999
PMC9050719_NCT02128932	25.0	nmol/kg	subcutaneous	db/db	Mice	male	6.0	genetic	35.5	56.0	1+every1days	42.0	42.0	ADULT,OLDER_ADULT	PHASE3	362.0	Semaglutide	0.5	1+every7days	182.0	26.0	13.0	0.09000000000000008
PMC9050719_NCT02128932	25.0	nmol/kg	subcutaneous	db/db	Mice	male	6.0	genetic	35.5	56.0	1+every1days	42.0	42.0	ADULT,OLDER_ADULT	PHASE3	360.0	Semaglutide	1.0	1+every7days	182.0	26.0	26.0	-0.33999999999999986
PMC9796023_NCT02128932	14.0	nmol/kg	subcutaneous	db/db	Mice	both	8.0	genetic	47.5	63.0	1+every2days	28.0	14.0	ADULT,OLDER_ADULT	PHASE3	362.0	Semaglutide	0.5	1+every7days	182.0	26.0	13.0	1.4900000000000002
PMC9796023_NCT02128932	14.0	nmol/kg	subcutaneous	db/db	Mice	both	8.0	genetic	47.5	63.0	1+every2days	28.0	14.0	ADULT,OLDER_ADULT	PHASE3	360.0	Semaglutide	1.0	1+every7days	182.0	26.0	26.0	1.0600000000000003
PMC8975272_NCT02128932	15.0	nmol/kg	subcutaneous	db/db	Mice	both	8.0	genetic	45.0	70.0	1+every2days	28.0	14.0	ADULT,OLDER_ADULT	PHASE3	362.0	Semaglutide	0.5	1+every7days	182.0	26.0	13.0	1.0899999999999999
PMC8975272_NCT02128932	15.0	nmol/kg	subcutaneous	db/db	Mice	both	8.0	genetic	45.0	70.0	1+every2days	28.0	14.0	ADULT,OLDER_ADULT	PHASE3	360.0	Semaglutide	1.0	1+every7days	182.0	26.0	26.0	0.6599999999999999
PMC9143250_NCT02157298	1.0	mg/kg	oral	Wistar	Rats	both	6.0	high-fat diet+streptozotocin	215.0		1+every1days	28.0	28.0	ADULT,OLDER_ADULT	PHASE4	122.0	Dapagliflozin	5.0	Unknown	112.0			7.95
PMC10308685_NCT02157298	1.0	mg/kg	oral	Zucker Diabetic Fatty	Rats	male	8.0	genetic		112.0	1+every1days	84.0	84.0	ADULT,OLDER_ADULT	PHASE4	122.0	Dapagliflozin	5.0	Unknown	112.0			4.8500000000000005
PMC4237538_NCT02157298	1.0	mg/kg	oral	ob/ob	Mice	male		genetic	43.0	56.0	1+every1days	28.0	28.0	ADULT,OLDER_ADULT	PHASE4	122.0	Dapagliflozin	5.0	Unknown	112.0			0.8499999999999999
PMC6856656_NCT02157298	1.0	mg/kg	oral	Zucker Diabetic Fatty	Rats	male	8.0	high-fat diet		84.0	1+every1days	63.0	63.0	ADULT,OLDER_ADULT	PHASE4	122.0	Dapagliflozin	5.0	Unknown	112.0			2.3499999999999996
PMC5089752_NCT02157298	1.0	mg/kg	oral	Otsuka Long-Evans Tokushima Fatty	Rats	male	10.0	genetic		98.0	1+every1days	84.0	84.0	ADULT,OLDER_ADULT	PHASE4	122.0	Dapagliflozin	5.0	Unknown	112.0			1.49
PMC8953658_NCT02157298	1.0	mg/kg	oral gavage	Zucker Diabetic Fatty	Rats	male	7.0	genetic		98.0	1+every1days	28.0	28.0	ADULT,OLDER_ADULT	PHASE4	122.0	Dapagliflozin	5.0	Unknown	112.0			2.45
PMC5663708_NCT02181842	36.0	mg/kg	oral	Wistar	Rats	male	6.0	streptozotocin+nicotinamide	180.0		1+every1days	15.0	15.0	CHILD,ADULT,OLDER_ADULT	Unknown	189.0	Pioglitazone	22.5	1+every1days	336.0	336.0	7560.0	1.52
PMC5663708_NCT02181842	36.0	mg/kg	oral	Wistar	Rats	male	6.0	streptozotocin+nicotinamide	180.0		1+every1days	15.0	15.0	CHILD,ADULT,OLDER_ADULT	Unknown	189.0	Pioglitazone	22.5	1+every1days	336.0	336.0	7560.0	1.4700000000000002
PMC5663708_NCT02181842	36.0	mg/kg	oral	Wistar	Rats	male	6.0	streptozotocin+nicotinamide	180.0		1+every1days	15.0	15.0	CHILD,ADULT,OLDER_ADULT	Unknown	189.0	Pioglitazone	22.5	1+every1days	336.0	336.0	7560.0	1.3900000000000001
PMC4743348_NCT02181842	20.0	mg/kg	oral	Wistar	Rats	male	8.0	high-fat diet+streptozotocin	175.0		1+every1days	21.0	21.0	CHILD,ADULT,OLDER_ADULT	Unknown	189.0	Pioglitazone	22.5	1+every1days	336.0	336.0	7560.0	4.470000000000001
PMC4743348_NCT02181842	20.0	mg/kg	oral	Wistar	Rats	male	8.0	streptozotocin	175.0		1+every1days	21.0	21.0	CHILD,ADULT,OLDER_ADULT	Unknown	189.0	Pioglitazone	22.5	1+every1days	336.0	336.0	7560.0	3.6199999999999997
PMC4743348_NCT02181842	20.0	mg/kg	oral	Wistar	Rats	male	8.0	high-fat diet+streptozotocin	175.0		1+every1days	21.0	21.0	CHILD,ADULT,OLDER_ADULT	Unknown	189.0	Pioglitazone	22.5	1+every1days	336.0	336.0	7560.0	4.42
PMC4743348_NCT02181842	20.0	mg/kg	oral	Wistar	Rats	male	8.0	streptozotocin	175.0		1+every1days	21.0	21.0	CHILD,ADULT,OLDER_ADULT	Unknown	189.0	Pioglitazone	22.5	1+every1days	336.0	336.0	7560.0	3.57
PMC4743348_NCT02181842	20.0	mg/kg	oral	Wistar	Rats	male	8.0	high-fat diet+streptozotocin	175.0		1+every1days	21.0	21.0	CHILD,ADULT,OLDER_ADULT	Unknown	189.0	Pioglitazone	22.5	1+every1days	336.0	336.0	7560.0	4.34
PMC4743348_NCT02181842	20.0	mg/kg	oral	Wistar	Rats	male	8.0	streptozotocin	175.0		1+every1days	21.0	21.0	CHILD,ADULT,OLDER_ADULT	Unknown	189.0	Pioglitazone	22.5	1+every1days	336.0	336.0	7560.0	3.4899999999999998
PMC6540170_NCT02181842	0.01	% (w/w)	oral	C57BLKS/J-db/db	Mice	male	10.0	genetic		28.0	1+every1days	35.0	35.0	CHILD,ADULT,OLDER_ADULT	Unknown	189.0	Pioglitazone	22.5	1+every1days	336.0	336.0	7560.0	3.4199999999999995
PMC6540170_NCT02181842	0.01	% (w/w)	oral	C57BLKS/J-db/db	Mice	male	10.0	genetic		28.0	1+every1days	35.0	35.0	CHILD,ADULT,OLDER_ADULT	Unknown	189.0	Pioglitazone	22.5	1+every1days	336.0	336.0	7560.0	3.3699999999999997
PMC6540170_NCT02181842	0.01	% (w/w)	oral	C57BLKS/J-db/db	Mice	male	10.0	genetic		28.0	1+every1days	35.0	35.0	CHILD,ADULT,OLDER_ADULT	Unknown	189.0	Pioglitazone	22.5	1+every1days	336.0	336.0	7560.0	3.2899999999999996
PMC6883099_NCT02181842	3.0	mg/kg	oral	KK-Ay	Mice	male	6.0	high-fat diet		49.0	1+every1days	28.0	28.0	CHILD,ADULT,OLDER_ADULT	Unknown	189.0	Pioglitazone	22.5	1+every1days	336.0	336.0	7560.0	-0.6000000000000001
PMC6883099_NCT02181842	10.0	mg/kg	oral	KK-Ay	Mice	male	6.0	high-fat diet		49.0	1+every1days	28.0	28.0	CHILD,ADULT,OLDER_ADULT	Unknown	189.0	Pioglitazone	22.5	1+every1days	336.0	336.0	7560.0	1.15
PMC6883099_NCT02181842	30.0	mg/kg	oral	KK-Ay	Mice	male	6.0	high-fat diet		49.0	1+every1days	28.0	28.0	CHILD,ADULT,OLDER_ADULT	Unknown	189.0	Pioglitazone	22.5	1+every1days	336.0	336.0	7560.0	1.8299999999999996
PMC6883099_NCT02181842	3.0	mg/kg	oral	KK-Ay	Mice	male	6.0	high-fat diet		49.0	1+every1days	28.0	28.0	CHILD,ADULT,OLDER_ADULT	Unknown	189.0	Pioglitazone	22.5	1+every1days	336.0	336.0	7560.0	-0.65
PMC6883099_NCT02181842	10.0	mg/kg	oral	KK-Ay	Mice	male	6.0	high-fat diet		49.0	1+every1days	28.0	28.0	CHILD,ADULT,OLDER_ADULT	Unknown	189.0	Pioglitazone	22.5	1+every1days	336.0	336.0	7560.0	1.1
PMC6883099_NCT02181842	30.0	mg/kg	oral	KK-Ay	Mice	male	6.0	high-fat diet		49.0	1+every1days	28.0	28.0	CHILD,ADULT,OLDER_ADULT	Unknown	189.0	Pioglitazone	22.5	1+every1days	336.0	336.0	7560.0	1.7799999999999998
PMC6883099_NCT02181842	3.0	mg/kg	oral	KK-Ay	Mice	male	6.0	high-fat diet		49.0	1+every1days	28.0	28.0	CHILD,ADULT,OLDER_ADULT	Unknown	189.0	Pioglitazone	22.5	1+every1days	336.0	336.0	7560.0	-0.7300000000000001
PMC6883099_NCT02181842	10.0	mg/kg	oral	KK-Ay	Mice	male	6.0	high-fat diet		49.0	1+every1days	28.0	28.0	CHILD,ADULT,OLDER_ADULT	Unknown	189.0	Pioglitazone	22.5	1+every1days	336.0	336.0	7560.0	1.02
PMC6883099_NCT02181842	30.0	mg/kg	oral	KK-Ay	Mice	male	6.0	high-fat diet		49.0	1+every1days	28.0	28.0	CHILD,ADULT,OLDER_ADULT	Unknown	189.0	Pioglitazone	22.5	1+every1days	336.0	336.0	7560.0	1.6999999999999997
PMC4304810_NCT02181842	10.0	mg/kg	oral	Zucker Diabetic Fatty	Rats	male		genetic		49.0	1+every1days	42.0	42.0	CHILD,ADULT,OLDER_ADULT	Unknown	189.0	Pioglitazone	22.5	1+every1days	336.0	336.0	7560.0	3.9199999999999995
PMC4304810_NCT02181842	10.0	mg/kg	oral	Zucker Diabetic Fatty	Rats	male		genetic		49.0	1+every1days	42.0	42.0	CHILD,ADULT,OLDER_ADULT	Unknown	189.0	Pioglitazone	22.5	1+every1days	336.0	336.0	7560.0	3.8699999999999997
PMC4304810_NCT02181842	10.0	mg/kg	oral	Zucker Diabetic Fatty	Rats	male		genetic		49.0	1+every1days	42.0	42.0	CHILD,ADULT,OLDER_ADULT	Unknown	189.0	Pioglitazone	22.5	1+every1days	336.0	336.0	7560.0	3.7899999999999996
PMC3907559_NCT02181842	30.0	mg/kg	oral	Zucker Diabetic Fatty	Rats	male	10.0	genetic		49.0	2+every1days	32.0	64.0	CHILD,ADULT,OLDER_ADULT	Unknown	189.0	Pioglitazone	22.5	1+every1days	336.0	336.0	7560.0	3.32
PMC3907559_NCT02181842	30.0	mg/kg	oral	Zucker Diabetic Fatty	Rats	male	10.0	genetic		49.0	2+every1days	32.0	64.0	CHILD,ADULT,OLDER_ADULT	Unknown	189.0	Pioglitazone	22.5	1+every1days	336.0	336.0	7560.0	3.27
PMC3907559_NCT02181842	30.0	mg/kg	oral	Zucker Diabetic Fatty	Rats	male	10.0	genetic		49.0	2+every1days	32.0	64.0	CHILD,ADULT,OLDER_ADULT	Unknown	189.0	Pioglitazone	22.5	1+every1days	336.0	336.0	7560.0	3.19
PMC5207690_NCT02181842	4.5	mg/kg	oral	KK-Ay	Mice	male	10.0	high-fat diet		56.0	1+every1days	70.0	70.0	CHILD,ADULT,OLDER_ADULT	Unknown	189.0	Pioglitazone	22.5	1+every1days	336.0	336.0	7560.0	0.2699999999999999
PMC5207690_NCT02181842	4.5	mg/kg	oral	KK-Ay	Mice	male	10.0	high-fat diet		56.0	1+every1days	70.0	70.0	CHILD,ADULT,OLDER_ADULT	Unknown	189.0	Pioglitazone	22.5	1+every1days	336.0	336.0	7560.0	0.21999999999999997
PMC5207690_NCT02181842	4.5	mg/kg	oral	KK-Ay	Mice	male	10.0	high-fat diet		56.0	1+every1days	70.0	70.0	CHILD,ADULT,OLDER_ADULT	Unknown	189.0	Pioglitazone	22.5	1+every1days	336.0	336.0	7560.0	0.1399999999999999
PMC5360432_NCT02181842	10.0	mg/kg	oral	ob/ob	Mice	male	7.0	genetic		56.0	2+every1days	28.0	56.0	CHILD,ADULT,OLDER_ADULT	Unknown	189.0	Pioglitazone	22.5	1+every1days	336.0	336.0	7560.0	0.92
PMC5360432_NCT02181842	10.0	mg/kg	oral	ob/ob	Mice	male	7.0	genetic		56.0	2+every1days	28.0	56.0	CHILD,ADULT,OLDER_ADULT	Unknown	189.0	Pioglitazone	22.5	1+every1days	336.0	336.0	7560.0	0.8700000000000001
PMC5360432_NCT02181842	10.0	mg/kg	oral	ob/ob	Mice	male	7.0	genetic		56.0	2+every1days	28.0	56.0	CHILD,ADULT,OLDER_ADULT	Unknown	189.0	Pioglitazone	22.5	1+every1days	336.0	336.0	7560.0	0.79
PMC4457365_NCT02181842	2.5	mg/kg	oral	UCD-T2DM	Rats	male	32.0	genetic		60.0	1+every1days	365.0	365.0	CHILD,ADULT,OLDER_ADULT	Unknown	189.0	Pioglitazone	22.5	1+every1days	336.0	336.0	7560.0	1.52
PMC4457365_NCT02181842	2.5	mg/kg	oral	UCD-T2DM	Rats	male	32.0	genetic		60.0	1+every1days	365.0	365.0	CHILD,ADULT,OLDER_ADULT	Unknown	189.0	Pioglitazone	22.5	1+every1days	336.0	336.0	7560.0	1.4700000000000002
PMC4457365_NCT02181842	2.5	mg/kg	oral	UCD-T2DM	Rats	male	32.0	genetic		60.0	1+every1days	365.0	365.0	CHILD,ADULT,OLDER_ADULT	Unknown	189.0	Pioglitazone	22.5	1+every1days	336.0	336.0	7560.0	1.3900000000000001
PMC4880722_NCT02181842	30.0	mg/kg	oral	Zucker Diabetic Fatty	Rats	male	8.0	genetic		70.0	1+every1days	42.0	42.0	CHILD,ADULT,OLDER_ADULT	Unknown	189.0	Pioglitazone	22.5	1+every1days	336.0	336.0	7560.0	2.52
PMC4880722_NCT02181842	30.0	mg/kg	oral	Zucker Diabetic Fatty	Rats	male	8.0	genetic		70.0	1+every1days	42.0	42.0	CHILD,ADULT,OLDER_ADULT	Unknown	189.0	Pioglitazone	22.5	1+every1days	336.0	336.0	7560.0	2.47
PMC4880722_NCT02181842	30.0	mg/kg	oral	Zucker Diabetic Fatty	Rats	male	8.0	genetic		70.0	1+every1days	42.0	42.0	CHILD,ADULT,OLDER_ADULT	Unknown	189.0	Pioglitazone	22.5	1+every1days	336.0	336.0	7560.0	2.39
PMC4791042_NCT02181842	32.19	mg/kg	oral	Zucker Diabetic Fatty	Rats	male	9.0	genetic		80.5	1+every1days	49.0	49.0	CHILD,ADULT,OLDER_ADULT	Unknown	189.0	Pioglitazone	22.5	1+every1days	336.0	336.0	7560.0	3.82
PMC4791042_NCT02181842	32.19	mg/kg	oral	Zucker Diabetic Fatty	Rats	male	9.0	genetic		80.5	1+every1days	49.0	49.0	CHILD,ADULT,OLDER_ADULT	Unknown	189.0	Pioglitazone	22.5	1+every1days	336.0	336.0	7560.0	3.77
PMC4791042_NCT02181842	32.19	mg/kg	oral	Zucker Diabetic Fatty	Rats	male	9.0	genetic		80.5	1+every1days	49.0	49.0	CHILD,ADULT,OLDER_ADULT	Unknown	189.0	Pioglitazone	22.5	1+every1days	336.0	336.0	7560.0	3.69
PMC8974032_NCT02207374	90.0	nmol/kg	subcutaneous	db/db	Mice	male		genetic	40.0	49.0	1+every7days	56.0	8.0	ADULT,OLDER_ADULT	PHASE3	220.0	Semaglutide	0.5	1+every7days	392.0	56.0	28.0	-0.74
PMC8974032_NCT02207374	90.0	nmol/kg	subcutaneous	db/db	Mice	male		genetic	40.0	49.0	1+every7days	56.0	8.0	ADULT,OLDER_ADULT	PHASE3	204.0	Semaglutide	1.0	1+every7days	392.0	56.0	56.0	-1.0299999999999998
PMC9050719_NCT02207374	25.0	nmol/kg	subcutaneous	db/db	Mice	male	6.0	genetic	35.0	56.0	1+every7days	21.0	3.0	ADULT,OLDER_ADULT	PHASE3	220.0	Semaglutide	0.5	1+every7days	392.0	56.0	28.0	-1.69
PMC9050719_NCT02207374	25.0	nmol/kg	subcutaneous	db/db	Mice	male	6.0	genetic	35.0	56.0	1+every1days	21.0	21.0	ADULT,OLDER_ADULT	PHASE3	220.0	Semaglutide	0.5	1+every7days	392.0	56.0	28.0	-1.44
PMC9050719_NCT02207374	25.0	nmol/kg	subcutaneous	db/db	Mice	male	6.0	genetic	35.0	56.0	1+every7days	21.0	3.0	ADULT,OLDER_ADULT	PHASE3	204.0	Semaglutide	1.0	1+every7days	392.0	56.0	56.0	-1.9799999999999998
PMC9050719_NCT02207374	25.0	nmol/kg	subcutaneous	db/db	Mice	male	6.0	genetic	35.0	56.0	1+every1days	21.0	21.0	ADULT,OLDER_ADULT	PHASE3	204.0	Semaglutide	1.0	1+every7days	392.0	56.0	56.0	-1.7299999999999998
PMC9050719_NCT02207374	25.0	nmol/kg	subcutaneous	db/db	Mice	male	6.0	genetic	35.5	56.0	1+every1days	42.0	42.0	ADULT,OLDER_ADULT	PHASE3	220.0	Semaglutide	0.5	1+every7days	392.0	56.0	28.0	-0.43999999999999995
PMC9050719_NCT02207374	25.0	nmol/kg	subcutaneous	db/db	Mice	male	6.0	genetic	35.5	56.0	1+every1days	42.0	42.0	ADULT,OLDER_ADULT	PHASE3	204.0	Semaglutide	1.0	1+every7days	392.0	56.0	56.0	-0.7299999999999998
PMC9796023_NCT02207374	14.0	nmol/kg	subcutaneous	db/db	Mice	both	8.0	genetic	47.5	63.0	1+every2days	28.0	14.0	ADULT,OLDER_ADULT	PHASE3	220.0	Semaglutide	0.5	1+every7days	392.0	56.0	28.0	0.9600000000000002
PMC9796023_NCT02207374	14.0	nmol/kg	subcutaneous	db/db	Mice	both	8.0	genetic	47.5	63.0	1+every2days	28.0	14.0	ADULT,OLDER_ADULT	PHASE3	204.0	Semaglutide	1.0	1+every7days	392.0	56.0	56.0	0.6700000000000004
PMC8975272_NCT02207374	15.0	nmol/kg	subcutaneous	db/db	Mice	both	8.0	genetic	45.0	70.0	1+every2days	28.0	14.0	ADULT,OLDER_ADULT	PHASE3	220.0	Semaglutide	0.5	1+every7days	392.0	56.0	28.0	0.5599999999999998
PMC8975272_NCT02207374	15.0	nmol/kg	subcutaneous	db/db	Mice	both	8.0	genetic	45.0	70.0	1+every2days	28.0	14.0	ADULT,OLDER_ADULT	PHASE3	204.0	Semaglutide	1.0	1+every7days	392.0	56.0	56.0	0.27
PMC5489512_NCT02240680	2.0	mg/kg	oral	KK-Ay	Mice	female	10.0	genetic	50.0		1+every1days	42.0	42.0	ADULT,OLDER_ADULT	PHASE4	149.0	Linagliptin	5.0	1+every1days	168.0	168.0	840.0	-0.71
PMC6701666_NCT02240680	3.0	mg/kg	oral	db/db	Mice	female	12.0	genetic		38.5	1+every1days	42.0	42.0	ADULT,OLDER_ADULT	PHASE4	149.0	Linagliptin	5.0	1+every1days	168.0	168.0	840.0	-1.01
PMC5152931_NCT02240680	0.083	mg/kg	oral	Wistar	Rats	male	22.0	streptozotocin		42.0	Unknown	168.0		ADULT,OLDER_ADULT	PHASE4	149.0	Linagliptin	5.0	1+every1days	168.0	168.0	840.0	0.99
PMC4884299_NCT02243176	15.0	mg/kg	oral	Wistar	Rats	male	6.0	streptozotocin+nicotinamide	280.0		1+every1days	42.0	42.0	ADULT,OLDER_ADULT	PHASE4	204.0	Acarbose	100.0	3+every1days	168.0	504.0	50400.0	2.3
PMC9736061_NCT02243176	50.0	mg/kg	oral	db/db	Mice	male	3.0	genetic		42.0	Unknown	98.0		ADULT,OLDER_ADULT	PHASE4	204.0	Acarbose	100.0	3+every1days	168.0	504.0	50400.0	0.47
PMC9112483_NCT02243176	10.0	mg/kg	intragastric	Zucker Diabetic Fatty	Rats	male	7.0	genetic		77.0	1+every1days	140.0	140.0	ADULT,OLDER_ADULT	PHASE4	238.0	Saxagliptin	5.0	1+every1days	168.0	168.0	840.0	-0.6199999999999999
PMC9112483_NCT02243176	10.0	mg/kg	intragastric	Zucker Diabetic Fatty	Rats	male	7.0	genetic		77.0	1+every1days	140.0	140.0	ADULT,OLDER_ADULT	PHASE4	219.0	Saxagliptin	5.0	1+every1days	168.0	168.0	840.0	-0.6299999999999999
PMC4000968_NCT02254291	10.0	mg/kg	oral	Zucker Diabetic Fatty	Rats	Unknown	7.0	genetic		140.0	1+every1days	42.0	42.0	ADULT,OLDER_ADULT	PHASE3	103.0	Sitagliptin Phosphate	100.0	1+every1days	210.0	210.0	21000.0	0.47
PMC3998187_NCT02254291	10.0	mg/kg	oral	Zucker Diabetic Fatty	Rats	male	5.0	genetic		140.0	1+every1days	42.0	42.0	ADULT,OLDER_ADULT	PHASE3	103.0	Sitagliptin Phosphate	100.0	1+every1days	210.0	210.0	21000.0	1.26
PMC2905949_NCT02254291	10.0	mg/kg	oral	Zucker Diabetic Fatty	Rats	male	8.0	genetic		140.0	1+every1days	42.0	42.0	ADULT,OLDER_ADULT	PHASE3	103.0	Sitagliptin Phosphate	100.0	1+every1days	210.0	210.0	21000.0	-0.73
PMC3235777_NCT02254291	10.0	mg/kg	oral	Zucker Diabetic Fatty	Rats	male	8.0	genetic		140.0	1+every1days	42.0	42.0	ADULT,OLDER_ADULT	PHASE3	103.0	Sitagliptin Phosphate	100.0	1+every1days	210.0	210.0	21000.0	1.04
PMC4514850_NCT02254291	100.0	mg/kg	oral	ICR	Mice	male	8.0	high-fat diet+streptozotocin		35.0	1+every1days	56.0	56.0	ADULT,OLDER_ADULT	PHASE3	103.0	Sitagliptin Phosphate	100.0	1+every1days	210.0	210.0	21000.0	0.56
PMC3660563_NCT02254291	1.0	mg/kg	oral	C57BLKS/J-db/db	Mice	male		genetic		42.0	1+every1days	42.0	42.0	ADULT,OLDER_ADULT	PHASE3	103.0	Sitagliptin Phosphate	100.0	1+every1days	210.0	210.0	21000.0	0.06000000000000005
PMC8974032_NCT02254291	90.0	nmol/kg	subcutaneous	db/db	Mice	male		genetic	40.0	49.0	1+every7days	56.0	8.0	ADULT,OLDER_ADULT	PHASE3	103.0	Semaglutide	0.5	1+every7days	210.0	30.0	15.0	-0.8700000000000001
PMC8974032_NCT02254291	90.0	nmol/kg	subcutaneous	db/db	Mice	male		genetic	40.0	49.0	1+every7days	56.0	8.0	ADULT,OLDER_ADULT	PHASE3	102.0	Semaglutide	1.0	1+every7days	210.0	30.0	30.0	-1.1800000000000002
PMC4514850_NCT02254291	100.0	mg/kg	oral	db/db	Mice	male	5.0	genetic		56.0	1+every1days	28.0	28.0	ADULT,OLDER_ADULT	PHASE3	103.0	Sitagliptin Phosphate	100.0	1+every1days	210.0	210.0	21000.0	0.16000000000000003
PMC9050719_NCT02254291	25.0	nmol/kg	subcutaneous	db/db	Mice	male	6.0	genetic	35.0	56.0	1+every7days	21.0	3.0	ADULT,OLDER_ADULT	PHASE3	103.0	Semaglutide	0.5	1+every7days	210.0	30.0	15.0	-1.82
PMC9050719_NCT02254291	25.0	nmol/kg	subcutaneous	db/db	Mice	male	6.0	genetic	35.0	56.0	1+every1days	21.0	21.0	ADULT,OLDER_ADULT	PHASE3	103.0	Semaglutide	0.5	1+every7days	210.0	30.0	15.0	-1.57
PMC9050719_NCT02254291	25.0	nmol/kg	subcutaneous	db/db	Mice	male	6.0	genetic	35.0	56.0	1+every7days	21.0	3.0	ADULT,OLDER_ADULT	PHASE3	102.0	Semaglutide	1.0	1+every7days	210.0	30.0	30.0	-2.1300000000000003
PMC9050719_NCT02254291	25.0	nmol/kg	subcutaneous	db/db	Mice	male	6.0	genetic	35.0	56.0	1+every1days	21.0	21.0	ADULT,OLDER_ADULT	PHASE3	102.0	Semaglutide	1.0	1+every7days	210.0	30.0	30.0	-1.8800000000000001
PMC9050719_NCT02254291	25.0	nmol/kg	subcutaneous	db/db	Mice	male	6.0	genetic	35.5	56.0	1+every1days	42.0	42.0	ADULT,OLDER_ADULT	PHASE3	103.0	Semaglutide	0.5	1+every7days	210.0	30.0	15.0	-0.5700000000000001
PMC9050719_NCT02254291	25.0	nmol/kg	subcutaneous	db/db	Mice	male	6.0	genetic	35.5	56.0	1+every1days	42.0	42.0	ADULT,OLDER_ADULT	PHASE3	102.0	Semaglutide	1.0	1+every7days	210.0	30.0	30.0	-0.8800000000000001
PMC9796023_NCT02254291	14.0	nmol/kg	subcutaneous	db/db	Mice	both	8.0	genetic	47.5	63.0	1+every2days	28.0	14.0	ADULT,OLDER_ADULT	PHASE3	103.0	Semaglutide	0.5	1+every7days	210.0	30.0	15.0	0.8300000000000001
PMC9796023_NCT02254291	14.0	nmol/kg	subcutaneous	db/db	Mice	both	8.0	genetic	47.5	63.0	1+every2days	28.0	14.0	ADULT,OLDER_ADULT	PHASE3	102.0	Semaglutide	1.0	1+every7days	210.0	30.0	30.0	0.52
PMC8975272_NCT02254291	15.0	nmol/kg	subcutaneous	db/db	Mice	both	8.0	genetic	45.0	70.0	1+every2days	28.0	14.0	ADULT,OLDER_ADULT	PHASE3	103.0	Semaglutide	0.5	1+every7days	210.0	30.0	15.0	0.4299999999999997
PMC8975272_NCT02254291	15.0	nmol/kg	subcutaneous	db/db	Mice	both	8.0	genetic	45.0	70.0	1+every2days	28.0	14.0	ADULT,OLDER_ADULT	PHASE3	102.0	Semaglutide	1.0	1+every7days	210.0	30.0	30.0	0.11999999999999966
PMC8974032_NCT02305381	90.0	nmol/kg	subcutaneous	db/db	Mice	male		genetic	40.0	49.0	1+every7days	56.0	8.0	ADULT,OLDER_ADULT	PHASE3	132.0	Semaglutide	0.5	1+every7days	210.0	30.0	15.0	-0.44999999999999996
PMC8974032_NCT02305381	90.0	nmol/kg	subcutaneous	db/db	Mice	male		genetic	40.0	49.0	1+every7days	56.0	8.0	ADULT,OLDER_ADULT	PHASE3	131.0	Semaglutide	1.0	1+every7days	210.0	30.0	30.0	-0.8500000000000001
PMC9050719_NCT02305381	25.0	nmol/kg	subcutaneous	db/db	Mice	male	6.0	genetic	35.0	56.0	1+every7days	21.0	3.0	ADULT,OLDER_ADULT	PHASE3	132.0	Semaglutide	0.5	1+every7days	210.0	30.0	15.0	-1.4
PMC9050719_NCT02305381	25.0	nmol/kg	subcutaneous	db/db	Mice	male	6.0	genetic	35.0	56.0	1+every1days	21.0	21.0	ADULT,OLDER_ADULT	PHASE3	132.0	Semaglutide	0.5	1+every7days	210.0	30.0	15.0	-1.15
PMC9050719_NCT02305381	25.0	nmol/kg	subcutaneous	db/db	Mice	male	6.0	genetic	35.0	56.0	1+every7days	21.0	3.0	ADULT,OLDER_ADULT	PHASE3	131.0	Semaglutide	1.0	1+every7days	210.0	30.0	30.0	-1.8
PMC9050719_NCT02305381	25.0	nmol/kg	subcutaneous	db/db	Mice	male	6.0	genetic	35.0	56.0	1+every1days	21.0	21.0	ADULT,OLDER_ADULT	PHASE3	131.0	Semaglutide	1.0	1+every7days	210.0	30.0	30.0	-1.55
PMC9050719_NCT02305381	25.0	nmol/kg	subcutaneous	db/db	Mice	male	6.0	genetic	35.5	56.0	1+every1days	42.0	42.0	ADULT,OLDER_ADULT	PHASE3	132.0	Semaglutide	0.5	1+every7days	210.0	30.0	15.0	-0.1499999999999999
PMC9050719_NCT02305381	25.0	nmol/kg	subcutaneous	db/db	Mice	male	6.0	genetic	35.5	56.0	1+every1days	42.0	42.0	ADULT,OLDER_ADULT	PHASE3	131.0	Semaglutide	1.0	1+every7days	210.0	30.0	30.0	-0.55
PMC9796023_NCT02305381	14.0	nmol/kg	subcutaneous	db/db	Mice	both	8.0	genetic	47.5	63.0	1+every2days	28.0	14.0	ADULT,OLDER_ADULT	PHASE3	132.0	Semaglutide	0.5	1+every7days	210.0	30.0	15.0	1.2500000000000002
PMC9796023_NCT02305381	14.0	nmol/kg	subcutaneous	db/db	Mice	both	8.0	genetic	47.5	63.0	1+every2days	28.0	14.0	ADULT,OLDER_ADULT	PHASE3	131.0	Semaglutide	1.0	1+every7days	210.0	30.0	30.0	0.8500000000000001
PMC8975272_NCT02305381	15.0	nmol/kg	subcutaneous	db/db	Mice	both	8.0	genetic	45.0	70.0	1+every2days	28.0	14.0	ADULT,OLDER_ADULT	PHASE3	132.0	Semaglutide	0.5	1+every7days	210.0	30.0	15.0	0.8499999999999999
PMC8975272_NCT02305381	15.0	nmol/kg	subcutaneous	db/db	Mice	both	8.0	genetic	45.0	70.0	1+every2days	28.0	14.0	ADULT,OLDER_ADULT	PHASE3	131.0	Semaglutide	1.0	1+every7days	210.0	30.0	30.0	0.44999999999999973
PMC9143250_NCT02413398	1.0	mg/kg	oral	Wistar	Rats	both	6.0	high-fat diet+streptozotocin	215.0		1+every1days	28.0	28.0	ADULT,OLDER_ADULT	PHASE3	142.0	Dapagliflozin	10.0	1+every1days	168.0	168.0	1680.0	8.13
PMC10308685_NCT02413398	1.0	mg/kg	oral	Zucker Diabetic Fatty	Rats	male	8.0	genetic		112.0	1+every1days	84.0	84.0	ADULT,OLDER_ADULT	PHASE3	142.0	Dapagliflozin	10.0	1+every1days	168.0	168.0	1680.0	5.03
PMC4237538_NCT02413398	1.0	mg/kg	oral	ob/ob	Mice	male		genetic	43.0	56.0	1+every1days	28.0	28.0	ADULT,OLDER_ADULT	PHASE3	142.0	Dapagliflozin	10.0	1+every1days	168.0	168.0	1680.0	1.0299999999999998
PMC6856656_NCT02413398	1.0	mg/kg	oral	Zucker Diabetic Fatty	Rats	male	8.0	high-fat diet		84.0	1+every1days	63.0	63.0	ADULT,OLDER_ADULT	PHASE3	142.0	Dapagliflozin	10.0	1+every1days	168.0	168.0	1680.0	2.53
PMC5089752_NCT02413398	1.0	mg/kg	oral	Otsuka Long-Evans Tokushima Fatty	Rats	male	10.0	genetic		98.0	1+every1days	84.0	84.0	ADULT,OLDER_ADULT	PHASE3	142.0	Dapagliflozin	10.0	1+every1days	168.0	168.0	1680.0	1.67
PMC8953658_NCT02413398	1.0	mg/kg	oral gavage	Zucker Diabetic Fatty	Rats	male	7.0	genetic		98.0	1+every1days	28.0	28.0	ADULT,OLDER_ADULT	PHASE3	142.0	Dapagliflozin	10.0	1+every1days	168.0	168.0	1680.0	2.63
PMC5485244_NCT02435277	500.0	mg/kg	oral	C57BL/6J	Mice	male	8.0	high-fat diet			1+every1days			ADULT,OLDER_ADULT	PHASE2	10.0	Metformin	850.0	2+every1days	84.0	168.0	142800.0	-0.42999999999999994
PMC8657924_NCT02435277	225.0	mg/kg	oral	Kunming	Mice	male	8.0	high-fat diet+streptozotocin	20.0		1+every1days	28.0	28.0	ADULT,OLDER_ADULT	PHASE2	10.0	Metformin	850.0	2+every1days	84.0	168.0	142800.0	3.17
PMC3462199_NCT02435277	400.0	mg/kg	intraperitoneal	db/db	Mice	male	10.0	genetic	47.5		1+every1days	14.0	14.0	ADULT,OLDER_ADULT	PHASE2	10.0	Metformin	850.0	2+every1days	84.0	168.0	142800.0	-0.42999999999999994
PMC3462199_NCT02435277	400.0	mg/kg	intraperitoneal	db/db	Mice	male	12.0	genetic	47.5		1+every1days	14.0	14.0	ADULT,OLDER_ADULT	PHASE2	10.0	Metformin	850.0	2+every1days	84.0	168.0	142800.0	-0.53
PMC9313150_NCT02435277	200.0	mg/kg	oral	Wistar	Rats	male		high-fat diet+streptozotocin	185.0		1+every1days	84.0	84.0	ADULT,OLDER_ADULT	PHASE2	10.0	Metformin	850.0	2+every1days	84.0	168.0	142800.0	1.27
PMC7092631_NCT02435277	200.0	mg/kg	intragastric	Wistar	Rats	male	10.0	high-fat diet+streptozotocin	200.0		1+every1days	28.0	28.0	ADULT,OLDER_ADULT	PHASE2	10.0	Metformin	850.0	2+every1days	84.0	168.0	142800.0	-0.010000000000000009
PMC8800605_NCT02435277	60.0	mg/kg	oral	Wistar	Rats	male	12.0	high-fat diet+streptozotocin	176.8		1+every1days	14.0	14.0	ADULT,OLDER_ADULT	PHASE2	10.0	Metformin	850.0	2+every1days	84.0	168.0	142800.0	-0.62
PMC4826921_NCT02435277	200.0	mg/kg	oral	Wistar	Rats	male	20.0	high-fat diet	110.0		1+every1days	60.0	60.0	ADULT,OLDER_ADULT	PHASE2	10.0	Metformin	850.0	2+every1days	84.0	168.0	142800.0	0.7700000000000001
PMC7034448_NCT02435277	500.0	mg/kg	oral	Wistar	Rats	male	6.0	high-fat diet+streptozotocin	190.0		1+every1days	30.0	30.0	ADULT,OLDER_ADULT	PHASE2	10.0	Metformin	850.0	2+every1days	84.0	168.0	142800.0	4.27
PMC4884299_NCT02435277	150.0	mg/kg	oral	Wistar	Rats	male	6.0	streptozotocin+nicotinamide	280.0		1+every1days	42.0	42.0	ADULT,OLDER_ADULT	PHASE2	10.0	Metformin	850.0	2+every1days	84.0	168.0	142800.0	1.5099999999999998
PMC9953164_NCT02435277	200.0	mg/kg	Unknown	Wistar	Rats	male	8.0	high-fat diet+streptozotocin	185.0		1+every1days	84.0	84.0	ADULT,OLDER_ADULT	PHASE2	10.0	Metformin	850.0	2+every1days	84.0	168.0	142800.0	1.67
PMC9681650_NCT02435277	60.0	mg/kg	oral	Wistar	Rats	male	12.0	high-fat diet+streptozotocin	176.8	120.0	1+every1days	14.0	14.0	ADULT,OLDER_ADULT	PHASE2	10.0	Metformin	850.0	2+every1days	84.0	168.0	142800.0	-0.73
PMC4423537_NCT02435277	300.0	mg/kg	oral	Otsuka Long-Evans Tokushima Fatty	Rats	male	14.0	genetic		140.0	1+every1days	84.0	84.0	ADULT,OLDER_ADULT	PHASE2	10.0	Metformin	850.0	2+every1days	84.0	168.0	142800.0	0.7700000000000001
PMC9470898_NCT02435277	0.1	% (w/w)	oral	NONcNZO10/LtJ	Mice	male	10.0	genetic		147.0	Unknown	126.0		ADULT,OLDER_ADULT	PHASE2	10.0	Metformin	850.0	2+every1days	84.0	168.0	142800.0	-0.32999999999999996
PMC5840580_NCT02435277	300.0	mg/kg	oral	Otsuka Long-Evans Tokushima Fatty	Rats	male	6.0	high-fat diet		168.0	1+every1days	84.0	84.0	ADULT,OLDER_ADULT	PHASE2	10.0	Metformin	850.0	2+every1days	84.0	168.0	142800.0	0.67
PMC3465985_NCT02435277	350.0	mg/kg	oral	Spontaneously Diabetic Torii	Rats	male	10.0	genetic		175.0	1+every1days	119.0	119.0	ADULT,OLDER_ADULT	PHASE2	10.0	Metformin	850.0	2+every1days	84.0	168.0	142800.0	0.4800000000000001
PMC5319739_NCT02435277	50.0	mg/kg	gastric intubation	Psammomys obesus	Gerbillinae	male	30.0	high-fat diet	100.0	240.0	1+every1days	84.0	84.0	ADULT,OLDER_ADULT	PHASE2	10.0	Metformin	850.0	2+every1days	84.0	168.0	142800.0	3.37
PMC9698742_NCT02435277	200.0	mg/kg	oral	Wistar	Rats	male	5.0	streptozotocin	225.0	270.0	1+every1days	45.0	45.0	ADULT,OLDER_ADULT	PHASE2	10.0	Metformin	850.0	2+every1days	84.0	168.0	142800.0	1.77
PMC7727825_NCT02435277	200.0	mg/kg	oral	C57BLKS/J-db/db	Mice	male	8.0	genetic		35.0	1+every1days	63.0	63.0	ADULT,OLDER_ADULT	PHASE2	10.0	Metformin	850.0	2+every1days	84.0	168.0	142800.0	2.17
PMC7598587_NCT02435277	200.0	mg/kg	oral	C57BL/6N	Mice	male	8.0	high-fat diet+streptozotocin		38.5	1+every1days	28.0	28.0	ADULT,OLDER_ADULT	PHASE2	10.0	Metformin	850.0	2+every1days	84.0	168.0	142800.0	1.02
PMC4726511_NCT02435277	10.0	mg/kg	oral	db/db	Mice	Unknown	5.0	genetic		42.0	1+every1days	28.0	28.0	ADULT,OLDER_ADULT	PHASE2	10.0	Metformin	850.0	2+every1days	84.0	168.0	142800.0	-0.22999999999999998
PMC5485244_NCT02435277	500.0	mg/kg	oral	C57BL/6J	Mice	male	16.0	high-fat diet		42.0	1+every1days	84.0	84.0	ADULT,OLDER_ADULT	PHASE2	10.0	Metformin	850.0	2+every1days	84.0	168.0	142800.0	-0.42999999999999994
PMC6273299_NCT02435277	200.0	mg/kg	Unknown	Zucker Diabetic Fatty	Rats	male	6.0	high-fat diet		42.0	1+every1days	84.0	84.0	ADULT,OLDER_ADULT	PHASE2	10.0	Metformin	850.0	2+every1days	84.0	168.0	142800.0	0.4700000000000001
PMC3327803_NCT02435277	200.0	mg/kg	intraperitoneal	db/db	Mice	male	11.0	genetic		49.0	1+every1days	126.0	126.0	ADULT,OLDER_ADULT	PHASE2	10.0	Metformin	850.0	2+every1days	84.0	168.0	142800.0	-1.13
PMC3907559_NCT02435277	200.0	mg/kg	oral	Zucker Diabetic Fatty	Rats	male	10.0	genetic		49.0	2+every1days	32.0	64.0	ADULT,OLDER_ADULT	PHASE2	10.0	Metformin	850.0	2+every1days	84.0	168.0	142800.0	2.17
PMC7381706_NCT02435277	250.0	mg/kg	oral	ob/ob	Mice	male	8.0	genetic		52.5	1+every1days	26.0	26.0	ADULT,OLDER_ADULT	PHASE2	10.0	Metformin	850.0	2+every1days	84.0	168.0	142800.0	-0.73
PMC10203393_NCT02435277	0.2	g/kg	oral	Sprague-Dawley	Rats	male	8.0	high-fat diet+streptozotocin	150.0	52.5	1+every1days	70.0	70.0	ADULT,OLDER_ADULT	PHASE2	10.0	Metformin	850.0	2+every1days	84.0	168.0	142800.0	4.67
PMC10323656_NCT02435277	200.0	mg/kg	oral gavage	C57BL/6	Mice	male	12.0	high-fat diet+streptozotocin	24.0	56.0	1+every1days	28.0	28.0	ADULT,OLDER_ADULT	PHASE2	10.0	Metformin	850.0	2+every1days	84.0	168.0	142800.0	0.27000000000000013
PMC3855476_NCT02435277	300.0	mg/kg	oral	db/db	Mice	male	10.0	genetic	44.0	56.0	1+every1days	14.0	14.0	ADULT,OLDER_ADULT	PHASE2	10.0	Metformin	850.0	2+every1days	84.0	168.0	142800.0	-0.13
PMC5881648_NCT02435277	200.0	mg/kg	gavage	Sprague-Dawley	Rats	male	10.0	streptozotocin	200.0	56.0	1+every1days	77.0	77.0	ADULT,OLDER_ADULT	PHASE2	10.0	Metformin	850.0	2+every1days	84.0	168.0	142800.0	2.4699999999999998
PMC4444588_NCT02435277	500.0	mg/kg	intragastric	Sprague-Dawley	Rats	male	7.0	high-fat diet+streptozotocin	190.0	60.0	1+every1days	56.0	56.0	ADULT,OLDER_ADULT	PHASE2	10.0	Metformin	850.0	2+every1days	84.0	168.0	142800.0	3.17
PMC4444588_NCT02435277	150.0	mg/kg	intragastric	Sprague-Dawley	Rats	male	8.0	high-fat diet+streptozotocin	190.0	60.0	1+every1days	56.0	56.0	ADULT,OLDER_ADULT	PHASE2	10.0	Metformin	850.0	2+every1days	84.0	168.0	142800.0	0.17000000000000004
PMC4444588_NCT02435277	300.0	mg/kg	intragastric	Sprague-Dawley	Rats	male	8.0	high-fat diet+streptozotocin	190.0	60.0	1+every1days	56.0	56.0	ADULT,OLDER_ADULT	PHASE2	10.0	Metformin	850.0	2+every1days	84.0	168.0	142800.0	1.17
PMC4097088_NCT02435277	300.0	mg/kg	oral	C57BL/6	Mice	Unknown	8.0	high-fat diet		70.0	1+every1days	14.0	14.0	ADULT,OLDER_ADULT	PHASE2	10.0	Metformin	850.0	2+every1days	84.0	168.0	142800.0	-0.22999999999999998
PMC9457892_NCT02435277	150.0	mg/kg	oral	C57BL/6	Mice	male	8.0	streptozotocin	27.5	70.0	1+every1days	42.0	42.0	ADULT,OLDER_ADULT	PHASE2	10.0	Metformin	850.0	2+every1days	84.0	168.0	142800.0	3.4699999999999998
PMC8745465_NCT02435277	120.0	mg/kg	oral	Wistar	Rats	male	30.0	high-fat diet+streptozotocin	170.0	70.0	1+every1days	35.0	35.0	ADULT,OLDER_ADULT	PHASE2	10.0	Metformin	850.0	2+every1days	84.0	168.0	142800.0	0.68
PMC9374709_NCT02461589	0.4	mg/kg	subcutaneous	C57BL/6NRj	Mice	male	23.0	high-fat diet	35.0	112.0	1+every1days	28.0	28.0	ADULT,OLDER_ADULT	PHASE2	64.0	Liraglutide	0.3	1+every1days	182.0	182.0	54.6	0.8400000000000001
PMC9374709_NCT02461589	0.4	mg/kg	subcutaneous	C57BL/6NRj	Mice	male	23.0	high-fat diet	35.0	112.0	1+every1days	28.0	28.0	ADULT,OLDER_ADULT	PHASE2	64.0	Liraglutide	1.2	1+every1days	182.0	182.0	218.4	0.4800000000000001
PMC9374709_NCT02461589	0.4	mg/kg	subcutaneous	C57BL/6NRj	Mice	male	23.0	high-fat diet	35.0	112.0	1+every1days	28.0	28.0	ADULT,OLDER_ADULT	PHASE2	64.0	Liraglutide	0.6	1+every1days	182.0	182.0	109.2	0.4600000000000001
PMC9374709_NCT02461589	0.4	mg/kg	subcutaneous	C57BL/6NRj	Mice	male	23.0	high-fat diet	35.0	112.0	1+every1days	28.0	28.0	ADULT,OLDER_ADULT	PHASE2	65.0	Liraglutide	1.8	1+every1days	182.0	182.0	327.6	0.020000000000000018
PMC9374709_NCT02461589	0.4	mg/kg	subcutaneous	C57BL/6NTac	Mice	male	16.0	high-fat diet	35.0	112.0	1+every1days	28.0	28.0	ADULT,OLDER_ADULT	PHASE2	64.0	Liraglutide	0.3	1+every1days	182.0	182.0	54.6	11.19
PMC9374709_NCT02461589	0.4	mg/kg	subcutaneous	C57BL/6NTac	Mice	male	16.0	high-fat diet	35.0	112.0	1+every1days	28.0	28.0	ADULT,OLDER_ADULT	PHASE2	64.0	Liraglutide	1.2	1+every1days	182.0	182.0	218.4	10.83
PMC9374709_NCT02461589	0.4	mg/kg	subcutaneous	C57BL/6NTac	Mice	male	16.0	high-fat diet	35.0	112.0	1+every1days	28.0	28.0	ADULT,OLDER_ADULT	PHASE2	64.0	Liraglutide	0.6	1+every1days	182.0	182.0	109.2	10.809999999999999
PMC9374709_NCT02461589	0.4	mg/kg	subcutaneous	C57BL/6NTac	Mice	male	16.0	high-fat diet	35.0	112.0	1+every1days	28.0	28.0	ADULT,OLDER_ADULT	PHASE2	65.0	Liraglutide	1.8	1+every1days	182.0	182.0	327.6	10.37
PMC6412877_NCT02461589	25.0	nmol/kg	subcutaneous	Unknown	Mice	male		high-fat diet		49.0	1+every1days	28.0	28.0	ADULT,OLDER_ADULT	PHASE2	64.0	Liraglutide	0.3	1+every1days	182.0	182.0	54.6	0.0
PMC6412877_NCT02461589	25.0	nmol/kg	subcutaneous	Unknown	Mice	male		high-fat diet		49.0	1+every1days	28.0	28.0	ADULT,OLDER_ADULT	PHASE2	64.0	Liraglutide	1.2	1+every1days	182.0	182.0	218.4	-0.36
PMC6412877_NCT02461589	25.0	nmol/kg	subcutaneous	Unknown	Mice	male		high-fat diet		49.0	1+every1days	28.0	28.0	ADULT,OLDER_ADULT	PHASE2	64.0	Liraglutide	0.6	1+every1days	182.0	182.0	109.2	-0.38
PMC6412877_NCT02461589	25.0	nmol/kg	subcutaneous	Unknown	Mice	male		high-fat diet		49.0	1+every1days	28.0	28.0	ADULT,OLDER_ADULT	PHASE2	65.0	Liraglutide	1.8	1+every1days	182.0	182.0	327.6	-0.8200000000000001
PMC8974032_NCT02461589	90.0	nmol/kg	subcutaneous	db/db	Mice	male		genetic	40.0	49.0	1+every7days	56.0	8.0	ADULT,OLDER_ADULT	PHASE2	64.0	Semaglutide	0.05	1+every1days	182.0	182.0	9.1	0.030000000000000027
PMC8974032_NCT02461589	90.0	nmol/kg	subcutaneous	db/db	Mice	male		genetic	40.0	49.0	1+every7days	56.0	8.0	ADULT,OLDER_ADULT	PHASE2	63.0	Semaglutide	0.1	1+every1days	182.0	182.0	18.2	-0.30000000000000004
PMC8974032_NCT02461589	90.0	nmol/kg	subcutaneous	db/db	Mice	male		genetic	40.0	49.0	1+every7days	56.0	8.0	ADULT,OLDER_ADULT	PHASE2	65.0	Semaglutide	0.2	1+every1days	182.0	182.0	36.4	-0.6499999999999999
PMC8974032_NCT02461589	90.0	nmol/kg	subcutaneous	db/db	Mice	male		genetic	40.0	49.0	1+every7days	56.0	8.0	ADULT,OLDER_ADULT	PHASE2	63.0	Semaglutide	0.3	1+every1days	182.0	182.0	54.6	-0.96
PMC9072222_NCT02461589	0.1	mg/kg	subcutaneous	db/db	Mice	male	40.0	genetic		49.0	1+every1days	56.0	56.0	ADULT,OLDER_ADULT	PHASE2	64.0	Liraglutide	0.3	1+every1days	182.0	182.0	54.6	0.8999999999999999
PMC9072222_NCT02461589	0.1	mg/kg	subcutaneous	db/db	Mice	male	40.0	genetic		49.0	1+every1days	56.0	56.0	ADULT,OLDER_ADULT	PHASE2	64.0	Liraglutide	1.2	1+every1days	182.0	182.0	218.4	0.5399999999999999
PMC9072222_NCT02461589	0.1	mg/kg	subcutaneous	db/db	Mice	male	40.0	genetic		49.0	1+every1days	56.0	56.0	ADULT,OLDER_ADULT	PHASE2	64.0	Liraglutide	0.6	1+every1days	182.0	182.0	109.2	0.5199999999999999
PMC9072222_NCT02461589	0.1	mg/kg	subcutaneous	db/db	Mice	male	40.0	genetic		49.0	1+every1days	56.0	56.0	ADULT,OLDER_ADULT	PHASE2	65.0	Liraglutide	1.8	1+every1days	182.0	182.0	327.6	0.07999999999999985
PMC9050719_NCT02461589	25.0	nmol/kg	subcutaneous	db/db	Mice	male	6.0	genetic	35.0	56.0	1+every7days	21.0	3.0	ADULT,OLDER_ADULT	PHASE2	64.0	Semaglutide	0.05	1+every1days	182.0	182.0	9.1	-0.9199999999999999
PMC9050719_NCT02461589	25.0	nmol/kg	subcutaneous	db/db	Mice	male	6.0	genetic	35.0	56.0	1+every1days	21.0	21.0	ADULT,OLDER_ADULT	PHASE2	64.0	Semaglutide	0.05	1+every1days	182.0	182.0	9.1	-0.6699999999999999
PMC9050719_NCT02461589	25.0	nmol/kg	subcutaneous	db/db	Mice	male	6.0	genetic	35.0	56.0	1+every7days	21.0	3.0	ADULT,OLDER_ADULT	PHASE2	63.0	Semaglutide	0.1	1+every1days	182.0	182.0	18.2	-1.25
PMC9050719_NCT02461589	25.0	nmol/kg	subcutaneous	db/db	Mice	male	6.0	genetic	35.0	56.0	1+every1days	21.0	21.0	ADULT,OLDER_ADULT	PHASE2	63.0	Semaglutide	0.1	1+every1days	182.0	182.0	18.2	-1.0
PMC9050719_NCT02461589	25.0	nmol/kg	subcutaneous	db/db	Mice	male	6.0	genetic	35.0	56.0	1+every7days	21.0	3.0	ADULT,OLDER_ADULT	PHASE2	65.0	Semaglutide	0.2	1+every1days	182.0	182.0	36.4	-1.5999999999999999
PMC9050719_NCT02461589	25.0	nmol/kg	subcutaneous	db/db	Mice	male	6.0	genetic	35.0	56.0	1+every1days	21.0	21.0	ADULT,OLDER_ADULT	PHASE2	65.0	Semaglutide	0.2	1+every1days	182.0	182.0	36.4	-1.3499999999999999
PMC9050719_NCT02461589	25.0	nmol/kg	subcutaneous	db/db	Mice	male	6.0	genetic	35.0	56.0	1+every7days	21.0	3.0	ADULT,OLDER_ADULT	PHASE2	63.0	Semaglutide	0.3	1+every1days	182.0	182.0	54.6	-1.91
PMC9050719_NCT02461589	25.0	nmol/kg	subcutaneous	db/db	Mice	male	6.0	genetic	35.0	56.0	1+every1days	21.0	21.0	ADULT,OLDER_ADULT	PHASE2	63.0	Semaglutide	0.3	1+every1days	182.0	182.0	54.6	-1.66
PMC9050719_NCT02461589	25.0	nmol/kg	subcutaneous	db/db	Mice	male	6.0	genetic	35.5	56.0	1+every1days	42.0	42.0	ADULT,OLDER_ADULT	PHASE2	64.0	Semaglutide	0.05	1+every1days	182.0	182.0	9.1	0.33000000000000007
PMC9050719_NCT02461589	25.0	nmol/kg	subcutaneous	db/db	Mice	male	6.0	genetic	35.5	56.0	1+every1days	42.0	42.0	ADULT,OLDER_ADULT	PHASE2	63.0	Semaglutide	0.1	1+every1days	182.0	182.0	18.2	0.0
PMC9050719_NCT02461589	25.0	nmol/kg	subcutaneous	db/db	Mice	male	6.0	genetic	35.5	56.0	1+every1days	42.0	42.0	ADULT,OLDER_ADULT	PHASE2	65.0	Semaglutide	0.2	1+every1days	182.0	182.0	36.4	-0.34999999999999987
PMC9050719_NCT02461589	25.0	nmol/kg	subcutaneous	db/db	Mice	male	6.0	genetic	35.5	56.0	1+every1days	42.0	42.0	ADULT,OLDER_ADULT	PHASE2	63.0	Semaglutide	0.3	1+every1days	182.0	182.0	54.6	-0.6599999999999999
PMC9796023_NCT02461589	14.0	nmol/kg	subcutaneous	db/db	Mice	both	8.0	genetic	47.5	63.0	1+every2days	28.0	14.0	ADULT,OLDER_ADULT	PHASE2	64.0	Semaglutide	0.05	1+every1days	182.0	182.0	9.1	1.7300000000000002
PMC9796023_NCT02461589	14.0	nmol/kg	subcutaneous	db/db	Mice	both	8.0	genetic	47.5	63.0	1+every2days	28.0	14.0	ADULT,OLDER_ADULT	PHASE2	63.0	Semaglutide	0.1	1+every1days	182.0	182.0	18.2	1.4000000000000001
PMC9796023_NCT02461589	14.0	nmol/kg	subcutaneous	db/db	Mice	both	8.0	genetic	47.5	63.0	1+every2days	28.0	14.0	ADULT,OLDER_ADULT	PHASE2	65.0	Semaglutide	0.2	1+every1days	182.0	182.0	36.4	1.0500000000000003
PMC9796023_NCT02461589	14.0	nmol/kg	subcutaneous	db/db	Mice	both	8.0	genetic	47.5	63.0	1+every2days	28.0	14.0	ADULT,OLDER_ADULT	PHASE2	63.0	Semaglutide	0.3	1+every1days	182.0	182.0	54.6	0.7400000000000002
PMC8975272_NCT02461589	15.0	nmol/kg	subcutaneous	db/db	Mice	both	8.0	genetic	45.0	70.0	1+every2days	28.0	14.0	ADULT,OLDER_ADULT	PHASE2	64.0	Semaglutide	0.05	1+every1days	182.0	182.0	9.1	1.3299999999999998
PMC8975272_NCT02461589	15.0	nmol/kg	subcutaneous	db/db	Mice	both	8.0	genetic	45.0	70.0	1+every2days	28.0	14.0	ADULT,OLDER_ADULT	PHASE2	63.0	Semaglutide	0.1	1+every1days	182.0	182.0	18.2	0.9999999999999998
PMC8975272_NCT02461589	15.0	nmol/kg	subcutaneous	db/db	Mice	both	8.0	genetic	45.0	70.0	1+every2days	28.0	14.0	ADULT,OLDER_ADULT	PHASE2	65.0	Semaglutide	0.2	1+every1days	182.0	182.0	36.4	0.6499999999999999
PMC8975272_NCT02461589	15.0	nmol/kg	subcutaneous	db/db	Mice	both	8.0	genetic	45.0	70.0	1+every2days	28.0	14.0	ADULT,OLDER_ADULT	PHASE2	63.0	Semaglutide	0.3	1+every1days	182.0	182.0	54.6	0.33999999999999986
PMC9112483_NCT02461589	200.0	μg/kg	subcutaneous	Zucker Diabetic Fatty	Rats	male	7.0	genetic		77.0	2+every1days	140.0	280.0	ADULT,OLDER_ADULT	PHASE2	64.0	Liraglutide	0.3	1+every1days	182.0	182.0	54.6	0.8999999999999999
PMC9112483_NCT02461589	200.0	μg/kg	subcutaneous	Zucker Diabetic Fatty	Rats	male	7.0	genetic		77.0	2+every1days	140.0	280.0	ADULT,OLDER_ADULT	PHASE2	64.0	Liraglutide	1.2	1+every1days	182.0	182.0	218.4	0.5399999999999999
PMC9112483_NCT02461589	200.0	μg/kg	subcutaneous	Zucker Diabetic Fatty	Rats	male	7.0	genetic		77.0	2+every1days	140.0	280.0	ADULT,OLDER_ADULT	PHASE2	64.0	Liraglutide	0.6	1+every1days	182.0	182.0	109.2	0.5199999999999999
PMC9112483_NCT02461589	200.0	μg/kg	subcutaneous	Zucker Diabetic Fatty	Rats	male	7.0	genetic		77.0	2+every1days	140.0	280.0	ADULT,OLDER_ADULT	PHASE2	65.0	Liraglutide	1.8	1+every1days	182.0	182.0	327.6	0.07999999999999985
PMC9143250_NCT02471404	1.0	mg/kg	oral	Wistar	Rats	both	6.0	high-fat diet+streptozotocin	215.0		1+every1days	28.0	28.0	ADULT,OLDER_ADULT	PHASE4	311.0	Dapagliflozin	10.0	Unknown	364.0			7.68
PMC10308685_NCT02471404	1.0	mg/kg	oral	Zucker Diabetic Fatty	Rats	male	8.0	genetic		112.0	1+every1days	84.0	84.0	ADULT,OLDER_ADULT	PHASE4	311.0	Dapagliflozin	10.0	Unknown	364.0			4.58
PMC6701666_NCT02471404	2.0	mg/kg	oral	db/db	Mice	female	12.0	genetic		38.5	1+every1days	42.0	42.0	ADULT,OLDER_ADULT	PHASE4	309.0	Glimepiride	2.5	Unknown	364.0			-0.99
PMC6273299_NCT02471404	5.0	mg/kg	Unknown	Zucker Diabetic Fatty	Rats	male	6.0	high-fat diet		42.0	1+every1days	84.0	84.0	ADULT,OLDER_ADULT	PHASE4	309.0	Glimepiride	2.5	Unknown	364.0			-0.69
PMC3610345_NCT02471404	2.5	mg/kg	oral	db/db	Mice	male		genetic		49.0	1+every1days	42.0	42.0	ADULT,OLDER_ADULT	PHASE4	309.0	Glimepiride	2.5	Unknown	364.0			0.010000000000000009
PMC4237538_NCT02471404	1.0	mg/kg	oral	ob/ob	Mice	male		genetic	43.0	56.0	1+every1days	28.0	28.0	ADULT,OLDER_ADULT	PHASE4	311.0	Dapagliflozin	10.0	Unknown	364.0			0.58
PMC6856656_NCT02471404	1.0	mg/kg	oral	Zucker Diabetic Fatty	Rats	male	8.0	high-fat diet		84.0	1+every1days	63.0	63.0	ADULT,OLDER_ADULT	PHASE4	311.0	Dapagliflozin	10.0	Unknown	364.0			2.08
PMC5089752_NCT02471404	1.0	mg/kg	oral	Otsuka Long-Evans Tokushima Fatty	Rats	male	10.0	genetic		98.0	1+every1days	84.0	84.0	ADULT,OLDER_ADULT	PHASE4	311.0	Dapagliflozin	10.0	Unknown	364.0			1.2200000000000002
PMC8953658_NCT02471404	1.0	mg/kg	oral gavage	Zucker Diabetic Fatty	Rats	male	7.0	genetic		98.0	1+every1days	28.0	28.0	ADULT,OLDER_ADULT	PHASE4	311.0	Dapagliflozin	10.0	Unknown	364.0			2.18
PMC9374709_NCT02505334	0.4	mg/kg	subcutaneous	C57BL/6NRj	Mice	male	23.0	high-fat diet	35.0	112.0	1+every1days	28.0	28.0	ADULT,OLDER_ADULT	PHASE3	233.0	Liraglutide	1.8	1+every1days	364.0	364.0	655.2	1.25
PMC9374709_NCT02505334	0.4	mg/kg	subcutaneous	C57BL/6NRj	Mice	male	23.0	high-fat diet	35.0	112.0	1+every1days	28.0	28.0	ADULT,OLDER_ADULT	PHASE3	233.0	Liraglutide	0.9	1+every1days	182.0	182.0	163.8	1.51
PMC9374709_NCT02505334	0.4	mg/kg	subcutaneous	C57BL/6NTac	Mice	male	16.0	high-fat diet	35.0	112.0	1+every1days	28.0	28.0	ADULT,OLDER_ADULT	PHASE3	233.0	Liraglutide	1.8	1+every1days	364.0	364.0	655.2	11.6
PMC9374709_NCT02505334	0.4	mg/kg	subcutaneous	C57BL/6NTac	Mice	male	16.0	high-fat diet	35.0	112.0	1+every1days	28.0	28.0	ADULT,OLDER_ADULT	PHASE3	233.0	Liraglutide	0.9	1+every1days	182.0	182.0	163.8	11.86
PMC6412877_NCT02505334	25.0	nmol/kg	subcutaneous	Unknown	Mice	male		high-fat diet		49.0	1+every1days	28.0	28.0	ADULT,OLDER_ADULT	PHASE3	233.0	Liraglutide	1.8	1+every1days	364.0	364.0	655.2	0.41000000000000003
PMC6412877_NCT02505334	25.0	nmol/kg	subcutaneous	Unknown	Mice	male		high-fat diet		49.0	1+every1days	28.0	28.0	ADULT,OLDER_ADULT	PHASE3	233.0	Liraglutide	0.9	1+every1days	182.0	182.0	163.8	0.67
PMC9072222_NCT02505334	0.1	mg/kg	subcutaneous	db/db	Mice	male	40.0	genetic		49.0	1+every1days	56.0	56.0	ADULT,OLDER_ADULT	PHASE3	233.0	Liraglutide	1.8	1+every1days	364.0	364.0	655.2	1.3099999999999998
PMC9072222_NCT02505334	0.1	mg/kg	subcutaneous	db/db	Mice	male	40.0	genetic		49.0	1+every1days	56.0	56.0	ADULT,OLDER_ADULT	PHASE3	233.0	Liraglutide	0.9	1+every1days	182.0	182.0	163.8	1.5699999999999998
PMC9112483_NCT02505334	200.0	μg/kg	subcutaneous	Zucker Diabetic Fatty	Rats	male	7.0	genetic		77.0	2+every1days	140.0	280.0	ADULT,OLDER_ADULT	PHASE3	233.0	Liraglutide	1.8	1+every1days	364.0	364.0	655.2	1.3099999999999998
PMC9112483_NCT02505334	200.0	μg/kg	subcutaneous	Zucker Diabetic Fatty	Rats	male	7.0	genetic		77.0	2+every1days	140.0	280.0	ADULT,OLDER_ADULT	PHASE3	233.0	Liraglutide	0.9	1+every1days	182.0	182.0	163.8	1.5699999999999998
PMC7092631_NCT02589626	10.0	mg/kg	intragastric	Wistar	Rats	male	10.0	high-fat diet+streptozotocin	200.0		1+every1days	28.0	28.0	ADULT,OLDER_ADULT	PHASE4	32.0	Empagliflozin	10.0	1+every1days	364.0	364.0	3640.0	-0.37000000000000005
PMC7092631_NCT02589626	10.0	mg/kg	intragastric	Wistar	Rats	male	10.0	high-fat diet+streptozotocin	200.0		1+every1days	28.0	28.0	ADULT,OLDER_ADULT	PHASE4	33.0	Empagliflozin	25.0	1+every1days	364.0	364.0	9100.0	-0.5900000000000001
PMC5491464_NCT02589626	10.0	mg/kg	oral	Zucker Diabetic Fatty	Rats	Unknown		genetic		112.0	1+every1days	42.0	42.0	ADULT,OLDER_ADULT	PHASE4	32.0	Empagliflozin	10.0	1+every1days	364.0	364.0	3640.0	3.75
PMC5491464_NCT02589626	30.0	mg/kg	oral	Zucker Diabetic Fatty	Rats	Unknown		genetic		112.0	1+every1days	42.0	42.0	ADULT,OLDER_ADULT	PHASE4	32.0	Empagliflozin	10.0	1+every1days	364.0	364.0	3640.0	4.45
PMC5491464_NCT02589626	10.0	mg/kg	oral	Zucker Diabetic Fatty	Rats	Unknown		genetic		112.0	1+every1days	42.0	42.0	ADULT,OLDER_ADULT	PHASE4	33.0	Empagliflozin	25.0	1+every1days	364.0	364.0	9100.0	3.53
PMC5491464_NCT02589626	30.0	mg/kg	oral	Zucker Diabetic Fatty	Rats	Unknown		genetic		112.0	1+every1days	42.0	42.0	ADULT,OLDER_ADULT	PHASE4	33.0	Empagliflozin	25.0	1+every1days	364.0	364.0	9100.0	4.23
PMC6359811_NCT02589626	10.0	mg/kg	oral	KK-Ay	Mice	Unknown	15.0	high-fat diet		56.0	1+every1days	70.0	70.0	ADULT,OLDER_ADULT	PHASE4	32.0	Empagliflozin	10.0	1+every1days	364.0	364.0	3640.0	4.45
PMC6359811_NCT02589626	10.0	mg/kg	oral	KK-Ay	Mice	Unknown	15.0	high-fat diet		56.0	1+every1days	70.0	70.0	ADULT,OLDER_ADULT	PHASE4	33.0	Empagliflozin	25.0	1+every1days	364.0	364.0	9100.0	4.23
PMC6681671_NCT02589626	10.0	mg/kg	oral	ob/ob	Mice	male	12.5	genetic		77.0	1+every1days	42.0	42.0	ADULT,OLDER_ADULT	PHASE4	32.0	Empagliflozin	10.0	1+every1days	364.0	364.0	3640.0	0.8499999999999999
PMC6681671_NCT02589626	10.0	mg/kg	oral	ob/ob	Mice	male	12.5	genetic		77.0	1+every1days	42.0	42.0	ADULT,OLDER_ADULT	PHASE4	33.0	Empagliflozin	25.0	1+every1days	364.0	364.0	9100.0	0.6299999999999999
PMC9374709_NCT02607306	0.4	mg/kg	subcutaneous	C57BL/6NRj	Mice	male	23.0	high-fat diet	35.0	112.0	1+every1days	28.0	28.0	ADULT,OLDER_ADULT	PHASE3	273.0	Liraglutide	0.3	1+every1days	364.0	364.0	109.2	-0.45999999999999996
PMC9374709_NCT02607306	0.4	mg/kg	subcutaneous	C57BL/6NRj	Mice	male	23.0	high-fat diet	35.0	112.0	1+every1days	28.0	28.0	ADULT,OLDER_ADULT	PHASE3	273.0	Liraglutide	0.3	1+every1days	364.0	364.0	109.2	-0.45999999999999996
PMC9374709_NCT02607306	0.4	mg/kg	subcutaneous	C57BL/6NTac	Mice	male	16.0	high-fat diet	35.0	112.0	1+every1days	28.0	28.0	ADULT,OLDER_ADULT	PHASE3	273.0	Liraglutide	0.3	1+every1days	364.0	364.0	109.2	9.889999999999999
PMC9374709_NCT02607306	0.4	mg/kg	subcutaneous	C57BL/6NTac	Mice	male	16.0	high-fat diet	35.0	112.0	1+every1days	28.0	28.0	ADULT,OLDER_ADULT	PHASE3	273.0	Liraglutide	0.3	1+every1days	364.0	364.0	109.2	9.889999999999999
PMC6412877_NCT02607306	25.0	nmol/kg	subcutaneous	Unknown	Mice	male		high-fat diet		49.0	1+every1days	28.0	28.0	ADULT,OLDER_ADULT	PHASE3	273.0	Liraglutide	0.3	1+every1days	364.0	364.0	109.2	-1.3
PMC6412877_NCT02607306	25.0	nmol/kg	subcutaneous	Unknown	Mice	male		high-fat diet		49.0	1+every1days	28.0	28.0	ADULT,OLDER_ADULT	PHASE3	273.0	Liraglutide	0.3	1+every1days	364.0	364.0	109.2	-1.3
PMC9072222_NCT02607306	0.1	mg/kg	subcutaneous	db/db	Mice	male	40.0	genetic		49.0	1+every1days	56.0	56.0	ADULT,OLDER_ADULT	PHASE3	273.0	Liraglutide	0.3	1+every1days	364.0	364.0	109.2	-0.40000000000000013
PMC9072222_NCT02607306	0.1	mg/kg	subcutaneous	db/db	Mice	male	40.0	genetic		49.0	1+every1days	56.0	56.0	ADULT,OLDER_ADULT	PHASE3	273.0	Liraglutide	0.3	1+every1days	364.0	364.0	109.2	-0.40000000000000013
PMC9112483_NCT02607306	200.0	μg/kg	subcutaneous	Zucker Diabetic Fatty	Rats	male	7.0	genetic		77.0	2+every1days	140.0	280.0	ADULT,OLDER_ADULT	PHASE3	273.0	Liraglutide	0.3	1+every1days	364.0	364.0	109.2	-0.40000000000000013
PMC9112483_NCT02607306	200.0	μg/kg	subcutaneous	Zucker Diabetic Fatty	Rats	male	7.0	genetic		77.0	2+every1days	140.0	280.0	ADULT,OLDER_ADULT	PHASE3	273.0	Liraglutide	0.3	1+every1days	364.0	364.0	109.2	-0.40000000000000013
PMC4000968_NCT02647320	10.0	mg/kg	oral	Zucker Diabetic Fatty	Rats	Unknown	7.0	genetic		140.0	1+every1days	42.0	42.0	ADULT,OLDER_ADULT	PHASE2	57.0	Sitagliptin Phosphate	100.0	1+every1days	84.0	84.0	8400.0	0.5499999999999999
PMC3998187_NCT02647320	10.0	mg/kg	oral	Zucker Diabetic Fatty	Rats	male	5.0	genetic		140.0	1+every1days	42.0	42.0	ADULT,OLDER_ADULT	PHASE2	57.0	Sitagliptin Phosphate	100.0	1+every1days	84.0	84.0	8400.0	1.3399999999999999
PMC2905949_NCT02647320	10.0	mg/kg	oral	Zucker Diabetic Fatty	Rats	male	8.0	genetic		140.0	1+every1days	42.0	42.0	ADULT,OLDER_ADULT	PHASE2	57.0	Sitagliptin Phosphate	100.0	1+every1days	84.0	84.0	8400.0	-0.65
PMC3235777_NCT02647320	10.0	mg/kg	oral	Zucker Diabetic Fatty	Rats	male	8.0	genetic		140.0	1+every1days	42.0	42.0	ADULT,OLDER_ADULT	PHASE2	57.0	Sitagliptin Phosphate	100.0	1+every1days	84.0	84.0	8400.0	1.12
PMC4514850_NCT02647320	100.0	mg/kg	oral	ICR	Mice	male	8.0	high-fat diet+streptozotocin		35.0	1+every1days	56.0	56.0	ADULT,OLDER_ADULT	PHASE2	57.0	Sitagliptin Phosphate	100.0	1+every1days	84.0	84.0	8400.0	0.64
PMC3660563_NCT02647320	1.0	mg/kg	oral	C57BLKS/J-db/db	Mice	male		genetic		42.0	1+every1days	42.0	42.0	ADULT,OLDER_ADULT	PHASE2	57.0	Sitagliptin Phosphate	100.0	1+every1days	84.0	84.0	8400.0	0.14
PMC4514850_NCT02647320	100.0	mg/kg	oral	db/db	Mice	male	5.0	genetic		56.0	1+every1days	28.0	28.0	ADULT,OLDER_ADULT	PHASE2	57.0	Sitagliptin Phosphate	100.0	1+every1days	84.0	84.0	8400.0	0.24
PMC7383507_NCT02648204	0.6	mg/kg	subcutaneous	C57BLKS/J-db/db	Mice	male	12.0	genetic		35.0	2+every7days	28.0	8.0	ADULT,OLDER_ADULT	PHASE3	299.0	Dulaglutide	0.75	1+every7days	280.0	40.0	30.0	0.7899999999999998
PMC7383507_NCT02648204	0.6	mg/kg	subcutaneous	C57BLKS/J-db/db	Mice	male	12.0	genetic		35.0	2+every7days	28.0	8.0	ADULT,OLDER_ADULT	PHASE3	299.0	Dulaglutide	1.5	1+every7days	280.0	40.0	60.0	0.5299999999999998
PMC8974032_NCT02648204	90.0	nmol/kg	subcutaneous	db/db	Mice	male		genetic	40.0	49.0	1+every7days	56.0	8.0	ADULT,OLDER_ADULT	PHASE3	301.0	Semaglutide	0.5	1+every7days	280.0	40.0	20.0	-0.51
PMC8974032_NCT02648204	90.0	nmol/kg	subcutaneous	db/db	Mice	male		genetic	40.0	49.0	1+every7days	56.0	8.0	ADULT,OLDER_ADULT	PHASE3	300.0	Semaglutide	1.0	1+every7days	280.0	40.0	40.0	-0.78
PMC9050719_NCT02648204	25.0	nmol/kg	subcutaneous	db/db	Mice	male	6.0	genetic	35.0	56.0	1+every7days	21.0	3.0	ADULT,OLDER_ADULT	PHASE3	301.0	Semaglutide	0.5	1+every7days	280.0	40.0	20.0	-1.46
PMC9050719_NCT02648204	25.0	nmol/kg	subcutaneous	db/db	Mice	male	6.0	genetic	35.0	56.0	1+every1days	21.0	21.0	ADULT,OLDER_ADULT	PHASE3	301.0	Semaglutide	0.5	1+every7days	280.0	40.0	20.0	-1.21
PMC9050719_NCT02648204	25.0	nmol/kg	subcutaneous	db/db	Mice	male	6.0	genetic	35.0	56.0	1+every7days	21.0	3.0	ADULT,OLDER_ADULT	PHASE3	300.0	Semaglutide	1.0	1+every7days	280.0	40.0	40.0	-1.73
PMC9050719_NCT02648204	25.0	nmol/kg	subcutaneous	db/db	Mice	male	6.0	genetic	35.0	56.0	1+every1days	21.0	21.0	ADULT,OLDER_ADULT	PHASE3	300.0	Semaglutide	1.0	1+every7days	280.0	40.0	40.0	-1.48
PMC9050719_NCT02648204	25.0	nmol/kg	subcutaneous	db/db	Mice	male	6.0	genetic	35.5	56.0	1+every1days	42.0	42.0	ADULT,OLDER_ADULT	PHASE3	301.0	Semaglutide	0.5	1+every7days	280.0	40.0	20.0	-0.20999999999999996
PMC9050719_NCT02648204	25.0	nmol/kg	subcutaneous	db/db	Mice	male	6.0	genetic	35.5	56.0	1+every1days	42.0	42.0	ADULT,OLDER_ADULT	PHASE3	300.0	Semaglutide	1.0	1+every7days	280.0	40.0	40.0	-0.48
PMC9796023_NCT02648204	1.5	nmol/kg	subcutaneous	db/db	Mice	both	8.0	genetic	47.5	63.0	1+every2days	28.0	14.0	ADULT,OLDER_ADULT	PHASE3	299.0	Dulaglutide	0.75	1+every7days	280.0	40.0	30.0	0.69
PMC9796023_NCT02648204	1.5	nmol/kg	subcutaneous	db/db	Mice	both	8.0	genetic	47.5	63.0	1+every2days	28.0	14.0	ADULT,OLDER_ADULT	PHASE3	299.0	Dulaglutide	1.5	1+every7days	280.0	40.0	60.0	0.42999999999999994
PMC9796023_NCT02648204	14.0	nmol/kg	subcutaneous	db/db	Mice	both	8.0	genetic	47.5	63.0	1+every2days	28.0	14.0	ADULT,OLDER_ADULT	PHASE3	301.0	Semaglutide	0.5	1+every7days	280.0	40.0	20.0	1.1900000000000002
PMC9796023_NCT02648204	14.0	nmol/kg	subcutaneous	db/db	Mice	both	8.0	genetic	47.5	63.0	1+every2days	28.0	14.0	ADULT,OLDER_ADULT	PHASE3	300.0	Semaglutide	1.0	1+every7days	280.0	40.0	40.0	0.9200000000000002
PMC8975272_NCT02648204	1.5	nmol/kg	subcutaneous	db/db	Mice	both	8.0	genetic	45.0	70.0	1+every2days	28.0	14.0	ADULT,OLDER_ADULT	PHASE3	299.0	Dulaglutide	0.75	1+every7days	280.0	40.0	30.0	1.09
PMC8975272_NCT02648204	1.5	nmol/kg	subcutaneous	db/db	Mice	both	8.0	genetic	45.0	70.0	1+every2days	28.0	14.0	ADULT,OLDER_ADULT	PHASE3	299.0	Dulaglutide	1.5	1+every7days	280.0	40.0	60.0	0.8300000000000001
PMC8975272_NCT02648204	15.0	nmol/kg	subcutaneous	db/db	Mice	both	8.0	genetic	45.0	70.0	1+every2days	28.0	14.0	ADULT,OLDER_ADULT	PHASE3	301.0	Semaglutide	0.5	1+every7days	280.0	40.0	20.0	0.7899999999999998
PMC8975272_NCT02648204	15.0	nmol/kg	subcutaneous	db/db	Mice	both	8.0	genetic	45.0	70.0	1+every2days	28.0	14.0	ADULT,OLDER_ADULT	PHASE3	300.0	Semaglutide	1.0	1+every7days	280.0	40.0	40.0	0.5199999999999998
PMC9143250_NCT02681094	1.0	mg/kg	oral	Wistar	Rats	both	6.0	high-fat diet+streptozotocin	215.0		1+every1days	28.0	28.0	ADULT,OLDER_ADULT	PHASE3	289.0	Dapagliflozin	5.0	1+every1days	168.0	168.0	840.0	7.87
PMC10308685_NCT02681094	1.0	mg/kg	oral	Zucker Diabetic Fatty	Rats	male	8.0	genetic		112.0	1+every1days	84.0	84.0	ADULT,OLDER_ADULT	PHASE3	289.0	Dapagliflozin	5.0	1+every1days	168.0	168.0	840.0	4.7700000000000005
PMC4237538_NCT02681094	1.0	mg/kg	oral	ob/ob	Mice	male		genetic	43.0	56.0	1+every1days	28.0	28.0	ADULT,OLDER_ADULT	PHASE3	289.0	Dapagliflozin	5.0	1+every1days	168.0	168.0	840.0	0.7699999999999999
PMC9112483_NCT02681094	10.0	mg/kg	intragastric	Zucker Diabetic Fatty	Rats	male	7.0	genetic		77.0	1+every1days	140.0	140.0	ADULT,OLDER_ADULT	PHASE3	291.0	Saxagliptin	5.0	1+every1days	168.0	168.0	840.0	-0.48999999999999994
PMC6856656_NCT02681094	1.0	mg/kg	oral	Zucker Diabetic Fatty	Rats	male	8.0	high-fat diet		84.0	1+every1days	63.0	63.0	ADULT,OLDER_ADULT	PHASE3	289.0	Dapagliflozin	5.0	1+every1days	168.0	168.0	840.0	2.27
PMC5089752_NCT02681094	1.0	mg/kg	oral	Otsuka Long-Evans Tokushima Fatty	Rats	male	10.0	genetic		98.0	1+every1days	84.0	84.0	ADULT,OLDER_ADULT	PHASE3	289.0	Dapagliflozin	5.0	1+every1days	168.0	168.0	840.0	1.4100000000000001
PMC8953658_NCT02681094	1.0	mg/kg	oral gavage	Zucker Diabetic Fatty	Rats	male	7.0	genetic		98.0	1+every1days	28.0	28.0	ADULT,OLDER_ADULT	PHASE3	289.0	Dapagliflozin	5.0	1+every1days	168.0	168.0	840.0	2.37
PMC9374709_NCT02730377	0.4	mg/kg	subcutaneous	C57BL/6NRj	Mice	male	23.0	high-fat diet	35.0	112.0	1+every1days	28.0	28.0	ADULT,OLDER_ADULT	PHASE4	996.0	Liraglutide	1.8	1+every1days	728.0	728.0	1310.4	-0.05999999999999983
PMC9374709_NCT02730377	0.4	mg/kg	subcutaneous	C57BL/6NTac	Mice	male	16.0	high-fat diet	35.0	112.0	1+every1days	28.0	28.0	ADULT,OLDER_ADULT	PHASE4	996.0	Liraglutide	1.8	1+every1days	728.0	728.0	1310.4	10.29
PMC6412877_NCT02730377	25.0	nmol/kg	subcutaneous	Unknown	Mice	male		high-fat diet		49.0	1+every1days	28.0	28.0	ADULT,OLDER_ADULT	PHASE4	996.0	Liraglutide	1.8	1+every1days	728.0	728.0	1310.4	-0.8999999999999999
PMC9072222_NCT02730377	0.1	mg/kg	subcutaneous	db/db	Mice	male	40.0	genetic		49.0	1+every1days	56.0	56.0	ADULT,OLDER_ADULT	PHASE4	996.0	Liraglutide	1.8	1+every1days	728.0	728.0	1310.4	0.0
PMC9112483_NCT02730377	200.0	μg/kg	subcutaneous	Zucker Diabetic Fatty	Rats	male	7.0	genetic		77.0	2+every1days	140.0	280.0	ADULT,OLDER_ADULT	PHASE4	996.0	Liraglutide	1.8	1+every1days	728.0	728.0	1310.4	0.0
PMC7383507_NCT02750410	0.6	mg/kg	subcutaneous	C57BLKS/J-db/db	Mice	male	12.0	genetic		35.0	2+every7days	28.0	8.0	ADULT,OLDER_ADULT	PHASE4	120.0	Dulaglutide	0.75	1+every7days	112.0	16.0	12.0	0.44999999999999996
PMC9796023_NCT02750410	1.5	nmol/kg	subcutaneous	db/db	Mice	both	8.0	genetic	47.5	63.0	1+every2days	28.0	14.0	ADULT,OLDER_ADULT	PHASE4	120.0	Dulaglutide	0.75	1+every7days	112.0	16.0	12.0	0.3500000000000001
PMC8975272_NCT02750410	1.5	nmol/kg	subcutaneous	db/db	Mice	both	8.0	genetic	45.0	70.0	1+every2days	28.0	14.0	ADULT,OLDER_ADULT	PHASE4	120.0	Dulaglutide	0.75	1+every7days	112.0	16.0	12.0	0.7500000000000002
PMC8974032_NCT02827708	90.0	nmol/kg	subcutaneous	db/db	Mice	male		genetic	40.0	49.0	1+every7days	56.0	8.0	ADULT,OLDER_ADULT	PHASE3	163.0	Semaglutide	14.0	1+every1days	182.0	182.0	2548.0	-0.19999999999999996
PMC9050719_NCT02827708	25.0	nmol/kg	subcutaneous	db/db	Mice	male	6.0	genetic	35.0	56.0	1+every7days	21.0	3.0	ADULT,OLDER_ADULT	PHASE3	163.0	Semaglutide	14.0	1+every1days	182.0	182.0	2548.0	-1.15
PMC9050719_NCT02827708	25.0	nmol/kg	subcutaneous	db/db	Mice	male	6.0	genetic	35.0	56.0	1+every1days	21.0	21.0	ADULT,OLDER_ADULT	PHASE3	163.0	Semaglutide	14.0	1+every1days	182.0	182.0	2548.0	-0.8999999999999999
PMC9050719_NCT02827708	25.0	nmol/kg	subcutaneous	db/db	Mice	male	6.0	genetic	35.5	56.0	1+every1days	42.0	42.0	ADULT,OLDER_ADULT	PHASE3	163.0	Semaglutide	14.0	1+every1days	182.0	182.0	2548.0	0.10000000000000009
PMC9796023_NCT02827708	14.0	nmol/kg	subcutaneous	db/db	Mice	both	8.0	genetic	47.5	63.0	1+every2days	28.0	14.0	ADULT,OLDER_ADULT	PHASE3	163.0	Semaglutide	14.0	1+every1days	182.0	182.0	2548.0	1.5000000000000002
PMC8975272_NCT02827708	15.0	nmol/kg	subcutaneous	db/db	Mice	both	8.0	genetic	45.0	70.0	1+every2days	28.0	14.0	ADULT,OLDER_ADULT	PHASE3	163.0	Semaglutide	14.0	1+every1days	182.0	182.0	2548.0	1.0999999999999999
PMC4000968_NCT02849080	10.0	mg/kg	oral	Zucker Diabetic Fatty	Rats	Unknown	7.0	genetic		140.0	1+every1days	42.0	42.0	ADULT,OLDER_ADULT	PHASE3	238.0	Sitagliptin Phosphate	100.0	1+every1days	364.0	364.0	36400.0	0.4099999999999999
PMC3998187_NCT02849080	10.0	mg/kg	oral	Zucker Diabetic Fatty	Rats	male	5.0	genetic		140.0	1+every1days	42.0	42.0	ADULT,OLDER_ADULT	PHASE3	238.0	Sitagliptin Phosphate	100.0	1+every1days	364.0	364.0	36400.0	1.2
PMC2905949_NCT02849080	10.0	mg/kg	oral	Zucker Diabetic Fatty	Rats	male	8.0	genetic		140.0	1+every1days	42.0	42.0	ADULT,OLDER_ADULT	PHASE3	238.0	Sitagliptin Phosphate	100.0	1+every1days	364.0	364.0	36400.0	-0.79
PMC3235777_NCT02849080	10.0	mg/kg	oral	Zucker Diabetic Fatty	Rats	male	8.0	genetic		140.0	1+every1days	42.0	42.0	ADULT,OLDER_ADULT	PHASE3	238.0	Sitagliptin Phosphate	100.0	1+every1days	364.0	364.0	36400.0	0.98
PMC4514850_NCT02849080	100.0	mg/kg	oral	ICR	Mice	male	8.0	high-fat diet+streptozotocin		35.0	1+every1days	56.0	56.0	ADULT,OLDER_ADULT	PHASE3	238.0	Sitagliptin Phosphate	100.0	1+every1days	364.0	364.0	36400.0	0.5
PMC3660563_NCT02849080	1.0	mg/kg	oral	C57BLKS/J-db/db	Mice	male		genetic		42.0	1+every1days	42.0	42.0	ADULT,OLDER_ADULT	PHASE3	238.0	Sitagliptin Phosphate	100.0	1+every1days	364.0	364.0	36400.0	0.0
PMC8974032_NCT02849080	90.0	nmol/kg	subcutaneous	db/db	Mice	male		genetic	40.0	49.0	1+every7days	56.0	8.0	ADULT,OLDER_ADULT	PHASE3	230.0	Semaglutide	3.0	1+every1days	364.0	364.0	1092.0	-0.30000000000000004
PMC8974032_NCT02849080	90.0	nmol/kg	subcutaneous	db/db	Mice	male		genetic	40.0	49.0	1+every7days	56.0	8.0	ADULT,OLDER_ADULT	PHASE3	180.0	Semaglutide	3.0	1+every1days	728.0	728.0	2184.0	-0.30000000000000004
PMC4514850_NCT02849080	100.0	mg/kg	oral	db/db	Mice	male	5.0	genetic		56.0	1+every1days	28.0	28.0	ADULT,OLDER_ADULT	PHASE3	238.0	Sitagliptin Phosphate	100.0	1+every1days	364.0	364.0	36400.0	0.09999999999999998
PMC9050719_NCT02849080	25.0	nmol/kg	subcutaneous	db/db	Mice	male	6.0	genetic	35.0	56.0	1+every7days	21.0	3.0	ADULT,OLDER_ADULT	PHASE3	230.0	Semaglutide	3.0	1+every1days	364.0	364.0	1092.0	-1.25
PMC9050719_NCT02849080	25.0	nmol/kg	subcutaneous	db/db	Mice	male	6.0	genetic	35.0	56.0	1+every1days	21.0	21.0	ADULT,OLDER_ADULT	PHASE3	230.0	Semaglutide	3.0	1+every1days	364.0	364.0	1092.0	-1.0
PMC9050719_NCT02849080	25.0	nmol/kg	subcutaneous	db/db	Mice	male	6.0	genetic	35.0	56.0	1+every7days	21.0	3.0	ADULT,OLDER_ADULT	PHASE3	180.0	Semaglutide	3.0	1+every1days	728.0	728.0	2184.0	-1.25
PMC9050719_NCT02849080	25.0	nmol/kg	subcutaneous	db/db	Mice	male	6.0	genetic	35.0	56.0	1+every1days	21.0	21.0	ADULT,OLDER_ADULT	PHASE3	180.0	Semaglutide	3.0	1+every1days	728.0	728.0	2184.0	-1.0
PMC9050719_NCT02849080	25.0	nmol/kg	subcutaneous	db/db	Mice	male	6.0	genetic	35.5	56.0	1+every1days	42.0	42.0	ADULT,OLDER_ADULT	PHASE3	230.0	Semaglutide	3.0	1+every1days	364.0	364.0	1092.0	0.0
PMC9050719_NCT02849080	25.0	nmol/kg	subcutaneous	db/db	Mice	male	6.0	genetic	35.5	56.0	1+every1days	42.0	42.0	ADULT,OLDER_ADULT	PHASE3	180.0	Semaglutide	3.0	1+every1days	728.0	728.0	2184.0	0.0
PMC9796023_NCT02849080	14.0	nmol/kg	subcutaneous	db/db	Mice	both	8.0	genetic	47.5	63.0	1+every2days	28.0	14.0	ADULT,OLDER_ADULT	PHASE3	230.0	Semaglutide	3.0	1+every1days	364.0	364.0	1092.0	1.4000000000000001
PMC9796023_NCT02849080	14.0	nmol/kg	subcutaneous	db/db	Mice	both	8.0	genetic	47.5	63.0	1+every2days	28.0	14.0	ADULT,OLDER_ADULT	PHASE3	180.0	Semaglutide	3.0	1+every1days	728.0	728.0	2184.0	1.4000000000000001
PMC8975272_NCT02849080	15.0	nmol/kg	subcutaneous	db/db	Mice	both	8.0	genetic	45.0	70.0	1+every2days	28.0	14.0	ADULT,OLDER_ADULT	PHASE3	230.0	Semaglutide	3.0	1+every1days	364.0	364.0	1092.0	0.9999999999999998
PMC8975272_NCT02849080	15.0	nmol/kg	subcutaneous	db/db	Mice	both	8.0	genetic	45.0	70.0	1+every2days	28.0	14.0	ADULT,OLDER_ADULT	PHASE3	180.0	Semaglutide	3.0	1+every1days	728.0	728.0	2184.0	0.9999999999999998
PMC7092631_NCT02863328	10.0	mg/kg	intragastric	Wistar	Rats	male	10.0	high-fat diet+streptozotocin	200.0		1+every1days	28.0	28.0	ADULT,OLDER_ADULT	PHASE3	382.0	Empagliflozin	25.0	1+every1days	364.0	364.0	9100.0	-0.72
PMC5491464_NCT02863328	10.0	mg/kg	oral	Zucker Diabetic Fatty	Rats	Unknown		genetic		112.0	1+every1days	42.0	42.0	ADULT,OLDER_ADULT	PHASE3	382.0	Empagliflozin	25.0	1+every1days	364.0	364.0	9100.0	3.4
PMC5491464_NCT02863328	30.0	mg/kg	oral	Zucker Diabetic Fatty	Rats	Unknown		genetic		112.0	1+every1days	42.0	42.0	ADULT,OLDER_ADULT	PHASE3	382.0	Empagliflozin	25.0	1+every1days	364.0	364.0	9100.0	4.1
PMC8974032_NCT02863328	90.0	nmol/kg	subcutaneous	db/db	Mice	male		genetic	40.0	49.0	1+every7days	56.0	8.0	ADULT,OLDER_ADULT	PHASE3	384.0	Semaglutide	14.0	1+every1days	364.0	364.0	5096.0	-0.30000000000000004
PMC6359811_NCT02863328	10.0	mg/kg	oral	KK-Ay	Mice	Unknown	15.0	high-fat diet		56.0	1+every1days	70.0	70.0	ADULT,OLDER_ADULT	PHASE3	382.0	Empagliflozin	25.0	1+every1days	364.0	364.0	9100.0	4.1
PMC9050719_NCT02863328	25.0	nmol/kg	subcutaneous	db/db	Mice	male	6.0	genetic	35.0	56.0	1+every7days	21.0	3.0	ADULT,OLDER_ADULT	PHASE3	384.0	Semaglutide	14.0	1+every1days	364.0	364.0	5096.0	-1.25
PMC9050719_NCT02863328	25.0	nmol/kg	subcutaneous	db/db	Mice	male	6.0	genetic	35.0	56.0	1+every1days	21.0	21.0	ADULT,OLDER_ADULT	PHASE3	384.0	Semaglutide	14.0	1+every1days	364.0	364.0	5096.0	-1.0
PMC9050719_NCT02863328	25.0	nmol/kg	subcutaneous	db/db	Mice	male	6.0	genetic	35.5	56.0	1+every1days	42.0	42.0	ADULT,OLDER_ADULT	PHASE3	384.0	Semaglutide	14.0	1+every1days	364.0	364.0	5096.0	0.0
PMC9796023_NCT02863328	14.0	nmol/kg	subcutaneous	db/db	Mice	both	8.0	genetic	47.5	63.0	1+every2days	28.0	14.0	ADULT,OLDER_ADULT	PHASE3	384.0	Semaglutide	14.0	1+every1days	364.0	364.0	5096.0	1.4000000000000001
PMC8975272_NCT02863328	15.0	nmol/kg	subcutaneous	db/db	Mice	both	8.0	genetic	45.0	70.0	1+every2days	28.0	14.0	ADULT,OLDER_ADULT	PHASE3	384.0	Semaglutide	14.0	1+every1days	364.0	364.0	5096.0	0.9999999999999998
PMC6681671_NCT02863328	10.0	mg/kg	oral	ob/ob	Mice	male	12.5	genetic		77.0	1+every1days	42.0	42.0	ADULT,OLDER_ADULT	PHASE3	382.0	Empagliflozin	25.0	1+every1days	364.0	364.0	9100.0	0.4999999999999999
PMC9374709_NCT02863419	0.4	mg/kg	subcutaneous	C57BL/6NRj	Mice	male	23.0	high-fat diet	35.0	112.0	1+every1days	28.0	28.0	ADULT,OLDER_ADULT	PHASE3	269.0	Liraglutide	1.8	1+every1days	364.0	364.0	655.2	0.44000000000000006
PMC9374709_NCT02863419	0.4	mg/kg	subcutaneous	C57BL/6NTac	Mice	male	16.0	high-fat diet	35.0	112.0	1+every1days	28.0	28.0	ADULT,OLDER_ADULT	PHASE3	269.0	Liraglutide	1.8	1+every1days	364.0	364.0	655.2	10.79
PMC6412877_NCT02863419	25.0	nmol/kg	subcutaneous	Unknown	Mice	male		high-fat diet		49.0	1+every1days	28.0	28.0	ADULT,OLDER_ADULT	PHASE3	269.0	Liraglutide	1.8	1+every1days	364.0	364.0	655.2	-0.4
PMC9072222_NCT02863419	0.1	mg/kg	subcutaneous	db/db	Mice	male	40.0	genetic		49.0	1+every1days	56.0	56.0	ADULT,OLDER_ADULT	PHASE3	269.0	Liraglutide	1.8	1+every1days	364.0	364.0	655.2	0.4999999999999999
PMC9112483_NCT02863419	200.0	μg/kg	subcutaneous	Zucker Diabetic Fatty	Rats	male	7.0	genetic		77.0	2+every1days	140.0	280.0	ADULT,OLDER_ADULT	PHASE3	269.0	Liraglutide	1.8	1+every1days	364.0	364.0	655.2	0.4999999999999999
PMC5489512_NCT02897349	2.0	mg/kg	oral	KK-Ay	Mice	female	10.0	genetic	50.0		1+every1days	42.0	42.0	ADULT,OLDER_ADULT	PHASE3	100.0	Linagliptin	5.0	1+every1days	168.0	168.0	840.0	-0.31
PMC6701666_NCT02897349	3.0	mg/kg	oral	db/db	Mice	female	12.0	genetic		38.5	1+every1days	42.0	42.0	ADULT,OLDER_ADULT	PHASE3	100.0	Linagliptin	5.0	1+every1days	168.0	168.0	840.0	-0.61
PMC5152931_NCT02897349	0.083	mg/kg	oral	Wistar	Rats	male	22.0	streptozotocin		42.0	Unknown	168.0		ADULT,OLDER_ADULT	PHASE3	100.0	Linagliptin	5.0	1+every1days	168.0	168.0	840.0	1.3900000000000001
PMC8974032_NCT02906930	90.0	nmol/kg	subcutaneous	db/db	Mice	male		genetic	40.0	49.0	1+every7days	56.0	8.0	ADULT,OLDER_ADULT	PHASE3	175.0	Semaglutide	3.0	1+every1days	182.0	182.0	546.0	0.09999999999999998
PMC8974032_NCT02906930	90.0	nmol/kg	subcutaneous	db/db	Mice	male		genetic	40.0	49.0	1+every7days	56.0	8.0	ADULT,OLDER_ADULT	PHASE3	175.0	Semaglutide	7.0	1+every1days	182.0	182.0	1274.0	-0.3999999999999999
PMC8974032_NCT02906930	90.0	nmol/kg	subcutaneous	db/db	Mice	male		genetic	40.0	49.0	1+every7days	56.0	8.0	ADULT,OLDER_ADULT	PHASE3	175.0	Semaglutide	14.0	1+every1days	182.0	182.0	2548.0	-0.5
PMC9050719_NCT02906930	25.0	nmol/kg	subcutaneous	db/db	Mice	male	6.0	genetic	35.0	56.0	1+every7days	21.0	3.0	ADULT,OLDER_ADULT	PHASE3	175.0	Semaglutide	3.0	1+every1days	182.0	182.0	546.0	-0.85
PMC9050719_NCT02906930	25.0	nmol/kg	subcutaneous	db/db	Mice	male	6.0	genetic	35.0	56.0	1+every1days	21.0	21.0	ADULT,OLDER_ADULT	PHASE3	175.0	Semaglutide	3.0	1+every1days	182.0	182.0	546.0	-0.6000000000000001
PMC9050719_NCT02906930	25.0	nmol/kg	subcutaneous	db/db	Mice	male	6.0	genetic	35.0	56.0	1+every7days	21.0	3.0	ADULT,OLDER_ADULT	PHASE3	175.0	Semaglutide	7.0	1+every1days	182.0	182.0	1274.0	-1.3499999999999999
PMC9050719_NCT02906930	25.0	nmol/kg	subcutaneous	db/db	Mice	male	6.0	genetic	35.0	56.0	1+every1days	21.0	21.0	ADULT,OLDER_ADULT	PHASE3	175.0	Semaglutide	7.0	1+every1days	182.0	182.0	1274.0	-1.0999999999999999
PMC9050719_NCT02906930	25.0	nmol/kg	subcutaneous	db/db	Mice	male	6.0	genetic	35.0	56.0	1+every7days	21.0	3.0	ADULT,OLDER_ADULT	PHASE3	175.0	Semaglutide	14.0	1+every1days	182.0	182.0	2548.0	-1.45
PMC9050719_NCT02906930	25.0	nmol/kg	subcutaneous	db/db	Mice	male	6.0	genetic	35.0	56.0	1+every1days	21.0	21.0	ADULT,OLDER_ADULT	PHASE3	175.0	Semaglutide	14.0	1+every1days	182.0	182.0	2548.0	-1.2
PMC9050719_NCT02906930	25.0	nmol/kg	subcutaneous	db/db	Mice	male	6.0	genetic	35.5	56.0	1+every1days	42.0	42.0	ADULT,OLDER_ADULT	PHASE3	175.0	Semaglutide	3.0	1+every1days	182.0	182.0	546.0	0.4
PMC9050719_NCT02906930	25.0	nmol/kg	subcutaneous	db/db	Mice	male	6.0	genetic	35.5	56.0	1+every1days	42.0	42.0	ADULT,OLDER_ADULT	PHASE3	175.0	Semaglutide	7.0	1+every1days	182.0	182.0	1274.0	-0.09999999999999987
PMC9050719_NCT02906930	25.0	nmol/kg	subcutaneous	db/db	Mice	male	6.0	genetic	35.5	56.0	1+every1days	42.0	42.0	ADULT,OLDER_ADULT	PHASE3	175.0	Semaglutide	14.0	1+every1days	182.0	182.0	2548.0	-0.19999999999999996
PMC9796023_NCT02906930	14.0	nmol/kg	subcutaneous	db/db	Mice	both	8.0	genetic	47.5	63.0	1+every2days	28.0	14.0	ADULT,OLDER_ADULT	PHASE3	175.0	Semaglutide	3.0	1+every1days	182.0	182.0	546.0	1.8000000000000003
PMC9796023_NCT02906930	14.0	nmol/kg	subcutaneous	db/db	Mice	both	8.0	genetic	47.5	63.0	1+every2days	28.0	14.0	ADULT,OLDER_ADULT	PHASE3	175.0	Semaglutide	7.0	1+every1days	182.0	182.0	1274.0	1.3000000000000003
PMC9796023_NCT02906930	14.0	nmol/kg	subcutaneous	db/db	Mice	both	8.0	genetic	47.5	63.0	1+every2days	28.0	14.0	ADULT,OLDER_ADULT	PHASE3	175.0	Semaglutide	14.0	1+every1days	182.0	182.0	2548.0	1.2000000000000002
PMC8975272_NCT02906930	15.0	nmol/kg	subcutaneous	db/db	Mice	both	8.0	genetic	45.0	70.0	1+every2days	28.0	14.0	ADULT,OLDER_ADULT	PHASE3	175.0	Semaglutide	3.0	1+every1days	182.0	182.0	546.0	1.4
PMC8975272_NCT02906930	15.0	nmol/kg	subcutaneous	db/db	Mice	both	8.0	genetic	45.0	70.0	1+every2days	28.0	14.0	ADULT,OLDER_ADULT	PHASE3	175.0	Semaglutide	7.0	1+every1days	182.0	182.0	1274.0	0.8999999999999999
PMC8975272_NCT02906930	15.0	nmol/kg	subcutaneous	db/db	Mice	both	8.0	genetic	45.0	70.0	1+every2days	28.0	14.0	ADULT,OLDER_ADULT	PHASE3	175.0	Semaglutide	14.0	1+every1days	182.0	182.0	2548.0	0.7999999999999998
PMC7383507_NCT02963766	0.6	mg/kg	subcutaneous	C57BLKS/J-db/db	Mice	male	12.0	genetic		35.0	2+every7days	28.0	8.0	CHILD	PHASE3	50.0	Dulaglutide	0.75	1+every7days	182.0	26.0	19.5	1.4
PMC7383507_NCT02963766	0.6	mg/kg	subcutaneous	C57BLKS/J-db/db	Mice	male	12.0	genetic		35.0	2+every7days	28.0	8.0	CHILD	PHASE3	50.0	Dulaglutide	1.5	1+every7days	182.0	26.0	39.0	0.8999999999999999
PMC9796023_NCT02963766	1.5	nmol/kg	subcutaneous	db/db	Mice	both	8.0	genetic	47.5	63.0	1+every2days	28.0	14.0	CHILD	PHASE3	50.0	Dulaglutide	0.75	1+every7days	182.0	26.0	19.5	1.3
PMC9796023_NCT02963766	1.5	nmol/kg	subcutaneous	db/db	Mice	both	8.0	genetic	47.5	63.0	1+every2days	28.0	14.0	CHILD	PHASE3	50.0	Dulaglutide	1.5	1+every7days	182.0	26.0	39.0	0.8
PMC8975272_NCT02963766	1.5	nmol/kg	subcutaneous	db/db	Mice	both	8.0	genetic	45.0	70.0	1+every2days	28.0	14.0	CHILD	PHASE3	50.0	Dulaglutide	0.75	1+every7days	182.0	26.0	19.5	1.7000000000000002
PMC8975272_NCT02963766	1.5	nmol/kg	subcutaneous	db/db	Mice	both	8.0	genetic	45.0	70.0	1+every2days	28.0	14.0	CHILD	PHASE3	50.0	Dulaglutide	1.5	1+every7days	182.0	26.0	39.0	1.2000000000000002
PMC9374709_NCT02964247	0.4	mg/kg	subcutaneous	C57BL/6NRj	Mice	male	23.0	high-fat diet	35.0	112.0	1+every1days	28.0	28.0	ADULT,OLDER_ADULT	PHASE3	203.0	Liraglutide	1.8	1+every1days	182.0	182.0	327.6	0.29000000000000004
PMC9374709_NCT02964247	0.4	mg/kg	subcutaneous	C57BL/6NTac	Mice	male	16.0	high-fat diet	35.0	112.0	1+every1days	28.0	28.0	ADULT,OLDER_ADULT	PHASE3	203.0	Liraglutide	1.8	1+every1days	182.0	182.0	327.6	10.639999999999999
PMC6412877_NCT02964247	25.0	nmol/kg	subcutaneous	Unknown	Mice	male		high-fat diet		49.0	1+every1days	28.0	28.0	ADULT,OLDER_ADULT	PHASE3	203.0	Liraglutide	1.8	1+every1days	182.0	182.0	327.6	-0.55
PMC9072222_NCT02964247	0.1	mg/kg	subcutaneous	db/db	Mice	male	40.0	genetic		49.0	1+every1days	56.0	56.0	ADULT,OLDER_ADULT	PHASE3	203.0	Liraglutide	1.8	1+every1days	182.0	182.0	327.6	0.34999999999999987
PMC9112483_NCT02964247	200.0	μg/kg	subcutaneous	Zucker Diabetic Fatty	Rats	male	7.0	genetic		77.0	2+every1days	140.0	280.0	ADULT,OLDER_ADULT	PHASE3	203.0	Liraglutide	1.8	1+every1days	182.0	182.0	327.6	0.34999999999999987
PMC7383507_NCT02973100	0.6	mg/kg	subcutaneous	C57BLKS/J-db/db	Mice	male	12.0	genetic		35.0	2+every7days	28.0	8.0	ADULT,OLDER_ADULT	PHASE2	73.0	Dulaglutide	1.5	1+every7days	126.0	18.0	27.0	0.6699999999999999
PMC7383507_NCT02973100	0.6	mg/kg	subcutaneous	C57BLKS/J-db/db	Mice	male	12.0	genetic		35.0	2+every7days	28.0	8.0	ADULT,OLDER_ADULT	PHASE2	73.0	Dulaglutide	3.0	1+every7days	126.0	18.0	54.0	0.5899999999999999
PMC7383507_NCT02973100	0.6	mg/kg	subcutaneous	C57BLKS/J-db/db	Mice	male	12.0	genetic		35.0	2+every7days	28.0	8.0	ADULT,OLDER_ADULT	PHASE2	66.0	Dulaglutide	4.5	1+every7days	126.0	18.0	81.0	0.5
PMC9796023_NCT02973100	1.5	nmol/kg	subcutaneous	db/db	Mice	both	8.0	genetic	47.5	63.0	1+every2days	28.0	14.0	ADULT,OLDER_ADULT	PHASE2	73.0	Dulaglutide	1.5	1+every7days	126.0	18.0	27.0	0.5700000000000001
PMC9796023_NCT02973100	1.5	nmol/kg	subcutaneous	db/db	Mice	both	8.0	genetic	47.5	63.0	1+every2days	28.0	14.0	ADULT,OLDER_ADULT	PHASE2	73.0	Dulaglutide	3.0	1+every7days	126.0	18.0	54.0	0.49
PMC9796023_NCT02973100	1.5	nmol/kg	subcutaneous	db/db	Mice	both	8.0	genetic	47.5	63.0	1+every2days	28.0	14.0	ADULT,OLDER_ADULT	PHASE2	66.0	Dulaglutide	4.5	1+every7days	126.0	18.0	81.0	0.40000000000000013
PMC8975272_NCT02973100	1.5	nmol/kg	subcutaneous	db/db	Mice	both	8.0	genetic	45.0	70.0	1+every2days	28.0	14.0	ADULT,OLDER_ADULT	PHASE2	73.0	Dulaglutide	1.5	1+every7days	126.0	18.0	27.0	0.9700000000000002
PMC8975272_NCT02973100	1.5	nmol/kg	subcutaneous	db/db	Mice	both	8.0	genetic	45.0	70.0	1+every2days	28.0	14.0	ADULT,OLDER_ADULT	PHASE2	73.0	Dulaglutide	3.0	1+every7days	126.0	18.0	54.0	0.8900000000000001
PMC8975272_NCT02973100	1.5	nmol/kg	subcutaneous	db/db	Mice	both	8.0	genetic	45.0	70.0	1+every2days	28.0	14.0	ADULT,OLDER_ADULT	PHASE2	66.0	Dulaglutide	4.5	1+every7days	126.0	18.0	81.0	0.8000000000000003
PMC7383507_NCT03015220	0.6	mg/kg	subcutaneous	C57BLKS/J-db/db	Mice	male	12.0	genetic		35.0	2+every7days	28.0	8.0	ADULT,OLDER_ADULT	PHASE3	65.0	Dulaglutide	0.75	1+every7days	364.0	52.0	39.0	0.5
PMC8974032_NCT03015220	90.0	nmol/kg	subcutaneous	db/db	Mice	male		genetic	40.0	49.0	1+every7days	56.0	8.0	ADULT,OLDER_ADULT	PHASE3	131.0	Semaglutide	3.0	1+every1days	364.0	364.0	1092.0	0.19999999999999996
PMC8974032_NCT03015220	90.0	nmol/kg	subcutaneous	db/db	Mice	male		genetic	40.0	49.0	1+every7days	56.0	8.0	ADULT,OLDER_ADULT	PHASE3	132.0	Semaglutide	7.0	1+every1days	364.0	364.0	2548.0	-0.3999999999999999
PMC8974032_NCT03015220	90.0	nmol/kg	subcutaneous	db/db	Mice	male		genetic	40.0	49.0	1+every7days	56.0	8.0	ADULT,OLDER_ADULT	PHASE3	130.0	Semaglutide	14.0	1+every1days	364.0	364.0	5096.0	-0.8
PMC9050719_NCT03015220	25.0	nmol/kg	subcutaneous	db/db	Mice	male	6.0	genetic	35.0	56.0	1+every7days	21.0	3.0	ADULT,OLDER_ADULT	PHASE3	131.0	Semaglutide	3.0	1+every1days	364.0	364.0	1092.0	-0.75
PMC9050719_NCT03015220	25.0	nmol/kg	subcutaneous	db/db	Mice	male	6.0	genetic	35.0	56.0	1+every1days	21.0	21.0	ADULT,OLDER_ADULT	PHASE3	131.0	Semaglutide	3.0	1+every1days	364.0	364.0	1092.0	-0.5
PMC9050719_NCT03015220	25.0	nmol/kg	subcutaneous	db/db	Mice	male	6.0	genetic	35.0	56.0	1+every7days	21.0	3.0	ADULT,OLDER_ADULT	PHASE3	132.0	Semaglutide	7.0	1+every1days	364.0	364.0	2548.0	-1.3499999999999999
PMC9050719_NCT03015220	25.0	nmol/kg	subcutaneous	db/db	Mice	male	6.0	genetic	35.0	56.0	1+every1days	21.0	21.0	ADULT,OLDER_ADULT	PHASE3	132.0	Semaglutide	7.0	1+every1days	364.0	364.0	2548.0	-1.0999999999999999
PMC9050719_NCT03015220	25.0	nmol/kg	subcutaneous	db/db	Mice	male	6.0	genetic	35.0	56.0	1+every7days	21.0	3.0	ADULT,OLDER_ADULT	PHASE3	130.0	Semaglutide	14.0	1+every1days	364.0	364.0	5096.0	-1.75
PMC9050719_NCT03015220	25.0	nmol/kg	subcutaneous	db/db	Mice	male	6.0	genetic	35.0	56.0	1+every1days	21.0	21.0	ADULT,OLDER_ADULT	PHASE3	130.0	Semaglutide	14.0	1+every1days	364.0	364.0	5096.0	-1.5
PMC9050719_NCT03015220	25.0	nmol/kg	subcutaneous	db/db	Mice	male	6.0	genetic	35.5	56.0	1+every1days	42.0	42.0	ADULT,OLDER_ADULT	PHASE3	131.0	Semaglutide	3.0	1+every1days	364.0	364.0	1092.0	0.5
PMC9050719_NCT03015220	25.0	nmol/kg	subcutaneous	db/db	Mice	male	6.0	genetic	35.5	56.0	1+every1days	42.0	42.0	ADULT,OLDER_ADULT	PHASE3	132.0	Semaglutide	7.0	1+every1days	364.0	364.0	2548.0	-0.09999999999999987
PMC9050719_NCT03015220	25.0	nmol/kg	subcutaneous	db/db	Mice	male	6.0	genetic	35.5	56.0	1+every1days	42.0	42.0	ADULT,OLDER_ADULT	PHASE3	130.0	Semaglutide	14.0	1+every1days	364.0	364.0	5096.0	-0.5
PMC9796023_NCT03015220	14.0	nmol/kg	subcutaneous	db/db	Mice	both	8.0	genetic	47.5	63.0	1+every2days	28.0	14.0	ADULT,OLDER_ADULT	PHASE3	131.0	Semaglutide	3.0	1+every1days	364.0	364.0	1092.0	1.9000000000000001
PMC9796023_NCT03015220	1.5	nmol/kg	subcutaneous	db/db	Mice	both	8.0	genetic	47.5	63.0	1+every2days	28.0	14.0	ADULT,OLDER_ADULT	PHASE3	65.0	Dulaglutide	0.75	1+every7days	364.0	52.0	39.0	0.40000000000000013
PMC9796023_NCT03015220	14.0	nmol/kg	subcutaneous	db/db	Mice	both	8.0	genetic	47.5	63.0	1+every2days	28.0	14.0	ADULT,OLDER_ADULT	PHASE3	132.0	Semaglutide	7.0	1+every1days	364.0	364.0	2548.0	1.3000000000000003
PMC9796023_NCT03015220	14.0	nmol/kg	subcutaneous	db/db	Mice	both	8.0	genetic	47.5	63.0	1+every2days	28.0	14.0	ADULT,OLDER_ADULT	PHASE3	130.0	Semaglutide	14.0	1+every1days	364.0	364.0	5096.0	0.9000000000000001
PMC8975272_NCT03015220	15.0	nmol/kg	subcutaneous	db/db	Mice	both	8.0	genetic	45.0	70.0	1+every2days	28.0	14.0	ADULT,OLDER_ADULT	PHASE3	131.0	Semaglutide	3.0	1+every1days	364.0	364.0	1092.0	1.4999999999999998
PMC8975272_NCT03015220	1.5	nmol/kg	subcutaneous	db/db	Mice	both	8.0	genetic	45.0	70.0	1+every2days	28.0	14.0	ADULT,OLDER_ADULT	PHASE3	65.0	Dulaglutide	0.75	1+every7days	364.0	52.0	39.0	0.8000000000000003
PMC8975272_NCT03015220	15.0	nmol/kg	subcutaneous	db/db	Mice	both	8.0	genetic	45.0	70.0	1+every2days	28.0	14.0	ADULT,OLDER_ADULT	PHASE3	132.0	Semaglutide	7.0	1+every1days	364.0	364.0	2548.0	0.8999999999999999
PMC8975272_NCT03015220	15.0	nmol/kg	subcutaneous	db/db	Mice	both	8.0	genetic	45.0	70.0	1+every2days	28.0	14.0	ADULT,OLDER_ADULT	PHASE3	130.0	Semaglutide	14.0	1+every1days	364.0	364.0	5096.0	0.4999999999999998
PMC9374709_NCT03018028	0.4	mg/kg	subcutaneous	C57BL/6NRj	Mice	male	23.0	high-fat diet	35.0	112.0	1+every1days	28.0	28.0	ADULT,OLDER_ADULT	PHASE3	41.0	Liraglutide	0.9	1+every1days	364.0	364.0	327.6	0.040000000000000036
PMC9374709_NCT03018028	0.4	mg/kg	subcutaneous	C57BL/6NTac	Mice	male	16.0	high-fat diet	35.0	112.0	1+every1days	28.0	28.0	ADULT,OLDER_ADULT	PHASE3	41.0	Liraglutide	0.9	1+every1days	364.0	364.0	327.6	10.389999999999999
PMC6412877_NCT03018028	25.0	nmol/kg	subcutaneous	Unknown	Mice	male		high-fat diet		49.0	1+every1days	28.0	28.0	ADULT,OLDER_ADULT	PHASE3	41.0	Liraglutide	0.9	1+every1days	364.0	364.0	327.6	-0.8
PMC8974032_NCT03018028	90.0	nmol/kg	subcutaneous	db/db	Mice	male		genetic	40.0	49.0	1+every7days	56.0	8.0	ADULT,OLDER_ADULT	PHASE3	38.0	Semaglutide	3.0	1+every1days	364.0	364.0	1092.0	0.0
PMC8974032_NCT03018028	90.0	nmol/kg	subcutaneous	db/db	Mice	male		genetic	40.0	49.0	1+every7days	56.0	8.0	ADULT,OLDER_ADULT	PHASE3	43.0	Semaglutide	7.0	1+every1days	364.0	364.0	2548.0	-0.3999999999999999
PMC8974032_NCT03018028	90.0	nmol/kg	subcutaneous	db/db	Mice	male		genetic	40.0	49.0	1+every7days	56.0	8.0	ADULT,OLDER_ADULT	PHASE3	41.0	Semaglutide	14.0	1+every1days	364.0	364.0	5096.0	-0.5
PMC9072222_NCT03018028	0.1	mg/kg	subcutaneous	db/db	Mice	male	40.0	genetic		49.0	1+every1days	56.0	56.0	ADULT,OLDER_ADULT	PHASE3	41.0	Liraglutide	0.9	1+every1days	364.0	364.0	327.6	0.09999999999999987
PMC9050719_NCT03018028	25.0	nmol/kg	subcutaneous	db/db	Mice	male	6.0	genetic	35.0	56.0	1+every7days	21.0	3.0	ADULT,OLDER_ADULT	PHASE3	38.0	Semaglutide	3.0	1+every1days	364.0	364.0	1092.0	-0.95
PMC9050719_NCT03018028	25.0	nmol/kg	subcutaneous	db/db	Mice	male	6.0	genetic	35.0	56.0	1+every1days	21.0	21.0	ADULT,OLDER_ADULT	PHASE3	38.0	Semaglutide	3.0	1+every1days	364.0	364.0	1092.0	-0.7
PMC9050719_NCT03018028	25.0	nmol/kg	subcutaneous	db/db	Mice	male	6.0	genetic	35.0	56.0	1+every7days	21.0	3.0	ADULT,OLDER_ADULT	PHASE3	43.0	Semaglutide	7.0	1+every1days	364.0	364.0	2548.0	-1.3499999999999999
PMC9050719_NCT03018028	25.0	nmol/kg	subcutaneous	db/db	Mice	male	6.0	genetic	35.0	56.0	1+every1days	21.0	21.0	ADULT,OLDER_ADULT	PHASE3	43.0	Semaglutide	7.0	1+every1days	364.0	364.0	2548.0	-1.0999999999999999
PMC9050719_NCT03018028	25.0	nmol/kg	subcutaneous	db/db	Mice	male	6.0	genetic	35.0	56.0	1+every7days	21.0	3.0	ADULT,OLDER_ADULT	PHASE3	41.0	Semaglutide	14.0	1+every1days	364.0	364.0	5096.0	-1.45
PMC9050719_NCT03018028	25.0	nmol/kg	subcutaneous	db/db	Mice	male	6.0	genetic	35.0	56.0	1+every1days	21.0	21.0	ADULT,OLDER_ADULT	PHASE3	41.0	Semaglutide	14.0	1+every1days	364.0	364.0	5096.0	-1.2
PMC9050719_NCT03018028	25.0	nmol/kg	subcutaneous	db/db	Mice	male	6.0	genetic	35.5	56.0	1+every1days	42.0	42.0	ADULT,OLDER_ADULT	PHASE3	38.0	Semaglutide	3.0	1+every1days	364.0	364.0	1092.0	0.30000000000000004
PMC9050719_NCT03018028	25.0	nmol/kg	subcutaneous	db/db	Mice	male	6.0	genetic	35.5	56.0	1+every1days	42.0	42.0	ADULT,OLDER_ADULT	PHASE3	43.0	Semaglutide	7.0	1+every1days	364.0	364.0	2548.0	-0.09999999999999987
PMC9050719_NCT03018028	25.0	nmol/kg	subcutaneous	db/db	Mice	male	6.0	genetic	35.5	56.0	1+every1days	42.0	42.0	ADULT,OLDER_ADULT	PHASE3	41.0	Semaglutide	14.0	1+every1days	364.0	364.0	5096.0	-0.19999999999999996
PMC9796023_NCT03018028	14.0	nmol/kg	subcutaneous	db/db	Mice	both	8.0	genetic	47.5	63.0	1+every2days	28.0	14.0	ADULT,OLDER_ADULT	PHASE3	38.0	Semaglutide	3.0	1+every1days	364.0	364.0	1092.0	1.7000000000000002
PMC9796023_NCT03018028	14.0	nmol/kg	subcutaneous	db/db	Mice	both	8.0	genetic	47.5	63.0	1+every2days	28.0	14.0	ADULT,OLDER_ADULT	PHASE3	43.0	Semaglutide	7.0	1+every1days	364.0	364.0	2548.0	1.3000000000000003
PMC9796023_NCT03018028	14.0	nmol/kg	subcutaneous	db/db	Mice	both	8.0	genetic	47.5	63.0	1+every2days	28.0	14.0	ADULT,OLDER_ADULT	PHASE3	41.0	Semaglutide	14.0	1+every1days	364.0	364.0	5096.0	1.2000000000000002
PMC8975272_NCT03018028	15.0	nmol/kg	subcutaneous	db/db	Mice	both	8.0	genetic	45.0	70.0	1+every2days	28.0	14.0	ADULT,OLDER_ADULT	PHASE3	38.0	Semaglutide	3.0	1+every1days	364.0	364.0	1092.0	1.2999999999999998
PMC8975272_NCT03018028	15.0	nmol/kg	subcutaneous	db/db	Mice	both	8.0	genetic	45.0	70.0	1+every2days	28.0	14.0	ADULT,OLDER_ADULT	PHASE3	43.0	Semaglutide	7.0	1+every1days	364.0	364.0	2548.0	0.8999999999999999
PMC8975272_NCT03018028	15.0	nmol/kg	subcutaneous	db/db	Mice	both	8.0	genetic	45.0	70.0	1+every2days	28.0	14.0	ADULT,OLDER_ADULT	PHASE3	41.0	Semaglutide	14.0	1+every1days	364.0	364.0	5096.0	0.7999999999999998
PMC9112483_NCT03018028	200.0	μg/kg	subcutaneous	Zucker Diabetic Fatty	Rats	male	7.0	genetic		77.0	2+every1days	140.0	280.0	ADULT,OLDER_ADULT	PHASE3	41.0	Liraglutide	0.9	1+every1days	364.0	364.0	327.6	0.09999999999999987
PMC8974032_NCT03021187	90.0	nmol/kg	subcutaneous	db/db	Mice	male		genetic	40.0	49.0	1+every7days	56.0	8.0	ADULT,OLDER_ADULT	PHASE3	173.0	Semaglutide	3.0	1+every1days	364.0	364.0	1092.0	0.4
PMC9050719_NCT03021187	25.0	nmol/kg	subcutaneous	db/db	Mice	male	6.0	genetic	35.0	56.0	1+every7days	21.0	3.0	ADULT,OLDER_ADULT	PHASE3	173.0	Semaglutide	3.0	1+every1days	364.0	364.0	1092.0	-0.5499999999999999
PMC9050719_NCT03021187	25.0	nmol/kg	subcutaneous	db/db	Mice	male	6.0	genetic	35.0	56.0	1+every1days	21.0	21.0	ADULT,OLDER_ADULT	PHASE3	173.0	Semaglutide	3.0	1+every1days	364.0	364.0	1092.0	-0.3
PMC9050719_NCT03021187	25.0	nmol/kg	subcutaneous	db/db	Mice	male	6.0	genetic	35.5	56.0	1+every1days	42.0	42.0	ADULT,OLDER_ADULT	PHASE3	173.0	Semaglutide	3.0	1+every1days	364.0	364.0	1092.0	0.7000000000000001
PMC9796023_NCT03021187	14.0	nmol/kg	subcutaneous	db/db	Mice	both	8.0	genetic	47.5	63.0	1+every2days	28.0	14.0	ADULT,OLDER_ADULT	PHASE3	173.0	Semaglutide	3.0	1+every1days	364.0	364.0	1092.0	2.1
PMC8975272_NCT03021187	15.0	nmol/kg	subcutaneous	db/db	Mice	both	8.0	genetic	45.0	70.0	1+every2days	28.0	14.0	ADULT,OLDER_ADULT	PHASE3	173.0	Semaglutide	3.0	1+every1days	364.0	364.0	1092.0	1.6999999999999997
PMC8974032_NCT03086330	90.0	nmol/kg	subcutaneous	db/db	Mice	male		genetic	40.0	49.0	1+every7days	56.0	8.0	ADULT,OLDER_ADULT	PHASE3	151.0	Semaglutide	1.0	1+every7days	210.0	30.0	30.0	-0.6000000000000001
PMC9050719_NCT03086330	25.0	nmol/kg	subcutaneous	db/db	Mice	male	6.0	genetic	35.0	56.0	1+every7days	21.0	3.0	ADULT,OLDER_ADULT	PHASE3	151.0	Semaglutide	1.0	1+every7days	210.0	30.0	30.0	-1.55
PMC9050719_NCT03086330	25.0	nmol/kg	subcutaneous	db/db	Mice	male	6.0	genetic	35.0	56.0	1+every1days	21.0	21.0	ADULT,OLDER_ADULT	PHASE3	151.0	Semaglutide	1.0	1+every7days	210.0	30.0	30.0	-1.3
PMC9050719_NCT03086330	25.0	nmol/kg	subcutaneous	db/db	Mice	male	6.0	genetic	35.5	56.0	1+every1days	42.0	42.0	ADULT,OLDER_ADULT	PHASE3	151.0	Semaglutide	1.0	1+every7days	210.0	30.0	30.0	-0.30000000000000004
PMC9796023_NCT03086330	14.0	nmol/kg	subcutaneous	db/db	Mice	both	8.0	genetic	47.5	63.0	1+every2days	28.0	14.0	ADULT,OLDER_ADULT	PHASE3	151.0	Semaglutide	1.0	1+every7days	210.0	30.0	30.0	1.1
PMC8975272_NCT03086330	15.0	nmol/kg	subcutaneous	db/db	Mice	both	8.0	genetic	45.0	70.0	1+every2days	28.0	14.0	ADULT,OLDER_ADULT	PHASE3	151.0	Semaglutide	1.0	1+every7days	210.0	30.0	30.0	0.6999999999999997
PMC9374709_NCT03172494	0.4	mg/kg	subcutaneous	C57BL/6NRj	Mice	male	23.0	high-fat diet	35.0	112.0	1+every1days	28.0	28.0	ADULT,OLDER_ADULT	PHASE3	151.0	Liraglutide	1.8	1+every1days	182.0	182.0	327.6	0.18000000000000016
PMC9374709_NCT03172494	0.4	mg/kg	subcutaneous	C57BL/6NTac	Mice	male	16.0	high-fat diet	35.0	112.0	1+every1days	28.0	28.0	ADULT,OLDER_ADULT	PHASE3	151.0	Liraglutide	1.8	1+every1days	182.0	182.0	327.6	10.53
PMC6412877_NCT03172494	25.0	nmol/kg	subcutaneous	Unknown	Mice	male		high-fat diet		49.0	1+every1days	28.0	28.0	ADULT,OLDER_ADULT	PHASE3	151.0	Liraglutide	1.8	1+every1days	182.0	182.0	327.6	-0.6599999999999999
PMC9072222_NCT03172494	0.1	mg/kg	subcutaneous	db/db	Mice	male	40.0	genetic		49.0	1+every1days	56.0	56.0	ADULT,OLDER_ADULT	PHASE3	151.0	Liraglutide	1.8	1+every1days	182.0	182.0	327.6	0.24
PMC9112483_NCT03172494	200.0	μg/kg	subcutaneous	Zucker Diabetic Fatty	Rats	male	7.0	genetic		77.0	2+every1days	140.0	280.0	ADULT,OLDER_ADULT	PHASE3	151.0	Liraglutide	1.8	1+every1days	182.0	182.0	327.6	0.24
PMC9374709_NCT03191396	0.4	mg/kg	subcutaneous	C57BL/6NRj	Mice	male	23.0	high-fat diet	35.0	112.0	1+every1days	28.0	28.0	ADULT,OLDER_ADULT	PHASE3	287.0	Liraglutide	1.2	1+every1days	210.0	210.0	252.0	0.24
PMC9374709_NCT03191396	0.4	mg/kg	subcutaneous	C57BL/6NTac	Mice	male	16.0	high-fat diet	35.0	112.0	1+every1days	28.0	28.0	ADULT,OLDER_ADULT	PHASE3	287.0	Liraglutide	1.2	1+every1days	210.0	210.0	252.0	10.59
PMC6412877_NCT03191396	25.0	nmol/kg	subcutaneous	Unknown	Mice	male		high-fat diet		49.0	1+every1days	28.0	28.0	ADULT,OLDER_ADULT	PHASE3	287.0	Liraglutide	1.2	1+every1days	210.0	210.0	252.0	-0.6000000000000001
PMC8974032_NCT03191396	90.0	nmol/kg	subcutaneous	db/db	Mice	male		genetic	40.0	49.0	1+every7days	56.0	8.0	ADULT,OLDER_ADULT	PHASE3	290.0	Semaglutide	1.0	1+every7days	210.0	30.0	30.0	-0.7
PMC9072222_NCT03191396	0.1	mg/kg	subcutaneous	db/db	Mice	male	40.0	genetic		49.0	1+every1days	56.0	56.0	ADULT,OLDER_ADULT	PHASE3	287.0	Liraglutide	1.2	1+every1days	210.0	210.0	252.0	0.2999999999999998
PMC9050719_NCT03191396	25.0	nmol/kg	subcutaneous	db/db	Mice	male	6.0	genetic	35.0	56.0	1+every7days	21.0	3.0	ADULT,OLDER_ADULT	PHASE3	290.0	Semaglutide	1.0	1+every7days	210.0	30.0	30.0	-1.65
PMC9050719_NCT03191396	25.0	nmol/kg	subcutaneous	db/db	Mice	male	6.0	genetic	35.0	56.0	1+every1days	21.0	21.0	ADULT,OLDER_ADULT	PHASE3	290.0	Semaglutide	1.0	1+every7days	210.0	30.0	30.0	-1.4
PMC9050719_NCT03191396	25.0	nmol/kg	subcutaneous	db/db	Mice	male	6.0	genetic	35.5	56.0	1+every1days	42.0	42.0	ADULT,OLDER_ADULT	PHASE3	290.0	Semaglutide	1.0	1+every7days	210.0	30.0	30.0	-0.3999999999999999
PMC9796023_NCT03191396	14.0	nmol/kg	subcutaneous	db/db	Mice	both	8.0	genetic	47.5	63.0	1+every2days	28.0	14.0	ADULT,OLDER_ADULT	PHASE3	290.0	Semaglutide	1.0	1+every7days	210.0	30.0	30.0	1.0000000000000002
PMC8975272_NCT03191396	15.0	nmol/kg	subcutaneous	db/db	Mice	both	8.0	genetic	45.0	70.0	1+every2days	28.0	14.0	ADULT,OLDER_ADULT	PHASE3	290.0	Semaglutide	1.0	1+every7days	210.0	30.0	30.0	0.5999999999999999
PMC9112483_NCT03191396	200.0	μg/kg	subcutaneous	Zucker Diabetic Fatty	Rats	male	7.0	genetic		77.0	2+every1days	140.0	280.0	ADULT,OLDER_ADULT	PHASE3	287.0	Liraglutide	1.2	1+every1days	210.0	210.0	252.0	0.2999999999999998
PMC9143250_NCT03199053	1.0	mg/kg	oral	Wistar	Rats	both	6.0	high-fat diet+streptozotocin	215.0		1+every1days	28.0	28.0	CHILD,ADULT	PHASE3	75.0	Dapagliflozin	5.0	1+every1days	182.0	182.0	910.0	7.88
PMC9143250_NCT03199053	1.0	mg/kg	oral	Wistar	Rats	both	6.0	high-fat diet+streptozotocin	215.0		1+every1days	28.0	28.0	CHILD,ADULT	PHASE3	21.0	Dapagliflozin	5.0	1+every1days	182.0	182.0	910.0	7.79
PMC9143250_NCT03199053	1.0	mg/kg	oral	Wistar	Rats	both	6.0	high-fat diet+streptozotocin	215.0		1+every1days	28.0	28.0	CHILD,ADULT	PHASE3	19.0	Dapagliflozin	10.0	1+every1days	182.0	182.0	1820.0	7.76
PMC10308685_NCT03199053	1.0	mg/kg	oral	Zucker Diabetic Fatty	Rats	male	8.0	genetic		112.0	1+every1days	84.0	84.0	CHILD,ADULT	PHASE3	75.0	Dapagliflozin	5.0	1+every1days	182.0	182.0	910.0	4.78
PMC10308685_NCT03199053	1.0	mg/kg	oral	Zucker Diabetic Fatty	Rats	male	8.0	genetic		112.0	1+every1days	84.0	84.0	CHILD,ADULT	PHASE3	21.0	Dapagliflozin	5.0	1+every1days	182.0	182.0	910.0	4.69
PMC10308685_NCT03199053	1.0	mg/kg	oral	Zucker Diabetic Fatty	Rats	male	8.0	genetic		112.0	1+every1days	84.0	84.0	CHILD,ADULT	PHASE3	19.0	Dapagliflozin	10.0	1+every1days	182.0	182.0	1820.0	4.66
PMC4237538_NCT03199053	1.0	mg/kg	oral	ob/ob	Mice	male		genetic	43.0	56.0	1+every1days	28.0	28.0	CHILD,ADULT	PHASE3	75.0	Dapagliflozin	5.0	1+every1days	182.0	182.0	910.0	0.7799999999999999
PMC4237538_NCT03199053	1.0	mg/kg	oral	ob/ob	Mice	male		genetic	43.0	56.0	1+every1days	28.0	28.0	CHILD,ADULT	PHASE3	21.0	Dapagliflozin	5.0	1+every1days	182.0	182.0	910.0	0.69
PMC4237538_NCT03199053	1.0	mg/kg	oral	ob/ob	Mice	male		genetic	43.0	56.0	1+every1days	28.0	28.0	CHILD,ADULT	PHASE3	19.0	Dapagliflozin	10.0	1+every1days	182.0	182.0	1820.0	0.6599999999999999
PMC9112483_NCT03199053	10.0	mg/kg	intragastric	Zucker Diabetic Fatty	Rats	male	7.0	genetic		77.0	1+every1days	140.0	140.0	CHILD,ADULT	PHASE3	25.0	Saxagliptin	5.0	1+every1days	182.0	182.0	910.0	0.04000000000000001
PMC9112483_NCT03199053	10.0	mg/kg	intragastric	Zucker Diabetic Fatty	Rats	male	7.0	genetic		77.0	1+every1days	140.0	140.0	CHILD,ADULT	PHASE3	82.0	Saxagliptin	2.5	1+every1days	182.0	182.0	455.0	0.26
PMC9112483_NCT03199053	10.0	mg/kg	intragastric	Zucker Diabetic Fatty	Rats	male	7.0	genetic		77.0	1+every1days	140.0	140.0	CHILD,ADULT	PHASE3	24.0	Saxagliptin	2.5	1+every1days	182.0	182.0	455.0	0.27
PMC6856656_NCT03199053	1.0	mg/kg	oral	Zucker Diabetic Fatty	Rats	male	8.0	high-fat diet		84.0	1+every1days	63.0	63.0	CHILD,ADULT	PHASE3	75.0	Dapagliflozin	5.0	1+every1days	182.0	182.0	910.0	2.28
PMC6856656_NCT03199053	1.0	mg/kg	oral	Zucker Diabetic Fatty	Rats	male	8.0	high-fat diet		84.0	1+every1days	63.0	63.0	CHILD,ADULT	PHASE3	21.0	Dapagliflozin	5.0	1+every1days	182.0	182.0	910.0	2.19
PMC6856656_NCT03199053	1.0	mg/kg	oral	Zucker Diabetic Fatty	Rats	male	8.0	high-fat diet		84.0	1+every1days	63.0	63.0	CHILD,ADULT	PHASE3	19.0	Dapagliflozin	10.0	1+every1days	182.0	182.0	1820.0	2.16
PMC5089752_NCT03199053	1.0	mg/kg	oral	Otsuka Long-Evans Tokushima Fatty	Rats	male	10.0	genetic		98.0	1+every1days	84.0	84.0	CHILD,ADULT	PHASE3	75.0	Dapagliflozin	5.0	1+every1days	182.0	182.0	910.0	1.42
PMC5089752_NCT03199053	1.0	mg/kg	oral	Otsuka Long-Evans Tokushima Fatty	Rats	male	10.0	genetic		98.0	1+every1days	84.0	84.0	CHILD,ADULT	PHASE3	21.0	Dapagliflozin	5.0	1+every1days	182.0	182.0	910.0	1.33
PMC5089752_NCT03199053	1.0	mg/kg	oral	Otsuka Long-Evans Tokushima Fatty	Rats	male	10.0	genetic		98.0	1+every1days	84.0	84.0	CHILD,ADULT	PHASE3	19.0	Dapagliflozin	10.0	1+every1days	182.0	182.0	1820.0	1.3
PMC8953658_NCT03199053	1.0	mg/kg	oral gavage	Zucker Diabetic Fatty	Rats	male	7.0	genetic		98.0	1+every1days	28.0	28.0	CHILD,ADULT	PHASE3	75.0	Dapagliflozin	5.0	1+every1days	182.0	182.0	910.0	2.38
PMC8953658_NCT03199053	1.0	mg/kg	oral gavage	Zucker Diabetic Fatty	Rats	male	7.0	genetic		98.0	1+every1days	28.0	28.0	CHILD,ADULT	PHASE3	21.0	Dapagliflozin	5.0	1+every1days	182.0	182.0	910.0	2.29
PMC8953658_NCT03199053	1.0	mg/kg	oral gavage	Zucker Diabetic Fatty	Rats	male	7.0	genetic		98.0	1+every1days	28.0	28.0	CHILD,ADULT	PHASE3	19.0	Dapagliflozin	10.0	1+every1days	182.0	182.0	1820.0	2.26
PMC6701666_NCT03332771	2.0	mg/kg	oral	db/db	Mice	female	12.0	genetic		38.5	1+every1days	42.0	42.0	ADULT,OLDER_ADULT	PHASE3	318.0	Glimepiride	6.0	1+every1days	364.0	364.0	2184.0	-0.61
PMC6273299_NCT03332771	5.0	mg/kg	Unknown	Zucker Diabetic Fatty	Rats	male	6.0	high-fat diet		42.0	1+every1days	84.0	84.0	ADULT,OLDER_ADULT	PHASE3	318.0	Glimepiride	6.0	1+every1days	364.0	364.0	2184.0	-0.31
PMC3610345_NCT03332771	2.5	mg/kg	oral	db/db	Mice	male		genetic		49.0	1+every1days	42.0	42.0	ADULT,OLDER_ADULT	PHASE3	318.0	Glimepiride	6.0	1+every1days	364.0	364.0	2184.0	0.39
PMC5489512_NCT03338803	2.0	mg/kg	oral	KK-Ay	Mice	female	10.0	genetic	50.0		1+every1days	42.0	42.0	ADULT,OLDER_ADULT	Unknown	11001.0	Linagliptin		Unknown	120.0			-0.21000000000000002
PMC5489512_NCT03338803	2.0	mg/kg	oral	KK-Ay	Mice	female	10.0	genetic	50.0		1+every1days	42.0	42.0	ADULT,OLDER_ADULT	Unknown	11001.0	Linagliptin		Unknown	60.0			-0.21000000000000002
PMC6701666_NCT03338803	3.0	mg/kg	oral	db/db	Mice	female	12.0	genetic		38.5	1+every1days	42.0	42.0	ADULT,OLDER_ADULT	Unknown	11001.0	Linagliptin		Unknown	120.0			-0.51
PMC6701666_NCT03338803	3.0	mg/kg	oral	db/db	Mice	female	12.0	genetic		38.5	1+every1days	42.0	42.0	ADULT,OLDER_ADULT	Unknown	11001.0	Linagliptin		Unknown	60.0			-0.51
PMC5152931_NCT03338803	0.083	mg/kg	oral	Wistar	Rats	male	22.0	streptozotocin		42.0	Unknown	168.0		ADULT,OLDER_ADULT	Unknown	11001.0	Linagliptin		Unknown	120.0			1.49
PMC5152931_NCT03338803	0.083	mg/kg	oral	Wistar	Rats	male	22.0	streptozotocin		42.0	Unknown	168.0		ADULT,OLDER_ADULT	Unknown	11001.0	Linagliptin		Unknown	60.0			1.49
PMC5489512_NCT03429543	2.0	mg/kg	oral	KK-Ay	Mice	female	10.0	genetic	50.0		1+every1days	42.0	42.0	CHILD	PHASE3	5.0	Linagliptin	5.0	1+every1days	182.0	182.0	910.0	-0.23000000000000004
PMC5489512_NCT03429543	2.0	mg/kg	oral	KK-Ay	Mice	female	10.0	genetic	50.0		1+every1days	42.0	42.0	CHILD	PHASE3	52.0	Linagliptin	5.0	1+every1days	182.0	182.0	910.0	0.63
PMC7092631_NCT03429543	10.0	mg/kg	intragastric	Wistar	Rats	male	10.0	high-fat diet+streptozotocin	200.0		1+every1days	28.0	28.0	CHILD	PHASE3	39.0	Empagliflozin	10.0	1+every1days	182.0	182.0	1820.0	-0.31
PMC5491464_NCT03429543	10.0	mg/kg	oral	Zucker Diabetic Fatty	Rats	Unknown		genetic		112.0	1+every1days	42.0	42.0	CHILD	PHASE3	39.0	Empagliflozin	10.0	1+every1days	182.0	182.0	1820.0	3.8099999999999996
PMC5491464_NCT03429543	30.0	mg/kg	oral	Zucker Diabetic Fatty	Rats	Unknown		genetic		112.0	1+every1days	42.0	42.0	CHILD	PHASE3	39.0	Empagliflozin	10.0	1+every1days	182.0	182.0	1820.0	4.51
PMC6701666_NCT03429543	3.0	mg/kg	oral	db/db	Mice	female	12.0	genetic		38.5	1+every1days	42.0	42.0	CHILD	PHASE3	5.0	Linagliptin	5.0	1+every1days	182.0	182.0	910.0	-0.53
PMC6701666_NCT03429543	3.0	mg/kg	oral	db/db	Mice	female	12.0	genetic		38.5	1+every1days	42.0	42.0	CHILD	PHASE3	52.0	Linagliptin	5.0	1+every1days	182.0	182.0	910.0	0.33
PMC5152931_NCT03429543	0.083	mg/kg	oral	Wistar	Rats	male	22.0	streptozotocin		42.0	Unknown	168.0		CHILD	PHASE3	5.0	Linagliptin	5.0	1+every1days	182.0	182.0	910.0	1.47
PMC5152931_NCT03429543	0.083	mg/kg	oral	Wistar	Rats	male	22.0	streptozotocin		42.0	Unknown	168.0		CHILD	PHASE3	52.0	Linagliptin	5.0	1+every1days	182.0	182.0	910.0	2.33
PMC6359811_NCT03429543	10.0	mg/kg	oral	KK-Ay	Mice	Unknown	15.0	high-fat diet		56.0	1+every1days	70.0	70.0	CHILD	PHASE3	39.0	Empagliflozin	10.0	1+every1days	182.0	182.0	1820.0	4.51
PMC6681671_NCT03429543	10.0	mg/kg	oral	ob/ob	Mice	male	12.5	genetic		77.0	1+every1days	42.0	42.0	CHILD	PHASE3	39.0	Empagliflozin	10.0	1+every1days	182.0	182.0	1820.0	0.9099999999999999
PMC8974032_NCT03596450	90.0	nmol/kg	subcutaneous	db/db	Mice	male		genetic	40.0	49.0	1+every7days	56.0	8.0	ADULT,OLDER_ADULT	PHASE4	374.0	Semaglutide		1+every7days	730.0	104.0		-0.44999999999999996
PMC9050719_NCT03596450	25.0	nmol/kg	subcutaneous	db/db	Mice	male	6.0	genetic	35.0	56.0	1+every7days	21.0	3.0	ADULT,OLDER_ADULT	PHASE4	374.0	Semaglutide		1+every7days	730.0	104.0		-1.4
PMC9050719_NCT03596450	25.0	nmol/kg	subcutaneous	db/db	Mice	male	6.0	genetic	35.0	56.0	1+every1days	21.0	21.0	ADULT,OLDER_ADULT	PHASE4	374.0	Semaglutide		1+every7days	730.0	104.0		-1.15
PMC9050719_NCT03596450	25.0	nmol/kg	subcutaneous	db/db	Mice	male	6.0	genetic	35.5	56.0	1+every1days	42.0	42.0	ADULT,OLDER_ADULT	PHASE4	374.0	Semaglutide		1+every7days	730.0	104.0		-0.1499999999999999
PMC9796023_NCT03596450	14.0	nmol/kg	subcutaneous	db/db	Mice	both	8.0	genetic	47.5	63.0	1+every2days	28.0	14.0	ADULT,OLDER_ADULT	PHASE4	374.0	Semaglutide		1+every7days	730.0	104.0		1.2500000000000002
PMC8975272_NCT03596450	15.0	nmol/kg	subcutaneous	db/db	Mice	both	8.0	genetic	45.0	70.0	1+every2days	28.0	14.0	ADULT,OLDER_ADULT	PHASE4	374.0	Semaglutide		1+every7days	730.0	104.0		0.8499999999999999
PMC7383507_NCT03861052	0.6	mg/kg	subcutaneous	C57BLKS/J-db/db	Mice	male	12.0	genetic		35.0	2+every7days	28.0	8.0	ADULT,OLDER_ADULT	PHASE3	159.0	Dulaglutide	0.75	1+every7days	364.0	52.0	39.0	0.6099999999999999
PMC9796023_NCT03861052	1.5	nmol/kg	subcutaneous	db/db	Mice	both	8.0	genetic	47.5	63.0	1+every2days	28.0	14.0	ADULT,OLDER_ADULT	PHASE3	159.0	Dulaglutide	0.75	1+every7days	364.0	52.0	39.0	0.51
PMC8975272_NCT03861052	1.5	nmol/kg	subcutaneous	db/db	Mice	both	8.0	genetic	45.0	70.0	1+every2days	28.0	14.0	ADULT,OLDER_ADULT	PHASE3	159.0	Dulaglutide	0.75	1+every7days	364.0	52.0	39.0	0.9100000000000001
PMC8974032_NCT03951753	90.0	nmol/kg	subcutaneous	db/db	Mice	male		genetic	40.0	49.0	1+every7days	56.0	8.0	ADULT,OLDER_ADULT	PHASE1	43.0	Semaglutide	1.0	1+every7days	196.0	28.0	28.0	-0.6399999999999999
PMC9050719_NCT03951753	25.0	nmol/kg	subcutaneous	db/db	Mice	male	6.0	genetic	35.0	56.0	1+every7days	21.0	3.0	ADULT,OLDER_ADULT	PHASE1	43.0	Semaglutide	1.0	1+every7days	196.0	28.0	28.0	-1.5899999999999999
PMC9050719_NCT03951753	25.0	nmol/kg	subcutaneous	db/db	Mice	male	6.0	genetic	35.0	56.0	1+every1days	21.0	21.0	ADULT,OLDER_ADULT	PHASE1	43.0	Semaglutide	1.0	1+every7days	196.0	28.0	28.0	-1.3399999999999999
PMC9050719_NCT03951753	25.0	nmol/kg	subcutaneous	db/db	Mice	male	6.0	genetic	35.5	56.0	1+every1days	42.0	42.0	ADULT,OLDER_ADULT	PHASE1	43.0	Semaglutide	1.0	1+every7days	196.0	28.0	28.0	-0.33999999999999986
PMC9796023_NCT03951753	14.0	nmol/kg	subcutaneous	db/db	Mice	both	8.0	genetic	47.5	63.0	1+every2days	28.0	14.0	ADULT,OLDER_ADULT	PHASE1	43.0	Semaglutide	1.0	1+every7days	196.0	28.0	28.0	1.0600000000000003
PMC8975272_NCT03951753	15.0	nmol/kg	subcutaneous	db/db	Mice	both	8.0	genetic	45.0	70.0	1+every2days	28.0	14.0	ADULT,OLDER_ADULT	PHASE1	43.0	Semaglutide	1.0	1+every7days	196.0	28.0	28.0	0.6599999999999999
PMC8974032_NCT03989232	90.0	nmol/kg	subcutaneous	db/db	Mice	male		genetic	40.0	49.0	1+every7days	56.0	8.0	ADULT,OLDER_ADULT	PHASE3	480.0	Semaglutide	2.0	1+every7days	280.0	40.0	80.0	-1.2000000000000002
PMC9050719_NCT03989232	25.0	nmol/kg	subcutaneous	db/db	Mice	male	6.0	genetic	35.0	56.0	1+every7days	21.0	3.0	ADULT,OLDER_ADULT	PHASE3	480.0	Semaglutide	2.0	1+every7days	280.0	40.0	80.0	-2.1500000000000004
PMC9050719_NCT03989232	25.0	nmol/kg	subcutaneous	db/db	Mice	male	6.0	genetic	35.0	56.0	1+every1days	21.0	21.0	ADULT,OLDER_ADULT	PHASE3	480.0	Semaglutide	2.0	1+every7days	280.0	40.0	80.0	-1.9000000000000001
PMC9050719_NCT03989232	25.0	nmol/kg	subcutaneous	db/db	Mice	male	6.0	genetic	35.5	56.0	1+every1days	42.0	42.0	ADULT,OLDER_ADULT	PHASE3	480.0	Semaglutide	2.0	1+every7days	280.0	40.0	80.0	-0.9000000000000001
PMC9796023_NCT03989232	14.0	nmol/kg	subcutaneous	db/db	Mice	both	8.0	genetic	47.5	63.0	1+every2days	28.0	14.0	ADULT,OLDER_ADULT	PHASE3	480.0	Semaglutide	2.0	1+every7days	280.0	40.0	80.0	0.5
PMC8975272_NCT03989232	15.0	nmol/kg	subcutaneous	db/db	Mice	both	8.0	genetic	45.0	70.0	1+every2days	28.0	14.0	ADULT,OLDER_ADULT	PHASE3	480.0	Semaglutide	2.0	1+every7days	280.0	40.0	80.0	0.09999999999999964
PMC4000968_NCT04017832	10.0	mg/kg	oral	Zucker Diabetic Fatty	Rats	Unknown	7.0	genetic		140.0	1+every1days	42.0	42.0	ADULT,OLDER_ADULT	PHASE3	350.0	Sitagliptin Phosphate	100.0	1+every1days	182.0	182.0	18200.0	0.51
PMC3998187_NCT04017832	10.0	mg/kg	oral	Zucker Diabetic Fatty	Rats	male	5.0	genetic		140.0	1+every1days	42.0	42.0	ADULT,OLDER_ADULT	PHASE3	350.0	Sitagliptin Phosphate	100.0	1+every1days	182.0	182.0	18200.0	1.3
PMC2905949_NCT04017832	10.0	mg/kg	oral	Zucker Diabetic Fatty	Rats	male	8.0	genetic		140.0	1+every1days	42.0	42.0	ADULT,OLDER_ADULT	PHASE3	350.0	Sitagliptin Phosphate	100.0	1+every1days	182.0	182.0	18200.0	-0.69
PMC3235777_NCT04017832	10.0	mg/kg	oral	Zucker Diabetic Fatty	Rats	male	8.0	genetic		140.0	1+every1days	42.0	42.0	ADULT,OLDER_ADULT	PHASE3	350.0	Sitagliptin Phosphate	100.0	1+every1days	182.0	182.0	18200.0	1.08
PMC4514850_NCT04017832	100.0	mg/kg	oral	ICR	Mice	male	8.0	high-fat diet+streptozotocin		35.0	1+every1days	56.0	56.0	ADULT,OLDER_ADULT	PHASE3	350.0	Sitagliptin Phosphate	100.0	1+every1days	182.0	182.0	18200.0	0.6000000000000001
PMC3660563_NCT04017832	1.0	mg/kg	oral	C57BLKS/J-db/db	Mice	male		genetic		42.0	1+every1days	42.0	42.0	ADULT,OLDER_ADULT	PHASE3	350.0	Sitagliptin Phosphate	100.0	1+every1days	182.0	182.0	18200.0	0.10000000000000009
PMC4514850_NCT04017832	100.0	mg/kg	oral	db/db	Mice	male	5.0	genetic		56.0	1+every1days	28.0	28.0	ADULT,OLDER_ADULT	PHASE3	350.0	Sitagliptin Phosphate	100.0	1+every1days	182.0	182.0	18200.0	0.20000000000000007
PMC7092631_NCT04233801	10.0	mg/kg	intragastric	Wistar	Rats	male	10.0	high-fat diet+streptozotocin	200.0		1+every1days	28.0	28.0	ADULT,OLDER_ADULT	PHASE3	72.0	Empagliflozin	10.0	1+every1days	168.0	168.0	1680.0	-0.9400000000000002
PMC7092631_NCT04233801	10.0	mg/kg	intragastric	Wistar	Rats	male	10.0	high-fat diet+streptozotocin	200.0		1+every1days	28.0	28.0	ADULT,OLDER_ADULT	PHASE3	73.0	Empagliflozin	25.0	1+every1days	168.0	168.0	4200.0	-0.9400000000000002
PMC5491464_NCT04233801	10.0	mg/kg	oral	Zucker Diabetic Fatty	Rats	Unknown		genetic		112.0	1+every1days	42.0	42.0	ADULT,OLDER_ADULT	PHASE3	72.0	Empagliflozin	10.0	1+every1days	168.0	168.0	1680.0	3.1799999999999997
PMC5491464_NCT04233801	30.0	mg/kg	oral	Zucker Diabetic Fatty	Rats	Unknown		genetic		112.0	1+every1days	42.0	42.0	ADULT,OLDER_ADULT	PHASE3	72.0	Empagliflozin	10.0	1+every1days	168.0	168.0	1680.0	3.88
PMC5491464_NCT04233801	10.0	mg/kg	oral	Zucker Diabetic Fatty	Rats	Unknown		genetic		112.0	1+every1days	42.0	42.0	ADULT,OLDER_ADULT	PHASE3	73.0	Empagliflozin	25.0	1+every1days	168.0	168.0	4200.0	3.1799999999999997
PMC5491464_NCT04233801	30.0	mg/kg	oral	Zucker Diabetic Fatty	Rats	Unknown		genetic		112.0	1+every1days	42.0	42.0	ADULT,OLDER_ADULT	PHASE3	73.0	Empagliflozin	25.0	1+every1days	168.0	168.0	4200.0	3.88
PMC6359811_NCT04233801	10.0	mg/kg	oral	KK-Ay	Mice	Unknown	15.0	high-fat diet		56.0	1+every1days	70.0	70.0	ADULT,OLDER_ADULT	PHASE3	72.0	Empagliflozin	10.0	1+every1days	168.0	168.0	1680.0	3.88
PMC6359811_NCT04233801	10.0	mg/kg	oral	KK-Ay	Mice	Unknown	15.0	high-fat diet		56.0	1+every1days	70.0	70.0	ADULT,OLDER_ADULT	PHASE3	73.0	Empagliflozin	25.0	1+every1days	168.0	168.0	4200.0	3.88
PMC6681671_NCT04233801	10.0	mg/kg	oral	ob/ob	Mice	male	12.5	genetic		77.0	1+every1days	42.0	42.0	ADULT,OLDER_ADULT	PHASE3	72.0	Empagliflozin	10.0	1+every1days	168.0	168.0	1680.0	0.2799999999999998
PMC6681671_NCT04233801	10.0	mg/kg	oral	ob/ob	Mice	male	12.5	genetic		77.0	1+every1days	42.0	42.0	ADULT,OLDER_ADULT	PHASE3	73.0	Empagliflozin	25.0	1+every1days	168.0	168.0	4200.0	0.2799999999999998
PMC8974032_NCT04251156	90.0	nmol/kg	subcutaneous	db/db	Mice	male		genetic	40.0	49.0	1+every7days	56.0	8.0	ADULT,OLDER_ADULT	PHASE3	235.0	Semaglutide	2.4	1+every7days	308.0	44.0	105.6	0.19999999999999996
PMC9050719_NCT04251156	25.0	nmol/kg	subcutaneous	db/db	Mice	male	6.0	genetic	35.0	56.0	1+every7days	21.0	3.0	ADULT,OLDER_ADULT	PHASE3	235.0	Semaglutide	2.4	1+every7days	308.0	44.0	105.6	-0.75
PMC9050719_NCT04251156	25.0	nmol/kg	subcutaneous	db/db	Mice	male	6.0	genetic	35.0	56.0	1+every1days	21.0	21.0	ADULT,OLDER_ADULT	PHASE3	235.0	Semaglutide	2.4	1+every7days	308.0	44.0	105.6	-0.5
PMC9050719_NCT04251156	25.0	nmol/kg	subcutaneous	db/db	Mice	male	6.0	genetic	35.5	56.0	1+every1days	42.0	42.0	ADULT,OLDER_ADULT	PHASE3	235.0	Semaglutide	2.4	1+every7days	308.0	44.0	105.6	0.5
PMC9796023_NCT04251156	14.0	nmol/kg	subcutaneous	db/db	Mice	both	8.0	genetic	47.5	63.0	1+every2days	28.0	14.0	ADULT,OLDER_ADULT	PHASE3	235.0	Semaglutide	2.4	1+every7days	308.0	44.0	105.6	1.9000000000000001
PMC8975272_NCT04251156	15.0	nmol/kg	subcutaneous	db/db	Mice	both	8.0	genetic	45.0	70.0	1+every2days	28.0	14.0	ADULT,OLDER_ADULT	PHASE3	235.0	Semaglutide	2.4	1+every7days	308.0	44.0	105.6	1.4999999999999998
PMC7092631_NCT04531462	10.0	mg/kg	intragastric	Wistar	Rats	male	10.0	high-fat diet+streptozotocin	200.0		1+every1days	28.0	28.0	OLDER_ADULT	PHASE4	64.0	Empagliflozin	10.0	1+every1days	364.0	364.0	3640.0	-0.51
PMC5491464_NCT04531462	10.0	mg/kg	oral	Zucker Diabetic Fatty	Rats	Unknown		genetic		112.0	1+every1days	42.0	42.0	OLDER_ADULT	PHASE4	64.0	Empagliflozin	10.0	1+every1days	364.0	364.0	3640.0	3.61
PMC5491464_NCT04531462	30.0	mg/kg	oral	Zucker Diabetic Fatty	Rats	Unknown		genetic		112.0	1+every1days	42.0	42.0	OLDER_ADULT	PHASE4	64.0	Empagliflozin	10.0	1+every1days	364.0	364.0	3640.0	4.3100000000000005
PMC6359811_NCT04531462	10.0	mg/kg	oral	KK-Ay	Mice	Unknown	15.0	high-fat diet		56.0	1+every1days	70.0	70.0	OLDER_ADULT	PHASE4	64.0	Empagliflozin	10.0	1+every1days	364.0	364.0	3640.0	4.3100000000000005
PMC6681671_NCT04531462	10.0	mg/kg	oral	ob/ob	Mice	male	12.5	genetic		77.0	1+every1days	42.0	42.0	OLDER_ADULT	PHASE4	64.0	Empagliflozin	10.0	1+every1days	364.0	364.0	3640.0	0.71
PMC7383507_NCT04867785	0.6	mg/kg	subcutaneous	C57BLKS/J-db/db	Mice	male	12.0	genetic		35.0	2+every7days	28.0	8.0	ADULT,OLDER_ADULT	PHASE2	46.0	Dulaglutide	1.5	1+every7days	168.0	24.0	36.0	0.49
PMC7383507_NCT04867785	0.6	mg/kg	subcutaneous	C57BLKS/J-db/db	Mice	male	12.0	genetic		35.0	2+every7days	28.0	8.0	ADULT,OLDER_ADULT	PHASE2	46.0	Dulaglutide	1.5	1+every7days	168.0	24.0	36.0	0.49
PMC9796023_NCT04867785	1.5	nmol/kg	subcutaneous	db/db	Mice	both	8.0	genetic	47.5	63.0	1+every2days	28.0	14.0	ADULT,OLDER_ADULT	PHASE2	46.0	Dulaglutide	1.5	1+every7days	168.0	24.0	36.0	0.3900000000000001
PMC9796023_NCT04867785	1.5	nmol/kg	subcutaneous	db/db	Mice	both	8.0	genetic	47.5	63.0	1+every2days	28.0	14.0	ADULT,OLDER_ADULT	PHASE2	46.0	Dulaglutide	1.5	1+every7days	168.0	24.0	36.0	0.3900000000000001
PMC8975272_NCT04867785	1.5	nmol/kg	subcutaneous	db/db	Mice	both	8.0	genetic	45.0	70.0	1+every2days	28.0	14.0	ADULT,OLDER_ADULT	PHASE2	46.0	Dulaglutide	1.5	1+every7days	168.0	24.0	36.0	0.7900000000000003
PMC8975272_NCT04867785	1.5	nmol/kg	subcutaneous	db/db	Mice	both	8.0	genetic	45.0	70.0	1+every2days	28.0	14.0	ADULT,OLDER_ADULT	PHASE2	46.0	Dulaglutide	1.5	1+every7days	168.0	24.0	36.0	0.7900000000000003
PMC8974032_NCT05259033	90.0	nmol/kg	subcutaneous	db/db	Mice	male		genetic	40.0	49.0	1+every7days	56.0	8.0	ADULT,OLDER_ADULT	PHASE3	335.0	Semaglutide	1.0	1+every7days	364.0	52.0	52.0	0.14
PMC9050719_NCT05259033	25.0	nmol/kg	subcutaneous	db/db	Mice	male	6.0	genetic	35.0	56.0	1+every7days	21.0	3.0	ADULT,OLDER_ADULT	PHASE3	335.0	Semaglutide	1.0	1+every7days	364.0	52.0	52.0	-0.8099999999999999
PMC9050719_NCT05259033	25.0	nmol/kg	subcutaneous	db/db	Mice	male	6.0	genetic	35.0	56.0	1+every1days	21.0	21.0	ADULT,OLDER_ADULT	PHASE3	335.0	Semaglutide	1.0	1+every7days	364.0	52.0	52.0	-0.56
PMC9050719_NCT05259033	25.0	nmol/kg	subcutaneous	db/db	Mice	male	6.0	genetic	35.5	56.0	1+every1days	42.0	42.0	ADULT,OLDER_ADULT	PHASE3	335.0	Semaglutide	1.0	1+every7days	364.0	52.0	52.0	0.44000000000000006
PMC9796023_NCT05259033	14.0	nmol/kg	subcutaneous	db/db	Mice	both	8.0	genetic	47.5	63.0	1+every2days	28.0	14.0	ADULT,OLDER_ADULT	PHASE3	335.0	Semaglutide	1.0	1+every7days	364.0	52.0	52.0	1.8400000000000003
PMC8975272_NCT05259033	15.0	nmol/kg	subcutaneous	db/db	Mice	both	8.0	genetic	45.0	70.0	1+every2days	28.0	14.0	ADULT,OLDER_ADULT	PHASE3	335.0	Semaglutide	1.0	1+every7days	364.0	52.0	52.0	1.44
PMC8974032_NCT05486065	90.0	nmol/kg	subcutaneous	db/db	Mice	male		genetic	40.0	49.0	1+every7days	56.0	8.0	ADULT	PHASE2	57.0	Semaglutide	8.0	1+every7days	280.0	40.0	320.0	-0.8
PMC8974032_NCT05486065	90.0	nmol/kg	subcutaneous	db/db	Mice	male		genetic	40.0	49.0	1+every7days	56.0	8.0	ADULT	PHASE2	56.0	Semaglutide	2.0	1+every7days	280.0	40.0	80.0	-0.8999999999999999
PMC8974032_NCT05486065	90.0	nmol/kg	subcutaneous	db/db	Mice	male		genetic	40.0	49.0	1+every7days	56.0	8.0	ADULT	PHASE2	56.0	Semaglutide	16.0	1+every7days	280.0	40.0	640.0	-1.1
PMC9050719_NCT05486065	25.0	nmol/kg	subcutaneous	db/db	Mice	male	6.0	genetic	35.0	56.0	1+every7days	21.0	3.0	ADULT	PHASE2	57.0	Semaglutide	8.0	1+every7days	280.0	40.0	320.0	-1.75
PMC9050719_NCT05486065	25.0	nmol/kg	subcutaneous	db/db	Mice	male	6.0	genetic	35.0	56.0	1+every1days	21.0	21.0	ADULT	PHASE2	57.0	Semaglutide	8.0	1+every7days	280.0	40.0	320.0	-1.5
PMC9050719_NCT05486065	25.0	nmol/kg	subcutaneous	db/db	Mice	male	6.0	genetic	35.0	56.0	1+every7days	21.0	3.0	ADULT	PHASE2	56.0	Semaglutide	2.0	1+every7days	280.0	40.0	80.0	-1.8499999999999999
PMC9050719_NCT05486065	25.0	nmol/kg	subcutaneous	db/db	Mice	male	6.0	genetic	35.0	56.0	1+every1days	21.0	21.0	ADULT	PHASE2	56.0	Semaglutide	2.0	1+every7days	280.0	40.0	80.0	-1.5999999999999999
PMC9050719_NCT05486065	25.0	nmol/kg	subcutaneous	db/db	Mice	male	6.0	genetic	35.0	56.0	1+every7days	21.0	3.0	ADULT	PHASE2	56.0	Semaglutide	16.0	1+every7days	280.0	40.0	640.0	-2.0500000000000003
PMC9050719_NCT05486065	25.0	nmol/kg	subcutaneous	db/db	Mice	male	6.0	genetic	35.0	56.0	1+every1days	21.0	21.0	ADULT	PHASE2	56.0	Semaglutide	16.0	1+every7days	280.0	40.0	640.0	-1.8
PMC9050719_NCT05486065	25.0	nmol/kg	subcutaneous	db/db	Mice	male	6.0	genetic	35.5	56.0	1+every1days	42.0	42.0	ADULT	PHASE2	57.0	Semaglutide	8.0	1+every7days	280.0	40.0	320.0	-0.5
PMC9050719_NCT05486065	25.0	nmol/kg	subcutaneous	db/db	Mice	male	6.0	genetic	35.5	56.0	1+every1days	42.0	42.0	ADULT	PHASE2	56.0	Semaglutide	2.0	1+every7days	280.0	40.0	80.0	-0.5999999999999999
PMC9050719_NCT05486065	25.0	nmol/kg	subcutaneous	db/db	Mice	male	6.0	genetic	35.5	56.0	1+every1days	42.0	42.0	ADULT	PHASE2	56.0	Semaglutide	16.0	1+every7days	280.0	40.0	640.0	-0.8
PMC9796023_NCT05486065	14.0	nmol/kg	subcutaneous	db/db	Mice	both	8.0	genetic	47.5	63.0	1+every2days	28.0	14.0	ADULT	PHASE2	57.0	Semaglutide	8.0	1+every7days	280.0	40.0	320.0	0.9000000000000001
PMC9796023_NCT05486065	14.0	nmol/kg	subcutaneous	db/db	Mice	both	8.0	genetic	47.5	63.0	1+every2days	28.0	14.0	ADULT	PHASE2	56.0	Semaglutide	2.0	1+every7days	280.0	40.0	80.0	0.8000000000000003
PMC9796023_NCT05486065	14.0	nmol/kg	subcutaneous	db/db	Mice	both	8.0	genetic	47.5	63.0	1+every2days	28.0	14.0	ADULT	PHASE2	56.0	Semaglutide	16.0	1+every7days	280.0	40.0	640.0	0.6000000000000001
PMC8975272_NCT05486065	15.0	nmol/kg	subcutaneous	db/db	Mice	both	8.0	genetic	45.0	70.0	1+every2days	28.0	14.0	ADULT	PHASE2	57.0	Semaglutide	8.0	1+every7days	280.0	40.0	320.0	0.4999999999999998
PMC8975272_NCT05486065	15.0	nmol/kg	subcutaneous	db/db	Mice	both	8.0	genetic	45.0	70.0	1+every2days	28.0	14.0	ADULT	PHASE2	56.0	Semaglutide	2.0	1+every7days	280.0	40.0	80.0	0.3999999999999999
PMC8975272_NCT05486065	15.0	nmol/kg	subcutaneous	db/db	Mice	both	8.0	genetic	45.0	70.0	1+every2days	28.0	14.0	ADULT	PHASE2	56.0	Semaglutide	16.0	1+every7days	280.0	40.0	640.0	0.19999999999999973
PMC7383507_NCT05659537	0.6	mg/kg	subcutaneous	C57BLKS/J-db/db	Mice	male	12.0	genetic		35.0	2+every7days	28.0	8.0	ADULT,OLDER_ADULT	PHASE4	189.0	Dulaglutide	1.5	1+every7days	168.0	24.0	36.0	0.49
PMC9796023_NCT05659537	1.5	nmol/kg	subcutaneous	db/db	Mice	both	8.0	genetic	47.5	63.0	1+every2days	28.0	14.0	ADULT,OLDER_ADULT	PHASE4	189.0	Dulaglutide	1.5	1+every7days	168.0	24.0	36.0	0.3900000000000001
PMC8975272_NCT05659537	1.5	nmol/kg	subcutaneous	db/db	Mice	both	8.0	genetic	45.0	70.0	1+every2days	28.0	14.0	ADULT,OLDER_ADULT	PHASE4	189.0	Dulaglutide	1.5	1+every7days	168.0	24.0	36.0	0.7900000000000003
