preclinical_arm_id,pmcid,preclinical_dosage_amount_value(mg/kg),preclinical_dosage_frequency,preclinical_dosage_duration(days),preclinical_administration_route,preclinical_animal_age_before_experiment(days),preclinical_animal_age_before_treatment(days),preclinical_animal_weight_before_experiment(grams),preclinical_animal_weight_before_treatment(grams),preclinical_animal_strain,preclinical_animal_species,preclinical_animal_sex,preclinical_animal_subject_size,preclinical_disease_model,preclinical_outcome,preclinical_total_doses,preclinical_total_dosage_amount(mg/kg),intervention,clinical_arm_id,NCT Number,clinical_age_groups,clinical_phases,clinical_sample_size,clinical_dosage_amount_value(mg),clinical_dosage_frequency,clinical_dosage_duration(days),clinical_total_doses,clinical_total_dosage_amount(mg),clinical_dose_escalation,clinical_administration_route,clinical_outcome,result_translation
14,PMC10131131,0.2,2 + every 1 day,14,subcutaneous,77.0,105.0,,,C57BL/6J,mice,male,16.0,diet:high-fat+high-sugar,-14.0,28.0,5.6000000000000005,liraglutide,35,NCT02453711,"ADULT,OLDER_ADULT",PHASE2,96,3.0,1 + every 1 day,364,364,1092.0,no,subcutaneous,-5.47,8.530000000000001
14,PMC10131131,0.2,2 + every 1 day,14,subcutaneous,77.0,105.0,,,C57BL/6J,mice,male,16.0,diet:high-fat+high-sugar,-14.0,28.0,5.6000000000000005,liraglutide,51,NCT00422058,"ADULT,OLDER_ADULT",PHASE2,94,1.2,1 + every 1 day,140,140,168.0,no,subcutaneous,-2.2072087435352685,11.792791256464731
14,PMC10131131,0.2,2 + every 1 day,14,subcutaneous,77.0,105.0,,,C57BL/6J,mice,male,16.0,diet:high-fat+high-sugar,-14.0,28.0,5.6000000000000005,liraglutide,52,NCT00422058,"ADULT,OLDER_ADULT",PHASE2,90,1.8,1 + every 1 day,140,140,252.0,no,subcutaneous,-2.9371604752653058,11.062839524734695
14,PMC10131131,0.2,2 + every 1 day,14,subcutaneous,77.0,105.0,,,C57BL/6J,mice,male,16.0,diet:high-fat+high-sugar,-14.0,28.0,5.6000000000000005,liraglutide,53,NCT00422058,"ADULT,OLDER_ADULT",PHASE2,92,2.4,1 + every 1 day,140,140,336.0,no,subcutaneous,-3.6240693851707295,10.375930614829269
14,PMC10131131,0.2,2 + every 1 day,14,subcutaneous,77.0,105.0,,,C57BL/6J,mice,male,16.0,diet:high-fat+high-sugar,-14.0,28.0,5.6000000000000005,liraglutide,54,NCT00422058,"ADULT,OLDER_ADULT",PHASE2,92,3.0,1 + every 1 day,140,140,420.0,no,subcutaneous,-4.711624106871794,9.288375893128206
14,PMC10131131,0.2,2 + every 1 day,14,subcutaneous,77.0,105.0,,,C57BL/6J,mice,male,16.0,diet:high-fat+high-sugar,-14.0,28.0,5.6000000000000005,liraglutide,61,NCT03158805,"ADULT,OLDER_ADULT",PHASE2,29,3.0,1 + every 1 day,280,280,840.0,no,subcutaneous,-3.5,10.5
14,PMC10131131,0.2,2 + every 1 day,14,subcutaneous,77.0,105.0,,,C57BL/6J,mice,male,16.0,diet:high-fat+high-sugar,-14.0,28.0,5.6000000000000005,liraglutide,102,NCT01272232,"ADULT,OLDER_ADULT",PHASE3,412,3.0,1 + every 1 day,392,392,1176.0,no,subcutaneous,-3.9,10.1
14,PMC10131131,0.2,2 + every 1 day,14,subcutaneous,77.0,105.0,,,C57BL/6J,mice,male,16.0,diet:high-fat+high-sugar,-14.0,28.0,5.6000000000000005,liraglutide,103,NCT01272232,"ADULT,OLDER_ADULT",PHASE3,204,1.8,1 + every 1 day,392,392,705.6,no,subcutaneous,-2.6,11.4
14,PMC10131131,0.2,2 + every 1 day,14,subcutaneous,77.0,105.0,,,C57BL/6J,mice,male,16.0,diet:high-fat+high-sugar,-14.0,28.0,5.6000000000000005,liraglutide,106,NCT01272219,"ADULT,OLDER_ADULT",PHASE3,2432,3.0,1 + every 1 day,392,392,1176.0,no,subcutaneous,-5.36,8.64
14,PMC10131131,0.2,2 + every 1 day,14,subcutaneous,77.0,105.0,,,C57BL/6J,mice,male,16.0,diet:high-fat+high-sugar,-14.0,28.0,5.6000000000000005,liraglutide,107,NCT01272219,"ADULT,OLDER_ADULT",PHASE3,1467,3.0,1 + every 1 day,1120,1120,3360.0,no,subcutaneous,-4.25,9.75
14,PMC10131131,0.2,2 + every 1 day,14,subcutaneous,77.0,105.0,,,C57BL/6J,mice,male,16.0,diet:high-fat+high-sugar,-14.0,28.0,5.6000000000000005,liraglutide,108,NCT01272219,"ADULT,OLDER_ADULT",PHASE3,349,3.0,1 + every 1 day,476,476,1428.0,no,subcutaneous,-5.33,8.67
14,PMC10131131,0.2,2 + every 1 day,14,subcutaneous,77.0,105.0,,,C57BL/6J,mice,male,16.0,diet:high-fat+high-sugar,-14.0,28.0,5.6000000000000005,liraglutide,112,NCT01557166,ADULT,PHASE3,175,3.0,1 + every 1 day,224,224,672.0,no,subcutaneous,-4.201423866334764,9.798576133665236
14,PMC10131131,0.2,2 + every 1 day,14,subcutaneous,77.0,105.0,,,C57BL/6J,mice,male,16.0,diet:high-fat+high-sugar,-14.0,28.0,5.6000000000000005,liraglutide,120,NCT02918279,CHILD,PHASE3,125,3.0,1 + every 1 day,392,392,1176.0,no,subcutaneous,-3.6,10.4
14,PMC10131131,0.2,2 + every 1 day,14,subcutaneous,77.0,105.0,,,C57BL/6J,mice,male,16.0,diet:high-fat+high-sugar,-14.0,28.0,5.6000000000000005,liraglutide,127,NCT02527200,"CHILD,ADULT",PHASE3,17,3.0,1 + every 1 day,364,364,1092.0,no,subcutaneous,-2.7,11.3
14,PMC10131131,0.2,2 + every 1 day,14,subcutaneous,77.0,105.0,,,C57BL/6J,mice,male,16.0,diet:high-fat+high-sugar,-14.0,28.0,5.6000000000000005,liraglutide,128,NCT02527200,"CHILD,ADULT",PHASE3,14,3.0,1 + every 1 day,364,364,1092.0,no,subcutaneous,1.3999999999999997,15.4
14,PMC10131131,0.2,2 + every 1 day,14,subcutaneous,77.0,105.0,,,C57BL/6J,mice,male,16.0,diet:high-fat+high-sugar,-14.0,28.0,5.6000000000000005,liraglutide,129,NCT02527200,"CHILD,ADULT",PHASE3,31,3.0,1 + every 1 day,364,364,1092.0,no,subcutaneous,-0.6999999999999997,13.3
14,PMC10131131,0.2,2 + every 1 day,14,subcutaneous,77.0,105.0,,,C57BL/6J,mice,male,16.0,diet:high-fat+high-sugar,-14.0,28.0,5.6000000000000005,liraglutide,130,NCT00781937,"ADULT,OLDER_ADULT",PHASE3,194,3.0,1 + every 1 day,392,392,1176.0,no,subcutaneous,-6.0600000000000005,7.939999999999999
14,PMC10131131,0.2,2 + every 1 day,14,subcutaneous,77.0,105.0,,,C57BL/6J,mice,male,16.0,diet:high-fat+high-sugar,-14.0,28.0,5.6000000000000005,liraglutide,136,NCT04074161,"ADULT,OLDER_ADULT",PHASE3,117,3.0,1 + every 1 day,476,476,1428.0,no,subcutaneous,-4.800000000000001,9.2
14,PMC10131131,0.2,2 + every 1 day,14,subcutaneous,77.0,105.0,,,C57BL/6J,mice,male,16.0,diet:high-fat+high-sugar,-14.0,28.0,5.6000000000000005,liraglutide,150,NCT02647944,"ADULT,OLDER_ADULT",PHASE2,19,3.0,1 + every 1 day,112,112,336.0,no,subcutaneous,-2.58819247874349,11.41180752125651
14,PMC10131131,0.2,2 + every 1 day,14,subcutaneous,77.0,105.0,,,C57BL/6J,mice,male,16.0,diet:high-fat+high-sugar,-14.0,28.0,5.6000000000000005,liraglutide,155,NCT03486392,"ADULT,OLDER_ADULT",PHASE2,108,3.0,1 + every 1 day,182,182,546.0,no,subcutaneous,-5.78,8.219999999999999
16,PMC10131131,0.2,2 + every 1 day,14,subcutaneous,77.0,105.0,,,C57BL/6J,mice,male,7.0,diet:high-fat,-21.0,28.0,5.6000000000000005,liraglutide,35,NCT02453711,"ADULT,OLDER_ADULT",PHASE2,96,3.0,1 + every 1 day,364,364,1092.0,no,subcutaneous,-5.47,15.53
16,PMC10131131,0.2,2 + every 1 day,14,subcutaneous,77.0,105.0,,,C57BL/6J,mice,male,7.0,diet:high-fat,-21.0,28.0,5.6000000000000005,liraglutide,51,NCT00422058,"ADULT,OLDER_ADULT",PHASE2,94,1.2,1 + every 1 day,140,140,168.0,no,subcutaneous,-2.2072087435352685,18.79279125646473
16,PMC10131131,0.2,2 + every 1 day,14,subcutaneous,77.0,105.0,,,C57BL/6J,mice,male,7.0,diet:high-fat,-21.0,28.0,5.6000000000000005,liraglutide,52,NCT00422058,"ADULT,OLDER_ADULT",PHASE2,90,1.8,1 + every 1 day,140,140,252.0,no,subcutaneous,-2.9371604752653058,18.06283952473469
16,PMC10131131,0.2,2 + every 1 day,14,subcutaneous,77.0,105.0,,,C57BL/6J,mice,male,7.0,diet:high-fat,-21.0,28.0,5.6000000000000005,liraglutide,53,NCT00422058,"ADULT,OLDER_ADULT",PHASE2,92,2.4,1 + every 1 day,140,140,336.0,no,subcutaneous,-3.6240693851707295,17.37593061482927
16,PMC10131131,0.2,2 + every 1 day,14,subcutaneous,77.0,105.0,,,C57BL/6J,mice,male,7.0,diet:high-fat,-21.0,28.0,5.6000000000000005,liraglutide,54,NCT00422058,"ADULT,OLDER_ADULT",PHASE2,92,3.0,1 + every 1 day,140,140,420.0,no,subcutaneous,-4.711624106871794,16.288375893128205
16,PMC10131131,0.2,2 + every 1 day,14,subcutaneous,77.0,105.0,,,C57BL/6J,mice,male,7.0,diet:high-fat,-21.0,28.0,5.6000000000000005,liraglutide,61,NCT03158805,"ADULT,OLDER_ADULT",PHASE2,29,3.0,1 + every 1 day,280,280,840.0,no,subcutaneous,-3.5,17.5
16,PMC10131131,0.2,2 + every 1 day,14,subcutaneous,77.0,105.0,,,C57BL/6J,mice,male,7.0,diet:high-fat,-21.0,28.0,5.6000000000000005,liraglutide,102,NCT01272232,"ADULT,OLDER_ADULT",PHASE3,412,3.0,1 + every 1 day,392,392,1176.0,no,subcutaneous,-3.9,17.1
16,PMC10131131,0.2,2 + every 1 day,14,subcutaneous,77.0,105.0,,,C57BL/6J,mice,male,7.0,diet:high-fat,-21.0,28.0,5.6000000000000005,liraglutide,103,NCT01272232,"ADULT,OLDER_ADULT",PHASE3,204,1.8,1 + every 1 day,392,392,705.6,no,subcutaneous,-2.6,18.4
16,PMC10131131,0.2,2 + every 1 day,14,subcutaneous,77.0,105.0,,,C57BL/6J,mice,male,7.0,diet:high-fat,-21.0,28.0,5.6000000000000005,liraglutide,106,NCT01272219,"ADULT,OLDER_ADULT",PHASE3,2432,3.0,1 + every 1 day,392,392,1176.0,no,subcutaneous,-5.36,15.64
16,PMC10131131,0.2,2 + every 1 day,14,subcutaneous,77.0,105.0,,,C57BL/6J,mice,male,7.0,diet:high-fat,-21.0,28.0,5.6000000000000005,liraglutide,107,NCT01272219,"ADULT,OLDER_ADULT",PHASE3,1467,3.0,1 + every 1 day,1120,1120,3360.0,no,subcutaneous,-4.25,16.75
16,PMC10131131,0.2,2 + every 1 day,14,subcutaneous,77.0,105.0,,,C57BL/6J,mice,male,7.0,diet:high-fat,-21.0,28.0,5.6000000000000005,liraglutide,108,NCT01272219,"ADULT,OLDER_ADULT",PHASE3,349,3.0,1 + every 1 day,476,476,1428.0,no,subcutaneous,-5.33,15.67
16,PMC10131131,0.2,2 + every 1 day,14,subcutaneous,77.0,105.0,,,C57BL/6J,mice,male,7.0,diet:high-fat,-21.0,28.0,5.6000000000000005,liraglutide,112,NCT01557166,ADULT,PHASE3,175,3.0,1 + every 1 day,224,224,672.0,no,subcutaneous,-4.201423866334764,16.798576133665236
16,PMC10131131,0.2,2 + every 1 day,14,subcutaneous,77.0,105.0,,,C57BL/6J,mice,male,7.0,diet:high-fat,-21.0,28.0,5.6000000000000005,liraglutide,120,NCT02918279,CHILD,PHASE3,125,3.0,1 + every 1 day,392,392,1176.0,no,subcutaneous,-3.6,17.4
16,PMC10131131,0.2,2 + every 1 day,14,subcutaneous,77.0,105.0,,,C57BL/6J,mice,male,7.0,diet:high-fat,-21.0,28.0,5.6000000000000005,liraglutide,127,NCT02527200,"CHILD,ADULT",PHASE3,17,3.0,1 + every 1 day,364,364,1092.0,no,subcutaneous,-2.7,18.3
16,PMC10131131,0.2,2 + every 1 day,14,subcutaneous,77.0,105.0,,,C57BL/6J,mice,male,7.0,diet:high-fat,-21.0,28.0,5.6000000000000005,liraglutide,128,NCT02527200,"CHILD,ADULT",PHASE3,14,3.0,1 + every 1 day,364,364,1092.0,no,subcutaneous,1.3999999999999997,22.4
16,PMC10131131,0.2,2 + every 1 day,14,subcutaneous,77.0,105.0,,,C57BL/6J,mice,male,7.0,diet:high-fat,-21.0,28.0,5.6000000000000005,liraglutide,129,NCT02527200,"CHILD,ADULT",PHASE3,31,3.0,1 + every 1 day,364,364,1092.0,no,subcutaneous,-0.6999999999999997,20.3
16,PMC10131131,0.2,2 + every 1 day,14,subcutaneous,77.0,105.0,,,C57BL/6J,mice,male,7.0,diet:high-fat,-21.0,28.0,5.6000000000000005,liraglutide,130,NCT00781937,"ADULT,OLDER_ADULT",PHASE3,194,3.0,1 + every 1 day,392,392,1176.0,no,subcutaneous,-6.0600000000000005,14.94
16,PMC10131131,0.2,2 + every 1 day,14,subcutaneous,77.0,105.0,,,C57BL/6J,mice,male,7.0,diet:high-fat,-21.0,28.0,5.6000000000000005,liraglutide,136,NCT04074161,"ADULT,OLDER_ADULT",PHASE3,117,3.0,1 + every 1 day,476,476,1428.0,no,subcutaneous,-4.800000000000001,16.2
16,PMC10131131,0.2,2 + every 1 day,14,subcutaneous,77.0,105.0,,,C57BL/6J,mice,male,7.0,diet:high-fat,-21.0,28.0,5.6000000000000005,liraglutide,150,NCT02647944,"ADULT,OLDER_ADULT",PHASE2,19,3.0,1 + every 1 day,112,112,336.0,no,subcutaneous,-2.58819247874349,18.41180752125651
16,PMC10131131,0.2,2 + every 1 day,14,subcutaneous,77.0,105.0,,,C57BL/6J,mice,male,7.0,diet:high-fat,-21.0,28.0,5.6000000000000005,liraglutide,155,NCT03486392,"ADULT,OLDER_ADULT",PHASE2,108,3.0,1 + every 1 day,182,182,546.0,no,subcutaneous,-5.78,15.22
19,PMC10131131,0.2,2 + every 1 day,14,subcutaneous,98.0,105.0,,,C57BL/6J,mice,male,10.0,diet:high-fat+high-sugar,-15.0,28.0,5.6000000000000005,liraglutide,35,NCT02453711,"ADULT,OLDER_ADULT",PHASE2,96,3.0,1 + every 1 day,364,364,1092.0,no,subcutaneous,-5.47,9.53
19,PMC10131131,0.2,2 + every 1 day,14,subcutaneous,98.0,105.0,,,C57BL/6J,mice,male,10.0,diet:high-fat+high-sugar,-15.0,28.0,5.6000000000000005,liraglutide,51,NCT00422058,"ADULT,OLDER_ADULT",PHASE2,94,1.2,1 + every 1 day,140,140,168.0,no,subcutaneous,-2.2072087435352685,12.792791256464731
19,PMC10131131,0.2,2 + every 1 day,14,subcutaneous,98.0,105.0,,,C57BL/6J,mice,male,10.0,diet:high-fat+high-sugar,-15.0,28.0,5.6000000000000005,liraglutide,52,NCT00422058,"ADULT,OLDER_ADULT",PHASE2,90,1.8,1 + every 1 day,140,140,252.0,no,subcutaneous,-2.9371604752653058,12.062839524734695
19,PMC10131131,0.2,2 + every 1 day,14,subcutaneous,98.0,105.0,,,C57BL/6J,mice,male,10.0,diet:high-fat+high-sugar,-15.0,28.0,5.6000000000000005,liraglutide,53,NCT00422058,"ADULT,OLDER_ADULT",PHASE2,92,2.4,1 + every 1 day,140,140,336.0,no,subcutaneous,-3.6240693851707295,11.375930614829269
19,PMC10131131,0.2,2 + every 1 day,14,subcutaneous,98.0,105.0,,,C57BL/6J,mice,male,10.0,diet:high-fat+high-sugar,-15.0,28.0,5.6000000000000005,liraglutide,54,NCT00422058,"ADULT,OLDER_ADULT",PHASE2,92,3.0,1 + every 1 day,140,140,420.0,no,subcutaneous,-4.711624106871794,10.288375893128206
19,PMC10131131,0.2,2 + every 1 day,14,subcutaneous,98.0,105.0,,,C57BL/6J,mice,male,10.0,diet:high-fat+high-sugar,-15.0,28.0,5.6000000000000005,liraglutide,61,NCT03158805,"ADULT,OLDER_ADULT",PHASE2,29,3.0,1 + every 1 day,280,280,840.0,no,subcutaneous,-3.5,11.5
19,PMC10131131,0.2,2 + every 1 day,14,subcutaneous,98.0,105.0,,,C57BL/6J,mice,male,10.0,diet:high-fat+high-sugar,-15.0,28.0,5.6000000000000005,liraglutide,102,NCT01272232,"ADULT,OLDER_ADULT",PHASE3,412,3.0,1 + every 1 day,392,392,1176.0,no,subcutaneous,-3.9,11.1
19,PMC10131131,0.2,2 + every 1 day,14,subcutaneous,98.0,105.0,,,C57BL/6J,mice,male,10.0,diet:high-fat+high-sugar,-15.0,28.0,5.6000000000000005,liraglutide,103,NCT01272232,"ADULT,OLDER_ADULT",PHASE3,204,1.8,1 + every 1 day,392,392,705.6,no,subcutaneous,-2.6,12.4
19,PMC10131131,0.2,2 + every 1 day,14,subcutaneous,98.0,105.0,,,C57BL/6J,mice,male,10.0,diet:high-fat+high-sugar,-15.0,28.0,5.6000000000000005,liraglutide,106,NCT01272219,"ADULT,OLDER_ADULT",PHASE3,2432,3.0,1 + every 1 day,392,392,1176.0,no,subcutaneous,-5.36,9.64
19,PMC10131131,0.2,2 + every 1 day,14,subcutaneous,98.0,105.0,,,C57BL/6J,mice,male,10.0,diet:high-fat+high-sugar,-15.0,28.0,5.6000000000000005,liraglutide,107,NCT01272219,"ADULT,OLDER_ADULT",PHASE3,1467,3.0,1 + every 1 day,1120,1120,3360.0,no,subcutaneous,-4.25,10.75
19,PMC10131131,0.2,2 + every 1 day,14,subcutaneous,98.0,105.0,,,C57BL/6J,mice,male,10.0,diet:high-fat+high-sugar,-15.0,28.0,5.6000000000000005,liraglutide,108,NCT01272219,"ADULT,OLDER_ADULT",PHASE3,349,3.0,1 + every 1 day,476,476,1428.0,no,subcutaneous,-5.33,9.67
19,PMC10131131,0.2,2 + every 1 day,14,subcutaneous,98.0,105.0,,,C57BL/6J,mice,male,10.0,diet:high-fat+high-sugar,-15.0,28.0,5.6000000000000005,liraglutide,112,NCT01557166,ADULT,PHASE3,175,3.0,1 + every 1 day,224,224,672.0,no,subcutaneous,-4.201423866334764,10.798576133665236
19,PMC10131131,0.2,2 + every 1 day,14,subcutaneous,98.0,105.0,,,C57BL/6J,mice,male,10.0,diet:high-fat+high-sugar,-15.0,28.0,5.6000000000000005,liraglutide,120,NCT02918279,CHILD,PHASE3,125,3.0,1 + every 1 day,392,392,1176.0,no,subcutaneous,-3.6,11.4
19,PMC10131131,0.2,2 + every 1 day,14,subcutaneous,98.0,105.0,,,C57BL/6J,mice,male,10.0,diet:high-fat+high-sugar,-15.0,28.0,5.6000000000000005,liraglutide,127,NCT02527200,"CHILD,ADULT",PHASE3,17,3.0,1 + every 1 day,364,364,1092.0,no,subcutaneous,-2.7,12.3
19,PMC10131131,0.2,2 + every 1 day,14,subcutaneous,98.0,105.0,,,C57BL/6J,mice,male,10.0,diet:high-fat+high-sugar,-15.0,28.0,5.6000000000000005,liraglutide,128,NCT02527200,"CHILD,ADULT",PHASE3,14,3.0,1 + every 1 day,364,364,1092.0,no,subcutaneous,1.3999999999999997,16.4
19,PMC10131131,0.2,2 + every 1 day,14,subcutaneous,98.0,105.0,,,C57BL/6J,mice,male,10.0,diet:high-fat+high-sugar,-15.0,28.0,5.6000000000000005,liraglutide,129,NCT02527200,"CHILD,ADULT",PHASE3,31,3.0,1 + every 1 day,364,364,1092.0,no,subcutaneous,-0.6999999999999997,14.3
19,PMC10131131,0.2,2 + every 1 day,14,subcutaneous,98.0,105.0,,,C57BL/6J,mice,male,10.0,diet:high-fat+high-sugar,-15.0,28.0,5.6000000000000005,liraglutide,130,NCT00781937,"ADULT,OLDER_ADULT",PHASE3,194,3.0,1 + every 1 day,392,392,1176.0,no,subcutaneous,-6.0600000000000005,8.94
19,PMC10131131,0.2,2 + every 1 day,14,subcutaneous,98.0,105.0,,,C57BL/6J,mice,male,10.0,diet:high-fat+high-sugar,-15.0,28.0,5.6000000000000005,liraglutide,136,NCT04074161,"ADULT,OLDER_ADULT",PHASE3,117,3.0,1 + every 1 day,476,476,1428.0,no,subcutaneous,-4.800000000000001,10.2
19,PMC10131131,0.2,2 + every 1 day,14,subcutaneous,98.0,105.0,,,C57BL/6J,mice,male,10.0,diet:high-fat+high-sugar,-15.0,28.0,5.6000000000000005,liraglutide,150,NCT02647944,"ADULT,OLDER_ADULT",PHASE2,19,3.0,1 + every 1 day,112,112,336.0,no,subcutaneous,-2.58819247874349,12.41180752125651
19,PMC10131131,0.2,2 + every 1 day,14,subcutaneous,98.0,105.0,,,C57BL/6J,mice,male,10.0,diet:high-fat+high-sugar,-15.0,28.0,5.6000000000000005,liraglutide,155,NCT03486392,"ADULT,OLDER_ADULT",PHASE2,108,3.0,1 + every 1 day,182,182,546.0,no,subcutaneous,-5.78,9.22
31,PMC10439806,0.4,1 + every 1 day,28,subcutaneous,56.0,189.0,20.1,55.0,C57BL/6J,mice,male,3.0,diet:high-fat,-32.72727272727273,28.0,11.2,liraglutide,35,NCT02453711,"ADULT,OLDER_ADULT",PHASE2,96,3.0,1 + every 1 day,364,364,1092.0,no,subcutaneous,-5.47,27.257272727272728
31,PMC10439806,0.4,1 + every 1 day,28,subcutaneous,56.0,189.0,20.1,55.0,C57BL/6J,mice,male,3.0,diet:high-fat,-32.72727272727273,28.0,11.2,liraglutide,51,NCT00422058,"ADULT,OLDER_ADULT",PHASE2,94,1.2,1 + every 1 day,140,140,168.0,no,subcutaneous,-2.2072087435352685,30.520063983737455
31,PMC10439806,0.4,1 + every 1 day,28,subcutaneous,56.0,189.0,20.1,55.0,C57BL/6J,mice,male,3.0,diet:high-fat,-32.72727272727273,28.0,11.2,liraglutide,52,NCT00422058,"ADULT,OLDER_ADULT",PHASE2,90,1.8,1 + every 1 day,140,140,252.0,no,subcutaneous,-2.9371604752653058,29.79011225200742
31,PMC10439806,0.4,1 + every 1 day,28,subcutaneous,56.0,189.0,20.1,55.0,C57BL/6J,mice,male,3.0,diet:high-fat,-32.72727272727273,28.0,11.2,liraglutide,53,NCT00422058,"ADULT,OLDER_ADULT",PHASE2,92,2.4,1 + every 1 day,140,140,336.0,no,subcutaneous,-3.6240693851707295,29.103203342101995
31,PMC10439806,0.4,1 + every 1 day,28,subcutaneous,56.0,189.0,20.1,55.0,C57BL/6J,mice,male,3.0,diet:high-fat,-32.72727272727273,28.0,11.2,liraglutide,54,NCT00422058,"ADULT,OLDER_ADULT",PHASE2,92,3.0,1 + every 1 day,140,140,420.0,no,subcutaneous,-4.711624106871794,28.01564862040093
31,PMC10439806,0.4,1 + every 1 day,28,subcutaneous,56.0,189.0,20.1,55.0,C57BL/6J,mice,male,3.0,diet:high-fat,-32.72727272727273,28.0,11.2,liraglutide,61,NCT03158805,"ADULT,OLDER_ADULT",PHASE2,29,3.0,1 + every 1 day,280,280,840.0,no,subcutaneous,-3.5,29.227272727272727
31,PMC10439806,0.4,1 + every 1 day,28,subcutaneous,56.0,189.0,20.1,55.0,C57BL/6J,mice,male,3.0,diet:high-fat,-32.72727272727273,28.0,11.2,liraglutide,102,NCT01272232,"ADULT,OLDER_ADULT",PHASE3,412,3.0,1 + every 1 day,392,392,1176.0,no,subcutaneous,-3.9,28.827272727272728
31,PMC10439806,0.4,1 + every 1 day,28,subcutaneous,56.0,189.0,20.1,55.0,C57BL/6J,mice,male,3.0,diet:high-fat,-32.72727272727273,28.0,11.2,liraglutide,103,NCT01272232,"ADULT,OLDER_ADULT",PHASE3,204,1.8,1 + every 1 day,392,392,705.6,no,subcutaneous,-2.6,30.127272727272725
31,PMC10439806,0.4,1 + every 1 day,28,subcutaneous,56.0,189.0,20.1,55.0,C57BL/6J,mice,male,3.0,diet:high-fat,-32.72727272727273,28.0,11.2,liraglutide,106,NCT01272219,"ADULT,OLDER_ADULT",PHASE3,2432,3.0,1 + every 1 day,392,392,1176.0,no,subcutaneous,-5.36,27.367272727272727
31,PMC10439806,0.4,1 + every 1 day,28,subcutaneous,56.0,189.0,20.1,55.0,C57BL/6J,mice,male,3.0,diet:high-fat,-32.72727272727273,28.0,11.2,liraglutide,107,NCT01272219,"ADULT,OLDER_ADULT",PHASE3,1467,3.0,1 + every 1 day,1120,1120,3360.0,no,subcutaneous,-4.25,28.477272727272727
31,PMC10439806,0.4,1 + every 1 day,28,subcutaneous,56.0,189.0,20.1,55.0,C57BL/6J,mice,male,3.0,diet:high-fat,-32.72727272727273,28.0,11.2,liraglutide,108,NCT01272219,"ADULT,OLDER_ADULT",PHASE3,349,3.0,1 + every 1 day,476,476,1428.0,no,subcutaneous,-5.33,27.39727272727273
31,PMC10439806,0.4,1 + every 1 day,28,subcutaneous,56.0,189.0,20.1,55.0,C57BL/6J,mice,male,3.0,diet:high-fat,-32.72727272727273,28.0,11.2,liraglutide,112,NCT01557166,ADULT,PHASE3,175,3.0,1 + every 1 day,224,224,672.0,no,subcutaneous,-4.201423866334764,28.525848860937963
31,PMC10439806,0.4,1 + every 1 day,28,subcutaneous,56.0,189.0,20.1,55.0,C57BL/6J,mice,male,3.0,diet:high-fat,-32.72727272727273,28.0,11.2,liraglutide,120,NCT02918279,CHILD,PHASE3,125,3.0,1 + every 1 day,392,392,1176.0,no,subcutaneous,-3.6,29.127272727272725
31,PMC10439806,0.4,1 + every 1 day,28,subcutaneous,56.0,189.0,20.1,55.0,C57BL/6J,mice,male,3.0,diet:high-fat,-32.72727272727273,28.0,11.2,liraglutide,127,NCT02527200,"CHILD,ADULT",PHASE3,17,3.0,1 + every 1 day,364,364,1092.0,no,subcutaneous,-2.7,30.027272727272727
31,PMC10439806,0.4,1 + every 1 day,28,subcutaneous,56.0,189.0,20.1,55.0,C57BL/6J,mice,male,3.0,diet:high-fat,-32.72727272727273,28.0,11.2,liraglutide,128,NCT02527200,"CHILD,ADULT",PHASE3,14,3.0,1 + every 1 day,364,364,1092.0,no,subcutaneous,1.3999999999999997,34.127272727272725
31,PMC10439806,0.4,1 + every 1 day,28,subcutaneous,56.0,189.0,20.1,55.0,C57BL/6J,mice,male,3.0,diet:high-fat,-32.72727272727273,28.0,11.2,liraglutide,129,NCT02527200,"CHILD,ADULT",PHASE3,31,3.0,1 + every 1 day,364,364,1092.0,no,subcutaneous,-0.6999999999999997,32.027272727272724
31,PMC10439806,0.4,1 + every 1 day,28,subcutaneous,56.0,189.0,20.1,55.0,C57BL/6J,mice,male,3.0,diet:high-fat,-32.72727272727273,28.0,11.2,liraglutide,130,NCT00781937,"ADULT,OLDER_ADULT",PHASE3,194,3.0,1 + every 1 day,392,392,1176.0,no,subcutaneous,-6.0600000000000005,26.667272727272724
31,PMC10439806,0.4,1 + every 1 day,28,subcutaneous,56.0,189.0,20.1,55.0,C57BL/6J,mice,male,3.0,diet:high-fat,-32.72727272727273,28.0,11.2,liraglutide,136,NCT04074161,"ADULT,OLDER_ADULT",PHASE3,117,3.0,1 + every 1 day,476,476,1428.0,no,subcutaneous,-4.800000000000001,27.92727272727273
31,PMC10439806,0.4,1 + every 1 day,28,subcutaneous,56.0,189.0,20.1,55.0,C57BL/6J,mice,male,3.0,diet:high-fat,-32.72727272727273,28.0,11.2,liraglutide,150,NCT02647944,"ADULT,OLDER_ADULT",PHASE2,19,3.0,1 + every 1 day,112,112,336.0,no,subcutaneous,-2.58819247874349,30.13908024852924
31,PMC10439806,0.4,1 + every 1 day,28,subcutaneous,56.0,189.0,20.1,55.0,C57BL/6J,mice,male,3.0,diet:high-fat,-32.72727272727273,28.0,11.2,liraglutide,155,NCT03486392,"ADULT,OLDER_ADULT",PHASE2,108,3.0,1 + every 1 day,182,182,546.0,no,subcutaneous,-5.78,26.947272727272725
41,PMC10518624,0.07,1 + every 2 days,63,subcutaneous,42.0,168.0,,,C57BL/6J,mice,male,8.0,diet:high-fat+high-fructose,-18.0,31.0,2.1700000000000004,liraglutide,35,NCT02453711,"ADULT,OLDER_ADULT",PHASE2,96,3.0,1 + every 1 day,364,364,1092.0,no,subcutaneous,-5.47,12.53
41,PMC10518624,0.07,1 + every 2 days,63,subcutaneous,42.0,168.0,,,C57BL/6J,mice,male,8.0,diet:high-fat+high-fructose,-18.0,31.0,2.1700000000000004,liraglutide,51,NCT00422058,"ADULT,OLDER_ADULT",PHASE2,94,1.2,1 + every 1 day,140,140,168.0,no,subcutaneous,-2.2072087435352685,15.792791256464731
41,PMC10518624,0.07,1 + every 2 days,63,subcutaneous,42.0,168.0,,,C57BL/6J,mice,male,8.0,diet:high-fat+high-fructose,-18.0,31.0,2.1700000000000004,liraglutide,52,NCT00422058,"ADULT,OLDER_ADULT",PHASE2,90,1.8,1 + every 1 day,140,140,252.0,no,subcutaneous,-2.9371604752653058,15.062839524734695
41,PMC10518624,0.07,1 + every 2 days,63,subcutaneous,42.0,168.0,,,C57BL/6J,mice,male,8.0,diet:high-fat+high-fructose,-18.0,31.0,2.1700000000000004,liraglutide,53,NCT00422058,"ADULT,OLDER_ADULT",PHASE2,92,2.4,1 + every 1 day,140,140,336.0,no,subcutaneous,-3.6240693851707295,14.375930614829269
41,PMC10518624,0.07,1 + every 2 days,63,subcutaneous,42.0,168.0,,,C57BL/6J,mice,male,8.0,diet:high-fat+high-fructose,-18.0,31.0,2.1700000000000004,liraglutide,54,NCT00422058,"ADULT,OLDER_ADULT",PHASE2,92,3.0,1 + every 1 day,140,140,420.0,no,subcutaneous,-4.711624106871794,13.288375893128206
41,PMC10518624,0.07,1 + every 2 days,63,subcutaneous,42.0,168.0,,,C57BL/6J,mice,male,8.0,diet:high-fat+high-fructose,-18.0,31.0,2.1700000000000004,liraglutide,61,NCT03158805,"ADULT,OLDER_ADULT",PHASE2,29,3.0,1 + every 1 day,280,280,840.0,no,subcutaneous,-3.5,14.5
41,PMC10518624,0.07,1 + every 2 days,63,subcutaneous,42.0,168.0,,,C57BL/6J,mice,male,8.0,diet:high-fat+high-fructose,-18.0,31.0,2.1700000000000004,liraglutide,102,NCT01272232,"ADULT,OLDER_ADULT",PHASE3,412,3.0,1 + every 1 day,392,392,1176.0,no,subcutaneous,-3.9,14.1
41,PMC10518624,0.07,1 + every 2 days,63,subcutaneous,42.0,168.0,,,C57BL/6J,mice,male,8.0,diet:high-fat+high-fructose,-18.0,31.0,2.1700000000000004,liraglutide,103,NCT01272232,"ADULT,OLDER_ADULT",PHASE3,204,1.8,1 + every 1 day,392,392,705.6,no,subcutaneous,-2.6,15.4
41,PMC10518624,0.07,1 + every 2 days,63,subcutaneous,42.0,168.0,,,C57BL/6J,mice,male,8.0,diet:high-fat+high-fructose,-18.0,31.0,2.1700000000000004,liraglutide,106,NCT01272219,"ADULT,OLDER_ADULT",PHASE3,2432,3.0,1 + every 1 day,392,392,1176.0,no,subcutaneous,-5.36,12.64
41,PMC10518624,0.07,1 + every 2 days,63,subcutaneous,42.0,168.0,,,C57BL/6J,mice,male,8.0,diet:high-fat+high-fructose,-18.0,31.0,2.1700000000000004,liraglutide,107,NCT01272219,"ADULT,OLDER_ADULT",PHASE3,1467,3.0,1 + every 1 day,1120,1120,3360.0,no,subcutaneous,-4.25,13.75
41,PMC10518624,0.07,1 + every 2 days,63,subcutaneous,42.0,168.0,,,C57BL/6J,mice,male,8.0,diet:high-fat+high-fructose,-18.0,31.0,2.1700000000000004,liraglutide,108,NCT01272219,"ADULT,OLDER_ADULT",PHASE3,349,3.0,1 + every 1 day,476,476,1428.0,no,subcutaneous,-5.33,12.67
41,PMC10518624,0.07,1 + every 2 days,63,subcutaneous,42.0,168.0,,,C57BL/6J,mice,male,8.0,diet:high-fat+high-fructose,-18.0,31.0,2.1700000000000004,liraglutide,112,NCT01557166,ADULT,PHASE3,175,3.0,1 + every 1 day,224,224,672.0,no,subcutaneous,-4.201423866334764,13.798576133665236
41,PMC10518624,0.07,1 + every 2 days,63,subcutaneous,42.0,168.0,,,C57BL/6J,mice,male,8.0,diet:high-fat+high-fructose,-18.0,31.0,2.1700000000000004,liraglutide,120,NCT02918279,CHILD,PHASE3,125,3.0,1 + every 1 day,392,392,1176.0,no,subcutaneous,-3.6,14.4
41,PMC10518624,0.07,1 + every 2 days,63,subcutaneous,42.0,168.0,,,C57BL/6J,mice,male,8.0,diet:high-fat+high-fructose,-18.0,31.0,2.1700000000000004,liraglutide,127,NCT02527200,"CHILD,ADULT",PHASE3,17,3.0,1 + every 1 day,364,364,1092.0,no,subcutaneous,-2.7,15.3
41,PMC10518624,0.07,1 + every 2 days,63,subcutaneous,42.0,168.0,,,C57BL/6J,mice,male,8.0,diet:high-fat+high-fructose,-18.0,31.0,2.1700000000000004,liraglutide,128,NCT02527200,"CHILD,ADULT",PHASE3,14,3.0,1 + every 1 day,364,364,1092.0,no,subcutaneous,1.3999999999999997,19.4
41,PMC10518624,0.07,1 + every 2 days,63,subcutaneous,42.0,168.0,,,C57BL/6J,mice,male,8.0,diet:high-fat+high-fructose,-18.0,31.0,2.1700000000000004,liraglutide,129,NCT02527200,"CHILD,ADULT",PHASE3,31,3.0,1 + every 1 day,364,364,1092.0,no,subcutaneous,-0.6999999999999997,17.3
41,PMC10518624,0.07,1 + every 2 days,63,subcutaneous,42.0,168.0,,,C57BL/6J,mice,male,8.0,diet:high-fat+high-fructose,-18.0,31.0,2.1700000000000004,liraglutide,130,NCT00781937,"ADULT,OLDER_ADULT",PHASE3,194,3.0,1 + every 1 day,392,392,1176.0,no,subcutaneous,-6.0600000000000005,11.94
41,PMC10518624,0.07,1 + every 2 days,63,subcutaneous,42.0,168.0,,,C57BL/6J,mice,male,8.0,diet:high-fat+high-fructose,-18.0,31.0,2.1700000000000004,liraglutide,136,NCT04074161,"ADULT,OLDER_ADULT",PHASE3,117,3.0,1 + every 1 day,476,476,1428.0,no,subcutaneous,-4.800000000000001,13.2
41,PMC10518624,0.07,1 + every 2 days,63,subcutaneous,42.0,168.0,,,C57BL/6J,mice,male,8.0,diet:high-fat+high-fructose,-18.0,31.0,2.1700000000000004,liraglutide,150,NCT02647944,"ADULT,OLDER_ADULT",PHASE2,19,3.0,1 + every 1 day,112,112,336.0,no,subcutaneous,-2.58819247874349,15.41180752125651
41,PMC10518624,0.07,1 + every 2 days,63,subcutaneous,42.0,168.0,,,C57BL/6J,mice,male,8.0,diet:high-fat+high-fructose,-18.0,31.0,2.1700000000000004,liraglutide,155,NCT03486392,"ADULT,OLDER_ADULT",PHASE2,108,3.0,1 + every 1 day,182,182,546.0,no,subcutaneous,-5.78,12.22
56,PMC10691799,0.2,2 + every 1 day,9,subcutaneous,98.0,231.0,,42.3,Unknown,mice,male,9.0,diet:high-fat,-9.975062344139651,18.0,3.6,liraglutide,35,NCT02453711,"ADULT,OLDER_ADULT",PHASE2,96,3.0,1 + every 1 day,364,364,1092.0,no,subcutaneous,-5.47,4.505062344139652
56,PMC10691799,0.2,2 + every 1 day,9,subcutaneous,98.0,231.0,,42.3,Unknown,mice,male,9.0,diet:high-fat,-9.975062344139651,18.0,3.6,liraglutide,51,NCT00422058,"ADULT,OLDER_ADULT",PHASE2,94,1.2,1 + every 1 day,140,140,168.0,no,subcutaneous,-2.2072087435352685,7.767853600604383
56,PMC10691799,0.2,2 + every 1 day,9,subcutaneous,98.0,231.0,,42.3,Unknown,mice,male,9.0,diet:high-fat,-9.975062344139651,18.0,3.6,liraglutide,52,NCT00422058,"ADULT,OLDER_ADULT",PHASE2,90,1.8,1 + every 1 day,140,140,252.0,no,subcutaneous,-2.9371604752653058,7.0379018688743455
56,PMC10691799,0.2,2 + every 1 day,9,subcutaneous,98.0,231.0,,42.3,Unknown,mice,male,9.0,diet:high-fat,-9.975062344139651,18.0,3.6,liraglutide,53,NCT00422058,"ADULT,OLDER_ADULT",PHASE2,92,2.4,1 + every 1 day,140,140,336.0,no,subcutaneous,-3.6240693851707295,6.350992958968921
56,PMC10691799,0.2,2 + every 1 day,9,subcutaneous,98.0,231.0,,42.3,Unknown,mice,male,9.0,diet:high-fat,-9.975062344139651,18.0,3.6,liraglutide,54,NCT00422058,"ADULT,OLDER_ADULT",PHASE2,92,3.0,1 + every 1 day,140,140,420.0,no,subcutaneous,-4.711624106871794,5.263438237267858
56,PMC10691799,0.2,2 + every 1 day,9,subcutaneous,98.0,231.0,,42.3,Unknown,mice,male,9.0,diet:high-fat,-9.975062344139651,18.0,3.6,liraglutide,61,NCT03158805,"ADULT,OLDER_ADULT",PHASE2,29,3.0,1 + every 1 day,280,280,840.0,no,subcutaneous,-3.5,6.475062344139651
56,PMC10691799,0.2,2 + every 1 day,9,subcutaneous,98.0,231.0,,42.3,Unknown,mice,male,9.0,diet:high-fat,-9.975062344139651,18.0,3.6,liraglutide,102,NCT01272232,"ADULT,OLDER_ADULT",PHASE3,412,3.0,1 + every 1 day,392,392,1176.0,no,subcutaneous,-3.9,6.075062344139651
56,PMC10691799,0.2,2 + every 1 day,9,subcutaneous,98.0,231.0,,42.3,Unknown,mice,male,9.0,diet:high-fat,-9.975062344139651,18.0,3.6,liraglutide,103,NCT01272232,"ADULT,OLDER_ADULT",PHASE3,204,1.8,1 + every 1 day,392,392,705.6,no,subcutaneous,-2.6,7.375062344139652
56,PMC10691799,0.2,2 + every 1 day,9,subcutaneous,98.0,231.0,,42.3,Unknown,mice,male,9.0,diet:high-fat,-9.975062344139651,18.0,3.6,liraglutide,106,NCT01272219,"ADULT,OLDER_ADULT",PHASE3,2432,3.0,1 + every 1 day,392,392,1176.0,no,subcutaneous,-5.36,4.615062344139651
56,PMC10691799,0.2,2 + every 1 day,9,subcutaneous,98.0,231.0,,42.3,Unknown,mice,male,9.0,diet:high-fat,-9.975062344139651,18.0,3.6,liraglutide,107,NCT01272219,"ADULT,OLDER_ADULT",PHASE3,1467,3.0,1 + every 1 day,1120,1120,3360.0,no,subcutaneous,-4.25,5.725062344139651
56,PMC10691799,0.2,2 + every 1 day,9,subcutaneous,98.0,231.0,,42.3,Unknown,mice,male,9.0,diet:high-fat,-9.975062344139651,18.0,3.6,liraglutide,108,NCT01272219,"ADULT,OLDER_ADULT",PHASE3,349,3.0,1 + every 1 day,476,476,1428.0,no,subcutaneous,-5.33,4.645062344139651
56,PMC10691799,0.2,2 + every 1 day,9,subcutaneous,98.0,231.0,,42.3,Unknown,mice,male,9.0,diet:high-fat,-9.975062344139651,18.0,3.6,liraglutide,112,NCT01557166,ADULT,PHASE3,175,3.0,1 + every 1 day,224,224,672.0,no,subcutaneous,-4.201423866334764,5.773638477804887
56,PMC10691799,0.2,2 + every 1 day,9,subcutaneous,98.0,231.0,,42.3,Unknown,mice,male,9.0,diet:high-fat,-9.975062344139651,18.0,3.6,liraglutide,120,NCT02918279,CHILD,PHASE3,125,3.0,1 + every 1 day,392,392,1176.0,no,subcutaneous,-3.6,6.375062344139652
56,PMC10691799,0.2,2 + every 1 day,9,subcutaneous,98.0,231.0,,42.3,Unknown,mice,male,9.0,diet:high-fat,-9.975062344139651,18.0,3.6,liraglutide,127,NCT02527200,"CHILD,ADULT",PHASE3,17,3.0,1 + every 1 day,364,364,1092.0,no,subcutaneous,-2.7,7.275062344139652
56,PMC10691799,0.2,2 + every 1 day,9,subcutaneous,98.0,231.0,,42.3,Unknown,mice,male,9.0,diet:high-fat,-9.975062344139651,18.0,3.6,liraglutide,128,NCT02527200,"CHILD,ADULT",PHASE3,14,3.0,1 + every 1 day,364,364,1092.0,no,subcutaneous,1.3999999999999997,11.37506234413965
56,PMC10691799,0.2,2 + every 1 day,9,subcutaneous,98.0,231.0,,42.3,Unknown,mice,male,9.0,diet:high-fat,-9.975062344139651,18.0,3.6,liraglutide,129,NCT02527200,"CHILD,ADULT",PHASE3,31,3.0,1 + every 1 day,364,364,1092.0,no,subcutaneous,-0.6999999999999997,9.275062344139652
56,PMC10691799,0.2,2 + every 1 day,9,subcutaneous,98.0,231.0,,42.3,Unknown,mice,male,9.0,diet:high-fat,-9.975062344139651,18.0,3.6,liraglutide,130,NCT00781937,"ADULT,OLDER_ADULT",PHASE3,194,3.0,1 + every 1 day,392,392,1176.0,no,subcutaneous,-6.0600000000000005,3.915062344139651
56,PMC10691799,0.2,2 + every 1 day,9,subcutaneous,98.0,231.0,,42.3,Unknown,mice,male,9.0,diet:high-fat,-9.975062344139651,18.0,3.6,liraglutide,136,NCT04074161,"ADULT,OLDER_ADULT",PHASE3,117,3.0,1 + every 1 day,476,476,1428.0,no,subcutaneous,-4.800000000000001,5.175062344139651
56,PMC10691799,0.2,2 + every 1 day,9,subcutaneous,98.0,231.0,,42.3,Unknown,mice,male,9.0,diet:high-fat,-9.975062344139651,18.0,3.6,liraglutide,150,NCT02647944,"ADULT,OLDER_ADULT",PHASE2,19,3.0,1 + every 1 day,112,112,336.0,no,subcutaneous,-2.58819247874349,7.386869865396161
56,PMC10691799,0.2,2 + every 1 day,9,subcutaneous,98.0,231.0,,42.3,Unknown,mice,male,9.0,diet:high-fat,-9.975062344139651,18.0,3.6,liraglutide,155,NCT03486392,"ADULT,OLDER_ADULT",PHASE2,108,3.0,1 + every 1 day,182,182,546.0,no,subcutaneous,-5.78,4.195062344139651
65,PMC10838268,0.1,1 + every 2 days,18,subcutaneous,56.0,112.0,,44.0,C57BL/6J,mice,male,8.0,diet:high-fat,-11.363636363636363,9.0,0.9,liraglutide,35,NCT02453711,"ADULT,OLDER_ADULT",PHASE2,96,3.0,1 + every 1 day,364,364,1092.0,no,subcutaneous,-5.47,5.893636363636365
65,PMC10838268,0.1,1 + every 2 days,18,subcutaneous,56.0,112.0,,44.0,C57BL/6J,mice,male,8.0,diet:high-fat,-11.363636363636363,9.0,0.9,liraglutide,51,NCT00422058,"ADULT,OLDER_ADULT",PHASE2,94,1.2,1 + every 1 day,140,140,168.0,no,subcutaneous,-2.2072087435352685,9.156427620101097
65,PMC10838268,0.1,1 + every 2 days,18,subcutaneous,56.0,112.0,,44.0,C57BL/6J,mice,male,8.0,diet:high-fat,-11.363636363636363,9.0,0.9,liraglutide,52,NCT00422058,"ADULT,OLDER_ADULT",PHASE2,90,1.8,1 + every 1 day,140,140,252.0,no,subcutaneous,-2.9371604752653058,8.426475888371058
65,PMC10838268,0.1,1 + every 2 days,18,subcutaneous,56.0,112.0,,44.0,C57BL/6J,mice,male,8.0,diet:high-fat,-11.363636363636363,9.0,0.9,liraglutide,53,NCT00422058,"ADULT,OLDER_ADULT",PHASE2,92,2.4,1 + every 1 day,140,140,336.0,no,subcutaneous,-3.6240693851707295,7.739566978465635
65,PMC10838268,0.1,1 + every 2 days,18,subcutaneous,56.0,112.0,,44.0,C57BL/6J,mice,male,8.0,diet:high-fat,-11.363636363636363,9.0,0.9,liraglutide,54,NCT00422058,"ADULT,OLDER_ADULT",PHASE2,92,3.0,1 + every 1 day,140,140,420.0,no,subcutaneous,-4.711624106871794,6.652012256764571
65,PMC10838268,0.1,1 + every 2 days,18,subcutaneous,56.0,112.0,,44.0,C57BL/6J,mice,male,8.0,diet:high-fat,-11.363636363636363,9.0,0.9,liraglutide,61,NCT03158805,"ADULT,OLDER_ADULT",PHASE2,29,3.0,1 + every 1 day,280,280,840.0,no,subcutaneous,-3.5,7.863636363636365
65,PMC10838268,0.1,1 + every 2 days,18,subcutaneous,56.0,112.0,,44.0,C57BL/6J,mice,male,8.0,diet:high-fat,-11.363636363636363,9.0,0.9,liraglutide,102,NCT01272232,"ADULT,OLDER_ADULT",PHASE3,412,3.0,1 + every 1 day,392,392,1176.0,no,subcutaneous,-3.9,7.463636363636365
65,PMC10838268,0.1,1 + every 2 days,18,subcutaneous,56.0,112.0,,44.0,C57BL/6J,mice,male,8.0,diet:high-fat,-11.363636363636363,9.0,0.9,liraglutide,103,NCT01272232,"ADULT,OLDER_ADULT",PHASE3,204,1.8,1 + every 1 day,392,392,705.6,no,subcutaneous,-2.6,8.763636363636365
65,PMC10838268,0.1,1 + every 2 days,18,subcutaneous,56.0,112.0,,44.0,C57BL/6J,mice,male,8.0,diet:high-fat,-11.363636363636363,9.0,0.9,liraglutide,106,NCT01272219,"ADULT,OLDER_ADULT",PHASE3,2432,3.0,1 + every 1 day,392,392,1176.0,no,subcutaneous,-5.36,6.003636363636365
65,PMC10838268,0.1,1 + every 2 days,18,subcutaneous,56.0,112.0,,44.0,C57BL/6J,mice,male,8.0,diet:high-fat,-11.363636363636363,9.0,0.9,liraglutide,107,NCT01272219,"ADULT,OLDER_ADULT",PHASE3,1467,3.0,1 + every 1 day,1120,1120,3360.0,no,subcutaneous,-4.25,7.113636363636365
65,PMC10838268,0.1,1 + every 2 days,18,subcutaneous,56.0,112.0,,44.0,C57BL/6J,mice,male,8.0,diet:high-fat,-11.363636363636363,9.0,0.9,liraglutide,108,NCT01272219,"ADULT,OLDER_ADULT",PHASE3,349,3.0,1 + every 1 day,476,476,1428.0,no,subcutaneous,-5.33,6.033636363636365
65,PMC10838268,0.1,1 + every 2 days,18,subcutaneous,56.0,112.0,,44.0,C57BL/6J,mice,male,8.0,diet:high-fat,-11.363636363636363,9.0,0.9,liraglutide,112,NCT01557166,ADULT,PHASE3,175,3.0,1 + every 1 day,224,224,672.0,no,subcutaneous,-4.201423866334764,7.162212497301601
65,PMC10838268,0.1,1 + every 2 days,18,subcutaneous,56.0,112.0,,44.0,C57BL/6J,mice,male,8.0,diet:high-fat,-11.363636363636363,9.0,0.9,liraglutide,120,NCT02918279,CHILD,PHASE3,125,3.0,1 + every 1 day,392,392,1176.0,no,subcutaneous,-3.6,7.763636363636365
65,PMC10838268,0.1,1 + every 2 days,18,subcutaneous,56.0,112.0,,44.0,C57BL/6J,mice,male,8.0,diet:high-fat,-11.363636363636363,9.0,0.9,liraglutide,127,NCT02527200,"CHILD,ADULT",PHASE3,17,3.0,1 + every 1 day,364,364,1092.0,no,subcutaneous,-2.7,8.663636363636366
65,PMC10838268,0.1,1 + every 2 days,18,subcutaneous,56.0,112.0,,44.0,C57BL/6J,mice,male,8.0,diet:high-fat,-11.363636363636363,9.0,0.9,liraglutide,128,NCT02527200,"CHILD,ADULT",PHASE3,14,3.0,1 + every 1 day,364,364,1092.0,no,subcutaneous,1.3999999999999997,12.763636363636364
65,PMC10838268,0.1,1 + every 2 days,18,subcutaneous,56.0,112.0,,44.0,C57BL/6J,mice,male,8.0,diet:high-fat,-11.363636363636363,9.0,0.9,liraglutide,129,NCT02527200,"CHILD,ADULT",PHASE3,31,3.0,1 + every 1 day,364,364,1092.0,no,subcutaneous,-0.6999999999999997,10.663636363636366
65,PMC10838268,0.1,1 + every 2 days,18,subcutaneous,56.0,112.0,,44.0,C57BL/6J,mice,male,8.0,diet:high-fat,-11.363636363636363,9.0,0.9,liraglutide,130,NCT00781937,"ADULT,OLDER_ADULT",PHASE3,194,3.0,1 + every 1 day,392,392,1176.0,no,subcutaneous,-6.0600000000000005,5.303636363636365
65,PMC10838268,0.1,1 + every 2 days,18,subcutaneous,56.0,112.0,,44.0,C57BL/6J,mice,male,8.0,diet:high-fat,-11.363636363636363,9.0,0.9,liraglutide,136,NCT04074161,"ADULT,OLDER_ADULT",PHASE3,117,3.0,1 + every 1 day,476,476,1428.0,no,subcutaneous,-4.800000000000001,6.563636363636364
65,PMC10838268,0.1,1 + every 2 days,18,subcutaneous,56.0,112.0,,44.0,C57BL/6J,mice,male,8.0,diet:high-fat,-11.363636363636363,9.0,0.9,liraglutide,150,NCT02647944,"ADULT,OLDER_ADULT",PHASE2,19,3.0,1 + every 1 day,112,112,336.0,no,subcutaneous,-2.58819247874349,8.775443884892875
65,PMC10838268,0.1,1 + every 2 days,18,subcutaneous,56.0,112.0,,44.0,C57BL/6J,mice,male,8.0,diet:high-fat,-11.363636363636363,9.0,0.9,liraglutide,155,NCT03486392,"ADULT,OLDER_ADULT",PHASE2,108,3.0,1 + every 1 day,182,182,546.0,no,subcutaneous,-5.78,5.583636363636365
91,PMC3997887,0.15,1 + every 1 day,1,intraperitoneal,28.0,42.0,,33.0,KKAy,mice,male,6.0,genetic,-2.7190332326283944,1.0,0.15,liraglutide,35,NCT02453711,"ADULT,OLDER_ADULT",PHASE2,96,3.0,1 + every 1 day,364,364,1092.0,no,subcutaneous,-5.47,-2.7509667673716054
91,PMC3997887,0.15,1 + every 1 day,1,intraperitoneal,28.0,42.0,,33.0,KKAy,mice,male,6.0,genetic,-2.7190332326283944,1.0,0.15,liraglutide,51,NCT00422058,"ADULT,OLDER_ADULT",PHASE2,94,1.2,1 + every 1 day,140,140,168.0,no,subcutaneous,-2.2072087435352685,0.5118244890931258
91,PMC3997887,0.15,1 + every 1 day,1,intraperitoneal,28.0,42.0,,33.0,KKAy,mice,male,6.0,genetic,-2.7190332326283944,1.0,0.15,liraglutide,52,NCT00422058,"ADULT,OLDER_ADULT",PHASE2,90,1.8,1 + every 1 day,140,140,252.0,no,subcutaneous,-2.9371604752653058,-0.2181272426369114
91,PMC3997887,0.15,1 + every 1 day,1,intraperitoneal,28.0,42.0,,33.0,KKAy,mice,male,6.0,genetic,-2.7190332326283944,1.0,0.15,liraglutide,53,NCT00422058,"ADULT,OLDER_ADULT",PHASE2,92,2.4,1 + every 1 day,140,140,336.0,no,subcutaneous,-3.6240693851707295,-0.905036152542336
91,PMC3997887,0.15,1 + every 1 day,1,intraperitoneal,28.0,42.0,,33.0,KKAy,mice,male,6.0,genetic,-2.7190332326283944,1.0,0.15,liraglutide,54,NCT00422058,"ADULT,OLDER_ADULT",PHASE2,92,3.0,1 + every 1 day,140,140,420.0,no,subcutaneous,-4.711624106871794,-1.9925908742433995
91,PMC3997887,0.15,1 + every 1 day,1,intraperitoneal,28.0,42.0,,33.0,KKAy,mice,male,6.0,genetic,-2.7190332326283944,1.0,0.15,liraglutide,61,NCT03158805,"ADULT,OLDER_ADULT",PHASE2,29,3.0,1 + every 1 day,280,280,840.0,no,subcutaneous,-3.5,-0.7809667673716056
91,PMC3997887,0.15,1 + every 1 day,1,intraperitoneal,28.0,42.0,,33.0,KKAy,mice,male,6.0,genetic,-2.7190332326283944,1.0,0.15,liraglutide,102,NCT01272232,"ADULT,OLDER_ADULT",PHASE3,412,3.0,1 + every 1 day,392,392,1176.0,no,subcutaneous,-3.9,-1.180966767371606
91,PMC3997887,0.15,1 + every 1 day,1,intraperitoneal,28.0,42.0,,33.0,KKAy,mice,male,6.0,genetic,-2.7190332326283944,1.0,0.15,liraglutide,103,NCT01272232,"ADULT,OLDER_ADULT",PHASE3,204,1.8,1 + every 1 day,392,392,705.6,no,subcutaneous,-2.6,0.1190332326283947
91,PMC3997887,0.15,1 + every 1 day,1,intraperitoneal,28.0,42.0,,33.0,KKAy,mice,male,6.0,genetic,-2.7190332326283944,1.0,0.15,liraglutide,106,NCT01272219,"ADULT,OLDER_ADULT",PHASE3,2432,3.0,1 + every 1 day,392,392,1176.0,no,subcutaneous,-5.36,-2.640966767371606
91,PMC3997887,0.15,1 + every 1 day,1,intraperitoneal,28.0,42.0,,33.0,KKAy,mice,male,6.0,genetic,-2.7190332326283944,1.0,0.15,liraglutide,107,NCT01272219,"ADULT,OLDER_ADULT",PHASE3,1467,3.0,1 + every 1 day,1120,1120,3360.0,no,subcutaneous,-4.25,-1.5309667673716056
91,PMC3997887,0.15,1 + every 1 day,1,intraperitoneal,28.0,42.0,,33.0,KKAy,mice,male,6.0,genetic,-2.7190332326283944,1.0,0.15,liraglutide,108,NCT01272219,"ADULT,OLDER_ADULT",PHASE3,349,3.0,1 + every 1 day,476,476,1428.0,no,subcutaneous,-5.33,-2.6109667673716057
91,PMC3997887,0.15,1 + every 1 day,1,intraperitoneal,28.0,42.0,,33.0,KKAy,mice,male,6.0,genetic,-2.7190332326283944,1.0,0.15,liraglutide,112,NCT01557166,ADULT,PHASE3,175,3.0,1 + every 1 day,224,224,672.0,no,subcutaneous,-4.201423866334764,-1.4823906337063697
91,PMC3997887,0.15,1 + every 1 day,1,intraperitoneal,28.0,42.0,,33.0,KKAy,mice,male,6.0,genetic,-2.7190332326283944,1.0,0.15,liraglutide,120,NCT02918279,CHILD,PHASE3,125,3.0,1 + every 1 day,392,392,1176.0,no,subcutaneous,-3.6,-0.8809667673716057
91,PMC3997887,0.15,1 + every 1 day,1,intraperitoneal,28.0,42.0,,33.0,KKAy,mice,male,6.0,genetic,-2.7190332326283944,1.0,0.15,liraglutide,127,NCT02527200,"CHILD,ADULT",PHASE3,17,3.0,1 + every 1 day,364,364,1092.0,no,subcutaneous,-2.7,0.0190332326283946
91,PMC3997887,0.15,1 + every 1 day,1,intraperitoneal,28.0,42.0,,33.0,KKAy,mice,male,6.0,genetic,-2.7190332326283944,1.0,0.15,liraglutide,128,NCT02527200,"CHILD,ADULT",PHASE3,14,3.0,1 + every 1 day,364,364,1092.0,no,subcutaneous,1.3999999999999997,4.119033232628394
91,PMC3997887,0.15,1 + every 1 day,1,intraperitoneal,28.0,42.0,,33.0,KKAy,mice,male,6.0,genetic,-2.7190332326283944,1.0,0.15,liraglutide,129,NCT02527200,"CHILD,ADULT",PHASE3,31,3.0,1 + every 1 day,364,364,1092.0,no,subcutaneous,-0.6999999999999997,2.019033232628394
91,PMC3997887,0.15,1 + every 1 day,1,intraperitoneal,28.0,42.0,,33.0,KKAy,mice,male,6.0,genetic,-2.7190332326283944,1.0,0.15,liraglutide,130,NCT00781937,"ADULT,OLDER_ADULT",PHASE3,194,3.0,1 + every 1 day,392,392,1176.0,no,subcutaneous,-6.0600000000000005,-3.340966767371606
91,PMC3997887,0.15,1 + every 1 day,1,intraperitoneal,28.0,42.0,,33.0,KKAy,mice,male,6.0,genetic,-2.7190332326283944,1.0,0.15,liraglutide,136,NCT04074161,"ADULT,OLDER_ADULT",PHASE3,117,3.0,1 + every 1 day,476,476,1428.0,no,subcutaneous,-4.800000000000001,-2.0809667673716064
91,PMC3997887,0.15,1 + every 1 day,1,intraperitoneal,28.0,42.0,,33.0,KKAy,mice,male,6.0,genetic,-2.7190332326283944,1.0,0.15,liraglutide,150,NCT02647944,"ADULT,OLDER_ADULT",PHASE2,19,3.0,1 + every 1 day,112,112,336.0,no,subcutaneous,-2.58819247874349,0.1308407538849043
91,PMC3997887,0.15,1 + every 1 day,1,intraperitoneal,28.0,42.0,,33.0,KKAy,mice,male,6.0,genetic,-2.7190332326283944,1.0,0.15,liraglutide,155,NCT03486392,"ADULT,OLDER_ADULT",PHASE2,108,3.0,1 + every 1 day,182,182,546.0,no,subcutaneous,-5.78,-3.060966767371606
92,PMC3997887,0.15,1 + every 1 day,3,intraperitoneal,28.0,42.0,,31.2,KKAy,mice,male,6.0,genetic,-7.453416149068317,3.0,0.4499999999999999,liraglutide,35,NCT02453711,"ADULT,OLDER_ADULT",PHASE2,96,3.0,1 + every 1 day,364,364,1092.0,no,subcutaneous,-5.47,1.9834161490683175
92,PMC3997887,0.15,1 + every 1 day,3,intraperitoneal,28.0,42.0,,31.2,KKAy,mice,male,6.0,genetic,-7.453416149068317,3.0,0.4499999999999999,liraglutide,51,NCT00422058,"ADULT,OLDER_ADULT",PHASE2,94,1.2,1 + every 1 day,140,140,168.0,no,subcutaneous,-2.2072087435352685,5.246207405533049
92,PMC3997887,0.15,1 + every 1 day,3,intraperitoneal,28.0,42.0,,31.2,KKAy,mice,male,6.0,genetic,-7.453416149068317,3.0,0.4499999999999999,liraglutide,52,NCT00422058,"ADULT,OLDER_ADULT",PHASE2,90,1.8,1 + every 1 day,140,140,252.0,no,subcutaneous,-2.9371604752653058,4.516255673803012
92,PMC3997887,0.15,1 + every 1 day,3,intraperitoneal,28.0,42.0,,31.2,KKAy,mice,male,6.0,genetic,-7.453416149068317,3.0,0.4499999999999999,liraglutide,53,NCT00422058,"ADULT,OLDER_ADULT",PHASE2,92,2.4,1 + every 1 day,140,140,336.0,no,subcutaneous,-3.6240693851707295,3.829346763897587
92,PMC3997887,0.15,1 + every 1 day,3,intraperitoneal,28.0,42.0,,31.2,KKAy,mice,male,6.0,genetic,-7.453416149068317,3.0,0.4499999999999999,liraglutide,54,NCT00422058,"ADULT,OLDER_ADULT",PHASE2,92,3.0,1 + every 1 day,140,140,420.0,no,subcutaneous,-4.711624106871794,2.741792042196524
92,PMC3997887,0.15,1 + every 1 day,3,intraperitoneal,28.0,42.0,,31.2,KKAy,mice,male,6.0,genetic,-7.453416149068317,3.0,0.4499999999999999,liraglutide,61,NCT03158805,"ADULT,OLDER_ADULT",PHASE2,29,3.0,1 + every 1 day,280,280,840.0,no,subcutaneous,-3.5,3.9534161490683175
92,PMC3997887,0.15,1 + every 1 day,3,intraperitoneal,28.0,42.0,,31.2,KKAy,mice,male,6.0,genetic,-7.453416149068317,3.0,0.4499999999999999,liraglutide,102,NCT01272232,"ADULT,OLDER_ADULT",PHASE3,412,3.0,1 + every 1 day,392,392,1176.0,no,subcutaneous,-3.9,3.553416149068317
92,PMC3997887,0.15,1 + every 1 day,3,intraperitoneal,28.0,42.0,,31.2,KKAy,mice,male,6.0,genetic,-7.453416149068317,3.0,0.4499999999999999,liraglutide,103,NCT01272232,"ADULT,OLDER_ADULT",PHASE3,204,1.8,1 + every 1 day,392,392,705.6,no,subcutaneous,-2.6,4.853416149068318
92,PMC3997887,0.15,1 + every 1 day,3,intraperitoneal,28.0,42.0,,31.2,KKAy,mice,male,6.0,genetic,-7.453416149068317,3.0,0.4499999999999999,liraglutide,106,NCT01272219,"ADULT,OLDER_ADULT",PHASE3,2432,3.0,1 + every 1 day,392,392,1176.0,no,subcutaneous,-5.36,2.093416149068317
92,PMC3997887,0.15,1 + every 1 day,3,intraperitoneal,28.0,42.0,,31.2,KKAy,mice,male,6.0,genetic,-7.453416149068317,3.0,0.4499999999999999,liraglutide,107,NCT01272219,"ADULT,OLDER_ADULT",PHASE3,1467,3.0,1 + every 1 day,1120,1120,3360.0,no,subcutaneous,-4.25,3.203416149068317
92,PMC3997887,0.15,1 + every 1 day,3,intraperitoneal,28.0,42.0,,31.2,KKAy,mice,male,6.0,genetic,-7.453416149068317,3.0,0.4499999999999999,liraglutide,108,NCT01272219,"ADULT,OLDER_ADULT",PHASE3,349,3.0,1 + every 1 day,476,476,1428.0,no,subcutaneous,-5.33,2.123416149068317
92,PMC3997887,0.15,1 + every 1 day,3,intraperitoneal,28.0,42.0,,31.2,KKAy,mice,male,6.0,genetic,-7.453416149068317,3.0,0.4499999999999999,liraglutide,112,NCT01557166,ADULT,PHASE3,175,3.0,1 + every 1 day,224,224,672.0,no,subcutaneous,-4.201423866334764,3.251992282733553
92,PMC3997887,0.15,1 + every 1 day,3,intraperitoneal,28.0,42.0,,31.2,KKAy,mice,male,6.0,genetic,-7.453416149068317,3.0,0.4499999999999999,liraglutide,120,NCT02918279,CHILD,PHASE3,125,3.0,1 + every 1 day,392,392,1176.0,no,subcutaneous,-3.6,3.853416149068317
92,PMC3997887,0.15,1 + every 1 day,3,intraperitoneal,28.0,42.0,,31.2,KKAy,mice,male,6.0,genetic,-7.453416149068317,3.0,0.4499999999999999,liraglutide,127,NCT02527200,"CHILD,ADULT",PHASE3,17,3.0,1 + every 1 day,364,364,1092.0,no,subcutaneous,-2.7,4.753416149068318
92,PMC3997887,0.15,1 + every 1 day,3,intraperitoneal,28.0,42.0,,31.2,KKAy,mice,male,6.0,genetic,-7.453416149068317,3.0,0.4499999999999999,liraglutide,128,NCT02527200,"CHILD,ADULT",PHASE3,14,3.0,1 + every 1 day,364,364,1092.0,no,subcutaneous,1.3999999999999997,8.853416149068316
92,PMC3997887,0.15,1 + every 1 day,3,intraperitoneal,28.0,42.0,,31.2,KKAy,mice,male,6.0,genetic,-7.453416149068317,3.0,0.4499999999999999,liraglutide,129,NCT02527200,"CHILD,ADULT",PHASE3,31,3.0,1 + every 1 day,364,364,1092.0,no,subcutaneous,-0.6999999999999997,6.753416149068318
92,PMC3997887,0.15,1 + every 1 day,3,intraperitoneal,28.0,42.0,,31.2,KKAy,mice,male,6.0,genetic,-7.453416149068317,3.0,0.4499999999999999,liraglutide,130,NCT00781937,"ADULT,OLDER_ADULT",PHASE3,194,3.0,1 + every 1 day,392,392,1176.0,no,subcutaneous,-6.0600000000000005,1.393416149068317
92,PMC3997887,0.15,1 + every 1 day,3,intraperitoneal,28.0,42.0,,31.2,KKAy,mice,male,6.0,genetic,-7.453416149068317,3.0,0.4499999999999999,liraglutide,136,NCT04074161,"ADULT,OLDER_ADULT",PHASE3,117,3.0,1 + every 1 day,476,476,1428.0,no,subcutaneous,-4.800000000000001,2.653416149068317
92,PMC3997887,0.15,1 + every 1 day,3,intraperitoneal,28.0,42.0,,31.2,KKAy,mice,male,6.0,genetic,-7.453416149068317,3.0,0.4499999999999999,liraglutide,150,NCT02647944,"ADULT,OLDER_ADULT",PHASE2,19,3.0,1 + every 1 day,112,112,336.0,no,subcutaneous,-2.58819247874349,4.865223670324827
92,PMC3997887,0.15,1 + every 1 day,3,intraperitoneal,28.0,42.0,,31.2,KKAy,mice,male,6.0,genetic,-7.453416149068317,3.0,0.4499999999999999,liraglutide,155,NCT03486392,"ADULT,OLDER_ADULT",PHASE2,108,3.0,1 + every 1 day,182,182,546.0,no,subcutaneous,-5.78,1.6734161490683173
108,PMC4342181,0.3,2 + every 1 day,28,subcutaneous,42.0,56.0,,25.0,db/db,mice,male,14.0,genetic,-52.000000000000014,56.0,16.8,liraglutide,35,NCT02453711,"ADULT,OLDER_ADULT",PHASE2,96,3.0,1 + every 1 day,364,364,1092.0,no,subcutaneous,-5.47,46.530000000000015
108,PMC4342181,0.3,2 + every 1 day,28,subcutaneous,42.0,56.0,,25.0,db/db,mice,male,14.0,genetic,-52.000000000000014,56.0,16.8,liraglutide,51,NCT00422058,"ADULT,OLDER_ADULT",PHASE2,94,1.2,1 + every 1 day,140,140,168.0,no,subcutaneous,-2.2072087435352685,49.792791256464746
108,PMC4342181,0.3,2 + every 1 day,28,subcutaneous,42.0,56.0,,25.0,db/db,mice,male,14.0,genetic,-52.000000000000014,56.0,16.8,liraglutide,52,NCT00422058,"ADULT,OLDER_ADULT",PHASE2,90,1.8,1 + every 1 day,140,140,252.0,no,subcutaneous,-2.9371604752653058,49.06283952473471
108,PMC4342181,0.3,2 + every 1 day,28,subcutaneous,42.0,56.0,,25.0,db/db,mice,male,14.0,genetic,-52.000000000000014,56.0,16.8,liraglutide,53,NCT00422058,"ADULT,OLDER_ADULT",PHASE2,92,2.4,1 + every 1 day,140,140,336.0,no,subcutaneous,-3.6240693851707295,48.37593061482929
108,PMC4342181,0.3,2 + every 1 day,28,subcutaneous,42.0,56.0,,25.0,db/db,mice,male,14.0,genetic,-52.000000000000014,56.0,16.8,liraglutide,54,NCT00422058,"ADULT,OLDER_ADULT",PHASE2,92,3.0,1 + every 1 day,140,140,420.0,no,subcutaneous,-4.711624106871794,47.28837589312822
108,PMC4342181,0.3,2 + every 1 day,28,subcutaneous,42.0,56.0,,25.0,db/db,mice,male,14.0,genetic,-52.000000000000014,56.0,16.8,liraglutide,61,NCT03158805,"ADULT,OLDER_ADULT",PHASE2,29,3.0,1 + every 1 day,280,280,840.0,no,subcutaneous,-3.5,48.500000000000014
108,PMC4342181,0.3,2 + every 1 day,28,subcutaneous,42.0,56.0,,25.0,db/db,mice,male,14.0,genetic,-52.000000000000014,56.0,16.8,liraglutide,102,NCT01272232,"ADULT,OLDER_ADULT",PHASE3,412,3.0,1 + every 1 day,392,392,1176.0,no,subcutaneous,-3.9,48.100000000000016
108,PMC4342181,0.3,2 + every 1 day,28,subcutaneous,42.0,56.0,,25.0,db/db,mice,male,14.0,genetic,-52.000000000000014,56.0,16.8,liraglutide,103,NCT01272232,"ADULT,OLDER_ADULT",PHASE3,204,1.8,1 + every 1 day,392,392,705.6,no,subcutaneous,-2.6,49.40000000000001
108,PMC4342181,0.3,2 + every 1 day,28,subcutaneous,42.0,56.0,,25.0,db/db,mice,male,14.0,genetic,-52.000000000000014,56.0,16.8,liraglutide,106,NCT01272219,"ADULT,OLDER_ADULT",PHASE3,2432,3.0,1 + every 1 day,392,392,1176.0,no,subcutaneous,-5.36,46.640000000000015
108,PMC4342181,0.3,2 + every 1 day,28,subcutaneous,42.0,56.0,,25.0,db/db,mice,male,14.0,genetic,-52.000000000000014,56.0,16.8,liraglutide,107,NCT01272219,"ADULT,OLDER_ADULT",PHASE3,1467,3.0,1 + every 1 day,1120,1120,3360.0,no,subcutaneous,-4.25,47.750000000000014
108,PMC4342181,0.3,2 + every 1 day,28,subcutaneous,42.0,56.0,,25.0,db/db,mice,male,14.0,genetic,-52.000000000000014,56.0,16.8,liraglutide,108,NCT01272219,"ADULT,OLDER_ADULT",PHASE3,349,3.0,1 + every 1 day,476,476,1428.0,no,subcutaneous,-5.33,46.670000000000016
108,PMC4342181,0.3,2 + every 1 day,28,subcutaneous,42.0,56.0,,25.0,db/db,mice,male,14.0,genetic,-52.000000000000014,56.0,16.8,liraglutide,112,NCT01557166,ADULT,PHASE3,175,3.0,1 + every 1 day,224,224,672.0,no,subcutaneous,-4.201423866334764,47.79857613366525
108,PMC4342181,0.3,2 + every 1 day,28,subcutaneous,42.0,56.0,,25.0,db/db,mice,male,14.0,genetic,-52.000000000000014,56.0,16.8,liraglutide,120,NCT02918279,CHILD,PHASE3,125,3.0,1 + every 1 day,392,392,1176.0,no,subcutaneous,-3.6,48.40000000000001
108,PMC4342181,0.3,2 + every 1 day,28,subcutaneous,42.0,56.0,,25.0,db/db,mice,male,14.0,genetic,-52.000000000000014,56.0,16.8,liraglutide,127,NCT02527200,"CHILD,ADULT",PHASE3,17,3.0,1 + every 1 day,364,364,1092.0,no,subcutaneous,-2.7,49.30000000000001
108,PMC4342181,0.3,2 + every 1 day,28,subcutaneous,42.0,56.0,,25.0,db/db,mice,male,14.0,genetic,-52.000000000000014,56.0,16.8,liraglutide,128,NCT02527200,"CHILD,ADULT",PHASE3,14,3.0,1 + every 1 day,364,364,1092.0,no,subcutaneous,1.3999999999999997,53.40000000000001
108,PMC4342181,0.3,2 + every 1 day,28,subcutaneous,42.0,56.0,,25.0,db/db,mice,male,14.0,genetic,-52.000000000000014,56.0,16.8,liraglutide,129,NCT02527200,"CHILD,ADULT",PHASE3,31,3.0,1 + every 1 day,364,364,1092.0,no,subcutaneous,-0.6999999999999997,51.30000000000001
108,PMC4342181,0.3,2 + every 1 day,28,subcutaneous,42.0,56.0,,25.0,db/db,mice,male,14.0,genetic,-52.000000000000014,56.0,16.8,liraglutide,130,NCT00781937,"ADULT,OLDER_ADULT",PHASE3,194,3.0,1 + every 1 day,392,392,1176.0,no,subcutaneous,-6.0600000000000005,45.94000000000001
108,PMC4342181,0.3,2 + every 1 day,28,subcutaneous,42.0,56.0,,25.0,db/db,mice,male,14.0,genetic,-52.000000000000014,56.0,16.8,liraglutide,136,NCT04074161,"ADULT,OLDER_ADULT",PHASE3,117,3.0,1 + every 1 day,476,476,1428.0,no,subcutaneous,-4.800000000000001,47.20000000000002
108,PMC4342181,0.3,2 + every 1 day,28,subcutaneous,42.0,56.0,,25.0,db/db,mice,male,14.0,genetic,-52.000000000000014,56.0,16.8,liraglutide,150,NCT02647944,"ADULT,OLDER_ADULT",PHASE2,19,3.0,1 + every 1 day,112,112,336.0,no,subcutaneous,-2.58819247874349,49.41180752125653
108,PMC4342181,0.3,2 + every 1 day,28,subcutaneous,42.0,56.0,,25.0,db/db,mice,male,14.0,genetic,-52.000000000000014,56.0,16.8,liraglutide,155,NCT03486392,"ADULT,OLDER_ADULT",PHASE2,108,3.0,1 + every 1 day,182,182,546.0,no,subcutaneous,-5.78,46.22000000000001
109,PMC4364946,0.0375126,1 + every 1 day,5,subcutaneous,49.0,189.0,,51.92,C57BL/6,mice,male,8.0,diet:high-fat+high-sugar,-8.493836671802764,5.0,0.187563,liraglutide,35,NCT02453711,"ADULT,OLDER_ADULT",PHASE2,96,3.0,1 + every 1 day,364,364,1092.0,no,subcutaneous,-5.47,3.0238366718027647
109,PMC4364946,0.0375126,1 + every 1 day,5,subcutaneous,49.0,189.0,,51.92,C57BL/6,mice,male,8.0,diet:high-fat+high-sugar,-8.493836671802764,5.0,0.187563,liraglutide,51,NCT00422058,"ADULT,OLDER_ADULT",PHASE2,94,1.2,1 + every 1 day,140,140,168.0,no,subcutaneous,-2.2072087435352685,6.286627928267496
109,PMC4364946,0.0375126,1 + every 1 day,5,subcutaneous,49.0,189.0,,51.92,C57BL/6,mice,male,8.0,diet:high-fat+high-sugar,-8.493836671802764,5.0,0.187563,liraglutide,52,NCT00422058,"ADULT,OLDER_ADULT",PHASE2,90,1.8,1 + every 1 day,140,140,252.0,no,subcutaneous,-2.9371604752653058,5.556676196537459
109,PMC4364946,0.0375126,1 + every 1 day,5,subcutaneous,49.0,189.0,,51.92,C57BL/6,mice,male,8.0,diet:high-fat+high-sugar,-8.493836671802764,5.0,0.187563,liraglutide,53,NCT00422058,"ADULT,OLDER_ADULT",PHASE2,92,2.4,1 + every 1 day,140,140,336.0,no,subcutaneous,-3.6240693851707295,4.869767286632034
109,PMC4364946,0.0375126,1 + every 1 day,5,subcutaneous,49.0,189.0,,51.92,C57BL/6,mice,male,8.0,diet:high-fat+high-sugar,-8.493836671802764,5.0,0.187563,liraglutide,54,NCT00422058,"ADULT,OLDER_ADULT",PHASE2,92,3.0,1 + every 1 day,140,140,420.0,no,subcutaneous,-4.711624106871794,3.782212564930971
109,PMC4364946,0.0375126,1 + every 1 day,5,subcutaneous,49.0,189.0,,51.92,C57BL/6,mice,male,8.0,diet:high-fat+high-sugar,-8.493836671802764,5.0,0.187563,liraglutide,61,NCT03158805,"ADULT,OLDER_ADULT",PHASE2,29,3.0,1 + every 1 day,280,280,840.0,no,subcutaneous,-3.5,4.9938366718027645
109,PMC4364946,0.0375126,1 + every 1 day,5,subcutaneous,49.0,189.0,,51.92,C57BL/6,mice,male,8.0,diet:high-fat+high-sugar,-8.493836671802764,5.0,0.187563,liraglutide,102,NCT01272232,"ADULT,OLDER_ADULT",PHASE3,412,3.0,1 + every 1 day,392,392,1176.0,no,subcutaneous,-3.9,4.593836671802764
109,PMC4364946,0.0375126,1 + every 1 day,5,subcutaneous,49.0,189.0,,51.92,C57BL/6,mice,male,8.0,diet:high-fat+high-sugar,-8.493836671802764,5.0,0.187563,liraglutide,103,NCT01272232,"ADULT,OLDER_ADULT",PHASE3,204,1.8,1 + every 1 day,392,392,705.6,no,subcutaneous,-2.6,5.893836671802765
109,PMC4364946,0.0375126,1 + every 1 day,5,subcutaneous,49.0,189.0,,51.92,C57BL/6,mice,male,8.0,diet:high-fat+high-sugar,-8.493836671802764,5.0,0.187563,liraglutide,106,NCT01272219,"ADULT,OLDER_ADULT",PHASE3,2432,3.0,1 + every 1 day,392,392,1176.0,no,subcutaneous,-5.36,3.133836671802764
109,PMC4364946,0.0375126,1 + every 1 day,5,subcutaneous,49.0,189.0,,51.92,C57BL/6,mice,male,8.0,diet:high-fat+high-sugar,-8.493836671802764,5.0,0.187563,liraglutide,107,NCT01272219,"ADULT,OLDER_ADULT",PHASE3,1467,3.0,1 + every 1 day,1120,1120,3360.0,no,subcutaneous,-4.25,4.2438366718027645
109,PMC4364946,0.0375126,1 + every 1 day,5,subcutaneous,49.0,189.0,,51.92,C57BL/6,mice,male,8.0,diet:high-fat+high-sugar,-8.493836671802764,5.0,0.187563,liraglutide,108,NCT01272219,"ADULT,OLDER_ADULT",PHASE3,349,3.0,1 + every 1 day,476,476,1428.0,no,subcutaneous,-5.33,3.1638366718027644
109,PMC4364946,0.0375126,1 + every 1 day,5,subcutaneous,49.0,189.0,,51.92,C57BL/6,mice,male,8.0,diet:high-fat+high-sugar,-8.493836671802764,5.0,0.187563,liraglutide,112,NCT01557166,ADULT,PHASE3,175,3.0,1 + every 1 day,224,224,672.0,no,subcutaneous,-4.201423866334764,4.292412805468
109,PMC4364946,0.0375126,1 + every 1 day,5,subcutaneous,49.0,189.0,,51.92,C57BL/6,mice,male,8.0,diet:high-fat+high-sugar,-8.493836671802764,5.0,0.187563,liraglutide,120,NCT02918279,CHILD,PHASE3,125,3.0,1 + every 1 day,392,392,1176.0,no,subcutaneous,-3.6,4.893836671802765
109,PMC4364946,0.0375126,1 + every 1 day,5,subcutaneous,49.0,189.0,,51.92,C57BL/6,mice,male,8.0,diet:high-fat+high-sugar,-8.493836671802764,5.0,0.187563,liraglutide,127,NCT02527200,"CHILD,ADULT",PHASE3,17,3.0,1 + every 1 day,364,364,1092.0,no,subcutaneous,-2.7,5.793836671802765
109,PMC4364946,0.0375126,1 + every 1 day,5,subcutaneous,49.0,189.0,,51.92,C57BL/6,mice,male,8.0,diet:high-fat+high-sugar,-8.493836671802764,5.0,0.187563,liraglutide,128,NCT02527200,"CHILD,ADULT",PHASE3,14,3.0,1 + every 1 day,364,364,1092.0,no,subcutaneous,1.3999999999999997,9.893836671802765
109,PMC4364946,0.0375126,1 + every 1 day,5,subcutaneous,49.0,189.0,,51.92,C57BL/6,mice,male,8.0,diet:high-fat+high-sugar,-8.493836671802764,5.0,0.187563,liraglutide,129,NCT02527200,"CHILD,ADULT",PHASE3,31,3.0,1 + every 1 day,364,364,1092.0,no,subcutaneous,-0.6999999999999997,7.793836671802765
109,PMC4364946,0.0375126,1 + every 1 day,5,subcutaneous,49.0,189.0,,51.92,C57BL/6,mice,male,8.0,diet:high-fat+high-sugar,-8.493836671802764,5.0,0.187563,liraglutide,130,NCT00781937,"ADULT,OLDER_ADULT",PHASE3,194,3.0,1 + every 1 day,392,392,1176.0,no,subcutaneous,-6.0600000000000005,2.433836671802764
109,PMC4364946,0.0375126,1 + every 1 day,5,subcutaneous,49.0,189.0,,51.92,C57BL/6,mice,male,8.0,diet:high-fat+high-sugar,-8.493836671802764,5.0,0.187563,liraglutide,136,NCT04074161,"ADULT,OLDER_ADULT",PHASE3,117,3.0,1 + every 1 day,476,476,1428.0,no,subcutaneous,-4.800000000000001,3.693836671802764
109,PMC4364946,0.0375126,1 + every 1 day,5,subcutaneous,49.0,189.0,,51.92,C57BL/6,mice,male,8.0,diet:high-fat+high-sugar,-8.493836671802764,5.0,0.187563,liraglutide,150,NCT02647944,"ADULT,OLDER_ADULT",PHASE2,19,3.0,1 + every 1 day,112,112,336.0,no,subcutaneous,-2.58819247874349,5.905644193059274
109,PMC4364946,0.0375126,1 + every 1 day,5,subcutaneous,49.0,189.0,,51.92,C57BL/6,mice,male,8.0,diet:high-fat+high-sugar,-8.493836671802764,5.0,0.187563,liraglutide,155,NCT03486392,"ADULT,OLDER_ADULT",PHASE2,108,3.0,1 + every 1 day,182,182,546.0,no,subcutaneous,-5.78,2.713836671802764
110,PMC4364946,0.0375126,1 + every 1 day,22,subcutaneous,49.0,189.0,,51.92,C57BL/6,mice,male,8.0,diet:high-fat+high-sugar,-23.536209553158702,22.0,0.8252772000000002,liraglutide,35,NCT02453711,"ADULT,OLDER_ADULT",PHASE2,96,3.0,1 + every 1 day,364,364,1092.0,no,subcutaneous,-5.47,18.066209553158707
110,PMC4364946,0.0375126,1 + every 1 day,22,subcutaneous,49.0,189.0,,51.92,C57BL/6,mice,male,8.0,diet:high-fat+high-sugar,-23.536209553158702,22.0,0.8252772000000002,liraglutide,51,NCT00422058,"ADULT,OLDER_ADULT",PHASE2,94,1.2,1 + every 1 day,140,140,168.0,no,subcutaneous,-2.2072087435352685,21.32900080962344
110,PMC4364946,0.0375126,1 + every 1 day,22,subcutaneous,49.0,189.0,,51.92,C57BL/6,mice,male,8.0,diet:high-fat+high-sugar,-23.536209553158702,22.0,0.8252772000000002,liraglutide,52,NCT00422058,"ADULT,OLDER_ADULT",PHASE2,90,1.8,1 + every 1 day,140,140,252.0,no,subcutaneous,-2.9371604752653058,20.5990490778934
110,PMC4364946,0.0375126,1 + every 1 day,22,subcutaneous,49.0,189.0,,51.92,C57BL/6,mice,male,8.0,diet:high-fat+high-sugar,-23.536209553158702,22.0,0.8252772000000002,liraglutide,53,NCT00422058,"ADULT,OLDER_ADULT",PHASE2,92,2.4,1 + every 1 day,140,140,336.0,no,subcutaneous,-3.6240693851707295,19.91214016798797
110,PMC4364946,0.0375126,1 + every 1 day,22,subcutaneous,49.0,189.0,,51.92,C57BL/6,mice,male,8.0,diet:high-fat+high-sugar,-23.536209553158702,22.0,0.8252772000000002,liraglutide,54,NCT00422058,"ADULT,OLDER_ADULT",PHASE2,92,3.0,1 + every 1 day,140,140,420.0,no,subcutaneous,-4.711624106871794,18.82458544628691
110,PMC4364946,0.0375126,1 + every 1 day,22,subcutaneous,49.0,189.0,,51.92,C57BL/6,mice,male,8.0,diet:high-fat+high-sugar,-23.536209553158702,22.0,0.8252772000000002,liraglutide,61,NCT03158805,"ADULT,OLDER_ADULT",PHASE2,29,3.0,1 + every 1 day,280,280,840.0,no,subcutaneous,-3.5,20.036209553158702
110,PMC4364946,0.0375126,1 + every 1 day,22,subcutaneous,49.0,189.0,,51.92,C57BL/6,mice,male,8.0,diet:high-fat+high-sugar,-23.536209553158702,22.0,0.8252772000000002,liraglutide,102,NCT01272232,"ADULT,OLDER_ADULT",PHASE3,412,3.0,1 + every 1 day,392,392,1176.0,no,subcutaneous,-3.9,19.636209553158707
110,PMC4364946,0.0375126,1 + every 1 day,22,subcutaneous,49.0,189.0,,51.92,C57BL/6,mice,male,8.0,diet:high-fat+high-sugar,-23.536209553158702,22.0,0.8252772000000002,liraglutide,103,NCT01272232,"ADULT,OLDER_ADULT",PHASE3,204,1.8,1 + every 1 day,392,392,705.6,no,subcutaneous,-2.6,20.936209553158704
110,PMC4364946,0.0375126,1 + every 1 day,22,subcutaneous,49.0,189.0,,51.92,C57BL/6,mice,male,8.0,diet:high-fat+high-sugar,-23.536209553158702,22.0,0.8252772000000002,liraglutide,106,NCT01272219,"ADULT,OLDER_ADULT",PHASE3,2432,3.0,1 + every 1 day,392,392,1176.0,no,subcutaneous,-5.36,18.176209553158703
110,PMC4364946,0.0375126,1 + every 1 day,22,subcutaneous,49.0,189.0,,51.92,C57BL/6,mice,male,8.0,diet:high-fat+high-sugar,-23.536209553158702,22.0,0.8252772000000002,liraglutide,107,NCT01272219,"ADULT,OLDER_ADULT",PHASE3,1467,3.0,1 + every 1 day,1120,1120,3360.0,no,subcutaneous,-4.25,19.286209553158702
110,PMC4364946,0.0375126,1 + every 1 day,22,subcutaneous,49.0,189.0,,51.92,C57BL/6,mice,male,8.0,diet:high-fat+high-sugar,-23.536209553158702,22.0,0.8252772000000002,liraglutide,108,NCT01272219,"ADULT,OLDER_ADULT",PHASE3,349,3.0,1 + every 1 day,476,476,1428.0,no,subcutaneous,-5.33,18.206209553158708
110,PMC4364946,0.0375126,1 + every 1 day,22,subcutaneous,49.0,189.0,,51.92,C57BL/6,mice,male,8.0,diet:high-fat+high-sugar,-23.536209553158702,22.0,0.8252772000000002,liraglutide,112,NCT01557166,ADULT,PHASE3,175,3.0,1 + every 1 day,224,224,672.0,no,subcutaneous,-4.201423866334764,19.334785686823945
110,PMC4364946,0.0375126,1 + every 1 day,22,subcutaneous,49.0,189.0,,51.92,C57BL/6,mice,male,8.0,diet:high-fat+high-sugar,-23.536209553158702,22.0,0.8252772000000002,liraglutide,120,NCT02918279,CHILD,PHASE3,125,3.0,1 + every 1 day,392,392,1176.0,no,subcutaneous,-3.6,19.936209553158704
110,PMC4364946,0.0375126,1 + every 1 day,22,subcutaneous,49.0,189.0,,51.92,C57BL/6,mice,male,8.0,diet:high-fat+high-sugar,-23.536209553158702,22.0,0.8252772000000002,liraglutide,127,NCT02527200,"CHILD,ADULT",PHASE3,17,3.0,1 + every 1 day,364,364,1092.0,no,subcutaneous,-2.7,20.836209553158707
110,PMC4364946,0.0375126,1 + every 1 day,22,subcutaneous,49.0,189.0,,51.92,C57BL/6,mice,male,8.0,diet:high-fat+high-sugar,-23.536209553158702,22.0,0.8252772000000002,liraglutide,128,NCT02527200,"CHILD,ADULT",PHASE3,14,3.0,1 + every 1 day,364,364,1092.0,no,subcutaneous,1.3999999999999997,24.936209553158704
110,PMC4364946,0.0375126,1 + every 1 day,22,subcutaneous,49.0,189.0,,51.92,C57BL/6,mice,male,8.0,diet:high-fat+high-sugar,-23.536209553158702,22.0,0.8252772000000002,liraglutide,129,NCT02527200,"CHILD,ADULT",PHASE3,31,3.0,1 + every 1 day,364,364,1092.0,no,subcutaneous,-0.6999999999999997,22.836209553158707
110,PMC4364946,0.0375126,1 + every 1 day,22,subcutaneous,49.0,189.0,,51.92,C57BL/6,mice,male,8.0,diet:high-fat+high-sugar,-23.536209553158702,22.0,0.8252772000000002,liraglutide,130,NCT00781937,"ADULT,OLDER_ADULT",PHASE3,194,3.0,1 + every 1 day,392,392,1176.0,no,subcutaneous,-6.0600000000000005,17.476209553158704
110,PMC4364946,0.0375126,1 + every 1 day,22,subcutaneous,49.0,189.0,,51.92,C57BL/6,mice,male,8.0,diet:high-fat+high-sugar,-23.536209553158702,22.0,0.8252772000000002,liraglutide,136,NCT04074161,"ADULT,OLDER_ADULT",PHASE3,117,3.0,1 + every 1 day,476,476,1428.0,no,subcutaneous,-4.800000000000001,18.736209553158705
110,PMC4364946,0.0375126,1 + every 1 day,22,subcutaneous,49.0,189.0,,51.92,C57BL/6,mice,male,8.0,diet:high-fat+high-sugar,-23.536209553158702,22.0,0.8252772000000002,liraglutide,150,NCT02647944,"ADULT,OLDER_ADULT",PHASE2,19,3.0,1 + every 1 day,112,112,336.0,no,subcutaneous,-2.58819247874349,20.948017074415212
110,PMC4364946,0.0375126,1 + every 1 day,22,subcutaneous,49.0,189.0,,51.92,C57BL/6,mice,male,8.0,diet:high-fat+high-sugar,-23.536209553158702,22.0,0.8252772000000002,liraglutide,155,NCT03486392,"ADULT,OLDER_ADULT",PHASE2,108,3.0,1 + every 1 day,182,182,546.0,no,subcutaneous,-5.78,17.756209553158705
117,PMC4529364,0.0375126,1 + every 1 day,42,subcutaneous,119.0,287.0,,,C57BL/6J,mice,male,8.0,diet:high-fat,-20.4,42.0,1.5755292000000003,liraglutide,35,NCT02453711,"ADULT,OLDER_ADULT",PHASE2,96,3.0,1 + every 1 day,364,364,1092.0,no,subcutaneous,-5.47,14.93
117,PMC4529364,0.0375126,1 + every 1 day,42,subcutaneous,119.0,287.0,,,C57BL/6J,mice,male,8.0,diet:high-fat,-20.4,42.0,1.5755292000000003,liraglutide,51,NCT00422058,"ADULT,OLDER_ADULT",PHASE2,94,1.2,1 + every 1 day,140,140,168.0,no,subcutaneous,-2.2072087435352685,18.19279125646473
117,PMC4529364,0.0375126,1 + every 1 day,42,subcutaneous,119.0,287.0,,,C57BL/6J,mice,male,8.0,diet:high-fat,-20.4,42.0,1.5755292000000003,liraglutide,52,NCT00422058,"ADULT,OLDER_ADULT",PHASE2,90,1.8,1 + every 1 day,140,140,252.0,no,subcutaneous,-2.9371604752653058,17.462839524734694
117,PMC4529364,0.0375126,1 + every 1 day,42,subcutaneous,119.0,287.0,,,C57BL/6J,mice,male,8.0,diet:high-fat,-20.4,42.0,1.5755292000000003,liraglutide,53,NCT00422058,"ADULT,OLDER_ADULT",PHASE2,92,2.4,1 + every 1 day,140,140,336.0,no,subcutaneous,-3.6240693851707295,16.775930614829267
117,PMC4529364,0.0375126,1 + every 1 day,42,subcutaneous,119.0,287.0,,,C57BL/6J,mice,male,8.0,diet:high-fat,-20.4,42.0,1.5755292000000003,liraglutide,54,NCT00422058,"ADULT,OLDER_ADULT",PHASE2,92,3.0,1 + every 1 day,140,140,420.0,no,subcutaneous,-4.711624106871794,15.688375893128203
117,PMC4529364,0.0375126,1 + every 1 day,42,subcutaneous,119.0,287.0,,,C57BL/6J,mice,male,8.0,diet:high-fat,-20.4,42.0,1.5755292000000003,liraglutide,61,NCT03158805,"ADULT,OLDER_ADULT",PHASE2,29,3.0,1 + every 1 day,280,280,840.0,no,subcutaneous,-3.5,16.9
117,PMC4529364,0.0375126,1 + every 1 day,42,subcutaneous,119.0,287.0,,,C57BL/6J,mice,male,8.0,diet:high-fat,-20.4,42.0,1.5755292000000003,liraglutide,102,NCT01272232,"ADULT,OLDER_ADULT",PHASE3,412,3.0,1 + every 1 day,392,392,1176.0,no,subcutaneous,-3.9,16.5
117,PMC4529364,0.0375126,1 + every 1 day,42,subcutaneous,119.0,287.0,,,C57BL/6J,mice,male,8.0,diet:high-fat,-20.4,42.0,1.5755292000000003,liraglutide,103,NCT01272232,"ADULT,OLDER_ADULT",PHASE3,204,1.8,1 + every 1 day,392,392,705.6,no,subcutaneous,-2.6,17.799999999999997
117,PMC4529364,0.0375126,1 + every 1 day,42,subcutaneous,119.0,287.0,,,C57BL/6J,mice,male,8.0,diet:high-fat,-20.4,42.0,1.5755292000000003,liraglutide,106,NCT01272219,"ADULT,OLDER_ADULT",PHASE3,2432,3.0,1 + every 1 day,392,392,1176.0,no,subcutaneous,-5.36,15.04
117,PMC4529364,0.0375126,1 + every 1 day,42,subcutaneous,119.0,287.0,,,C57BL/6J,mice,male,8.0,diet:high-fat,-20.4,42.0,1.5755292000000003,liraglutide,107,NCT01272219,"ADULT,OLDER_ADULT",PHASE3,1467,3.0,1 + every 1 day,1120,1120,3360.0,no,subcutaneous,-4.25,16.15
117,PMC4529364,0.0375126,1 + every 1 day,42,subcutaneous,119.0,287.0,,,C57BL/6J,mice,male,8.0,diet:high-fat,-20.4,42.0,1.5755292000000003,liraglutide,108,NCT01272219,"ADULT,OLDER_ADULT",PHASE3,349,3.0,1 + every 1 day,476,476,1428.0,no,subcutaneous,-5.33,15.07
117,PMC4529364,0.0375126,1 + every 1 day,42,subcutaneous,119.0,287.0,,,C57BL/6J,mice,male,8.0,diet:high-fat,-20.4,42.0,1.5755292000000003,liraglutide,112,NCT01557166,ADULT,PHASE3,175,3.0,1 + every 1 day,224,224,672.0,no,subcutaneous,-4.201423866334764,16.198576133665235
117,PMC4529364,0.0375126,1 + every 1 day,42,subcutaneous,119.0,287.0,,,C57BL/6J,mice,male,8.0,diet:high-fat,-20.4,42.0,1.5755292000000003,liraglutide,120,NCT02918279,CHILD,PHASE3,125,3.0,1 + every 1 day,392,392,1176.0,no,subcutaneous,-3.6,16.799999999999997
117,PMC4529364,0.0375126,1 + every 1 day,42,subcutaneous,119.0,287.0,,,C57BL/6J,mice,male,8.0,diet:high-fat,-20.4,42.0,1.5755292000000003,liraglutide,127,NCT02527200,"CHILD,ADULT",PHASE3,17,3.0,1 + every 1 day,364,364,1092.0,no,subcutaneous,-2.7,17.7
117,PMC4529364,0.0375126,1 + every 1 day,42,subcutaneous,119.0,287.0,,,C57BL/6J,mice,male,8.0,diet:high-fat,-20.4,42.0,1.5755292000000003,liraglutide,128,NCT02527200,"CHILD,ADULT",PHASE3,14,3.0,1 + every 1 day,364,364,1092.0,no,subcutaneous,1.3999999999999997,21.8
117,PMC4529364,0.0375126,1 + every 1 day,42,subcutaneous,119.0,287.0,,,C57BL/6J,mice,male,8.0,diet:high-fat,-20.4,42.0,1.5755292000000003,liraglutide,129,NCT02527200,"CHILD,ADULT",PHASE3,31,3.0,1 + every 1 day,364,364,1092.0,no,subcutaneous,-0.6999999999999997,19.7
117,PMC4529364,0.0375126,1 + every 1 day,42,subcutaneous,119.0,287.0,,,C57BL/6J,mice,male,8.0,diet:high-fat,-20.4,42.0,1.5755292000000003,liraglutide,130,NCT00781937,"ADULT,OLDER_ADULT",PHASE3,194,3.0,1 + every 1 day,392,392,1176.0,no,subcutaneous,-6.0600000000000005,14.339999999999998
117,PMC4529364,0.0375126,1 + every 1 day,42,subcutaneous,119.0,287.0,,,C57BL/6J,mice,male,8.0,diet:high-fat,-20.4,42.0,1.5755292000000003,liraglutide,136,NCT04074161,"ADULT,OLDER_ADULT",PHASE3,117,3.0,1 + every 1 day,476,476,1428.0,no,subcutaneous,-4.800000000000001,15.599999999999998
117,PMC4529364,0.0375126,1 + every 1 day,42,subcutaneous,119.0,287.0,,,C57BL/6J,mice,male,8.0,diet:high-fat,-20.4,42.0,1.5755292000000003,liraglutide,150,NCT02647944,"ADULT,OLDER_ADULT",PHASE2,19,3.0,1 + every 1 day,112,112,336.0,no,subcutaneous,-2.58819247874349,17.811807521256508
117,PMC4529364,0.0375126,1 + every 1 day,42,subcutaneous,119.0,287.0,,,C57BL/6J,mice,male,8.0,diet:high-fat,-20.4,42.0,1.5755292000000003,liraglutide,155,NCT03486392,"ADULT,OLDER_ADULT",PHASE2,108,3.0,1 + every 1 day,182,182,546.0,no,subcutaneous,-5.78,14.619999999999996
118,PMC4529364,0.1125378,1 + every 1 day,28,subcutaneous,119.0,287.0,,,C57BL/6J,mice,male,8.0,diet:high-fat,-28.0,28.0,3.1510584000000006,liraglutide,35,NCT02453711,"ADULT,OLDER_ADULT",PHASE2,96,3.0,1 + every 1 day,364,364,1092.0,no,subcutaneous,-5.47,22.53
118,PMC4529364,0.1125378,1 + every 1 day,28,subcutaneous,119.0,287.0,,,C57BL/6J,mice,male,8.0,diet:high-fat,-28.0,28.0,3.1510584000000006,liraglutide,51,NCT00422058,"ADULT,OLDER_ADULT",PHASE2,94,1.2,1 + every 1 day,140,140,168.0,no,subcutaneous,-2.2072087435352685,25.79279125646473
118,PMC4529364,0.1125378,1 + every 1 day,28,subcutaneous,119.0,287.0,,,C57BL/6J,mice,male,8.0,diet:high-fat,-28.0,28.0,3.1510584000000006,liraglutide,52,NCT00422058,"ADULT,OLDER_ADULT",PHASE2,90,1.8,1 + every 1 day,140,140,252.0,no,subcutaneous,-2.9371604752653058,25.06283952473469
118,PMC4529364,0.1125378,1 + every 1 day,28,subcutaneous,119.0,287.0,,,C57BL/6J,mice,male,8.0,diet:high-fat,-28.0,28.0,3.1510584000000006,liraglutide,53,NCT00422058,"ADULT,OLDER_ADULT",PHASE2,92,2.4,1 + every 1 day,140,140,336.0,no,subcutaneous,-3.6240693851707295,24.37593061482927
118,PMC4529364,0.1125378,1 + every 1 day,28,subcutaneous,119.0,287.0,,,C57BL/6J,mice,male,8.0,diet:high-fat,-28.0,28.0,3.1510584000000006,liraglutide,54,NCT00422058,"ADULT,OLDER_ADULT",PHASE2,92,3.0,1 + every 1 day,140,140,420.0,no,subcutaneous,-4.711624106871794,23.288375893128205
118,PMC4529364,0.1125378,1 + every 1 day,28,subcutaneous,119.0,287.0,,,C57BL/6J,mice,male,8.0,diet:high-fat,-28.0,28.0,3.1510584000000006,liraglutide,61,NCT03158805,"ADULT,OLDER_ADULT",PHASE2,29,3.0,1 + every 1 day,280,280,840.0,no,subcutaneous,-3.5,24.5
118,PMC4529364,0.1125378,1 + every 1 day,28,subcutaneous,119.0,287.0,,,C57BL/6J,mice,male,8.0,diet:high-fat,-28.0,28.0,3.1510584000000006,liraglutide,102,NCT01272232,"ADULT,OLDER_ADULT",PHASE3,412,3.0,1 + every 1 day,392,392,1176.0,no,subcutaneous,-3.9,24.1
118,PMC4529364,0.1125378,1 + every 1 day,28,subcutaneous,119.0,287.0,,,C57BL/6J,mice,male,8.0,diet:high-fat,-28.0,28.0,3.1510584000000006,liraglutide,103,NCT01272232,"ADULT,OLDER_ADULT",PHASE3,204,1.8,1 + every 1 day,392,392,705.6,no,subcutaneous,-2.6,25.4
118,PMC4529364,0.1125378,1 + every 1 day,28,subcutaneous,119.0,287.0,,,C57BL/6J,mice,male,8.0,diet:high-fat,-28.0,28.0,3.1510584000000006,liraglutide,106,NCT01272219,"ADULT,OLDER_ADULT",PHASE3,2432,3.0,1 + every 1 day,392,392,1176.0,no,subcutaneous,-5.36,22.64
118,PMC4529364,0.1125378,1 + every 1 day,28,subcutaneous,119.0,287.0,,,C57BL/6J,mice,male,8.0,diet:high-fat,-28.0,28.0,3.1510584000000006,liraglutide,107,NCT01272219,"ADULT,OLDER_ADULT",PHASE3,1467,3.0,1 + every 1 day,1120,1120,3360.0,no,subcutaneous,-4.25,23.75
118,PMC4529364,0.1125378,1 + every 1 day,28,subcutaneous,119.0,287.0,,,C57BL/6J,mice,male,8.0,diet:high-fat,-28.0,28.0,3.1510584000000006,liraglutide,108,NCT01272219,"ADULT,OLDER_ADULT",PHASE3,349,3.0,1 + every 1 day,476,476,1428.0,no,subcutaneous,-5.33,22.67
118,PMC4529364,0.1125378,1 + every 1 day,28,subcutaneous,119.0,287.0,,,C57BL/6J,mice,male,8.0,diet:high-fat,-28.0,28.0,3.1510584000000006,liraglutide,112,NCT01557166,ADULT,PHASE3,175,3.0,1 + every 1 day,224,224,672.0,no,subcutaneous,-4.201423866334764,23.79857613366524
118,PMC4529364,0.1125378,1 + every 1 day,28,subcutaneous,119.0,287.0,,,C57BL/6J,mice,male,8.0,diet:high-fat,-28.0,28.0,3.1510584000000006,liraglutide,120,NCT02918279,CHILD,PHASE3,125,3.0,1 + every 1 day,392,392,1176.0,no,subcutaneous,-3.6,24.4
118,PMC4529364,0.1125378,1 + every 1 day,28,subcutaneous,119.0,287.0,,,C57BL/6J,mice,male,8.0,diet:high-fat,-28.0,28.0,3.1510584000000006,liraglutide,127,NCT02527200,"CHILD,ADULT",PHASE3,17,3.0,1 + every 1 day,364,364,1092.0,no,subcutaneous,-2.7,25.3
118,PMC4529364,0.1125378,1 + every 1 day,28,subcutaneous,119.0,287.0,,,C57BL/6J,mice,male,8.0,diet:high-fat,-28.0,28.0,3.1510584000000006,liraglutide,128,NCT02527200,"CHILD,ADULT",PHASE3,14,3.0,1 + every 1 day,364,364,1092.0,no,subcutaneous,1.3999999999999997,29.4
118,PMC4529364,0.1125378,1 + every 1 day,28,subcutaneous,119.0,287.0,,,C57BL/6J,mice,male,8.0,diet:high-fat,-28.0,28.0,3.1510584000000006,liraglutide,129,NCT02527200,"CHILD,ADULT",PHASE3,31,3.0,1 + every 1 day,364,364,1092.0,no,subcutaneous,-0.6999999999999997,27.3
118,PMC4529364,0.1125378,1 + every 1 day,28,subcutaneous,119.0,287.0,,,C57BL/6J,mice,male,8.0,diet:high-fat,-28.0,28.0,3.1510584000000006,liraglutide,130,NCT00781937,"ADULT,OLDER_ADULT",PHASE3,194,3.0,1 + every 1 day,392,392,1176.0,no,subcutaneous,-6.0600000000000005,21.94
118,PMC4529364,0.1125378,1 + every 1 day,28,subcutaneous,119.0,287.0,,,C57BL/6J,mice,male,8.0,diet:high-fat,-28.0,28.0,3.1510584000000006,liraglutide,136,NCT04074161,"ADULT,OLDER_ADULT",PHASE3,117,3.0,1 + every 1 day,476,476,1428.0,no,subcutaneous,-4.800000000000001,23.2
118,PMC4529364,0.1125378,1 + every 1 day,28,subcutaneous,119.0,287.0,,,C57BL/6J,mice,male,8.0,diet:high-fat,-28.0,28.0,3.1510584000000006,liraglutide,150,NCT02647944,"ADULT,OLDER_ADULT",PHASE2,19,3.0,1 + every 1 day,112,112,336.0,no,subcutaneous,-2.58819247874349,25.41180752125651
118,PMC4529364,0.1125378,1 + every 1 day,28,subcutaneous,119.0,287.0,,,C57BL/6J,mice,male,8.0,diet:high-fat,-28.0,28.0,3.1510584000000006,liraglutide,155,NCT03486392,"ADULT,OLDER_ADULT",PHASE2,108,3.0,1 + every 1 day,182,182,546.0,no,subcutaneous,-5.78,22.22
119,PMC4534139,0.2,2 + every 1 day,26,subcutaneous,42.0,126.0,,195.0,Golden Syrian,hamsters,male,6.0,diet:high-fat+high-sugar+high-cholesterol,-16.0,52.0,10.4,liraglutide,35,NCT02453711,"ADULT,OLDER_ADULT",PHASE2,96,3.0,1 + every 1 day,364,364,1092.0,no,subcutaneous,-5.47,10.53
119,PMC4534139,0.2,2 + every 1 day,26,subcutaneous,42.0,126.0,,195.0,Golden Syrian,hamsters,male,6.0,diet:high-fat+high-sugar+high-cholesterol,-16.0,52.0,10.4,liraglutide,51,NCT00422058,"ADULT,OLDER_ADULT",PHASE2,94,1.2,1 + every 1 day,140,140,168.0,no,subcutaneous,-2.2072087435352685,13.792791256464731
119,PMC4534139,0.2,2 + every 1 day,26,subcutaneous,42.0,126.0,,195.0,Golden Syrian,hamsters,male,6.0,diet:high-fat+high-sugar+high-cholesterol,-16.0,52.0,10.4,liraglutide,52,NCT00422058,"ADULT,OLDER_ADULT",PHASE2,90,1.8,1 + every 1 day,140,140,252.0,no,subcutaneous,-2.9371604752653058,13.062839524734695
119,PMC4534139,0.2,2 + every 1 day,26,subcutaneous,42.0,126.0,,195.0,Golden Syrian,hamsters,male,6.0,diet:high-fat+high-sugar+high-cholesterol,-16.0,52.0,10.4,liraglutide,53,NCT00422058,"ADULT,OLDER_ADULT",PHASE2,92,2.4,1 + every 1 day,140,140,336.0,no,subcutaneous,-3.6240693851707295,12.375930614829269
119,PMC4534139,0.2,2 + every 1 day,26,subcutaneous,42.0,126.0,,195.0,Golden Syrian,hamsters,male,6.0,diet:high-fat+high-sugar+high-cholesterol,-16.0,52.0,10.4,liraglutide,54,NCT00422058,"ADULT,OLDER_ADULT",PHASE2,92,3.0,1 + every 1 day,140,140,420.0,no,subcutaneous,-4.711624106871794,11.288375893128206
119,PMC4534139,0.2,2 + every 1 day,26,subcutaneous,42.0,126.0,,195.0,Golden Syrian,hamsters,male,6.0,diet:high-fat+high-sugar+high-cholesterol,-16.0,52.0,10.4,liraglutide,61,NCT03158805,"ADULT,OLDER_ADULT",PHASE2,29,3.0,1 + every 1 day,280,280,840.0,no,subcutaneous,-3.5,12.5
119,PMC4534139,0.2,2 + every 1 day,26,subcutaneous,42.0,126.0,,195.0,Golden Syrian,hamsters,male,6.0,diet:high-fat+high-sugar+high-cholesterol,-16.0,52.0,10.4,liraglutide,102,NCT01272232,"ADULT,OLDER_ADULT",PHASE3,412,3.0,1 + every 1 day,392,392,1176.0,no,subcutaneous,-3.9,12.1
119,PMC4534139,0.2,2 + every 1 day,26,subcutaneous,42.0,126.0,,195.0,Golden Syrian,hamsters,male,6.0,diet:high-fat+high-sugar+high-cholesterol,-16.0,52.0,10.4,liraglutide,103,NCT01272232,"ADULT,OLDER_ADULT",PHASE3,204,1.8,1 + every 1 day,392,392,705.6,no,subcutaneous,-2.6,13.4
119,PMC4534139,0.2,2 + every 1 day,26,subcutaneous,42.0,126.0,,195.0,Golden Syrian,hamsters,male,6.0,diet:high-fat+high-sugar+high-cholesterol,-16.0,52.0,10.4,liraglutide,106,NCT01272219,"ADULT,OLDER_ADULT",PHASE3,2432,3.0,1 + every 1 day,392,392,1176.0,no,subcutaneous,-5.36,10.64
119,PMC4534139,0.2,2 + every 1 day,26,subcutaneous,42.0,126.0,,195.0,Golden Syrian,hamsters,male,6.0,diet:high-fat+high-sugar+high-cholesterol,-16.0,52.0,10.4,liraglutide,107,NCT01272219,"ADULT,OLDER_ADULT",PHASE3,1467,3.0,1 + every 1 day,1120,1120,3360.0,no,subcutaneous,-4.25,11.75
119,PMC4534139,0.2,2 + every 1 day,26,subcutaneous,42.0,126.0,,195.0,Golden Syrian,hamsters,male,6.0,diet:high-fat+high-sugar+high-cholesterol,-16.0,52.0,10.4,liraglutide,108,NCT01272219,"ADULT,OLDER_ADULT",PHASE3,349,3.0,1 + every 1 day,476,476,1428.0,no,subcutaneous,-5.33,10.67
119,PMC4534139,0.2,2 + every 1 day,26,subcutaneous,42.0,126.0,,195.0,Golden Syrian,hamsters,male,6.0,diet:high-fat+high-sugar+high-cholesterol,-16.0,52.0,10.4,liraglutide,112,NCT01557166,ADULT,PHASE3,175,3.0,1 + every 1 day,224,224,672.0,no,subcutaneous,-4.201423866334764,11.798576133665236
119,PMC4534139,0.2,2 + every 1 day,26,subcutaneous,42.0,126.0,,195.0,Golden Syrian,hamsters,male,6.0,diet:high-fat+high-sugar+high-cholesterol,-16.0,52.0,10.4,liraglutide,120,NCT02918279,CHILD,PHASE3,125,3.0,1 + every 1 day,392,392,1176.0,no,subcutaneous,-3.6,12.4
119,PMC4534139,0.2,2 + every 1 day,26,subcutaneous,42.0,126.0,,195.0,Golden Syrian,hamsters,male,6.0,diet:high-fat+high-sugar+high-cholesterol,-16.0,52.0,10.4,liraglutide,127,NCT02527200,"CHILD,ADULT",PHASE3,17,3.0,1 + every 1 day,364,364,1092.0,no,subcutaneous,-2.7,13.3
119,PMC4534139,0.2,2 + every 1 day,26,subcutaneous,42.0,126.0,,195.0,Golden Syrian,hamsters,male,6.0,diet:high-fat+high-sugar+high-cholesterol,-16.0,52.0,10.4,liraglutide,128,NCT02527200,"CHILD,ADULT",PHASE3,14,3.0,1 + every 1 day,364,364,1092.0,no,subcutaneous,1.3999999999999997,17.4
119,PMC4534139,0.2,2 + every 1 day,26,subcutaneous,42.0,126.0,,195.0,Golden Syrian,hamsters,male,6.0,diet:high-fat+high-sugar+high-cholesterol,-16.0,52.0,10.4,liraglutide,129,NCT02527200,"CHILD,ADULT",PHASE3,31,3.0,1 + every 1 day,364,364,1092.0,no,subcutaneous,-0.6999999999999997,15.3
119,PMC4534139,0.2,2 + every 1 day,26,subcutaneous,42.0,126.0,,195.0,Golden Syrian,hamsters,male,6.0,diet:high-fat+high-sugar+high-cholesterol,-16.0,52.0,10.4,liraglutide,130,NCT00781937,"ADULT,OLDER_ADULT",PHASE3,194,3.0,1 + every 1 day,392,392,1176.0,no,subcutaneous,-6.0600000000000005,9.94
119,PMC4534139,0.2,2 + every 1 day,26,subcutaneous,42.0,126.0,,195.0,Golden Syrian,hamsters,male,6.0,diet:high-fat+high-sugar+high-cholesterol,-16.0,52.0,10.4,liraglutide,136,NCT04074161,"ADULT,OLDER_ADULT",PHASE3,117,3.0,1 + every 1 day,476,476,1428.0,no,subcutaneous,-4.800000000000001,11.2
119,PMC4534139,0.2,2 + every 1 day,26,subcutaneous,42.0,126.0,,195.0,Golden Syrian,hamsters,male,6.0,diet:high-fat+high-sugar+high-cholesterol,-16.0,52.0,10.4,liraglutide,150,NCT02647944,"ADULT,OLDER_ADULT",PHASE2,19,3.0,1 + every 1 day,112,112,336.0,no,subcutaneous,-2.58819247874349,13.41180752125651
119,PMC4534139,0.2,2 + every 1 day,26,subcutaneous,42.0,126.0,,195.0,Golden Syrian,hamsters,male,6.0,diet:high-fat+high-sugar+high-cholesterol,-16.0,52.0,10.4,liraglutide,155,NCT03486392,"ADULT,OLDER_ADULT",PHASE2,108,3.0,1 + every 1 day,182,182,546.0,no,subcutaneous,-5.78,10.22
120,PMC4534139,0.1,2 + every 1 day,14,subcutaneous,42.0,126.0,,195.0,Golden Syrian,hamsters,male,8.0,diet:high-fat+high-sugar+high-cholesterol,-11.0,28.0,2.8000000000000003,liraglutide,35,NCT02453711,"ADULT,OLDER_ADULT",PHASE2,96,3.0,1 + every 1 day,364,364,1092.0,no,subcutaneous,-5.47,5.53
120,PMC4534139,0.1,2 + every 1 day,14,subcutaneous,42.0,126.0,,195.0,Golden Syrian,hamsters,male,8.0,diet:high-fat+high-sugar+high-cholesterol,-11.0,28.0,2.8000000000000003,liraglutide,51,NCT00422058,"ADULT,OLDER_ADULT",PHASE2,94,1.2,1 + every 1 day,140,140,168.0,no,subcutaneous,-2.2072087435352685,8.792791256464731
120,PMC4534139,0.1,2 + every 1 day,14,subcutaneous,42.0,126.0,,195.0,Golden Syrian,hamsters,male,8.0,diet:high-fat+high-sugar+high-cholesterol,-11.0,28.0,2.8000000000000003,liraglutide,52,NCT00422058,"ADULT,OLDER_ADULT",PHASE2,90,1.8,1 + every 1 day,140,140,252.0,no,subcutaneous,-2.9371604752653058,8.062839524734695
120,PMC4534139,0.1,2 + every 1 day,14,subcutaneous,42.0,126.0,,195.0,Golden Syrian,hamsters,male,8.0,diet:high-fat+high-sugar+high-cholesterol,-11.0,28.0,2.8000000000000003,liraglutide,53,NCT00422058,"ADULT,OLDER_ADULT",PHASE2,92,2.4,1 + every 1 day,140,140,336.0,no,subcutaneous,-3.6240693851707295,7.37593061482927
120,PMC4534139,0.1,2 + every 1 day,14,subcutaneous,42.0,126.0,,195.0,Golden Syrian,hamsters,male,8.0,diet:high-fat+high-sugar+high-cholesterol,-11.0,28.0,2.8000000000000003,liraglutide,54,NCT00422058,"ADULT,OLDER_ADULT",PHASE2,92,3.0,1 + every 1 day,140,140,420.0,no,subcutaneous,-4.711624106871794,6.288375893128206
120,PMC4534139,0.1,2 + every 1 day,14,subcutaneous,42.0,126.0,,195.0,Golden Syrian,hamsters,male,8.0,diet:high-fat+high-sugar+high-cholesterol,-11.0,28.0,2.8000000000000003,liraglutide,61,NCT03158805,"ADULT,OLDER_ADULT",PHASE2,29,3.0,1 + every 1 day,280,280,840.0,no,subcutaneous,-3.5,7.5
120,PMC4534139,0.1,2 + every 1 day,14,subcutaneous,42.0,126.0,,195.0,Golden Syrian,hamsters,male,8.0,diet:high-fat+high-sugar+high-cholesterol,-11.0,28.0,2.8000000000000003,liraglutide,102,NCT01272232,"ADULT,OLDER_ADULT",PHASE3,412,3.0,1 + every 1 day,392,392,1176.0,no,subcutaneous,-3.9,7.1
120,PMC4534139,0.1,2 + every 1 day,14,subcutaneous,42.0,126.0,,195.0,Golden Syrian,hamsters,male,8.0,diet:high-fat+high-sugar+high-cholesterol,-11.0,28.0,2.8000000000000003,liraglutide,103,NCT01272232,"ADULT,OLDER_ADULT",PHASE3,204,1.8,1 + every 1 day,392,392,705.6,no,subcutaneous,-2.6,8.4
120,PMC4534139,0.1,2 + every 1 day,14,subcutaneous,42.0,126.0,,195.0,Golden Syrian,hamsters,male,8.0,diet:high-fat+high-sugar+high-cholesterol,-11.0,28.0,2.8000000000000003,liraglutide,106,NCT01272219,"ADULT,OLDER_ADULT",PHASE3,2432,3.0,1 + every 1 day,392,392,1176.0,no,subcutaneous,-5.36,5.64
120,PMC4534139,0.1,2 + every 1 day,14,subcutaneous,42.0,126.0,,195.0,Golden Syrian,hamsters,male,8.0,diet:high-fat+high-sugar+high-cholesterol,-11.0,28.0,2.8000000000000003,liraglutide,107,NCT01272219,"ADULT,OLDER_ADULT",PHASE3,1467,3.0,1 + every 1 day,1120,1120,3360.0,no,subcutaneous,-4.25,6.75
120,PMC4534139,0.1,2 + every 1 day,14,subcutaneous,42.0,126.0,,195.0,Golden Syrian,hamsters,male,8.0,diet:high-fat+high-sugar+high-cholesterol,-11.0,28.0,2.8000000000000003,liraglutide,108,NCT01272219,"ADULT,OLDER_ADULT",PHASE3,349,3.0,1 + every 1 day,476,476,1428.0,no,subcutaneous,-5.33,5.67
120,PMC4534139,0.1,2 + every 1 day,14,subcutaneous,42.0,126.0,,195.0,Golden Syrian,hamsters,male,8.0,diet:high-fat+high-sugar+high-cholesterol,-11.0,28.0,2.8000000000000003,liraglutide,112,NCT01557166,ADULT,PHASE3,175,3.0,1 + every 1 day,224,224,672.0,no,subcutaneous,-4.201423866334764,6.798576133665236
120,PMC4534139,0.1,2 + every 1 day,14,subcutaneous,42.0,126.0,,195.0,Golden Syrian,hamsters,male,8.0,diet:high-fat+high-sugar+high-cholesterol,-11.0,28.0,2.8000000000000003,liraglutide,120,NCT02918279,CHILD,PHASE3,125,3.0,1 + every 1 day,392,392,1176.0,no,subcutaneous,-3.6,7.4
120,PMC4534139,0.1,2 + every 1 day,14,subcutaneous,42.0,126.0,,195.0,Golden Syrian,hamsters,male,8.0,diet:high-fat+high-sugar+high-cholesterol,-11.0,28.0,2.8000000000000003,liraglutide,127,NCT02527200,"CHILD,ADULT",PHASE3,17,3.0,1 + every 1 day,364,364,1092.0,no,subcutaneous,-2.7,8.3
120,PMC4534139,0.1,2 + every 1 day,14,subcutaneous,42.0,126.0,,195.0,Golden Syrian,hamsters,male,8.0,diet:high-fat+high-sugar+high-cholesterol,-11.0,28.0,2.8000000000000003,liraglutide,128,NCT02527200,"CHILD,ADULT",PHASE3,14,3.0,1 + every 1 day,364,364,1092.0,no,subcutaneous,1.3999999999999997,12.4
120,PMC4534139,0.1,2 + every 1 day,14,subcutaneous,42.0,126.0,,195.0,Golden Syrian,hamsters,male,8.0,diet:high-fat+high-sugar+high-cholesterol,-11.0,28.0,2.8000000000000003,liraglutide,129,NCT02527200,"CHILD,ADULT",PHASE3,31,3.0,1 + every 1 day,364,364,1092.0,no,subcutaneous,-0.6999999999999997,10.3
120,PMC4534139,0.1,2 + every 1 day,14,subcutaneous,42.0,126.0,,195.0,Golden Syrian,hamsters,male,8.0,diet:high-fat+high-sugar+high-cholesterol,-11.0,28.0,2.8000000000000003,liraglutide,130,NCT00781937,"ADULT,OLDER_ADULT",PHASE3,194,3.0,1 + every 1 day,392,392,1176.0,no,subcutaneous,-6.0600000000000005,4.94
120,PMC4534139,0.1,2 + every 1 day,14,subcutaneous,42.0,126.0,,195.0,Golden Syrian,hamsters,male,8.0,diet:high-fat+high-sugar+high-cholesterol,-11.0,28.0,2.8000000000000003,liraglutide,136,NCT04074161,"ADULT,OLDER_ADULT",PHASE3,117,3.0,1 + every 1 day,476,476,1428.0,no,subcutaneous,-4.800000000000001,6.199999999999999
120,PMC4534139,0.1,2 + every 1 day,14,subcutaneous,42.0,126.0,,195.0,Golden Syrian,hamsters,male,8.0,diet:high-fat+high-sugar+high-cholesterol,-11.0,28.0,2.8000000000000003,liraglutide,150,NCT02647944,"ADULT,OLDER_ADULT",PHASE2,19,3.0,1 + every 1 day,112,112,336.0,no,subcutaneous,-2.58819247874349,8.41180752125651
120,PMC4534139,0.1,2 + every 1 day,14,subcutaneous,42.0,126.0,,195.0,Golden Syrian,hamsters,male,8.0,diet:high-fat+high-sugar+high-cholesterol,-11.0,28.0,2.8000000000000003,liraglutide,155,NCT03486392,"ADULT,OLDER_ADULT",PHASE2,108,3.0,1 + every 1 day,182,182,546.0,no,subcutaneous,-5.78,5.22
144,PMC5348377,0.4,1 + every 1 day,84,subcutaneous,49.0,56.0,,31.0,KKAy,mice,male,7.0,diet:high-fat,-25.806451612903224,84.0,33.6,liraglutide,35,NCT02453711,"ADULT,OLDER_ADULT",PHASE2,96,3.0,1 + every 1 day,364,364,1092.0,no,subcutaneous,-5.47,20.336451612903225
144,PMC5348377,0.4,1 + every 1 day,84,subcutaneous,49.0,56.0,,31.0,KKAy,mice,male,7.0,diet:high-fat,-25.806451612903224,84.0,33.6,liraglutide,51,NCT00422058,"ADULT,OLDER_ADULT",PHASE2,94,1.2,1 + every 1 day,140,140,168.0,no,subcutaneous,-2.2072087435352685,23.59924286936796
144,PMC5348377,0.4,1 + every 1 day,84,subcutaneous,49.0,56.0,,31.0,KKAy,mice,male,7.0,diet:high-fat,-25.806451612903224,84.0,33.6,liraglutide,52,NCT00422058,"ADULT,OLDER_ADULT",PHASE2,90,1.8,1 + every 1 day,140,140,252.0,no,subcutaneous,-2.9371604752653058,22.86929113763792
144,PMC5348377,0.4,1 + every 1 day,84,subcutaneous,49.0,56.0,,31.0,KKAy,mice,male,7.0,diet:high-fat,-25.806451612903224,84.0,33.6,liraglutide,53,NCT00422058,"ADULT,OLDER_ADULT",PHASE2,92,2.4,1 + every 1 day,140,140,336.0,no,subcutaneous,-3.6240693851707295,22.182382227732493
144,PMC5348377,0.4,1 + every 1 day,84,subcutaneous,49.0,56.0,,31.0,KKAy,mice,male,7.0,diet:high-fat,-25.806451612903224,84.0,33.6,liraglutide,54,NCT00422058,"ADULT,OLDER_ADULT",PHASE2,92,3.0,1 + every 1 day,140,140,420.0,no,subcutaneous,-4.711624106871794,21.09482750603143
144,PMC5348377,0.4,1 + every 1 day,84,subcutaneous,49.0,56.0,,31.0,KKAy,mice,male,7.0,diet:high-fat,-25.806451612903224,84.0,33.6,liraglutide,61,NCT03158805,"ADULT,OLDER_ADULT",PHASE2,29,3.0,1 + every 1 day,280,280,840.0,no,subcutaneous,-3.5,22.306451612903224
144,PMC5348377,0.4,1 + every 1 day,84,subcutaneous,49.0,56.0,,31.0,KKAy,mice,male,7.0,diet:high-fat,-25.806451612903224,84.0,33.6,liraglutide,102,NCT01272232,"ADULT,OLDER_ADULT",PHASE3,412,3.0,1 + every 1 day,392,392,1176.0,no,subcutaneous,-3.9,21.906451612903226
144,PMC5348377,0.4,1 + every 1 day,84,subcutaneous,49.0,56.0,,31.0,KKAy,mice,male,7.0,diet:high-fat,-25.806451612903224,84.0,33.6,liraglutide,103,NCT01272232,"ADULT,OLDER_ADULT",PHASE3,204,1.8,1 + every 1 day,392,392,705.6,no,subcutaneous,-2.6,23.206451612903223
144,PMC5348377,0.4,1 + every 1 day,84,subcutaneous,49.0,56.0,,31.0,KKAy,mice,male,7.0,diet:high-fat,-25.806451612903224,84.0,33.6,liraglutide,106,NCT01272219,"ADULT,OLDER_ADULT",PHASE3,2432,3.0,1 + every 1 day,392,392,1176.0,no,subcutaneous,-5.36,20.446451612903225
144,PMC5348377,0.4,1 + every 1 day,84,subcutaneous,49.0,56.0,,31.0,KKAy,mice,male,7.0,diet:high-fat,-25.806451612903224,84.0,33.6,liraglutide,107,NCT01272219,"ADULT,OLDER_ADULT",PHASE3,1467,3.0,1 + every 1 day,1120,1120,3360.0,no,subcutaneous,-4.25,21.556451612903224
144,PMC5348377,0.4,1 + every 1 day,84,subcutaneous,49.0,56.0,,31.0,KKAy,mice,male,7.0,diet:high-fat,-25.806451612903224,84.0,33.6,liraglutide,108,NCT01272219,"ADULT,OLDER_ADULT",PHASE3,349,3.0,1 + every 1 day,476,476,1428.0,no,subcutaneous,-5.33,20.476451612903222
144,PMC5348377,0.4,1 + every 1 day,84,subcutaneous,49.0,56.0,,31.0,KKAy,mice,male,7.0,diet:high-fat,-25.806451612903224,84.0,33.6,liraglutide,112,NCT01557166,ADULT,PHASE3,175,3.0,1 + every 1 day,224,224,672.0,no,subcutaneous,-4.201423866334764,21.60502774656846
144,PMC5348377,0.4,1 + every 1 day,84,subcutaneous,49.0,56.0,,31.0,KKAy,mice,male,7.0,diet:high-fat,-25.806451612903224,84.0,33.6,liraglutide,120,NCT02918279,CHILD,PHASE3,125,3.0,1 + every 1 day,392,392,1176.0,no,subcutaneous,-3.6,22.206451612903223
144,PMC5348377,0.4,1 + every 1 day,84,subcutaneous,49.0,56.0,,31.0,KKAy,mice,male,7.0,diet:high-fat,-25.806451612903224,84.0,33.6,liraglutide,127,NCT02527200,"CHILD,ADULT",PHASE3,17,3.0,1 + every 1 day,364,364,1092.0,no,subcutaneous,-2.7,23.106451612903225
144,PMC5348377,0.4,1 + every 1 day,84,subcutaneous,49.0,56.0,,31.0,KKAy,mice,male,7.0,diet:high-fat,-25.806451612903224,84.0,33.6,liraglutide,128,NCT02527200,"CHILD,ADULT",PHASE3,14,3.0,1 + every 1 day,364,364,1092.0,no,subcutaneous,1.3999999999999997,27.206451612903223
144,PMC5348377,0.4,1 + every 1 day,84,subcutaneous,49.0,56.0,,31.0,KKAy,mice,male,7.0,diet:high-fat,-25.806451612903224,84.0,33.6,liraglutide,129,NCT02527200,"CHILD,ADULT",PHASE3,31,3.0,1 + every 1 day,364,364,1092.0,no,subcutaneous,-0.6999999999999997,25.106451612903225
144,PMC5348377,0.4,1 + every 1 day,84,subcutaneous,49.0,56.0,,31.0,KKAy,mice,male,7.0,diet:high-fat,-25.806451612903224,84.0,33.6,liraglutide,130,NCT00781937,"ADULT,OLDER_ADULT",PHASE3,194,3.0,1 + every 1 day,392,392,1176.0,no,subcutaneous,-6.0600000000000005,19.746451612903225
144,PMC5348377,0.4,1 + every 1 day,84,subcutaneous,49.0,56.0,,31.0,KKAy,mice,male,7.0,diet:high-fat,-25.806451612903224,84.0,33.6,liraglutide,136,NCT04074161,"ADULT,OLDER_ADULT",PHASE3,117,3.0,1 + every 1 day,476,476,1428.0,no,subcutaneous,-4.800000000000001,21.006451612903223
144,PMC5348377,0.4,1 + every 1 day,84,subcutaneous,49.0,56.0,,31.0,KKAy,mice,male,7.0,diet:high-fat,-25.806451612903224,84.0,33.6,liraglutide,150,NCT02647944,"ADULT,OLDER_ADULT",PHASE2,19,3.0,1 + every 1 day,112,112,336.0,no,subcutaneous,-2.58819247874349,23.218259134159734
144,PMC5348377,0.4,1 + every 1 day,84,subcutaneous,49.0,56.0,,31.0,KKAy,mice,male,7.0,diet:high-fat,-25.806451612903224,84.0,33.6,liraglutide,155,NCT03486392,"ADULT,OLDER_ADULT",PHASE2,108,3.0,1 + every 1 day,182,182,546.0,no,subcutaneous,-5.78,20.026451612903223
155,PMC5518799,0.1,2 + every 1 day,56,subcutaneous,28.0,119.0,,34.0,C57BL/6J,mice,Unknown,6.0,diet:high-fat,-9.375,112.0,11.2,liraglutide,35,NCT02453711,"ADULT,OLDER_ADULT",PHASE2,96,3.0,1 + every 1 day,364,364,1092.0,no,subcutaneous,-5.47,3.905
155,PMC5518799,0.1,2 + every 1 day,56,subcutaneous,28.0,119.0,,34.0,C57BL/6J,mice,Unknown,6.0,diet:high-fat,-9.375,112.0,11.2,liraglutide,51,NCT00422058,"ADULT,OLDER_ADULT",PHASE2,94,1.2,1 + every 1 day,140,140,168.0,no,subcutaneous,-2.2072087435352685,7.167791256464732
155,PMC5518799,0.1,2 + every 1 day,56,subcutaneous,28.0,119.0,,34.0,C57BL/6J,mice,Unknown,6.0,diet:high-fat,-9.375,112.0,11.2,liraglutide,52,NCT00422058,"ADULT,OLDER_ADULT",PHASE2,90,1.8,1 + every 1 day,140,140,252.0,no,subcutaneous,-2.9371604752653058,6.437839524734694
155,PMC5518799,0.1,2 + every 1 day,56,subcutaneous,28.0,119.0,,34.0,C57BL/6J,mice,Unknown,6.0,diet:high-fat,-9.375,112.0,11.2,liraglutide,53,NCT00422058,"ADULT,OLDER_ADULT",PHASE2,92,2.4,1 + every 1 day,140,140,336.0,no,subcutaneous,-3.6240693851707295,5.75093061482927
155,PMC5518799,0.1,2 + every 1 day,56,subcutaneous,28.0,119.0,,34.0,C57BL/6J,mice,Unknown,6.0,diet:high-fat,-9.375,112.0,11.2,liraglutide,54,NCT00422058,"ADULT,OLDER_ADULT",PHASE2,92,3.0,1 + every 1 day,140,140,420.0,no,subcutaneous,-4.711624106871794,4.663375893128206
155,PMC5518799,0.1,2 + every 1 day,56,subcutaneous,28.0,119.0,,34.0,C57BL/6J,mice,Unknown,6.0,diet:high-fat,-9.375,112.0,11.2,liraglutide,61,NCT03158805,"ADULT,OLDER_ADULT",PHASE2,29,3.0,1 + every 1 day,280,280,840.0,no,subcutaneous,-3.5,5.875
155,PMC5518799,0.1,2 + every 1 day,56,subcutaneous,28.0,119.0,,34.0,C57BL/6J,mice,Unknown,6.0,diet:high-fat,-9.375,112.0,11.2,liraglutide,102,NCT01272232,"ADULT,OLDER_ADULT",PHASE3,412,3.0,1 + every 1 day,392,392,1176.0,no,subcutaneous,-3.9,5.475
155,PMC5518799,0.1,2 + every 1 day,56,subcutaneous,28.0,119.0,,34.0,C57BL/6J,mice,Unknown,6.0,diet:high-fat,-9.375,112.0,11.2,liraglutide,103,NCT01272232,"ADULT,OLDER_ADULT",PHASE3,204,1.8,1 + every 1 day,392,392,705.6,no,subcutaneous,-2.6,6.775
155,PMC5518799,0.1,2 + every 1 day,56,subcutaneous,28.0,119.0,,34.0,C57BL/6J,mice,Unknown,6.0,diet:high-fat,-9.375,112.0,11.2,liraglutide,106,NCT01272219,"ADULT,OLDER_ADULT",PHASE3,2432,3.0,1 + every 1 day,392,392,1176.0,no,subcutaneous,-5.36,4.015
155,PMC5518799,0.1,2 + every 1 day,56,subcutaneous,28.0,119.0,,34.0,C57BL/6J,mice,Unknown,6.0,diet:high-fat,-9.375,112.0,11.2,liraglutide,107,NCT01272219,"ADULT,OLDER_ADULT",PHASE3,1467,3.0,1 + every 1 day,1120,1120,3360.0,no,subcutaneous,-4.25,5.125
155,PMC5518799,0.1,2 + every 1 day,56,subcutaneous,28.0,119.0,,34.0,C57BL/6J,mice,Unknown,6.0,diet:high-fat,-9.375,112.0,11.2,liraglutide,108,NCT01272219,"ADULT,OLDER_ADULT",PHASE3,349,3.0,1 + every 1 day,476,476,1428.0,no,subcutaneous,-5.33,4.045
155,PMC5518799,0.1,2 + every 1 day,56,subcutaneous,28.0,119.0,,34.0,C57BL/6J,mice,Unknown,6.0,diet:high-fat,-9.375,112.0,11.2,liraglutide,112,NCT01557166,ADULT,PHASE3,175,3.0,1 + every 1 day,224,224,672.0,no,subcutaneous,-4.201423866334764,5.173576133665236
155,PMC5518799,0.1,2 + every 1 day,56,subcutaneous,28.0,119.0,,34.0,C57BL/6J,mice,Unknown,6.0,diet:high-fat,-9.375,112.0,11.2,liraglutide,120,NCT02918279,CHILD,PHASE3,125,3.0,1 + every 1 day,392,392,1176.0,no,subcutaneous,-3.6,5.775
155,PMC5518799,0.1,2 + every 1 day,56,subcutaneous,28.0,119.0,,34.0,C57BL/6J,mice,Unknown,6.0,diet:high-fat,-9.375,112.0,11.2,liraglutide,127,NCT02527200,"CHILD,ADULT",PHASE3,17,3.0,1 + every 1 day,364,364,1092.0,no,subcutaneous,-2.7,6.675000000000001
155,PMC5518799,0.1,2 + every 1 day,56,subcutaneous,28.0,119.0,,34.0,C57BL/6J,mice,Unknown,6.0,diet:high-fat,-9.375,112.0,11.2,liraglutide,128,NCT02527200,"CHILD,ADULT",PHASE3,14,3.0,1 + every 1 day,364,364,1092.0,no,subcutaneous,1.3999999999999997,10.775
155,PMC5518799,0.1,2 + every 1 day,56,subcutaneous,28.0,119.0,,34.0,C57BL/6J,mice,Unknown,6.0,diet:high-fat,-9.375,112.0,11.2,liraglutide,129,NCT02527200,"CHILD,ADULT",PHASE3,31,3.0,1 + every 1 day,364,364,1092.0,no,subcutaneous,-0.6999999999999997,8.675
155,PMC5518799,0.1,2 + every 1 day,56,subcutaneous,28.0,119.0,,34.0,C57BL/6J,mice,Unknown,6.0,diet:high-fat,-9.375,112.0,11.2,liraglutide,130,NCT00781937,"ADULT,OLDER_ADULT",PHASE3,194,3.0,1 + every 1 day,392,392,1176.0,no,subcutaneous,-6.0600000000000005,3.3149999999999995
155,PMC5518799,0.1,2 + every 1 day,56,subcutaneous,28.0,119.0,,34.0,C57BL/6J,mice,Unknown,6.0,diet:high-fat,-9.375,112.0,11.2,liraglutide,136,NCT04074161,"ADULT,OLDER_ADULT",PHASE3,117,3.0,1 + every 1 day,476,476,1428.0,no,subcutaneous,-4.800000000000001,4.574999999999999
155,PMC5518799,0.1,2 + every 1 day,56,subcutaneous,28.0,119.0,,34.0,C57BL/6J,mice,Unknown,6.0,diet:high-fat,-9.375,112.0,11.2,liraglutide,150,NCT02647944,"ADULT,OLDER_ADULT",PHASE2,19,3.0,1 + every 1 day,112,112,336.0,no,subcutaneous,-2.58819247874349,6.7868075212565095
155,PMC5518799,0.1,2 + every 1 day,56,subcutaneous,28.0,119.0,,34.0,C57BL/6J,mice,Unknown,6.0,diet:high-fat,-9.375,112.0,11.2,liraglutide,155,NCT03486392,"ADULT,OLDER_ADULT",PHASE2,108,3.0,1 + every 1 day,182,182,546.0,no,subcutaneous,-5.78,3.595
169,PMC5966539,0.4,1 + every 1 day,84,subcutaneous,21.0,84.0,,450.0,Wistar,rats,male,8.0,diet:high-fat,-31.11111111111111,84.0,33.6,liraglutide,35,NCT02453711,"ADULT,OLDER_ADULT",PHASE2,96,3.0,1 + every 1 day,364,364,1092.0,no,subcutaneous,-5.47,25.641111111111112
169,PMC5966539,0.4,1 + every 1 day,84,subcutaneous,21.0,84.0,,450.0,Wistar,rats,male,8.0,diet:high-fat,-31.11111111111111,84.0,33.6,liraglutide,51,NCT00422058,"ADULT,OLDER_ADULT",PHASE2,94,1.2,1 + every 1 day,140,140,168.0,no,subcutaneous,-2.2072087435352685,28.90390236757584
169,PMC5966539,0.4,1 + every 1 day,84,subcutaneous,21.0,84.0,,450.0,Wistar,rats,male,8.0,diet:high-fat,-31.11111111111111,84.0,33.6,liraglutide,52,NCT00422058,"ADULT,OLDER_ADULT",PHASE2,90,1.8,1 + every 1 day,140,140,252.0,no,subcutaneous,-2.9371604752653058,28.17395063584581
169,PMC5966539,0.4,1 + every 1 day,84,subcutaneous,21.0,84.0,,450.0,Wistar,rats,male,8.0,diet:high-fat,-31.11111111111111,84.0,33.6,liraglutide,53,NCT00422058,"ADULT,OLDER_ADULT",PHASE2,92,2.4,1 + every 1 day,140,140,336.0,no,subcutaneous,-3.6240693851707295,27.48704172594038
169,PMC5966539,0.4,1 + every 1 day,84,subcutaneous,21.0,84.0,,450.0,Wistar,rats,male,8.0,diet:high-fat,-31.11111111111111,84.0,33.6,liraglutide,54,NCT00422058,"ADULT,OLDER_ADULT",PHASE2,92,3.0,1 + every 1 day,140,140,420.0,no,subcutaneous,-4.711624106871794,26.39948700423932
169,PMC5966539,0.4,1 + every 1 day,84,subcutaneous,21.0,84.0,,450.0,Wistar,rats,male,8.0,diet:high-fat,-31.11111111111111,84.0,33.6,liraglutide,61,NCT03158805,"ADULT,OLDER_ADULT",PHASE2,29,3.0,1 + every 1 day,280,280,840.0,no,subcutaneous,-3.5,27.61111111111111
169,PMC5966539,0.4,1 + every 1 day,84,subcutaneous,21.0,84.0,,450.0,Wistar,rats,male,8.0,diet:high-fat,-31.11111111111111,84.0,33.6,liraglutide,102,NCT01272232,"ADULT,OLDER_ADULT",PHASE3,412,3.0,1 + every 1 day,392,392,1176.0,no,subcutaneous,-3.9,27.21111111111111
169,PMC5966539,0.4,1 + every 1 day,84,subcutaneous,21.0,84.0,,450.0,Wistar,rats,male,8.0,diet:high-fat,-31.11111111111111,84.0,33.6,liraglutide,103,NCT01272232,"ADULT,OLDER_ADULT",PHASE3,204,1.8,1 + every 1 day,392,392,705.6,no,subcutaneous,-2.6,28.511111111111116
169,PMC5966539,0.4,1 + every 1 day,84,subcutaneous,21.0,84.0,,450.0,Wistar,rats,male,8.0,diet:high-fat,-31.11111111111111,84.0,33.6,liraglutide,106,NCT01272219,"ADULT,OLDER_ADULT",PHASE3,2432,3.0,1 + every 1 day,392,392,1176.0,no,subcutaneous,-5.36,25.75111111111111
169,PMC5966539,0.4,1 + every 1 day,84,subcutaneous,21.0,84.0,,450.0,Wistar,rats,male,8.0,diet:high-fat,-31.11111111111111,84.0,33.6,liraglutide,107,NCT01272219,"ADULT,OLDER_ADULT",PHASE3,1467,3.0,1 + every 1 day,1120,1120,3360.0,no,subcutaneous,-4.25,26.86111111111111
169,PMC5966539,0.4,1 + every 1 day,84,subcutaneous,21.0,84.0,,450.0,Wistar,rats,male,8.0,diet:high-fat,-31.11111111111111,84.0,33.6,liraglutide,108,NCT01272219,"ADULT,OLDER_ADULT",PHASE3,349,3.0,1 + every 1 day,476,476,1428.0,no,subcutaneous,-5.33,25.78111111111111
169,PMC5966539,0.4,1 + every 1 day,84,subcutaneous,21.0,84.0,,450.0,Wistar,rats,male,8.0,diet:high-fat,-31.11111111111111,84.0,33.6,liraglutide,112,NCT01557166,ADULT,PHASE3,175,3.0,1 + every 1 day,224,224,672.0,no,subcutaneous,-4.201423866334764,26.909687244776347
169,PMC5966539,0.4,1 + every 1 day,84,subcutaneous,21.0,84.0,,450.0,Wistar,rats,male,8.0,diet:high-fat,-31.11111111111111,84.0,33.6,liraglutide,120,NCT02918279,CHILD,PHASE3,125,3.0,1 + every 1 day,392,392,1176.0,no,subcutaneous,-3.6,27.51111111111111
169,PMC5966539,0.4,1 + every 1 day,84,subcutaneous,21.0,84.0,,450.0,Wistar,rats,male,8.0,diet:high-fat,-31.11111111111111,84.0,33.6,liraglutide,127,NCT02527200,"CHILD,ADULT",PHASE3,17,3.0,1 + every 1 day,364,364,1092.0,no,subcutaneous,-2.7,28.41111111111111
169,PMC5966539,0.4,1 + every 1 day,84,subcutaneous,21.0,84.0,,450.0,Wistar,rats,male,8.0,diet:high-fat,-31.11111111111111,84.0,33.6,liraglutide,128,NCT02527200,"CHILD,ADULT",PHASE3,14,3.0,1 + every 1 day,364,364,1092.0,no,subcutaneous,1.3999999999999997,32.51111111111111
169,PMC5966539,0.4,1 + every 1 day,84,subcutaneous,21.0,84.0,,450.0,Wistar,rats,male,8.0,diet:high-fat,-31.11111111111111,84.0,33.6,liraglutide,129,NCT02527200,"CHILD,ADULT",PHASE3,31,3.0,1 + every 1 day,364,364,1092.0,no,subcutaneous,-0.6999999999999997,30.41111111111111
169,PMC5966539,0.4,1 + every 1 day,84,subcutaneous,21.0,84.0,,450.0,Wistar,rats,male,8.0,diet:high-fat,-31.11111111111111,84.0,33.6,liraglutide,130,NCT00781937,"ADULT,OLDER_ADULT",PHASE3,194,3.0,1 + every 1 day,392,392,1176.0,no,subcutaneous,-6.0600000000000005,25.051111111111112
169,PMC5966539,0.4,1 + every 1 day,84,subcutaneous,21.0,84.0,,450.0,Wistar,rats,male,8.0,diet:high-fat,-31.11111111111111,84.0,33.6,liraglutide,136,NCT04074161,"ADULT,OLDER_ADULT",PHASE3,117,3.0,1 + every 1 day,476,476,1428.0,no,subcutaneous,-4.800000000000001,26.31111111111111
169,PMC5966539,0.4,1 + every 1 day,84,subcutaneous,21.0,84.0,,450.0,Wistar,rats,male,8.0,diet:high-fat,-31.11111111111111,84.0,33.6,liraglutide,150,NCT02647944,"ADULT,OLDER_ADULT",PHASE2,19,3.0,1 + every 1 day,112,112,336.0,no,subcutaneous,-2.58819247874349,28.52291863236762
169,PMC5966539,0.4,1 + every 1 day,84,subcutaneous,21.0,84.0,,450.0,Wistar,rats,male,8.0,diet:high-fat,-31.11111111111111,84.0,33.6,liraglutide,155,NCT03486392,"ADULT,OLDER_ADULT",PHASE2,108,3.0,1 + every 1 day,182,182,546.0,no,subcutaneous,-5.78,25.33111111111111
170,PMC5966539,0.4,1 + every 1 day,84,subcutaneous,21.0,84.0,,365.0,Goto-Kakizaki,rats,male,8.0,diet:high-fat,-8.21917808219178,84.0,33.6,liraglutide,35,NCT02453711,"ADULT,OLDER_ADULT",PHASE2,96,3.0,1 + every 1 day,364,364,1092.0,no,subcutaneous,-5.47,2.74917808219178
170,PMC5966539,0.4,1 + every 1 day,84,subcutaneous,21.0,84.0,,365.0,Goto-Kakizaki,rats,male,8.0,diet:high-fat,-8.21917808219178,84.0,33.6,liraglutide,51,NCT00422058,"ADULT,OLDER_ADULT",PHASE2,94,1.2,1 + every 1 day,140,140,168.0,no,subcutaneous,-2.2072087435352685,6.011969338656511
170,PMC5966539,0.4,1 + every 1 day,84,subcutaneous,21.0,84.0,,365.0,Goto-Kakizaki,rats,male,8.0,diet:high-fat,-8.21917808219178,84.0,33.6,liraglutide,52,NCT00422058,"ADULT,OLDER_ADULT",PHASE2,90,1.8,1 + every 1 day,140,140,252.0,no,subcutaneous,-2.9371604752653058,5.282017606926474
170,PMC5966539,0.4,1 + every 1 day,84,subcutaneous,21.0,84.0,,365.0,Goto-Kakizaki,rats,male,8.0,diet:high-fat,-8.21917808219178,84.0,33.6,liraglutide,53,NCT00422058,"ADULT,OLDER_ADULT",PHASE2,92,2.4,1 + every 1 day,140,140,336.0,no,subcutaneous,-3.6240693851707295,4.5951086970210495
170,PMC5966539,0.4,1 + every 1 day,84,subcutaneous,21.0,84.0,,365.0,Goto-Kakizaki,rats,male,8.0,diet:high-fat,-8.21917808219178,84.0,33.6,liraglutide,54,NCT00422058,"ADULT,OLDER_ADULT",PHASE2,92,3.0,1 + every 1 day,140,140,420.0,no,subcutaneous,-4.711624106871794,3.5075539753199863
170,PMC5966539,0.4,1 + every 1 day,84,subcutaneous,21.0,84.0,,365.0,Goto-Kakizaki,rats,male,8.0,diet:high-fat,-8.21917808219178,84.0,33.6,liraglutide,61,NCT03158805,"ADULT,OLDER_ADULT",PHASE2,29,3.0,1 + every 1 day,280,280,840.0,no,subcutaneous,-3.5,4.71917808219178
170,PMC5966539,0.4,1 + every 1 day,84,subcutaneous,21.0,84.0,,365.0,Goto-Kakizaki,rats,male,8.0,diet:high-fat,-8.21917808219178,84.0,33.6,liraglutide,102,NCT01272232,"ADULT,OLDER_ADULT",PHASE3,412,3.0,1 + every 1 day,392,392,1176.0,no,subcutaneous,-3.9,4.31917808219178
170,PMC5966539,0.4,1 + every 1 day,84,subcutaneous,21.0,84.0,,365.0,Goto-Kakizaki,rats,male,8.0,diet:high-fat,-8.21917808219178,84.0,33.6,liraglutide,103,NCT01272232,"ADULT,OLDER_ADULT",PHASE3,204,1.8,1 + every 1 day,392,392,705.6,no,subcutaneous,-2.6,5.61917808219178
170,PMC5966539,0.4,1 + every 1 day,84,subcutaneous,21.0,84.0,,365.0,Goto-Kakizaki,rats,male,8.0,diet:high-fat,-8.21917808219178,84.0,33.6,liraglutide,106,NCT01272219,"ADULT,OLDER_ADULT",PHASE3,2432,3.0,1 + every 1 day,392,392,1176.0,no,subcutaneous,-5.36,2.85917808219178
170,PMC5966539,0.4,1 + every 1 day,84,subcutaneous,21.0,84.0,,365.0,Goto-Kakizaki,rats,male,8.0,diet:high-fat,-8.21917808219178,84.0,33.6,liraglutide,107,NCT01272219,"ADULT,OLDER_ADULT",PHASE3,1467,3.0,1 + every 1 day,1120,1120,3360.0,no,subcutaneous,-4.25,3.96917808219178
170,PMC5966539,0.4,1 + every 1 day,84,subcutaneous,21.0,84.0,,365.0,Goto-Kakizaki,rats,male,8.0,diet:high-fat,-8.21917808219178,84.0,33.6,liraglutide,108,NCT01272219,"ADULT,OLDER_ADULT",PHASE3,349,3.0,1 + every 1 day,476,476,1428.0,no,subcutaneous,-5.33,2.88917808219178
170,PMC5966539,0.4,1 + every 1 day,84,subcutaneous,21.0,84.0,,365.0,Goto-Kakizaki,rats,male,8.0,diet:high-fat,-8.21917808219178,84.0,33.6,liraglutide,112,NCT01557166,ADULT,PHASE3,175,3.0,1 + every 1 day,224,224,672.0,no,subcutaneous,-4.201423866334764,4.017754215857016
170,PMC5966539,0.4,1 + every 1 day,84,subcutaneous,21.0,84.0,,365.0,Goto-Kakizaki,rats,male,8.0,diet:high-fat,-8.21917808219178,84.0,33.6,liraglutide,120,NCT02918279,CHILD,PHASE3,125,3.0,1 + every 1 day,392,392,1176.0,no,subcutaneous,-3.6,4.61917808219178
170,PMC5966539,0.4,1 + every 1 day,84,subcutaneous,21.0,84.0,,365.0,Goto-Kakizaki,rats,male,8.0,diet:high-fat,-8.21917808219178,84.0,33.6,liraglutide,127,NCT02527200,"CHILD,ADULT",PHASE3,17,3.0,1 + every 1 day,364,364,1092.0,no,subcutaneous,-2.7,5.519178082191781
170,PMC5966539,0.4,1 + every 1 day,84,subcutaneous,21.0,84.0,,365.0,Goto-Kakizaki,rats,male,8.0,diet:high-fat,-8.21917808219178,84.0,33.6,liraglutide,128,NCT02527200,"CHILD,ADULT",PHASE3,14,3.0,1 + every 1 day,364,364,1092.0,no,subcutaneous,1.3999999999999997,9.61917808219178
170,PMC5966539,0.4,1 + every 1 day,84,subcutaneous,21.0,84.0,,365.0,Goto-Kakizaki,rats,male,8.0,diet:high-fat,-8.21917808219178,84.0,33.6,liraglutide,129,NCT02527200,"CHILD,ADULT",PHASE3,31,3.0,1 + every 1 day,364,364,1092.0,no,subcutaneous,-0.6999999999999997,7.519178082191781
170,PMC5966539,0.4,1 + every 1 day,84,subcutaneous,21.0,84.0,,365.0,Goto-Kakizaki,rats,male,8.0,diet:high-fat,-8.21917808219178,84.0,33.6,liraglutide,130,NCT00781937,"ADULT,OLDER_ADULT",PHASE3,194,3.0,1 + every 1 day,392,392,1176.0,no,subcutaneous,-6.0600000000000005,2.1591780821917794
170,PMC5966539,0.4,1 + every 1 day,84,subcutaneous,21.0,84.0,,365.0,Goto-Kakizaki,rats,male,8.0,diet:high-fat,-8.21917808219178,84.0,33.6,liraglutide,136,NCT04074161,"ADULT,OLDER_ADULT",PHASE3,117,3.0,1 + every 1 day,476,476,1428.0,no,subcutaneous,-4.800000000000001,3.419178082191779
170,PMC5966539,0.4,1 + every 1 day,84,subcutaneous,21.0,84.0,,365.0,Goto-Kakizaki,rats,male,8.0,diet:high-fat,-8.21917808219178,84.0,33.6,liraglutide,150,NCT02647944,"ADULT,OLDER_ADULT",PHASE2,19,3.0,1 + every 1 day,112,112,336.0,no,subcutaneous,-2.58819247874349,5.6309856034482895
170,PMC5966539,0.4,1 + every 1 day,84,subcutaneous,21.0,84.0,,365.0,Goto-Kakizaki,rats,male,8.0,diet:high-fat,-8.21917808219178,84.0,33.6,liraglutide,155,NCT03486392,"ADULT,OLDER_ADULT",PHASE2,108,3.0,1 + every 1 day,182,182,546.0,no,subcutaneous,-5.78,2.43917808219178
178,PMC6055720,0.05,2 + every 1 day,32,subcutaneous,,,,45.0,C57BL/6N,mice,male,12.0,diet:high-fat,-10.5,64.0,3.2,liraglutide,35,NCT02453711,"ADULT,OLDER_ADULT",PHASE2,96,3.0,1 + every 1 day,364,364,1092.0,no,subcutaneous,-5.47,5.03
178,PMC6055720,0.05,2 + every 1 day,32,subcutaneous,,,,45.0,C57BL/6N,mice,male,12.0,diet:high-fat,-10.5,64.0,3.2,liraglutide,51,NCT00422058,"ADULT,OLDER_ADULT",PHASE2,94,1.2,1 + every 1 day,140,140,168.0,no,subcutaneous,-2.2072087435352685,8.292791256464731
178,PMC6055720,0.05,2 + every 1 day,32,subcutaneous,,,,45.0,C57BL/6N,mice,male,12.0,diet:high-fat,-10.5,64.0,3.2,liraglutide,52,NCT00422058,"ADULT,OLDER_ADULT",PHASE2,90,1.8,1 + every 1 day,140,140,252.0,no,subcutaneous,-2.9371604752653058,7.562839524734694
178,PMC6055720,0.05,2 + every 1 day,32,subcutaneous,,,,45.0,C57BL/6N,mice,male,12.0,diet:high-fat,-10.5,64.0,3.2,liraglutide,53,NCT00422058,"ADULT,OLDER_ADULT",PHASE2,92,2.4,1 + every 1 day,140,140,336.0,no,subcutaneous,-3.6240693851707295,6.87593061482927
178,PMC6055720,0.05,2 + every 1 day,32,subcutaneous,,,,45.0,C57BL/6N,mice,male,12.0,diet:high-fat,-10.5,64.0,3.2,liraglutide,54,NCT00422058,"ADULT,OLDER_ADULT",PHASE2,92,3.0,1 + every 1 day,140,140,420.0,no,subcutaneous,-4.711624106871794,5.788375893128206
178,PMC6055720,0.05,2 + every 1 day,32,subcutaneous,,,,45.0,C57BL/6N,mice,male,12.0,diet:high-fat,-10.5,64.0,3.2,liraglutide,61,NCT03158805,"ADULT,OLDER_ADULT",PHASE2,29,3.0,1 + every 1 day,280,280,840.0,no,subcutaneous,-3.5,7.0
178,PMC6055720,0.05,2 + every 1 day,32,subcutaneous,,,,45.0,C57BL/6N,mice,male,12.0,diet:high-fat,-10.5,64.0,3.2,liraglutide,102,NCT01272232,"ADULT,OLDER_ADULT",PHASE3,412,3.0,1 + every 1 day,392,392,1176.0,no,subcutaneous,-3.9,6.6
178,PMC6055720,0.05,2 + every 1 day,32,subcutaneous,,,,45.0,C57BL/6N,mice,male,12.0,diet:high-fat,-10.5,64.0,3.2,liraglutide,103,NCT01272232,"ADULT,OLDER_ADULT",PHASE3,204,1.8,1 + every 1 day,392,392,705.6,no,subcutaneous,-2.6,7.9
178,PMC6055720,0.05,2 + every 1 day,32,subcutaneous,,,,45.0,C57BL/6N,mice,male,12.0,diet:high-fat,-10.5,64.0,3.2,liraglutide,106,NCT01272219,"ADULT,OLDER_ADULT",PHASE3,2432,3.0,1 + every 1 day,392,392,1176.0,no,subcutaneous,-5.36,5.14
178,PMC6055720,0.05,2 + every 1 day,32,subcutaneous,,,,45.0,C57BL/6N,mice,male,12.0,diet:high-fat,-10.5,64.0,3.2,liraglutide,107,NCT01272219,"ADULT,OLDER_ADULT",PHASE3,1467,3.0,1 + every 1 day,1120,1120,3360.0,no,subcutaneous,-4.25,6.25
178,PMC6055720,0.05,2 + every 1 day,32,subcutaneous,,,,45.0,C57BL/6N,mice,male,12.0,diet:high-fat,-10.5,64.0,3.2,liraglutide,108,NCT01272219,"ADULT,OLDER_ADULT",PHASE3,349,3.0,1 + every 1 day,476,476,1428.0,no,subcutaneous,-5.33,5.17
178,PMC6055720,0.05,2 + every 1 day,32,subcutaneous,,,,45.0,C57BL/6N,mice,male,12.0,diet:high-fat,-10.5,64.0,3.2,liraglutide,112,NCT01557166,ADULT,PHASE3,175,3.0,1 + every 1 day,224,224,672.0,no,subcutaneous,-4.201423866334764,6.298576133665236
178,PMC6055720,0.05,2 + every 1 day,32,subcutaneous,,,,45.0,C57BL/6N,mice,male,12.0,diet:high-fat,-10.5,64.0,3.2,liraglutide,120,NCT02918279,CHILD,PHASE3,125,3.0,1 + every 1 day,392,392,1176.0,no,subcutaneous,-3.6,6.9
178,PMC6055720,0.05,2 + every 1 day,32,subcutaneous,,,,45.0,C57BL/6N,mice,male,12.0,diet:high-fat,-10.5,64.0,3.2,liraglutide,127,NCT02527200,"CHILD,ADULT",PHASE3,17,3.0,1 + every 1 day,364,364,1092.0,no,subcutaneous,-2.7,7.800000000000001
178,PMC6055720,0.05,2 + every 1 day,32,subcutaneous,,,,45.0,C57BL/6N,mice,male,12.0,diet:high-fat,-10.5,64.0,3.2,liraglutide,128,NCT02527200,"CHILD,ADULT",PHASE3,14,3.0,1 + every 1 day,364,364,1092.0,no,subcutaneous,1.3999999999999997,11.9
178,PMC6055720,0.05,2 + every 1 day,32,subcutaneous,,,,45.0,C57BL/6N,mice,male,12.0,diet:high-fat,-10.5,64.0,3.2,liraglutide,129,NCT02527200,"CHILD,ADULT",PHASE3,31,3.0,1 + every 1 day,364,364,1092.0,no,subcutaneous,-0.6999999999999997,9.8
178,PMC6055720,0.05,2 + every 1 day,32,subcutaneous,,,,45.0,C57BL/6N,mice,male,12.0,diet:high-fat,-10.5,64.0,3.2,liraglutide,130,NCT00781937,"ADULT,OLDER_ADULT",PHASE3,194,3.0,1 + every 1 day,392,392,1176.0,no,subcutaneous,-6.0600000000000005,4.44
178,PMC6055720,0.05,2 + every 1 day,32,subcutaneous,,,,45.0,C57BL/6N,mice,male,12.0,diet:high-fat,-10.5,64.0,3.2,liraglutide,136,NCT04074161,"ADULT,OLDER_ADULT",PHASE3,117,3.0,1 + every 1 day,476,476,1428.0,no,subcutaneous,-4.800000000000001,5.699999999999999
178,PMC6055720,0.05,2 + every 1 day,32,subcutaneous,,,,45.0,C57BL/6N,mice,male,12.0,diet:high-fat,-10.5,64.0,3.2,liraglutide,150,NCT02647944,"ADULT,OLDER_ADULT",PHASE2,19,3.0,1 + every 1 day,112,112,336.0,no,subcutaneous,-2.58819247874349,7.911807521256509
178,PMC6055720,0.05,2 + every 1 day,32,subcutaneous,,,,45.0,C57BL/6N,mice,male,12.0,diet:high-fat,-10.5,64.0,3.2,liraglutide,155,NCT03486392,"ADULT,OLDER_ADULT",PHASE2,108,3.0,1 + every 1 day,182,182,546.0,no,subcutaneous,-5.78,4.72
179,PMC6055720,0.04,1 + every 1 day,70,subcutaneous,5840.0,5840.0,12.0,11500.0,Unknown,cynomolgus monkeys,Unknown,9.0,diet:high-fat+high-sugar,-2.5,70.0,2.8000000000000003,liraglutide,35,NCT02453711,"ADULT,OLDER_ADULT",PHASE2,96,3.0,1 + every 1 day,364,364,1092.0,no,subcutaneous,-5.47,-2.97
179,PMC6055720,0.04,1 + every 1 day,70,subcutaneous,5840.0,5840.0,12.0,11500.0,Unknown,cynomolgus monkeys,Unknown,9.0,diet:high-fat+high-sugar,-2.5,70.0,2.8000000000000003,liraglutide,51,NCT00422058,"ADULT,OLDER_ADULT",PHASE2,94,1.2,1 + every 1 day,140,140,168.0,no,subcutaneous,-2.2072087435352685,0.2927912564647315
179,PMC6055720,0.04,1 + every 1 day,70,subcutaneous,5840.0,5840.0,12.0,11500.0,Unknown,cynomolgus monkeys,Unknown,9.0,diet:high-fat+high-sugar,-2.5,70.0,2.8000000000000003,liraglutide,52,NCT00422058,"ADULT,OLDER_ADULT",PHASE2,90,1.8,1 + every 1 day,140,140,252.0,no,subcutaneous,-2.9371604752653058,-0.4371604752653057
179,PMC6055720,0.04,1 + every 1 day,70,subcutaneous,5840.0,5840.0,12.0,11500.0,Unknown,cynomolgus monkeys,Unknown,9.0,diet:high-fat+high-sugar,-2.5,70.0,2.8000000000000003,liraglutide,53,NCT00422058,"ADULT,OLDER_ADULT",PHASE2,92,2.4,1 + every 1 day,140,140,336.0,no,subcutaneous,-3.6240693851707295,-1.1240693851707304
179,PMC6055720,0.04,1 + every 1 day,70,subcutaneous,5840.0,5840.0,12.0,11500.0,Unknown,cynomolgus monkeys,Unknown,9.0,diet:high-fat+high-sugar,-2.5,70.0,2.8000000000000003,liraglutide,54,NCT00422058,"ADULT,OLDER_ADULT",PHASE2,92,3.0,1 + every 1 day,140,140,420.0,no,subcutaneous,-4.711624106871794,-2.2116241068717937
179,PMC6055720,0.04,1 + every 1 day,70,subcutaneous,5840.0,5840.0,12.0,11500.0,Unknown,cynomolgus monkeys,Unknown,9.0,diet:high-fat+high-sugar,-2.5,70.0,2.8000000000000003,liraglutide,61,NCT03158805,"ADULT,OLDER_ADULT",PHASE2,29,3.0,1 + every 1 day,280,280,840.0,no,subcutaneous,-3.5,-1.0
179,PMC6055720,0.04,1 + every 1 day,70,subcutaneous,5840.0,5840.0,12.0,11500.0,Unknown,cynomolgus monkeys,Unknown,9.0,diet:high-fat+high-sugar,-2.5,70.0,2.8000000000000003,liraglutide,102,NCT01272232,"ADULT,OLDER_ADULT",PHASE3,412,3.0,1 + every 1 day,392,392,1176.0,no,subcutaneous,-3.9,-1.4000000000000004
179,PMC6055720,0.04,1 + every 1 day,70,subcutaneous,5840.0,5840.0,12.0,11500.0,Unknown,cynomolgus monkeys,Unknown,9.0,diet:high-fat+high-sugar,-2.5,70.0,2.8000000000000003,liraglutide,103,NCT01272232,"ADULT,OLDER_ADULT",PHASE3,204,1.8,1 + every 1 day,392,392,705.6,no,subcutaneous,-2.6,-0.0999999999999996
179,PMC6055720,0.04,1 + every 1 day,70,subcutaneous,5840.0,5840.0,12.0,11500.0,Unknown,cynomolgus monkeys,Unknown,9.0,diet:high-fat+high-sugar,-2.5,70.0,2.8000000000000003,liraglutide,106,NCT01272219,"ADULT,OLDER_ADULT",PHASE3,2432,3.0,1 + every 1 day,392,392,1176.0,no,subcutaneous,-5.36,-2.8600000000000003
179,PMC6055720,0.04,1 + every 1 day,70,subcutaneous,5840.0,5840.0,12.0,11500.0,Unknown,cynomolgus monkeys,Unknown,9.0,diet:high-fat+high-sugar,-2.5,70.0,2.8000000000000003,liraglutide,107,NCT01272219,"ADULT,OLDER_ADULT",PHASE3,1467,3.0,1 + every 1 day,1120,1120,3360.0,no,subcutaneous,-4.25,-1.75
179,PMC6055720,0.04,1 + every 1 day,70,subcutaneous,5840.0,5840.0,12.0,11500.0,Unknown,cynomolgus monkeys,Unknown,9.0,diet:high-fat+high-sugar,-2.5,70.0,2.8000000000000003,liraglutide,108,NCT01272219,"ADULT,OLDER_ADULT",PHASE3,349,3.0,1 + every 1 day,476,476,1428.0,no,subcutaneous,-5.33,-2.83
179,PMC6055720,0.04,1 + every 1 day,70,subcutaneous,5840.0,5840.0,12.0,11500.0,Unknown,cynomolgus monkeys,Unknown,9.0,diet:high-fat+high-sugar,-2.5,70.0,2.8000000000000003,liraglutide,112,NCT01557166,ADULT,PHASE3,175,3.0,1 + every 1 day,224,224,672.0,no,subcutaneous,-4.201423866334764,-1.701423866334764
179,PMC6055720,0.04,1 + every 1 day,70,subcutaneous,5840.0,5840.0,12.0,11500.0,Unknown,cynomolgus monkeys,Unknown,9.0,diet:high-fat+high-sugar,-2.5,70.0,2.8000000000000003,liraglutide,120,NCT02918279,CHILD,PHASE3,125,3.0,1 + every 1 day,392,392,1176.0,no,subcutaneous,-3.6,-1.1
179,PMC6055720,0.04,1 + every 1 day,70,subcutaneous,5840.0,5840.0,12.0,11500.0,Unknown,cynomolgus monkeys,Unknown,9.0,diet:high-fat+high-sugar,-2.5,70.0,2.8000000000000003,liraglutide,127,NCT02527200,"CHILD,ADULT",PHASE3,17,3.0,1 + every 1 day,364,364,1092.0,no,subcutaneous,-2.7,-0.1999999999999997
179,PMC6055720,0.04,1 + every 1 day,70,subcutaneous,5840.0,5840.0,12.0,11500.0,Unknown,cynomolgus monkeys,Unknown,9.0,diet:high-fat+high-sugar,-2.5,70.0,2.8000000000000003,liraglutide,128,NCT02527200,"CHILD,ADULT",PHASE3,14,3.0,1 + every 1 day,364,364,1092.0,no,subcutaneous,1.3999999999999997,3.9
179,PMC6055720,0.04,1 + every 1 day,70,subcutaneous,5840.0,5840.0,12.0,11500.0,Unknown,cynomolgus monkeys,Unknown,9.0,diet:high-fat+high-sugar,-2.5,70.0,2.8000000000000003,liraglutide,129,NCT02527200,"CHILD,ADULT",PHASE3,31,3.0,1 + every 1 day,364,364,1092.0,no,subcutaneous,-0.6999999999999997,1.8000000000000005
179,PMC6055720,0.04,1 + every 1 day,70,subcutaneous,5840.0,5840.0,12.0,11500.0,Unknown,cynomolgus monkeys,Unknown,9.0,diet:high-fat+high-sugar,-2.5,70.0,2.8000000000000003,liraglutide,130,NCT00781937,"ADULT,OLDER_ADULT",PHASE3,194,3.0,1 + every 1 day,392,392,1176.0,no,subcutaneous,-6.0600000000000005,-3.5600000000000005
179,PMC6055720,0.04,1 + every 1 day,70,subcutaneous,5840.0,5840.0,12.0,11500.0,Unknown,cynomolgus monkeys,Unknown,9.0,diet:high-fat+high-sugar,-2.5,70.0,2.8000000000000003,liraglutide,136,NCT04074161,"ADULT,OLDER_ADULT",PHASE3,117,3.0,1 + every 1 day,476,476,1428.0,no,subcutaneous,-4.800000000000001,-2.3000000000000007
179,PMC6055720,0.04,1 + every 1 day,70,subcutaneous,5840.0,5840.0,12.0,11500.0,Unknown,cynomolgus monkeys,Unknown,9.0,diet:high-fat+high-sugar,-2.5,70.0,2.8000000000000003,liraglutide,150,NCT02647944,"ADULT,OLDER_ADULT",PHASE2,19,3.0,1 + every 1 day,112,112,336.0,no,subcutaneous,-2.58819247874349,-0.08819247874349
179,PMC6055720,0.04,1 + every 1 day,70,subcutaneous,5840.0,5840.0,12.0,11500.0,Unknown,cynomolgus monkeys,Unknown,9.0,diet:high-fat+high-sugar,-2.5,70.0,2.8000000000000003,liraglutide,155,NCT03486392,"ADULT,OLDER_ADULT",PHASE2,108,3.0,1 + every 1 day,182,182,546.0,no,subcutaneous,-5.78,-3.28
201,PMC6560126,0.05,1 + every 1 day,63,intraperitoneal,,,,770.0,Sprague–Dawley,rats,male,11.0,diet:high-fat+high-sugar,-14.285714285714285,63.0,3.1500000000000004,liraglutide,35,NCT02453711,"ADULT,OLDER_ADULT",PHASE2,96,3.0,1 + every 1 day,364,364,1092.0,no,subcutaneous,-5.47,8.815714285714286
201,PMC6560126,0.05,1 + every 1 day,63,intraperitoneal,,,,770.0,Sprague–Dawley,rats,male,11.0,diet:high-fat+high-sugar,-14.285714285714285,63.0,3.1500000000000004,liraglutide,51,NCT00422058,"ADULT,OLDER_ADULT",PHASE2,94,1.2,1 + every 1 day,140,140,168.0,no,subcutaneous,-2.2072087435352685,12.078505542179016
201,PMC6560126,0.05,1 + every 1 day,63,intraperitoneal,,,,770.0,Sprague–Dawley,rats,male,11.0,diet:high-fat+high-sugar,-14.285714285714285,63.0,3.1500000000000004,liraglutide,52,NCT00422058,"ADULT,OLDER_ADULT",PHASE2,90,1.8,1 + every 1 day,140,140,252.0,no,subcutaneous,-2.9371604752653058,11.34855381044898
201,PMC6560126,0.05,1 + every 1 day,63,intraperitoneal,,,,770.0,Sprague–Dawley,rats,male,11.0,diet:high-fat+high-sugar,-14.285714285714285,63.0,3.1500000000000004,liraglutide,53,NCT00422058,"ADULT,OLDER_ADULT",PHASE2,92,2.4,1 + every 1 day,140,140,336.0,no,subcutaneous,-3.6240693851707295,10.661644900543552
201,PMC6560126,0.05,1 + every 1 day,63,intraperitoneal,,,,770.0,Sprague–Dawley,rats,male,11.0,diet:high-fat+high-sugar,-14.285714285714285,63.0,3.1500000000000004,liraglutide,54,NCT00422058,"ADULT,OLDER_ADULT",PHASE2,92,3.0,1 + every 1 day,140,140,420.0,no,subcutaneous,-4.711624106871794,9.574090178842493
201,PMC6560126,0.05,1 + every 1 day,63,intraperitoneal,,,,770.0,Sprague–Dawley,rats,male,11.0,diet:high-fat+high-sugar,-14.285714285714285,63.0,3.1500000000000004,liraglutide,61,NCT03158805,"ADULT,OLDER_ADULT",PHASE2,29,3.0,1 + every 1 day,280,280,840.0,no,subcutaneous,-3.5,10.785714285714285
201,PMC6560126,0.05,1 + every 1 day,63,intraperitoneal,,,,770.0,Sprague–Dawley,rats,male,11.0,diet:high-fat+high-sugar,-14.285714285714285,63.0,3.1500000000000004,liraglutide,102,NCT01272232,"ADULT,OLDER_ADULT",PHASE3,412,3.0,1 + every 1 day,392,392,1176.0,no,subcutaneous,-3.9,10.385714285714284
201,PMC6560126,0.05,1 + every 1 day,63,intraperitoneal,,,,770.0,Sprague–Dawley,rats,male,11.0,diet:high-fat+high-sugar,-14.285714285714285,63.0,3.1500000000000004,liraglutide,103,NCT01272232,"ADULT,OLDER_ADULT",PHASE3,204,1.8,1 + every 1 day,392,392,705.6,no,subcutaneous,-2.6,11.685714285714283
201,PMC6560126,0.05,1 + every 1 day,63,intraperitoneal,,,,770.0,Sprague–Dawley,rats,male,11.0,diet:high-fat+high-sugar,-14.285714285714285,63.0,3.1500000000000004,liraglutide,106,NCT01272219,"ADULT,OLDER_ADULT",PHASE3,2432,3.0,1 + every 1 day,392,392,1176.0,no,subcutaneous,-5.36,8.925714285714285
201,PMC6560126,0.05,1 + every 1 day,63,intraperitoneal,,,,770.0,Sprague–Dawley,rats,male,11.0,diet:high-fat+high-sugar,-14.285714285714285,63.0,3.1500000000000004,liraglutide,107,NCT01272219,"ADULT,OLDER_ADULT",PHASE3,1467,3.0,1 + every 1 day,1120,1120,3360.0,no,subcutaneous,-4.25,10.035714285714285
201,PMC6560126,0.05,1 + every 1 day,63,intraperitoneal,,,,770.0,Sprague–Dawley,rats,male,11.0,diet:high-fat+high-sugar,-14.285714285714285,63.0,3.1500000000000004,liraglutide,108,NCT01272219,"ADULT,OLDER_ADULT",PHASE3,349,3.0,1 + every 1 day,476,476,1428.0,no,subcutaneous,-5.33,8.955714285714285
201,PMC6560126,0.05,1 + every 1 day,63,intraperitoneal,,,,770.0,Sprague–Dawley,rats,male,11.0,diet:high-fat+high-sugar,-14.285714285714285,63.0,3.1500000000000004,liraglutide,112,NCT01557166,ADULT,PHASE3,175,3.0,1 + every 1 day,224,224,672.0,no,subcutaneous,-4.201423866334764,10.08429041937952
201,PMC6560126,0.05,1 + every 1 day,63,intraperitoneal,,,,770.0,Sprague–Dawley,rats,male,11.0,diet:high-fat+high-sugar,-14.285714285714285,63.0,3.1500000000000004,liraglutide,120,NCT02918279,CHILD,PHASE3,125,3.0,1 + every 1 day,392,392,1176.0,no,subcutaneous,-3.6,10.685714285714283
201,PMC6560126,0.05,1 + every 1 day,63,intraperitoneal,,,,770.0,Sprague–Dawley,rats,male,11.0,diet:high-fat+high-sugar,-14.285714285714285,63.0,3.1500000000000004,liraglutide,127,NCT02527200,"CHILD,ADULT",PHASE3,17,3.0,1 + every 1 day,364,364,1092.0,no,subcutaneous,-2.7,11.585714285714284
201,PMC6560126,0.05,1 + every 1 day,63,intraperitoneal,,,,770.0,Sprague–Dawley,rats,male,11.0,diet:high-fat+high-sugar,-14.285714285714285,63.0,3.1500000000000004,liraglutide,128,NCT02527200,"CHILD,ADULT",PHASE3,14,3.0,1 + every 1 day,364,364,1092.0,no,subcutaneous,1.3999999999999997,15.685714285714283
201,PMC6560126,0.05,1 + every 1 day,63,intraperitoneal,,,,770.0,Sprague–Dawley,rats,male,11.0,diet:high-fat+high-sugar,-14.285714285714285,63.0,3.1500000000000004,liraglutide,129,NCT02527200,"CHILD,ADULT",PHASE3,31,3.0,1 + every 1 day,364,364,1092.0,no,subcutaneous,-0.6999999999999997,13.585714285714284
201,PMC6560126,0.05,1 + every 1 day,63,intraperitoneal,,,,770.0,Sprague–Dawley,rats,male,11.0,diet:high-fat+high-sugar,-14.285714285714285,63.0,3.1500000000000004,liraglutide,130,NCT00781937,"ADULT,OLDER_ADULT",PHASE3,194,3.0,1 + every 1 day,392,392,1176.0,no,subcutaneous,-6.0600000000000005,8.225714285714284
201,PMC6560126,0.05,1 + every 1 day,63,intraperitoneal,,,,770.0,Sprague–Dawley,rats,male,11.0,diet:high-fat+high-sugar,-14.285714285714285,63.0,3.1500000000000004,liraglutide,136,NCT04074161,"ADULT,OLDER_ADULT",PHASE3,117,3.0,1 + every 1 day,476,476,1428.0,no,subcutaneous,-4.800000000000001,9.485714285714284
201,PMC6560126,0.05,1 + every 1 day,63,intraperitoneal,,,,770.0,Sprague–Dawley,rats,male,11.0,diet:high-fat+high-sugar,-14.285714285714285,63.0,3.1500000000000004,liraglutide,150,NCT02647944,"ADULT,OLDER_ADULT",PHASE2,19,3.0,1 + every 1 day,112,112,336.0,no,subcutaneous,-2.58819247874349,11.697521806970794
201,PMC6560126,0.05,1 + every 1 day,63,intraperitoneal,,,,770.0,Sprague–Dawley,rats,male,11.0,diet:high-fat+high-sugar,-14.285714285714285,63.0,3.1500000000000004,liraglutide,155,NCT03486392,"ADULT,OLDER_ADULT",PHASE2,108,3.0,1 + every 1 day,182,182,546.0,no,subcutaneous,-5.78,8.505714285714284
202,PMC6701930,0.0375126,1 + every 1 day,9,subcutaneous,140.0,154.0,,,C57BL/6N,mice,male,8.0,diet:high-fat,-10.01,9.0,0.3376134,liraglutide,35,NCT02453711,"ADULT,OLDER_ADULT",PHASE2,96,3.0,1 + every 1 day,364,364,1092.0,no,subcutaneous,-5.47,4.54
202,PMC6701930,0.0375126,1 + every 1 day,9,subcutaneous,140.0,154.0,,,C57BL/6N,mice,male,8.0,diet:high-fat,-10.01,9.0,0.3376134,liraglutide,51,NCT00422058,"ADULT,OLDER_ADULT",PHASE2,94,1.2,1 + every 1 day,140,140,168.0,no,subcutaneous,-2.2072087435352685,7.802791256464731
202,PMC6701930,0.0375126,1 + every 1 day,9,subcutaneous,140.0,154.0,,,C57BL/6N,mice,male,8.0,diet:high-fat,-10.01,9.0,0.3376134,liraglutide,52,NCT00422058,"ADULT,OLDER_ADULT",PHASE2,90,1.8,1 + every 1 day,140,140,252.0,no,subcutaneous,-2.9371604752653058,7.072839524734694
202,PMC6701930,0.0375126,1 + every 1 day,9,subcutaneous,140.0,154.0,,,C57BL/6N,mice,male,8.0,diet:high-fat,-10.01,9.0,0.3376134,liraglutide,53,NCT00422058,"ADULT,OLDER_ADULT",PHASE2,92,2.4,1 + every 1 day,140,140,336.0,no,subcutaneous,-3.6240693851707295,6.385930614829269
202,PMC6701930,0.0375126,1 + every 1 day,9,subcutaneous,140.0,154.0,,,C57BL/6N,mice,male,8.0,diet:high-fat,-10.01,9.0,0.3376134,liraglutide,54,NCT00422058,"ADULT,OLDER_ADULT",PHASE2,92,3.0,1 + every 1 day,140,140,420.0,no,subcutaneous,-4.711624106871794,5.298375893128206
202,PMC6701930,0.0375126,1 + every 1 day,9,subcutaneous,140.0,154.0,,,C57BL/6N,mice,male,8.0,diet:high-fat,-10.01,9.0,0.3376134,liraglutide,61,NCT03158805,"ADULT,OLDER_ADULT",PHASE2,29,3.0,1 + every 1 day,280,280,840.0,no,subcutaneous,-3.5,6.51
202,PMC6701930,0.0375126,1 + every 1 day,9,subcutaneous,140.0,154.0,,,C57BL/6N,mice,male,8.0,diet:high-fat,-10.01,9.0,0.3376134,liraglutide,102,NCT01272232,"ADULT,OLDER_ADULT",PHASE3,412,3.0,1 + every 1 day,392,392,1176.0,no,subcutaneous,-3.9,6.109999999999999
202,PMC6701930,0.0375126,1 + every 1 day,9,subcutaneous,140.0,154.0,,,C57BL/6N,mice,male,8.0,diet:high-fat,-10.01,9.0,0.3376134,liraglutide,103,NCT01272232,"ADULT,OLDER_ADULT",PHASE3,204,1.8,1 + every 1 day,392,392,705.6,no,subcutaneous,-2.6,7.41
202,PMC6701930,0.0375126,1 + every 1 day,9,subcutaneous,140.0,154.0,,,C57BL/6N,mice,male,8.0,diet:high-fat,-10.01,9.0,0.3376134,liraglutide,106,NCT01272219,"ADULT,OLDER_ADULT",PHASE3,2432,3.0,1 + every 1 day,392,392,1176.0,no,subcutaneous,-5.36,4.65
202,PMC6701930,0.0375126,1 + every 1 day,9,subcutaneous,140.0,154.0,,,C57BL/6N,mice,male,8.0,diet:high-fat,-10.01,9.0,0.3376134,liraglutide,107,NCT01272219,"ADULT,OLDER_ADULT",PHASE3,1467,3.0,1 + every 1 day,1120,1120,3360.0,no,subcutaneous,-4.25,5.76
202,PMC6701930,0.0375126,1 + every 1 day,9,subcutaneous,140.0,154.0,,,C57BL/6N,mice,male,8.0,diet:high-fat,-10.01,9.0,0.3376134,liraglutide,108,NCT01272219,"ADULT,OLDER_ADULT",PHASE3,349,3.0,1 + every 1 day,476,476,1428.0,no,subcutaneous,-5.33,4.68
202,PMC6701930,0.0375126,1 + every 1 day,9,subcutaneous,140.0,154.0,,,C57BL/6N,mice,male,8.0,diet:high-fat,-10.01,9.0,0.3376134,liraglutide,112,NCT01557166,ADULT,PHASE3,175,3.0,1 + every 1 day,224,224,672.0,no,subcutaneous,-4.201423866334764,5.808576133665236
202,PMC6701930,0.0375126,1 + every 1 day,9,subcutaneous,140.0,154.0,,,C57BL/6N,mice,male,8.0,diet:high-fat,-10.01,9.0,0.3376134,liraglutide,120,NCT02918279,CHILD,PHASE3,125,3.0,1 + every 1 day,392,392,1176.0,no,subcutaneous,-3.6,6.41
202,PMC6701930,0.0375126,1 + every 1 day,9,subcutaneous,140.0,154.0,,,C57BL/6N,mice,male,8.0,diet:high-fat,-10.01,9.0,0.3376134,liraglutide,127,NCT02527200,"CHILD,ADULT",PHASE3,17,3.0,1 + every 1 day,364,364,1092.0,no,subcutaneous,-2.7,7.31
202,PMC6701930,0.0375126,1 + every 1 day,9,subcutaneous,140.0,154.0,,,C57BL/6N,mice,male,8.0,diet:high-fat,-10.01,9.0,0.3376134,liraglutide,128,NCT02527200,"CHILD,ADULT",PHASE3,14,3.0,1 + every 1 day,364,364,1092.0,no,subcutaneous,1.3999999999999997,11.41
202,PMC6701930,0.0375126,1 + every 1 day,9,subcutaneous,140.0,154.0,,,C57BL/6N,mice,male,8.0,diet:high-fat,-10.01,9.0,0.3376134,liraglutide,129,NCT02527200,"CHILD,ADULT",PHASE3,31,3.0,1 + every 1 day,364,364,1092.0,no,subcutaneous,-0.6999999999999997,9.31
202,PMC6701930,0.0375126,1 + every 1 day,9,subcutaneous,140.0,154.0,,,C57BL/6N,mice,male,8.0,diet:high-fat,-10.01,9.0,0.3376134,liraglutide,130,NCT00781937,"ADULT,OLDER_ADULT",PHASE3,194,3.0,1 + every 1 day,392,392,1176.0,no,subcutaneous,-6.0600000000000005,3.9499999999999993
202,PMC6701930,0.0375126,1 + every 1 day,9,subcutaneous,140.0,154.0,,,C57BL/6N,mice,male,8.0,diet:high-fat,-10.01,9.0,0.3376134,liraglutide,136,NCT04074161,"ADULT,OLDER_ADULT",PHASE3,117,3.0,1 + every 1 day,476,476,1428.0,no,subcutaneous,-4.800000000000001,5.209999999999999
202,PMC6701930,0.0375126,1 + every 1 day,9,subcutaneous,140.0,154.0,,,C57BL/6N,mice,male,8.0,diet:high-fat,-10.01,9.0,0.3376134,liraglutide,150,NCT02647944,"ADULT,OLDER_ADULT",PHASE2,19,3.0,1 + every 1 day,112,112,336.0,no,subcutaneous,-2.58819247874349,7.421807521256509
202,PMC6701930,0.0375126,1 + every 1 day,9,subcutaneous,140.0,154.0,,,C57BL/6N,mice,male,8.0,diet:high-fat,-10.01,9.0,0.3376134,liraglutide,155,NCT03486392,"ADULT,OLDER_ADULT",PHASE2,108,3.0,1 + every 1 day,182,182,546.0,no,subcutaneous,-5.78,4.23
203,PMC6732560,0.1,2 + every 1 day,56,subcutaneous,28.0,119.0,,33.25,C57BL/6J,mice,male,6.0,diet:high-fat,-14.676691729323304,112.0,11.2,liraglutide,35,NCT02453711,"ADULT,OLDER_ADULT",PHASE2,96,3.0,1 + every 1 day,364,364,1092.0,no,subcutaneous,-5.47,9.206691729323303
203,PMC6732560,0.1,2 + every 1 day,56,subcutaneous,28.0,119.0,,33.25,C57BL/6J,mice,male,6.0,diet:high-fat,-14.676691729323304,112.0,11.2,liraglutide,51,NCT00422058,"ADULT,OLDER_ADULT",PHASE2,94,1.2,1 + every 1 day,140,140,168.0,no,subcutaneous,-2.2072087435352685,12.469482985788035
203,PMC6732560,0.1,2 + every 1 day,56,subcutaneous,28.0,119.0,,33.25,C57BL/6J,mice,male,6.0,diet:high-fat,-14.676691729323304,112.0,11.2,liraglutide,52,NCT00422058,"ADULT,OLDER_ADULT",PHASE2,90,1.8,1 + every 1 day,140,140,252.0,no,subcutaneous,-2.9371604752653058,11.739531254057995
203,PMC6732560,0.1,2 + every 1 day,56,subcutaneous,28.0,119.0,,33.25,C57BL/6J,mice,male,6.0,diet:high-fat,-14.676691729323304,112.0,11.2,liraglutide,53,NCT00422058,"ADULT,OLDER_ADULT",PHASE2,92,2.4,1 + every 1 day,140,140,336.0,no,subcutaneous,-3.6240693851707295,11.052622344152574
203,PMC6732560,0.1,2 + every 1 day,56,subcutaneous,28.0,119.0,,33.25,C57BL/6J,mice,male,6.0,diet:high-fat,-14.676691729323304,112.0,11.2,liraglutide,54,NCT00422058,"ADULT,OLDER_ADULT",PHASE2,92,3.0,1 + every 1 day,140,140,420.0,no,subcutaneous,-4.711624106871794,9.96506762245151
203,PMC6732560,0.1,2 + every 1 day,56,subcutaneous,28.0,119.0,,33.25,C57BL/6J,mice,male,6.0,diet:high-fat,-14.676691729323304,112.0,11.2,liraglutide,61,NCT03158805,"ADULT,OLDER_ADULT",PHASE2,29,3.0,1 + every 1 day,280,280,840.0,no,subcutaneous,-3.5,11.176691729323304
203,PMC6732560,0.1,2 + every 1 day,56,subcutaneous,28.0,119.0,,33.25,C57BL/6J,mice,male,6.0,diet:high-fat,-14.676691729323304,112.0,11.2,liraglutide,102,NCT01272232,"ADULT,OLDER_ADULT",PHASE3,412,3.0,1 + every 1 day,392,392,1176.0,no,subcutaneous,-3.9,10.776691729323304
203,PMC6732560,0.1,2 + every 1 day,56,subcutaneous,28.0,119.0,,33.25,C57BL/6J,mice,male,6.0,diet:high-fat,-14.676691729323304,112.0,11.2,liraglutide,103,NCT01272232,"ADULT,OLDER_ADULT",PHASE3,204,1.8,1 + every 1 day,392,392,705.6,no,subcutaneous,-2.6,12.076691729323304
203,PMC6732560,0.1,2 + every 1 day,56,subcutaneous,28.0,119.0,,33.25,C57BL/6J,mice,male,6.0,diet:high-fat,-14.676691729323304,112.0,11.2,liraglutide,106,NCT01272219,"ADULT,OLDER_ADULT",PHASE3,2432,3.0,1 + every 1 day,392,392,1176.0,no,subcutaneous,-5.36,9.316691729323304
203,PMC6732560,0.1,2 + every 1 day,56,subcutaneous,28.0,119.0,,33.25,C57BL/6J,mice,male,6.0,diet:high-fat,-14.676691729323304,112.0,11.2,liraglutide,107,NCT01272219,"ADULT,OLDER_ADULT",PHASE3,1467,3.0,1 + every 1 day,1120,1120,3360.0,no,subcutaneous,-4.25,10.426691729323304
203,PMC6732560,0.1,2 + every 1 day,56,subcutaneous,28.0,119.0,,33.25,C57BL/6J,mice,male,6.0,diet:high-fat,-14.676691729323304,112.0,11.2,liraglutide,108,NCT01272219,"ADULT,OLDER_ADULT",PHASE3,349,3.0,1 + every 1 day,476,476,1428.0,no,subcutaneous,-5.33,9.346691729323304
203,PMC6732560,0.1,2 + every 1 day,56,subcutaneous,28.0,119.0,,33.25,C57BL/6J,mice,male,6.0,diet:high-fat,-14.676691729323304,112.0,11.2,liraglutide,112,NCT01557166,ADULT,PHASE3,175,3.0,1 + every 1 day,224,224,672.0,no,subcutaneous,-4.201423866334764,10.47526786298854
203,PMC6732560,0.1,2 + every 1 day,56,subcutaneous,28.0,119.0,,33.25,C57BL/6J,mice,male,6.0,diet:high-fat,-14.676691729323304,112.0,11.2,liraglutide,120,NCT02918279,CHILD,PHASE3,125,3.0,1 + every 1 day,392,392,1176.0,no,subcutaneous,-3.6,11.076691729323304
203,PMC6732560,0.1,2 + every 1 day,56,subcutaneous,28.0,119.0,,33.25,C57BL/6J,mice,male,6.0,diet:high-fat,-14.676691729323304,112.0,11.2,liraglutide,127,NCT02527200,"CHILD,ADULT",PHASE3,17,3.0,1 + every 1 day,364,364,1092.0,no,subcutaneous,-2.7,11.976691729323305
203,PMC6732560,0.1,2 + every 1 day,56,subcutaneous,28.0,119.0,,33.25,C57BL/6J,mice,male,6.0,diet:high-fat,-14.676691729323304,112.0,11.2,liraglutide,128,NCT02527200,"CHILD,ADULT",PHASE3,14,3.0,1 + every 1 day,364,364,1092.0,no,subcutaneous,1.3999999999999997,16.076691729323304
203,PMC6732560,0.1,2 + every 1 day,56,subcutaneous,28.0,119.0,,33.25,C57BL/6J,mice,male,6.0,diet:high-fat,-14.676691729323304,112.0,11.2,liraglutide,129,NCT02527200,"CHILD,ADULT",PHASE3,31,3.0,1 + every 1 day,364,364,1092.0,no,subcutaneous,-0.6999999999999997,13.976691729323305
203,PMC6732560,0.1,2 + every 1 day,56,subcutaneous,28.0,119.0,,33.25,C57BL/6J,mice,male,6.0,diet:high-fat,-14.676691729323304,112.0,11.2,liraglutide,130,NCT00781937,"ADULT,OLDER_ADULT",PHASE3,194,3.0,1 + every 1 day,392,392,1176.0,no,subcutaneous,-6.0600000000000005,8.616691729323303
203,PMC6732560,0.1,2 + every 1 day,56,subcutaneous,28.0,119.0,,33.25,C57BL/6J,mice,male,6.0,diet:high-fat,-14.676691729323304,112.0,11.2,liraglutide,136,NCT04074161,"ADULT,OLDER_ADULT",PHASE3,117,3.0,1 + every 1 day,476,476,1428.0,no,subcutaneous,-4.800000000000001,9.876691729323303
203,PMC6732560,0.1,2 + every 1 day,56,subcutaneous,28.0,119.0,,33.25,C57BL/6J,mice,male,6.0,diet:high-fat,-14.676691729323304,112.0,11.2,liraglutide,150,NCT02647944,"ADULT,OLDER_ADULT",PHASE2,19,3.0,1 + every 1 day,112,112,336.0,no,subcutaneous,-2.58819247874349,12.088499250579812
203,PMC6732560,0.1,2 + every 1 day,56,subcutaneous,28.0,119.0,,33.25,C57BL/6J,mice,male,6.0,diet:high-fat,-14.676691729323304,112.0,11.2,liraglutide,155,NCT03486392,"ADULT,OLDER_ADULT",PHASE2,108,3.0,1 + every 1 day,182,182,546.0,no,subcutaneous,-5.78,8.896691729323305
207,PMC6821799,0.2,2 + every 1 day,28,subcutaneous,28.0,273.0,,53.0,C57BL/6,mice,male,15.0,diet:high-fat,-20.75471698113208,56.0,11.2,liraglutide,35,NCT02453711,"ADULT,OLDER_ADULT",PHASE2,96,3.0,1 + every 1 day,364,364,1092.0,no,subcutaneous,-5.47,15.284716981132078
207,PMC6821799,0.2,2 + every 1 day,28,subcutaneous,28.0,273.0,,53.0,C57BL/6,mice,male,15.0,diet:high-fat,-20.75471698113208,56.0,11.2,liraglutide,51,NCT00422058,"ADULT,OLDER_ADULT",PHASE2,94,1.2,1 + every 1 day,140,140,168.0,no,subcutaneous,-2.2072087435352685,18.54750823759681
207,PMC6821799,0.2,2 + every 1 day,28,subcutaneous,28.0,273.0,,53.0,C57BL/6,mice,male,15.0,diet:high-fat,-20.75471698113208,56.0,11.2,liraglutide,52,NCT00422058,"ADULT,OLDER_ADULT",PHASE2,90,1.8,1 + every 1 day,140,140,252.0,no,subcutaneous,-2.9371604752653058,17.817556505866772
207,PMC6821799,0.2,2 + every 1 day,28,subcutaneous,28.0,273.0,,53.0,C57BL/6,mice,male,15.0,diet:high-fat,-20.75471698113208,56.0,11.2,liraglutide,53,NCT00422058,"ADULT,OLDER_ADULT",PHASE2,92,2.4,1 + every 1 day,140,140,336.0,no,subcutaneous,-3.6240693851707295,17.130647595961346
207,PMC6821799,0.2,2 + every 1 day,28,subcutaneous,28.0,273.0,,53.0,C57BL/6,mice,male,15.0,diet:high-fat,-20.75471698113208,56.0,11.2,liraglutide,54,NCT00422058,"ADULT,OLDER_ADULT",PHASE2,92,3.0,1 + every 1 day,140,140,420.0,no,subcutaneous,-4.711624106871794,16.04309287426028
207,PMC6821799,0.2,2 + every 1 day,28,subcutaneous,28.0,273.0,,53.0,C57BL/6,mice,male,15.0,diet:high-fat,-20.75471698113208,56.0,11.2,liraglutide,61,NCT03158805,"ADULT,OLDER_ADULT",PHASE2,29,3.0,1 + every 1 day,280,280,840.0,no,subcutaneous,-3.5,17.254716981132077
207,PMC6821799,0.2,2 + every 1 day,28,subcutaneous,28.0,273.0,,53.0,C57BL/6,mice,male,15.0,diet:high-fat,-20.75471698113208,56.0,11.2,liraglutide,102,NCT01272232,"ADULT,OLDER_ADULT",PHASE3,412,3.0,1 + every 1 day,392,392,1176.0,no,subcutaneous,-3.9,16.85471698113208
207,PMC6821799,0.2,2 + every 1 day,28,subcutaneous,28.0,273.0,,53.0,C57BL/6,mice,male,15.0,diet:high-fat,-20.75471698113208,56.0,11.2,liraglutide,103,NCT01272232,"ADULT,OLDER_ADULT",PHASE3,204,1.8,1 + every 1 day,392,392,705.6,no,subcutaneous,-2.6,18.15471698113208
207,PMC6821799,0.2,2 + every 1 day,28,subcutaneous,28.0,273.0,,53.0,C57BL/6,mice,male,15.0,diet:high-fat,-20.75471698113208,56.0,11.2,liraglutide,106,NCT01272219,"ADULT,OLDER_ADULT",PHASE3,2432,3.0,1 + every 1 day,392,392,1176.0,no,subcutaneous,-5.36,15.394716981132078
207,PMC6821799,0.2,2 + every 1 day,28,subcutaneous,28.0,273.0,,53.0,C57BL/6,mice,male,15.0,diet:high-fat,-20.75471698113208,56.0,11.2,liraglutide,107,NCT01272219,"ADULT,OLDER_ADULT",PHASE3,1467,3.0,1 + every 1 day,1120,1120,3360.0,no,subcutaneous,-4.25,16.504716981132077
207,PMC6821799,0.2,2 + every 1 day,28,subcutaneous,28.0,273.0,,53.0,C57BL/6,mice,male,15.0,diet:high-fat,-20.75471698113208,56.0,11.2,liraglutide,108,NCT01272219,"ADULT,OLDER_ADULT",PHASE3,349,3.0,1 + every 1 day,476,476,1428.0,no,subcutaneous,-5.33,15.424716981132075
207,PMC6821799,0.2,2 + every 1 day,28,subcutaneous,28.0,273.0,,53.0,C57BL/6,mice,male,15.0,diet:high-fat,-20.75471698113208,56.0,11.2,liraglutide,112,NCT01557166,ADULT,PHASE3,175,3.0,1 + every 1 day,224,224,672.0,no,subcutaneous,-4.201423866334764,16.553293114797313
207,PMC6821799,0.2,2 + every 1 day,28,subcutaneous,28.0,273.0,,53.0,C57BL/6,mice,male,15.0,diet:high-fat,-20.75471698113208,56.0,11.2,liraglutide,120,NCT02918279,CHILD,PHASE3,125,3.0,1 + every 1 day,392,392,1176.0,no,subcutaneous,-3.6,17.154716981132076
207,PMC6821799,0.2,2 + every 1 day,28,subcutaneous,28.0,273.0,,53.0,C57BL/6,mice,male,15.0,diet:high-fat,-20.75471698113208,56.0,11.2,liraglutide,127,NCT02527200,"CHILD,ADULT",PHASE3,17,3.0,1 + every 1 day,364,364,1092.0,no,subcutaneous,-2.7,18.05471698113208
207,PMC6821799,0.2,2 + every 1 day,28,subcutaneous,28.0,273.0,,53.0,C57BL/6,mice,male,15.0,diet:high-fat,-20.75471698113208,56.0,11.2,liraglutide,128,NCT02527200,"CHILD,ADULT",PHASE3,14,3.0,1 + every 1 day,364,364,1092.0,no,subcutaneous,1.3999999999999997,22.15471698113208
207,PMC6821799,0.2,2 + every 1 day,28,subcutaneous,28.0,273.0,,53.0,C57BL/6,mice,male,15.0,diet:high-fat,-20.75471698113208,56.0,11.2,liraglutide,129,NCT02527200,"CHILD,ADULT",PHASE3,31,3.0,1 + every 1 day,364,364,1092.0,no,subcutaneous,-0.6999999999999997,20.05471698113208
207,PMC6821799,0.2,2 + every 1 day,28,subcutaneous,28.0,273.0,,53.0,C57BL/6,mice,male,15.0,diet:high-fat,-20.75471698113208,56.0,11.2,liraglutide,130,NCT00781937,"ADULT,OLDER_ADULT",PHASE3,194,3.0,1 + every 1 day,392,392,1176.0,no,subcutaneous,-6.0600000000000005,14.694716981132077
207,PMC6821799,0.2,2 + every 1 day,28,subcutaneous,28.0,273.0,,53.0,C57BL/6,mice,male,15.0,diet:high-fat,-20.75471698113208,56.0,11.2,liraglutide,136,NCT04074161,"ADULT,OLDER_ADULT",PHASE3,117,3.0,1 + every 1 day,476,476,1428.0,no,subcutaneous,-4.800000000000001,15.954716981132076
207,PMC6821799,0.2,2 + every 1 day,28,subcutaneous,28.0,273.0,,53.0,C57BL/6,mice,male,15.0,diet:high-fat,-20.75471698113208,56.0,11.2,liraglutide,150,NCT02647944,"ADULT,OLDER_ADULT",PHASE2,19,3.0,1 + every 1 day,112,112,336.0,no,subcutaneous,-2.58819247874349,18.166524502388587
207,PMC6821799,0.2,2 + every 1 day,28,subcutaneous,28.0,273.0,,53.0,C57BL/6,mice,male,15.0,diet:high-fat,-20.75471698113208,56.0,11.2,liraglutide,155,NCT03486392,"ADULT,OLDER_ADULT",PHASE2,108,3.0,1 + every 1 day,182,182,546.0,no,subcutaneous,-5.78,14.974716981132076
213,PMC7211411,0.2,1 + every 1 day,21,subcutaneous,,,,514.9,Sprague–Dawley,rats,male,10.0,diet:high-fat,0.0,21.0,4.2,liraglutide,35,NCT02453711,"ADULT,OLDER_ADULT",PHASE2,96,3.0,1 + every 1 day,364,364,1092.0,no,subcutaneous,-5.47,-5.47
213,PMC7211411,0.2,1 + every 1 day,21,subcutaneous,,,,514.9,Sprague–Dawley,rats,male,10.0,diet:high-fat,0.0,21.0,4.2,liraglutide,51,NCT00422058,"ADULT,OLDER_ADULT",PHASE2,94,1.2,1 + every 1 day,140,140,168.0,no,subcutaneous,-2.2072087435352685,-2.2072087435352685
213,PMC7211411,0.2,1 + every 1 day,21,subcutaneous,,,,514.9,Sprague–Dawley,rats,male,10.0,diet:high-fat,0.0,21.0,4.2,liraglutide,52,NCT00422058,"ADULT,OLDER_ADULT",PHASE2,90,1.8,1 + every 1 day,140,140,252.0,no,subcutaneous,-2.9371604752653058,-2.9371604752653058
213,PMC7211411,0.2,1 + every 1 day,21,subcutaneous,,,,514.9,Sprague–Dawley,rats,male,10.0,diet:high-fat,0.0,21.0,4.2,liraglutide,53,NCT00422058,"ADULT,OLDER_ADULT",PHASE2,92,2.4,1 + every 1 day,140,140,336.0,no,subcutaneous,-3.6240693851707295,-3.6240693851707295
213,PMC7211411,0.2,1 + every 1 day,21,subcutaneous,,,,514.9,Sprague–Dawley,rats,male,10.0,diet:high-fat,0.0,21.0,4.2,liraglutide,54,NCT00422058,"ADULT,OLDER_ADULT",PHASE2,92,3.0,1 + every 1 day,140,140,420.0,no,subcutaneous,-4.711624106871794,-4.711624106871794
213,PMC7211411,0.2,1 + every 1 day,21,subcutaneous,,,,514.9,Sprague–Dawley,rats,male,10.0,diet:high-fat,0.0,21.0,4.2,liraglutide,61,NCT03158805,"ADULT,OLDER_ADULT",PHASE2,29,3.0,1 + every 1 day,280,280,840.0,no,subcutaneous,-3.5,-3.5
213,PMC7211411,0.2,1 + every 1 day,21,subcutaneous,,,,514.9,Sprague–Dawley,rats,male,10.0,diet:high-fat,0.0,21.0,4.2,liraglutide,102,NCT01272232,"ADULT,OLDER_ADULT",PHASE3,412,3.0,1 + every 1 day,392,392,1176.0,no,subcutaneous,-3.9,-3.9
213,PMC7211411,0.2,1 + every 1 day,21,subcutaneous,,,,514.9,Sprague–Dawley,rats,male,10.0,diet:high-fat,0.0,21.0,4.2,liraglutide,103,NCT01272232,"ADULT,OLDER_ADULT",PHASE3,204,1.8,1 + every 1 day,392,392,705.6,no,subcutaneous,-2.6,-2.6
213,PMC7211411,0.2,1 + every 1 day,21,subcutaneous,,,,514.9,Sprague–Dawley,rats,male,10.0,diet:high-fat,0.0,21.0,4.2,liraglutide,106,NCT01272219,"ADULT,OLDER_ADULT",PHASE3,2432,3.0,1 + every 1 day,392,392,1176.0,no,subcutaneous,-5.36,-5.36
213,PMC7211411,0.2,1 + every 1 day,21,subcutaneous,,,,514.9,Sprague–Dawley,rats,male,10.0,diet:high-fat,0.0,21.0,4.2,liraglutide,107,NCT01272219,"ADULT,OLDER_ADULT",PHASE3,1467,3.0,1 + every 1 day,1120,1120,3360.0,no,subcutaneous,-4.25,-4.25
213,PMC7211411,0.2,1 + every 1 day,21,subcutaneous,,,,514.9,Sprague–Dawley,rats,male,10.0,diet:high-fat,0.0,21.0,4.2,liraglutide,108,NCT01272219,"ADULT,OLDER_ADULT",PHASE3,349,3.0,1 + every 1 day,476,476,1428.0,no,subcutaneous,-5.33,-5.33
213,PMC7211411,0.2,1 + every 1 day,21,subcutaneous,,,,514.9,Sprague–Dawley,rats,male,10.0,diet:high-fat,0.0,21.0,4.2,liraglutide,112,NCT01557166,ADULT,PHASE3,175,3.0,1 + every 1 day,224,224,672.0,no,subcutaneous,-4.201423866334764,-4.201423866334764
213,PMC7211411,0.2,1 + every 1 day,21,subcutaneous,,,,514.9,Sprague–Dawley,rats,male,10.0,diet:high-fat,0.0,21.0,4.2,liraglutide,120,NCT02918279,CHILD,PHASE3,125,3.0,1 + every 1 day,392,392,1176.0,no,subcutaneous,-3.6,-3.6
213,PMC7211411,0.2,1 + every 1 day,21,subcutaneous,,,,514.9,Sprague–Dawley,rats,male,10.0,diet:high-fat,0.0,21.0,4.2,liraglutide,127,NCT02527200,"CHILD,ADULT",PHASE3,17,3.0,1 + every 1 day,364,364,1092.0,no,subcutaneous,-2.7,-2.7
213,PMC7211411,0.2,1 + every 1 day,21,subcutaneous,,,,514.9,Sprague–Dawley,rats,male,10.0,diet:high-fat,0.0,21.0,4.2,liraglutide,128,NCT02527200,"CHILD,ADULT",PHASE3,14,3.0,1 + every 1 day,364,364,1092.0,no,subcutaneous,1.3999999999999997,1.3999999999999997
213,PMC7211411,0.2,1 + every 1 day,21,subcutaneous,,,,514.9,Sprague–Dawley,rats,male,10.0,diet:high-fat,0.0,21.0,4.2,liraglutide,129,NCT02527200,"CHILD,ADULT",PHASE3,31,3.0,1 + every 1 day,364,364,1092.0,no,subcutaneous,-0.6999999999999997,-0.6999999999999997
213,PMC7211411,0.2,1 + every 1 day,21,subcutaneous,,,,514.9,Sprague–Dawley,rats,male,10.0,diet:high-fat,0.0,21.0,4.2,liraglutide,130,NCT00781937,"ADULT,OLDER_ADULT",PHASE3,194,3.0,1 + every 1 day,392,392,1176.0,no,subcutaneous,-6.0600000000000005,-6.0600000000000005
213,PMC7211411,0.2,1 + every 1 day,21,subcutaneous,,,,514.9,Sprague–Dawley,rats,male,10.0,diet:high-fat,0.0,21.0,4.2,liraglutide,136,NCT04074161,"ADULT,OLDER_ADULT",PHASE3,117,3.0,1 + every 1 day,476,476,1428.0,no,subcutaneous,-4.800000000000001,-4.800000000000001
213,PMC7211411,0.2,1 + every 1 day,21,subcutaneous,,,,514.9,Sprague–Dawley,rats,male,10.0,diet:high-fat,0.0,21.0,4.2,liraglutide,150,NCT02647944,"ADULT,OLDER_ADULT",PHASE2,19,3.0,1 + every 1 day,112,112,336.0,no,subcutaneous,-2.58819247874349,-2.58819247874349
213,PMC7211411,0.2,1 + every 1 day,21,subcutaneous,,,,514.9,Sprague–Dawley,rats,male,10.0,diet:high-fat,0.0,21.0,4.2,liraglutide,155,NCT03486392,"ADULT,OLDER_ADULT",PHASE2,108,3.0,1 + every 1 day,182,182,546.0,no,subcutaneous,-5.78,-5.78
214,PMC7211411,0.2,1 + every 1 day,21,subcutaneous,,,,514.9,Sprague–Dawley,rats,male,10.0,diet:high-fat,-7.768498737618954,21.0,4.2,liraglutide,35,NCT02453711,"ADULT,OLDER_ADULT",PHASE2,96,3.0,1 + every 1 day,364,364,1092.0,no,subcutaneous,-5.47,2.2984987376189547
214,PMC7211411,0.2,1 + every 1 day,21,subcutaneous,,,,514.9,Sprague–Dawley,rats,male,10.0,diet:high-fat,-7.768498737618954,21.0,4.2,liraglutide,51,NCT00422058,"ADULT,OLDER_ADULT",PHASE2,94,1.2,1 + every 1 day,140,140,168.0,no,subcutaneous,-2.2072087435352685,5.561289994083686
214,PMC7211411,0.2,1 + every 1 day,21,subcutaneous,,,,514.9,Sprague–Dawley,rats,male,10.0,diet:high-fat,-7.768498737618954,21.0,4.2,liraglutide,52,NCT00422058,"ADULT,OLDER_ADULT",PHASE2,90,1.8,1 + every 1 day,140,140,252.0,no,subcutaneous,-2.9371604752653058,4.831338262353649
214,PMC7211411,0.2,1 + every 1 day,21,subcutaneous,,,,514.9,Sprague–Dawley,rats,male,10.0,diet:high-fat,-7.768498737618954,21.0,4.2,liraglutide,53,NCT00422058,"ADULT,OLDER_ADULT",PHASE2,92,2.4,1 + every 1 day,140,140,336.0,no,subcutaneous,-3.6240693851707295,4.144429352448224
214,PMC7211411,0.2,1 + every 1 day,21,subcutaneous,,,,514.9,Sprague–Dawley,rats,male,10.0,diet:high-fat,-7.768498737618954,21.0,4.2,liraglutide,54,NCT00422058,"ADULT,OLDER_ADULT",PHASE2,92,3.0,1 + every 1 day,140,140,420.0,no,subcutaneous,-4.711624106871794,3.056874630747161
214,PMC7211411,0.2,1 + every 1 day,21,subcutaneous,,,,514.9,Sprague–Dawley,rats,male,10.0,diet:high-fat,-7.768498737618954,21.0,4.2,liraglutide,61,NCT03158805,"ADULT,OLDER_ADULT",PHASE2,29,3.0,1 + every 1 day,280,280,840.0,no,subcutaneous,-3.5,4.2684987376189545
214,PMC7211411,0.2,1 + every 1 day,21,subcutaneous,,,,514.9,Sprague–Dawley,rats,male,10.0,diet:high-fat,-7.768498737618954,21.0,4.2,liraglutide,102,NCT01272232,"ADULT,OLDER_ADULT",PHASE3,412,3.0,1 + every 1 day,392,392,1176.0,no,subcutaneous,-3.9,3.868498737618954
214,PMC7211411,0.2,1 + every 1 day,21,subcutaneous,,,,514.9,Sprague–Dawley,rats,male,10.0,diet:high-fat,-7.768498737618954,21.0,4.2,liraglutide,103,NCT01272232,"ADULT,OLDER_ADULT",PHASE3,204,1.8,1 + every 1 day,392,392,705.6,no,subcutaneous,-2.6,5.168498737618955
214,PMC7211411,0.2,1 + every 1 day,21,subcutaneous,,,,514.9,Sprague–Dawley,rats,male,10.0,diet:high-fat,-7.768498737618954,21.0,4.2,liraglutide,106,NCT01272219,"ADULT,OLDER_ADULT",PHASE3,2432,3.0,1 + every 1 day,392,392,1176.0,no,subcutaneous,-5.36,2.408498737618954
214,PMC7211411,0.2,1 + every 1 day,21,subcutaneous,,,,514.9,Sprague–Dawley,rats,male,10.0,diet:high-fat,-7.768498737618954,21.0,4.2,liraglutide,107,NCT01272219,"ADULT,OLDER_ADULT",PHASE3,1467,3.0,1 + every 1 day,1120,1120,3360.0,no,subcutaneous,-4.25,3.5184987376189545
214,PMC7211411,0.2,1 + every 1 day,21,subcutaneous,,,,514.9,Sprague–Dawley,rats,male,10.0,diet:high-fat,-7.768498737618954,21.0,4.2,liraglutide,108,NCT01272219,"ADULT,OLDER_ADULT",PHASE3,349,3.0,1 + every 1 day,476,476,1428.0,no,subcutaneous,-5.33,2.4384987376189544
214,PMC7211411,0.2,1 + every 1 day,21,subcutaneous,,,,514.9,Sprague–Dawley,rats,male,10.0,diet:high-fat,-7.768498737618954,21.0,4.2,liraglutide,112,NCT01557166,ADULT,PHASE3,175,3.0,1 + every 1 day,224,224,672.0,no,subcutaneous,-4.201423866334764,3.5670748712841904
214,PMC7211411,0.2,1 + every 1 day,21,subcutaneous,,,,514.9,Sprague–Dawley,rats,male,10.0,diet:high-fat,-7.768498737618954,21.0,4.2,liraglutide,120,NCT02918279,CHILD,PHASE3,125,3.0,1 + every 1 day,392,392,1176.0,no,subcutaneous,-3.6,4.168498737618954
214,PMC7211411,0.2,1 + every 1 day,21,subcutaneous,,,,514.9,Sprague–Dawley,rats,male,10.0,diet:high-fat,-7.768498737618954,21.0,4.2,liraglutide,127,NCT02527200,"CHILD,ADULT",PHASE3,17,3.0,1 + every 1 day,364,364,1092.0,no,subcutaneous,-2.7,5.068498737618954
214,PMC7211411,0.2,1 + every 1 day,21,subcutaneous,,,,514.9,Sprague–Dawley,rats,male,10.0,diet:high-fat,-7.768498737618954,21.0,4.2,liraglutide,128,NCT02527200,"CHILD,ADULT",PHASE3,14,3.0,1 + every 1 day,364,364,1092.0,no,subcutaneous,1.3999999999999997,9.168498737618954
214,PMC7211411,0.2,1 + every 1 day,21,subcutaneous,,,,514.9,Sprague–Dawley,rats,male,10.0,diet:high-fat,-7.768498737618954,21.0,4.2,liraglutide,129,NCT02527200,"CHILD,ADULT",PHASE3,31,3.0,1 + every 1 day,364,364,1092.0,no,subcutaneous,-0.6999999999999997,7.068498737618954
214,PMC7211411,0.2,1 + every 1 day,21,subcutaneous,,,,514.9,Sprague–Dawley,rats,male,10.0,diet:high-fat,-7.768498737618954,21.0,4.2,liraglutide,130,NCT00781937,"ADULT,OLDER_ADULT",PHASE3,194,3.0,1 + every 1 day,392,392,1176.0,no,subcutaneous,-6.0600000000000005,1.708498737618954
214,PMC7211411,0.2,1 + every 1 day,21,subcutaneous,,,,514.9,Sprague–Dawley,rats,male,10.0,diet:high-fat,-7.768498737618954,21.0,4.2,liraglutide,136,NCT04074161,"ADULT,OLDER_ADULT",PHASE3,117,3.0,1 + every 1 day,476,476,1428.0,no,subcutaneous,-4.800000000000001,2.9684987376189538
214,PMC7211411,0.2,1 + every 1 day,21,subcutaneous,,,,514.9,Sprague–Dawley,rats,male,10.0,diet:high-fat,-7.768498737618954,21.0,4.2,liraglutide,150,NCT02647944,"ADULT,OLDER_ADULT",PHASE2,19,3.0,1 + every 1 day,112,112,336.0,no,subcutaneous,-2.58819247874349,5.180306258875465
214,PMC7211411,0.2,1 + every 1 day,21,subcutaneous,,,,514.9,Sprague–Dawley,rats,male,10.0,diet:high-fat,-7.768498737618954,21.0,4.2,liraglutide,155,NCT03486392,"ADULT,OLDER_ADULT",PHASE2,108,3.0,1 + every 1 day,182,182,546.0,no,subcutaneous,-5.78,1.9884987376189545
235,PMC7791885,0.2,1 + every 1 day,63,subcutaneous,42.0,112.0,,425.0,Sprague–Dawley,rats,male,8.0,diet:high-fat,-11.76470588235294,63.0,12.6,liraglutide,35,NCT02453711,"ADULT,OLDER_ADULT",PHASE2,96,3.0,1 + every 1 day,364,364,1092.0,no,subcutaneous,-5.47,6.2947058823529405
235,PMC7791885,0.2,1 + every 1 day,63,subcutaneous,42.0,112.0,,425.0,Sprague–Dawley,rats,male,8.0,diet:high-fat,-11.76470588235294,63.0,12.6,liraglutide,51,NCT00422058,"ADULT,OLDER_ADULT",PHASE2,94,1.2,1 + every 1 day,140,140,168.0,no,subcutaneous,-2.2072087435352685,9.557497138817672
235,PMC7791885,0.2,1 + every 1 day,63,subcutaneous,42.0,112.0,,425.0,Sprague–Dawley,rats,male,8.0,diet:high-fat,-11.76470588235294,63.0,12.6,liraglutide,52,NCT00422058,"ADULT,OLDER_ADULT",PHASE2,90,1.8,1 + every 1 day,140,140,252.0,no,subcutaneous,-2.9371604752653058,8.827545407087634
235,PMC7791885,0.2,1 + every 1 day,63,subcutaneous,42.0,112.0,,425.0,Sprague–Dawley,rats,male,8.0,diet:high-fat,-11.76470588235294,63.0,12.6,liraglutide,53,NCT00422058,"ADULT,OLDER_ADULT",PHASE2,92,2.4,1 + every 1 day,140,140,336.0,no,subcutaneous,-3.6240693851707295,8.14063649718221
235,PMC7791885,0.2,1 + every 1 day,63,subcutaneous,42.0,112.0,,425.0,Sprague–Dawley,rats,male,8.0,diet:high-fat,-11.76470588235294,63.0,12.6,liraglutide,54,NCT00422058,"ADULT,OLDER_ADULT",PHASE2,92,3.0,1 + every 1 day,140,140,420.0,no,subcutaneous,-4.711624106871794,7.053081775481147
235,PMC7791885,0.2,1 + every 1 day,63,subcutaneous,42.0,112.0,,425.0,Sprague–Dawley,rats,male,8.0,diet:high-fat,-11.76470588235294,63.0,12.6,liraglutide,61,NCT03158805,"ADULT,OLDER_ADULT",PHASE2,29,3.0,1 + every 1 day,280,280,840.0,no,subcutaneous,-3.5,8.26470588235294
235,PMC7791885,0.2,1 + every 1 day,63,subcutaneous,42.0,112.0,,425.0,Sprague–Dawley,rats,male,8.0,diet:high-fat,-11.76470588235294,63.0,12.6,liraglutide,102,NCT01272232,"ADULT,OLDER_ADULT",PHASE3,412,3.0,1 + every 1 day,392,392,1176.0,no,subcutaneous,-3.9,7.86470588235294
235,PMC7791885,0.2,1 + every 1 day,63,subcutaneous,42.0,112.0,,425.0,Sprague–Dawley,rats,male,8.0,diet:high-fat,-11.76470588235294,63.0,12.6,liraglutide,103,NCT01272232,"ADULT,OLDER_ADULT",PHASE3,204,1.8,1 + every 1 day,392,392,705.6,no,subcutaneous,-2.6,9.16470588235294
235,PMC7791885,0.2,1 + every 1 day,63,subcutaneous,42.0,112.0,,425.0,Sprague–Dawley,rats,male,8.0,diet:high-fat,-11.76470588235294,63.0,12.6,liraglutide,106,NCT01272219,"ADULT,OLDER_ADULT",PHASE3,2432,3.0,1 + every 1 day,392,392,1176.0,no,subcutaneous,-5.36,6.40470588235294
235,PMC7791885,0.2,1 + every 1 day,63,subcutaneous,42.0,112.0,,425.0,Sprague–Dawley,rats,male,8.0,diet:high-fat,-11.76470588235294,63.0,12.6,liraglutide,107,NCT01272219,"ADULT,OLDER_ADULT",PHASE3,1467,3.0,1 + every 1 day,1120,1120,3360.0,no,subcutaneous,-4.25,7.51470588235294
235,PMC7791885,0.2,1 + every 1 day,63,subcutaneous,42.0,112.0,,425.0,Sprague–Dawley,rats,male,8.0,diet:high-fat,-11.76470588235294,63.0,12.6,liraglutide,108,NCT01272219,"ADULT,OLDER_ADULT",PHASE3,349,3.0,1 + every 1 day,476,476,1428.0,no,subcutaneous,-5.33,6.43470588235294
235,PMC7791885,0.2,1 + every 1 day,63,subcutaneous,42.0,112.0,,425.0,Sprague–Dawley,rats,male,8.0,diet:high-fat,-11.76470588235294,63.0,12.6,liraglutide,112,NCT01557166,ADULT,PHASE3,175,3.0,1 + every 1 day,224,224,672.0,no,subcutaneous,-4.201423866334764,7.563282016018176
235,PMC7791885,0.2,1 + every 1 day,63,subcutaneous,42.0,112.0,,425.0,Sprague–Dawley,rats,male,8.0,diet:high-fat,-11.76470588235294,63.0,12.6,liraglutide,120,NCT02918279,CHILD,PHASE3,125,3.0,1 + every 1 day,392,392,1176.0,no,subcutaneous,-3.6,8.16470588235294
235,PMC7791885,0.2,1 + every 1 day,63,subcutaneous,42.0,112.0,,425.0,Sprague–Dawley,rats,male,8.0,diet:high-fat,-11.76470588235294,63.0,12.6,liraglutide,127,NCT02527200,"CHILD,ADULT",PHASE3,17,3.0,1 + every 1 day,364,364,1092.0,no,subcutaneous,-2.7,9.06470588235294
235,PMC7791885,0.2,1 + every 1 day,63,subcutaneous,42.0,112.0,,425.0,Sprague–Dawley,rats,male,8.0,diet:high-fat,-11.76470588235294,63.0,12.6,liraglutide,128,NCT02527200,"CHILD,ADULT",PHASE3,14,3.0,1 + every 1 day,364,364,1092.0,no,subcutaneous,1.3999999999999997,13.16470588235294
235,PMC7791885,0.2,1 + every 1 day,63,subcutaneous,42.0,112.0,,425.0,Sprague–Dawley,rats,male,8.0,diet:high-fat,-11.76470588235294,63.0,12.6,liraglutide,129,NCT02527200,"CHILD,ADULT",PHASE3,31,3.0,1 + every 1 day,364,364,1092.0,no,subcutaneous,-0.6999999999999997,11.06470588235294
235,PMC7791885,0.2,1 + every 1 day,63,subcutaneous,42.0,112.0,,425.0,Sprague–Dawley,rats,male,8.0,diet:high-fat,-11.76470588235294,63.0,12.6,liraglutide,130,NCT00781937,"ADULT,OLDER_ADULT",PHASE3,194,3.0,1 + every 1 day,392,392,1176.0,no,subcutaneous,-6.0600000000000005,5.70470588235294
235,PMC7791885,0.2,1 + every 1 day,63,subcutaneous,42.0,112.0,,425.0,Sprague–Dawley,rats,male,8.0,diet:high-fat,-11.76470588235294,63.0,12.6,liraglutide,136,NCT04074161,"ADULT,OLDER_ADULT",PHASE3,117,3.0,1 + every 1 day,476,476,1428.0,no,subcutaneous,-4.800000000000001,6.96470588235294
235,PMC7791885,0.2,1 + every 1 day,63,subcutaneous,42.0,112.0,,425.0,Sprague–Dawley,rats,male,8.0,diet:high-fat,-11.76470588235294,63.0,12.6,liraglutide,150,NCT02647944,"ADULT,OLDER_ADULT",PHASE2,19,3.0,1 + every 1 day,112,112,336.0,no,subcutaneous,-2.58819247874349,9.17651340360945
235,PMC7791885,0.2,1 + every 1 day,63,subcutaneous,42.0,112.0,,425.0,Sprague–Dawley,rats,male,8.0,diet:high-fat,-11.76470588235294,63.0,12.6,liraglutide,155,NCT03486392,"ADULT,OLDER_ADULT",PHASE2,108,3.0,1 + every 1 day,182,182,546.0,no,subcutaneous,-5.78,5.98470588235294
236,PMC7791885,0.4,1 + every 1 day,63,subcutaneous,42.0,112.0,,425.0,Sprague–Dawley,rats,male,8.0,diet:high-fat,-11.76470588235294,63.0,25.200000000000003,liraglutide,35,NCT02453711,"ADULT,OLDER_ADULT",PHASE2,96,3.0,1 + every 1 day,364,364,1092.0,no,subcutaneous,-5.47,6.2947058823529405
236,PMC7791885,0.4,1 + every 1 day,63,subcutaneous,42.0,112.0,,425.0,Sprague–Dawley,rats,male,8.0,diet:high-fat,-11.76470588235294,63.0,25.200000000000003,liraglutide,51,NCT00422058,"ADULT,OLDER_ADULT",PHASE2,94,1.2,1 + every 1 day,140,140,168.0,no,subcutaneous,-2.2072087435352685,9.557497138817672
236,PMC7791885,0.4,1 + every 1 day,63,subcutaneous,42.0,112.0,,425.0,Sprague–Dawley,rats,male,8.0,diet:high-fat,-11.76470588235294,63.0,25.200000000000003,liraglutide,52,NCT00422058,"ADULT,OLDER_ADULT",PHASE2,90,1.8,1 + every 1 day,140,140,252.0,no,subcutaneous,-2.9371604752653058,8.827545407087634
236,PMC7791885,0.4,1 + every 1 day,63,subcutaneous,42.0,112.0,,425.0,Sprague–Dawley,rats,male,8.0,diet:high-fat,-11.76470588235294,63.0,25.200000000000003,liraglutide,53,NCT00422058,"ADULT,OLDER_ADULT",PHASE2,92,2.4,1 + every 1 day,140,140,336.0,no,subcutaneous,-3.6240693851707295,8.14063649718221
236,PMC7791885,0.4,1 + every 1 day,63,subcutaneous,42.0,112.0,,425.0,Sprague–Dawley,rats,male,8.0,diet:high-fat,-11.76470588235294,63.0,25.200000000000003,liraglutide,54,NCT00422058,"ADULT,OLDER_ADULT",PHASE2,92,3.0,1 + every 1 day,140,140,420.0,no,subcutaneous,-4.711624106871794,7.053081775481147
236,PMC7791885,0.4,1 + every 1 day,63,subcutaneous,42.0,112.0,,425.0,Sprague–Dawley,rats,male,8.0,diet:high-fat,-11.76470588235294,63.0,25.200000000000003,liraglutide,61,NCT03158805,"ADULT,OLDER_ADULT",PHASE2,29,3.0,1 + every 1 day,280,280,840.0,no,subcutaneous,-3.5,8.26470588235294
236,PMC7791885,0.4,1 + every 1 day,63,subcutaneous,42.0,112.0,,425.0,Sprague–Dawley,rats,male,8.0,diet:high-fat,-11.76470588235294,63.0,25.200000000000003,liraglutide,102,NCT01272232,"ADULT,OLDER_ADULT",PHASE3,412,3.0,1 + every 1 day,392,392,1176.0,no,subcutaneous,-3.9,7.86470588235294
236,PMC7791885,0.4,1 + every 1 day,63,subcutaneous,42.0,112.0,,425.0,Sprague–Dawley,rats,male,8.0,diet:high-fat,-11.76470588235294,63.0,25.200000000000003,liraglutide,103,NCT01272232,"ADULT,OLDER_ADULT",PHASE3,204,1.8,1 + every 1 day,392,392,705.6,no,subcutaneous,-2.6,9.16470588235294
236,PMC7791885,0.4,1 + every 1 day,63,subcutaneous,42.0,112.0,,425.0,Sprague–Dawley,rats,male,8.0,diet:high-fat,-11.76470588235294,63.0,25.200000000000003,liraglutide,106,NCT01272219,"ADULT,OLDER_ADULT",PHASE3,2432,3.0,1 + every 1 day,392,392,1176.0,no,subcutaneous,-5.36,6.40470588235294
236,PMC7791885,0.4,1 + every 1 day,63,subcutaneous,42.0,112.0,,425.0,Sprague–Dawley,rats,male,8.0,diet:high-fat,-11.76470588235294,63.0,25.200000000000003,liraglutide,107,NCT01272219,"ADULT,OLDER_ADULT",PHASE3,1467,3.0,1 + every 1 day,1120,1120,3360.0,no,subcutaneous,-4.25,7.51470588235294
236,PMC7791885,0.4,1 + every 1 day,63,subcutaneous,42.0,112.0,,425.0,Sprague–Dawley,rats,male,8.0,diet:high-fat,-11.76470588235294,63.0,25.200000000000003,liraglutide,108,NCT01272219,"ADULT,OLDER_ADULT",PHASE3,349,3.0,1 + every 1 day,476,476,1428.0,no,subcutaneous,-5.33,6.43470588235294
236,PMC7791885,0.4,1 + every 1 day,63,subcutaneous,42.0,112.0,,425.0,Sprague–Dawley,rats,male,8.0,diet:high-fat,-11.76470588235294,63.0,25.200000000000003,liraglutide,112,NCT01557166,ADULT,PHASE3,175,3.0,1 + every 1 day,224,224,672.0,no,subcutaneous,-4.201423866334764,7.563282016018176
236,PMC7791885,0.4,1 + every 1 day,63,subcutaneous,42.0,112.0,,425.0,Sprague–Dawley,rats,male,8.0,diet:high-fat,-11.76470588235294,63.0,25.200000000000003,liraglutide,120,NCT02918279,CHILD,PHASE3,125,3.0,1 + every 1 day,392,392,1176.0,no,subcutaneous,-3.6,8.16470588235294
236,PMC7791885,0.4,1 + every 1 day,63,subcutaneous,42.0,112.0,,425.0,Sprague–Dawley,rats,male,8.0,diet:high-fat,-11.76470588235294,63.0,25.200000000000003,liraglutide,127,NCT02527200,"CHILD,ADULT",PHASE3,17,3.0,1 + every 1 day,364,364,1092.0,no,subcutaneous,-2.7,9.06470588235294
236,PMC7791885,0.4,1 + every 1 day,63,subcutaneous,42.0,112.0,,425.0,Sprague–Dawley,rats,male,8.0,diet:high-fat,-11.76470588235294,63.0,25.200000000000003,liraglutide,128,NCT02527200,"CHILD,ADULT",PHASE3,14,3.0,1 + every 1 day,364,364,1092.0,no,subcutaneous,1.3999999999999997,13.16470588235294
236,PMC7791885,0.4,1 + every 1 day,63,subcutaneous,42.0,112.0,,425.0,Sprague–Dawley,rats,male,8.0,diet:high-fat,-11.76470588235294,63.0,25.200000000000003,liraglutide,129,NCT02527200,"CHILD,ADULT",PHASE3,31,3.0,1 + every 1 day,364,364,1092.0,no,subcutaneous,-0.6999999999999997,11.06470588235294
236,PMC7791885,0.4,1 + every 1 day,63,subcutaneous,42.0,112.0,,425.0,Sprague–Dawley,rats,male,8.0,diet:high-fat,-11.76470588235294,63.0,25.200000000000003,liraglutide,130,NCT00781937,"ADULT,OLDER_ADULT",PHASE3,194,3.0,1 + every 1 day,392,392,1176.0,no,subcutaneous,-6.0600000000000005,5.70470588235294
236,PMC7791885,0.4,1 + every 1 day,63,subcutaneous,42.0,112.0,,425.0,Sprague–Dawley,rats,male,8.0,diet:high-fat,-11.76470588235294,63.0,25.200000000000003,liraglutide,136,NCT04074161,"ADULT,OLDER_ADULT",PHASE3,117,3.0,1 + every 1 day,476,476,1428.0,no,subcutaneous,-4.800000000000001,6.96470588235294
236,PMC7791885,0.4,1 + every 1 day,63,subcutaneous,42.0,112.0,,425.0,Sprague–Dawley,rats,male,8.0,diet:high-fat,-11.76470588235294,63.0,25.200000000000003,liraglutide,150,NCT02647944,"ADULT,OLDER_ADULT",PHASE2,19,3.0,1 + every 1 day,112,112,336.0,no,subcutaneous,-2.58819247874349,9.17651340360945
236,PMC7791885,0.4,1 + every 1 day,63,subcutaneous,42.0,112.0,,425.0,Sprague–Dawley,rats,male,8.0,diet:high-fat,-11.76470588235294,63.0,25.200000000000003,liraglutide,155,NCT03486392,"ADULT,OLDER_ADULT",PHASE2,108,3.0,1 + every 1 day,182,182,546.0,no,subcutaneous,-5.78,5.98470588235294
237,PMC7862770,0.4,1 + every 1 day,28,subcutaneous,63.0,105.0,329.8,487.6,Wistar,rats,male,5.0,diet:high-fat,-8.0,28.0,11.2,liraglutide,35,NCT02453711,"ADULT,OLDER_ADULT",PHASE2,96,3.0,1 + every 1 day,364,364,1092.0,no,subcutaneous,-5.47,2.53
237,PMC7862770,0.4,1 + every 1 day,28,subcutaneous,63.0,105.0,329.8,487.6,Wistar,rats,male,5.0,diet:high-fat,-8.0,28.0,11.2,liraglutide,51,NCT00422058,"ADULT,OLDER_ADULT",PHASE2,94,1.2,1 + every 1 day,140,140,168.0,no,subcutaneous,-2.2072087435352685,5.792791256464732
237,PMC7862770,0.4,1 + every 1 day,28,subcutaneous,63.0,105.0,329.8,487.6,Wistar,rats,male,5.0,diet:high-fat,-8.0,28.0,11.2,liraglutide,52,NCT00422058,"ADULT,OLDER_ADULT",PHASE2,90,1.8,1 + every 1 day,140,140,252.0,no,subcutaneous,-2.9371604752653058,5.062839524734694
237,PMC7862770,0.4,1 + every 1 day,28,subcutaneous,63.0,105.0,329.8,487.6,Wistar,rats,male,5.0,diet:high-fat,-8.0,28.0,11.2,liraglutide,53,NCT00422058,"ADULT,OLDER_ADULT",PHASE2,92,2.4,1 + every 1 day,140,140,336.0,no,subcutaneous,-3.6240693851707295,4.37593061482927
237,PMC7862770,0.4,1 + every 1 day,28,subcutaneous,63.0,105.0,329.8,487.6,Wistar,rats,male,5.0,diet:high-fat,-8.0,28.0,11.2,liraglutide,54,NCT00422058,"ADULT,OLDER_ADULT",PHASE2,92,3.0,1 + every 1 day,140,140,420.0,no,subcutaneous,-4.711624106871794,3.2883758931282063
237,PMC7862770,0.4,1 + every 1 day,28,subcutaneous,63.0,105.0,329.8,487.6,Wistar,rats,male,5.0,diet:high-fat,-8.0,28.0,11.2,liraglutide,61,NCT03158805,"ADULT,OLDER_ADULT",PHASE2,29,3.0,1 + every 1 day,280,280,840.0,no,subcutaneous,-3.5,4.5
237,PMC7862770,0.4,1 + every 1 day,28,subcutaneous,63.0,105.0,329.8,487.6,Wistar,rats,male,5.0,diet:high-fat,-8.0,28.0,11.2,liraglutide,102,NCT01272232,"ADULT,OLDER_ADULT",PHASE3,412,3.0,1 + every 1 day,392,392,1176.0,no,subcutaneous,-3.9,4.1
237,PMC7862770,0.4,1 + every 1 day,28,subcutaneous,63.0,105.0,329.8,487.6,Wistar,rats,male,5.0,diet:high-fat,-8.0,28.0,11.2,liraglutide,103,NCT01272232,"ADULT,OLDER_ADULT",PHASE3,204,1.8,1 + every 1 day,392,392,705.6,no,subcutaneous,-2.6,5.4
237,PMC7862770,0.4,1 + every 1 day,28,subcutaneous,63.0,105.0,329.8,487.6,Wistar,rats,male,5.0,diet:high-fat,-8.0,28.0,11.2,liraglutide,106,NCT01272219,"ADULT,OLDER_ADULT",PHASE3,2432,3.0,1 + every 1 day,392,392,1176.0,no,subcutaneous,-5.36,2.64
237,PMC7862770,0.4,1 + every 1 day,28,subcutaneous,63.0,105.0,329.8,487.6,Wistar,rats,male,5.0,diet:high-fat,-8.0,28.0,11.2,liraglutide,107,NCT01272219,"ADULT,OLDER_ADULT",PHASE3,1467,3.0,1 + every 1 day,1120,1120,3360.0,no,subcutaneous,-4.25,3.75
237,PMC7862770,0.4,1 + every 1 day,28,subcutaneous,63.0,105.0,329.8,487.6,Wistar,rats,male,5.0,diet:high-fat,-8.0,28.0,11.2,liraglutide,108,NCT01272219,"ADULT,OLDER_ADULT",PHASE3,349,3.0,1 + every 1 day,476,476,1428.0,no,subcutaneous,-5.33,2.67
237,PMC7862770,0.4,1 + every 1 day,28,subcutaneous,63.0,105.0,329.8,487.6,Wistar,rats,male,5.0,diet:high-fat,-8.0,28.0,11.2,liraglutide,112,NCT01557166,ADULT,PHASE3,175,3.0,1 + every 1 day,224,224,672.0,no,subcutaneous,-4.201423866334764,3.798576133665236
237,PMC7862770,0.4,1 + every 1 day,28,subcutaneous,63.0,105.0,329.8,487.6,Wistar,rats,male,5.0,diet:high-fat,-8.0,28.0,11.2,liraglutide,120,NCT02918279,CHILD,PHASE3,125,3.0,1 + every 1 day,392,392,1176.0,no,subcutaneous,-3.6,4.4
237,PMC7862770,0.4,1 + every 1 day,28,subcutaneous,63.0,105.0,329.8,487.6,Wistar,rats,male,5.0,diet:high-fat,-8.0,28.0,11.2,liraglutide,127,NCT02527200,"CHILD,ADULT",PHASE3,17,3.0,1 + every 1 day,364,364,1092.0,no,subcutaneous,-2.7,5.300000000000001
237,PMC7862770,0.4,1 + every 1 day,28,subcutaneous,63.0,105.0,329.8,487.6,Wistar,rats,male,5.0,diet:high-fat,-8.0,28.0,11.2,liraglutide,128,NCT02527200,"CHILD,ADULT",PHASE3,14,3.0,1 + every 1 day,364,364,1092.0,no,subcutaneous,1.3999999999999997,9.4
237,PMC7862770,0.4,1 + every 1 day,28,subcutaneous,63.0,105.0,329.8,487.6,Wistar,rats,male,5.0,diet:high-fat,-8.0,28.0,11.2,liraglutide,129,NCT02527200,"CHILD,ADULT",PHASE3,31,3.0,1 + every 1 day,364,364,1092.0,no,subcutaneous,-0.6999999999999997,7.300000000000001
237,PMC7862770,0.4,1 + every 1 day,28,subcutaneous,63.0,105.0,329.8,487.6,Wistar,rats,male,5.0,diet:high-fat,-8.0,28.0,11.2,liraglutide,130,NCT00781937,"ADULT,OLDER_ADULT",PHASE3,194,3.0,1 + every 1 day,392,392,1176.0,no,subcutaneous,-6.0600000000000005,1.9399999999999995
237,PMC7862770,0.4,1 + every 1 day,28,subcutaneous,63.0,105.0,329.8,487.6,Wistar,rats,male,5.0,diet:high-fat,-8.0,28.0,11.2,liraglutide,136,NCT04074161,"ADULT,OLDER_ADULT",PHASE3,117,3.0,1 + every 1 day,476,476,1428.0,no,subcutaneous,-4.800000000000001,3.1999999999999997
237,PMC7862770,0.4,1 + every 1 day,28,subcutaneous,63.0,105.0,329.8,487.6,Wistar,rats,male,5.0,diet:high-fat,-8.0,28.0,11.2,liraglutide,150,NCT02647944,"ADULT,OLDER_ADULT",PHASE2,19,3.0,1 + every 1 day,112,112,336.0,no,subcutaneous,-2.58819247874349,5.4118075212565095
237,PMC7862770,0.4,1 + every 1 day,28,subcutaneous,63.0,105.0,329.8,487.6,Wistar,rats,male,5.0,diet:high-fat,-8.0,28.0,11.2,liraglutide,155,NCT03486392,"ADULT,OLDER_ADULT",PHASE2,108,3.0,1 + every 1 day,182,182,546.0,no,subcutaneous,-5.78,2.22
239,PMC8011784,0.2,1 + every 1 day,28,subcutaneous,42.0,161.0,,45.0,C57BL/6JRj,mice,male,10.0,diet:high-fat,-13.333333333333334,28.0,5.6000000000000005,liraglutide,35,NCT02453711,"ADULT,OLDER_ADULT",PHASE2,96,3.0,1 + every 1 day,364,364,1092.0,no,subcutaneous,-5.47,7.863333333333334
239,PMC8011784,0.2,1 + every 1 day,28,subcutaneous,42.0,161.0,,45.0,C57BL/6JRj,mice,male,10.0,diet:high-fat,-13.333333333333334,28.0,5.6000000000000005,liraglutide,51,NCT00422058,"ADULT,OLDER_ADULT",PHASE2,94,1.2,1 + every 1 day,140,140,168.0,no,subcutaneous,-2.2072087435352685,11.126124589798064
239,PMC8011784,0.2,1 + every 1 day,28,subcutaneous,42.0,161.0,,45.0,C57BL/6JRj,mice,male,10.0,diet:high-fat,-13.333333333333334,28.0,5.6000000000000005,liraglutide,52,NCT00422058,"ADULT,OLDER_ADULT",PHASE2,90,1.8,1 + every 1 day,140,140,252.0,no,subcutaneous,-2.9371604752653058,10.396172858068027
239,PMC8011784,0.2,1 + every 1 day,28,subcutaneous,42.0,161.0,,45.0,C57BL/6JRj,mice,male,10.0,diet:high-fat,-13.333333333333334,28.0,5.6000000000000005,liraglutide,53,NCT00422058,"ADULT,OLDER_ADULT",PHASE2,92,2.4,1 + every 1 day,140,140,336.0,no,subcutaneous,-3.6240693851707295,9.709263948162604
239,PMC8011784,0.2,1 + every 1 day,28,subcutaneous,42.0,161.0,,45.0,C57BL/6JRj,mice,male,10.0,diet:high-fat,-13.333333333333334,28.0,5.6000000000000005,liraglutide,54,NCT00422058,"ADULT,OLDER_ADULT",PHASE2,92,3.0,1 + every 1 day,140,140,420.0,no,subcutaneous,-4.711624106871794,8.62170922646154
239,PMC8011784,0.2,1 + every 1 day,28,subcutaneous,42.0,161.0,,45.0,C57BL/6JRj,mice,male,10.0,diet:high-fat,-13.333333333333334,28.0,5.6000000000000005,liraglutide,61,NCT03158805,"ADULT,OLDER_ADULT",PHASE2,29,3.0,1 + every 1 day,280,280,840.0,no,subcutaneous,-3.5,9.833333333333334
239,PMC8011784,0.2,1 + every 1 day,28,subcutaneous,42.0,161.0,,45.0,C57BL/6JRj,mice,male,10.0,diet:high-fat,-13.333333333333334,28.0,5.6000000000000005,liraglutide,102,NCT01272232,"ADULT,OLDER_ADULT",PHASE3,412,3.0,1 + every 1 day,392,392,1176.0,no,subcutaneous,-3.9,9.433333333333334
239,PMC8011784,0.2,1 + every 1 day,28,subcutaneous,42.0,161.0,,45.0,C57BL/6JRj,mice,male,10.0,diet:high-fat,-13.333333333333334,28.0,5.6000000000000005,liraglutide,103,NCT01272232,"ADULT,OLDER_ADULT",PHASE3,204,1.8,1 + every 1 day,392,392,705.6,no,subcutaneous,-2.6,10.733333333333334
239,PMC8011784,0.2,1 + every 1 day,28,subcutaneous,42.0,161.0,,45.0,C57BL/6JRj,mice,male,10.0,diet:high-fat,-13.333333333333334,28.0,5.6000000000000005,liraglutide,106,NCT01272219,"ADULT,OLDER_ADULT",PHASE3,2432,3.0,1 + every 1 day,392,392,1176.0,no,subcutaneous,-5.36,7.973333333333334
239,PMC8011784,0.2,1 + every 1 day,28,subcutaneous,42.0,161.0,,45.0,C57BL/6JRj,mice,male,10.0,diet:high-fat,-13.333333333333334,28.0,5.6000000000000005,liraglutide,107,NCT01272219,"ADULT,OLDER_ADULT",PHASE3,1467,3.0,1 + every 1 day,1120,1120,3360.0,no,subcutaneous,-4.25,9.083333333333334
239,PMC8011784,0.2,1 + every 1 day,28,subcutaneous,42.0,161.0,,45.0,C57BL/6JRj,mice,male,10.0,diet:high-fat,-13.333333333333334,28.0,5.6000000000000005,liraglutide,108,NCT01272219,"ADULT,OLDER_ADULT",PHASE3,349,3.0,1 + every 1 day,476,476,1428.0,no,subcutaneous,-5.33,8.003333333333334
239,PMC8011784,0.2,1 + every 1 day,28,subcutaneous,42.0,161.0,,45.0,C57BL/6JRj,mice,male,10.0,diet:high-fat,-13.333333333333334,28.0,5.6000000000000005,liraglutide,112,NCT01557166,ADULT,PHASE3,175,3.0,1 + every 1 day,224,224,672.0,no,subcutaneous,-4.201423866334764,9.13190946699857
239,PMC8011784,0.2,1 + every 1 day,28,subcutaneous,42.0,161.0,,45.0,C57BL/6JRj,mice,male,10.0,diet:high-fat,-13.333333333333334,28.0,5.6000000000000005,liraglutide,120,NCT02918279,CHILD,PHASE3,125,3.0,1 + every 1 day,392,392,1176.0,no,subcutaneous,-3.6,9.733333333333334
239,PMC8011784,0.2,1 + every 1 day,28,subcutaneous,42.0,161.0,,45.0,C57BL/6JRj,mice,male,10.0,diet:high-fat,-13.333333333333334,28.0,5.6000000000000005,liraglutide,127,NCT02527200,"CHILD,ADULT",PHASE3,17,3.0,1 + every 1 day,364,364,1092.0,no,subcutaneous,-2.7,10.633333333333336
239,PMC8011784,0.2,1 + every 1 day,28,subcutaneous,42.0,161.0,,45.0,C57BL/6JRj,mice,male,10.0,diet:high-fat,-13.333333333333334,28.0,5.6000000000000005,liraglutide,128,NCT02527200,"CHILD,ADULT",PHASE3,14,3.0,1 + every 1 day,364,364,1092.0,no,subcutaneous,1.3999999999999997,14.733333333333334
239,PMC8011784,0.2,1 + every 1 day,28,subcutaneous,42.0,161.0,,45.0,C57BL/6JRj,mice,male,10.0,diet:high-fat,-13.333333333333334,28.0,5.6000000000000005,liraglutide,129,NCT02527200,"CHILD,ADULT",PHASE3,31,3.0,1 + every 1 day,364,364,1092.0,no,subcutaneous,-0.6999999999999997,12.633333333333336
239,PMC8011784,0.2,1 + every 1 day,28,subcutaneous,42.0,161.0,,45.0,C57BL/6JRj,mice,male,10.0,diet:high-fat,-13.333333333333334,28.0,5.6000000000000005,liraglutide,130,NCT00781937,"ADULT,OLDER_ADULT",PHASE3,194,3.0,1 + every 1 day,392,392,1176.0,no,subcutaneous,-6.0600000000000005,7.273333333333333
239,PMC8011784,0.2,1 + every 1 day,28,subcutaneous,42.0,161.0,,45.0,C57BL/6JRj,mice,male,10.0,diet:high-fat,-13.333333333333334,28.0,5.6000000000000005,liraglutide,136,NCT04074161,"ADULT,OLDER_ADULT",PHASE3,117,3.0,1 + every 1 day,476,476,1428.0,no,subcutaneous,-4.800000000000001,8.533333333333333
239,PMC8011784,0.2,1 + every 1 day,28,subcutaneous,42.0,161.0,,45.0,C57BL/6JRj,mice,male,10.0,diet:high-fat,-13.333333333333334,28.0,5.6000000000000005,liraglutide,150,NCT02647944,"ADULT,OLDER_ADULT",PHASE2,19,3.0,1 + every 1 day,112,112,336.0,no,subcutaneous,-2.58819247874349,10.745140854589843
239,PMC8011784,0.2,1 + every 1 day,28,subcutaneous,42.0,161.0,,45.0,C57BL/6JRj,mice,male,10.0,diet:high-fat,-13.333333333333334,28.0,5.6000000000000005,liraglutide,155,NCT03486392,"ADULT,OLDER_ADULT",PHASE2,108,3.0,1 + every 1 day,182,182,546.0,no,subcutaneous,-5.78,7.553333333333334
240,PMC8011784,0.2,1 + every 1 day,28,subcutaneous,42.0,336.0,,53.0,C57BL/6JRj,mice,male,10.0,diet:high-fat,-7.547169811320756,28.0,5.6000000000000005,liraglutide,35,NCT02453711,"ADULT,OLDER_ADULT",PHASE2,96,3.0,1 + every 1 day,364,364,1092.0,no,subcutaneous,-5.47,2.077169811320756
240,PMC8011784,0.2,1 + every 1 day,28,subcutaneous,42.0,336.0,,53.0,C57BL/6JRj,mice,male,10.0,diet:high-fat,-7.547169811320756,28.0,5.6000000000000005,liraglutide,51,NCT00422058,"ADULT,OLDER_ADULT",PHASE2,94,1.2,1 + every 1 day,140,140,168.0,no,subcutaneous,-2.2072087435352685,5.339961067785487
240,PMC8011784,0.2,1 + every 1 day,28,subcutaneous,42.0,336.0,,53.0,C57BL/6JRj,mice,male,10.0,diet:high-fat,-7.547169811320756,28.0,5.6000000000000005,liraglutide,52,NCT00422058,"ADULT,OLDER_ADULT",PHASE2,90,1.8,1 + every 1 day,140,140,252.0,no,subcutaneous,-2.9371604752653058,4.61000933605545
240,PMC8011784,0.2,1 + every 1 day,28,subcutaneous,42.0,336.0,,53.0,C57BL/6JRj,mice,male,10.0,diet:high-fat,-7.547169811320756,28.0,5.6000000000000005,liraglutide,53,NCT00422058,"ADULT,OLDER_ADULT",PHASE2,92,2.4,1 + every 1 day,140,140,336.0,no,subcutaneous,-3.6240693851707295,3.923100426150025
240,PMC8011784,0.2,1 + every 1 day,28,subcutaneous,42.0,336.0,,53.0,C57BL/6JRj,mice,male,10.0,diet:high-fat,-7.547169811320756,28.0,5.6000000000000005,liraglutide,54,NCT00422058,"ADULT,OLDER_ADULT",PHASE2,92,3.0,1 + every 1 day,140,140,420.0,no,subcutaneous,-4.711624106871794,2.835545704448962
240,PMC8011784,0.2,1 + every 1 day,28,subcutaneous,42.0,336.0,,53.0,C57BL/6JRj,mice,male,10.0,diet:high-fat,-7.547169811320756,28.0,5.6000000000000005,liraglutide,61,NCT03158805,"ADULT,OLDER_ADULT",PHASE2,29,3.0,1 + every 1 day,280,280,840.0,no,subcutaneous,-3.5,4.047169811320756
240,PMC8011784,0.2,1 + every 1 day,28,subcutaneous,42.0,336.0,,53.0,C57BL/6JRj,mice,male,10.0,diet:high-fat,-7.547169811320756,28.0,5.6000000000000005,liraglutide,102,NCT01272232,"ADULT,OLDER_ADULT",PHASE3,412,3.0,1 + every 1 day,392,392,1176.0,no,subcutaneous,-3.9,3.6471698113207554
240,PMC8011784,0.2,1 + every 1 day,28,subcutaneous,42.0,336.0,,53.0,C57BL/6JRj,mice,male,10.0,diet:high-fat,-7.547169811320756,28.0,5.6000000000000005,liraglutide,103,NCT01272232,"ADULT,OLDER_ADULT",PHASE3,204,1.8,1 + every 1 day,392,392,705.6,no,subcutaneous,-2.6,4.947169811320756
240,PMC8011784,0.2,1 + every 1 day,28,subcutaneous,42.0,336.0,,53.0,C57BL/6JRj,mice,male,10.0,diet:high-fat,-7.547169811320756,28.0,5.6000000000000005,liraglutide,106,NCT01272219,"ADULT,OLDER_ADULT",PHASE3,2432,3.0,1 + every 1 day,392,392,1176.0,no,subcutaneous,-5.36,2.1871698113207554
240,PMC8011784,0.2,1 + every 1 day,28,subcutaneous,42.0,336.0,,53.0,C57BL/6JRj,mice,male,10.0,diet:high-fat,-7.547169811320756,28.0,5.6000000000000005,liraglutide,107,NCT01272219,"ADULT,OLDER_ADULT",PHASE3,1467,3.0,1 + every 1 day,1120,1120,3360.0,no,subcutaneous,-4.25,3.297169811320756
240,PMC8011784,0.2,1 + every 1 day,28,subcutaneous,42.0,336.0,,53.0,C57BL/6JRj,mice,male,10.0,diet:high-fat,-7.547169811320756,28.0,5.6000000000000005,liraglutide,108,NCT01272219,"ADULT,OLDER_ADULT",PHASE3,349,3.0,1 + every 1 day,476,476,1428.0,no,subcutaneous,-5.33,2.217169811320756
240,PMC8011784,0.2,1 + every 1 day,28,subcutaneous,42.0,336.0,,53.0,C57BL/6JRj,mice,male,10.0,diet:high-fat,-7.547169811320756,28.0,5.6000000000000005,liraglutide,112,NCT01557166,ADULT,PHASE3,175,3.0,1 + every 1 day,224,224,672.0,no,subcutaneous,-4.201423866334764,3.345745944985992
240,PMC8011784,0.2,1 + every 1 day,28,subcutaneous,42.0,336.0,,53.0,C57BL/6JRj,mice,male,10.0,diet:high-fat,-7.547169811320756,28.0,5.6000000000000005,liraglutide,120,NCT02918279,CHILD,PHASE3,125,3.0,1 + every 1 day,392,392,1176.0,no,subcutaneous,-3.6,3.947169811320756
240,PMC8011784,0.2,1 + every 1 day,28,subcutaneous,42.0,336.0,,53.0,C57BL/6JRj,mice,male,10.0,diet:high-fat,-7.547169811320756,28.0,5.6000000000000005,liraglutide,127,NCT02527200,"CHILD,ADULT",PHASE3,17,3.0,1 + every 1 day,364,364,1092.0,no,subcutaneous,-2.7,4.847169811320756
240,PMC8011784,0.2,1 + every 1 day,28,subcutaneous,42.0,336.0,,53.0,C57BL/6JRj,mice,male,10.0,diet:high-fat,-7.547169811320756,28.0,5.6000000000000005,liraglutide,128,NCT02527200,"CHILD,ADULT",PHASE3,14,3.0,1 + every 1 day,364,364,1092.0,no,subcutaneous,1.3999999999999997,8.947169811320755
240,PMC8011784,0.2,1 + every 1 day,28,subcutaneous,42.0,336.0,,53.0,C57BL/6JRj,mice,male,10.0,diet:high-fat,-7.547169811320756,28.0,5.6000000000000005,liraglutide,129,NCT02527200,"CHILD,ADULT",PHASE3,31,3.0,1 + every 1 day,364,364,1092.0,no,subcutaneous,-0.6999999999999997,6.847169811320756
240,PMC8011784,0.2,1 + every 1 day,28,subcutaneous,42.0,336.0,,53.0,C57BL/6JRj,mice,male,10.0,diet:high-fat,-7.547169811320756,28.0,5.6000000000000005,liraglutide,130,NCT00781937,"ADULT,OLDER_ADULT",PHASE3,194,3.0,1 + every 1 day,392,392,1176.0,no,subcutaneous,-6.0600000000000005,1.4871698113207552
240,PMC8011784,0.2,1 + every 1 day,28,subcutaneous,42.0,336.0,,53.0,C57BL/6JRj,mice,male,10.0,diet:high-fat,-7.547169811320756,28.0,5.6000000000000005,liraglutide,136,NCT04074161,"ADULT,OLDER_ADULT",PHASE3,117,3.0,1 + every 1 day,476,476,1428.0,no,subcutaneous,-4.800000000000001,2.747169811320755
240,PMC8011784,0.2,1 + every 1 day,28,subcutaneous,42.0,336.0,,53.0,C57BL/6JRj,mice,male,10.0,diet:high-fat,-7.547169811320756,28.0,5.6000000000000005,liraglutide,150,NCT02647944,"ADULT,OLDER_ADULT",PHASE2,19,3.0,1 + every 1 day,112,112,336.0,no,subcutaneous,-2.58819247874349,4.958977332577266
240,PMC8011784,0.2,1 + every 1 day,28,subcutaneous,42.0,336.0,,53.0,C57BL/6JRj,mice,male,10.0,diet:high-fat,-7.547169811320756,28.0,5.6000000000000005,liraglutide,155,NCT03486392,"ADULT,OLDER_ADULT",PHASE2,108,3.0,1 + every 1 day,182,182,546.0,no,subcutaneous,-5.78,1.7671698113207557
263,PMC8663785,0.2,1 + every 1 day,112,subcutaneous,56.0,56.0,,24.0,Ldlr−/−,mice,male,9.0,diet:high-fat+high-cholesterol,-41.66666666666666,112.0,22.4,liraglutide,35,NCT02453711,"ADULT,OLDER_ADULT",PHASE2,96,3.0,1 + every 1 day,364,364,1092.0,no,subcutaneous,-5.47,36.196666666666665
263,PMC8663785,0.2,1 + every 1 day,112,subcutaneous,56.0,56.0,,24.0,Ldlr−/−,mice,male,9.0,diet:high-fat+high-cholesterol,-41.66666666666666,112.0,22.4,liraglutide,51,NCT00422058,"ADULT,OLDER_ADULT",PHASE2,94,1.2,1 + every 1 day,140,140,168.0,no,subcutaneous,-2.2072087435352685,39.4594579231314
263,PMC8663785,0.2,1 + every 1 day,112,subcutaneous,56.0,56.0,,24.0,Ldlr−/−,mice,male,9.0,diet:high-fat+high-cholesterol,-41.66666666666666,112.0,22.4,liraglutide,52,NCT00422058,"ADULT,OLDER_ADULT",PHASE2,90,1.8,1 + every 1 day,140,140,252.0,no,subcutaneous,-2.9371604752653058,38.72950619140136
263,PMC8663785,0.2,1 + every 1 day,112,subcutaneous,56.0,56.0,,24.0,Ldlr−/−,mice,male,9.0,diet:high-fat+high-cholesterol,-41.66666666666666,112.0,22.4,liraglutide,53,NCT00422058,"ADULT,OLDER_ADULT",PHASE2,92,2.4,1 + every 1 day,140,140,336.0,no,subcutaneous,-3.6240693851707295,38.04259728149594
263,PMC8663785,0.2,1 + every 1 day,112,subcutaneous,56.0,56.0,,24.0,Ldlr−/−,mice,male,9.0,diet:high-fat+high-cholesterol,-41.66666666666666,112.0,22.4,liraglutide,54,NCT00422058,"ADULT,OLDER_ADULT",PHASE2,92,3.0,1 + every 1 day,140,140,420.0,no,subcutaneous,-4.711624106871794,36.95504255979487
263,PMC8663785,0.2,1 + every 1 day,112,subcutaneous,56.0,56.0,,24.0,Ldlr−/−,mice,male,9.0,diet:high-fat+high-cholesterol,-41.66666666666666,112.0,22.4,liraglutide,61,NCT03158805,"ADULT,OLDER_ADULT",PHASE2,29,3.0,1 + every 1 day,280,280,840.0,no,subcutaneous,-3.5,38.16666666666666
263,PMC8663785,0.2,1 + every 1 day,112,subcutaneous,56.0,56.0,,24.0,Ldlr−/−,mice,male,9.0,diet:high-fat+high-cholesterol,-41.66666666666666,112.0,22.4,liraglutide,102,NCT01272232,"ADULT,OLDER_ADULT",PHASE3,412,3.0,1 + every 1 day,392,392,1176.0,no,subcutaneous,-3.9,37.766666666666666
263,PMC8663785,0.2,1 + every 1 day,112,subcutaneous,56.0,56.0,,24.0,Ldlr−/−,mice,male,9.0,diet:high-fat+high-cholesterol,-41.66666666666666,112.0,22.4,liraglutide,103,NCT01272232,"ADULT,OLDER_ADULT",PHASE3,204,1.8,1 + every 1 day,392,392,705.6,no,subcutaneous,-2.6,39.06666666666666
263,PMC8663785,0.2,1 + every 1 day,112,subcutaneous,56.0,56.0,,24.0,Ldlr−/−,mice,male,9.0,diet:high-fat+high-cholesterol,-41.66666666666666,112.0,22.4,liraglutide,106,NCT01272219,"ADULT,OLDER_ADULT",PHASE3,2432,3.0,1 + every 1 day,392,392,1176.0,no,subcutaneous,-5.36,36.306666666666665
263,PMC8663785,0.2,1 + every 1 day,112,subcutaneous,56.0,56.0,,24.0,Ldlr−/−,mice,male,9.0,diet:high-fat+high-cholesterol,-41.66666666666666,112.0,22.4,liraglutide,107,NCT01272219,"ADULT,OLDER_ADULT",PHASE3,1467,3.0,1 + every 1 day,1120,1120,3360.0,no,subcutaneous,-4.25,37.41666666666666
263,PMC8663785,0.2,1 + every 1 day,112,subcutaneous,56.0,56.0,,24.0,Ldlr−/−,mice,male,9.0,diet:high-fat+high-cholesterol,-41.66666666666666,112.0,22.4,liraglutide,108,NCT01272219,"ADULT,OLDER_ADULT",PHASE3,349,3.0,1 + every 1 day,476,476,1428.0,no,subcutaneous,-5.33,36.336666666666666
263,PMC8663785,0.2,1 + every 1 day,112,subcutaneous,56.0,56.0,,24.0,Ldlr−/−,mice,male,9.0,diet:high-fat+high-cholesterol,-41.66666666666666,112.0,22.4,liraglutide,112,NCT01557166,ADULT,PHASE3,175,3.0,1 + every 1 day,224,224,672.0,no,subcutaneous,-4.201423866334764,37.4652428003319
263,PMC8663785,0.2,1 + every 1 day,112,subcutaneous,56.0,56.0,,24.0,Ldlr−/−,mice,male,9.0,diet:high-fat+high-cholesterol,-41.66666666666666,112.0,22.4,liraglutide,120,NCT02918279,CHILD,PHASE3,125,3.0,1 + every 1 day,392,392,1176.0,no,subcutaneous,-3.6,38.06666666666666
263,PMC8663785,0.2,1 + every 1 day,112,subcutaneous,56.0,56.0,,24.0,Ldlr−/−,mice,male,9.0,diet:high-fat+high-cholesterol,-41.66666666666666,112.0,22.4,liraglutide,127,NCT02527200,"CHILD,ADULT",PHASE3,17,3.0,1 + every 1 day,364,364,1092.0,no,subcutaneous,-2.7,38.96666666666666
263,PMC8663785,0.2,1 + every 1 day,112,subcutaneous,56.0,56.0,,24.0,Ldlr−/−,mice,male,9.0,diet:high-fat+high-cholesterol,-41.66666666666666,112.0,22.4,liraglutide,128,NCT02527200,"CHILD,ADULT",PHASE3,14,3.0,1 + every 1 day,364,364,1092.0,no,subcutaneous,1.3999999999999997,43.06666666666666
263,PMC8663785,0.2,1 + every 1 day,112,subcutaneous,56.0,56.0,,24.0,Ldlr−/−,mice,male,9.0,diet:high-fat+high-cholesterol,-41.66666666666666,112.0,22.4,liraglutide,129,NCT02527200,"CHILD,ADULT",PHASE3,31,3.0,1 + every 1 day,364,364,1092.0,no,subcutaneous,-0.6999999999999997,40.96666666666666
263,PMC8663785,0.2,1 + every 1 day,112,subcutaneous,56.0,56.0,,24.0,Ldlr−/−,mice,male,9.0,diet:high-fat+high-cholesterol,-41.66666666666666,112.0,22.4,liraglutide,130,NCT00781937,"ADULT,OLDER_ADULT",PHASE3,194,3.0,1 + every 1 day,392,392,1176.0,no,subcutaneous,-6.0600000000000005,35.60666666666666
263,PMC8663785,0.2,1 + every 1 day,112,subcutaneous,56.0,56.0,,24.0,Ldlr−/−,mice,male,9.0,diet:high-fat+high-cholesterol,-41.66666666666666,112.0,22.4,liraglutide,136,NCT04074161,"ADULT,OLDER_ADULT",PHASE3,117,3.0,1 + every 1 day,476,476,1428.0,no,subcutaneous,-4.800000000000001,36.86666666666666
263,PMC8663785,0.2,1 + every 1 day,112,subcutaneous,56.0,56.0,,24.0,Ldlr−/−,mice,male,9.0,diet:high-fat+high-cholesterol,-41.66666666666666,112.0,22.4,liraglutide,150,NCT02647944,"ADULT,OLDER_ADULT",PHASE2,19,3.0,1 + every 1 day,112,112,336.0,no,subcutaneous,-2.58819247874349,39.07847418792318
263,PMC8663785,0.2,1 + every 1 day,112,subcutaneous,56.0,56.0,,24.0,Ldlr−/−,mice,male,9.0,diet:high-fat+high-cholesterol,-41.66666666666666,112.0,22.4,liraglutide,155,NCT03486392,"ADULT,OLDER_ADULT",PHASE2,108,3.0,1 + every 1 day,182,182,546.0,no,subcutaneous,-5.78,35.88666666666666
286,PMC9372155,0.09,1 + every 1 day,7,subcutaneous,,,,,C57BL/6J,mice,male,8.0,diet:high-fat,-7.1,7.0,0.63,liraglutide,35,NCT02453711,"ADULT,OLDER_ADULT",PHASE2,96,3.0,1 + every 1 day,364,364,1092.0,no,subcutaneous,-5.47,1.63
286,PMC9372155,0.09,1 + every 1 day,7,subcutaneous,,,,,C57BL/6J,mice,male,8.0,diet:high-fat,-7.1,7.0,0.63,liraglutide,51,NCT00422058,"ADULT,OLDER_ADULT",PHASE2,94,1.2,1 + every 1 day,140,140,168.0,no,subcutaneous,-2.2072087435352685,4.892791256464731
286,PMC9372155,0.09,1 + every 1 day,7,subcutaneous,,,,,C57BL/6J,mice,male,8.0,diet:high-fat,-7.1,7.0,0.63,liraglutide,52,NCT00422058,"ADULT,OLDER_ADULT",PHASE2,90,1.8,1 + every 1 day,140,140,252.0,no,subcutaneous,-2.9371604752653058,4.162839524734694
286,PMC9372155,0.09,1 + every 1 day,7,subcutaneous,,,,,C57BL/6J,mice,male,8.0,diet:high-fat,-7.1,7.0,0.63,liraglutide,53,NCT00422058,"ADULT,OLDER_ADULT",PHASE2,92,2.4,1 + every 1 day,140,140,336.0,no,subcutaneous,-3.6240693851707295,3.475930614829269
286,PMC9372155,0.09,1 + every 1 day,7,subcutaneous,,,,,C57BL/6J,mice,male,8.0,diet:high-fat,-7.1,7.0,0.63,liraglutide,54,NCT00422058,"ADULT,OLDER_ADULT",PHASE2,92,3.0,1 + every 1 day,140,140,420.0,no,subcutaneous,-4.711624106871794,2.388375893128206
286,PMC9372155,0.09,1 + every 1 day,7,subcutaneous,,,,,C57BL/6J,mice,male,8.0,diet:high-fat,-7.1,7.0,0.63,liraglutide,61,NCT03158805,"ADULT,OLDER_ADULT",PHASE2,29,3.0,1 + every 1 day,280,280,840.0,no,subcutaneous,-3.5,3.6
286,PMC9372155,0.09,1 + every 1 day,7,subcutaneous,,,,,C57BL/6J,mice,male,8.0,diet:high-fat,-7.1,7.0,0.63,liraglutide,102,NCT01272232,"ADULT,OLDER_ADULT",PHASE3,412,3.0,1 + every 1 day,392,392,1176.0,no,subcutaneous,-3.9,3.1999999999999997
286,PMC9372155,0.09,1 + every 1 day,7,subcutaneous,,,,,C57BL/6J,mice,male,8.0,diet:high-fat,-7.1,7.0,0.63,liraglutide,103,NCT01272232,"ADULT,OLDER_ADULT",PHASE3,204,1.8,1 + every 1 day,392,392,705.6,no,subcutaneous,-2.6,4.5
286,PMC9372155,0.09,1 + every 1 day,7,subcutaneous,,,,,C57BL/6J,mice,male,8.0,diet:high-fat,-7.1,7.0,0.63,liraglutide,106,NCT01272219,"ADULT,OLDER_ADULT",PHASE3,2432,3.0,1 + every 1 day,392,392,1176.0,no,subcutaneous,-5.36,1.739999999999999
286,PMC9372155,0.09,1 + every 1 day,7,subcutaneous,,,,,C57BL/6J,mice,male,8.0,diet:high-fat,-7.1,7.0,0.63,liraglutide,107,NCT01272219,"ADULT,OLDER_ADULT",PHASE3,1467,3.0,1 + every 1 day,1120,1120,3360.0,no,subcutaneous,-4.25,2.85
286,PMC9372155,0.09,1 + every 1 day,7,subcutaneous,,,,,C57BL/6J,mice,male,8.0,diet:high-fat,-7.1,7.0,0.63,liraglutide,108,NCT01272219,"ADULT,OLDER_ADULT",PHASE3,349,3.0,1 + every 1 day,476,476,1428.0,no,subcutaneous,-5.33,1.7699999999999996
286,PMC9372155,0.09,1 + every 1 day,7,subcutaneous,,,,,C57BL/6J,mice,male,8.0,diet:high-fat,-7.1,7.0,0.63,liraglutide,112,NCT01557166,ADULT,PHASE3,175,3.0,1 + every 1 day,224,224,672.0,no,subcutaneous,-4.201423866334764,2.898576133665236
286,PMC9372155,0.09,1 + every 1 day,7,subcutaneous,,,,,C57BL/6J,mice,male,8.0,diet:high-fat,-7.1,7.0,0.63,liraglutide,120,NCT02918279,CHILD,PHASE3,125,3.0,1 + every 1 day,392,392,1176.0,no,subcutaneous,-3.6,3.5
286,PMC9372155,0.09,1 + every 1 day,7,subcutaneous,,,,,C57BL/6J,mice,male,8.0,diet:high-fat,-7.1,7.0,0.63,liraglutide,127,NCT02527200,"CHILD,ADULT",PHASE3,17,3.0,1 + every 1 day,364,364,1092.0,no,subcutaneous,-2.7,4.4
286,PMC9372155,0.09,1 + every 1 day,7,subcutaneous,,,,,C57BL/6J,mice,male,8.0,diet:high-fat,-7.1,7.0,0.63,liraglutide,128,NCT02527200,"CHILD,ADULT",PHASE3,14,3.0,1 + every 1 day,364,364,1092.0,no,subcutaneous,1.3999999999999997,8.5
286,PMC9372155,0.09,1 + every 1 day,7,subcutaneous,,,,,C57BL/6J,mice,male,8.0,diet:high-fat,-7.1,7.0,0.63,liraglutide,129,NCT02527200,"CHILD,ADULT",PHASE3,31,3.0,1 + every 1 day,364,364,1092.0,no,subcutaneous,-0.6999999999999997,6.4
286,PMC9372155,0.09,1 + every 1 day,7,subcutaneous,,,,,C57BL/6J,mice,male,8.0,diet:high-fat,-7.1,7.0,0.63,liraglutide,130,NCT00781937,"ADULT,OLDER_ADULT",PHASE3,194,3.0,1 + every 1 day,392,392,1176.0,no,subcutaneous,-6.0600000000000005,1.0399999999999991
286,PMC9372155,0.09,1 + every 1 day,7,subcutaneous,,,,,C57BL/6J,mice,male,8.0,diet:high-fat,-7.1,7.0,0.63,liraglutide,136,NCT04074161,"ADULT,OLDER_ADULT",PHASE3,117,3.0,1 + every 1 day,476,476,1428.0,no,subcutaneous,-4.800000000000001,2.299999999999999
286,PMC9372155,0.09,1 + every 1 day,7,subcutaneous,,,,,C57BL/6J,mice,male,8.0,diet:high-fat,-7.1,7.0,0.63,liraglutide,150,NCT02647944,"ADULT,OLDER_ADULT",PHASE2,19,3.0,1 + every 1 day,112,112,336.0,no,subcutaneous,-2.58819247874349,4.511807521256509
286,PMC9372155,0.09,1 + every 1 day,7,subcutaneous,,,,,C57BL/6J,mice,male,8.0,diet:high-fat,-7.1,7.0,0.63,liraglutide,155,NCT03486392,"ADULT,OLDER_ADULT",PHASE2,108,3.0,1 + every 1 day,182,182,546.0,no,subcutaneous,-5.78,1.3199999999999994
287,PMC9374709,0.4,1 + every 1 day,26,subcutaneous,28.0,112.0,,,C57BL/6NTac,mice,male,16.0,diet:high-fat,-12.03,26.0,10.4,liraglutide,35,NCT02453711,"ADULT,OLDER_ADULT",PHASE2,96,3.0,1 + every 1 day,364,364,1092.0,no,subcutaneous,-5.47,6.56
287,PMC9374709,0.4,1 + every 1 day,26,subcutaneous,28.0,112.0,,,C57BL/6NTac,mice,male,16.0,diet:high-fat,-12.03,26.0,10.4,liraglutide,51,NCT00422058,"ADULT,OLDER_ADULT",PHASE2,94,1.2,1 + every 1 day,140,140,168.0,no,subcutaneous,-2.2072087435352685,9.82279125646473
287,PMC9374709,0.4,1 + every 1 day,26,subcutaneous,28.0,112.0,,,C57BL/6NTac,mice,male,16.0,diet:high-fat,-12.03,26.0,10.4,liraglutide,52,NCT00422058,"ADULT,OLDER_ADULT",PHASE2,90,1.8,1 + every 1 day,140,140,252.0,no,subcutaneous,-2.9371604752653058,9.092839524734693
287,PMC9374709,0.4,1 + every 1 day,26,subcutaneous,28.0,112.0,,,C57BL/6NTac,mice,male,16.0,diet:high-fat,-12.03,26.0,10.4,liraglutide,53,NCT00422058,"ADULT,OLDER_ADULT",PHASE2,92,2.4,1 + every 1 day,140,140,336.0,no,subcutaneous,-3.6240693851707295,8.40593061482927
287,PMC9374709,0.4,1 + every 1 day,26,subcutaneous,28.0,112.0,,,C57BL/6NTac,mice,male,16.0,diet:high-fat,-12.03,26.0,10.4,liraglutide,54,NCT00422058,"ADULT,OLDER_ADULT",PHASE2,92,3.0,1 + every 1 day,140,140,420.0,no,subcutaneous,-4.711624106871794,7.318375893128206
287,PMC9374709,0.4,1 + every 1 day,26,subcutaneous,28.0,112.0,,,C57BL/6NTac,mice,male,16.0,diet:high-fat,-12.03,26.0,10.4,liraglutide,61,NCT03158805,"ADULT,OLDER_ADULT",PHASE2,29,3.0,1 + every 1 day,280,280,840.0,no,subcutaneous,-3.5,8.53
287,PMC9374709,0.4,1 + every 1 day,26,subcutaneous,28.0,112.0,,,C57BL/6NTac,mice,male,16.0,diet:high-fat,-12.03,26.0,10.4,liraglutide,102,NCT01272232,"ADULT,OLDER_ADULT",PHASE3,412,3.0,1 + every 1 day,392,392,1176.0,no,subcutaneous,-3.9,8.129999999999999
287,PMC9374709,0.4,1 + every 1 day,26,subcutaneous,28.0,112.0,,,C57BL/6NTac,mice,male,16.0,diet:high-fat,-12.03,26.0,10.4,liraglutide,103,NCT01272232,"ADULT,OLDER_ADULT",PHASE3,204,1.8,1 + every 1 day,392,392,705.6,no,subcutaneous,-2.6,9.43
287,PMC9374709,0.4,1 + every 1 day,26,subcutaneous,28.0,112.0,,,C57BL/6NTac,mice,male,16.0,diet:high-fat,-12.03,26.0,10.4,liraglutide,106,NCT01272219,"ADULT,OLDER_ADULT",PHASE3,2432,3.0,1 + every 1 day,392,392,1176.0,no,subcutaneous,-5.36,6.669999999999999
287,PMC9374709,0.4,1 + every 1 day,26,subcutaneous,28.0,112.0,,,C57BL/6NTac,mice,male,16.0,diet:high-fat,-12.03,26.0,10.4,liraglutide,107,NCT01272219,"ADULT,OLDER_ADULT",PHASE3,1467,3.0,1 + every 1 day,1120,1120,3360.0,no,subcutaneous,-4.25,7.779999999999999
287,PMC9374709,0.4,1 + every 1 day,26,subcutaneous,28.0,112.0,,,C57BL/6NTac,mice,male,16.0,diet:high-fat,-12.03,26.0,10.4,liraglutide,108,NCT01272219,"ADULT,OLDER_ADULT",PHASE3,349,3.0,1 + every 1 day,476,476,1428.0,no,subcutaneous,-5.33,6.699999999999999
287,PMC9374709,0.4,1 + every 1 day,26,subcutaneous,28.0,112.0,,,C57BL/6NTac,mice,male,16.0,diet:high-fat,-12.03,26.0,10.4,liraglutide,112,NCT01557166,ADULT,PHASE3,175,3.0,1 + every 1 day,224,224,672.0,no,subcutaneous,-4.201423866334764,7.828576133665235
287,PMC9374709,0.4,1 + every 1 day,26,subcutaneous,28.0,112.0,,,C57BL/6NTac,mice,male,16.0,diet:high-fat,-12.03,26.0,10.4,liraglutide,120,NCT02918279,CHILD,PHASE3,125,3.0,1 + every 1 day,392,392,1176.0,no,subcutaneous,-3.6,8.43
287,PMC9374709,0.4,1 + every 1 day,26,subcutaneous,28.0,112.0,,,C57BL/6NTac,mice,male,16.0,diet:high-fat,-12.03,26.0,10.4,liraglutide,127,NCT02527200,"CHILD,ADULT",PHASE3,17,3.0,1 + every 1 day,364,364,1092.0,no,subcutaneous,-2.7,9.33
287,PMC9374709,0.4,1 + every 1 day,26,subcutaneous,28.0,112.0,,,C57BL/6NTac,mice,male,16.0,diet:high-fat,-12.03,26.0,10.4,liraglutide,128,NCT02527200,"CHILD,ADULT",PHASE3,14,3.0,1 + every 1 day,364,364,1092.0,no,subcutaneous,1.3999999999999997,13.43
287,PMC9374709,0.4,1 + every 1 day,26,subcutaneous,28.0,112.0,,,C57BL/6NTac,mice,male,16.0,diet:high-fat,-12.03,26.0,10.4,liraglutide,129,NCT02527200,"CHILD,ADULT",PHASE3,31,3.0,1 + every 1 day,364,364,1092.0,no,subcutaneous,-0.6999999999999997,11.33
287,PMC9374709,0.4,1 + every 1 day,26,subcutaneous,28.0,112.0,,,C57BL/6NTac,mice,male,16.0,diet:high-fat,-12.03,26.0,10.4,liraglutide,130,NCT00781937,"ADULT,OLDER_ADULT",PHASE3,194,3.0,1 + every 1 day,392,392,1176.0,no,subcutaneous,-6.0600000000000005,5.969999999999999
287,PMC9374709,0.4,1 + every 1 day,26,subcutaneous,28.0,112.0,,,C57BL/6NTac,mice,male,16.0,diet:high-fat,-12.03,26.0,10.4,liraglutide,136,NCT04074161,"ADULT,OLDER_ADULT",PHASE3,117,3.0,1 + every 1 day,476,476,1428.0,no,subcutaneous,-4.800000000000001,7.229999999999999
287,PMC9374709,0.4,1 + every 1 day,26,subcutaneous,28.0,112.0,,,C57BL/6NTac,mice,male,16.0,diet:high-fat,-12.03,26.0,10.4,liraglutide,150,NCT02647944,"ADULT,OLDER_ADULT",PHASE2,19,3.0,1 + every 1 day,112,112,336.0,no,subcutaneous,-2.58819247874349,9.441807521256507
287,PMC9374709,0.4,1 + every 1 day,26,subcutaneous,28.0,112.0,,,C57BL/6NTac,mice,male,16.0,diet:high-fat,-12.03,26.0,10.4,liraglutide,155,NCT03486392,"ADULT,OLDER_ADULT",PHASE2,108,3.0,1 + every 1 day,182,182,546.0,no,subcutaneous,-5.78,6.249999999999999
288,PMC9374709,0.4,1 + every 1 day,26,subcutaneous,28.0,112.0,,,C57BL/6NRj,mice,male,23.0,diet:high-fat,-14.0,26.0,10.4,liraglutide,35,NCT02453711,"ADULT,OLDER_ADULT",PHASE2,96,3.0,1 + every 1 day,364,364,1092.0,no,subcutaneous,-5.47,8.530000000000001
288,PMC9374709,0.4,1 + every 1 day,26,subcutaneous,28.0,112.0,,,C57BL/6NRj,mice,male,23.0,diet:high-fat,-14.0,26.0,10.4,liraglutide,51,NCT00422058,"ADULT,OLDER_ADULT",PHASE2,94,1.2,1 + every 1 day,140,140,168.0,no,subcutaneous,-2.2072087435352685,11.792791256464731
288,PMC9374709,0.4,1 + every 1 day,26,subcutaneous,28.0,112.0,,,C57BL/6NRj,mice,male,23.0,diet:high-fat,-14.0,26.0,10.4,liraglutide,52,NCT00422058,"ADULT,OLDER_ADULT",PHASE2,90,1.8,1 + every 1 day,140,140,252.0,no,subcutaneous,-2.9371604752653058,11.062839524734695
288,PMC9374709,0.4,1 + every 1 day,26,subcutaneous,28.0,112.0,,,C57BL/6NRj,mice,male,23.0,diet:high-fat,-14.0,26.0,10.4,liraglutide,53,NCT00422058,"ADULT,OLDER_ADULT",PHASE2,92,2.4,1 + every 1 day,140,140,336.0,no,subcutaneous,-3.6240693851707295,10.375930614829269
288,PMC9374709,0.4,1 + every 1 day,26,subcutaneous,28.0,112.0,,,C57BL/6NRj,mice,male,23.0,diet:high-fat,-14.0,26.0,10.4,liraglutide,54,NCT00422058,"ADULT,OLDER_ADULT",PHASE2,92,3.0,1 + every 1 day,140,140,420.0,no,subcutaneous,-4.711624106871794,9.288375893128206
288,PMC9374709,0.4,1 + every 1 day,26,subcutaneous,28.0,112.0,,,C57BL/6NRj,mice,male,23.0,diet:high-fat,-14.0,26.0,10.4,liraglutide,61,NCT03158805,"ADULT,OLDER_ADULT",PHASE2,29,3.0,1 + every 1 day,280,280,840.0,no,subcutaneous,-3.5,10.5
288,PMC9374709,0.4,1 + every 1 day,26,subcutaneous,28.0,112.0,,,C57BL/6NRj,mice,male,23.0,diet:high-fat,-14.0,26.0,10.4,liraglutide,102,NCT01272232,"ADULT,OLDER_ADULT",PHASE3,412,3.0,1 + every 1 day,392,392,1176.0,no,subcutaneous,-3.9,10.1
288,PMC9374709,0.4,1 + every 1 day,26,subcutaneous,28.0,112.0,,,C57BL/6NRj,mice,male,23.0,diet:high-fat,-14.0,26.0,10.4,liraglutide,103,NCT01272232,"ADULT,OLDER_ADULT",PHASE3,204,1.8,1 + every 1 day,392,392,705.6,no,subcutaneous,-2.6,11.4
288,PMC9374709,0.4,1 + every 1 day,26,subcutaneous,28.0,112.0,,,C57BL/6NRj,mice,male,23.0,diet:high-fat,-14.0,26.0,10.4,liraglutide,106,NCT01272219,"ADULT,OLDER_ADULT",PHASE3,2432,3.0,1 + every 1 day,392,392,1176.0,no,subcutaneous,-5.36,8.64
288,PMC9374709,0.4,1 + every 1 day,26,subcutaneous,28.0,112.0,,,C57BL/6NRj,mice,male,23.0,diet:high-fat,-14.0,26.0,10.4,liraglutide,107,NCT01272219,"ADULT,OLDER_ADULT",PHASE3,1467,3.0,1 + every 1 day,1120,1120,3360.0,no,subcutaneous,-4.25,9.75
288,PMC9374709,0.4,1 + every 1 day,26,subcutaneous,28.0,112.0,,,C57BL/6NRj,mice,male,23.0,diet:high-fat,-14.0,26.0,10.4,liraglutide,108,NCT01272219,"ADULT,OLDER_ADULT",PHASE3,349,3.0,1 + every 1 day,476,476,1428.0,no,subcutaneous,-5.33,8.67
288,PMC9374709,0.4,1 + every 1 day,26,subcutaneous,28.0,112.0,,,C57BL/6NRj,mice,male,23.0,diet:high-fat,-14.0,26.0,10.4,liraglutide,112,NCT01557166,ADULT,PHASE3,175,3.0,1 + every 1 day,224,224,672.0,no,subcutaneous,-4.201423866334764,9.798576133665236
288,PMC9374709,0.4,1 + every 1 day,26,subcutaneous,28.0,112.0,,,C57BL/6NRj,mice,male,23.0,diet:high-fat,-14.0,26.0,10.4,liraglutide,120,NCT02918279,CHILD,PHASE3,125,3.0,1 + every 1 day,392,392,1176.0,no,subcutaneous,-3.6,10.4
288,PMC9374709,0.4,1 + every 1 day,26,subcutaneous,28.0,112.0,,,C57BL/6NRj,mice,male,23.0,diet:high-fat,-14.0,26.0,10.4,liraglutide,127,NCT02527200,"CHILD,ADULT",PHASE3,17,3.0,1 + every 1 day,364,364,1092.0,no,subcutaneous,-2.7,11.3
288,PMC9374709,0.4,1 + every 1 day,26,subcutaneous,28.0,112.0,,,C57BL/6NRj,mice,male,23.0,diet:high-fat,-14.0,26.0,10.4,liraglutide,128,NCT02527200,"CHILD,ADULT",PHASE3,14,3.0,1 + every 1 day,364,364,1092.0,no,subcutaneous,1.3999999999999997,15.4
288,PMC9374709,0.4,1 + every 1 day,26,subcutaneous,28.0,112.0,,,C57BL/6NRj,mice,male,23.0,diet:high-fat,-14.0,26.0,10.4,liraglutide,129,NCT02527200,"CHILD,ADULT",PHASE3,31,3.0,1 + every 1 day,364,364,1092.0,no,subcutaneous,-0.6999999999999997,13.3
288,PMC9374709,0.4,1 + every 1 day,26,subcutaneous,28.0,112.0,,,C57BL/6NRj,mice,male,23.0,diet:high-fat,-14.0,26.0,10.4,liraglutide,130,NCT00781937,"ADULT,OLDER_ADULT",PHASE3,194,3.0,1 + every 1 day,392,392,1176.0,no,subcutaneous,-6.0600000000000005,7.939999999999999
288,PMC9374709,0.4,1 + every 1 day,26,subcutaneous,28.0,112.0,,,C57BL/6NRj,mice,male,23.0,diet:high-fat,-14.0,26.0,10.4,liraglutide,136,NCT04074161,"ADULT,OLDER_ADULT",PHASE3,117,3.0,1 + every 1 day,476,476,1428.0,no,subcutaneous,-4.800000000000001,9.2
288,PMC9374709,0.4,1 + every 1 day,26,subcutaneous,28.0,112.0,,,C57BL/6NRj,mice,male,23.0,diet:high-fat,-14.0,26.0,10.4,liraglutide,150,NCT02647944,"ADULT,OLDER_ADULT",PHASE2,19,3.0,1 + every 1 day,112,112,336.0,no,subcutaneous,-2.58819247874349,11.41180752125651
288,PMC9374709,0.4,1 + every 1 day,26,subcutaneous,28.0,112.0,,,C57BL/6NRj,mice,male,23.0,diet:high-fat,-14.0,26.0,10.4,liraglutide,155,NCT03486392,"ADULT,OLDER_ADULT",PHASE2,108,3.0,1 + every 1 day,182,182,546.0,no,subcutaneous,-5.78,8.219999999999999
314,PMC9730228,0.4,1 + every 1 day,14,subcutaneous,56.0,112.0,,42.0,C57BL/6N,mice,male,8.0,diet:high-fat,-27.1,14.0,5.6000000000000005,liraglutide,35,NCT02453711,"ADULT,OLDER_ADULT",PHASE2,96,3.0,1 + every 1 day,364,364,1092.0,no,subcutaneous,-5.47,21.630000000000003
314,PMC9730228,0.4,1 + every 1 day,14,subcutaneous,56.0,112.0,,42.0,C57BL/6N,mice,male,8.0,diet:high-fat,-27.1,14.0,5.6000000000000005,liraglutide,51,NCT00422058,"ADULT,OLDER_ADULT",PHASE2,94,1.2,1 + every 1 day,140,140,168.0,no,subcutaneous,-2.2072087435352685,24.892791256464733
314,PMC9730228,0.4,1 + every 1 day,14,subcutaneous,56.0,112.0,,42.0,C57BL/6N,mice,male,8.0,diet:high-fat,-27.1,14.0,5.6000000000000005,liraglutide,52,NCT00422058,"ADULT,OLDER_ADULT",PHASE2,90,1.8,1 + every 1 day,140,140,252.0,no,subcutaneous,-2.9371604752653058,24.162839524734697
314,PMC9730228,0.4,1 + every 1 day,14,subcutaneous,56.0,112.0,,42.0,C57BL/6N,mice,male,8.0,diet:high-fat,-27.1,14.0,5.6000000000000005,liraglutide,53,NCT00422058,"ADULT,OLDER_ADULT",PHASE2,92,2.4,1 + every 1 day,140,140,336.0,no,subcutaneous,-3.6240693851707295,23.47593061482927
314,PMC9730228,0.4,1 + every 1 day,14,subcutaneous,56.0,112.0,,42.0,C57BL/6N,mice,male,8.0,diet:high-fat,-27.1,14.0,5.6000000000000005,liraglutide,54,NCT00422058,"ADULT,OLDER_ADULT",PHASE2,92,3.0,1 + every 1 day,140,140,420.0,no,subcutaneous,-4.711624106871794,22.38837589312821
314,PMC9730228,0.4,1 + every 1 day,14,subcutaneous,56.0,112.0,,42.0,C57BL/6N,mice,male,8.0,diet:high-fat,-27.1,14.0,5.6000000000000005,liraglutide,61,NCT03158805,"ADULT,OLDER_ADULT",PHASE2,29,3.0,1 + every 1 day,280,280,840.0,no,subcutaneous,-3.5,23.6
314,PMC9730228,0.4,1 + every 1 day,14,subcutaneous,56.0,112.0,,42.0,C57BL/6N,mice,male,8.0,diet:high-fat,-27.1,14.0,5.6000000000000005,liraglutide,102,NCT01272232,"ADULT,OLDER_ADULT",PHASE3,412,3.0,1 + every 1 day,392,392,1176.0,no,subcutaneous,-3.9,23.200000000000003
314,PMC9730228,0.4,1 + every 1 day,14,subcutaneous,56.0,112.0,,42.0,C57BL/6N,mice,male,8.0,diet:high-fat,-27.1,14.0,5.6000000000000005,liraglutide,103,NCT01272232,"ADULT,OLDER_ADULT",PHASE3,204,1.8,1 + every 1 day,392,392,705.6,no,subcutaneous,-2.6,24.5
314,PMC9730228,0.4,1 + every 1 day,14,subcutaneous,56.0,112.0,,42.0,C57BL/6N,mice,male,8.0,diet:high-fat,-27.1,14.0,5.6000000000000005,liraglutide,106,NCT01272219,"ADULT,OLDER_ADULT",PHASE3,2432,3.0,1 + every 1 day,392,392,1176.0,no,subcutaneous,-5.36,21.74
314,PMC9730228,0.4,1 + every 1 day,14,subcutaneous,56.0,112.0,,42.0,C57BL/6N,mice,male,8.0,diet:high-fat,-27.1,14.0,5.6000000000000005,liraglutide,107,NCT01272219,"ADULT,OLDER_ADULT",PHASE3,1467,3.0,1 + every 1 day,1120,1120,3360.0,no,subcutaneous,-4.25,22.85
314,PMC9730228,0.4,1 + every 1 day,14,subcutaneous,56.0,112.0,,42.0,C57BL/6N,mice,male,8.0,diet:high-fat,-27.1,14.0,5.6000000000000005,liraglutide,108,NCT01272219,"ADULT,OLDER_ADULT",PHASE3,349,3.0,1 + every 1 day,476,476,1428.0,no,subcutaneous,-5.33,21.770000000000003
314,PMC9730228,0.4,1 + every 1 day,14,subcutaneous,56.0,112.0,,42.0,C57BL/6N,mice,male,8.0,diet:high-fat,-27.1,14.0,5.6000000000000005,liraglutide,112,NCT01557166,ADULT,PHASE3,175,3.0,1 + every 1 day,224,224,672.0,no,subcutaneous,-4.201423866334764,22.89857613366524
314,PMC9730228,0.4,1 + every 1 day,14,subcutaneous,56.0,112.0,,42.0,C57BL/6N,mice,male,8.0,diet:high-fat,-27.1,14.0,5.6000000000000005,liraglutide,120,NCT02918279,CHILD,PHASE3,125,3.0,1 + every 1 day,392,392,1176.0,no,subcutaneous,-3.6,23.5
314,PMC9730228,0.4,1 + every 1 day,14,subcutaneous,56.0,112.0,,42.0,C57BL/6N,mice,male,8.0,diet:high-fat,-27.1,14.0,5.6000000000000005,liraglutide,127,NCT02527200,"CHILD,ADULT",PHASE3,17,3.0,1 + every 1 day,364,364,1092.0,no,subcutaneous,-2.7,24.4
314,PMC9730228,0.4,1 + every 1 day,14,subcutaneous,56.0,112.0,,42.0,C57BL/6N,mice,male,8.0,diet:high-fat,-27.1,14.0,5.6000000000000005,liraglutide,128,NCT02527200,"CHILD,ADULT",PHASE3,14,3.0,1 + every 1 day,364,364,1092.0,no,subcutaneous,1.3999999999999997,28.5
314,PMC9730228,0.4,1 + every 1 day,14,subcutaneous,56.0,112.0,,42.0,C57BL/6N,mice,male,8.0,diet:high-fat,-27.1,14.0,5.6000000000000005,liraglutide,129,NCT02527200,"CHILD,ADULT",PHASE3,31,3.0,1 + every 1 day,364,364,1092.0,no,subcutaneous,-0.6999999999999997,26.4
314,PMC9730228,0.4,1 + every 1 day,14,subcutaneous,56.0,112.0,,42.0,C57BL/6N,mice,male,8.0,diet:high-fat,-27.1,14.0,5.6000000000000005,liraglutide,130,NCT00781937,"ADULT,OLDER_ADULT",PHASE3,194,3.0,1 + every 1 day,392,392,1176.0,no,subcutaneous,-6.0600000000000005,21.04
314,PMC9730228,0.4,1 + every 1 day,14,subcutaneous,56.0,112.0,,42.0,C57BL/6N,mice,male,8.0,diet:high-fat,-27.1,14.0,5.6000000000000005,liraglutide,136,NCT04074161,"ADULT,OLDER_ADULT",PHASE3,117,3.0,1 + every 1 day,476,476,1428.0,no,subcutaneous,-4.800000000000001,22.3
314,PMC9730228,0.4,1 + every 1 day,14,subcutaneous,56.0,112.0,,42.0,C57BL/6N,mice,male,8.0,diet:high-fat,-27.1,14.0,5.6000000000000005,liraglutide,150,NCT02647944,"ADULT,OLDER_ADULT",PHASE2,19,3.0,1 + every 1 day,112,112,336.0,no,subcutaneous,-2.58819247874349,24.51180752125651
314,PMC9730228,0.4,1 + every 1 day,14,subcutaneous,56.0,112.0,,42.0,C57BL/6N,mice,male,8.0,diet:high-fat,-27.1,14.0,5.6000000000000005,liraglutide,155,NCT03486392,"ADULT,OLDER_ADULT",PHASE2,108,3.0,1 + every 1 day,182,182,546.0,no,subcutaneous,-5.78,21.32
320,PMC9864151,0.2,5 + every 1 week,42,intraperitoneal,56.0,420.0,,589.0,Wistar Kyoto,rats,Unknown,8.0,diet:high-fat,-22.763055206813483,30.0,6.0,liraglutide,35,NCT02453711,"ADULT,OLDER_ADULT",PHASE2,96,3.0,1 + every 1 day,364,364,1092.0,no,subcutaneous,-5.47,17.293055206813484
320,PMC9864151,0.2,5 + every 1 week,42,intraperitoneal,56.0,420.0,,589.0,Wistar Kyoto,rats,Unknown,8.0,diet:high-fat,-22.763055206813483,30.0,6.0,liraglutide,51,NCT00422058,"ADULT,OLDER_ADULT",PHASE2,94,1.2,1 + every 1 day,140,140,168.0,no,subcutaneous,-2.2072087435352685,20.55584646327821
320,PMC9864151,0.2,5 + every 1 week,42,intraperitoneal,56.0,420.0,,589.0,Wistar Kyoto,rats,Unknown,8.0,diet:high-fat,-22.763055206813483,30.0,6.0,liraglutide,52,NCT00422058,"ADULT,OLDER_ADULT",PHASE2,90,1.8,1 + every 1 day,140,140,252.0,no,subcutaneous,-2.9371604752653058,19.82589473154818
320,PMC9864151,0.2,5 + every 1 week,42,intraperitoneal,56.0,420.0,,589.0,Wistar Kyoto,rats,Unknown,8.0,diet:high-fat,-22.763055206813483,30.0,6.0,liraglutide,53,NCT00422058,"ADULT,OLDER_ADULT",PHASE2,92,2.4,1 + every 1 day,140,140,336.0,no,subcutaneous,-3.6240693851707295,19.138985821642752
320,PMC9864151,0.2,5 + every 1 week,42,intraperitoneal,56.0,420.0,,589.0,Wistar Kyoto,rats,Unknown,8.0,diet:high-fat,-22.763055206813483,30.0,6.0,liraglutide,54,NCT00422058,"ADULT,OLDER_ADULT",PHASE2,92,3.0,1 + every 1 day,140,140,420.0,no,subcutaneous,-4.711624106871794,18.051431099941688
320,PMC9864151,0.2,5 + every 1 week,42,intraperitoneal,56.0,420.0,,589.0,Wistar Kyoto,rats,Unknown,8.0,diet:high-fat,-22.763055206813483,30.0,6.0,liraglutide,61,NCT03158805,"ADULT,OLDER_ADULT",PHASE2,29,3.0,1 + every 1 day,280,280,840.0,no,subcutaneous,-3.5,19.263055206813483
320,PMC9864151,0.2,5 + every 1 week,42,intraperitoneal,56.0,420.0,,589.0,Wistar Kyoto,rats,Unknown,8.0,diet:high-fat,-22.763055206813483,30.0,6.0,liraglutide,102,NCT01272232,"ADULT,OLDER_ADULT",PHASE3,412,3.0,1 + every 1 day,392,392,1176.0,no,subcutaneous,-3.9,18.863055206813485
320,PMC9864151,0.2,5 + every 1 week,42,intraperitoneal,56.0,420.0,,589.0,Wistar Kyoto,rats,Unknown,8.0,diet:high-fat,-22.763055206813483,30.0,6.0,liraglutide,103,NCT01272232,"ADULT,OLDER_ADULT",PHASE3,204,1.8,1 + every 1 day,392,392,705.6,no,subcutaneous,-2.6,20.16305520681348
320,PMC9864151,0.2,5 + every 1 week,42,intraperitoneal,56.0,420.0,,589.0,Wistar Kyoto,rats,Unknown,8.0,diet:high-fat,-22.763055206813483,30.0,6.0,liraglutide,106,NCT01272219,"ADULT,OLDER_ADULT",PHASE3,2432,3.0,1 + every 1 day,392,392,1176.0,no,subcutaneous,-5.36,17.403055206813484
320,PMC9864151,0.2,5 + every 1 week,42,intraperitoneal,56.0,420.0,,589.0,Wistar Kyoto,rats,Unknown,8.0,diet:high-fat,-22.763055206813483,30.0,6.0,liraglutide,107,NCT01272219,"ADULT,OLDER_ADULT",PHASE3,1467,3.0,1 + every 1 day,1120,1120,3360.0,no,subcutaneous,-4.25,18.513055206813483
320,PMC9864151,0.2,5 + every 1 week,42,intraperitoneal,56.0,420.0,,589.0,Wistar Kyoto,rats,Unknown,8.0,diet:high-fat,-22.763055206813483,30.0,6.0,liraglutide,108,NCT01272219,"ADULT,OLDER_ADULT",PHASE3,349,3.0,1 + every 1 day,476,476,1428.0,no,subcutaneous,-5.33,17.433055206813485
320,PMC9864151,0.2,5 + every 1 week,42,intraperitoneal,56.0,420.0,,589.0,Wistar Kyoto,rats,Unknown,8.0,diet:high-fat,-22.763055206813483,30.0,6.0,liraglutide,112,NCT01557166,ADULT,PHASE3,175,3.0,1 + every 1 day,224,224,672.0,no,subcutaneous,-4.201423866334764,18.56163134047872
320,PMC9864151,0.2,5 + every 1 week,42,intraperitoneal,56.0,420.0,,589.0,Wistar Kyoto,rats,Unknown,8.0,diet:high-fat,-22.763055206813483,30.0,6.0,liraglutide,120,NCT02918279,CHILD,PHASE3,125,3.0,1 + every 1 day,392,392,1176.0,no,subcutaneous,-3.6,19.16305520681348
320,PMC9864151,0.2,5 + every 1 week,42,intraperitoneal,56.0,420.0,,589.0,Wistar Kyoto,rats,Unknown,8.0,diet:high-fat,-22.763055206813483,30.0,6.0,liraglutide,127,NCT02527200,"CHILD,ADULT",PHASE3,17,3.0,1 + every 1 day,364,364,1092.0,no,subcutaneous,-2.7,20.063055206813484
320,PMC9864151,0.2,5 + every 1 week,42,intraperitoneal,56.0,420.0,,589.0,Wistar Kyoto,rats,Unknown,8.0,diet:high-fat,-22.763055206813483,30.0,6.0,liraglutide,128,NCT02527200,"CHILD,ADULT",PHASE3,14,3.0,1 + every 1 day,364,364,1092.0,no,subcutaneous,1.3999999999999997,24.16305520681348
320,PMC9864151,0.2,5 + every 1 week,42,intraperitoneal,56.0,420.0,,589.0,Wistar Kyoto,rats,Unknown,8.0,diet:high-fat,-22.763055206813483,30.0,6.0,liraglutide,129,NCT02527200,"CHILD,ADULT",PHASE3,31,3.0,1 + every 1 day,364,364,1092.0,no,subcutaneous,-0.6999999999999997,22.063055206813484
320,PMC9864151,0.2,5 + every 1 week,42,intraperitoneal,56.0,420.0,,589.0,Wistar Kyoto,rats,Unknown,8.0,diet:high-fat,-22.763055206813483,30.0,6.0,liraglutide,130,NCT00781937,"ADULT,OLDER_ADULT",PHASE3,194,3.0,1 + every 1 day,392,392,1176.0,no,subcutaneous,-6.0600000000000005,16.70305520681348
320,PMC9864151,0.2,5 + every 1 week,42,intraperitoneal,56.0,420.0,,589.0,Wistar Kyoto,rats,Unknown,8.0,diet:high-fat,-22.763055206813483,30.0,6.0,liraglutide,136,NCT04074161,"ADULT,OLDER_ADULT",PHASE3,117,3.0,1 + every 1 day,476,476,1428.0,no,subcutaneous,-4.800000000000001,17.963055206813483
320,PMC9864151,0.2,5 + every 1 week,42,intraperitoneal,56.0,420.0,,589.0,Wistar Kyoto,rats,Unknown,8.0,diet:high-fat,-22.763055206813483,30.0,6.0,liraglutide,150,NCT02647944,"ADULT,OLDER_ADULT",PHASE2,19,3.0,1 + every 1 day,112,112,336.0,no,subcutaneous,-2.58819247874349,20.174862728069996
320,PMC9864151,0.2,5 + every 1 week,42,intraperitoneal,56.0,420.0,,589.0,Wistar Kyoto,rats,Unknown,8.0,diet:high-fat,-22.763055206813483,30.0,6.0,liraglutide,155,NCT03486392,"ADULT,OLDER_ADULT",PHASE2,108,3.0,1 + every 1 day,182,182,546.0,no,subcutaneous,-5.78,16.983055206813482
338,PMC5129521,0.1500504,1 + every 1 day,28,subcutaneous,77.0,182.0,,43.0,C57BL/6,mice,male,11.0,diet:high-fat,-23.5,28.0,4.201411200000001,liraglutide,35,NCT02453711,"ADULT,OLDER_ADULT",PHASE2,96,3.0,1 + every 1 day,364,364,1092.0,no,subcutaneous,-5.47,18.03
338,PMC5129521,0.1500504,1 + every 1 day,28,subcutaneous,77.0,182.0,,43.0,C57BL/6,mice,male,11.0,diet:high-fat,-23.5,28.0,4.201411200000001,liraglutide,51,NCT00422058,"ADULT,OLDER_ADULT",PHASE2,94,1.2,1 + every 1 day,140,140,168.0,no,subcutaneous,-2.2072087435352685,21.29279125646473
338,PMC5129521,0.1500504,1 + every 1 day,28,subcutaneous,77.0,182.0,,43.0,C57BL/6,mice,male,11.0,diet:high-fat,-23.5,28.0,4.201411200000001,liraglutide,52,NCT00422058,"ADULT,OLDER_ADULT",PHASE2,90,1.8,1 + every 1 day,140,140,252.0,no,subcutaneous,-2.9371604752653058,20.56283952473469
338,PMC5129521,0.1500504,1 + every 1 day,28,subcutaneous,77.0,182.0,,43.0,C57BL/6,mice,male,11.0,diet:high-fat,-23.5,28.0,4.201411200000001,liraglutide,53,NCT00422058,"ADULT,OLDER_ADULT",PHASE2,92,2.4,1 + every 1 day,140,140,336.0,no,subcutaneous,-3.6240693851707295,19.87593061482927
338,PMC5129521,0.1500504,1 + every 1 day,28,subcutaneous,77.0,182.0,,43.0,C57BL/6,mice,male,11.0,diet:high-fat,-23.5,28.0,4.201411200000001,liraglutide,54,NCT00422058,"ADULT,OLDER_ADULT",PHASE2,92,3.0,1 + every 1 day,140,140,420.0,no,subcutaneous,-4.711624106871794,18.788375893128205
338,PMC5129521,0.1500504,1 + every 1 day,28,subcutaneous,77.0,182.0,,43.0,C57BL/6,mice,male,11.0,diet:high-fat,-23.5,28.0,4.201411200000001,liraglutide,61,NCT03158805,"ADULT,OLDER_ADULT",PHASE2,29,3.0,1 + every 1 day,280,280,840.0,no,subcutaneous,-3.5,20.0
338,PMC5129521,0.1500504,1 + every 1 day,28,subcutaneous,77.0,182.0,,43.0,C57BL/6,mice,male,11.0,diet:high-fat,-23.5,28.0,4.201411200000001,liraglutide,102,NCT01272232,"ADULT,OLDER_ADULT",PHASE3,412,3.0,1 + every 1 day,392,392,1176.0,no,subcutaneous,-3.9,19.6
338,PMC5129521,0.1500504,1 + every 1 day,28,subcutaneous,77.0,182.0,,43.0,C57BL/6,mice,male,11.0,diet:high-fat,-23.5,28.0,4.201411200000001,liraglutide,103,NCT01272232,"ADULT,OLDER_ADULT",PHASE3,204,1.8,1 + every 1 day,392,392,705.6,no,subcutaneous,-2.6,20.9
338,PMC5129521,0.1500504,1 + every 1 day,28,subcutaneous,77.0,182.0,,43.0,C57BL/6,mice,male,11.0,diet:high-fat,-23.5,28.0,4.201411200000001,liraglutide,106,NCT01272219,"ADULT,OLDER_ADULT",PHASE3,2432,3.0,1 + every 1 day,392,392,1176.0,no,subcutaneous,-5.36,18.14
338,PMC5129521,0.1500504,1 + every 1 day,28,subcutaneous,77.0,182.0,,43.0,C57BL/6,mice,male,11.0,diet:high-fat,-23.5,28.0,4.201411200000001,liraglutide,107,NCT01272219,"ADULT,OLDER_ADULT",PHASE3,1467,3.0,1 + every 1 day,1120,1120,3360.0,no,subcutaneous,-4.25,19.25
338,PMC5129521,0.1500504,1 + every 1 day,28,subcutaneous,77.0,182.0,,43.0,C57BL/6,mice,male,11.0,diet:high-fat,-23.5,28.0,4.201411200000001,liraglutide,108,NCT01272219,"ADULT,OLDER_ADULT",PHASE3,349,3.0,1 + every 1 day,476,476,1428.0,no,subcutaneous,-5.33,18.17
338,PMC5129521,0.1500504,1 + every 1 day,28,subcutaneous,77.0,182.0,,43.0,C57BL/6,mice,male,11.0,diet:high-fat,-23.5,28.0,4.201411200000001,liraglutide,112,NCT01557166,ADULT,PHASE3,175,3.0,1 + every 1 day,224,224,672.0,no,subcutaneous,-4.201423866334764,19.29857613366524
338,PMC5129521,0.1500504,1 + every 1 day,28,subcutaneous,77.0,182.0,,43.0,C57BL/6,mice,male,11.0,diet:high-fat,-23.5,28.0,4.201411200000001,liraglutide,120,NCT02918279,CHILD,PHASE3,125,3.0,1 + every 1 day,392,392,1176.0,no,subcutaneous,-3.6,19.9
338,PMC5129521,0.1500504,1 + every 1 day,28,subcutaneous,77.0,182.0,,43.0,C57BL/6,mice,male,11.0,diet:high-fat,-23.5,28.0,4.201411200000001,liraglutide,127,NCT02527200,"CHILD,ADULT",PHASE3,17,3.0,1 + every 1 day,364,364,1092.0,no,subcutaneous,-2.7,20.8
338,PMC5129521,0.1500504,1 + every 1 day,28,subcutaneous,77.0,182.0,,43.0,C57BL/6,mice,male,11.0,diet:high-fat,-23.5,28.0,4.201411200000001,liraglutide,128,NCT02527200,"CHILD,ADULT",PHASE3,14,3.0,1 + every 1 day,364,364,1092.0,no,subcutaneous,1.3999999999999997,24.9
338,PMC5129521,0.1500504,1 + every 1 day,28,subcutaneous,77.0,182.0,,43.0,C57BL/6,mice,male,11.0,diet:high-fat,-23.5,28.0,4.201411200000001,liraglutide,129,NCT02527200,"CHILD,ADULT",PHASE3,31,3.0,1 + every 1 day,364,364,1092.0,no,subcutaneous,-0.6999999999999997,22.8
338,PMC5129521,0.1500504,1 + every 1 day,28,subcutaneous,77.0,182.0,,43.0,C57BL/6,mice,male,11.0,diet:high-fat,-23.5,28.0,4.201411200000001,liraglutide,130,NCT00781937,"ADULT,OLDER_ADULT",PHASE3,194,3.0,1 + every 1 day,392,392,1176.0,no,subcutaneous,-6.0600000000000005,17.439999999999998
338,PMC5129521,0.1500504,1 + every 1 day,28,subcutaneous,77.0,182.0,,43.0,C57BL/6,mice,male,11.0,diet:high-fat,-23.5,28.0,4.201411200000001,liraglutide,136,NCT04074161,"ADULT,OLDER_ADULT",PHASE3,117,3.0,1 + every 1 day,476,476,1428.0,no,subcutaneous,-4.800000000000001,18.7
338,PMC5129521,0.1500504,1 + every 1 day,28,subcutaneous,77.0,182.0,,43.0,C57BL/6,mice,male,11.0,diet:high-fat,-23.5,28.0,4.201411200000001,liraglutide,150,NCT02647944,"ADULT,OLDER_ADULT",PHASE2,19,3.0,1 + every 1 day,112,112,336.0,no,subcutaneous,-2.58819247874349,20.91180752125651
338,PMC5129521,0.1500504,1 + every 1 day,28,subcutaneous,77.0,182.0,,43.0,C57BL/6,mice,male,11.0,diet:high-fat,-23.5,28.0,4.201411200000001,liraglutide,155,NCT03486392,"ADULT,OLDER_ADULT",PHASE2,108,3.0,1 + every 1 day,182,182,546.0,no,subcutaneous,-5.78,17.72
339,PMC6358549,0.0375126,1 + every 1 day,10,subcutaneous,56.0,168.0,,,C57BL/6J,mice,male,8.0,diet:high-fat,-8.0,10.0,0.375126,liraglutide,35,NCT02453711,"ADULT,OLDER_ADULT",PHASE2,96,3.0,1 + every 1 day,364,364,1092.0,no,subcutaneous,-5.47,2.53
339,PMC6358549,0.0375126,1 + every 1 day,10,subcutaneous,56.0,168.0,,,C57BL/6J,mice,male,8.0,diet:high-fat,-8.0,10.0,0.375126,liraglutide,51,NCT00422058,"ADULT,OLDER_ADULT",PHASE2,94,1.2,1 + every 1 day,140,140,168.0,no,subcutaneous,-2.2072087435352685,5.792791256464732
339,PMC6358549,0.0375126,1 + every 1 day,10,subcutaneous,56.0,168.0,,,C57BL/6J,mice,male,8.0,diet:high-fat,-8.0,10.0,0.375126,liraglutide,52,NCT00422058,"ADULT,OLDER_ADULT",PHASE2,90,1.8,1 + every 1 day,140,140,252.0,no,subcutaneous,-2.9371604752653058,5.062839524734694
339,PMC6358549,0.0375126,1 + every 1 day,10,subcutaneous,56.0,168.0,,,C57BL/6J,mice,male,8.0,diet:high-fat,-8.0,10.0,0.375126,liraglutide,53,NCT00422058,"ADULT,OLDER_ADULT",PHASE2,92,2.4,1 + every 1 day,140,140,336.0,no,subcutaneous,-3.6240693851707295,4.37593061482927
339,PMC6358549,0.0375126,1 + every 1 day,10,subcutaneous,56.0,168.0,,,C57BL/6J,mice,male,8.0,diet:high-fat,-8.0,10.0,0.375126,liraglutide,54,NCT00422058,"ADULT,OLDER_ADULT",PHASE2,92,3.0,1 + every 1 day,140,140,420.0,no,subcutaneous,-4.711624106871794,3.2883758931282063
339,PMC6358549,0.0375126,1 + every 1 day,10,subcutaneous,56.0,168.0,,,C57BL/6J,mice,male,8.0,diet:high-fat,-8.0,10.0,0.375126,liraglutide,61,NCT03158805,"ADULT,OLDER_ADULT",PHASE2,29,3.0,1 + every 1 day,280,280,840.0,no,subcutaneous,-3.5,4.5
339,PMC6358549,0.0375126,1 + every 1 day,10,subcutaneous,56.0,168.0,,,C57BL/6J,mice,male,8.0,diet:high-fat,-8.0,10.0,0.375126,liraglutide,102,NCT01272232,"ADULT,OLDER_ADULT",PHASE3,412,3.0,1 + every 1 day,392,392,1176.0,no,subcutaneous,-3.9,4.1
339,PMC6358549,0.0375126,1 + every 1 day,10,subcutaneous,56.0,168.0,,,C57BL/6J,mice,male,8.0,diet:high-fat,-8.0,10.0,0.375126,liraglutide,103,NCT01272232,"ADULT,OLDER_ADULT",PHASE3,204,1.8,1 + every 1 day,392,392,705.6,no,subcutaneous,-2.6,5.4
339,PMC6358549,0.0375126,1 + every 1 day,10,subcutaneous,56.0,168.0,,,C57BL/6J,mice,male,8.0,diet:high-fat,-8.0,10.0,0.375126,liraglutide,106,NCT01272219,"ADULT,OLDER_ADULT",PHASE3,2432,3.0,1 + every 1 day,392,392,1176.0,no,subcutaneous,-5.36,2.64
339,PMC6358549,0.0375126,1 + every 1 day,10,subcutaneous,56.0,168.0,,,C57BL/6J,mice,male,8.0,diet:high-fat,-8.0,10.0,0.375126,liraglutide,107,NCT01272219,"ADULT,OLDER_ADULT",PHASE3,1467,3.0,1 + every 1 day,1120,1120,3360.0,no,subcutaneous,-4.25,3.75
339,PMC6358549,0.0375126,1 + every 1 day,10,subcutaneous,56.0,168.0,,,C57BL/6J,mice,male,8.0,diet:high-fat,-8.0,10.0,0.375126,liraglutide,108,NCT01272219,"ADULT,OLDER_ADULT",PHASE3,349,3.0,1 + every 1 day,476,476,1428.0,no,subcutaneous,-5.33,2.67
339,PMC6358549,0.0375126,1 + every 1 day,10,subcutaneous,56.0,168.0,,,C57BL/6J,mice,male,8.0,diet:high-fat,-8.0,10.0,0.375126,liraglutide,112,NCT01557166,ADULT,PHASE3,175,3.0,1 + every 1 day,224,224,672.0,no,subcutaneous,-4.201423866334764,3.798576133665236
339,PMC6358549,0.0375126,1 + every 1 day,10,subcutaneous,56.0,168.0,,,C57BL/6J,mice,male,8.0,diet:high-fat,-8.0,10.0,0.375126,liraglutide,120,NCT02918279,CHILD,PHASE3,125,3.0,1 + every 1 day,392,392,1176.0,no,subcutaneous,-3.6,4.4
339,PMC6358549,0.0375126,1 + every 1 day,10,subcutaneous,56.0,168.0,,,C57BL/6J,mice,male,8.0,diet:high-fat,-8.0,10.0,0.375126,liraglutide,127,NCT02527200,"CHILD,ADULT",PHASE3,17,3.0,1 + every 1 day,364,364,1092.0,no,subcutaneous,-2.7,5.300000000000001
339,PMC6358549,0.0375126,1 + every 1 day,10,subcutaneous,56.0,168.0,,,C57BL/6J,mice,male,8.0,diet:high-fat,-8.0,10.0,0.375126,liraglutide,128,NCT02527200,"CHILD,ADULT",PHASE3,14,3.0,1 + every 1 day,364,364,1092.0,no,subcutaneous,1.3999999999999997,9.4
339,PMC6358549,0.0375126,1 + every 1 day,10,subcutaneous,56.0,168.0,,,C57BL/6J,mice,male,8.0,diet:high-fat,-8.0,10.0,0.375126,liraglutide,129,NCT02527200,"CHILD,ADULT",PHASE3,31,3.0,1 + every 1 day,364,364,1092.0,no,subcutaneous,-0.6999999999999997,7.300000000000001
339,PMC6358549,0.0375126,1 + every 1 day,10,subcutaneous,56.0,168.0,,,C57BL/6J,mice,male,8.0,diet:high-fat,-8.0,10.0,0.375126,liraglutide,130,NCT00781937,"ADULT,OLDER_ADULT",PHASE3,194,3.0,1 + every 1 day,392,392,1176.0,no,subcutaneous,-6.0600000000000005,1.9399999999999995
339,PMC6358549,0.0375126,1 + every 1 day,10,subcutaneous,56.0,168.0,,,C57BL/6J,mice,male,8.0,diet:high-fat,-8.0,10.0,0.375126,liraglutide,136,NCT04074161,"ADULT,OLDER_ADULT",PHASE3,117,3.0,1 + every 1 day,476,476,1428.0,no,subcutaneous,-4.800000000000001,3.1999999999999997
339,PMC6358549,0.0375126,1 + every 1 day,10,subcutaneous,56.0,168.0,,,C57BL/6J,mice,male,8.0,diet:high-fat,-8.0,10.0,0.375126,liraglutide,150,NCT02647944,"ADULT,OLDER_ADULT",PHASE2,19,3.0,1 + every 1 day,112,112,336.0,no,subcutaneous,-2.58819247874349,5.4118075212565095
339,PMC6358549,0.0375126,1 + every 1 day,10,subcutaneous,56.0,168.0,,,C57BL/6J,mice,male,8.0,diet:high-fat,-8.0,10.0,0.375126,liraglutide,155,NCT03486392,"ADULT,OLDER_ADULT",PHASE2,108,3.0,1 + every 1 day,182,182,546.0,no,subcutaneous,-5.78,2.22
341,PMC7755393,0.01125378,2 + every 7 days,28,subcutaneous,35.0,105.0,,35.75,C57BL/6J,mice,male,4.0,diet:high-fat+high-sugar,-5.0920000000000005,8.0,0.09003024,liraglutide,35,NCT02453711,"ADULT,OLDER_ADULT",PHASE2,96,3.0,1 + every 1 day,364,364,1092.0,no,subcutaneous,-5.47,-0.3779999999999992
341,PMC7755393,0.01125378,2 + every 7 days,28,subcutaneous,35.0,105.0,,35.75,C57BL/6J,mice,male,4.0,diet:high-fat+high-sugar,-5.0920000000000005,8.0,0.09003024,liraglutide,51,NCT00422058,"ADULT,OLDER_ADULT",PHASE2,94,1.2,1 + every 1 day,140,140,168.0,no,subcutaneous,-2.2072087435352685,2.884791256464732
341,PMC7755393,0.01125378,2 + every 7 days,28,subcutaneous,35.0,105.0,,35.75,C57BL/6J,mice,male,4.0,diet:high-fat+high-sugar,-5.0920000000000005,8.0,0.09003024,liraglutide,52,NCT00422058,"ADULT,OLDER_ADULT",PHASE2,90,1.8,1 + every 1 day,140,140,252.0,no,subcutaneous,-2.9371604752653058,2.1548395247346948
341,PMC7755393,0.01125378,2 + every 7 days,28,subcutaneous,35.0,105.0,,35.75,C57BL/6J,mice,male,4.0,diet:high-fat+high-sugar,-5.0920000000000005,8.0,0.09003024,liraglutide,53,NCT00422058,"ADULT,OLDER_ADULT",PHASE2,92,2.4,1 + every 1 day,140,140,336.0,no,subcutaneous,-3.6240693851707295,1.46793061482927
341,PMC7755393,0.01125378,2 + every 7 days,28,subcutaneous,35.0,105.0,,35.75,C57BL/6J,mice,male,4.0,diet:high-fat+high-sugar,-5.0920000000000005,8.0,0.09003024,liraglutide,54,NCT00422058,"ADULT,OLDER_ADULT",PHASE2,92,3.0,1 + every 1 day,140,140,420.0,no,subcutaneous,-4.711624106871794,0.3803758931282068
341,PMC7755393,0.01125378,2 + every 7 days,28,subcutaneous,35.0,105.0,,35.75,C57BL/6J,mice,male,4.0,diet:high-fat+high-sugar,-5.0920000000000005,8.0,0.09003024,liraglutide,61,NCT03158805,"ADULT,OLDER_ADULT",PHASE2,29,3.0,1 + every 1 day,280,280,840.0,no,subcutaneous,-3.5,1.5920000000000003
341,PMC7755393,0.01125378,2 + every 7 days,28,subcutaneous,35.0,105.0,,35.75,C57BL/6J,mice,male,4.0,diet:high-fat+high-sugar,-5.0920000000000005,8.0,0.09003024,liraglutide,102,NCT01272232,"ADULT,OLDER_ADULT",PHASE3,412,3.0,1 + every 1 day,392,392,1176.0,no,subcutaneous,-3.9,1.1920000000000002
341,PMC7755393,0.01125378,2 + every 7 days,28,subcutaneous,35.0,105.0,,35.75,C57BL/6J,mice,male,4.0,diet:high-fat+high-sugar,-5.0920000000000005,8.0,0.09003024,liraglutide,103,NCT01272232,"ADULT,OLDER_ADULT",PHASE3,204,1.8,1 + every 1 day,392,392,705.6,no,subcutaneous,-2.6,2.492000000000001
341,PMC7755393,0.01125378,2 + every 7 days,28,subcutaneous,35.0,105.0,,35.75,C57BL/6J,mice,male,4.0,diet:high-fat+high-sugar,-5.0920000000000005,8.0,0.09003024,liraglutide,106,NCT01272219,"ADULT,OLDER_ADULT",PHASE3,2432,3.0,1 + every 1 day,392,392,1176.0,no,subcutaneous,-5.36,-0.2679999999999998
341,PMC7755393,0.01125378,2 + every 7 days,28,subcutaneous,35.0,105.0,,35.75,C57BL/6J,mice,male,4.0,diet:high-fat+high-sugar,-5.0920000000000005,8.0,0.09003024,liraglutide,107,NCT01272219,"ADULT,OLDER_ADULT",PHASE3,1467,3.0,1 + every 1 day,1120,1120,3360.0,no,subcutaneous,-4.25,0.8420000000000005
341,PMC7755393,0.01125378,2 + every 7 days,28,subcutaneous,35.0,105.0,,35.75,C57BL/6J,mice,male,4.0,diet:high-fat+high-sugar,-5.0920000000000005,8.0,0.09003024,liraglutide,108,NCT01272219,"ADULT,OLDER_ADULT",PHASE3,349,3.0,1 + every 1 day,476,476,1428.0,no,subcutaneous,-5.33,-0.2379999999999995
341,PMC7755393,0.01125378,2 + every 7 days,28,subcutaneous,35.0,105.0,,35.75,C57BL/6J,mice,male,4.0,diet:high-fat+high-sugar,-5.0920000000000005,8.0,0.09003024,liraglutide,112,NCT01557166,ADULT,PHASE3,175,3.0,1 + every 1 day,224,224,672.0,no,subcutaneous,-4.201423866334764,0.8905761336652365
341,PMC7755393,0.01125378,2 + every 7 days,28,subcutaneous,35.0,105.0,,35.75,C57BL/6J,mice,male,4.0,diet:high-fat+high-sugar,-5.0920000000000005,8.0,0.09003024,liraglutide,120,NCT02918279,CHILD,PHASE3,125,3.0,1 + every 1 day,392,392,1176.0,no,subcutaneous,-3.6,1.4920000000000004
341,PMC7755393,0.01125378,2 + every 7 days,28,subcutaneous,35.0,105.0,,35.75,C57BL/6J,mice,male,4.0,diet:high-fat+high-sugar,-5.0920000000000005,8.0,0.09003024,liraglutide,127,NCT02527200,"CHILD,ADULT",PHASE3,17,3.0,1 + every 1 day,364,364,1092.0,no,subcutaneous,-2.7,2.392000000000001
341,PMC7755393,0.01125378,2 + every 7 days,28,subcutaneous,35.0,105.0,,35.75,C57BL/6J,mice,male,4.0,diet:high-fat+high-sugar,-5.0920000000000005,8.0,0.09003024,liraglutide,128,NCT02527200,"CHILD,ADULT",PHASE3,14,3.0,1 + every 1 day,364,364,1092.0,no,subcutaneous,1.3999999999999997,6.492
341,PMC7755393,0.01125378,2 + every 7 days,28,subcutaneous,35.0,105.0,,35.75,C57BL/6J,mice,male,4.0,diet:high-fat+high-sugar,-5.0920000000000005,8.0,0.09003024,liraglutide,129,NCT02527200,"CHILD,ADULT",PHASE3,31,3.0,1 + every 1 day,364,364,1092.0,no,subcutaneous,-0.6999999999999997,4.392000000000001
341,PMC7755393,0.01125378,2 + every 7 days,28,subcutaneous,35.0,105.0,,35.75,C57BL/6J,mice,male,4.0,diet:high-fat+high-sugar,-5.0920000000000005,8.0,0.09003024,liraglutide,130,NCT00781937,"ADULT,OLDER_ADULT",PHASE3,194,3.0,1 + every 1 day,392,392,1176.0,no,subcutaneous,-6.0600000000000005,-0.968
341,PMC7755393,0.01125378,2 + every 7 days,28,subcutaneous,35.0,105.0,,35.75,C57BL/6J,mice,male,4.0,diet:high-fat+high-sugar,-5.0920000000000005,8.0,0.09003024,liraglutide,136,NCT04074161,"ADULT,OLDER_ADULT",PHASE3,117,3.0,1 + every 1 day,476,476,1428.0,no,subcutaneous,-4.800000000000001,0.2919999999999998
341,PMC7755393,0.01125378,2 + every 7 days,28,subcutaneous,35.0,105.0,,35.75,C57BL/6J,mice,male,4.0,diet:high-fat+high-sugar,-5.0920000000000005,8.0,0.09003024,liraglutide,150,NCT02647944,"ADULT,OLDER_ADULT",PHASE2,19,3.0,1 + every 1 day,112,112,336.0,no,subcutaneous,-2.58819247874349,2.5038075212565105
341,PMC7755393,0.01125378,2 + every 7 days,28,subcutaneous,35.0,105.0,,35.75,C57BL/6J,mice,male,4.0,diet:high-fat+high-sugar,-5.0920000000000005,8.0,0.09003024,liraglutide,155,NCT03486392,"ADULT,OLDER_ADULT",PHASE2,108,3.0,1 + every 1 day,182,182,546.0,no,subcutaneous,-5.78,-0.6879999999999997
342,PMC7755393,3.0,2 + every 7 days,49,subcutaneous,35.0,105.0,,29.17,C57BL/6J,mice,male,6.0,diet:high-fat+high-sugar,-10.830000000000002,14.0,42.0,liraglutide,35,NCT02453711,"ADULT,OLDER_ADULT",PHASE2,96,3.0,1 + every 1 day,364,364,1092.0,no,subcutaneous,-5.47,5.360000000000002
342,PMC7755393,3.0,2 + every 7 days,49,subcutaneous,35.0,105.0,,29.17,C57BL/6J,mice,male,6.0,diet:high-fat+high-sugar,-10.830000000000002,14.0,42.0,liraglutide,51,NCT00422058,"ADULT,OLDER_ADULT",PHASE2,94,1.2,1 + every 1 day,140,140,168.0,no,subcutaneous,-2.2072087435352685,8.622791256464733
342,PMC7755393,3.0,2 + every 7 days,49,subcutaneous,35.0,105.0,,29.17,C57BL/6J,mice,male,6.0,diet:high-fat+high-sugar,-10.830000000000002,14.0,42.0,liraglutide,52,NCT00422058,"ADULT,OLDER_ADULT",PHASE2,90,1.8,1 + every 1 day,140,140,252.0,no,subcutaneous,-2.9371604752653058,7.892839524734696
342,PMC7755393,3.0,2 + every 7 days,49,subcutaneous,35.0,105.0,,29.17,C57BL/6J,mice,male,6.0,diet:high-fat+high-sugar,-10.830000000000002,14.0,42.0,liraglutide,53,NCT00422058,"ADULT,OLDER_ADULT",PHASE2,92,2.4,1 + every 1 day,140,140,336.0,no,subcutaneous,-3.6240693851707295,7.205930614829271
342,PMC7755393,3.0,2 + every 7 days,49,subcutaneous,35.0,105.0,,29.17,C57BL/6J,mice,male,6.0,diet:high-fat+high-sugar,-10.830000000000002,14.0,42.0,liraglutide,54,NCT00422058,"ADULT,OLDER_ADULT",PHASE2,92,3.0,1 + every 1 day,140,140,420.0,no,subcutaneous,-4.711624106871794,6.118375893128208
342,PMC7755393,3.0,2 + every 7 days,49,subcutaneous,35.0,105.0,,29.17,C57BL/6J,mice,male,6.0,diet:high-fat+high-sugar,-10.830000000000002,14.0,42.0,liraglutide,61,NCT03158805,"ADULT,OLDER_ADULT",PHASE2,29,3.0,1 + every 1 day,280,280,840.0,no,subcutaneous,-3.5,7.330000000000002
342,PMC7755393,3.0,2 + every 7 days,49,subcutaneous,35.0,105.0,,29.17,C57BL/6J,mice,male,6.0,diet:high-fat+high-sugar,-10.830000000000002,14.0,42.0,liraglutide,102,NCT01272232,"ADULT,OLDER_ADULT",PHASE3,412,3.0,1 + every 1 day,392,392,1176.0,no,subcutaneous,-3.9,6.9300000000000015
342,PMC7755393,3.0,2 + every 7 days,49,subcutaneous,35.0,105.0,,29.17,C57BL/6J,mice,male,6.0,diet:high-fat+high-sugar,-10.830000000000002,14.0,42.0,liraglutide,103,NCT01272232,"ADULT,OLDER_ADULT",PHASE3,204,1.8,1 + every 1 day,392,392,705.6,no,subcutaneous,-2.6,8.230000000000002
342,PMC7755393,3.0,2 + every 7 days,49,subcutaneous,35.0,105.0,,29.17,C57BL/6J,mice,male,6.0,diet:high-fat+high-sugar,-10.830000000000002,14.0,42.0,liraglutide,106,NCT01272219,"ADULT,OLDER_ADULT",PHASE3,2432,3.0,1 + every 1 day,392,392,1176.0,no,subcutaneous,-5.36,5.4700000000000015
342,PMC7755393,3.0,2 + every 7 days,49,subcutaneous,35.0,105.0,,29.17,C57BL/6J,mice,male,6.0,diet:high-fat+high-sugar,-10.830000000000002,14.0,42.0,liraglutide,107,NCT01272219,"ADULT,OLDER_ADULT",PHASE3,1467,3.0,1 + every 1 day,1120,1120,3360.0,no,subcutaneous,-4.25,6.580000000000002
342,PMC7755393,3.0,2 + every 7 days,49,subcutaneous,35.0,105.0,,29.17,C57BL/6J,mice,male,6.0,diet:high-fat+high-sugar,-10.830000000000002,14.0,42.0,liraglutide,108,NCT01272219,"ADULT,OLDER_ADULT",PHASE3,349,3.0,1 + every 1 day,476,476,1428.0,no,subcutaneous,-5.33,5.500000000000002
342,PMC7755393,3.0,2 + every 7 days,49,subcutaneous,35.0,105.0,,29.17,C57BL/6J,mice,male,6.0,diet:high-fat+high-sugar,-10.830000000000002,14.0,42.0,liraglutide,112,NCT01557166,ADULT,PHASE3,175,3.0,1 + every 1 day,224,224,672.0,no,subcutaneous,-4.201423866334764,6.628576133665238
342,PMC7755393,3.0,2 + every 7 days,49,subcutaneous,35.0,105.0,,29.17,C57BL/6J,mice,male,6.0,diet:high-fat+high-sugar,-10.830000000000002,14.0,42.0,liraglutide,120,NCT02918279,CHILD,PHASE3,125,3.0,1 + every 1 day,392,392,1176.0,no,subcutaneous,-3.6,7.230000000000002
342,PMC7755393,3.0,2 + every 7 days,49,subcutaneous,35.0,105.0,,29.17,C57BL/6J,mice,male,6.0,diet:high-fat+high-sugar,-10.830000000000002,14.0,42.0,liraglutide,127,NCT02527200,"CHILD,ADULT",PHASE3,17,3.0,1 + every 1 day,364,364,1092.0,no,subcutaneous,-2.7,8.130000000000003
342,PMC7755393,3.0,2 + every 7 days,49,subcutaneous,35.0,105.0,,29.17,C57BL/6J,mice,male,6.0,diet:high-fat+high-sugar,-10.830000000000002,14.0,42.0,liraglutide,128,NCT02527200,"CHILD,ADULT",PHASE3,14,3.0,1 + every 1 day,364,364,1092.0,no,subcutaneous,1.3999999999999997,12.23
342,PMC7755393,3.0,2 + every 7 days,49,subcutaneous,35.0,105.0,,29.17,C57BL/6J,mice,male,6.0,diet:high-fat+high-sugar,-10.830000000000002,14.0,42.0,liraglutide,129,NCT02527200,"CHILD,ADULT",PHASE3,31,3.0,1 + every 1 day,364,364,1092.0,no,subcutaneous,-0.6999999999999997,10.130000000000004
342,PMC7755393,3.0,2 + every 7 days,49,subcutaneous,35.0,105.0,,29.17,C57BL/6J,mice,male,6.0,diet:high-fat+high-sugar,-10.830000000000002,14.0,42.0,liraglutide,130,NCT00781937,"ADULT,OLDER_ADULT",PHASE3,194,3.0,1 + every 1 day,392,392,1176.0,no,subcutaneous,-6.0600000000000005,4.770000000000001
342,PMC7755393,3.0,2 + every 7 days,49,subcutaneous,35.0,105.0,,29.17,C57BL/6J,mice,male,6.0,diet:high-fat+high-sugar,-10.830000000000002,14.0,42.0,liraglutide,136,NCT04074161,"ADULT,OLDER_ADULT",PHASE3,117,3.0,1 + every 1 day,476,476,1428.0,no,subcutaneous,-4.800000000000001,6.030000000000001
342,PMC7755393,3.0,2 + every 7 days,49,subcutaneous,35.0,105.0,,29.17,C57BL/6J,mice,male,6.0,diet:high-fat+high-sugar,-10.830000000000002,14.0,42.0,liraglutide,150,NCT02647944,"ADULT,OLDER_ADULT",PHASE2,19,3.0,1 + every 1 day,112,112,336.0,no,subcutaneous,-2.58819247874349,8.241807521256511
342,PMC7755393,3.0,2 + every 7 days,49,subcutaneous,35.0,105.0,,29.17,C57BL/6J,mice,male,6.0,diet:high-fat+high-sugar,-10.830000000000002,14.0,42.0,liraglutide,155,NCT03486392,"ADULT,OLDER_ADULT",PHASE2,108,3.0,1 + every 1 day,182,182,546.0,no,subcutaneous,-5.78,5.050000000000002
347,PMC8275945,0.3,1 + every 1 day,98,subcutaneous,315.0,357.0,,337.82,Sprague–Dawley,rats,female,7.0,diet:high-fat+high-carbohydrate,-18.64,98.0,29.4,liraglutide,35,NCT02453711,"ADULT,OLDER_ADULT",PHASE2,96,3.0,1 + every 1 day,364,364,1092.0,no,subcutaneous,-5.47,13.170000000000002
347,PMC8275945,0.3,1 + every 1 day,98,subcutaneous,315.0,357.0,,337.82,Sprague–Dawley,rats,female,7.0,diet:high-fat+high-carbohydrate,-18.64,98.0,29.4,liraglutide,51,NCT00422058,"ADULT,OLDER_ADULT",PHASE2,94,1.2,1 + every 1 day,140,140,168.0,no,subcutaneous,-2.2072087435352685,16.432791256464732
347,PMC8275945,0.3,1 + every 1 day,98,subcutaneous,315.0,357.0,,337.82,Sprague–Dawley,rats,female,7.0,diet:high-fat+high-carbohydrate,-18.64,98.0,29.4,liraglutide,52,NCT00422058,"ADULT,OLDER_ADULT",PHASE2,90,1.8,1 + every 1 day,140,140,252.0,no,subcutaneous,-2.9371604752653058,15.702839524734696
347,PMC8275945,0.3,1 + every 1 day,98,subcutaneous,315.0,357.0,,337.82,Sprague–Dawley,rats,female,7.0,diet:high-fat+high-carbohydrate,-18.64,98.0,29.4,liraglutide,53,NCT00422058,"ADULT,OLDER_ADULT",PHASE2,92,2.4,1 + every 1 day,140,140,336.0,no,subcutaneous,-3.6240693851707295,15.01593061482927
347,PMC8275945,0.3,1 + every 1 day,98,subcutaneous,315.0,357.0,,337.82,Sprague–Dawley,rats,female,7.0,diet:high-fat+high-carbohydrate,-18.64,98.0,29.4,liraglutide,54,NCT00422058,"ADULT,OLDER_ADULT",PHASE2,92,3.0,1 + every 1 day,140,140,420.0,no,subcutaneous,-4.711624106871794,13.928375893128209
347,PMC8275945,0.3,1 + every 1 day,98,subcutaneous,315.0,357.0,,337.82,Sprague–Dawley,rats,female,7.0,diet:high-fat+high-carbohydrate,-18.64,98.0,29.4,liraglutide,61,NCT03158805,"ADULT,OLDER_ADULT",PHASE2,29,3.0,1 + every 1 day,280,280,840.0,no,subcutaneous,-3.5,15.14
347,PMC8275945,0.3,1 + every 1 day,98,subcutaneous,315.0,357.0,,337.82,Sprague–Dawley,rats,female,7.0,diet:high-fat+high-carbohydrate,-18.64,98.0,29.4,liraglutide,102,NCT01272232,"ADULT,OLDER_ADULT",PHASE3,412,3.0,1 + every 1 day,392,392,1176.0,no,subcutaneous,-3.9,14.74
347,PMC8275945,0.3,1 + every 1 day,98,subcutaneous,315.0,357.0,,337.82,Sprague–Dawley,rats,female,7.0,diet:high-fat+high-carbohydrate,-18.64,98.0,29.4,liraglutide,103,NCT01272232,"ADULT,OLDER_ADULT",PHASE3,204,1.8,1 + every 1 day,392,392,705.6,no,subcutaneous,-2.6,16.04
347,PMC8275945,0.3,1 + every 1 day,98,subcutaneous,315.0,357.0,,337.82,Sprague–Dawley,rats,female,7.0,diet:high-fat+high-carbohydrate,-18.64,98.0,29.4,liraglutide,106,NCT01272219,"ADULT,OLDER_ADULT",PHASE3,2432,3.0,1 + every 1 day,392,392,1176.0,no,subcutaneous,-5.36,13.28
347,PMC8275945,0.3,1 + every 1 day,98,subcutaneous,315.0,357.0,,337.82,Sprague–Dawley,rats,female,7.0,diet:high-fat+high-carbohydrate,-18.64,98.0,29.4,liraglutide,107,NCT01272219,"ADULT,OLDER_ADULT",PHASE3,1467,3.0,1 + every 1 day,1120,1120,3360.0,no,subcutaneous,-4.25,14.39
347,PMC8275945,0.3,1 + every 1 day,98,subcutaneous,315.0,357.0,,337.82,Sprague–Dawley,rats,female,7.0,diet:high-fat+high-carbohydrate,-18.64,98.0,29.4,liraglutide,108,NCT01272219,"ADULT,OLDER_ADULT",PHASE3,349,3.0,1 + every 1 day,476,476,1428.0,no,subcutaneous,-5.33,13.31
347,PMC8275945,0.3,1 + every 1 day,98,subcutaneous,315.0,357.0,,337.82,Sprague–Dawley,rats,female,7.0,diet:high-fat+high-carbohydrate,-18.64,98.0,29.4,liraglutide,112,NCT01557166,ADULT,PHASE3,175,3.0,1 + every 1 day,224,224,672.0,no,subcutaneous,-4.201423866334764,14.438576133665237
347,PMC8275945,0.3,1 + every 1 day,98,subcutaneous,315.0,357.0,,337.82,Sprague–Dawley,rats,female,7.0,diet:high-fat+high-carbohydrate,-18.64,98.0,29.4,liraglutide,120,NCT02918279,CHILD,PHASE3,125,3.0,1 + every 1 day,392,392,1176.0,no,subcutaneous,-3.6,15.04
347,PMC8275945,0.3,1 + every 1 day,98,subcutaneous,315.0,357.0,,337.82,Sprague–Dawley,rats,female,7.0,diet:high-fat+high-carbohydrate,-18.64,98.0,29.4,liraglutide,127,NCT02527200,"CHILD,ADULT",PHASE3,17,3.0,1 + every 1 day,364,364,1092.0,no,subcutaneous,-2.7,15.94
347,PMC8275945,0.3,1 + every 1 day,98,subcutaneous,315.0,357.0,,337.82,Sprague–Dawley,rats,female,7.0,diet:high-fat+high-carbohydrate,-18.64,98.0,29.4,liraglutide,128,NCT02527200,"CHILD,ADULT",PHASE3,14,3.0,1 + every 1 day,364,364,1092.0,no,subcutaneous,1.3999999999999997,20.04
347,PMC8275945,0.3,1 + every 1 day,98,subcutaneous,315.0,357.0,,337.82,Sprague–Dawley,rats,female,7.0,diet:high-fat+high-carbohydrate,-18.64,98.0,29.4,liraglutide,129,NCT02527200,"CHILD,ADULT",PHASE3,31,3.0,1 + every 1 day,364,364,1092.0,no,subcutaneous,-0.6999999999999997,17.94
347,PMC8275945,0.3,1 + every 1 day,98,subcutaneous,315.0,357.0,,337.82,Sprague–Dawley,rats,female,7.0,diet:high-fat+high-carbohydrate,-18.64,98.0,29.4,liraglutide,130,NCT00781937,"ADULT,OLDER_ADULT",PHASE3,194,3.0,1 + every 1 day,392,392,1176.0,no,subcutaneous,-6.0600000000000005,12.58
347,PMC8275945,0.3,1 + every 1 day,98,subcutaneous,315.0,357.0,,337.82,Sprague–Dawley,rats,female,7.0,diet:high-fat+high-carbohydrate,-18.64,98.0,29.4,liraglutide,136,NCT04074161,"ADULT,OLDER_ADULT",PHASE3,117,3.0,1 + every 1 day,476,476,1428.0,no,subcutaneous,-4.800000000000001,13.84
347,PMC8275945,0.3,1 + every 1 day,98,subcutaneous,315.0,357.0,,337.82,Sprague–Dawley,rats,female,7.0,diet:high-fat+high-carbohydrate,-18.64,98.0,29.4,liraglutide,150,NCT02647944,"ADULT,OLDER_ADULT",PHASE2,19,3.0,1 + every 1 day,112,112,336.0,no,subcutaneous,-2.58819247874349,16.05180752125651
347,PMC8275945,0.3,1 + every 1 day,98,subcutaneous,315.0,357.0,,337.82,Sprague–Dawley,rats,female,7.0,diet:high-fat+high-carbohydrate,-18.64,98.0,29.4,liraglutide,155,NCT03486392,"ADULT,OLDER_ADULT",PHASE2,108,3.0,1 + every 1 day,182,182,546.0,no,subcutaneous,-5.78,12.86
348,PMC8275945,0.3,1 + every 1 day,98,subcutaneous,315.0,357.0,,556.31,Sprague–Dawley,rats,male,8.0,diet:high-fat+high-carbohydrate,-11.72,98.0,29.4,liraglutide,35,NCT02453711,"ADULT,OLDER_ADULT",PHASE2,96,3.0,1 + every 1 day,364,364,1092.0,no,subcutaneous,-5.47,6.249999999999999
348,PMC8275945,0.3,1 + every 1 day,98,subcutaneous,315.0,357.0,,556.31,Sprague–Dawley,rats,male,8.0,diet:high-fat+high-carbohydrate,-11.72,98.0,29.4,liraglutide,51,NCT00422058,"ADULT,OLDER_ADULT",PHASE2,94,1.2,1 + every 1 day,140,140,168.0,no,subcutaneous,-2.2072087435352685,9.51279125646473
348,PMC8275945,0.3,1 + every 1 day,98,subcutaneous,315.0,357.0,,556.31,Sprague–Dawley,rats,male,8.0,diet:high-fat+high-carbohydrate,-11.72,98.0,29.4,liraglutide,52,NCT00422058,"ADULT,OLDER_ADULT",PHASE2,90,1.8,1 + every 1 day,140,140,252.0,no,subcutaneous,-2.9371604752653058,8.782839524734694
348,PMC8275945,0.3,1 + every 1 day,98,subcutaneous,315.0,357.0,,556.31,Sprague–Dawley,rats,male,8.0,diet:high-fat+high-carbohydrate,-11.72,98.0,29.4,liraglutide,53,NCT00422058,"ADULT,OLDER_ADULT",PHASE2,92,2.4,1 + every 1 day,140,140,336.0,no,subcutaneous,-3.6240693851707295,8.095930614829268
348,PMC8275945,0.3,1 + every 1 day,98,subcutaneous,315.0,357.0,,556.31,Sprague–Dawley,rats,male,8.0,diet:high-fat+high-carbohydrate,-11.72,98.0,29.4,liraglutide,54,NCT00422058,"ADULT,OLDER_ADULT",PHASE2,92,3.0,1 + every 1 day,140,140,420.0,no,subcutaneous,-4.711624106871794,7.008375893128205
348,PMC8275945,0.3,1 + every 1 day,98,subcutaneous,315.0,357.0,,556.31,Sprague–Dawley,rats,male,8.0,diet:high-fat+high-carbohydrate,-11.72,98.0,29.4,liraglutide,61,NCT03158805,"ADULT,OLDER_ADULT",PHASE2,29,3.0,1 + every 1 day,280,280,840.0,no,subcutaneous,-3.5,8.219999999999999
348,PMC8275945,0.3,1 + every 1 day,98,subcutaneous,315.0,357.0,,556.31,Sprague–Dawley,rats,male,8.0,diet:high-fat+high-carbohydrate,-11.72,98.0,29.4,liraglutide,102,NCT01272232,"ADULT,OLDER_ADULT",PHASE3,412,3.0,1 + every 1 day,392,392,1176.0,no,subcutaneous,-3.9,7.8199999999999985
348,PMC8275945,0.3,1 + every 1 day,98,subcutaneous,315.0,357.0,,556.31,Sprague–Dawley,rats,male,8.0,diet:high-fat+high-carbohydrate,-11.72,98.0,29.4,liraglutide,103,NCT01272232,"ADULT,OLDER_ADULT",PHASE3,204,1.8,1 + every 1 day,392,392,705.6,no,subcutaneous,-2.6,9.12
348,PMC8275945,0.3,1 + every 1 day,98,subcutaneous,315.0,357.0,,556.31,Sprague–Dawley,rats,male,8.0,diet:high-fat+high-carbohydrate,-11.72,98.0,29.4,liraglutide,106,NCT01272219,"ADULT,OLDER_ADULT",PHASE3,2432,3.0,1 + every 1 day,392,392,1176.0,no,subcutaneous,-5.36,6.359999999999999
348,PMC8275945,0.3,1 + every 1 day,98,subcutaneous,315.0,357.0,,556.31,Sprague–Dawley,rats,male,8.0,diet:high-fat+high-carbohydrate,-11.72,98.0,29.4,liraglutide,107,NCT01272219,"ADULT,OLDER_ADULT",PHASE3,1467,3.0,1 + every 1 day,1120,1120,3360.0,no,subcutaneous,-4.25,7.469999999999999
348,PMC8275945,0.3,1 + every 1 day,98,subcutaneous,315.0,357.0,,556.31,Sprague–Dawley,rats,male,8.0,diet:high-fat+high-carbohydrate,-11.72,98.0,29.4,liraglutide,108,NCT01272219,"ADULT,OLDER_ADULT",PHASE3,349,3.0,1 + every 1 day,476,476,1428.0,no,subcutaneous,-5.33,6.389999999999999
348,PMC8275945,0.3,1 + every 1 day,98,subcutaneous,315.0,357.0,,556.31,Sprague–Dawley,rats,male,8.0,diet:high-fat+high-carbohydrate,-11.72,98.0,29.4,liraglutide,112,NCT01557166,ADULT,PHASE3,175,3.0,1 + every 1 day,224,224,672.0,no,subcutaneous,-4.201423866334764,7.518576133665235
348,PMC8275945,0.3,1 + every 1 day,98,subcutaneous,315.0,357.0,,556.31,Sprague–Dawley,rats,male,8.0,diet:high-fat+high-carbohydrate,-11.72,98.0,29.4,liraglutide,120,NCT02918279,CHILD,PHASE3,125,3.0,1 + every 1 day,392,392,1176.0,no,subcutaneous,-3.6,8.12
348,PMC8275945,0.3,1 + every 1 day,98,subcutaneous,315.0,357.0,,556.31,Sprague–Dawley,rats,male,8.0,diet:high-fat+high-carbohydrate,-11.72,98.0,29.4,liraglutide,127,NCT02527200,"CHILD,ADULT",PHASE3,17,3.0,1 + every 1 day,364,364,1092.0,no,subcutaneous,-2.7,9.02
348,PMC8275945,0.3,1 + every 1 day,98,subcutaneous,315.0,357.0,,556.31,Sprague–Dawley,rats,male,8.0,diet:high-fat+high-carbohydrate,-11.72,98.0,29.4,liraglutide,128,NCT02527200,"CHILD,ADULT",PHASE3,14,3.0,1 + every 1 day,364,364,1092.0,no,subcutaneous,1.3999999999999997,13.119999999999996
348,PMC8275945,0.3,1 + every 1 day,98,subcutaneous,315.0,357.0,,556.31,Sprague–Dawley,rats,male,8.0,diet:high-fat+high-carbohydrate,-11.72,98.0,29.4,liraglutide,129,NCT02527200,"CHILD,ADULT",PHASE3,31,3.0,1 + every 1 day,364,364,1092.0,no,subcutaneous,-0.6999999999999997,11.02
348,PMC8275945,0.3,1 + every 1 day,98,subcutaneous,315.0,357.0,,556.31,Sprague–Dawley,rats,male,8.0,diet:high-fat+high-carbohydrate,-11.72,98.0,29.4,liraglutide,130,NCT00781937,"ADULT,OLDER_ADULT",PHASE3,194,3.0,1 + every 1 day,392,392,1176.0,no,subcutaneous,-6.0600000000000005,5.659999999999998
348,PMC8275945,0.3,1 + every 1 day,98,subcutaneous,315.0,357.0,,556.31,Sprague–Dawley,rats,male,8.0,diet:high-fat+high-carbohydrate,-11.72,98.0,29.4,liraglutide,136,NCT04074161,"ADULT,OLDER_ADULT",PHASE3,117,3.0,1 + every 1 day,476,476,1428.0,no,subcutaneous,-4.800000000000001,6.919999999999998
348,PMC8275945,0.3,1 + every 1 day,98,subcutaneous,315.0,357.0,,556.31,Sprague–Dawley,rats,male,8.0,diet:high-fat+high-carbohydrate,-11.72,98.0,29.4,liraglutide,150,NCT02647944,"ADULT,OLDER_ADULT",PHASE2,19,3.0,1 + every 1 day,112,112,336.0,no,subcutaneous,-2.58819247874349,9.131807521256508
348,PMC8275945,0.3,1 + every 1 day,98,subcutaneous,315.0,357.0,,556.31,Sprague–Dawley,rats,male,8.0,diet:high-fat+high-carbohydrate,-11.72,98.0,29.4,liraglutide,155,NCT03486392,"ADULT,OLDER_ADULT",PHASE2,108,3.0,1 + every 1 day,182,182,546.0,no,subcutaneous,-5.78,5.939999999999999
