pmcid	link	preclinical_year	preclinical_change_of_hba1c_value	preclinical_treatment_name	preclinical_dosage_amount_value	preclinical_dosage_amount_unit	preclinical_administration_route	animal_strain	animal_species	animal_sex	animal_subject_size	disease_induction_method	animal_weight_value(g)	animal_age(days)	preclinical_dosage_frequency	preclinical_dosage_duration(days)	preclinical_total_doses	NCT Number	age_groups	gender	phases	sample_size	clinical_treatment_name	clinical_change_of_hba1c_value	clinical_dosage_amount(mg)	clinical_dosage_frequency	clinical_dosage_duration(days)	clinical_total_doses	clinical_total_dosage(mg)	result	result_translation_success
PMC4000968	https://pmc.ncbi.nlm.nih.gov/articles/PMC4000968	2014	-1.21	Sitagliptin Phosphate	10	mg/kg	oral	Zucker Diabetic Fatty	Rats		7.0	genetic		140.0	1+every1days	42	42	NCT00086515	ADULT,OLDER_ADULT	all	PHASE3	453.0	Sitagliptin Phosphate	-0.67	100.0	1+every1days	168	168	16800.0	0.5399999999999999	1
PMC3998187	https://pmc.ncbi.nlm.nih.gov/articles/PMC3998187	2014	-2	Sitagliptin Phosphate	10	mg/kg	oral	Zucker Diabetic Fatty	Rats	male	5.0	genetic		140.0	1+every1days	42	42	NCT00086515	ADULT,OLDER_ADULT	all	PHASE3	453.0	Sitagliptin Phosphate	-0.67	100.0	1+every1days	168	168	16800.0	1.33	0
PMC2905949	https://pmc.ncbi.nlm.nih.gov/articles/PMC2905949	2010	-0.01	Sitagliptin Phosphate	10	mg/kg	oral	Zucker Diabetic Fatty	Rats	male	8.0	genetic		140.0	1+every1days	42	42	NCT00086515	ADULT,OLDER_ADULT	all	PHASE3	453.0	Sitagliptin Phosphate	-0.67	100.0	1+every1days	168	168	16800.0	-0.66	1
PMC3235777	https://pmc.ncbi.nlm.nih.gov/articles/PMC3235777	2011	-1.78	Sitagliptin Phosphate	10	mg/kg	oral	Zucker Diabetic Fatty	Rats	male	8.0	genetic		140.0	1+every1days	42	42	NCT00086515	ADULT,OLDER_ADULT	all	PHASE3	453.0	Sitagliptin Phosphate	-0.67	100.0	1+every1days	168	168	16800.0	1.1099999999999999	0
PMC4514850	https://pmc.ncbi.nlm.nih.gov/articles/PMC4514850	2015	-1.3	Sitagliptin Phosphate	100	mg/kg	oral	ICR	Mice	male	8.0	high-fat diet+streptozotocin		35.0	1+every1days	56	56	NCT00086515	ADULT,OLDER_ADULT	all	PHASE3	453.0	Sitagliptin Phosphate	-0.67	100.0	1+every1days	168	168	16800.0	0.63	1
PMC3660563	https://pmc.ncbi.nlm.nih.gov/articles/PMC3660563	2013	-0.8	Sitagliptin Phosphate	1	mg/kg	oral	C57BLKS/J-db/db	Mice	male		genetic		42.0	1+every1days	42	42	NCT00086515	ADULT,OLDER_ADULT	all	PHASE3	453.0	Sitagliptin Phosphate	-0.67	100.0	1+every1days	168	168	16800.0	0.13	1
PMC4514850	https://pmc.ncbi.nlm.nih.gov/articles/PMC4514850	2015	-0.9	Sitagliptin Phosphate	100	mg/kg	oral	db/db	Mice	male	5.0	genetic		56.0	1+every1days	28	28	NCT00086515	ADULT,OLDER_ADULT	all	PHASE3	453.0	Sitagliptin Phosphate	-0.67	100.0	1+every1days	168	168	16800.0	0.22999999999999998	1
PMC4000968	https://pmc.ncbi.nlm.nih.gov/articles/PMC4000968	2014	-1.21	Sitagliptin Phosphate	10	mg/kg	oral	Zucker Diabetic Fatty	Rats		7.0	genetic		140.0	1+every1days	42	42	NCT00094770	ADULT,OLDER_ADULT	all	PHASE3	248.0	Sitagliptin Phosphate	-0.54	100.0	1+every1days	728	728	72800.0	0.6699999999999999	1
PMC3998187	https://pmc.ncbi.nlm.nih.gov/articles/PMC3998187	2014	-2	Sitagliptin Phosphate	10	mg/kg	oral	Zucker Diabetic Fatty	Rats	male	5.0	genetic		140.0	1+every1days	42	42	NCT00094770	ADULT,OLDER_ADULT	all	PHASE3	248.0	Sitagliptin Phosphate	-0.54	100.0	1+every1days	728	728	72800.0	1.46	0
PMC2905949	https://pmc.ncbi.nlm.nih.gov/articles/PMC2905949	2010	-0.01	Sitagliptin Phosphate	10	mg/kg	oral	Zucker Diabetic Fatty	Rats	male	8.0	genetic		140.0	1+every1days	42	42	NCT00094770	ADULT,OLDER_ADULT	all	PHASE3	248.0	Sitagliptin Phosphate	-0.54	100.0	1+every1days	728	728	72800.0	-0.53	1
PMC3235777	https://pmc.ncbi.nlm.nih.gov/articles/PMC3235777	2011	-1.78	Sitagliptin Phosphate	10	mg/kg	oral	Zucker Diabetic Fatty	Rats	male	8.0	genetic		140.0	1+every1days	42	42	NCT00094770	ADULT,OLDER_ADULT	all	PHASE3	248.0	Sitagliptin Phosphate	-0.54	100.0	1+every1days	728	728	72800.0	1.24	0
PMC4514850	https://pmc.ncbi.nlm.nih.gov/articles/PMC4514850	2015	-1.3	Sitagliptin Phosphate	100	mg/kg	oral	ICR	Mice	male	8.0	high-fat diet+streptozotocin		35.0	1+every1days	56	56	NCT00094770	ADULT,OLDER_ADULT	all	PHASE3	248.0	Sitagliptin Phosphate	-0.54	100.0	1+every1days	728	728	72800.0	0.76	1
PMC3660563	https://pmc.ncbi.nlm.nih.gov/articles/PMC3660563	2013	-0.8	Sitagliptin Phosphate	1	mg/kg	oral	C57BLKS/J-db/db	Mice	male		genetic		42.0	1+every1days	42	42	NCT00094770	ADULT,OLDER_ADULT	all	PHASE3	248.0	Sitagliptin Phosphate	-0.54	100.0	1+every1days	728	728	72800.0	0.26	1
PMC4514850	https://pmc.ncbi.nlm.nih.gov/articles/PMC4514850	2015	-0.9	Sitagliptin Phosphate	100	mg/kg	oral	db/db	Mice	male	5.0	genetic		56.0	1+every1days	28	28	NCT00094770	ADULT,OLDER_ADULT	all	PHASE3	248.0	Sitagliptin Phosphate	-0.54	100.0	1+every1days	728	728	72800.0	0.36	1
PMC4000968	https://pmc.ncbi.nlm.nih.gov/articles/PMC4000968	2014	-1.21	Sitagliptin Phosphate	10	mg/kg	oral	Zucker Diabetic Fatty	Rats		7.0	genetic		140.0	1+every1days	42	42	NCT00127192	ADULT,OLDER_ADULT	all	PHASE2	80.0	Sitagliptin Phosphate	-0.41	25.0	1+every1days	84	84	2100.0	0.8	1
PMC4000968	https://pmc.ncbi.nlm.nih.gov/articles/PMC4000968	2014	-1.21	Sitagliptin Phosphate	10	mg/kg	oral	Zucker Diabetic Fatty	Rats		7.0	genetic		140.0	1+every1days	42	42	NCT00127192	ADULT,OLDER_ADULT	all	PHASE2	70.0	Sitagliptin Phosphate	-0.69	100.0	1+every1days	84	84	8400.0	0.52	1
PMC4000968	https://pmc.ncbi.nlm.nih.gov/articles/PMC4000968	2014	-1.21	Sitagliptin Phosphate	10	mg/kg	oral	Zucker Diabetic Fatty	Rats		7.0	genetic		140.0	1+every1days	42	42	NCT00127192	ADULT,OLDER_ADULT	all	PHASE2	72.0	Sitagliptin Phosphate	-0.71	50.0	1+every1days	84	84	4200.0	0.5	1
PMC4000968	https://pmc.ncbi.nlm.nih.gov/articles/PMC4000968	2014	-1.21	Sitagliptin Phosphate	10	mg/kg	oral	Zucker Diabetic Fatty	Rats		7.0	genetic		140.0	1+every1days	42	42	NCT00127192	ADULT,OLDER_ADULT	all	PHASE2	68.0	Sitagliptin Phosphate	-0.76	200.0	1+every1days	84	84	16800.0	0.44999999999999996	1
PMC3998187	https://pmc.ncbi.nlm.nih.gov/articles/PMC3998187	2014	-2	Sitagliptin Phosphate	10	mg/kg	oral	Zucker Diabetic Fatty	Rats	male	5.0	genetic		140.0	1+every1days	42	42	NCT00127192	ADULT,OLDER_ADULT	all	PHASE2	80.0	Sitagliptin Phosphate	-0.41	25.0	1+every1days	84	84	2100.0	1.59	0
PMC3998187	https://pmc.ncbi.nlm.nih.gov/articles/PMC3998187	2014	-2	Sitagliptin Phosphate	10	mg/kg	oral	Zucker Diabetic Fatty	Rats	male	5.0	genetic		140.0	1+every1days	42	42	NCT00127192	ADULT,OLDER_ADULT	all	PHASE2	70.0	Sitagliptin Phosphate	-0.69	100.0	1+every1days	84	84	8400.0	1.31	0
PMC3998187	https://pmc.ncbi.nlm.nih.gov/articles/PMC3998187	2014	-2	Sitagliptin Phosphate	10	mg/kg	oral	Zucker Diabetic Fatty	Rats	male	5.0	genetic		140.0	1+every1days	42	42	NCT00127192	ADULT,OLDER_ADULT	all	PHASE2	72.0	Sitagliptin Phosphate	-0.71	50.0	1+every1days	84	84	4200.0	1.29	0
PMC3998187	https://pmc.ncbi.nlm.nih.gov/articles/PMC3998187	2014	-2	Sitagliptin Phosphate	10	mg/kg	oral	Zucker Diabetic Fatty	Rats	male	5.0	genetic		140.0	1+every1days	42	42	NCT00127192	ADULT,OLDER_ADULT	all	PHASE2	68.0	Sitagliptin Phosphate	-0.76	200.0	1+every1days	84	84	16800.0	1.24	0
PMC2905949	https://pmc.ncbi.nlm.nih.gov/articles/PMC2905949	2010	-0.01	Sitagliptin Phosphate	10	mg/kg	oral	Zucker Diabetic Fatty	Rats	male	8.0	genetic		140.0	1+every1days	42	42	NCT00127192	ADULT,OLDER_ADULT	all	PHASE2	80.0	Sitagliptin Phosphate	-0.41	25.0	1+every1days	84	84	2100.0	-0.39999999999999997	1
PMC3235777	https://pmc.ncbi.nlm.nih.gov/articles/PMC3235777	2011	-1.78	Sitagliptin Phosphate	10	mg/kg	oral	Zucker Diabetic Fatty	Rats	male	8.0	genetic		140.0	1+every1days	42	42	NCT00127192	ADULT,OLDER_ADULT	all	PHASE2	80.0	Sitagliptin Phosphate	-0.41	25.0	1+every1days	84	84	2100.0	1.37	0
PMC2905949	https://pmc.ncbi.nlm.nih.gov/articles/PMC2905949	2010	-0.01	Sitagliptin Phosphate	10	mg/kg	oral	Zucker Diabetic Fatty	Rats	male	8.0	genetic		140.0	1+every1days	42	42	NCT00127192	ADULT,OLDER_ADULT	all	PHASE2	70.0	Sitagliptin Phosphate	-0.69	100.0	1+every1days	84	84	8400.0	-0.6799999999999999	1
PMC3235777	https://pmc.ncbi.nlm.nih.gov/articles/PMC3235777	2011	-1.78	Sitagliptin Phosphate	10	mg/kg	oral	Zucker Diabetic Fatty	Rats	male	8.0	genetic		140.0	1+every1days	42	42	NCT00127192	ADULT,OLDER_ADULT	all	PHASE2	70.0	Sitagliptin Phosphate	-0.69	100.0	1+every1days	84	84	8400.0	1.09	0
PMC2905949	https://pmc.ncbi.nlm.nih.gov/articles/PMC2905949	2010	-0.01	Sitagliptin Phosphate	10	mg/kg	oral	Zucker Diabetic Fatty	Rats	male	8.0	genetic		140.0	1+every1days	42	42	NCT00127192	ADULT,OLDER_ADULT	all	PHASE2	72.0	Sitagliptin Phosphate	-0.71	50.0	1+every1days	84	84	4200.0	-0.7	1
PMC3235777	https://pmc.ncbi.nlm.nih.gov/articles/PMC3235777	2011	-1.78	Sitagliptin Phosphate	10	mg/kg	oral	Zucker Diabetic Fatty	Rats	male	8.0	genetic		140.0	1+every1days	42	42	NCT00127192	ADULT,OLDER_ADULT	all	PHASE2	72.0	Sitagliptin Phosphate	-0.71	50.0	1+every1days	84	84	4200.0	1.07	0
PMC2905949	https://pmc.ncbi.nlm.nih.gov/articles/PMC2905949	2010	-0.01	Sitagliptin Phosphate	10	mg/kg	oral	Zucker Diabetic Fatty	Rats	male	8.0	genetic		140.0	1+every1days	42	42	NCT00127192	ADULT,OLDER_ADULT	all	PHASE2	68.0	Sitagliptin Phosphate	-0.76	200.0	1+every1days	84	84	16800.0	-0.75	1
PMC3235777	https://pmc.ncbi.nlm.nih.gov/articles/PMC3235777	2011	-1.78	Sitagliptin Phosphate	10	mg/kg	oral	Zucker Diabetic Fatty	Rats	male	8.0	genetic		140.0	1+every1days	42	42	NCT00127192	ADULT,OLDER_ADULT	all	PHASE2	68.0	Sitagliptin Phosphate	-0.76	200.0	1+every1days	84	84	16800.0	1.02	1
PMC4514850	https://pmc.ncbi.nlm.nih.gov/articles/PMC4514850	2015	-1.3	Sitagliptin Phosphate	100	mg/kg	oral	ICR	Mice	male	8.0	high-fat diet+streptozotocin		35.0	1+every1days	56	56	NCT00127192	ADULT,OLDER_ADULT	all	PHASE2	80.0	Sitagliptin Phosphate	-0.41	25.0	1+every1days	84	84	2100.0	0.8900000000000001	1
PMC4514850	https://pmc.ncbi.nlm.nih.gov/articles/PMC4514850	2015	-1.3	Sitagliptin Phosphate	100	mg/kg	oral	ICR	Mice	male	8.0	high-fat diet+streptozotocin		35.0	1+every1days	56	56	NCT00127192	ADULT,OLDER_ADULT	all	PHASE2	70.0	Sitagliptin Phosphate	-0.69	100.0	1+every1days	84	84	8400.0	0.6100000000000001	1
PMC4514850	https://pmc.ncbi.nlm.nih.gov/articles/PMC4514850	2015	-1.3	Sitagliptin Phosphate	100	mg/kg	oral	ICR	Mice	male	8.0	high-fat diet+streptozotocin		35.0	1+every1days	56	56	NCT00127192	ADULT,OLDER_ADULT	all	PHASE2	72.0	Sitagliptin Phosphate	-0.71	50.0	1+every1days	84	84	4200.0	0.5900000000000001	1
PMC4514850	https://pmc.ncbi.nlm.nih.gov/articles/PMC4514850	2015	-1.3	Sitagliptin Phosphate	100	mg/kg	oral	ICR	Mice	male	8.0	high-fat diet+streptozotocin		35.0	1+every1days	56	56	NCT00127192	ADULT,OLDER_ADULT	all	PHASE2	68.0	Sitagliptin Phosphate	-0.76	200.0	1+every1days	84	84	16800.0	0.54	1
PMC3660563	https://pmc.ncbi.nlm.nih.gov/articles/PMC3660563	2013	-0.8	Sitagliptin Phosphate	1	mg/kg	oral	C57BLKS/J-db/db	Mice	male		genetic		42.0	1+every1days	42	42	NCT00127192	ADULT,OLDER_ADULT	all	PHASE2	80.0	Sitagliptin Phosphate	-0.41	25.0	1+every1days	84	84	2100.0	0.39000000000000007	1
PMC3660563	https://pmc.ncbi.nlm.nih.gov/articles/PMC3660563	2013	-0.8	Sitagliptin Phosphate	1	mg/kg	oral	C57BLKS/J-db/db	Mice	male		genetic		42.0	1+every1days	42	42	NCT00127192	ADULT,OLDER_ADULT	all	PHASE2	70.0	Sitagliptin Phosphate	-0.69	100.0	1+every1days	84	84	8400.0	0.1100000000000001	1
PMC3660563	https://pmc.ncbi.nlm.nih.gov/articles/PMC3660563	2013	-0.8	Sitagliptin Phosphate	1	mg/kg	oral	C57BLKS/J-db/db	Mice	male		genetic		42.0	1+every1days	42	42	NCT00127192	ADULT,OLDER_ADULT	all	PHASE2	72.0	Sitagliptin Phosphate	-0.71	50.0	1+every1days	84	84	4200.0	0.09000000000000008	1
PMC3660563	https://pmc.ncbi.nlm.nih.gov/articles/PMC3660563	2013	-0.8	Sitagliptin Phosphate	1	mg/kg	oral	C57BLKS/J-db/db	Mice	male		genetic		42.0	1+every1days	42	42	NCT00127192	ADULT,OLDER_ADULT	all	PHASE2	68.0	Sitagliptin Phosphate	-0.76	200.0	1+every1days	84	84	16800.0	0.040000000000000036	1
PMC4514850	https://pmc.ncbi.nlm.nih.gov/articles/PMC4514850	2015	-0.9	Sitagliptin Phosphate	100	mg/kg	oral	db/db	Mice	male	5.0	genetic		56.0	1+every1days	28	28	NCT00127192	ADULT,OLDER_ADULT	all	PHASE2	80.0	Sitagliptin Phosphate	-0.41	25.0	1+every1days	84	84	2100.0	0.49000000000000005	1
PMC4514850	https://pmc.ncbi.nlm.nih.gov/articles/PMC4514850	2015	-0.9	Sitagliptin Phosphate	100	mg/kg	oral	db/db	Mice	male	5.0	genetic		56.0	1+every1days	28	28	NCT00127192	ADULT,OLDER_ADULT	all	PHASE2	70.0	Sitagliptin Phosphate	-0.69	100.0	1+every1days	84	84	8400.0	0.21000000000000008	1
PMC4514850	https://pmc.ncbi.nlm.nih.gov/articles/PMC4514850	2015	-0.9	Sitagliptin Phosphate	100	mg/kg	oral	db/db	Mice	male	5.0	genetic		56.0	1+every1days	28	28	NCT00127192	ADULT,OLDER_ADULT	all	PHASE2	72.0	Sitagliptin Phosphate	-0.71	50.0	1+every1days	84	84	4200.0	0.19000000000000006	1
PMC4514850	https://pmc.ncbi.nlm.nih.gov/articles/PMC4514850	2015	-0.9	Sitagliptin Phosphate	100	mg/kg	oral	db/db	Mice	male	5.0	genetic		56.0	1+every1days	28	28	NCT00127192	ADULT,OLDER_ADULT	all	PHASE2	68.0	Sitagliptin Phosphate	-0.76	200.0	1+every1days	84	84	16800.0	0.14	1
PMC4000968	https://pmc.ncbi.nlm.nih.gov/articles/PMC4000968	2014	-1.21	Sitagliptin Phosphate	10	mg/kg	oral	Zucker Diabetic Fatty	Rats		7.0	genetic		140.0	1+every1days	42	42	NCT00289848	ADULT,OLDER_ADULT	all	PHASE3	339.0	Sitagliptin Phosphate	-0.71	100.0	1+every1days	126	126	12600.0	0.5	1
PMC3998187	https://pmc.ncbi.nlm.nih.gov/articles/PMC3998187	2014	-2	Sitagliptin Phosphate	10	mg/kg	oral	Zucker Diabetic Fatty	Rats	male	5.0	genetic		140.0	1+every1days	42	42	NCT00289848	ADULT,OLDER_ADULT	all	PHASE3	339.0	Sitagliptin Phosphate	-0.71	100.0	1+every1days	126	126	12600.0	1.29	0
PMC2905949	https://pmc.ncbi.nlm.nih.gov/articles/PMC2905949	2010	-0.01	Sitagliptin Phosphate	10	mg/kg	oral	Zucker Diabetic Fatty	Rats	male	8.0	genetic		140.0	1+every1days	42	42	NCT00289848	ADULT,OLDER_ADULT	all	PHASE3	339.0	Sitagliptin Phosphate	-0.71	100.0	1+every1days	126	126	12600.0	-0.7	1
PMC3235777	https://pmc.ncbi.nlm.nih.gov/articles/PMC3235777	2011	-1.78	Sitagliptin Phosphate	10	mg/kg	oral	Zucker Diabetic Fatty	Rats	male	8.0	genetic		140.0	1+every1days	42	42	NCT00289848	ADULT,OLDER_ADULT	all	PHASE3	339.0	Sitagliptin Phosphate	-0.71	100.0	1+every1days	126	126	12600.0	1.07	0
PMC4514850	https://pmc.ncbi.nlm.nih.gov/articles/PMC4514850	2015	-1.3	Sitagliptin Phosphate	100	mg/kg	oral	ICR	Mice	male	8.0	high-fat diet+streptozotocin		35.0	1+every1days	56	56	NCT00289848	ADULT,OLDER_ADULT	all	PHASE3	339.0	Sitagliptin Phosphate	-0.71	100.0	1+every1days	126	126	12600.0	0.5900000000000001	1
PMC3660563	https://pmc.ncbi.nlm.nih.gov/articles/PMC3660563	2013	-0.8	Sitagliptin Phosphate	1	mg/kg	oral	C57BLKS/J-db/db	Mice	male		genetic		42.0	1+every1days	42	42	NCT00289848	ADULT,OLDER_ADULT	all	PHASE3	339.0	Sitagliptin Phosphate	-0.71	100.0	1+every1days	126	126	12600.0	0.09000000000000008	1
PMC4514850	https://pmc.ncbi.nlm.nih.gov/articles/PMC4514850	2015	-0.9	Sitagliptin Phosphate	100	mg/kg	oral	db/db	Mice	male	5.0	genetic		56.0	1+every1days	28	28	NCT00289848	ADULT,OLDER_ADULT	all	PHASE3	339.0	Sitagliptin Phosphate	-0.71	100.0	1+every1days	126	126	12600.0	0.19000000000000006	1
PMC4000968	https://pmc.ncbi.nlm.nih.gov/articles/PMC4000968	2014	-1.21	Sitagliptin Phosphate	10	mg/kg	oral	Zucker Diabetic Fatty	Rats		7.0	genetic		140.0	1+every1days	42	42	NCT00305604	OLDER_ADULT	all	PHASE3	101.0	Sitagliptin Phosphate	-0.47	100.0	1+every1days	168	168	16800.0	0.74	1
PMC3998187	https://pmc.ncbi.nlm.nih.gov/articles/PMC3998187	2014	-2	Sitagliptin Phosphate	10	mg/kg	oral	Zucker Diabetic Fatty	Rats	male	5.0	genetic		140.0	1+every1days	42	42	NCT00305604	OLDER_ADULT	all	PHASE3	101.0	Sitagliptin Phosphate	-0.47	100.0	1+every1days	168	168	16800.0	1.53	0
PMC2905949	https://pmc.ncbi.nlm.nih.gov/articles/PMC2905949	2010	-0.01	Sitagliptin Phosphate	10	mg/kg	oral	Zucker Diabetic Fatty	Rats	male	8.0	genetic		140.0	1+every1days	42	42	NCT00305604	OLDER_ADULT	all	PHASE3	101.0	Sitagliptin Phosphate	-0.47	100.0	1+every1days	168	168	16800.0	-0.45999999999999996	1
PMC3235777	https://pmc.ncbi.nlm.nih.gov/articles/PMC3235777	2011	-1.78	Sitagliptin Phosphate	10	mg/kg	oral	Zucker Diabetic Fatty	Rats	male	8.0	genetic		140.0	1+every1days	42	42	NCT00305604	OLDER_ADULT	all	PHASE3	101.0	Sitagliptin Phosphate	-0.47	100.0	1+every1days	168	168	16800.0	1.31	0
PMC4514850	https://pmc.ncbi.nlm.nih.gov/articles/PMC4514850	2015	-1.3	Sitagliptin Phosphate	100	mg/kg	oral	ICR	Mice	male	8.0	high-fat diet+streptozotocin		35.0	1+every1days	56	56	NCT00305604	OLDER_ADULT	all	PHASE3	101.0	Sitagliptin Phosphate	-0.47	100.0	1+every1days	168	168	16800.0	0.8300000000000001	1
PMC3660563	https://pmc.ncbi.nlm.nih.gov/articles/PMC3660563	2013	-0.8	Sitagliptin Phosphate	1	mg/kg	oral	C57BLKS/J-db/db	Mice	male		genetic		42.0	1+every1days	42	42	NCT00305604	OLDER_ADULT	all	PHASE3	101.0	Sitagliptin Phosphate	-0.47	100.0	1+every1days	168	168	16800.0	0.33000000000000007	1
PMC4514850	https://pmc.ncbi.nlm.nih.gov/articles/PMC4514850	2015	-0.9	Sitagliptin Phosphate	100	mg/kg	oral	db/db	Mice	male	5.0	genetic		56.0	1+every1days	28	28	NCT00305604	OLDER_ADULT	all	PHASE3	101.0	Sitagliptin Phosphate	-0.47	100.0	1+every1days	168	168	16800.0	0.43000000000000005	1
PMC9055162	https://pmc.ncbi.nlm.nih.gov/articles/PMC9055162	2020	-3.3	Exenatide	250	nmol/kg	subcutaneous	db/db	Mice	male		genetic			2+every7days	56	16	NCT00308139	CHILD,ADULT,OLDER_ADULT	all	PHASE3	148.0	Exenatide	-1.87	2.0	1+every7days	210	30	60.0	1.4299999999999997	0
PMC7189518	https://pmc.ncbi.nlm.nih.gov/articles/PMC7189518	2020	-0.87	Exenatide	0.6	mg/kg	oral	db/db	Mice	male	6.0	genetic			1+every1days	49	49	NCT00308139	CHILD,ADULT,OLDER_ADULT	all	PHASE3	148.0	Exenatide	-1.87	2.0	1+every7days	210	30	60.0	-1.0	1
PMC7189518	https://pmc.ncbi.nlm.nih.gov/articles/PMC7189518	2020	-1.16	Exenatide	0.6	mg/kg	oral	db/db	Mice	male	6.0	genetic			1+every1days	49	49	NCT00308139	CHILD,ADULT,OLDER_ADULT	all	PHASE3	148.0	Exenatide	-1.87	2.0	1+every7days	210	30	60.0	-0.7100000000000002	1
PMC7189518	https://pmc.ncbi.nlm.nih.gov/articles/PMC7189518	2020	-1.21	Exenatide	0.06	mg/kg	subcutaneous	db/db	Mice	male	6.0	genetic			1+every1days	49	49	NCT00308139	CHILD,ADULT,OLDER_ADULT	all	PHASE3	148.0	Exenatide	-1.87	2.0	1+every7days	210	30	60.0	-0.6600000000000001	1
PMC6369909	https://pmc.ncbi.nlm.nih.gov/articles/PMC6369909	2018	-3	Exenatide	20	μg/kg	subcutaneous	Sprague-Dawley	Rats	male	6.0	high-fat diet+streptozotocin	160.0		1+every1days	28	28	NCT00308139	CHILD,ADULT,OLDER_ADULT	all	PHASE3	148.0	Exenatide	-1.87	2.0	1+every7days	210	30	60.0	1.13	0
PMC2948479	https://pmc.ncbi.nlm.nih.gov/articles/PMC2948479	2010	-2.2	Exenatide	3.5	pm/kg/min	subcutaneous	3xTg-AD	Mice	both	8.0	streptozotocin	30.0	352.5		112		NCT00308139	CHILD,ADULT,OLDER_ADULT	all	PHASE3	148.0	Exenatide	-1.87	2.0	1+every7days	210	30	60.0	0.33000000000000007	1
PMC4553314	https://pmc.ncbi.nlm.nih.gov/articles/PMC4553314	2015	-0.5	Exenatide	2	μg/kg	subcutaneous	db/db	Mice	female	10.0	genetic		45.5	2+every1days	43	86	NCT00308139	CHILD,ADULT,OLDER_ADULT	all	PHASE3	148.0	Exenatide	-1.87	2.0	1+every7days	210	30	60.0	-1.37	0
PMC4686834	https://pmc.ncbi.nlm.nih.gov/articles/PMC4686834	2015	-0.05	Exenatide	1	μg/kg	subcutaneous	C57BL/6	Mice	male	7.0	genetic		56.0	1+every1days	21	21	NCT00308139	CHILD,ADULT,OLDER_ADULT	all	PHASE3	148.0	Exenatide	-1.87	2.0	1+every7days	210	30	60.0	-1.82	0
PMC4686834	https://pmc.ncbi.nlm.nih.gov/articles/PMC4686834	2015	-0.2	Exenatide	10	μg/kg	subcutaneous	C57BL/6	Mice	male	7.0	genetic		56.0	1+every1days	21	21	NCT00308139	CHILD,ADULT,OLDER_ADULT	all	PHASE3	148.0	Exenatide	-1.87	2.0	1+every7days	210	30	60.0	-1.6700000000000002	0
PMC4237538	https://pmc.ncbi.nlm.nih.gov/articles/PMC4237538	2013	-1.9	Exenatide	0.03	mg/kg	subcutaneous	ob/ob	Mice	male		genetic	43.0	56.0	1+every1days	28	28	NCT00308139	CHILD,ADULT,OLDER_ADULT	all	PHASE3	148.0	Exenatide	-1.87	2.0	1+every7days	210	30	60.0	0.029999999999999805	1
PMC3913652	https://pmc.ncbi.nlm.nih.gov/articles/PMC3913652	2014	-0.55	Exenatide	30	nmol/kg	subcutaneous	ob/ob	Mice	male	10.0	genetic	43.9	56.0	1+every1days	28	28	NCT00308139	CHILD,ADULT,OLDER_ADULT	all	PHASE3	148.0	Exenatide	-1.87	2.0	1+every7days	210	30	60.0	-1.32	0
PMC3654567	https://pmc.ncbi.nlm.nih.gov/articles/PMC3654567	2012	-1.8	Exenatide	250	μg/kg	subcutaneous	Zucker Diabetic Fatty	Rats	male		genetic		56.0	2+every1days	91	182	NCT00308139	CHILD,ADULT,OLDER_ADULT	all	PHASE3	148.0	Exenatide	-1.87	2.0	1+every7days	210	30	60.0	-0.07000000000000006	1
PMC3654567	https://pmc.ncbi.nlm.nih.gov/articles/PMC3654567	2012	-2	Exenatide	6	μg/kg	subcutaneous	Zucker Diabetic Fatty	Rats	male		genetic		56.0	2+every1days	91	182	NCT00308139	CHILD,ADULT,OLDER_ADULT	all	PHASE3	148.0	Exenatide	-1.87	2.0	1+every7days	210	30	60.0	0.1299999999999999	1
PMC3654567	https://pmc.ncbi.nlm.nih.gov/articles/PMC3654567	2012	-2.9	Exenatide	40	μg/kg	subcutaneous	Zucker Diabetic Fatty	Rats	male		genetic		56.0	2+every1days	91	182	NCT00308139	CHILD,ADULT,OLDER_ADULT	all	PHASE3	148.0	Exenatide	-1.87	2.0	1+every7days	210	30	60.0	1.0299999999999998	1
PMC5477380	https://pmc.ncbi.nlm.nih.gov/articles/PMC5477380	2017	-0.7	Exenatide	2	μg/kg	subcutaneous	KK-Ay	Mice	female	13.0	genetic		77.0	2+every1days	49	98	NCT00308139	CHILD,ADULT,OLDER_ADULT	all	PHASE3	148.0	Exenatide	-1.87	2.0	1+every7days	210	30	60.0	-1.1700000000000002	0
PMC5489512	https://pmc.ncbi.nlm.nih.gov/articles/PMC5489512	2017	-0.3	Linagliptin	2	mg/kg	oral	KK-Ay	Mice	female	10.0	genetic	50.0		1+every1days	42	42	NCT00309608	ADULT,OLDER_ADULT	all	PHASE2	64.0	Linagliptin	-0.15	1.0	1+every1days	84	84	84.0	0.15	1
PMC5489512	https://pmc.ncbi.nlm.nih.gov/articles/PMC5489512	2017	-0.3	Linagliptin	2	mg/kg	oral	KK-Ay	Mice	female	10.0	genetic	50.0		1+every1days	42	42	NCT00309608	ADULT,OLDER_ADULT	all	PHASE2	66.0	Linagliptin	-0.42	10.0	1+every1days	84	84	840.0	-0.12	1
PMC5489512	https://pmc.ncbi.nlm.nih.gov/articles/PMC5489512	2017	-0.3	Linagliptin	2	mg/kg	oral	KK-Ay	Mice	female	10.0	genetic	50.0		1+every1days	42	42	NCT00309608	ADULT,OLDER_ADULT	all	PHASE2	62.0	Linagliptin	-0.48	5.0	1+every1days	84	84	420.0	-0.18	1
PMC6701666	https://pmc.ncbi.nlm.nih.gov/articles/PMC6701666	2019	0	Linagliptin	3	mg/kg	oral	db/db	Mice	female	12.0	genetic		38.5	1+every1days	42	42	NCT00309608	ADULT,OLDER_ADULT	all	PHASE2	64.0	Linagliptin	-0.15	1.0	1+every1days	84	84	84.0	-0.15	1
PMC6701666	https://pmc.ncbi.nlm.nih.gov/articles/PMC6701666	2019	0	Linagliptin	3	mg/kg	oral	db/db	Mice	female	12.0	genetic		38.5	1+every1days	42	42	NCT00309608	ADULT,OLDER_ADULT	all	PHASE2	66.0	Linagliptin	-0.42	10.0	1+every1days	84	84	840.0	-0.42	1
PMC6701666	https://pmc.ncbi.nlm.nih.gov/articles/PMC6701666	2019	0	Linagliptin	3	mg/kg	oral	db/db	Mice	female	12.0	genetic		38.5	1+every1days	42	42	NCT00309608	ADULT,OLDER_ADULT	all	PHASE2	62.0	Linagliptin	-0.48	5.0	1+every1days	84	84	420.0	-0.48	1
PMC6701666	https://pmc.ncbi.nlm.nih.gov/articles/PMC6701666	2019	0	Glimepiride	2	mg/kg	oral	db/db	Mice	female	12.0	genetic		38.5	1+every1days	42	42	NCT00309608	ADULT,OLDER_ADULT	all	PHASE2	64.0	Glimepiride	-0.59		1+every1days	84	84		-0.59	1
PMC5152931	https://pmc.ncbi.nlm.nih.gov/articles/PMC5152931	2016	-2	Linagliptin	0.083	mg/kg	oral	Wistar	Rats	male	22.0	streptozotocin		42.0		168		NCT00309608	ADULT,OLDER_ADULT	all	PHASE2	64.0	Linagliptin	-0.15	1.0	1+every1days	84	84	84.0	1.85	0
PMC5152931	https://pmc.ncbi.nlm.nih.gov/articles/PMC5152931	2016	-2	Linagliptin	0.083	mg/kg	oral	Wistar	Rats	male	22.0	streptozotocin		42.0		168		NCT00309608	ADULT,OLDER_ADULT	all	PHASE2	66.0	Linagliptin	-0.42	10.0	1+every1days	84	84	840.0	1.58	0
PMC5152931	https://pmc.ncbi.nlm.nih.gov/articles/PMC5152931	2016	-2	Linagliptin	0.083	mg/kg	oral	Wistar	Rats	male	22.0	streptozotocin		42.0		168		NCT00309608	ADULT,OLDER_ADULT	all	PHASE2	62.0	Linagliptin	-0.48	5.0	1+every1days	84	84	420.0	1.52	0
PMC6273299	https://pmc.ncbi.nlm.nih.gov/articles/PMC6273299	2016	-0.3	Glimepiride	5	mg/kg		Zucker Diabetic Fatty	Rats	male	6.0	high-fat diet		42.0	1+every1days	84	84	NCT00309608	ADULT,OLDER_ADULT	all	PHASE2	64.0	Glimepiride	-0.59		1+every1days	84	84		-0.29	1
PMC3610345	https://pmc.ncbi.nlm.nih.gov/articles/PMC3610345	2013	-1	Glimepiride	2.5	mg/kg	oral	db/db	Mice	male		genetic		49.0	1+every1days	42	42	NCT00309608	ADULT,OLDER_ADULT	all	PHASE2	64.0	Glimepiride	-0.59		1+every1days	84	84		0.41000000000000003	1
PMC5485244	https://pmc.ncbi.nlm.nih.gov/articles/PMC5485244	2017	-0.4	Metformin	500	mg/kg	oral	C57BL/6J	Mice	male	8.0	high-fat diet			1+every1days			NCT00318461	ADULT,OLDER_ADULT	all	PHASE3	120.0	Metformin	0.09	1750.0	1+every1days	182	182	318500.0	0.49	1
PMC8657924	https://pmc.ncbi.nlm.nih.gov/articles/PMC8657924	2021	-4	Metformin	225	mg/kg	oral	Kunming	Mice	male	8.0	high-fat diet+streptozotocin	20.0		1+every1days	28	28	NCT00318461	ADULT,OLDER_ADULT	all	PHASE3	120.0	Metformin	0.09	1750.0	1+every1days	182	182	318500.0	4.09	0
PMC3462199	https://pmc.ncbi.nlm.nih.gov/articles/PMC3462199	2012	-0.4	Metformin	400	mg/kg	intraperitoneal	db/db	Mice	male	10.0	genetic	47.5		1+every1days	14	14	NCT00318461	ADULT,OLDER_ADULT	all	PHASE3	120.0	Metformin	0.09	1750.0	1+every1days	182	182	318500.0	0.49	1
PMC3462199	https://pmc.ncbi.nlm.nih.gov/articles/PMC3462199	2012	-0.3	Metformin	400	mg/kg	intraperitoneal	db/db	Mice	male	12.0	genetic	47.5		1+every1days	14	14	NCT00318461	ADULT,OLDER_ADULT	all	PHASE3	120.0	Metformin	0.09	1750.0	1+every1days	182	182	318500.0	0.39	1
PMC9313150	https://pmc.ncbi.nlm.nih.gov/articles/PMC9313150	2022	-2.1	Metformin	200	mg/kg	oral	Wistar	Rats	male		high-fat diet+streptozotocin	185.0		1+every1days	84	84	NCT00318461	ADULT,OLDER_ADULT	all	PHASE3	120.0	Metformin	0.09	1750.0	1+every1days	182	182	318500.0	2.19	0
PMC7092631	https://pmc.ncbi.nlm.nih.gov/articles/PMC7092631	2020	-0.82	Metformin	200	mg/kg	intragastric	Wistar	Rats	male	10.0	high-fat diet+streptozotocin	200.0		1+every1days	28	28	NCT00318461	ADULT,OLDER_ADULT	all	PHASE3	120.0	Metformin	0.09	1750.0	1+every1days	182	182	318500.0	0.9099999999999999	1
PMC8800605	https://pmc.ncbi.nlm.nih.gov/articles/PMC8800605	2022	-0.21	Metformin	60	mg/kg	oral	Wistar	Rats	male	12.0	high-fat diet+streptozotocin	176.8		1+every1days	14	14	NCT00318461	ADULT,OLDER_ADULT	all	PHASE3	120.0	Metformin	0.09	1750.0	1+every1days	182	182	318500.0	0.3	1
PMC4826921	https://pmc.ncbi.nlm.nih.gov/articles/PMC4826921	2016	-1.6	Metformin	200	mg/kg	oral	Wistar	Rats	male	20.0	high-fat diet	110.0		1+every1days	60	60	NCT00318461	ADULT,OLDER_ADULT	all	PHASE3	120.0	Metformin	0.09	1750.0	1+every1days	182	182	318500.0	1.6900000000000002	0
PMC7034448	https://pmc.ncbi.nlm.nih.gov/articles/PMC7034448	2020	-5.1	Metformin	500	mg/kg	oral	Wistar	Rats	male	6.0	high-fat diet+streptozotocin	190.0		1+every1days	30	30	NCT00318461	ADULT,OLDER_ADULT	all	PHASE3	120.0	Metformin	0.09	1750.0	1+every1days	182	182	318500.0	5.1899999999999995	0
PMC4884299	https://pmc.ncbi.nlm.nih.gov/articles/PMC4884299	2016	-2.34	Metformin	150	mg/kg	oral	Wistar	Rats	male	6.0	streptozotocin+nicotinamide	280.0		1+every1days	42	42	NCT00318461	ADULT,OLDER_ADULT	all	PHASE3	120.0	Metformin	0.09	1750.0	1+every1days	182	182	318500.0	2.4299999999999997	0
PMC9953164	https://pmc.ncbi.nlm.nih.gov/articles/PMC9953164	2023	-2.5	Metformin	200	mg/kg		Wistar	Rats	male	8.0	high-fat diet+streptozotocin	185.0		1+every1days	84	84	NCT00318461	ADULT,OLDER_ADULT	all	PHASE3	120.0	Metformin	0.09	1750.0	1+every1days	182	182	318500.0	2.59	0
PMC9681650	https://pmc.ncbi.nlm.nih.gov/articles/PMC9681650	2022	-0.1	Metformin	60	mg/kg	oral	Wistar	Rats	male	12.0	high-fat diet+streptozotocin	176.8	120.0	1+every1days	14	14	NCT00318461	ADULT,OLDER_ADULT	all	PHASE3	120.0	Metformin	0.09	1750.0	1+every1days	182	182	318500.0	0.19	1
PMC4423537	https://pmc.ncbi.nlm.nih.gov/articles/PMC4423537	2013	-1.6	Metformin	300	mg/kg	oral	Otsuka Long-Evans Tokushima Fatty	Rats	male	14.0	genetic		140.0	1+every1days	84	84	NCT00318461	ADULT,OLDER_ADULT	all	PHASE3	120.0	Metformin	0.09	1750.0	1+every1days	182	182	318500.0	1.6900000000000002	0
PMC9470898	https://pmc.ncbi.nlm.nih.gov/articles/PMC9470898	2022	-0.5	Metformin	0.1	% (w/w)	oral	NONcNZO10/LtJ	Mice	male	10.0	genetic		147.0		126		NCT00318461	ADULT,OLDER_ADULT	all	PHASE3	120.0	Metformin	0.09	1750.0	1+every1days	182	182	318500.0	0.59	1
PMC5840580	https://pmc.ncbi.nlm.nih.gov/articles/PMC5840580	2017	-1.5	Metformin	300	mg/kg	oral	Otsuka Long-Evans Tokushima Fatty	Rats	male	6.0	high-fat diet		168.0	1+every1days	84	84	NCT00318461	ADULT,OLDER_ADULT	all	PHASE3	120.0	Metformin	0.09	1750.0	1+every1days	182	182	318500.0	1.59	0
PMC3465985	https://pmc.ncbi.nlm.nih.gov/articles/PMC3465985	2012	-1.31	Metformin	350	mg/kg	oral	Spontaneously Diabetic Torii	Rats	male	10.0	genetic		175.0	1+every1days	119	119	NCT00318461	ADULT,OLDER_ADULT	all	PHASE3	120.0	Metformin	0.09	1750.0	1+every1days	182	182	318500.0	1.4000000000000001	0
PMC5319739	https://pmc.ncbi.nlm.nih.gov/articles/PMC5319739	2017	-4.2	Metformin	50	mg/kg	gastric intubation	Psammomys obesus	Gerbillinae	male	30.0	high-fat diet	100.0	240.0	1+every1days	84	84	NCT00318461	ADULT,OLDER_ADULT	all	PHASE3	120.0	Metformin	0.09	1750.0	1+every1days	182	182	318500.0	4.29	0
PMC9698742	https://pmc.ncbi.nlm.nih.gov/articles/PMC9698742	2022	-2.6	Metformin	200	mg/kg	oral	Wistar	Rats	male	5.0	streptozotocin	225.0	270.0	1+every1days	45	45	NCT00318461	ADULT,OLDER_ADULT	all	PHASE3	120.0	Metformin	0.09	1750.0	1+every1days	182	182	318500.0	2.69	0
PMC7727825	https://pmc.ncbi.nlm.nih.gov/articles/PMC7727825	2020	-3	Metformin	200	mg/kg	oral	C57BLKS/J-db/db	Mice	male	8.0	genetic		35.0	1+every1days	63	63	NCT00318461	ADULT,OLDER_ADULT	all	PHASE3	120.0	Metformin	0.09	1750.0	1+every1days	182	182	318500.0	3.09	0
PMC7598587	https://pmc.ncbi.nlm.nih.gov/articles/PMC7598587	2020	-1.85	Metformin	200	mg/kg	oral	C57BL/6N	Mice	male	8.0	high-fat diet+streptozotocin		38.5	1+every1days	28	28	NCT00318461	ADULT,OLDER_ADULT	all	PHASE3	120.0	Metformin	0.09	1750.0	1+every1days	182	182	318500.0	1.9400000000000002	0
PMC4726511	https://pmc.ncbi.nlm.nih.gov/articles/PMC4726511	2016	-0.6	Metformin	10	mg/kg	oral	db/db	Mice		5.0	genetic		42.0	1+every1days	28	28	NCT00318461	ADULT,OLDER_ADULT	all	PHASE3	120.0	Metformin	0.09	1750.0	1+every1days	182	182	318500.0	0.69	1
PMC5485244	https://pmc.ncbi.nlm.nih.gov/articles/PMC5485244	2017	-0.4	Metformin	500	mg/kg	oral	C57BL/6J	Mice	male	16.0	high-fat diet		42.0	1+every1days	84	84	NCT00318461	ADULT,OLDER_ADULT	all	PHASE3	120.0	Metformin	0.09	1750.0	1+every1days	182	182	318500.0	0.49	1
PMC6273299	https://pmc.ncbi.nlm.nih.gov/articles/PMC6273299	2016	-1.3	Metformin	200	mg/kg		Zucker Diabetic Fatty	Rats	male	6.0	high-fat diet		42.0	1+every1days	84	84	NCT00318461	ADULT,OLDER_ADULT	all	PHASE3	120.0	Metformin	0.09	1750.0	1+every1days	182	182	318500.0	1.3900000000000001	0
PMC3327803	https://pmc.ncbi.nlm.nih.gov/articles/PMC3327803	2012	0.3	Metformin	200	mg/kg	intraperitoneal	db/db	Mice	male	11.0	genetic		49.0	1+every1days	126	126	NCT00318461	ADULT,OLDER_ADULT	all	PHASE3	120.0	Metformin	0.09	1750.0	1+every1days	182	182	318500.0	-0.21	1
PMC3907559	https://pmc.ncbi.nlm.nih.gov/articles/PMC3907559	2014	-3	Metformin	200	mg/kg	oral	Zucker Diabetic Fatty	Rats	male	10.0	genetic		49.0	2+every1days	32	64	NCT00318461	ADULT,OLDER_ADULT	all	PHASE3	120.0	Metformin	0.09	1750.0	1+every1days	182	182	318500.0	3.09	0
PMC7381706	https://pmc.ncbi.nlm.nih.gov/articles/PMC7381706	2020	-0.1	Metformin	250	mg/kg	oral	ob/ob	Mice	male	8.0	genetic		52.5	1+every1days	26	26	NCT00318461	ADULT,OLDER_ADULT	all	PHASE3	120.0	Metformin	0.09	1750.0	1+every1days	182	182	318500.0	0.19	1
PMC10203393	https://pmc.ncbi.nlm.nih.gov/articles/PMC10203393	2023	-5.5	Metformin	0.2	g/kg	oral	Sprague-Dawley	Rats	male	8.0	high-fat diet+streptozotocin	150.0	52.5	1+every1days	70	70	NCT00318461	ADULT,OLDER_ADULT	all	PHASE3	120.0	Metformin	0.09	1750.0	1+every1days	182	182	318500.0	5.59	0
PMC10323656	https://pmc.ncbi.nlm.nih.gov/articles/PMC10323656	2023	-1.1	Metformin	200	mg/kg	oral gavage	C57BL/6	Mice	male	12.0	high-fat diet+streptozotocin	24.0	56.0	1+every1days	28	28	NCT00318461	ADULT,OLDER_ADULT	all	PHASE3	120.0	Metformin	0.09	1750.0	1+every1days	182	182	318500.0	1.1900000000000002	0
PMC3855476	https://pmc.ncbi.nlm.nih.gov/articles/PMC3855476	2014	-0.7	Metformin	300	mg/kg	oral	db/db	Mice	male	10.0	genetic	44.0	56.0	1+every1days	14	14	NCT00318461	ADULT,OLDER_ADULT	all	PHASE3	120.0	Metformin	0.09	1750.0	1+every1days	182	182	318500.0	0.7899999999999999	1
PMC5881648	https://pmc.ncbi.nlm.nih.gov/articles/PMC5881648	2018	-3.3	Metformin	200	mg/kg	gavage	Sprague-Dawley	Rats	male	10.0	streptozotocin	200.0	56.0	1+every1days	77	77	NCT00318461	ADULT,OLDER_ADULT	all	PHASE3	120.0	Metformin	0.09	1750.0	1+every1days	182	182	318500.0	3.3899999999999997	0
PMC4444588	https://pmc.ncbi.nlm.nih.gov/articles/PMC4444588	2015	-4	Metformin	500	mg/kg	intragastric	Sprague-Dawley	Rats	male	7.0	high-fat diet+streptozotocin	190.0	60.0	1+every1days	56	56	NCT00318461	ADULT,OLDER_ADULT	all	PHASE3	120.0	Metformin	0.09	1750.0	1+every1days	182	182	318500.0	4.09	0
PMC4444588	https://pmc.ncbi.nlm.nih.gov/articles/PMC4444588	2015	-1	Metformin	150	mg/kg	intragastric	Sprague-Dawley	Rats	male	8.0	high-fat diet+streptozotocin	190.0	60.0	1+every1days	56	56	NCT00318461	ADULT,OLDER_ADULT	all	PHASE3	120.0	Metformin	0.09	1750.0	1+every1days	182	182	318500.0	1.09	0
PMC4444588	https://pmc.ncbi.nlm.nih.gov/articles/PMC4444588	2015	-2	Metformin	300	mg/kg	intragastric	Sprague-Dawley	Rats	male	8.0	high-fat diet+streptozotocin	190.0	60.0	1+every1days	56	56	NCT00318461	ADULT,OLDER_ADULT	all	PHASE3	120.0	Metformin	0.09	1750.0	1+every1days	182	182	318500.0	2.09	0
PMC4097088	https://pmc.ncbi.nlm.nih.gov/articles/PMC4097088	2014	-0.6	Metformin	300	mg/kg	oral	C57BL/6	Mice		8.0	high-fat diet		70.0	1+every1days	14	14	NCT00318461	ADULT,OLDER_ADULT	all	PHASE3	120.0	Metformin	0.09	1750.0	1+every1days	182	182	318500.0	0.69	1
PMC9457892	https://pmc.ncbi.nlm.nih.gov/articles/PMC9457892	2022	-4.3	Metformin	150	mg/kg	oral	C57BL/6	Mice	male	8.0	streptozotocin	27.5	70.0	1+every1days	42	42	NCT00318461	ADULT,OLDER_ADULT	all	PHASE3	120.0	Metformin	0.09	1750.0	1+every1days	182	182	318500.0	4.39	0
PMC8745465	https://pmc.ncbi.nlm.nih.gov/articles/PMC8745465	2021	-1.51	Metformin	120	mg/kg	oral	Wistar	Rats	male	30.0	high-fat diet+streptozotocin	170.0	70.0	1+every1days	35	35	NCT00318461	ADULT,OLDER_ADULT	all	PHASE3	120.0	Metformin	0.09	1750.0	1+every1days	182	182	318500.0	1.6	0
PMC5489512	https://pmc.ncbi.nlm.nih.gov/articles/PMC5489512	2017	-0.3	Linagliptin	2	mg/kg	oral	KK-Ay	Mice	female	10.0	genetic	50.0		1+every1days	42	42	NCT00328172	ADULT,OLDER_ADULT	all	PHASE2	55.0	Linagliptin	-0.24	2.5	1+every1days	84	84	210.0	0.06	1
PMC5489512	https://pmc.ncbi.nlm.nih.gov/articles/PMC5489512	2017	-0.3	Linagliptin	2	mg/kg	oral	KK-Ay	Mice	female	10.0	genetic	50.0		1+every1days	42	42	NCT00328172	ADULT,OLDER_ADULT	all	PHASE2	54.0	Linagliptin	-0.28	5.0	1+every1days	84	84	420.0	0.019999999999999962	1
PMC5489512	https://pmc.ncbi.nlm.nih.gov/articles/PMC5489512	2017	-0.3	Linagliptin	2	mg/kg	oral	KK-Ay	Mice	female	10.0	genetic	50.0		1+every1days	42	42	NCT00328172	ADULT,OLDER_ADULT	all	PHASE2	57.0	Linagliptin	0.04	0.5	1+every1days	84	84	42.0	0.33999999999999997	1
PMC5485244	https://pmc.ncbi.nlm.nih.gov/articles/PMC5485244	2017	-0.4	Metformin	500	mg/kg	oral	C57BL/6J	Mice	male	8.0	high-fat diet			1+every1days			NCT00328172	ADULT,OLDER_ADULT	all	PHASE2	65.0	Metformin	-0.68			84			-0.28	1
PMC8657924	https://pmc.ncbi.nlm.nih.gov/articles/PMC8657924	2021	-4	Metformin	225	mg/kg	oral	Kunming	Mice	male	8.0	high-fat diet+streptozotocin	20.0		1+every1days	28	28	NCT00328172	ADULT,OLDER_ADULT	all	PHASE2	65.0	Metformin	-0.68			84			3.32	0
PMC3462199	https://pmc.ncbi.nlm.nih.gov/articles/PMC3462199	2012	-0.4	Metformin	400	mg/kg	intraperitoneal	db/db	Mice	male	10.0	genetic	47.5		1+every1days	14	14	NCT00328172	ADULT,OLDER_ADULT	all	PHASE2	65.0	Metformin	-0.68			84			-0.28	1
PMC3462199	https://pmc.ncbi.nlm.nih.gov/articles/PMC3462199	2012	-0.3	Metformin	400	mg/kg	intraperitoneal	db/db	Mice	male	12.0	genetic	47.5		1+every1days	14	14	NCT00328172	ADULT,OLDER_ADULT	all	PHASE2	65.0	Metformin	-0.68			84			-0.38000000000000006	1
PMC9313150	https://pmc.ncbi.nlm.nih.gov/articles/PMC9313150	2022	-2.1	Metformin	200	mg/kg	oral	Wistar	Rats	male		high-fat diet+streptozotocin	185.0		1+every1days	84	84	NCT00328172	ADULT,OLDER_ADULT	all	PHASE2	65.0	Metformin	-0.68			84			1.42	0
PMC7092631	https://pmc.ncbi.nlm.nih.gov/articles/PMC7092631	2020	-0.82	Metformin	200	mg/kg	intragastric	Wistar	Rats	male	10.0	high-fat diet+streptozotocin	200.0		1+every1days	28	28	NCT00328172	ADULT,OLDER_ADULT	all	PHASE2	65.0	Metformin	-0.68			84			0.1399999999999999	1
PMC8800605	https://pmc.ncbi.nlm.nih.gov/articles/PMC8800605	2022	-0.21	Metformin	60	mg/kg	oral	Wistar	Rats	male	12.0	high-fat diet+streptozotocin	176.8		1+every1days	14	14	NCT00328172	ADULT,OLDER_ADULT	all	PHASE2	65.0	Metformin	-0.68			84			-0.4700000000000001	1
PMC4826921	https://pmc.ncbi.nlm.nih.gov/articles/PMC4826921	2016	-1.6	Metformin	200	mg/kg	oral	Wistar	Rats	male	20.0	high-fat diet	110.0		1+every1days	60	60	NCT00328172	ADULT,OLDER_ADULT	all	PHASE2	65.0	Metformin	-0.68			84			0.92	1
PMC7034448	https://pmc.ncbi.nlm.nih.gov/articles/PMC7034448	2020	-5.1	Metformin	500	mg/kg	oral	Wistar	Rats	male	6.0	high-fat diet+streptozotocin	190.0		1+every1days	30	30	NCT00328172	ADULT,OLDER_ADULT	all	PHASE2	65.0	Metformin	-0.68			84			4.42	0
PMC4884299	https://pmc.ncbi.nlm.nih.gov/articles/PMC4884299	2016	-2.34	Metformin	150	mg/kg	oral	Wistar	Rats	male	6.0	streptozotocin+nicotinamide	280.0		1+every1days	42	42	NCT00328172	ADULT,OLDER_ADULT	all	PHASE2	65.0	Metformin	-0.68			84			1.6599999999999997	0
PMC9953164	https://pmc.ncbi.nlm.nih.gov/articles/PMC9953164	2023	-2.5	Metformin	200	mg/kg		Wistar	Rats	male	8.0	high-fat diet+streptozotocin	185.0		1+every1days	84	84	NCT00328172	ADULT,OLDER_ADULT	all	PHASE2	65.0	Metformin	-0.68			84			1.8199999999999998	0
PMC9681650	https://pmc.ncbi.nlm.nih.gov/articles/PMC9681650	2022	-0.1	Metformin	60	mg/kg	oral	Wistar	Rats	male	12.0	high-fat diet+streptozotocin	176.8	120.0	1+every1days	14	14	NCT00328172	ADULT,OLDER_ADULT	all	PHASE2	65.0	Metformin	-0.68			84			-0.5800000000000001	1
PMC4423537	https://pmc.ncbi.nlm.nih.gov/articles/PMC4423537	2013	-1.6	Metformin	300	mg/kg	oral	Otsuka Long-Evans Tokushima Fatty	Rats	male	14.0	genetic		140.0	1+every1days	84	84	NCT00328172	ADULT,OLDER_ADULT	all	PHASE2	65.0	Metformin	-0.68			84			0.92	1
PMC9470898	https://pmc.ncbi.nlm.nih.gov/articles/PMC9470898	2022	-0.5	Metformin	0.1	% (w/w)	oral	NONcNZO10/LtJ	Mice	male	10.0	genetic		147.0		126		NCT00328172	ADULT,OLDER_ADULT	all	PHASE2	65.0	Metformin	-0.68			84			-0.18000000000000005	1
PMC5840580	https://pmc.ncbi.nlm.nih.gov/articles/PMC5840580	2017	-1.5	Metformin	300	mg/kg	oral	Otsuka Long-Evans Tokushima Fatty	Rats	male	6.0	high-fat diet		168.0	1+every1days	84	84	NCT00328172	ADULT,OLDER_ADULT	all	PHASE2	65.0	Metformin	-0.68			84			0.82	1
PMC3465985	https://pmc.ncbi.nlm.nih.gov/articles/PMC3465985	2012	-1.31	Metformin	350	mg/kg	oral	Spontaneously Diabetic Torii	Rats	male	10.0	genetic		175.0	1+every1days	119	119	NCT00328172	ADULT,OLDER_ADULT	all	PHASE2	65.0	Metformin	-0.68			84			0.63	1
PMC5319739	https://pmc.ncbi.nlm.nih.gov/articles/PMC5319739	2017	-4.2	Metformin	50	mg/kg	gastric intubation	Psammomys obesus	Gerbillinae	male	30.0	high-fat diet	100.0	240.0	1+every1days	84	84	NCT00328172	ADULT,OLDER_ADULT	all	PHASE2	65.0	Metformin	-0.68			84			3.52	0
PMC9698742	https://pmc.ncbi.nlm.nih.gov/articles/PMC9698742	2022	-2.6	Metformin	200	mg/kg	oral	Wistar	Rats	male	5.0	streptozotocin	225.0	270.0	1+every1days	45	45	NCT00328172	ADULT,OLDER_ADULT	all	PHASE2	65.0	Metformin	-0.68			84			1.92	0
PMC7727825	https://pmc.ncbi.nlm.nih.gov/articles/PMC7727825	2020	-3	Metformin	200	mg/kg	oral	C57BLKS/J-db/db	Mice	male	8.0	genetic		35.0	1+every1days	63	63	NCT00328172	ADULT,OLDER_ADULT	all	PHASE2	65.0	Metformin	-0.68			84			2.32	0
PMC6701666	https://pmc.ncbi.nlm.nih.gov/articles/PMC6701666	2019	0	Linagliptin	3	mg/kg	oral	db/db	Mice	female	12.0	genetic		38.5	1+every1days	42	42	NCT00328172	ADULT,OLDER_ADULT	all	PHASE2	55.0	Linagliptin	-0.24	2.5	1+every1days	84	84	210.0	-0.24	1
PMC6701666	https://pmc.ncbi.nlm.nih.gov/articles/PMC6701666	2019	0	Linagliptin	3	mg/kg	oral	db/db	Mice	female	12.0	genetic		38.5	1+every1days	42	42	NCT00328172	ADULT,OLDER_ADULT	all	PHASE2	54.0	Linagliptin	-0.28	5.0	1+every1days	84	84	420.0	-0.28	1
PMC6701666	https://pmc.ncbi.nlm.nih.gov/articles/PMC6701666	2019	0	Linagliptin	3	mg/kg	oral	db/db	Mice	female	12.0	genetic		38.5	1+every1days	42	42	NCT00328172	ADULT,OLDER_ADULT	all	PHASE2	57.0	Linagliptin	0.04	0.5	1+every1days	84	84	42.0	0.04	1
PMC7598587	https://pmc.ncbi.nlm.nih.gov/articles/PMC7598587	2020	-1.85	Metformin	200	mg/kg	oral	C57BL/6N	Mice	male	8.0	high-fat diet+streptozotocin		38.5	1+every1days	28	28	NCT00328172	ADULT,OLDER_ADULT	all	PHASE2	65.0	Metformin	-0.68			84			1.17	0
PMC4726511	https://pmc.ncbi.nlm.nih.gov/articles/PMC4726511	2016	-0.6	Metformin	10	mg/kg	oral	db/db	Mice		5.0	genetic		42.0	1+every1days	28	28	NCT00328172	ADULT,OLDER_ADULT	all	PHASE2	65.0	Metformin	-0.68			84			-0.08000000000000007	1
PMC5485244	https://pmc.ncbi.nlm.nih.gov/articles/PMC5485244	2017	-0.4	Metformin	500	mg/kg	oral	C57BL/6J	Mice	male	16.0	high-fat diet		42.0	1+every1days	84	84	NCT00328172	ADULT,OLDER_ADULT	all	PHASE2	65.0	Metformin	-0.68			84			-0.28	1
PMC5152931	https://pmc.ncbi.nlm.nih.gov/articles/PMC5152931	2016	-2	Linagliptin	0.083	mg/kg	oral	Wistar	Rats	male	22.0	streptozotocin		42.0		168		NCT00328172	ADULT,OLDER_ADULT	all	PHASE2	55.0	Linagliptin	-0.24	2.5	1+every1days	84	84	210.0	1.76	0
PMC5152931	https://pmc.ncbi.nlm.nih.gov/articles/PMC5152931	2016	-2	Linagliptin	0.083	mg/kg	oral	Wistar	Rats	male	22.0	streptozotocin		42.0		168		NCT00328172	ADULT,OLDER_ADULT	all	PHASE2	54.0	Linagliptin	-0.28	5.0	1+every1days	84	84	420.0	1.72	0
PMC5152931	https://pmc.ncbi.nlm.nih.gov/articles/PMC5152931	2016	-2	Linagliptin	0.083	mg/kg	oral	Wistar	Rats	male	22.0	streptozotocin		42.0		168		NCT00328172	ADULT,OLDER_ADULT	all	PHASE2	57.0	Linagliptin	0.04	0.5	1+every1days	84	84	42.0	2.04	0
PMC6273299	https://pmc.ncbi.nlm.nih.gov/articles/PMC6273299	2016	-1.3	Metformin	200	mg/kg		Zucker Diabetic Fatty	Rats	male	6.0	high-fat diet		42.0	1+every1days	84	84	NCT00328172	ADULT,OLDER_ADULT	all	PHASE2	65.0	Metformin	-0.68			84			0.62	1
PMC3327803	https://pmc.ncbi.nlm.nih.gov/articles/PMC3327803	2012	0.3	Metformin	200	mg/kg	intraperitoneal	db/db	Mice	male	11.0	genetic		49.0	1+every1days	126	126	NCT00328172	ADULT,OLDER_ADULT	all	PHASE2	65.0	Metformin	-0.68			84			-0.98	1
PMC3907559	https://pmc.ncbi.nlm.nih.gov/articles/PMC3907559	2014	-3	Metformin	200	mg/kg	oral	Zucker Diabetic Fatty	Rats	male	10.0	genetic		49.0	2+every1days	32	64	NCT00328172	ADULT,OLDER_ADULT	all	PHASE2	65.0	Metformin	-0.68			84			2.32	0
PMC7381706	https://pmc.ncbi.nlm.nih.gov/articles/PMC7381706	2020	-0.1	Metformin	250	mg/kg	oral	ob/ob	Mice	male	8.0	genetic		52.5	1+every1days	26	26	NCT00328172	ADULT,OLDER_ADULT	all	PHASE2	65.0	Metformin	-0.68			84			-0.5800000000000001	1
PMC10203393	https://pmc.ncbi.nlm.nih.gov/articles/PMC10203393	2023	-5.5	Metformin	0.2	g/kg	oral	Sprague-Dawley	Rats	male	8.0	high-fat diet+streptozotocin	150.0	52.5	1+every1days	70	70	NCT00328172	ADULT,OLDER_ADULT	all	PHASE2	65.0	Metformin	-0.68			84			4.82	0
PMC10323656	https://pmc.ncbi.nlm.nih.gov/articles/PMC10323656	2023	-1.1	Metformin	200	mg/kg	oral gavage	C57BL/6	Mice	male	12.0	high-fat diet+streptozotocin	24.0	56.0	1+every1days	28	28	NCT00328172	ADULT,OLDER_ADULT	all	PHASE2	65.0	Metformin	-0.68			84			0.42000000000000004	1
PMC3855476	https://pmc.ncbi.nlm.nih.gov/articles/PMC3855476	2014	-0.7	Metformin	300	mg/kg	oral	db/db	Mice	male	10.0	genetic	44.0	56.0	1+every1days	14	14	NCT00328172	ADULT,OLDER_ADULT	all	PHASE2	65.0	Metformin	-0.68			84			0.019999999999999907	1
PMC5881648	https://pmc.ncbi.nlm.nih.gov/articles/PMC5881648	2018	-3.3	Metformin	200	mg/kg	gavage	Sprague-Dawley	Rats	male	10.0	streptozotocin	200.0	56.0	1+every1days	77	77	NCT00328172	ADULT,OLDER_ADULT	all	PHASE2	65.0	Metformin	-0.68			84			2.6199999999999997	0
PMC4444588	https://pmc.ncbi.nlm.nih.gov/articles/PMC4444588	2015	-4	Metformin	500	mg/kg	intragastric	Sprague-Dawley	Rats	male	7.0	high-fat diet+streptozotocin	190.0	60.0	1+every1days	56	56	NCT00328172	ADULT,OLDER_ADULT	all	PHASE2	65.0	Metformin	-0.68			84			3.32	0
PMC4444588	https://pmc.ncbi.nlm.nih.gov/articles/PMC4444588	2015	-1	Metformin	150	mg/kg	intragastric	Sprague-Dawley	Rats	male	8.0	high-fat diet+streptozotocin	190.0	60.0	1+every1days	56	56	NCT00328172	ADULT,OLDER_ADULT	all	PHASE2	65.0	Metformin	-0.68			84			0.31999999999999995	1
PMC4444588	https://pmc.ncbi.nlm.nih.gov/articles/PMC4444588	2015	-2	Metformin	300	mg/kg	intragastric	Sprague-Dawley	Rats	male	8.0	high-fat diet+streptozotocin	190.0	60.0	1+every1days	56	56	NCT00328172	ADULT,OLDER_ADULT	all	PHASE2	65.0	Metformin	-0.68			84			1.3199999999999998	0
PMC4097088	https://pmc.ncbi.nlm.nih.gov/articles/PMC4097088	2014	-0.6	Metformin	300	mg/kg	oral	C57BL/6	Mice		8.0	high-fat diet		70.0	1+every1days	14	14	NCT00328172	ADULT,OLDER_ADULT	all	PHASE2	65.0	Metformin	-0.68			84			-0.08000000000000007	1
PMC9457892	https://pmc.ncbi.nlm.nih.gov/articles/PMC9457892	2022	-4.3	Metformin	150	mg/kg	oral	C57BL/6	Mice	male	8.0	streptozotocin	27.5	70.0	1+every1days	42	42	NCT00328172	ADULT,OLDER_ADULT	all	PHASE2	65.0	Metformin	-0.68			84			3.6199999999999997	0
PMC8745465	https://pmc.ncbi.nlm.nih.gov/articles/PMC8745465	2021	-1.51	Metformin	120	mg/kg	oral	Wistar	Rats	male	30.0	high-fat diet+streptozotocin	170.0	70.0	1+every1days	35	35	NCT00328172	ADULT,OLDER_ADULT	all	PHASE2	65.0	Metformin	-0.68			84			0.83	1
PMC9143250	https://pmc.ncbi.nlm.nih.gov/articles/PMC9143250	2022	-8.5	Dapagliflozin	1	mg/kg	oral	Wistar	Rats	both	6.0	high-fat diet+streptozotocin	215.0		1+every1days	28	28	NCT00357370	ADULT,OLDER_ADULT	all	PHASE2,PHASE3	23.0	Dapagliflozin	-0.61	10.0	1+every1days	84	84	840.0	7.89	0
PMC9143250	https://pmc.ncbi.nlm.nih.gov/articles/PMC9143250	2022	-8.5	Dapagliflozin	1	mg/kg	oral	Wistar	Rats	both	6.0	high-fat diet+streptozotocin	215.0		1+every1days	28	28	NCT00357370	ADULT,OLDER_ADULT	all	PHASE2,PHASE3	23.0	Dapagliflozin	-0.69	20.0	1+every1days	84	84	1680.0	7.8100000000000005	0
PMC10308685	https://pmc.ncbi.nlm.nih.gov/articles/PMC10308685	2023	-5.4	Dapagliflozin	1	mg/kg	oral	Zucker Diabetic Fatty	Rats	male	8.0	genetic		112.0	1+every1days	84	84	NCT00357370	ADULT,OLDER_ADULT	all	PHASE2,PHASE3	23.0	Dapagliflozin	-0.61	10.0	1+every1days	84	84	840.0	4.79	0
PMC10308685	https://pmc.ncbi.nlm.nih.gov/articles/PMC10308685	2023	-5.4	Dapagliflozin	1	mg/kg	oral	Zucker Diabetic Fatty	Rats	male	8.0	genetic		112.0	1+every1days	84	84	NCT00357370	ADULT,OLDER_ADULT	all	PHASE2,PHASE3	23.0	Dapagliflozin	-0.69	20.0	1+every1days	84	84	1680.0	4.710000000000001	0
PMC4237538	https://pmc.ncbi.nlm.nih.gov/articles/PMC4237538	2013	-1.4	Dapagliflozin	1	mg/kg	oral	ob/ob	Mice	male		genetic	43.0	56.0	1+every1days	28	28	NCT00357370	ADULT,OLDER_ADULT	all	PHASE2,PHASE3	23.0	Dapagliflozin	-0.61	10.0	1+every1days	84	84	840.0	0.7899999999999999	1
PMC4237538	https://pmc.ncbi.nlm.nih.gov/articles/PMC4237538	2013	-1.4	Dapagliflozin	1	mg/kg	oral	ob/ob	Mice	male		genetic	43.0	56.0	1+every1days	28	28	NCT00357370	ADULT,OLDER_ADULT	all	PHASE2,PHASE3	23.0	Dapagliflozin	-0.69	20.0	1+every1days	84	84	1680.0	0.71	1
PMC6856656	https://pmc.ncbi.nlm.nih.gov/articles/PMC6856656	2019	-2.9	Dapagliflozin	1.0	mg/kg	oral	Zucker Diabetic Fatty	Rats	male	8.0	high-fat diet		84.0	1+every1days	63	63	NCT00357370	ADULT,OLDER_ADULT	all	PHASE2,PHASE3	23.0	Dapagliflozin	-0.61	10.0	1+every1days	84	84	840.0	2.29	0
PMC6856656	https://pmc.ncbi.nlm.nih.gov/articles/PMC6856656	2019	-2.9	Dapagliflozin	1.0	mg/kg	oral	Zucker Diabetic Fatty	Rats	male	8.0	high-fat diet		84.0	1+every1days	63	63	NCT00357370	ADULT,OLDER_ADULT	all	PHASE2,PHASE3	23.0	Dapagliflozin	-0.69	20.0	1+every1days	84	84	1680.0	2.21	0
PMC5089752	https://pmc.ncbi.nlm.nih.gov/articles/PMC5089752	2016	-2.04	Dapagliflozin	1.0	mg/kg	oral	Otsuka Long-Evans Tokushima Fatty	Rats	male	10.0	genetic		98.0	1+every1days	84	84	NCT00357370	ADULT,OLDER_ADULT	all	PHASE2,PHASE3	23.0	Dapagliflozin	-0.61	10.0	1+every1days	84	84	840.0	1.4300000000000002	0
PMC5089752	https://pmc.ncbi.nlm.nih.gov/articles/PMC5089752	2016	-2.04	Dapagliflozin	1.0	mg/kg	oral	Otsuka Long-Evans Tokushima Fatty	Rats	male	10.0	genetic		98.0	1+every1days	84	84	NCT00357370	ADULT,OLDER_ADULT	all	PHASE2,PHASE3	23.0	Dapagliflozin	-0.69	20.0	1+every1days	84	84	1680.0	1.35	0
PMC8953658	https://pmc.ncbi.nlm.nih.gov/articles/PMC8953658	2022	-3	Dapagliflozin	1	mg/kg	oral gavage	Zucker Diabetic Fatty	Rats	male	7.0	genetic		98.0	1+every1days	28	28	NCT00357370	ADULT,OLDER_ADULT	all	PHASE2,PHASE3	23.0	Dapagliflozin	-0.61	10.0	1+every1days	84	84	840.0	2.39	0
PMC8953658	https://pmc.ncbi.nlm.nih.gov/articles/PMC8953658	2022	-3	Dapagliflozin	1	mg/kg	oral gavage	Zucker Diabetic Fatty	Rats	male	7.0	genetic		98.0	1+every1days	28	28	NCT00357370	ADULT,OLDER_ADULT	all	PHASE2,PHASE3	23.0	Dapagliflozin	-0.69	20.0	1+every1days	84	84	1680.0	2.31	0
PMC5485244	https://pmc.ncbi.nlm.nih.gov/articles/PMC5485244	2017	-0.4	Metformin	500	mg/kg	oral	C57BL/6J	Mice	male	8.0	high-fat diet			1+every1days			NCT00386100	ADULT,OLDER_ADULT	all	PHASE4	294.0	Metformin	-1.36	500.0	1+every1days	560	560	280000.0	-0.9600000000000001	1
PMC5485244	https://pmc.ncbi.nlm.nih.gov/articles/PMC5485244	2017	-0.4	Metformin	500	mg/kg	oral	C57BL/6J	Mice	male	8.0	high-fat diet			1+every1days			NCT00386100	ADULT,OLDER_ADULT	all	PHASE4	258.0	Metformin	-1.42	500.0	1+every1days	560	560	280000.0	-1.02	1
PMC8657924	https://pmc.ncbi.nlm.nih.gov/articles/PMC8657924	2021	-4	Metformin	225	mg/kg	oral	Kunming	Mice	male	8.0	high-fat diet+streptozotocin	20.0		1+every1days	28	28	NCT00386100	ADULT,OLDER_ADULT	all	PHASE4	294.0	Metformin	-1.36	500.0	1+every1days	560	560	280000.0	2.6399999999999997	0
PMC8657924	https://pmc.ncbi.nlm.nih.gov/articles/PMC8657924	2021	-4	Metformin	225	mg/kg	oral	Kunming	Mice	male	8.0	high-fat diet+streptozotocin	20.0		1+every1days	28	28	NCT00386100	ADULT,OLDER_ADULT	all	PHASE4	258.0	Metformin	-1.42	500.0	1+every1days	560	560	280000.0	2.58	0
PMC3462199	https://pmc.ncbi.nlm.nih.gov/articles/PMC3462199	2012	-0.4	Metformin	400	mg/kg	intraperitoneal	db/db	Mice	male	10.0	genetic	47.5		1+every1days	14	14	NCT00386100	ADULT,OLDER_ADULT	all	PHASE4	294.0	Metformin	-1.36	500.0	1+every1days	560	560	280000.0	-0.9600000000000001	1
PMC3462199	https://pmc.ncbi.nlm.nih.gov/articles/PMC3462199	2012	-0.4	Metformin	400	mg/kg	intraperitoneal	db/db	Mice	male	10.0	genetic	47.5		1+every1days	14	14	NCT00386100	ADULT,OLDER_ADULT	all	PHASE4	258.0	Metformin	-1.42	500.0	1+every1days	560	560	280000.0	-1.02	1
PMC3462199	https://pmc.ncbi.nlm.nih.gov/articles/PMC3462199	2012	-0.3	Metformin	400	mg/kg	intraperitoneal	db/db	Mice	male	12.0	genetic	47.5		1+every1days	14	14	NCT00386100	ADULT,OLDER_ADULT	all	PHASE4	294.0	Metformin	-1.36	500.0	1+every1days	560	560	280000.0	-1.06	0
PMC3462199	https://pmc.ncbi.nlm.nih.gov/articles/PMC3462199	2012	-0.3	Metformin	400	mg/kg	intraperitoneal	db/db	Mice	male	12.0	genetic	47.5		1+every1days	14	14	NCT00386100	ADULT,OLDER_ADULT	all	PHASE4	258.0	Metformin	-1.42	500.0	1+every1days	560	560	280000.0	-1.1199999999999999	0
PMC9313150	https://pmc.ncbi.nlm.nih.gov/articles/PMC9313150	2022	-2.1	Metformin	200	mg/kg	oral	Wistar	Rats	male		high-fat diet+streptozotocin	185.0		1+every1days	84	84	NCT00386100	ADULT,OLDER_ADULT	all	PHASE4	294.0	Metformin	-1.36	500.0	1+every1days	560	560	280000.0	0.74	1
PMC9313150	https://pmc.ncbi.nlm.nih.gov/articles/PMC9313150	2022	-2.1	Metformin	200	mg/kg	oral	Wistar	Rats	male		high-fat diet+streptozotocin	185.0		1+every1days	84	84	NCT00386100	ADULT,OLDER_ADULT	all	PHASE4	258.0	Metformin	-1.42	500.0	1+every1days	560	560	280000.0	0.6800000000000002	1
PMC7092631	https://pmc.ncbi.nlm.nih.gov/articles/PMC7092631	2020	-0.82	Metformin	200	mg/kg	intragastric	Wistar	Rats	male	10.0	high-fat diet+streptozotocin	200.0		1+every1days	28	28	NCT00386100	ADULT,OLDER_ADULT	all	PHASE4	294.0	Metformin	-1.36	500.0	1+every1days	560	560	280000.0	-0.5400000000000001	1
PMC7092631	https://pmc.ncbi.nlm.nih.gov/articles/PMC7092631	2020	-0.82	Metformin	200	mg/kg	intragastric	Wistar	Rats	male	10.0	high-fat diet+streptozotocin	200.0		1+every1days	28	28	NCT00386100	ADULT,OLDER_ADULT	all	PHASE4	258.0	Metformin	-1.42	500.0	1+every1days	560	560	280000.0	-0.6	1
PMC8800605	https://pmc.ncbi.nlm.nih.gov/articles/PMC8800605	2022	-0.21	Metformin	60	mg/kg	oral	Wistar	Rats	male	12.0	high-fat diet+streptozotocin	176.8		1+every1days	14	14	NCT00386100	ADULT,OLDER_ADULT	all	PHASE4	294.0	Metformin	-1.36	500.0	1+every1days	560	560	280000.0	-1.1500000000000001	0
PMC8800605	https://pmc.ncbi.nlm.nih.gov/articles/PMC8800605	2022	-0.21	Metformin	60	mg/kg	oral	Wistar	Rats	male	12.0	high-fat diet+streptozotocin	176.8		1+every1days	14	14	NCT00386100	ADULT,OLDER_ADULT	all	PHASE4	258.0	Metformin	-1.42	500.0	1+every1days	560	560	280000.0	-1.21	0
PMC4826921	https://pmc.ncbi.nlm.nih.gov/articles/PMC4826921	2016	-1.6	Metformin	200	mg/kg	oral	Wistar	Rats	male	20.0	high-fat diet	110.0		1+every1days	60	60	NCT00386100	ADULT,OLDER_ADULT	all	PHASE4	294.0	Metformin	-1.36	500.0	1+every1days	560	560	280000.0	0.24	1
PMC4826921	https://pmc.ncbi.nlm.nih.gov/articles/PMC4826921	2016	-1.6	Metformin	200	mg/kg	oral	Wistar	Rats	male	20.0	high-fat diet	110.0		1+every1days	60	60	NCT00386100	ADULT,OLDER_ADULT	all	PHASE4	258.0	Metformin	-1.42	500.0	1+every1days	560	560	280000.0	0.18000000000000016	1
PMC7034448	https://pmc.ncbi.nlm.nih.gov/articles/PMC7034448	2020	-5.1	Metformin	500	mg/kg	oral	Wistar	Rats	male	6.0	high-fat diet+streptozotocin	190.0		1+every1days	30	30	NCT00386100	ADULT,OLDER_ADULT	all	PHASE4	294.0	Metformin	-1.36	500.0	1+every1days	560	560	280000.0	3.7399999999999993	0
PMC7034448	https://pmc.ncbi.nlm.nih.gov/articles/PMC7034448	2020	-5.1	Metformin	500	mg/kg	oral	Wistar	Rats	male	6.0	high-fat diet+streptozotocin	190.0		1+every1days	30	30	NCT00386100	ADULT,OLDER_ADULT	all	PHASE4	258.0	Metformin	-1.42	500.0	1+every1days	560	560	280000.0	3.6799999999999997	0
PMC4884299	https://pmc.ncbi.nlm.nih.gov/articles/PMC4884299	2016	-2.34	Metformin	150	mg/kg	oral	Wistar	Rats	male	6.0	streptozotocin+nicotinamide	280.0		1+every1days	42	42	NCT00386100	ADULT,OLDER_ADULT	all	PHASE4	294.0	Metformin	-1.36	500.0	1+every1days	560	560	280000.0	0.9799999999999998	1
PMC4884299	https://pmc.ncbi.nlm.nih.gov/articles/PMC4884299	2016	-2.34	Metformin	150	mg/kg	oral	Wistar	Rats	male	6.0	streptozotocin+nicotinamide	280.0		1+every1days	42	42	NCT00386100	ADULT,OLDER_ADULT	all	PHASE4	258.0	Metformin	-1.42	500.0	1+every1days	560	560	280000.0	0.9199999999999999	1
PMC9953164	https://pmc.ncbi.nlm.nih.gov/articles/PMC9953164	2023	-2.5	Metformin	200	mg/kg		Wistar	Rats	male	8.0	high-fat diet+streptozotocin	185.0		1+every1days	84	84	NCT00386100	ADULT,OLDER_ADULT	all	PHASE4	294.0	Metformin	-1.36	500.0	1+every1days	560	560	280000.0	1.14	0
PMC9953164	https://pmc.ncbi.nlm.nih.gov/articles/PMC9953164	2023	-2.5	Metformin	200	mg/kg		Wistar	Rats	male	8.0	high-fat diet+streptozotocin	185.0		1+every1days	84	84	NCT00386100	ADULT,OLDER_ADULT	all	PHASE4	258.0	Metformin	-1.42	500.0	1+every1days	560	560	280000.0	1.08	0
PMC9681650	https://pmc.ncbi.nlm.nih.gov/articles/PMC9681650	2022	-0.1	Metformin	60	mg/kg	oral	Wistar	Rats	male	12.0	high-fat diet+streptozotocin	176.8	120.0	1+every1days	14	14	NCT00386100	ADULT,OLDER_ADULT	all	PHASE4	294.0	Metformin	-1.36	500.0	1+every1days	560	560	280000.0	-1.26	0
PMC9681650	https://pmc.ncbi.nlm.nih.gov/articles/PMC9681650	2022	-0.1	Metformin	60	mg/kg	oral	Wistar	Rats	male	12.0	high-fat diet+streptozotocin	176.8	120.0	1+every1days	14	14	NCT00386100	ADULT,OLDER_ADULT	all	PHASE4	258.0	Metformin	-1.42	500.0	1+every1days	560	560	280000.0	-1.3199999999999998	0
PMC4423537	https://pmc.ncbi.nlm.nih.gov/articles/PMC4423537	2013	-1.6	Metformin	300	mg/kg	oral	Otsuka Long-Evans Tokushima Fatty	Rats	male	14.0	genetic		140.0	1+every1days	84	84	NCT00386100	ADULT,OLDER_ADULT	all	PHASE4	294.0	Metformin	-1.36	500.0	1+every1days	560	560	280000.0	0.24	1
PMC4423537	https://pmc.ncbi.nlm.nih.gov/articles/PMC4423537	2013	-1.6	Metformin	300	mg/kg	oral	Otsuka Long-Evans Tokushima Fatty	Rats	male	14.0	genetic		140.0	1+every1days	84	84	NCT00386100	ADULT,OLDER_ADULT	all	PHASE4	258.0	Metformin	-1.42	500.0	1+every1days	560	560	280000.0	0.18000000000000016	1
PMC9470898	https://pmc.ncbi.nlm.nih.gov/articles/PMC9470898	2022	-0.5	Metformin	0.1	% (w/w)	oral	NONcNZO10/LtJ	Mice	male	10.0	genetic		147.0		126		NCT00386100	ADULT,OLDER_ADULT	all	PHASE4	294.0	Metformin	-1.36	500.0	1+every1days	560	560	280000.0	-0.8600000000000001	1
PMC9470898	https://pmc.ncbi.nlm.nih.gov/articles/PMC9470898	2022	-0.5	Metformin	0.1	% (w/w)	oral	NONcNZO10/LtJ	Mice	male	10.0	genetic		147.0		126		NCT00386100	ADULT,OLDER_ADULT	all	PHASE4	258.0	Metformin	-1.42	500.0	1+every1days	560	560	280000.0	-0.9199999999999999	1
PMC5840580	https://pmc.ncbi.nlm.nih.gov/articles/PMC5840580	2017	-1.5	Metformin	300	mg/kg	oral	Otsuka Long-Evans Tokushima Fatty	Rats	male	6.0	high-fat diet		168.0	1+every1days	84	84	NCT00386100	ADULT,OLDER_ADULT	all	PHASE4	294.0	Metformin	-1.36	500.0	1+every1days	560	560	280000.0	0.1399999999999999	1
PMC5840580	https://pmc.ncbi.nlm.nih.gov/articles/PMC5840580	2017	-1.5	Metformin	300	mg/kg	oral	Otsuka Long-Evans Tokushima Fatty	Rats	male	6.0	high-fat diet		168.0	1+every1days	84	84	NCT00386100	ADULT,OLDER_ADULT	all	PHASE4	258.0	Metformin	-1.42	500.0	1+every1days	560	560	280000.0	0.08000000000000007	1
PMC3465985	https://pmc.ncbi.nlm.nih.gov/articles/PMC3465985	2012	-1.31	Metformin	350	mg/kg	oral	Spontaneously Diabetic Torii	Rats	male	10.0	genetic		175.0	1+every1days	119	119	NCT00386100	ADULT,OLDER_ADULT	all	PHASE4	294.0	Metformin	-1.36	500.0	1+every1days	560	560	280000.0	-0.050000000000000044	1
PMC3465985	https://pmc.ncbi.nlm.nih.gov/articles/PMC3465985	2012	-1.31	Metformin	350	mg/kg	oral	Spontaneously Diabetic Torii	Rats	male	10.0	genetic		175.0	1+every1days	119	119	NCT00386100	ADULT,OLDER_ADULT	all	PHASE4	258.0	Metformin	-1.42	500.0	1+every1days	560	560	280000.0	-0.10999999999999988	1
PMC5319739	https://pmc.ncbi.nlm.nih.gov/articles/PMC5319739	2017	-4.2	Metformin	50	mg/kg	gastric intubation	Psammomys obesus	Gerbillinae	male	30.0	high-fat diet	100.0	240.0	1+every1days	84	84	NCT00386100	ADULT,OLDER_ADULT	all	PHASE4	294.0	Metformin	-1.36	500.0	1+every1days	560	560	280000.0	2.84	0
PMC5319739	https://pmc.ncbi.nlm.nih.gov/articles/PMC5319739	2017	-4.2	Metformin	50	mg/kg	gastric intubation	Psammomys obesus	Gerbillinae	male	30.0	high-fat diet	100.0	240.0	1+every1days	84	84	NCT00386100	ADULT,OLDER_ADULT	all	PHASE4	258.0	Metformin	-1.42	500.0	1+every1days	560	560	280000.0	2.7800000000000002	0
PMC9698742	https://pmc.ncbi.nlm.nih.gov/articles/PMC9698742	2022	-2.6	Metformin	200	mg/kg	oral	Wistar	Rats	male	5.0	streptozotocin	225.0	270.0	1+every1days	45	45	NCT00386100	ADULT,OLDER_ADULT	all	PHASE4	294.0	Metformin	-1.36	500.0	1+every1days	560	560	280000.0	1.24	0
PMC9698742	https://pmc.ncbi.nlm.nih.gov/articles/PMC9698742	2022	-2.6	Metformin	200	mg/kg	oral	Wistar	Rats	male	5.0	streptozotocin	225.0	270.0	1+every1days	45	45	NCT00386100	ADULT,OLDER_ADULT	all	PHASE4	258.0	Metformin	-1.42	500.0	1+every1days	560	560	280000.0	1.1800000000000002	0
PMC7727825	https://pmc.ncbi.nlm.nih.gov/articles/PMC7727825	2020	-3	Metformin	200	mg/kg	oral	C57BLKS/J-db/db	Mice	male	8.0	genetic		35.0	1+every1days	63	63	NCT00386100	ADULT,OLDER_ADULT	all	PHASE4	294.0	Metformin	-1.36	500.0	1+every1days	560	560	280000.0	1.64	0
PMC7727825	https://pmc.ncbi.nlm.nih.gov/articles/PMC7727825	2020	-3	Metformin	200	mg/kg	oral	C57BLKS/J-db/db	Mice	male	8.0	genetic		35.0	1+every1days	63	63	NCT00386100	ADULT,OLDER_ADULT	all	PHASE4	258.0	Metformin	-1.42	500.0	1+every1days	560	560	280000.0	1.58	0
PMC7598587	https://pmc.ncbi.nlm.nih.gov/articles/PMC7598587	2020	-1.85	Metformin	200	mg/kg	oral	C57BL/6N	Mice	male	8.0	high-fat diet+streptozotocin		38.5	1+every1days	28	28	NCT00386100	ADULT,OLDER_ADULT	all	PHASE4	294.0	Metformin	-1.36	500.0	1+every1days	560	560	280000.0	0.49	1
PMC7598587	https://pmc.ncbi.nlm.nih.gov/articles/PMC7598587	2020	-1.85	Metformin	200	mg/kg	oral	C57BL/6N	Mice	male	8.0	high-fat diet+streptozotocin		38.5	1+every1days	28	28	NCT00386100	ADULT,OLDER_ADULT	all	PHASE4	258.0	Metformin	-1.42	500.0	1+every1days	560	560	280000.0	0.43000000000000016	1
PMC4726511	https://pmc.ncbi.nlm.nih.gov/articles/PMC4726511	2016	-0.6	Metformin	10	mg/kg	oral	db/db	Mice		5.0	genetic		42.0	1+every1days	28	28	NCT00386100	ADULT,OLDER_ADULT	all	PHASE4	294.0	Metformin	-1.36	500.0	1+every1days	560	560	280000.0	-0.7600000000000001	1
PMC4726511	https://pmc.ncbi.nlm.nih.gov/articles/PMC4726511	2016	-0.6	Metformin	10	mg/kg	oral	db/db	Mice		5.0	genetic		42.0	1+every1days	28	28	NCT00386100	ADULT,OLDER_ADULT	all	PHASE4	258.0	Metformin	-1.42	500.0	1+every1days	560	560	280000.0	-0.82	1
PMC5485244	https://pmc.ncbi.nlm.nih.gov/articles/PMC5485244	2017	-0.4	Metformin	500	mg/kg	oral	C57BL/6J	Mice	male	16.0	high-fat diet		42.0	1+every1days	84	84	NCT00386100	ADULT,OLDER_ADULT	all	PHASE4	294.0	Metformin	-1.36	500.0	1+every1days	560	560	280000.0	-0.9600000000000001	1
PMC5485244	https://pmc.ncbi.nlm.nih.gov/articles/PMC5485244	2017	-0.4	Metformin	500	mg/kg	oral	C57BL/6J	Mice	male	16.0	high-fat diet		42.0	1+every1days	84	84	NCT00386100	ADULT,OLDER_ADULT	all	PHASE4	258.0	Metformin	-1.42	500.0	1+every1days	560	560	280000.0	-1.02	1
PMC6273299	https://pmc.ncbi.nlm.nih.gov/articles/PMC6273299	2016	-1.3	Metformin	200	mg/kg		Zucker Diabetic Fatty	Rats	male	6.0	high-fat diet		42.0	1+every1days	84	84	NCT00386100	ADULT,OLDER_ADULT	all	PHASE4	294.0	Metformin	-1.36	500.0	1+every1days	560	560	280000.0	-0.06000000000000005	1
PMC6273299	https://pmc.ncbi.nlm.nih.gov/articles/PMC6273299	2016	-1.3	Metformin	200	mg/kg		Zucker Diabetic Fatty	Rats	male	6.0	high-fat diet		42.0	1+every1days	84	84	NCT00386100	ADULT,OLDER_ADULT	all	PHASE4	258.0	Metformin	-1.42	500.0	1+every1days	560	560	280000.0	-0.11999999999999988	1
PMC3327803	https://pmc.ncbi.nlm.nih.gov/articles/PMC3327803	2012	0.3	Metformin	200	mg/kg	intraperitoneal	db/db	Mice	male	11.0	genetic		49.0	1+every1days	126	126	NCT00386100	ADULT,OLDER_ADULT	all	PHASE4	294.0	Metformin	-1.36	500.0	1+every1days	560	560	280000.0	-1.6600000000000001	0
PMC3327803	https://pmc.ncbi.nlm.nih.gov/articles/PMC3327803	2012	0.3	Metformin	200	mg/kg	intraperitoneal	db/db	Mice	male	11.0	genetic		49.0	1+every1days	126	126	NCT00386100	ADULT,OLDER_ADULT	all	PHASE4	258.0	Metformin	-1.42	500.0	1+every1days	560	560	280000.0	-1.72	0
PMC3907559	https://pmc.ncbi.nlm.nih.gov/articles/PMC3907559	2014	-3	Metformin	200	mg/kg	oral	Zucker Diabetic Fatty	Rats	male	10.0	genetic		49.0	2+every1days	32	64	NCT00386100	ADULT,OLDER_ADULT	all	PHASE4	294.0	Metformin	-1.36	500.0	1+every1days	560	560	280000.0	1.64	0
PMC3907559	https://pmc.ncbi.nlm.nih.gov/articles/PMC3907559	2014	-3	Metformin	200	mg/kg	oral	Zucker Diabetic Fatty	Rats	male	10.0	genetic		49.0	2+every1days	32	64	NCT00386100	ADULT,OLDER_ADULT	all	PHASE4	258.0	Metformin	-1.42	500.0	1+every1days	560	560	280000.0	1.58	0
PMC7381706	https://pmc.ncbi.nlm.nih.gov/articles/PMC7381706	2020	-0.1	Metformin	250	mg/kg	oral	ob/ob	Mice	male	8.0	genetic		52.5	1+every1days	26	26	NCT00386100	ADULT,OLDER_ADULT	all	PHASE4	294.0	Metformin	-1.36	500.0	1+every1days	560	560	280000.0	-1.26	0
PMC7381706	https://pmc.ncbi.nlm.nih.gov/articles/PMC7381706	2020	-0.1	Metformin	250	mg/kg	oral	ob/ob	Mice	male	8.0	genetic		52.5	1+every1days	26	26	NCT00386100	ADULT,OLDER_ADULT	all	PHASE4	258.0	Metformin	-1.42	500.0	1+every1days	560	560	280000.0	-1.3199999999999998	0
PMC10203393	https://pmc.ncbi.nlm.nih.gov/articles/PMC10203393	2023	-5.5	Metformin	0.2	g/kg	oral	Sprague-Dawley	Rats	male	8.0	high-fat diet+streptozotocin	150.0	52.5	1+every1days	70	70	NCT00386100	ADULT,OLDER_ADULT	all	PHASE4	294.0	Metformin	-1.36	500.0	1+every1days	560	560	280000.0	4.14	0
PMC10203393	https://pmc.ncbi.nlm.nih.gov/articles/PMC10203393	2023	-5.5	Metformin	0.2	g/kg	oral	Sprague-Dawley	Rats	male	8.0	high-fat diet+streptozotocin	150.0	52.5	1+every1days	70	70	NCT00386100	ADULT,OLDER_ADULT	all	PHASE4	258.0	Metformin	-1.42	500.0	1+every1days	560	560	280000.0	4.08	0
PMC10323656	https://pmc.ncbi.nlm.nih.gov/articles/PMC10323656	2023	-1.1	Metformin	200	mg/kg	oral gavage	C57BL/6	Mice	male	12.0	high-fat diet+streptozotocin	24.0	56.0	1+every1days	28	28	NCT00386100	ADULT,OLDER_ADULT	all	PHASE4	294.0	Metformin	-1.36	500.0	1+every1days	560	560	280000.0	-0.26	1
PMC10323656	https://pmc.ncbi.nlm.nih.gov/articles/PMC10323656	2023	-1.1	Metformin	200	mg/kg	oral gavage	C57BL/6	Mice	male	12.0	high-fat diet+streptozotocin	24.0	56.0	1+every1days	28	28	NCT00386100	ADULT,OLDER_ADULT	all	PHASE4	258.0	Metformin	-1.42	500.0	1+every1days	560	560	280000.0	-0.31999999999999984	1
PMC3855476	https://pmc.ncbi.nlm.nih.gov/articles/PMC3855476	2014	-0.7	Metformin	300	mg/kg	oral	db/db	Mice	male	10.0	genetic	44.0	56.0	1+every1days	14	14	NCT00386100	ADULT,OLDER_ADULT	all	PHASE4	294.0	Metformin	-1.36	500.0	1+every1days	560	560	280000.0	-0.6600000000000001	1
PMC3855476	https://pmc.ncbi.nlm.nih.gov/articles/PMC3855476	2014	-0.7	Metformin	300	mg/kg	oral	db/db	Mice	male	10.0	genetic	44.0	56.0	1+every1days	14	14	NCT00386100	ADULT,OLDER_ADULT	all	PHASE4	258.0	Metformin	-1.42	500.0	1+every1days	560	560	280000.0	-0.72	1
PMC5881648	https://pmc.ncbi.nlm.nih.gov/articles/PMC5881648	2018	-3.3	Metformin	200	mg/kg	gavage	Sprague-Dawley	Rats	male	10.0	streptozotocin	200.0	56.0	1+every1days	77	77	NCT00386100	ADULT,OLDER_ADULT	all	PHASE4	294.0	Metformin	-1.36	500.0	1+every1days	560	560	280000.0	1.9399999999999997	0
PMC5881648	https://pmc.ncbi.nlm.nih.gov/articles/PMC5881648	2018	-3.3	Metformin	200	mg/kg	gavage	Sprague-Dawley	Rats	male	10.0	streptozotocin	200.0	56.0	1+every1days	77	77	NCT00386100	ADULT,OLDER_ADULT	all	PHASE4	258.0	Metformin	-1.42	500.0	1+every1days	560	560	280000.0	1.88	0
PMC4444588	https://pmc.ncbi.nlm.nih.gov/articles/PMC4444588	2015	-4	Metformin	500	mg/kg	intragastric	Sprague-Dawley	Rats	male	7.0	high-fat diet+streptozotocin	190.0	60.0	1+every1days	56	56	NCT00386100	ADULT,OLDER_ADULT	all	PHASE4	294.0	Metformin	-1.36	500.0	1+every1days	560	560	280000.0	2.6399999999999997	0
PMC4444588	https://pmc.ncbi.nlm.nih.gov/articles/PMC4444588	2015	-4	Metformin	500	mg/kg	intragastric	Sprague-Dawley	Rats	male	7.0	high-fat diet+streptozotocin	190.0	60.0	1+every1days	56	56	NCT00386100	ADULT,OLDER_ADULT	all	PHASE4	258.0	Metformin	-1.42	500.0	1+every1days	560	560	280000.0	2.58	0
PMC4444588	https://pmc.ncbi.nlm.nih.gov/articles/PMC4444588	2015	-1	Metformin	150	mg/kg	intragastric	Sprague-Dawley	Rats	male	8.0	high-fat diet+streptozotocin	190.0	60.0	1+every1days	56	56	NCT00386100	ADULT,OLDER_ADULT	all	PHASE4	294.0	Metformin	-1.36	500.0	1+every1days	560	560	280000.0	-0.3600000000000001	1
PMC4444588	https://pmc.ncbi.nlm.nih.gov/articles/PMC4444588	2015	-2	Metformin	300	mg/kg	intragastric	Sprague-Dawley	Rats	male	8.0	high-fat diet+streptozotocin	190.0	60.0	1+every1days	56	56	NCT00386100	ADULT,OLDER_ADULT	all	PHASE4	294.0	Metformin	-1.36	500.0	1+every1days	560	560	280000.0	0.6399999999999999	1
PMC4444588	https://pmc.ncbi.nlm.nih.gov/articles/PMC4444588	2015	-1	Metformin	150	mg/kg	intragastric	Sprague-Dawley	Rats	male	8.0	high-fat diet+streptozotocin	190.0	60.0	1+every1days	56	56	NCT00386100	ADULT,OLDER_ADULT	all	PHASE4	258.0	Metformin	-1.42	500.0	1+every1days	560	560	280000.0	-0.41999999999999993	1
PMC4444588	https://pmc.ncbi.nlm.nih.gov/articles/PMC4444588	2015	-2	Metformin	300	mg/kg	intragastric	Sprague-Dawley	Rats	male	8.0	high-fat diet+streptozotocin	190.0	60.0	1+every1days	56	56	NCT00386100	ADULT,OLDER_ADULT	all	PHASE4	258.0	Metformin	-1.42	500.0	1+every1days	560	560	280000.0	0.5800000000000001	1
PMC4097088	https://pmc.ncbi.nlm.nih.gov/articles/PMC4097088	2014	-0.6	Metformin	300	mg/kg	oral	C57BL/6	Mice		8.0	high-fat diet		70.0	1+every1days	14	14	NCT00386100	ADULT,OLDER_ADULT	all	PHASE4	294.0	Metformin	-1.36	500.0	1+every1days	560	560	280000.0	-0.7600000000000001	1
PMC4097088	https://pmc.ncbi.nlm.nih.gov/articles/PMC4097088	2014	-0.6	Metformin	300	mg/kg	oral	C57BL/6	Mice		8.0	high-fat diet		70.0	1+every1days	14	14	NCT00386100	ADULT,OLDER_ADULT	all	PHASE4	258.0	Metformin	-1.42	500.0	1+every1days	560	560	280000.0	-0.82	1
PMC9457892	https://pmc.ncbi.nlm.nih.gov/articles/PMC9457892	2022	-4.3	Metformin	150	mg/kg	oral	C57BL/6	Mice	male	8.0	streptozotocin	27.5	70.0	1+every1days	42	42	NCT00386100	ADULT,OLDER_ADULT	all	PHASE4	294.0	Metformin	-1.36	500.0	1+every1days	560	560	280000.0	2.9399999999999995	0
PMC9457892	https://pmc.ncbi.nlm.nih.gov/articles/PMC9457892	2022	-4.3	Metformin	150	mg/kg	oral	C57BL/6	Mice	male	8.0	streptozotocin	27.5	70.0	1+every1days	42	42	NCT00386100	ADULT,OLDER_ADULT	all	PHASE4	258.0	Metformin	-1.42	500.0	1+every1days	560	560	280000.0	2.88	0
PMC8745465	https://pmc.ncbi.nlm.nih.gov/articles/PMC8745465	2021	-1.51	Metformin	120	mg/kg	oral	Wistar	Rats	male	30.0	high-fat diet+streptozotocin	170.0	70.0	1+every1days	35	35	NCT00386100	ADULT,OLDER_ADULT	all	PHASE4	294.0	Metformin	-1.36	500.0	1+every1days	560	560	280000.0	0.1499999999999999	1
PMC8745465	https://pmc.ncbi.nlm.nih.gov/articles/PMC8745465	2021	-1.51	Metformin	120	mg/kg	oral	Wistar	Rats	male	30.0	high-fat diet+streptozotocin	170.0	70.0	1+every1days	35	35	NCT00386100	ADULT,OLDER_ADULT	all	PHASE4	258.0	Metformin	-1.42	500.0	1+every1days	560	560	280000.0	0.09000000000000008	1
PMC4000968	https://pmc.ncbi.nlm.nih.gov/articles/PMC4000968	2014	-1.21	Sitagliptin Phosphate	10	mg/kg	oral	Zucker Diabetic Fatty	Rats		7.0	genetic		140.0	1+every1days	42	42	NCT00411554	ADULT,OLDER_ADULT	all	PHASE3	155.0	Sitagliptin Phosphate	-0.7	50.0	1+every1days	84	84	4200.0	0.51	1
PMC3998187	https://pmc.ncbi.nlm.nih.gov/articles/PMC3998187	2014	-2	Sitagliptin Phosphate	10	mg/kg	oral	Zucker Diabetic Fatty	Rats	male	5.0	genetic		140.0	1+every1days	42	42	NCT00411554	ADULT,OLDER_ADULT	all	PHASE3	155.0	Sitagliptin Phosphate	-0.7	50.0	1+every1days	84	84	4200.0	1.3	0
PMC2905949	https://pmc.ncbi.nlm.nih.gov/articles/PMC2905949	2010	-0.01	Sitagliptin Phosphate	10	mg/kg	oral	Zucker Diabetic Fatty	Rats	male	8.0	genetic		140.0	1+every1days	42	42	NCT00411554	ADULT,OLDER_ADULT	all	PHASE3	155.0	Sitagliptin Phosphate	-0.7	50.0	1+every1days	84	84	4200.0	-0.69	1
PMC3235777	https://pmc.ncbi.nlm.nih.gov/articles/PMC3235777	2011	-1.78	Sitagliptin Phosphate	10	mg/kg	oral	Zucker Diabetic Fatty	Rats	male	8.0	genetic		140.0	1+every1days	42	42	NCT00411554	ADULT,OLDER_ADULT	all	PHASE3	155.0	Sitagliptin Phosphate	-0.7	50.0	1+every1days	84	84	4200.0	1.08	0
PMC4514850	https://pmc.ncbi.nlm.nih.gov/articles/PMC4514850	2015	-1.3	Sitagliptin Phosphate	100	mg/kg	oral	ICR	Mice	male	8.0	high-fat diet+streptozotocin		35.0	1+every1days	56	56	NCT00411554	ADULT,OLDER_ADULT	all	PHASE3	155.0	Sitagliptin Phosphate	-0.7	50.0	1+every1days	84	84	4200.0	0.6000000000000001	1
PMC3660563	https://pmc.ncbi.nlm.nih.gov/articles/PMC3660563	2013	-0.8	Sitagliptin Phosphate	1	mg/kg	oral	C57BLKS/J-db/db	Mice	male		genetic		42.0	1+every1days	42	42	NCT00411554	ADULT,OLDER_ADULT	all	PHASE3	155.0	Sitagliptin Phosphate	-0.7	50.0	1+every1days	84	84	4200.0	0.10000000000000009	1
PMC4514850	https://pmc.ncbi.nlm.nih.gov/articles/PMC4514850	2015	-0.9	Sitagliptin Phosphate	100	mg/kg	oral	db/db	Mice	male	5.0	genetic		56.0	1+every1days	28	28	NCT00411554	ADULT,OLDER_ADULT	all	PHASE3	155.0	Sitagliptin Phosphate	-0.7	50.0	1+every1days	84	84	4200.0	0.20000000000000007	1
PMC9786790	https://pmc.ncbi.nlm.nih.gov/articles/PMC9786790	2022	-1	Voglibose	1	mg/kg	intragastric	KK-Ay	Mice	male	8.0	high-fat diet	30.0	98.0	1+every1days	56	56	NCT00411554	ADULT,OLDER_ADULT	all	PHASE3	146.0	Voglibose	-0.3	0.2	3+every1days	84	252	50.400000000000006	0.7	1
PMC5089752	https://pmc.ncbi.nlm.nih.gov/articles/PMC5089752	2016	-1.88	Voglibose	0.6	mg/kg	oral	Otsuka Long-Evans Tokushima Fatty	Rats	male	10.0	genetic		98.0	1+every1days	84	84	NCT00411554	ADULT,OLDER_ADULT	all	PHASE3	146.0	Voglibose	-0.3	0.2	3+every1days	84	252	50.400000000000006	1.5799999999999998	0
PMC5485244	https://pmc.ncbi.nlm.nih.gov/articles/PMC5485244	2017	-0.4	Metformin	500	mg/kg	oral	C57BL/6J	Mice	male	8.0	high-fat diet			1+every1days			NCT00449930	ADULT,OLDER_ADULT	all	PHASE3	439.0	Metformin	-0.57	500.0	1+every1days	168	168	84000.0	-0.16999999999999993	1
PMC8657924	https://pmc.ncbi.nlm.nih.gov/articles/PMC8657924	2021	-4	Metformin	225	mg/kg	oral	Kunming	Mice	male	8.0	high-fat diet+streptozotocin	20.0		1+every1days	28	28	NCT00449930	ADULT,OLDER_ADULT	all	PHASE3	439.0	Metformin	-0.57	500.0	1+every1days	168	168	84000.0	3.43	0
PMC3462199	https://pmc.ncbi.nlm.nih.gov/articles/PMC3462199	2012	-0.4	Metformin	400	mg/kg	intraperitoneal	db/db	Mice	male	10.0	genetic	47.5		1+every1days	14	14	NCT00449930	ADULT,OLDER_ADULT	all	PHASE3	439.0	Metformin	-0.57	500.0	1+every1days	168	168	84000.0	-0.16999999999999993	1
PMC3462199	https://pmc.ncbi.nlm.nih.gov/articles/PMC3462199	2012	-0.3	Metformin	400	mg/kg	intraperitoneal	db/db	Mice	male	12.0	genetic	47.5		1+every1days	14	14	NCT00449930	ADULT,OLDER_ADULT	all	PHASE3	439.0	Metformin	-0.57	500.0	1+every1days	168	168	84000.0	-0.26999999999999996	1
PMC9313150	https://pmc.ncbi.nlm.nih.gov/articles/PMC9313150	2022	-2.1	Metformin	200	mg/kg	oral	Wistar	Rats	male		high-fat diet+streptozotocin	185.0		1+every1days	84	84	NCT00449930	ADULT,OLDER_ADULT	all	PHASE3	439.0	Metformin	-0.57	500.0	1+every1days	168	168	84000.0	1.5300000000000002	0
PMC7092631	https://pmc.ncbi.nlm.nih.gov/articles/PMC7092631	2020	-0.82	Metformin	200	mg/kg	intragastric	Wistar	Rats	male	10.0	high-fat diet+streptozotocin	200.0		1+every1days	28	28	NCT00449930	ADULT,OLDER_ADULT	all	PHASE3	439.0	Metformin	-0.57	500.0	1+every1days	168	168	84000.0	0.25	1
PMC8800605	https://pmc.ncbi.nlm.nih.gov/articles/PMC8800605	2022	-0.21	Metformin	60	mg/kg	oral	Wistar	Rats	male	12.0	high-fat diet+streptozotocin	176.8		1+every1days	14	14	NCT00449930	ADULT,OLDER_ADULT	all	PHASE3	439.0	Metformin	-0.57	500.0	1+every1days	168	168	84000.0	-0.36	1
PMC4826921	https://pmc.ncbi.nlm.nih.gov/articles/PMC4826921	2016	-1.6	Metformin	200	mg/kg	oral	Wistar	Rats	male	20.0	high-fat diet	110.0		1+every1days	60	60	NCT00449930	ADULT,OLDER_ADULT	all	PHASE3	439.0	Metformin	-0.57	500.0	1+every1days	168	168	84000.0	1.0300000000000002	1
PMC7034448	https://pmc.ncbi.nlm.nih.gov/articles/PMC7034448	2020	-5.1	Metformin	500	mg/kg	oral	Wistar	Rats	male	6.0	high-fat diet+streptozotocin	190.0		1+every1days	30	30	NCT00449930	ADULT,OLDER_ADULT	all	PHASE3	439.0	Metformin	-0.57	500.0	1+every1days	168	168	84000.0	4.529999999999999	0
PMC4884299	https://pmc.ncbi.nlm.nih.gov/articles/PMC4884299	2016	-2.34	Metformin	150	mg/kg	oral	Wistar	Rats	male	6.0	streptozotocin+nicotinamide	280.0		1+every1days	42	42	NCT00449930	ADULT,OLDER_ADULT	all	PHASE3	439.0	Metformin	-0.57	500.0	1+every1days	168	168	84000.0	1.77	0
PMC9953164	https://pmc.ncbi.nlm.nih.gov/articles/PMC9953164	2023	-2.5	Metformin	200	mg/kg		Wistar	Rats	male	8.0	high-fat diet+streptozotocin	185.0		1+every1days	84	84	NCT00449930	ADULT,OLDER_ADULT	all	PHASE3	439.0	Metformin	-0.57	500.0	1+every1days	168	168	84000.0	1.9300000000000002	0
PMC9681650	https://pmc.ncbi.nlm.nih.gov/articles/PMC9681650	2022	-0.1	Metformin	60	mg/kg	oral	Wistar	Rats	male	12.0	high-fat diet+streptozotocin	176.8	120.0	1+every1days	14	14	NCT00449930	ADULT,OLDER_ADULT	all	PHASE3	439.0	Metformin	-0.57	500.0	1+every1days	168	168	84000.0	-0.47	1
PMC4000968	https://pmc.ncbi.nlm.nih.gov/articles/PMC4000968	2014	-1.21	Sitagliptin Phosphate	10	mg/kg	oral	Zucker Diabetic Fatty	Rats		7.0	genetic		140.0	1+every1days	42	42	NCT00449930	ADULT,OLDER_ADULT	all	PHASE3	455.0	Sitagliptin Phosphate	-0.43	100.0	1+every1days	168	168	16800.0	0.78	1
PMC4423537	https://pmc.ncbi.nlm.nih.gov/articles/PMC4423537	2013	-1.6	Metformin	300	mg/kg	oral	Otsuka Long-Evans Tokushima Fatty	Rats	male	14.0	genetic		140.0	1+every1days	84	84	NCT00449930	ADULT,OLDER_ADULT	all	PHASE3	439.0	Metformin	-0.57	500.0	1+every1days	168	168	84000.0	1.0300000000000002	1
PMC3998187	https://pmc.ncbi.nlm.nih.gov/articles/PMC3998187	2014	-2	Sitagliptin Phosphate	10	mg/kg	oral	Zucker Diabetic Fatty	Rats	male	5.0	genetic		140.0	1+every1days	42	42	NCT00449930	ADULT,OLDER_ADULT	all	PHASE3	455.0	Sitagliptin Phosphate	-0.43	100.0	1+every1days	168	168	16800.0	1.57	0
PMC2905949	https://pmc.ncbi.nlm.nih.gov/articles/PMC2905949	2010	-0.01	Sitagliptin Phosphate	10	mg/kg	oral	Zucker Diabetic Fatty	Rats	male	8.0	genetic		140.0	1+every1days	42	42	NCT00449930	ADULT,OLDER_ADULT	all	PHASE3	455.0	Sitagliptin Phosphate	-0.43	100.0	1+every1days	168	168	16800.0	-0.42	1
PMC3235777	https://pmc.ncbi.nlm.nih.gov/articles/PMC3235777	2011	-1.78	Sitagliptin Phosphate	10	mg/kg	oral	Zucker Diabetic Fatty	Rats	male	8.0	genetic		140.0	1+every1days	42	42	NCT00449930	ADULT,OLDER_ADULT	all	PHASE3	455.0	Sitagliptin Phosphate	-0.43	100.0	1+every1days	168	168	16800.0	1.35	0
PMC9470898	https://pmc.ncbi.nlm.nih.gov/articles/PMC9470898	2022	-0.5	Metformin	0.1	% (w/w)	oral	NONcNZO10/LtJ	Mice	male	10.0	genetic		147.0		126		NCT00449930	ADULT,OLDER_ADULT	all	PHASE3	439.0	Metformin	-0.57	500.0	1+every1days	168	168	84000.0	-0.06999999999999995	1
PMC5840580	https://pmc.ncbi.nlm.nih.gov/articles/PMC5840580	2017	-1.5	Metformin	300	mg/kg	oral	Otsuka Long-Evans Tokushima Fatty	Rats	male	6.0	high-fat diet		168.0	1+every1days	84	84	NCT00449930	ADULT,OLDER_ADULT	all	PHASE3	439.0	Metformin	-0.57	500.0	1+every1days	168	168	84000.0	0.93	1
PMC3465985	https://pmc.ncbi.nlm.nih.gov/articles/PMC3465985	2012	-1.31	Metformin	350	mg/kg	oral	Spontaneously Diabetic Torii	Rats	male	10.0	genetic		175.0	1+every1days	119	119	NCT00449930	ADULT,OLDER_ADULT	all	PHASE3	439.0	Metformin	-0.57	500.0	1+every1days	168	168	84000.0	0.7400000000000001	1
PMC5319739	https://pmc.ncbi.nlm.nih.gov/articles/PMC5319739	2017	-4.2	Metformin	50	mg/kg	gastric intubation	Psammomys obesus	Gerbillinae	male	30.0	high-fat diet	100.0	240.0	1+every1days	84	84	NCT00449930	ADULT,OLDER_ADULT	all	PHASE3	439.0	Metformin	-0.57	500.0	1+every1days	168	168	84000.0	3.6300000000000003	0
PMC9698742	https://pmc.ncbi.nlm.nih.gov/articles/PMC9698742	2022	-2.6	Metformin	200	mg/kg	oral	Wistar	Rats	male	5.0	streptozotocin	225.0	270.0	1+every1days	45	45	NCT00449930	ADULT,OLDER_ADULT	all	PHASE3	439.0	Metformin	-0.57	500.0	1+every1days	168	168	84000.0	2.0300000000000002	0
PMC7727825	https://pmc.ncbi.nlm.nih.gov/articles/PMC7727825	2020	-3	Metformin	200	mg/kg	oral	C57BLKS/J-db/db	Mice	male	8.0	genetic		35.0	1+every1days	63	63	NCT00449930	ADULT,OLDER_ADULT	all	PHASE3	439.0	Metformin	-0.57	500.0	1+every1days	168	168	84000.0	2.43	0
PMC4514850	https://pmc.ncbi.nlm.nih.gov/articles/PMC4514850	2015	-1.3	Sitagliptin Phosphate	100	mg/kg	oral	ICR	Mice	male	8.0	high-fat diet+streptozotocin		35.0	1+every1days	56	56	NCT00449930	ADULT,OLDER_ADULT	all	PHASE3	455.0	Sitagliptin Phosphate	-0.43	100.0	1+every1days	168	168	16800.0	0.8700000000000001	1
PMC7598587	https://pmc.ncbi.nlm.nih.gov/articles/PMC7598587	2020	-1.85	Metformin	200	mg/kg	oral	C57BL/6N	Mice	male	8.0	high-fat diet+streptozotocin		38.5	1+every1days	28	28	NCT00449930	ADULT,OLDER_ADULT	all	PHASE3	439.0	Metformin	-0.57	500.0	1+every1days	168	168	84000.0	1.2800000000000002	0
PMC4726511	https://pmc.ncbi.nlm.nih.gov/articles/PMC4726511	2016	-0.6	Metformin	10	mg/kg	oral	db/db	Mice		5.0	genetic		42.0	1+every1days	28	28	NCT00449930	ADULT,OLDER_ADULT	all	PHASE3	439.0	Metformin	-0.57	500.0	1+every1days	168	168	84000.0	0.030000000000000027	1
PMC5485244	https://pmc.ncbi.nlm.nih.gov/articles/PMC5485244	2017	-0.4	Metformin	500	mg/kg	oral	C57BL/6J	Mice	male	16.0	high-fat diet		42.0	1+every1days	84	84	NCT00449930	ADULT,OLDER_ADULT	all	PHASE3	439.0	Metformin	-0.57	500.0	1+every1days	168	168	84000.0	-0.16999999999999993	1
PMC3660563	https://pmc.ncbi.nlm.nih.gov/articles/PMC3660563	2013	-0.8	Sitagliptin Phosphate	1	mg/kg	oral	C57BLKS/J-db/db	Mice	male		genetic		42.0	1+every1days	42	42	NCT00449930	ADULT,OLDER_ADULT	all	PHASE3	455.0	Sitagliptin Phosphate	-0.43	100.0	1+every1days	168	168	16800.0	0.37000000000000005	1
PMC6273299	https://pmc.ncbi.nlm.nih.gov/articles/PMC6273299	2016	-1.3	Metformin	200	mg/kg		Zucker Diabetic Fatty	Rats	male	6.0	high-fat diet		42.0	1+every1days	84	84	NCT00449930	ADULT,OLDER_ADULT	all	PHASE3	439.0	Metformin	-0.57	500.0	1+every1days	168	168	84000.0	0.7300000000000001	1
PMC3327803	https://pmc.ncbi.nlm.nih.gov/articles/PMC3327803	2012	0.3	Metformin	200	mg/kg	intraperitoneal	db/db	Mice	male	11.0	genetic		49.0	1+every1days	126	126	NCT00449930	ADULT,OLDER_ADULT	all	PHASE3	439.0	Metformin	-0.57	500.0	1+every1days	168	168	84000.0	-0.8699999999999999	1
PMC3907559	https://pmc.ncbi.nlm.nih.gov/articles/PMC3907559	2014	-3	Metformin	200	mg/kg	oral	Zucker Diabetic Fatty	Rats	male	10.0	genetic		49.0	2+every1days	32	64	NCT00449930	ADULT,OLDER_ADULT	all	PHASE3	439.0	Metformin	-0.57	500.0	1+every1days	168	168	84000.0	2.43	0
PMC7381706	https://pmc.ncbi.nlm.nih.gov/articles/PMC7381706	2020	-0.1	Metformin	250	mg/kg	oral	ob/ob	Mice	male	8.0	genetic		52.5	1+every1days	26	26	NCT00449930	ADULT,OLDER_ADULT	all	PHASE3	439.0	Metformin	-0.57	500.0	1+every1days	168	168	84000.0	-0.47	1
PMC10203393	https://pmc.ncbi.nlm.nih.gov/articles/PMC10203393	2023	-5.5	Metformin	0.2	g/kg	oral	Sprague-Dawley	Rats	male	8.0	high-fat diet+streptozotocin	150.0	52.5	1+every1days	70	70	NCT00449930	ADULT,OLDER_ADULT	all	PHASE3	439.0	Metformin	-0.57	500.0	1+every1days	168	168	84000.0	4.93	0
PMC10323656	https://pmc.ncbi.nlm.nih.gov/articles/PMC10323656	2023	-1.1	Metformin	200	mg/kg	oral gavage	C57BL/6	Mice	male	12.0	high-fat diet+streptozotocin	24.0	56.0	1+every1days	28	28	NCT00449930	ADULT,OLDER_ADULT	all	PHASE3	439.0	Metformin	-0.57	500.0	1+every1days	168	168	84000.0	0.5300000000000001	1
PMC3855476	https://pmc.ncbi.nlm.nih.gov/articles/PMC3855476	2014	-0.7	Metformin	300	mg/kg	oral	db/db	Mice	male	10.0	genetic	44.0	56.0	1+every1days	14	14	NCT00449930	ADULT,OLDER_ADULT	all	PHASE3	439.0	Metformin	-0.57	500.0	1+every1days	168	168	84000.0	0.13	1
PMC4514850	https://pmc.ncbi.nlm.nih.gov/articles/PMC4514850	2015	-0.9	Sitagliptin Phosphate	100	mg/kg	oral	db/db	Mice	male	5.0	genetic		56.0	1+every1days	28	28	NCT00449930	ADULT,OLDER_ADULT	all	PHASE3	455.0	Sitagliptin Phosphate	-0.43	100.0	1+every1days	168	168	16800.0	0.47000000000000003	1
PMC5881648	https://pmc.ncbi.nlm.nih.gov/articles/PMC5881648	2018	-3.3	Metformin	200	mg/kg	gavage	Sprague-Dawley	Rats	male	10.0	streptozotocin	200.0	56.0	1+every1days	77	77	NCT00449930	ADULT,OLDER_ADULT	all	PHASE3	439.0	Metformin	-0.57	500.0	1+every1days	168	168	84000.0	2.73	0
PMC4444588	https://pmc.ncbi.nlm.nih.gov/articles/PMC4444588	2015	-4	Metformin	500	mg/kg	intragastric	Sprague-Dawley	Rats	male	7.0	high-fat diet+streptozotocin	190.0	60.0	1+every1days	56	56	NCT00449930	ADULT,OLDER_ADULT	all	PHASE3	439.0	Metformin	-0.57	500.0	1+every1days	168	168	84000.0	3.43	0
PMC4444588	https://pmc.ncbi.nlm.nih.gov/articles/PMC4444588	2015	-1	Metformin	150	mg/kg	intragastric	Sprague-Dawley	Rats	male	8.0	high-fat diet+streptozotocin	190.0	60.0	1+every1days	56	56	NCT00449930	ADULT,OLDER_ADULT	all	PHASE3	439.0	Metformin	-0.57	500.0	1+every1days	168	168	84000.0	0.43000000000000005	1
PMC4444588	https://pmc.ncbi.nlm.nih.gov/articles/PMC4444588	2015	-2	Metformin	300	mg/kg	intragastric	Sprague-Dawley	Rats	male	8.0	high-fat diet+streptozotocin	190.0	60.0	1+every1days	56	56	NCT00449930	ADULT,OLDER_ADULT	all	PHASE3	439.0	Metformin	-0.57	500.0	1+every1days	168	168	84000.0	1.4300000000000002	0
PMC4097088	https://pmc.ncbi.nlm.nih.gov/articles/PMC4097088	2014	-0.6	Metformin	300	mg/kg	oral	C57BL/6	Mice		8.0	high-fat diet		70.0	1+every1days	14	14	NCT00449930	ADULT,OLDER_ADULT	all	PHASE3	439.0	Metformin	-0.57	500.0	1+every1days	168	168	84000.0	0.030000000000000027	1
PMC9457892	https://pmc.ncbi.nlm.nih.gov/articles/PMC9457892	2022	-4.3	Metformin	150	mg/kg	oral	C57BL/6	Mice	male	8.0	streptozotocin	27.5	70.0	1+every1days	42	42	NCT00449930	ADULT,OLDER_ADULT	all	PHASE3	439.0	Metformin	-0.57	500.0	1+every1days	168	168	84000.0	3.73	0
PMC8745465	https://pmc.ncbi.nlm.nih.gov/articles/PMC8745465	2021	-1.51	Metformin	120	mg/kg	oral	Wistar	Rats	male	30.0	high-fat diet+streptozotocin	170.0	70.0	1+every1days	35	35	NCT00449930	ADULT,OLDER_ADULT	all	PHASE3	439.0	Metformin	-0.57	500.0	1+every1days	168	168	84000.0	0.9400000000000001	1
PMC5663708	https://pmc.ncbi.nlm.nih.gov/articles/PMC5663708	2017	-2.2	Pioglitazone	36	mg/kg	oral	Wistar	Rats	male	6.0	streptozotocin+nicotinamide	180.0		1+every1days	15	15	NCT00484198	ADULT,OLDER_ADULT	all	PHASE3	728.0	Pioglitazone	-0.5	45.0	1+every1days	182	182	8190.0	1.7000000000000002	0
PMC4743348	https://pmc.ncbi.nlm.nih.gov/articles/PMC4743348	2015	-5.15	Pioglitazone	20	mg/kg	oral	Wistar	Rats	male	8.0	high-fat diet+streptozotocin	175.0		1+every1days	21	21	NCT00484198	ADULT,OLDER_ADULT	all	PHASE3	728.0	Pioglitazone	-0.5	45.0	1+every1days	182	182	8190.0	4.65	0
PMC4743348	https://pmc.ncbi.nlm.nih.gov/articles/PMC4743348	2015	-4.3	Pioglitazone	20	mg/kg	oral	Wistar	Rats	male	8.0	streptozotocin	175.0		1+every1days	21	21	NCT00484198	ADULT,OLDER_ADULT	all	PHASE3	728.0	Pioglitazone	-0.5	45.0	1+every1days	182	182	8190.0	3.8	0
PMC6540170	https://pmc.ncbi.nlm.nih.gov/articles/PMC6540170	Not Found	-4.1	Pioglitazone	0.01	% (w/w)	oral	C57BLKS/J-db/db	Mice	male	10.0	genetic		28.0	1+every1days	35	35	NCT00484198	ADULT,OLDER_ADULT	all	PHASE3	728.0	Pioglitazone	-0.5	45.0	1+every1days	182	182	8190.0	3.5999999999999996	0
PMC6883099	https://pmc.ncbi.nlm.nih.gov/articles/PMC6883099	2019	-0.08	Pioglitazone	3	mg/kg	oral	KK-Ay	Mice	male	6.0	high-fat diet		49.0	1+every1days	28	28	NCT00484198	ADULT,OLDER_ADULT	all	PHASE3	728.0	Pioglitazone	-0.5	45.0	1+every1days	182	182	8190.0	-0.42	1
PMC6883099	https://pmc.ncbi.nlm.nih.gov/articles/PMC6883099	2019	-1.83	Pioglitazone	10	mg/kg	oral	KK-Ay	Mice	male	6.0	high-fat diet		49.0	1+every1days	28	28	NCT00484198	ADULT,OLDER_ADULT	all	PHASE3	728.0	Pioglitazone	-0.5	45.0	1+every1days	182	182	8190.0	1.33	0
PMC6883099	https://pmc.ncbi.nlm.nih.gov/articles/PMC6883099	2019	-2.51	Pioglitazone	30	mg/kg	oral	KK-Ay	Mice	male	6.0	high-fat diet		49.0	1+every1days	28	28	NCT00484198	ADULT,OLDER_ADULT	all	PHASE3	728.0	Pioglitazone	-0.5	45.0	1+every1days	182	182	8190.0	2.01	0
PMC4304810	https://pmc.ncbi.nlm.nih.gov/articles/PMC4304810	2015	-4.6	Pioglitazone	10	mg/kg	oral	Zucker Diabetic Fatty	Rats	male		genetic		49.0	1+every1days	42	42	NCT00484198	ADULT,OLDER_ADULT	all	PHASE3	728.0	Pioglitazone	-0.5	45.0	1+every1days	182	182	8190.0	4.1	0
PMC3907559	https://pmc.ncbi.nlm.nih.gov/articles/PMC3907559	2014	-4	Pioglitazone	30	mg/kg	oral	Zucker Diabetic Fatty	Rats	male	10.0	genetic		49.0	2+every1days	32	64	NCT00484198	ADULT,OLDER_ADULT	all	PHASE3	728.0	Pioglitazone	-0.5	45.0	1+every1days	182	182	8190.0	3.5	0
PMC5207690	https://pmc.ncbi.nlm.nih.gov/articles/PMC5207690	2017	-0.95	Pioglitazone	4.5	mg/kg	oral	KK-Ay	Mice	male	10.0	high-fat diet		56.0	1+every1days	70	70	NCT00484198	ADULT,OLDER_ADULT	all	PHASE3	728.0	Pioglitazone	-0.5	45.0	1+every1days	182	182	8190.0	0.44999999999999996	1
PMC5360432	https://pmc.ncbi.nlm.nih.gov/articles/PMC5360432	2017	-1.6	Pioglitazone	10	mg/kg	oral	ob/ob	Mice	male	7.0	genetic		56.0	2+every1days	28	56	NCT00484198	ADULT,OLDER_ADULT	all	PHASE3	728.0	Pioglitazone	-0.5	45.0	1+every1days	182	182	8190.0	1.1	0
PMC4457365	https://pmc.ncbi.nlm.nih.gov/articles/PMC4457365	2014	-2.2	Pioglitazone	2.5	mg/kg	oral	UCD-T2DM	Rats	male	32.0	genetic		60.0	1+every1days	365	365	NCT00484198	ADULT,OLDER_ADULT	all	PHASE3	728.0	Pioglitazone	-0.5	45.0	1+every1days	182	182	8190.0	1.7000000000000002	0
PMC4880722	https://pmc.ncbi.nlm.nih.gov/articles/PMC4880722	2016	-3.2	Pioglitazone	30	mg/kg	oral	Zucker Diabetic Fatty	Rats	male	8.0	genetic		70.0	1+every1days	42	42	NCT00484198	ADULT,OLDER_ADULT	all	PHASE3	728.0	Pioglitazone	-0.5	45.0	1+every1days	182	182	8190.0	2.7	0
PMC4791042	https://pmc.ncbi.nlm.nih.gov/articles/PMC4791042	2015	-4.5	Pioglitazone	32.19	mg/kg	oral	Zucker Diabetic Fatty	Rats	male	9.0	genetic		80.5	1+every1days	49	49	NCT00484198	ADULT,OLDER_ADULT	all	PHASE3	728.0	Pioglitazone	-0.5	45.0	1+every1days	182	182	8190.0	4.0	0
PMC4000968	https://pmc.ncbi.nlm.nih.gov/articles/PMC4000968	2014	-1.21	Sitagliptin Phosphate	10	mg/kg	oral	Zucker Diabetic Fatty	Rats		7.0	genetic		140.0	1+every1days	42	42	NCT00484419	ADULT,OLDER_ADULT	all	PHASE3	55.0	Sitagliptin Phosphate	-0.38	100.0	1+every1days	112	112	11200.0	0.83	1
PMC4000968	https://pmc.ncbi.nlm.nih.gov/articles/PMC4000968	2014	-1.21	Sitagliptin Phosphate	10	mg/kg	oral	Zucker Diabetic Fatty	Rats		7.0	genetic		140.0	1+every1days	42	42	NCT00484419	ADULT,OLDER_ADULT	all	PHASE3	48.0	Sitagliptin Phosphate	-0.48	100.0	1+every1days	56	56	5600.0	0.73	1
PMC4000968	https://pmc.ncbi.nlm.nih.gov/articles/PMC4000968	2014	-1.21	Sitagliptin Phosphate	10	mg/kg	oral	Zucker Diabetic Fatty	Rats		7.0	genetic		140.0	1+every1days	42	42	NCT00484419	ADULT,OLDER_ADULT	all	PHASE3	43.0	Sitagliptin Phosphate	-0.56	100.0	1+every1days	112	112	11200.0	0.6499999999999999	1
PMC3998187	https://pmc.ncbi.nlm.nih.gov/articles/PMC3998187	2014	-2	Sitagliptin Phosphate	10	mg/kg	oral	Zucker Diabetic Fatty	Rats	male	5.0	genetic		140.0	1+every1days	42	42	NCT00484419	ADULT,OLDER_ADULT	all	PHASE3	55.0	Sitagliptin Phosphate	-0.38	100.0	1+every1days	112	112	11200.0	1.62	0
PMC3998187	https://pmc.ncbi.nlm.nih.gov/articles/PMC3998187	2014	-2	Sitagliptin Phosphate	10	mg/kg	oral	Zucker Diabetic Fatty	Rats	male	5.0	genetic		140.0	1+every1days	42	42	NCT00484419	ADULT,OLDER_ADULT	all	PHASE3	48.0	Sitagliptin Phosphate	-0.48	100.0	1+every1days	56	56	5600.0	1.52	0
PMC3998187	https://pmc.ncbi.nlm.nih.gov/articles/PMC3998187	2014	-2	Sitagliptin Phosphate	10	mg/kg	oral	Zucker Diabetic Fatty	Rats	male	5.0	genetic		140.0	1+every1days	42	42	NCT00484419	ADULT,OLDER_ADULT	all	PHASE3	43.0	Sitagliptin Phosphate	-0.56	100.0	1+every1days	112	112	11200.0	1.44	0
PMC2905949	https://pmc.ncbi.nlm.nih.gov/articles/PMC2905949	2010	-0.01	Sitagliptin Phosphate	10	mg/kg	oral	Zucker Diabetic Fatty	Rats	male	8.0	genetic		140.0	1+every1days	42	42	NCT00484419	ADULT,OLDER_ADULT	all	PHASE3	55.0	Sitagliptin Phosphate	-0.38	100.0	1+every1days	112	112	11200.0	-0.37	1
PMC3235777	https://pmc.ncbi.nlm.nih.gov/articles/PMC3235777	2011	-1.78	Sitagliptin Phosphate	10	mg/kg	oral	Zucker Diabetic Fatty	Rats	male	8.0	genetic		140.0	1+every1days	42	42	NCT00484419	ADULT,OLDER_ADULT	all	PHASE3	55.0	Sitagliptin Phosphate	-0.38	100.0	1+every1days	112	112	11200.0	1.4	0
PMC2905949	https://pmc.ncbi.nlm.nih.gov/articles/PMC2905949	2010	-0.01	Sitagliptin Phosphate	10	mg/kg	oral	Zucker Diabetic Fatty	Rats	male	8.0	genetic		140.0	1+every1days	42	42	NCT00484419	ADULT,OLDER_ADULT	all	PHASE3	48.0	Sitagliptin Phosphate	-0.48	100.0	1+every1days	56	56	5600.0	-0.47	1
PMC3235777	https://pmc.ncbi.nlm.nih.gov/articles/PMC3235777	2011	-1.78	Sitagliptin Phosphate	10	mg/kg	oral	Zucker Diabetic Fatty	Rats	male	8.0	genetic		140.0	1+every1days	42	42	NCT00484419	ADULT,OLDER_ADULT	all	PHASE3	48.0	Sitagliptin Phosphate	-0.48	100.0	1+every1days	56	56	5600.0	1.3	0
PMC2905949	https://pmc.ncbi.nlm.nih.gov/articles/PMC2905949	2010	-0.01	Sitagliptin Phosphate	10	mg/kg	oral	Zucker Diabetic Fatty	Rats	male	8.0	genetic		140.0	1+every1days	42	42	NCT00484419	ADULT,OLDER_ADULT	all	PHASE3	43.0	Sitagliptin Phosphate	-0.56	100.0	1+every1days	112	112	11200.0	-0.55	1
PMC3235777	https://pmc.ncbi.nlm.nih.gov/articles/PMC3235777	2011	-1.78	Sitagliptin Phosphate	10	mg/kg	oral	Zucker Diabetic Fatty	Rats	male	8.0	genetic		140.0	1+every1days	42	42	NCT00484419	ADULT,OLDER_ADULT	all	PHASE3	43.0	Sitagliptin Phosphate	-0.56	100.0	1+every1days	112	112	11200.0	1.22	0
PMC4514850	https://pmc.ncbi.nlm.nih.gov/articles/PMC4514850	2015	-1.3	Sitagliptin Phosphate	100	mg/kg	oral	ICR	Mice	male	8.0	high-fat diet+streptozotocin		35.0	1+every1days	56	56	NCT00484419	ADULT,OLDER_ADULT	all	PHASE3	55.0	Sitagliptin Phosphate	-0.38	100.0	1+every1days	112	112	11200.0	0.92	1
PMC4514850	https://pmc.ncbi.nlm.nih.gov/articles/PMC4514850	2015	-1.3	Sitagliptin Phosphate	100	mg/kg	oral	ICR	Mice	male	8.0	high-fat diet+streptozotocin		35.0	1+every1days	56	56	NCT00484419	ADULT,OLDER_ADULT	all	PHASE3	48.0	Sitagliptin Phosphate	-0.48	100.0	1+every1days	56	56	5600.0	0.8200000000000001	1
PMC4514850	https://pmc.ncbi.nlm.nih.gov/articles/PMC4514850	2015	-1.3	Sitagliptin Phosphate	100	mg/kg	oral	ICR	Mice	male	8.0	high-fat diet+streptozotocin		35.0	1+every1days	56	56	NCT00484419	ADULT,OLDER_ADULT	all	PHASE3	43.0	Sitagliptin Phosphate	-0.56	100.0	1+every1days	112	112	11200.0	0.74	1
PMC3660563	https://pmc.ncbi.nlm.nih.gov/articles/PMC3660563	2013	-0.8	Sitagliptin Phosphate	1	mg/kg	oral	C57BLKS/J-db/db	Mice	male		genetic		42.0	1+every1days	42	42	NCT00484419	ADULT,OLDER_ADULT	all	PHASE3	55.0	Sitagliptin Phosphate	-0.38	100.0	1+every1days	112	112	11200.0	0.42000000000000004	1
PMC3660563	https://pmc.ncbi.nlm.nih.gov/articles/PMC3660563	2013	-0.8	Sitagliptin Phosphate	1	mg/kg	oral	C57BLKS/J-db/db	Mice	male		genetic		42.0	1+every1days	42	42	NCT00484419	ADULT,OLDER_ADULT	all	PHASE3	48.0	Sitagliptin Phosphate	-0.48	100.0	1+every1days	56	56	5600.0	0.32000000000000006	1
PMC3660563	https://pmc.ncbi.nlm.nih.gov/articles/PMC3660563	2013	-0.8	Sitagliptin Phosphate	1	mg/kg	oral	C57BLKS/J-db/db	Mice	male		genetic		42.0	1+every1days	42	42	NCT00484419	ADULT,OLDER_ADULT	all	PHASE3	43.0	Sitagliptin Phosphate	-0.56	100.0	1+every1days	112	112	11200.0	0.24	1
PMC9154797	https://pmc.ncbi.nlm.nih.gov/articles/PMC9154797	2022	-2	Rosiglitazone	1.00	mg/kg		Sprague-Dawley	Rats	male	10.0	high-fat diet+streptozotocin	200.0	42.0	2+every1days	28	56	NCT00484419	ADULT,OLDER_ADULT	all	PHASE3	53.0	Rosiglitazone	-0.19	4.0		56			1.81	0
PMC9154797	https://pmc.ncbi.nlm.nih.gov/articles/PMC9154797	2022	-2	Rosiglitazone	1.00	mg/kg		Sprague-Dawley	Rats	male	10.0	high-fat diet+streptozotocin	200.0	42.0	2+every1days	28	56	NCT00484419	ADULT,OLDER_ADULT	all	PHASE3	54.0	Rosiglitazone	-0.58	4.0		112			1.42	0
PMC9154797	https://pmc.ncbi.nlm.nih.gov/articles/PMC9154797	2022	-2	Rosiglitazone	1.00	mg/kg		Sprague-Dawley	Rats	male	10.0	high-fat diet+streptozotocin	200.0	42.0	2+every1days	28	56	NCT00484419	ADULT,OLDER_ADULT	all	PHASE3	51.0	Rosiglitazone	-0.65	4.0		112			1.35	0
PMC3640384	https://pmc.ncbi.nlm.nih.gov/articles/PMC3640384	2013	-1.7	Rosiglitazone	20	mg/kg	oral	C57BLKS/J-db/db	Mice		10.0	genetic		49.0	1+every1days	56	56	NCT00484419	ADULT,OLDER_ADULT	all	PHASE3	53.0	Rosiglitazone	-0.19	4.0		56			1.51	0
PMC3640384	https://pmc.ncbi.nlm.nih.gov/articles/PMC3640384	2013	-1.7	Rosiglitazone	20	mg/kg	oral	C57BLKS/J-db/db	Mice		10.0	genetic		49.0	1+every1days	56	56	NCT00484419	ADULT,OLDER_ADULT	all	PHASE3	54.0	Rosiglitazone	-0.58	4.0		112			1.12	0
PMC3640384	https://pmc.ncbi.nlm.nih.gov/articles/PMC3640384	2013	-1.7	Rosiglitazone	20	mg/kg	oral	C57BLKS/J-db/db	Mice		10.0	genetic		49.0	1+every1days	56	56	NCT00484419	ADULT,OLDER_ADULT	all	PHASE3	51.0	Rosiglitazone	-0.65	4.0		112			1.0499999999999998	0
PMC9101766	https://pmc.ncbi.nlm.nih.gov/articles/PMC9101766	2022	-5.22	Rosiglitazone	5	mg/kg	oral	C57BLKS/J-db/db	Mice	male	8.0	genetic		49.0	1+every1days	42	42	NCT00484419	ADULT,OLDER_ADULT	all	PHASE3	53.0	Rosiglitazone	-0.19	4.0		56			5.029999999999999	0
PMC9101766	https://pmc.ncbi.nlm.nih.gov/articles/PMC9101766	2022	-5.22	Rosiglitazone	5	mg/kg	oral	C57BLKS/J-db/db	Mice	male	8.0	genetic		49.0	1+every1days	42	42	NCT00484419	ADULT,OLDER_ADULT	all	PHASE3	54.0	Rosiglitazone	-0.58	4.0		112			4.64	0
PMC9101766	https://pmc.ncbi.nlm.nih.gov/articles/PMC9101766	2022	-5.22	Rosiglitazone	5	mg/kg	oral	C57BLKS/J-db/db	Mice	male	8.0	genetic		49.0	1+every1days	42	42	NCT00484419	ADULT,OLDER_ADULT	all	PHASE3	51.0	Rosiglitazone	-0.65	4.0		112			4.569999999999999	0
PMC4514850	https://pmc.ncbi.nlm.nih.gov/articles/PMC4514850	2015	-0.9	Sitagliptin Phosphate	100	mg/kg	oral	db/db	Mice	male	5.0	genetic		56.0	1+every1days	28	28	NCT00484419	ADULT,OLDER_ADULT	all	PHASE3	55.0	Sitagliptin Phosphate	-0.38	100.0	1+every1days	112	112	11200.0	0.52	1
PMC4514850	https://pmc.ncbi.nlm.nih.gov/articles/PMC4514850	2015	-0.9	Sitagliptin Phosphate	100	mg/kg	oral	db/db	Mice	male	5.0	genetic		56.0	1+every1days	28	28	NCT00484419	ADULT,OLDER_ADULT	all	PHASE3	48.0	Sitagliptin Phosphate	-0.48	100.0	1+every1days	56	56	5600.0	0.42000000000000004	1
PMC4514850	https://pmc.ncbi.nlm.nih.gov/articles/PMC4514850	2015	-0.9	Sitagliptin Phosphate	100	mg/kg	oral	db/db	Mice	male	5.0	genetic		56.0	1+every1days	28	28	NCT00484419	ADULT,OLDER_ADULT	all	PHASE3	43.0	Sitagliptin Phosphate	-0.56	100.0	1+every1days	112	112	11200.0	0.33999999999999997	1
PMC2953354	https://pmc.ncbi.nlm.nih.gov/articles/PMC2953354	2010	-0.98	Rosiglitazone	10	mg/kg	oral	db/db	Mice	male	6.0	genetic		56.0	1+every1days	18	18	NCT00484419	ADULT,OLDER_ADULT	all	PHASE3	53.0	Rosiglitazone	-0.19	4.0		56			0.79	1
PMC2953354	https://pmc.ncbi.nlm.nih.gov/articles/PMC2953354	2010	-1.38	Rosiglitazone	30	mg/kg	oral	db/db	Mice	male	6.0	genetic		56.0	1+every1days	18	18	NCT00484419	ADULT,OLDER_ADULT	all	PHASE3	53.0	Rosiglitazone	-0.19	4.0		56			1.19	0
PMC2953354	https://pmc.ncbi.nlm.nih.gov/articles/PMC2953354	2010	-1.62	Rosiglitazone	100	mg/kg	oral	db/db	Mice	male	6.0	genetic		56.0	1+every1days	18	18	NCT00484419	ADULT,OLDER_ADULT	all	PHASE3	53.0	Rosiglitazone	-0.19	4.0		56			1.4300000000000002	0
PMC2953354	https://pmc.ncbi.nlm.nih.gov/articles/PMC2953354	2010	-0.98	Rosiglitazone	10	mg/kg	oral	db/db	Mice	male	6.0	genetic		56.0	1+every1days	18	18	NCT00484419	ADULT,OLDER_ADULT	all	PHASE3	54.0	Rosiglitazone	-0.58	4.0		112			0.4	1
PMC2953354	https://pmc.ncbi.nlm.nih.gov/articles/PMC2953354	2010	-1.38	Rosiglitazone	30	mg/kg	oral	db/db	Mice	male	6.0	genetic		56.0	1+every1days	18	18	NCT00484419	ADULT,OLDER_ADULT	all	PHASE3	54.0	Rosiglitazone	-0.58	4.0		112			0.7999999999999999	1
PMC2953354	https://pmc.ncbi.nlm.nih.gov/articles/PMC2953354	2010	-1.62	Rosiglitazone	100	mg/kg	oral	db/db	Mice	male	6.0	genetic		56.0	1+every1days	18	18	NCT00484419	ADULT,OLDER_ADULT	all	PHASE3	54.0	Rosiglitazone	-0.58	4.0		112			1.04	0
PMC2953354	https://pmc.ncbi.nlm.nih.gov/articles/PMC2953354	2010	-0.98	Rosiglitazone	10	mg/kg	oral	db/db	Mice	male	6.0	genetic		56.0	1+every1days	18	18	NCT00484419	ADULT,OLDER_ADULT	all	PHASE3	51.0	Rosiglitazone	-0.65	4.0		112			0.32999999999999996	1
PMC2953354	https://pmc.ncbi.nlm.nih.gov/articles/PMC2953354	2010	-1.38	Rosiglitazone	30	mg/kg	oral	db/db	Mice	male	6.0	genetic		56.0	1+every1days	18	18	NCT00484419	ADULT,OLDER_ADULT	all	PHASE3	51.0	Rosiglitazone	-0.65	4.0		112			0.7299999999999999	1
PMC2953354	https://pmc.ncbi.nlm.nih.gov/articles/PMC2953354	2010	-1.62	Rosiglitazone	100	mg/kg	oral	db/db	Mice	male	6.0	genetic		56.0	1+every1days	18	18	NCT00484419	ADULT,OLDER_ADULT	all	PHASE3	51.0	Rosiglitazone	-0.65	4.0		112			0.9700000000000001	1
PMC3695080	https://pmc.ncbi.nlm.nih.gov/articles/PMC3695080	2013	-2.98	Rosiglitazone	4	mg/kg	oral	Zucker Diabetic Fatty	Rats		6.0	genetic		98.0	1+every1days	35	35	NCT00484419	ADULT,OLDER_ADULT	all	PHASE3	53.0	Rosiglitazone	-0.19	4.0		56			2.79	0
PMC3695080	https://pmc.ncbi.nlm.nih.gov/articles/PMC3695080	2013	-2.98	Rosiglitazone	4	mg/kg	oral	Zucker Diabetic Fatty	Rats		6.0	genetic		98.0	1+every1days	35	35	NCT00484419	ADULT,OLDER_ADULT	all	PHASE3	54.0	Rosiglitazone	-0.58	4.0		112			2.4	0
PMC3695080	https://pmc.ncbi.nlm.nih.gov/articles/PMC3695080	2013	-2.98	Rosiglitazone	4	mg/kg	oral	Zucker Diabetic Fatty	Rats		6.0	genetic		98.0	1+every1days	35	35	NCT00484419	ADULT,OLDER_ADULT	all	PHASE3	51.0	Rosiglitazone	-0.65	4.0		112			2.33	0
PMC5663708	https://pmc.ncbi.nlm.nih.gov/articles/PMC5663708	2017	-2.2	Pioglitazone	36	mg/kg	oral	Wistar	Rats	male	6.0	streptozotocin+nicotinamide	180.0		1+every1days	15	15	NCT00500331	ADULT,OLDER_ADULT	all	PHASE2	47.0	Pioglitazone	-1.07	30.0	1+every1days	84	84	2520.0	1.1300000000000001	0
PMC4743348	https://pmc.ncbi.nlm.nih.gov/articles/PMC4743348	2015	-5.15	Pioglitazone	20	mg/kg	oral	Wistar	Rats	male	8.0	high-fat diet+streptozotocin	175.0		1+every1days	21	21	NCT00500331	ADULT,OLDER_ADULT	all	PHASE2	47.0	Pioglitazone	-1.07	30.0	1+every1days	84	84	2520.0	4.08	0
PMC4743348	https://pmc.ncbi.nlm.nih.gov/articles/PMC4743348	2015	-4.3	Pioglitazone	20	mg/kg	oral	Wistar	Rats	male	8.0	streptozotocin	175.0		1+every1days	21	21	NCT00500331	ADULT,OLDER_ADULT	all	PHASE2	47.0	Pioglitazone	-1.07	30.0	1+every1days	84	84	2520.0	3.2299999999999995	0
PMC6540170	https://pmc.ncbi.nlm.nih.gov/articles/PMC6540170	Not Found	-4.1	Pioglitazone	0.01	% (w/w)	oral	C57BLKS/J-db/db	Mice	male	10.0	genetic		28.0	1+every1days	35	35	NCT00500331	ADULT,OLDER_ADULT	all	PHASE2	47.0	Pioglitazone	-1.07	30.0	1+every1days	84	84	2520.0	3.0299999999999994	0
PMC6883099	https://pmc.ncbi.nlm.nih.gov/articles/PMC6883099	2019	-0.08	Pioglitazone	3	mg/kg	oral	KK-Ay	Mice	male	6.0	high-fat diet		49.0	1+every1days	28	28	NCT00500331	ADULT,OLDER_ADULT	all	PHASE2	47.0	Pioglitazone	-1.07	30.0	1+every1days	84	84	2520.0	-0.9900000000000001	1
PMC6883099	https://pmc.ncbi.nlm.nih.gov/articles/PMC6883099	2019	-1.83	Pioglitazone	10	mg/kg	oral	KK-Ay	Mice	male	6.0	high-fat diet		49.0	1+every1days	28	28	NCT00500331	ADULT,OLDER_ADULT	all	PHASE2	47.0	Pioglitazone	-1.07	30.0	1+every1days	84	84	2520.0	0.76	1
PMC6883099	https://pmc.ncbi.nlm.nih.gov/articles/PMC6883099	2019	-2.51	Pioglitazone	30	mg/kg	oral	KK-Ay	Mice	male	6.0	high-fat diet		49.0	1+every1days	28	28	NCT00500331	ADULT,OLDER_ADULT	all	PHASE2	47.0	Pioglitazone	-1.07	30.0	1+every1days	84	84	2520.0	1.4399999999999997	0
PMC4304810	https://pmc.ncbi.nlm.nih.gov/articles/PMC4304810	2015	-4.6	Pioglitazone	10	mg/kg	oral	Zucker Diabetic Fatty	Rats	male		genetic		49.0	1+every1days	42	42	NCT00500331	ADULT,OLDER_ADULT	all	PHASE2	47.0	Pioglitazone	-1.07	30.0	1+every1days	84	84	2520.0	3.5299999999999994	0
PMC3907559	https://pmc.ncbi.nlm.nih.gov/articles/PMC3907559	2014	-4	Pioglitazone	30	mg/kg	oral	Zucker Diabetic Fatty	Rats	male	10.0	genetic		49.0	2+every1days	32	64	NCT00500331	ADULT,OLDER_ADULT	all	PHASE2	47.0	Pioglitazone	-1.07	30.0	1+every1days	84	84	2520.0	2.9299999999999997	0
PMC5207690	https://pmc.ncbi.nlm.nih.gov/articles/PMC5207690	2017	-0.95	Pioglitazone	4.5	mg/kg	oral	KK-Ay	Mice	male	10.0	high-fat diet		56.0	1+every1days	70	70	NCT00500331	ADULT,OLDER_ADULT	all	PHASE2	47.0	Pioglitazone	-1.07	30.0	1+every1days	84	84	2520.0	-0.1200000000000001	1
PMC5360432	https://pmc.ncbi.nlm.nih.gov/articles/PMC5360432	2017	-1.6	Pioglitazone	10	mg/kg	oral	ob/ob	Mice	male	7.0	genetic		56.0	2+every1days	28	56	NCT00500331	ADULT,OLDER_ADULT	all	PHASE2	47.0	Pioglitazone	-1.07	30.0	1+every1days	84	84	2520.0	0.53	1
PMC4457365	https://pmc.ncbi.nlm.nih.gov/articles/PMC4457365	2014	-2.2	Pioglitazone	2.5	mg/kg	oral	UCD-T2DM	Rats	male	32.0	genetic		60.0	1+every1days	365	365	NCT00500331	ADULT,OLDER_ADULT	all	PHASE2	47.0	Pioglitazone	-1.07	30.0	1+every1days	84	84	2520.0	1.1300000000000001	0
PMC4880722	https://pmc.ncbi.nlm.nih.gov/articles/PMC4880722	2016	-3.2	Pioglitazone	30	mg/kg	oral	Zucker Diabetic Fatty	Rats	male	8.0	genetic		70.0	1+every1days	42	42	NCT00500331	ADULT,OLDER_ADULT	all	PHASE2	47.0	Pioglitazone	-1.07	30.0	1+every1days	84	84	2520.0	2.13	0
PMC4791042	https://pmc.ncbi.nlm.nih.gov/articles/PMC4791042	2015	-4.5	Pioglitazone	32.19	mg/kg	oral	Zucker Diabetic Fatty	Rats	male	9.0	genetic		80.5	1+every1days	49	49	NCT00500331	ADULT,OLDER_ADULT	all	PHASE2	47.0	Pioglitazone	-1.07	30.0	1+every1days	84	84	2520.0	3.4299999999999997	0
PMC4000968	https://pmc.ncbi.nlm.nih.gov/articles/PMC4000968	2014	-1.21	Sitagliptin Phosphate	10	mg/kg	oral	Zucker Diabetic Fatty	Rats		7.0	genetic		140.0	1+every1days	42	42	NCT00509236	ADULT,OLDER_ADULT	all	PHASE3	62.0	Sitagliptin Phosphate	-0.72	25.0	1+every1days	378	378	9450.0	0.49	1
PMC4000968	https://pmc.ncbi.nlm.nih.gov/articles/PMC4000968	2014	-1.21	Sitagliptin Phosphate	10	mg/kg	oral	Zucker Diabetic Fatty	Rats		7.0	genetic		140.0	1+every1days	42	42	NCT00509236	ADULT,OLDER_ADULT	all	PHASE3	62.0	Sitagliptin Phosphate	-0.74	25.0	1+every1days	378	378	9450.0	0.47	1
PMC3998187	https://pmc.ncbi.nlm.nih.gov/articles/PMC3998187	2014	-2	Sitagliptin Phosphate	10	mg/kg	oral	Zucker Diabetic Fatty	Rats	male	5.0	genetic		140.0	1+every1days	42	42	NCT00509236	ADULT,OLDER_ADULT	all	PHASE3	62.0	Sitagliptin Phosphate	-0.72	25.0	1+every1days	378	378	9450.0	1.28	0
PMC3998187	https://pmc.ncbi.nlm.nih.gov/articles/PMC3998187	2014	-2	Sitagliptin Phosphate	10	mg/kg	oral	Zucker Diabetic Fatty	Rats	male	5.0	genetic		140.0	1+every1days	42	42	NCT00509236	ADULT,OLDER_ADULT	all	PHASE3	62.0	Sitagliptin Phosphate	-0.74	25.0	1+every1days	378	378	9450.0	1.26	0
PMC2905949	https://pmc.ncbi.nlm.nih.gov/articles/PMC2905949	2010	-0.01	Sitagliptin Phosphate	10	mg/kg	oral	Zucker Diabetic Fatty	Rats	male	8.0	genetic		140.0	1+every1days	42	42	NCT00509236	ADULT,OLDER_ADULT	all	PHASE3	62.0	Sitagliptin Phosphate	-0.72	25.0	1+every1days	378	378	9450.0	-0.71	1
PMC3235777	https://pmc.ncbi.nlm.nih.gov/articles/PMC3235777	2011	-1.78	Sitagliptin Phosphate	10	mg/kg	oral	Zucker Diabetic Fatty	Rats	male	8.0	genetic		140.0	1+every1days	42	42	NCT00509236	ADULT,OLDER_ADULT	all	PHASE3	62.0	Sitagliptin Phosphate	-0.72	25.0	1+every1days	378	378	9450.0	1.06	0
PMC2905949	https://pmc.ncbi.nlm.nih.gov/articles/PMC2905949	2010	-0.01	Sitagliptin Phosphate	10	mg/kg	oral	Zucker Diabetic Fatty	Rats	male	8.0	genetic		140.0	1+every1days	42	42	NCT00509236	ADULT,OLDER_ADULT	all	PHASE3	62.0	Sitagliptin Phosphate	-0.74	25.0	1+every1days	378	378	9450.0	-0.73	1
PMC3235777	https://pmc.ncbi.nlm.nih.gov/articles/PMC3235777	2011	-1.78	Sitagliptin Phosphate	10	mg/kg	oral	Zucker Diabetic Fatty	Rats	male	8.0	genetic		140.0	1+every1days	42	42	NCT00509236	ADULT,OLDER_ADULT	all	PHASE3	62.0	Sitagliptin Phosphate	-0.74	25.0	1+every1days	378	378	9450.0	1.04	0
PMC4514850	https://pmc.ncbi.nlm.nih.gov/articles/PMC4514850	2015	-1.3	Sitagliptin Phosphate	100	mg/kg	oral	ICR	Mice	male	8.0	high-fat diet+streptozotocin		35.0	1+every1days	56	56	NCT00509236	ADULT,OLDER_ADULT	all	PHASE3	62.0	Sitagliptin Phosphate	-0.72	25.0	1+every1days	378	378	9450.0	0.5800000000000001	1
PMC4514850	https://pmc.ncbi.nlm.nih.gov/articles/PMC4514850	2015	-1.3	Sitagliptin Phosphate	100	mg/kg	oral	ICR	Mice	male	8.0	high-fat diet+streptozotocin		35.0	1+every1days	56	56	NCT00509236	ADULT,OLDER_ADULT	all	PHASE3	62.0	Sitagliptin Phosphate	-0.74	25.0	1+every1days	378	378	9450.0	0.56	1
PMC3660563	https://pmc.ncbi.nlm.nih.gov/articles/PMC3660563	2013	-0.8	Sitagliptin Phosphate	1	mg/kg	oral	C57BLKS/J-db/db	Mice	male		genetic		42.0	1+every1days	42	42	NCT00509236	ADULT,OLDER_ADULT	all	PHASE3	62.0	Sitagliptin Phosphate	-0.72	25.0	1+every1days	378	378	9450.0	0.08000000000000007	1
PMC3660563	https://pmc.ncbi.nlm.nih.gov/articles/PMC3660563	2013	-0.8	Sitagliptin Phosphate	1	mg/kg	oral	C57BLKS/J-db/db	Mice	male		genetic		42.0	1+every1days	42	42	NCT00509236	ADULT,OLDER_ADULT	all	PHASE3	62.0	Sitagliptin Phosphate	-0.74	25.0	1+every1days	378	378	9450.0	0.06000000000000005	1
PMC4514850	https://pmc.ncbi.nlm.nih.gov/articles/PMC4514850	2015	-0.9	Sitagliptin Phosphate	100	mg/kg	oral	db/db	Mice	male	5.0	genetic		56.0	1+every1days	28	28	NCT00509236	ADULT,OLDER_ADULT	all	PHASE3	62.0	Sitagliptin Phosphate	-0.72	25.0	1+every1days	378	378	9450.0	0.18000000000000005	1
PMC4514850	https://pmc.ncbi.nlm.nih.gov/articles/PMC4514850	2015	-0.9	Sitagliptin Phosphate	100	mg/kg	oral	db/db	Mice	male	5.0	genetic		56.0	1+every1days	28	28	NCT00509236	ADULT,OLDER_ADULT	all	PHASE3	62.0	Sitagliptin Phosphate	-0.74	25.0	1+every1days	378	378	9450.0	0.16000000000000003	1
PMC9055162	https://pmc.ncbi.nlm.nih.gov/articles/PMC9055162	2020	-3.3	Exenatide	250	nmol/kg	subcutaneous	db/db	Mice	male		genetic			2+every7days	56	16	NCT00518882	ADULT,OLDER_ADULT	all	PHASE3	226.0	Exenatide	-0.79	0.01	2+every1days	182	364	3.64	2.51	0
PMC7189518	https://pmc.ncbi.nlm.nih.gov/articles/PMC7189518	2020	-0.87	Exenatide	0.6	mg/kg	oral	db/db	Mice	male	6.0	genetic			1+every1days	49	49	NCT00518882	ADULT,OLDER_ADULT	all	PHASE3	226.0	Exenatide	-0.79	0.01	2+every1days	182	364	3.64	0.07999999999999996	1
PMC7189518	https://pmc.ncbi.nlm.nih.gov/articles/PMC7189518	2020	-1.16	Exenatide	0.6	mg/kg	oral	db/db	Mice	male	6.0	genetic			1+every1days	49	49	NCT00518882	ADULT,OLDER_ADULT	all	PHASE3	226.0	Exenatide	-0.79	0.01	2+every1days	182	364	3.64	0.3699999999999999	1
PMC7189518	https://pmc.ncbi.nlm.nih.gov/articles/PMC7189518	2020	-1.21	Exenatide	0.06	mg/kg	subcutaneous	db/db	Mice	male	6.0	genetic			1+every1days	49	49	NCT00518882	ADULT,OLDER_ADULT	all	PHASE3	226.0	Exenatide	-0.79	0.01	2+every1days	182	364	3.64	0.41999999999999993	1
PMC6369909	https://pmc.ncbi.nlm.nih.gov/articles/PMC6369909	2018	-3	Exenatide	20	μg/kg	subcutaneous	Sprague-Dawley	Rats	male	6.0	high-fat diet+streptozotocin	160.0		1+every1days	28	28	NCT00518882	ADULT,OLDER_ADULT	all	PHASE3	226.0	Exenatide	-0.79	0.01	2+every1days	182	364	3.64	2.21	0
PMC9374709	https://pmc.ncbi.nlm.nih.gov/articles/PMC9374709	2022	-1.34	Liraglutide	0.4	mg/kg	subcutaneous	C57BL/6NRj	Mice	male	23.0	high-fat diet	35.0	112.0	1+every1days	28	28	NCT00518882	ADULT,OLDER_ADULT	all	PHASE3	198.0	Liraglutide	-0.98	1.8	1+every1days	546	546	982.8000000000001	0.3600000000000001	1
PMC9374709	https://pmc.ncbi.nlm.nih.gov/articles/PMC9374709	2022	-1.34	Liraglutide	0.4	mg/kg	subcutaneous	C57BL/6NRj	Mice	male	23.0	high-fat diet	35.0	112.0	1+every1days	28	28	NCT00518882	ADULT,OLDER_ADULT	all	PHASE3	227.0	Liraglutide	-1.12	1.8	1+every1days	182	182	327.6	0.21999999999999997	1
PMC9374709	https://pmc.ncbi.nlm.nih.gov/articles/PMC9374709	2022	-1.34	Liraglutide	0.4	mg/kg	subcutaneous	C57BL/6NRj	Mice	male	23.0	high-fat diet	35.0	112.0	1+every1days	28	28	NCT00518882	ADULT,OLDER_ADULT	all	PHASE3	198.0	Liraglutide	0.25	1.8	1+every1days	546	546	982.8000000000001	1.59	0
PMC9374709	https://pmc.ncbi.nlm.nih.gov/articles/PMC9374709	2022	-11.69	Liraglutide	0.4	mg/kg	subcutaneous	C57BL/6NTac	Mice	male	16.0	high-fat diet	35.0	112.0	1+every1days	28	28	NCT00518882	ADULT,OLDER_ADULT	all	PHASE3	198.0	Liraglutide	-0.98	1.8	1+every1days	546	546	982.8000000000001	10.709999999999999	0
PMC9374709	https://pmc.ncbi.nlm.nih.gov/articles/PMC9374709	2022	-11.69	Liraglutide	0.4	mg/kg	subcutaneous	C57BL/6NTac	Mice	male	16.0	high-fat diet	35.0	112.0	1+every1days	28	28	NCT00518882	ADULT,OLDER_ADULT	all	PHASE3	227.0	Liraglutide	-1.12	1.8	1+every1days	182	182	327.6	10.57	0
PMC9374709	https://pmc.ncbi.nlm.nih.gov/articles/PMC9374709	2022	-11.69	Liraglutide	0.4	mg/kg	subcutaneous	C57BL/6NTac	Mice	male	16.0	high-fat diet	35.0	112.0	1+every1days	28	28	NCT00518882	ADULT,OLDER_ADULT	all	PHASE3	198.0	Liraglutide	0.25	1.8	1+every1days	546	546	982.8000000000001	11.94	0
PMC2948479	https://pmc.ncbi.nlm.nih.gov/articles/PMC2948479	2010	-2.2	Exenatide	3.5	pm/kg/min	subcutaneous	3xTg-AD	Mice	both	8.0	streptozotocin	30.0	352.5		112		NCT00518882	ADULT,OLDER_ADULT	all	PHASE3	226.0	Exenatide	-0.79	0.01	2+every1days	182	364	3.64	1.4100000000000001	0
PMC4553314	https://pmc.ncbi.nlm.nih.gov/articles/PMC4553314	2015	-0.5	Exenatide	2	μg/kg	subcutaneous	db/db	Mice	female	10.0	genetic		45.5	2+every1days	43	86	NCT00518882	ADULT,OLDER_ADULT	all	PHASE3	226.0	Exenatide	-0.79	0.01	2+every1days	182	364	3.64	-0.29000000000000004	1
PMC6412877	https://pmc.ncbi.nlm.nih.gov/articles/PMC6412877	2019	-0.5	Liraglutide	25	nmol/kg	subcutaneous		Mice	male		high-fat diet		49.0	1+every1days	28	28	NCT00518882	ADULT,OLDER_ADULT	all	PHASE3	198.0	Liraglutide	-0.98	1.8	1+every1days	546	546	982.8000000000001	-0.48	1
PMC6412877	https://pmc.ncbi.nlm.nih.gov/articles/PMC6412877	2019	-0.5	Liraglutide	25	nmol/kg	subcutaneous		Mice	male		high-fat diet		49.0	1+every1days	28	28	NCT00518882	ADULT,OLDER_ADULT	all	PHASE3	227.0	Liraglutide	-1.12	1.8	1+every1days	182	182	327.6	-0.6200000000000001	1
PMC6412877	https://pmc.ncbi.nlm.nih.gov/articles/PMC6412877	2019	-0.5	Liraglutide	25	nmol/kg	subcutaneous		Mice	male		high-fat diet		49.0	1+every1days	28	28	NCT00518882	ADULT,OLDER_ADULT	all	PHASE3	198.0	Liraglutide	0.25	1.8	1+every1days	546	546	982.8000000000001	0.75	1
PMC9072222	https://pmc.ncbi.nlm.nih.gov/articles/PMC9072222	2019	-1.4	Liraglutide	0.1	mg/kg	subcutaneous	db/db	Mice	male	40.0	genetic		49.0	1+every1days	56	56	NCT00518882	ADULT,OLDER_ADULT	all	PHASE3	198.0	Liraglutide	-0.98	1.8	1+every1days	546	546	982.8000000000001	0.41999999999999993	1
PMC9072222	https://pmc.ncbi.nlm.nih.gov/articles/PMC9072222	2019	-1.4	Liraglutide	0.1	mg/kg	subcutaneous	db/db	Mice	male	40.0	genetic		49.0	1+every1days	56	56	NCT00518882	ADULT,OLDER_ADULT	all	PHASE3	227.0	Liraglutide	-1.12	1.8	1+every1days	182	182	327.6	0.2799999999999998	1
PMC9072222	https://pmc.ncbi.nlm.nih.gov/articles/PMC9072222	2019	-1.4	Liraglutide	0.1	mg/kg	subcutaneous	db/db	Mice	male	40.0	genetic		49.0	1+every1days	56	56	NCT00518882	ADULT,OLDER_ADULT	all	PHASE3	198.0	Liraglutide	0.25	1.8	1+every1days	546	546	982.8000000000001	1.65	0
PMC4686834	https://pmc.ncbi.nlm.nih.gov/articles/PMC4686834	2015	-0.05	Exenatide	1	μg/kg	subcutaneous	C57BL/6	Mice	male	7.0	genetic		56.0	1+every1days	21	21	NCT00518882	ADULT,OLDER_ADULT	all	PHASE3	226.0	Exenatide	-0.79	0.01	2+every1days	182	364	3.64	-0.74	1
PMC4686834	https://pmc.ncbi.nlm.nih.gov/articles/PMC4686834	2015	-0.2	Exenatide	10	μg/kg	subcutaneous	C57BL/6	Mice	male	7.0	genetic		56.0	1+every1days	21	21	NCT00518882	ADULT,OLDER_ADULT	all	PHASE3	226.0	Exenatide	-0.79	0.01	2+every1days	182	364	3.64	-0.5900000000000001	1
PMC4237538	https://pmc.ncbi.nlm.nih.gov/articles/PMC4237538	2013	-1.9	Exenatide	0.03	mg/kg	subcutaneous	ob/ob	Mice	male		genetic	43.0	56.0	1+every1days	28	28	NCT00518882	ADULT,OLDER_ADULT	all	PHASE3	226.0	Exenatide	-0.79	0.01	2+every1days	182	364	3.64	1.1099999999999999	0
PMC3913652	https://pmc.ncbi.nlm.nih.gov/articles/PMC3913652	2014	-0.55	Exenatide	30	nmol/kg	subcutaneous	ob/ob	Mice	male	10.0	genetic	43.9	56.0	1+every1days	28	28	NCT00518882	ADULT,OLDER_ADULT	all	PHASE3	226.0	Exenatide	-0.79	0.01	2+every1days	182	364	3.64	-0.24	1
PMC3654567	https://pmc.ncbi.nlm.nih.gov/articles/PMC3654567	2012	-1.8	Exenatide	250	μg/kg	subcutaneous	Zucker Diabetic Fatty	Rats	male		genetic		56.0	2+every1days	91	182	NCT00518882	ADULT,OLDER_ADULT	all	PHASE3	226.0	Exenatide	-0.79	0.01	2+every1days	182	364	3.64	1.01	1
PMC3654567	https://pmc.ncbi.nlm.nih.gov/articles/PMC3654567	2012	-2	Exenatide	6	μg/kg	subcutaneous	Zucker Diabetic Fatty	Rats	male		genetic		56.0	2+every1days	91	182	NCT00518882	ADULT,OLDER_ADULT	all	PHASE3	226.0	Exenatide	-0.79	0.01	2+every1days	182	364	3.64	1.21	0
PMC3654567	https://pmc.ncbi.nlm.nih.gov/articles/PMC3654567	2012	-2.9	Exenatide	40	μg/kg	subcutaneous	Zucker Diabetic Fatty	Rats	male		genetic		56.0	2+every1days	91	182	NCT00518882	ADULT,OLDER_ADULT	all	PHASE3	226.0	Exenatide	-0.79	0.01	2+every1days	182	364	3.64	2.11	0
PMC5477380	https://pmc.ncbi.nlm.nih.gov/articles/PMC5477380	2017	-0.7	Exenatide	2	μg/kg	subcutaneous	KK-Ay	Mice	female	13.0	genetic		77.0	2+every1days	49	98	NCT00518882	ADULT,OLDER_ADULT	all	PHASE3	226.0	Exenatide	-0.79	0.01	2+every1days	182	364	3.64	-0.09000000000000008	1
PMC9112483	https://pmc.ncbi.nlm.nih.gov/articles/PMC9112483	2022	-1.4	Liraglutide	200	μg/kg	subcutaneous	Zucker Diabetic Fatty	Rats	male	7.0	genetic		77.0	2+every1days	140	280	NCT00518882	ADULT,OLDER_ADULT	all	PHASE3	198.0	Liraglutide	-0.98	1.8	1+every1days	546	546	982.8000000000001	0.41999999999999993	1
PMC9112483	https://pmc.ncbi.nlm.nih.gov/articles/PMC9112483	2022	-1.4	Liraglutide	200	μg/kg	subcutaneous	Zucker Diabetic Fatty	Rats	male	7.0	genetic		77.0	2+every1days	140	280	NCT00518882	ADULT,OLDER_ADULT	all	PHASE3	227.0	Liraglutide	-1.12	1.8	1+every1days	182	182	327.6	0.2799999999999998	1
PMC9112483	https://pmc.ncbi.nlm.nih.gov/articles/PMC9112483	2022	-1.4	Liraglutide	200	μg/kg	subcutaneous	Zucker Diabetic Fatty	Rats	male	7.0	genetic		77.0	2+every1days	140	280	NCT00518882	ADULT,OLDER_ADULT	all	PHASE3	198.0	Liraglutide	0.25	1.8	1+every1days	546	546	982.8000000000001	1.65	0
PMC4000968	https://pmc.ncbi.nlm.nih.gov/articles/PMC4000968	2014	-1.21	Sitagliptin Phosphate	10	mg/kg	oral	Zucker Diabetic Fatty	Rats		7.0	genetic		140.0	1+every1days	42	42	NCT00541450	ADULT,OLDER_ADULT	all	PHASE3	231.0	Sitagliptin Phosphate	-1.03	100.0	1+every1days	84	84	8400.0	0.17999999999999994	1
PMC3998187	https://pmc.ncbi.nlm.nih.gov/articles/PMC3998187	2014	-2	Sitagliptin Phosphate	10	mg/kg	oral	Zucker Diabetic Fatty	Rats	male	5.0	genetic		140.0	1+every1days	42	42	NCT00541450	ADULT,OLDER_ADULT	all	PHASE3	231.0	Sitagliptin Phosphate	-1.03	100.0	1+every1days	84	84	8400.0	0.97	1
PMC2905949	https://pmc.ncbi.nlm.nih.gov/articles/PMC2905949	2010	-0.01	Sitagliptin Phosphate	10	mg/kg	oral	Zucker Diabetic Fatty	Rats	male	8.0	genetic		140.0	1+every1days	42	42	NCT00541450	ADULT,OLDER_ADULT	all	PHASE3	231.0	Sitagliptin Phosphate	-1.03	100.0	1+every1days	84	84	8400.0	-1.02	1
PMC3235777	https://pmc.ncbi.nlm.nih.gov/articles/PMC3235777	2011	-1.78	Sitagliptin Phosphate	10	mg/kg	oral	Zucker Diabetic Fatty	Rats	male	8.0	genetic		140.0	1+every1days	42	42	NCT00541450	ADULT,OLDER_ADULT	all	PHASE3	231.0	Sitagliptin Phosphate	-1.03	100.0	1+every1days	84	84	8400.0	0.75	1
PMC4514850	https://pmc.ncbi.nlm.nih.gov/articles/PMC4514850	2015	-1.3	Sitagliptin Phosphate	100	mg/kg	oral	ICR	Mice	male	8.0	high-fat diet+streptozotocin		35.0	1+every1days	56	56	NCT00541450	ADULT,OLDER_ADULT	all	PHASE3	231.0	Sitagliptin Phosphate	-1.03	100.0	1+every1days	84	84	8400.0	0.27	1
PMC3660563	https://pmc.ncbi.nlm.nih.gov/articles/PMC3660563	2013	-0.8	Sitagliptin Phosphate	1	mg/kg	oral	C57BLKS/J-db/db	Mice	male		genetic		42.0	1+every1days	42	42	NCT00541450	ADULT,OLDER_ADULT	all	PHASE3	231.0	Sitagliptin Phosphate	-1.03	100.0	1+every1days	84	84	8400.0	-0.22999999999999998	1
PMC4514850	https://pmc.ncbi.nlm.nih.gov/articles/PMC4514850	2015	-0.9	Sitagliptin Phosphate	100	mg/kg	oral	db/db	Mice	male	5.0	genetic		56.0	1+every1days	28	28	NCT00541450	ADULT,OLDER_ADULT	all	PHASE3	231.0	Sitagliptin Phosphate	-1.03	100.0	1+every1days	84	84	8400.0	-0.13	1
PMC9055162	https://pmc.ncbi.nlm.nih.gov/articles/PMC9055162	2020	-3.3	Exenatide	250	nmol/kg	subcutaneous	db/db	Mice	male		genetic			2+every7days	56	16	NCT00577824	ADULT,OLDER_ADULT	all	PHASE3	71.0	Exenatide	-1.34	0.005	2+every1days	168	336	1.68	1.9599999999999997	0
PMC9055162	https://pmc.ncbi.nlm.nih.gov/articles/PMC9055162	2020	-3.3	Exenatide	250	nmol/kg	subcutaneous	db/db	Mice	male		genetic			2+every7days	56	16	NCT00577824	ADULT,OLDER_ADULT	all	PHASE3	72.0	Exenatide	-1.62	0.01	2+every1days	168	336	3.36	1.6799999999999997	0
PMC7189518	https://pmc.ncbi.nlm.nih.gov/articles/PMC7189518	2020	-0.87	Exenatide	0.6	mg/kg	oral	db/db	Mice	male	6.0	genetic			1+every1days	49	49	NCT00577824	ADULT,OLDER_ADULT	all	PHASE3	71.0	Exenatide	-1.34	0.005	2+every1days	168	336	1.68	-0.4700000000000001	1
PMC7189518	https://pmc.ncbi.nlm.nih.gov/articles/PMC7189518	2020	-1.16	Exenatide	0.6	mg/kg	oral	db/db	Mice	male	6.0	genetic			1+every1days	49	49	NCT00577824	ADULT,OLDER_ADULT	all	PHASE3	71.0	Exenatide	-1.34	0.005	2+every1days	168	336	1.68	-0.18000000000000016	1
PMC7189518	https://pmc.ncbi.nlm.nih.gov/articles/PMC7189518	2020	-1.21	Exenatide	0.06	mg/kg	subcutaneous	db/db	Mice	male	6.0	genetic			1+every1days	49	49	NCT00577824	ADULT,OLDER_ADULT	all	PHASE3	71.0	Exenatide	-1.34	0.005	2+every1days	168	336	1.68	-0.13000000000000012	1
PMC7189518	https://pmc.ncbi.nlm.nih.gov/articles/PMC7189518	2020	-0.87	Exenatide	0.6	mg/kg	oral	db/db	Mice	male	6.0	genetic			1+every1days	49	49	NCT00577824	ADULT,OLDER_ADULT	all	PHASE3	72.0	Exenatide	-1.62	0.01	2+every1days	168	336	3.36	-0.7500000000000001	1
PMC7189518	https://pmc.ncbi.nlm.nih.gov/articles/PMC7189518	2020	-1.16	Exenatide	0.6	mg/kg	oral	db/db	Mice	male	6.0	genetic			1+every1days	49	49	NCT00577824	ADULT,OLDER_ADULT	all	PHASE3	72.0	Exenatide	-1.62	0.01	2+every1days	168	336	3.36	-0.4600000000000002	1
PMC7189518	https://pmc.ncbi.nlm.nih.gov/articles/PMC7189518	2020	-1.21	Exenatide	0.06	mg/kg	subcutaneous	db/db	Mice	male	6.0	genetic			1+every1days	49	49	NCT00577824	ADULT,OLDER_ADULT	all	PHASE3	72.0	Exenatide	-1.62	0.01	2+every1days	168	336	3.36	-0.41000000000000014	1
PMC6369909	https://pmc.ncbi.nlm.nih.gov/articles/PMC6369909	2018	-3	Exenatide	20	μg/kg	subcutaneous	Sprague-Dawley	Rats	male	6.0	high-fat diet+streptozotocin	160.0		1+every1days	28	28	NCT00577824	ADULT,OLDER_ADULT	all	PHASE3	71.0	Exenatide	-1.34	0.005	2+every1days	168	336	1.68	1.66	0
PMC6369909	https://pmc.ncbi.nlm.nih.gov/articles/PMC6369909	2018	-3	Exenatide	20	μg/kg	subcutaneous	Sprague-Dawley	Rats	male	6.0	high-fat diet+streptozotocin	160.0		1+every1days	28	28	NCT00577824	ADULT,OLDER_ADULT	all	PHASE3	72.0	Exenatide	-1.62	0.01	2+every1days	168	336	3.36	1.38	0
PMC2948479	https://pmc.ncbi.nlm.nih.gov/articles/PMC2948479	2010	-2.2	Exenatide	3.5	pm/kg/min	subcutaneous	3xTg-AD	Mice	both	8.0	streptozotocin	30.0	352.5		112		NCT00577824	ADULT,OLDER_ADULT	all	PHASE3	71.0	Exenatide	-1.34	0.005	2+every1days	168	336	1.68	0.8600000000000001	1
PMC2948479	https://pmc.ncbi.nlm.nih.gov/articles/PMC2948479	2010	-2.2	Exenatide	3.5	pm/kg/min	subcutaneous	3xTg-AD	Mice	both	8.0	streptozotocin	30.0	352.5		112		NCT00577824	ADULT,OLDER_ADULT	all	PHASE3	72.0	Exenatide	-1.62	0.01	2+every1days	168	336	3.36	0.5800000000000001	1
PMC4553314	https://pmc.ncbi.nlm.nih.gov/articles/PMC4553314	2015	-0.5	Exenatide	2	μg/kg	subcutaneous	db/db	Mice	female	10.0	genetic		45.5	2+every1days	43	86	NCT00577824	ADULT,OLDER_ADULT	all	PHASE3	71.0	Exenatide	-1.34	0.005	2+every1days	168	336	1.68	-0.8400000000000001	1
PMC4553314	https://pmc.ncbi.nlm.nih.gov/articles/PMC4553314	2015	-0.5	Exenatide	2	μg/kg	subcutaneous	db/db	Mice	female	10.0	genetic		45.5	2+every1days	43	86	NCT00577824	ADULT,OLDER_ADULT	all	PHASE3	72.0	Exenatide	-1.62	0.01	2+every1days	168	336	3.36	-1.12	0
PMC4686834	https://pmc.ncbi.nlm.nih.gov/articles/PMC4686834	2015	-0.05	Exenatide	1	μg/kg	subcutaneous	C57BL/6	Mice	male	7.0	genetic		56.0	1+every1days	21	21	NCT00577824	ADULT,OLDER_ADULT	all	PHASE3	71.0	Exenatide	-1.34	0.005	2+every1days	168	336	1.68	-1.29	0
PMC4686834	https://pmc.ncbi.nlm.nih.gov/articles/PMC4686834	2015	-0.2	Exenatide	10	μg/kg	subcutaneous	C57BL/6	Mice	male	7.0	genetic		56.0	1+every1days	21	21	NCT00577824	ADULT,OLDER_ADULT	all	PHASE3	71.0	Exenatide	-1.34	0.005	2+every1days	168	336	1.68	-1.1400000000000001	0
PMC4686834	https://pmc.ncbi.nlm.nih.gov/articles/PMC4686834	2015	-0.05	Exenatide	1	μg/kg	subcutaneous	C57BL/6	Mice	male	7.0	genetic		56.0	1+every1days	21	21	NCT00577824	ADULT,OLDER_ADULT	all	PHASE3	72.0	Exenatide	-1.62	0.01	2+every1days	168	336	3.36	-1.57	0
PMC4686834	https://pmc.ncbi.nlm.nih.gov/articles/PMC4686834	2015	-0.2	Exenatide	10	μg/kg	subcutaneous	C57BL/6	Mice	male	7.0	genetic		56.0	1+every1days	21	21	NCT00577824	ADULT,OLDER_ADULT	all	PHASE3	72.0	Exenatide	-1.62	0.01	2+every1days	168	336	3.36	-1.4200000000000002	0
PMC4237538	https://pmc.ncbi.nlm.nih.gov/articles/PMC4237538	2013	-1.9	Exenatide	0.03	mg/kg	subcutaneous	ob/ob	Mice	male		genetic	43.0	56.0	1+every1days	28	28	NCT00577824	ADULT,OLDER_ADULT	all	PHASE3	71.0	Exenatide	-1.34	0.005	2+every1days	168	336	1.68	0.5599999999999998	1
PMC4237538	https://pmc.ncbi.nlm.nih.gov/articles/PMC4237538	2013	-1.9	Exenatide	0.03	mg/kg	subcutaneous	ob/ob	Mice	male		genetic	43.0	56.0	1+every1days	28	28	NCT00577824	ADULT,OLDER_ADULT	all	PHASE3	72.0	Exenatide	-1.62	0.01	2+every1days	168	336	3.36	0.2799999999999998	1
PMC3913652	https://pmc.ncbi.nlm.nih.gov/articles/PMC3913652	2014	-0.55	Exenatide	30	nmol/kg	subcutaneous	ob/ob	Mice	male	10.0	genetic	43.9	56.0	1+every1days	28	28	NCT00577824	ADULT,OLDER_ADULT	all	PHASE3	71.0	Exenatide	-1.34	0.005	2+every1days	168	336	1.68	-0.79	1
PMC3913652	https://pmc.ncbi.nlm.nih.gov/articles/PMC3913652	2014	-0.55	Exenatide	30	nmol/kg	subcutaneous	ob/ob	Mice	male	10.0	genetic	43.9	56.0	1+every1days	28	28	NCT00577824	ADULT,OLDER_ADULT	all	PHASE3	72.0	Exenatide	-1.62	0.01	2+every1days	168	336	3.36	-1.07	0
PMC3654567	https://pmc.ncbi.nlm.nih.gov/articles/PMC3654567	2012	-1.8	Exenatide	250	μg/kg	subcutaneous	Zucker Diabetic Fatty	Rats	male		genetic		56.0	2+every1days	91	182	NCT00577824	ADULT,OLDER_ADULT	all	PHASE3	71.0	Exenatide	-1.34	0.005	2+every1days	168	336	1.68	0.45999999999999996	1
PMC3654567	https://pmc.ncbi.nlm.nih.gov/articles/PMC3654567	2012	-2	Exenatide	6	μg/kg	subcutaneous	Zucker Diabetic Fatty	Rats	male		genetic		56.0	2+every1days	91	182	NCT00577824	ADULT,OLDER_ADULT	all	PHASE3	71.0	Exenatide	-1.34	0.005	2+every1days	168	336	1.68	0.6599999999999999	1
PMC3654567	https://pmc.ncbi.nlm.nih.gov/articles/PMC3654567	2012	-2.9	Exenatide	40	μg/kg	subcutaneous	Zucker Diabetic Fatty	Rats	male		genetic		56.0	2+every1days	91	182	NCT00577824	ADULT,OLDER_ADULT	all	PHASE3	71.0	Exenatide	-1.34	0.005	2+every1days	168	336	1.68	1.5599999999999998	0
PMC3654567	https://pmc.ncbi.nlm.nih.gov/articles/PMC3654567	2012	-1.8	Exenatide	250	μg/kg	subcutaneous	Zucker Diabetic Fatty	Rats	male		genetic		56.0	2+every1days	91	182	NCT00577824	ADULT,OLDER_ADULT	all	PHASE3	72.0	Exenatide	-1.62	0.01	2+every1days	168	336	3.36	0.17999999999999994	1
PMC3654567	https://pmc.ncbi.nlm.nih.gov/articles/PMC3654567	2012	-2	Exenatide	6	μg/kg	subcutaneous	Zucker Diabetic Fatty	Rats	male		genetic		56.0	2+every1days	91	182	NCT00577824	ADULT,OLDER_ADULT	all	PHASE3	72.0	Exenatide	-1.62	0.01	2+every1days	168	336	3.36	0.3799999999999999	1
PMC3654567	https://pmc.ncbi.nlm.nih.gov/articles/PMC3654567	2012	-2.9	Exenatide	40	μg/kg	subcutaneous	Zucker Diabetic Fatty	Rats	male		genetic		56.0	2+every1days	91	182	NCT00577824	ADULT,OLDER_ADULT	all	PHASE3	72.0	Exenatide	-1.62	0.01	2+every1days	168	336	3.36	1.2799999999999998	0
PMC5477380	https://pmc.ncbi.nlm.nih.gov/articles/PMC5477380	2017	-0.7	Exenatide	2	μg/kg	subcutaneous	KK-Ay	Mice	female	13.0	genetic		77.0	2+every1days	49	98	NCT00577824	ADULT,OLDER_ADULT	all	PHASE3	71.0	Exenatide	-1.34	0.005	2+every1days	168	336	1.68	-0.6400000000000001	1
PMC5477380	https://pmc.ncbi.nlm.nih.gov/articles/PMC5477380	2017	-0.7	Exenatide	2	μg/kg	subcutaneous	KK-Ay	Mice	female	13.0	genetic		77.0	2+every1days	49	98	NCT00577824	ADULT,OLDER_ADULT	all	PHASE3	72.0	Exenatide	-1.62	0.01	2+every1days	168	336	3.36	-0.9200000000000002	1
PMC5489512	https://pmc.ncbi.nlm.nih.gov/articles/PMC5489512	2017	-0.3	Linagliptin	2	mg/kg	oral	KK-Ay	Mice	female	10.0	genetic	50.0		1+every1days	42	42	NCT00601250	ADULT,OLDER_ADULT	all	PHASE3	513.0	Linagliptin	-0.49	5.0	1+every1days	168	168	840.0	-0.19	1
PMC6701666	https://pmc.ncbi.nlm.nih.gov/articles/PMC6701666	2019	0	Linagliptin	3	mg/kg	oral	db/db	Mice	female	12.0	genetic		38.5	1+every1days	42	42	NCT00601250	ADULT,OLDER_ADULT	all	PHASE3	513.0	Linagliptin	-0.49	5.0	1+every1days	168	168	840.0	-0.49	1
PMC5152931	https://pmc.ncbi.nlm.nih.gov/articles/PMC5152931	2016	-2	Linagliptin	0.083	mg/kg	oral	Wistar	Rats	male	22.0	streptozotocin		42.0		168		NCT00601250	ADULT,OLDER_ADULT	all	PHASE3	513.0	Linagliptin	-0.49	5.0	1+every1days	168	168	840.0	1.51	0
PMC5489512	https://pmc.ncbi.nlm.nih.gov/articles/PMC5489512	2017	-0.3	Linagliptin	2	mg/kg	oral	KK-Ay	Mice	female	10.0	genetic	50.0		1+every1days	42	42	NCT00602472	ADULT,OLDER_ADULT	all	PHASE3	778.0	Linagliptin	-0.72	5.0	1+every1days	168	168	840.0	-0.42	1
PMC6701666	https://pmc.ncbi.nlm.nih.gov/articles/PMC6701666	2019	0	Linagliptin	3	mg/kg	oral	db/db	Mice	female	12.0	genetic		38.5	1+every1days	42	42	NCT00602472	ADULT,OLDER_ADULT	all	PHASE3	778.0	Linagliptin	-0.72	5.0	1+every1days	168	168	840.0	-0.72	1
PMC5152931	https://pmc.ncbi.nlm.nih.gov/articles/PMC5152931	2016	-2	Linagliptin	0.083	mg/kg	oral	Wistar	Rats	male	22.0	streptozotocin		42.0		168		NCT00602472	ADULT,OLDER_ADULT	all	PHASE3	778.0	Linagliptin	-0.72	5.0	1+every1days	168	168	840.0	1.28	0
PMC9112483	https://pmc.ncbi.nlm.nih.gov/articles/PMC9112483	2022	-0.2	Saxagliptin	10	mg/kg	intragastric	Zucker Diabetic Fatty	Rats	male	7.0	genetic		77.0	1+every1days	140	140	NCT00614939	ADULT,OLDER_ADULT	all	PHASE3	81.0	Saxagliptin	-0.86	2.5	1+every1days	84	84	210.0	-0.6599999999999999	1
PMC9374709	https://pmc.ncbi.nlm.nih.gov/articles/PMC9374709	2022	-1.34	Liraglutide	0.4	mg/kg	subcutaneous	C57BL/6NRj	Mice	male	23.0	high-fat diet	35.0	112.0	1+every1days	28	28	NCT00620282	ADULT,OLDER_ADULT	all	PHASE3	16.0	Liraglutide	-0.629	1.8	1+every1days	84	84	151.20000000000002	0.7110000000000001	1
PMC9374709	https://pmc.ncbi.nlm.nih.gov/articles/PMC9374709	2022	-11.69	Liraglutide	0.4	mg/kg	subcutaneous	C57BL/6NTac	Mice	male	16.0	high-fat diet	35.0	112.0	1+every1days	28	28	NCT00620282	ADULT,OLDER_ADULT	all	PHASE3	16.0	Liraglutide	-0.629	1.8	1+every1days	84	84	151.20000000000002	11.061	0
PMC6701666	https://pmc.ncbi.nlm.nih.gov/articles/PMC6701666	2019	0	Glimepiride	2	mg/kg	oral	db/db	Mice	female	12.0	genetic		38.5	1+every1days	42	42	NCT00620282	ADULT,OLDER_ADULT	all	PHASE3	16.0	Glimepiride	-0.552	4.0	1+every1days	84	84	336.0	-0.552	1
PMC6273299	https://pmc.ncbi.nlm.nih.gov/articles/PMC6273299	2016	-0.3	Glimepiride	5	mg/kg		Zucker Diabetic Fatty	Rats	male	6.0	high-fat diet		42.0	1+every1days	84	84	NCT00620282	ADULT,OLDER_ADULT	all	PHASE3	16.0	Glimepiride	-0.552	4.0	1+every1days	84	84	336.0	-0.25200000000000006	1
PMC6412877	https://pmc.ncbi.nlm.nih.gov/articles/PMC6412877	2019	-0.5	Liraglutide	25	nmol/kg	subcutaneous		Mice	male		high-fat diet		49.0	1+every1days	28	28	NCT00620282	ADULT,OLDER_ADULT	all	PHASE3	16.0	Liraglutide	-0.629	1.8	1+every1days	84	84	151.20000000000002	-0.129	1
PMC3610345	https://pmc.ncbi.nlm.nih.gov/articles/PMC3610345	2013	-1	Glimepiride	2.5	mg/kg	oral	db/db	Mice	male		genetic		49.0	1+every1days	42	42	NCT00620282	ADULT,OLDER_ADULT	all	PHASE3	16.0	Glimepiride	-0.552	4.0	1+every1days	84	84	336.0	0.44799999999999995	1
PMC9072222	https://pmc.ncbi.nlm.nih.gov/articles/PMC9072222	2019	-1.4	Liraglutide	0.1	mg/kg	subcutaneous	db/db	Mice	male	40.0	genetic		49.0	1+every1days	56	56	NCT00620282	ADULT,OLDER_ADULT	all	PHASE3	16.0	Liraglutide	-0.629	1.8	1+every1days	84	84	151.20000000000002	0.7709999999999999	1
PMC9112483	https://pmc.ncbi.nlm.nih.gov/articles/PMC9112483	2022	-1.4	Liraglutide	200	μg/kg	subcutaneous	Zucker Diabetic Fatty	Rats	male	7.0	genetic		77.0	2+every1days	140	280	NCT00620282	ADULT,OLDER_ADULT	all	PHASE3	16.0	Liraglutide	-0.629	1.8	1+every1days	84	84	151.20000000000002	0.7709999999999999	1
PMC5489512	https://pmc.ncbi.nlm.nih.gov/articles/PMC5489512	2017	-0.3	Linagliptin	2	mg/kg	oral	KK-Ay	Mice	female	10.0	genetic	50.0		1+every1days	42	42	NCT00621140	ADULT,OLDER_ADULT	all	PHASE3	333.0	Linagliptin	-0.44	5.0	1+every1days	168	168	840.0	-0.14	1
PMC6701666	https://pmc.ncbi.nlm.nih.gov/articles/PMC6701666	2019	0	Linagliptin	3	mg/kg	oral	db/db	Mice	female	12.0	genetic		38.5	1+every1days	42	42	NCT00621140	ADULT,OLDER_ADULT	all	PHASE3	333.0	Linagliptin	-0.44	5.0	1+every1days	168	168	840.0	-0.44	1
PMC5152931	https://pmc.ncbi.nlm.nih.gov/articles/PMC5152931	2016	-2	Linagliptin	0.083	mg/kg	oral	Wistar	Rats	male	22.0	streptozotocin		42.0		168		NCT00621140	ADULT,OLDER_ADULT	all	PHASE3	333.0	Linagliptin	-0.44	5.0	1+every1days	168	168	840.0	1.56	0
PMC6701666	https://pmc.ncbi.nlm.nih.gov/articles/PMC6701666	2019	0	Glimepiride	2	mg/kg	oral	db/db	Mice	female	12.0	genetic		38.5	1+every1days	42	42	NCT00622284	ADULT,OLDER_ADULT	all	PHASE3	755.0	Glimepiride	-0.36	2.5	1+every1days	728	728	1820.0	-0.36	1
PMC6701666	https://pmc.ncbi.nlm.nih.gov/articles/PMC6701666	2019	0	Glimepiride	2	mg/kg	oral	db/db	Mice	female	12.0	genetic		38.5	1+every1days	42	42	NCT00622284	ADULT,OLDER_ADULT	all	PHASE3	755.0	Glimepiride	-0.41	2.5	1+every1days	728	728	1820.0	-0.41	1
PMC6273299	https://pmc.ncbi.nlm.nih.gov/articles/PMC6273299	2016	-0.3	Glimepiride	5	mg/kg		Zucker Diabetic Fatty	Rats	male	6.0	high-fat diet		42.0	1+every1days	84	84	NCT00622284	ADULT,OLDER_ADULT	all	PHASE3	755.0	Glimepiride	-0.36	2.5	1+every1days	728	728	1820.0	-0.06	1
PMC6273299	https://pmc.ncbi.nlm.nih.gov/articles/PMC6273299	2016	-0.3	Glimepiride	5	mg/kg		Zucker Diabetic Fatty	Rats	male	6.0	high-fat diet		42.0	1+every1days	84	84	NCT00622284	ADULT,OLDER_ADULT	all	PHASE3	755.0	Glimepiride	-0.41	2.5	1+every1days	728	728	1820.0	-0.10999999999999999	1
PMC3610345	https://pmc.ncbi.nlm.nih.gov/articles/PMC3610345	2013	-1	Glimepiride	2.5	mg/kg	oral	db/db	Mice	male		genetic		49.0	1+every1days	42	42	NCT00622284	ADULT,OLDER_ADULT	all	PHASE3	755.0	Glimepiride	-0.36	2.5	1+every1days	728	728	1820.0	0.64	1
PMC3610345	https://pmc.ncbi.nlm.nih.gov/articles/PMC3610345	2013	-1	Glimepiride	2.5	mg/kg	oral	db/db	Mice	male		genetic		49.0	1+every1days	42	42	NCT00622284	ADULT,OLDER_ADULT	all	PHASE3	755.0	Glimepiride	-0.41	2.5	1+every1days	728	728	1820.0	0.5900000000000001	1
PMC9026493	https://pmc.ncbi.nlm.nih.gov/articles/PMC9026493	2022	-2.2	Canagliflozin	10	mg/kg	oral	Sprague-Dawley	Rats	male	6.0	high-fat diet+streptozotocin	270.0		1+every1days	28	28	NCT00642278	ADULT,OLDER_ADULT	all	PHASE2	62.0	Canagliflozin	-0.95	300.0	2+every1days	84	168	50400.0	1.2500000000000002	0
PMC3280264	https://pmc.ncbi.nlm.nih.gov/articles/PMC3280264	2012	-4.4	Canagliflozin	3	mg/kg	oral	Zucker Diabetic Fatty	Rats	male		genetic			1+every1days	28	28	NCT00642278	ADULT,OLDER_ADULT	all	PHASE2	62.0	Canagliflozin	-0.95	300.0	2+every1days	84	168	50400.0	3.45	0
PMC3280264	https://pmc.ncbi.nlm.nih.gov/articles/PMC3280264	2012	-5.9	Canagliflozin	10	mg/kg	oral	Zucker Diabetic Fatty	Rats	male		genetic			1+every1days	28	28	NCT00642278	ADULT,OLDER_ADULT	all	PHASE2	62.0	Canagliflozin	-0.95	300.0	2+every1days	84	168	50400.0	4.95	0
PMC3280264	https://pmc.ncbi.nlm.nih.gov/articles/PMC3280264	2012	-6	Canagliflozin	30	mg/kg	oral	Zucker Diabetic Fatty	Rats	male		genetic			1+every1days	28	28	NCT00642278	ADULT,OLDER_ADULT	all	PHASE2	62.0	Canagliflozin	-0.95	300.0	2+every1days	84	168	50400.0	5.05	0
PMC4304810	https://pmc.ncbi.nlm.nih.gov/articles/PMC4304810	2015	-4.3	Canagliflozin	10	mg/kg	oral	Zucker Diabetic Fatty	Rats	male		genetic		49.0	1+every1days	42	42	NCT00642278	ADULT,OLDER_ADULT	all	PHASE2	62.0	Canagliflozin	-0.95	300.0	2+every1days	84	168	50400.0	3.3499999999999996	0
PMC7852344	https://pmc.ncbi.nlm.nih.gov/articles/PMC7852344	2020	-2.6	Canagliflozin	20	mg/kg	oral	TALLYHO/JngJ	Mice	male	52.0	genetic		63.0	1+every1days	70	70	NCT00642278	ADULT,OLDER_ADULT	all	PHASE2	62.0	Canagliflozin	-0.95	300.0	2+every1days	84	168	50400.0	1.6500000000000001	0
PMC9143250	https://pmc.ncbi.nlm.nih.gov/articles/PMC9143250	2022	-8.5	Dapagliflozin	1	mg/kg	oral	Wistar	Rats	both	6.0	high-fat diet+streptozotocin	215.0		1+every1days	28	28	NCT00643851	ADULT,OLDER_ADULT	all	PHASE3	196.0	Dapagliflozin	-1.19	5.0	1+every1days	168	168	840.0	7.3100000000000005	0
PMC9143250	https://pmc.ncbi.nlm.nih.gov/articles/PMC9143250	2022	-8.5	Dapagliflozin	1	mg/kg	oral	Wistar	Rats	both	6.0	high-fat diet+streptozotocin	215.0		1+every1days	28	28	NCT00643851	ADULT,OLDER_ADULT	all	PHASE3	96.0	Dapagliflozin	-1.67	5.0	1+every1days	168	168	840.0	6.83	0
PMC10308685	https://pmc.ncbi.nlm.nih.gov/articles/PMC10308685	2023	-5.4	Dapagliflozin	1	mg/kg	oral	Zucker Diabetic Fatty	Rats	male	8.0	genetic		112.0	1+every1days	84	84	NCT00643851	ADULT,OLDER_ADULT	all	PHASE3	196.0	Dapagliflozin	-1.19	5.0	1+every1days	168	168	840.0	4.210000000000001	0
PMC10308685	https://pmc.ncbi.nlm.nih.gov/articles/PMC10308685	2023	-5.4	Dapagliflozin	1	mg/kg	oral	Zucker Diabetic Fatty	Rats	male	8.0	genetic		112.0	1+every1days	84	84	NCT00643851	ADULT,OLDER_ADULT	all	PHASE3	96.0	Dapagliflozin	-1.67	5.0	1+every1days	168	168	840.0	3.7300000000000004	0
PMC4237538	https://pmc.ncbi.nlm.nih.gov/articles/PMC4237538	2013	-1.4	Dapagliflozin	1	mg/kg	oral	ob/ob	Mice	male		genetic	43.0	56.0	1+every1days	28	28	NCT00643851	ADULT,OLDER_ADULT	all	PHASE3	196.0	Dapagliflozin	-1.19	5.0	1+every1days	168	168	840.0	0.20999999999999996	1
PMC4237538	https://pmc.ncbi.nlm.nih.gov/articles/PMC4237538	2013	-1.4	Dapagliflozin	1	mg/kg	oral	ob/ob	Mice	male		genetic	43.0	56.0	1+every1days	28	28	NCT00643851	ADULT,OLDER_ADULT	all	PHASE3	96.0	Dapagliflozin	-1.67	5.0	1+every1days	168	168	840.0	-0.27	1
PMC6856656	https://pmc.ncbi.nlm.nih.gov/articles/PMC6856656	2019	-2.9	Dapagliflozin	1.0	mg/kg	oral	Zucker Diabetic Fatty	Rats	male	8.0	high-fat diet		84.0	1+every1days	63	63	NCT00643851	ADULT,OLDER_ADULT	all	PHASE3	196.0	Dapagliflozin	-1.19	5.0	1+every1days	168	168	840.0	1.71	0
PMC6856656	https://pmc.ncbi.nlm.nih.gov/articles/PMC6856656	2019	-2.9	Dapagliflozin	1.0	mg/kg	oral	Zucker Diabetic Fatty	Rats	male	8.0	high-fat diet		84.0	1+every1days	63	63	NCT00643851	ADULT,OLDER_ADULT	all	PHASE3	96.0	Dapagliflozin	-1.67	5.0	1+every1days	168	168	840.0	1.23	0
PMC5089752	https://pmc.ncbi.nlm.nih.gov/articles/PMC5089752	2016	-2.04	Dapagliflozin	1.0	mg/kg	oral	Otsuka Long-Evans Tokushima Fatty	Rats	male	10.0	genetic		98.0	1+every1days	84	84	NCT00643851	ADULT,OLDER_ADULT	all	PHASE3	196.0	Dapagliflozin	-1.19	5.0	1+every1days	168	168	840.0	0.8500000000000001	1
PMC5089752	https://pmc.ncbi.nlm.nih.gov/articles/PMC5089752	2016	-2.04	Dapagliflozin	1.0	mg/kg	oral	Otsuka Long-Evans Tokushima Fatty	Rats	male	10.0	genetic		98.0	1+every1days	84	84	NCT00643851	ADULT,OLDER_ADULT	all	PHASE3	96.0	Dapagliflozin	-1.67	5.0	1+every1days	168	168	840.0	0.3700000000000001	1
PMC8953658	https://pmc.ncbi.nlm.nih.gov/articles/PMC8953658	2022	-3	Dapagliflozin	1	mg/kg	oral gavage	Zucker Diabetic Fatty	Rats	male	7.0	genetic		98.0	1+every1days	28	28	NCT00643851	ADULT,OLDER_ADULT	all	PHASE3	196.0	Dapagliflozin	-1.19	5.0	1+every1days	168	168	840.0	1.81	0
PMC8953658	https://pmc.ncbi.nlm.nih.gov/articles/PMC8953658	2022	-3	Dapagliflozin	1	mg/kg	oral gavage	Zucker Diabetic Fatty	Rats	male	7.0	genetic		98.0	1+every1days	28	28	NCT00643851	ADULT,OLDER_ADULT	all	PHASE3	96.0	Dapagliflozin	-1.67	5.0	1+every1days	168	168	840.0	1.33	0
PMC5489512	https://pmc.ncbi.nlm.nih.gov/articles/PMC5489512	2017	-0.3	Linagliptin	2	mg/kg	oral	KK-Ay	Mice	female	10.0	genetic	50.0		1+every1days	42	42	NCT00654381	ADULT,OLDER_ADULT	all	PHASE3	159.0	Linagliptin	-0.13	5.0	1+every1days	182	182	910.0	0.16999999999999998	1
PMC5489512	https://pmc.ncbi.nlm.nih.gov/articles/PMC5489512	2017	-0.3	Linagliptin	2	mg/kg	oral	KK-Ay	Mice	female	10.0	genetic	50.0		1+every1days	42	42	NCT00654381	ADULT,OLDER_ADULT	all	PHASE3	157.0	Linagliptin	-0.19	10.0	1+every1days	182	182	1820.0	0.10999999999999999	1
PMC5489512	https://pmc.ncbi.nlm.nih.gov/articles/PMC5489512	2017	-0.3	Linagliptin	2	mg/kg	oral	KK-Ay	Mice	female	10.0	genetic	50.0		1+every1days	42	42	NCT00654381	ADULT,OLDER_ADULT	all	PHASE3	159.0	Linagliptin	-0.24	5.0	1+every1days	84	84	420.0	0.06	1
PMC5489512	https://pmc.ncbi.nlm.nih.gov/articles/PMC5489512	2017	-0.3	Linagliptin	2	mg/kg	oral	KK-Ay	Mice	female	10.0	genetic	50.0		1+every1days	42	42	NCT00654381	ADULT,OLDER_ADULT	all	PHASE3	157.0	Linagliptin	-0.25	10.0	1+every1days	84	84	840.0	0.04999999999999999	1
PMC6701666	https://pmc.ncbi.nlm.nih.gov/articles/PMC6701666	2019	0	Linagliptin	3	mg/kg	oral	db/db	Mice	female	12.0	genetic		38.5	1+every1days	42	42	NCT00654381	ADULT,OLDER_ADULT	all	PHASE3	159.0	Linagliptin	-0.13	5.0	1+every1days	182	182	910.0	-0.13	1
PMC6701666	https://pmc.ncbi.nlm.nih.gov/articles/PMC6701666	2019	0	Linagliptin	3	mg/kg	oral	db/db	Mice	female	12.0	genetic		38.5	1+every1days	42	42	NCT00654381	ADULT,OLDER_ADULT	all	PHASE3	157.0	Linagliptin	-0.19	10.0	1+every1days	182	182	1820.0	-0.19	1
PMC6701666	https://pmc.ncbi.nlm.nih.gov/articles/PMC6701666	2019	0	Linagliptin	3	mg/kg	oral	db/db	Mice	female	12.0	genetic		38.5	1+every1days	42	42	NCT00654381	ADULT,OLDER_ADULT	all	PHASE3	159.0	Linagliptin	-0.24	5.0	1+every1days	84	84	420.0	-0.24	1
PMC6701666	https://pmc.ncbi.nlm.nih.gov/articles/PMC6701666	2019	0	Linagliptin	3	mg/kg	oral	db/db	Mice	female	12.0	genetic		38.5	1+every1days	42	42	NCT00654381	ADULT,OLDER_ADULT	all	PHASE3	157.0	Linagliptin	-0.25	10.0	1+every1days	84	84	840.0	-0.25	1
PMC5152931	https://pmc.ncbi.nlm.nih.gov/articles/PMC5152931	2016	-2	Linagliptin	0.083	mg/kg	oral	Wistar	Rats	male	22.0	streptozotocin		42.0		168		NCT00654381	ADULT,OLDER_ADULT	all	PHASE3	159.0	Linagliptin	-0.13	5.0	1+every1days	182	182	910.0	1.87	0
PMC5152931	https://pmc.ncbi.nlm.nih.gov/articles/PMC5152931	2016	-2	Linagliptin	0.083	mg/kg	oral	Wistar	Rats	male	22.0	streptozotocin		42.0		168		NCT00654381	ADULT,OLDER_ADULT	all	PHASE3	157.0	Linagliptin	-0.19	10.0	1+every1days	182	182	1820.0	1.81	0
PMC5152931	https://pmc.ncbi.nlm.nih.gov/articles/PMC5152931	2016	-2	Linagliptin	0.083	mg/kg	oral	Wistar	Rats	male	22.0	streptozotocin		42.0		168		NCT00654381	ADULT,OLDER_ADULT	all	PHASE3	159.0	Linagliptin	-0.24	5.0	1+every1days	84	84	420.0	1.76	0
PMC5152931	https://pmc.ncbi.nlm.nih.gov/articles/PMC5152931	2016	-2	Linagliptin	0.083	mg/kg	oral	Wistar	Rats	male	22.0	streptozotocin		42.0		168		NCT00654381	ADULT,OLDER_ADULT	all	PHASE3	157.0	Linagliptin	-0.25	10.0	1+every1days	84	84	840.0	1.75	0
PMC9786790	https://pmc.ncbi.nlm.nih.gov/articles/PMC9786790	2022	-1	Voglibose	1	mg/kg	intragastric	KK-Ay	Mice	male	8.0	high-fat diet	30.0	98.0	1+every1days	56	56	NCT00654381	ADULT,OLDER_ADULT	all	PHASE3	162.0	Voglibose	0.19	0.2	3+every1days	182	546	109.2	1.19	0
PMC5089752	https://pmc.ncbi.nlm.nih.gov/articles/PMC5089752	2016	-1.88	Voglibose	0.6	mg/kg	oral	Otsuka Long-Evans Tokushima Fatty	Rats	male	10.0	genetic		98.0	1+every1days	84	84	NCT00654381	ADULT,OLDER_ADULT	all	PHASE3	162.0	Voglibose	0.19	0.2	3+every1days	182	546	109.2	2.07	0
PMC9143250	https://pmc.ncbi.nlm.nih.gov/articles/PMC9143250	2022	-8.5	Dapagliflozin	1	mg/kg	oral	Wistar	Rats	both	6.0	high-fat diet+streptozotocin	215.0		1+every1days	28	28	NCT00663260	ADULT,OLDER_ADULT	all	PHASE2,PHASE3	83.0	Dapagliflozin	-0.41	5.0	1+every1days	168	168	840.0	8.09	0
PMC9143250	https://pmc.ncbi.nlm.nih.gov/articles/PMC9143250	2022	-8.5	Dapagliflozin	1	mg/kg	oral	Wistar	Rats	both	6.0	high-fat diet+streptozotocin	215.0		1+every1days	28	28	NCT00663260	ADULT,OLDER_ADULT	all	PHASE2,PHASE3	82.0	Dapagliflozin	-0.44	10.0	1+every1days	168	168	1680.0	8.06	0
PMC10308685	https://pmc.ncbi.nlm.nih.gov/articles/PMC10308685	2023	-5.4	Dapagliflozin	1	mg/kg	oral	Zucker Diabetic Fatty	Rats	male	8.0	genetic		112.0	1+every1days	84	84	NCT00663260	ADULT,OLDER_ADULT	all	PHASE2,PHASE3	83.0	Dapagliflozin	-0.41	5.0	1+every1days	168	168	840.0	4.99	0
PMC10308685	https://pmc.ncbi.nlm.nih.gov/articles/PMC10308685	2023	-5.4	Dapagliflozin	1	mg/kg	oral	Zucker Diabetic Fatty	Rats	male	8.0	genetic		112.0	1+every1days	84	84	NCT00663260	ADULT,OLDER_ADULT	all	PHASE2,PHASE3	82.0	Dapagliflozin	-0.44	10.0	1+every1days	168	168	1680.0	4.96	0
PMC4237538	https://pmc.ncbi.nlm.nih.gov/articles/PMC4237538	2013	-1.4	Dapagliflozin	1	mg/kg	oral	ob/ob	Mice	male		genetic	43.0	56.0	1+every1days	28	28	NCT00663260	ADULT,OLDER_ADULT	all	PHASE2,PHASE3	83.0	Dapagliflozin	-0.41	5.0	1+every1days	168	168	840.0	0.99	1
PMC4237538	https://pmc.ncbi.nlm.nih.gov/articles/PMC4237538	2013	-1.4	Dapagliflozin	1	mg/kg	oral	ob/ob	Mice	male		genetic	43.0	56.0	1+every1days	28	28	NCT00663260	ADULT,OLDER_ADULT	all	PHASE2,PHASE3	82.0	Dapagliflozin	-0.44	10.0	1+every1days	168	168	1680.0	0.96	1
PMC6856656	https://pmc.ncbi.nlm.nih.gov/articles/PMC6856656	2019	-2.9	Dapagliflozin	1.0	mg/kg	oral	Zucker Diabetic Fatty	Rats	male	8.0	high-fat diet		84.0	1+every1days	63	63	NCT00663260	ADULT,OLDER_ADULT	all	PHASE2,PHASE3	83.0	Dapagliflozin	-0.41	5.0	1+every1days	168	168	840.0	2.4899999999999998	0
PMC6856656	https://pmc.ncbi.nlm.nih.gov/articles/PMC6856656	2019	-2.9	Dapagliflozin	1.0	mg/kg	oral	Zucker Diabetic Fatty	Rats	male	8.0	high-fat diet		84.0	1+every1days	63	63	NCT00663260	ADULT,OLDER_ADULT	all	PHASE2,PHASE3	82.0	Dapagliflozin	-0.44	10.0	1+every1days	168	168	1680.0	2.46	0
PMC5089752	https://pmc.ncbi.nlm.nih.gov/articles/PMC5089752	2016	-2.04	Dapagliflozin	1.0	mg/kg	oral	Otsuka Long-Evans Tokushima Fatty	Rats	male	10.0	genetic		98.0	1+every1days	84	84	NCT00663260	ADULT,OLDER_ADULT	all	PHASE2,PHASE3	83.0	Dapagliflozin	-0.41	5.0	1+every1days	168	168	840.0	1.6300000000000001	0
PMC5089752	https://pmc.ncbi.nlm.nih.gov/articles/PMC5089752	2016	-2.04	Dapagliflozin	1.0	mg/kg	oral	Otsuka Long-Evans Tokushima Fatty	Rats	male	10.0	genetic		98.0	1+every1days	84	84	NCT00663260	ADULT,OLDER_ADULT	all	PHASE2,PHASE3	82.0	Dapagliflozin	-0.44	10.0	1+every1days	168	168	1680.0	1.6	0
PMC8953658	https://pmc.ncbi.nlm.nih.gov/articles/PMC8953658	2022	-3	Dapagliflozin	1	mg/kg	oral gavage	Zucker Diabetic Fatty	Rats	male	7.0	genetic		98.0	1+every1days	28	28	NCT00663260	ADULT,OLDER_ADULT	all	PHASE2,PHASE3	83.0	Dapagliflozin	-0.41	5.0	1+every1days	168	168	840.0	2.59	0
PMC8953658	https://pmc.ncbi.nlm.nih.gov/articles/PMC8953658	2022	-3	Dapagliflozin	1	mg/kg	oral gavage	Zucker Diabetic Fatty	Rats	male	7.0	genetic		98.0	1+every1days	28	28	NCT00663260	ADULT,OLDER_ADULT	all	PHASE2,PHASE3	82.0	Dapagliflozin	-0.44	10.0	1+every1days	168	168	1680.0	2.56	0
PMC4000968	https://pmc.ncbi.nlm.nih.gov/articles/PMC4000968	2014	-1.21	Sitagliptin Phosphate	10	mg/kg	oral	Zucker Diabetic Fatty	Rats		7.0	genetic		140.0	1+every1days	42	42	NCT00666458	ADULT,OLDER_ADULT	all	PHASE3	343.0	Sitagliptin Phosphate	-0.62	100.0	1+every1days	126	126	12600.0	0.59	1
PMC3998187	https://pmc.ncbi.nlm.nih.gov/articles/PMC3998187	2014	-2	Sitagliptin Phosphate	10	mg/kg	oral	Zucker Diabetic Fatty	Rats	male	5.0	genetic		140.0	1+every1days	42	42	NCT00666458	ADULT,OLDER_ADULT	all	PHASE3	343.0	Sitagliptin Phosphate	-0.62	100.0	1+every1days	126	126	12600.0	1.38	0
PMC2905949	https://pmc.ncbi.nlm.nih.gov/articles/PMC2905949	2010	-0.01	Sitagliptin Phosphate	10	mg/kg	oral	Zucker Diabetic Fatty	Rats	male	8.0	genetic		140.0	1+every1days	42	42	NCT00666458	ADULT,OLDER_ADULT	all	PHASE3	343.0	Sitagliptin Phosphate	-0.62	100.0	1+every1days	126	126	12600.0	-0.61	1
PMC3235777	https://pmc.ncbi.nlm.nih.gov/articles/PMC3235777	2011	-1.78	Sitagliptin Phosphate	10	mg/kg	oral	Zucker Diabetic Fatty	Rats	male	8.0	genetic		140.0	1+every1days	42	42	NCT00666458	ADULT,OLDER_ADULT	all	PHASE3	343.0	Sitagliptin Phosphate	-0.62	100.0	1+every1days	126	126	12600.0	1.1600000000000001	0
PMC4514850	https://pmc.ncbi.nlm.nih.gov/articles/PMC4514850	2015	-1.3	Sitagliptin Phosphate	100	mg/kg	oral	ICR	Mice	male	8.0	high-fat diet+streptozotocin		35.0	1+every1days	56	56	NCT00666458	ADULT,OLDER_ADULT	all	PHASE3	343.0	Sitagliptin Phosphate	-0.62	100.0	1+every1days	126	126	12600.0	0.68	1
PMC3660563	https://pmc.ncbi.nlm.nih.gov/articles/PMC3660563	2013	-0.8	Sitagliptin Phosphate	1	mg/kg	oral	C57BLKS/J-db/db	Mice	male		genetic		42.0	1+every1days	42	42	NCT00666458	ADULT,OLDER_ADULT	all	PHASE3	343.0	Sitagliptin Phosphate	-0.62	100.0	1+every1days	126	126	12600.0	0.18000000000000005	1
PMC4514850	https://pmc.ncbi.nlm.nih.gov/articles/PMC4514850	2015	-0.9	Sitagliptin Phosphate	100	mg/kg	oral	db/db	Mice	male	5.0	genetic		56.0	1+every1days	28	28	NCT00666458	ADULT,OLDER_ADULT	all	PHASE3	343.0	Sitagliptin Phosphate	-0.62	100.0	1+every1days	126	126	12600.0	0.28	1
PMC9112483	https://pmc.ncbi.nlm.nih.gov/articles/PMC9112483	2022	-0.2	Saxagliptin	10	mg/kg	intragastric	Zucker Diabetic Fatty	Rats	male	7.0	genetic		77.0	1+every1days	140	140	NCT00666458	ADULT,OLDER_ADULT	all	PHASE3	334.0	Saxagliptin	-0.52	5.0	1+every1days	126	126	630.0	-0.32	1
PMC9143250	https://pmc.ncbi.nlm.nih.gov/articles/PMC9143250	2022	-8.5	Dapagliflozin	1	mg/kg	oral	Wistar	Rats	both	6.0	high-fat diet+streptozotocin	215.0		1+every1days	28	28	NCT00673231	ADULT,OLDER_ADULT	all	PHASE3	198.0	Dapagliflozin	-0.75	2.5	1+every1days	168	168	420.0	7.75	0
PMC9143250	https://pmc.ncbi.nlm.nih.gov/articles/PMC9143250	2022	-8.5	Dapagliflozin	1	mg/kg	oral	Wistar	Rats	both	6.0	high-fat diet+streptozotocin	215.0		1+every1days	28	28	NCT00673231	ADULT,OLDER_ADULT	all	PHASE3	210.0	Dapagliflozin	-0.82	5.0	1+every1days	168	168	840.0	7.68	0
PMC9143250	https://pmc.ncbi.nlm.nih.gov/articles/PMC9143250	2022	-8.5	Dapagliflozin	1	mg/kg	oral	Wistar	Rats	both	6.0	high-fat diet+streptozotocin	215.0		1+every1days	28	28	NCT00673231	ADULT,OLDER_ADULT	all	PHASE3	192.0	Dapagliflozin	-0.9	10.0	1+every1days	168	168	1680.0	7.6	0
PMC10308685	https://pmc.ncbi.nlm.nih.gov/articles/PMC10308685	2023	-5.4	Dapagliflozin	1	mg/kg	oral	Zucker Diabetic Fatty	Rats	male	8.0	genetic		112.0	1+every1days	84	84	NCT00673231	ADULT,OLDER_ADULT	all	PHASE3	198.0	Dapagliflozin	-0.75	2.5	1+every1days	168	168	420.0	4.65	0
PMC10308685	https://pmc.ncbi.nlm.nih.gov/articles/PMC10308685	2023	-5.4	Dapagliflozin	1	mg/kg	oral	Zucker Diabetic Fatty	Rats	male	8.0	genetic		112.0	1+every1days	84	84	NCT00673231	ADULT,OLDER_ADULT	all	PHASE3	210.0	Dapagliflozin	-0.82	5.0	1+every1days	168	168	840.0	4.58	0
PMC10308685	https://pmc.ncbi.nlm.nih.gov/articles/PMC10308685	2023	-5.4	Dapagliflozin	1	mg/kg	oral	Zucker Diabetic Fatty	Rats	male	8.0	genetic		112.0	1+every1days	84	84	NCT00673231	ADULT,OLDER_ADULT	all	PHASE3	192.0	Dapagliflozin	-0.9	10.0	1+every1days	168	168	1680.0	4.5	0
PMC4237538	https://pmc.ncbi.nlm.nih.gov/articles/PMC4237538	2013	-1.4	Dapagliflozin	1	mg/kg	oral	ob/ob	Mice	male		genetic	43.0	56.0	1+every1days	28	28	NCT00673231	ADULT,OLDER_ADULT	all	PHASE3	198.0	Dapagliflozin	-0.75	2.5	1+every1days	168	168	420.0	0.6499999999999999	1
PMC4237538	https://pmc.ncbi.nlm.nih.gov/articles/PMC4237538	2013	-1.4	Dapagliflozin	1	mg/kg	oral	ob/ob	Mice	male		genetic	43.0	56.0	1+every1days	28	28	NCT00673231	ADULT,OLDER_ADULT	all	PHASE3	210.0	Dapagliflozin	-0.82	5.0	1+every1days	168	168	840.0	0.58	1
PMC4237538	https://pmc.ncbi.nlm.nih.gov/articles/PMC4237538	2013	-1.4	Dapagliflozin	1	mg/kg	oral	ob/ob	Mice	male		genetic	43.0	56.0	1+every1days	28	28	NCT00673231	ADULT,OLDER_ADULT	all	PHASE3	192.0	Dapagliflozin	-0.9	10.0	1+every1days	168	168	1680.0	0.4999999999999999	1
PMC6856656	https://pmc.ncbi.nlm.nih.gov/articles/PMC6856656	2019	-2.9	Dapagliflozin	1.0	mg/kg	oral	Zucker Diabetic Fatty	Rats	male	8.0	high-fat diet		84.0	1+every1days	63	63	NCT00673231	ADULT,OLDER_ADULT	all	PHASE3	198.0	Dapagliflozin	-0.75	2.5	1+every1days	168	168	420.0	2.15	0
PMC6856656	https://pmc.ncbi.nlm.nih.gov/articles/PMC6856656	2019	-2.9	Dapagliflozin	1.0	mg/kg	oral	Zucker Diabetic Fatty	Rats	male	8.0	high-fat diet		84.0	1+every1days	63	63	NCT00673231	ADULT,OLDER_ADULT	all	PHASE3	210.0	Dapagliflozin	-0.82	5.0	1+every1days	168	168	840.0	2.08	0
PMC6856656	https://pmc.ncbi.nlm.nih.gov/articles/PMC6856656	2019	-2.9	Dapagliflozin	1.0	mg/kg	oral	Zucker Diabetic Fatty	Rats	male	8.0	high-fat diet		84.0	1+every1days	63	63	NCT00673231	ADULT,OLDER_ADULT	all	PHASE3	192.0	Dapagliflozin	-0.9	10.0	1+every1days	168	168	1680.0	2.0	0
PMC5089752	https://pmc.ncbi.nlm.nih.gov/articles/PMC5089752	2016	-2.04	Dapagliflozin	1.0	mg/kg	oral	Otsuka Long-Evans Tokushima Fatty	Rats	male	10.0	genetic		98.0	1+every1days	84	84	NCT00673231	ADULT,OLDER_ADULT	all	PHASE3	198.0	Dapagliflozin	-0.75	2.5	1+every1days	168	168	420.0	1.29	0
PMC5089752	https://pmc.ncbi.nlm.nih.gov/articles/PMC5089752	2016	-2.04	Dapagliflozin	1.0	mg/kg	oral	Otsuka Long-Evans Tokushima Fatty	Rats	male	10.0	genetic		98.0	1+every1days	84	84	NCT00673231	ADULT,OLDER_ADULT	all	PHASE3	210.0	Dapagliflozin	-0.82	5.0	1+every1days	168	168	840.0	1.2200000000000002	0
PMC5089752	https://pmc.ncbi.nlm.nih.gov/articles/PMC5089752	2016	-2.04	Dapagliflozin	1.0	mg/kg	oral	Otsuka Long-Evans Tokushima Fatty	Rats	male	10.0	genetic		98.0	1+every1days	84	84	NCT00673231	ADULT,OLDER_ADULT	all	PHASE3	192.0	Dapagliflozin	-0.9	10.0	1+every1days	168	168	1680.0	1.1400000000000001	0
PMC8953658	https://pmc.ncbi.nlm.nih.gov/articles/PMC8953658	2022	-3	Dapagliflozin	1	mg/kg	oral gavage	Zucker Diabetic Fatty	Rats	male	7.0	genetic		98.0	1+every1days	28	28	NCT00673231	ADULT,OLDER_ADULT	all	PHASE3	198.0	Dapagliflozin	-0.75	2.5	1+every1days	168	168	420.0	2.25	0
PMC8953658	https://pmc.ncbi.nlm.nih.gov/articles/PMC8953658	2022	-3	Dapagliflozin	1	mg/kg	oral gavage	Zucker Diabetic Fatty	Rats	male	7.0	genetic		98.0	1+every1days	28	28	NCT00673231	ADULT,OLDER_ADULT	all	PHASE3	210.0	Dapagliflozin	-0.82	5.0	1+every1days	168	168	840.0	2.18	0
PMC8953658	https://pmc.ncbi.nlm.nih.gov/articles/PMC8953658	2022	-3	Dapagliflozin	1	mg/kg	oral gavage	Zucker Diabetic Fatty	Rats	male	7.0	genetic		98.0	1+every1days	28	28	NCT00673231	ADULT,OLDER_ADULT	all	PHASE3	192.0	Dapagliflozin	-0.9	10.0	1+every1days	168	168	1680.0	2.1	0
PMC5485244	https://pmc.ncbi.nlm.nih.gov/articles/PMC5485244	2017	-0.4	Metformin	500	mg/kg	oral	C57BL/6J	Mice	male	8.0	high-fat diet			1+every1days			NCT00676338	ADULT,OLDER_ADULT	all	PHASE3	218.0	Metformin	-1.48	2000.0	1+every1days	182	182	364000.0	-1.08	0
PMC8657924	https://pmc.ncbi.nlm.nih.gov/articles/PMC8657924	2021	-4	Metformin	225	mg/kg	oral	Kunming	Mice	male	8.0	high-fat diet+streptozotocin	20.0		1+every1days	28	28	NCT00676338	ADULT,OLDER_ADULT	all	PHASE3	218.0	Metformin	-1.48	2000.0	1+every1days	182	182	364000.0	2.52	0
PMC9055162	https://pmc.ncbi.nlm.nih.gov/articles/PMC9055162	2020	-3.3	Exenatide	250	nmol/kg	subcutaneous	db/db	Mice	male		genetic			2+every7days	56	16	NCT00676338	ADULT,OLDER_ADULT	all	PHASE3	218.0	Exenatide	-1.53	2.0	1+every7days	182	26	52.0	1.7699999999999998	0
PMC3462199	https://pmc.ncbi.nlm.nih.gov/articles/PMC3462199	2012	-0.4	Metformin	400	mg/kg	intraperitoneal	db/db	Mice	male	10.0	genetic	47.5		1+every1days	14	14	NCT00676338	ADULT,OLDER_ADULT	all	PHASE3	218.0	Metformin	-1.48	2000.0	1+every1days	182	182	364000.0	-1.08	0
PMC3462199	https://pmc.ncbi.nlm.nih.gov/articles/PMC3462199	2012	-0.3	Metformin	400	mg/kg	intraperitoneal	db/db	Mice	male	12.0	genetic	47.5		1+every1days	14	14	NCT00676338	ADULT,OLDER_ADULT	all	PHASE3	218.0	Metformin	-1.48	2000.0	1+every1days	182	182	364000.0	-1.18	0
PMC7189518	https://pmc.ncbi.nlm.nih.gov/articles/PMC7189518	2020	-0.87	Exenatide	0.6	mg/kg	oral	db/db	Mice	male	6.0	genetic			1+every1days	49	49	NCT00676338	ADULT,OLDER_ADULT	all	PHASE3	218.0	Exenatide	-1.53	2.0	1+every7days	182	26	52.0	-0.66	1
PMC7189518	https://pmc.ncbi.nlm.nih.gov/articles/PMC7189518	2020	-1.16	Exenatide	0.6	mg/kg	oral	db/db	Mice	male	6.0	genetic			1+every1days	49	49	NCT00676338	ADULT,OLDER_ADULT	all	PHASE3	218.0	Exenatide	-1.53	2.0	1+every7days	182	26	52.0	-0.3700000000000001	1
PMC7189518	https://pmc.ncbi.nlm.nih.gov/articles/PMC7189518	2020	-1.21	Exenatide	0.06	mg/kg	subcutaneous	db/db	Mice	male	6.0	genetic			1+every1days	49	49	NCT00676338	ADULT,OLDER_ADULT	all	PHASE3	218.0	Exenatide	-1.53	2.0	1+every7days	182	26	52.0	-0.32000000000000006	1
PMC6369909	https://pmc.ncbi.nlm.nih.gov/articles/PMC6369909	2018	-3	Exenatide	20	μg/kg	subcutaneous	Sprague-Dawley	Rats	male	6.0	high-fat diet+streptozotocin	160.0		1+every1days	28	28	NCT00676338	ADULT,OLDER_ADULT	all	PHASE3	218.0	Exenatide	-1.53	2.0	1+every7days	182	26	52.0	1.47	0
PMC9313150	https://pmc.ncbi.nlm.nih.gov/articles/PMC9313150	2022	-2.1	Metformin	200	mg/kg	oral	Wistar	Rats	male		high-fat diet+streptozotocin	185.0		1+every1days	84	84	NCT00676338	ADULT,OLDER_ADULT	all	PHASE3	218.0	Metformin	-1.48	2000.0	1+every1days	182	182	364000.0	0.6200000000000001	1
PMC7092631	https://pmc.ncbi.nlm.nih.gov/articles/PMC7092631	2020	-0.82	Metformin	200	mg/kg	intragastric	Wistar	Rats	male	10.0	high-fat diet+streptozotocin	200.0		1+every1days	28	28	NCT00676338	ADULT,OLDER_ADULT	all	PHASE3	218.0	Metformin	-1.48	2000.0	1+every1days	182	182	364000.0	-0.66	1
PMC8800605	https://pmc.ncbi.nlm.nih.gov/articles/PMC8800605	2022	-0.21	Metformin	60	mg/kg	oral	Wistar	Rats	male	12.0	high-fat diet+streptozotocin	176.8		1+every1days	14	14	NCT00676338	ADULT,OLDER_ADULT	all	PHASE3	218.0	Metformin	-1.48	2000.0	1+every1days	182	182	364000.0	-1.27	0
PMC4826921	https://pmc.ncbi.nlm.nih.gov/articles/PMC4826921	2016	-1.6	Metformin	200	mg/kg	oral	Wistar	Rats	male	20.0	high-fat diet	110.0		1+every1days	60	60	NCT00676338	ADULT,OLDER_ADULT	all	PHASE3	218.0	Metformin	-1.48	2000.0	1+every1days	182	182	364000.0	0.1200000000000001	1
PMC5663708	https://pmc.ncbi.nlm.nih.gov/articles/PMC5663708	2017	-2.2	Pioglitazone	36	mg/kg	oral	Wistar	Rats	male	6.0	streptozotocin+nicotinamide	180.0		1+every1days	15	15	NCT00676338	ADULT,OLDER_ADULT	all	PHASE3	137.0	Pioglitazone	-1.63	37.5	1+every1days	182	182	6825.0	0.5700000000000003	1
PMC7034448	https://pmc.ncbi.nlm.nih.gov/articles/PMC7034448	2020	-5.1	Metformin	500	mg/kg	oral	Wistar	Rats	male	6.0	high-fat diet+streptozotocin	190.0		1+every1days	30	30	NCT00676338	ADULT,OLDER_ADULT	all	PHASE3	218.0	Metformin	-1.48	2000.0	1+every1days	182	182	364000.0	3.6199999999999997	0
PMC4884299	https://pmc.ncbi.nlm.nih.gov/articles/PMC4884299	2016	-2.34	Metformin	150	mg/kg	oral	Wistar	Rats	male	6.0	streptozotocin+nicotinamide	280.0		1+every1days	42	42	NCT00676338	ADULT,OLDER_ADULT	all	PHASE3	218.0	Metformin	-1.48	2000.0	1+every1days	182	182	364000.0	0.8599999999999999	1
PMC4743348	https://pmc.ncbi.nlm.nih.gov/articles/PMC4743348	2015	-5.15	Pioglitazone	20	mg/kg	oral	Wistar	Rats	male	8.0	high-fat diet+streptozotocin	175.0		1+every1days	21	21	NCT00676338	ADULT,OLDER_ADULT	all	PHASE3	137.0	Pioglitazone	-1.63	37.5	1+every1days	182	182	6825.0	3.5200000000000005	0
PMC4743348	https://pmc.ncbi.nlm.nih.gov/articles/PMC4743348	2015	-4.3	Pioglitazone	20	mg/kg	oral	Wistar	Rats	male	8.0	streptozotocin	175.0		1+every1days	21	21	NCT00676338	ADULT,OLDER_ADULT	all	PHASE3	137.0	Pioglitazone	-1.63	37.5	1+every1days	182	182	6825.0	2.67	0
PMC9953164	https://pmc.ncbi.nlm.nih.gov/articles/PMC9953164	2023	-2.5	Metformin	200	mg/kg		Wistar	Rats	male	8.0	high-fat diet+streptozotocin	185.0		1+every1days	84	84	NCT00676338	ADULT,OLDER_ADULT	all	PHASE3	218.0	Metformin	-1.48	2000.0	1+every1days	182	182	364000.0	1.02	1
PMC9681650	https://pmc.ncbi.nlm.nih.gov/articles/PMC9681650	2022	-0.1	Metformin	60	mg/kg	oral	Wistar	Rats	male	12.0	high-fat diet+streptozotocin	176.8	120.0	1+every1days	14	14	NCT00676338	ADULT,OLDER_ADULT	all	PHASE3	218.0	Metformin	-1.48	2000.0	1+every1days	182	182	364000.0	-1.38	0
PMC4000968	https://pmc.ncbi.nlm.nih.gov/articles/PMC4000968	2014	-1.21	Sitagliptin Phosphate	10	mg/kg	oral	Zucker Diabetic Fatty	Rats		7.0	genetic		140.0	1+every1days	42	42	NCT00676338	ADULT,OLDER_ADULT	all	PHASE3	142.0	Sitagliptin Phosphate	-1.15	100.0	1+every1days	182	182	18200.0	0.06000000000000005	1
PMC4423537	https://pmc.ncbi.nlm.nih.gov/articles/PMC4423537	2013	-1.6	Metformin	300	mg/kg	oral	Otsuka Long-Evans Tokushima Fatty	Rats	male	14.0	genetic		140.0	1+every1days	84	84	NCT00676338	ADULT,OLDER_ADULT	all	PHASE3	218.0	Metformin	-1.48	2000.0	1+every1days	182	182	364000.0	0.1200000000000001	1
PMC3998187	https://pmc.ncbi.nlm.nih.gov/articles/PMC3998187	2014	-2	Sitagliptin Phosphate	10	mg/kg	oral	Zucker Diabetic Fatty	Rats	male	5.0	genetic		140.0	1+every1days	42	42	NCT00676338	ADULT,OLDER_ADULT	all	PHASE3	142.0	Sitagliptin Phosphate	-1.15	100.0	1+every1days	182	182	18200.0	0.8500000000000001	1
PMC2905949	https://pmc.ncbi.nlm.nih.gov/articles/PMC2905949	2010	-0.01	Sitagliptin Phosphate	10	mg/kg	oral	Zucker Diabetic Fatty	Rats	male	8.0	genetic		140.0	1+every1days	42	42	NCT00676338	ADULT,OLDER_ADULT	all	PHASE3	142.0	Sitagliptin Phosphate	-1.15	100.0	1+every1days	182	182	18200.0	-1.14	0
PMC3235777	https://pmc.ncbi.nlm.nih.gov/articles/PMC3235777	2011	-1.78	Sitagliptin Phosphate	10	mg/kg	oral	Zucker Diabetic Fatty	Rats	male	8.0	genetic		140.0	1+every1days	42	42	NCT00676338	ADULT,OLDER_ADULT	all	PHASE3	142.0	Sitagliptin Phosphate	-1.15	100.0	1+every1days	182	182	18200.0	0.6300000000000001	1
PMC9470898	https://pmc.ncbi.nlm.nih.gov/articles/PMC9470898	2022	-0.5	Metformin	0.1	% (w/w)	oral	NONcNZO10/LtJ	Mice	male	10.0	genetic		147.0		126		NCT00676338	ADULT,OLDER_ADULT	all	PHASE3	218.0	Metformin	-1.48	2000.0	1+every1days	182	182	364000.0	-0.98	1
PMC5840580	https://pmc.ncbi.nlm.nih.gov/articles/PMC5840580	2017	-1.5	Metformin	300	mg/kg	oral	Otsuka Long-Evans Tokushima Fatty	Rats	male	6.0	high-fat diet		168.0	1+every1days	84	84	NCT00676338	ADULT,OLDER_ADULT	all	PHASE3	218.0	Metformin	-1.48	2000.0	1+every1days	182	182	364000.0	0.020000000000000018	1
PMC3465985	https://pmc.ncbi.nlm.nih.gov/articles/PMC3465985	2012	-1.31	Metformin	350	mg/kg	oral	Spontaneously Diabetic Torii	Rats	male	10.0	genetic		175.0	1+every1days	119	119	NCT00676338	ADULT,OLDER_ADULT	all	PHASE3	218.0	Metformin	-1.48	2000.0	1+every1days	182	182	364000.0	-0.16999999999999993	1
PMC5319739	https://pmc.ncbi.nlm.nih.gov/articles/PMC5319739	2017	-4.2	Metformin	50	mg/kg	gastric intubation	Psammomys obesus	Gerbillinae	male	30.0	high-fat diet	100.0	240.0	1+every1days	84	84	NCT00676338	ADULT,OLDER_ADULT	all	PHASE3	218.0	Metformin	-1.48	2000.0	1+every1days	182	182	364000.0	2.72	0
PMC9698742	https://pmc.ncbi.nlm.nih.gov/articles/PMC9698742	2022	-2.6	Metformin	200	mg/kg	oral	Wistar	Rats	male	5.0	streptozotocin	225.0	270.0	1+every1days	45	45	NCT00676338	ADULT,OLDER_ADULT	all	PHASE3	218.0	Metformin	-1.48	2000.0	1+every1days	182	182	364000.0	1.12	0
PMC6540170	https://pmc.ncbi.nlm.nih.gov/articles/PMC6540170	Not Found	-4.1	Pioglitazone	0.01	% (w/w)	oral	C57BLKS/J-db/db	Mice	male	10.0	genetic		28.0	1+every1days	35	35	NCT00676338	ADULT,OLDER_ADULT	all	PHASE3	137.0	Pioglitazone	-1.63	37.5	1+every1days	182	182	6825.0	2.4699999999999998	0
PMC7727825	https://pmc.ncbi.nlm.nih.gov/articles/PMC7727825	2020	-3	Metformin	200	mg/kg	oral	C57BLKS/J-db/db	Mice	male	8.0	genetic		35.0	1+every1days	63	63	NCT00676338	ADULT,OLDER_ADULT	all	PHASE3	218.0	Metformin	-1.48	2000.0	1+every1days	182	182	364000.0	1.52	0
PMC4514850	https://pmc.ncbi.nlm.nih.gov/articles/PMC4514850	2015	-1.3	Sitagliptin Phosphate	100	mg/kg	oral	ICR	Mice	male	8.0	high-fat diet+streptozotocin		35.0	1+every1days	56	56	NCT00676338	ADULT,OLDER_ADULT	all	PHASE3	142.0	Sitagliptin Phosphate	-1.15	100.0	1+every1days	182	182	18200.0	0.15000000000000013	1
PMC2948479	https://pmc.ncbi.nlm.nih.gov/articles/PMC2948479	2010	-2.2	Exenatide	3.5	pm/kg/min	subcutaneous	3xTg-AD	Mice	both	8.0	streptozotocin	30.0	352.5		112		NCT00676338	ADULT,OLDER_ADULT	all	PHASE3	218.0	Exenatide	-1.53	2.0	1+every7days	182	26	52.0	0.6700000000000002	1
PMC7598587	https://pmc.ncbi.nlm.nih.gov/articles/PMC7598587	2020	-1.85	Metformin	200	mg/kg	oral	C57BL/6N	Mice	male	8.0	high-fat diet+streptozotocin		38.5	1+every1days	28	28	NCT00676338	ADULT,OLDER_ADULT	all	PHASE3	218.0	Metformin	-1.48	2000.0	1+every1days	182	182	364000.0	0.3700000000000001	1
PMC4726511	https://pmc.ncbi.nlm.nih.gov/articles/PMC4726511	2016	-0.6	Metformin	10	mg/kg	oral	db/db	Mice		5.0	genetic		42.0	1+every1days	28	28	NCT00676338	ADULT,OLDER_ADULT	all	PHASE3	218.0	Metformin	-1.48	2000.0	1+every1days	182	182	364000.0	-0.88	1
PMC5485244	https://pmc.ncbi.nlm.nih.gov/articles/PMC5485244	2017	-0.4	Metformin	500	mg/kg	oral	C57BL/6J	Mice	male	16.0	high-fat diet		42.0	1+every1days	84	84	NCT00676338	ADULT,OLDER_ADULT	all	PHASE3	218.0	Metformin	-1.48	2000.0	1+every1days	182	182	364000.0	-1.08	0
PMC3660563	https://pmc.ncbi.nlm.nih.gov/articles/PMC3660563	2013	-0.8	Sitagliptin Phosphate	1	mg/kg	oral	C57BLKS/J-db/db	Mice	male		genetic		42.0	1+every1days	42	42	NCT00676338	ADULT,OLDER_ADULT	all	PHASE3	142.0	Sitagliptin Phosphate	-1.15	100.0	1+every1days	182	182	18200.0	-0.34999999999999987	1
PMC6273299	https://pmc.ncbi.nlm.nih.gov/articles/PMC6273299	2016	-1.3	Metformin	200	mg/kg		Zucker Diabetic Fatty	Rats	male	6.0	high-fat diet		42.0	1+every1days	84	84	NCT00676338	ADULT,OLDER_ADULT	all	PHASE3	218.0	Metformin	-1.48	2000.0	1+every1days	182	182	364000.0	-0.17999999999999994	1
PMC4553314	https://pmc.ncbi.nlm.nih.gov/articles/PMC4553314	2015	-0.5	Exenatide	2	μg/kg	subcutaneous	db/db	Mice	female	10.0	genetic		45.5	2+every1days	43	86	NCT00676338	ADULT,OLDER_ADULT	all	PHASE3	218.0	Exenatide	-1.53	2.0	1+every7days	182	26	52.0	-1.03	1
PMC6883099	https://pmc.ncbi.nlm.nih.gov/articles/PMC6883099	2019	-0.08	Pioglitazone	3	mg/kg	oral	KK-Ay	Mice	male	6.0	high-fat diet		49.0	1+every1days	28	28	NCT00676338	ADULT,OLDER_ADULT	all	PHASE3	137.0	Pioglitazone	-1.63	37.5	1+every1days	182	182	6825.0	-1.5499999999999998	0
PMC6883099	https://pmc.ncbi.nlm.nih.gov/articles/PMC6883099	2019	-1.83	Pioglitazone	10	mg/kg	oral	KK-Ay	Mice	male	6.0	high-fat diet		49.0	1+every1days	28	28	NCT00676338	ADULT,OLDER_ADULT	all	PHASE3	137.0	Pioglitazone	-1.63	37.5	1+every1days	182	182	6825.0	0.20000000000000018	1
PMC6883099	https://pmc.ncbi.nlm.nih.gov/articles/PMC6883099	2019	-2.51	Pioglitazone	30	mg/kg	oral	KK-Ay	Mice	male	6.0	high-fat diet		49.0	1+every1days	28	28	NCT00676338	ADULT,OLDER_ADULT	all	PHASE3	137.0	Pioglitazone	-1.63	37.5	1+every1days	182	182	6825.0	0.8799999999999999	1
PMC3327803	https://pmc.ncbi.nlm.nih.gov/articles/PMC3327803	2012	0.3	Metformin	200	mg/kg	intraperitoneal	db/db	Mice	male	11.0	genetic		49.0	1+every1days	126	126	NCT00676338	ADULT,OLDER_ADULT	all	PHASE3	218.0	Metformin	-1.48	2000.0	1+every1days	182	182	364000.0	-1.78	0
PMC4304810	https://pmc.ncbi.nlm.nih.gov/articles/PMC4304810	2015	-4.6	Pioglitazone	10	mg/kg	oral	Zucker Diabetic Fatty	Rats	male		genetic		49.0	1+every1days	42	42	NCT00676338	ADULT,OLDER_ADULT	all	PHASE3	137.0	Pioglitazone	-1.63	37.5	1+every1days	182	182	6825.0	2.9699999999999998	0
PMC3907559	https://pmc.ncbi.nlm.nih.gov/articles/PMC3907559	2014	-3	Metformin	200	mg/kg	oral	Zucker Diabetic Fatty	Rats	male	10.0	genetic		49.0	2+every1days	32	64	NCT00676338	ADULT,OLDER_ADULT	all	PHASE3	218.0	Metformin	-1.48	2000.0	1+every1days	182	182	364000.0	1.52	0
PMC3907559	https://pmc.ncbi.nlm.nih.gov/articles/PMC3907559	2014	-4	Pioglitazone	30	mg/kg	oral	Zucker Diabetic Fatty	Rats	male	10.0	genetic		49.0	2+every1days	32	64	NCT00676338	ADULT,OLDER_ADULT	all	PHASE3	137.0	Pioglitazone	-1.63	37.5	1+every1days	182	182	6825.0	2.37	0
PMC7381706	https://pmc.ncbi.nlm.nih.gov/articles/PMC7381706	2020	-0.1	Metformin	250	mg/kg	oral	ob/ob	Mice	male	8.0	genetic		52.5	1+every1days	26	26	NCT00676338	ADULT,OLDER_ADULT	all	PHASE3	218.0	Metformin	-1.48	2000.0	1+every1days	182	182	364000.0	-1.38	0
PMC10203393	https://pmc.ncbi.nlm.nih.gov/articles/PMC10203393	2023	-5.5	Metformin	0.2	g/kg	oral	Sprague-Dawley	Rats	male	8.0	high-fat diet+streptozotocin	150.0	52.5	1+every1days	70	70	NCT00676338	ADULT,OLDER_ADULT	all	PHASE3	218.0	Metformin	-1.48	2000.0	1+every1days	182	182	364000.0	4.02	0
PMC10323656	https://pmc.ncbi.nlm.nih.gov/articles/PMC10323656	2023	-1.1	Metformin	200	mg/kg	oral gavage	C57BL/6	Mice	male	12.0	high-fat diet+streptozotocin	24.0	56.0	1+every1days	28	28	NCT00676338	ADULT,OLDER_ADULT	all	PHASE3	218.0	Metformin	-1.48	2000.0	1+every1days	182	182	364000.0	-0.3799999999999999	1
PMC4686834	https://pmc.ncbi.nlm.nih.gov/articles/PMC4686834	2015	-0.05	Exenatide	1	μg/kg	subcutaneous	C57BL/6	Mice	male	7.0	genetic		56.0	1+every1days	21	21	NCT00676338	ADULT,OLDER_ADULT	all	PHASE3	218.0	Exenatide	-1.53	2.0	1+every7days	182	26	52.0	-1.48	0
PMC4686834	https://pmc.ncbi.nlm.nih.gov/articles/PMC4686834	2015	-0.2	Exenatide	10	μg/kg	subcutaneous	C57BL/6	Mice	male	7.0	genetic		56.0	1+every1days	21	21	NCT00676338	ADULT,OLDER_ADULT	all	PHASE3	218.0	Exenatide	-1.53	2.0	1+every7days	182	26	52.0	-1.33	0
PMC5207690	https://pmc.ncbi.nlm.nih.gov/articles/PMC5207690	2017	-0.95	Pioglitazone	4.5	mg/kg	oral	KK-Ay	Mice	male	10.0	high-fat diet		56.0	1+every1days	70	70	NCT00676338	ADULT,OLDER_ADULT	all	PHASE3	137.0	Pioglitazone	-1.63	37.5	1+every1days	182	182	6825.0	-0.6799999999999999	1
PMC3855476	https://pmc.ncbi.nlm.nih.gov/articles/PMC3855476	2014	-0.7	Metformin	300	mg/kg	oral	db/db	Mice	male	10.0	genetic	44.0	56.0	1+every1days	14	14	NCT00676338	ADULT,OLDER_ADULT	all	PHASE3	218.0	Metformin	-1.48	2000.0	1+every1days	182	182	364000.0	-0.78	1
PMC4514850	https://pmc.ncbi.nlm.nih.gov/articles/PMC4514850	2015	-0.9	Sitagliptin Phosphate	100	mg/kg	oral	db/db	Mice	male	5.0	genetic		56.0	1+every1days	28	28	NCT00676338	ADULT,OLDER_ADULT	all	PHASE3	142.0	Sitagliptin Phosphate	-1.15	100.0	1+every1days	182	182	18200.0	-0.2499999999999999	1
PMC4237538	https://pmc.ncbi.nlm.nih.gov/articles/PMC4237538	2013	-1.9	Exenatide	0.03	mg/kg	subcutaneous	ob/ob	Mice	male		genetic	43.0	56.0	1+every1days	28	28	NCT00676338	ADULT,OLDER_ADULT	all	PHASE3	218.0	Exenatide	-1.53	2.0	1+every7days	182	26	52.0	0.3699999999999999	1
PMC3913652	https://pmc.ncbi.nlm.nih.gov/articles/PMC3913652	2014	-0.55	Exenatide	30	nmol/kg	subcutaneous	ob/ob	Mice	male	10.0	genetic	43.9	56.0	1+every1days	28	28	NCT00676338	ADULT,OLDER_ADULT	all	PHASE3	218.0	Exenatide	-1.53	2.0	1+every7days	182	26	52.0	-0.98	1
PMC5360432	https://pmc.ncbi.nlm.nih.gov/articles/PMC5360432	2017	-1.6	Pioglitazone	10	mg/kg	oral	ob/ob	Mice	male	7.0	genetic		56.0	2+every1days	28	56	NCT00676338	ADULT,OLDER_ADULT	all	PHASE3	137.0	Pioglitazone	-1.63	37.5	1+every1days	182	182	6825.0	-0.029999999999999805	1
PMC5881648	https://pmc.ncbi.nlm.nih.gov/articles/PMC5881648	2018	-3.3	Metformin	200	mg/kg	gavage	Sprague-Dawley	Rats	male	10.0	streptozotocin	200.0	56.0	1+every1days	77	77	NCT00676338	ADULT,OLDER_ADULT	all	PHASE3	218.0	Metformin	-1.48	2000.0	1+every1days	182	182	364000.0	1.8199999999999998	0
PMC3654567	https://pmc.ncbi.nlm.nih.gov/articles/PMC3654567	2012	-1.8	Exenatide	250	μg/kg	subcutaneous	Zucker Diabetic Fatty	Rats	male		genetic		56.0	2+every1days	91	182	NCT00676338	ADULT,OLDER_ADULT	all	PHASE3	218.0	Exenatide	-1.53	2.0	1+every7days	182	26	52.0	0.27	1
PMC3654567	https://pmc.ncbi.nlm.nih.gov/articles/PMC3654567	2012	-2	Exenatide	6	μg/kg	subcutaneous	Zucker Diabetic Fatty	Rats	male		genetic		56.0	2+every1days	91	182	NCT00676338	ADULT,OLDER_ADULT	all	PHASE3	218.0	Exenatide	-1.53	2.0	1+every7days	182	26	52.0	0.47	1
PMC3654567	https://pmc.ncbi.nlm.nih.gov/articles/PMC3654567	2012	-2.9	Exenatide	40	μg/kg	subcutaneous	Zucker Diabetic Fatty	Rats	male		genetic		56.0	2+every1days	91	182	NCT00676338	ADULT,OLDER_ADULT	all	PHASE3	218.0	Exenatide	-1.53	2.0	1+every7days	182	26	52.0	1.3699999999999999	0
PMC4444588	https://pmc.ncbi.nlm.nih.gov/articles/PMC4444588	2015	-4	Metformin	500	mg/kg	intragastric	Sprague-Dawley	Rats	male	7.0	high-fat diet+streptozotocin	190.0	60.0	1+every1days	56	56	NCT00676338	ADULT,OLDER_ADULT	all	PHASE3	218.0	Metformin	-1.48	2000.0	1+every1days	182	182	364000.0	2.52	0
PMC4444588	https://pmc.ncbi.nlm.nih.gov/articles/PMC4444588	2015	-1	Metformin	150	mg/kg	intragastric	Sprague-Dawley	Rats	male	8.0	high-fat diet+streptozotocin	190.0	60.0	1+every1days	56	56	NCT00676338	ADULT,OLDER_ADULT	all	PHASE3	218.0	Metformin	-1.48	2000.0	1+every1days	182	182	364000.0	-0.48	1
PMC4444588	https://pmc.ncbi.nlm.nih.gov/articles/PMC4444588	2015	-2	Metformin	300	mg/kg	intragastric	Sprague-Dawley	Rats	male	8.0	high-fat diet+streptozotocin	190.0	60.0	1+every1days	56	56	NCT00676338	ADULT,OLDER_ADULT	all	PHASE3	218.0	Metformin	-1.48	2000.0	1+every1days	182	182	364000.0	0.52	1
PMC4457365	https://pmc.ncbi.nlm.nih.gov/articles/PMC4457365	2014	-2.2	Pioglitazone	2.5	mg/kg	oral	UCD-T2DM	Rats	male	32.0	genetic		60.0	1+every1days	365	365	NCT00676338	ADULT,OLDER_ADULT	all	PHASE3	137.0	Pioglitazone	-1.63	37.5	1+every1days	182	182	6825.0	0.5700000000000003	1
PMC4097088	https://pmc.ncbi.nlm.nih.gov/articles/PMC4097088	2014	-0.6	Metformin	300	mg/kg	oral	C57BL/6	Mice		8.0	high-fat diet		70.0	1+every1days	14	14	NCT00676338	ADULT,OLDER_ADULT	all	PHASE3	218.0	Metformin	-1.48	2000.0	1+every1days	182	182	364000.0	-0.88	1
PMC9457892	https://pmc.ncbi.nlm.nih.gov/articles/PMC9457892	2022	-4.3	Metformin	150	mg/kg	oral	C57BL/6	Mice	male	8.0	streptozotocin	27.5	70.0	1+every1days	42	42	NCT00676338	ADULT,OLDER_ADULT	all	PHASE3	218.0	Metformin	-1.48	2000.0	1+every1days	182	182	364000.0	2.82	0
PMC8745465	https://pmc.ncbi.nlm.nih.gov/articles/PMC8745465	2021	-1.51	Metformin	120	mg/kg	oral	Wistar	Rats	male	30.0	high-fat diet+streptozotocin	170.0	70.0	1+every1days	35	35	NCT00676338	ADULT,OLDER_ADULT	all	PHASE3	218.0	Metformin	-1.48	2000.0	1+every1days	182	182	364000.0	0.030000000000000027	1
PMC4880722	https://pmc.ncbi.nlm.nih.gov/articles/PMC4880722	2016	-3.2	Pioglitazone	30	mg/kg	oral	Zucker Diabetic Fatty	Rats	male	8.0	genetic		70.0	1+every1days	42	42	NCT00676338	ADULT,OLDER_ADULT	all	PHASE3	137.0	Pioglitazone	-1.63	37.5	1+every1days	182	182	6825.0	1.5700000000000003	0
PMC5477380	https://pmc.ncbi.nlm.nih.gov/articles/PMC5477380	2017	-0.7	Exenatide	2	μg/kg	subcutaneous	KK-Ay	Mice	female	13.0	genetic		77.0	2+every1days	49	98	NCT00676338	ADULT,OLDER_ADULT	all	PHASE3	218.0	Exenatide	-1.53	2.0	1+every7days	182	26	52.0	-0.8300000000000001	1
PMC4791042	https://pmc.ncbi.nlm.nih.gov/articles/PMC4791042	2015	-4.5	Pioglitazone	32.19	mg/kg	oral	Zucker Diabetic Fatty	Rats	male	9.0	genetic		80.5	1+every1days	49	49	NCT00676338	ADULT,OLDER_ADULT	all	PHASE3	137.0	Pioglitazone	-1.63	37.5	1+every1days	182	182	6825.0	2.87	0
PMC9374709	https://pmc.ncbi.nlm.nih.gov/articles/PMC9374709	2022	-1.34	Liraglutide	0.4	mg/kg	subcutaneous	C57BL/6NRj	Mice	male	23.0	high-fat diet	35.0	112.0	1+every1days	28	28	NCT00696657	ADULT,OLDER_ADULT	all	PHASE2	45.0	Liraglutide	-1.1	1.2	1+every1days	84	84	100.8	0.24	1
PMC9374709	https://pmc.ncbi.nlm.nih.gov/articles/PMC9374709	2022	-1.34	Liraglutide	0.4	mg/kg	subcutaneous	C57BL/6NRj	Mice	male	23.0	high-fat diet	35.0	112.0	1+every1days	28	28	NCT00696657	ADULT,OLDER_ADULT	all	PHASE2	50.0	Liraglutide	-1.3	1.8	1+every1days	84	84	151.20000000000002	0.040000000000000036	1
PMC9374709	https://pmc.ncbi.nlm.nih.gov/articles/PMC9374709	2022	-11.69	Liraglutide	0.4	mg/kg	subcutaneous	C57BL/6NTac	Mice	male	16.0	high-fat diet	35.0	112.0	1+every1days	28	28	NCT00696657	ADULT,OLDER_ADULT	all	PHASE2	45.0	Liraglutide	-1.1	1.2	1+every1days	84	84	100.8	10.59	0
PMC9374709	https://pmc.ncbi.nlm.nih.gov/articles/PMC9374709	2022	-11.69	Liraglutide	0.4	mg/kg	subcutaneous	C57BL/6NTac	Mice	male	16.0	high-fat diet	35.0	112.0	1+every1days	28	28	NCT00696657	ADULT,OLDER_ADULT	all	PHASE2	50.0	Liraglutide	-1.3	1.8	1+every1days	84	84	151.20000000000002	10.389999999999999	0
PMC6412877	https://pmc.ncbi.nlm.nih.gov/articles/PMC6412877	2019	-0.5	Liraglutide	25	nmol/kg	subcutaneous		Mice	male		high-fat diet		49.0	1+every1days	28	28	NCT00696657	ADULT,OLDER_ADULT	all	PHASE2	45.0	Liraglutide	-1.1	1.2	1+every1days	84	84	100.8	-0.6000000000000001	1
PMC6412877	https://pmc.ncbi.nlm.nih.gov/articles/PMC6412877	2019	-0.5	Liraglutide	25	nmol/kg	subcutaneous		Mice	male		high-fat diet		49.0	1+every1days	28	28	NCT00696657	ADULT,OLDER_ADULT	all	PHASE2	50.0	Liraglutide	-1.3	1.8	1+every1days	84	84	151.20000000000002	-0.8	1
PMC8974032	https://pmc.ncbi.nlm.nih.gov/articles/PMC8974032	2022	-1	Semaglutide	90	nmol/kg	subcutaneous	db/db	Mice	male		genetic	40.0	49.0	1+every7days	56	8	NCT00696657	ADULT,OLDER_ADULT	all	PHASE2	47.0	Semaglutide	-0.6	0.1	1+every7days	84	12	1.2000000000000002	0.4	1
PMC8974032	https://pmc.ncbi.nlm.nih.gov/articles/PMC8974032	2022	-1	Semaglutide	90	nmol/kg	subcutaneous	db/db	Mice	male		genetic	40.0	49.0	1+every7days	56	8	NCT00696657	ADULT,OLDER_ADULT	all	PHASE2	43.0	Semaglutide	-0.9	0.2	1+every7days	84	12	2.4000000000000004	0.09999999999999998	1
PMC8974032	https://pmc.ncbi.nlm.nih.gov/articles/PMC8974032	2022	-1	Semaglutide	90	nmol/kg	subcutaneous	db/db	Mice	male		genetic	40.0	49.0	1+every7days	56	8	NCT00696657	ADULT,OLDER_ADULT	all	PHASE2	48.0	Semaglutide	-1	0.4	1+every7days	84	12	4.800000000000001	0.0	1
PMC8974032	https://pmc.ncbi.nlm.nih.gov/articles/PMC8974032	2022	-1	Semaglutide	90	nmol/kg	subcutaneous	db/db	Mice	male		genetic	40.0	49.0	1+every7days	56	8	NCT00696657	ADULT,OLDER_ADULT	all	PHASE2	44.0	Semaglutide	-1.4	0.8	1+every7days	84	12	9.600000000000001	-0.3999999999999999	1
PMC8974032	https://pmc.ncbi.nlm.nih.gov/articles/PMC8974032	2022	-1	Semaglutide	90	nmol/kg	subcutaneous	db/db	Mice	male		genetic	40.0	49.0	1+every7days	56	8	NCT00696657	ADULT,OLDER_ADULT	all	PHASE2	43.0	Semaglutide	-1.4	0.8	1+every7days	84	12	9.600000000000001	-0.3999999999999999	1
PMC8974032	https://pmc.ncbi.nlm.nih.gov/articles/PMC8974032	2022	-1	Semaglutide	90	nmol/kg	subcutaneous	db/db	Mice	male		genetic	40.0	49.0	1+every7days	56	8	NCT00696657	ADULT,OLDER_ADULT	all	PHASE2	45.0	Semaglutide	-1.5	1.6	1+every7days	84	12	19.200000000000003	-0.5	1
PMC9072222	https://pmc.ncbi.nlm.nih.gov/articles/PMC9072222	2019	-1.4	Liraglutide	0.1	mg/kg	subcutaneous	db/db	Mice	male	40.0	genetic		49.0	1+every1days	56	56	NCT00696657	ADULT,OLDER_ADULT	all	PHASE2	45.0	Liraglutide	-1.1	1.2	1+every1days	84	84	100.8	0.2999999999999998	1
PMC9072222	https://pmc.ncbi.nlm.nih.gov/articles/PMC9072222	2019	-1.4	Liraglutide	0.1	mg/kg	subcutaneous	db/db	Mice	male	40.0	genetic		49.0	1+every1days	56	56	NCT00696657	ADULT,OLDER_ADULT	all	PHASE2	50.0	Liraglutide	-1.3	1.8	1+every1days	84	84	151.20000000000002	0.09999999999999987	1
PMC9050719	https://pmc.ncbi.nlm.nih.gov/articles/PMC9050719	2020	-0.05	Semaglutide	25	nmol/kg	subcutaneous	db/db	Mice	male	6.0	genetic	35.0	56.0	1+every7days	21	3	NCT00696657	ADULT,OLDER_ADULT	all	PHASE2	47.0	Semaglutide	-0.6	0.1	1+every7days	84	12	1.2000000000000002	-0.5499999999999999	1
PMC9050719	https://pmc.ncbi.nlm.nih.gov/articles/PMC9050719	2020	-0.3	Semaglutide	25	nmol/kg	subcutaneous	db/db	Mice	male	6.0	genetic	35.0	56.0	1+every1days	21	21	NCT00696657	ADULT,OLDER_ADULT	all	PHASE2	47.0	Semaglutide	-0.6	0.1	1+every7days	84	12	1.2000000000000002	-0.3	1
PMC9050719	https://pmc.ncbi.nlm.nih.gov/articles/PMC9050719	2020	-0.05	Semaglutide	25	nmol/kg	subcutaneous	db/db	Mice	male	6.0	genetic	35.0	56.0	1+every7days	21	3	NCT00696657	ADULT,OLDER_ADULT	all	PHASE2	43.0	Semaglutide	-0.9	0.2	1+every7days	84	12	2.4000000000000004	-0.85	1
PMC9050719	https://pmc.ncbi.nlm.nih.gov/articles/PMC9050719	2020	-0.3	Semaglutide	25	nmol/kg	subcutaneous	db/db	Mice	male	6.0	genetic	35.0	56.0	1+every1days	21	21	NCT00696657	ADULT,OLDER_ADULT	all	PHASE2	43.0	Semaglutide	-0.9	0.2	1+every7days	84	12	2.4000000000000004	-0.6000000000000001	1
PMC9050719	https://pmc.ncbi.nlm.nih.gov/articles/PMC9050719	2020	-0.05	Semaglutide	25	nmol/kg	subcutaneous	db/db	Mice	male	6.0	genetic	35.0	56.0	1+every7days	21	3	NCT00696657	ADULT,OLDER_ADULT	all	PHASE2	48.0	Semaglutide	-1	0.4	1+every7days	84	12	4.800000000000001	-0.95	1
PMC9050719	https://pmc.ncbi.nlm.nih.gov/articles/PMC9050719	2020	-0.3	Semaglutide	25	nmol/kg	subcutaneous	db/db	Mice	male	6.0	genetic	35.0	56.0	1+every1days	21	21	NCT00696657	ADULT,OLDER_ADULT	all	PHASE2	48.0	Semaglutide	-1	0.4	1+every7days	84	12	4.800000000000001	-0.7	1
PMC9050719	https://pmc.ncbi.nlm.nih.gov/articles/PMC9050719	2020	-0.05	Semaglutide	25	nmol/kg	subcutaneous	db/db	Mice	male	6.0	genetic	35.0	56.0	1+every7days	21	3	NCT00696657	ADULT,OLDER_ADULT	all	PHASE2	44.0	Semaglutide	-1.4	0.8	1+every7days	84	12	9.600000000000001	-1.3499999999999999	0
PMC9050719	https://pmc.ncbi.nlm.nih.gov/articles/PMC9050719	2020	-0.3	Semaglutide	25	nmol/kg	subcutaneous	db/db	Mice	male	6.0	genetic	35.0	56.0	1+every1days	21	21	NCT00696657	ADULT,OLDER_ADULT	all	PHASE2	44.0	Semaglutide	-1.4	0.8	1+every7days	84	12	9.600000000000001	-1.0999999999999999	0
PMC9050719	https://pmc.ncbi.nlm.nih.gov/articles/PMC9050719	2020	-0.05	Semaglutide	25	nmol/kg	subcutaneous	db/db	Mice	male	6.0	genetic	35.0	56.0	1+every7days	21	3	NCT00696657	ADULT,OLDER_ADULT	all	PHASE2	43.0	Semaglutide	-1.4	0.8	1+every7days	84	12	9.600000000000001	-1.3499999999999999	0
PMC9050719	https://pmc.ncbi.nlm.nih.gov/articles/PMC9050719	2020	-0.3	Semaglutide	25	nmol/kg	subcutaneous	db/db	Mice	male	6.0	genetic	35.0	56.0	1+every1days	21	21	NCT00696657	ADULT,OLDER_ADULT	all	PHASE2	43.0	Semaglutide	-1.4	0.8	1+every7days	84	12	9.600000000000001	-1.0999999999999999	0
PMC9050719	https://pmc.ncbi.nlm.nih.gov/articles/PMC9050719	2020	-0.05	Semaglutide	25	nmol/kg	subcutaneous	db/db	Mice	male	6.0	genetic	35.0	56.0	1+every7days	21	3	NCT00696657	ADULT,OLDER_ADULT	all	PHASE2	45.0	Semaglutide	-1.5	1.6	1+every7days	84	12	19.200000000000003	-1.45	0
PMC9050719	https://pmc.ncbi.nlm.nih.gov/articles/PMC9050719	2020	-0.3	Semaglutide	25	nmol/kg	subcutaneous	db/db	Mice	male	6.0	genetic	35.0	56.0	1+every1days	21	21	NCT00696657	ADULT,OLDER_ADULT	all	PHASE2	45.0	Semaglutide	-1.5	1.6	1+every7days	84	12	19.200000000000003	-1.2	0
PMC9050719	https://pmc.ncbi.nlm.nih.gov/articles/PMC9050719	2020	-1.3	Semaglutide	25	nmol/kg	subcutaneous	db/db	Mice	male	6.0	genetic	35.5	56.0	1+every1days	42	42	NCT00696657	ADULT,OLDER_ADULT	all	PHASE2	47.0	Semaglutide	-0.6	0.1	1+every7days	84	12	1.2000000000000002	0.7000000000000001	1
PMC9050719	https://pmc.ncbi.nlm.nih.gov/articles/PMC9050719	2020	-1.3	Semaglutide	25	nmol/kg	subcutaneous	db/db	Mice	male	6.0	genetic	35.5	56.0	1+every1days	42	42	NCT00696657	ADULT,OLDER_ADULT	all	PHASE2	43.0	Semaglutide	-0.9	0.2	1+every7days	84	12	2.4000000000000004	0.4	1
PMC9050719	https://pmc.ncbi.nlm.nih.gov/articles/PMC9050719	2020	-1.3	Semaglutide	25	nmol/kg	subcutaneous	db/db	Mice	male	6.0	genetic	35.5	56.0	1+every1days	42	42	NCT00696657	ADULT,OLDER_ADULT	all	PHASE2	48.0	Semaglutide	-1	0.4	1+every7days	84	12	4.800000000000001	0.30000000000000004	1
PMC9050719	https://pmc.ncbi.nlm.nih.gov/articles/PMC9050719	2020	-1.3	Semaglutide	25	nmol/kg	subcutaneous	db/db	Mice	male	6.0	genetic	35.5	56.0	1+every1days	42	42	NCT00696657	ADULT,OLDER_ADULT	all	PHASE2	44.0	Semaglutide	-1.4	0.8	1+every7days	84	12	9.600000000000001	-0.09999999999999987	1
PMC9050719	https://pmc.ncbi.nlm.nih.gov/articles/PMC9050719	2020	-1.3	Semaglutide	25	nmol/kg	subcutaneous	db/db	Mice	male	6.0	genetic	35.5	56.0	1+every1days	42	42	NCT00696657	ADULT,OLDER_ADULT	all	PHASE2	43.0	Semaglutide	-1.4	0.8	1+every7days	84	12	9.600000000000001	-0.09999999999999987	1
PMC9050719	https://pmc.ncbi.nlm.nih.gov/articles/PMC9050719	2020	-1.3	Semaglutide	25	nmol/kg	subcutaneous	db/db	Mice	male	6.0	genetic	35.5	56.0	1+every1days	42	42	NCT00696657	ADULT,OLDER_ADULT	all	PHASE2	45.0	Semaglutide	-1.5	1.6	1+every7days	84	12	19.200000000000003	-0.19999999999999996	1
PMC9796023	https://pmc.ncbi.nlm.nih.gov/articles/PMC9796023	2022	-2.7	Semaglutide	14	nmol/kg	subcutaneous	db/db	Mice	both	8.0	genetic	47.5	63.0	1+every2days	28	14	NCT00696657	ADULT,OLDER_ADULT	all	PHASE2	47.0	Semaglutide	-0.6	0.1	1+every7days	84	12	1.2000000000000002	2.1	0
PMC9796023	https://pmc.ncbi.nlm.nih.gov/articles/PMC9796023	2022	-2.7	Semaglutide	14	nmol/kg	subcutaneous	db/db	Mice	both	8.0	genetic	47.5	63.0	1+every2days	28	14	NCT00696657	ADULT,OLDER_ADULT	all	PHASE2	43.0	Semaglutide	-0.9	0.2	1+every7days	84	12	2.4000000000000004	1.8000000000000003	0
PMC9796023	https://pmc.ncbi.nlm.nih.gov/articles/PMC9796023	2022	-2.7	Semaglutide	14	nmol/kg	subcutaneous	db/db	Mice	both	8.0	genetic	47.5	63.0	1+every2days	28	14	NCT00696657	ADULT,OLDER_ADULT	all	PHASE2	48.0	Semaglutide	-1	0.4	1+every7days	84	12	4.800000000000001	1.7000000000000002	0
PMC9796023	https://pmc.ncbi.nlm.nih.gov/articles/PMC9796023	2022	-2.7	Semaglutide	14	nmol/kg	subcutaneous	db/db	Mice	both	8.0	genetic	47.5	63.0	1+every2days	28	14	NCT00696657	ADULT,OLDER_ADULT	all	PHASE2	44.0	Semaglutide	-1.4	0.8	1+every7days	84	12	9.600000000000001	1.3000000000000003	0
PMC9796023	https://pmc.ncbi.nlm.nih.gov/articles/PMC9796023	2022	-2.7	Semaglutide	14	nmol/kg	subcutaneous	db/db	Mice	both	8.0	genetic	47.5	63.0	1+every2days	28	14	NCT00696657	ADULT,OLDER_ADULT	all	PHASE2	43.0	Semaglutide	-1.4	0.8	1+every7days	84	12	9.600000000000001	1.3000000000000003	0
PMC9796023	https://pmc.ncbi.nlm.nih.gov/articles/PMC9796023	2022	-2.7	Semaglutide	14	nmol/kg	subcutaneous	db/db	Mice	both	8.0	genetic	47.5	63.0	1+every2days	28	14	NCT00696657	ADULT,OLDER_ADULT	all	PHASE2	45.0	Semaglutide	-1.5	1.6	1+every7days	84	12	19.200000000000003	1.2000000000000002	0
PMC8975272	https://pmc.ncbi.nlm.nih.gov/articles/PMC8975272	2022	-2.3	Semaglutide	15	nmol/kg	subcutaneous	db/db	Mice	both	8.0	genetic	45.0	70.0	1+every2days	28	14	NCT00696657	ADULT,OLDER_ADULT	all	PHASE2	47.0	Semaglutide	-0.6	0.1	1+every7days	84	12	1.2000000000000002	1.6999999999999997	0
PMC8975272	https://pmc.ncbi.nlm.nih.gov/articles/PMC8975272	2022	-2.3	Semaglutide	15	nmol/kg	subcutaneous	db/db	Mice	both	8.0	genetic	45.0	70.0	1+every2days	28	14	NCT00696657	ADULT,OLDER_ADULT	all	PHASE2	43.0	Semaglutide	-0.9	0.2	1+every7days	84	12	2.4000000000000004	1.4	0
PMC8975272	https://pmc.ncbi.nlm.nih.gov/articles/PMC8975272	2022	-2.3	Semaglutide	15	nmol/kg	subcutaneous	db/db	Mice	both	8.0	genetic	45.0	70.0	1+every2days	28	14	NCT00696657	ADULT,OLDER_ADULT	all	PHASE2	48.0	Semaglutide	-1	0.4	1+every7days	84	12	4.800000000000001	1.2999999999999998	0
PMC8975272	https://pmc.ncbi.nlm.nih.gov/articles/PMC8975272	2022	-2.3	Semaglutide	15	nmol/kg	subcutaneous	db/db	Mice	both	8.0	genetic	45.0	70.0	1+every2days	28	14	NCT00696657	ADULT,OLDER_ADULT	all	PHASE2	44.0	Semaglutide	-1.4	0.8	1+every7days	84	12	9.600000000000001	0.8999999999999999	1
PMC8975272	https://pmc.ncbi.nlm.nih.gov/articles/PMC8975272	2022	-2.3	Semaglutide	15	nmol/kg	subcutaneous	db/db	Mice	both	8.0	genetic	45.0	70.0	1+every2days	28	14	NCT00696657	ADULT,OLDER_ADULT	all	PHASE2	43.0	Semaglutide	-1.4	0.8	1+every7days	84	12	9.600000000000001	0.8999999999999999	1
PMC8975272	https://pmc.ncbi.nlm.nih.gov/articles/PMC8975272	2022	-2.3	Semaglutide	15	nmol/kg	subcutaneous	db/db	Mice	both	8.0	genetic	45.0	70.0	1+every2days	28	14	NCT00696657	ADULT,OLDER_ADULT	all	PHASE2	45.0	Semaglutide	-1.5	1.6	1+every7days	84	12	19.200000000000003	0.7999999999999998	1
PMC9112483	https://pmc.ncbi.nlm.nih.gov/articles/PMC9112483	2022	-1.4	Liraglutide	200	μg/kg	subcutaneous	Zucker Diabetic Fatty	Rats	male	7.0	genetic		77.0	2+every1days	140	280	NCT00696657	ADULT,OLDER_ADULT	all	PHASE2	45.0	Liraglutide	-1.1	1.2	1+every1days	84	84	100.8	0.2999999999999998	1
PMC9112483	https://pmc.ncbi.nlm.nih.gov/articles/PMC9112483	2022	-1.4	Liraglutide	200	μg/kg	subcutaneous	Zucker Diabetic Fatty	Rats	male	7.0	genetic		77.0	2+every1days	140	280	NCT00696657	ADULT,OLDER_ADULT	all	PHASE2	50.0	Liraglutide	-1.3	1.8	1+every1days	84	84	151.20000000000002	0.09999999999999987	1
PMC9112483	https://pmc.ncbi.nlm.nih.gov/articles/PMC9112483	2022	-0.2	Saxagliptin	10	mg/kg	intragastric	Zucker Diabetic Fatty	Rats	male	7.0	genetic		77.0	1+every1days	140	140	NCT00698932	ADULT,OLDER_ADULT	all	PHASE3	277.0	Saxagliptin	-0.84	5.0	1+every1days	168	168	840.0	-0.6399999999999999	1
PMC9143250	https://pmc.ncbi.nlm.nih.gov/articles/PMC9143250	2022	-8.5	Dapagliflozin	1	mg/kg	oral	Wistar	Rats	both	6.0	high-fat diet+streptozotocin	215.0		1+every1days	28	28	NCT00736879	ADULT,OLDER_ADULT	all	PHASE3	72.0	Dapagliflozin	-0.68	1.0	1+every1days	168	168	168.0	7.82	0
PMC9143250	https://pmc.ncbi.nlm.nih.gov/articles/PMC9143250	2022	-8.5	Dapagliflozin	1	mg/kg	oral	Wistar	Rats	both	6.0	high-fat diet+streptozotocin	215.0		1+every1days	28	28	NCT00736879	ADULT,OLDER_ADULT	all	PHASE3	72.0	Dapagliflozin	-0.72	2.5	1+every1days	168	168	420.0	7.78	0
PMC9143250	https://pmc.ncbi.nlm.nih.gov/articles/PMC9143250	2022	-8.5	Dapagliflozin	1	mg/kg	oral	Wistar	Rats	both	6.0	high-fat diet+streptozotocin	215.0		1+every1days	28	28	NCT00736879	ADULT,OLDER_ADULT	all	PHASE3	66.0	Dapagliflozin	-0.82	5.0	1+every1days	168	168	840.0	7.68	0
PMC10308685	https://pmc.ncbi.nlm.nih.gov/articles/PMC10308685	2023	-5.4	Dapagliflozin	1	mg/kg	oral	Zucker Diabetic Fatty	Rats	male	8.0	genetic		112.0	1+every1days	84	84	NCT00736879	ADULT,OLDER_ADULT	all	PHASE3	72.0	Dapagliflozin	-0.68	1.0	1+every1days	168	168	168.0	4.720000000000001	0
PMC10308685	https://pmc.ncbi.nlm.nih.gov/articles/PMC10308685	2023	-5.4	Dapagliflozin	1	mg/kg	oral	Zucker Diabetic Fatty	Rats	male	8.0	genetic		112.0	1+every1days	84	84	NCT00736879	ADULT,OLDER_ADULT	all	PHASE3	72.0	Dapagliflozin	-0.72	2.5	1+every1days	168	168	420.0	4.680000000000001	0
PMC10308685	https://pmc.ncbi.nlm.nih.gov/articles/PMC10308685	2023	-5.4	Dapagliflozin	1	mg/kg	oral	Zucker Diabetic Fatty	Rats	male	8.0	genetic		112.0	1+every1days	84	84	NCT00736879	ADULT,OLDER_ADULT	all	PHASE3	66.0	Dapagliflozin	-0.82	5.0	1+every1days	168	168	840.0	4.58	0
PMC4237538	https://pmc.ncbi.nlm.nih.gov/articles/PMC4237538	2013	-1.4	Dapagliflozin	1	mg/kg	oral	ob/ob	Mice	male		genetic	43.0	56.0	1+every1days	28	28	NCT00736879	ADULT,OLDER_ADULT	all	PHASE3	72.0	Dapagliflozin	-0.68	1.0	1+every1days	168	168	168.0	0.7199999999999999	1
PMC4237538	https://pmc.ncbi.nlm.nih.gov/articles/PMC4237538	2013	-1.4	Dapagliflozin	1	mg/kg	oral	ob/ob	Mice	male		genetic	43.0	56.0	1+every1days	28	28	NCT00736879	ADULT,OLDER_ADULT	all	PHASE3	72.0	Dapagliflozin	-0.72	2.5	1+every1days	168	168	420.0	0.6799999999999999	1
PMC4237538	https://pmc.ncbi.nlm.nih.gov/articles/PMC4237538	2013	-1.4	Dapagliflozin	1	mg/kg	oral	ob/ob	Mice	male		genetic	43.0	56.0	1+every1days	28	28	NCT00736879	ADULT,OLDER_ADULT	all	PHASE3	66.0	Dapagliflozin	-0.82	5.0	1+every1days	168	168	840.0	0.58	1
PMC6856656	https://pmc.ncbi.nlm.nih.gov/articles/PMC6856656	2019	-2.9	Dapagliflozin	1.0	mg/kg	oral	Zucker Diabetic Fatty	Rats	male	8.0	high-fat diet		84.0	1+every1days	63	63	NCT00736879	ADULT,OLDER_ADULT	all	PHASE3	72.0	Dapagliflozin	-0.68	1.0	1+every1days	168	168	168.0	2.2199999999999998	0
PMC6856656	https://pmc.ncbi.nlm.nih.gov/articles/PMC6856656	2019	-2.9	Dapagliflozin	1.0	mg/kg	oral	Zucker Diabetic Fatty	Rats	male	8.0	high-fat diet		84.0	1+every1days	63	63	NCT00736879	ADULT,OLDER_ADULT	all	PHASE3	72.0	Dapagliflozin	-0.72	2.5	1+every1days	168	168	420.0	2.1799999999999997	0
PMC6856656	https://pmc.ncbi.nlm.nih.gov/articles/PMC6856656	2019	-2.9	Dapagliflozin	1.0	mg/kg	oral	Zucker Diabetic Fatty	Rats	male	8.0	high-fat diet		84.0	1+every1days	63	63	NCT00736879	ADULT,OLDER_ADULT	all	PHASE3	66.0	Dapagliflozin	-0.82	5.0	1+every1days	168	168	840.0	2.08	0
PMC5089752	https://pmc.ncbi.nlm.nih.gov/articles/PMC5089752	2016	-2.04	Dapagliflozin	1.0	mg/kg	oral	Otsuka Long-Evans Tokushima Fatty	Rats	male	10.0	genetic		98.0	1+every1days	84	84	NCT00736879	ADULT,OLDER_ADULT	all	PHASE3	72.0	Dapagliflozin	-0.68	1.0	1+every1days	168	168	168.0	1.3599999999999999	0
PMC5089752	https://pmc.ncbi.nlm.nih.gov/articles/PMC5089752	2016	-2.04	Dapagliflozin	1.0	mg/kg	oral	Otsuka Long-Evans Tokushima Fatty	Rats	male	10.0	genetic		98.0	1+every1days	84	84	NCT00736879	ADULT,OLDER_ADULT	all	PHASE3	72.0	Dapagliflozin	-0.72	2.5	1+every1days	168	168	420.0	1.32	0
PMC5089752	https://pmc.ncbi.nlm.nih.gov/articles/PMC5089752	2016	-2.04	Dapagliflozin	1.0	mg/kg	oral	Otsuka Long-Evans Tokushima Fatty	Rats	male	10.0	genetic		98.0	1+every1days	84	84	NCT00736879	ADULT,OLDER_ADULT	all	PHASE3	66.0	Dapagliflozin	-0.82	5.0	1+every1days	168	168	840.0	1.2200000000000002	0
PMC8953658	https://pmc.ncbi.nlm.nih.gov/articles/PMC8953658	2022	-3	Dapagliflozin	1	mg/kg	oral gavage	Zucker Diabetic Fatty	Rats	male	7.0	genetic		98.0	1+every1days	28	28	NCT00736879	ADULT,OLDER_ADULT	all	PHASE3	72.0	Dapagliflozin	-0.68	1.0	1+every1days	168	168	168.0	2.32	0
PMC8953658	https://pmc.ncbi.nlm.nih.gov/articles/PMC8953658	2022	-3	Dapagliflozin	1	mg/kg	oral gavage	Zucker Diabetic Fatty	Rats	male	7.0	genetic		98.0	1+every1days	28	28	NCT00736879	ADULT,OLDER_ADULT	all	PHASE3	72.0	Dapagliflozin	-0.72	2.5	1+every1days	168	168	420.0	2.2800000000000002	0
PMC8953658	https://pmc.ncbi.nlm.nih.gov/articles/PMC8953658	2022	-3	Dapagliflozin	1	mg/kg	oral gavage	Zucker Diabetic Fatty	Rats	male	7.0	genetic		98.0	1+every1days	28	28	NCT00736879	ADULT,OLDER_ADULT	all	PHASE3	66.0	Dapagliflozin	-0.82	5.0	1+every1days	168	168	840.0	2.18	0
PMC5489512	https://pmc.ncbi.nlm.nih.gov/articles/PMC5489512	2017	-0.3	Linagliptin	2	mg/kg	oral	KK-Ay	Mice	female	10.0	genetic	50.0		1+every1days	42	42	NCT00740051	ADULT,OLDER_ADULT	all	PHASE3	147.0	Linagliptin	-0.39	5.0	1+every1days	126	126	630.0	-0.09000000000000002	1
PMC5489512	https://pmc.ncbi.nlm.nih.gov/articles/PMC5489512	2017	-0.3	Linagliptin	2	mg/kg	oral	KK-Ay	Mice	female	10.0	genetic	50.0		1+every1days	42	42	NCT00740051	ADULT,OLDER_ADULT	all	PHASE3	147.0	Linagliptin	-0.44	5.0	1+every1days	126	126	630.0	-0.14	1
PMC5489512	https://pmc.ncbi.nlm.nih.gov/articles/PMC5489512	2017	-0.3	Linagliptin	2	mg/kg	oral	KK-Ay	Mice	female	10.0	genetic	50.0		1+every1days	42	42	NCT00740051	ADULT,OLDER_ADULT	all	PHASE3	151.0	Linagliptin	-0.44	5.0	1+every1days	364	364	1820.0	-0.14	1
PMC6701666	https://pmc.ncbi.nlm.nih.gov/articles/PMC6701666	2019	0	Linagliptin	3	mg/kg	oral	db/db	Mice	female	12.0	genetic		38.5	1+every1days	42	42	NCT00740051	ADULT,OLDER_ADULT	all	PHASE3	147.0	Linagliptin	-0.39	5.0	1+every1days	126	126	630.0	-0.39	1
PMC6701666	https://pmc.ncbi.nlm.nih.gov/articles/PMC6701666	2019	0	Linagliptin	3	mg/kg	oral	db/db	Mice	female	12.0	genetic		38.5	1+every1days	42	42	NCT00740051	ADULT,OLDER_ADULT	all	PHASE3	147.0	Linagliptin	-0.44	5.0	1+every1days	126	126	630.0	-0.44	1
PMC6701666	https://pmc.ncbi.nlm.nih.gov/articles/PMC6701666	2019	0	Linagliptin	3	mg/kg	oral	db/db	Mice	female	12.0	genetic		38.5	1+every1days	42	42	NCT00740051	ADULT,OLDER_ADULT	all	PHASE3	151.0	Linagliptin	-0.44	5.0	1+every1days	364	364	1820.0	-0.44	1
PMC5152931	https://pmc.ncbi.nlm.nih.gov/articles/PMC5152931	2016	-2	Linagliptin	0.083	mg/kg	oral	Wistar	Rats	male	22.0	streptozotocin		42.0		168		NCT00740051	ADULT,OLDER_ADULT	all	PHASE3	147.0	Linagliptin	-0.39	5.0	1+every1days	126	126	630.0	1.6099999999999999	0
PMC5152931	https://pmc.ncbi.nlm.nih.gov/articles/PMC5152931	2016	-2	Linagliptin	0.083	mg/kg	oral	Wistar	Rats	male	22.0	streptozotocin		42.0		168		NCT00740051	ADULT,OLDER_ADULT	all	PHASE3	147.0	Linagliptin	-0.44	5.0	1+every1days	126	126	630.0	1.56	0
PMC5152931	https://pmc.ncbi.nlm.nih.gov/articles/PMC5152931	2016	-2	Linagliptin	0.083	mg/kg	oral	Wistar	Rats	male	22.0	streptozotocin		42.0		168		NCT00740051	ADULT,OLDER_ADULT	all	PHASE3	151.0	Linagliptin	-0.44	5.0	1+every1days	364	364	1820.0	1.56	0
PMC7092631	https://pmc.ncbi.nlm.nih.gov/articles/PMC7092631	2020	-0.18	Empagliflozin	10	mg/kg	intragastric	Wistar	Rats	male	10.0	high-fat diet+streptozotocin	200.0		1+every1days	28	28	NCT00749190	ADULT,OLDER_ADULT	all	PHASE2	71.0	Empagliflozin	-0.08	1.0	1+every1days	84	84	84.0	0.09999999999999999	1
PMC7092631	https://pmc.ncbi.nlm.nih.gov/articles/PMC7092631	2020	-0.18	Empagliflozin	10	mg/kg	intragastric	Wistar	Rats	male	10.0	high-fat diet+streptozotocin	200.0		1+every1days	28	28	NCT00749190	ADULT,OLDER_ADULT	all	PHASE2	71.0	Empagliflozin	-0.09	1.0	1+every1days	84	84	84.0	0.09	1
PMC7092631	https://pmc.ncbi.nlm.nih.gov/articles/PMC7092631	2020	-0.18	Empagliflozin	10	mg/kg	intragastric	Wistar	Rats	male	10.0	high-fat diet+streptozotocin	200.0		1+every1days	28	28	NCT00749190	ADULT,OLDER_ADULT	all	PHASE2	71.0	Empagliflozin	-0.23	5.0	1+every1days	84	84	420.0	-0.05000000000000002	1
PMC7092631	https://pmc.ncbi.nlm.nih.gov/articles/PMC7092631	2020	-0.18	Empagliflozin	10	mg/kg	intragastric	Wistar	Rats	male	10.0	high-fat diet+streptozotocin	200.0		1+every1days	28	28	NCT00749190	ADULT,OLDER_ADULT	all	PHASE2	71.0	Empagliflozin	-0.27	5.0	1+every1days	84	84	420.0	-0.09000000000000002	1
PMC7092631	https://pmc.ncbi.nlm.nih.gov/articles/PMC7092631	2020	-0.18	Empagliflozin	10	mg/kg	intragastric	Wistar	Rats	male	10.0	high-fat diet+streptozotocin	200.0		1+every1days	28	28	NCT00749190	ADULT,OLDER_ADULT	all	PHASE2	70.0	Empagliflozin	-0.49	50.0	1+every1days	84	84	4200.0	-0.31	1
PMC7092631	https://pmc.ncbi.nlm.nih.gov/articles/PMC7092631	2020	-0.18	Empagliflozin	10	mg/kg	intragastric	Wistar	Rats	male	10.0	high-fat diet+streptozotocin	200.0		1+every1days	28	28	NCT00749190	ADULT,OLDER_ADULT	all	PHASE2	70.0	Empagliflozin	-0.5	50.0	1+every1days	84	84	4200.0	-0.32	1
PMC7092631	https://pmc.ncbi.nlm.nih.gov/articles/PMC7092631	2020	-0.18	Empagliflozin	10	mg/kg	intragastric	Wistar	Rats	male	10.0	high-fat diet+streptozotocin	200.0		1+every1days	28	28	NCT00749190	ADULT,OLDER_ADULT	all	PHASE2	70.0	Empagliflozin	-0.55	25.0	1+every1days	84	84	2100.0	-0.37000000000000005	1
PMC7092631	https://pmc.ncbi.nlm.nih.gov/articles/PMC7092631	2020	-0.18	Empagliflozin	10	mg/kg	intragastric	Wistar	Rats	male	10.0	high-fat diet+streptozotocin	200.0		1+every1days	28	28	NCT00749190	ADULT,OLDER_ADULT	all	PHASE2	71.0	Empagliflozin	-0.56	10.0	1+every1days	84	84	840.0	-0.38000000000000006	1
PMC7092631	https://pmc.ncbi.nlm.nih.gov/articles/PMC7092631	2020	-0.18	Empagliflozin	10	mg/kg	intragastric	Wistar	Rats	male	10.0	high-fat diet+streptozotocin	200.0		1+every1days	28	28	NCT00749190	ADULT,OLDER_ADULT	all	PHASE2	71.0	Empagliflozin	-0.57	10.0	1+every1days	84	84	840.0	-0.38999999999999996	1
PMC7092631	https://pmc.ncbi.nlm.nih.gov/articles/PMC7092631	2020	-0.18	Empagliflozin	10	mg/kg	intragastric	Wistar	Rats	male	10.0	high-fat diet+streptozotocin	200.0		1+every1days	28	28	NCT00749190	ADULT,OLDER_ADULT	all	PHASE2	70.0	Empagliflozin	-0.59	25.0	1+every1days	84	84	2100.0	-0.41	1
PMC5491464	https://pmc.ncbi.nlm.nih.gov/articles/PMC5491464	2017	-4.3	Empagliflozin	10	mg/kg	oral	Zucker Diabetic Fatty	Rats			genetic		112.0	1+every1days	42	42	NCT00749190	ADULT,OLDER_ADULT	all	PHASE2	71.0	Empagliflozin	-0.08	1.0	1+every1days	84	84	84.0	4.22	0
PMC5491464	https://pmc.ncbi.nlm.nih.gov/articles/PMC5491464	2017	-5	Empagliflozin	30	mg/kg	oral	Zucker Diabetic Fatty	Rats			genetic		112.0	1+every1days	42	42	NCT00749190	ADULT,OLDER_ADULT	all	PHASE2	71.0	Empagliflozin	-0.08	1.0	1+every1days	84	84	84.0	4.92	0
PMC5491464	https://pmc.ncbi.nlm.nih.gov/articles/PMC5491464	2017	-4.3	Empagliflozin	10	mg/kg	oral	Zucker Diabetic Fatty	Rats			genetic		112.0	1+every1days	42	42	NCT00749190	ADULT,OLDER_ADULT	all	PHASE2	71.0	Empagliflozin	-0.09	1.0	1+every1days	84	84	84.0	4.21	0
PMC5491464	https://pmc.ncbi.nlm.nih.gov/articles/PMC5491464	2017	-5	Empagliflozin	30	mg/kg	oral	Zucker Diabetic Fatty	Rats			genetic		112.0	1+every1days	42	42	NCT00749190	ADULT,OLDER_ADULT	all	PHASE2	71.0	Empagliflozin	-0.09	1.0	1+every1days	84	84	84.0	4.91	0
PMC5491464	https://pmc.ncbi.nlm.nih.gov/articles/PMC5491464	2017	-4.3	Empagliflozin	10	mg/kg	oral	Zucker Diabetic Fatty	Rats			genetic		112.0	1+every1days	42	42	NCT00749190	ADULT,OLDER_ADULT	all	PHASE2	71.0	Empagliflozin	-0.23	5.0	1+every1days	84	84	420.0	4.069999999999999	0
PMC5491464	https://pmc.ncbi.nlm.nih.gov/articles/PMC5491464	2017	-5	Empagliflozin	30	mg/kg	oral	Zucker Diabetic Fatty	Rats			genetic		112.0	1+every1days	42	42	NCT00749190	ADULT,OLDER_ADULT	all	PHASE2	71.0	Empagliflozin	-0.23	5.0	1+every1days	84	84	420.0	4.77	0
PMC5491464	https://pmc.ncbi.nlm.nih.gov/articles/PMC5491464	2017	-4.3	Empagliflozin	10	mg/kg	oral	Zucker Diabetic Fatty	Rats			genetic		112.0	1+every1days	42	42	NCT00749190	ADULT,OLDER_ADULT	all	PHASE2	71.0	Empagliflozin	-0.27	5.0	1+every1days	84	84	420.0	4.029999999999999	0
PMC5491464	https://pmc.ncbi.nlm.nih.gov/articles/PMC5491464	2017	-5	Empagliflozin	30	mg/kg	oral	Zucker Diabetic Fatty	Rats			genetic		112.0	1+every1days	42	42	NCT00749190	ADULT,OLDER_ADULT	all	PHASE2	71.0	Empagliflozin	-0.27	5.0	1+every1days	84	84	420.0	4.73	0
PMC5491464	https://pmc.ncbi.nlm.nih.gov/articles/PMC5491464	2017	-4.3	Empagliflozin	10	mg/kg	oral	Zucker Diabetic Fatty	Rats			genetic		112.0	1+every1days	42	42	NCT00749190	ADULT,OLDER_ADULT	all	PHASE2	70.0	Empagliflozin	-0.49	50.0	1+every1days	84	84	4200.0	3.8099999999999996	0
PMC5491464	https://pmc.ncbi.nlm.nih.gov/articles/PMC5491464	2017	-5	Empagliflozin	30	mg/kg	oral	Zucker Diabetic Fatty	Rats			genetic		112.0	1+every1days	42	42	NCT00749190	ADULT,OLDER_ADULT	all	PHASE2	70.0	Empagliflozin	-0.49	50.0	1+every1days	84	84	4200.0	4.51	0
PMC5491464	https://pmc.ncbi.nlm.nih.gov/articles/PMC5491464	2017	-4.3	Empagliflozin	10	mg/kg	oral	Zucker Diabetic Fatty	Rats			genetic		112.0	1+every1days	42	42	NCT00749190	ADULT,OLDER_ADULT	all	PHASE2	70.0	Empagliflozin	-0.5	50.0	1+every1days	84	84	4200.0	3.8	0
PMC5491464	https://pmc.ncbi.nlm.nih.gov/articles/PMC5491464	2017	-5	Empagliflozin	30	mg/kg	oral	Zucker Diabetic Fatty	Rats			genetic		112.0	1+every1days	42	42	NCT00749190	ADULT,OLDER_ADULT	all	PHASE2	70.0	Empagliflozin	-0.5	50.0	1+every1days	84	84	4200.0	4.5	0
PMC5491464	https://pmc.ncbi.nlm.nih.gov/articles/PMC5491464	2017	-4.3	Empagliflozin	10	mg/kg	oral	Zucker Diabetic Fatty	Rats			genetic		112.0	1+every1days	42	42	NCT00749190	ADULT,OLDER_ADULT	all	PHASE2	70.0	Empagliflozin	-0.55	25.0	1+every1days	84	84	2100.0	3.75	0
PMC5491464	https://pmc.ncbi.nlm.nih.gov/articles/PMC5491464	2017	-5	Empagliflozin	30	mg/kg	oral	Zucker Diabetic Fatty	Rats			genetic		112.0	1+every1days	42	42	NCT00749190	ADULT,OLDER_ADULT	all	PHASE2	70.0	Empagliflozin	-0.55	25.0	1+every1days	84	84	2100.0	4.45	0
PMC5491464	https://pmc.ncbi.nlm.nih.gov/articles/PMC5491464	2017	-4.3	Empagliflozin	10	mg/kg	oral	Zucker Diabetic Fatty	Rats			genetic		112.0	1+every1days	42	42	NCT00749190	ADULT,OLDER_ADULT	all	PHASE2	71.0	Empagliflozin	-0.56	10.0	1+every1days	84	84	840.0	3.7399999999999998	0
PMC5491464	https://pmc.ncbi.nlm.nih.gov/articles/PMC5491464	2017	-5	Empagliflozin	30	mg/kg	oral	Zucker Diabetic Fatty	Rats			genetic		112.0	1+every1days	42	42	NCT00749190	ADULT,OLDER_ADULT	all	PHASE2	71.0	Empagliflozin	-0.56	10.0	1+every1days	84	84	840.0	4.4399999999999995	0
PMC5491464	https://pmc.ncbi.nlm.nih.gov/articles/PMC5491464	2017	-4.3	Empagliflozin	10	mg/kg	oral	Zucker Diabetic Fatty	Rats			genetic		112.0	1+every1days	42	42	NCT00749190	ADULT,OLDER_ADULT	all	PHASE2	71.0	Empagliflozin	-0.57	10.0	1+every1days	84	84	840.0	3.73	0
PMC5491464	https://pmc.ncbi.nlm.nih.gov/articles/PMC5491464	2017	-5	Empagliflozin	30	mg/kg	oral	Zucker Diabetic Fatty	Rats			genetic		112.0	1+every1days	42	42	NCT00749190	ADULT,OLDER_ADULT	all	PHASE2	71.0	Empagliflozin	-0.57	10.0	1+every1days	84	84	840.0	4.43	0
PMC5491464	https://pmc.ncbi.nlm.nih.gov/articles/PMC5491464	2017	-4.3	Empagliflozin	10	mg/kg	oral	Zucker Diabetic Fatty	Rats			genetic		112.0	1+every1days	42	42	NCT00749190	ADULT,OLDER_ADULT	all	PHASE2	70.0	Empagliflozin	-0.59	25.0	1+every1days	84	84	2100.0	3.71	0
PMC5491464	https://pmc.ncbi.nlm.nih.gov/articles/PMC5491464	2017	-5	Empagliflozin	30	mg/kg	oral	Zucker Diabetic Fatty	Rats			genetic		112.0	1+every1days	42	42	NCT00749190	ADULT,OLDER_ADULT	all	PHASE2	70.0	Empagliflozin	-0.59	25.0	1+every1days	84	84	2100.0	4.41	0
PMC4000968	https://pmc.ncbi.nlm.nih.gov/articles/PMC4000968	2014	-1.21	Sitagliptin Phosphate	10	mg/kg	oral	Zucker Diabetic Fatty	Rats		7.0	genetic		140.0	1+every1days	42	42	NCT00749190	ADULT,OLDER_ADULT	all	PHASE2	71.0	Sitagliptin Phosphate	-0.45	100.0	1+every1days	84	84	8400.0	0.76	1
PMC4000968	https://pmc.ncbi.nlm.nih.gov/articles/PMC4000968	2014	-1.21	Sitagliptin Phosphate	10	mg/kg	oral	Zucker Diabetic Fatty	Rats		7.0	genetic		140.0	1+every1days	42	42	NCT00749190	ADULT,OLDER_ADULT	all	PHASE2	71.0	Sitagliptin Phosphate	-0.45	100.0	1+every1days	84	84	8400.0	0.76	1
PMC3998187	https://pmc.ncbi.nlm.nih.gov/articles/PMC3998187	2014	-2	Sitagliptin Phosphate	10	mg/kg	oral	Zucker Diabetic Fatty	Rats	male	5.0	genetic		140.0	1+every1days	42	42	NCT00749190	ADULT,OLDER_ADULT	all	PHASE2	71.0	Sitagliptin Phosphate	-0.45	100.0	1+every1days	84	84	8400.0	1.55	0
PMC3998187	https://pmc.ncbi.nlm.nih.gov/articles/PMC3998187	2014	-2	Sitagliptin Phosphate	10	mg/kg	oral	Zucker Diabetic Fatty	Rats	male	5.0	genetic		140.0	1+every1days	42	42	NCT00749190	ADULT,OLDER_ADULT	all	PHASE2	71.0	Sitagliptin Phosphate	-0.45	100.0	1+every1days	84	84	8400.0	1.55	0
PMC2905949	https://pmc.ncbi.nlm.nih.gov/articles/PMC2905949	2010	-0.01	Sitagliptin Phosphate	10	mg/kg	oral	Zucker Diabetic Fatty	Rats	male	8.0	genetic		140.0	1+every1days	42	42	NCT00749190	ADULT,OLDER_ADULT	all	PHASE2	71.0	Sitagliptin Phosphate	-0.45	100.0	1+every1days	84	84	8400.0	-0.44	1
PMC3235777	https://pmc.ncbi.nlm.nih.gov/articles/PMC3235777	2011	-1.78	Sitagliptin Phosphate	10	mg/kg	oral	Zucker Diabetic Fatty	Rats	male	8.0	genetic		140.0	1+every1days	42	42	NCT00749190	ADULT,OLDER_ADULT	all	PHASE2	71.0	Sitagliptin Phosphate	-0.45	100.0	1+every1days	84	84	8400.0	1.33	0
PMC2905949	https://pmc.ncbi.nlm.nih.gov/articles/PMC2905949	2010	-0.01	Sitagliptin Phosphate	10	mg/kg	oral	Zucker Diabetic Fatty	Rats	male	8.0	genetic		140.0	1+every1days	42	42	NCT00749190	ADULT,OLDER_ADULT	all	PHASE2	71.0	Sitagliptin Phosphate	-0.45	100.0	1+every1days	84	84	8400.0	-0.44	1
PMC3235777	https://pmc.ncbi.nlm.nih.gov/articles/PMC3235777	2011	-1.78	Sitagliptin Phosphate	10	mg/kg	oral	Zucker Diabetic Fatty	Rats	male	8.0	genetic		140.0	1+every1days	42	42	NCT00749190	ADULT,OLDER_ADULT	all	PHASE2	71.0	Sitagliptin Phosphate	-0.45	100.0	1+every1days	84	84	8400.0	1.33	0
PMC4514850	https://pmc.ncbi.nlm.nih.gov/articles/PMC4514850	2015	-1.3	Sitagliptin Phosphate	100	mg/kg	oral	ICR	Mice	male	8.0	high-fat diet+streptozotocin		35.0	1+every1days	56	56	NCT00749190	ADULT,OLDER_ADULT	all	PHASE2	71.0	Sitagliptin Phosphate	-0.45	100.0	1+every1days	84	84	8400.0	0.8500000000000001	1
PMC4514850	https://pmc.ncbi.nlm.nih.gov/articles/PMC4514850	2015	-1.3	Sitagliptin Phosphate	100	mg/kg	oral	ICR	Mice	male	8.0	high-fat diet+streptozotocin		35.0	1+every1days	56	56	NCT00749190	ADULT,OLDER_ADULT	all	PHASE2	71.0	Sitagliptin Phosphate	-0.45	100.0	1+every1days	84	84	8400.0	0.8500000000000001	1
PMC3660563	https://pmc.ncbi.nlm.nih.gov/articles/PMC3660563	2013	-0.8	Sitagliptin Phosphate	1	mg/kg	oral	C57BLKS/J-db/db	Mice	male		genetic		42.0	1+every1days	42	42	NCT00749190	ADULT,OLDER_ADULT	all	PHASE2	71.0	Sitagliptin Phosphate	-0.45	100.0	1+every1days	84	84	8400.0	0.35000000000000003	1
PMC3660563	https://pmc.ncbi.nlm.nih.gov/articles/PMC3660563	2013	-0.8	Sitagliptin Phosphate	1	mg/kg	oral	C57BLKS/J-db/db	Mice	male		genetic		42.0	1+every1days	42	42	NCT00749190	ADULT,OLDER_ADULT	all	PHASE2	71.0	Sitagliptin Phosphate	-0.45	100.0	1+every1days	84	84	8400.0	0.35000000000000003	1
PMC6359811	https://pmc.ncbi.nlm.nih.gov/articles/PMC6359811	2019	-5	Empagliflozin	10	mg/kg	oral	KK-Ay	Mice		15.0	high-fat diet		56.0	1+every1days	70	70	NCT00749190	ADULT,OLDER_ADULT	all	PHASE2	71.0	Empagliflozin	-0.08	1.0	1+every1days	84	84	84.0	4.92	0
PMC6359811	https://pmc.ncbi.nlm.nih.gov/articles/PMC6359811	2019	-5	Empagliflozin	10	mg/kg	oral	KK-Ay	Mice		15.0	high-fat diet		56.0	1+every1days	70	70	NCT00749190	ADULT,OLDER_ADULT	all	PHASE2	71.0	Empagliflozin	-0.09	1.0	1+every1days	84	84	84.0	4.91	0
PMC6359811	https://pmc.ncbi.nlm.nih.gov/articles/PMC6359811	2019	-5	Empagliflozin	10	mg/kg	oral	KK-Ay	Mice		15.0	high-fat diet		56.0	1+every1days	70	70	NCT00749190	ADULT,OLDER_ADULT	all	PHASE2	71.0	Empagliflozin	-0.23	5.0	1+every1days	84	84	420.0	4.77	0
PMC6359811	https://pmc.ncbi.nlm.nih.gov/articles/PMC6359811	2019	-5	Empagliflozin	10	mg/kg	oral	KK-Ay	Mice		15.0	high-fat diet		56.0	1+every1days	70	70	NCT00749190	ADULT,OLDER_ADULT	all	PHASE2	71.0	Empagliflozin	-0.27	5.0	1+every1days	84	84	420.0	4.73	0
PMC6359811	https://pmc.ncbi.nlm.nih.gov/articles/PMC6359811	2019	-5	Empagliflozin	10	mg/kg	oral	KK-Ay	Mice		15.0	high-fat diet		56.0	1+every1days	70	70	NCT00749190	ADULT,OLDER_ADULT	all	PHASE2	70.0	Empagliflozin	-0.49	50.0	1+every1days	84	84	4200.0	4.51	0
PMC6359811	https://pmc.ncbi.nlm.nih.gov/articles/PMC6359811	2019	-5	Empagliflozin	10	mg/kg	oral	KK-Ay	Mice		15.0	high-fat diet		56.0	1+every1days	70	70	NCT00749190	ADULT,OLDER_ADULT	all	PHASE2	70.0	Empagliflozin	-0.5	50.0	1+every1days	84	84	4200.0	4.5	0
PMC6359811	https://pmc.ncbi.nlm.nih.gov/articles/PMC6359811	2019	-5	Empagliflozin	10	mg/kg	oral	KK-Ay	Mice		15.0	high-fat diet		56.0	1+every1days	70	70	NCT00749190	ADULT,OLDER_ADULT	all	PHASE2	70.0	Empagliflozin	-0.55	25.0	1+every1days	84	84	2100.0	4.45	0
PMC6359811	https://pmc.ncbi.nlm.nih.gov/articles/PMC6359811	2019	-5	Empagliflozin	10	mg/kg	oral	KK-Ay	Mice		15.0	high-fat diet		56.0	1+every1days	70	70	NCT00749190	ADULT,OLDER_ADULT	all	PHASE2	71.0	Empagliflozin	-0.56	10.0	1+every1days	84	84	840.0	4.4399999999999995	0
PMC6359811	https://pmc.ncbi.nlm.nih.gov/articles/PMC6359811	2019	-5	Empagliflozin	10	mg/kg	oral	KK-Ay	Mice		15.0	high-fat diet		56.0	1+every1days	70	70	NCT00749190	ADULT,OLDER_ADULT	all	PHASE2	71.0	Empagliflozin	-0.57	10.0	1+every1days	84	84	840.0	4.43	0
PMC6359811	https://pmc.ncbi.nlm.nih.gov/articles/PMC6359811	2019	-5	Empagliflozin	10	mg/kg	oral	KK-Ay	Mice		15.0	high-fat diet		56.0	1+every1days	70	70	NCT00749190	ADULT,OLDER_ADULT	all	PHASE2	70.0	Empagliflozin	-0.59	25.0	1+every1days	84	84	2100.0	4.41	0
PMC4514850	https://pmc.ncbi.nlm.nih.gov/articles/PMC4514850	2015	-0.9	Sitagliptin Phosphate	100	mg/kg	oral	db/db	Mice	male	5.0	genetic		56.0	1+every1days	28	28	NCT00749190	ADULT,OLDER_ADULT	all	PHASE2	71.0	Sitagliptin Phosphate	-0.45	100.0	1+every1days	84	84	8400.0	0.45	1
PMC4514850	https://pmc.ncbi.nlm.nih.gov/articles/PMC4514850	2015	-0.9	Sitagliptin Phosphate	100	mg/kg	oral	db/db	Mice	male	5.0	genetic		56.0	1+every1days	28	28	NCT00749190	ADULT,OLDER_ADULT	all	PHASE2	71.0	Sitagliptin Phosphate	-0.45	100.0	1+every1days	84	84	8400.0	0.45	1
PMC6681671	https://pmc.ncbi.nlm.nih.gov/articles/PMC6681671	2017	-1.4	Empagliflozin	10	mg/kg	oral	ob/ob	Mice	male	12.5	genetic		77.0	1+every1days	42	42	NCT00749190	ADULT,OLDER_ADULT	all	PHASE2	71.0	Empagliflozin	-0.08	1.0	1+every1days	84	84	84.0	1.3199999999999998	0
PMC6681671	https://pmc.ncbi.nlm.nih.gov/articles/PMC6681671	2017	-1.4	Empagliflozin	10	mg/kg	oral	ob/ob	Mice	male	12.5	genetic		77.0	1+every1days	42	42	NCT00749190	ADULT,OLDER_ADULT	all	PHASE2	71.0	Empagliflozin	-0.09	1.0	1+every1days	84	84	84.0	1.3099999999999998	0
PMC6681671	https://pmc.ncbi.nlm.nih.gov/articles/PMC6681671	2017	-1.4	Empagliflozin	10	mg/kg	oral	ob/ob	Mice	male	12.5	genetic		77.0	1+every1days	42	42	NCT00749190	ADULT,OLDER_ADULT	all	PHASE2	71.0	Empagliflozin	-0.23	5.0	1+every1days	84	84	420.0	1.17	0
PMC6681671	https://pmc.ncbi.nlm.nih.gov/articles/PMC6681671	2017	-1.4	Empagliflozin	10	mg/kg	oral	ob/ob	Mice	male	12.5	genetic		77.0	1+every1days	42	42	NCT00749190	ADULT,OLDER_ADULT	all	PHASE2	71.0	Empagliflozin	-0.27	5.0	1+every1days	84	84	420.0	1.13	0
PMC6681671	https://pmc.ncbi.nlm.nih.gov/articles/PMC6681671	2017	-1.4	Empagliflozin	10	mg/kg	oral	ob/ob	Mice	male	12.5	genetic		77.0	1+every1days	42	42	NCT00749190	ADULT,OLDER_ADULT	all	PHASE2	70.0	Empagliflozin	-0.49	50.0	1+every1days	84	84	4200.0	0.9099999999999999	1
PMC6681671	https://pmc.ncbi.nlm.nih.gov/articles/PMC6681671	2017	-1.4	Empagliflozin	10	mg/kg	oral	ob/ob	Mice	male	12.5	genetic		77.0	1+every1days	42	42	NCT00749190	ADULT,OLDER_ADULT	all	PHASE2	70.0	Empagliflozin	-0.5	50.0	1+every1days	84	84	4200.0	0.8999999999999999	1
PMC6681671	https://pmc.ncbi.nlm.nih.gov/articles/PMC6681671	2017	-1.4	Empagliflozin	10	mg/kg	oral	ob/ob	Mice	male	12.5	genetic		77.0	1+every1days	42	42	NCT00749190	ADULT,OLDER_ADULT	all	PHASE2	70.0	Empagliflozin	-0.55	25.0	1+every1days	84	84	2100.0	0.8499999999999999	1
PMC6681671	https://pmc.ncbi.nlm.nih.gov/articles/PMC6681671	2017	-1.4	Empagliflozin	10	mg/kg	oral	ob/ob	Mice	male	12.5	genetic		77.0	1+every1days	42	42	NCT00749190	ADULT,OLDER_ADULT	all	PHASE2	71.0	Empagliflozin	-0.56	10.0	1+every1days	84	84	840.0	0.8399999999999999	1
PMC6681671	https://pmc.ncbi.nlm.nih.gov/articles/PMC6681671	2017	-1.4	Empagliflozin	10	mg/kg	oral	ob/ob	Mice	male	12.5	genetic		77.0	1+every1days	42	42	NCT00749190	ADULT,OLDER_ADULT	all	PHASE2	71.0	Empagliflozin	-0.57	10.0	1+every1days	84	84	840.0	0.83	1
PMC6681671	https://pmc.ncbi.nlm.nih.gov/articles/PMC6681671	2017	-1.4	Empagliflozin	10	mg/kg	oral	ob/ob	Mice	male	12.5	genetic		77.0	1+every1days	42	42	NCT00749190	ADULT,OLDER_ADULT	all	PHASE2	70.0	Empagliflozin	-0.59	25.0	1+every1days	84	84	2100.0	0.8099999999999999	1
PMC9055162	https://pmc.ncbi.nlm.nih.gov/articles/PMC9055162	2020	-3.3	Exenatide	250	nmol/kg	subcutaneous	db/db	Mice	male		genetic			2+every7days	56	16	NCT00753896	ADULT,OLDER_ADULT	all	PHASE3	132.0	Exenatide	-0.78	0.002	1+every7days	364	52	0.10400000000000001	2.5199999999999996	0
PMC7189518	https://pmc.ncbi.nlm.nih.gov/articles/PMC7189518	2020	-0.87	Exenatide	0.6	mg/kg	oral	db/db	Mice	male	6.0	genetic			1+every1days	49	49	NCT00753896	ADULT,OLDER_ADULT	all	PHASE3	132.0	Exenatide	-0.78	0.002	1+every7days	364	52	0.10400000000000001	0.08999999999999997	1
PMC7189518	https://pmc.ncbi.nlm.nih.gov/articles/PMC7189518	2020	-1.16	Exenatide	0.6	mg/kg	oral	db/db	Mice	male	6.0	genetic			1+every1days	49	49	NCT00753896	ADULT,OLDER_ADULT	all	PHASE3	132.0	Exenatide	-0.78	0.002	1+every7days	364	52	0.10400000000000001	0.3799999999999999	1
PMC7189518	https://pmc.ncbi.nlm.nih.gov/articles/PMC7189518	2020	-1.21	Exenatide	0.06	mg/kg	subcutaneous	db/db	Mice	male	6.0	genetic			1+every1days	49	49	NCT00753896	ADULT,OLDER_ADULT	all	PHASE3	132.0	Exenatide	-0.78	0.002	1+every7days	364	52	0.10400000000000001	0.42999999999999994	1
PMC6369909	https://pmc.ncbi.nlm.nih.gov/articles/PMC6369909	2018	-3	Exenatide	20	μg/kg	subcutaneous	Sprague-Dawley	Rats	male	6.0	high-fat diet+streptozotocin	160.0		1+every1days	28	28	NCT00753896	ADULT,OLDER_ADULT	all	PHASE3	132.0	Exenatide	-0.78	0.002	1+every7days	364	52	0.10400000000000001	2.2199999999999998	0
PMC2948479	https://pmc.ncbi.nlm.nih.gov/articles/PMC2948479	2010	-2.2	Exenatide	3.5	pm/kg/min	subcutaneous	3xTg-AD	Mice	both	8.0	streptozotocin	30.0	352.5		112		NCT00753896	ADULT,OLDER_ADULT	all	PHASE3	132.0	Exenatide	-0.78	0.002	1+every7days	364	52	0.10400000000000001	1.4200000000000002	0
PMC4553314	https://pmc.ncbi.nlm.nih.gov/articles/PMC4553314	2015	-0.5	Exenatide	2	μg/kg	subcutaneous	db/db	Mice	female	10.0	genetic		45.5	2+every1days	43	86	NCT00753896	ADULT,OLDER_ADULT	all	PHASE3	132.0	Exenatide	-0.78	0.002	1+every7days	364	52	0.10400000000000001	-0.28	1
PMC4686834	https://pmc.ncbi.nlm.nih.gov/articles/PMC4686834	2015	-0.05	Exenatide	1	μg/kg	subcutaneous	C57BL/6	Mice	male	7.0	genetic		56.0	1+every1days	21	21	NCT00753896	ADULT,OLDER_ADULT	all	PHASE3	132.0	Exenatide	-0.78	0.002	1+every7days	364	52	0.10400000000000001	-0.73	1
PMC4686834	https://pmc.ncbi.nlm.nih.gov/articles/PMC4686834	2015	-0.2	Exenatide	10	μg/kg	subcutaneous	C57BL/6	Mice	male	7.0	genetic		56.0	1+every1days	21	21	NCT00753896	ADULT,OLDER_ADULT	all	PHASE3	132.0	Exenatide	-0.78	0.002	1+every7days	364	52	0.10400000000000001	-0.5800000000000001	1
PMC4237538	https://pmc.ncbi.nlm.nih.gov/articles/PMC4237538	2013	-1.9	Exenatide	0.03	mg/kg	subcutaneous	ob/ob	Mice	male		genetic	43.0	56.0	1+every1days	28	28	NCT00753896	ADULT,OLDER_ADULT	all	PHASE3	132.0	Exenatide	-0.78	0.002	1+every7days	364	52	0.10400000000000001	1.1199999999999999	0
PMC3913652	https://pmc.ncbi.nlm.nih.gov/articles/PMC3913652	2014	-0.55	Exenatide	30	nmol/kg	subcutaneous	ob/ob	Mice	male	10.0	genetic	43.9	56.0	1+every1days	28	28	NCT00753896	ADULT,OLDER_ADULT	all	PHASE3	132.0	Exenatide	-0.78	0.002	1+every7days	364	52	0.10400000000000001	-0.22999999999999998	1
PMC3654567	https://pmc.ncbi.nlm.nih.gov/articles/PMC3654567	2012	-1.8	Exenatide	250	μg/kg	subcutaneous	Zucker Diabetic Fatty	Rats	male		genetic		56.0	2+every1days	91	182	NCT00753896	ADULT,OLDER_ADULT	all	PHASE3	132.0	Exenatide	-0.78	0.002	1+every7days	364	52	0.10400000000000001	1.02	1
PMC3654567	https://pmc.ncbi.nlm.nih.gov/articles/PMC3654567	2012	-2	Exenatide	6	μg/kg	subcutaneous	Zucker Diabetic Fatty	Rats	male		genetic		56.0	2+every1days	91	182	NCT00753896	ADULT,OLDER_ADULT	all	PHASE3	132.0	Exenatide	-0.78	0.002	1+every7days	364	52	0.10400000000000001	1.22	0
PMC3654567	https://pmc.ncbi.nlm.nih.gov/articles/PMC3654567	2012	-2.9	Exenatide	40	μg/kg	subcutaneous	Zucker Diabetic Fatty	Rats	male		genetic		56.0	2+every1days	91	182	NCT00753896	ADULT,OLDER_ADULT	all	PHASE3	132.0	Exenatide	-0.78	0.002	1+every7days	364	52	0.10400000000000001	2.12	0
PMC5477380	https://pmc.ncbi.nlm.nih.gov/articles/PMC5477380	2017	-0.7	Exenatide	2	μg/kg	subcutaneous	KK-Ay	Mice	female	13.0	genetic		77.0	2+every1days	49	98	NCT00753896	ADULT,OLDER_ADULT	all	PHASE3	132.0	Exenatide	-0.78	0.002	1+every7days	364	52	0.10400000000000001	-0.08000000000000007	1
PMC5485244	https://pmc.ncbi.nlm.nih.gov/articles/PMC5485244	2017	-0.4	Metformin	500	mg/kg	oral	C57BL/6J	Mice	male	8.0	high-fat diet			1+every1days			NCT00780715	ADULT,OLDER_ADULT	all	PHASE4	8.0	Metformin	-1.59	500.0	1+every1days	180	180	90000.0	-1.19	0
PMC8657924	https://pmc.ncbi.nlm.nih.gov/articles/PMC8657924	2021	-4	Metformin	225	mg/kg	oral	Kunming	Mice	male	8.0	high-fat diet+streptozotocin	20.0		1+every1days	28	28	NCT00780715	ADULT,OLDER_ADULT	all	PHASE4	8.0	Metformin	-1.59	500.0	1+every1days	180	180	90000.0	2.41	0
PMC3462199	https://pmc.ncbi.nlm.nih.gov/articles/PMC3462199	2012	-0.4	Metformin	400	mg/kg	intraperitoneal	db/db	Mice	male	10.0	genetic	47.5		1+every1days	14	14	NCT00780715	ADULT,OLDER_ADULT	all	PHASE4	8.0	Metformin	-1.59	500.0	1+every1days	180	180	90000.0	-1.19	0
PMC3462199	https://pmc.ncbi.nlm.nih.gov/articles/PMC3462199	2012	-0.3	Metformin	400	mg/kg	intraperitoneal	db/db	Mice	male	12.0	genetic	47.5		1+every1days	14	14	NCT00780715	ADULT,OLDER_ADULT	all	PHASE4	8.0	Metformin	-1.59	500.0	1+every1days	180	180	90000.0	-1.29	0
PMC9313150	https://pmc.ncbi.nlm.nih.gov/articles/PMC9313150	2022	-2.1	Metformin	200	mg/kg	oral	Wistar	Rats	male		high-fat diet+streptozotocin	185.0		1+every1days	84	84	NCT00780715	ADULT,OLDER_ADULT	all	PHASE4	8.0	Metformin	-1.59	500.0	1+every1days	180	180	90000.0	0.51	1
PMC7092631	https://pmc.ncbi.nlm.nih.gov/articles/PMC7092631	2020	-0.82	Metformin	200	mg/kg	intragastric	Wistar	Rats	male	10.0	high-fat diet+streptozotocin	200.0		1+every1days	28	28	NCT00780715	ADULT,OLDER_ADULT	all	PHASE4	8.0	Metformin	-1.59	500.0	1+every1days	180	180	90000.0	-0.7700000000000001	1
PMC8800605	https://pmc.ncbi.nlm.nih.gov/articles/PMC8800605	2022	-0.21	Metformin	60	mg/kg	oral	Wistar	Rats	male	12.0	high-fat diet+streptozotocin	176.8		1+every1days	14	14	NCT00780715	ADULT,OLDER_ADULT	all	PHASE4	8.0	Metformin	-1.59	500.0	1+every1days	180	180	90000.0	-1.3800000000000001	0
PMC4826921	https://pmc.ncbi.nlm.nih.gov/articles/PMC4826921	2016	-1.6	Metformin	200	mg/kg	oral	Wistar	Rats	male	20.0	high-fat diet	110.0		1+every1days	60	60	NCT00780715	ADULT,OLDER_ADULT	all	PHASE4	8.0	Metformin	-1.59	500.0	1+every1days	180	180	90000.0	0.010000000000000009	1
PMC5663708	https://pmc.ncbi.nlm.nih.gov/articles/PMC5663708	2017	-2.2	Pioglitazone	36	mg/kg	oral	Wistar	Rats	male	6.0	streptozotocin+nicotinamide	180.0		1+every1days	15	15	NCT00780715	ADULT,OLDER_ADULT	all	PHASE4	5.0	Pioglitazone	-1.04	30.0	1+every1days	180	180	5400.0	1.1600000000000001	0
PMC7034448	https://pmc.ncbi.nlm.nih.gov/articles/PMC7034448	2020	-5.1	Metformin	500	mg/kg	oral	Wistar	Rats	male	6.0	high-fat diet+streptozotocin	190.0		1+every1days	30	30	NCT00780715	ADULT,OLDER_ADULT	all	PHASE4	8.0	Metformin	-1.59	500.0	1+every1days	180	180	90000.0	3.51	0
PMC4884299	https://pmc.ncbi.nlm.nih.gov/articles/PMC4884299	2016	-2.34	Metformin	150	mg/kg	oral	Wistar	Rats	male	6.0	streptozotocin+nicotinamide	280.0		1+every1days	42	42	NCT00780715	ADULT,OLDER_ADULT	all	PHASE4	8.0	Metformin	-1.59	500.0	1+every1days	180	180	90000.0	0.7499999999999998	1
PMC4743348	https://pmc.ncbi.nlm.nih.gov/articles/PMC4743348	2015	-5.15	Pioglitazone	20	mg/kg	oral	Wistar	Rats	male	8.0	high-fat diet+streptozotocin	175.0		1+every1days	21	21	NCT00780715	ADULT,OLDER_ADULT	all	PHASE4	5.0	Pioglitazone	-1.04	30.0	1+every1days	180	180	5400.0	4.11	0
PMC4743348	https://pmc.ncbi.nlm.nih.gov/articles/PMC4743348	2015	-4.3	Pioglitazone	20	mg/kg	oral	Wistar	Rats	male	8.0	streptozotocin	175.0		1+every1days	21	21	NCT00780715	ADULT,OLDER_ADULT	all	PHASE4	5.0	Pioglitazone	-1.04	30.0	1+every1days	180	180	5400.0	3.26	0
PMC9953164	https://pmc.ncbi.nlm.nih.gov/articles/PMC9953164	2023	-2.5	Metformin	200	mg/kg		Wistar	Rats	male	8.0	high-fat diet+streptozotocin	185.0		1+every1days	84	84	NCT00780715	ADULT,OLDER_ADULT	all	PHASE4	8.0	Metformin	-1.59	500.0	1+every1days	180	180	90000.0	0.9099999999999999	1
PMC9681650	https://pmc.ncbi.nlm.nih.gov/articles/PMC9681650	2022	-0.1	Metformin	60	mg/kg	oral	Wistar	Rats	male	12.0	high-fat diet+streptozotocin	176.8	120.0	1+every1days	14	14	NCT00780715	ADULT,OLDER_ADULT	all	PHASE4	8.0	Metformin	-1.59	500.0	1+every1days	180	180	90000.0	-1.49	0
PMC4000968	https://pmc.ncbi.nlm.nih.gov/articles/PMC4000968	2014	-1.21	Sitagliptin Phosphate	10	mg/kg	oral	Zucker Diabetic Fatty	Rats		7.0	genetic		140.0	1+every1days	42	42	NCT00780715	ADULT,OLDER_ADULT	all	PHASE4	5.0	Sitagliptin Phosphate	-0.58	100.0	1+every1days	180	180	18000.0	0.63	1
PMC4423537	https://pmc.ncbi.nlm.nih.gov/articles/PMC4423537	2013	-1.6	Metformin	300	mg/kg	oral	Otsuka Long-Evans Tokushima Fatty	Rats	male	14.0	genetic		140.0	1+every1days	84	84	NCT00780715	ADULT,OLDER_ADULT	all	PHASE4	8.0	Metformin	-1.59	500.0	1+every1days	180	180	90000.0	0.010000000000000009	1
PMC3998187	https://pmc.ncbi.nlm.nih.gov/articles/PMC3998187	2014	-2	Sitagliptin Phosphate	10	mg/kg	oral	Zucker Diabetic Fatty	Rats	male	5.0	genetic		140.0	1+every1days	42	42	NCT00780715	ADULT,OLDER_ADULT	all	PHASE4	5.0	Sitagliptin Phosphate	-0.58	100.0	1+every1days	180	180	18000.0	1.42	0
PMC2905949	https://pmc.ncbi.nlm.nih.gov/articles/PMC2905949	2010	-0.01	Sitagliptin Phosphate	10	mg/kg	oral	Zucker Diabetic Fatty	Rats	male	8.0	genetic		140.0	1+every1days	42	42	NCT00780715	ADULT,OLDER_ADULT	all	PHASE4	5.0	Sitagliptin Phosphate	-0.58	100.0	1+every1days	180	180	18000.0	-0.57	1
PMC3235777	https://pmc.ncbi.nlm.nih.gov/articles/PMC3235777	2011	-1.78	Sitagliptin Phosphate	10	mg/kg	oral	Zucker Diabetic Fatty	Rats	male	8.0	genetic		140.0	1+every1days	42	42	NCT00780715	ADULT,OLDER_ADULT	all	PHASE4	5.0	Sitagliptin Phosphate	-0.58	100.0	1+every1days	180	180	18000.0	1.2000000000000002	0
PMC9470898	https://pmc.ncbi.nlm.nih.gov/articles/PMC9470898	2022	-0.5	Metformin	0.1	% (w/w)	oral	NONcNZO10/LtJ	Mice	male	10.0	genetic		147.0		126		NCT00780715	ADULT,OLDER_ADULT	all	PHASE4	8.0	Metformin	-1.59	500.0	1+every1days	180	180	90000.0	-1.09	0
PMC5840580	https://pmc.ncbi.nlm.nih.gov/articles/PMC5840580	2017	-1.5	Metformin	300	mg/kg	oral	Otsuka Long-Evans Tokushima Fatty	Rats	male	6.0	high-fat diet		168.0	1+every1days	84	84	NCT00780715	ADULT,OLDER_ADULT	all	PHASE4	8.0	Metformin	-1.59	500.0	1+every1days	180	180	90000.0	-0.09000000000000008	1
PMC3465985	https://pmc.ncbi.nlm.nih.gov/articles/PMC3465985	2012	-1.31	Metformin	350	mg/kg	oral	Spontaneously Diabetic Torii	Rats	male	10.0	genetic		175.0	1+every1days	119	119	NCT00780715	ADULT,OLDER_ADULT	all	PHASE4	8.0	Metformin	-1.59	500.0	1+every1days	180	180	90000.0	-0.28	1
PMC5319739	https://pmc.ncbi.nlm.nih.gov/articles/PMC5319739	2017	-4.2	Metformin	50	mg/kg	gastric intubation	Psammomys obesus	Gerbillinae	male	30.0	high-fat diet	100.0	240.0	1+every1days	84	84	NCT00780715	ADULT,OLDER_ADULT	all	PHASE4	8.0	Metformin	-1.59	500.0	1+every1days	180	180	90000.0	2.6100000000000003	0
PMC9698742	https://pmc.ncbi.nlm.nih.gov/articles/PMC9698742	2022	-2.6	Metformin	200	mg/kg	oral	Wistar	Rats	male	5.0	streptozotocin	225.0	270.0	1+every1days	45	45	NCT00780715	ADULT,OLDER_ADULT	all	PHASE4	8.0	Metformin	-1.59	500.0	1+every1days	180	180	90000.0	1.01	1
PMC6540170	https://pmc.ncbi.nlm.nih.gov/articles/PMC6540170	Not Found	-4.1	Pioglitazone	0.01	% (w/w)	oral	C57BLKS/J-db/db	Mice	male	10.0	genetic		28.0	1+every1days	35	35	NCT00780715	ADULT,OLDER_ADULT	all	PHASE4	5.0	Pioglitazone	-1.04	30.0	1+every1days	180	180	5400.0	3.0599999999999996	0
PMC7727825	https://pmc.ncbi.nlm.nih.gov/articles/PMC7727825	2020	-3	Metformin	200	mg/kg	oral	C57BLKS/J-db/db	Mice	male	8.0	genetic		35.0	1+every1days	63	63	NCT00780715	ADULT,OLDER_ADULT	all	PHASE4	8.0	Metformin	-1.59	500.0	1+every1days	180	180	90000.0	1.41	0
PMC4514850	https://pmc.ncbi.nlm.nih.gov/articles/PMC4514850	2015	-1.3	Sitagliptin Phosphate	100	mg/kg	oral	ICR	Mice	male	8.0	high-fat diet+streptozotocin		35.0	1+every1days	56	56	NCT00780715	ADULT,OLDER_ADULT	all	PHASE4	5.0	Sitagliptin Phosphate	-0.58	100.0	1+every1days	180	180	18000.0	0.7200000000000001	1
PMC7598587	https://pmc.ncbi.nlm.nih.gov/articles/PMC7598587	2020	-1.85	Metformin	200	mg/kg	oral	C57BL/6N	Mice	male	8.0	high-fat diet+streptozotocin		38.5	1+every1days	28	28	NCT00780715	ADULT,OLDER_ADULT	all	PHASE4	8.0	Metformin	-1.59	500.0	1+every1days	180	180	90000.0	0.26	1
PMC4726511	https://pmc.ncbi.nlm.nih.gov/articles/PMC4726511	2016	-0.6	Metformin	10	mg/kg	oral	db/db	Mice		5.0	genetic		42.0	1+every1days	28	28	NCT00780715	ADULT,OLDER_ADULT	all	PHASE4	8.0	Metformin	-1.59	500.0	1+every1days	180	180	90000.0	-0.9900000000000001	1
PMC5485244	https://pmc.ncbi.nlm.nih.gov/articles/PMC5485244	2017	-0.4	Metformin	500	mg/kg	oral	C57BL/6J	Mice	male	16.0	high-fat diet		42.0	1+every1days	84	84	NCT00780715	ADULT,OLDER_ADULT	all	PHASE4	8.0	Metformin	-1.59	500.0	1+every1days	180	180	90000.0	-1.19	0
PMC3660563	https://pmc.ncbi.nlm.nih.gov/articles/PMC3660563	2013	-0.8	Sitagliptin Phosphate	1	mg/kg	oral	C57BLKS/J-db/db	Mice	male		genetic		42.0	1+every1days	42	42	NCT00780715	ADULT,OLDER_ADULT	all	PHASE4	5.0	Sitagliptin Phosphate	-0.58	100.0	1+every1days	180	180	18000.0	0.22000000000000008	1
PMC6273299	https://pmc.ncbi.nlm.nih.gov/articles/PMC6273299	2016	-1.3	Metformin	200	mg/kg		Zucker Diabetic Fatty	Rats	male	6.0	high-fat diet		42.0	1+every1days	84	84	NCT00780715	ADULT,OLDER_ADULT	all	PHASE4	8.0	Metformin	-1.59	500.0	1+every1days	180	180	90000.0	-0.29000000000000004	1
PMC6883099	https://pmc.ncbi.nlm.nih.gov/articles/PMC6883099	2019	-0.08	Pioglitazone	3	mg/kg	oral	KK-Ay	Mice	male	6.0	high-fat diet		49.0	1+every1days	28	28	NCT00780715	ADULT,OLDER_ADULT	all	PHASE4	5.0	Pioglitazone	-1.04	30.0	1+every1days	180	180	5400.0	-0.9600000000000001	1
PMC6883099	https://pmc.ncbi.nlm.nih.gov/articles/PMC6883099	2019	-1.83	Pioglitazone	10	mg/kg	oral	KK-Ay	Mice	male	6.0	high-fat diet		49.0	1+every1days	28	28	NCT00780715	ADULT,OLDER_ADULT	all	PHASE4	5.0	Pioglitazone	-1.04	30.0	1+every1days	180	180	5400.0	0.79	1
PMC6883099	https://pmc.ncbi.nlm.nih.gov/articles/PMC6883099	2019	-2.51	Pioglitazone	30	mg/kg	oral	KK-Ay	Mice	male	6.0	high-fat diet		49.0	1+every1days	28	28	NCT00780715	ADULT,OLDER_ADULT	all	PHASE4	5.0	Pioglitazone	-1.04	30.0	1+every1days	180	180	5400.0	1.4699999999999998	0
PMC3327803	https://pmc.ncbi.nlm.nih.gov/articles/PMC3327803	2012	0.3	Metformin	200	mg/kg	intraperitoneal	db/db	Mice	male	11.0	genetic		49.0	1+every1days	126	126	NCT00780715	ADULT,OLDER_ADULT	all	PHASE4	8.0	Metformin	-1.59	500.0	1+every1days	180	180	90000.0	-1.8900000000000001	0
PMC4304810	https://pmc.ncbi.nlm.nih.gov/articles/PMC4304810	2015	-4.6	Pioglitazone	10	mg/kg	oral	Zucker Diabetic Fatty	Rats	male		genetic		49.0	1+every1days	42	42	NCT00780715	ADULT,OLDER_ADULT	all	PHASE4	5.0	Pioglitazone	-1.04	30.0	1+every1days	180	180	5400.0	3.5599999999999996	0
PMC3907559	https://pmc.ncbi.nlm.nih.gov/articles/PMC3907559	2014	-4	Pioglitazone	30	mg/kg	oral	Zucker Diabetic Fatty	Rats	male	10.0	genetic		49.0	2+every1days	32	64	NCT00780715	ADULT,OLDER_ADULT	all	PHASE4	5.0	Pioglitazone	-1.04	30.0	1+every1days	180	180	5400.0	2.96	0
PMC3907559	https://pmc.ncbi.nlm.nih.gov/articles/PMC3907559	2014	-3	Metformin	200	mg/kg	oral	Zucker Diabetic Fatty	Rats	male	10.0	genetic		49.0	2+every1days	32	64	NCT00780715	ADULT,OLDER_ADULT	all	PHASE4	8.0	Metformin	-1.59	500.0	1+every1days	180	180	90000.0	1.41	0
PMC7381706	https://pmc.ncbi.nlm.nih.gov/articles/PMC7381706	2020	-0.1	Metformin	250	mg/kg	oral	ob/ob	Mice	male	8.0	genetic		52.5	1+every1days	26	26	NCT00780715	ADULT,OLDER_ADULT	all	PHASE4	8.0	Metformin	-1.59	500.0	1+every1days	180	180	90000.0	-1.49	0
PMC10203393	https://pmc.ncbi.nlm.nih.gov/articles/PMC10203393	2023	-5.5	Metformin	0.2	g/kg	oral	Sprague-Dawley	Rats	male	8.0	high-fat diet+streptozotocin	150.0	52.5	1+every1days	70	70	NCT00780715	ADULT,OLDER_ADULT	all	PHASE4	8.0	Metformin	-1.59	500.0	1+every1days	180	180	90000.0	3.91	0
PMC10323656	https://pmc.ncbi.nlm.nih.gov/articles/PMC10323656	2023	-1.1	Metformin	200	mg/kg	oral gavage	C57BL/6	Mice	male	12.0	high-fat diet+streptozotocin	24.0	56.0	1+every1days	28	28	NCT00780715	ADULT,OLDER_ADULT	all	PHASE4	8.0	Metformin	-1.59	500.0	1+every1days	180	180	90000.0	-0.49	1
PMC5207690	https://pmc.ncbi.nlm.nih.gov/articles/PMC5207690	2017	-0.95	Pioglitazone	4.5	mg/kg	oral	KK-Ay	Mice	male	10.0	high-fat diet		56.0	1+every1days	70	70	NCT00780715	ADULT,OLDER_ADULT	all	PHASE4	5.0	Pioglitazone	-1.04	30.0	1+every1days	180	180	5400.0	-0.09000000000000008	1
PMC3855476	https://pmc.ncbi.nlm.nih.gov/articles/PMC3855476	2014	-0.7	Metformin	300	mg/kg	oral	db/db	Mice	male	10.0	genetic	44.0	56.0	1+every1days	14	14	NCT00780715	ADULT,OLDER_ADULT	all	PHASE4	8.0	Metformin	-1.59	500.0	1+every1days	180	180	90000.0	-0.8900000000000001	1
PMC4514850	https://pmc.ncbi.nlm.nih.gov/articles/PMC4514850	2015	-0.9	Sitagliptin Phosphate	100	mg/kg	oral	db/db	Mice	male	5.0	genetic		56.0	1+every1days	28	28	NCT00780715	ADULT,OLDER_ADULT	all	PHASE4	5.0	Sitagliptin Phosphate	-0.58	100.0	1+every1days	180	180	18000.0	0.32000000000000006	1
PMC5360432	https://pmc.ncbi.nlm.nih.gov/articles/PMC5360432	2017	-1.6	Pioglitazone	10	mg/kg	oral	ob/ob	Mice	male	7.0	genetic		56.0	2+every1days	28	56	NCT00780715	ADULT,OLDER_ADULT	all	PHASE4	5.0	Pioglitazone	-1.04	30.0	1+every1days	180	180	5400.0	0.56	1
PMC5881648	https://pmc.ncbi.nlm.nih.gov/articles/PMC5881648	2018	-3.3	Metformin	200	mg/kg	gavage	Sprague-Dawley	Rats	male	10.0	streptozotocin	200.0	56.0	1+every1days	77	77	NCT00780715	ADULT,OLDER_ADULT	all	PHASE4	8.0	Metformin	-1.59	500.0	1+every1days	180	180	90000.0	1.7099999999999997	0
PMC4444588	https://pmc.ncbi.nlm.nih.gov/articles/PMC4444588	2015	-4	Metformin	500	mg/kg	intragastric	Sprague-Dawley	Rats	male	7.0	high-fat diet+streptozotocin	190.0	60.0	1+every1days	56	56	NCT00780715	ADULT,OLDER_ADULT	all	PHASE4	8.0	Metformin	-1.59	500.0	1+every1days	180	180	90000.0	2.41	0
PMC4444588	https://pmc.ncbi.nlm.nih.gov/articles/PMC4444588	2015	-1	Metformin	150	mg/kg	intragastric	Sprague-Dawley	Rats	male	8.0	high-fat diet+streptozotocin	190.0	60.0	1+every1days	56	56	NCT00780715	ADULT,OLDER_ADULT	all	PHASE4	8.0	Metformin	-1.59	500.0	1+every1days	180	180	90000.0	-0.5900000000000001	1
PMC4444588	https://pmc.ncbi.nlm.nih.gov/articles/PMC4444588	2015	-2	Metformin	300	mg/kg	intragastric	Sprague-Dawley	Rats	male	8.0	high-fat diet+streptozotocin	190.0	60.0	1+every1days	56	56	NCT00780715	ADULT,OLDER_ADULT	all	PHASE4	8.0	Metformin	-1.59	500.0	1+every1days	180	180	90000.0	0.4099999999999999	1
PMC4457365	https://pmc.ncbi.nlm.nih.gov/articles/PMC4457365	2014	-2.2	Pioglitazone	2.5	mg/kg	oral	UCD-T2DM	Rats	male	32.0	genetic		60.0	1+every1days	365	365	NCT00780715	ADULT,OLDER_ADULT	all	PHASE4	5.0	Pioglitazone	-1.04	30.0	1+every1days	180	180	5400.0	1.1600000000000001	0
PMC4097088	https://pmc.ncbi.nlm.nih.gov/articles/PMC4097088	2014	-0.6	Metformin	300	mg/kg	oral	C57BL/6	Mice		8.0	high-fat diet		70.0	1+every1days	14	14	NCT00780715	ADULT,OLDER_ADULT	all	PHASE4	8.0	Metformin	-1.59	500.0	1+every1days	180	180	90000.0	-0.9900000000000001	1
PMC9457892	https://pmc.ncbi.nlm.nih.gov/articles/PMC9457892	2022	-4.3	Metformin	150	mg/kg	oral	C57BL/6	Mice	male	8.0	streptozotocin	27.5	70.0	1+every1days	42	42	NCT00780715	ADULT,OLDER_ADULT	all	PHASE4	8.0	Metformin	-1.59	500.0	1+every1days	180	180	90000.0	2.71	0
PMC8745465	https://pmc.ncbi.nlm.nih.gov/articles/PMC8745465	2021	-1.51	Metformin	120	mg/kg	oral	Wistar	Rats	male	30.0	high-fat diet+streptozotocin	170.0	70.0	1+every1days	35	35	NCT00780715	ADULT,OLDER_ADULT	all	PHASE4	8.0	Metformin	-1.59	500.0	1+every1days	180	180	90000.0	-0.08000000000000007	1
PMC4880722	https://pmc.ncbi.nlm.nih.gov/articles/PMC4880722	2016	-3.2	Pioglitazone	30	mg/kg	oral	Zucker Diabetic Fatty	Rats	male	8.0	genetic		70.0	1+every1days	42	42	NCT00780715	ADULT,OLDER_ADULT	all	PHASE4	5.0	Pioglitazone	-1.04	30.0	1+every1days	180	180	5400.0	2.16	0
PMC4791042	https://pmc.ncbi.nlm.nih.gov/articles/PMC4791042	2015	-4.5	Pioglitazone	32.19	mg/kg	oral	Zucker Diabetic Fatty	Rats	male	9.0	genetic		80.5	1+every1days	49	49	NCT00780715	ADULT,OLDER_ADULT	all	PHASE4	5.0	Pioglitazone	-1.04	30.0	1+every1days	180	180	5400.0	3.46	0
PMC5485244	https://pmc.ncbi.nlm.nih.gov/articles/PMC5485244	2017	-0.4	Metformin	500	mg/kg	oral	C57BL/6J	Mice	male	8.0	high-fat diet			1+every1days			NCT00789035	ADULT,OLDER_ADULT	all	PHASE2	80.0	Metformin	-0.75	500.0	2+every1days	84	168	84000.0	-0.35	1
PMC5485244	https://pmc.ncbi.nlm.nih.gov/articles/PMC5485244	2017	-0.4	Metformin	500	mg/kg	oral	C57BL/6J	Mice	male	8.0	high-fat diet			1+every1days			NCT00789035	ADULT,OLDER_ADULT	all	PHASE2	80.0	Metformin	-0.78	500.0	2+every1days	84	168	84000.0	-0.38	1
PMC8657924	https://pmc.ncbi.nlm.nih.gov/articles/PMC8657924	2021	-4	Metformin	225	mg/kg	oral	Kunming	Mice	male	8.0	high-fat diet+streptozotocin	20.0		1+every1days	28	28	NCT00789035	ADULT,OLDER_ADULT	all	PHASE2	80.0	Metformin	-0.75	500.0	2+every1days	84	168	84000.0	3.25	0
PMC8657924	https://pmc.ncbi.nlm.nih.gov/articles/PMC8657924	2021	-4	Metformin	225	mg/kg	oral	Kunming	Mice	male	8.0	high-fat diet+streptozotocin	20.0		1+every1days	28	28	NCT00789035	ADULT,OLDER_ADULT	all	PHASE2	80.0	Metformin	-0.78	500.0	2+every1days	84	168	84000.0	3.2199999999999998	0
PMC3462199	https://pmc.ncbi.nlm.nih.gov/articles/PMC3462199	2012	-0.4	Metformin	400	mg/kg	intraperitoneal	db/db	Mice	male	10.0	genetic	47.5		1+every1days	14	14	NCT00789035	ADULT,OLDER_ADULT	all	PHASE2	80.0	Metformin	-0.75	500.0	2+every1days	84	168	84000.0	-0.35	1
PMC3462199	https://pmc.ncbi.nlm.nih.gov/articles/PMC3462199	2012	-0.4	Metformin	400	mg/kg	intraperitoneal	db/db	Mice	male	10.0	genetic	47.5		1+every1days	14	14	NCT00789035	ADULT,OLDER_ADULT	all	PHASE2	80.0	Metformin	-0.78	500.0	2+every1days	84	168	84000.0	-0.38	1
PMC3462199	https://pmc.ncbi.nlm.nih.gov/articles/PMC3462199	2012	-0.3	Metformin	400	mg/kg	intraperitoneal	db/db	Mice	male	12.0	genetic	47.5		1+every1days	14	14	NCT00789035	ADULT,OLDER_ADULT	all	PHASE2	80.0	Metformin	-0.75	500.0	2+every1days	84	168	84000.0	-0.45	1
PMC3462199	https://pmc.ncbi.nlm.nih.gov/articles/PMC3462199	2012	-0.3	Metformin	400	mg/kg	intraperitoneal	db/db	Mice	male	12.0	genetic	47.5		1+every1days	14	14	NCT00789035	ADULT,OLDER_ADULT	all	PHASE2	80.0	Metformin	-0.78	500.0	2+every1days	84	168	84000.0	-0.48000000000000004	1
PMC9313150	https://pmc.ncbi.nlm.nih.gov/articles/PMC9313150	2022	-2.1	Metformin	200	mg/kg	oral	Wistar	Rats	male		high-fat diet+streptozotocin	185.0		1+every1days	84	84	NCT00789035	ADULT,OLDER_ADULT	all	PHASE2	80.0	Metformin	-0.75	500.0	2+every1days	84	168	84000.0	1.35	0
PMC9313150	https://pmc.ncbi.nlm.nih.gov/articles/PMC9313150	2022	-2.1	Metformin	200	mg/kg	oral	Wistar	Rats	male		high-fat diet+streptozotocin	185.0		1+every1days	84	84	NCT00789035	ADULT,OLDER_ADULT	all	PHASE2	80.0	Metformin	-0.78	500.0	2+every1days	84	168	84000.0	1.32	0
PMC7092631	https://pmc.ncbi.nlm.nih.gov/articles/PMC7092631	2020	-0.18	Empagliflozin	10	mg/kg	intragastric	Wistar	Rats	male	10.0	high-fat diet+streptozotocin	200.0		1+every1days	28	28	NCT00789035	ADULT,OLDER_ADULT	all	PHASE2	81.0	Empagliflozin	-0.43	5.0	1+every1days	84	84	420.0	-0.25	1
PMC7092631	https://pmc.ncbi.nlm.nih.gov/articles/PMC7092631	2020	-0.18	Empagliflozin	10	mg/kg	intragastric	Wistar	Rats	male	10.0	high-fat diet+streptozotocin	200.0		1+every1days	28	28	NCT00789035	ADULT,OLDER_ADULT	all	PHASE2	81.0	Empagliflozin	-0.47	5.0	1+every1days	84	84	420.0	-0.29	1
PMC7092631	https://pmc.ncbi.nlm.nih.gov/articles/PMC7092631	2020	-0.18	Empagliflozin	10	mg/kg	intragastric	Wistar	Rats	male	10.0	high-fat diet+streptozotocin	200.0		1+every1days	28	28	NCT00789035	ADULT,OLDER_ADULT	all	PHASE2	81.0	Empagliflozin	-0.48	10.0	1+every1days	84	84	840.0	-0.3	1
PMC7092631	https://pmc.ncbi.nlm.nih.gov/articles/PMC7092631	2020	-0.18	Empagliflozin	10	mg/kg	intragastric	Wistar	Rats	male	10.0	high-fat diet+streptozotocin	200.0		1+every1days	28	28	NCT00789035	ADULT,OLDER_ADULT	all	PHASE2	81.0	Empagliflozin	-0.53	10.0	1+every1days	84	84	840.0	-0.35000000000000003	1
PMC7092631	https://pmc.ncbi.nlm.nih.gov/articles/PMC7092631	2020	-0.18	Empagliflozin	10	mg/kg	intragastric	Wistar	Rats	male	10.0	high-fat diet+streptozotocin	200.0		1+every1days	28	28	NCT00789035	ADULT,OLDER_ADULT	all	PHASE2	82.0	Empagliflozin	-0.63	25.0	1+every1days	84	84	2100.0	-0.45	1
PMC7092631	https://pmc.ncbi.nlm.nih.gov/articles/PMC7092631	2020	-0.18	Empagliflozin	10	mg/kg	intragastric	Wistar	Rats	male	10.0	high-fat diet+streptozotocin	200.0		1+every1days	28	28	NCT00789035	ADULT,OLDER_ADULT	all	PHASE2	82.0	Empagliflozin	-0.66	25.0	1+every1days	84	84	2100.0	-0.48000000000000004	1
PMC7092631	https://pmc.ncbi.nlm.nih.gov/articles/PMC7092631	2020	-0.82	Metformin	200	mg/kg	intragastric	Wistar	Rats	male	10.0	high-fat diet+streptozotocin	200.0		1+every1days	28	28	NCT00789035	ADULT,OLDER_ADULT	all	PHASE2	80.0	Metformin	-0.75	500.0	2+every1days	84	168	84000.0	0.06999999999999995	1
PMC7092631	https://pmc.ncbi.nlm.nih.gov/articles/PMC7092631	2020	-0.82	Metformin	200	mg/kg	intragastric	Wistar	Rats	male	10.0	high-fat diet+streptozotocin	200.0		1+every1days	28	28	NCT00789035	ADULT,OLDER_ADULT	all	PHASE2	80.0	Metformin	-0.78	500.0	2+every1days	84	168	84000.0	0.039999999999999925	1
PMC8800605	https://pmc.ncbi.nlm.nih.gov/articles/PMC8800605	2022	-0.21	Metformin	60	mg/kg	oral	Wistar	Rats	male	12.0	high-fat diet+streptozotocin	176.8		1+every1days	14	14	NCT00789035	ADULT,OLDER_ADULT	all	PHASE2	80.0	Metformin	-0.75	500.0	2+every1days	84	168	84000.0	-0.54	1
PMC8800605	https://pmc.ncbi.nlm.nih.gov/articles/PMC8800605	2022	-0.21	Metformin	60	mg/kg	oral	Wistar	Rats	male	12.0	high-fat diet+streptozotocin	176.8		1+every1days	14	14	NCT00789035	ADULT,OLDER_ADULT	all	PHASE2	80.0	Metformin	-0.78	500.0	2+every1days	84	168	84000.0	-0.5700000000000001	1
PMC4826921	https://pmc.ncbi.nlm.nih.gov/articles/PMC4826921	2016	-1.6	Metformin	200	mg/kg	oral	Wistar	Rats	male	20.0	high-fat diet	110.0		1+every1days	60	60	NCT00789035	ADULT,OLDER_ADULT	all	PHASE2	80.0	Metformin	-0.75	500.0	2+every1days	84	168	84000.0	0.8500000000000001	1
PMC4826921	https://pmc.ncbi.nlm.nih.gov/articles/PMC4826921	2016	-1.6	Metformin	200	mg/kg	oral	Wistar	Rats	male	20.0	high-fat diet	110.0		1+every1days	60	60	NCT00789035	ADULT,OLDER_ADULT	all	PHASE2	80.0	Metformin	-0.78	500.0	2+every1days	84	168	84000.0	0.8200000000000001	1
PMC7034448	https://pmc.ncbi.nlm.nih.gov/articles/PMC7034448	2020	-5.1	Metformin	500	mg/kg	oral	Wistar	Rats	male	6.0	high-fat diet+streptozotocin	190.0		1+every1days	30	30	NCT00789035	ADULT,OLDER_ADULT	all	PHASE2	80.0	Metformin	-0.75	500.0	2+every1days	84	168	84000.0	4.35	0
PMC7034448	https://pmc.ncbi.nlm.nih.gov/articles/PMC7034448	2020	-5.1	Metformin	500	mg/kg	oral	Wistar	Rats	male	6.0	high-fat diet+streptozotocin	190.0		1+every1days	30	30	NCT00789035	ADULT,OLDER_ADULT	all	PHASE2	80.0	Metformin	-0.78	500.0	2+every1days	84	168	84000.0	4.319999999999999	0
PMC4884299	https://pmc.ncbi.nlm.nih.gov/articles/PMC4884299	2016	-2.34	Metformin	150	mg/kg	oral	Wistar	Rats	male	6.0	streptozotocin+nicotinamide	280.0		1+every1days	42	42	NCT00789035	ADULT,OLDER_ADULT	all	PHASE2	80.0	Metformin	-0.75	500.0	2+every1days	84	168	84000.0	1.5899999999999999	0
PMC4884299	https://pmc.ncbi.nlm.nih.gov/articles/PMC4884299	2016	-2.34	Metformin	150	mg/kg	oral	Wistar	Rats	male	6.0	streptozotocin+nicotinamide	280.0		1+every1days	42	42	NCT00789035	ADULT,OLDER_ADULT	all	PHASE2	80.0	Metformin	-0.78	500.0	2+every1days	84	168	84000.0	1.5599999999999998	0
PMC9953164	https://pmc.ncbi.nlm.nih.gov/articles/PMC9953164	2023	-2.5	Metformin	200	mg/kg		Wistar	Rats	male	8.0	high-fat diet+streptozotocin	185.0		1+every1days	84	84	NCT00789035	ADULT,OLDER_ADULT	all	PHASE2	80.0	Metformin	-0.75	500.0	2+every1days	84	168	84000.0	1.75	0
PMC9953164	https://pmc.ncbi.nlm.nih.gov/articles/PMC9953164	2023	-2.5	Metformin	200	mg/kg		Wistar	Rats	male	8.0	high-fat diet+streptozotocin	185.0		1+every1days	84	84	NCT00789035	ADULT,OLDER_ADULT	all	PHASE2	80.0	Metformin	-0.78	500.0	2+every1days	84	168	84000.0	1.72	0
PMC5491464	https://pmc.ncbi.nlm.nih.gov/articles/PMC5491464	2017	-4.3	Empagliflozin	10	mg/kg	oral	Zucker Diabetic Fatty	Rats			genetic		112.0	1+every1days	42	42	NCT00789035	ADULT,OLDER_ADULT	all	PHASE2	81.0	Empagliflozin	-0.43	5.0	1+every1days	84	84	420.0	3.8699999999999997	0
PMC5491464	https://pmc.ncbi.nlm.nih.gov/articles/PMC5491464	2017	-5	Empagliflozin	30	mg/kg	oral	Zucker Diabetic Fatty	Rats			genetic		112.0	1+every1days	42	42	NCT00789035	ADULT,OLDER_ADULT	all	PHASE2	81.0	Empagliflozin	-0.43	5.0	1+every1days	84	84	420.0	4.57	0
PMC5491464	https://pmc.ncbi.nlm.nih.gov/articles/PMC5491464	2017	-4.3	Empagliflozin	10	mg/kg	oral	Zucker Diabetic Fatty	Rats			genetic		112.0	1+every1days	42	42	NCT00789035	ADULT,OLDER_ADULT	all	PHASE2	81.0	Empagliflozin	-0.47	5.0	1+every1days	84	84	420.0	3.83	0
PMC5491464	https://pmc.ncbi.nlm.nih.gov/articles/PMC5491464	2017	-5	Empagliflozin	30	mg/kg	oral	Zucker Diabetic Fatty	Rats			genetic		112.0	1+every1days	42	42	NCT00789035	ADULT,OLDER_ADULT	all	PHASE2	81.0	Empagliflozin	-0.47	5.0	1+every1days	84	84	420.0	4.53	0
PMC5491464	https://pmc.ncbi.nlm.nih.gov/articles/PMC5491464	2017	-4.3	Empagliflozin	10	mg/kg	oral	Zucker Diabetic Fatty	Rats			genetic		112.0	1+every1days	42	42	NCT00789035	ADULT,OLDER_ADULT	all	PHASE2	81.0	Empagliflozin	-0.48	10.0	1+every1days	84	84	840.0	3.82	0
PMC5491464	https://pmc.ncbi.nlm.nih.gov/articles/PMC5491464	2017	-5	Empagliflozin	30	mg/kg	oral	Zucker Diabetic Fatty	Rats			genetic		112.0	1+every1days	42	42	NCT00789035	ADULT,OLDER_ADULT	all	PHASE2	81.0	Empagliflozin	-0.48	10.0	1+every1days	84	84	840.0	4.52	0
PMC5491464	https://pmc.ncbi.nlm.nih.gov/articles/PMC5491464	2017	-4.3	Empagliflozin	10	mg/kg	oral	Zucker Diabetic Fatty	Rats			genetic		112.0	1+every1days	42	42	NCT00789035	ADULT,OLDER_ADULT	all	PHASE2	81.0	Empagliflozin	-0.53	10.0	1+every1days	84	84	840.0	3.7699999999999996	0
PMC5491464	https://pmc.ncbi.nlm.nih.gov/articles/PMC5491464	2017	-5	Empagliflozin	30	mg/kg	oral	Zucker Diabetic Fatty	Rats			genetic		112.0	1+every1days	42	42	NCT00789035	ADULT,OLDER_ADULT	all	PHASE2	81.0	Empagliflozin	-0.53	10.0	1+every1days	84	84	840.0	4.47	0
PMC5491464	https://pmc.ncbi.nlm.nih.gov/articles/PMC5491464	2017	-4.3	Empagliflozin	10	mg/kg	oral	Zucker Diabetic Fatty	Rats			genetic		112.0	1+every1days	42	42	NCT00789035	ADULT,OLDER_ADULT	all	PHASE2	82.0	Empagliflozin	-0.63	25.0	1+every1days	84	84	2100.0	3.67	0
PMC5491464	https://pmc.ncbi.nlm.nih.gov/articles/PMC5491464	2017	-5	Empagliflozin	30	mg/kg	oral	Zucker Diabetic Fatty	Rats			genetic		112.0	1+every1days	42	42	NCT00789035	ADULT,OLDER_ADULT	all	PHASE2	82.0	Empagliflozin	-0.63	25.0	1+every1days	84	84	2100.0	4.37	0
PMC5491464	https://pmc.ncbi.nlm.nih.gov/articles/PMC5491464	2017	-4.3	Empagliflozin	10	mg/kg	oral	Zucker Diabetic Fatty	Rats			genetic		112.0	1+every1days	42	42	NCT00789035	ADULT,OLDER_ADULT	all	PHASE2	82.0	Empagliflozin	-0.66	25.0	1+every1days	84	84	2100.0	3.6399999999999997	0
PMC5491464	https://pmc.ncbi.nlm.nih.gov/articles/PMC5491464	2017	-5	Empagliflozin	30	mg/kg	oral	Zucker Diabetic Fatty	Rats			genetic		112.0	1+every1days	42	42	NCT00789035	ADULT,OLDER_ADULT	all	PHASE2	82.0	Empagliflozin	-0.66	25.0	1+every1days	84	84	2100.0	4.34	0
PMC9681650	https://pmc.ncbi.nlm.nih.gov/articles/PMC9681650	2022	-0.1	Metformin	60	mg/kg	oral	Wistar	Rats	male	12.0	high-fat diet+streptozotocin	176.8	120.0	1+every1days	14	14	NCT00789035	ADULT,OLDER_ADULT	all	PHASE2	80.0	Metformin	-0.75	500.0	2+every1days	84	168	84000.0	-0.65	1
PMC9681650	https://pmc.ncbi.nlm.nih.gov/articles/PMC9681650	2022	-0.1	Metformin	60	mg/kg	oral	Wistar	Rats	male	12.0	high-fat diet+streptozotocin	176.8	120.0	1+every1days	14	14	NCT00789035	ADULT,OLDER_ADULT	all	PHASE2	80.0	Metformin	-0.78	500.0	2+every1days	84	168	84000.0	-0.68	1
PMC4423537	https://pmc.ncbi.nlm.nih.gov/articles/PMC4423537	2013	-1.6	Metformin	300	mg/kg	oral	Otsuka Long-Evans Tokushima Fatty	Rats	male	14.0	genetic		140.0	1+every1days	84	84	NCT00789035	ADULT,OLDER_ADULT	all	PHASE2	80.0	Metformin	-0.75	500.0	2+every1days	84	168	84000.0	0.8500000000000001	1
PMC4423537	https://pmc.ncbi.nlm.nih.gov/articles/PMC4423537	2013	-1.6	Metformin	300	mg/kg	oral	Otsuka Long-Evans Tokushima Fatty	Rats	male	14.0	genetic		140.0	1+every1days	84	84	NCT00789035	ADULT,OLDER_ADULT	all	PHASE2	80.0	Metformin	-0.78	500.0	2+every1days	84	168	84000.0	0.8200000000000001	1
PMC9470898	https://pmc.ncbi.nlm.nih.gov/articles/PMC9470898	2022	-0.5	Metformin	0.1	% (w/w)	oral	NONcNZO10/LtJ	Mice	male	10.0	genetic		147.0		126		NCT00789035	ADULT,OLDER_ADULT	all	PHASE2	80.0	Metformin	-0.75	500.0	2+every1days	84	168	84000.0	-0.25	1
PMC9470898	https://pmc.ncbi.nlm.nih.gov/articles/PMC9470898	2022	-0.5	Metformin	0.1	% (w/w)	oral	NONcNZO10/LtJ	Mice	male	10.0	genetic		147.0		126		NCT00789035	ADULT,OLDER_ADULT	all	PHASE2	80.0	Metformin	-0.78	500.0	2+every1days	84	168	84000.0	-0.28	1
PMC5840580	https://pmc.ncbi.nlm.nih.gov/articles/PMC5840580	2017	-1.5	Metformin	300	mg/kg	oral	Otsuka Long-Evans Tokushima Fatty	Rats	male	6.0	high-fat diet		168.0	1+every1days	84	84	NCT00789035	ADULT,OLDER_ADULT	all	PHASE2	80.0	Metformin	-0.75	500.0	2+every1days	84	168	84000.0	0.75	1
PMC5840580	https://pmc.ncbi.nlm.nih.gov/articles/PMC5840580	2017	-1.5	Metformin	300	mg/kg	oral	Otsuka Long-Evans Tokushima Fatty	Rats	male	6.0	high-fat diet		168.0	1+every1days	84	84	NCT00789035	ADULT,OLDER_ADULT	all	PHASE2	80.0	Metformin	-0.78	500.0	2+every1days	84	168	84000.0	0.72	1
PMC3465985	https://pmc.ncbi.nlm.nih.gov/articles/PMC3465985	2012	-1.31	Metformin	350	mg/kg	oral	Spontaneously Diabetic Torii	Rats	male	10.0	genetic		175.0	1+every1days	119	119	NCT00789035	ADULT,OLDER_ADULT	all	PHASE2	80.0	Metformin	-0.75	500.0	2+every1days	84	168	84000.0	0.56	1
PMC3465985	https://pmc.ncbi.nlm.nih.gov/articles/PMC3465985	2012	-1.31	Metformin	350	mg/kg	oral	Spontaneously Diabetic Torii	Rats	male	10.0	genetic		175.0	1+every1days	119	119	NCT00789035	ADULT,OLDER_ADULT	all	PHASE2	80.0	Metformin	-0.78	500.0	2+every1days	84	168	84000.0	0.53	1
PMC5319739	https://pmc.ncbi.nlm.nih.gov/articles/PMC5319739	2017	-4.2	Metformin	50	mg/kg	gastric intubation	Psammomys obesus	Gerbillinae	male	30.0	high-fat diet	100.0	240.0	1+every1days	84	84	NCT00789035	ADULT,OLDER_ADULT	all	PHASE2	80.0	Metformin	-0.75	500.0	2+every1days	84	168	84000.0	3.45	0
PMC5319739	https://pmc.ncbi.nlm.nih.gov/articles/PMC5319739	2017	-4.2	Metformin	50	mg/kg	gastric intubation	Psammomys obesus	Gerbillinae	male	30.0	high-fat diet	100.0	240.0	1+every1days	84	84	NCT00789035	ADULT,OLDER_ADULT	all	PHASE2	80.0	Metformin	-0.78	500.0	2+every1days	84	168	84000.0	3.42	0
PMC9698742	https://pmc.ncbi.nlm.nih.gov/articles/PMC9698742	2022	-2.6	Metformin	200	mg/kg	oral	Wistar	Rats	male	5.0	streptozotocin	225.0	270.0	1+every1days	45	45	NCT00789035	ADULT,OLDER_ADULT	all	PHASE2	80.0	Metformin	-0.75	500.0	2+every1days	84	168	84000.0	1.85	0
PMC9698742	https://pmc.ncbi.nlm.nih.gov/articles/PMC9698742	2022	-2.6	Metformin	200	mg/kg	oral	Wistar	Rats	male	5.0	streptozotocin	225.0	270.0	1+every1days	45	45	NCT00789035	ADULT,OLDER_ADULT	all	PHASE2	80.0	Metformin	-0.78	500.0	2+every1days	84	168	84000.0	1.82	0
PMC7727825	https://pmc.ncbi.nlm.nih.gov/articles/PMC7727825	2020	-3	Metformin	200	mg/kg	oral	C57BLKS/J-db/db	Mice	male	8.0	genetic		35.0	1+every1days	63	63	NCT00789035	ADULT,OLDER_ADULT	all	PHASE2	80.0	Metformin	-0.75	500.0	2+every1days	84	168	84000.0	2.25	0
PMC7727825	https://pmc.ncbi.nlm.nih.gov/articles/PMC7727825	2020	-3	Metformin	200	mg/kg	oral	C57BLKS/J-db/db	Mice	male	8.0	genetic		35.0	1+every1days	63	63	NCT00789035	ADULT,OLDER_ADULT	all	PHASE2	80.0	Metformin	-0.78	500.0	2+every1days	84	168	84000.0	2.2199999999999998	0
PMC7598587	https://pmc.ncbi.nlm.nih.gov/articles/PMC7598587	2020	-1.85	Metformin	200	mg/kg	oral	C57BL/6N	Mice	male	8.0	high-fat diet+streptozotocin		38.5	1+every1days	28	28	NCT00789035	ADULT,OLDER_ADULT	all	PHASE2	80.0	Metformin	-0.75	500.0	2+every1days	84	168	84000.0	1.1	0
PMC7598587	https://pmc.ncbi.nlm.nih.gov/articles/PMC7598587	2020	-1.85	Metformin	200	mg/kg	oral	C57BL/6N	Mice	male	8.0	high-fat diet+streptozotocin		38.5	1+every1days	28	28	NCT00789035	ADULT,OLDER_ADULT	all	PHASE2	80.0	Metformin	-0.78	500.0	2+every1days	84	168	84000.0	1.07	0
PMC4726511	https://pmc.ncbi.nlm.nih.gov/articles/PMC4726511	2016	-0.6	Metformin	10	mg/kg	oral	db/db	Mice		5.0	genetic		42.0	1+every1days	28	28	NCT00789035	ADULT,OLDER_ADULT	all	PHASE2	80.0	Metformin	-0.75	500.0	2+every1days	84	168	84000.0	-0.15000000000000002	1
PMC4726511	https://pmc.ncbi.nlm.nih.gov/articles/PMC4726511	2016	-0.6	Metformin	10	mg/kg	oral	db/db	Mice		5.0	genetic		42.0	1+every1days	28	28	NCT00789035	ADULT,OLDER_ADULT	all	PHASE2	80.0	Metformin	-0.78	500.0	2+every1days	84	168	84000.0	-0.18000000000000005	1
PMC5485244	https://pmc.ncbi.nlm.nih.gov/articles/PMC5485244	2017	-0.4	Metformin	500	mg/kg	oral	C57BL/6J	Mice	male	16.0	high-fat diet		42.0	1+every1days	84	84	NCT00789035	ADULT,OLDER_ADULT	all	PHASE2	80.0	Metformin	-0.75	500.0	2+every1days	84	168	84000.0	-0.35	1
PMC5485244	https://pmc.ncbi.nlm.nih.gov/articles/PMC5485244	2017	-0.4	Metformin	500	mg/kg	oral	C57BL/6J	Mice	male	16.0	high-fat diet		42.0	1+every1days	84	84	NCT00789035	ADULT,OLDER_ADULT	all	PHASE2	80.0	Metformin	-0.78	500.0	2+every1days	84	168	84000.0	-0.38	1
PMC6273299	https://pmc.ncbi.nlm.nih.gov/articles/PMC6273299	2016	-1.3	Metformin	200	mg/kg		Zucker Diabetic Fatty	Rats	male	6.0	high-fat diet		42.0	1+every1days	84	84	NCT00789035	ADULT,OLDER_ADULT	all	PHASE2	80.0	Metformin	-0.75	500.0	2+every1days	84	168	84000.0	0.55	1
PMC6273299	https://pmc.ncbi.nlm.nih.gov/articles/PMC6273299	2016	-1.3	Metformin	200	mg/kg		Zucker Diabetic Fatty	Rats	male	6.0	high-fat diet		42.0	1+every1days	84	84	NCT00789035	ADULT,OLDER_ADULT	all	PHASE2	80.0	Metformin	-0.78	500.0	2+every1days	84	168	84000.0	0.52	1
PMC3327803	https://pmc.ncbi.nlm.nih.gov/articles/PMC3327803	2012	0.3	Metformin	200	mg/kg	intraperitoneal	db/db	Mice	male	11.0	genetic		49.0	1+every1days	126	126	NCT00789035	ADULT,OLDER_ADULT	all	PHASE2	80.0	Metformin	-0.75	500.0	2+every1days	84	168	84000.0	-1.05	0
PMC3327803	https://pmc.ncbi.nlm.nih.gov/articles/PMC3327803	2012	0.3	Metformin	200	mg/kg	intraperitoneal	db/db	Mice	male	11.0	genetic		49.0	1+every1days	126	126	NCT00789035	ADULT,OLDER_ADULT	all	PHASE2	80.0	Metformin	-0.78	500.0	2+every1days	84	168	84000.0	-1.08	0
PMC3907559	https://pmc.ncbi.nlm.nih.gov/articles/PMC3907559	2014	-3	Metformin	200	mg/kg	oral	Zucker Diabetic Fatty	Rats	male	10.0	genetic		49.0	2+every1days	32	64	NCT00789035	ADULT,OLDER_ADULT	all	PHASE2	80.0	Metformin	-0.75	500.0	2+every1days	84	168	84000.0	2.25	0
PMC3907559	https://pmc.ncbi.nlm.nih.gov/articles/PMC3907559	2014	-3	Metformin	200	mg/kg	oral	Zucker Diabetic Fatty	Rats	male	10.0	genetic		49.0	2+every1days	32	64	NCT00789035	ADULT,OLDER_ADULT	all	PHASE2	80.0	Metformin	-0.78	500.0	2+every1days	84	168	84000.0	2.2199999999999998	0
PMC7381706	https://pmc.ncbi.nlm.nih.gov/articles/PMC7381706	2020	-0.1	Metformin	250	mg/kg	oral	ob/ob	Mice	male	8.0	genetic		52.5	1+every1days	26	26	NCT00789035	ADULT,OLDER_ADULT	all	PHASE2	80.0	Metformin	-0.75	500.0	2+every1days	84	168	84000.0	-0.65	1
PMC7381706	https://pmc.ncbi.nlm.nih.gov/articles/PMC7381706	2020	-0.1	Metformin	250	mg/kg	oral	ob/ob	Mice	male	8.0	genetic		52.5	1+every1days	26	26	NCT00789035	ADULT,OLDER_ADULT	all	PHASE2	80.0	Metformin	-0.78	500.0	2+every1days	84	168	84000.0	-0.68	1
PMC10203393	https://pmc.ncbi.nlm.nih.gov/articles/PMC10203393	2023	-5.5	Metformin	0.2	g/kg	oral	Sprague-Dawley	Rats	male	8.0	high-fat diet+streptozotocin	150.0	52.5	1+every1days	70	70	NCT00789035	ADULT,OLDER_ADULT	all	PHASE2	80.0	Metformin	-0.75	500.0	2+every1days	84	168	84000.0	4.75	0
PMC10203393	https://pmc.ncbi.nlm.nih.gov/articles/PMC10203393	2023	-5.5	Metformin	0.2	g/kg	oral	Sprague-Dawley	Rats	male	8.0	high-fat diet+streptozotocin	150.0	52.5	1+every1days	70	70	NCT00789035	ADULT,OLDER_ADULT	all	PHASE2	80.0	Metformin	-0.78	500.0	2+every1days	84	168	84000.0	4.72	0
PMC6359811	https://pmc.ncbi.nlm.nih.gov/articles/PMC6359811	2019	-5	Empagliflozin	10	mg/kg	oral	KK-Ay	Mice		15.0	high-fat diet		56.0	1+every1days	70	70	NCT00789035	ADULT,OLDER_ADULT	all	PHASE2	81.0	Empagliflozin	-0.43	5.0	1+every1days	84	84	420.0	4.57	0
PMC6359811	https://pmc.ncbi.nlm.nih.gov/articles/PMC6359811	2019	-5	Empagliflozin	10	mg/kg	oral	KK-Ay	Mice		15.0	high-fat diet		56.0	1+every1days	70	70	NCT00789035	ADULT,OLDER_ADULT	all	PHASE2	81.0	Empagliflozin	-0.47	5.0	1+every1days	84	84	420.0	4.53	0
PMC6359811	https://pmc.ncbi.nlm.nih.gov/articles/PMC6359811	2019	-5	Empagliflozin	10	mg/kg	oral	KK-Ay	Mice		15.0	high-fat diet		56.0	1+every1days	70	70	NCT00789035	ADULT,OLDER_ADULT	all	PHASE2	81.0	Empagliflozin	-0.48	10.0	1+every1days	84	84	840.0	4.52	0
PMC6359811	https://pmc.ncbi.nlm.nih.gov/articles/PMC6359811	2019	-5	Empagliflozin	10	mg/kg	oral	KK-Ay	Mice		15.0	high-fat diet		56.0	1+every1days	70	70	NCT00789035	ADULT,OLDER_ADULT	all	PHASE2	81.0	Empagliflozin	-0.53	10.0	1+every1days	84	84	840.0	4.47	0
PMC6359811	https://pmc.ncbi.nlm.nih.gov/articles/PMC6359811	2019	-5	Empagliflozin	10	mg/kg	oral	KK-Ay	Mice		15.0	high-fat diet		56.0	1+every1days	70	70	NCT00789035	ADULT,OLDER_ADULT	all	PHASE2	82.0	Empagliflozin	-0.63	25.0	1+every1days	84	84	2100.0	4.37	0
PMC6359811	https://pmc.ncbi.nlm.nih.gov/articles/PMC6359811	2019	-5	Empagliflozin	10	mg/kg	oral	KK-Ay	Mice		15.0	high-fat diet		56.0	1+every1days	70	70	NCT00789035	ADULT,OLDER_ADULT	all	PHASE2	82.0	Empagliflozin	-0.66	25.0	1+every1days	84	84	2100.0	4.34	0
PMC10323656	https://pmc.ncbi.nlm.nih.gov/articles/PMC10323656	2023	-1.1	Metformin	200	mg/kg	oral gavage	C57BL/6	Mice	male	12.0	high-fat diet+streptozotocin	24.0	56.0	1+every1days	28	28	NCT00789035	ADULT,OLDER_ADULT	all	PHASE2	80.0	Metformin	-0.75	500.0	2+every1days	84	168	84000.0	0.3500000000000001	1
PMC10323656	https://pmc.ncbi.nlm.nih.gov/articles/PMC10323656	2023	-1.1	Metformin	200	mg/kg	oral gavage	C57BL/6	Mice	male	12.0	high-fat diet+streptozotocin	24.0	56.0	1+every1days	28	28	NCT00789035	ADULT,OLDER_ADULT	all	PHASE2	80.0	Metformin	-0.78	500.0	2+every1days	84	168	84000.0	0.32000000000000006	1
PMC3855476	https://pmc.ncbi.nlm.nih.gov/articles/PMC3855476	2014	-0.7	Metformin	300	mg/kg	oral	db/db	Mice	male	10.0	genetic	44.0	56.0	1+every1days	14	14	NCT00789035	ADULT,OLDER_ADULT	all	PHASE2	80.0	Metformin	-0.75	500.0	2+every1days	84	168	84000.0	-0.050000000000000044	1
PMC3855476	https://pmc.ncbi.nlm.nih.gov/articles/PMC3855476	2014	-0.7	Metformin	300	mg/kg	oral	db/db	Mice	male	10.0	genetic	44.0	56.0	1+every1days	14	14	NCT00789035	ADULT,OLDER_ADULT	all	PHASE2	80.0	Metformin	-0.78	500.0	2+every1days	84	168	84000.0	-0.08000000000000007	1
PMC5881648	https://pmc.ncbi.nlm.nih.gov/articles/PMC5881648	2018	-3.3	Metformin	200	mg/kg	gavage	Sprague-Dawley	Rats	male	10.0	streptozotocin	200.0	56.0	1+every1days	77	77	NCT00789035	ADULT,OLDER_ADULT	all	PHASE2	80.0	Metformin	-0.75	500.0	2+every1days	84	168	84000.0	2.55	0
PMC5881648	https://pmc.ncbi.nlm.nih.gov/articles/PMC5881648	2018	-3.3	Metformin	200	mg/kg	gavage	Sprague-Dawley	Rats	male	10.0	streptozotocin	200.0	56.0	1+every1days	77	77	NCT00789035	ADULT,OLDER_ADULT	all	PHASE2	80.0	Metformin	-0.78	500.0	2+every1days	84	168	84000.0	2.5199999999999996	0
PMC4444588	https://pmc.ncbi.nlm.nih.gov/articles/PMC4444588	2015	-4	Metformin	500	mg/kg	intragastric	Sprague-Dawley	Rats	male	7.0	high-fat diet+streptozotocin	190.0	60.0	1+every1days	56	56	NCT00789035	ADULT,OLDER_ADULT	all	PHASE2	80.0	Metformin	-0.75	500.0	2+every1days	84	168	84000.0	3.25	0
PMC4444588	https://pmc.ncbi.nlm.nih.gov/articles/PMC4444588	2015	-4	Metformin	500	mg/kg	intragastric	Sprague-Dawley	Rats	male	7.0	high-fat diet+streptozotocin	190.0	60.0	1+every1days	56	56	NCT00789035	ADULT,OLDER_ADULT	all	PHASE2	80.0	Metformin	-0.78	500.0	2+every1days	84	168	84000.0	3.2199999999999998	0
PMC4444588	https://pmc.ncbi.nlm.nih.gov/articles/PMC4444588	2015	-1	Metformin	150	mg/kg	intragastric	Sprague-Dawley	Rats	male	8.0	high-fat diet+streptozotocin	190.0	60.0	1+every1days	56	56	NCT00789035	ADULT,OLDER_ADULT	all	PHASE2	80.0	Metformin	-0.75	500.0	2+every1days	84	168	84000.0	0.25	1
PMC4444588	https://pmc.ncbi.nlm.nih.gov/articles/PMC4444588	2015	-2	Metformin	300	mg/kg	intragastric	Sprague-Dawley	Rats	male	8.0	high-fat diet+streptozotocin	190.0	60.0	1+every1days	56	56	NCT00789035	ADULT,OLDER_ADULT	all	PHASE2	80.0	Metformin	-0.75	500.0	2+every1days	84	168	84000.0	1.25	0
PMC4444588	https://pmc.ncbi.nlm.nih.gov/articles/PMC4444588	2015	-1	Metformin	150	mg/kg	intragastric	Sprague-Dawley	Rats	male	8.0	high-fat diet+streptozotocin	190.0	60.0	1+every1days	56	56	NCT00789035	ADULT,OLDER_ADULT	all	PHASE2	80.0	Metformin	-0.78	500.0	2+every1days	84	168	84000.0	0.21999999999999997	1
PMC4444588	https://pmc.ncbi.nlm.nih.gov/articles/PMC4444588	2015	-2	Metformin	300	mg/kg	intragastric	Sprague-Dawley	Rats	male	8.0	high-fat diet+streptozotocin	190.0	60.0	1+every1days	56	56	NCT00789035	ADULT,OLDER_ADULT	all	PHASE2	80.0	Metformin	-0.78	500.0	2+every1days	84	168	84000.0	1.22	0
PMC4097088	https://pmc.ncbi.nlm.nih.gov/articles/PMC4097088	2014	-0.6	Metformin	300	mg/kg	oral	C57BL/6	Mice		8.0	high-fat diet		70.0	1+every1days	14	14	NCT00789035	ADULT,OLDER_ADULT	all	PHASE2	80.0	Metformin	-0.75	500.0	2+every1days	84	168	84000.0	-0.15000000000000002	1
PMC4097088	https://pmc.ncbi.nlm.nih.gov/articles/PMC4097088	2014	-0.6	Metformin	300	mg/kg	oral	C57BL/6	Mice		8.0	high-fat diet		70.0	1+every1days	14	14	NCT00789035	ADULT,OLDER_ADULT	all	PHASE2	80.0	Metformin	-0.78	500.0	2+every1days	84	168	84000.0	-0.18000000000000005	1
PMC9457892	https://pmc.ncbi.nlm.nih.gov/articles/PMC9457892	2022	-4.3	Metformin	150	mg/kg	oral	C57BL/6	Mice	male	8.0	streptozotocin	27.5	70.0	1+every1days	42	42	NCT00789035	ADULT,OLDER_ADULT	all	PHASE2	80.0	Metformin	-0.75	500.0	2+every1days	84	168	84000.0	3.55	0
PMC9457892	https://pmc.ncbi.nlm.nih.gov/articles/PMC9457892	2022	-4.3	Metformin	150	mg/kg	oral	C57BL/6	Mice	male	8.0	streptozotocin	27.5	70.0	1+every1days	42	42	NCT00789035	ADULT,OLDER_ADULT	all	PHASE2	80.0	Metformin	-0.78	500.0	2+every1days	84	168	84000.0	3.5199999999999996	0
PMC8745465	https://pmc.ncbi.nlm.nih.gov/articles/PMC8745465	2021	-1.51	Metformin	120	mg/kg	oral	Wistar	Rats	male	30.0	high-fat diet+streptozotocin	170.0	70.0	1+every1days	35	35	NCT00789035	ADULT,OLDER_ADULT	all	PHASE2	80.0	Metformin	-0.75	500.0	2+every1days	84	168	84000.0	0.76	1
PMC8745465	https://pmc.ncbi.nlm.nih.gov/articles/PMC8745465	2021	-1.51	Metformin	120	mg/kg	oral	Wistar	Rats	male	30.0	high-fat diet+streptozotocin	170.0	70.0	1+every1days	35	35	NCT00789035	ADULT,OLDER_ADULT	all	PHASE2	80.0	Metformin	-0.78	500.0	2+every1days	84	168	84000.0	0.73	1
PMC6681671	https://pmc.ncbi.nlm.nih.gov/articles/PMC6681671	2017	-1.4	Empagliflozin	10	mg/kg	oral	ob/ob	Mice	male	12.5	genetic		77.0	1+every1days	42	42	NCT00789035	ADULT,OLDER_ADULT	all	PHASE2	81.0	Empagliflozin	-0.43	5.0	1+every1days	84	84	420.0	0.97	1
PMC6681671	https://pmc.ncbi.nlm.nih.gov/articles/PMC6681671	2017	-1.4	Empagliflozin	10	mg/kg	oral	ob/ob	Mice	male	12.5	genetic		77.0	1+every1days	42	42	NCT00789035	ADULT,OLDER_ADULT	all	PHASE2	81.0	Empagliflozin	-0.47	5.0	1+every1days	84	84	420.0	0.9299999999999999	1
PMC6681671	https://pmc.ncbi.nlm.nih.gov/articles/PMC6681671	2017	-1.4	Empagliflozin	10	mg/kg	oral	ob/ob	Mice	male	12.5	genetic		77.0	1+every1days	42	42	NCT00789035	ADULT,OLDER_ADULT	all	PHASE2	81.0	Empagliflozin	-0.48	10.0	1+every1days	84	84	840.0	0.9199999999999999	1
PMC6681671	https://pmc.ncbi.nlm.nih.gov/articles/PMC6681671	2017	-1.4	Empagliflozin	10	mg/kg	oral	ob/ob	Mice	male	12.5	genetic		77.0	1+every1days	42	42	NCT00789035	ADULT,OLDER_ADULT	all	PHASE2	81.0	Empagliflozin	-0.53	10.0	1+every1days	84	84	840.0	0.8699999999999999	1
PMC6681671	https://pmc.ncbi.nlm.nih.gov/articles/PMC6681671	2017	-1.4	Empagliflozin	10	mg/kg	oral	ob/ob	Mice	male	12.5	genetic		77.0	1+every1days	42	42	NCT00789035	ADULT,OLDER_ADULT	all	PHASE2	82.0	Empagliflozin	-0.63	25.0	1+every1days	84	84	2100.0	0.7699999999999999	1
PMC6681671	https://pmc.ncbi.nlm.nih.gov/articles/PMC6681671	2017	-1.4	Empagliflozin	10	mg/kg	oral	ob/ob	Mice	male	12.5	genetic		77.0	1+every1days	42	42	NCT00789035	ADULT,OLDER_ADULT	all	PHASE2	82.0	Empagliflozin	-0.66	25.0	1+every1days	84	84	2100.0	0.7399999999999999	1
PMC5489512	https://pmc.ncbi.nlm.nih.gov/articles/PMC5489512	2017	-0.3	Linagliptin	2	mg/kg	oral	KK-Ay	Mice	female	10.0	genetic	50.0		1+every1days	42	42	NCT00798161	ADULT,OLDER_ADULT	all	PHASE3	135.0	Linagliptin	-0.45	5.0	1+every1days	168	168	840.0	-0.15000000000000002	1
PMC5485244	https://pmc.ncbi.nlm.nih.gov/articles/PMC5485244	2017	-0.4	Metformin	500	mg/kg	oral	C57BL/6J	Mice	male	8.0	high-fat diet			1+every1days			NCT00798161	ADULT,OLDER_ADULT	all	PHASE3	141.0	Metformin	-0.64	500.0	2+every1days	168	336	168000.0	-0.24	1
PMC5485244	https://pmc.ncbi.nlm.nih.gov/articles/PMC5485244	2017	-0.4	Metformin	500	mg/kg	oral	C57BL/6J	Mice	male	8.0	high-fat diet			1+every1days			NCT00798161	ADULT,OLDER_ADULT	all	PHASE3	138.0	Metformin	-1.07	1000.0	2+every1days	168	336	336000.0	-0.67	1
PMC8657924	https://pmc.ncbi.nlm.nih.gov/articles/PMC8657924	2021	-4	Metformin	225	mg/kg	oral	Kunming	Mice	male	8.0	high-fat diet+streptozotocin	20.0		1+every1days	28	28	NCT00798161	ADULT,OLDER_ADULT	all	PHASE3	141.0	Metformin	-0.64	500.0	2+every1days	168	336	168000.0	3.36	0
PMC8657924	https://pmc.ncbi.nlm.nih.gov/articles/PMC8657924	2021	-4	Metformin	225	mg/kg	oral	Kunming	Mice	male	8.0	high-fat diet+streptozotocin	20.0		1+every1days	28	28	NCT00798161	ADULT,OLDER_ADULT	all	PHASE3	138.0	Metformin	-1.07	1000.0	2+every1days	168	336	336000.0	2.9299999999999997	0
PMC3462199	https://pmc.ncbi.nlm.nih.gov/articles/PMC3462199	2012	-0.4	Metformin	400	mg/kg	intraperitoneal	db/db	Mice	male	10.0	genetic	47.5		1+every1days	14	14	NCT00798161	ADULT,OLDER_ADULT	all	PHASE3	141.0	Metformin	-0.64	500.0	2+every1days	168	336	168000.0	-0.24	1
PMC3462199	https://pmc.ncbi.nlm.nih.gov/articles/PMC3462199	2012	-0.4	Metformin	400	mg/kg	intraperitoneal	db/db	Mice	male	10.0	genetic	47.5		1+every1days	14	14	NCT00798161	ADULT,OLDER_ADULT	all	PHASE3	138.0	Metformin	-1.07	1000.0	2+every1days	168	336	336000.0	-0.67	1
PMC3462199	https://pmc.ncbi.nlm.nih.gov/articles/PMC3462199	2012	-0.3	Metformin	400	mg/kg	intraperitoneal	db/db	Mice	male	12.0	genetic	47.5		1+every1days	14	14	NCT00798161	ADULT,OLDER_ADULT	all	PHASE3	141.0	Metformin	-0.64	500.0	2+every1days	168	336	168000.0	-0.34	1
PMC3462199	https://pmc.ncbi.nlm.nih.gov/articles/PMC3462199	2012	-0.3	Metformin	400	mg/kg	intraperitoneal	db/db	Mice	male	12.0	genetic	47.5		1+every1days	14	14	NCT00798161	ADULT,OLDER_ADULT	all	PHASE3	138.0	Metformin	-1.07	1000.0	2+every1days	168	336	336000.0	-0.77	1
PMC9313150	https://pmc.ncbi.nlm.nih.gov/articles/PMC9313150	2022	-2.1	Metformin	200	mg/kg	oral	Wistar	Rats	male		high-fat diet+streptozotocin	185.0		1+every1days	84	84	NCT00798161	ADULT,OLDER_ADULT	all	PHASE3	141.0	Metformin	-0.64	500.0	2+every1days	168	336	168000.0	1.46	0
PMC9313150	https://pmc.ncbi.nlm.nih.gov/articles/PMC9313150	2022	-2.1	Metformin	200	mg/kg	oral	Wistar	Rats	male		high-fat diet+streptozotocin	185.0		1+every1days	84	84	NCT00798161	ADULT,OLDER_ADULT	all	PHASE3	138.0	Metformin	-1.07	1000.0	2+every1days	168	336	336000.0	1.03	1
PMC7092631	https://pmc.ncbi.nlm.nih.gov/articles/PMC7092631	2020	-0.82	Metformin	200	mg/kg	intragastric	Wistar	Rats	male	10.0	high-fat diet+streptozotocin	200.0		1+every1days	28	28	NCT00798161	ADULT,OLDER_ADULT	all	PHASE3	141.0	Metformin	-0.64	500.0	2+every1days	168	336	168000.0	0.17999999999999994	1
PMC7092631	https://pmc.ncbi.nlm.nih.gov/articles/PMC7092631	2020	-0.82	Metformin	200	mg/kg	intragastric	Wistar	Rats	male	10.0	high-fat diet+streptozotocin	200.0		1+every1days	28	28	NCT00798161	ADULT,OLDER_ADULT	all	PHASE3	138.0	Metformin	-1.07	1000.0	2+every1days	168	336	336000.0	-0.2500000000000001	1
PMC8800605	https://pmc.ncbi.nlm.nih.gov/articles/PMC8800605	2022	-0.21	Metformin	60	mg/kg	oral	Wistar	Rats	male	12.0	high-fat diet+streptozotocin	176.8		1+every1days	14	14	NCT00798161	ADULT,OLDER_ADULT	all	PHASE3	141.0	Metformin	-0.64	500.0	2+every1days	168	336	168000.0	-0.43000000000000005	1
PMC8800605	https://pmc.ncbi.nlm.nih.gov/articles/PMC8800605	2022	-0.21	Metformin	60	mg/kg	oral	Wistar	Rats	male	12.0	high-fat diet+streptozotocin	176.8		1+every1days	14	14	NCT00798161	ADULT,OLDER_ADULT	all	PHASE3	138.0	Metformin	-1.07	1000.0	2+every1days	168	336	336000.0	-0.8600000000000001	1
PMC4826921	https://pmc.ncbi.nlm.nih.gov/articles/PMC4826921	2016	-1.6	Metformin	200	mg/kg	oral	Wistar	Rats	male	20.0	high-fat diet	110.0		1+every1days	60	60	NCT00798161	ADULT,OLDER_ADULT	all	PHASE3	141.0	Metformin	-0.64	500.0	2+every1days	168	336	168000.0	0.9600000000000001	1
PMC4826921	https://pmc.ncbi.nlm.nih.gov/articles/PMC4826921	2016	-1.6	Metformin	200	mg/kg	oral	Wistar	Rats	male	20.0	high-fat diet	110.0		1+every1days	60	60	NCT00798161	ADULT,OLDER_ADULT	all	PHASE3	138.0	Metformin	-1.07	1000.0	2+every1days	168	336	336000.0	0.53	1
PMC7034448	https://pmc.ncbi.nlm.nih.gov/articles/PMC7034448	2020	-5.1	Metformin	500	mg/kg	oral	Wistar	Rats	male	6.0	high-fat diet+streptozotocin	190.0		1+every1days	30	30	NCT00798161	ADULT,OLDER_ADULT	all	PHASE3	141.0	Metformin	-0.64	500.0	2+every1days	168	336	168000.0	4.46	0
PMC7034448	https://pmc.ncbi.nlm.nih.gov/articles/PMC7034448	2020	-5.1	Metformin	500	mg/kg	oral	Wistar	Rats	male	6.0	high-fat diet+streptozotocin	190.0		1+every1days	30	30	NCT00798161	ADULT,OLDER_ADULT	all	PHASE3	138.0	Metformin	-1.07	1000.0	2+every1days	168	336	336000.0	4.029999999999999	0
PMC4884299	https://pmc.ncbi.nlm.nih.gov/articles/PMC4884299	2016	-2.34	Metformin	150	mg/kg	oral	Wistar	Rats	male	6.0	streptozotocin+nicotinamide	280.0		1+every1days	42	42	NCT00798161	ADULT,OLDER_ADULT	all	PHASE3	141.0	Metformin	-0.64	500.0	2+every1days	168	336	168000.0	1.6999999999999997	0
PMC4884299	https://pmc.ncbi.nlm.nih.gov/articles/PMC4884299	2016	-2.34	Metformin	150	mg/kg	oral	Wistar	Rats	male	6.0	streptozotocin+nicotinamide	280.0		1+every1days	42	42	NCT00798161	ADULT,OLDER_ADULT	all	PHASE3	138.0	Metformin	-1.07	1000.0	2+every1days	168	336	336000.0	1.2699999999999998	0
PMC9953164	https://pmc.ncbi.nlm.nih.gov/articles/PMC9953164	2023	-2.5	Metformin	200	mg/kg		Wistar	Rats	male	8.0	high-fat diet+streptozotocin	185.0		1+every1days	84	84	NCT00798161	ADULT,OLDER_ADULT	all	PHASE3	141.0	Metformin	-0.64	500.0	2+every1days	168	336	168000.0	1.8599999999999999	0
PMC9953164	https://pmc.ncbi.nlm.nih.gov/articles/PMC9953164	2023	-2.5	Metformin	200	mg/kg		Wistar	Rats	male	8.0	high-fat diet+streptozotocin	185.0		1+every1days	84	84	NCT00798161	ADULT,OLDER_ADULT	all	PHASE3	138.0	Metformin	-1.07	1000.0	2+every1days	168	336	336000.0	1.43	0
PMC9681650	https://pmc.ncbi.nlm.nih.gov/articles/PMC9681650	2022	-0.1	Metformin	60	mg/kg	oral	Wistar	Rats	male	12.0	high-fat diet+streptozotocin	176.8	120.0	1+every1days	14	14	NCT00798161	ADULT,OLDER_ADULT	all	PHASE3	141.0	Metformin	-0.64	500.0	2+every1days	168	336	168000.0	-0.54	1
PMC9681650	https://pmc.ncbi.nlm.nih.gov/articles/PMC9681650	2022	-0.1	Metformin	60	mg/kg	oral	Wistar	Rats	male	12.0	high-fat diet+streptozotocin	176.8	120.0	1+every1days	14	14	NCT00798161	ADULT,OLDER_ADULT	all	PHASE3	138.0	Metformin	-1.07	1000.0	2+every1days	168	336	336000.0	-0.9700000000000001	1
PMC4423537	https://pmc.ncbi.nlm.nih.gov/articles/PMC4423537	2013	-1.6	Metformin	300	mg/kg	oral	Otsuka Long-Evans Tokushima Fatty	Rats	male	14.0	genetic		140.0	1+every1days	84	84	NCT00798161	ADULT,OLDER_ADULT	all	PHASE3	141.0	Metformin	-0.64	500.0	2+every1days	168	336	168000.0	0.9600000000000001	1
PMC4423537	https://pmc.ncbi.nlm.nih.gov/articles/PMC4423537	2013	-1.6	Metformin	300	mg/kg	oral	Otsuka Long-Evans Tokushima Fatty	Rats	male	14.0	genetic		140.0	1+every1days	84	84	NCT00798161	ADULT,OLDER_ADULT	all	PHASE3	138.0	Metformin	-1.07	1000.0	2+every1days	168	336	336000.0	0.53	1
PMC9470898	https://pmc.ncbi.nlm.nih.gov/articles/PMC9470898	2022	-0.5	Metformin	0.1	% (w/w)	oral	NONcNZO10/LtJ	Mice	male	10.0	genetic		147.0		126		NCT00798161	ADULT,OLDER_ADULT	all	PHASE3	141.0	Metformin	-0.64	500.0	2+every1days	168	336	168000.0	-0.14	1
PMC9470898	https://pmc.ncbi.nlm.nih.gov/articles/PMC9470898	2022	-0.5	Metformin	0.1	% (w/w)	oral	NONcNZO10/LtJ	Mice	male	10.0	genetic		147.0		126		NCT00798161	ADULT,OLDER_ADULT	all	PHASE3	138.0	Metformin	-1.07	1000.0	2+every1days	168	336	336000.0	-0.5700000000000001	1
PMC5840580	https://pmc.ncbi.nlm.nih.gov/articles/PMC5840580	2017	-1.5	Metformin	300	mg/kg	oral	Otsuka Long-Evans Tokushima Fatty	Rats	male	6.0	high-fat diet		168.0	1+every1days	84	84	NCT00798161	ADULT,OLDER_ADULT	all	PHASE3	141.0	Metformin	-0.64	500.0	2+every1days	168	336	168000.0	0.86	1
PMC5840580	https://pmc.ncbi.nlm.nih.gov/articles/PMC5840580	2017	-1.5	Metformin	300	mg/kg	oral	Otsuka Long-Evans Tokushima Fatty	Rats	male	6.0	high-fat diet		168.0	1+every1days	84	84	NCT00798161	ADULT,OLDER_ADULT	all	PHASE3	138.0	Metformin	-1.07	1000.0	2+every1days	168	336	336000.0	0.42999999999999994	1
PMC3465985	https://pmc.ncbi.nlm.nih.gov/articles/PMC3465985	2012	-1.31	Metformin	350	mg/kg	oral	Spontaneously Diabetic Torii	Rats	male	10.0	genetic		175.0	1+every1days	119	119	NCT00798161	ADULT,OLDER_ADULT	all	PHASE3	141.0	Metformin	-0.64	500.0	2+every1days	168	336	168000.0	0.67	1
PMC3465985	https://pmc.ncbi.nlm.nih.gov/articles/PMC3465985	2012	-1.31	Metformin	350	mg/kg	oral	Spontaneously Diabetic Torii	Rats	male	10.0	genetic		175.0	1+every1days	119	119	NCT00798161	ADULT,OLDER_ADULT	all	PHASE3	138.0	Metformin	-1.07	1000.0	2+every1days	168	336	336000.0	0.24	1
PMC5319739	https://pmc.ncbi.nlm.nih.gov/articles/PMC5319739	2017	-4.2	Metformin	50	mg/kg	gastric intubation	Psammomys obesus	Gerbillinae	male	30.0	high-fat diet	100.0	240.0	1+every1days	84	84	NCT00798161	ADULT,OLDER_ADULT	all	PHASE3	141.0	Metformin	-0.64	500.0	2+every1days	168	336	168000.0	3.56	0
PMC5319739	https://pmc.ncbi.nlm.nih.gov/articles/PMC5319739	2017	-4.2	Metformin	50	mg/kg	gastric intubation	Psammomys obesus	Gerbillinae	male	30.0	high-fat diet	100.0	240.0	1+every1days	84	84	NCT00798161	ADULT,OLDER_ADULT	all	PHASE3	138.0	Metformin	-1.07	1000.0	2+every1days	168	336	336000.0	3.13	0
PMC9698742	https://pmc.ncbi.nlm.nih.gov/articles/PMC9698742	2022	-2.6	Metformin	200	mg/kg	oral	Wistar	Rats	male	5.0	streptozotocin	225.0	270.0	1+every1days	45	45	NCT00798161	ADULT,OLDER_ADULT	all	PHASE3	141.0	Metformin	-0.64	500.0	2+every1days	168	336	168000.0	1.96	0
PMC9698742	https://pmc.ncbi.nlm.nih.gov/articles/PMC9698742	2022	-2.6	Metformin	200	mg/kg	oral	Wistar	Rats	male	5.0	streptozotocin	225.0	270.0	1+every1days	45	45	NCT00798161	ADULT,OLDER_ADULT	all	PHASE3	138.0	Metformin	-1.07	1000.0	2+every1days	168	336	336000.0	1.53	0
PMC7727825	https://pmc.ncbi.nlm.nih.gov/articles/PMC7727825	2020	-3	Metformin	200	mg/kg	oral	C57BLKS/J-db/db	Mice	male	8.0	genetic		35.0	1+every1days	63	63	NCT00798161	ADULT,OLDER_ADULT	all	PHASE3	141.0	Metformin	-0.64	500.0	2+every1days	168	336	168000.0	2.36	0
PMC7727825	https://pmc.ncbi.nlm.nih.gov/articles/PMC7727825	2020	-3	Metformin	200	mg/kg	oral	C57BLKS/J-db/db	Mice	male	8.0	genetic		35.0	1+every1days	63	63	NCT00798161	ADULT,OLDER_ADULT	all	PHASE3	138.0	Metformin	-1.07	1000.0	2+every1days	168	336	336000.0	1.93	0
PMC6701666	https://pmc.ncbi.nlm.nih.gov/articles/PMC6701666	2019	0	Linagliptin	3	mg/kg	oral	db/db	Mice	female	12.0	genetic		38.5	1+every1days	42	42	NCT00798161	ADULT,OLDER_ADULT	all	PHASE3	135.0	Linagliptin	-0.45	5.0	1+every1days	168	168	840.0	-0.45	1
PMC7598587	https://pmc.ncbi.nlm.nih.gov/articles/PMC7598587	2020	-1.85	Metformin	200	mg/kg	oral	C57BL/6N	Mice	male	8.0	high-fat diet+streptozotocin		38.5	1+every1days	28	28	NCT00798161	ADULT,OLDER_ADULT	all	PHASE3	141.0	Metformin	-0.64	500.0	2+every1days	168	336	168000.0	1.21	0
PMC7598587	https://pmc.ncbi.nlm.nih.gov/articles/PMC7598587	2020	-1.85	Metformin	200	mg/kg	oral	C57BL/6N	Mice	male	8.0	high-fat diet+streptozotocin		38.5	1+every1days	28	28	NCT00798161	ADULT,OLDER_ADULT	all	PHASE3	138.0	Metformin	-1.07	1000.0	2+every1days	168	336	336000.0	0.78	1
PMC4726511	https://pmc.ncbi.nlm.nih.gov/articles/PMC4726511	2016	-0.6	Metformin	10	mg/kg	oral	db/db	Mice		5.0	genetic		42.0	1+every1days	28	28	NCT00798161	ADULT,OLDER_ADULT	all	PHASE3	141.0	Metformin	-0.64	500.0	2+every1days	168	336	168000.0	-0.040000000000000036	1
PMC4726511	https://pmc.ncbi.nlm.nih.gov/articles/PMC4726511	2016	-0.6	Metformin	10	mg/kg	oral	db/db	Mice		5.0	genetic		42.0	1+every1days	28	28	NCT00798161	ADULT,OLDER_ADULT	all	PHASE3	138.0	Metformin	-1.07	1000.0	2+every1days	168	336	336000.0	-0.4700000000000001	1
PMC5485244	https://pmc.ncbi.nlm.nih.gov/articles/PMC5485244	2017	-0.4	Metformin	500	mg/kg	oral	C57BL/6J	Mice	male	16.0	high-fat diet		42.0	1+every1days	84	84	NCT00798161	ADULT,OLDER_ADULT	all	PHASE3	141.0	Metformin	-0.64	500.0	2+every1days	168	336	168000.0	-0.24	1
PMC5485244	https://pmc.ncbi.nlm.nih.gov/articles/PMC5485244	2017	-0.4	Metformin	500	mg/kg	oral	C57BL/6J	Mice	male	16.0	high-fat diet		42.0	1+every1days	84	84	NCT00798161	ADULT,OLDER_ADULT	all	PHASE3	138.0	Metformin	-1.07	1000.0	2+every1days	168	336	336000.0	-0.67	1
PMC5152931	https://pmc.ncbi.nlm.nih.gov/articles/PMC5152931	2016	-2	Linagliptin	0.083	mg/kg	oral	Wistar	Rats	male	22.0	streptozotocin		42.0		168		NCT00798161	ADULT,OLDER_ADULT	all	PHASE3	135.0	Linagliptin	-0.45	5.0	1+every1days	168	168	840.0	1.55	0
PMC6273299	https://pmc.ncbi.nlm.nih.gov/articles/PMC6273299	2016	-1.3	Metformin	200	mg/kg		Zucker Diabetic Fatty	Rats	male	6.0	high-fat diet		42.0	1+every1days	84	84	NCT00798161	ADULT,OLDER_ADULT	all	PHASE3	141.0	Metformin	-0.64	500.0	2+every1days	168	336	168000.0	0.66	1
PMC6273299	https://pmc.ncbi.nlm.nih.gov/articles/PMC6273299	2016	-1.3	Metformin	200	mg/kg		Zucker Diabetic Fatty	Rats	male	6.0	high-fat diet		42.0	1+every1days	84	84	NCT00798161	ADULT,OLDER_ADULT	all	PHASE3	138.0	Metformin	-1.07	1000.0	2+every1days	168	336	336000.0	0.22999999999999998	1
PMC3327803	https://pmc.ncbi.nlm.nih.gov/articles/PMC3327803	2012	0.3	Metformin	200	mg/kg	intraperitoneal	db/db	Mice	male	11.0	genetic		49.0	1+every1days	126	126	NCT00798161	ADULT,OLDER_ADULT	all	PHASE3	141.0	Metformin	-0.64	500.0	2+every1days	168	336	168000.0	-0.94	1
PMC3327803	https://pmc.ncbi.nlm.nih.gov/articles/PMC3327803	2012	0.3	Metformin	200	mg/kg	intraperitoneal	db/db	Mice	male	11.0	genetic		49.0	1+every1days	126	126	NCT00798161	ADULT,OLDER_ADULT	all	PHASE3	138.0	Metformin	-1.07	1000.0	2+every1days	168	336	336000.0	-1.37	0
PMC3907559	https://pmc.ncbi.nlm.nih.gov/articles/PMC3907559	2014	-3	Metformin	200	mg/kg	oral	Zucker Diabetic Fatty	Rats	male	10.0	genetic		49.0	2+every1days	32	64	NCT00798161	ADULT,OLDER_ADULT	all	PHASE3	141.0	Metformin	-0.64	500.0	2+every1days	168	336	168000.0	2.36	0
PMC3907559	https://pmc.ncbi.nlm.nih.gov/articles/PMC3907559	2014	-3	Metformin	200	mg/kg	oral	Zucker Diabetic Fatty	Rats	male	10.0	genetic		49.0	2+every1days	32	64	NCT00798161	ADULT,OLDER_ADULT	all	PHASE3	138.0	Metformin	-1.07	1000.0	2+every1days	168	336	336000.0	1.93	0
PMC7381706	https://pmc.ncbi.nlm.nih.gov/articles/PMC7381706	2020	-0.1	Metformin	250	mg/kg	oral	ob/ob	Mice	male	8.0	genetic		52.5	1+every1days	26	26	NCT00798161	ADULT,OLDER_ADULT	all	PHASE3	141.0	Metformin	-0.64	500.0	2+every1days	168	336	168000.0	-0.54	1
PMC7381706	https://pmc.ncbi.nlm.nih.gov/articles/PMC7381706	2020	-0.1	Metformin	250	mg/kg	oral	ob/ob	Mice	male	8.0	genetic		52.5	1+every1days	26	26	NCT00798161	ADULT,OLDER_ADULT	all	PHASE3	138.0	Metformin	-1.07	1000.0	2+every1days	168	336	336000.0	-0.9700000000000001	1
PMC10203393	https://pmc.ncbi.nlm.nih.gov/articles/PMC10203393	2023	-5.5	Metformin	0.2	g/kg	oral	Sprague-Dawley	Rats	male	8.0	high-fat diet+streptozotocin	150.0	52.5	1+every1days	70	70	NCT00798161	ADULT,OLDER_ADULT	all	PHASE3	141.0	Metformin	-0.64	500.0	2+every1days	168	336	168000.0	4.86	0
PMC10203393	https://pmc.ncbi.nlm.nih.gov/articles/PMC10203393	2023	-5.5	Metformin	0.2	g/kg	oral	Sprague-Dawley	Rats	male	8.0	high-fat diet+streptozotocin	150.0	52.5	1+every1days	70	70	NCT00798161	ADULT,OLDER_ADULT	all	PHASE3	138.0	Metformin	-1.07	1000.0	2+every1days	168	336	336000.0	4.43	0
PMC10323656	https://pmc.ncbi.nlm.nih.gov/articles/PMC10323656	2023	-1.1	Metformin	200	mg/kg	oral gavage	C57BL/6	Mice	male	12.0	high-fat diet+streptozotocin	24.0	56.0	1+every1days	28	28	NCT00798161	ADULT,OLDER_ADULT	all	PHASE3	141.0	Metformin	-0.64	500.0	2+every1days	168	336	168000.0	0.4600000000000001	1
PMC10323656	https://pmc.ncbi.nlm.nih.gov/articles/PMC10323656	2023	-1.1	Metformin	200	mg/kg	oral gavage	C57BL/6	Mice	male	12.0	high-fat diet+streptozotocin	24.0	56.0	1+every1days	28	28	NCT00798161	ADULT,OLDER_ADULT	all	PHASE3	138.0	Metformin	-1.07	1000.0	2+every1days	168	336	336000.0	0.030000000000000027	1
PMC3855476	https://pmc.ncbi.nlm.nih.gov/articles/PMC3855476	2014	-0.7	Metformin	300	mg/kg	oral	db/db	Mice	male	10.0	genetic	44.0	56.0	1+every1days	14	14	NCT00798161	ADULT,OLDER_ADULT	all	PHASE3	141.0	Metformin	-0.64	500.0	2+every1days	168	336	168000.0	0.05999999999999994	1
PMC3855476	https://pmc.ncbi.nlm.nih.gov/articles/PMC3855476	2014	-0.7	Metformin	300	mg/kg	oral	db/db	Mice	male	10.0	genetic	44.0	56.0	1+every1days	14	14	NCT00798161	ADULT,OLDER_ADULT	all	PHASE3	138.0	Metformin	-1.07	1000.0	2+every1days	168	336	336000.0	-0.3700000000000001	1
PMC5881648	https://pmc.ncbi.nlm.nih.gov/articles/PMC5881648	2018	-3.3	Metformin	200	mg/kg	gavage	Sprague-Dawley	Rats	male	10.0	streptozotocin	200.0	56.0	1+every1days	77	77	NCT00798161	ADULT,OLDER_ADULT	all	PHASE3	141.0	Metformin	-0.64	500.0	2+every1days	168	336	168000.0	2.6599999999999997	0
PMC5881648	https://pmc.ncbi.nlm.nih.gov/articles/PMC5881648	2018	-3.3	Metformin	200	mg/kg	gavage	Sprague-Dawley	Rats	male	10.0	streptozotocin	200.0	56.0	1+every1days	77	77	NCT00798161	ADULT,OLDER_ADULT	all	PHASE3	138.0	Metformin	-1.07	1000.0	2+every1days	168	336	336000.0	2.2299999999999995	0
PMC4444588	https://pmc.ncbi.nlm.nih.gov/articles/PMC4444588	2015	-4	Metformin	500	mg/kg	intragastric	Sprague-Dawley	Rats	male	7.0	high-fat diet+streptozotocin	190.0	60.0	1+every1days	56	56	NCT00798161	ADULT,OLDER_ADULT	all	PHASE3	141.0	Metformin	-0.64	500.0	2+every1days	168	336	168000.0	3.36	0
PMC4444588	https://pmc.ncbi.nlm.nih.gov/articles/PMC4444588	2015	-4	Metformin	500	mg/kg	intragastric	Sprague-Dawley	Rats	male	7.0	high-fat diet+streptozotocin	190.0	60.0	1+every1days	56	56	NCT00798161	ADULT,OLDER_ADULT	all	PHASE3	138.0	Metformin	-1.07	1000.0	2+every1days	168	336	336000.0	2.9299999999999997	0
PMC4444588	https://pmc.ncbi.nlm.nih.gov/articles/PMC4444588	2015	-1	Metformin	150	mg/kg	intragastric	Sprague-Dawley	Rats	male	8.0	high-fat diet+streptozotocin	190.0	60.0	1+every1days	56	56	NCT00798161	ADULT,OLDER_ADULT	all	PHASE3	141.0	Metformin	-0.64	500.0	2+every1days	168	336	168000.0	0.36	1
PMC4444588	https://pmc.ncbi.nlm.nih.gov/articles/PMC4444588	2015	-2	Metformin	300	mg/kg	intragastric	Sprague-Dawley	Rats	male	8.0	high-fat diet+streptozotocin	190.0	60.0	1+every1days	56	56	NCT00798161	ADULT,OLDER_ADULT	all	PHASE3	141.0	Metformin	-0.64	500.0	2+every1days	168	336	168000.0	1.3599999999999999	0
PMC4444588	https://pmc.ncbi.nlm.nih.gov/articles/PMC4444588	2015	-1	Metformin	150	mg/kg	intragastric	Sprague-Dawley	Rats	male	8.0	high-fat diet+streptozotocin	190.0	60.0	1+every1days	56	56	NCT00798161	ADULT,OLDER_ADULT	all	PHASE3	138.0	Metformin	-1.07	1000.0	2+every1days	168	336	336000.0	-0.07000000000000006	1
PMC4444588	https://pmc.ncbi.nlm.nih.gov/articles/PMC4444588	2015	-2	Metformin	300	mg/kg	intragastric	Sprague-Dawley	Rats	male	8.0	high-fat diet+streptozotocin	190.0	60.0	1+every1days	56	56	NCT00798161	ADULT,OLDER_ADULT	all	PHASE3	138.0	Metformin	-1.07	1000.0	2+every1days	168	336	336000.0	0.9299999999999999	1
PMC4097088	https://pmc.ncbi.nlm.nih.gov/articles/PMC4097088	2014	-0.6	Metformin	300	mg/kg	oral	C57BL/6	Mice		8.0	high-fat diet		70.0	1+every1days	14	14	NCT00798161	ADULT,OLDER_ADULT	all	PHASE3	141.0	Metformin	-0.64	500.0	2+every1days	168	336	168000.0	-0.040000000000000036	1
PMC4097088	https://pmc.ncbi.nlm.nih.gov/articles/PMC4097088	2014	-0.6	Metformin	300	mg/kg	oral	C57BL/6	Mice		8.0	high-fat diet		70.0	1+every1days	14	14	NCT00798161	ADULT,OLDER_ADULT	all	PHASE3	138.0	Metformin	-1.07	1000.0	2+every1days	168	336	336000.0	-0.4700000000000001	1
PMC9457892	https://pmc.ncbi.nlm.nih.gov/articles/PMC9457892	2022	-4.3	Metformin	150	mg/kg	oral	C57BL/6	Mice	male	8.0	streptozotocin	27.5	70.0	1+every1days	42	42	NCT00798161	ADULT,OLDER_ADULT	all	PHASE3	141.0	Metformin	-0.64	500.0	2+every1days	168	336	168000.0	3.6599999999999997	0
PMC9457892	https://pmc.ncbi.nlm.nih.gov/articles/PMC9457892	2022	-4.3	Metformin	150	mg/kg	oral	C57BL/6	Mice	male	8.0	streptozotocin	27.5	70.0	1+every1days	42	42	NCT00798161	ADULT,OLDER_ADULT	all	PHASE3	138.0	Metformin	-1.07	1000.0	2+every1days	168	336	336000.0	3.2299999999999995	0
PMC8745465	https://pmc.ncbi.nlm.nih.gov/articles/PMC8745465	2021	-1.51	Metformin	120	mg/kg	oral	Wistar	Rats	male	30.0	high-fat diet+streptozotocin	170.0	70.0	1+every1days	35	35	NCT00798161	ADULT,OLDER_ADULT	all	PHASE3	141.0	Metformin	-0.64	500.0	2+every1days	168	336	168000.0	0.87	1
PMC8745465	https://pmc.ncbi.nlm.nih.gov/articles/PMC8745465	2021	-1.51	Metformin	120	mg/kg	oral	Wistar	Rats	male	30.0	high-fat diet+streptozotocin	170.0	70.0	1+every1days	35	35	NCT00798161	ADULT,OLDER_ADULT	all	PHASE3	138.0	Metformin	-1.07	1000.0	2+every1days	168	336	336000.0	0.43999999999999995	1
PMC5489512	https://pmc.ncbi.nlm.nih.gov/articles/PMC5489512	2017	-0.3	Linagliptin	2	mg/kg	oral	KK-Ay	Mice	female	10.0	genetic	50.0		1+every1days	42	42	NCT00800683	ADULT,OLDER_ADULT	all	PHASE3	66.0	Linagliptin	-0.57	5.0	1+every1days	126	126	630.0	-0.26999999999999996	1
PMC5489512	https://pmc.ncbi.nlm.nih.gov/articles/PMC5489512	2017	-0.3	Linagliptin	2	mg/kg	oral	KK-Ay	Mice	female	10.0	genetic	50.0		1+every1days	42	42	NCT00800683	ADULT,OLDER_ADULT	all	PHASE3	66.0	Linagliptin	-0.64	5.0	1+every1days	168	168	840.0	-0.34	1
PMC5489512	https://pmc.ncbi.nlm.nih.gov/articles/PMC5489512	2017	-0.3	Linagliptin	2	mg/kg	oral	KK-Ay	Mice	female	10.0	genetic	50.0		1+every1days	42	42	NCT00800683	ADULT,OLDER_ADULT	all	PHASE3	66.0	Linagliptin	-0.71	5.0	1+every1days	364	364	1820.0	-0.41	1
PMC5489512	https://pmc.ncbi.nlm.nih.gov/articles/PMC5489512	2017	-0.3	Linagliptin	2	mg/kg	oral	KK-Ay	Mice	female	10.0	genetic	50.0		1+every1days	42	42	NCT00800683	ADULT,OLDER_ADULT	all	PHASE3	66.0	Linagliptin	-0.76	5.0	1+every1days	84	84	420.0	-0.46	1
PMC5489512	https://pmc.ncbi.nlm.nih.gov/articles/PMC5489512	2017	-0.3	Linagliptin	2	mg/kg	oral	KK-Ay	Mice	female	10.0	genetic	50.0		1+every1days	42	42	NCT00800683	ADULT,OLDER_ADULT	all	PHASE3	66.0	Linagliptin	-0.77	5.0	1+every1days	336	336	1680.0	-0.47000000000000003	1
PMC6701666	https://pmc.ncbi.nlm.nih.gov/articles/PMC6701666	2019	0	Linagliptin	3	mg/kg	oral	db/db	Mice	female	12.0	genetic		38.5	1+every1days	42	42	NCT00800683	ADULT,OLDER_ADULT	all	PHASE3	66.0	Linagliptin	-0.57	5.0	1+every1days	126	126	630.0	-0.57	1
PMC6701666	https://pmc.ncbi.nlm.nih.gov/articles/PMC6701666	2019	0	Linagliptin	3	mg/kg	oral	db/db	Mice	female	12.0	genetic		38.5	1+every1days	42	42	NCT00800683	ADULT,OLDER_ADULT	all	PHASE3	66.0	Linagliptin	-0.64	5.0	1+every1days	168	168	840.0	-0.64	1
PMC6701666	https://pmc.ncbi.nlm.nih.gov/articles/PMC6701666	2019	0	Linagliptin	3	mg/kg	oral	db/db	Mice	female	12.0	genetic		38.5	1+every1days	42	42	NCT00800683	ADULT,OLDER_ADULT	all	PHASE3	66.0	Linagliptin	-0.71	5.0	1+every1days	364	364	1820.0	-0.71	1
PMC6701666	https://pmc.ncbi.nlm.nih.gov/articles/PMC6701666	2019	0	Linagliptin	3	mg/kg	oral	db/db	Mice	female	12.0	genetic		38.5	1+every1days	42	42	NCT00800683	ADULT,OLDER_ADULT	all	PHASE3	66.0	Linagliptin	-0.76	5.0	1+every1days	84	84	420.0	-0.76	1
PMC6701666	https://pmc.ncbi.nlm.nih.gov/articles/PMC6701666	2019	0	Linagliptin	3	mg/kg	oral	db/db	Mice	female	12.0	genetic		38.5	1+every1days	42	42	NCT00800683	ADULT,OLDER_ADULT	all	PHASE3	66.0	Linagliptin	-0.77	5.0	1+every1days	336	336	1680.0	-0.77	1
PMC5152931	https://pmc.ncbi.nlm.nih.gov/articles/PMC5152931	2016	-2	Linagliptin	0.083	mg/kg	oral	Wistar	Rats	male	22.0	streptozotocin		42.0		168		NCT00800683	ADULT,OLDER_ADULT	all	PHASE3	66.0	Linagliptin	-0.57	5.0	1+every1days	126	126	630.0	1.4300000000000002	0
PMC5152931	https://pmc.ncbi.nlm.nih.gov/articles/PMC5152931	2016	-2	Linagliptin	0.083	mg/kg	oral	Wistar	Rats	male	22.0	streptozotocin		42.0		168		NCT00800683	ADULT,OLDER_ADULT	all	PHASE3	66.0	Linagliptin	-0.64	5.0	1+every1days	168	168	840.0	1.3599999999999999	0
PMC5152931	https://pmc.ncbi.nlm.nih.gov/articles/PMC5152931	2016	-2	Linagliptin	0.083	mg/kg	oral	Wistar	Rats	male	22.0	streptozotocin		42.0		168		NCT00800683	ADULT,OLDER_ADULT	all	PHASE3	66.0	Linagliptin	-0.71	5.0	1+every1days	364	364	1820.0	1.29	0
PMC5152931	https://pmc.ncbi.nlm.nih.gov/articles/PMC5152931	2016	-2	Linagliptin	0.083	mg/kg	oral	Wistar	Rats	male	22.0	streptozotocin		42.0		168		NCT00800683	ADULT,OLDER_ADULT	all	PHASE3	66.0	Linagliptin	-0.76	5.0	1+every1days	84	84	420.0	1.24	0
PMC5152931	https://pmc.ncbi.nlm.nih.gov/articles/PMC5152931	2016	-2	Linagliptin	0.083	mg/kg	oral	Wistar	Rats	male	22.0	streptozotocin		42.0		168		NCT00800683	ADULT,OLDER_ADULT	all	PHASE3	66.0	Linagliptin	-0.77	5.0	1+every1days	336	336	1680.0	1.23	0
PMC5489512	https://pmc.ncbi.nlm.nih.gov/articles/PMC5489512	2017	-0.3	Linagliptin	2	mg/kg	oral	KK-Ay	Mice	female	10.0	genetic	50.0		1+every1days	42	42	NCT00819091	ADULT,OLDER_ADULT	all	PHASE3	158.0	Linagliptin	-0.54	5.0	1+every1days	126	126	630.0	-0.24000000000000005	1
PMC5489512	https://pmc.ncbi.nlm.nih.gov/articles/PMC5489512	2017	-0.3	Linagliptin	2	mg/kg	oral	KK-Ay	Mice	female	10.0	genetic	50.0		1+every1days	42	42	NCT00819091	ADULT,OLDER_ADULT	all	PHASE3	158.0	Linagliptin	-0.55	5.0	1+every1days	126	126	630.0	-0.25000000000000006	1
PMC6701666	https://pmc.ncbi.nlm.nih.gov/articles/PMC6701666	2019	0	Linagliptin	3	mg/kg	oral	db/db	Mice	female	12.0	genetic		38.5	1+every1days	42	42	NCT00819091	ADULT,OLDER_ADULT	all	PHASE3	158.0	Linagliptin	-0.54	5.0	1+every1days	126	126	630.0	-0.54	1
PMC6701666	https://pmc.ncbi.nlm.nih.gov/articles/PMC6701666	2019	0	Linagliptin	3	mg/kg	oral	db/db	Mice	female	12.0	genetic		38.5	1+every1days	42	42	NCT00819091	ADULT,OLDER_ADULT	all	PHASE3	158.0	Linagliptin	-0.55	5.0	1+every1days	126	126	630.0	-0.55	1
PMC5152931	https://pmc.ncbi.nlm.nih.gov/articles/PMC5152931	2016	-2	Linagliptin	0.083	mg/kg	oral	Wistar	Rats	male	22.0	streptozotocin		42.0		168		NCT00819091	ADULT,OLDER_ADULT	all	PHASE3	158.0	Linagliptin	-0.54	5.0	1+every1days	126	126	630.0	1.46	0
PMC5152931	https://pmc.ncbi.nlm.nih.gov/articles/PMC5152931	2016	-2	Linagliptin	0.083	mg/kg	oral	Wistar	Rats	male	22.0	streptozotocin		42.0		168		NCT00819091	ADULT,OLDER_ADULT	all	PHASE3	158.0	Linagliptin	-0.55	5.0	1+every1days	126	126	630.0	1.45	0
PMC5485244	https://pmc.ncbi.nlm.nih.gov/articles/PMC5485244	2017	-0.4	Metformin	500	mg/kg	oral	C57BL/6J	Mice	male	8.0	high-fat diet			1+every1days			NCT00881530	ADULT,OLDER_ADULT	all	PHASE2	56.0	Metformin	-0.8	1500.0	1+every1days	546	546	819000.0	-0.4	1
PMC8657924	https://pmc.ncbi.nlm.nih.gov/articles/PMC8657924	2021	-4	Metformin	225	mg/kg	oral	Kunming	Mice	male	8.0	high-fat diet+streptozotocin	20.0		1+every1days	28	28	NCT00881530	ADULT,OLDER_ADULT	all	PHASE2	56.0	Metformin	-0.8	1500.0	1+every1days	546	546	819000.0	3.2	0
PMC3462199	https://pmc.ncbi.nlm.nih.gov/articles/PMC3462199	2012	-0.4	Metformin	400	mg/kg	intraperitoneal	db/db	Mice	male	10.0	genetic	47.5		1+every1days	14	14	NCT00881530	ADULT,OLDER_ADULT	all	PHASE2	56.0	Metformin	-0.8	1500.0	1+every1days	546	546	819000.0	-0.4	1
PMC3462199	https://pmc.ncbi.nlm.nih.gov/articles/PMC3462199	2012	-0.3	Metformin	400	mg/kg	intraperitoneal	db/db	Mice	male	12.0	genetic	47.5		1+every1days	14	14	NCT00881530	ADULT,OLDER_ADULT	all	PHASE2	56.0	Metformin	-0.8	1500.0	1+every1days	546	546	819000.0	-0.5	1
PMC9313150	https://pmc.ncbi.nlm.nih.gov/articles/PMC9313150	2022	-2.1	Metformin	200	mg/kg	oral	Wistar	Rats	male		high-fat diet+streptozotocin	185.0		1+every1days	84	84	NCT00881530	ADULT,OLDER_ADULT	all	PHASE2	56.0	Metformin	-0.8	1500.0	1+every1days	546	546	819000.0	1.3	0
PMC7092631	https://pmc.ncbi.nlm.nih.gov/articles/PMC7092631	2020	-0.18	Empagliflozin	10	mg/kg	intragastric	Wistar	Rats	male	10.0	high-fat diet+streptozotocin	200.0		1+every1days	28	28	NCT00881530	ADULT,OLDER_ADULT	all	PHASE2	106.0	Empagliflozin	-0.5	10.0	1+every1days	546	546	5460.0	-0.32	1
PMC7092631	https://pmc.ncbi.nlm.nih.gov/articles/PMC7092631	2020	-0.18	Empagliflozin	10	mg/kg	intragastric	Wistar	Rats	male	10.0	high-fat diet+streptozotocin	200.0		1+every1days	28	28	NCT00881530	ADULT,OLDER_ADULT	all	PHASE2	109.0	Empagliflozin	-0.55	25.0	1+every1days	546	546	13650.0	-0.37000000000000005	1
PMC7092631	https://pmc.ncbi.nlm.nih.gov/articles/PMC7092631	2020	-0.82	Metformin	200	mg/kg	intragastric	Wistar	Rats	male	10.0	high-fat diet+streptozotocin	200.0		1+every1days	28	28	NCT00881530	ADULT,OLDER_ADULT	all	PHASE2	56.0	Metformin	-0.8	1500.0	1+every1days	546	546	819000.0	0.019999999999999907	1
PMC8800605	https://pmc.ncbi.nlm.nih.gov/articles/PMC8800605	2022	-0.21	Metformin	60	mg/kg	oral	Wistar	Rats	male	12.0	high-fat diet+streptozotocin	176.8		1+every1days	14	14	NCT00881530	ADULT,OLDER_ADULT	all	PHASE2	56.0	Metformin	-0.8	1500.0	1+every1days	546	546	819000.0	-0.5900000000000001	1
PMC4826921	https://pmc.ncbi.nlm.nih.gov/articles/PMC4826921	2016	-1.6	Metformin	200	mg/kg	oral	Wistar	Rats	male	20.0	high-fat diet	110.0		1+every1days	60	60	NCT00881530	ADULT,OLDER_ADULT	all	PHASE2	56.0	Metformin	-0.8	1500.0	1+every1days	546	546	819000.0	0.8	1
PMC7034448	https://pmc.ncbi.nlm.nih.gov/articles/PMC7034448	2020	-5.1	Metformin	500	mg/kg	oral	Wistar	Rats	male	6.0	high-fat diet+streptozotocin	190.0		1+every1days	30	30	NCT00881530	ADULT,OLDER_ADULT	all	PHASE2	56.0	Metformin	-0.8	1500.0	1+every1days	546	546	819000.0	4.3	0
PMC4884299	https://pmc.ncbi.nlm.nih.gov/articles/PMC4884299	2016	-2.34	Metformin	150	mg/kg	oral	Wistar	Rats	male	6.0	streptozotocin+nicotinamide	280.0		1+every1days	42	42	NCT00881530	ADULT,OLDER_ADULT	all	PHASE2	56.0	Metformin	-0.8	1500.0	1+every1days	546	546	819000.0	1.5399999999999998	0
PMC9953164	https://pmc.ncbi.nlm.nih.gov/articles/PMC9953164	2023	-2.5	Metformin	200	mg/kg		Wistar	Rats	male	8.0	high-fat diet+streptozotocin	185.0		1+every1days	84	84	NCT00881530	ADULT,OLDER_ADULT	all	PHASE2	56.0	Metformin	-0.8	1500.0	1+every1days	546	546	819000.0	1.7	0
PMC5491464	https://pmc.ncbi.nlm.nih.gov/articles/PMC5491464	2017	-4.3	Empagliflozin	10	mg/kg	oral	Zucker Diabetic Fatty	Rats			genetic		112.0	1+every1days	42	42	NCT00881530	ADULT,OLDER_ADULT	all	PHASE2	106.0	Empagliflozin	-0.5	10.0	1+every1days	546	546	5460.0	3.8	0
PMC5491464	https://pmc.ncbi.nlm.nih.gov/articles/PMC5491464	2017	-5	Empagliflozin	30	mg/kg	oral	Zucker Diabetic Fatty	Rats			genetic		112.0	1+every1days	42	42	NCT00881530	ADULT,OLDER_ADULT	all	PHASE2	106.0	Empagliflozin	-0.5	10.0	1+every1days	546	546	5460.0	4.5	0
PMC5491464	https://pmc.ncbi.nlm.nih.gov/articles/PMC5491464	2017	-4.3	Empagliflozin	10	mg/kg	oral	Zucker Diabetic Fatty	Rats			genetic		112.0	1+every1days	42	42	NCT00881530	ADULT,OLDER_ADULT	all	PHASE2	109.0	Empagliflozin	-0.55	25.0	1+every1days	546	546	13650.0	3.75	0
PMC5491464	https://pmc.ncbi.nlm.nih.gov/articles/PMC5491464	2017	-5	Empagliflozin	30	mg/kg	oral	Zucker Diabetic Fatty	Rats			genetic		112.0	1+every1days	42	42	NCT00881530	ADULT,OLDER_ADULT	all	PHASE2	109.0	Empagliflozin	-0.55	25.0	1+every1days	546	546	13650.0	4.45	0
PMC9681650	https://pmc.ncbi.nlm.nih.gov/articles/PMC9681650	2022	-0.1	Metformin	60	mg/kg	oral	Wistar	Rats	male	12.0	high-fat diet+streptozotocin	176.8	120.0	1+every1days	14	14	NCT00881530	ADULT,OLDER_ADULT	all	PHASE2	56.0	Metformin	-0.8	1500.0	1+every1days	546	546	819000.0	-0.7000000000000001	1
PMC4423537	https://pmc.ncbi.nlm.nih.gov/articles/PMC4423537	2013	-1.6	Metformin	300	mg/kg	oral	Otsuka Long-Evans Tokushima Fatty	Rats	male	14.0	genetic		140.0	1+every1days	84	84	NCT00881530	ADULT,OLDER_ADULT	all	PHASE2	56.0	Metformin	-0.8	1500.0	1+every1days	546	546	819000.0	0.8	1
PMC9470898	https://pmc.ncbi.nlm.nih.gov/articles/PMC9470898	2022	-0.5	Metformin	0.1	% (w/w)	oral	NONcNZO10/LtJ	Mice	male	10.0	genetic		147.0		126		NCT00881530	ADULT,OLDER_ADULT	all	PHASE2	56.0	Metformin	-0.8	1500.0	1+every1days	546	546	819000.0	-0.30000000000000004	1
PMC5840580	https://pmc.ncbi.nlm.nih.gov/articles/PMC5840580	2017	-1.5	Metformin	300	mg/kg	oral	Otsuka Long-Evans Tokushima Fatty	Rats	male	6.0	high-fat diet		168.0	1+every1days	84	84	NCT00881530	ADULT,OLDER_ADULT	all	PHASE2	56.0	Metformin	-0.8	1500.0	1+every1days	546	546	819000.0	0.7	1
PMC3465985	https://pmc.ncbi.nlm.nih.gov/articles/PMC3465985	2012	-1.31	Metformin	350	mg/kg	oral	Spontaneously Diabetic Torii	Rats	male	10.0	genetic		175.0	1+every1days	119	119	NCT00881530	ADULT,OLDER_ADULT	all	PHASE2	56.0	Metformin	-0.8	1500.0	1+every1days	546	546	819000.0	0.51	1
PMC5319739	https://pmc.ncbi.nlm.nih.gov/articles/PMC5319739	2017	-4.2	Metformin	50	mg/kg	gastric intubation	Psammomys obesus	Gerbillinae	male	30.0	high-fat diet	100.0	240.0	1+every1days	84	84	NCT00881530	ADULT,OLDER_ADULT	all	PHASE2	56.0	Metformin	-0.8	1500.0	1+every1days	546	546	819000.0	3.4000000000000004	0
PMC9698742	https://pmc.ncbi.nlm.nih.gov/articles/PMC9698742	2022	-2.6	Metformin	200	mg/kg	oral	Wistar	Rats	male	5.0	streptozotocin	225.0	270.0	1+every1days	45	45	NCT00881530	ADULT,OLDER_ADULT	all	PHASE2	56.0	Metformin	-0.8	1500.0	1+every1days	546	546	819000.0	1.8	0
PMC7727825	https://pmc.ncbi.nlm.nih.gov/articles/PMC7727825	2020	-3	Metformin	200	mg/kg	oral	C57BLKS/J-db/db	Mice	male	8.0	genetic		35.0	1+every1days	63	63	NCT00881530	ADULT,OLDER_ADULT	all	PHASE2	56.0	Metformin	-0.8	1500.0	1+every1days	546	546	819000.0	2.2	0
PMC7598587	https://pmc.ncbi.nlm.nih.gov/articles/PMC7598587	2020	-1.85	Metformin	200	mg/kg	oral	C57BL/6N	Mice	male	8.0	high-fat diet+streptozotocin		38.5	1+every1days	28	28	NCT00881530	ADULT,OLDER_ADULT	all	PHASE2	56.0	Metformin	-0.8	1500.0	1+every1days	546	546	819000.0	1.05	0
PMC4726511	https://pmc.ncbi.nlm.nih.gov/articles/PMC4726511	2016	-0.6	Metformin	10	mg/kg	oral	db/db	Mice		5.0	genetic		42.0	1+every1days	28	28	NCT00881530	ADULT,OLDER_ADULT	all	PHASE2	56.0	Metformin	-0.8	1500.0	1+every1days	546	546	819000.0	-0.20000000000000007	1
PMC5485244	https://pmc.ncbi.nlm.nih.gov/articles/PMC5485244	2017	-0.4	Metformin	500	mg/kg	oral	C57BL/6J	Mice	male	16.0	high-fat diet		42.0	1+every1days	84	84	NCT00881530	ADULT,OLDER_ADULT	all	PHASE2	56.0	Metformin	-0.8	1500.0	1+every1days	546	546	819000.0	-0.4	1
PMC6273299	https://pmc.ncbi.nlm.nih.gov/articles/PMC6273299	2016	-1.3	Metformin	200	mg/kg		Zucker Diabetic Fatty	Rats	male	6.0	high-fat diet		42.0	1+every1days	84	84	NCT00881530	ADULT,OLDER_ADULT	all	PHASE2	56.0	Metformin	-0.8	1500.0	1+every1days	546	546	819000.0	0.5	1
PMC3327803	https://pmc.ncbi.nlm.nih.gov/articles/PMC3327803	2012	0.3	Metformin	200	mg/kg	intraperitoneal	db/db	Mice	male	11.0	genetic		49.0	1+every1days	126	126	NCT00881530	ADULT,OLDER_ADULT	all	PHASE2	56.0	Metformin	-0.8	1500.0	1+every1days	546	546	819000.0	-1.1	0
PMC3907559	https://pmc.ncbi.nlm.nih.gov/articles/PMC3907559	2014	-3	Metformin	200	mg/kg	oral	Zucker Diabetic Fatty	Rats	male	10.0	genetic		49.0	2+every1days	32	64	NCT00881530	ADULT,OLDER_ADULT	all	PHASE2	56.0	Metformin	-0.8	1500.0	1+every1days	546	546	819000.0	2.2	0
PMC7381706	https://pmc.ncbi.nlm.nih.gov/articles/PMC7381706	2020	-0.1	Metformin	250	mg/kg	oral	ob/ob	Mice	male	8.0	genetic		52.5	1+every1days	26	26	NCT00881530	ADULT,OLDER_ADULT	all	PHASE2	56.0	Metformin	-0.8	1500.0	1+every1days	546	546	819000.0	-0.7000000000000001	1
PMC10203393	https://pmc.ncbi.nlm.nih.gov/articles/PMC10203393	2023	-5.5	Metformin	0.2	g/kg	oral	Sprague-Dawley	Rats	male	8.0	high-fat diet+streptozotocin	150.0	52.5	1+every1days	70	70	NCT00881530	ADULT,OLDER_ADULT	all	PHASE2	56.0	Metformin	-0.8	1500.0	1+every1days	546	546	819000.0	4.7	0
PMC6359811	https://pmc.ncbi.nlm.nih.gov/articles/PMC6359811	2019	-5	Empagliflozin	10	mg/kg	oral	KK-Ay	Mice		15.0	high-fat diet		56.0	1+every1days	70	70	NCT00881530	ADULT,OLDER_ADULT	all	PHASE2	106.0	Empagliflozin	-0.5	10.0	1+every1days	546	546	5460.0	4.5	0
PMC6359811	https://pmc.ncbi.nlm.nih.gov/articles/PMC6359811	2019	-5	Empagliflozin	10	mg/kg	oral	KK-Ay	Mice		15.0	high-fat diet		56.0	1+every1days	70	70	NCT00881530	ADULT,OLDER_ADULT	all	PHASE2	109.0	Empagliflozin	-0.55	25.0	1+every1days	546	546	13650.0	4.45	0
PMC10323656	https://pmc.ncbi.nlm.nih.gov/articles/PMC10323656	2023	-1.1	Metformin	200	mg/kg	oral gavage	C57BL/6	Mice	male	12.0	high-fat diet+streptozotocin	24.0	56.0	1+every1days	28	28	NCT00881530	ADULT,OLDER_ADULT	all	PHASE2	56.0	Metformin	-0.8	1500.0	1+every1days	546	546	819000.0	0.30000000000000004	1
PMC3855476	https://pmc.ncbi.nlm.nih.gov/articles/PMC3855476	2014	-0.7	Metformin	300	mg/kg	oral	db/db	Mice	male	10.0	genetic	44.0	56.0	1+every1days	14	14	NCT00881530	ADULT,OLDER_ADULT	all	PHASE2	56.0	Metformin	-0.8	1500.0	1+every1days	546	546	819000.0	-0.10000000000000009	1
PMC5881648	https://pmc.ncbi.nlm.nih.gov/articles/PMC5881648	2018	-3.3	Metformin	200	mg/kg	gavage	Sprague-Dawley	Rats	male	10.0	streptozotocin	200.0	56.0	1+every1days	77	77	NCT00881530	ADULT,OLDER_ADULT	all	PHASE2	56.0	Metformin	-0.8	1500.0	1+every1days	546	546	819000.0	2.5	0
PMC4444588	https://pmc.ncbi.nlm.nih.gov/articles/PMC4444588	2015	-4	Metformin	500	mg/kg	intragastric	Sprague-Dawley	Rats	male	7.0	high-fat diet+streptozotocin	190.0	60.0	1+every1days	56	56	NCT00881530	ADULT,OLDER_ADULT	all	PHASE2	56.0	Metformin	-0.8	1500.0	1+every1days	546	546	819000.0	3.2	0
PMC4444588	https://pmc.ncbi.nlm.nih.gov/articles/PMC4444588	2015	-1	Metformin	150	mg/kg	intragastric	Sprague-Dawley	Rats	male	8.0	high-fat diet+streptozotocin	190.0	60.0	1+every1days	56	56	NCT00881530	ADULT,OLDER_ADULT	all	PHASE2	56.0	Metformin	-0.8	1500.0	1+every1days	546	546	819000.0	0.19999999999999996	1
PMC4444588	https://pmc.ncbi.nlm.nih.gov/articles/PMC4444588	2015	-2	Metformin	300	mg/kg	intragastric	Sprague-Dawley	Rats	male	8.0	high-fat diet+streptozotocin	190.0	60.0	1+every1days	56	56	NCT00881530	ADULT,OLDER_ADULT	all	PHASE2	56.0	Metformin	-0.8	1500.0	1+every1days	546	546	819000.0	1.2	0
PMC4097088	https://pmc.ncbi.nlm.nih.gov/articles/PMC4097088	2014	-0.6	Metformin	300	mg/kg	oral	C57BL/6	Mice		8.0	high-fat diet		70.0	1+every1days	14	14	NCT00881530	ADULT,OLDER_ADULT	all	PHASE2	56.0	Metformin	-0.8	1500.0	1+every1days	546	546	819000.0	-0.20000000000000007	1
PMC9457892	https://pmc.ncbi.nlm.nih.gov/articles/PMC9457892	2022	-4.3	Metformin	150	mg/kg	oral	C57BL/6	Mice	male	8.0	streptozotocin	27.5	70.0	1+every1days	42	42	NCT00881530	ADULT,OLDER_ADULT	all	PHASE2	56.0	Metformin	-0.8	1500.0	1+every1days	546	546	819000.0	3.5	0
PMC8745465	https://pmc.ncbi.nlm.nih.gov/articles/PMC8745465	2021	-1.51	Metformin	120	mg/kg	oral	Wistar	Rats	male	30.0	high-fat diet+streptozotocin	170.0	70.0	1+every1days	35	35	NCT00881530	ADULT,OLDER_ADULT	all	PHASE2	56.0	Metformin	-0.8	1500.0	1+every1days	546	546	819000.0	0.71	1
PMC6681671	https://pmc.ncbi.nlm.nih.gov/articles/PMC6681671	2017	-1.4	Empagliflozin	10	mg/kg	oral	ob/ob	Mice	male	12.5	genetic		77.0	1+every1days	42	42	NCT00881530	ADULT,OLDER_ADULT	all	PHASE2	106.0	Empagliflozin	-0.5	10.0	1+every1days	546	546	5460.0	0.8999999999999999	1
PMC6681671	https://pmc.ncbi.nlm.nih.gov/articles/PMC6681671	2017	-1.4	Empagliflozin	10	mg/kg	oral	ob/ob	Mice	male	12.5	genetic		77.0	1+every1days	42	42	NCT00881530	ADULT,OLDER_ADULT	all	PHASE2	109.0	Empagliflozin	-0.55	25.0	1+every1days	546	546	13650.0	0.8499999999999999	1
PMC5485244	https://pmc.ncbi.nlm.nih.gov/articles/PMC5485244	2017	-0.4	Metformin	500	mg/kg	oral	C57BL/6J	Mice	male	8.0	high-fat diet			1+every1days			NCT00915772	ADULT,OLDER_ADULT	all	PHASE3	168.0	Metformin	-0.06	1000.0	2+every1days	378	756	756000.0	0.34	1
PMC5485244	https://pmc.ncbi.nlm.nih.gov/articles/PMC5485244	2017	-0.4	Metformin	500	mg/kg	oral	C57BL/6J	Mice	male	8.0	high-fat diet			1+every1days			NCT00915772	ADULT,OLDER_ADULT	all	PHASE3	109.0	Metformin	-1.25	1000.0	2+every1days	546	1092	1092000.0	-0.85	1
PMC8657924	https://pmc.ncbi.nlm.nih.gov/articles/PMC8657924	2021	-4	Metformin	225	mg/kg	oral	Kunming	Mice	male	8.0	high-fat diet+streptozotocin	20.0		1+every1days	28	28	NCT00915772	ADULT,OLDER_ADULT	all	PHASE3	168.0	Metformin	-0.06	1000.0	2+every1days	378	756	756000.0	3.94	0
PMC8657924	https://pmc.ncbi.nlm.nih.gov/articles/PMC8657924	2021	-4	Metformin	225	mg/kg	oral	Kunming	Mice	male	8.0	high-fat diet+streptozotocin	20.0		1+every1days	28	28	NCT00915772	ADULT,OLDER_ADULT	all	PHASE3	109.0	Metformin	-1.25	1000.0	2+every1days	546	1092	1092000.0	2.75	0
PMC3462199	https://pmc.ncbi.nlm.nih.gov/articles/PMC3462199	2012	-0.4	Metformin	400	mg/kg	intraperitoneal	db/db	Mice	male	10.0	genetic	47.5		1+every1days	14	14	NCT00915772	ADULT,OLDER_ADULT	all	PHASE3	168.0	Metformin	-0.06	1000.0	2+every1days	378	756	756000.0	0.34	1
PMC3462199	https://pmc.ncbi.nlm.nih.gov/articles/PMC3462199	2012	-0.4	Metformin	400	mg/kg	intraperitoneal	db/db	Mice	male	10.0	genetic	47.5		1+every1days	14	14	NCT00915772	ADULT,OLDER_ADULT	all	PHASE3	109.0	Metformin	-1.25	1000.0	2+every1days	546	1092	1092000.0	-0.85	1
PMC3462199	https://pmc.ncbi.nlm.nih.gov/articles/PMC3462199	2012	-0.3	Metformin	400	mg/kg	intraperitoneal	db/db	Mice	male	12.0	genetic	47.5		1+every1days	14	14	NCT00915772	ADULT,OLDER_ADULT	all	PHASE3	168.0	Metformin	-0.06	1000.0	2+every1days	378	756	756000.0	0.24	1
PMC3462199	https://pmc.ncbi.nlm.nih.gov/articles/PMC3462199	2012	-0.3	Metformin	400	mg/kg	intraperitoneal	db/db	Mice	male	12.0	genetic	47.5		1+every1days	14	14	NCT00915772	ADULT,OLDER_ADULT	all	PHASE3	109.0	Metformin	-1.25	1000.0	2+every1days	546	1092	1092000.0	-0.95	1
PMC9313150	https://pmc.ncbi.nlm.nih.gov/articles/PMC9313150	2022	-2.1	Metformin	200	mg/kg	oral	Wistar	Rats	male		high-fat diet+streptozotocin	185.0		1+every1days	84	84	NCT00915772	ADULT,OLDER_ADULT	all	PHASE3	168.0	Metformin	-0.06	1000.0	2+every1days	378	756	756000.0	2.04	0
PMC9313150	https://pmc.ncbi.nlm.nih.gov/articles/PMC9313150	2022	-2.1	Metformin	200	mg/kg	oral	Wistar	Rats	male		high-fat diet+streptozotocin	185.0		1+every1days	84	84	NCT00915772	ADULT,OLDER_ADULT	all	PHASE3	109.0	Metformin	-1.25	1000.0	2+every1days	546	1092	1092000.0	0.8500000000000001	1
PMC7092631	https://pmc.ncbi.nlm.nih.gov/articles/PMC7092631	2020	-0.82	Metformin	200	mg/kg	intragastric	Wistar	Rats	male	10.0	high-fat diet+streptozotocin	200.0		1+every1days	28	28	NCT00915772	ADULT,OLDER_ADULT	all	PHASE3	168.0	Metformin	-0.06	1000.0	2+every1days	378	756	756000.0	0.76	1
PMC7092631	https://pmc.ncbi.nlm.nih.gov/articles/PMC7092631	2020	-0.82	Metformin	200	mg/kg	intragastric	Wistar	Rats	male	10.0	high-fat diet+streptozotocin	200.0		1+every1days	28	28	NCT00915772	ADULT,OLDER_ADULT	all	PHASE3	109.0	Metformin	-1.25	1000.0	2+every1days	546	1092	1092000.0	-0.43000000000000005	1
PMC8800605	https://pmc.ncbi.nlm.nih.gov/articles/PMC8800605	2022	-0.21	Metformin	60	mg/kg	oral	Wistar	Rats	male	12.0	high-fat diet+streptozotocin	176.8		1+every1days	14	14	NCT00915772	ADULT,OLDER_ADULT	all	PHASE3	168.0	Metformin	-0.06	1000.0	2+every1days	378	756	756000.0	0.15	1
PMC8800605	https://pmc.ncbi.nlm.nih.gov/articles/PMC8800605	2022	-0.21	Metformin	60	mg/kg	oral	Wistar	Rats	male	12.0	high-fat diet+streptozotocin	176.8		1+every1days	14	14	NCT00915772	ADULT,OLDER_ADULT	all	PHASE3	109.0	Metformin	-1.25	1000.0	2+every1days	546	1092	1092000.0	-1.04	0
PMC4826921	https://pmc.ncbi.nlm.nih.gov/articles/PMC4826921	2016	-1.6	Metformin	200	mg/kg	oral	Wistar	Rats	male	20.0	high-fat diet	110.0		1+every1days	60	60	NCT00915772	ADULT,OLDER_ADULT	all	PHASE3	168.0	Metformin	-0.06	1000.0	2+every1days	378	756	756000.0	1.54	0
PMC4826921	https://pmc.ncbi.nlm.nih.gov/articles/PMC4826921	2016	-1.6	Metformin	200	mg/kg	oral	Wistar	Rats	male	20.0	high-fat diet	110.0		1+every1days	60	60	NCT00915772	ADULT,OLDER_ADULT	all	PHASE3	109.0	Metformin	-1.25	1000.0	2+every1days	546	1092	1092000.0	0.3500000000000001	1
PMC7034448	https://pmc.ncbi.nlm.nih.gov/articles/PMC7034448	2020	-5.1	Metformin	500	mg/kg	oral	Wistar	Rats	male	6.0	high-fat diet+streptozotocin	190.0		1+every1days	30	30	NCT00915772	ADULT,OLDER_ADULT	all	PHASE3	168.0	Metformin	-0.06	1000.0	2+every1days	378	756	756000.0	5.04	0
PMC7034448	https://pmc.ncbi.nlm.nih.gov/articles/PMC7034448	2020	-5.1	Metformin	500	mg/kg	oral	Wistar	Rats	male	6.0	high-fat diet+streptozotocin	190.0		1+every1days	30	30	NCT00915772	ADULT,OLDER_ADULT	all	PHASE3	109.0	Metformin	-1.25	1000.0	2+every1days	546	1092	1092000.0	3.8499999999999996	0
PMC4884299	https://pmc.ncbi.nlm.nih.gov/articles/PMC4884299	2016	-2.34	Metformin	150	mg/kg	oral	Wistar	Rats	male	6.0	streptozotocin+nicotinamide	280.0		1+every1days	42	42	NCT00915772	ADULT,OLDER_ADULT	all	PHASE3	168.0	Metformin	-0.06	1000.0	2+every1days	378	756	756000.0	2.28	0
PMC4884299	https://pmc.ncbi.nlm.nih.gov/articles/PMC4884299	2016	-2.34	Metformin	150	mg/kg	oral	Wistar	Rats	male	6.0	streptozotocin+nicotinamide	280.0		1+every1days	42	42	NCT00915772	ADULT,OLDER_ADULT	all	PHASE3	109.0	Metformin	-1.25	1000.0	2+every1days	546	1092	1092000.0	1.0899999999999999	0
PMC9953164	https://pmc.ncbi.nlm.nih.gov/articles/PMC9953164	2023	-2.5	Metformin	200	mg/kg		Wistar	Rats	male	8.0	high-fat diet+streptozotocin	185.0		1+every1days	84	84	NCT00915772	ADULT,OLDER_ADULT	all	PHASE3	168.0	Metformin	-0.06	1000.0	2+every1days	378	756	756000.0	2.44	0
PMC9953164	https://pmc.ncbi.nlm.nih.gov/articles/PMC9953164	2023	-2.5	Metformin	200	mg/kg		Wistar	Rats	male	8.0	high-fat diet+streptozotocin	185.0		1+every1days	84	84	NCT00915772	ADULT,OLDER_ADULT	all	PHASE3	109.0	Metformin	-1.25	1000.0	2+every1days	546	1092	1092000.0	1.25	0
PMC9681650	https://pmc.ncbi.nlm.nih.gov/articles/PMC9681650	2022	-0.1	Metformin	60	mg/kg	oral	Wistar	Rats	male	12.0	high-fat diet+streptozotocin	176.8	120.0	1+every1days	14	14	NCT00915772	ADULT,OLDER_ADULT	all	PHASE3	168.0	Metformin	-0.06	1000.0	2+every1days	378	756	756000.0	0.04000000000000001	1
PMC9681650	https://pmc.ncbi.nlm.nih.gov/articles/PMC9681650	2022	-0.1	Metformin	60	mg/kg	oral	Wistar	Rats	male	12.0	high-fat diet+streptozotocin	176.8	120.0	1+every1days	14	14	NCT00915772	ADULT,OLDER_ADULT	all	PHASE3	109.0	Metformin	-1.25	1000.0	2+every1days	546	1092	1092000.0	-1.15	0
PMC4423537	https://pmc.ncbi.nlm.nih.gov/articles/PMC4423537	2013	-1.6	Metformin	300	mg/kg	oral	Otsuka Long-Evans Tokushima Fatty	Rats	male	14.0	genetic		140.0	1+every1days	84	84	NCT00915772	ADULT,OLDER_ADULT	all	PHASE3	168.0	Metformin	-0.06	1000.0	2+every1days	378	756	756000.0	1.54	0
PMC4423537	https://pmc.ncbi.nlm.nih.gov/articles/PMC4423537	2013	-1.6	Metformin	300	mg/kg	oral	Otsuka Long-Evans Tokushima Fatty	Rats	male	14.0	genetic		140.0	1+every1days	84	84	NCT00915772	ADULT,OLDER_ADULT	all	PHASE3	109.0	Metformin	-1.25	1000.0	2+every1days	546	1092	1092000.0	0.3500000000000001	1
PMC9470898	https://pmc.ncbi.nlm.nih.gov/articles/PMC9470898	2022	-0.5	Metformin	0.1	% (w/w)	oral	NONcNZO10/LtJ	Mice	male	10.0	genetic		147.0		126		NCT00915772	ADULT,OLDER_ADULT	all	PHASE3	168.0	Metformin	-0.06	1000.0	2+every1days	378	756	756000.0	0.44	1
PMC9470898	https://pmc.ncbi.nlm.nih.gov/articles/PMC9470898	2022	-0.5	Metformin	0.1	% (w/w)	oral	NONcNZO10/LtJ	Mice	male	10.0	genetic		147.0		126		NCT00915772	ADULT,OLDER_ADULT	all	PHASE3	109.0	Metformin	-1.25	1000.0	2+every1days	546	1092	1092000.0	-0.75	1
PMC5840580	https://pmc.ncbi.nlm.nih.gov/articles/PMC5840580	2017	-1.5	Metformin	300	mg/kg	oral	Otsuka Long-Evans Tokushima Fatty	Rats	male	6.0	high-fat diet		168.0	1+every1days	84	84	NCT00915772	ADULT,OLDER_ADULT	all	PHASE3	168.0	Metformin	-0.06	1000.0	2+every1days	378	756	756000.0	1.44	0
PMC5840580	https://pmc.ncbi.nlm.nih.gov/articles/PMC5840580	2017	-1.5	Metformin	300	mg/kg	oral	Otsuka Long-Evans Tokushima Fatty	Rats	male	6.0	high-fat diet		168.0	1+every1days	84	84	NCT00915772	ADULT,OLDER_ADULT	all	PHASE3	109.0	Metformin	-1.25	1000.0	2+every1days	546	1092	1092000.0	0.25	1
PMC3465985	https://pmc.ncbi.nlm.nih.gov/articles/PMC3465985	2012	-1.31	Metformin	350	mg/kg	oral	Spontaneously Diabetic Torii	Rats	male	10.0	genetic		175.0	1+every1days	119	119	NCT00915772	ADULT,OLDER_ADULT	all	PHASE3	168.0	Metformin	-0.06	1000.0	2+every1days	378	756	756000.0	1.25	0
PMC3465985	https://pmc.ncbi.nlm.nih.gov/articles/PMC3465985	2012	-1.31	Metformin	350	mg/kg	oral	Spontaneously Diabetic Torii	Rats	male	10.0	genetic		175.0	1+every1days	119	119	NCT00915772	ADULT,OLDER_ADULT	all	PHASE3	109.0	Metformin	-1.25	1000.0	2+every1days	546	1092	1092000.0	0.06000000000000005	1
PMC5319739	https://pmc.ncbi.nlm.nih.gov/articles/PMC5319739	2017	-4.2	Metformin	50	mg/kg	gastric intubation	Psammomys obesus	Gerbillinae	male	30.0	high-fat diet	100.0	240.0	1+every1days	84	84	NCT00915772	ADULT,OLDER_ADULT	all	PHASE3	168.0	Metformin	-0.06	1000.0	2+every1days	378	756	756000.0	4.140000000000001	0
PMC5319739	https://pmc.ncbi.nlm.nih.gov/articles/PMC5319739	2017	-4.2	Metformin	50	mg/kg	gastric intubation	Psammomys obesus	Gerbillinae	male	30.0	high-fat diet	100.0	240.0	1+every1days	84	84	NCT00915772	ADULT,OLDER_ADULT	all	PHASE3	109.0	Metformin	-1.25	1000.0	2+every1days	546	1092	1092000.0	2.95	0
PMC9698742	https://pmc.ncbi.nlm.nih.gov/articles/PMC9698742	2022	-2.6	Metformin	200	mg/kg	oral	Wistar	Rats	male	5.0	streptozotocin	225.0	270.0	1+every1days	45	45	NCT00915772	ADULT,OLDER_ADULT	all	PHASE3	168.0	Metformin	-0.06	1000.0	2+every1days	378	756	756000.0	2.54	0
PMC9698742	https://pmc.ncbi.nlm.nih.gov/articles/PMC9698742	2022	-2.6	Metformin	200	mg/kg	oral	Wistar	Rats	male	5.0	streptozotocin	225.0	270.0	1+every1days	45	45	NCT00915772	ADULT,OLDER_ADULT	all	PHASE3	109.0	Metformin	-1.25	1000.0	2+every1days	546	1092	1092000.0	1.35	0
PMC7727825	https://pmc.ncbi.nlm.nih.gov/articles/PMC7727825	2020	-3	Metformin	200	mg/kg	oral	C57BLKS/J-db/db	Mice	male	8.0	genetic		35.0	1+every1days	63	63	NCT00915772	ADULT,OLDER_ADULT	all	PHASE3	168.0	Metformin	-0.06	1000.0	2+every1days	378	756	756000.0	2.94	0
PMC7727825	https://pmc.ncbi.nlm.nih.gov/articles/PMC7727825	2020	-3	Metformin	200	mg/kg	oral	C57BLKS/J-db/db	Mice	male	8.0	genetic		35.0	1+every1days	63	63	NCT00915772	ADULT,OLDER_ADULT	all	PHASE3	109.0	Metformin	-1.25	1000.0	2+every1days	546	1092	1092000.0	1.75	0
PMC7598587	https://pmc.ncbi.nlm.nih.gov/articles/PMC7598587	2020	-1.85	Metformin	200	mg/kg	oral	C57BL/6N	Mice	male	8.0	high-fat diet+streptozotocin		38.5	1+every1days	28	28	NCT00915772	ADULT,OLDER_ADULT	all	PHASE3	168.0	Metformin	-0.06	1000.0	2+every1days	378	756	756000.0	1.79	0
PMC7598587	https://pmc.ncbi.nlm.nih.gov/articles/PMC7598587	2020	-1.85	Metformin	200	mg/kg	oral	C57BL/6N	Mice	male	8.0	high-fat diet+streptozotocin		38.5	1+every1days	28	28	NCT00915772	ADULT,OLDER_ADULT	all	PHASE3	109.0	Metformin	-1.25	1000.0	2+every1days	546	1092	1092000.0	0.6000000000000001	1
PMC4726511	https://pmc.ncbi.nlm.nih.gov/articles/PMC4726511	2016	-0.6	Metformin	10	mg/kg	oral	db/db	Mice		5.0	genetic		42.0	1+every1days	28	28	NCT00915772	ADULT,OLDER_ADULT	all	PHASE3	168.0	Metformin	-0.06	1000.0	2+every1days	378	756	756000.0	0.54	1
PMC4726511	https://pmc.ncbi.nlm.nih.gov/articles/PMC4726511	2016	-0.6	Metformin	10	mg/kg	oral	db/db	Mice		5.0	genetic		42.0	1+every1days	28	28	NCT00915772	ADULT,OLDER_ADULT	all	PHASE3	109.0	Metformin	-1.25	1000.0	2+every1days	546	1092	1092000.0	-0.65	1
PMC5485244	https://pmc.ncbi.nlm.nih.gov/articles/PMC5485244	2017	-0.4	Metformin	500	mg/kg	oral	C57BL/6J	Mice	male	16.0	high-fat diet		42.0	1+every1days	84	84	NCT00915772	ADULT,OLDER_ADULT	all	PHASE3	168.0	Metformin	-0.06	1000.0	2+every1days	378	756	756000.0	0.34	1
PMC5485244	https://pmc.ncbi.nlm.nih.gov/articles/PMC5485244	2017	-0.4	Metformin	500	mg/kg	oral	C57BL/6J	Mice	male	16.0	high-fat diet		42.0	1+every1days	84	84	NCT00915772	ADULT,OLDER_ADULT	all	PHASE3	109.0	Metformin	-1.25	1000.0	2+every1days	546	1092	1092000.0	-0.85	1
PMC6273299	https://pmc.ncbi.nlm.nih.gov/articles/PMC6273299	2016	-1.3	Metformin	200	mg/kg		Zucker Diabetic Fatty	Rats	male	6.0	high-fat diet		42.0	1+every1days	84	84	NCT00915772	ADULT,OLDER_ADULT	all	PHASE3	168.0	Metformin	-0.06	1000.0	2+every1days	378	756	756000.0	1.24	0
PMC6273299	https://pmc.ncbi.nlm.nih.gov/articles/PMC6273299	2016	-1.3	Metformin	200	mg/kg		Zucker Diabetic Fatty	Rats	male	6.0	high-fat diet		42.0	1+every1days	84	84	NCT00915772	ADULT,OLDER_ADULT	all	PHASE3	109.0	Metformin	-1.25	1000.0	2+every1days	546	1092	1092000.0	0.050000000000000044	1
PMC3327803	https://pmc.ncbi.nlm.nih.gov/articles/PMC3327803	2012	0.3	Metformin	200	mg/kg	intraperitoneal	db/db	Mice	male	11.0	genetic		49.0	1+every1days	126	126	NCT00915772	ADULT,OLDER_ADULT	all	PHASE3	168.0	Metformin	-0.06	1000.0	2+every1days	378	756	756000.0	-0.36	1
PMC3327803	https://pmc.ncbi.nlm.nih.gov/articles/PMC3327803	2012	0.3	Metformin	200	mg/kg	intraperitoneal	db/db	Mice	male	11.0	genetic		49.0	1+every1days	126	126	NCT00915772	ADULT,OLDER_ADULT	all	PHASE3	109.0	Metformin	-1.25	1000.0	2+every1days	546	1092	1092000.0	-1.55	0
PMC3907559	https://pmc.ncbi.nlm.nih.gov/articles/PMC3907559	2014	-3	Metformin	200	mg/kg	oral	Zucker Diabetic Fatty	Rats	male	10.0	genetic		49.0	2+every1days	32	64	NCT00915772	ADULT,OLDER_ADULT	all	PHASE3	168.0	Metformin	-0.06	1000.0	2+every1days	378	756	756000.0	2.94	0
PMC3907559	https://pmc.ncbi.nlm.nih.gov/articles/PMC3907559	2014	-3	Metformin	200	mg/kg	oral	Zucker Diabetic Fatty	Rats	male	10.0	genetic		49.0	2+every1days	32	64	NCT00915772	ADULT,OLDER_ADULT	all	PHASE3	109.0	Metformin	-1.25	1000.0	2+every1days	546	1092	1092000.0	1.75	0
PMC7381706	https://pmc.ncbi.nlm.nih.gov/articles/PMC7381706	2020	-0.1	Metformin	250	mg/kg	oral	ob/ob	Mice	male	8.0	genetic		52.5	1+every1days	26	26	NCT00915772	ADULT,OLDER_ADULT	all	PHASE3	168.0	Metformin	-0.06	1000.0	2+every1days	378	756	756000.0	0.04000000000000001	1
PMC7381706	https://pmc.ncbi.nlm.nih.gov/articles/PMC7381706	2020	-0.1	Metformin	250	mg/kg	oral	ob/ob	Mice	male	8.0	genetic		52.5	1+every1days	26	26	NCT00915772	ADULT,OLDER_ADULT	all	PHASE3	109.0	Metformin	-1.25	1000.0	2+every1days	546	1092	1092000.0	-1.15	0
PMC10203393	https://pmc.ncbi.nlm.nih.gov/articles/PMC10203393	2023	-5.5	Metformin	0.2	g/kg	oral	Sprague-Dawley	Rats	male	8.0	high-fat diet+streptozotocin	150.0	52.5	1+every1days	70	70	NCT00915772	ADULT,OLDER_ADULT	all	PHASE3	168.0	Metformin	-0.06	1000.0	2+every1days	378	756	756000.0	5.44	0
PMC10203393	https://pmc.ncbi.nlm.nih.gov/articles/PMC10203393	2023	-5.5	Metformin	0.2	g/kg	oral	Sprague-Dawley	Rats	male	8.0	high-fat diet+streptozotocin	150.0	52.5	1+every1days	70	70	NCT00915772	ADULT,OLDER_ADULT	all	PHASE3	109.0	Metformin	-1.25	1000.0	2+every1days	546	1092	1092000.0	4.25	0
PMC10323656	https://pmc.ncbi.nlm.nih.gov/articles/PMC10323656	2023	-1.1	Metformin	200	mg/kg	oral gavage	C57BL/6	Mice	male	12.0	high-fat diet+streptozotocin	24.0	56.0	1+every1days	28	28	NCT00915772	ADULT,OLDER_ADULT	all	PHASE3	168.0	Metformin	-0.06	1000.0	2+every1days	378	756	756000.0	1.04	0
PMC10323656	https://pmc.ncbi.nlm.nih.gov/articles/PMC10323656	2023	-1.1	Metformin	200	mg/kg	oral gavage	C57BL/6	Mice	male	12.0	high-fat diet+streptozotocin	24.0	56.0	1+every1days	28	28	NCT00915772	ADULT,OLDER_ADULT	all	PHASE3	109.0	Metformin	-1.25	1000.0	2+every1days	546	1092	1092000.0	-0.1499999999999999	1
PMC3855476	https://pmc.ncbi.nlm.nih.gov/articles/PMC3855476	2014	-0.7	Metformin	300	mg/kg	oral	db/db	Mice	male	10.0	genetic	44.0	56.0	1+every1days	14	14	NCT00915772	ADULT,OLDER_ADULT	all	PHASE3	168.0	Metformin	-0.06	1000.0	2+every1days	378	756	756000.0	0.6399999999999999	1
PMC3855476	https://pmc.ncbi.nlm.nih.gov/articles/PMC3855476	2014	-0.7	Metformin	300	mg/kg	oral	db/db	Mice	male	10.0	genetic	44.0	56.0	1+every1days	14	14	NCT00915772	ADULT,OLDER_ADULT	all	PHASE3	109.0	Metformin	-1.25	1000.0	2+every1days	546	1092	1092000.0	-0.55	1
PMC5881648	https://pmc.ncbi.nlm.nih.gov/articles/PMC5881648	2018	-3.3	Metformin	200	mg/kg	gavage	Sprague-Dawley	Rats	male	10.0	streptozotocin	200.0	56.0	1+every1days	77	77	NCT00915772	ADULT,OLDER_ADULT	all	PHASE3	168.0	Metformin	-0.06	1000.0	2+every1days	378	756	756000.0	3.2399999999999998	0
PMC5881648	https://pmc.ncbi.nlm.nih.gov/articles/PMC5881648	2018	-3.3	Metformin	200	mg/kg	gavage	Sprague-Dawley	Rats	male	10.0	streptozotocin	200.0	56.0	1+every1days	77	77	NCT00915772	ADULT,OLDER_ADULT	all	PHASE3	109.0	Metformin	-1.25	1000.0	2+every1days	546	1092	1092000.0	2.05	0
PMC4444588	https://pmc.ncbi.nlm.nih.gov/articles/PMC4444588	2015	-4	Metformin	500	mg/kg	intragastric	Sprague-Dawley	Rats	male	7.0	high-fat diet+streptozotocin	190.0	60.0	1+every1days	56	56	NCT00915772	ADULT,OLDER_ADULT	all	PHASE3	168.0	Metformin	-0.06	1000.0	2+every1days	378	756	756000.0	3.94	0
PMC4444588	https://pmc.ncbi.nlm.nih.gov/articles/PMC4444588	2015	-4	Metformin	500	mg/kg	intragastric	Sprague-Dawley	Rats	male	7.0	high-fat diet+streptozotocin	190.0	60.0	1+every1days	56	56	NCT00915772	ADULT,OLDER_ADULT	all	PHASE3	109.0	Metformin	-1.25	1000.0	2+every1days	546	1092	1092000.0	2.75	0
PMC4444588	https://pmc.ncbi.nlm.nih.gov/articles/PMC4444588	2015	-1	Metformin	150	mg/kg	intragastric	Sprague-Dawley	Rats	male	8.0	high-fat diet+streptozotocin	190.0	60.0	1+every1days	56	56	NCT00915772	ADULT,OLDER_ADULT	all	PHASE3	168.0	Metformin	-0.06	1000.0	2+every1days	378	756	756000.0	0.94	1
PMC4444588	https://pmc.ncbi.nlm.nih.gov/articles/PMC4444588	2015	-2	Metformin	300	mg/kg	intragastric	Sprague-Dawley	Rats	male	8.0	high-fat diet+streptozotocin	190.0	60.0	1+every1days	56	56	NCT00915772	ADULT,OLDER_ADULT	all	PHASE3	168.0	Metformin	-0.06	1000.0	2+every1days	378	756	756000.0	1.94	0
PMC4444588	https://pmc.ncbi.nlm.nih.gov/articles/PMC4444588	2015	-1	Metformin	150	mg/kg	intragastric	Sprague-Dawley	Rats	male	8.0	high-fat diet+streptozotocin	190.0	60.0	1+every1days	56	56	NCT00915772	ADULT,OLDER_ADULT	all	PHASE3	109.0	Metformin	-1.25	1000.0	2+every1days	546	1092	1092000.0	-0.25	1
PMC4444588	https://pmc.ncbi.nlm.nih.gov/articles/PMC4444588	2015	-2	Metformin	300	mg/kg	intragastric	Sprague-Dawley	Rats	male	8.0	high-fat diet+streptozotocin	190.0	60.0	1+every1days	56	56	NCT00915772	ADULT,OLDER_ADULT	all	PHASE3	109.0	Metformin	-1.25	1000.0	2+every1days	546	1092	1092000.0	0.75	1
PMC4097088	https://pmc.ncbi.nlm.nih.gov/articles/PMC4097088	2014	-0.6	Metformin	300	mg/kg	oral	C57BL/6	Mice		8.0	high-fat diet		70.0	1+every1days	14	14	NCT00915772	ADULT,OLDER_ADULT	all	PHASE3	168.0	Metformin	-0.06	1000.0	2+every1days	378	756	756000.0	0.54	1
PMC4097088	https://pmc.ncbi.nlm.nih.gov/articles/PMC4097088	2014	-0.6	Metformin	300	mg/kg	oral	C57BL/6	Mice		8.0	high-fat diet		70.0	1+every1days	14	14	NCT00915772	ADULT,OLDER_ADULT	all	PHASE3	109.0	Metformin	-1.25	1000.0	2+every1days	546	1092	1092000.0	-0.65	1
PMC9457892	https://pmc.ncbi.nlm.nih.gov/articles/PMC9457892	2022	-4.3	Metformin	150	mg/kg	oral	C57BL/6	Mice	male	8.0	streptozotocin	27.5	70.0	1+every1days	42	42	NCT00915772	ADULT,OLDER_ADULT	all	PHASE3	168.0	Metformin	-0.06	1000.0	2+every1days	378	756	756000.0	4.24	0
PMC9457892	https://pmc.ncbi.nlm.nih.gov/articles/PMC9457892	2022	-4.3	Metformin	150	mg/kg	oral	C57BL/6	Mice	male	8.0	streptozotocin	27.5	70.0	1+every1days	42	42	NCT00915772	ADULT,OLDER_ADULT	all	PHASE3	109.0	Metformin	-1.25	1000.0	2+every1days	546	1092	1092000.0	3.05	0
PMC8745465	https://pmc.ncbi.nlm.nih.gov/articles/PMC8745465	2021	-1.51	Metformin	120	mg/kg	oral	Wistar	Rats	male	30.0	high-fat diet+streptozotocin	170.0	70.0	1+every1days	35	35	NCT00915772	ADULT,OLDER_ADULT	all	PHASE3	168.0	Metformin	-0.06	1000.0	2+every1days	378	756	756000.0	1.45	0
PMC8745465	https://pmc.ncbi.nlm.nih.gov/articles/PMC8745465	2021	-1.51	Metformin	120	mg/kg	oral	Wistar	Rats	male	30.0	high-fat diet+streptozotocin	170.0	70.0	1+every1days	35	35	NCT00915772	ADULT,OLDER_ADULT	all	PHASE3	109.0	Metformin	-1.25	1000.0	2+every1days	546	1092	1092000.0	0.26	1
PMC9112483	https://pmc.ncbi.nlm.nih.gov/articles/PMC9112483	2022	-0.2	Saxagliptin	10	mg/kg	intragastric	Zucker Diabetic Fatty	Rats	male	7.0	genetic		77.0	1+every1days	140	140	NCT00918879	ADULT,OLDER_ADULT	all	PHASE3	104.0	Saxagliptin	-0.51	5.0	1+every1days	168	168	840.0	-0.31	1
PMC9112483	https://pmc.ncbi.nlm.nih.gov/articles/PMC9112483	2022	-0.2	Saxagliptin	10	mg/kg	intragastric	Zucker Diabetic Fatty	Rats	male	7.0	genetic		77.0	1+every1days	140	140	NCT00950599	ADULT,OLDER_ADULT	all	PHASE2	51.0	Saxagliptin	-0.67	2.5	1+every1days	84	84	210.0	-0.47000000000000003	1
PMC9112483	https://pmc.ncbi.nlm.nih.gov/articles/PMC9112483	2022	-0.2	Saxagliptin	10	mg/kg	intragastric	Zucker Diabetic Fatty	Rats	male	7.0	genetic		77.0	1+every1days	140	140	NCT00950599	ADULT,OLDER_ADULT	all	PHASE2	51.0	Saxagliptin	-0.74	20.0	1+every1days	84	84	1680.0	-0.54	1
PMC9112483	https://pmc.ncbi.nlm.nih.gov/articles/PMC9112483	2022	-0.2	Saxagliptin	10	mg/kg	intragastric	Zucker Diabetic Fatty	Rats	male	7.0	genetic		77.0	1+every1days	140	140	NCT00950599	ADULT,OLDER_ADULT	all	PHASE2	50.0	Saxagliptin	-0.78	40.0	1+every1days	84	84	3360.0	-0.5800000000000001	1
PMC9112483	https://pmc.ncbi.nlm.nih.gov/articles/PMC9112483	2022	-0.2	Saxagliptin	10	mg/kg	intragastric	Zucker Diabetic Fatty	Rats	male	7.0	genetic		77.0	1+every1days	140	140	NCT00950599	ADULT,OLDER_ADULT	all	PHASE2	60.0	Saxagliptin	-0.81	10.0	1+every1days	84	84	840.0	-0.6100000000000001	1
PMC9112483	https://pmc.ncbi.nlm.nih.gov/articles/PMC9112483	2022	-0.2	Saxagliptin	10	mg/kg	intragastric	Zucker Diabetic Fatty	Rats	male	7.0	genetic		77.0	1+every1days	140	140	NCT00950599	ADULT,OLDER_ADULT	all	PHASE2	42.0	Saxagliptin	-0.95	5.0	1+every1days	84	84	420.0	-0.75	1
PMC5489512	https://pmc.ncbi.nlm.nih.gov/articles/PMC5489512	2017	-0.3	Linagliptin	2	mg/kg	oral	KK-Ay	Mice	female	10.0	genetic	50.0		1+every1days	42	42	NCT00954447	ADULT,OLDER_ADULT	all	PHASE3	618.0	Linagliptin	-0.48	5.0	1+every1days	364	364	1820.0	-0.18	1
PMC5489512	https://pmc.ncbi.nlm.nih.gov/articles/PMC5489512	2017	-0.3	Linagliptin	2	mg/kg	oral	KK-Ay	Mice	female	10.0	genetic	50.0		1+every1days	42	42	NCT00954447	ADULT,OLDER_ADULT	all	PHASE3	618.0	Linagliptin	-0.56	5.0	1+every1days	224	224	1120.0	-0.26000000000000006	1
PMC5489512	https://pmc.ncbi.nlm.nih.gov/articles/PMC5489512	2017	-0.3	Linagliptin	2	mg/kg	oral	KK-Ay	Mice	female	10.0	genetic	50.0		1+every1days	42	42	NCT00954447	ADULT,OLDER_ADULT	all	PHASE3	618.0	Linagliptin	-0.58	5.0	1+every1days	168	168	840.0	-0.27999999999999997	1
PMC6701666	https://pmc.ncbi.nlm.nih.gov/articles/PMC6701666	2019	0	Linagliptin	3	mg/kg	oral	db/db	Mice	female	12.0	genetic		38.5	1+every1days	42	42	NCT00954447	ADULT,OLDER_ADULT	all	PHASE3	618.0	Linagliptin	-0.48	5.0	1+every1days	364	364	1820.0	-0.48	1
PMC6701666	https://pmc.ncbi.nlm.nih.gov/articles/PMC6701666	2019	0	Linagliptin	3	mg/kg	oral	db/db	Mice	female	12.0	genetic		38.5	1+every1days	42	42	NCT00954447	ADULT,OLDER_ADULT	all	PHASE3	618.0	Linagliptin	-0.56	5.0	1+every1days	224	224	1120.0	-0.56	1
PMC6701666	https://pmc.ncbi.nlm.nih.gov/articles/PMC6701666	2019	0	Linagliptin	3	mg/kg	oral	db/db	Mice	female	12.0	genetic		38.5	1+every1days	42	42	NCT00954447	ADULT,OLDER_ADULT	all	PHASE3	618.0	Linagliptin	-0.58	5.0	1+every1days	168	168	840.0	-0.58	1
PMC5152931	https://pmc.ncbi.nlm.nih.gov/articles/PMC5152931	2016	-2	Linagliptin	0.083	mg/kg	oral	Wistar	Rats	male	22.0	streptozotocin		42.0		168		NCT00954447	ADULT,OLDER_ADULT	all	PHASE3	618.0	Linagliptin	-0.48	5.0	1+every1days	364	364	1820.0	1.52	0
PMC5152931	https://pmc.ncbi.nlm.nih.gov/articles/PMC5152931	2016	-2	Linagliptin	0.083	mg/kg	oral	Wistar	Rats	male	22.0	streptozotocin		42.0		168		NCT00954447	ADULT,OLDER_ADULT	all	PHASE3	618.0	Linagliptin	-0.56	5.0	1+every1days	224	224	1120.0	1.44	0
PMC5152931	https://pmc.ncbi.nlm.nih.gov/articles/PMC5152931	2016	-2	Linagliptin	0.083	mg/kg	oral	Wistar	Rats	male	22.0	streptozotocin		42.0		168		NCT00954447	ADULT,OLDER_ADULT	all	PHASE3	618.0	Linagliptin	-0.58	5.0	1+every1days	168	168	840.0	1.42	0
PMC9143250	https://pmc.ncbi.nlm.nih.gov/articles/PMC9143250	2022	-8.5	Dapagliflozin	1	mg/kg	oral	Wistar	Rats	both	6.0	high-fat diet+streptozotocin	215.0		1+every1days	28	28	NCT00972244	ADULT,OLDER_ADULT	all	PHASE2	54.0	Dapagliflozin	-0.1	2.5	1+every1days	84	84	210.0	8.4	0
PMC9143250	https://pmc.ncbi.nlm.nih.gov/articles/PMC9143250	2022	-8.5	Dapagliflozin	1	mg/kg	oral	Wistar	Rats	both	6.0	high-fat diet+streptozotocin	215.0		1+every1days	28	28	NCT00972244	ADULT,OLDER_ADULT	all	PHASE2	59.0	Dapagliflozin	-0.12	1.0	1+every1days	84	84	84.0	8.38	0
PMC9143250	https://pmc.ncbi.nlm.nih.gov/articles/PMC9143250	2022	-8.5	Dapagliflozin	1	mg/kg	oral	Wistar	Rats	both	6.0	high-fat diet+streptozotocin	215.0		1+every1days	28	28	NCT00972244	ADULT,OLDER_ADULT	all	PHASE2	58.0	Dapagliflozin	-0.37	5.0	1+every1days	84	84	420.0	8.13	0
PMC9143250	https://pmc.ncbi.nlm.nih.gov/articles/PMC9143250	2022	-8.5	Dapagliflozin	1	mg/kg	oral	Wistar	Rats	both	6.0	high-fat diet+streptozotocin	215.0		1+every1days	28	28	NCT00972244	ADULT,OLDER_ADULT	all	PHASE2	52.0	Dapagliflozin	-0.44	10.0	1+every1days	84	84	840.0	8.06	0
PMC10308685	https://pmc.ncbi.nlm.nih.gov/articles/PMC10308685	2023	-5.4	Dapagliflozin	1	mg/kg	oral	Zucker Diabetic Fatty	Rats	male	8.0	genetic		112.0	1+every1days	84	84	NCT00972244	ADULT,OLDER_ADULT	all	PHASE2	54.0	Dapagliflozin	-0.1	2.5	1+every1days	84	84	210.0	5.300000000000001	0
PMC10308685	https://pmc.ncbi.nlm.nih.gov/articles/PMC10308685	2023	-5.4	Dapagliflozin	1	mg/kg	oral	Zucker Diabetic Fatty	Rats	male	8.0	genetic		112.0	1+every1days	84	84	NCT00972244	ADULT,OLDER_ADULT	all	PHASE2	59.0	Dapagliflozin	-0.12	1.0	1+every1days	84	84	84.0	5.28	0
PMC10308685	https://pmc.ncbi.nlm.nih.gov/articles/PMC10308685	2023	-5.4	Dapagliflozin	1	mg/kg	oral	Zucker Diabetic Fatty	Rats	male	8.0	genetic		112.0	1+every1days	84	84	NCT00972244	ADULT,OLDER_ADULT	all	PHASE2	58.0	Dapagliflozin	-0.37	5.0	1+every1days	84	84	420.0	5.03	0
PMC10308685	https://pmc.ncbi.nlm.nih.gov/articles/PMC10308685	2023	-5.4	Dapagliflozin	1	mg/kg	oral	Zucker Diabetic Fatty	Rats	male	8.0	genetic		112.0	1+every1days	84	84	NCT00972244	ADULT,OLDER_ADULT	all	PHASE2	52.0	Dapagliflozin	-0.44	10.0	1+every1days	84	84	840.0	4.96	0
PMC4237538	https://pmc.ncbi.nlm.nih.gov/articles/PMC4237538	2013	-1.4	Dapagliflozin	1	mg/kg	oral	ob/ob	Mice	male		genetic	43.0	56.0	1+every1days	28	28	NCT00972244	ADULT,OLDER_ADULT	all	PHASE2	54.0	Dapagliflozin	-0.1	2.5	1+every1days	84	84	210.0	1.2999999999999998	0
PMC4237538	https://pmc.ncbi.nlm.nih.gov/articles/PMC4237538	2013	-1.4	Dapagliflozin	1	mg/kg	oral	ob/ob	Mice	male		genetic	43.0	56.0	1+every1days	28	28	NCT00972244	ADULT,OLDER_ADULT	all	PHASE2	59.0	Dapagliflozin	-0.12	1.0	1+every1days	84	84	84.0	1.2799999999999998	0
PMC4237538	https://pmc.ncbi.nlm.nih.gov/articles/PMC4237538	2013	-1.4	Dapagliflozin	1	mg/kg	oral	ob/ob	Mice	male		genetic	43.0	56.0	1+every1days	28	28	NCT00972244	ADULT,OLDER_ADULT	all	PHASE2	58.0	Dapagliflozin	-0.37	5.0	1+every1days	84	84	420.0	1.0299999999999998	1
PMC4237538	https://pmc.ncbi.nlm.nih.gov/articles/PMC4237538	2013	-1.4	Dapagliflozin	1	mg/kg	oral	ob/ob	Mice	male		genetic	43.0	56.0	1+every1days	28	28	NCT00972244	ADULT,OLDER_ADULT	all	PHASE2	52.0	Dapagliflozin	-0.44	10.0	1+every1days	84	84	840.0	0.96	1
PMC6856656	https://pmc.ncbi.nlm.nih.gov/articles/PMC6856656	2019	-2.9	Dapagliflozin	1.0	mg/kg	oral	Zucker Diabetic Fatty	Rats	male	8.0	high-fat diet		84.0	1+every1days	63	63	NCT00972244	ADULT,OLDER_ADULT	all	PHASE2	54.0	Dapagliflozin	-0.1	2.5	1+every1days	84	84	210.0	2.8	0
PMC6856656	https://pmc.ncbi.nlm.nih.gov/articles/PMC6856656	2019	-2.9	Dapagliflozin	1.0	mg/kg	oral	Zucker Diabetic Fatty	Rats	male	8.0	high-fat diet		84.0	1+every1days	63	63	NCT00972244	ADULT,OLDER_ADULT	all	PHASE2	59.0	Dapagliflozin	-0.12	1.0	1+every1days	84	84	84.0	2.78	0
PMC6856656	https://pmc.ncbi.nlm.nih.gov/articles/PMC6856656	2019	-2.9	Dapagliflozin	1.0	mg/kg	oral	Zucker Diabetic Fatty	Rats	male	8.0	high-fat diet		84.0	1+every1days	63	63	NCT00972244	ADULT,OLDER_ADULT	all	PHASE2	58.0	Dapagliflozin	-0.37	5.0	1+every1days	84	84	420.0	2.53	0
PMC6856656	https://pmc.ncbi.nlm.nih.gov/articles/PMC6856656	2019	-2.9	Dapagliflozin	1.0	mg/kg	oral	Zucker Diabetic Fatty	Rats	male	8.0	high-fat diet		84.0	1+every1days	63	63	NCT00972244	ADULT,OLDER_ADULT	all	PHASE2	52.0	Dapagliflozin	-0.44	10.0	1+every1days	84	84	840.0	2.46	0
PMC5089752	https://pmc.ncbi.nlm.nih.gov/articles/PMC5089752	2016	-2.04	Dapagliflozin	1.0	mg/kg	oral	Otsuka Long-Evans Tokushima Fatty	Rats	male	10.0	genetic		98.0	1+every1days	84	84	NCT00972244	ADULT,OLDER_ADULT	all	PHASE2	54.0	Dapagliflozin	-0.1	2.5	1+every1days	84	84	210.0	1.94	0
PMC5089752	https://pmc.ncbi.nlm.nih.gov/articles/PMC5089752	2016	-2.04	Dapagliflozin	1.0	mg/kg	oral	Otsuka Long-Evans Tokushima Fatty	Rats	male	10.0	genetic		98.0	1+every1days	84	84	NCT00972244	ADULT,OLDER_ADULT	all	PHASE2	59.0	Dapagliflozin	-0.12	1.0	1+every1days	84	84	84.0	1.92	0
PMC5089752	https://pmc.ncbi.nlm.nih.gov/articles/PMC5089752	2016	-2.04	Dapagliflozin	1.0	mg/kg	oral	Otsuka Long-Evans Tokushima Fatty	Rats	male	10.0	genetic		98.0	1+every1days	84	84	NCT00972244	ADULT,OLDER_ADULT	all	PHASE2	58.0	Dapagliflozin	-0.37	5.0	1+every1days	84	84	420.0	1.67	0
PMC5089752	https://pmc.ncbi.nlm.nih.gov/articles/PMC5089752	2016	-2.04	Dapagliflozin	1.0	mg/kg	oral	Otsuka Long-Evans Tokushima Fatty	Rats	male	10.0	genetic		98.0	1+every1days	84	84	NCT00972244	ADULT,OLDER_ADULT	all	PHASE2	52.0	Dapagliflozin	-0.44	10.0	1+every1days	84	84	840.0	1.6	0
PMC8953658	https://pmc.ncbi.nlm.nih.gov/articles/PMC8953658	2022	-3	Dapagliflozin	1	mg/kg	oral gavage	Zucker Diabetic Fatty	Rats	male	7.0	genetic		98.0	1+every1days	28	28	NCT00972244	ADULT,OLDER_ADULT	all	PHASE2	54.0	Dapagliflozin	-0.1	2.5	1+every1days	84	84	210.0	2.9	0
PMC8953658	https://pmc.ncbi.nlm.nih.gov/articles/PMC8953658	2022	-3	Dapagliflozin	1	mg/kg	oral gavage	Zucker Diabetic Fatty	Rats	male	7.0	genetic		98.0	1+every1days	28	28	NCT00972244	ADULT,OLDER_ADULT	all	PHASE2	59.0	Dapagliflozin	-0.12	1.0	1+every1days	84	84	84.0	2.88	0
PMC8953658	https://pmc.ncbi.nlm.nih.gov/articles/PMC8953658	2022	-3	Dapagliflozin	1	mg/kg	oral gavage	Zucker Diabetic Fatty	Rats	male	7.0	genetic		98.0	1+every1days	28	28	NCT00972244	ADULT,OLDER_ADULT	all	PHASE2	58.0	Dapagliflozin	-0.37	5.0	1+every1days	84	84	420.0	2.63	0
PMC8953658	https://pmc.ncbi.nlm.nih.gov/articles/PMC8953658	2022	-3	Dapagliflozin	1	mg/kg	oral gavage	Zucker Diabetic Fatty	Rats	male	7.0	genetic		98.0	1+every1days	28	28	NCT00972244	ADULT,OLDER_ADULT	all	PHASE2	52.0	Dapagliflozin	-0.44	10.0	1+every1days	84	84	840.0	2.56	0
PMC9143250	https://pmc.ncbi.nlm.nih.gov/articles/PMC9143250	2022	-8.5	Dapagliflozin	1	mg/kg	oral	Wistar	Rats	both	6.0	high-fat diet+streptozotocin	215.0		1+every1days	28	28	NCT00984867	ADULT,OLDER_ADULT	all	PHASE3	223.0	Dapagliflozin	-0.45	10.0	1+every1days	168	168	1680.0	8.05	0
PMC9143250	https://pmc.ncbi.nlm.nih.gov/articles/PMC9143250	2022	-8.5	Dapagliflozin	1	mg/kg	oral	Wistar	Rats	both	6.0	high-fat diet+streptozotocin	215.0		1+every1days	28	28	NCT00984867	ADULT,OLDER_ADULT	all	PHASE3	94.0	Dapagliflozin	-0.8	10.0	1+every1days	168	168	1680.0	7.7	0
PMC10308685	https://pmc.ncbi.nlm.nih.gov/articles/PMC10308685	2023	-5.4	Dapagliflozin	1	mg/kg	oral	Zucker Diabetic Fatty	Rats	male	8.0	genetic		112.0	1+every1days	84	84	NCT00984867	ADULT,OLDER_ADULT	all	PHASE3	223.0	Dapagliflozin	-0.45	10.0	1+every1days	168	168	1680.0	4.95	0
PMC10308685	https://pmc.ncbi.nlm.nih.gov/articles/PMC10308685	2023	-5.4	Dapagliflozin	1	mg/kg	oral	Zucker Diabetic Fatty	Rats	male	8.0	genetic		112.0	1+every1days	84	84	NCT00984867	ADULT,OLDER_ADULT	all	PHASE3	94.0	Dapagliflozin	-0.8	10.0	1+every1days	168	168	1680.0	4.6000000000000005	0
PMC4237538	https://pmc.ncbi.nlm.nih.gov/articles/PMC4237538	2013	-1.4	Dapagliflozin	1	mg/kg	oral	ob/ob	Mice	male		genetic	43.0	56.0	1+every1days	28	28	NCT00984867	ADULT,OLDER_ADULT	all	PHASE3	223.0	Dapagliflozin	-0.45	10.0	1+every1days	168	168	1680.0	0.95	1
PMC4237538	https://pmc.ncbi.nlm.nih.gov/articles/PMC4237538	2013	-1.4	Dapagliflozin	1	mg/kg	oral	ob/ob	Mice	male		genetic	43.0	56.0	1+every1days	28	28	NCT00984867	ADULT,OLDER_ADULT	all	PHASE3	94.0	Dapagliflozin	-0.8	10.0	1+every1days	168	168	1680.0	0.5999999999999999	1
PMC6856656	https://pmc.ncbi.nlm.nih.gov/articles/PMC6856656	2019	-2.9	Dapagliflozin	1.0	mg/kg	oral	Zucker Diabetic Fatty	Rats	male	8.0	high-fat diet		84.0	1+every1days	63	63	NCT00984867	ADULT,OLDER_ADULT	all	PHASE3	223.0	Dapagliflozin	-0.45	10.0	1+every1days	168	168	1680.0	2.4499999999999997	0
PMC6856656	https://pmc.ncbi.nlm.nih.gov/articles/PMC6856656	2019	-2.9	Dapagliflozin	1.0	mg/kg	oral	Zucker Diabetic Fatty	Rats	male	8.0	high-fat diet		84.0	1+every1days	63	63	NCT00984867	ADULT,OLDER_ADULT	all	PHASE3	94.0	Dapagliflozin	-0.8	10.0	1+every1days	168	168	1680.0	2.0999999999999996	0
PMC5089752	https://pmc.ncbi.nlm.nih.gov/articles/PMC5089752	2016	-2.04	Dapagliflozin	1.0	mg/kg	oral	Otsuka Long-Evans Tokushima Fatty	Rats	male	10.0	genetic		98.0	1+every1days	84	84	NCT00984867	ADULT,OLDER_ADULT	all	PHASE3	223.0	Dapagliflozin	-0.45	10.0	1+every1days	168	168	1680.0	1.59	0
PMC5089752	https://pmc.ncbi.nlm.nih.gov/articles/PMC5089752	2016	-2.04	Dapagliflozin	1.0	mg/kg	oral	Otsuka Long-Evans Tokushima Fatty	Rats	male	10.0	genetic		98.0	1+every1days	84	84	NCT00984867	ADULT,OLDER_ADULT	all	PHASE3	94.0	Dapagliflozin	-0.8	10.0	1+every1days	168	168	1680.0	1.24	0
PMC8953658	https://pmc.ncbi.nlm.nih.gov/articles/PMC8953658	2022	-3	Dapagliflozin	1	mg/kg	oral gavage	Zucker Diabetic Fatty	Rats	male	7.0	genetic		98.0	1+every1days	28	28	NCT00984867	ADULT,OLDER_ADULT	all	PHASE3	223.0	Dapagliflozin	-0.45	10.0	1+every1days	168	168	1680.0	2.55	0
PMC8953658	https://pmc.ncbi.nlm.nih.gov/articles/PMC8953658	2022	-3	Dapagliflozin	1	mg/kg	oral gavage	Zucker Diabetic Fatty	Rats	male	7.0	genetic		98.0	1+every1days	28	28	NCT00984867	ADULT,OLDER_ADULT	all	PHASE3	94.0	Dapagliflozin	-0.8	10.0	1+every1days	168	168	1680.0	2.2	0
PMC6701666	https://pmc.ncbi.nlm.nih.gov/articles/PMC6701666	2019	0	Glimepiride	2	mg/kg	oral	db/db	Mice	female	12.0	genetic		38.5	1+every1days	42	42	NCT00993187	ADULT,OLDER_ADULT	all	PHASE4	137.0	Glimepiride	-0.7	1.0	1+every1days	210	210	210.0	-0.7	1
PMC6273299	https://pmc.ncbi.nlm.nih.gov/articles/PMC6273299	2016	-0.3	Glimepiride	5	mg/kg		Zucker Diabetic Fatty	Rats	male	6.0	high-fat diet		42.0	1+every1days	84	84	NCT00993187	ADULT,OLDER_ADULT	all	PHASE4	137.0	Glimepiride	-0.7	1.0	1+every1days	210	210	210.0	-0.39999999999999997	1
PMC3610345	https://pmc.ncbi.nlm.nih.gov/articles/PMC3610345	2013	-1	Glimepiride	2.5	mg/kg	oral	db/db	Mice	male		genetic		49.0	1+every1days	42	42	NCT00993187	ADULT,OLDER_ADULT	all	PHASE4	137.0	Glimepiride	-0.7	1.0	1+every1days	210	210	210.0	0.30000000000000004	1
PMC5489512	https://pmc.ncbi.nlm.nih.gov/articles/PMC5489512	2017	-0.3	Linagliptin	2	mg/kg	oral	KK-Ay	Mice	female	10.0	genetic	50.0		1+every1days	42	42	NCT00996658	ADULT,OLDER_ADULT	all	PHASE3	179.0	Linagliptin	-0.84	5.0	1+every1days	168	168	840.0	-0.54	1
PMC5489512	https://pmc.ncbi.nlm.nih.gov/articles/PMC5489512	2017	-0.3	Linagliptin	2	mg/kg	oral	KK-Ay	Mice	female	10.0	genetic	50.0		1+every1days	42	42	NCT00996658	ADULT,OLDER_ADULT	all	PHASE3	179.0	Linagliptin	-0.91	5.0	1+every1days	126	126	630.0	-0.6100000000000001	1
PMC6701666	https://pmc.ncbi.nlm.nih.gov/articles/PMC6701666	2019	0	Linagliptin	3	mg/kg	oral	db/db	Mice	female	12.0	genetic		38.5	1+every1days	42	42	NCT00996658	ADULT,OLDER_ADULT	all	PHASE3	179.0	Linagliptin	-0.84	5.0	1+every1days	168	168	840.0	-0.84	1
PMC6701666	https://pmc.ncbi.nlm.nih.gov/articles/PMC6701666	2019	0	Linagliptin	3	mg/kg	oral	db/db	Mice	female	12.0	genetic		38.5	1+every1days	42	42	NCT00996658	ADULT,OLDER_ADULT	all	PHASE3	179.0	Linagliptin	-0.91	5.0	1+every1days	126	126	630.0	-0.91	1
PMC5152931	https://pmc.ncbi.nlm.nih.gov/articles/PMC5152931	2016	-2	Linagliptin	0.083	mg/kg	oral	Wistar	Rats	male	22.0	streptozotocin		42.0		168		NCT00996658	ADULT,OLDER_ADULT	all	PHASE3	179.0	Linagliptin	-0.84	5.0	1+every1days	168	168	840.0	1.1600000000000001	0
PMC5152931	https://pmc.ncbi.nlm.nih.gov/articles/PMC5152931	2016	-2	Linagliptin	0.083	mg/kg	oral	Wistar	Rats	male	22.0	streptozotocin		42.0		168		NCT00996658	ADULT,OLDER_ADULT	all	PHASE3	179.0	Linagliptin	-0.91	5.0	1+every1days	126	126	630.0	1.0899999999999999	0
PMC6701666	https://pmc.ncbi.nlm.nih.gov/articles/PMC6701666	2019	0	Glimepiride	2	mg/kg	oral	db/db	Mice	female	12.0	genetic		38.5	1+every1days	42	42	NCT01006603	OLDER_ADULT	all	PHASE4	345.0	Glimepiride	-0.64	3.5	1+every1days	364	364	1274.0	-0.64	1
PMC6273299	https://pmc.ncbi.nlm.nih.gov/articles/PMC6273299	2016	-0.3	Glimepiride	5	mg/kg		Zucker Diabetic Fatty	Rats	male	6.0	high-fat diet		42.0	1+every1days	84	84	NCT01006603	OLDER_ADULT	all	PHASE4	345.0	Glimepiride	-0.64	3.5	1+every1days	364	364	1274.0	-0.34	1
PMC3610345	https://pmc.ncbi.nlm.nih.gov/articles/PMC3610345	2013	-1	Glimepiride	2.5	mg/kg	oral	db/db	Mice	male		genetic		49.0	1+every1days	42	42	NCT01006603	OLDER_ADULT	all	PHASE4	345.0	Glimepiride	-0.64	3.5	1+every1days	364	364	1274.0	0.36	1
PMC9112483	https://pmc.ncbi.nlm.nih.gov/articles/PMC9112483	2022	-0.2	Saxagliptin	10	mg/kg	intragastric	Zucker Diabetic Fatty	Rats	male	7.0	genetic		77.0	1+every1days	140	140	NCT01006603	OLDER_ADULT	all	PHASE4	353.0	Saxagliptin	-0.44	5.0	1+every1days	364	364	1820.0	-0.24	1
PMC5485244	https://pmc.ncbi.nlm.nih.gov/articles/PMC5485244	2017	-0.4	Metformin	500	mg/kg	oral	C57BL/6J	Mice	male	8.0	high-fat diet			1+every1days			NCT01023581	ADULT,OLDER_ADULT	all	PHASE3	103.0	Metformin	-0.65	500.0	2+every1days	182	364	182000.0	-0.25	1
PMC5485244	https://pmc.ncbi.nlm.nih.gov/articles/PMC5485244	2017	-0.4	Metformin	500	mg/kg	oral	C57BL/6J	Mice	male	8.0	high-fat diet			1+every1days			NCT01023581	ADULT,OLDER_ADULT	all	PHASE3	108.0	Metformin	-1.11	1000.0	2+every1days	182	364	364000.0	-0.7100000000000001	1
PMC8657924	https://pmc.ncbi.nlm.nih.gov/articles/PMC8657924	2021	-4	Metformin	225	mg/kg	oral	Kunming	Mice	male	8.0	high-fat diet+streptozotocin	20.0		1+every1days	28	28	NCT01023581	ADULT,OLDER_ADULT	all	PHASE3	103.0	Metformin	-0.65	500.0	2+every1days	182	364	182000.0	3.35	0
PMC8657924	https://pmc.ncbi.nlm.nih.gov/articles/PMC8657924	2021	-4	Metformin	225	mg/kg	oral	Kunming	Mice	male	8.0	high-fat diet+streptozotocin	20.0		1+every1days	28	28	NCT01023581	ADULT,OLDER_ADULT	all	PHASE3	108.0	Metformin	-1.11	1000.0	2+every1days	182	364	364000.0	2.8899999999999997	0
PMC3462199	https://pmc.ncbi.nlm.nih.gov/articles/PMC3462199	2012	-0.4	Metformin	400	mg/kg	intraperitoneal	db/db	Mice	male	10.0	genetic	47.5		1+every1days	14	14	NCT01023581	ADULT,OLDER_ADULT	all	PHASE3	103.0	Metformin	-0.65	500.0	2+every1days	182	364	182000.0	-0.25	1
PMC3462199	https://pmc.ncbi.nlm.nih.gov/articles/PMC3462199	2012	-0.4	Metformin	400	mg/kg	intraperitoneal	db/db	Mice	male	10.0	genetic	47.5		1+every1days	14	14	NCT01023581	ADULT,OLDER_ADULT	all	PHASE3	108.0	Metformin	-1.11	1000.0	2+every1days	182	364	364000.0	-0.7100000000000001	1
PMC3462199	https://pmc.ncbi.nlm.nih.gov/articles/PMC3462199	2012	-0.3	Metformin	400	mg/kg	intraperitoneal	db/db	Mice	male	12.0	genetic	47.5		1+every1days	14	14	NCT01023581	ADULT,OLDER_ADULT	all	PHASE3	103.0	Metformin	-0.65	500.0	2+every1days	182	364	182000.0	-0.35000000000000003	1
PMC3462199	https://pmc.ncbi.nlm.nih.gov/articles/PMC3462199	2012	-0.3	Metformin	400	mg/kg	intraperitoneal	db/db	Mice	male	12.0	genetic	47.5		1+every1days	14	14	NCT01023581	ADULT,OLDER_ADULT	all	PHASE3	108.0	Metformin	-1.11	1000.0	2+every1days	182	364	364000.0	-0.81	1
PMC9313150	https://pmc.ncbi.nlm.nih.gov/articles/PMC9313150	2022	-2.1	Metformin	200	mg/kg	oral	Wistar	Rats	male		high-fat diet+streptozotocin	185.0		1+every1days	84	84	NCT01023581	ADULT,OLDER_ADULT	all	PHASE3	103.0	Metformin	-0.65	500.0	2+every1days	182	364	182000.0	1.4500000000000002	0
PMC9313150	https://pmc.ncbi.nlm.nih.gov/articles/PMC9313150	2022	-2.1	Metformin	200	mg/kg	oral	Wistar	Rats	male		high-fat diet+streptozotocin	185.0		1+every1days	84	84	NCT01023581	ADULT,OLDER_ADULT	all	PHASE3	108.0	Metformin	-1.11	1000.0	2+every1days	182	364	364000.0	0.99	1
PMC7092631	https://pmc.ncbi.nlm.nih.gov/articles/PMC7092631	2020	-0.82	Metformin	200	mg/kg	intragastric	Wistar	Rats	male	10.0	high-fat diet+streptozotocin	200.0		1+every1days	28	28	NCT01023581	ADULT,OLDER_ADULT	all	PHASE3	103.0	Metformin	-0.65	500.0	2+every1days	182	364	182000.0	0.16999999999999993	1
PMC7092631	https://pmc.ncbi.nlm.nih.gov/articles/PMC7092631	2020	-0.82	Metformin	200	mg/kg	intragastric	Wistar	Rats	male	10.0	high-fat diet+streptozotocin	200.0		1+every1days	28	28	NCT01023581	ADULT,OLDER_ADULT	all	PHASE3	108.0	Metformin	-1.11	1000.0	2+every1days	182	364	364000.0	-0.29000000000000015	1
PMC8800605	https://pmc.ncbi.nlm.nih.gov/articles/PMC8800605	2022	-0.21	Metformin	60	mg/kg	oral	Wistar	Rats	male	12.0	high-fat diet+streptozotocin	176.8		1+every1days	14	14	NCT01023581	ADULT,OLDER_ADULT	all	PHASE3	103.0	Metformin	-0.65	500.0	2+every1days	182	364	182000.0	-0.44000000000000006	1
PMC8800605	https://pmc.ncbi.nlm.nih.gov/articles/PMC8800605	2022	-0.21	Metformin	60	mg/kg	oral	Wistar	Rats	male	12.0	high-fat diet+streptozotocin	176.8		1+every1days	14	14	NCT01023581	ADULT,OLDER_ADULT	all	PHASE3	108.0	Metformin	-1.11	1000.0	2+every1days	182	364	364000.0	-0.9000000000000001	1
PMC4826921	https://pmc.ncbi.nlm.nih.gov/articles/PMC4826921	2016	-1.6	Metformin	200	mg/kg	oral	Wistar	Rats	male	20.0	high-fat diet	110.0		1+every1days	60	60	NCT01023581	ADULT,OLDER_ADULT	all	PHASE3	103.0	Metformin	-0.65	500.0	2+every1days	182	364	182000.0	0.9500000000000001	1
PMC4826921	https://pmc.ncbi.nlm.nih.gov/articles/PMC4826921	2016	-1.6	Metformin	200	mg/kg	oral	Wistar	Rats	male	20.0	high-fat diet	110.0		1+every1days	60	60	NCT01023581	ADULT,OLDER_ADULT	all	PHASE3	108.0	Metformin	-1.11	1000.0	2+every1days	182	364	364000.0	0.49	1
PMC7034448	https://pmc.ncbi.nlm.nih.gov/articles/PMC7034448	2020	-5.1	Metformin	500	mg/kg	oral	Wistar	Rats	male	6.0	high-fat diet+streptozotocin	190.0		1+every1days	30	30	NCT01023581	ADULT,OLDER_ADULT	all	PHASE3	103.0	Metformin	-0.65	500.0	2+every1days	182	364	182000.0	4.449999999999999	0
PMC7034448	https://pmc.ncbi.nlm.nih.gov/articles/PMC7034448	2020	-5.1	Metformin	500	mg/kg	oral	Wistar	Rats	male	6.0	high-fat diet+streptozotocin	190.0		1+every1days	30	30	NCT01023581	ADULT,OLDER_ADULT	all	PHASE3	108.0	Metformin	-1.11	1000.0	2+every1days	182	364	364000.0	3.9899999999999993	0
PMC4884299	https://pmc.ncbi.nlm.nih.gov/articles/PMC4884299	2016	-2.34	Metformin	150	mg/kg	oral	Wistar	Rats	male	6.0	streptozotocin+nicotinamide	280.0		1+every1days	42	42	NCT01023581	ADULT,OLDER_ADULT	all	PHASE3	103.0	Metformin	-0.65	500.0	2+every1days	182	364	182000.0	1.69	0
PMC4884299	https://pmc.ncbi.nlm.nih.gov/articles/PMC4884299	2016	-2.34	Metformin	150	mg/kg	oral	Wistar	Rats	male	6.0	streptozotocin+nicotinamide	280.0		1+every1days	42	42	NCT01023581	ADULT,OLDER_ADULT	all	PHASE3	108.0	Metformin	-1.11	1000.0	2+every1days	182	364	364000.0	1.2299999999999998	0
PMC9953164	https://pmc.ncbi.nlm.nih.gov/articles/PMC9953164	2023	-2.5	Metformin	200	mg/kg		Wistar	Rats	male	8.0	high-fat diet+streptozotocin	185.0		1+every1days	84	84	NCT01023581	ADULT,OLDER_ADULT	all	PHASE3	103.0	Metformin	-0.65	500.0	2+every1days	182	364	182000.0	1.85	0
PMC9953164	https://pmc.ncbi.nlm.nih.gov/articles/PMC9953164	2023	-2.5	Metformin	200	mg/kg		Wistar	Rats	male	8.0	high-fat diet+streptozotocin	185.0		1+every1days	84	84	NCT01023581	ADULT,OLDER_ADULT	all	PHASE3	108.0	Metformin	-1.11	1000.0	2+every1days	182	364	364000.0	1.39	0
PMC9681650	https://pmc.ncbi.nlm.nih.gov/articles/PMC9681650	2022	-0.1	Metformin	60	mg/kg	oral	Wistar	Rats	male	12.0	high-fat diet+streptozotocin	176.8	120.0	1+every1days	14	14	NCT01023581	ADULT,OLDER_ADULT	all	PHASE3	103.0	Metformin	-0.65	500.0	2+every1days	182	364	182000.0	-0.55	1
PMC9681650	https://pmc.ncbi.nlm.nih.gov/articles/PMC9681650	2022	-0.1	Metformin	60	mg/kg	oral	Wistar	Rats	male	12.0	high-fat diet+streptozotocin	176.8	120.0	1+every1days	14	14	NCT01023581	ADULT,OLDER_ADULT	all	PHASE3	108.0	Metformin	-1.11	1000.0	2+every1days	182	364	364000.0	-1.01	1
PMC4423537	https://pmc.ncbi.nlm.nih.gov/articles/PMC4423537	2013	-1.6	Metformin	300	mg/kg	oral	Otsuka Long-Evans Tokushima Fatty	Rats	male	14.0	genetic		140.0	1+every1days	84	84	NCT01023581	ADULT,OLDER_ADULT	all	PHASE3	103.0	Metformin	-0.65	500.0	2+every1days	182	364	182000.0	0.9500000000000001	1
PMC4423537	https://pmc.ncbi.nlm.nih.gov/articles/PMC4423537	2013	-1.6	Metformin	300	mg/kg	oral	Otsuka Long-Evans Tokushima Fatty	Rats	male	14.0	genetic		140.0	1+every1days	84	84	NCT01023581	ADULT,OLDER_ADULT	all	PHASE3	108.0	Metformin	-1.11	1000.0	2+every1days	182	364	364000.0	0.49	1
PMC9470898	https://pmc.ncbi.nlm.nih.gov/articles/PMC9470898	2022	-0.5	Metformin	0.1	% (w/w)	oral	NONcNZO10/LtJ	Mice	male	10.0	genetic		147.0		126		NCT01023581	ADULT,OLDER_ADULT	all	PHASE3	103.0	Metformin	-0.65	500.0	2+every1days	182	364	182000.0	-0.15000000000000002	1
PMC9470898	https://pmc.ncbi.nlm.nih.gov/articles/PMC9470898	2022	-0.5	Metformin	0.1	% (w/w)	oral	NONcNZO10/LtJ	Mice	male	10.0	genetic		147.0		126		NCT01023581	ADULT,OLDER_ADULT	all	PHASE3	108.0	Metformin	-1.11	1000.0	2+every1days	182	364	364000.0	-0.6100000000000001	1
PMC5840580	https://pmc.ncbi.nlm.nih.gov/articles/PMC5840580	2017	-1.5	Metformin	300	mg/kg	oral	Otsuka Long-Evans Tokushima Fatty	Rats	male	6.0	high-fat diet		168.0	1+every1days	84	84	NCT01023581	ADULT,OLDER_ADULT	all	PHASE3	103.0	Metformin	-0.65	500.0	2+every1days	182	364	182000.0	0.85	1
PMC5840580	https://pmc.ncbi.nlm.nih.gov/articles/PMC5840580	2017	-1.5	Metformin	300	mg/kg	oral	Otsuka Long-Evans Tokushima Fatty	Rats	male	6.0	high-fat diet		168.0	1+every1days	84	84	NCT01023581	ADULT,OLDER_ADULT	all	PHASE3	108.0	Metformin	-1.11	1000.0	2+every1days	182	364	364000.0	0.3899999999999999	1
PMC3465985	https://pmc.ncbi.nlm.nih.gov/articles/PMC3465985	2012	-1.31	Metformin	350	mg/kg	oral	Spontaneously Diabetic Torii	Rats	male	10.0	genetic		175.0	1+every1days	119	119	NCT01023581	ADULT,OLDER_ADULT	all	PHASE3	103.0	Metformin	-0.65	500.0	2+every1days	182	364	182000.0	0.66	1
PMC3465985	https://pmc.ncbi.nlm.nih.gov/articles/PMC3465985	2012	-1.31	Metformin	350	mg/kg	oral	Spontaneously Diabetic Torii	Rats	male	10.0	genetic		175.0	1+every1days	119	119	NCT01023581	ADULT,OLDER_ADULT	all	PHASE3	108.0	Metformin	-1.11	1000.0	2+every1days	182	364	364000.0	0.19999999999999996	1
PMC5319739	https://pmc.ncbi.nlm.nih.gov/articles/PMC5319739	2017	-4.2	Metformin	50	mg/kg	gastric intubation	Psammomys obesus	Gerbillinae	male	30.0	high-fat diet	100.0	240.0	1+every1days	84	84	NCT01023581	ADULT,OLDER_ADULT	all	PHASE3	103.0	Metformin	-0.65	500.0	2+every1days	182	364	182000.0	3.5500000000000003	0
PMC5319739	https://pmc.ncbi.nlm.nih.gov/articles/PMC5319739	2017	-4.2	Metformin	50	mg/kg	gastric intubation	Psammomys obesus	Gerbillinae	male	30.0	high-fat diet	100.0	240.0	1+every1days	84	84	NCT01023581	ADULT,OLDER_ADULT	all	PHASE3	108.0	Metformin	-1.11	1000.0	2+every1days	182	364	364000.0	3.09	0
PMC9698742	https://pmc.ncbi.nlm.nih.gov/articles/PMC9698742	2022	-2.6	Metformin	200	mg/kg	oral	Wistar	Rats	male	5.0	streptozotocin	225.0	270.0	1+every1days	45	45	NCT01023581	ADULT,OLDER_ADULT	all	PHASE3	103.0	Metformin	-0.65	500.0	2+every1days	182	364	182000.0	1.9500000000000002	0
PMC9698742	https://pmc.ncbi.nlm.nih.gov/articles/PMC9698742	2022	-2.6	Metformin	200	mg/kg	oral	Wistar	Rats	male	5.0	streptozotocin	225.0	270.0	1+every1days	45	45	NCT01023581	ADULT,OLDER_ADULT	all	PHASE3	108.0	Metformin	-1.11	1000.0	2+every1days	182	364	364000.0	1.49	0
PMC7727825	https://pmc.ncbi.nlm.nih.gov/articles/PMC7727825	2020	-3	Metformin	200	mg/kg	oral	C57BLKS/J-db/db	Mice	male	8.0	genetic		35.0	1+every1days	63	63	NCT01023581	ADULT,OLDER_ADULT	all	PHASE3	103.0	Metformin	-0.65	500.0	2+every1days	182	364	182000.0	2.35	0
PMC7727825	https://pmc.ncbi.nlm.nih.gov/articles/PMC7727825	2020	-3	Metformin	200	mg/kg	oral	C57BLKS/J-db/db	Mice	male	8.0	genetic		35.0	1+every1days	63	63	NCT01023581	ADULT,OLDER_ADULT	all	PHASE3	108.0	Metformin	-1.11	1000.0	2+every1days	182	364	364000.0	1.89	0
PMC7598587	https://pmc.ncbi.nlm.nih.gov/articles/PMC7598587	2020	-1.85	Metformin	200	mg/kg	oral	C57BL/6N	Mice	male	8.0	high-fat diet+streptozotocin		38.5	1+every1days	28	28	NCT01023581	ADULT,OLDER_ADULT	all	PHASE3	103.0	Metformin	-0.65	500.0	2+every1days	182	364	182000.0	1.2000000000000002	0
PMC7598587	https://pmc.ncbi.nlm.nih.gov/articles/PMC7598587	2020	-1.85	Metformin	200	mg/kg	oral	C57BL/6N	Mice	male	8.0	high-fat diet+streptozotocin		38.5	1+every1days	28	28	NCT01023581	ADULT,OLDER_ADULT	all	PHASE3	108.0	Metformin	-1.11	1000.0	2+every1days	182	364	364000.0	0.74	1
PMC4726511	https://pmc.ncbi.nlm.nih.gov/articles/PMC4726511	2016	-0.6	Metformin	10	mg/kg	oral	db/db	Mice		5.0	genetic		42.0	1+every1days	28	28	NCT01023581	ADULT,OLDER_ADULT	all	PHASE3	103.0	Metformin	-0.65	500.0	2+every1days	182	364	182000.0	-0.050000000000000044	1
PMC4726511	https://pmc.ncbi.nlm.nih.gov/articles/PMC4726511	2016	-0.6	Metformin	10	mg/kg	oral	db/db	Mice		5.0	genetic		42.0	1+every1days	28	28	NCT01023581	ADULT,OLDER_ADULT	all	PHASE3	108.0	Metformin	-1.11	1000.0	2+every1days	182	364	364000.0	-0.5100000000000001	1
PMC5485244	https://pmc.ncbi.nlm.nih.gov/articles/PMC5485244	2017	-0.4	Metformin	500	mg/kg	oral	C57BL/6J	Mice	male	16.0	high-fat diet		42.0	1+every1days	84	84	NCT01023581	ADULT,OLDER_ADULT	all	PHASE3	103.0	Metformin	-0.65	500.0	2+every1days	182	364	182000.0	-0.25	1
PMC5485244	https://pmc.ncbi.nlm.nih.gov/articles/PMC5485244	2017	-0.4	Metformin	500	mg/kg	oral	C57BL/6J	Mice	male	16.0	high-fat diet		42.0	1+every1days	84	84	NCT01023581	ADULT,OLDER_ADULT	all	PHASE3	108.0	Metformin	-1.11	1000.0	2+every1days	182	364	364000.0	-0.7100000000000001	1
PMC6273299	https://pmc.ncbi.nlm.nih.gov/articles/PMC6273299	2016	-1.3	Metformin	200	mg/kg		Zucker Diabetic Fatty	Rats	male	6.0	high-fat diet		42.0	1+every1days	84	84	NCT01023581	ADULT,OLDER_ADULT	all	PHASE3	103.0	Metformin	-0.65	500.0	2+every1days	182	364	182000.0	0.65	1
PMC6273299	https://pmc.ncbi.nlm.nih.gov/articles/PMC6273299	2016	-1.3	Metformin	200	mg/kg		Zucker Diabetic Fatty	Rats	male	6.0	high-fat diet		42.0	1+every1days	84	84	NCT01023581	ADULT,OLDER_ADULT	all	PHASE3	108.0	Metformin	-1.11	1000.0	2+every1days	182	364	364000.0	0.18999999999999995	1
PMC3327803	https://pmc.ncbi.nlm.nih.gov/articles/PMC3327803	2012	0.3	Metformin	200	mg/kg	intraperitoneal	db/db	Mice	male	11.0	genetic		49.0	1+every1days	126	126	NCT01023581	ADULT,OLDER_ADULT	all	PHASE3	103.0	Metformin	-0.65	500.0	2+every1days	182	364	182000.0	-0.95	1
PMC3327803	https://pmc.ncbi.nlm.nih.gov/articles/PMC3327803	2012	0.3	Metformin	200	mg/kg	intraperitoneal	db/db	Mice	male	11.0	genetic		49.0	1+every1days	126	126	NCT01023581	ADULT,OLDER_ADULT	all	PHASE3	108.0	Metformin	-1.11	1000.0	2+every1days	182	364	364000.0	-1.4100000000000001	0
PMC3907559	https://pmc.ncbi.nlm.nih.gov/articles/PMC3907559	2014	-3	Metformin	200	mg/kg	oral	Zucker Diabetic Fatty	Rats	male	10.0	genetic		49.0	2+every1days	32	64	NCT01023581	ADULT,OLDER_ADULT	all	PHASE3	103.0	Metformin	-0.65	500.0	2+every1days	182	364	182000.0	2.35	0
PMC3907559	https://pmc.ncbi.nlm.nih.gov/articles/PMC3907559	2014	-3	Metformin	200	mg/kg	oral	Zucker Diabetic Fatty	Rats	male	10.0	genetic		49.0	2+every1days	32	64	NCT01023581	ADULT,OLDER_ADULT	all	PHASE3	108.0	Metformin	-1.11	1000.0	2+every1days	182	364	364000.0	1.89	0
PMC7381706	https://pmc.ncbi.nlm.nih.gov/articles/PMC7381706	2020	-0.1	Metformin	250	mg/kg	oral	ob/ob	Mice	male	8.0	genetic		52.5	1+every1days	26	26	NCT01023581	ADULT,OLDER_ADULT	all	PHASE3	103.0	Metformin	-0.65	500.0	2+every1days	182	364	182000.0	-0.55	1
PMC7381706	https://pmc.ncbi.nlm.nih.gov/articles/PMC7381706	2020	-0.1	Metformin	250	mg/kg	oral	ob/ob	Mice	male	8.0	genetic		52.5	1+every1days	26	26	NCT01023581	ADULT,OLDER_ADULT	all	PHASE3	108.0	Metformin	-1.11	1000.0	2+every1days	182	364	364000.0	-1.01	1
PMC10203393	https://pmc.ncbi.nlm.nih.gov/articles/PMC10203393	2023	-5.5	Metformin	0.2	g/kg	oral	Sprague-Dawley	Rats	male	8.0	high-fat diet+streptozotocin	150.0	52.5	1+every1days	70	70	NCT01023581	ADULT,OLDER_ADULT	all	PHASE3	103.0	Metformin	-0.65	500.0	2+every1days	182	364	182000.0	4.85	0
PMC10203393	https://pmc.ncbi.nlm.nih.gov/articles/PMC10203393	2023	-5.5	Metformin	0.2	g/kg	oral	Sprague-Dawley	Rats	male	8.0	high-fat diet+streptozotocin	150.0	52.5	1+every1days	70	70	NCT01023581	ADULT,OLDER_ADULT	all	PHASE3	108.0	Metformin	-1.11	1000.0	2+every1days	182	364	364000.0	4.39	0
PMC10323656	https://pmc.ncbi.nlm.nih.gov/articles/PMC10323656	2023	-1.1	Metformin	200	mg/kg	oral gavage	C57BL/6	Mice	male	12.0	high-fat diet+streptozotocin	24.0	56.0	1+every1days	28	28	NCT01023581	ADULT,OLDER_ADULT	all	PHASE3	103.0	Metformin	-0.65	500.0	2+every1days	182	364	182000.0	0.45000000000000007	1
PMC10323656	https://pmc.ncbi.nlm.nih.gov/articles/PMC10323656	2023	-1.1	Metformin	200	mg/kg	oral gavage	C57BL/6	Mice	male	12.0	high-fat diet+streptozotocin	24.0	56.0	1+every1days	28	28	NCT01023581	ADULT,OLDER_ADULT	all	PHASE3	108.0	Metformin	-1.11	1000.0	2+every1days	182	364	364000.0	-0.010000000000000009	1
PMC3855476	https://pmc.ncbi.nlm.nih.gov/articles/PMC3855476	2014	-0.7	Metformin	300	mg/kg	oral	db/db	Mice	male	10.0	genetic	44.0	56.0	1+every1days	14	14	NCT01023581	ADULT,OLDER_ADULT	all	PHASE3	103.0	Metformin	-0.65	500.0	2+every1days	182	364	182000.0	0.04999999999999993	1
PMC3855476	https://pmc.ncbi.nlm.nih.gov/articles/PMC3855476	2014	-0.7	Metformin	300	mg/kg	oral	db/db	Mice	male	10.0	genetic	44.0	56.0	1+every1days	14	14	NCT01023581	ADULT,OLDER_ADULT	all	PHASE3	108.0	Metformin	-1.11	1000.0	2+every1days	182	364	364000.0	-0.41000000000000014	1
PMC5881648	https://pmc.ncbi.nlm.nih.gov/articles/PMC5881648	2018	-3.3	Metformin	200	mg/kg	gavage	Sprague-Dawley	Rats	male	10.0	streptozotocin	200.0	56.0	1+every1days	77	77	NCT01023581	ADULT,OLDER_ADULT	all	PHASE3	103.0	Metformin	-0.65	500.0	2+every1days	182	364	182000.0	2.65	0
PMC5881648	https://pmc.ncbi.nlm.nih.gov/articles/PMC5881648	2018	-3.3	Metformin	200	mg/kg	gavage	Sprague-Dawley	Rats	male	10.0	streptozotocin	200.0	56.0	1+every1days	77	77	NCT01023581	ADULT,OLDER_ADULT	all	PHASE3	108.0	Metformin	-1.11	1000.0	2+every1days	182	364	364000.0	2.1899999999999995	0
PMC4444588	https://pmc.ncbi.nlm.nih.gov/articles/PMC4444588	2015	-4	Metformin	500	mg/kg	intragastric	Sprague-Dawley	Rats	male	7.0	high-fat diet+streptozotocin	190.0	60.0	1+every1days	56	56	NCT01023581	ADULT,OLDER_ADULT	all	PHASE3	103.0	Metformin	-0.65	500.0	2+every1days	182	364	182000.0	3.35	0
PMC4444588	https://pmc.ncbi.nlm.nih.gov/articles/PMC4444588	2015	-4	Metformin	500	mg/kg	intragastric	Sprague-Dawley	Rats	male	7.0	high-fat diet+streptozotocin	190.0	60.0	1+every1days	56	56	NCT01023581	ADULT,OLDER_ADULT	all	PHASE3	108.0	Metformin	-1.11	1000.0	2+every1days	182	364	364000.0	2.8899999999999997	0
PMC4444588	https://pmc.ncbi.nlm.nih.gov/articles/PMC4444588	2015	-1	Metformin	150	mg/kg	intragastric	Sprague-Dawley	Rats	male	8.0	high-fat diet+streptozotocin	190.0	60.0	1+every1days	56	56	NCT01023581	ADULT,OLDER_ADULT	all	PHASE3	103.0	Metformin	-0.65	500.0	2+every1days	182	364	182000.0	0.35	1
PMC4444588	https://pmc.ncbi.nlm.nih.gov/articles/PMC4444588	2015	-2	Metformin	300	mg/kg	intragastric	Sprague-Dawley	Rats	male	8.0	high-fat diet+streptozotocin	190.0	60.0	1+every1days	56	56	NCT01023581	ADULT,OLDER_ADULT	all	PHASE3	103.0	Metformin	-0.65	500.0	2+every1days	182	364	182000.0	1.35	0
PMC4444588	https://pmc.ncbi.nlm.nih.gov/articles/PMC4444588	2015	-1	Metformin	150	mg/kg	intragastric	Sprague-Dawley	Rats	male	8.0	high-fat diet+streptozotocin	190.0	60.0	1+every1days	56	56	NCT01023581	ADULT,OLDER_ADULT	all	PHASE3	108.0	Metformin	-1.11	1000.0	2+every1days	182	364	364000.0	-0.1100000000000001	1
PMC4444588	https://pmc.ncbi.nlm.nih.gov/articles/PMC4444588	2015	-2	Metformin	300	mg/kg	intragastric	Sprague-Dawley	Rats	male	8.0	high-fat diet+streptozotocin	190.0	60.0	1+every1days	56	56	NCT01023581	ADULT,OLDER_ADULT	all	PHASE3	108.0	Metformin	-1.11	1000.0	2+every1days	182	364	364000.0	0.8899999999999999	1
PMC4457365	https://pmc.ncbi.nlm.nih.gov/articles/PMC4457365	2014	-0.2	Alogliptin	20	mg/kg	oral	UCD-T2DM	Rats	male	32.0	genetic		60.0	1+every1days	365	365	NCT01023581	ADULT,OLDER_ADULT	all	PHASE3	104.0	Alogliptin	-0.56	12.5	2+every1days	182	364	4550.0	-0.36000000000000004	1
PMC4097088	https://pmc.ncbi.nlm.nih.gov/articles/PMC4097088	2014	-0.6	Metformin	300	mg/kg	oral	C57BL/6	Mice		8.0	high-fat diet		70.0	1+every1days	14	14	NCT01023581	ADULT,OLDER_ADULT	all	PHASE3	103.0	Metformin	-0.65	500.0	2+every1days	182	364	182000.0	-0.050000000000000044	1
PMC4097088	https://pmc.ncbi.nlm.nih.gov/articles/PMC4097088	2014	-0.6	Metformin	300	mg/kg	oral	C57BL/6	Mice		8.0	high-fat diet		70.0	1+every1days	14	14	NCT01023581	ADULT,OLDER_ADULT	all	PHASE3	108.0	Metformin	-1.11	1000.0	2+every1days	182	364	364000.0	-0.5100000000000001	1
PMC9457892	https://pmc.ncbi.nlm.nih.gov/articles/PMC9457892	2022	-4.3	Metformin	150	mg/kg	oral	C57BL/6	Mice	male	8.0	streptozotocin	27.5	70.0	1+every1days	42	42	NCT01023581	ADULT,OLDER_ADULT	all	PHASE3	103.0	Metformin	-0.65	500.0	2+every1days	182	364	182000.0	3.65	0
PMC9457892	https://pmc.ncbi.nlm.nih.gov/articles/PMC9457892	2022	-4.3	Metformin	150	mg/kg	oral	C57BL/6	Mice	male	8.0	streptozotocin	27.5	70.0	1+every1days	42	42	NCT01023581	ADULT,OLDER_ADULT	all	PHASE3	108.0	Metformin	-1.11	1000.0	2+every1days	182	364	364000.0	3.1899999999999995	0
PMC8745465	https://pmc.ncbi.nlm.nih.gov/articles/PMC8745465	2021	-1.51	Metformin	120	mg/kg	oral	Wistar	Rats	male	30.0	high-fat diet+streptozotocin	170.0	70.0	1+every1days	35	35	NCT01023581	ADULT,OLDER_ADULT	all	PHASE3	103.0	Metformin	-0.65	500.0	2+every1days	182	364	182000.0	0.86	1
PMC8745465	https://pmc.ncbi.nlm.nih.gov/articles/PMC8745465	2021	-1.51	Metformin	120	mg/kg	oral	Wistar	Rats	male	30.0	high-fat diet+streptozotocin	170.0	70.0	1+every1days	35	35	NCT01023581	ADULT,OLDER_ADULT	all	PHASE3	108.0	Metformin	-1.11	1000.0	2+every1days	182	364	364000.0	0.3999999999999999	1
PMC9055162	https://pmc.ncbi.nlm.nih.gov/articles/PMC9055162	2020	-3.3	Exenatide	250	nmol/kg	subcutaneous	db/db	Mice	male		genetic			2+every7days	56	16	NCT01029886	ADULT,OLDER_ADULT	all	PHASE3	390.0	Exenatide	-1.28	2.0	1+every7days	182	26	52.0	2.0199999999999996	0
PMC7189518	https://pmc.ncbi.nlm.nih.gov/articles/PMC7189518	2020	-0.87	Exenatide	0.6	mg/kg	oral	db/db	Mice	male	6.0	genetic			1+every1days	49	49	NCT01029886	ADULT,OLDER_ADULT	all	PHASE3	390.0	Exenatide	-1.28	2.0	1+every7days	182	26	52.0	-0.41000000000000003	1
PMC7189518	https://pmc.ncbi.nlm.nih.gov/articles/PMC7189518	2020	-1.16	Exenatide	0.6	mg/kg	oral	db/db	Mice	male	6.0	genetic			1+every1days	49	49	NCT01029886	ADULT,OLDER_ADULT	all	PHASE3	390.0	Exenatide	-1.28	2.0	1+every7days	182	26	52.0	-0.1200000000000001	1
PMC7189518	https://pmc.ncbi.nlm.nih.gov/articles/PMC7189518	2020	-1.21	Exenatide	0.06	mg/kg	subcutaneous	db/db	Mice	male	6.0	genetic			1+every1days	49	49	NCT01029886	ADULT,OLDER_ADULT	all	PHASE3	390.0	Exenatide	-1.28	2.0	1+every7days	182	26	52.0	-0.07000000000000006	1
PMC6369909	https://pmc.ncbi.nlm.nih.gov/articles/PMC6369909	2018	-3	Exenatide	20	μg/kg	subcutaneous	Sprague-Dawley	Rats	male	6.0	high-fat diet+streptozotocin	160.0		1+every1days	28	28	NCT01029886	ADULT,OLDER_ADULT	all	PHASE3	390.0	Exenatide	-1.28	2.0	1+every7days	182	26	52.0	1.72	0
PMC9374709	https://pmc.ncbi.nlm.nih.gov/articles/PMC9374709	2022	-1.34	Liraglutide	0.4	mg/kg	subcutaneous	C57BL/6NRj	Mice	male	23.0	high-fat diet	35.0	112.0	1+every1days	28	28	NCT01029886	ADULT,OLDER_ADULT	all	PHASE3	386.0	Liraglutide	-1.48	1.8	1+every1days	182	182	327.6	-0.1399999999999999	1
PMC9374709	https://pmc.ncbi.nlm.nih.gov/articles/PMC9374709	2022	-11.69	Liraglutide	0.4	mg/kg	subcutaneous	C57BL/6NTac	Mice	male	16.0	high-fat diet	35.0	112.0	1+every1days	28	28	NCT01029886	ADULT,OLDER_ADULT	all	PHASE3	386.0	Liraglutide	-1.48	1.8	1+every1days	182	182	327.6	10.209999999999999	0
PMC2948479	https://pmc.ncbi.nlm.nih.gov/articles/PMC2948479	2010	-2.2	Exenatide	3.5	pm/kg/min	subcutaneous	3xTg-AD	Mice	both	8.0	streptozotocin	30.0	352.5		112		NCT01029886	ADULT,OLDER_ADULT	all	PHASE3	390.0	Exenatide	-1.28	2.0	1+every7days	182	26	52.0	0.9200000000000002	1
PMC4553314	https://pmc.ncbi.nlm.nih.gov/articles/PMC4553314	2015	-0.5	Exenatide	2	μg/kg	subcutaneous	db/db	Mice	female	10.0	genetic		45.5	2+every1days	43	86	NCT01029886	ADULT,OLDER_ADULT	all	PHASE3	390.0	Exenatide	-1.28	2.0	1+every7days	182	26	52.0	-0.78	1
PMC6412877	https://pmc.ncbi.nlm.nih.gov/articles/PMC6412877	2019	-0.5	Liraglutide	25	nmol/kg	subcutaneous		Mice	male		high-fat diet		49.0	1+every1days	28	28	NCT01029886	ADULT,OLDER_ADULT	all	PHASE3	386.0	Liraglutide	-1.48	1.8	1+every1days	182	182	327.6	-0.98	1
PMC9072222	https://pmc.ncbi.nlm.nih.gov/articles/PMC9072222	2019	-1.4	Liraglutide	0.1	mg/kg	subcutaneous	db/db	Mice	male	40.0	genetic		49.0	1+every1days	56	56	NCT01029886	ADULT,OLDER_ADULT	all	PHASE3	386.0	Liraglutide	-1.48	1.8	1+every1days	182	182	327.6	-0.08000000000000007	1
PMC4686834	https://pmc.ncbi.nlm.nih.gov/articles/PMC4686834	2015	-0.05	Exenatide	1	μg/kg	subcutaneous	C57BL/6	Mice	male	7.0	genetic		56.0	1+every1days	21	21	NCT01029886	ADULT,OLDER_ADULT	all	PHASE3	390.0	Exenatide	-1.28	2.0	1+every7days	182	26	52.0	-1.23	0
PMC4686834	https://pmc.ncbi.nlm.nih.gov/articles/PMC4686834	2015	-0.2	Exenatide	10	μg/kg	subcutaneous	C57BL/6	Mice	male	7.0	genetic		56.0	1+every1days	21	21	NCT01029886	ADULT,OLDER_ADULT	all	PHASE3	390.0	Exenatide	-1.28	2.0	1+every7days	182	26	52.0	-1.08	0
PMC4237538	https://pmc.ncbi.nlm.nih.gov/articles/PMC4237538	2013	-1.9	Exenatide	0.03	mg/kg	subcutaneous	ob/ob	Mice	male		genetic	43.0	56.0	1+every1days	28	28	NCT01029886	ADULT,OLDER_ADULT	all	PHASE3	390.0	Exenatide	-1.28	2.0	1+every7days	182	26	52.0	0.6199999999999999	1
PMC3913652	https://pmc.ncbi.nlm.nih.gov/articles/PMC3913652	2014	-0.55	Exenatide	30	nmol/kg	subcutaneous	ob/ob	Mice	male	10.0	genetic	43.9	56.0	1+every1days	28	28	NCT01029886	ADULT,OLDER_ADULT	all	PHASE3	390.0	Exenatide	-1.28	2.0	1+every7days	182	26	52.0	-0.73	1
PMC3654567	https://pmc.ncbi.nlm.nih.gov/articles/PMC3654567	2012	-1.8	Exenatide	250	μg/kg	subcutaneous	Zucker Diabetic Fatty	Rats	male		genetic		56.0	2+every1days	91	182	NCT01029886	ADULT,OLDER_ADULT	all	PHASE3	390.0	Exenatide	-1.28	2.0	1+every7days	182	26	52.0	0.52	1
PMC3654567	https://pmc.ncbi.nlm.nih.gov/articles/PMC3654567	2012	-2	Exenatide	6	μg/kg	subcutaneous	Zucker Diabetic Fatty	Rats	male		genetic		56.0	2+every1days	91	182	NCT01029886	ADULT,OLDER_ADULT	all	PHASE3	390.0	Exenatide	-1.28	2.0	1+every7days	182	26	52.0	0.72	1
PMC3654567	https://pmc.ncbi.nlm.nih.gov/articles/PMC3654567	2012	-2.9	Exenatide	40	μg/kg	subcutaneous	Zucker Diabetic Fatty	Rats	male		genetic		56.0	2+every1days	91	182	NCT01029886	ADULT,OLDER_ADULT	all	PHASE3	390.0	Exenatide	-1.28	2.0	1+every7days	182	26	52.0	1.6199999999999999	0
PMC5477380	https://pmc.ncbi.nlm.nih.gov/articles/PMC5477380	2017	-0.7	Exenatide	2	μg/kg	subcutaneous	KK-Ay	Mice	female	13.0	genetic		77.0	2+every1days	49	98	NCT01029886	ADULT,OLDER_ADULT	all	PHASE3	390.0	Exenatide	-1.28	2.0	1+every7days	182	26	52.0	-0.5800000000000001	1
PMC9112483	https://pmc.ncbi.nlm.nih.gov/articles/PMC9112483	2022	-1.4	Liraglutide	200	μg/kg	subcutaneous	Zucker Diabetic Fatty	Rats	male	7.0	genetic		77.0	2+every1days	140	280	NCT01029886	ADULT,OLDER_ADULT	all	PHASE3	386.0	Liraglutide	-1.48	1.8	1+every1days	182	182	327.6	-0.08000000000000007	1
PMC9143250	https://pmc.ncbi.nlm.nih.gov/articles/PMC9143250	2022	-8.5	Dapagliflozin	1	mg/kg	oral	Wistar	Rats	both	6.0	high-fat diet+streptozotocin	215.0		1+every1days	28	28	NCT01031680	ADULT,OLDER_ADULT	all	PHASE3	448.0	Dapagliflozin	-0.38	10.0	1+every1days	168	168	1680.0	8.12	0
PMC10308685	https://pmc.ncbi.nlm.nih.gov/articles/PMC10308685	2023	-5.4	Dapagliflozin	1	mg/kg	oral	Zucker Diabetic Fatty	Rats	male	8.0	genetic		112.0	1+every1days	84	84	NCT01031680	ADULT,OLDER_ADULT	all	PHASE3	448.0	Dapagliflozin	-0.38	10.0	1+every1days	168	168	1680.0	5.0200000000000005	0
PMC4237538	https://pmc.ncbi.nlm.nih.gov/articles/PMC4237538	2013	-1.4	Dapagliflozin	1	mg/kg	oral	ob/ob	Mice	male		genetic	43.0	56.0	1+every1days	28	28	NCT01031680	ADULT,OLDER_ADULT	all	PHASE3	448.0	Dapagliflozin	-0.38	10.0	1+every1days	168	168	1680.0	1.02	1
PMC6856656	https://pmc.ncbi.nlm.nih.gov/articles/PMC6856656	2019	-2.9	Dapagliflozin	1.0	mg/kg	oral	Zucker Diabetic Fatty	Rats	male	8.0	high-fat diet		84.0	1+every1days	63	63	NCT01031680	ADULT,OLDER_ADULT	all	PHASE3	448.0	Dapagliflozin	-0.38	10.0	1+every1days	168	168	1680.0	2.52	0
PMC5089752	https://pmc.ncbi.nlm.nih.gov/articles/PMC5089752	2016	-2.04	Dapagliflozin	1.0	mg/kg	oral	Otsuka Long-Evans Tokushima Fatty	Rats	male	10.0	genetic		98.0	1+every1days	84	84	NCT01031680	ADULT,OLDER_ADULT	all	PHASE3	448.0	Dapagliflozin	-0.38	10.0	1+every1days	168	168	1680.0	1.6600000000000001	0
PMC8953658	https://pmc.ncbi.nlm.nih.gov/articles/PMC8953658	2022	-3	Dapagliflozin	1	mg/kg	oral gavage	Zucker Diabetic Fatty	Rats	male	7.0	genetic		98.0	1+every1days	28	28	NCT01031680	ADULT,OLDER_ADULT	all	PHASE3	448.0	Dapagliflozin	-0.38	10.0	1+every1days	168	168	1680.0	2.62	0
PMC9143250	https://pmc.ncbi.nlm.nih.gov/articles/PMC9143250	2022	-8.5	Dapagliflozin	1	mg/kg	oral	Wistar	Rats	both	6.0	high-fat diet+streptozotocin	215.0		1+every1days	28	28	NCT01042977	ADULT,OLDER_ADULT	all	PHASE3	474.0	Dapagliflozin	-0.33	10.0	1+every1days	168	168	1680.0	8.17	0
PMC10308685	https://pmc.ncbi.nlm.nih.gov/articles/PMC10308685	2023	-5.4	Dapagliflozin	1	mg/kg	oral	Zucker Diabetic Fatty	Rats	male	8.0	genetic		112.0	1+every1days	84	84	NCT01042977	ADULT,OLDER_ADULT	all	PHASE3	474.0	Dapagliflozin	-0.33	10.0	1+every1days	168	168	1680.0	5.07	0
PMC4237538	https://pmc.ncbi.nlm.nih.gov/articles/PMC4237538	2013	-1.4	Dapagliflozin	1	mg/kg	oral	ob/ob	Mice	male		genetic	43.0	56.0	1+every1days	28	28	NCT01042977	ADULT,OLDER_ADULT	all	PHASE3	474.0	Dapagliflozin	-0.33	10.0	1+every1days	168	168	1680.0	1.0699999999999998	0
PMC6856656	https://pmc.ncbi.nlm.nih.gov/articles/PMC6856656	2019	-2.9	Dapagliflozin	1.0	mg/kg	oral	Zucker Diabetic Fatty	Rats	male	8.0	high-fat diet		84.0	1+every1days	63	63	NCT01042977	ADULT,OLDER_ADULT	all	PHASE3	474.0	Dapagliflozin	-0.33	10.0	1+every1days	168	168	1680.0	2.57	0
PMC5089752	https://pmc.ncbi.nlm.nih.gov/articles/PMC5089752	2016	-2.04	Dapagliflozin	1.0	mg/kg	oral	Otsuka Long-Evans Tokushima Fatty	Rats	male	10.0	genetic		98.0	1+every1days	84	84	NCT01042977	ADULT,OLDER_ADULT	all	PHASE3	474.0	Dapagliflozin	-0.33	10.0	1+every1days	168	168	1680.0	1.71	0
PMC8953658	https://pmc.ncbi.nlm.nih.gov/articles/PMC8953658	2022	-3	Dapagliflozin	1	mg/kg	oral gavage	Zucker Diabetic Fatty	Rats	male	7.0	genetic		98.0	1+every1days	28	28	NCT01042977	ADULT,OLDER_ADULT	all	PHASE3	474.0	Dapagliflozin	-0.33	10.0	1+every1days	168	168	1680.0	2.67	0
PMC4000968	https://pmc.ncbi.nlm.nih.gov/articles/PMC4000968	2014	-1.21	Sitagliptin Phosphate	10	mg/kg	oral	Zucker Diabetic Fatty	Rats		7.0	genetic		140.0	1+every1days	42	42	NCT01046110	ADULT,OLDER_ADULT	all	PHASE3	222.0	Sitagliptin Phosphate	-1.22	100.0	1+every1days	182	182	18200.0	-0.010000000000000009	1
PMC3998187	https://pmc.ncbi.nlm.nih.gov/articles/PMC3998187	2014	-2	Sitagliptin Phosphate	10	mg/kg	oral	Zucker Diabetic Fatty	Rats	male	5.0	genetic		140.0	1+every1days	42	42	NCT01046110	ADULT,OLDER_ADULT	all	PHASE3	222.0	Sitagliptin Phosphate	-1.22	100.0	1+every1days	182	182	18200.0	0.78	1
PMC2905949	https://pmc.ncbi.nlm.nih.gov/articles/PMC2905949	2010	-0.01	Sitagliptin Phosphate	10	mg/kg	oral	Zucker Diabetic Fatty	Rats	male	8.0	genetic		140.0	1+every1days	42	42	NCT01046110	ADULT,OLDER_ADULT	all	PHASE3	222.0	Sitagliptin Phosphate	-1.22	100.0	1+every1days	182	182	18200.0	-1.21	0
PMC3235777	https://pmc.ncbi.nlm.nih.gov/articles/PMC3235777	2011	-1.78	Sitagliptin Phosphate	10	mg/kg	oral	Zucker Diabetic Fatty	Rats	male	8.0	genetic		140.0	1+every1days	42	42	NCT01046110	ADULT,OLDER_ADULT	all	PHASE3	222.0	Sitagliptin Phosphate	-1.22	100.0	1+every1days	182	182	18200.0	0.56	1
PMC4514850	https://pmc.ncbi.nlm.nih.gov/articles/PMC4514850	2015	-1.3	Sitagliptin Phosphate	100	mg/kg	oral	ICR	Mice	male	8.0	high-fat diet+streptozotocin		35.0	1+every1days	56	56	NCT01046110	ADULT,OLDER_ADULT	all	PHASE3	222.0	Sitagliptin Phosphate	-1.22	100.0	1+every1days	182	182	18200.0	0.08000000000000007	1
PMC3660563	https://pmc.ncbi.nlm.nih.gov/articles/PMC3660563	2013	-0.8	Sitagliptin Phosphate	1	mg/kg	oral	C57BLKS/J-db/db	Mice	male		genetic		42.0	1+every1days	42	42	NCT01046110	ADULT,OLDER_ADULT	all	PHASE3	222.0	Sitagliptin Phosphate	-1.22	100.0	1+every1days	182	182	18200.0	-0.41999999999999993	1
PMC4514850	https://pmc.ncbi.nlm.nih.gov/articles/PMC4514850	2015	-0.9	Sitagliptin Phosphate	100	mg/kg	oral	db/db	Mice	male	5.0	genetic		56.0	1+every1days	28	28	NCT01046110	ADULT,OLDER_ADULT	all	PHASE3	222.0	Sitagliptin Phosphate	-1.22	100.0	1+every1days	182	182	18200.0	-0.31999999999999995	1
PMC4000968	https://pmc.ncbi.nlm.nih.gov/articles/PMC4000968	2014	-1.21	Sitagliptin Phosphate	10	mg/kg	oral	Zucker Diabetic Fatty	Rats		7.0	genetic		140.0	1+every1days	42	42	NCT01059825	ADULT,OLDER_ADULT	all	PHASE2	53.0	Sitagliptin Phosphate	-0.87	100.0	1+every1days	84	84	8400.0	0.33999999999999997	1
PMC3998187	https://pmc.ncbi.nlm.nih.gov/articles/PMC3998187	2014	-2	Sitagliptin Phosphate	10	mg/kg	oral	Zucker Diabetic Fatty	Rats	male	5.0	genetic		140.0	1+every1days	42	42	NCT01059825	ADULT,OLDER_ADULT	all	PHASE2	53.0	Sitagliptin Phosphate	-0.87	100.0	1+every1days	84	84	8400.0	1.13	0
PMC2905949	https://pmc.ncbi.nlm.nih.gov/articles/PMC2905949	2010	-0.01	Sitagliptin Phosphate	10	mg/kg	oral	Zucker Diabetic Fatty	Rats	male	8.0	genetic		140.0	1+every1days	42	42	NCT01059825	ADULT,OLDER_ADULT	all	PHASE2	53.0	Sitagliptin Phosphate	-0.87	100.0	1+every1days	84	84	8400.0	-0.86	1
PMC3235777	https://pmc.ncbi.nlm.nih.gov/articles/PMC3235777	2011	-1.78	Sitagliptin Phosphate	10	mg/kg	oral	Zucker Diabetic Fatty	Rats	male	8.0	genetic		140.0	1+every1days	42	42	NCT01059825	ADULT,OLDER_ADULT	all	PHASE2	53.0	Sitagliptin Phosphate	-0.87	100.0	1+every1days	84	84	8400.0	0.91	1
PMC4514850	https://pmc.ncbi.nlm.nih.gov/articles/PMC4514850	2015	-1.3	Sitagliptin Phosphate	100	mg/kg	oral	ICR	Mice	male	8.0	high-fat diet+streptozotocin		35.0	1+every1days	56	56	NCT01059825	ADULT,OLDER_ADULT	all	PHASE2	53.0	Sitagliptin Phosphate	-0.87	100.0	1+every1days	84	84	8400.0	0.43000000000000005	1
PMC3660563	https://pmc.ncbi.nlm.nih.gov/articles/PMC3660563	2013	-0.8	Sitagliptin Phosphate	1	mg/kg	oral	C57BLKS/J-db/db	Mice	male		genetic		42.0	1+every1days	42	42	NCT01059825	ADULT,OLDER_ADULT	all	PHASE2	53.0	Sitagliptin Phosphate	-0.87	100.0	1+every1days	84	84	8400.0	-0.06999999999999995	1
PMC4514850	https://pmc.ncbi.nlm.nih.gov/articles/PMC4514850	2015	-0.9	Sitagliptin Phosphate	100	mg/kg	oral	db/db	Mice	male	5.0	genetic		56.0	1+every1days	28	28	NCT01059825	ADULT,OLDER_ADULT	all	PHASE2	53.0	Sitagliptin Phosphate	-0.87	100.0	1+every1days	84	84	8400.0	0.030000000000000027	1
PMC9055162	https://pmc.ncbi.nlm.nih.gov/articles/PMC9055162	2020	-3.3	Exenatide	250	nmol/kg	subcutaneous	db/db	Mice	male		genetic			2+every7days	56	16	NCT01060059	ADULT,OLDER_ADULT	all		379.0	Exenatide	-1.1	0.0075	2+every1days				2.1999999999999997	0
PMC7189518	https://pmc.ncbi.nlm.nih.gov/articles/PMC7189518	2020	-0.87	Exenatide	0.6	mg/kg	oral	db/db	Mice	male	6.0	genetic			1+every1days	49	49	NCT01060059	ADULT,OLDER_ADULT	all		379.0	Exenatide	-1.1	0.0075	2+every1days				-0.2300000000000001	1
PMC7189518	https://pmc.ncbi.nlm.nih.gov/articles/PMC7189518	2020	-1.16	Exenatide	0.6	mg/kg	oral	db/db	Mice	male	6.0	genetic			1+every1days	49	49	NCT01060059	ADULT,OLDER_ADULT	all		379.0	Exenatide	-1.1	0.0075	2+every1days				0.05999999999999983	1
PMC7189518	https://pmc.ncbi.nlm.nih.gov/articles/PMC7189518	2020	-1.21	Exenatide	0.06	mg/kg	subcutaneous	db/db	Mice	male	6.0	genetic			1+every1days	49	49	NCT01060059	ADULT,OLDER_ADULT	all		379.0	Exenatide	-1.1	0.0075	2+every1days				0.10999999999999988	1
PMC6369909	https://pmc.ncbi.nlm.nih.gov/articles/PMC6369909	2018	-3	Exenatide	20	μg/kg	subcutaneous	Sprague-Dawley	Rats	male	6.0	high-fat diet+streptozotocin	160.0		1+every1days	28	28	NCT01060059	ADULT,OLDER_ADULT	all		379.0	Exenatide	-1.1	0.0075	2+every1days				1.9	0
PMC2948479	https://pmc.ncbi.nlm.nih.gov/articles/PMC2948479	2010	-2.2	Exenatide	3.5	pm/kg/min	subcutaneous	3xTg-AD	Mice	both	8.0	streptozotocin	30.0	352.5		112		NCT01060059	ADULT,OLDER_ADULT	all		379.0	Exenatide	-1.1	0.0075	2+every1days				1.1	0
PMC4553314	https://pmc.ncbi.nlm.nih.gov/articles/PMC4553314	2015	-0.5	Exenatide	2	μg/kg	subcutaneous	db/db	Mice	female	10.0	genetic		45.5	2+every1days	43	86	NCT01060059	ADULT,OLDER_ADULT	all		379.0	Exenatide	-1.1	0.0075	2+every1days				-0.6000000000000001	1
PMC4686834	https://pmc.ncbi.nlm.nih.gov/articles/PMC4686834	2015	-0.05	Exenatide	1	μg/kg	subcutaneous	C57BL/6	Mice	male	7.0	genetic		56.0	1+every1days	21	21	NCT01060059	ADULT,OLDER_ADULT	all		379.0	Exenatide	-1.1	0.0075	2+every1days				-1.05	0
PMC4686834	https://pmc.ncbi.nlm.nih.gov/articles/PMC4686834	2015	-0.2	Exenatide	10	μg/kg	subcutaneous	C57BL/6	Mice	male	7.0	genetic		56.0	1+every1days	21	21	NCT01060059	ADULT,OLDER_ADULT	all		379.0	Exenatide	-1.1	0.0075	2+every1days				-0.9000000000000001	1
PMC4237538	https://pmc.ncbi.nlm.nih.gov/articles/PMC4237538	2013	-1.9	Exenatide	0.03	mg/kg	subcutaneous	ob/ob	Mice	male		genetic	43.0	56.0	1+every1days	28	28	NCT01060059	ADULT,OLDER_ADULT	all		379.0	Exenatide	-1.1	0.0075	2+every1days				0.7999999999999998	1
PMC3913652	https://pmc.ncbi.nlm.nih.gov/articles/PMC3913652	2014	-0.55	Exenatide	30	nmol/kg	subcutaneous	ob/ob	Mice	male	10.0	genetic	43.9	56.0	1+every1days	28	28	NCT01060059	ADULT,OLDER_ADULT	all		379.0	Exenatide	-1.1	0.0075	2+every1days				-0.55	1
PMC3654567	https://pmc.ncbi.nlm.nih.gov/articles/PMC3654567	2012	-1.8	Exenatide	250	μg/kg	subcutaneous	Zucker Diabetic Fatty	Rats	male		genetic		56.0	2+every1days	91	182	NCT01060059	ADULT,OLDER_ADULT	all		379.0	Exenatide	-1.1	0.0075	2+every1days				0.7	1
PMC3654567	https://pmc.ncbi.nlm.nih.gov/articles/PMC3654567	2012	-2	Exenatide	6	μg/kg	subcutaneous	Zucker Diabetic Fatty	Rats	male		genetic		56.0	2+every1days	91	182	NCT01060059	ADULT,OLDER_ADULT	all		379.0	Exenatide	-1.1	0.0075	2+every1days				0.8999999999999999	1
PMC3654567	https://pmc.ncbi.nlm.nih.gov/articles/PMC3654567	2012	-2.9	Exenatide	40	μg/kg	subcutaneous	Zucker Diabetic Fatty	Rats	male		genetic		56.0	2+every1days	91	182	NCT01060059	ADULT,OLDER_ADULT	all		379.0	Exenatide	-1.1	0.0075	2+every1days				1.7999999999999998	0
PMC5477380	https://pmc.ncbi.nlm.nih.gov/articles/PMC5477380	2017	-0.7	Exenatide	2	μg/kg	subcutaneous	KK-Ay	Mice	female	13.0	genetic		77.0	2+every1days	49	98	NCT01060059	ADULT,OLDER_ADULT	all		379.0	Exenatide	-1.1	0.0075	2+every1days				-0.40000000000000013	1
PMC9026493	https://pmc.ncbi.nlm.nih.gov/articles/PMC9026493	2022	-2.2	Canagliflozin	10	mg/kg	oral	Sprague-Dawley	Rats	male	6.0	high-fat diet+streptozotocin	270.0		1+every1days	28	28	NCT01064414	ADULT,OLDER_ADULT	all	PHASE3	88.0	Canagliflozin	-0.33	100.0	1+every1days	364	364	36400.0	1.87	0
PMC9026493	https://pmc.ncbi.nlm.nih.gov/articles/PMC9026493	2022	-2.2	Canagliflozin	10	mg/kg	oral	Sprague-Dawley	Rats	male	6.0	high-fat diet+streptozotocin	270.0		1+every1days	28	28	NCT01064414	ADULT,OLDER_ADULT	all	PHASE3	89.0	Canagliflozin	-0.44	300.0	1+every1days	364	364	109200.0	1.7600000000000002	0
PMC3280264	https://pmc.ncbi.nlm.nih.gov/articles/PMC3280264	2012	-4.4	Canagliflozin	3	mg/kg	oral	Zucker Diabetic Fatty	Rats	male		genetic			1+every1days	28	28	NCT01064414	ADULT,OLDER_ADULT	all	PHASE3	88.0	Canagliflozin	-0.33	100.0	1+every1days	364	364	36400.0	4.07	0
PMC3280264	https://pmc.ncbi.nlm.nih.gov/articles/PMC3280264	2012	-5.9	Canagliflozin	10	mg/kg	oral	Zucker Diabetic Fatty	Rats	male		genetic			1+every1days	28	28	NCT01064414	ADULT,OLDER_ADULT	all	PHASE3	88.0	Canagliflozin	-0.33	100.0	1+every1days	364	364	36400.0	5.57	0
PMC3280264	https://pmc.ncbi.nlm.nih.gov/articles/PMC3280264	2012	-6	Canagliflozin	30	mg/kg	oral	Zucker Diabetic Fatty	Rats	male		genetic			1+every1days	28	28	NCT01064414	ADULT,OLDER_ADULT	all	PHASE3	88.0	Canagliflozin	-0.33	100.0	1+every1days	364	364	36400.0	5.67	0
PMC3280264	https://pmc.ncbi.nlm.nih.gov/articles/PMC3280264	2012	-4.4	Canagliflozin	3	mg/kg	oral	Zucker Diabetic Fatty	Rats	male		genetic			1+every1days	28	28	NCT01064414	ADULT,OLDER_ADULT	all	PHASE3	89.0	Canagliflozin	-0.44	300.0	1+every1days	364	364	109200.0	3.9600000000000004	0
PMC3280264	https://pmc.ncbi.nlm.nih.gov/articles/PMC3280264	2012	-5.9	Canagliflozin	10	mg/kg	oral	Zucker Diabetic Fatty	Rats	male		genetic			1+every1days	28	28	NCT01064414	ADULT,OLDER_ADULT	all	PHASE3	89.0	Canagliflozin	-0.44	300.0	1+every1days	364	364	109200.0	5.46	0
PMC3280264	https://pmc.ncbi.nlm.nih.gov/articles/PMC3280264	2012	-6	Canagliflozin	30	mg/kg	oral	Zucker Diabetic Fatty	Rats	male		genetic			1+every1days	28	28	NCT01064414	ADULT,OLDER_ADULT	all	PHASE3	89.0	Canagliflozin	-0.44	300.0	1+every1days	364	364	109200.0	5.56	0
PMC4304810	https://pmc.ncbi.nlm.nih.gov/articles/PMC4304810	2015	-4.3	Canagliflozin	10	mg/kg	oral	Zucker Diabetic Fatty	Rats	male		genetic		49.0	1+every1days	42	42	NCT01064414	ADULT,OLDER_ADULT	all	PHASE3	88.0	Canagliflozin	-0.33	100.0	1+every1days	364	364	36400.0	3.9699999999999998	0
PMC4304810	https://pmc.ncbi.nlm.nih.gov/articles/PMC4304810	2015	-4.3	Canagliflozin	10	mg/kg	oral	Zucker Diabetic Fatty	Rats	male		genetic		49.0	1+every1days	42	42	NCT01064414	ADULT,OLDER_ADULT	all	PHASE3	89.0	Canagliflozin	-0.44	300.0	1+every1days	364	364	109200.0	3.86	0
PMC7852344	https://pmc.ncbi.nlm.nih.gov/articles/PMC7852344	2020	-2.6	Canagliflozin	20	mg/kg	oral	TALLYHO/JngJ	Mice	male	52.0	genetic		63.0	1+every1days	70	70	NCT01064414	ADULT,OLDER_ADULT	all	PHASE3	88.0	Canagliflozin	-0.33	100.0	1+every1days	364	364	36400.0	2.27	0
PMC7852344	https://pmc.ncbi.nlm.nih.gov/articles/PMC7852344	2020	-2.6	Canagliflozin	20	mg/kg	oral	TALLYHO/JngJ	Mice	male	52.0	genetic		63.0	1+every1days	70	70	NCT01064414	ADULT,OLDER_ADULT	all	PHASE3	89.0	Canagliflozin	-0.44	300.0	1+every1days	364	364	109200.0	2.16	0
PMC4000968	https://pmc.ncbi.nlm.nih.gov/articles/PMC4000968	2014	-1.21	Sitagliptin Phosphate	10	mg/kg	oral	Zucker Diabetic Fatty	Rats		7.0	genetic		140.0	1+every1days	42	42	NCT01076075	ADULT,OLDER_ADULT	all	PHASE3	203.0	Sitagliptin Phosphate	-0.84	100.0	1+every1days	168	168	16800.0	0.37	1
PMC3998187	https://pmc.ncbi.nlm.nih.gov/articles/PMC3998187	2014	-2	Sitagliptin Phosphate	10	mg/kg	oral	Zucker Diabetic Fatty	Rats	male	5.0	genetic		140.0	1+every1days	42	42	NCT01076075	ADULT,OLDER_ADULT	all	PHASE3	203.0	Sitagliptin Phosphate	-0.84	100.0	1+every1days	168	168	16800.0	1.1600000000000001	0
PMC2905949	https://pmc.ncbi.nlm.nih.gov/articles/PMC2905949	2010	-0.01	Sitagliptin Phosphate	10	mg/kg	oral	Zucker Diabetic Fatty	Rats	male	8.0	genetic		140.0	1+every1days	42	42	NCT01076075	ADULT,OLDER_ADULT	all	PHASE3	203.0	Sitagliptin Phosphate	-0.84	100.0	1+every1days	168	168	16800.0	-0.83	1
PMC3235777	https://pmc.ncbi.nlm.nih.gov/articles/PMC3235777	2011	-1.78	Sitagliptin Phosphate	10	mg/kg	oral	Zucker Diabetic Fatty	Rats	male	8.0	genetic		140.0	1+every1days	42	42	NCT01076075	ADULT,OLDER_ADULT	all	PHASE3	203.0	Sitagliptin Phosphate	-0.84	100.0	1+every1days	168	168	16800.0	0.9400000000000001	1
PMC4514850	https://pmc.ncbi.nlm.nih.gov/articles/PMC4514850	2015	-1.3	Sitagliptin Phosphate	100	mg/kg	oral	ICR	Mice	male	8.0	high-fat diet+streptozotocin		35.0	1+every1days	56	56	NCT01076075	ADULT,OLDER_ADULT	all	PHASE3	203.0	Sitagliptin Phosphate	-0.84	100.0	1+every1days	168	168	16800.0	0.4600000000000001	1
PMC3660563	https://pmc.ncbi.nlm.nih.gov/articles/PMC3660563	2013	-0.8	Sitagliptin Phosphate	1	mg/kg	oral	C57BLKS/J-db/db	Mice	male		genetic		42.0	1+every1days	42	42	NCT01076075	ADULT,OLDER_ADULT	all	PHASE3	203.0	Sitagliptin Phosphate	-0.84	100.0	1+every1days	168	168	16800.0	-0.039999999999999925	1
PMC4514850	https://pmc.ncbi.nlm.nih.gov/articles/PMC4514850	2015	-0.9	Sitagliptin Phosphate	100	mg/kg	oral	db/db	Mice	male	5.0	genetic		56.0	1+every1days	28	28	NCT01076075	ADULT,OLDER_ADULT	all	PHASE3	203.0	Sitagliptin Phosphate	-0.84	100.0	1+every1days	168	168	16800.0	0.06000000000000005	1
PMC5485244	https://pmc.ncbi.nlm.nih.gov/articles/PMC5485244	2017	-0.4	Metformin	500	mg/kg	oral	C57BL/6J	Mice	male	8.0	high-fat diet			1+every1days			NCT01076088	ADULT,OLDER_ADULT	all	PHASE3	116.0	Metformin	-1.29	500.0	2+every1days	168	336	168000.0	-0.89	1
PMC5485244	https://pmc.ncbi.nlm.nih.gov/articles/PMC5485244	2017	-0.4	Metformin	500	mg/kg	oral	C57BL/6J	Mice	male	8.0	high-fat diet			1+every1days			NCT01076088	ADULT,OLDER_ADULT	all	PHASE3	117.0	Metformin	-1.56	850.0	2+every1days	168	336	285600.0	-1.1600000000000001	0
PMC8657924	https://pmc.ncbi.nlm.nih.gov/articles/PMC8657924	2021	-4	Metformin	225	mg/kg	oral	Kunming	Mice	male	8.0	high-fat diet+streptozotocin	20.0		1+every1days	28	28	NCT01076088	ADULT,OLDER_ADULT	all	PHASE3	116.0	Metformin	-1.29	500.0	2+every1days	168	336	168000.0	2.71	0
PMC8657924	https://pmc.ncbi.nlm.nih.gov/articles/PMC8657924	2021	-4	Metformin	225	mg/kg	oral	Kunming	Mice	male	8.0	high-fat diet+streptozotocin	20.0		1+every1days	28	28	NCT01076088	ADULT,OLDER_ADULT	all	PHASE3	117.0	Metformin	-1.56	850.0	2+every1days	168	336	285600.0	2.44	0
PMC3462199	https://pmc.ncbi.nlm.nih.gov/articles/PMC3462199	2012	-0.4	Metformin	400	mg/kg	intraperitoneal	db/db	Mice	male	10.0	genetic	47.5		1+every1days	14	14	NCT01076088	ADULT,OLDER_ADULT	all	PHASE3	116.0	Metformin	-1.29	500.0	2+every1days	168	336	168000.0	-0.89	1
PMC3462199	https://pmc.ncbi.nlm.nih.gov/articles/PMC3462199	2012	-0.4	Metformin	400	mg/kg	intraperitoneal	db/db	Mice	male	10.0	genetic	47.5		1+every1days	14	14	NCT01076088	ADULT,OLDER_ADULT	all	PHASE3	117.0	Metformin	-1.56	850.0	2+every1days	168	336	285600.0	-1.1600000000000001	0
PMC3462199	https://pmc.ncbi.nlm.nih.gov/articles/PMC3462199	2012	-0.3	Metformin	400	mg/kg	intraperitoneal	db/db	Mice	male	12.0	genetic	47.5		1+every1days	14	14	NCT01076088	ADULT,OLDER_ADULT	all	PHASE3	116.0	Metformin	-1.29	500.0	2+every1days	168	336	168000.0	-0.99	1
PMC3462199	https://pmc.ncbi.nlm.nih.gov/articles/PMC3462199	2012	-0.3	Metformin	400	mg/kg	intraperitoneal	db/db	Mice	male	12.0	genetic	47.5		1+every1days	14	14	NCT01076088	ADULT,OLDER_ADULT	all	PHASE3	117.0	Metformin	-1.56	850.0	2+every1days	168	336	285600.0	-1.26	0
PMC9313150	https://pmc.ncbi.nlm.nih.gov/articles/PMC9313150	2022	-2.1	Metformin	200	mg/kg	oral	Wistar	Rats	male		high-fat diet+streptozotocin	185.0		1+every1days	84	84	NCT01076088	ADULT,OLDER_ADULT	all	PHASE3	116.0	Metformin	-1.29	500.0	2+every1days	168	336	168000.0	0.81	1
PMC9313150	https://pmc.ncbi.nlm.nih.gov/articles/PMC9313150	2022	-2.1	Metformin	200	mg/kg	oral	Wistar	Rats	male		high-fat diet+streptozotocin	185.0		1+every1days	84	84	NCT01076088	ADULT,OLDER_ADULT	all	PHASE3	117.0	Metformin	-1.56	850.0	2+every1days	168	336	285600.0	0.54	1
PMC7092631	https://pmc.ncbi.nlm.nih.gov/articles/PMC7092631	2020	-0.82	Metformin	200	mg/kg	intragastric	Wistar	Rats	male	10.0	high-fat diet+streptozotocin	200.0		1+every1days	28	28	NCT01076088	ADULT,OLDER_ADULT	all	PHASE3	116.0	Metformin	-1.29	500.0	2+every1days	168	336	168000.0	-0.4700000000000001	1
PMC7092631	https://pmc.ncbi.nlm.nih.gov/articles/PMC7092631	2020	-0.82	Metformin	200	mg/kg	intragastric	Wistar	Rats	male	10.0	high-fat diet+streptozotocin	200.0		1+every1days	28	28	NCT01076088	ADULT,OLDER_ADULT	all	PHASE3	117.0	Metformin	-1.56	850.0	2+every1days	168	336	285600.0	-0.7400000000000001	1
PMC8800605	https://pmc.ncbi.nlm.nih.gov/articles/PMC8800605	2022	-0.21	Metformin	60	mg/kg	oral	Wistar	Rats	male	12.0	high-fat diet+streptozotocin	176.8		1+every1days	14	14	NCT01076088	ADULT,OLDER_ADULT	all	PHASE3	116.0	Metformin	-1.29	500.0	2+every1days	168	336	168000.0	-1.08	0
PMC8800605	https://pmc.ncbi.nlm.nih.gov/articles/PMC8800605	2022	-0.21	Metformin	60	mg/kg	oral	Wistar	Rats	male	12.0	high-fat diet+streptozotocin	176.8		1+every1days	14	14	NCT01076088	ADULT,OLDER_ADULT	all	PHASE3	117.0	Metformin	-1.56	850.0	2+every1days	168	336	285600.0	-1.35	0
PMC4826921	https://pmc.ncbi.nlm.nih.gov/articles/PMC4826921	2016	-1.6	Metformin	200	mg/kg	oral	Wistar	Rats	male	20.0	high-fat diet	110.0		1+every1days	60	60	NCT01076088	ADULT,OLDER_ADULT	all	PHASE3	116.0	Metformin	-1.29	500.0	2+every1days	168	336	168000.0	0.31000000000000005	1
PMC4826921	https://pmc.ncbi.nlm.nih.gov/articles/PMC4826921	2016	-1.6	Metformin	200	mg/kg	oral	Wistar	Rats	male	20.0	high-fat diet	110.0		1+every1days	60	60	NCT01076088	ADULT,OLDER_ADULT	all	PHASE3	117.0	Metformin	-1.56	850.0	2+every1days	168	336	285600.0	0.040000000000000036	1
PMC7034448	https://pmc.ncbi.nlm.nih.gov/articles/PMC7034448	2020	-5.1	Metformin	500	mg/kg	oral	Wistar	Rats	male	6.0	high-fat diet+streptozotocin	190.0		1+every1days	30	30	NCT01076088	ADULT,OLDER_ADULT	all	PHASE3	116.0	Metformin	-1.29	500.0	2+every1days	168	336	168000.0	3.8099999999999996	0
PMC7034448	https://pmc.ncbi.nlm.nih.gov/articles/PMC7034448	2020	-5.1	Metformin	500	mg/kg	oral	Wistar	Rats	male	6.0	high-fat diet+streptozotocin	190.0		1+every1days	30	30	NCT01076088	ADULT,OLDER_ADULT	all	PHASE3	117.0	Metformin	-1.56	850.0	2+every1days	168	336	285600.0	3.5399999999999996	0
PMC4884299	https://pmc.ncbi.nlm.nih.gov/articles/PMC4884299	2016	-2.34	Metformin	150	mg/kg	oral	Wistar	Rats	male	6.0	streptozotocin+nicotinamide	280.0		1+every1days	42	42	NCT01076088	ADULT,OLDER_ADULT	all	PHASE3	116.0	Metformin	-1.29	500.0	2+every1days	168	336	168000.0	1.0499999999999998	0
PMC4884299	https://pmc.ncbi.nlm.nih.gov/articles/PMC4884299	2016	-2.34	Metformin	150	mg/kg	oral	Wistar	Rats	male	6.0	streptozotocin+nicotinamide	280.0		1+every1days	42	42	NCT01076088	ADULT,OLDER_ADULT	all	PHASE3	117.0	Metformin	-1.56	850.0	2+every1days	168	336	285600.0	0.7799999999999998	1
PMC9953164	https://pmc.ncbi.nlm.nih.gov/articles/PMC9953164	2023	-2.5	Metformin	200	mg/kg		Wistar	Rats	male	8.0	high-fat diet+streptozotocin	185.0		1+every1days	84	84	NCT01076088	ADULT,OLDER_ADULT	all	PHASE3	116.0	Metformin	-1.29	500.0	2+every1days	168	336	168000.0	1.21	0
PMC9953164	https://pmc.ncbi.nlm.nih.gov/articles/PMC9953164	2023	-2.5	Metformin	200	mg/kg		Wistar	Rats	male	8.0	high-fat diet+streptozotocin	185.0		1+every1days	84	84	NCT01076088	ADULT,OLDER_ADULT	all	PHASE3	117.0	Metformin	-1.56	850.0	2+every1days	168	336	285600.0	0.94	1
PMC9681650	https://pmc.ncbi.nlm.nih.gov/articles/PMC9681650	2022	-0.1	Metformin	60	mg/kg	oral	Wistar	Rats	male	12.0	high-fat diet+streptozotocin	176.8	120.0	1+every1days	14	14	NCT01076088	ADULT,OLDER_ADULT	all	PHASE3	116.0	Metformin	-1.29	500.0	2+every1days	168	336	168000.0	-1.19	0
PMC9681650	https://pmc.ncbi.nlm.nih.gov/articles/PMC9681650	2022	-0.1	Metformin	60	mg/kg	oral	Wistar	Rats	male	12.0	high-fat diet+streptozotocin	176.8	120.0	1+every1days	14	14	NCT01076088	ADULT,OLDER_ADULT	all	PHASE3	117.0	Metformin	-1.56	850.0	2+every1days	168	336	285600.0	-1.46	0
PMC4000968	https://pmc.ncbi.nlm.nih.gov/articles/PMC4000968	2014	-1.21	Sitagliptin Phosphate	10	mg/kg	oral	Zucker Diabetic Fatty	Rats		7.0	genetic		140.0	1+every1days	42	42	NCT01076088	ADULT,OLDER_ADULT	all	PHASE3	113.0	Sitagliptin Phosphate	-0.99	100.0	1+every1days	168	168	16800.0	0.21999999999999997	1
PMC4423537	https://pmc.ncbi.nlm.nih.gov/articles/PMC4423537	2013	-1.6	Metformin	300	mg/kg	oral	Otsuka Long-Evans Tokushima Fatty	Rats	male	14.0	genetic		140.0	1+every1days	84	84	NCT01076088	ADULT,OLDER_ADULT	all	PHASE3	116.0	Metformin	-1.29	500.0	2+every1days	168	336	168000.0	0.31000000000000005	1
PMC4423537	https://pmc.ncbi.nlm.nih.gov/articles/PMC4423537	2013	-1.6	Metformin	300	mg/kg	oral	Otsuka Long-Evans Tokushima Fatty	Rats	male	14.0	genetic		140.0	1+every1days	84	84	NCT01076088	ADULT,OLDER_ADULT	all	PHASE3	117.0	Metformin	-1.56	850.0	2+every1days	168	336	285600.0	0.040000000000000036	1
PMC3998187	https://pmc.ncbi.nlm.nih.gov/articles/PMC3998187	2014	-2	Sitagliptin Phosphate	10	mg/kg	oral	Zucker Diabetic Fatty	Rats	male	5.0	genetic		140.0	1+every1days	42	42	NCT01076088	ADULT,OLDER_ADULT	all	PHASE3	113.0	Sitagliptin Phosphate	-0.99	100.0	1+every1days	168	168	16800.0	1.01	1
PMC2905949	https://pmc.ncbi.nlm.nih.gov/articles/PMC2905949	2010	-0.01	Sitagliptin Phosphate	10	mg/kg	oral	Zucker Diabetic Fatty	Rats	male	8.0	genetic		140.0	1+every1days	42	42	NCT01076088	ADULT,OLDER_ADULT	all	PHASE3	113.0	Sitagliptin Phosphate	-0.99	100.0	1+every1days	168	168	16800.0	-0.98	1
PMC3235777	https://pmc.ncbi.nlm.nih.gov/articles/PMC3235777	2011	-1.78	Sitagliptin Phosphate	10	mg/kg	oral	Zucker Diabetic Fatty	Rats	male	8.0	genetic		140.0	1+every1days	42	42	NCT01076088	ADULT,OLDER_ADULT	all	PHASE3	113.0	Sitagliptin Phosphate	-0.99	100.0	1+every1days	168	168	16800.0	0.79	1
PMC9470898	https://pmc.ncbi.nlm.nih.gov/articles/PMC9470898	2022	-0.5	Metformin	0.1	% (w/w)	oral	NONcNZO10/LtJ	Mice	male	10.0	genetic		147.0		126		NCT01076088	ADULT,OLDER_ADULT	all	PHASE3	116.0	Metformin	-1.29	500.0	2+every1days	168	336	168000.0	-0.79	1
PMC9470898	https://pmc.ncbi.nlm.nih.gov/articles/PMC9470898	2022	-0.5	Metformin	0.1	% (w/w)	oral	NONcNZO10/LtJ	Mice	male	10.0	genetic		147.0		126		NCT01076088	ADULT,OLDER_ADULT	all	PHASE3	117.0	Metformin	-1.56	850.0	2+every1days	168	336	285600.0	-1.06	0
PMC5840580	https://pmc.ncbi.nlm.nih.gov/articles/PMC5840580	2017	-1.5	Metformin	300	mg/kg	oral	Otsuka Long-Evans Tokushima Fatty	Rats	male	6.0	high-fat diet		168.0	1+every1days	84	84	NCT01076088	ADULT,OLDER_ADULT	all	PHASE3	116.0	Metformin	-1.29	500.0	2+every1days	168	336	168000.0	0.20999999999999996	1
PMC5840580	https://pmc.ncbi.nlm.nih.gov/articles/PMC5840580	2017	-1.5	Metformin	300	mg/kg	oral	Otsuka Long-Evans Tokushima Fatty	Rats	male	6.0	high-fat diet		168.0	1+every1days	84	84	NCT01076088	ADULT,OLDER_ADULT	all	PHASE3	117.0	Metformin	-1.56	850.0	2+every1days	168	336	285600.0	-0.06000000000000005	1
PMC3465985	https://pmc.ncbi.nlm.nih.gov/articles/PMC3465985	2012	-1.31	Metformin	350	mg/kg	oral	Spontaneously Diabetic Torii	Rats	male	10.0	genetic		175.0	1+every1days	119	119	NCT01076088	ADULT,OLDER_ADULT	all	PHASE3	116.0	Metformin	-1.29	500.0	2+every1days	168	336	168000.0	0.020000000000000018	1
PMC3465985	https://pmc.ncbi.nlm.nih.gov/articles/PMC3465985	2012	-1.31	Metformin	350	mg/kg	oral	Spontaneously Diabetic Torii	Rats	male	10.0	genetic		175.0	1+every1days	119	119	NCT01076088	ADULT,OLDER_ADULT	all	PHASE3	117.0	Metformin	-1.56	850.0	2+every1days	168	336	285600.0	-0.25	1
PMC5319739	https://pmc.ncbi.nlm.nih.gov/articles/PMC5319739	2017	-4.2	Metformin	50	mg/kg	gastric intubation	Psammomys obesus	Gerbillinae	male	30.0	high-fat diet	100.0	240.0	1+every1days	84	84	NCT01076088	ADULT,OLDER_ADULT	all	PHASE3	116.0	Metformin	-1.29	500.0	2+every1days	168	336	168000.0	2.91	0
PMC5319739	https://pmc.ncbi.nlm.nih.gov/articles/PMC5319739	2017	-4.2	Metformin	50	mg/kg	gastric intubation	Psammomys obesus	Gerbillinae	male	30.0	high-fat diet	100.0	240.0	1+every1days	84	84	NCT01076088	ADULT,OLDER_ADULT	all	PHASE3	117.0	Metformin	-1.56	850.0	2+every1days	168	336	285600.0	2.64	0
PMC9698742	https://pmc.ncbi.nlm.nih.gov/articles/PMC9698742	2022	-2.6	Metformin	200	mg/kg	oral	Wistar	Rats	male	5.0	streptozotocin	225.0	270.0	1+every1days	45	45	NCT01076088	ADULT,OLDER_ADULT	all	PHASE3	116.0	Metformin	-1.29	500.0	2+every1days	168	336	168000.0	1.31	0
PMC9698742	https://pmc.ncbi.nlm.nih.gov/articles/PMC9698742	2022	-2.6	Metformin	200	mg/kg	oral	Wistar	Rats	male	5.0	streptozotocin	225.0	270.0	1+every1days	45	45	NCT01076088	ADULT,OLDER_ADULT	all	PHASE3	117.0	Metformin	-1.56	850.0	2+every1days	168	336	285600.0	1.04	0
PMC7727825	https://pmc.ncbi.nlm.nih.gov/articles/PMC7727825	2020	-3	Metformin	200	mg/kg	oral	C57BLKS/J-db/db	Mice	male	8.0	genetic		35.0	1+every1days	63	63	NCT01076088	ADULT,OLDER_ADULT	all	PHASE3	116.0	Metformin	-1.29	500.0	2+every1days	168	336	168000.0	1.71	0
PMC7727825	https://pmc.ncbi.nlm.nih.gov/articles/PMC7727825	2020	-3	Metformin	200	mg/kg	oral	C57BLKS/J-db/db	Mice	male	8.0	genetic		35.0	1+every1days	63	63	NCT01076088	ADULT,OLDER_ADULT	all	PHASE3	117.0	Metformin	-1.56	850.0	2+every1days	168	336	285600.0	1.44	0
PMC4514850	https://pmc.ncbi.nlm.nih.gov/articles/PMC4514850	2015	-1.3	Sitagliptin Phosphate	100	mg/kg	oral	ICR	Mice	male	8.0	high-fat diet+streptozotocin		35.0	1+every1days	56	56	NCT01076088	ADULT,OLDER_ADULT	all	PHASE3	113.0	Sitagliptin Phosphate	-0.99	100.0	1+every1days	168	168	16800.0	0.31000000000000005	1
PMC7598587	https://pmc.ncbi.nlm.nih.gov/articles/PMC7598587	2020	-1.85	Metformin	200	mg/kg	oral	C57BL/6N	Mice	male	8.0	high-fat diet+streptozotocin		38.5	1+every1days	28	28	NCT01076088	ADULT,OLDER_ADULT	all	PHASE3	116.0	Metformin	-1.29	500.0	2+every1days	168	336	168000.0	0.56	1
PMC7598587	https://pmc.ncbi.nlm.nih.gov/articles/PMC7598587	2020	-1.85	Metformin	200	mg/kg	oral	C57BL/6N	Mice	male	8.0	high-fat diet+streptozotocin		38.5	1+every1days	28	28	NCT01076088	ADULT,OLDER_ADULT	all	PHASE3	117.0	Metformin	-1.56	850.0	2+every1days	168	336	285600.0	0.29000000000000004	1
PMC4726511	https://pmc.ncbi.nlm.nih.gov/articles/PMC4726511	2016	-0.6	Metformin	10	mg/kg	oral	db/db	Mice		5.0	genetic		42.0	1+every1days	28	28	NCT01076088	ADULT,OLDER_ADULT	all	PHASE3	116.0	Metformin	-1.29	500.0	2+every1days	168	336	168000.0	-0.6900000000000001	1
PMC4726511	https://pmc.ncbi.nlm.nih.gov/articles/PMC4726511	2016	-0.6	Metformin	10	mg/kg	oral	db/db	Mice		5.0	genetic		42.0	1+every1days	28	28	NCT01076088	ADULT,OLDER_ADULT	all	PHASE3	117.0	Metformin	-1.56	850.0	2+every1days	168	336	285600.0	-0.9600000000000001	1
PMC5485244	https://pmc.ncbi.nlm.nih.gov/articles/PMC5485244	2017	-0.4	Metformin	500	mg/kg	oral	C57BL/6J	Mice	male	16.0	high-fat diet		42.0	1+every1days	84	84	NCT01076088	ADULT,OLDER_ADULT	all	PHASE3	116.0	Metformin	-1.29	500.0	2+every1days	168	336	168000.0	-0.89	1
PMC5485244	https://pmc.ncbi.nlm.nih.gov/articles/PMC5485244	2017	-0.4	Metformin	500	mg/kg	oral	C57BL/6J	Mice	male	16.0	high-fat diet		42.0	1+every1days	84	84	NCT01076088	ADULT,OLDER_ADULT	all	PHASE3	117.0	Metformin	-1.56	850.0	2+every1days	168	336	285600.0	-1.1600000000000001	0
PMC3660563	https://pmc.ncbi.nlm.nih.gov/articles/PMC3660563	2013	-0.8	Sitagliptin Phosphate	1	mg/kg	oral	C57BLKS/J-db/db	Mice	male		genetic		42.0	1+every1days	42	42	NCT01076088	ADULT,OLDER_ADULT	all	PHASE3	113.0	Sitagliptin Phosphate	-0.99	100.0	1+every1days	168	168	16800.0	-0.18999999999999995	1
PMC6273299	https://pmc.ncbi.nlm.nih.gov/articles/PMC6273299	2016	-1.3	Metformin	200	mg/kg		Zucker Diabetic Fatty	Rats	male	6.0	high-fat diet		42.0	1+every1days	84	84	NCT01076088	ADULT,OLDER_ADULT	all	PHASE3	116.0	Metformin	-1.29	500.0	2+every1days	168	336	168000.0	0.010000000000000009	1
PMC6273299	https://pmc.ncbi.nlm.nih.gov/articles/PMC6273299	2016	-1.3	Metformin	200	mg/kg		Zucker Diabetic Fatty	Rats	male	6.0	high-fat diet		42.0	1+every1days	84	84	NCT01076088	ADULT,OLDER_ADULT	all	PHASE3	117.0	Metformin	-1.56	850.0	2+every1days	168	336	285600.0	-0.26	1
PMC3327803	https://pmc.ncbi.nlm.nih.gov/articles/PMC3327803	2012	0.3	Metformin	200	mg/kg	intraperitoneal	db/db	Mice	male	11.0	genetic		49.0	1+every1days	126	126	NCT01076088	ADULT,OLDER_ADULT	all	PHASE3	116.0	Metformin	-1.29	500.0	2+every1days	168	336	168000.0	-1.59	0
PMC3327803	https://pmc.ncbi.nlm.nih.gov/articles/PMC3327803	2012	0.3	Metformin	200	mg/kg	intraperitoneal	db/db	Mice	male	11.0	genetic		49.0	1+every1days	126	126	NCT01076088	ADULT,OLDER_ADULT	all	PHASE3	117.0	Metformin	-1.56	850.0	2+every1days	168	336	285600.0	-1.86	0
PMC3907559	https://pmc.ncbi.nlm.nih.gov/articles/PMC3907559	2014	-3	Metformin	200	mg/kg	oral	Zucker Diabetic Fatty	Rats	male	10.0	genetic		49.0	2+every1days	32	64	NCT01076088	ADULT,OLDER_ADULT	all	PHASE3	116.0	Metformin	-1.29	500.0	2+every1days	168	336	168000.0	1.71	0
PMC3907559	https://pmc.ncbi.nlm.nih.gov/articles/PMC3907559	2014	-3	Metformin	200	mg/kg	oral	Zucker Diabetic Fatty	Rats	male	10.0	genetic		49.0	2+every1days	32	64	NCT01076088	ADULT,OLDER_ADULT	all	PHASE3	117.0	Metformin	-1.56	850.0	2+every1days	168	336	285600.0	1.44	0
PMC7381706	https://pmc.ncbi.nlm.nih.gov/articles/PMC7381706	2020	-0.1	Metformin	250	mg/kg	oral	ob/ob	Mice	male	8.0	genetic		52.5	1+every1days	26	26	NCT01076088	ADULT,OLDER_ADULT	all	PHASE3	116.0	Metformin	-1.29	500.0	2+every1days	168	336	168000.0	-1.19	0
PMC7381706	https://pmc.ncbi.nlm.nih.gov/articles/PMC7381706	2020	-0.1	Metformin	250	mg/kg	oral	ob/ob	Mice	male	8.0	genetic		52.5	1+every1days	26	26	NCT01076088	ADULT,OLDER_ADULT	all	PHASE3	117.0	Metformin	-1.56	850.0	2+every1days	168	336	285600.0	-1.46	0
PMC10203393	https://pmc.ncbi.nlm.nih.gov/articles/PMC10203393	2023	-5.5	Metformin	0.2	g/kg	oral	Sprague-Dawley	Rats	male	8.0	high-fat diet+streptozotocin	150.0	52.5	1+every1days	70	70	NCT01076088	ADULT,OLDER_ADULT	all	PHASE3	116.0	Metformin	-1.29	500.0	2+every1days	168	336	168000.0	4.21	0
PMC10203393	https://pmc.ncbi.nlm.nih.gov/articles/PMC10203393	2023	-5.5	Metformin	0.2	g/kg	oral	Sprague-Dawley	Rats	male	8.0	high-fat diet+streptozotocin	150.0	52.5	1+every1days	70	70	NCT01076088	ADULT,OLDER_ADULT	all	PHASE3	117.0	Metformin	-1.56	850.0	2+every1days	168	336	285600.0	3.94	0
PMC10323656	https://pmc.ncbi.nlm.nih.gov/articles/PMC10323656	2023	-1.1	Metformin	200	mg/kg	oral gavage	C57BL/6	Mice	male	12.0	high-fat diet+streptozotocin	24.0	56.0	1+every1days	28	28	NCT01076088	ADULT,OLDER_ADULT	all	PHASE3	116.0	Metformin	-1.29	500.0	2+every1days	168	336	168000.0	-0.18999999999999995	1
PMC10323656	https://pmc.ncbi.nlm.nih.gov/articles/PMC10323656	2023	-1.1	Metformin	200	mg/kg	oral gavage	C57BL/6	Mice	male	12.0	high-fat diet+streptozotocin	24.0	56.0	1+every1days	28	28	NCT01076088	ADULT,OLDER_ADULT	all	PHASE3	117.0	Metformin	-1.56	850.0	2+every1days	168	336	285600.0	-0.45999999999999996	1
PMC3855476	https://pmc.ncbi.nlm.nih.gov/articles/PMC3855476	2014	-0.7	Metformin	300	mg/kg	oral	db/db	Mice	male	10.0	genetic	44.0	56.0	1+every1days	14	14	NCT01076088	ADULT,OLDER_ADULT	all	PHASE3	116.0	Metformin	-1.29	500.0	2+every1days	168	336	168000.0	-0.5900000000000001	1
PMC3855476	https://pmc.ncbi.nlm.nih.gov/articles/PMC3855476	2014	-0.7	Metformin	300	mg/kg	oral	db/db	Mice	male	10.0	genetic	44.0	56.0	1+every1days	14	14	NCT01076088	ADULT,OLDER_ADULT	all	PHASE3	117.0	Metformin	-1.56	850.0	2+every1days	168	336	285600.0	-0.8600000000000001	1
PMC4514850	https://pmc.ncbi.nlm.nih.gov/articles/PMC4514850	2015	-0.9	Sitagliptin Phosphate	100	mg/kg	oral	db/db	Mice	male	5.0	genetic		56.0	1+every1days	28	28	NCT01076088	ADULT,OLDER_ADULT	all	PHASE3	113.0	Sitagliptin Phosphate	-0.99	100.0	1+every1days	168	168	16800.0	-0.08999999999999997	1
PMC5881648	https://pmc.ncbi.nlm.nih.gov/articles/PMC5881648	2018	-3.3	Metformin	200	mg/kg	gavage	Sprague-Dawley	Rats	male	10.0	streptozotocin	200.0	56.0	1+every1days	77	77	NCT01076088	ADULT,OLDER_ADULT	all	PHASE3	116.0	Metformin	-1.29	500.0	2+every1days	168	336	168000.0	2.01	0
PMC5881648	https://pmc.ncbi.nlm.nih.gov/articles/PMC5881648	2018	-3.3	Metformin	200	mg/kg	gavage	Sprague-Dawley	Rats	male	10.0	streptozotocin	200.0	56.0	1+every1days	77	77	NCT01076088	ADULT,OLDER_ADULT	all	PHASE3	117.0	Metformin	-1.56	850.0	2+every1days	168	336	285600.0	1.7399999999999998	0
PMC4444588	https://pmc.ncbi.nlm.nih.gov/articles/PMC4444588	2015	-4	Metformin	500	mg/kg	intragastric	Sprague-Dawley	Rats	male	7.0	high-fat diet+streptozotocin	190.0	60.0	1+every1days	56	56	NCT01076088	ADULT,OLDER_ADULT	all	PHASE3	116.0	Metformin	-1.29	500.0	2+every1days	168	336	168000.0	2.71	0
PMC4444588	https://pmc.ncbi.nlm.nih.gov/articles/PMC4444588	2015	-4	Metformin	500	mg/kg	intragastric	Sprague-Dawley	Rats	male	7.0	high-fat diet+streptozotocin	190.0	60.0	1+every1days	56	56	NCT01076088	ADULT,OLDER_ADULT	all	PHASE3	117.0	Metformin	-1.56	850.0	2+every1days	168	336	285600.0	2.44	0
PMC4444588	https://pmc.ncbi.nlm.nih.gov/articles/PMC4444588	2015	-1	Metformin	150	mg/kg	intragastric	Sprague-Dawley	Rats	male	8.0	high-fat diet+streptozotocin	190.0	60.0	1+every1days	56	56	NCT01076088	ADULT,OLDER_ADULT	all	PHASE3	116.0	Metformin	-1.29	500.0	2+every1days	168	336	168000.0	-0.29000000000000004	1
PMC4444588	https://pmc.ncbi.nlm.nih.gov/articles/PMC4444588	2015	-2	Metformin	300	mg/kg	intragastric	Sprague-Dawley	Rats	male	8.0	high-fat diet+streptozotocin	190.0	60.0	1+every1days	56	56	NCT01076088	ADULT,OLDER_ADULT	all	PHASE3	116.0	Metformin	-1.29	500.0	2+every1days	168	336	168000.0	0.71	1
PMC4444588	https://pmc.ncbi.nlm.nih.gov/articles/PMC4444588	2015	-1	Metformin	150	mg/kg	intragastric	Sprague-Dawley	Rats	male	8.0	high-fat diet+streptozotocin	190.0	60.0	1+every1days	56	56	NCT01076088	ADULT,OLDER_ADULT	all	PHASE3	117.0	Metformin	-1.56	850.0	2+every1days	168	336	285600.0	-0.56	1
PMC4444588	https://pmc.ncbi.nlm.nih.gov/articles/PMC4444588	2015	-2	Metformin	300	mg/kg	intragastric	Sprague-Dawley	Rats	male	8.0	high-fat diet+streptozotocin	190.0	60.0	1+every1days	56	56	NCT01076088	ADULT,OLDER_ADULT	all	PHASE3	117.0	Metformin	-1.56	850.0	2+every1days	168	336	285600.0	0.43999999999999995	1
PMC4097088	https://pmc.ncbi.nlm.nih.gov/articles/PMC4097088	2014	-0.6	Metformin	300	mg/kg	oral	C57BL/6	Mice		8.0	high-fat diet		70.0	1+every1days	14	14	NCT01076088	ADULT,OLDER_ADULT	all	PHASE3	116.0	Metformin	-1.29	500.0	2+every1days	168	336	168000.0	-0.6900000000000001	1
PMC4097088	https://pmc.ncbi.nlm.nih.gov/articles/PMC4097088	2014	-0.6	Metformin	300	mg/kg	oral	C57BL/6	Mice		8.0	high-fat diet		70.0	1+every1days	14	14	NCT01076088	ADULT,OLDER_ADULT	all	PHASE3	117.0	Metformin	-1.56	850.0	2+every1days	168	336	285600.0	-0.9600000000000001	1
PMC9457892	https://pmc.ncbi.nlm.nih.gov/articles/PMC9457892	2022	-4.3	Metformin	150	mg/kg	oral	C57BL/6	Mice	male	8.0	streptozotocin	27.5	70.0	1+every1days	42	42	NCT01076088	ADULT,OLDER_ADULT	all	PHASE3	116.0	Metformin	-1.29	500.0	2+every1days	168	336	168000.0	3.01	0
PMC9457892	https://pmc.ncbi.nlm.nih.gov/articles/PMC9457892	2022	-4.3	Metformin	150	mg/kg	oral	C57BL/6	Mice	male	8.0	streptozotocin	27.5	70.0	1+every1days	42	42	NCT01076088	ADULT,OLDER_ADULT	all	PHASE3	117.0	Metformin	-1.56	850.0	2+every1days	168	336	285600.0	2.7399999999999998	0
PMC8745465	https://pmc.ncbi.nlm.nih.gov/articles/PMC8745465	2021	-1.51	Metformin	120	mg/kg	oral	Wistar	Rats	male	30.0	high-fat diet+streptozotocin	170.0	70.0	1+every1days	35	35	NCT01076088	ADULT,OLDER_ADULT	all	PHASE3	116.0	Metformin	-1.29	500.0	2+every1days	168	336	168000.0	0.21999999999999997	1
PMC8745465	https://pmc.ncbi.nlm.nih.gov/articles/PMC8745465	2021	-1.51	Metformin	120	mg/kg	oral	Wistar	Rats	male	30.0	high-fat diet+streptozotocin	170.0	70.0	1+every1days	35	35	NCT01076088	ADULT,OLDER_ADULT	all	PHASE3	117.0	Metformin	-1.56	850.0	2+every1days	168	336	285600.0	-0.050000000000000044	1
PMC9026493	https://pmc.ncbi.nlm.nih.gov/articles/PMC9026493	2022	-2.2	Canagliflozin	10	mg/kg	oral	Sprague-Dawley	Rats	male	6.0	high-fat diet+streptozotocin	270.0		1+every1days	28	28	NCT01081834	ADULT,OLDER_ADULT	all	PHASE3	46.0	Canagliflozin	-2.13	100.0	1+every1days	182	182	18200.0	0.07000000000000028	1
PMC9026493	https://pmc.ncbi.nlm.nih.gov/articles/PMC9026493	2022	-2.2	Canagliflozin	10	mg/kg	oral	Sprague-Dawley	Rats	male	6.0	high-fat diet+streptozotocin	270.0		1+every1days	28	28	NCT01081834	ADULT,OLDER_ADULT	all	PHASE3	43.0	Canagliflozin	-2.56	300.0	1+every1days	182	182	54600.0	-0.3599999999999999	1
PMC3280264	https://pmc.ncbi.nlm.nih.gov/articles/PMC3280264	2012	-4.4	Canagliflozin	3	mg/kg	oral	Zucker Diabetic Fatty	Rats	male		genetic			1+every1days	28	28	NCT01081834	ADULT,OLDER_ADULT	all	PHASE3	46.0	Canagliflozin	-2.13	100.0	1+every1days	182	182	18200.0	2.2700000000000005	0
PMC3280264	https://pmc.ncbi.nlm.nih.gov/articles/PMC3280264	2012	-5.9	Canagliflozin	10	mg/kg	oral	Zucker Diabetic Fatty	Rats	male		genetic			1+every1days	28	28	NCT01081834	ADULT,OLDER_ADULT	all	PHASE3	46.0	Canagliflozin	-2.13	100.0	1+every1days	182	182	18200.0	3.7700000000000005	0
PMC3280264	https://pmc.ncbi.nlm.nih.gov/articles/PMC3280264	2012	-6	Canagliflozin	30	mg/kg	oral	Zucker Diabetic Fatty	Rats	male		genetic			1+every1days	28	28	NCT01081834	ADULT,OLDER_ADULT	all	PHASE3	46.0	Canagliflozin	-2.13	100.0	1+every1days	182	182	18200.0	3.87	0
PMC3280264	https://pmc.ncbi.nlm.nih.gov/articles/PMC3280264	2012	-4.4	Canagliflozin	3	mg/kg	oral	Zucker Diabetic Fatty	Rats	male		genetic			1+every1days	28	28	NCT01081834	ADULT,OLDER_ADULT	all	PHASE3	43.0	Canagliflozin	-2.56	300.0	1+every1days	182	182	54600.0	1.8400000000000003	0
PMC3280264	https://pmc.ncbi.nlm.nih.gov/articles/PMC3280264	2012	-5.9	Canagliflozin	10	mg/kg	oral	Zucker Diabetic Fatty	Rats	male		genetic			1+every1days	28	28	NCT01081834	ADULT,OLDER_ADULT	all	PHASE3	43.0	Canagliflozin	-2.56	300.0	1+every1days	182	182	54600.0	3.3400000000000003	0
PMC3280264	https://pmc.ncbi.nlm.nih.gov/articles/PMC3280264	2012	-6	Canagliflozin	30	mg/kg	oral	Zucker Diabetic Fatty	Rats	male		genetic			1+every1days	28	28	NCT01081834	ADULT,OLDER_ADULT	all	PHASE3	43.0	Canagliflozin	-2.56	300.0	1+every1days	182	182	54600.0	3.44	0
PMC4304810	https://pmc.ncbi.nlm.nih.gov/articles/PMC4304810	2015	-4.3	Canagliflozin	10	mg/kg	oral	Zucker Diabetic Fatty	Rats	male		genetic		49.0	1+every1days	42	42	NCT01081834	ADULT,OLDER_ADULT	all	PHASE3	46.0	Canagliflozin	-2.13	100.0	1+every1days	182	182	18200.0	2.17	0
PMC4304810	https://pmc.ncbi.nlm.nih.gov/articles/PMC4304810	2015	-4.3	Canagliflozin	10	mg/kg	oral	Zucker Diabetic Fatty	Rats	male		genetic		49.0	1+every1days	42	42	NCT01081834	ADULT,OLDER_ADULT	all	PHASE3	43.0	Canagliflozin	-2.56	300.0	1+every1days	182	182	54600.0	1.7399999999999998	0
PMC7852344	https://pmc.ncbi.nlm.nih.gov/articles/PMC7852344	2020	-2.6	Canagliflozin	20	mg/kg	oral	TALLYHO/JngJ	Mice	male	52.0	genetic		63.0	1+every1days	70	70	NCT01081834	ADULT,OLDER_ADULT	all	PHASE3	46.0	Canagliflozin	-2.13	100.0	1+every1days	182	182	18200.0	0.4700000000000002	1
PMC7852344	https://pmc.ncbi.nlm.nih.gov/articles/PMC7852344	2020	-2.6	Canagliflozin	20	mg/kg	oral	TALLYHO/JngJ	Mice	male	52.0	genetic		63.0	1+every1days	70	70	NCT01081834	ADULT,OLDER_ADULT	all	PHASE3	43.0	Canagliflozin	-2.56	300.0	1+every1days	182	182	54600.0	0.040000000000000036	1
PMC5489512	https://pmc.ncbi.nlm.nih.gov/articles/PMC5489512	2017	-0.3	Linagliptin	2	mg/kg	oral	KK-Ay	Mice	female	10.0	genetic	50.0		1+every1days	42	42	NCT01084005	OLDER_ADULT	all	PHASE3	160.0	Linagliptin	-0.61	5.0	1+every1days	168	168	840.0	-0.31	1
PMC6701666	https://pmc.ncbi.nlm.nih.gov/articles/PMC6701666	2019	0	Linagliptin	3	mg/kg	oral	db/db	Mice	female	12.0	genetic		38.5	1+every1days	42	42	NCT01084005	OLDER_ADULT	all	PHASE3	160.0	Linagliptin	-0.61	5.0	1+every1days	168	168	840.0	-0.61	1
PMC5152931	https://pmc.ncbi.nlm.nih.gov/articles/PMC5152931	2016	-2	Linagliptin	0.083	mg/kg	oral	Wistar	Rats	male	22.0	streptozotocin		42.0		168		NCT01084005	OLDER_ADULT	all	PHASE3	160.0	Linagliptin	-0.61	5.0	1+every1days	168	168	840.0	1.3900000000000001	0
PMC5489512	https://pmc.ncbi.nlm.nih.gov/articles/PMC5489512	2017	-0.3	Linagliptin	2	mg/kg	oral	KK-Ay	Mice	female	10.0	genetic	50.0		1+every1days	42	42	NCT01087502	ADULT,OLDER_ADULT	all	PHASE3	113.0	Linagliptin	-0.4	5.0	1+every1days	364	364	1820.0	-0.10000000000000003	1
PMC5489512	https://pmc.ncbi.nlm.nih.gov/articles/PMC5489512	2017	-0.3	Linagliptin	2	mg/kg	oral	KK-Ay	Mice	female	10.0	genetic	50.0		1+every1days	42	42	NCT01087502	ADULT,OLDER_ADULT	all	PHASE3	113.0	Linagliptin	-0.53	5.0	1+every1days	84	84	420.0	-0.23000000000000004	1
PMC6701666	https://pmc.ncbi.nlm.nih.gov/articles/PMC6701666	2019	0	Linagliptin	3	mg/kg	oral	db/db	Mice	female	12.0	genetic		38.5	1+every1days	42	42	NCT01087502	ADULT,OLDER_ADULT	all	PHASE3	113.0	Linagliptin	-0.4	5.0	1+every1days	364	364	1820.0	-0.4	1
PMC6701666	https://pmc.ncbi.nlm.nih.gov/articles/PMC6701666	2019	0	Linagliptin	3	mg/kg	oral	db/db	Mice	female	12.0	genetic		38.5	1+every1days	42	42	NCT01087502	ADULT,OLDER_ADULT	all	PHASE3	113.0	Linagliptin	-0.53	5.0	1+every1days	84	84	420.0	-0.53	1
PMC5152931	https://pmc.ncbi.nlm.nih.gov/articles/PMC5152931	2016	-2	Linagliptin	0.083	mg/kg	oral	Wistar	Rats	male	22.0	streptozotocin		42.0		168		NCT01087502	ADULT,OLDER_ADULT	all	PHASE3	113.0	Linagliptin	-0.4	5.0	1+every1days	364	364	1820.0	1.6	0
PMC5152931	https://pmc.ncbi.nlm.nih.gov/articles/PMC5152931	2016	-2	Linagliptin	0.083	mg/kg	oral	Wistar	Rats	male	22.0	streptozotocin		42.0		168		NCT01087502	ADULT,OLDER_ADULT	all	PHASE3	113.0	Linagliptin	-0.53	5.0	1+every1days	84	84	420.0	1.47	0
PMC5663708	https://pmc.ncbi.nlm.nih.gov/articles/PMC5663708	2017	-2.2	Pioglitazone	36	mg/kg	oral	Wistar	Rats	male	6.0	streptozotocin+nicotinamide	180.0		1+every1days	15	15	NCT01103414	ADULT,OLDER_ADULT	all	PHASE2	55.0	Pioglitazone	-0.69	45.0	1+every1days	84	84	3780.0	1.5100000000000002	0
PMC4743348	https://pmc.ncbi.nlm.nih.gov/articles/PMC4743348	2015	-5.15	Pioglitazone	20	mg/kg	oral	Wistar	Rats	male	8.0	high-fat diet+streptozotocin	175.0		1+every1days	21	21	NCT01103414	ADULT,OLDER_ADULT	all	PHASE2	55.0	Pioglitazone	-0.69	45.0	1+every1days	84	84	3780.0	4.460000000000001	0
PMC4743348	https://pmc.ncbi.nlm.nih.gov/articles/PMC4743348	2015	-4.3	Pioglitazone	20	mg/kg	oral	Wistar	Rats	male	8.0	streptozotocin	175.0		1+every1days	21	21	NCT01103414	ADULT,OLDER_ADULT	all	PHASE2	55.0	Pioglitazone	-0.69	45.0	1+every1days	84	84	3780.0	3.61	0
PMC6540170	https://pmc.ncbi.nlm.nih.gov/articles/PMC6540170	Not Found	-4.1	Pioglitazone	0.01	% (w/w)	oral	C57BLKS/J-db/db	Mice	male	10.0	genetic		28.0	1+every1days	35	35	NCT01103414	ADULT,OLDER_ADULT	all	PHASE2	55.0	Pioglitazone	-0.69	45.0	1+every1days	84	84	3780.0	3.4099999999999997	0
PMC6883099	https://pmc.ncbi.nlm.nih.gov/articles/PMC6883099	2019	-0.08	Pioglitazone	3	mg/kg	oral	KK-Ay	Mice	male	6.0	high-fat diet		49.0	1+every1days	28	28	NCT01103414	ADULT,OLDER_ADULT	all	PHASE2	55.0	Pioglitazone	-0.69	45.0	1+every1days	84	84	3780.0	-0.61	1
PMC6883099	https://pmc.ncbi.nlm.nih.gov/articles/PMC6883099	2019	-1.83	Pioglitazone	10	mg/kg	oral	KK-Ay	Mice	male	6.0	high-fat diet		49.0	1+every1days	28	28	NCT01103414	ADULT,OLDER_ADULT	all	PHASE2	55.0	Pioglitazone	-0.69	45.0	1+every1days	84	84	3780.0	1.1400000000000001	0
PMC6883099	https://pmc.ncbi.nlm.nih.gov/articles/PMC6883099	2019	-2.51	Pioglitazone	30	mg/kg	oral	KK-Ay	Mice	male	6.0	high-fat diet		49.0	1+every1days	28	28	NCT01103414	ADULT,OLDER_ADULT	all	PHASE2	55.0	Pioglitazone	-0.69	45.0	1+every1days	84	84	3780.0	1.8199999999999998	0
PMC4304810	https://pmc.ncbi.nlm.nih.gov/articles/PMC4304810	2015	-4.6	Pioglitazone	10	mg/kg	oral	Zucker Diabetic Fatty	Rats	male		genetic		49.0	1+every1days	42	42	NCT01103414	ADULT,OLDER_ADULT	all	PHASE2	55.0	Pioglitazone	-0.69	45.0	1+every1days	84	84	3780.0	3.9099999999999997	0
PMC3907559	https://pmc.ncbi.nlm.nih.gov/articles/PMC3907559	2014	-4	Pioglitazone	30	mg/kg	oral	Zucker Diabetic Fatty	Rats	male	10.0	genetic		49.0	2+every1days	32	64	NCT01103414	ADULT,OLDER_ADULT	all	PHASE2	55.0	Pioglitazone	-0.69	45.0	1+every1days	84	84	3780.0	3.31	0
PMC5207690	https://pmc.ncbi.nlm.nih.gov/articles/PMC5207690	2017	-0.95	Pioglitazone	4.5	mg/kg	oral	KK-Ay	Mice	male	10.0	high-fat diet		56.0	1+every1days	70	70	NCT01103414	ADULT,OLDER_ADULT	all	PHASE2	55.0	Pioglitazone	-0.69	45.0	1+every1days	84	84	3780.0	0.26	1
PMC5360432	https://pmc.ncbi.nlm.nih.gov/articles/PMC5360432	2017	-1.6	Pioglitazone	10	mg/kg	oral	ob/ob	Mice	male	7.0	genetic		56.0	2+every1days	28	56	NCT01103414	ADULT,OLDER_ADULT	all	PHASE2	55.0	Pioglitazone	-0.69	45.0	1+every1days	84	84	3780.0	0.9100000000000001	1
PMC4457365	https://pmc.ncbi.nlm.nih.gov/articles/PMC4457365	2014	-2.2	Pioglitazone	2.5	mg/kg	oral	UCD-T2DM	Rats	male	32.0	genetic		60.0	1+every1days	365	365	NCT01103414	ADULT,OLDER_ADULT	all	PHASE2	55.0	Pioglitazone	-0.69	45.0	1+every1days	84	84	3780.0	1.5100000000000002	0
PMC4880722	https://pmc.ncbi.nlm.nih.gov/articles/PMC4880722	2016	-3.2	Pioglitazone	30	mg/kg	oral	Zucker Diabetic Fatty	Rats	male	8.0	genetic		70.0	1+every1days	42	42	NCT01103414	ADULT,OLDER_ADULT	all	PHASE2	55.0	Pioglitazone	-0.69	45.0	1+every1days	84	84	3780.0	2.5100000000000002	0
PMC4791042	https://pmc.ncbi.nlm.nih.gov/articles/PMC4791042	2015	-4.5	Pioglitazone	32.19	mg/kg	oral	Zucker Diabetic Fatty	Rats	male	9.0	genetic		80.5	1+every1days	49	49	NCT01103414	ADULT,OLDER_ADULT	all	PHASE2	55.0	Pioglitazone	-0.69	45.0	1+every1days	84	84	3780.0	3.81	0
PMC9112483	https://pmc.ncbi.nlm.nih.gov/articles/PMC9112483	2022	-0.2	Saxagliptin	10	mg/kg	intragastric	Zucker Diabetic Fatty	Rats	male	7.0	genetic		77.0	1+every1days	140	140	NCT01128153	ADULT,OLDER_ADULT	all	PHASE3	127.0	Saxagliptin	-0.74	5.0	1+every1days	168	168	840.0	-0.54	1
PMC9374709	https://pmc.ncbi.nlm.nih.gov/articles/PMC9374709	2022	-1.34	Liraglutide	0.4	mg/kg	subcutaneous	C57BL/6NRj	Mice	male	23.0	high-fat diet	35.0	112.0	1+every1days	28	28	NCT01128894	ADULT,OLDER_ADULT		PHASE3	403.0	Liraglutide	-1	1.8	1+every1days	182	182	327.6	0.3400000000000001	1
PMC9374709	https://pmc.ncbi.nlm.nih.gov/articles/PMC9374709	2022	-11.69	Liraglutide	0.4	mg/kg	subcutaneous	C57BL/6NTac	Mice	male	16.0	high-fat diet	35.0	112.0	1+every1days	28	28	NCT01128894	ADULT,OLDER_ADULT		PHASE3	403.0	Liraglutide	-1	1.8	1+every1days	182	182	327.6	10.69	0
PMC6412877	https://pmc.ncbi.nlm.nih.gov/articles/PMC6412877	2019	-0.5	Liraglutide	25	nmol/kg	subcutaneous		Mice	male		high-fat diet		49.0	1+every1days	28	28	NCT01128894	ADULT,OLDER_ADULT		PHASE3	403.0	Liraglutide	-1	1.8	1+every1days	182	182	327.6	-0.5	1
PMC9072222	https://pmc.ncbi.nlm.nih.gov/articles/PMC9072222	2019	-1.4	Liraglutide	0.1	mg/kg	subcutaneous	db/db	Mice	male	40.0	genetic		49.0	1+every1days	56	56	NCT01128894	ADULT,OLDER_ADULT		PHASE3	403.0	Liraglutide	-1	1.8	1+every1days	182	182	327.6	0.3999999999999999	1
PMC9112483	https://pmc.ncbi.nlm.nih.gov/articles/PMC9112483	2022	-1.4	Liraglutide	200	μg/kg	subcutaneous	Zucker Diabetic Fatty	Rats	male	7.0	genetic		77.0	2+every1days	140	280	NCT01128894	ADULT,OLDER_ADULT		PHASE3	403.0	Liraglutide	-1	1.8	1+every1days	182	182	327.6	0.3999999999999999	1
PMC9143250	https://pmc.ncbi.nlm.nih.gov/articles/PMC9143250	2022	-8.5	Dapagliflozin	1	mg/kg	oral	Wistar	Rats	both	6.0	high-fat diet+streptozotocin	215.0		1+every1days	28	28	NCT01137474	ADULT,OLDER_ADULT		PHASE3	278.0	Dapagliflozin	-0.56	10.0	1+every1days	84	84	840.0	7.9399999999999995	0
PMC10308685	https://pmc.ncbi.nlm.nih.gov/articles/PMC10308685	2023	-5.4	Dapagliflozin	1	mg/kg	oral	Zucker Diabetic Fatty	Rats	male	8.0	genetic		112.0	1+every1days	84	84	NCT01137474	ADULT,OLDER_ADULT		PHASE3	278.0	Dapagliflozin	-0.56	10.0	1+every1days	84	84	840.0	4.84	0
PMC4237538	https://pmc.ncbi.nlm.nih.gov/articles/PMC4237538	2013	-1.4	Dapagliflozin	1	mg/kg	oral	ob/ob	Mice	male		genetic	43.0	56.0	1+every1days	28	28	NCT01137474	ADULT,OLDER_ADULT		PHASE3	278.0	Dapagliflozin	-0.56	10.0	1+every1days	84	84	840.0	0.8399999999999999	1
PMC6856656	https://pmc.ncbi.nlm.nih.gov/articles/PMC6856656	2019	-2.9	Dapagliflozin	1.0	mg/kg	oral	Zucker Diabetic Fatty	Rats	male	8.0	high-fat diet		84.0	1+every1days	63	63	NCT01137474	ADULT,OLDER_ADULT		PHASE3	278.0	Dapagliflozin	-0.56	10.0	1+every1days	84	84	840.0	2.34	0
PMC5089752	https://pmc.ncbi.nlm.nih.gov/articles/PMC5089752	2016	-2.04	Dapagliflozin	1.0	mg/kg	oral	Otsuka Long-Evans Tokushima Fatty	Rats	male	10.0	genetic		98.0	1+every1days	84	84	NCT01137474	ADULT,OLDER_ADULT		PHASE3	278.0	Dapagliflozin	-0.56	10.0	1+every1days	84	84	840.0	1.48	0
PMC8953658	https://pmc.ncbi.nlm.nih.gov/articles/PMC8953658	2022	-3	Dapagliflozin	1	mg/kg	oral gavage	Zucker Diabetic Fatty	Rats	male	7.0	genetic		98.0	1+every1days	28	28	NCT01137474	ADULT,OLDER_ADULT		PHASE3	278.0	Dapagliflozin	-0.56	10.0	1+every1days	84	84	840.0	2.44	0
PMC7092631	https://pmc.ncbi.nlm.nih.gov/articles/PMC7092631	2020	-0.18	Empagliflozin	10	mg/kg	intragastric	Wistar	Rats	male	10.0	high-fat diet+streptozotocin	200.0		1+every1days	28	28	NCT01177813	ADULT,OLDER_ADULT	all	PHASE3	224.0	Empagliflozin	-0.66	10.0	1+every1days	168	168	1680.0	-0.48000000000000004	1
PMC7092631	https://pmc.ncbi.nlm.nih.gov/articles/PMC7092631	2020	-0.18	Empagliflozin	10	mg/kg	intragastric	Wistar	Rats	male	10.0	high-fat diet+streptozotocin	200.0		1+every1days	28	28	NCT01177813	ADULT,OLDER_ADULT	all	PHASE3	224.0	Empagliflozin	-0.77	25.0	1+every1days	168	168	4200.0	-0.5900000000000001	1
PMC7092631	https://pmc.ncbi.nlm.nih.gov/articles/PMC7092631	2020	-0.18	Empagliflozin	10	mg/kg	intragastric	Wistar	Rats	male	10.0	high-fat diet+streptozotocin	200.0		1+every1days	28	28	NCT01177813	ADULT,OLDER_ADULT	all	PHASE3	87.0	Empagliflozin	-3.1	25.0	1+every1days	168	168	4200.0	-2.92	0
PMC5491464	https://pmc.ncbi.nlm.nih.gov/articles/PMC5491464	2017	-4.3	Empagliflozin	10	mg/kg	oral	Zucker Diabetic Fatty	Rats			genetic		112.0	1+every1days	42	42	NCT01177813	ADULT,OLDER_ADULT	all	PHASE3	224.0	Empagliflozin	-0.66	10.0	1+every1days	168	168	1680.0	3.6399999999999997	0
PMC5491464	https://pmc.ncbi.nlm.nih.gov/articles/PMC5491464	2017	-5	Empagliflozin	30	mg/kg	oral	Zucker Diabetic Fatty	Rats			genetic		112.0	1+every1days	42	42	NCT01177813	ADULT,OLDER_ADULT	all	PHASE3	224.0	Empagliflozin	-0.66	10.0	1+every1days	168	168	1680.0	4.34	0
PMC5491464	https://pmc.ncbi.nlm.nih.gov/articles/PMC5491464	2017	-4.3	Empagliflozin	10	mg/kg	oral	Zucker Diabetic Fatty	Rats			genetic		112.0	1+every1days	42	42	NCT01177813	ADULT,OLDER_ADULT	all	PHASE3	224.0	Empagliflozin	-0.77	25.0	1+every1days	168	168	4200.0	3.53	0
PMC5491464	https://pmc.ncbi.nlm.nih.gov/articles/PMC5491464	2017	-5	Empagliflozin	30	mg/kg	oral	Zucker Diabetic Fatty	Rats			genetic		112.0	1+every1days	42	42	NCT01177813	ADULT,OLDER_ADULT	all	PHASE3	224.0	Empagliflozin	-0.77	25.0	1+every1days	168	168	4200.0	4.23	0
PMC5491464	https://pmc.ncbi.nlm.nih.gov/articles/PMC5491464	2017	-4.3	Empagliflozin	10	mg/kg	oral	Zucker Diabetic Fatty	Rats			genetic		112.0	1+every1days	42	42	NCT01177813	ADULT,OLDER_ADULT	all	PHASE3	87.0	Empagliflozin	-3.1	25.0	1+every1days	168	168	4200.0	1.1999999999999997	0
PMC5491464	https://pmc.ncbi.nlm.nih.gov/articles/PMC5491464	2017	-5	Empagliflozin	30	mg/kg	oral	Zucker Diabetic Fatty	Rats			genetic		112.0	1+every1days	42	42	NCT01177813	ADULT,OLDER_ADULT	all	PHASE3	87.0	Empagliflozin	-3.1	25.0	1+every1days	168	168	4200.0	1.9	0
PMC4000968	https://pmc.ncbi.nlm.nih.gov/articles/PMC4000968	2014	-1.21	Sitagliptin Phosphate	10	mg/kg	oral	Zucker Diabetic Fatty	Rats		7.0	genetic		140.0	1+every1days	42	42	NCT01177813	ADULT,OLDER_ADULT	all	PHASE3	223.0	Sitagliptin Phosphate	-0.65	100.0	1+every1days	168	168	16800.0	0.5599999999999999	1
PMC3998187	https://pmc.ncbi.nlm.nih.gov/articles/PMC3998187	2014	-2	Sitagliptin Phosphate	10	mg/kg	oral	Zucker Diabetic Fatty	Rats	male	5.0	genetic		140.0	1+every1days	42	42	NCT01177813	ADULT,OLDER_ADULT	all	PHASE3	223.0	Sitagliptin Phosphate	-0.65	100.0	1+every1days	168	168	16800.0	1.35	0
PMC2905949	https://pmc.ncbi.nlm.nih.gov/articles/PMC2905949	2010	-0.01	Sitagliptin Phosphate	10	mg/kg	oral	Zucker Diabetic Fatty	Rats	male	8.0	genetic		140.0	1+every1days	42	42	NCT01177813	ADULT,OLDER_ADULT	all	PHASE3	223.0	Sitagliptin Phosphate	-0.65	100.0	1+every1days	168	168	16800.0	-0.64	1
PMC3235777	https://pmc.ncbi.nlm.nih.gov/articles/PMC3235777	2011	-1.78	Sitagliptin Phosphate	10	mg/kg	oral	Zucker Diabetic Fatty	Rats	male	8.0	genetic		140.0	1+every1days	42	42	NCT01177813	ADULT,OLDER_ADULT	all	PHASE3	223.0	Sitagliptin Phosphate	-0.65	100.0	1+every1days	168	168	16800.0	1.13	0
PMC4514850	https://pmc.ncbi.nlm.nih.gov/articles/PMC4514850	2015	-1.3	Sitagliptin Phosphate	100	mg/kg	oral	ICR	Mice	male	8.0	high-fat diet+streptozotocin		35.0	1+every1days	56	56	NCT01177813	ADULT,OLDER_ADULT	all	PHASE3	223.0	Sitagliptin Phosphate	-0.65	100.0	1+every1days	168	168	16800.0	0.65	1
PMC3660563	https://pmc.ncbi.nlm.nih.gov/articles/PMC3660563	2013	-0.8	Sitagliptin Phosphate	1	mg/kg	oral	C57BLKS/J-db/db	Mice	male		genetic		42.0	1+every1days	42	42	NCT01177813	ADULT,OLDER_ADULT	all	PHASE3	223.0	Sitagliptin Phosphate	-0.65	100.0	1+every1days	168	168	16800.0	0.15000000000000002	1
PMC6359811	https://pmc.ncbi.nlm.nih.gov/articles/PMC6359811	2019	-5	Empagliflozin	10	mg/kg	oral	KK-Ay	Mice		15.0	high-fat diet		56.0	1+every1days	70	70	NCT01177813	ADULT,OLDER_ADULT	all	PHASE3	224.0	Empagliflozin	-0.66	10.0	1+every1days	168	168	1680.0	4.34	0
PMC6359811	https://pmc.ncbi.nlm.nih.gov/articles/PMC6359811	2019	-5	Empagliflozin	10	mg/kg	oral	KK-Ay	Mice		15.0	high-fat diet		56.0	1+every1days	70	70	NCT01177813	ADULT,OLDER_ADULT	all	PHASE3	224.0	Empagliflozin	-0.77	25.0	1+every1days	168	168	4200.0	4.23	0
PMC6359811	https://pmc.ncbi.nlm.nih.gov/articles/PMC6359811	2019	-5	Empagliflozin	10	mg/kg	oral	KK-Ay	Mice		15.0	high-fat diet		56.0	1+every1days	70	70	NCT01177813	ADULT,OLDER_ADULT	all	PHASE3	87.0	Empagliflozin	-3.1	25.0	1+every1days	168	168	4200.0	1.9	0
PMC4514850	https://pmc.ncbi.nlm.nih.gov/articles/PMC4514850	2015	-0.9	Sitagliptin Phosphate	100	mg/kg	oral	db/db	Mice	male	5.0	genetic		56.0	1+every1days	28	28	NCT01177813	ADULT,OLDER_ADULT	all	PHASE3	223.0	Sitagliptin Phosphate	-0.65	100.0	1+every1days	168	168	16800.0	0.25	1
PMC6681671	https://pmc.ncbi.nlm.nih.gov/articles/PMC6681671	2017	-1.4	Empagliflozin	10	mg/kg	oral	ob/ob	Mice	male	12.5	genetic		77.0	1+every1days	42	42	NCT01177813	ADULT,OLDER_ADULT	all	PHASE3	224.0	Empagliflozin	-0.66	10.0	1+every1days	168	168	1680.0	0.7399999999999999	1
PMC6681671	https://pmc.ncbi.nlm.nih.gov/articles/PMC6681671	2017	-1.4	Empagliflozin	10	mg/kg	oral	ob/ob	Mice	male	12.5	genetic		77.0	1+every1days	42	42	NCT01177813	ADULT,OLDER_ADULT	all	PHASE3	224.0	Empagliflozin	-0.77	25.0	1+every1days	168	168	4200.0	0.6299999999999999	1
PMC6681671	https://pmc.ncbi.nlm.nih.gov/articles/PMC6681671	2017	-1.4	Empagliflozin	10	mg/kg	oral	ob/ob	Mice	male	12.5	genetic		77.0	1+every1days	42	42	NCT01177813	ADULT,OLDER_ADULT	all	PHASE3	87.0	Empagliflozin	-3.1	25.0	1+every1days	168	168	4200.0	-1.7000000000000002	0
PMC5489512	https://pmc.ncbi.nlm.nih.gov/articles/PMC5489512	2017	-0.3	Linagliptin	2	mg/kg	oral	KK-Ay	Mice	female	10.0	genetic	50.0		1+every1days	42	42	NCT01183013	ADULT,OLDER_ADULT	all	PHASE3	130.0	Linagliptin	-0.37	5.0	1+every1days	210	210	1050.0	-0.07	1
PMC5489512	https://pmc.ncbi.nlm.nih.gov/articles/PMC5489512	2017	-0.3	Linagliptin	2	mg/kg	oral	KK-Ay	Mice	female	10.0	genetic	50.0		1+every1days	42	42	NCT01183013	ADULT,OLDER_ADULT	all	PHASE3	130.0	Linagliptin	-0.39	5.0	1+every1days	210	210	1050.0	-0.09000000000000002	1
PMC5663708	https://pmc.ncbi.nlm.nih.gov/articles/PMC5663708	2017	-2.2	Pioglitazone	36	mg/kg	oral	Wistar	Rats	male	6.0	streptozotocin+nicotinamide	180.0		1+every1days	15	15	NCT01183013	ADULT,OLDER_ADULT	all	PHASE3	124.0	Pioglitazone	-0.66	15.0	1+every1days	210	210	3150.0	1.54	0
PMC5663708	https://pmc.ncbi.nlm.nih.gov/articles/PMC5663708	2017	-2.2	Pioglitazone	36	mg/kg	oral	Wistar	Rats	male	6.0	streptozotocin+nicotinamide	180.0		1+every1days	15	15	NCT01183013	ADULT,OLDER_ADULT	all	PHASE3	134.0	Pioglitazone	-0.69	30.0	1+every1days	210	210	6300.0	1.5100000000000002	0
PMC5663708	https://pmc.ncbi.nlm.nih.gov/articles/PMC5663708	2017	-2.2	Pioglitazone	36	mg/kg	oral	Wistar	Rats	male	6.0	streptozotocin+nicotinamide	180.0		1+every1days	15	15	NCT01183013	ADULT,OLDER_ADULT	all	PHASE3	134.0	Pioglitazone	-0.73	30.0	1+every1days	210	210	6300.0	1.4700000000000002	0
PMC5663708	https://pmc.ncbi.nlm.nih.gov/articles/PMC5663708	2017	-2.2	Pioglitazone	36	mg/kg	oral	Wistar	Rats	male	6.0	streptozotocin+nicotinamide	180.0		1+every1days	15	15	NCT01183013	ADULT,OLDER_ADULT	all	PHASE3	124.0	Pioglitazone	-0.77	15.0	1+every1days	210	210	3150.0	1.4300000000000002	0
PMC4743348	https://pmc.ncbi.nlm.nih.gov/articles/PMC4743348	2015	-5.15	Pioglitazone	20	mg/kg	oral	Wistar	Rats	male	8.0	high-fat diet+streptozotocin	175.0		1+every1days	21	21	NCT01183013	ADULT,OLDER_ADULT	all	PHASE3	124.0	Pioglitazone	-0.66	15.0	1+every1days	210	210	3150.0	4.49	0
PMC4743348	https://pmc.ncbi.nlm.nih.gov/articles/PMC4743348	2015	-4.3	Pioglitazone	20	mg/kg	oral	Wistar	Rats	male	8.0	streptozotocin	175.0		1+every1days	21	21	NCT01183013	ADULT,OLDER_ADULT	all	PHASE3	124.0	Pioglitazone	-0.66	15.0	1+every1days	210	210	3150.0	3.6399999999999997	0
PMC4743348	https://pmc.ncbi.nlm.nih.gov/articles/PMC4743348	2015	-5.15	Pioglitazone	20	mg/kg	oral	Wistar	Rats	male	8.0	high-fat diet+streptozotocin	175.0		1+every1days	21	21	NCT01183013	ADULT,OLDER_ADULT	all	PHASE3	134.0	Pioglitazone	-0.69	30.0	1+every1days	210	210	6300.0	4.460000000000001	0
PMC4743348	https://pmc.ncbi.nlm.nih.gov/articles/PMC4743348	2015	-4.3	Pioglitazone	20	mg/kg	oral	Wistar	Rats	male	8.0	streptozotocin	175.0		1+every1days	21	21	NCT01183013	ADULT,OLDER_ADULT	all	PHASE3	134.0	Pioglitazone	-0.69	30.0	1+every1days	210	210	6300.0	3.61	0
PMC4743348	https://pmc.ncbi.nlm.nih.gov/articles/PMC4743348	2015	-5.15	Pioglitazone	20	mg/kg	oral	Wistar	Rats	male	8.0	high-fat diet+streptozotocin	175.0		1+every1days	21	21	NCT01183013	ADULT,OLDER_ADULT	all	PHASE3	134.0	Pioglitazone	-0.73	30.0	1+every1days	210	210	6300.0	4.42	0
PMC4743348	https://pmc.ncbi.nlm.nih.gov/articles/PMC4743348	2015	-4.3	Pioglitazone	20	mg/kg	oral	Wistar	Rats	male	8.0	streptozotocin	175.0		1+every1days	21	21	NCT01183013	ADULT,OLDER_ADULT	all	PHASE3	134.0	Pioglitazone	-0.73	30.0	1+every1days	210	210	6300.0	3.57	0
PMC4743348	https://pmc.ncbi.nlm.nih.gov/articles/PMC4743348	2015	-5.15	Pioglitazone	20	mg/kg	oral	Wistar	Rats	male	8.0	high-fat diet+streptozotocin	175.0		1+every1days	21	21	NCT01183013	ADULT,OLDER_ADULT	all	PHASE3	124.0	Pioglitazone	-0.77	15.0	1+every1days	210	210	3150.0	4.380000000000001	0
PMC4743348	https://pmc.ncbi.nlm.nih.gov/articles/PMC4743348	2015	-4.3	Pioglitazone	20	mg/kg	oral	Wistar	Rats	male	8.0	streptozotocin	175.0		1+every1days	21	21	NCT01183013	ADULT,OLDER_ADULT	all	PHASE3	124.0	Pioglitazone	-0.77	15.0	1+every1days	210	210	3150.0	3.53	0
PMC6540170	https://pmc.ncbi.nlm.nih.gov/articles/PMC6540170	Not Found	-4.1	Pioglitazone	0.01	% (w/w)	oral	C57BLKS/J-db/db	Mice	male	10.0	genetic		28.0	1+every1days	35	35	NCT01183013	ADULT,OLDER_ADULT	all	PHASE3	124.0	Pioglitazone	-0.66	15.0	1+every1days	210	210	3150.0	3.4399999999999995	0
PMC6540170	https://pmc.ncbi.nlm.nih.gov/articles/PMC6540170	Not Found	-4.1	Pioglitazone	0.01	% (w/w)	oral	C57BLKS/J-db/db	Mice	male	10.0	genetic		28.0	1+every1days	35	35	NCT01183013	ADULT,OLDER_ADULT	all	PHASE3	134.0	Pioglitazone	-0.69	30.0	1+every1days	210	210	6300.0	3.4099999999999997	0
PMC6540170	https://pmc.ncbi.nlm.nih.gov/articles/PMC6540170	Not Found	-4.1	Pioglitazone	0.01	% (w/w)	oral	C57BLKS/J-db/db	Mice	male	10.0	genetic		28.0	1+every1days	35	35	NCT01183013	ADULT,OLDER_ADULT	all	PHASE3	134.0	Pioglitazone	-0.73	30.0	1+every1days	210	210	6300.0	3.3699999999999997	0
PMC6540170	https://pmc.ncbi.nlm.nih.gov/articles/PMC6540170	Not Found	-4.1	Pioglitazone	0.01	% (w/w)	oral	C57BLKS/J-db/db	Mice	male	10.0	genetic		28.0	1+every1days	35	35	NCT01183013	ADULT,OLDER_ADULT	all	PHASE3	124.0	Pioglitazone	-0.77	15.0	1+every1days	210	210	3150.0	3.3299999999999996	0
PMC6701666	https://pmc.ncbi.nlm.nih.gov/articles/PMC6701666	2019	0	Linagliptin	3	mg/kg	oral	db/db	Mice	female	12.0	genetic		38.5	1+every1days	42	42	NCT01183013	ADULT,OLDER_ADULT	all	PHASE3	130.0	Linagliptin	-0.37	5.0	1+every1days	210	210	1050.0	-0.37	1
PMC6701666	https://pmc.ncbi.nlm.nih.gov/articles/PMC6701666	2019	0	Linagliptin	3	mg/kg	oral	db/db	Mice	female	12.0	genetic		38.5	1+every1days	42	42	NCT01183013	ADULT,OLDER_ADULT	all	PHASE3	130.0	Linagliptin	-0.39	5.0	1+every1days	210	210	1050.0	-0.39	1
PMC5152931	https://pmc.ncbi.nlm.nih.gov/articles/PMC5152931	2016	-2	Linagliptin	0.083	mg/kg	oral	Wistar	Rats	male	22.0	streptozotocin		42.0		168		NCT01183013	ADULT,OLDER_ADULT	all	PHASE3	130.0	Linagliptin	-0.37	5.0	1+every1days	210	210	1050.0	1.63	0
PMC5152931	https://pmc.ncbi.nlm.nih.gov/articles/PMC5152931	2016	-2	Linagliptin	0.083	mg/kg	oral	Wistar	Rats	male	22.0	streptozotocin		42.0		168		NCT01183013	ADULT,OLDER_ADULT	all	PHASE3	130.0	Linagliptin	-0.39	5.0	1+every1days	210	210	1050.0	1.6099999999999999	0
PMC6883099	https://pmc.ncbi.nlm.nih.gov/articles/PMC6883099	2019	-0.08	Pioglitazone	3	mg/kg	oral	KK-Ay	Mice	male	6.0	high-fat diet		49.0	1+every1days	28	28	NCT01183013	ADULT,OLDER_ADULT	all	PHASE3	124.0	Pioglitazone	-0.66	15.0	1+every1days	210	210	3150.0	-0.5800000000000001	1
PMC6883099	https://pmc.ncbi.nlm.nih.gov/articles/PMC6883099	2019	-1.83	Pioglitazone	10	mg/kg	oral	KK-Ay	Mice	male	6.0	high-fat diet		49.0	1+every1days	28	28	NCT01183013	ADULT,OLDER_ADULT	all	PHASE3	124.0	Pioglitazone	-0.66	15.0	1+every1days	210	210	3150.0	1.17	0
PMC6883099	https://pmc.ncbi.nlm.nih.gov/articles/PMC6883099	2019	-2.51	Pioglitazone	30	mg/kg	oral	KK-Ay	Mice	male	6.0	high-fat diet		49.0	1+every1days	28	28	NCT01183013	ADULT,OLDER_ADULT	all	PHASE3	124.0	Pioglitazone	-0.66	15.0	1+every1days	210	210	3150.0	1.8499999999999996	0
PMC6883099	https://pmc.ncbi.nlm.nih.gov/articles/PMC6883099	2019	-0.08	Pioglitazone	3	mg/kg	oral	KK-Ay	Mice	male	6.0	high-fat diet		49.0	1+every1days	28	28	NCT01183013	ADULT,OLDER_ADULT	all	PHASE3	134.0	Pioglitazone	-0.69	30.0	1+every1days	210	210	6300.0	-0.61	1
PMC6883099	https://pmc.ncbi.nlm.nih.gov/articles/PMC6883099	2019	-1.83	Pioglitazone	10	mg/kg	oral	KK-Ay	Mice	male	6.0	high-fat diet		49.0	1+every1days	28	28	NCT01183013	ADULT,OLDER_ADULT	all	PHASE3	134.0	Pioglitazone	-0.69	30.0	1+every1days	210	210	6300.0	1.1400000000000001	0
PMC6883099	https://pmc.ncbi.nlm.nih.gov/articles/PMC6883099	2019	-2.51	Pioglitazone	30	mg/kg	oral	KK-Ay	Mice	male	6.0	high-fat diet		49.0	1+every1days	28	28	NCT01183013	ADULT,OLDER_ADULT	all	PHASE3	134.0	Pioglitazone	-0.69	30.0	1+every1days	210	210	6300.0	1.8199999999999998	0
PMC6883099	https://pmc.ncbi.nlm.nih.gov/articles/PMC6883099	2019	-0.08	Pioglitazone	3	mg/kg	oral	KK-Ay	Mice	male	6.0	high-fat diet		49.0	1+every1days	28	28	NCT01183013	ADULT,OLDER_ADULT	all	PHASE3	134.0	Pioglitazone	-0.73	30.0	1+every1days	210	210	6300.0	-0.65	1
PMC6883099	https://pmc.ncbi.nlm.nih.gov/articles/PMC6883099	2019	-1.83	Pioglitazone	10	mg/kg	oral	KK-Ay	Mice	male	6.0	high-fat diet		49.0	1+every1days	28	28	NCT01183013	ADULT,OLDER_ADULT	all	PHASE3	134.0	Pioglitazone	-0.73	30.0	1+every1days	210	210	6300.0	1.1	0
PMC6883099	https://pmc.ncbi.nlm.nih.gov/articles/PMC6883099	2019	-2.51	Pioglitazone	30	mg/kg	oral	KK-Ay	Mice	male	6.0	high-fat diet		49.0	1+every1days	28	28	NCT01183013	ADULT,OLDER_ADULT	all	PHASE3	134.0	Pioglitazone	-0.73	30.0	1+every1days	210	210	6300.0	1.7799999999999998	0
PMC6883099	https://pmc.ncbi.nlm.nih.gov/articles/PMC6883099	2019	-0.08	Pioglitazone	3	mg/kg	oral	KK-Ay	Mice	male	6.0	high-fat diet		49.0	1+every1days	28	28	NCT01183013	ADULT,OLDER_ADULT	all	PHASE3	124.0	Pioglitazone	-0.77	15.0	1+every1days	210	210	3150.0	-0.6900000000000001	1
PMC6883099	https://pmc.ncbi.nlm.nih.gov/articles/PMC6883099	2019	-1.83	Pioglitazone	10	mg/kg	oral	KK-Ay	Mice	male	6.0	high-fat diet		49.0	1+every1days	28	28	NCT01183013	ADULT,OLDER_ADULT	all	PHASE3	124.0	Pioglitazone	-0.77	15.0	1+every1days	210	210	3150.0	1.06	0
PMC6883099	https://pmc.ncbi.nlm.nih.gov/articles/PMC6883099	2019	-2.51	Pioglitazone	30	mg/kg	oral	KK-Ay	Mice	male	6.0	high-fat diet		49.0	1+every1days	28	28	NCT01183013	ADULT,OLDER_ADULT	all	PHASE3	124.0	Pioglitazone	-0.77	15.0	1+every1days	210	210	3150.0	1.7399999999999998	0
PMC4304810	https://pmc.ncbi.nlm.nih.gov/articles/PMC4304810	2015	-4.6	Pioglitazone	10	mg/kg	oral	Zucker Diabetic Fatty	Rats	male		genetic		49.0	1+every1days	42	42	NCT01183013	ADULT,OLDER_ADULT	all	PHASE3	124.0	Pioglitazone	-0.66	15.0	1+every1days	210	210	3150.0	3.9399999999999995	0
PMC4304810	https://pmc.ncbi.nlm.nih.gov/articles/PMC4304810	2015	-4.6	Pioglitazone	10	mg/kg	oral	Zucker Diabetic Fatty	Rats	male		genetic		49.0	1+every1days	42	42	NCT01183013	ADULT,OLDER_ADULT	all	PHASE3	134.0	Pioglitazone	-0.69	30.0	1+every1days	210	210	6300.0	3.9099999999999997	0
PMC4304810	https://pmc.ncbi.nlm.nih.gov/articles/PMC4304810	2015	-4.6	Pioglitazone	10	mg/kg	oral	Zucker Diabetic Fatty	Rats	male		genetic		49.0	1+every1days	42	42	NCT01183013	ADULT,OLDER_ADULT	all	PHASE3	134.0	Pioglitazone	-0.73	30.0	1+every1days	210	210	6300.0	3.8699999999999997	0
PMC4304810	https://pmc.ncbi.nlm.nih.gov/articles/PMC4304810	2015	-4.6	Pioglitazone	10	mg/kg	oral	Zucker Diabetic Fatty	Rats	male		genetic		49.0	1+every1days	42	42	NCT01183013	ADULT,OLDER_ADULT	all	PHASE3	124.0	Pioglitazone	-0.77	15.0	1+every1days	210	210	3150.0	3.8299999999999996	0
PMC3907559	https://pmc.ncbi.nlm.nih.gov/articles/PMC3907559	2014	-4	Pioglitazone	30	mg/kg	oral	Zucker Diabetic Fatty	Rats	male	10.0	genetic		49.0	2+every1days	32	64	NCT01183013	ADULT,OLDER_ADULT	all	PHASE3	124.0	Pioglitazone	-0.66	15.0	1+every1days	210	210	3150.0	3.34	0
PMC3907559	https://pmc.ncbi.nlm.nih.gov/articles/PMC3907559	2014	-4	Pioglitazone	30	mg/kg	oral	Zucker Diabetic Fatty	Rats	male	10.0	genetic		49.0	2+every1days	32	64	NCT01183013	ADULT,OLDER_ADULT	all	PHASE3	134.0	Pioglitazone	-0.69	30.0	1+every1days	210	210	6300.0	3.31	0
PMC3907559	https://pmc.ncbi.nlm.nih.gov/articles/PMC3907559	2014	-4	Pioglitazone	30	mg/kg	oral	Zucker Diabetic Fatty	Rats	male	10.0	genetic		49.0	2+every1days	32	64	NCT01183013	ADULT,OLDER_ADULT	all	PHASE3	134.0	Pioglitazone	-0.73	30.0	1+every1days	210	210	6300.0	3.27	0
PMC3907559	https://pmc.ncbi.nlm.nih.gov/articles/PMC3907559	2014	-4	Pioglitazone	30	mg/kg	oral	Zucker Diabetic Fatty	Rats	male	10.0	genetic		49.0	2+every1days	32	64	NCT01183013	ADULT,OLDER_ADULT	all	PHASE3	124.0	Pioglitazone	-0.77	15.0	1+every1days	210	210	3150.0	3.23	0
PMC5207690	https://pmc.ncbi.nlm.nih.gov/articles/PMC5207690	2017	-0.95	Pioglitazone	4.5	mg/kg	oral	KK-Ay	Mice	male	10.0	high-fat diet		56.0	1+every1days	70	70	NCT01183013	ADULT,OLDER_ADULT	all	PHASE3	124.0	Pioglitazone	-0.66	15.0	1+every1days	210	210	3150.0	0.2899999999999999	1
PMC5207690	https://pmc.ncbi.nlm.nih.gov/articles/PMC5207690	2017	-0.95	Pioglitazone	4.5	mg/kg	oral	KK-Ay	Mice	male	10.0	high-fat diet		56.0	1+every1days	70	70	NCT01183013	ADULT,OLDER_ADULT	all	PHASE3	134.0	Pioglitazone	-0.69	30.0	1+every1days	210	210	6300.0	0.26	1
PMC5207690	https://pmc.ncbi.nlm.nih.gov/articles/PMC5207690	2017	-0.95	Pioglitazone	4.5	mg/kg	oral	KK-Ay	Mice	male	10.0	high-fat diet		56.0	1+every1days	70	70	NCT01183013	ADULT,OLDER_ADULT	all	PHASE3	134.0	Pioglitazone	-0.73	30.0	1+every1days	210	210	6300.0	0.21999999999999997	1
PMC5207690	https://pmc.ncbi.nlm.nih.gov/articles/PMC5207690	2017	-0.95	Pioglitazone	4.5	mg/kg	oral	KK-Ay	Mice	male	10.0	high-fat diet		56.0	1+every1days	70	70	NCT01183013	ADULT,OLDER_ADULT	all	PHASE3	124.0	Pioglitazone	-0.77	15.0	1+every1days	210	210	3150.0	0.17999999999999994	1
PMC5360432	https://pmc.ncbi.nlm.nih.gov/articles/PMC5360432	2017	-1.6	Pioglitazone	10	mg/kg	oral	ob/ob	Mice	male	7.0	genetic		56.0	2+every1days	28	56	NCT01183013	ADULT,OLDER_ADULT	all	PHASE3	124.0	Pioglitazone	-0.66	15.0	1+every1days	210	210	3150.0	0.9400000000000001	1
PMC5360432	https://pmc.ncbi.nlm.nih.gov/articles/PMC5360432	2017	-1.6	Pioglitazone	10	mg/kg	oral	ob/ob	Mice	male	7.0	genetic		56.0	2+every1days	28	56	NCT01183013	ADULT,OLDER_ADULT	all	PHASE3	134.0	Pioglitazone	-0.69	30.0	1+every1days	210	210	6300.0	0.9100000000000001	1
PMC5360432	https://pmc.ncbi.nlm.nih.gov/articles/PMC5360432	2017	-1.6	Pioglitazone	10	mg/kg	oral	ob/ob	Mice	male	7.0	genetic		56.0	2+every1days	28	56	NCT01183013	ADULT,OLDER_ADULT	all	PHASE3	134.0	Pioglitazone	-0.73	30.0	1+every1days	210	210	6300.0	0.8700000000000001	1
PMC5360432	https://pmc.ncbi.nlm.nih.gov/articles/PMC5360432	2017	-1.6	Pioglitazone	10	mg/kg	oral	ob/ob	Mice	male	7.0	genetic		56.0	2+every1days	28	56	NCT01183013	ADULT,OLDER_ADULT	all	PHASE3	124.0	Pioglitazone	-0.77	15.0	1+every1days	210	210	3150.0	0.8300000000000001	1
PMC4457365	https://pmc.ncbi.nlm.nih.gov/articles/PMC4457365	2014	-2.2	Pioglitazone	2.5	mg/kg	oral	UCD-T2DM	Rats	male	32.0	genetic		60.0	1+every1days	365	365	NCT01183013	ADULT,OLDER_ADULT	all	PHASE3	124.0	Pioglitazone	-0.66	15.0	1+every1days	210	210	3150.0	1.54	0
PMC4457365	https://pmc.ncbi.nlm.nih.gov/articles/PMC4457365	2014	-2.2	Pioglitazone	2.5	mg/kg	oral	UCD-T2DM	Rats	male	32.0	genetic		60.0	1+every1days	365	365	NCT01183013	ADULT,OLDER_ADULT	all	PHASE3	134.0	Pioglitazone	-0.69	30.0	1+every1days	210	210	6300.0	1.5100000000000002	0
PMC4457365	https://pmc.ncbi.nlm.nih.gov/articles/PMC4457365	2014	-2.2	Pioglitazone	2.5	mg/kg	oral	UCD-T2DM	Rats	male	32.0	genetic		60.0	1+every1days	365	365	NCT01183013	ADULT,OLDER_ADULT	all	PHASE3	134.0	Pioglitazone	-0.73	30.0	1+every1days	210	210	6300.0	1.4700000000000002	0
PMC4457365	https://pmc.ncbi.nlm.nih.gov/articles/PMC4457365	2014	-2.2	Pioglitazone	2.5	mg/kg	oral	UCD-T2DM	Rats	male	32.0	genetic		60.0	1+every1days	365	365	NCT01183013	ADULT,OLDER_ADULT	all	PHASE3	124.0	Pioglitazone	-0.77	15.0	1+every1days	210	210	3150.0	1.4300000000000002	0
PMC4880722	https://pmc.ncbi.nlm.nih.gov/articles/PMC4880722	2016	-3.2	Pioglitazone	30	mg/kg	oral	Zucker Diabetic Fatty	Rats	male	8.0	genetic		70.0	1+every1days	42	42	NCT01183013	ADULT,OLDER_ADULT	all	PHASE3	124.0	Pioglitazone	-0.66	15.0	1+every1days	210	210	3150.0	2.54	0
PMC4880722	https://pmc.ncbi.nlm.nih.gov/articles/PMC4880722	2016	-3.2	Pioglitazone	30	mg/kg	oral	Zucker Diabetic Fatty	Rats	male	8.0	genetic		70.0	1+every1days	42	42	NCT01183013	ADULT,OLDER_ADULT	all	PHASE3	134.0	Pioglitazone	-0.69	30.0	1+every1days	210	210	6300.0	2.5100000000000002	0
PMC4880722	https://pmc.ncbi.nlm.nih.gov/articles/PMC4880722	2016	-3.2	Pioglitazone	30	mg/kg	oral	Zucker Diabetic Fatty	Rats	male	8.0	genetic		70.0	1+every1days	42	42	NCT01183013	ADULT,OLDER_ADULT	all	PHASE3	134.0	Pioglitazone	-0.73	30.0	1+every1days	210	210	6300.0	2.47	0
PMC4880722	https://pmc.ncbi.nlm.nih.gov/articles/PMC4880722	2016	-3.2	Pioglitazone	30	mg/kg	oral	Zucker Diabetic Fatty	Rats	male	8.0	genetic		70.0	1+every1days	42	42	NCT01183013	ADULT,OLDER_ADULT	all	PHASE3	124.0	Pioglitazone	-0.77	15.0	1+every1days	210	210	3150.0	2.43	0
PMC4791042	https://pmc.ncbi.nlm.nih.gov/articles/PMC4791042	2015	-4.5	Pioglitazone	32.19	mg/kg	oral	Zucker Diabetic Fatty	Rats	male	9.0	genetic		80.5	1+every1days	49	49	NCT01183013	ADULT,OLDER_ADULT	all	PHASE3	124.0	Pioglitazone	-0.66	15.0	1+every1days	210	210	3150.0	3.84	0
PMC4791042	https://pmc.ncbi.nlm.nih.gov/articles/PMC4791042	2015	-4.5	Pioglitazone	32.19	mg/kg	oral	Zucker Diabetic Fatty	Rats	male	9.0	genetic		80.5	1+every1days	49	49	NCT01183013	ADULT,OLDER_ADULT	all	PHASE3	134.0	Pioglitazone	-0.69	30.0	1+every1days	210	210	6300.0	3.81	0
PMC4791042	https://pmc.ncbi.nlm.nih.gov/articles/PMC4791042	2015	-4.5	Pioglitazone	32.19	mg/kg	oral	Zucker Diabetic Fatty	Rats	male	9.0	genetic		80.5	1+every1days	49	49	NCT01183013	ADULT,OLDER_ADULT	all	PHASE3	134.0	Pioglitazone	-0.73	30.0	1+every1days	210	210	6300.0	3.77	0
PMC4791042	https://pmc.ncbi.nlm.nih.gov/articles/PMC4791042	2015	-4.5	Pioglitazone	32.19	mg/kg	oral	Zucker Diabetic Fatty	Rats	male	9.0	genetic		80.5	1+every1days	49	49	NCT01183013	ADULT,OLDER_ADULT	all	PHASE3	124.0	Pioglitazone	-0.77	15.0	1+every1days	210	210	3150.0	3.73	0
PMC4000968	https://pmc.ncbi.nlm.nih.gov/articles/PMC4000968	2014	-1.21	Sitagliptin Phosphate	10	mg/kg	oral	Zucker Diabetic Fatty	Rats		7.0	genetic		140.0	1+every1days	42	42	NCT01189890	OLDER_ADULT	all	PHASE3	197.0	Sitagliptin Phosphate	-0.32	100.0	1+every1days	210	210	21000.0	0.8899999999999999	1
PMC3998187	https://pmc.ncbi.nlm.nih.gov/articles/PMC3998187	2014	-2	Sitagliptin Phosphate	10	mg/kg	oral	Zucker Diabetic Fatty	Rats	male	5.0	genetic		140.0	1+every1days	42	42	NCT01189890	OLDER_ADULT	all	PHASE3	197.0	Sitagliptin Phosphate	-0.32	100.0	1+every1days	210	210	21000.0	1.68	0
PMC2905949	https://pmc.ncbi.nlm.nih.gov/articles/PMC2905949	2010	-0.01	Sitagliptin Phosphate	10	mg/kg	oral	Zucker Diabetic Fatty	Rats	male	8.0	genetic		140.0	1+every1days	42	42	NCT01189890	OLDER_ADULT	all	PHASE3	197.0	Sitagliptin Phosphate	-0.32	100.0	1+every1days	210	210	21000.0	-0.31	1
PMC3235777	https://pmc.ncbi.nlm.nih.gov/articles/PMC3235777	2011	-1.78	Sitagliptin Phosphate	10	mg/kg	oral	Zucker Diabetic Fatty	Rats	male	8.0	genetic		140.0	1+every1days	42	42	NCT01189890	OLDER_ADULT	all	PHASE3	197.0	Sitagliptin Phosphate	-0.32	100.0	1+every1days	210	210	21000.0	1.46	0
PMC4514850	https://pmc.ncbi.nlm.nih.gov/articles/PMC4514850	2015	-1.3	Sitagliptin Phosphate	100	mg/kg	oral	ICR	Mice	male	8.0	high-fat diet+streptozotocin		35.0	1+every1days	56	56	NCT01189890	OLDER_ADULT	all	PHASE3	197.0	Sitagliptin Phosphate	-0.32	100.0	1+every1days	210	210	21000.0	0.98	1
PMC6701666	https://pmc.ncbi.nlm.nih.gov/articles/PMC6701666	2019	0	Glimepiride	2	mg/kg	oral	db/db	Mice	female	12.0	genetic		38.5	1+every1days	42	42	NCT01189890	OLDER_ADULT	all	PHASE3	191.0	Glimepiride	-0.51	3.5	1+every1days	210	210	735.0	-0.51	1
PMC3660563	https://pmc.ncbi.nlm.nih.gov/articles/PMC3660563	2013	-0.8	Sitagliptin Phosphate	1	mg/kg	oral	C57BLKS/J-db/db	Mice	male		genetic		42.0	1+every1days	42	42	NCT01189890	OLDER_ADULT	all	PHASE3	197.0	Sitagliptin Phosphate	-0.32	100.0	1+every1days	210	210	21000.0	0.48000000000000004	1
PMC6273299	https://pmc.ncbi.nlm.nih.gov/articles/PMC6273299	2016	-0.3	Glimepiride	5	mg/kg		Zucker Diabetic Fatty	Rats	male	6.0	high-fat diet		42.0	1+every1days	84	84	NCT01189890	OLDER_ADULT	all	PHASE3	191.0	Glimepiride	-0.51	3.5	1+every1days	210	210	735.0	-0.21000000000000002	1
PMC3610345	https://pmc.ncbi.nlm.nih.gov/articles/PMC3610345	2013	-1	Glimepiride	2.5	mg/kg	oral	db/db	Mice	male		genetic		49.0	1+every1days	42	42	NCT01189890	OLDER_ADULT	all	PHASE3	191.0	Glimepiride	-0.51	3.5	1+every1days	210	210	735.0	0.49	1
PMC4514850	https://pmc.ncbi.nlm.nih.gov/articles/PMC4514850	2015	-0.9	Sitagliptin Phosphate	100	mg/kg	oral	db/db	Mice	male	5.0	genetic		56.0	1+every1days	28	28	NCT01189890	OLDER_ADULT	all	PHASE3	197.0	Sitagliptin Phosphate	-0.32	100.0	1+every1days	210	210	21000.0	0.5800000000000001	1
PMC5489512	https://pmc.ncbi.nlm.nih.gov/articles/PMC5489512	2017	-0.3	Linagliptin	2	mg/kg	oral	KK-Ay	Mice	female	10.0	genetic	50.0		1+every1days	42	42	NCT01194830	ADULT,OLDER_ADULT	all	PHASE3	93.0	Linagliptin	-0.64	5.0	1+every1days	42	42	210.0	-0.34	1
PMC5489512	https://pmc.ncbi.nlm.nih.gov/articles/PMC5489512	2017	-0.3	Linagliptin	2	mg/kg	oral	KK-Ay	Mice	female	10.0	genetic	50.0		1+every1days	42	42	NCT01194830	ADULT,OLDER_ADULT	all	PHASE3	93.0	Linagliptin	-0.72	5.0	1+every1days	84	84	420.0	-0.42	1
PMC5489512	https://pmc.ncbi.nlm.nih.gov/articles/PMC5489512	2017	-0.3	Linagliptin	2	mg/kg	oral	KK-Ay	Mice	female	10.0	genetic	50.0		1+every1days	42	42	NCT01194830	ADULT,OLDER_ADULT	all	PHASE3	93.0	Linagliptin	-0.84	5.0	1+every1days	168	168	840.0	-0.54	1
PMC6701666	https://pmc.ncbi.nlm.nih.gov/articles/PMC6701666	2019	0	Linagliptin	3	mg/kg	oral	db/db	Mice	female	12.0	genetic		38.5	1+every1days	42	42	NCT01194830	ADULT,OLDER_ADULT	all	PHASE3	93.0	Linagliptin	-0.64	5.0	1+every1days	42	42	210.0	-0.64	1
PMC6701666	https://pmc.ncbi.nlm.nih.gov/articles/PMC6701666	2019	0	Linagliptin	3	mg/kg	oral	db/db	Mice	female	12.0	genetic		38.5	1+every1days	42	42	NCT01194830	ADULT,OLDER_ADULT	all	PHASE3	93.0	Linagliptin	-0.72	5.0	1+every1days	84	84	420.0	-0.72	1
PMC6701666	https://pmc.ncbi.nlm.nih.gov/articles/PMC6701666	2019	0	Linagliptin	3	mg/kg	oral	db/db	Mice	female	12.0	genetic		38.5	1+every1days	42	42	NCT01194830	ADULT,OLDER_ADULT	all	PHASE3	93.0	Linagliptin	-0.84	5.0	1+every1days	168	168	840.0	-0.84	1
PMC5152931	https://pmc.ncbi.nlm.nih.gov/articles/PMC5152931	2016	-2	Linagliptin	0.083	mg/kg	oral	Wistar	Rats	male	22.0	streptozotocin		42.0		168		NCT01194830	ADULT,OLDER_ADULT	all	PHASE3	93.0	Linagliptin	-0.64	5.0	1+every1days	42	42	210.0	1.3599999999999999	0
PMC5152931	https://pmc.ncbi.nlm.nih.gov/articles/PMC5152931	2016	-2	Linagliptin	0.083	mg/kg	oral	Wistar	Rats	male	22.0	streptozotocin		42.0		168		NCT01194830	ADULT,OLDER_ADULT	all	PHASE3	93.0	Linagliptin	-0.72	5.0	1+every1days	84	84	420.0	1.28	0
PMC5152931	https://pmc.ncbi.nlm.nih.gov/articles/PMC5152931	2016	-2	Linagliptin	0.083	mg/kg	oral	Wistar	Rats	male	22.0	streptozotocin		42.0		168		NCT01194830	ADULT,OLDER_ADULT	all	PHASE3	93.0	Linagliptin	-0.84	5.0	1+every1days	168	168	840.0	1.1600000000000001	0
PMC5663708	https://pmc.ncbi.nlm.nih.gov/articles/PMC5663708	2017	-2.2	Pioglitazone	36	mg/kg	oral	Wistar	Rats	male	6.0	streptozotocin+nicotinamide	180.0		1+every1days	15	15	NCT01195090	ADULT,OLDER_ADULT	all	PHASE4	59.0	Pioglitazone	-0.94	30.0	1+every1days	168	168	5040.0	1.2600000000000002	0
PMC4743348	https://pmc.ncbi.nlm.nih.gov/articles/PMC4743348	2015	-5.15	Pioglitazone	20	mg/kg	oral	Wistar	Rats	male	8.0	high-fat diet+streptozotocin	175.0		1+every1days	21	21	NCT01195090	ADULT,OLDER_ADULT	all	PHASE4	59.0	Pioglitazone	-0.94	30.0	1+every1days	168	168	5040.0	4.210000000000001	0
PMC4743348	https://pmc.ncbi.nlm.nih.gov/articles/PMC4743348	2015	-4.3	Pioglitazone	20	mg/kg	oral	Wistar	Rats	male	8.0	streptozotocin	175.0		1+every1days	21	21	NCT01195090	ADULT,OLDER_ADULT	all	PHASE4	59.0	Pioglitazone	-0.94	30.0	1+every1days	168	168	5040.0	3.36	0
PMC4000968	https://pmc.ncbi.nlm.nih.gov/articles/PMC4000968	2014	-1.21	Sitagliptin Phosphate	10	mg/kg	oral	Zucker Diabetic Fatty	Rats		7.0	genetic		140.0	1+every1days	42	42	NCT01195090	ADULT,OLDER_ADULT	all	PHASE4	60.0	Sitagliptin Phosphate	-0.71	100.0	1+every1days	168	168	16800.0	0.5	1
PMC3998187	https://pmc.ncbi.nlm.nih.gov/articles/PMC3998187	2014	-2	Sitagliptin Phosphate	10	mg/kg	oral	Zucker Diabetic Fatty	Rats	male	5.0	genetic		140.0	1+every1days	42	42	NCT01195090	ADULT,OLDER_ADULT	all	PHASE4	60.0	Sitagliptin Phosphate	-0.71	100.0	1+every1days	168	168	16800.0	1.29	0
PMC2905949	https://pmc.ncbi.nlm.nih.gov/articles/PMC2905949	2010	-0.01	Sitagliptin Phosphate	10	mg/kg	oral	Zucker Diabetic Fatty	Rats	male	8.0	genetic		140.0	1+every1days	42	42	NCT01195090	ADULT,OLDER_ADULT	all	PHASE4	60.0	Sitagliptin Phosphate	-0.71	100.0	1+every1days	168	168	16800.0	-0.7	1
PMC3235777	https://pmc.ncbi.nlm.nih.gov/articles/PMC3235777	2011	-1.78	Sitagliptin Phosphate	10	mg/kg	oral	Zucker Diabetic Fatty	Rats	male	8.0	genetic		140.0	1+every1days	42	42	NCT01195090	ADULT,OLDER_ADULT	all	PHASE4	60.0	Sitagliptin Phosphate	-0.71	100.0	1+every1days	168	168	16800.0	1.07	0
PMC6540170	https://pmc.ncbi.nlm.nih.gov/articles/PMC6540170	Not Found	-4.1	Pioglitazone	0.01	% (w/w)	oral	C57BLKS/J-db/db	Mice	male	10.0	genetic		28.0	1+every1days	35	35	NCT01195090	ADULT,OLDER_ADULT	all	PHASE4	59.0	Pioglitazone	-0.94	30.0	1+every1days	168	168	5040.0	3.1599999999999997	0
PMC4514850	https://pmc.ncbi.nlm.nih.gov/articles/PMC4514850	2015	-1.3	Sitagliptin Phosphate	100	mg/kg	oral	ICR	Mice	male	8.0	high-fat diet+streptozotocin		35.0	1+every1days	56	56	NCT01195090	ADULT,OLDER_ADULT	all	PHASE4	60.0	Sitagliptin Phosphate	-0.71	100.0	1+every1days	168	168	16800.0	0.5900000000000001	1
PMC3660563	https://pmc.ncbi.nlm.nih.gov/articles/PMC3660563	2013	-0.8	Sitagliptin Phosphate	1	mg/kg	oral	C57BLKS/J-db/db	Mice	male		genetic		42.0	1+every1days	42	42	NCT01195090	ADULT,OLDER_ADULT	all	PHASE4	60.0	Sitagliptin Phosphate	-0.71	100.0	1+every1days	168	168	16800.0	0.09000000000000008	1
PMC6883099	https://pmc.ncbi.nlm.nih.gov/articles/PMC6883099	2019	-0.08	Pioglitazone	3	mg/kg	oral	KK-Ay	Mice	male	6.0	high-fat diet		49.0	1+every1days	28	28	NCT01195090	ADULT,OLDER_ADULT	all	PHASE4	59.0	Pioglitazone	-0.94	30.0	1+every1days	168	168	5040.0	-0.86	1
PMC6883099	https://pmc.ncbi.nlm.nih.gov/articles/PMC6883099	2019	-1.83	Pioglitazone	10	mg/kg	oral	KK-Ay	Mice	male	6.0	high-fat diet		49.0	1+every1days	28	28	NCT01195090	ADULT,OLDER_ADULT	all	PHASE4	59.0	Pioglitazone	-0.94	30.0	1+every1days	168	168	5040.0	0.8900000000000001	1
PMC6883099	https://pmc.ncbi.nlm.nih.gov/articles/PMC6883099	2019	-2.51	Pioglitazone	30	mg/kg	oral	KK-Ay	Mice	male	6.0	high-fat diet		49.0	1+every1days	28	28	NCT01195090	ADULT,OLDER_ADULT	all	PHASE4	59.0	Pioglitazone	-0.94	30.0	1+every1days	168	168	5040.0	1.5699999999999998	0
PMC4304810	https://pmc.ncbi.nlm.nih.gov/articles/PMC4304810	2015	-4.6	Pioglitazone	10	mg/kg	oral	Zucker Diabetic Fatty	Rats	male		genetic		49.0	1+every1days	42	42	NCT01195090	ADULT,OLDER_ADULT	all	PHASE4	59.0	Pioglitazone	-0.94	30.0	1+every1days	168	168	5040.0	3.6599999999999997	0
PMC3907559	https://pmc.ncbi.nlm.nih.gov/articles/PMC3907559	2014	-4	Pioglitazone	30	mg/kg	oral	Zucker Diabetic Fatty	Rats	male	10.0	genetic		49.0	2+every1days	32	64	NCT01195090	ADULT,OLDER_ADULT	all	PHASE4	59.0	Pioglitazone	-0.94	30.0	1+every1days	168	168	5040.0	3.06	0
PMC5207690	https://pmc.ncbi.nlm.nih.gov/articles/PMC5207690	2017	-0.95	Pioglitazone	4.5	mg/kg	oral	KK-Ay	Mice	male	10.0	high-fat diet		56.0	1+every1days	70	70	NCT01195090	ADULT,OLDER_ADULT	all	PHASE4	59.0	Pioglitazone	-0.94	30.0	1+every1days	168	168	5040.0	0.010000000000000009	1
PMC4514850	https://pmc.ncbi.nlm.nih.gov/articles/PMC4514850	2015	-0.9	Sitagliptin Phosphate	100	mg/kg	oral	db/db	Mice	male	5.0	genetic		56.0	1+every1days	28	28	NCT01195090	ADULT,OLDER_ADULT	all	PHASE4	60.0	Sitagliptin Phosphate	-0.71	100.0	1+every1days	168	168	16800.0	0.19000000000000006	1
PMC5360432	https://pmc.ncbi.nlm.nih.gov/articles/PMC5360432	2017	-1.6	Pioglitazone	10	mg/kg	oral	ob/ob	Mice	male	7.0	genetic		56.0	2+every1days	28	56	NCT01195090	ADULT,OLDER_ADULT	all	PHASE4	59.0	Pioglitazone	-0.94	30.0	1+every1days	168	168	5040.0	0.6600000000000001	1
PMC4457365	https://pmc.ncbi.nlm.nih.gov/articles/PMC4457365	2014	-2.2	Pioglitazone	2.5	mg/kg	oral	UCD-T2DM	Rats	male	32.0	genetic		60.0	1+every1days	365	365	NCT01195090	ADULT,OLDER_ADULT	all	PHASE4	59.0	Pioglitazone	-0.94	30.0	1+every1days	168	168	5040.0	1.2600000000000002	0
PMC4880722	https://pmc.ncbi.nlm.nih.gov/articles/PMC4880722	2016	-3.2	Pioglitazone	30	mg/kg	oral	Zucker Diabetic Fatty	Rats	male	8.0	genetic		70.0	1+every1days	42	42	NCT01195090	ADULT,OLDER_ADULT	all	PHASE4	59.0	Pioglitazone	-0.94	30.0	1+every1days	168	168	5040.0	2.2600000000000002	0
PMC4791042	https://pmc.ncbi.nlm.nih.gov/articles/PMC4791042	2015	-4.5	Pioglitazone	32.19	mg/kg	oral	Zucker Diabetic Fatty	Rats	male	9.0	genetic		80.5	1+every1days	49	49	NCT01195090	ADULT,OLDER_ADULT	all	PHASE4	59.0	Pioglitazone	-0.94	30.0	1+every1days	168	168	5040.0	3.56	0
PMC9143250	https://pmc.ncbi.nlm.nih.gov/articles/PMC9143250	2022	-8.5	Dapagliflozin	1	mg/kg	oral	Wistar	Rats	both	6.0	high-fat diet+streptozotocin	215.0		1+every1days	28	28	NCT01195662	ADULT,OLDER_ADULT		PHASE3	219.0	Dapagliflozin	-0.63	10.0	1+every1days	84	84	840.0	7.87	0
PMC10308685	https://pmc.ncbi.nlm.nih.gov/articles/PMC10308685	2023	-5.4	Dapagliflozin	1	mg/kg	oral	Zucker Diabetic Fatty	Rats	male	8.0	genetic		112.0	1+every1days	84	84	NCT01195662	ADULT,OLDER_ADULT		PHASE3	219.0	Dapagliflozin	-0.63	10.0	1+every1days	84	84	840.0	4.7700000000000005	0
PMC4237538	https://pmc.ncbi.nlm.nih.gov/articles/PMC4237538	2013	-1.4	Dapagliflozin	1	mg/kg	oral	ob/ob	Mice	male		genetic	43.0	56.0	1+every1days	28	28	NCT01195662	ADULT,OLDER_ADULT		PHASE3	219.0	Dapagliflozin	-0.63	10.0	1+every1days	84	84	840.0	0.7699999999999999	1
PMC6856656	https://pmc.ncbi.nlm.nih.gov/articles/PMC6856656	2019	-2.9	Dapagliflozin	1.0	mg/kg	oral	Zucker Diabetic Fatty	Rats	male	8.0	high-fat diet		84.0	1+every1days	63	63	NCT01195662	ADULT,OLDER_ADULT		PHASE3	219.0	Dapagliflozin	-0.63	10.0	1+every1days	84	84	840.0	2.27	0
PMC5089752	https://pmc.ncbi.nlm.nih.gov/articles/PMC5089752	2016	-2.04	Dapagliflozin	1.0	mg/kg	oral	Otsuka Long-Evans Tokushima Fatty	Rats	male	10.0	genetic		98.0	1+every1days	84	84	NCT01195662	ADULT,OLDER_ADULT		PHASE3	219.0	Dapagliflozin	-0.63	10.0	1+every1days	84	84	840.0	1.4100000000000001	0
PMC8953658	https://pmc.ncbi.nlm.nih.gov/articles/PMC8953658	2022	-3	Dapagliflozin	1	mg/kg	oral gavage	Zucker Diabetic Fatty	Rats	male	7.0	genetic		98.0	1+every1days	28	28	NCT01195662	ADULT,OLDER_ADULT		PHASE3	219.0	Dapagliflozin	-0.63	10.0	1+every1days	84	84	840.0	2.37	0
PMC5489512	https://pmc.ncbi.nlm.nih.gov/articles/PMC5489512	2017	-0.3	Linagliptin	2	mg/kg	oral	KK-Ay	Mice	female	10.0	genetic	50.0		1+every1days	42	42	NCT01204294	ADULT,OLDER_ADULT	all	PHASE3	63.0	Linagliptin	-0.73	5.0	1+every1days	364	364	1820.0	-0.43	1
PMC5489512	https://pmc.ncbi.nlm.nih.gov/articles/PMC5489512	2017	-0.3	Linagliptin	2	mg/kg	oral	KK-Ay	Mice	female	10.0	genetic	50.0		1+every1days	42	42	NCT01204294	ADULT,OLDER_ADULT	all	PHASE3	73.0	Linagliptin	-0.79	5.0	1+every1days	364	364	1820.0	-0.49000000000000005	1
PMC5489512	https://pmc.ncbi.nlm.nih.gov/articles/PMC5489512	2017	-0.3	Linagliptin	2	mg/kg	oral	KK-Ay	Mice	female	10.0	genetic	50.0		1+every1days	42	42	NCT01204294	ADULT,OLDER_ADULT	all	PHASE3	82.0	Linagliptin	-0.88	5.0	1+every1days	364	364	1820.0	-0.5800000000000001	1
PMC5489512	https://pmc.ncbi.nlm.nih.gov/articles/PMC5489512	2017	-0.3	Linagliptin	2	mg/kg	oral	KK-Ay	Mice	female	10.0	genetic	50.0		1+every1days	42	42	NCT01204294	ADULT,OLDER_ADULT	all	PHASE3	85.0	Linagliptin	-0.91	5.0	1+every1days	364	364	1820.0	-0.6100000000000001	1
PMC5485244	https://pmc.ncbi.nlm.nih.gov/articles/PMC5485244	2017	-0.4	Metformin	500	mg/kg	oral	C57BL/6J	Mice	male	8.0	high-fat diet			1+every1days			NCT01204294	ADULT,OLDER_ADULT	all	PHASE3	62.0	Metformin	-0.82			364			-0.41999999999999993	1
PMC5485244	https://pmc.ncbi.nlm.nih.gov/articles/PMC5485244	2017	-0.4	Metformin	500	mg/kg	oral	C57BL/6J	Mice	male	8.0	high-fat diet			1+every1days			NCT01204294	ADULT,OLDER_ADULT	all	PHASE3	61.0	Metformin	-1.09			364			-0.6900000000000001	1
PMC8657924	https://pmc.ncbi.nlm.nih.gov/articles/PMC8657924	2021	-4	Metformin	225	mg/kg	oral	Kunming	Mice	male	8.0	high-fat diet+streptozotocin	20.0		1+every1days	28	28	NCT01204294	ADULT,OLDER_ADULT	all	PHASE3	62.0	Metformin	-0.82			364			3.18	0
PMC8657924	https://pmc.ncbi.nlm.nih.gov/articles/PMC8657924	2021	-4	Metformin	225	mg/kg	oral	Kunming	Mice	male	8.0	high-fat diet+streptozotocin	20.0		1+every1days	28	28	NCT01204294	ADULT,OLDER_ADULT	all	PHASE3	61.0	Metformin	-1.09			364			2.91	0
PMC3462199	https://pmc.ncbi.nlm.nih.gov/articles/PMC3462199	2012	-0.4	Metformin	400	mg/kg	intraperitoneal	db/db	Mice	male	10.0	genetic	47.5		1+every1days	14	14	NCT01204294	ADULT,OLDER_ADULT	all	PHASE3	62.0	Metformin	-0.82			364			-0.41999999999999993	1
PMC3462199	https://pmc.ncbi.nlm.nih.gov/articles/PMC3462199	2012	-0.4	Metformin	400	mg/kg	intraperitoneal	db/db	Mice	male	10.0	genetic	47.5		1+every1days	14	14	NCT01204294	ADULT,OLDER_ADULT	all	PHASE3	61.0	Metformin	-1.09			364			-0.6900000000000001	1
PMC3462199	https://pmc.ncbi.nlm.nih.gov/articles/PMC3462199	2012	-0.3	Metformin	400	mg/kg	intraperitoneal	db/db	Mice	male	12.0	genetic	47.5		1+every1days	14	14	NCT01204294	ADULT,OLDER_ADULT	all	PHASE3	62.0	Metformin	-0.82			364			-0.52	1
PMC3462199	https://pmc.ncbi.nlm.nih.gov/articles/PMC3462199	2012	-0.3	Metformin	400	mg/kg	intraperitoneal	db/db	Mice	male	12.0	genetic	47.5		1+every1days	14	14	NCT01204294	ADULT,OLDER_ADULT	all	PHASE3	61.0	Metformin	-1.09			364			-0.79	1
PMC9313150	https://pmc.ncbi.nlm.nih.gov/articles/PMC9313150	2022	-2.1	Metformin	200	mg/kg	oral	Wistar	Rats	male		high-fat diet+streptozotocin	185.0		1+every1days	84	84	NCT01204294	ADULT,OLDER_ADULT	all	PHASE3	62.0	Metformin	-0.82			364			1.2800000000000002	0
PMC9313150	https://pmc.ncbi.nlm.nih.gov/articles/PMC9313150	2022	-2.1	Metformin	200	mg/kg	oral	Wistar	Rats	male		high-fat diet+streptozotocin	185.0		1+every1days	84	84	NCT01204294	ADULT,OLDER_ADULT	all	PHASE3	61.0	Metformin	-1.09			364			1.01	1
PMC7092631	https://pmc.ncbi.nlm.nih.gov/articles/PMC7092631	2020	-0.82	Metformin	200	mg/kg	intragastric	Wistar	Rats	male	10.0	high-fat diet+streptozotocin	200.0		1+every1days	28	28	NCT01204294	ADULT,OLDER_ADULT	all	PHASE3	62.0	Metformin	-0.82			364			0.0	1
PMC7092631	https://pmc.ncbi.nlm.nih.gov/articles/PMC7092631	2020	-0.82	Metformin	200	mg/kg	intragastric	Wistar	Rats	male	10.0	high-fat diet+streptozotocin	200.0		1+every1days	28	28	NCT01204294	ADULT,OLDER_ADULT	all	PHASE3	61.0	Metformin	-1.09			364			-0.27000000000000013	1
PMC8800605	https://pmc.ncbi.nlm.nih.gov/articles/PMC8800605	2022	-0.21	Metformin	60	mg/kg	oral	Wistar	Rats	male	12.0	high-fat diet+streptozotocin	176.8		1+every1days	14	14	NCT01204294	ADULT,OLDER_ADULT	all	PHASE3	62.0	Metformin	-0.82			364			-0.61	1
PMC8800605	https://pmc.ncbi.nlm.nih.gov/articles/PMC8800605	2022	-0.21	Metformin	60	mg/kg	oral	Wistar	Rats	male	12.0	high-fat diet+streptozotocin	176.8		1+every1days	14	14	NCT01204294	ADULT,OLDER_ADULT	all	PHASE3	61.0	Metformin	-1.09			364			-0.8800000000000001	1
PMC4826921	https://pmc.ncbi.nlm.nih.gov/articles/PMC4826921	2016	-1.6	Metformin	200	mg/kg	oral	Wistar	Rats	male	20.0	high-fat diet	110.0		1+every1days	60	60	NCT01204294	ADULT,OLDER_ADULT	all	PHASE3	62.0	Metformin	-0.82			364			0.7800000000000001	1
PMC4826921	https://pmc.ncbi.nlm.nih.gov/articles/PMC4826921	2016	-1.6	Metformin	200	mg/kg	oral	Wistar	Rats	male	20.0	high-fat diet	110.0		1+every1days	60	60	NCT01204294	ADULT,OLDER_ADULT	all	PHASE3	61.0	Metformin	-1.09			364			0.51	1
PMC7034448	https://pmc.ncbi.nlm.nih.gov/articles/PMC7034448	2020	-5.1	Metformin	500	mg/kg	oral	Wistar	Rats	male	6.0	high-fat diet+streptozotocin	190.0		1+every1days	30	30	NCT01204294	ADULT,OLDER_ADULT	all	PHASE3	62.0	Metformin	-0.82			364			4.279999999999999	0
PMC7034448	https://pmc.ncbi.nlm.nih.gov/articles/PMC7034448	2020	-5.1	Metformin	500	mg/kg	oral	Wistar	Rats	male	6.0	high-fat diet+streptozotocin	190.0		1+every1days	30	30	NCT01204294	ADULT,OLDER_ADULT	all	PHASE3	61.0	Metformin	-1.09			364			4.01	0
PMC4884299	https://pmc.ncbi.nlm.nih.gov/articles/PMC4884299	2016	-2.34	Metformin	150	mg/kg	oral	Wistar	Rats	male	6.0	streptozotocin+nicotinamide	280.0		1+every1days	42	42	NCT01204294	ADULT,OLDER_ADULT	all	PHASE3	62.0	Metformin	-0.82			364			1.52	0
PMC4884299	https://pmc.ncbi.nlm.nih.gov/articles/PMC4884299	2016	-2.34	Metformin	150	mg/kg	oral	Wistar	Rats	male	6.0	streptozotocin+nicotinamide	280.0		1+every1days	42	42	NCT01204294	ADULT,OLDER_ADULT	all	PHASE3	61.0	Metformin	-1.09			364			1.2499999999999998	0
PMC9953164	https://pmc.ncbi.nlm.nih.gov/articles/PMC9953164	2023	-2.5	Metformin	200	mg/kg		Wistar	Rats	male	8.0	high-fat diet+streptozotocin	185.0		1+every1days	84	84	NCT01204294	ADULT,OLDER_ADULT	all	PHASE3	62.0	Metformin	-0.82			364			1.6800000000000002	0
PMC9953164	https://pmc.ncbi.nlm.nih.gov/articles/PMC9953164	2023	-2.5	Metformin	200	mg/kg		Wistar	Rats	male	8.0	high-fat diet+streptozotocin	185.0		1+every1days	84	84	NCT01204294	ADULT,OLDER_ADULT	all	PHASE3	61.0	Metformin	-1.09			364			1.41	0
PMC9681650	https://pmc.ncbi.nlm.nih.gov/articles/PMC9681650	2022	-0.1	Metformin	60	mg/kg	oral	Wistar	Rats	male	12.0	high-fat diet+streptozotocin	176.8	120.0	1+every1days	14	14	NCT01204294	ADULT,OLDER_ADULT	all	PHASE3	62.0	Metformin	-0.82			364			-0.72	1
PMC9681650	https://pmc.ncbi.nlm.nih.gov/articles/PMC9681650	2022	-0.1	Metformin	60	mg/kg	oral	Wistar	Rats	male	12.0	high-fat diet+streptozotocin	176.8	120.0	1+every1days	14	14	NCT01204294	ADULT,OLDER_ADULT	all	PHASE3	61.0	Metformin	-1.09			364			-0.9900000000000001	1
PMC4423537	https://pmc.ncbi.nlm.nih.gov/articles/PMC4423537	2013	-1.6	Metformin	300	mg/kg	oral	Otsuka Long-Evans Tokushima Fatty	Rats	male	14.0	genetic		140.0	1+every1days	84	84	NCT01204294	ADULT,OLDER_ADULT	all	PHASE3	62.0	Metformin	-0.82			364			0.7800000000000001	1
PMC4423537	https://pmc.ncbi.nlm.nih.gov/articles/PMC4423537	2013	-1.6	Metformin	300	mg/kg	oral	Otsuka Long-Evans Tokushima Fatty	Rats	male	14.0	genetic		140.0	1+every1days	84	84	NCT01204294	ADULT,OLDER_ADULT	all	PHASE3	61.0	Metformin	-1.09			364			0.51	1
PMC9470898	https://pmc.ncbi.nlm.nih.gov/articles/PMC9470898	2022	-0.5	Metformin	0.1	% (w/w)	oral	NONcNZO10/LtJ	Mice	male	10.0	genetic		147.0		126		NCT01204294	ADULT,OLDER_ADULT	all	PHASE3	62.0	Metformin	-0.82			364			-0.31999999999999995	1
PMC9470898	https://pmc.ncbi.nlm.nih.gov/articles/PMC9470898	2022	-0.5	Metformin	0.1	% (w/w)	oral	NONcNZO10/LtJ	Mice	male	10.0	genetic		147.0		126		NCT01204294	ADULT,OLDER_ADULT	all	PHASE3	61.0	Metformin	-1.09			364			-0.5900000000000001	1
PMC5840580	https://pmc.ncbi.nlm.nih.gov/articles/PMC5840580	2017	-1.5	Metformin	300	mg/kg	oral	Otsuka Long-Evans Tokushima Fatty	Rats	male	6.0	high-fat diet		168.0	1+every1days	84	84	NCT01204294	ADULT,OLDER_ADULT	all	PHASE3	62.0	Metformin	-0.82			364			0.68	1
PMC5840580	https://pmc.ncbi.nlm.nih.gov/articles/PMC5840580	2017	-1.5	Metformin	300	mg/kg	oral	Otsuka Long-Evans Tokushima Fatty	Rats	male	6.0	high-fat diet		168.0	1+every1days	84	84	NCT01204294	ADULT,OLDER_ADULT	all	PHASE3	61.0	Metformin	-1.09			364			0.4099999999999999	1
PMC3465985	https://pmc.ncbi.nlm.nih.gov/articles/PMC3465985	2012	-1.31	Metformin	350	mg/kg	oral	Spontaneously Diabetic Torii	Rats	male	10.0	genetic		175.0	1+every1days	119	119	NCT01204294	ADULT,OLDER_ADULT	all	PHASE3	62.0	Metformin	-0.82			364			0.4900000000000001	1
PMC3465985	https://pmc.ncbi.nlm.nih.gov/articles/PMC3465985	2012	-1.31	Metformin	350	mg/kg	oral	Spontaneously Diabetic Torii	Rats	male	10.0	genetic		175.0	1+every1days	119	119	NCT01204294	ADULT,OLDER_ADULT	all	PHASE3	61.0	Metformin	-1.09			364			0.21999999999999997	1
PMC5319739	https://pmc.ncbi.nlm.nih.gov/articles/PMC5319739	2017	-4.2	Metformin	50	mg/kg	gastric intubation	Psammomys obesus	Gerbillinae	male	30.0	high-fat diet	100.0	240.0	1+every1days	84	84	NCT01204294	ADULT,OLDER_ADULT	all	PHASE3	62.0	Metformin	-0.82			364			3.3800000000000003	0
PMC5319739	https://pmc.ncbi.nlm.nih.gov/articles/PMC5319739	2017	-4.2	Metformin	50	mg/kg	gastric intubation	Psammomys obesus	Gerbillinae	male	30.0	high-fat diet	100.0	240.0	1+every1days	84	84	NCT01204294	ADULT,OLDER_ADULT	all	PHASE3	61.0	Metformin	-1.09			364			3.1100000000000003	0
PMC9698742	https://pmc.ncbi.nlm.nih.gov/articles/PMC9698742	2022	-2.6	Metformin	200	mg/kg	oral	Wistar	Rats	male	5.0	streptozotocin	225.0	270.0	1+every1days	45	45	NCT01204294	ADULT,OLDER_ADULT	all	PHASE3	62.0	Metformin	-0.82			364			1.7800000000000002	0
PMC9698742	https://pmc.ncbi.nlm.nih.gov/articles/PMC9698742	2022	-2.6	Metformin	200	mg/kg	oral	Wistar	Rats	male	5.0	streptozotocin	225.0	270.0	1+every1days	45	45	NCT01204294	ADULT,OLDER_ADULT	all	PHASE3	61.0	Metformin	-1.09			364			1.51	0
PMC7727825	https://pmc.ncbi.nlm.nih.gov/articles/PMC7727825	2020	-3	Metformin	200	mg/kg	oral	C57BLKS/J-db/db	Mice	male	8.0	genetic		35.0	1+every1days	63	63	NCT01204294	ADULT,OLDER_ADULT	all	PHASE3	62.0	Metformin	-0.82			364			2.18	0
PMC7727825	https://pmc.ncbi.nlm.nih.gov/articles/PMC7727825	2020	-3	Metformin	200	mg/kg	oral	C57BLKS/J-db/db	Mice	male	8.0	genetic		35.0	1+every1days	63	63	NCT01204294	ADULT,OLDER_ADULT	all	PHASE3	61.0	Metformin	-1.09			364			1.91	0
PMC6701666	https://pmc.ncbi.nlm.nih.gov/articles/PMC6701666	2019	0	Linagliptin	3	mg/kg	oral	db/db	Mice	female	12.0	genetic		38.5	1+every1days	42	42	NCT01204294	ADULT,OLDER_ADULT	all	PHASE3	63.0	Linagliptin	-0.73	5.0	1+every1days	364	364	1820.0	-0.73	1
PMC6701666	https://pmc.ncbi.nlm.nih.gov/articles/PMC6701666	2019	0	Linagliptin	3	mg/kg	oral	db/db	Mice	female	12.0	genetic		38.5	1+every1days	42	42	NCT01204294	ADULT,OLDER_ADULT	all	PHASE3	73.0	Linagliptin	-0.79	5.0	1+every1days	364	364	1820.0	-0.79	1
PMC6701666	https://pmc.ncbi.nlm.nih.gov/articles/PMC6701666	2019	0	Linagliptin	3	mg/kg	oral	db/db	Mice	female	12.0	genetic		38.5	1+every1days	42	42	NCT01204294	ADULT,OLDER_ADULT	all	PHASE3	82.0	Linagliptin	-0.88	5.0	1+every1days	364	364	1820.0	-0.88	1
PMC6701666	https://pmc.ncbi.nlm.nih.gov/articles/PMC6701666	2019	0	Linagliptin	3	mg/kg	oral	db/db	Mice	female	12.0	genetic		38.5	1+every1days	42	42	NCT01204294	ADULT,OLDER_ADULT	all	PHASE3	85.0	Linagliptin	-0.91	5.0	1+every1days	364	364	1820.0	-0.91	1
PMC7598587	https://pmc.ncbi.nlm.nih.gov/articles/PMC7598587	2020	-1.85	Metformin	200	mg/kg	oral	C57BL/6N	Mice	male	8.0	high-fat diet+streptozotocin		38.5	1+every1days	28	28	NCT01204294	ADULT,OLDER_ADULT	all	PHASE3	62.0	Metformin	-0.82			364			1.0300000000000002	1
PMC7598587	https://pmc.ncbi.nlm.nih.gov/articles/PMC7598587	2020	-1.85	Metformin	200	mg/kg	oral	C57BL/6N	Mice	male	8.0	high-fat diet+streptozotocin		38.5	1+every1days	28	28	NCT01204294	ADULT,OLDER_ADULT	all	PHASE3	61.0	Metformin	-1.09			364			0.76	1
PMC4726511	https://pmc.ncbi.nlm.nih.gov/articles/PMC4726511	2016	-0.6	Metformin	10	mg/kg	oral	db/db	Mice		5.0	genetic		42.0	1+every1days	28	28	NCT01204294	ADULT,OLDER_ADULT	all	PHASE3	62.0	Metformin	-0.82			364			-0.21999999999999997	1
PMC4726511	https://pmc.ncbi.nlm.nih.gov/articles/PMC4726511	2016	-0.6	Metformin	10	mg/kg	oral	db/db	Mice		5.0	genetic		42.0	1+every1days	28	28	NCT01204294	ADULT,OLDER_ADULT	all	PHASE3	61.0	Metformin	-1.09			364			-0.4900000000000001	1
PMC5485244	https://pmc.ncbi.nlm.nih.gov/articles/PMC5485244	2017	-0.4	Metformin	500	mg/kg	oral	C57BL/6J	Mice	male	16.0	high-fat diet		42.0	1+every1days	84	84	NCT01204294	ADULT,OLDER_ADULT	all	PHASE3	62.0	Metformin	-0.82			364			-0.41999999999999993	1
PMC5485244	https://pmc.ncbi.nlm.nih.gov/articles/PMC5485244	2017	-0.4	Metformin	500	mg/kg	oral	C57BL/6J	Mice	male	16.0	high-fat diet		42.0	1+every1days	84	84	NCT01204294	ADULT,OLDER_ADULT	all	PHASE3	61.0	Metformin	-1.09			364			-0.6900000000000001	1
PMC5152931	https://pmc.ncbi.nlm.nih.gov/articles/PMC5152931	2016	-2	Linagliptin	0.083	mg/kg	oral	Wistar	Rats	male	22.0	streptozotocin		42.0		168		NCT01204294	ADULT,OLDER_ADULT	all	PHASE3	63.0	Linagliptin	-0.73	5.0	1+every1days	364	364	1820.0	1.27	0
PMC5152931	https://pmc.ncbi.nlm.nih.gov/articles/PMC5152931	2016	-2	Linagliptin	0.083	mg/kg	oral	Wistar	Rats	male	22.0	streptozotocin		42.0		168		NCT01204294	ADULT,OLDER_ADULT	all	PHASE3	73.0	Linagliptin	-0.79	5.0	1+every1days	364	364	1820.0	1.21	0
PMC5152931	https://pmc.ncbi.nlm.nih.gov/articles/PMC5152931	2016	-2	Linagliptin	0.083	mg/kg	oral	Wistar	Rats	male	22.0	streptozotocin		42.0		168		NCT01204294	ADULT,OLDER_ADULT	all	PHASE3	82.0	Linagliptin	-0.88	5.0	1+every1days	364	364	1820.0	1.12	0
PMC5152931	https://pmc.ncbi.nlm.nih.gov/articles/PMC5152931	2016	-2	Linagliptin	0.083	mg/kg	oral	Wistar	Rats	male	22.0	streptozotocin		42.0		168		NCT01204294	ADULT,OLDER_ADULT	all	PHASE3	85.0	Linagliptin	-0.91	5.0	1+every1days	364	364	1820.0	1.0899999999999999	0
PMC6273299	https://pmc.ncbi.nlm.nih.gov/articles/PMC6273299	2016	-1.3	Metformin	200	mg/kg		Zucker Diabetic Fatty	Rats	male	6.0	high-fat diet		42.0	1+every1days	84	84	NCT01204294	ADULT,OLDER_ADULT	all	PHASE3	62.0	Metformin	-0.82			364			0.4800000000000001	1
PMC6273299	https://pmc.ncbi.nlm.nih.gov/articles/PMC6273299	2016	-1.3	Metformin	200	mg/kg		Zucker Diabetic Fatty	Rats	male	6.0	high-fat diet		42.0	1+every1days	84	84	NCT01204294	ADULT,OLDER_ADULT	all	PHASE3	61.0	Metformin	-1.09			364			0.20999999999999996	1
PMC3327803	https://pmc.ncbi.nlm.nih.gov/articles/PMC3327803	2012	0.3	Metformin	200	mg/kg	intraperitoneal	db/db	Mice	male	11.0	genetic		49.0	1+every1days	126	126	NCT01204294	ADULT,OLDER_ADULT	all	PHASE3	62.0	Metformin	-0.82			364			-1.1199999999999999	0
PMC3327803	https://pmc.ncbi.nlm.nih.gov/articles/PMC3327803	2012	0.3	Metformin	200	mg/kg	intraperitoneal	db/db	Mice	male	11.0	genetic		49.0	1+every1days	126	126	NCT01204294	ADULT,OLDER_ADULT	all	PHASE3	61.0	Metformin	-1.09			364			-1.3900000000000001	0
PMC3907559	https://pmc.ncbi.nlm.nih.gov/articles/PMC3907559	2014	-3	Metformin	200	mg/kg	oral	Zucker Diabetic Fatty	Rats	male	10.0	genetic		49.0	2+every1days	32	64	NCT01204294	ADULT,OLDER_ADULT	all	PHASE3	62.0	Metformin	-0.82			364			2.18	0
PMC3907559	https://pmc.ncbi.nlm.nih.gov/articles/PMC3907559	2014	-3	Metformin	200	mg/kg	oral	Zucker Diabetic Fatty	Rats	male	10.0	genetic		49.0	2+every1days	32	64	NCT01204294	ADULT,OLDER_ADULT	all	PHASE3	61.0	Metformin	-1.09			364			1.91	0
PMC7381706	https://pmc.ncbi.nlm.nih.gov/articles/PMC7381706	2020	-0.1	Metformin	250	mg/kg	oral	ob/ob	Mice	male	8.0	genetic		52.5	1+every1days	26	26	NCT01204294	ADULT,OLDER_ADULT	all	PHASE3	62.0	Metformin	-0.82			364			-0.72	1
PMC7381706	https://pmc.ncbi.nlm.nih.gov/articles/PMC7381706	2020	-0.1	Metformin	250	mg/kg	oral	ob/ob	Mice	male	8.0	genetic		52.5	1+every1days	26	26	NCT01204294	ADULT,OLDER_ADULT	all	PHASE3	61.0	Metformin	-1.09			364			-0.9900000000000001	1
PMC10203393	https://pmc.ncbi.nlm.nih.gov/articles/PMC10203393	2023	-5.5	Metformin	0.2	g/kg	oral	Sprague-Dawley	Rats	male	8.0	high-fat diet+streptozotocin	150.0	52.5	1+every1days	70	70	NCT01204294	ADULT,OLDER_ADULT	all	PHASE3	62.0	Metformin	-0.82			364			4.68	0
PMC10203393	https://pmc.ncbi.nlm.nih.gov/articles/PMC10203393	2023	-5.5	Metformin	0.2	g/kg	oral	Sprague-Dawley	Rats	male	8.0	high-fat diet+streptozotocin	150.0	52.5	1+every1days	70	70	NCT01204294	ADULT,OLDER_ADULT	all	PHASE3	61.0	Metformin	-1.09			364			4.41	0
PMC10323656	https://pmc.ncbi.nlm.nih.gov/articles/PMC10323656	2023	-1.1	Metformin	200	mg/kg	oral gavage	C57BL/6	Mice	male	12.0	high-fat diet+streptozotocin	24.0	56.0	1+every1days	28	28	NCT01204294	ADULT,OLDER_ADULT	all	PHASE3	62.0	Metformin	-0.82			364			0.28000000000000014	1
PMC10323656	https://pmc.ncbi.nlm.nih.gov/articles/PMC10323656	2023	-1.1	Metformin	200	mg/kg	oral gavage	C57BL/6	Mice	male	12.0	high-fat diet+streptozotocin	24.0	56.0	1+every1days	28	28	NCT01204294	ADULT,OLDER_ADULT	all	PHASE3	61.0	Metformin	-1.09			364			0.010000000000000009	1
PMC3855476	https://pmc.ncbi.nlm.nih.gov/articles/PMC3855476	2014	-0.7	Metformin	300	mg/kg	oral	db/db	Mice	male	10.0	genetic	44.0	56.0	1+every1days	14	14	NCT01204294	ADULT,OLDER_ADULT	all	PHASE3	62.0	Metformin	-0.82			364			-0.12	1
PMC3855476	https://pmc.ncbi.nlm.nih.gov/articles/PMC3855476	2014	-0.7	Metformin	300	mg/kg	oral	db/db	Mice	male	10.0	genetic	44.0	56.0	1+every1days	14	14	NCT01204294	ADULT,OLDER_ADULT	all	PHASE3	61.0	Metformin	-1.09			364			-0.3900000000000001	1
PMC5881648	https://pmc.ncbi.nlm.nih.gov/articles/PMC5881648	2018	-3.3	Metformin	200	mg/kg	gavage	Sprague-Dawley	Rats	male	10.0	streptozotocin	200.0	56.0	1+every1days	77	77	NCT01204294	ADULT,OLDER_ADULT	all	PHASE3	62.0	Metformin	-0.82			364			2.48	0
PMC5881648	https://pmc.ncbi.nlm.nih.gov/articles/PMC5881648	2018	-3.3	Metformin	200	mg/kg	gavage	Sprague-Dawley	Rats	male	10.0	streptozotocin	200.0	56.0	1+every1days	77	77	NCT01204294	ADULT,OLDER_ADULT	all	PHASE3	61.0	Metformin	-1.09			364			2.21	0
PMC4444588	https://pmc.ncbi.nlm.nih.gov/articles/PMC4444588	2015	-4	Metformin	500	mg/kg	intragastric	Sprague-Dawley	Rats	male	7.0	high-fat diet+streptozotocin	190.0	60.0	1+every1days	56	56	NCT01204294	ADULT,OLDER_ADULT	all	PHASE3	62.0	Metformin	-0.82			364			3.18	0
PMC4444588	https://pmc.ncbi.nlm.nih.gov/articles/PMC4444588	2015	-4	Metformin	500	mg/kg	intragastric	Sprague-Dawley	Rats	male	7.0	high-fat diet+streptozotocin	190.0	60.0	1+every1days	56	56	NCT01204294	ADULT,OLDER_ADULT	all	PHASE3	61.0	Metformin	-1.09			364			2.91	0
PMC4444588	https://pmc.ncbi.nlm.nih.gov/articles/PMC4444588	2015	-1	Metformin	150	mg/kg	intragastric	Sprague-Dawley	Rats	male	8.0	high-fat diet+streptozotocin	190.0	60.0	1+every1days	56	56	NCT01204294	ADULT,OLDER_ADULT	all	PHASE3	62.0	Metformin	-0.82			364			0.18000000000000005	1
PMC4444588	https://pmc.ncbi.nlm.nih.gov/articles/PMC4444588	2015	-2	Metformin	300	mg/kg	intragastric	Sprague-Dawley	Rats	male	8.0	high-fat diet+streptozotocin	190.0	60.0	1+every1days	56	56	NCT01204294	ADULT,OLDER_ADULT	all	PHASE3	62.0	Metformin	-0.82			364			1.1800000000000002	0
PMC4444588	https://pmc.ncbi.nlm.nih.gov/articles/PMC4444588	2015	-1	Metformin	150	mg/kg	intragastric	Sprague-Dawley	Rats	male	8.0	high-fat diet+streptozotocin	190.0	60.0	1+every1days	56	56	NCT01204294	ADULT,OLDER_ADULT	all	PHASE3	61.0	Metformin	-1.09			364			-0.09000000000000008	1
PMC4444588	https://pmc.ncbi.nlm.nih.gov/articles/PMC4444588	2015	-2	Metformin	300	mg/kg	intragastric	Sprague-Dawley	Rats	male	8.0	high-fat diet+streptozotocin	190.0	60.0	1+every1days	56	56	NCT01204294	ADULT,OLDER_ADULT	all	PHASE3	61.0	Metformin	-1.09			364			0.9099999999999999	1
PMC4097088	https://pmc.ncbi.nlm.nih.gov/articles/PMC4097088	2014	-0.6	Metformin	300	mg/kg	oral	C57BL/6	Mice		8.0	high-fat diet		70.0	1+every1days	14	14	NCT01204294	ADULT,OLDER_ADULT	all	PHASE3	62.0	Metformin	-0.82			364			-0.21999999999999997	1
PMC4097088	https://pmc.ncbi.nlm.nih.gov/articles/PMC4097088	2014	-0.6	Metformin	300	mg/kg	oral	C57BL/6	Mice		8.0	high-fat diet		70.0	1+every1days	14	14	NCT01204294	ADULT,OLDER_ADULT	all	PHASE3	61.0	Metformin	-1.09			364			-0.4900000000000001	1
PMC9457892	https://pmc.ncbi.nlm.nih.gov/articles/PMC9457892	2022	-4.3	Metformin	150	mg/kg	oral	C57BL/6	Mice	male	8.0	streptozotocin	27.5	70.0	1+every1days	42	42	NCT01204294	ADULT,OLDER_ADULT	all	PHASE3	62.0	Metformin	-0.82			364			3.48	0
PMC9457892	https://pmc.ncbi.nlm.nih.gov/articles/PMC9457892	2022	-4.3	Metformin	150	mg/kg	oral	C57BL/6	Mice	male	8.0	streptozotocin	27.5	70.0	1+every1days	42	42	NCT01204294	ADULT,OLDER_ADULT	all	PHASE3	61.0	Metformin	-1.09			364			3.21	0
PMC8745465	https://pmc.ncbi.nlm.nih.gov/articles/PMC8745465	2021	-1.51	Metformin	120	mg/kg	oral	Wistar	Rats	male	30.0	high-fat diet+streptozotocin	170.0	70.0	1+every1days	35	35	NCT01204294	ADULT,OLDER_ADULT	all	PHASE3	62.0	Metformin	-0.82			364			0.6900000000000001	1
PMC8745465	https://pmc.ncbi.nlm.nih.gov/articles/PMC8745465	2021	-1.51	Metformin	120	mg/kg	oral	Wistar	Rats	male	30.0	high-fat diet+streptozotocin	170.0	70.0	1+every1days	35	35	NCT01204294	ADULT,OLDER_ADULT	all	PHASE3	61.0	Metformin	-1.09			364			0.41999999999999993	1
PMC5489512	https://pmc.ncbi.nlm.nih.gov/articles/PMC5489512	2017	-0.3	Linagliptin	2	mg/kg	oral	KK-Ay	Mice	female	10.0	genetic	50.0		1+every1days	42	42	NCT01214239	ADULT,OLDER_ADULT	all	PHASE3	196.0	Linagliptin	-0.68	5.0	1+every1days	168	168	840.0	-0.38000000000000006	1
PMC5489512	https://pmc.ncbi.nlm.nih.gov/articles/PMC5489512	2017	-0.3	Linagliptin	2	mg/kg	oral	KK-Ay	Mice	female	10.0	genetic	50.0		1+every1days	42	42	NCT01214239	ADULT,OLDER_ADULT	all	PHASE3	168.0	Linagliptin	-0.69	5.0	1+every1days	168	168	840.0	-0.38999999999999996	1
PMC6701666	https://pmc.ncbi.nlm.nih.gov/articles/PMC6701666	2019	0	Linagliptin	3	mg/kg	oral	db/db	Mice	female	12.0	genetic		38.5	1+every1days	42	42	NCT01214239	ADULT,OLDER_ADULT	all	PHASE3	196.0	Linagliptin	-0.68	5.0	1+every1days	168	168	840.0	-0.68	1
PMC6701666	https://pmc.ncbi.nlm.nih.gov/articles/PMC6701666	2019	0	Linagliptin	3	mg/kg	oral	db/db	Mice	female	12.0	genetic		38.5	1+every1days	42	42	NCT01214239	ADULT,OLDER_ADULT	all	PHASE3	168.0	Linagliptin	-0.69	5.0	1+every1days	168	168	840.0	-0.69	1
PMC5152931	https://pmc.ncbi.nlm.nih.gov/articles/PMC5152931	2016	-2	Linagliptin	0.083	mg/kg	oral	Wistar	Rats	male	22.0	streptozotocin		42.0		168		NCT01214239	ADULT,OLDER_ADULT	all	PHASE3	196.0	Linagliptin	-0.68	5.0	1+every1days	168	168	840.0	1.3199999999999998	0
PMC5152931	https://pmc.ncbi.nlm.nih.gov/articles/PMC5152931	2016	-2	Linagliptin	0.083	mg/kg	oral	Wistar	Rats	male	22.0	streptozotocin		42.0		168		NCT01214239	ADULT,OLDER_ADULT	all	PHASE3	168.0	Linagliptin	-0.69	5.0	1+every1days	168	168	840.0	1.31	0
PMC5489512	https://pmc.ncbi.nlm.nih.gov/articles/PMC5489512	2017	-0.3	Linagliptin	2	mg/kg	oral	KK-Ay	Mice	female	10.0	genetic	50.0		1+every1days	42	42	NCT01215097	ADULT,OLDER_ADULT	all	PHASE3	203.0	Linagliptin	-0.66	5.0	1+every1days	168	168	840.0	-0.36000000000000004	1
PMC5489512	https://pmc.ncbi.nlm.nih.gov/articles/PMC5489512	2017	-0.3	Linagliptin	2	mg/kg	oral	KK-Ay	Mice	female	10.0	genetic	50.0		1+every1days	42	42	NCT01215097	ADULT,OLDER_ADULT	all	PHASE3	182.0	Linagliptin	-0.68	5.0	1+every1days	168	168	840.0	-0.38000000000000006	1
PMC6701666	https://pmc.ncbi.nlm.nih.gov/articles/PMC6701666	2019	0	Linagliptin	3	mg/kg	oral	db/db	Mice	female	12.0	genetic		38.5	1+every1days	42	42	NCT01215097	ADULT,OLDER_ADULT	all	PHASE3	203.0	Linagliptin	-0.66	5.0	1+every1days	168	168	840.0	-0.66	1
PMC6701666	https://pmc.ncbi.nlm.nih.gov/articles/PMC6701666	2019	0	Linagliptin	3	mg/kg	oral	db/db	Mice	female	12.0	genetic		38.5	1+every1days	42	42	NCT01215097	ADULT,OLDER_ADULT	all	PHASE3	182.0	Linagliptin	-0.68	5.0	1+every1days	168	168	840.0	-0.68	1
PMC5152931	https://pmc.ncbi.nlm.nih.gov/articles/PMC5152931	2016	-2	Linagliptin	0.083	mg/kg	oral	Wistar	Rats	male	22.0	streptozotocin		42.0		168		NCT01215097	ADULT,OLDER_ADULT	all	PHASE3	203.0	Linagliptin	-0.66	5.0	1+every1days	168	168	840.0	1.3399999999999999	0
PMC5152931	https://pmc.ncbi.nlm.nih.gov/articles/PMC5152931	2016	-2	Linagliptin	0.083	mg/kg	oral	Wistar	Rats	male	22.0	streptozotocin		42.0		168		NCT01215097	ADULT,OLDER_ADULT	all	PHASE3	182.0	Linagliptin	-0.68	5.0	1+every1days	168	168	840.0	1.3199999999999998	0
PMC6701666	https://pmc.ncbi.nlm.nih.gov/articles/PMC6701666	2019	0	Glimepiride	2	mg/kg	oral	db/db	Mice	female	12.0	genetic		38.5	1+every1days	42	42	NCT01243424	ADULT,OLDER_ADULT	all	PHASE3	2949.0	Glimepiride	0.15	2.5	1+every1days	3024	3024	7560.0	0.15	1
PMC6273299	https://pmc.ncbi.nlm.nih.gov/articles/PMC6273299	2016	-0.3	Glimepiride	5	mg/kg		Zucker Diabetic Fatty	Rats	male	6.0	high-fat diet		42.0	1+every1days	84	84	NCT01243424	ADULT,OLDER_ADULT	all	PHASE3	2949.0	Glimepiride	0.15	2.5	1+every1days	3024	3024	7560.0	0.44999999999999996	1
PMC3610345	https://pmc.ncbi.nlm.nih.gov/articles/PMC3610345	2013	-1	Glimepiride	2.5	mg/kg	oral	db/db	Mice	male		genetic		49.0	1+every1days	42	42	NCT01243424	ADULT,OLDER_ADULT	all	PHASE3	2949.0	Glimepiride	0.15	2.5	1+every1days	3024	3024	7560.0	1.15	0
PMC4457365	https://pmc.ncbi.nlm.nih.gov/articles/PMC4457365	2014	-0.2	Alogliptin	20	mg/kg	oral	UCD-T2DM	Rats	male	32.0	genetic		60.0	1+every1days	365	365	NCT01263470	ADULT,OLDER_ADULT	all	PHASE2	79.0	Alogliptin	-0.51	6.25	1+every1days	84	84	525.0	-0.31	1
PMC4457365	https://pmc.ncbi.nlm.nih.gov/articles/PMC4457365	2014	-0.2	Alogliptin	20	mg/kg	oral	UCD-T2DM	Rats	male	32.0	genetic		60.0	1+every1days	365	365	NCT01263470	ADULT,OLDER_ADULT	all	PHASE2	84.0	Alogliptin	-0.7	12.5	1+every1days	84	84	1050.0	-0.49999999999999994	1
PMC4457365	https://pmc.ncbi.nlm.nih.gov/articles/PMC4457365	2014	-0.2	Alogliptin	20	mg/kg	oral	UCD-T2DM	Rats	male	32.0	genetic		60.0	1+every1days	365	365	NCT01263470	ADULT,OLDER_ADULT	all	PHASE2	79.0	Alogliptin	-0.76	25.0	1+every1days	84	84	2100.0	-0.56	1
PMC4457365	https://pmc.ncbi.nlm.nih.gov/articles/PMC4457365	2014	-0.2	Alogliptin	20	mg/kg	oral	UCD-T2DM	Rats	male	32.0	genetic		60.0	1+every1days	365	365	NCT01263470	ADULT,OLDER_ADULT	all	PHASE2	79.0	Alogliptin	-0.82	50.0	1+every1days	84	84	4200.0	-0.6199999999999999	1
PMC9786790	https://pmc.ncbi.nlm.nih.gov/articles/PMC9786790	2022	-1	Voglibose	1	mg/kg	intragastric	KK-Ay	Mice	male	8.0	high-fat diet	30.0	98.0	1+every1days	56	56	NCT01263470	ADULT,OLDER_ADULT	all	PHASE2	83.0	Voglibose	-0.16	0.2	3+every1days	84	252	50.400000000000006	0.84	1
PMC5089752	https://pmc.ncbi.nlm.nih.gov/articles/PMC5089752	2016	-1.88	Voglibose	0.6	mg/kg	oral	Otsuka Long-Evans Tokushima Fatty	Rats	male	10.0	genetic		98.0	1+every1days	84	84	NCT01263470	ADULT,OLDER_ADULT	all	PHASE2	83.0	Voglibose	-0.16	0.2	3+every1days	84	252	50.400000000000006	1.72	0
PMC9786790	https://pmc.ncbi.nlm.nih.gov/articles/PMC9786790	2022	-1	Voglibose	1	mg/kg	intragastric	KK-Ay	Mice	male	8.0	high-fat diet	30.0	98.0	1+every1days	56	56	NCT01263483	ADULT,OLDER_ADULT	all	PHASE2,PHASE3	74.0	Voglibose	0.04	0.2	3+every1days	84	252	50.400000000000006	1.04	0
PMC5089752	https://pmc.ncbi.nlm.nih.gov/articles/PMC5089752	2016	-1.88	Voglibose	0.6	mg/kg	oral	Otsuka Long-Evans Tokushima Fatty	Rats	male	10.0	genetic		98.0	1+every1days	84	84	NCT01263483	ADULT,OLDER_ADULT	all	PHASE2,PHASE3	74.0	Voglibose	0.04	0.2	3+every1days	84	252	50.400000000000006	1.92	0
PMC4457365	https://pmc.ncbi.nlm.nih.gov/articles/PMC4457365	2014	-0.2	Alogliptin	20	mg/kg	oral	UCD-T2DM	Rats	male	32.0	genetic		60.0	1+every1days	365	365	NCT01263496	ADULT,OLDER_ADULT	all	PHASE2	81.0	Alogliptin	-0.33	6.25	1+every1days	280	280	1750.0	-0.13	1
PMC4457365	https://pmc.ncbi.nlm.nih.gov/articles/PMC4457365	2014	-0.2	Alogliptin	20	mg/kg	oral	UCD-T2DM	Rats	male	32.0	genetic		60.0	1+every1days	365	365	NCT01263496	ADULT,OLDER_ADULT	all	PHASE2	79.0	Alogliptin	-0.48	12.5	1+every1days	280	280	3500.0	-0.27999999999999997	1
PMC4457365	https://pmc.ncbi.nlm.nih.gov/articles/PMC4457365	2014	-0.2	Alogliptin	20	mg/kg	oral	UCD-T2DM	Rats	male	32.0	genetic		60.0	1+every1days	365	365	NCT01263496	ADULT,OLDER_ADULT	all	PHASE2	79.0	Alogliptin	-0.66	25.0	1+every1days	280	280	7000.0	-0.46	1
PMC4457365	https://pmc.ncbi.nlm.nih.gov/articles/PMC4457365	2014	-0.2	Alogliptin	20	mg/kg	oral	UCD-T2DM	Rats	male	32.0	genetic		60.0	1+every1days	365	365	NCT01263496	ADULT,OLDER_ADULT	all	PHASE2	84.0	Alogliptin	-0.77	50.0	1+every1days	280	280	14000.0	-0.5700000000000001	1
PMC9786790	https://pmc.ncbi.nlm.nih.gov/articles/PMC9786790	2022	-1	Voglibose	1	mg/kg	intragastric	KK-Ay	Mice	male	8.0	high-fat diet	30.0	98.0	1+every1days	56	56	NCT01263496	ADULT,OLDER_ADULT	all	PHASE2	63.0	Voglibose	-0.28	0.2	3+every1days	280	840	168.0	0.72	1
PMC5089752	https://pmc.ncbi.nlm.nih.gov/articles/PMC5089752	2016	-1.88	Voglibose	0.6	mg/kg	oral	Otsuka Long-Evans Tokushima Fatty	Rats	male	10.0	genetic		98.0	1+every1days	84	84	NCT01263496	ADULT,OLDER_ADULT	all	PHASE2	63.0	Voglibose	-0.28	0.2	3+every1days	280	840	168.0	1.5999999999999999	0
PMC4457365	https://pmc.ncbi.nlm.nih.gov/articles/PMC4457365	2014	-0.2	Alogliptin	20	mg/kg	oral	UCD-T2DM	Rats	male	32.0	genetic		60.0	1+every1days	365	365	NCT01289119	ADULT,OLDER_ADULT	all	PHASE3	90.0	Alogliptin	-0.99	25.0	1+every1days	112	112	2800.0	-0.79	1
PMC4000968	https://pmc.ncbi.nlm.nih.gov/articles/PMC4000968	2014	-1.21	Sitagliptin Phosphate	10	mg/kg	oral	Zucker Diabetic Fatty	Rats		7.0	genetic		140.0	1+every1days	42	42	NCT01289990	ADULT,OLDER_ADULT	all	PHASE3	108.0	Sitagliptin Phosphate	-0.48	100.0	1+every1days	532	532	53200.0	0.73	1
PMC4000968	https://pmc.ncbi.nlm.nih.gov/articles/PMC4000968	2014	-1.21	Sitagliptin Phosphate	10	mg/kg	oral	Zucker Diabetic Fatty	Rats		7.0	genetic		140.0	1+every1days	42	42	NCT01289990	ADULT,OLDER_ADULT	all	PHASE3	223.0	Sitagliptin Phosphate	-0.53	100.0	1+every1days	532	532	53200.0	0.6799999999999999	1
PMC4000968	https://pmc.ncbi.nlm.nih.gov/articles/PMC4000968	2014	-1.21	Sitagliptin Phosphate	10	mg/kg	oral	Zucker Diabetic Fatty	Rats		7.0	genetic		140.0	1+every1days	42	42	NCT01289990	ADULT,OLDER_ADULT	all	PHASE3	223.0	Sitagliptin Phosphate	-0.58	100.0	1+every1days	364	364	36400.0	0.63	1
PMC3998187	https://pmc.ncbi.nlm.nih.gov/articles/PMC3998187	2014	-2	Sitagliptin Phosphate	10	mg/kg	oral	Zucker Diabetic Fatty	Rats	male	5.0	genetic		140.0	1+every1days	42	42	NCT01289990	ADULT,OLDER_ADULT	all	PHASE3	108.0	Sitagliptin Phosphate	-0.48	100.0	1+every1days	532	532	53200.0	1.52	0
PMC3998187	https://pmc.ncbi.nlm.nih.gov/articles/PMC3998187	2014	-2	Sitagliptin Phosphate	10	mg/kg	oral	Zucker Diabetic Fatty	Rats	male	5.0	genetic		140.0	1+every1days	42	42	NCT01289990	ADULT,OLDER_ADULT	all	PHASE3	223.0	Sitagliptin Phosphate	-0.53	100.0	1+every1days	532	532	53200.0	1.47	0
PMC3998187	https://pmc.ncbi.nlm.nih.gov/articles/PMC3998187	2014	-2	Sitagliptin Phosphate	10	mg/kg	oral	Zucker Diabetic Fatty	Rats	male	5.0	genetic		140.0	1+every1days	42	42	NCT01289990	ADULT,OLDER_ADULT	all	PHASE3	223.0	Sitagliptin Phosphate	-0.58	100.0	1+every1days	364	364	36400.0	1.42	0
PMC2905949	https://pmc.ncbi.nlm.nih.gov/articles/PMC2905949	2010	-0.01	Sitagliptin Phosphate	10	mg/kg	oral	Zucker Diabetic Fatty	Rats	male	8.0	genetic		140.0	1+every1days	42	42	NCT01289990	ADULT,OLDER_ADULT	all	PHASE3	108.0	Sitagliptin Phosphate	-0.48	100.0	1+every1days	532	532	53200.0	-0.47	1
PMC3235777	https://pmc.ncbi.nlm.nih.gov/articles/PMC3235777	2011	-1.78	Sitagliptin Phosphate	10	mg/kg	oral	Zucker Diabetic Fatty	Rats	male	8.0	genetic		140.0	1+every1days	42	42	NCT01289990	ADULT,OLDER_ADULT	all	PHASE3	108.0	Sitagliptin Phosphate	-0.48	100.0	1+every1days	532	532	53200.0	1.3	0
PMC2905949	https://pmc.ncbi.nlm.nih.gov/articles/PMC2905949	2010	-0.01	Sitagliptin Phosphate	10	mg/kg	oral	Zucker Diabetic Fatty	Rats	male	8.0	genetic		140.0	1+every1days	42	42	NCT01289990	ADULT,OLDER_ADULT	all	PHASE3	223.0	Sitagliptin Phosphate	-0.53	100.0	1+every1days	532	532	53200.0	-0.52	1
PMC3235777	https://pmc.ncbi.nlm.nih.gov/articles/PMC3235777	2011	-1.78	Sitagliptin Phosphate	10	mg/kg	oral	Zucker Diabetic Fatty	Rats	male	8.0	genetic		140.0	1+every1days	42	42	NCT01289990	ADULT,OLDER_ADULT	all	PHASE3	223.0	Sitagliptin Phosphate	-0.53	100.0	1+every1days	532	532	53200.0	1.25	0
PMC2905949	https://pmc.ncbi.nlm.nih.gov/articles/PMC2905949	2010	-0.01	Sitagliptin Phosphate	10	mg/kg	oral	Zucker Diabetic Fatty	Rats	male	8.0	genetic		140.0	1+every1days	42	42	NCT01289990	ADULT,OLDER_ADULT	all	PHASE3	223.0	Sitagliptin Phosphate	-0.58	100.0	1+every1days	364	364	36400.0	-0.57	1
PMC3235777	https://pmc.ncbi.nlm.nih.gov/articles/PMC3235777	2011	-1.78	Sitagliptin Phosphate	10	mg/kg	oral	Zucker Diabetic Fatty	Rats	male	8.0	genetic		140.0	1+every1days	42	42	NCT01289990	ADULT,OLDER_ADULT	all	PHASE3	223.0	Sitagliptin Phosphate	-0.58	100.0	1+every1days	364	364	36400.0	1.2000000000000002	0
PMC4514850	https://pmc.ncbi.nlm.nih.gov/articles/PMC4514850	2015	-1.3	Sitagliptin Phosphate	100	mg/kg	oral	ICR	Mice	male	8.0	high-fat diet+streptozotocin		35.0	1+every1days	56	56	NCT01289990	ADULT,OLDER_ADULT	all	PHASE3	108.0	Sitagliptin Phosphate	-0.48	100.0	1+every1days	532	532	53200.0	0.8200000000000001	1
PMC4514850	https://pmc.ncbi.nlm.nih.gov/articles/PMC4514850	2015	-1.3	Sitagliptin Phosphate	100	mg/kg	oral	ICR	Mice	male	8.0	high-fat diet+streptozotocin		35.0	1+every1days	56	56	NCT01289990	ADULT,OLDER_ADULT	all	PHASE3	223.0	Sitagliptin Phosphate	-0.53	100.0	1+every1days	532	532	53200.0	0.77	1
PMC4514850	https://pmc.ncbi.nlm.nih.gov/articles/PMC4514850	2015	-1.3	Sitagliptin Phosphate	100	mg/kg	oral	ICR	Mice	male	8.0	high-fat diet+streptozotocin		35.0	1+every1days	56	56	NCT01289990	ADULT,OLDER_ADULT	all	PHASE3	223.0	Sitagliptin Phosphate	-0.58	100.0	1+every1days	364	364	36400.0	0.7200000000000001	1
PMC3660563	https://pmc.ncbi.nlm.nih.gov/articles/PMC3660563	2013	-0.8	Sitagliptin Phosphate	1	mg/kg	oral	C57BLKS/J-db/db	Mice	male		genetic		42.0	1+every1days	42	42	NCT01289990	ADULT,OLDER_ADULT	all	PHASE3	108.0	Sitagliptin Phosphate	-0.48	100.0	1+every1days	532	532	53200.0	0.32000000000000006	1
PMC3660563	https://pmc.ncbi.nlm.nih.gov/articles/PMC3660563	2013	-0.8	Sitagliptin Phosphate	1	mg/kg	oral	C57BLKS/J-db/db	Mice	male		genetic		42.0	1+every1days	42	42	NCT01289990	ADULT,OLDER_ADULT	all	PHASE3	223.0	Sitagliptin Phosphate	-0.53	100.0	1+every1days	532	532	53200.0	0.27	1
PMC3660563	https://pmc.ncbi.nlm.nih.gov/articles/PMC3660563	2013	-0.8	Sitagliptin Phosphate	1	mg/kg	oral	C57BLKS/J-db/db	Mice	male		genetic		42.0	1+every1days	42	42	NCT01289990	ADULT,OLDER_ADULT	all	PHASE3	223.0	Sitagliptin Phosphate	-0.58	100.0	1+every1days	364	364	36400.0	0.22000000000000008	1
PMC4514850	https://pmc.ncbi.nlm.nih.gov/articles/PMC4514850	2015	-0.9	Sitagliptin Phosphate	100	mg/kg	oral	db/db	Mice	male	5.0	genetic		56.0	1+every1days	28	28	NCT01289990	ADULT,OLDER_ADULT	all	PHASE3	108.0	Sitagliptin Phosphate	-0.48	100.0	1+every1days	532	532	53200.0	0.42000000000000004	1
PMC4514850	https://pmc.ncbi.nlm.nih.gov/articles/PMC4514850	2015	-0.9	Sitagliptin Phosphate	100	mg/kg	oral	db/db	Mice	male	5.0	genetic		56.0	1+every1days	28	28	NCT01289990	ADULT,OLDER_ADULT	all	PHASE3	223.0	Sitagliptin Phosphate	-0.53	100.0	1+every1days	532	532	53200.0	0.37	1
PMC4514850	https://pmc.ncbi.nlm.nih.gov/articles/PMC4514850	2015	-0.9	Sitagliptin Phosphate	100	mg/kg	oral	db/db	Mice	male	5.0	genetic		56.0	1+every1days	28	28	NCT01289990	ADULT,OLDER_ADULT	all	PHASE3	223.0	Sitagliptin Phosphate	-0.58	100.0	1+every1days	364	364	36400.0	0.32000000000000006	1
PMC9143250	https://pmc.ncbi.nlm.nih.gov/articles/PMC9143250	2022	-8.5	Dapagliflozin	1	mg/kg	oral	Wistar	Rats	both	6.0	high-fat diet+streptozotocin	215.0		1+every1days	28	28	NCT01294423	ADULT,OLDER_ADULT	all	PHASE3	86.0	Dapagliflozin	-0.41	5.0		168			8.09	0
PMC9143250	https://pmc.ncbi.nlm.nih.gov/articles/PMC9143250	2022	-8.5	Dapagliflozin	1	mg/kg	oral	Wistar	Rats	both	6.0	high-fat diet+streptozotocin	215.0		1+every1days	28	28	NCT01294423	ADULT,OLDER_ADULT	all	PHASE3	87.0	Dapagliflozin	-0.45	10.0	1+every1days	168	168	1680.0	8.05	0
PMC10308685	https://pmc.ncbi.nlm.nih.gov/articles/PMC10308685	2023	-5.4	Dapagliflozin	1	mg/kg	oral	Zucker Diabetic Fatty	Rats	male	8.0	genetic		112.0	1+every1days	84	84	NCT01294423	ADULT,OLDER_ADULT	all	PHASE3	86.0	Dapagliflozin	-0.41	5.0		168			4.99	0
PMC10308685	https://pmc.ncbi.nlm.nih.gov/articles/PMC10308685	2023	-5.4	Dapagliflozin	1	mg/kg	oral	Zucker Diabetic Fatty	Rats	male	8.0	genetic		112.0	1+every1days	84	84	NCT01294423	ADULT,OLDER_ADULT	all	PHASE3	87.0	Dapagliflozin	-0.45	10.0	1+every1days	168	168	1680.0	4.95	0
PMC4237538	https://pmc.ncbi.nlm.nih.gov/articles/PMC4237538	2013	-1.4	Dapagliflozin	1	mg/kg	oral	ob/ob	Mice	male		genetic	43.0	56.0	1+every1days	28	28	NCT01294423	ADULT,OLDER_ADULT	all	PHASE3	86.0	Dapagliflozin	-0.41	5.0		168			0.99	1
PMC4237538	https://pmc.ncbi.nlm.nih.gov/articles/PMC4237538	2013	-1.4	Dapagliflozin	1	mg/kg	oral	ob/ob	Mice	male		genetic	43.0	56.0	1+every1days	28	28	NCT01294423	ADULT,OLDER_ADULT	all	PHASE3	87.0	Dapagliflozin	-0.45	10.0	1+every1days	168	168	1680.0	0.95	1
PMC6856656	https://pmc.ncbi.nlm.nih.gov/articles/PMC6856656	2019	-2.9	Dapagliflozin	1.0	mg/kg	oral	Zucker Diabetic Fatty	Rats	male	8.0	high-fat diet		84.0	1+every1days	63	63	NCT01294423	ADULT,OLDER_ADULT	all	PHASE3	86.0	Dapagliflozin	-0.41	5.0		168			2.4899999999999998	0
PMC6856656	https://pmc.ncbi.nlm.nih.gov/articles/PMC6856656	2019	-2.9	Dapagliflozin	1.0	mg/kg	oral	Zucker Diabetic Fatty	Rats	male	8.0	high-fat diet		84.0	1+every1days	63	63	NCT01294423	ADULT,OLDER_ADULT	all	PHASE3	87.0	Dapagliflozin	-0.45	10.0	1+every1days	168	168	1680.0	2.4499999999999997	0
PMC5089752	https://pmc.ncbi.nlm.nih.gov/articles/PMC5089752	2016	-2.04	Dapagliflozin	1.0	mg/kg	oral	Otsuka Long-Evans Tokushima Fatty	Rats	male	10.0	genetic		98.0	1+every1days	84	84	NCT01294423	ADULT,OLDER_ADULT	all	PHASE3	86.0	Dapagliflozin	-0.41	5.0		168			1.6300000000000001	0
PMC5089752	https://pmc.ncbi.nlm.nih.gov/articles/PMC5089752	2016	-2.04	Dapagliflozin	1.0	mg/kg	oral	Otsuka Long-Evans Tokushima Fatty	Rats	male	10.0	genetic		98.0	1+every1days	84	84	NCT01294423	ADULT,OLDER_ADULT	all	PHASE3	87.0	Dapagliflozin	-0.45	10.0	1+every1days	168	168	1680.0	1.59	0
PMC8953658	https://pmc.ncbi.nlm.nih.gov/articles/PMC8953658	2022	-3	Dapagliflozin	1	mg/kg	oral gavage	Zucker Diabetic Fatty	Rats	male	7.0	genetic		98.0	1+every1days	28	28	NCT01294423	ADULT,OLDER_ADULT	all	PHASE3	86.0	Dapagliflozin	-0.41	5.0		168			2.59	0
PMC8953658	https://pmc.ncbi.nlm.nih.gov/articles/PMC8953658	2022	-3	Dapagliflozin	1	mg/kg	oral gavage	Zucker Diabetic Fatty	Rats	male	7.0	genetic		98.0	1+every1days	28	28	NCT01294423	ADULT,OLDER_ADULT	all	PHASE3	87.0	Dapagliflozin	-0.45	10.0	1+every1days	168	168	1680.0	2.55	0
PMC5663708	https://pmc.ncbi.nlm.nih.gov/articles/PMC5663708	2017	-2.2	Pioglitazone	36	mg/kg	oral	Wistar	Rats	male	6.0	streptozotocin+nicotinamide	180.0		1+every1days	15	15	NCT01318070	ADULT,OLDER_ADULT	all	PHASE2,PHASE3	115.0	Pioglitazone	-0.19	22.5	1+every1days	84	84	1890.0	2.0100000000000002	0
PMC4743348	https://pmc.ncbi.nlm.nih.gov/articles/PMC4743348	2015	-5.15	Pioglitazone	20	mg/kg	oral	Wistar	Rats	male	8.0	high-fat diet+streptozotocin	175.0		1+every1days	21	21	NCT01318070	ADULT,OLDER_ADULT	all	PHASE2,PHASE3	115.0	Pioglitazone	-0.19	22.5	1+every1days	84	84	1890.0	4.96	0
PMC4743348	https://pmc.ncbi.nlm.nih.gov/articles/PMC4743348	2015	-4.3	Pioglitazone	20	mg/kg	oral	Wistar	Rats	male	8.0	streptozotocin	175.0		1+every1days	21	21	NCT01318070	ADULT,OLDER_ADULT	all	PHASE2,PHASE3	115.0	Pioglitazone	-0.19	22.5	1+every1days	84	84	1890.0	4.109999999999999	0
PMC6540170	https://pmc.ncbi.nlm.nih.gov/articles/PMC6540170	Not Found	-4.1	Pioglitazone	0.01	% (w/w)	oral	C57BLKS/J-db/db	Mice	male	10.0	genetic		28.0	1+every1days	35	35	NCT01318070	ADULT,OLDER_ADULT	all	PHASE2,PHASE3	115.0	Pioglitazone	-0.19	22.5	1+every1days	84	84	1890.0	3.9099999999999997	0
PMC6883099	https://pmc.ncbi.nlm.nih.gov/articles/PMC6883099	2019	-0.08	Pioglitazone	3	mg/kg	oral	KK-Ay	Mice	male	6.0	high-fat diet		49.0	1+every1days	28	28	NCT01318070	ADULT,OLDER_ADULT	all	PHASE2,PHASE3	115.0	Pioglitazone	-0.19	22.5	1+every1days	84	84	1890.0	-0.11	1
PMC6883099	https://pmc.ncbi.nlm.nih.gov/articles/PMC6883099	2019	-1.83	Pioglitazone	10	mg/kg	oral	KK-Ay	Mice	male	6.0	high-fat diet		49.0	1+every1days	28	28	NCT01318070	ADULT,OLDER_ADULT	all	PHASE2,PHASE3	115.0	Pioglitazone	-0.19	22.5	1+every1days	84	84	1890.0	1.6400000000000001	0
PMC6883099	https://pmc.ncbi.nlm.nih.gov/articles/PMC6883099	2019	-2.51	Pioglitazone	30	mg/kg	oral	KK-Ay	Mice	male	6.0	high-fat diet		49.0	1+every1days	28	28	NCT01318070	ADULT,OLDER_ADULT	all	PHASE2,PHASE3	115.0	Pioglitazone	-0.19	22.5	1+every1days	84	84	1890.0	2.32	0
PMC4304810	https://pmc.ncbi.nlm.nih.gov/articles/PMC4304810	2015	-4.6	Pioglitazone	10	mg/kg	oral	Zucker Diabetic Fatty	Rats	male		genetic		49.0	1+every1days	42	42	NCT01318070	ADULT,OLDER_ADULT	all	PHASE2,PHASE3	115.0	Pioglitazone	-0.19	22.5	1+every1days	84	84	1890.0	4.409999999999999	0
PMC3907559	https://pmc.ncbi.nlm.nih.gov/articles/PMC3907559	2014	-4	Pioglitazone	30	mg/kg	oral	Zucker Diabetic Fatty	Rats	male	10.0	genetic		49.0	2+every1days	32	64	NCT01318070	ADULT,OLDER_ADULT	all	PHASE2,PHASE3	115.0	Pioglitazone	-0.19	22.5	1+every1days	84	84	1890.0	3.81	0
PMC5207690	https://pmc.ncbi.nlm.nih.gov/articles/PMC5207690	2017	-0.95	Pioglitazone	4.5	mg/kg	oral	KK-Ay	Mice	male	10.0	high-fat diet		56.0	1+every1days	70	70	NCT01318070	ADULT,OLDER_ADULT	all	PHASE2,PHASE3	115.0	Pioglitazone	-0.19	22.5	1+every1days	84	84	1890.0	0.76	1
PMC5360432	https://pmc.ncbi.nlm.nih.gov/articles/PMC5360432	2017	-1.6	Pioglitazone	10	mg/kg	oral	ob/ob	Mice	male	7.0	genetic		56.0	2+every1days	28	56	NCT01318070	ADULT,OLDER_ADULT	all	PHASE2,PHASE3	115.0	Pioglitazone	-0.19	22.5	1+every1days	84	84	1890.0	1.4100000000000001	0
PMC4457365	https://pmc.ncbi.nlm.nih.gov/articles/PMC4457365	2014	-2.2	Pioglitazone	2.5	mg/kg	oral	UCD-T2DM	Rats	male	32.0	genetic		60.0	1+every1days	365	365	NCT01318070	ADULT,OLDER_ADULT	all	PHASE2,PHASE3	115.0	Pioglitazone	-0.19	22.5	1+every1days	84	84	1890.0	2.0100000000000002	0
PMC4880722	https://pmc.ncbi.nlm.nih.gov/articles/PMC4880722	2016	-3.2	Pioglitazone	30	mg/kg	oral	Zucker Diabetic Fatty	Rats	male	8.0	genetic		70.0	1+every1days	42	42	NCT01318070	ADULT,OLDER_ADULT	all	PHASE2,PHASE3	115.0	Pioglitazone	-0.19	22.5	1+every1days	84	84	1890.0	3.0100000000000002	0
PMC4791042	https://pmc.ncbi.nlm.nih.gov/articles/PMC4791042	2015	-4.5	Pioglitazone	32.19	mg/kg	oral	Zucker Diabetic Fatty	Rats	male	9.0	genetic		80.5	1+every1days	49	49	NCT01318070	ADULT,OLDER_ADULT	all	PHASE2,PHASE3	115.0	Pioglitazone	-0.19	22.5	1+every1days	84	84	1890.0	4.31	0
PMC6701666	https://pmc.ncbi.nlm.nih.gov/articles/PMC6701666	2019	0	Glimepiride	2	mg/kg	oral	db/db	Mice	female	12.0	genetic		38.5	1+every1days	42	42	NCT01318083	ADULT	all	PHASE2,PHASE3	103.0	Glimepiride	0.34	2.5	1+every1days	84	84	210.0	0.34	1
PMC6273299	https://pmc.ncbi.nlm.nih.gov/articles/PMC6273299	2016	-0.3	Glimepiride	5	mg/kg		Zucker Diabetic Fatty	Rats	male	6.0	high-fat diet		42.0	1+every1days	84	84	NCT01318083	ADULT	all	PHASE2,PHASE3	103.0	Glimepiride	0.34	2.5	1+every1days	84	84	210.0	0.64	1
PMC3610345	https://pmc.ncbi.nlm.nih.gov/articles/PMC3610345	2013	-1	Glimepiride	2.5	mg/kg	oral	db/db	Mice	male		genetic		49.0	1+every1days	42	42	NCT01318083	ADULT	all	PHASE2,PHASE3	103.0	Glimepiride	0.34	2.5	1+every1days	84	84	210.0	1.34	0
PMC5485244	https://pmc.ncbi.nlm.nih.gov/articles/PMC5485244	2017	-0.4	Metformin	500	mg/kg	oral	C57BL/6J	Mice	male	8.0	high-fat diet			1+every1days			NCT01318109	ADULT	all	PHASE2,PHASE3	100.0	Metformin	0.21	250.0	2+every1days	84	168	42000.0	0.61	1
PMC8657924	https://pmc.ncbi.nlm.nih.gov/articles/PMC8657924	2021	-4	Metformin	225	mg/kg	oral	Kunming	Mice	male	8.0	high-fat diet+streptozotocin	20.0		1+every1days	28	28	NCT01318109	ADULT	all	PHASE2,PHASE3	100.0	Metformin	0.21	250.0	2+every1days	84	168	42000.0	4.21	0
PMC3462199	https://pmc.ncbi.nlm.nih.gov/articles/PMC3462199	2012	-0.4	Metformin	400	mg/kg	intraperitoneal	db/db	Mice	male	10.0	genetic	47.5		1+every1days	14	14	NCT01318109	ADULT	all	PHASE2,PHASE3	100.0	Metformin	0.21	250.0	2+every1days	84	168	42000.0	0.61	1
PMC3462199	https://pmc.ncbi.nlm.nih.gov/articles/PMC3462199	2012	-0.3	Metformin	400	mg/kg	intraperitoneal	db/db	Mice	male	12.0	genetic	47.5		1+every1days	14	14	NCT01318109	ADULT	all	PHASE2,PHASE3	100.0	Metformin	0.21	250.0	2+every1days	84	168	42000.0	0.51	1
PMC9313150	https://pmc.ncbi.nlm.nih.gov/articles/PMC9313150	2022	-2.1	Metformin	200	mg/kg	oral	Wistar	Rats	male		high-fat diet+streptozotocin	185.0		1+every1days	84	84	NCT01318109	ADULT	all	PHASE2,PHASE3	100.0	Metformin	0.21	250.0	2+every1days	84	168	42000.0	2.31	0
PMC7092631	https://pmc.ncbi.nlm.nih.gov/articles/PMC7092631	2020	-0.82	Metformin	200	mg/kg	intragastric	Wistar	Rats	male	10.0	high-fat diet+streptozotocin	200.0		1+every1days	28	28	NCT01318109	ADULT	all	PHASE2,PHASE3	100.0	Metformin	0.21	250.0	2+every1days	84	168	42000.0	1.03	1
PMC8800605	https://pmc.ncbi.nlm.nih.gov/articles/PMC8800605	2022	-0.21	Metformin	60	mg/kg	oral	Wistar	Rats	male	12.0	high-fat diet+streptozotocin	176.8		1+every1days	14	14	NCT01318109	ADULT	all	PHASE2,PHASE3	100.0	Metformin	0.21	250.0	2+every1days	84	168	42000.0	0.42	1
PMC4826921	https://pmc.ncbi.nlm.nih.gov/articles/PMC4826921	2016	-1.6	Metformin	200	mg/kg	oral	Wistar	Rats	male	20.0	high-fat diet	110.0		1+every1days	60	60	NCT01318109	ADULT	all	PHASE2,PHASE3	100.0	Metformin	0.21	250.0	2+every1days	84	168	42000.0	1.81	0
PMC7034448	https://pmc.ncbi.nlm.nih.gov/articles/PMC7034448	2020	-5.1	Metformin	500	mg/kg	oral	Wistar	Rats	male	6.0	high-fat diet+streptozotocin	190.0		1+every1days	30	30	NCT01318109	ADULT	all	PHASE2,PHASE3	100.0	Metformin	0.21	250.0	2+every1days	84	168	42000.0	5.31	0
PMC4884299	https://pmc.ncbi.nlm.nih.gov/articles/PMC4884299	2016	-2.34	Metformin	150	mg/kg	oral	Wistar	Rats	male	6.0	streptozotocin+nicotinamide	280.0		1+every1days	42	42	NCT01318109	ADULT	all	PHASE2,PHASE3	100.0	Metformin	0.21	250.0	2+every1days	84	168	42000.0	2.55	0
PMC9953164	https://pmc.ncbi.nlm.nih.gov/articles/PMC9953164	2023	-2.5	Metformin	200	mg/kg		Wistar	Rats	male	8.0	high-fat diet+streptozotocin	185.0		1+every1days	84	84	NCT01318109	ADULT	all	PHASE2,PHASE3	100.0	Metformin	0.21	250.0	2+every1days	84	168	42000.0	2.71	0
PMC9681650	https://pmc.ncbi.nlm.nih.gov/articles/PMC9681650	2022	-0.1	Metformin	60	mg/kg	oral	Wistar	Rats	male	12.0	high-fat diet+streptozotocin	176.8	120.0	1+every1days	14	14	NCT01318109	ADULT	all	PHASE2,PHASE3	100.0	Metformin	0.21	250.0	2+every1days	84	168	42000.0	0.31	1
PMC4423537	https://pmc.ncbi.nlm.nih.gov/articles/PMC4423537	2013	-1.6	Metformin	300	mg/kg	oral	Otsuka Long-Evans Tokushima Fatty	Rats	male	14.0	genetic		140.0	1+every1days	84	84	NCT01318109	ADULT	all	PHASE2,PHASE3	100.0	Metformin	0.21	250.0	2+every1days	84	168	42000.0	1.81	0
PMC9470898	https://pmc.ncbi.nlm.nih.gov/articles/PMC9470898	2022	-0.5	Metformin	0.1	% (w/w)	oral	NONcNZO10/LtJ	Mice	male	10.0	genetic		147.0		126		NCT01318109	ADULT	all	PHASE2,PHASE3	100.0	Metformin	0.21	250.0	2+every1days	84	168	42000.0	0.71	1
PMC5840580	https://pmc.ncbi.nlm.nih.gov/articles/PMC5840580	2017	-1.5	Metformin	300	mg/kg	oral	Otsuka Long-Evans Tokushima Fatty	Rats	male	6.0	high-fat diet		168.0	1+every1days	84	84	NCT01318109	ADULT	all	PHASE2,PHASE3	100.0	Metformin	0.21	250.0	2+every1days	84	168	42000.0	1.71	0
PMC3465985	https://pmc.ncbi.nlm.nih.gov/articles/PMC3465985	2012	-1.31	Metformin	350	mg/kg	oral	Spontaneously Diabetic Torii	Rats	male	10.0	genetic		175.0	1+every1days	119	119	NCT01318109	ADULT	all	PHASE2,PHASE3	100.0	Metformin	0.21	250.0	2+every1days	84	168	42000.0	1.52	0
PMC5319739	https://pmc.ncbi.nlm.nih.gov/articles/PMC5319739	2017	-4.2	Metformin	50	mg/kg	gastric intubation	Psammomys obesus	Gerbillinae	male	30.0	high-fat diet	100.0	240.0	1+every1days	84	84	NCT01318109	ADULT	all	PHASE2,PHASE3	100.0	Metformin	0.21	250.0	2+every1days	84	168	42000.0	4.41	0
PMC9698742	https://pmc.ncbi.nlm.nih.gov/articles/PMC9698742	2022	-2.6	Metformin	200	mg/kg	oral	Wistar	Rats	male	5.0	streptozotocin	225.0	270.0	1+every1days	45	45	NCT01318109	ADULT	all	PHASE2,PHASE3	100.0	Metformin	0.21	250.0	2+every1days	84	168	42000.0	2.81	0
PMC7727825	https://pmc.ncbi.nlm.nih.gov/articles/PMC7727825	2020	-3	Metformin	200	mg/kg	oral	C57BLKS/J-db/db	Mice	male	8.0	genetic		35.0	1+every1days	63	63	NCT01318109	ADULT	all	PHASE2,PHASE3	100.0	Metformin	0.21	250.0	2+every1days	84	168	42000.0	3.21	0
PMC7598587	https://pmc.ncbi.nlm.nih.gov/articles/PMC7598587	2020	-1.85	Metformin	200	mg/kg	oral	C57BL/6N	Mice	male	8.0	high-fat diet+streptozotocin		38.5	1+every1days	28	28	NCT01318109	ADULT	all	PHASE2,PHASE3	100.0	Metformin	0.21	250.0	2+every1days	84	168	42000.0	2.06	0
PMC4726511	https://pmc.ncbi.nlm.nih.gov/articles/PMC4726511	2016	-0.6	Metformin	10	mg/kg	oral	db/db	Mice		5.0	genetic		42.0	1+every1days	28	28	NCT01318109	ADULT	all	PHASE2,PHASE3	100.0	Metformin	0.21	250.0	2+every1days	84	168	42000.0	0.8099999999999999	1
PMC5485244	https://pmc.ncbi.nlm.nih.gov/articles/PMC5485244	2017	-0.4	Metformin	500	mg/kg	oral	C57BL/6J	Mice	male	16.0	high-fat diet		42.0	1+every1days	84	84	NCT01318109	ADULT	all	PHASE2,PHASE3	100.0	Metformin	0.21	250.0	2+every1days	84	168	42000.0	0.61	1
PMC6273299	https://pmc.ncbi.nlm.nih.gov/articles/PMC6273299	2016	-1.3	Metformin	200	mg/kg		Zucker Diabetic Fatty	Rats	male	6.0	high-fat diet		42.0	1+every1days	84	84	NCT01318109	ADULT	all	PHASE2,PHASE3	100.0	Metformin	0.21	250.0	2+every1days	84	168	42000.0	1.51	0
PMC3327803	https://pmc.ncbi.nlm.nih.gov/articles/PMC3327803	2012	0.3	Metformin	200	mg/kg	intraperitoneal	db/db	Mice	male	11.0	genetic		49.0	1+every1days	126	126	NCT01318109	ADULT	all	PHASE2,PHASE3	100.0	Metformin	0.21	250.0	2+every1days	84	168	42000.0	-0.09	1
PMC3907559	https://pmc.ncbi.nlm.nih.gov/articles/PMC3907559	2014	-3	Metformin	200	mg/kg	oral	Zucker Diabetic Fatty	Rats	male	10.0	genetic		49.0	2+every1days	32	64	NCT01318109	ADULT	all	PHASE2,PHASE3	100.0	Metformin	0.21	250.0	2+every1days	84	168	42000.0	3.21	0
PMC7381706	https://pmc.ncbi.nlm.nih.gov/articles/PMC7381706	2020	-0.1	Metformin	250	mg/kg	oral	ob/ob	Mice	male	8.0	genetic		52.5	1+every1days	26	26	NCT01318109	ADULT	all	PHASE2,PHASE3	100.0	Metformin	0.21	250.0	2+every1days	84	168	42000.0	0.31	1
PMC10203393	https://pmc.ncbi.nlm.nih.gov/articles/PMC10203393	2023	-5.5	Metformin	0.2	g/kg	oral	Sprague-Dawley	Rats	male	8.0	high-fat diet+streptozotocin	150.0	52.5	1+every1days	70	70	NCT01318109	ADULT	all	PHASE2,PHASE3	100.0	Metformin	0.21	250.0	2+every1days	84	168	42000.0	5.71	0
PMC10323656	https://pmc.ncbi.nlm.nih.gov/articles/PMC10323656	2023	-1.1	Metformin	200	mg/kg	oral gavage	C57BL/6	Mice	male	12.0	high-fat diet+streptozotocin	24.0	56.0	1+every1days	28	28	NCT01318109	ADULT	all	PHASE2,PHASE3	100.0	Metformin	0.21	250.0	2+every1days	84	168	42000.0	1.31	0
PMC3855476	https://pmc.ncbi.nlm.nih.gov/articles/PMC3855476	2014	-0.7	Metformin	300	mg/kg	oral	db/db	Mice	male	10.0	genetic	44.0	56.0	1+every1days	14	14	NCT01318109	ADULT	all	PHASE2,PHASE3	100.0	Metformin	0.21	250.0	2+every1days	84	168	42000.0	0.9099999999999999	1
PMC5881648	https://pmc.ncbi.nlm.nih.gov/articles/PMC5881648	2018	-3.3	Metformin	200	mg/kg	gavage	Sprague-Dawley	Rats	male	10.0	streptozotocin	200.0	56.0	1+every1days	77	77	NCT01318109	ADULT	all	PHASE2,PHASE3	100.0	Metformin	0.21	250.0	2+every1days	84	168	42000.0	3.51	0
PMC4444588	https://pmc.ncbi.nlm.nih.gov/articles/PMC4444588	2015	-4	Metformin	500	mg/kg	intragastric	Sprague-Dawley	Rats	male	7.0	high-fat diet+streptozotocin	190.0	60.0	1+every1days	56	56	NCT01318109	ADULT	all	PHASE2,PHASE3	100.0	Metformin	0.21	250.0	2+every1days	84	168	42000.0	4.21	0
PMC4444588	https://pmc.ncbi.nlm.nih.gov/articles/PMC4444588	2015	-1	Metformin	150	mg/kg	intragastric	Sprague-Dawley	Rats	male	8.0	high-fat diet+streptozotocin	190.0	60.0	1+every1days	56	56	NCT01318109	ADULT	all	PHASE2,PHASE3	100.0	Metformin	0.21	250.0	2+every1days	84	168	42000.0	1.21	0
PMC4444588	https://pmc.ncbi.nlm.nih.gov/articles/PMC4444588	2015	-2	Metformin	300	mg/kg	intragastric	Sprague-Dawley	Rats	male	8.0	high-fat diet+streptozotocin	190.0	60.0	1+every1days	56	56	NCT01318109	ADULT	all	PHASE2,PHASE3	100.0	Metformin	0.21	250.0	2+every1days	84	168	42000.0	2.21	0
PMC4097088	https://pmc.ncbi.nlm.nih.gov/articles/PMC4097088	2014	-0.6	Metformin	300	mg/kg	oral	C57BL/6	Mice		8.0	high-fat diet		70.0	1+every1days	14	14	NCT01318109	ADULT	all	PHASE2,PHASE3	100.0	Metformin	0.21	250.0	2+every1days	84	168	42000.0	0.8099999999999999	1
PMC9457892	https://pmc.ncbi.nlm.nih.gov/articles/PMC9457892	2022	-4.3	Metformin	150	mg/kg	oral	C57BL/6	Mice	male	8.0	streptozotocin	27.5	70.0	1+every1days	42	42	NCT01318109	ADULT	all	PHASE2,PHASE3	100.0	Metformin	0.21	250.0	2+every1days	84	168	42000.0	4.51	0
PMC8745465	https://pmc.ncbi.nlm.nih.gov/articles/PMC8745465	2021	-1.51	Metformin	120	mg/kg	oral	Wistar	Rats	male	30.0	high-fat diet+streptozotocin	170.0	70.0	1+every1days	35	35	NCT01318109	ADULT	all	PHASE2,PHASE3	100.0	Metformin	0.21	250.0	2+every1days	84	168	42000.0	1.72	0
PMC9374709	https://pmc.ncbi.nlm.nih.gov/articles/PMC9374709	2022	-1.34	Liraglutide	0.4	mg/kg	subcutaneous	C57BL/6NRj	Mice	male	23.0	high-fat diet	35.0	112.0	1+every1days	28	28	NCT01336023	ADULT,OLDER_ADULT	all	PHASE3	414.0	Liraglutide	-1.28	1.8	1+every1days	182	182	327.6	0.06000000000000005	1
PMC9374709	https://pmc.ncbi.nlm.nih.gov/articles/PMC9374709	2022	-11.69	Liraglutide	0.4	mg/kg	subcutaneous	C57BL/6NTac	Mice	male	16.0	high-fat diet	35.0	112.0	1+every1days	28	28	NCT01336023	ADULT,OLDER_ADULT	all	PHASE3	414.0	Liraglutide	-1.28	1.8	1+every1days	182	182	327.6	10.41	0
PMC6412877	https://pmc.ncbi.nlm.nih.gov/articles/PMC6412877	2019	-0.5	Liraglutide	25	nmol/kg	subcutaneous		Mice	male		high-fat diet		49.0	1+every1days	28	28	NCT01336023	ADULT,OLDER_ADULT	all	PHASE3	414.0	Liraglutide	-1.28	1.8	1+every1days	182	182	327.6	-0.78	1
PMC9072222	https://pmc.ncbi.nlm.nih.gov/articles/PMC9072222	2019	-1.4	Liraglutide	0.1	mg/kg	subcutaneous	db/db	Mice	male	40.0	genetic		49.0	1+every1days	56	56	NCT01336023	ADULT,OLDER_ADULT	all	PHASE3	414.0	Liraglutide	-1.28	1.8	1+every1days	182	182	327.6	0.11999999999999988	1
PMC9112483	https://pmc.ncbi.nlm.nih.gov/articles/PMC9112483	2022	-1.4	Liraglutide	200	μg/kg	subcutaneous	Zucker Diabetic Fatty	Rats	male	7.0	genetic		77.0	2+every1days	140	280	NCT01336023	ADULT,OLDER_ADULT	all	PHASE3	414.0	Liraglutide	-1.28	1.8	1+every1days	182	182	327.6	0.11999999999999988	1
PMC4000968	https://pmc.ncbi.nlm.nih.gov/articles/PMC4000968	2014	-1.21	Sitagliptin Phosphate	10	mg/kg	oral	Zucker Diabetic Fatty	Rats		7.0	genetic		140.0	1+every1days	42	42	NCT01336738	ADULT,OLDER_ADULT	all	PHASE2	54.0	Sitagliptin Phosphate	-0.78	100.0	1+every1days	84	84	8400.0	0.42999999999999994	1
PMC3998187	https://pmc.ncbi.nlm.nih.gov/articles/PMC3998187	2014	-2	Sitagliptin Phosphate	10	mg/kg	oral	Zucker Diabetic Fatty	Rats	male	5.0	genetic		140.0	1+every1days	42	42	NCT01336738	ADULT,OLDER_ADULT	all	PHASE2	54.0	Sitagliptin Phosphate	-0.78	100.0	1+every1days	84	84	8400.0	1.22	0
PMC2905949	https://pmc.ncbi.nlm.nih.gov/articles/PMC2905949	2010	-0.01	Sitagliptin Phosphate	10	mg/kg	oral	Zucker Diabetic Fatty	Rats	male	8.0	genetic		140.0	1+every1days	42	42	NCT01336738	ADULT,OLDER_ADULT	all	PHASE2	54.0	Sitagliptin Phosphate	-0.78	100.0	1+every1days	84	84	8400.0	-0.77	1
PMC3235777	https://pmc.ncbi.nlm.nih.gov/articles/PMC3235777	2011	-1.78	Sitagliptin Phosphate	10	mg/kg	oral	Zucker Diabetic Fatty	Rats	male	8.0	genetic		140.0	1+every1days	42	42	NCT01336738	ADULT,OLDER_ADULT	all	PHASE2	54.0	Sitagliptin Phosphate	-0.78	100.0	1+every1days	84	84	8400.0	1.0	1
PMC4514850	https://pmc.ncbi.nlm.nih.gov/articles/PMC4514850	2015	-1.3	Sitagliptin Phosphate	100	mg/kg	oral	ICR	Mice	male	8.0	high-fat diet+streptozotocin		35.0	1+every1days	56	56	NCT01336738	ADULT,OLDER_ADULT	all	PHASE2	54.0	Sitagliptin Phosphate	-0.78	100.0	1+every1days	84	84	8400.0	0.52	1
PMC3660563	https://pmc.ncbi.nlm.nih.gov/articles/PMC3660563	2013	-0.8	Sitagliptin Phosphate	1	mg/kg	oral	C57BLKS/J-db/db	Mice	male		genetic		42.0	1+every1days	42	42	NCT01336738	ADULT,OLDER_ADULT	all	PHASE2	54.0	Sitagliptin Phosphate	-0.78	100.0	1+every1days	84	84	8400.0	0.020000000000000018	1
PMC4514850	https://pmc.ncbi.nlm.nih.gov/articles/PMC4514850	2015	-0.9	Sitagliptin Phosphate	100	mg/kg	oral	db/db	Mice	male	5.0	genetic		56.0	1+every1days	28	28	NCT01336738	ADULT,OLDER_ADULT	all	PHASE2	54.0	Sitagliptin Phosphate	-0.78	100.0	1+every1days	84	84	8400.0	0.12	1
PMC4000968	https://pmc.ncbi.nlm.nih.gov/articles/PMC4000968	2014	-1.21	Sitagliptin Phosphate	10	mg/kg	oral	Zucker Diabetic Fatty	Rats		7.0	genetic		140.0	1+every1days	42	42	NCT01338870	ADULT,OLDER_ADULT	all	PHASE2	50.0	Sitagliptin Phosphate	-0.65	100.0	1+every1days	84	84	8400.0	0.5599999999999999	1
PMC3998187	https://pmc.ncbi.nlm.nih.gov/articles/PMC3998187	2014	-2	Sitagliptin Phosphate	10	mg/kg	oral	Zucker Diabetic Fatty	Rats	male	5.0	genetic		140.0	1+every1days	42	42	NCT01338870	ADULT,OLDER_ADULT	all	PHASE2	50.0	Sitagliptin Phosphate	-0.65	100.0	1+every1days	84	84	8400.0	1.35	0
PMC2905949	https://pmc.ncbi.nlm.nih.gov/articles/PMC2905949	2010	-0.01	Sitagliptin Phosphate	10	mg/kg	oral	Zucker Diabetic Fatty	Rats	male	8.0	genetic		140.0	1+every1days	42	42	NCT01338870	ADULT,OLDER_ADULT	all	PHASE2	50.0	Sitagliptin Phosphate	-0.65	100.0	1+every1days	84	84	8400.0	-0.64	1
PMC3235777	https://pmc.ncbi.nlm.nih.gov/articles/PMC3235777	2011	-1.78	Sitagliptin Phosphate	10	mg/kg	oral	Zucker Diabetic Fatty	Rats	male	8.0	genetic		140.0	1+every1days	42	42	NCT01338870	ADULT,OLDER_ADULT	all	PHASE2	50.0	Sitagliptin Phosphate	-0.65	100.0	1+every1days	84	84	8400.0	1.13	0
PMC4514850	https://pmc.ncbi.nlm.nih.gov/articles/PMC4514850	2015	-1.3	Sitagliptin Phosphate	100	mg/kg	oral	ICR	Mice	male	8.0	high-fat diet+streptozotocin		35.0	1+every1days	56	56	NCT01338870	ADULT,OLDER_ADULT	all	PHASE2	50.0	Sitagliptin Phosphate	-0.65	100.0	1+every1days	84	84	8400.0	0.65	1
PMC3660563	https://pmc.ncbi.nlm.nih.gov/articles/PMC3660563	2013	-0.8	Sitagliptin Phosphate	1	mg/kg	oral	C57BLKS/J-db/db	Mice	male		genetic		42.0	1+every1days	42	42	NCT01338870	ADULT,OLDER_ADULT	all	PHASE2	50.0	Sitagliptin Phosphate	-0.65	100.0	1+every1days	84	84	8400.0	0.15000000000000002	1
PMC4514850	https://pmc.ncbi.nlm.nih.gov/articles/PMC4514850	2015	-0.9	Sitagliptin Phosphate	100	mg/kg	oral	db/db	Mice	male	5.0	genetic		56.0	1+every1days	28	28	NCT01338870	ADULT,OLDER_ADULT	all	PHASE2	50.0	Sitagliptin Phosphate	-0.65	100.0	1+every1days	84	84	8400.0	0.25	1
PMC5485244	https://pmc.ncbi.nlm.nih.gov/articles/PMC5485244	2017	-0.4	Metformin	500	mg/kg	oral	C57BL/6J	Mice	male	8.0	high-fat diet			1+every1days			NCT01368081	ADULT,OLDER_ADULT	all	PHASE3	63.0	Metformin	-0.97	250.0	2+every1days	364	728	182000.0	-0.57	1
PMC8657924	https://pmc.ncbi.nlm.nih.gov/articles/PMC8657924	2021	-4	Metformin	225	mg/kg	oral	Kunming	Mice	male	8.0	high-fat diet+streptozotocin	20.0		1+every1days	28	28	NCT01368081	ADULT,OLDER_ADULT	all	PHASE3	63.0	Metformin	-0.97	250.0	2+every1days	364	728	182000.0	3.0300000000000002	0
PMC3462199	https://pmc.ncbi.nlm.nih.gov/articles/PMC3462199	2012	-0.4	Metformin	400	mg/kg	intraperitoneal	db/db	Mice	male	10.0	genetic	47.5		1+every1days	14	14	NCT01368081	ADULT,OLDER_ADULT	all	PHASE3	63.0	Metformin	-0.97	250.0	2+every1days	364	728	182000.0	-0.57	1
PMC3462199	https://pmc.ncbi.nlm.nih.gov/articles/PMC3462199	2012	-0.3	Metformin	400	mg/kg	intraperitoneal	db/db	Mice	male	12.0	genetic	47.5		1+every1days	14	14	NCT01368081	ADULT,OLDER_ADULT	all	PHASE3	63.0	Metformin	-0.97	250.0	2+every1days	364	728	182000.0	-0.6699999999999999	1
PMC9313150	https://pmc.ncbi.nlm.nih.gov/articles/PMC9313150	2022	-2.1	Metformin	200	mg/kg	oral	Wistar	Rats	male		high-fat diet+streptozotocin	185.0		1+every1days	84	84	NCT01368081	ADULT,OLDER_ADULT	all	PHASE3	63.0	Metformin	-0.97	250.0	2+every1days	364	728	182000.0	1.1300000000000001	0
PMC7092631	https://pmc.ncbi.nlm.nih.gov/articles/PMC7092631	2020	-0.18	Empagliflozin	10	mg/kg	intragastric	Wistar	Rats	male	10.0	high-fat diet+streptozotocin	200.0		1+every1days	28	28	NCT01368081	ADULT,OLDER_ADULT	all	PHASE3	70.0	Empagliflozin	-0.77	25.0	1+every1days	364	364	9100.0	-0.5900000000000001	1
PMC7092631	https://pmc.ncbi.nlm.nih.gov/articles/PMC7092631	2020	-0.18	Empagliflozin	10	mg/kg	intragastric	Wistar	Rats	male	10.0	high-fat diet+streptozotocin	200.0		1+every1days	28	28	NCT01368081	ADULT,OLDER_ADULT	all	PHASE3	68.0	Empagliflozin	-0.81	10.0	1+every1days	364	364	3640.0	-0.6300000000000001	1
PMC7092631	https://pmc.ncbi.nlm.nih.gov/articles/PMC7092631	2020	-0.18	Empagliflozin	10	mg/kg	intragastric	Wistar	Rats	male	10.0	high-fat diet+streptozotocin	200.0		1+every1days	28	28	NCT01368081	ADULT,OLDER_ADULT	all	PHASE3	71.0	Empagliflozin	-0.83	25.0	1+every1days	364	364	9100.0	-0.6499999999999999	1
PMC7092631	https://pmc.ncbi.nlm.nih.gov/articles/PMC7092631	2020	-0.18	Empagliflozin	10	mg/kg	intragastric	Wistar	Rats	male	10.0	high-fat diet+streptozotocin	200.0		1+every1days	28	28	NCT01368081	ADULT,OLDER_ADULT	all	PHASE3	69.0	Empagliflozin	-0.87	10.0	1+every1days	364	364	3640.0	-0.69	1
PMC7092631	https://pmc.ncbi.nlm.nih.gov/articles/PMC7092631	2020	-0.18	Empagliflozin	10	mg/kg	intragastric	Wistar	Rats	male	10.0	high-fat diet+streptozotocin	200.0		1+every1days	28	28	NCT01368081	ADULT,OLDER_ADULT	all	PHASE3	137.0	Empagliflozin	-0.9	10.0	1+every1days	364	364	3640.0	-0.72	1
PMC7092631	https://pmc.ncbi.nlm.nih.gov/articles/PMC7092631	2020	-0.18	Empagliflozin	10	mg/kg	intragastric	Wistar	Rats	male	10.0	high-fat diet+streptozotocin	200.0		1+every1days	28	28	NCT01368081	ADULT,OLDER_ADULT	all	PHASE3	136.0	Empagliflozin	-0.93	10.0	1+every1days	364	364	3640.0	-0.75	1
PMC7092631	https://pmc.ncbi.nlm.nih.gov/articles/PMC7092631	2020	-0.18	Empagliflozin	10	mg/kg	intragastric	Wistar	Rats	male	10.0	high-fat diet+streptozotocin	200.0		1+every1days	28	28	NCT01368081	ADULT,OLDER_ADULT	all	PHASE3	137.0	Empagliflozin	-0.96	25.0	1+every1days	364	364	9100.0	-0.78	1
PMC7092631	https://pmc.ncbi.nlm.nih.gov/articles/PMC7092631	2020	-0.18	Empagliflozin	10	mg/kg	intragastric	Wistar	Rats	male	10.0	high-fat diet+streptozotocin	200.0		1+every1days	28	28	NCT01368081	ADULT,OLDER_ADULT	all	PHASE3	136.0	Empagliflozin	-0.96	25.0	1+every1days	364	364	9100.0	-0.78	1
PMC7092631	https://pmc.ncbi.nlm.nih.gov/articles/PMC7092631	2020	-0.82	Metformin	200	mg/kg	intragastric	Wistar	Rats	male	10.0	high-fat diet+streptozotocin	200.0		1+every1days	28	28	NCT01368081	ADULT,OLDER_ADULT	all	PHASE3	63.0	Metformin	-0.97	250.0	2+every1days	364	728	182000.0	-0.15000000000000002	1
PMC7092631	https://pmc.ncbi.nlm.nih.gov/articles/PMC7092631	2020	-0.18	Empagliflozin	10	mg/kg	intragastric	Wistar	Rats	male	10.0	high-fat diet+streptozotocin	200.0		1+every1days	28	28	NCT01368081	ADULT,OLDER_ADULT	all	PHASE3	70.0	Empagliflozin	-0.98	10.0	1+every1days	364	364	3640.0	-0.8	1
PMC7092631	https://pmc.ncbi.nlm.nih.gov/articles/PMC7092631	2020	-0.18	Empagliflozin	10	mg/kg	intragastric	Wistar	Rats	male	10.0	high-fat diet+streptozotocin	200.0		1+every1days	28	28	NCT01368081	ADULT,OLDER_ADULT	all	PHASE3	65.0	Empagliflozin	-0.98	25.0	1+every1days	364	364	9100.0	-0.8	1
PMC7092631	https://pmc.ncbi.nlm.nih.gov/articles/PMC7092631	2020	-0.18	Empagliflozin	10	mg/kg	intragastric	Wistar	Rats	male	10.0	high-fat diet+streptozotocin	200.0		1+every1days	28	28	NCT01368081	ADULT,OLDER_ADULT	all	PHASE3	70.0	Empagliflozin	-0.98	25.0	1+every1days	364	364	9100.0	-0.8	1
PMC7092631	https://pmc.ncbi.nlm.nih.gov/articles/PMC7092631	2020	-0.18	Empagliflozin	10	mg/kg	intragastric	Wistar	Rats	male	10.0	high-fat diet+streptozotocin	200.0		1+every1days	28	28	NCT01368081	ADULT,OLDER_ADULT	all	PHASE3	68.0	Empagliflozin	-1	10.0	1+every1days	364	364	3640.0	-0.8200000000000001	1
PMC8800605	https://pmc.ncbi.nlm.nih.gov/articles/PMC8800605	2022	-0.21	Metformin	60	mg/kg	oral	Wistar	Rats	male	12.0	high-fat diet+streptozotocin	176.8		1+every1days	14	14	NCT01368081	ADULT,OLDER_ADULT	all	PHASE3	63.0	Metformin	-0.97	250.0	2+every1days	364	728	182000.0	-0.76	1
PMC4826921	https://pmc.ncbi.nlm.nih.gov/articles/PMC4826921	2016	-1.6	Metformin	200	mg/kg	oral	Wistar	Rats	male	20.0	high-fat diet	110.0		1+every1days	60	60	NCT01368081	ADULT,OLDER_ADULT	all	PHASE3	63.0	Metformin	-0.97	250.0	2+every1days	364	728	182000.0	0.6300000000000001	1
PMC7034448	https://pmc.ncbi.nlm.nih.gov/articles/PMC7034448	2020	-5.1	Metformin	500	mg/kg	oral	Wistar	Rats	male	6.0	high-fat diet+streptozotocin	190.0		1+every1days	30	30	NCT01368081	ADULT,OLDER_ADULT	all	PHASE3	63.0	Metformin	-0.97	250.0	2+every1days	364	728	182000.0	4.13	0
PMC4884299	https://pmc.ncbi.nlm.nih.gov/articles/PMC4884299	2016	-2.34	Metformin	150	mg/kg	oral	Wistar	Rats	male	6.0	streptozotocin+nicotinamide	280.0		1+every1days	42	42	NCT01368081	ADULT,OLDER_ADULT	all	PHASE3	63.0	Metformin	-0.97	250.0	2+every1days	364	728	182000.0	1.3699999999999999	0
PMC9953164	https://pmc.ncbi.nlm.nih.gov/articles/PMC9953164	2023	-2.5	Metformin	200	mg/kg		Wistar	Rats	male	8.0	high-fat diet+streptozotocin	185.0		1+every1days	84	84	NCT01368081	ADULT,OLDER_ADULT	all	PHASE3	63.0	Metformin	-0.97	250.0	2+every1days	364	728	182000.0	1.53	0
PMC5491464	https://pmc.ncbi.nlm.nih.gov/articles/PMC5491464	2017	-4.3	Empagliflozin	10	mg/kg	oral	Zucker Diabetic Fatty	Rats			genetic		112.0	1+every1days	42	42	NCT01368081	ADULT,OLDER_ADULT	all	PHASE3	70.0	Empagliflozin	-0.77	25.0	1+every1days	364	364	9100.0	3.53	0
PMC5491464	https://pmc.ncbi.nlm.nih.gov/articles/PMC5491464	2017	-5	Empagliflozin	30	mg/kg	oral	Zucker Diabetic Fatty	Rats			genetic		112.0	1+every1days	42	42	NCT01368081	ADULT,OLDER_ADULT	all	PHASE3	70.0	Empagliflozin	-0.77	25.0	1+every1days	364	364	9100.0	4.23	0
PMC5491464	https://pmc.ncbi.nlm.nih.gov/articles/PMC5491464	2017	-4.3	Empagliflozin	10	mg/kg	oral	Zucker Diabetic Fatty	Rats			genetic		112.0	1+every1days	42	42	NCT01368081	ADULT,OLDER_ADULT	all	PHASE3	68.0	Empagliflozin	-0.81	10.0	1+every1days	364	364	3640.0	3.4899999999999998	0
PMC5491464	https://pmc.ncbi.nlm.nih.gov/articles/PMC5491464	2017	-5	Empagliflozin	30	mg/kg	oral	Zucker Diabetic Fatty	Rats			genetic		112.0	1+every1days	42	42	NCT01368081	ADULT,OLDER_ADULT	all	PHASE3	68.0	Empagliflozin	-0.81	10.0	1+every1days	364	364	3640.0	4.1899999999999995	0
PMC5491464	https://pmc.ncbi.nlm.nih.gov/articles/PMC5491464	2017	-4.3	Empagliflozin	10	mg/kg	oral	Zucker Diabetic Fatty	Rats			genetic		112.0	1+every1days	42	42	NCT01368081	ADULT,OLDER_ADULT	all	PHASE3	71.0	Empagliflozin	-0.83	25.0	1+every1days	364	364	9100.0	3.4699999999999998	0
PMC5491464	https://pmc.ncbi.nlm.nih.gov/articles/PMC5491464	2017	-5	Empagliflozin	30	mg/kg	oral	Zucker Diabetic Fatty	Rats			genetic		112.0	1+every1days	42	42	NCT01368081	ADULT,OLDER_ADULT	all	PHASE3	71.0	Empagliflozin	-0.83	25.0	1+every1days	364	364	9100.0	4.17	0
PMC5491464	https://pmc.ncbi.nlm.nih.gov/articles/PMC5491464	2017	-4.3	Empagliflozin	10	mg/kg	oral	Zucker Diabetic Fatty	Rats			genetic		112.0	1+every1days	42	42	NCT01368081	ADULT,OLDER_ADULT	all	PHASE3	69.0	Empagliflozin	-0.87	10.0	1+every1days	364	364	3640.0	3.4299999999999997	0
PMC5491464	https://pmc.ncbi.nlm.nih.gov/articles/PMC5491464	2017	-5	Empagliflozin	30	mg/kg	oral	Zucker Diabetic Fatty	Rats			genetic		112.0	1+every1days	42	42	NCT01368081	ADULT,OLDER_ADULT	all	PHASE3	69.0	Empagliflozin	-0.87	10.0	1+every1days	364	364	3640.0	4.13	0
PMC5491464	https://pmc.ncbi.nlm.nih.gov/articles/PMC5491464	2017	-4.3	Empagliflozin	10	mg/kg	oral	Zucker Diabetic Fatty	Rats			genetic		112.0	1+every1days	42	42	NCT01368081	ADULT,OLDER_ADULT	all	PHASE3	137.0	Empagliflozin	-0.9	10.0	1+every1days	364	364	3640.0	3.4	0
PMC5491464	https://pmc.ncbi.nlm.nih.gov/articles/PMC5491464	2017	-5	Empagliflozin	30	mg/kg	oral	Zucker Diabetic Fatty	Rats			genetic		112.0	1+every1days	42	42	NCT01368081	ADULT,OLDER_ADULT	all	PHASE3	137.0	Empagliflozin	-0.9	10.0	1+every1days	364	364	3640.0	4.1	0
PMC5491464	https://pmc.ncbi.nlm.nih.gov/articles/PMC5491464	2017	-4.3	Empagliflozin	10	mg/kg	oral	Zucker Diabetic Fatty	Rats			genetic		112.0	1+every1days	42	42	NCT01368081	ADULT,OLDER_ADULT	all	PHASE3	136.0	Empagliflozin	-0.93	10.0	1+every1days	364	364	3640.0	3.3699999999999997	0
PMC5491464	https://pmc.ncbi.nlm.nih.gov/articles/PMC5491464	2017	-5	Empagliflozin	30	mg/kg	oral	Zucker Diabetic Fatty	Rats			genetic		112.0	1+every1days	42	42	NCT01368081	ADULT,OLDER_ADULT	all	PHASE3	136.0	Empagliflozin	-0.93	10.0	1+every1days	364	364	3640.0	4.07	0
PMC5491464	https://pmc.ncbi.nlm.nih.gov/articles/PMC5491464	2017	-4.3	Empagliflozin	10	mg/kg	oral	Zucker Diabetic Fatty	Rats			genetic		112.0	1+every1days	42	42	NCT01368081	ADULT,OLDER_ADULT	all	PHASE3	137.0	Empagliflozin	-0.96	25.0	1+every1days	364	364	9100.0	3.34	0
PMC5491464	https://pmc.ncbi.nlm.nih.gov/articles/PMC5491464	2017	-5	Empagliflozin	30	mg/kg	oral	Zucker Diabetic Fatty	Rats			genetic		112.0	1+every1days	42	42	NCT01368081	ADULT,OLDER_ADULT	all	PHASE3	137.0	Empagliflozin	-0.96	25.0	1+every1days	364	364	9100.0	4.04	0
PMC5491464	https://pmc.ncbi.nlm.nih.gov/articles/PMC5491464	2017	-4.3	Empagliflozin	10	mg/kg	oral	Zucker Diabetic Fatty	Rats			genetic		112.0	1+every1days	42	42	NCT01368081	ADULT,OLDER_ADULT	all	PHASE3	136.0	Empagliflozin	-0.96	25.0	1+every1days	364	364	9100.0	3.34	0
PMC5491464	https://pmc.ncbi.nlm.nih.gov/articles/PMC5491464	2017	-5	Empagliflozin	30	mg/kg	oral	Zucker Diabetic Fatty	Rats			genetic		112.0	1+every1days	42	42	NCT01368081	ADULT,OLDER_ADULT	all	PHASE3	136.0	Empagliflozin	-0.96	25.0	1+every1days	364	364	9100.0	4.04	0
PMC5491464	https://pmc.ncbi.nlm.nih.gov/articles/PMC5491464	2017	-4.3	Empagliflozin	10	mg/kg	oral	Zucker Diabetic Fatty	Rats			genetic		112.0	1+every1days	42	42	NCT01368081	ADULT,OLDER_ADULT	all	PHASE3	70.0	Empagliflozin	-0.98	10.0	1+every1days	364	364	3640.0	3.32	0
PMC5491464	https://pmc.ncbi.nlm.nih.gov/articles/PMC5491464	2017	-5	Empagliflozin	30	mg/kg	oral	Zucker Diabetic Fatty	Rats			genetic		112.0	1+every1days	42	42	NCT01368081	ADULT,OLDER_ADULT	all	PHASE3	70.0	Empagliflozin	-0.98	10.0	1+every1days	364	364	3640.0	4.02	0
PMC5491464	https://pmc.ncbi.nlm.nih.gov/articles/PMC5491464	2017	-4.3	Empagliflozin	10	mg/kg	oral	Zucker Diabetic Fatty	Rats			genetic		112.0	1+every1days	42	42	NCT01368081	ADULT,OLDER_ADULT	all	PHASE3	65.0	Empagliflozin	-0.98	25.0	1+every1days	364	364	9100.0	3.32	0
PMC5491464	https://pmc.ncbi.nlm.nih.gov/articles/PMC5491464	2017	-5	Empagliflozin	30	mg/kg	oral	Zucker Diabetic Fatty	Rats			genetic		112.0	1+every1days	42	42	NCT01368081	ADULT,OLDER_ADULT	all	PHASE3	65.0	Empagliflozin	-0.98	25.0	1+every1days	364	364	9100.0	4.02	0
PMC5491464	https://pmc.ncbi.nlm.nih.gov/articles/PMC5491464	2017	-4.3	Empagliflozin	10	mg/kg	oral	Zucker Diabetic Fatty	Rats			genetic		112.0	1+every1days	42	42	NCT01368081	ADULT,OLDER_ADULT	all	PHASE3	70.0	Empagliflozin	-0.98	25.0	1+every1days	364	364	9100.0	3.32	0
PMC5491464	https://pmc.ncbi.nlm.nih.gov/articles/PMC5491464	2017	-5	Empagliflozin	30	mg/kg	oral	Zucker Diabetic Fatty	Rats			genetic		112.0	1+every1days	42	42	NCT01368081	ADULT,OLDER_ADULT	all	PHASE3	70.0	Empagliflozin	-0.98	25.0	1+every1days	364	364	9100.0	4.02	0
PMC5491464	https://pmc.ncbi.nlm.nih.gov/articles/PMC5491464	2017	-4.3	Empagliflozin	10	mg/kg	oral	Zucker Diabetic Fatty	Rats			genetic		112.0	1+every1days	42	42	NCT01368081	ADULT,OLDER_ADULT	all	PHASE3	68.0	Empagliflozin	-1	10.0	1+every1days	364	364	3640.0	3.3	0
PMC5491464	https://pmc.ncbi.nlm.nih.gov/articles/PMC5491464	2017	-5	Empagliflozin	30	mg/kg	oral	Zucker Diabetic Fatty	Rats			genetic		112.0	1+every1days	42	42	NCT01368081	ADULT,OLDER_ADULT	all	PHASE3	68.0	Empagliflozin	-1	10.0	1+every1days	364	364	3640.0	4.0	0
PMC9681650	https://pmc.ncbi.nlm.nih.gov/articles/PMC9681650	2022	-0.1	Metformin	60	mg/kg	oral	Wistar	Rats	male	12.0	high-fat diet+streptozotocin	176.8	120.0	1+every1days	14	14	NCT01368081	ADULT,OLDER_ADULT	all	PHASE3	63.0	Metformin	-0.97	250.0	2+every1days	364	728	182000.0	-0.87	1
PMC4423537	https://pmc.ncbi.nlm.nih.gov/articles/PMC4423537	2013	-1.6	Metformin	300	mg/kg	oral	Otsuka Long-Evans Tokushima Fatty	Rats	male	14.0	genetic		140.0	1+every1days	84	84	NCT01368081	ADULT,OLDER_ADULT	all	PHASE3	63.0	Metformin	-0.97	250.0	2+every1days	364	728	182000.0	0.6300000000000001	1
PMC9470898	https://pmc.ncbi.nlm.nih.gov/articles/PMC9470898	2022	-0.5	Metformin	0.1	% (w/w)	oral	NONcNZO10/LtJ	Mice	male	10.0	genetic		147.0		126		NCT01368081	ADULT,OLDER_ADULT	all	PHASE3	63.0	Metformin	-0.97	250.0	2+every1days	364	728	182000.0	-0.47	1
PMC5840580	https://pmc.ncbi.nlm.nih.gov/articles/PMC5840580	2017	-1.5	Metformin	300	mg/kg	oral	Otsuka Long-Evans Tokushima Fatty	Rats	male	6.0	high-fat diet		168.0	1+every1days	84	84	NCT01368081	ADULT,OLDER_ADULT	all	PHASE3	63.0	Metformin	-0.97	250.0	2+every1days	364	728	182000.0	0.53	1
PMC3465985	https://pmc.ncbi.nlm.nih.gov/articles/PMC3465985	2012	-1.31	Metformin	350	mg/kg	oral	Spontaneously Diabetic Torii	Rats	male	10.0	genetic		175.0	1+every1days	119	119	NCT01368081	ADULT,OLDER_ADULT	all	PHASE3	63.0	Metformin	-0.97	250.0	2+every1days	364	728	182000.0	0.3400000000000001	1
PMC5319739	https://pmc.ncbi.nlm.nih.gov/articles/PMC5319739	2017	-4.2	Metformin	50	mg/kg	gastric intubation	Psammomys obesus	Gerbillinae	male	30.0	high-fat diet	100.0	240.0	1+every1days	84	84	NCT01368081	ADULT,OLDER_ADULT	all	PHASE3	63.0	Metformin	-0.97	250.0	2+every1days	364	728	182000.0	3.2300000000000004	0
PMC9698742	https://pmc.ncbi.nlm.nih.gov/articles/PMC9698742	2022	-2.6	Metformin	200	mg/kg	oral	Wistar	Rats	male	5.0	streptozotocin	225.0	270.0	1+every1days	45	45	NCT01368081	ADULT,OLDER_ADULT	all	PHASE3	63.0	Metformin	-0.97	250.0	2+every1days	364	728	182000.0	1.6300000000000001	0
PMC7727825	https://pmc.ncbi.nlm.nih.gov/articles/PMC7727825	2020	-3	Metformin	200	mg/kg	oral	C57BLKS/J-db/db	Mice	male	8.0	genetic		35.0	1+every1days	63	63	NCT01368081	ADULT,OLDER_ADULT	all	PHASE3	63.0	Metformin	-0.97	250.0	2+every1days	364	728	182000.0	2.0300000000000002	0
PMC7598587	https://pmc.ncbi.nlm.nih.gov/articles/PMC7598587	2020	-1.85	Metformin	200	mg/kg	oral	C57BL/6N	Mice	male	8.0	high-fat diet+streptozotocin		38.5	1+every1days	28	28	NCT01368081	ADULT,OLDER_ADULT	all	PHASE3	63.0	Metformin	-0.97	250.0	2+every1days	364	728	182000.0	0.8800000000000001	1
PMC4726511	https://pmc.ncbi.nlm.nih.gov/articles/PMC4726511	2016	-0.6	Metformin	10	mg/kg	oral	db/db	Mice		5.0	genetic		42.0	1+every1days	28	28	NCT01368081	ADULT,OLDER_ADULT	all	PHASE3	63.0	Metformin	-0.97	250.0	2+every1days	364	728	182000.0	-0.37	1
PMC5485244	https://pmc.ncbi.nlm.nih.gov/articles/PMC5485244	2017	-0.4	Metformin	500	mg/kg	oral	C57BL/6J	Mice	male	16.0	high-fat diet		42.0	1+every1days	84	84	NCT01368081	ADULT,OLDER_ADULT	all	PHASE3	63.0	Metformin	-0.97	250.0	2+every1days	364	728	182000.0	-0.57	1
PMC6273299	https://pmc.ncbi.nlm.nih.gov/articles/PMC6273299	2016	-1.3	Metformin	200	mg/kg		Zucker Diabetic Fatty	Rats	male	6.0	high-fat diet		42.0	1+every1days	84	84	NCT01368081	ADULT,OLDER_ADULT	all	PHASE3	63.0	Metformin	-0.97	250.0	2+every1days	364	728	182000.0	0.33000000000000007	1
PMC3327803	https://pmc.ncbi.nlm.nih.gov/articles/PMC3327803	2012	0.3	Metformin	200	mg/kg	intraperitoneal	db/db	Mice	male	11.0	genetic		49.0	1+every1days	126	126	NCT01368081	ADULT,OLDER_ADULT	all	PHASE3	63.0	Metformin	-0.97	250.0	2+every1days	364	728	182000.0	-1.27	0
PMC3907559	https://pmc.ncbi.nlm.nih.gov/articles/PMC3907559	2014	-3	Metformin	200	mg/kg	oral	Zucker Diabetic Fatty	Rats	male	10.0	genetic		49.0	2+every1days	32	64	NCT01368081	ADULT,OLDER_ADULT	all	PHASE3	63.0	Metformin	-0.97	250.0	2+every1days	364	728	182000.0	2.0300000000000002	0
PMC7381706	https://pmc.ncbi.nlm.nih.gov/articles/PMC7381706	2020	-0.1	Metformin	250	mg/kg	oral	ob/ob	Mice	male	8.0	genetic		52.5	1+every1days	26	26	NCT01368081	ADULT,OLDER_ADULT	all	PHASE3	63.0	Metformin	-0.97	250.0	2+every1days	364	728	182000.0	-0.87	1
PMC10203393	https://pmc.ncbi.nlm.nih.gov/articles/PMC10203393	2023	-5.5	Metformin	0.2	g/kg	oral	Sprague-Dawley	Rats	male	8.0	high-fat diet+streptozotocin	150.0	52.5	1+every1days	70	70	NCT01368081	ADULT,OLDER_ADULT	all	PHASE3	63.0	Metformin	-0.97	250.0	2+every1days	364	728	182000.0	4.53	0
PMC6359811	https://pmc.ncbi.nlm.nih.gov/articles/PMC6359811	2019	-5	Empagliflozin	10	mg/kg	oral	KK-Ay	Mice		15.0	high-fat diet		56.0	1+every1days	70	70	NCT01368081	ADULT,OLDER_ADULT	all	PHASE3	70.0	Empagliflozin	-0.77	25.0	1+every1days	364	364	9100.0	4.23	0
PMC6359811	https://pmc.ncbi.nlm.nih.gov/articles/PMC6359811	2019	-5	Empagliflozin	10	mg/kg	oral	KK-Ay	Mice		15.0	high-fat diet		56.0	1+every1days	70	70	NCT01368081	ADULT,OLDER_ADULT	all	PHASE3	68.0	Empagliflozin	-0.81	10.0	1+every1days	364	364	3640.0	4.1899999999999995	0
PMC6359811	https://pmc.ncbi.nlm.nih.gov/articles/PMC6359811	2019	-5	Empagliflozin	10	mg/kg	oral	KK-Ay	Mice		15.0	high-fat diet		56.0	1+every1days	70	70	NCT01368081	ADULT,OLDER_ADULT	all	PHASE3	71.0	Empagliflozin	-0.83	25.0	1+every1days	364	364	9100.0	4.17	0
PMC6359811	https://pmc.ncbi.nlm.nih.gov/articles/PMC6359811	2019	-5	Empagliflozin	10	mg/kg	oral	KK-Ay	Mice		15.0	high-fat diet		56.0	1+every1days	70	70	NCT01368081	ADULT,OLDER_ADULT	all	PHASE3	69.0	Empagliflozin	-0.87	10.0	1+every1days	364	364	3640.0	4.13	0
PMC6359811	https://pmc.ncbi.nlm.nih.gov/articles/PMC6359811	2019	-5	Empagliflozin	10	mg/kg	oral	KK-Ay	Mice		15.0	high-fat diet		56.0	1+every1days	70	70	NCT01368081	ADULT,OLDER_ADULT	all	PHASE3	137.0	Empagliflozin	-0.9	10.0	1+every1days	364	364	3640.0	4.1	0
PMC6359811	https://pmc.ncbi.nlm.nih.gov/articles/PMC6359811	2019	-5	Empagliflozin	10	mg/kg	oral	KK-Ay	Mice		15.0	high-fat diet		56.0	1+every1days	70	70	NCT01368081	ADULT,OLDER_ADULT	all	PHASE3	136.0	Empagliflozin	-0.93	10.0	1+every1days	364	364	3640.0	4.07	0
PMC6359811	https://pmc.ncbi.nlm.nih.gov/articles/PMC6359811	2019	-5	Empagliflozin	10	mg/kg	oral	KK-Ay	Mice		15.0	high-fat diet		56.0	1+every1days	70	70	NCT01368081	ADULT,OLDER_ADULT	all	PHASE3	137.0	Empagliflozin	-0.96	25.0	1+every1days	364	364	9100.0	4.04	0
PMC6359811	https://pmc.ncbi.nlm.nih.gov/articles/PMC6359811	2019	-5	Empagliflozin	10	mg/kg	oral	KK-Ay	Mice		15.0	high-fat diet		56.0	1+every1days	70	70	NCT01368081	ADULT,OLDER_ADULT	all	PHASE3	136.0	Empagliflozin	-0.96	25.0	1+every1days	364	364	9100.0	4.04	0
PMC6359811	https://pmc.ncbi.nlm.nih.gov/articles/PMC6359811	2019	-5	Empagliflozin	10	mg/kg	oral	KK-Ay	Mice		15.0	high-fat diet		56.0	1+every1days	70	70	NCT01368081	ADULT,OLDER_ADULT	all	PHASE3	70.0	Empagliflozin	-0.98	10.0	1+every1days	364	364	3640.0	4.02	0
PMC6359811	https://pmc.ncbi.nlm.nih.gov/articles/PMC6359811	2019	-5	Empagliflozin	10	mg/kg	oral	KK-Ay	Mice		15.0	high-fat diet		56.0	1+every1days	70	70	NCT01368081	ADULT,OLDER_ADULT	all	PHASE3	65.0	Empagliflozin	-0.98	25.0	1+every1days	364	364	9100.0	4.02	0
PMC6359811	https://pmc.ncbi.nlm.nih.gov/articles/PMC6359811	2019	-5	Empagliflozin	10	mg/kg	oral	KK-Ay	Mice		15.0	high-fat diet		56.0	1+every1days	70	70	NCT01368081	ADULT,OLDER_ADULT	all	PHASE3	70.0	Empagliflozin	-0.98	25.0	1+every1days	364	364	9100.0	4.02	0
PMC6359811	https://pmc.ncbi.nlm.nih.gov/articles/PMC6359811	2019	-5	Empagliflozin	10	mg/kg	oral	KK-Ay	Mice		15.0	high-fat diet		56.0	1+every1days	70	70	NCT01368081	ADULT,OLDER_ADULT	all	PHASE3	68.0	Empagliflozin	-1	10.0	1+every1days	364	364	3640.0	4.0	0
PMC10323656	https://pmc.ncbi.nlm.nih.gov/articles/PMC10323656	2023	-1.1	Metformin	200	mg/kg	oral gavage	C57BL/6	Mice	male	12.0	high-fat diet+streptozotocin	24.0	56.0	1+every1days	28	28	NCT01368081	ADULT,OLDER_ADULT	all	PHASE3	63.0	Metformin	-0.97	250.0	2+every1days	364	728	182000.0	0.13000000000000012	1
PMC3855476	https://pmc.ncbi.nlm.nih.gov/articles/PMC3855476	2014	-0.7	Metformin	300	mg/kg	oral	db/db	Mice	male	10.0	genetic	44.0	56.0	1+every1days	14	14	NCT01368081	ADULT,OLDER_ADULT	all	PHASE3	63.0	Metformin	-0.97	250.0	2+every1days	364	728	182000.0	-0.27	1
PMC5881648	https://pmc.ncbi.nlm.nih.gov/articles/PMC5881648	2018	-3.3	Metformin	200	mg/kg	gavage	Sprague-Dawley	Rats	male	10.0	streptozotocin	200.0	56.0	1+every1days	77	77	NCT01368081	ADULT,OLDER_ADULT	all	PHASE3	63.0	Metformin	-0.97	250.0	2+every1days	364	728	182000.0	2.33	0
PMC4444588	https://pmc.ncbi.nlm.nih.gov/articles/PMC4444588	2015	-4	Metformin	500	mg/kg	intragastric	Sprague-Dawley	Rats	male	7.0	high-fat diet+streptozotocin	190.0	60.0	1+every1days	56	56	NCT01368081	ADULT,OLDER_ADULT	all	PHASE3	63.0	Metformin	-0.97	250.0	2+every1days	364	728	182000.0	3.0300000000000002	0
PMC4444588	https://pmc.ncbi.nlm.nih.gov/articles/PMC4444588	2015	-1	Metformin	150	mg/kg	intragastric	Sprague-Dawley	Rats	male	8.0	high-fat diet+streptozotocin	190.0	60.0	1+every1days	56	56	NCT01368081	ADULT,OLDER_ADULT	all	PHASE3	63.0	Metformin	-0.97	250.0	2+every1days	364	728	182000.0	0.030000000000000027	1
PMC4444588	https://pmc.ncbi.nlm.nih.gov/articles/PMC4444588	2015	-2	Metformin	300	mg/kg	intragastric	Sprague-Dawley	Rats	male	8.0	high-fat diet+streptozotocin	190.0	60.0	1+every1days	56	56	NCT01368081	ADULT,OLDER_ADULT	all	PHASE3	63.0	Metformin	-0.97	250.0	2+every1days	364	728	182000.0	1.03	1
PMC4097088	https://pmc.ncbi.nlm.nih.gov/articles/PMC4097088	2014	-0.6	Metformin	300	mg/kg	oral	C57BL/6	Mice		8.0	high-fat diet		70.0	1+every1days	14	14	NCT01368081	ADULT,OLDER_ADULT	all	PHASE3	63.0	Metformin	-0.97	250.0	2+every1days	364	728	182000.0	-0.37	1
PMC9457892	https://pmc.ncbi.nlm.nih.gov/articles/PMC9457892	2022	-4.3	Metformin	150	mg/kg	oral	C57BL/6	Mice	male	8.0	streptozotocin	27.5	70.0	1+every1days	42	42	NCT01368081	ADULT,OLDER_ADULT	all	PHASE3	63.0	Metformin	-0.97	250.0	2+every1days	364	728	182000.0	3.33	0
PMC8745465	https://pmc.ncbi.nlm.nih.gov/articles/PMC8745465	2021	-1.51	Metformin	120	mg/kg	oral	Wistar	Rats	male	30.0	high-fat diet+streptozotocin	170.0	70.0	1+every1days	35	35	NCT01368081	ADULT,OLDER_ADULT	all	PHASE3	63.0	Metformin	-0.97	250.0	2+every1days	364	728	182000.0	0.54	1
PMC6681671	https://pmc.ncbi.nlm.nih.gov/articles/PMC6681671	2017	-1.4	Empagliflozin	10	mg/kg	oral	ob/ob	Mice	male	12.5	genetic		77.0	1+every1days	42	42	NCT01368081	ADULT,OLDER_ADULT	all	PHASE3	70.0	Empagliflozin	-0.77	25.0	1+every1days	364	364	9100.0	0.6299999999999999	1
PMC6681671	https://pmc.ncbi.nlm.nih.gov/articles/PMC6681671	2017	-1.4	Empagliflozin	10	mg/kg	oral	ob/ob	Mice	male	12.5	genetic		77.0	1+every1days	42	42	NCT01368081	ADULT,OLDER_ADULT	all	PHASE3	68.0	Empagliflozin	-0.81	10.0	1+every1days	364	364	3640.0	0.5899999999999999	1
PMC6681671	https://pmc.ncbi.nlm.nih.gov/articles/PMC6681671	2017	-1.4	Empagliflozin	10	mg/kg	oral	ob/ob	Mice	male	12.5	genetic		77.0	1+every1days	42	42	NCT01368081	ADULT,OLDER_ADULT	all	PHASE3	71.0	Empagliflozin	-0.83	25.0	1+every1days	364	364	9100.0	0.57	1
PMC6681671	https://pmc.ncbi.nlm.nih.gov/articles/PMC6681671	2017	-1.4	Empagliflozin	10	mg/kg	oral	ob/ob	Mice	male	12.5	genetic		77.0	1+every1days	42	42	NCT01368081	ADULT,OLDER_ADULT	all	PHASE3	69.0	Empagliflozin	-0.87	10.0	1+every1days	364	364	3640.0	0.5299999999999999	1
PMC6681671	https://pmc.ncbi.nlm.nih.gov/articles/PMC6681671	2017	-1.4	Empagliflozin	10	mg/kg	oral	ob/ob	Mice	male	12.5	genetic		77.0	1+every1days	42	42	NCT01368081	ADULT,OLDER_ADULT	all	PHASE3	137.0	Empagliflozin	-0.9	10.0	1+every1days	364	364	3640.0	0.4999999999999999	1
PMC6681671	https://pmc.ncbi.nlm.nih.gov/articles/PMC6681671	2017	-1.4	Empagliflozin	10	mg/kg	oral	ob/ob	Mice	male	12.5	genetic		77.0	1+every1days	42	42	NCT01368081	ADULT,OLDER_ADULT	all	PHASE3	136.0	Empagliflozin	-0.93	10.0	1+every1days	364	364	3640.0	0.46999999999999986	1
PMC6681671	https://pmc.ncbi.nlm.nih.gov/articles/PMC6681671	2017	-1.4	Empagliflozin	10	mg/kg	oral	ob/ob	Mice	male	12.5	genetic		77.0	1+every1days	42	42	NCT01368081	ADULT,OLDER_ADULT	all	PHASE3	137.0	Empagliflozin	-0.96	25.0	1+every1days	364	364	9100.0	0.43999999999999995	1
PMC6681671	https://pmc.ncbi.nlm.nih.gov/articles/PMC6681671	2017	-1.4	Empagliflozin	10	mg/kg	oral	ob/ob	Mice	male	12.5	genetic		77.0	1+every1days	42	42	NCT01368081	ADULT,OLDER_ADULT	all	PHASE3	136.0	Empagliflozin	-0.96	25.0	1+every1days	364	364	9100.0	0.43999999999999995	1
PMC6681671	https://pmc.ncbi.nlm.nih.gov/articles/PMC6681671	2017	-1.4	Empagliflozin	10	mg/kg	oral	ob/ob	Mice	male	12.5	genetic		77.0	1+every1days	42	42	NCT01368081	ADULT,OLDER_ADULT	all	PHASE3	70.0	Empagliflozin	-0.98	10.0	1+every1days	364	364	3640.0	0.41999999999999993	1
PMC6681671	https://pmc.ncbi.nlm.nih.gov/articles/PMC6681671	2017	-1.4	Empagliflozin	10	mg/kg	oral	ob/ob	Mice	male	12.5	genetic		77.0	1+every1days	42	42	NCT01368081	ADULT,OLDER_ADULT	all	PHASE3	65.0	Empagliflozin	-0.98	25.0	1+every1days	364	364	9100.0	0.41999999999999993	1
PMC6681671	https://pmc.ncbi.nlm.nih.gov/articles/PMC6681671	2017	-1.4	Empagliflozin	10	mg/kg	oral	ob/ob	Mice	male	12.5	genetic		77.0	1+every1days	42	42	NCT01368081	ADULT,OLDER_ADULT	all	PHASE3	70.0	Empagliflozin	-0.98	25.0	1+every1days	364	364	9100.0	0.41999999999999993	1
PMC6681671	https://pmc.ncbi.nlm.nih.gov/articles/PMC6681671	2017	-1.4	Empagliflozin	10	mg/kg	oral	ob/ob	Mice	male	12.5	genetic		77.0	1+every1days	42	42	NCT01368081	ADULT,OLDER_ADULT	all	PHASE3	68.0	Empagliflozin	-1	10.0	1+every1days	364	364	3640.0	0.3999999999999999	1
PMC5489512	https://pmc.ncbi.nlm.nih.gov/articles/PMC5489512	2017	-0.3	Linagliptin	2	mg/kg	oral	KK-Ay	Mice	female	10.0	genetic	50.0		1+every1days	42	42	NCT01422876	ADULT,OLDER_ADULT	all	PHASE3	133.0	Linagliptin	-0.67	5.0	1+every1days	168	168	840.0	-0.37000000000000005	1
PMC5489512	https://pmc.ncbi.nlm.nih.gov/articles/PMC5489512	2017	-0.3	Linagliptin	2	mg/kg	oral	KK-Ay	Mice	female	10.0	genetic	50.0		1+every1days	42	42	NCT01422876	ADULT,OLDER_ADULT	all	PHASE3	128.0	Linagliptin	-0.7	5.0	1+every1days	168	168	840.0	-0.39999999999999997	1
PMC7092631	https://pmc.ncbi.nlm.nih.gov/articles/PMC7092631	2020	-0.18	Empagliflozin	10	mg/kg	intragastric	Wistar	Rats	male	10.0	high-fat diet+streptozotocin	200.0		1+every1days	28	28	NCT01422876	ADULT,OLDER_ADULT	all	PHASE3	140.0	Empagliflozin	-0.62	25.0	1+every1days	168	168	4200.0	-0.44	1
PMC7092631	https://pmc.ncbi.nlm.nih.gov/articles/PMC7092631	2020	-0.18	Empagliflozin	10	mg/kg	intragastric	Wistar	Rats	male	10.0	high-fat diet+streptozotocin	200.0		1+every1days	28	28	NCT01422876	ADULT,OLDER_ADULT	all	PHASE3	132.0	Empagliflozin	-0.83	10.0	1+every1days	168	168	1680.0	-0.6499999999999999	1
PMC7092631	https://pmc.ncbi.nlm.nih.gov/articles/PMC7092631	2020	-0.18	Empagliflozin	10	mg/kg	intragastric	Wistar	Rats	male	10.0	high-fat diet+streptozotocin	200.0		1+every1days	28	28	NCT01422876	ADULT,OLDER_ADULT	all	PHASE3	133.0	Empagliflozin	-0.95	25.0	1+every1days	168	168	4200.0	-0.77	1
PMC5491464	https://pmc.ncbi.nlm.nih.gov/articles/PMC5491464	2017	-4.3	Empagliflozin	10	mg/kg	oral	Zucker Diabetic Fatty	Rats			genetic		112.0	1+every1days	42	42	NCT01422876	ADULT,OLDER_ADULT	all	PHASE3	140.0	Empagliflozin	-0.62	25.0	1+every1days	168	168	4200.0	3.6799999999999997	0
PMC5491464	https://pmc.ncbi.nlm.nih.gov/articles/PMC5491464	2017	-5	Empagliflozin	30	mg/kg	oral	Zucker Diabetic Fatty	Rats			genetic		112.0	1+every1days	42	42	NCT01422876	ADULT,OLDER_ADULT	all	PHASE3	140.0	Empagliflozin	-0.62	25.0	1+every1days	168	168	4200.0	4.38	0
PMC5491464	https://pmc.ncbi.nlm.nih.gov/articles/PMC5491464	2017	-4.3	Empagliflozin	10	mg/kg	oral	Zucker Diabetic Fatty	Rats			genetic		112.0	1+every1days	42	42	NCT01422876	ADULT,OLDER_ADULT	all	PHASE3	132.0	Empagliflozin	-0.83	10.0	1+every1days	168	168	1680.0	3.4699999999999998	0
PMC5491464	https://pmc.ncbi.nlm.nih.gov/articles/PMC5491464	2017	-5	Empagliflozin	30	mg/kg	oral	Zucker Diabetic Fatty	Rats			genetic		112.0	1+every1days	42	42	NCT01422876	ADULT,OLDER_ADULT	all	PHASE3	132.0	Empagliflozin	-0.83	10.0	1+every1days	168	168	1680.0	4.17	0
PMC5491464	https://pmc.ncbi.nlm.nih.gov/articles/PMC5491464	2017	-4.3	Empagliflozin	10	mg/kg	oral	Zucker Diabetic Fatty	Rats			genetic		112.0	1+every1days	42	42	NCT01422876	ADULT,OLDER_ADULT	all	PHASE3	133.0	Empagliflozin	-0.95	25.0	1+every1days	168	168	4200.0	3.3499999999999996	0
PMC5491464	https://pmc.ncbi.nlm.nih.gov/articles/PMC5491464	2017	-5	Empagliflozin	30	mg/kg	oral	Zucker Diabetic Fatty	Rats			genetic		112.0	1+every1days	42	42	NCT01422876	ADULT,OLDER_ADULT	all	PHASE3	133.0	Empagliflozin	-0.95	25.0	1+every1days	168	168	4200.0	4.05	0
PMC6701666	https://pmc.ncbi.nlm.nih.gov/articles/PMC6701666	2019	0	Linagliptin	3	mg/kg	oral	db/db	Mice	female	12.0	genetic		38.5	1+every1days	42	42	NCT01422876	ADULT,OLDER_ADULT	all	PHASE3	133.0	Linagliptin	-0.67	5.0	1+every1days	168	168	840.0	-0.67	1
PMC6701666	https://pmc.ncbi.nlm.nih.gov/articles/PMC6701666	2019	0	Linagliptin	3	mg/kg	oral	db/db	Mice	female	12.0	genetic		38.5	1+every1days	42	42	NCT01422876	ADULT,OLDER_ADULT	all	PHASE3	128.0	Linagliptin	-0.7	5.0	1+every1days	168	168	840.0	-0.7	1
PMC5152931	https://pmc.ncbi.nlm.nih.gov/articles/PMC5152931	2016	-2	Linagliptin	0.083	mg/kg	oral	Wistar	Rats	male	22.0	streptozotocin		42.0		168		NCT01422876	ADULT,OLDER_ADULT	all	PHASE3	133.0	Linagliptin	-0.67	5.0	1+every1days	168	168	840.0	1.33	0
PMC5152931	https://pmc.ncbi.nlm.nih.gov/articles/PMC5152931	2016	-2	Linagliptin	0.083	mg/kg	oral	Wistar	Rats	male	22.0	streptozotocin		42.0		168		NCT01422876	ADULT,OLDER_ADULT	all	PHASE3	128.0	Linagliptin	-0.7	5.0	1+every1days	168	168	840.0	1.3	0
PMC6359811	https://pmc.ncbi.nlm.nih.gov/articles/PMC6359811	2019	-5	Empagliflozin	10	mg/kg	oral	KK-Ay	Mice		15.0	high-fat diet		56.0	1+every1days	70	70	NCT01422876	ADULT,OLDER_ADULT	all	PHASE3	140.0	Empagliflozin	-0.62	25.0	1+every1days	168	168	4200.0	4.38	0
PMC6359811	https://pmc.ncbi.nlm.nih.gov/articles/PMC6359811	2019	-5	Empagliflozin	10	mg/kg	oral	KK-Ay	Mice		15.0	high-fat diet		56.0	1+every1days	70	70	NCT01422876	ADULT,OLDER_ADULT	all	PHASE3	132.0	Empagliflozin	-0.83	10.0	1+every1days	168	168	1680.0	4.17	0
PMC6359811	https://pmc.ncbi.nlm.nih.gov/articles/PMC6359811	2019	-5	Empagliflozin	10	mg/kg	oral	KK-Ay	Mice		15.0	high-fat diet		56.0	1+every1days	70	70	NCT01422876	ADULT,OLDER_ADULT	all	PHASE3	133.0	Empagliflozin	-0.95	25.0	1+every1days	168	168	4200.0	4.05	0
PMC6681671	https://pmc.ncbi.nlm.nih.gov/articles/PMC6681671	2017	-1.4	Empagliflozin	10	mg/kg	oral	ob/ob	Mice	male	12.5	genetic		77.0	1+every1days	42	42	NCT01422876	ADULT,OLDER_ADULT	all	PHASE3	140.0	Empagliflozin	-0.62	25.0	1+every1days	168	168	4200.0	0.7799999999999999	1
PMC6681671	https://pmc.ncbi.nlm.nih.gov/articles/PMC6681671	2017	-1.4	Empagliflozin	10	mg/kg	oral	ob/ob	Mice	male	12.5	genetic		77.0	1+every1days	42	42	NCT01422876	ADULT,OLDER_ADULT	all	PHASE3	132.0	Empagliflozin	-0.83	10.0	1+every1days	168	168	1680.0	0.57	1
PMC6681671	https://pmc.ncbi.nlm.nih.gov/articles/PMC6681671	2017	-1.4	Empagliflozin	10	mg/kg	oral	ob/ob	Mice	male	12.5	genetic		77.0	1+every1days	42	42	NCT01422876	ADULT,OLDER_ADULT	all	PHASE3	133.0	Empagliflozin	-0.95	25.0	1+every1days	168	168	4200.0	0.44999999999999996	1
PMC5485244	https://pmc.ncbi.nlm.nih.gov/articles/PMC5485244	2017	-0.4	Metformin	500	mg/kg	oral	C57BL/6J	Mice	male	8.0	high-fat diet			1+every1days			NCT01438814	ADULT,OLDER_ADULT	all	PHASE4	341.0	Metformin	-0.98	500.0	2+every1days	98	196	98000.0	-0.58	1
PMC8657924	https://pmc.ncbi.nlm.nih.gov/articles/PMC8657924	2021	-4	Metformin	225	mg/kg	oral	Kunming	Mice	male	8.0	high-fat diet+streptozotocin	20.0		1+every1days	28	28	NCT01438814	ADULT,OLDER_ADULT	all	PHASE4	341.0	Metformin	-0.98	500.0	2+every1days	98	196	98000.0	3.02	0
PMC3462199	https://pmc.ncbi.nlm.nih.gov/articles/PMC3462199	2012	-0.4	Metformin	400	mg/kg	intraperitoneal	db/db	Mice	male	10.0	genetic	47.5		1+every1days	14	14	NCT01438814	ADULT,OLDER_ADULT	all	PHASE4	341.0	Metformin	-0.98	500.0	2+every1days	98	196	98000.0	-0.58	1
PMC3462199	https://pmc.ncbi.nlm.nih.gov/articles/PMC3462199	2012	-0.3	Metformin	400	mg/kg	intraperitoneal	db/db	Mice	male	12.0	genetic	47.5		1+every1days	14	14	NCT01438814	ADULT,OLDER_ADULT	all	PHASE4	341.0	Metformin	-0.98	500.0	2+every1days	98	196	98000.0	-0.6799999999999999	1
PMC9313150	https://pmc.ncbi.nlm.nih.gov/articles/PMC9313150	2022	-2.1	Metformin	200	mg/kg	oral	Wistar	Rats	male		high-fat diet+streptozotocin	185.0		1+every1days	84	84	NCT01438814	ADULT,OLDER_ADULT	all	PHASE4	341.0	Metformin	-0.98	500.0	2+every1days	98	196	98000.0	1.12	0
PMC7092631	https://pmc.ncbi.nlm.nih.gov/articles/PMC7092631	2020	-0.82	Metformin	200	mg/kg	intragastric	Wistar	Rats	male	10.0	high-fat diet+streptozotocin	200.0		1+every1days	28	28	NCT01438814	ADULT,OLDER_ADULT	all	PHASE4	341.0	Metformin	-0.98	500.0	2+every1days	98	196	98000.0	-0.16000000000000003	1
PMC8800605	https://pmc.ncbi.nlm.nih.gov/articles/PMC8800605	2022	-0.21	Metformin	60	mg/kg	oral	Wistar	Rats	male	12.0	high-fat diet+streptozotocin	176.8		1+every1days	14	14	NCT01438814	ADULT,OLDER_ADULT	all	PHASE4	341.0	Metformin	-0.98	500.0	2+every1days	98	196	98000.0	-0.77	1
PMC4826921	https://pmc.ncbi.nlm.nih.gov/articles/PMC4826921	2016	-1.6	Metformin	200	mg/kg	oral	Wistar	Rats	male	20.0	high-fat diet	110.0		1+every1days	60	60	NCT01438814	ADULT,OLDER_ADULT	all	PHASE4	341.0	Metformin	-0.98	500.0	2+every1days	98	196	98000.0	0.6200000000000001	1
PMC7034448	https://pmc.ncbi.nlm.nih.gov/articles/PMC7034448	2020	-5.1	Metformin	500	mg/kg	oral	Wistar	Rats	male	6.0	high-fat diet+streptozotocin	190.0		1+every1days	30	30	NCT01438814	ADULT,OLDER_ADULT	all	PHASE4	341.0	Metformin	-0.98	500.0	2+every1days	98	196	98000.0	4.119999999999999	0
PMC4884299	https://pmc.ncbi.nlm.nih.gov/articles/PMC4884299	2016	-2.34	Metformin	150	mg/kg	oral	Wistar	Rats	male	6.0	streptozotocin+nicotinamide	280.0		1+every1days	42	42	NCT01438814	ADULT,OLDER_ADULT	all	PHASE4	341.0	Metformin	-0.98	500.0	2+every1days	98	196	98000.0	1.3599999999999999	0
PMC9953164	https://pmc.ncbi.nlm.nih.gov/articles/PMC9953164	2023	-2.5	Metformin	200	mg/kg		Wistar	Rats	male	8.0	high-fat diet+streptozotocin	185.0		1+every1days	84	84	NCT01438814	ADULT,OLDER_ADULT	all	PHASE4	341.0	Metformin	-0.98	500.0	2+every1days	98	196	98000.0	1.52	0
PMC9681650	https://pmc.ncbi.nlm.nih.gov/articles/PMC9681650	2022	-0.1	Metformin	60	mg/kg	oral	Wistar	Rats	male	12.0	high-fat diet+streptozotocin	176.8	120.0	1+every1days	14	14	NCT01438814	ADULT,OLDER_ADULT	all	PHASE4	341.0	Metformin	-0.98	500.0	2+every1days	98	196	98000.0	-0.88	1
PMC4423537	https://pmc.ncbi.nlm.nih.gov/articles/PMC4423537	2013	-1.6	Metformin	300	mg/kg	oral	Otsuka Long-Evans Tokushima Fatty	Rats	male	14.0	genetic		140.0	1+every1days	84	84	NCT01438814	ADULT,OLDER_ADULT	all	PHASE4	341.0	Metformin	-0.98	500.0	2+every1days	98	196	98000.0	0.6200000000000001	1
PMC9470898	https://pmc.ncbi.nlm.nih.gov/articles/PMC9470898	2022	-0.5	Metformin	0.1	% (w/w)	oral	NONcNZO10/LtJ	Mice	male	10.0	genetic		147.0		126		NCT01438814	ADULT,OLDER_ADULT	all	PHASE4	341.0	Metformin	-0.98	500.0	2+every1days	98	196	98000.0	-0.48	1
PMC5840580	https://pmc.ncbi.nlm.nih.gov/articles/PMC5840580	2017	-1.5	Metformin	300	mg/kg	oral	Otsuka Long-Evans Tokushima Fatty	Rats	male	6.0	high-fat diet		168.0	1+every1days	84	84	NCT01438814	ADULT,OLDER_ADULT	all	PHASE4	341.0	Metformin	-0.98	500.0	2+every1days	98	196	98000.0	0.52	1
PMC3465985	https://pmc.ncbi.nlm.nih.gov/articles/PMC3465985	2012	-1.31	Metformin	350	mg/kg	oral	Spontaneously Diabetic Torii	Rats	male	10.0	genetic		175.0	1+every1days	119	119	NCT01438814	ADULT,OLDER_ADULT	all	PHASE4	341.0	Metformin	-0.98	500.0	2+every1days	98	196	98000.0	0.33000000000000007	1
PMC5319739	https://pmc.ncbi.nlm.nih.gov/articles/PMC5319739	2017	-4.2	Metformin	50	mg/kg	gastric intubation	Psammomys obesus	Gerbillinae	male	30.0	high-fat diet	100.0	240.0	1+every1days	84	84	NCT01438814	ADULT,OLDER_ADULT	all	PHASE4	341.0	Metformin	-0.98	500.0	2+every1days	98	196	98000.0	3.22	0
PMC9698742	https://pmc.ncbi.nlm.nih.gov/articles/PMC9698742	2022	-2.6	Metformin	200	mg/kg	oral	Wistar	Rats	male	5.0	streptozotocin	225.0	270.0	1+every1days	45	45	NCT01438814	ADULT,OLDER_ADULT	all	PHASE4	341.0	Metformin	-0.98	500.0	2+every1days	98	196	98000.0	1.62	0
PMC7727825	https://pmc.ncbi.nlm.nih.gov/articles/PMC7727825	2020	-3	Metformin	200	mg/kg	oral	C57BLKS/J-db/db	Mice	male	8.0	genetic		35.0	1+every1days	63	63	NCT01438814	ADULT,OLDER_ADULT	all	PHASE4	341.0	Metformin	-0.98	500.0	2+every1days	98	196	98000.0	2.02	0
PMC7598587	https://pmc.ncbi.nlm.nih.gov/articles/PMC7598587	2020	-1.85	Metformin	200	mg/kg	oral	C57BL/6N	Mice	male	8.0	high-fat diet+streptozotocin		38.5	1+every1days	28	28	NCT01438814	ADULT,OLDER_ADULT	all	PHASE4	341.0	Metformin	-0.98	500.0	2+every1days	98	196	98000.0	0.8700000000000001	1
PMC4726511	https://pmc.ncbi.nlm.nih.gov/articles/PMC4726511	2016	-0.6	Metformin	10	mg/kg	oral	db/db	Mice		5.0	genetic		42.0	1+every1days	28	28	NCT01438814	ADULT,OLDER_ADULT	all	PHASE4	341.0	Metformin	-0.98	500.0	2+every1days	98	196	98000.0	-0.38	1
PMC5485244	https://pmc.ncbi.nlm.nih.gov/articles/PMC5485244	2017	-0.4	Metformin	500	mg/kg	oral	C57BL/6J	Mice	male	16.0	high-fat diet		42.0	1+every1days	84	84	NCT01438814	ADULT,OLDER_ADULT	all	PHASE4	341.0	Metformin	-0.98	500.0	2+every1days	98	196	98000.0	-0.58	1
PMC6273299	https://pmc.ncbi.nlm.nih.gov/articles/PMC6273299	2016	-1.3	Metformin	200	mg/kg		Zucker Diabetic Fatty	Rats	male	6.0	high-fat diet		42.0	1+every1days	84	84	NCT01438814	ADULT,OLDER_ADULT	all	PHASE4	341.0	Metformin	-0.98	500.0	2+every1days	98	196	98000.0	0.32000000000000006	1
PMC3327803	https://pmc.ncbi.nlm.nih.gov/articles/PMC3327803	2012	0.3	Metformin	200	mg/kg	intraperitoneal	db/db	Mice	male	11.0	genetic		49.0	1+every1days	126	126	NCT01438814	ADULT,OLDER_ADULT	all	PHASE4	341.0	Metformin	-0.98	500.0	2+every1days	98	196	98000.0	-1.28	0
PMC3907559	https://pmc.ncbi.nlm.nih.gov/articles/PMC3907559	2014	-3	Metformin	200	mg/kg	oral	Zucker Diabetic Fatty	Rats	male	10.0	genetic		49.0	2+every1days	32	64	NCT01438814	ADULT,OLDER_ADULT	all	PHASE4	341.0	Metformin	-0.98	500.0	2+every1days	98	196	98000.0	2.02	0
PMC7381706	https://pmc.ncbi.nlm.nih.gov/articles/PMC7381706	2020	-0.1	Metformin	250	mg/kg	oral	ob/ob	Mice	male	8.0	genetic		52.5	1+every1days	26	26	NCT01438814	ADULT,OLDER_ADULT	all	PHASE4	341.0	Metformin	-0.98	500.0	2+every1days	98	196	98000.0	-0.88	1
PMC10203393	https://pmc.ncbi.nlm.nih.gov/articles/PMC10203393	2023	-5.5	Metformin	0.2	g/kg	oral	Sprague-Dawley	Rats	male	8.0	high-fat diet+streptozotocin	150.0	52.5	1+every1days	70	70	NCT01438814	ADULT,OLDER_ADULT	all	PHASE4	341.0	Metformin	-0.98	500.0	2+every1days	98	196	98000.0	4.52	0
PMC10323656	https://pmc.ncbi.nlm.nih.gov/articles/PMC10323656	2023	-1.1	Metformin	200	mg/kg	oral gavage	C57BL/6	Mice	male	12.0	high-fat diet+streptozotocin	24.0	56.0	1+every1days	28	28	NCT01438814	ADULT,OLDER_ADULT	all	PHASE4	341.0	Metformin	-0.98	500.0	2+every1days	98	196	98000.0	0.1200000000000001	1
PMC3855476	https://pmc.ncbi.nlm.nih.gov/articles/PMC3855476	2014	-0.7	Metformin	300	mg/kg	oral	db/db	Mice	male	10.0	genetic	44.0	56.0	1+every1days	14	14	NCT01438814	ADULT,OLDER_ADULT	all	PHASE4	341.0	Metformin	-0.98	500.0	2+every1days	98	196	98000.0	-0.28	1
PMC5881648	https://pmc.ncbi.nlm.nih.gov/articles/PMC5881648	2018	-3.3	Metformin	200	mg/kg	gavage	Sprague-Dawley	Rats	male	10.0	streptozotocin	200.0	56.0	1+every1days	77	77	NCT01438814	ADULT,OLDER_ADULT	all	PHASE4	341.0	Metformin	-0.98	500.0	2+every1days	98	196	98000.0	2.32	0
PMC4444588	https://pmc.ncbi.nlm.nih.gov/articles/PMC4444588	2015	-4	Metformin	500	mg/kg	intragastric	Sprague-Dawley	Rats	male	7.0	high-fat diet+streptozotocin	190.0	60.0	1+every1days	56	56	NCT01438814	ADULT,OLDER_ADULT	all	PHASE4	341.0	Metformin	-0.98	500.0	2+every1days	98	196	98000.0	3.02	0
PMC4444588	https://pmc.ncbi.nlm.nih.gov/articles/PMC4444588	2015	-1	Metformin	150	mg/kg	intragastric	Sprague-Dawley	Rats	male	8.0	high-fat diet+streptozotocin	190.0	60.0	1+every1days	56	56	NCT01438814	ADULT,OLDER_ADULT	all	PHASE4	341.0	Metformin	-0.98	500.0	2+every1days	98	196	98000.0	0.020000000000000018	1
PMC4444588	https://pmc.ncbi.nlm.nih.gov/articles/PMC4444588	2015	-2	Metformin	300	mg/kg	intragastric	Sprague-Dawley	Rats	male	8.0	high-fat diet+streptozotocin	190.0	60.0	1+every1days	56	56	NCT01438814	ADULT,OLDER_ADULT	all	PHASE4	341.0	Metformin	-0.98	500.0	2+every1days	98	196	98000.0	1.02	1
PMC4097088	https://pmc.ncbi.nlm.nih.gov/articles/PMC4097088	2014	-0.6	Metformin	300	mg/kg	oral	C57BL/6	Mice		8.0	high-fat diet		70.0	1+every1days	14	14	NCT01438814	ADULT,OLDER_ADULT	all	PHASE4	341.0	Metformin	-0.98	500.0	2+every1days	98	196	98000.0	-0.38	1
PMC9457892	https://pmc.ncbi.nlm.nih.gov/articles/PMC9457892	2022	-4.3	Metformin	150	mg/kg	oral	C57BL/6	Mice	male	8.0	streptozotocin	27.5	70.0	1+every1days	42	42	NCT01438814	ADULT,OLDER_ADULT	all	PHASE4	341.0	Metformin	-0.98	500.0	2+every1days	98	196	98000.0	3.32	0
PMC8745465	https://pmc.ncbi.nlm.nih.gov/articles/PMC8745465	2021	-1.51	Metformin	120	mg/kg	oral	Wistar	Rats	male	30.0	high-fat diet+streptozotocin	170.0	70.0	1+every1days	35	35	NCT01438814	ADULT,OLDER_ADULT	all	PHASE4	341.0	Metformin	-0.98	500.0	2+every1days	98	196	98000.0	0.53	1
PMC5485244	https://pmc.ncbi.nlm.nih.gov/articles/PMC5485244	2017	-0.4	Metformin	500	mg/kg	oral	C57BL/6J	Mice	male	8.0	high-fat diet			1+every1days			NCT01485614	CHILD	all	PHASE3	8.0	Metformin	-1.03	500.0	2+every1days	140	280	140000.0	-0.63	1
PMC8657924	https://pmc.ncbi.nlm.nih.gov/articles/PMC8657924	2021	-4	Metformin	225	mg/kg	oral	Kunming	Mice	male	8.0	high-fat diet+streptozotocin	20.0		1+every1days	28	28	NCT01485614	CHILD	all	PHASE3	8.0	Metformin	-1.03	500.0	2+every1days	140	280	140000.0	2.9699999999999998	0
PMC3462199	https://pmc.ncbi.nlm.nih.gov/articles/PMC3462199	2012	-0.4	Metformin	400	mg/kg	intraperitoneal	db/db	Mice	male	10.0	genetic	47.5		1+every1days	14	14	NCT01485614	CHILD	all	PHASE3	8.0	Metformin	-1.03	500.0	2+every1days	140	280	140000.0	-0.63	1
PMC3462199	https://pmc.ncbi.nlm.nih.gov/articles/PMC3462199	2012	-0.3	Metformin	400	mg/kg	intraperitoneal	db/db	Mice	male	12.0	genetic	47.5		1+every1days	14	14	NCT01485614	CHILD	all	PHASE3	8.0	Metformin	-1.03	500.0	2+every1days	140	280	140000.0	-0.73	1
PMC9313150	https://pmc.ncbi.nlm.nih.gov/articles/PMC9313150	2022	-2.1	Metformin	200	mg/kg	oral	Wistar	Rats	male		high-fat diet+streptozotocin	185.0		1+every1days	84	84	NCT01485614	CHILD	all	PHASE3	8.0	Metformin	-1.03	500.0	2+every1days	140	280	140000.0	1.07	0
PMC7092631	https://pmc.ncbi.nlm.nih.gov/articles/PMC7092631	2020	-0.82	Metformin	200	mg/kg	intragastric	Wistar	Rats	male	10.0	high-fat diet+streptozotocin	200.0		1+every1days	28	28	NCT01485614	CHILD	all	PHASE3	8.0	Metformin	-1.03	500.0	2+every1days	140	280	140000.0	-0.21000000000000008	1
PMC8800605	https://pmc.ncbi.nlm.nih.gov/articles/PMC8800605	2022	-0.21	Metformin	60	mg/kg	oral	Wistar	Rats	male	12.0	high-fat diet+streptozotocin	176.8		1+every1days	14	14	NCT01485614	CHILD	all	PHASE3	8.0	Metformin	-1.03	500.0	2+every1days	140	280	140000.0	-0.8200000000000001	1
PMC4826921	https://pmc.ncbi.nlm.nih.gov/articles/PMC4826921	2016	-1.6	Metformin	200	mg/kg	oral	Wistar	Rats	male	20.0	high-fat diet	110.0		1+every1days	60	60	NCT01485614	CHILD	all	PHASE3	8.0	Metformin	-1.03	500.0	2+every1days	140	280	140000.0	0.5700000000000001	1
PMC7034448	https://pmc.ncbi.nlm.nih.gov/articles/PMC7034448	2020	-5.1	Metformin	500	mg/kg	oral	Wistar	Rats	male	6.0	high-fat diet+streptozotocin	190.0		1+every1days	30	30	NCT01485614	CHILD	all	PHASE3	8.0	Metformin	-1.03	500.0	2+every1days	140	280	140000.0	4.069999999999999	0
PMC4884299	https://pmc.ncbi.nlm.nih.gov/articles/PMC4884299	2016	-2.34	Metformin	150	mg/kg	oral	Wistar	Rats	male	6.0	streptozotocin+nicotinamide	280.0		1+every1days	42	42	NCT01485614	CHILD	all	PHASE3	8.0	Metformin	-1.03	500.0	2+every1days	140	280	140000.0	1.3099999999999998	0
PMC9953164	https://pmc.ncbi.nlm.nih.gov/articles/PMC9953164	2023	-2.5	Metformin	200	mg/kg		Wistar	Rats	male	8.0	high-fat diet+streptozotocin	185.0		1+every1days	84	84	NCT01485614	CHILD	all	PHASE3	8.0	Metformin	-1.03	500.0	2+every1days	140	280	140000.0	1.47	0
PMC9681650	https://pmc.ncbi.nlm.nih.gov/articles/PMC9681650	2022	-0.1	Metformin	60	mg/kg	oral	Wistar	Rats	male	12.0	high-fat diet+streptozotocin	176.8	120.0	1+every1days	14	14	NCT01485614	CHILD	all	PHASE3	8.0	Metformin	-1.03	500.0	2+every1days	140	280	140000.0	-0.93	1
PMC4423537	https://pmc.ncbi.nlm.nih.gov/articles/PMC4423537	2013	-1.6	Metformin	300	mg/kg	oral	Otsuka Long-Evans Tokushima Fatty	Rats	male	14.0	genetic		140.0	1+every1days	84	84	NCT01485614	CHILD	all	PHASE3	8.0	Metformin	-1.03	500.0	2+every1days	140	280	140000.0	0.5700000000000001	1
PMC9470898	https://pmc.ncbi.nlm.nih.gov/articles/PMC9470898	2022	-0.5	Metformin	0.1	% (w/w)	oral	NONcNZO10/LtJ	Mice	male	10.0	genetic		147.0		126		NCT01485614	CHILD	all	PHASE3	8.0	Metformin	-1.03	500.0	2+every1days	140	280	140000.0	-0.53	1
PMC5840580	https://pmc.ncbi.nlm.nih.gov/articles/PMC5840580	2017	-1.5	Metformin	300	mg/kg	oral	Otsuka Long-Evans Tokushima Fatty	Rats	male	6.0	high-fat diet		168.0	1+every1days	84	84	NCT01485614	CHILD	all	PHASE3	8.0	Metformin	-1.03	500.0	2+every1days	140	280	140000.0	0.47	1
PMC3465985	https://pmc.ncbi.nlm.nih.gov/articles/PMC3465985	2012	-1.31	Metformin	350	mg/kg	oral	Spontaneously Diabetic Torii	Rats	male	10.0	genetic		175.0	1+every1days	119	119	NCT01485614	CHILD	all	PHASE3	8.0	Metformin	-1.03	500.0	2+every1days	140	280	140000.0	0.28	1
PMC5319739	https://pmc.ncbi.nlm.nih.gov/articles/PMC5319739	2017	-4.2	Metformin	50	mg/kg	gastric intubation	Psammomys obesus	Gerbillinae	male	30.0	high-fat diet	100.0	240.0	1+every1days	84	84	NCT01485614	CHILD	all	PHASE3	8.0	Metformin	-1.03	500.0	2+every1days	140	280	140000.0	3.17	0
PMC9698742	https://pmc.ncbi.nlm.nih.gov/articles/PMC9698742	2022	-2.6	Metformin	200	mg/kg	oral	Wistar	Rats	male	5.0	streptozotocin	225.0	270.0	1+every1days	45	45	NCT01485614	CHILD	all	PHASE3	8.0	Metformin	-1.03	500.0	2+every1days	140	280	140000.0	1.57	0
PMC7727825	https://pmc.ncbi.nlm.nih.gov/articles/PMC7727825	2020	-3	Metformin	200	mg/kg	oral	C57BLKS/J-db/db	Mice	male	8.0	genetic		35.0	1+every1days	63	63	NCT01485614	CHILD	all	PHASE3	8.0	Metformin	-1.03	500.0	2+every1days	140	280	140000.0	1.97	0
PMC7598587	https://pmc.ncbi.nlm.nih.gov/articles/PMC7598587	2020	-1.85	Metformin	200	mg/kg	oral	C57BL/6N	Mice	male	8.0	high-fat diet+streptozotocin		38.5	1+every1days	28	28	NCT01485614	CHILD	all	PHASE3	8.0	Metformin	-1.03	500.0	2+every1days	140	280	140000.0	0.8200000000000001	1
PMC4726511	https://pmc.ncbi.nlm.nih.gov/articles/PMC4726511	2016	-0.6	Metformin	10	mg/kg	oral	db/db	Mice		5.0	genetic		42.0	1+every1days	28	28	NCT01485614	CHILD	all	PHASE3	8.0	Metformin	-1.03	500.0	2+every1days	140	280	140000.0	-0.43000000000000005	1
PMC5485244	https://pmc.ncbi.nlm.nih.gov/articles/PMC5485244	2017	-0.4	Metformin	500	mg/kg	oral	C57BL/6J	Mice	male	16.0	high-fat diet		42.0	1+every1days	84	84	NCT01485614	CHILD	all	PHASE3	8.0	Metformin	-1.03	500.0	2+every1days	140	280	140000.0	-0.63	1
PMC6273299	https://pmc.ncbi.nlm.nih.gov/articles/PMC6273299	2016	-1.3	Metformin	200	mg/kg		Zucker Diabetic Fatty	Rats	male	6.0	high-fat diet		42.0	1+every1days	84	84	NCT01485614	CHILD	all	PHASE3	8.0	Metformin	-1.03	500.0	2+every1days	140	280	140000.0	0.27	1
PMC3327803	https://pmc.ncbi.nlm.nih.gov/articles/PMC3327803	2012	0.3	Metformin	200	mg/kg	intraperitoneal	db/db	Mice	male	11.0	genetic		49.0	1+every1days	126	126	NCT01485614	CHILD	all	PHASE3	8.0	Metformin	-1.03	500.0	2+every1days	140	280	140000.0	-1.33	0
PMC3907559	https://pmc.ncbi.nlm.nih.gov/articles/PMC3907559	2014	-3	Metformin	200	mg/kg	oral	Zucker Diabetic Fatty	Rats	male	10.0	genetic		49.0	2+every1days	32	64	NCT01485614	CHILD	all	PHASE3	8.0	Metformin	-1.03	500.0	2+every1days	140	280	140000.0	1.97	0
PMC7381706	https://pmc.ncbi.nlm.nih.gov/articles/PMC7381706	2020	-0.1	Metformin	250	mg/kg	oral	ob/ob	Mice	male	8.0	genetic		52.5	1+every1days	26	26	NCT01485614	CHILD	all	PHASE3	8.0	Metformin	-1.03	500.0	2+every1days	140	280	140000.0	-0.93	1
PMC10203393	https://pmc.ncbi.nlm.nih.gov/articles/PMC10203393	2023	-5.5	Metformin	0.2	g/kg	oral	Sprague-Dawley	Rats	male	8.0	high-fat diet+streptozotocin	150.0	52.5	1+every1days	70	70	NCT01485614	CHILD	all	PHASE3	8.0	Metformin	-1.03	500.0	2+every1days	140	280	140000.0	4.47	0
PMC10323656	https://pmc.ncbi.nlm.nih.gov/articles/PMC10323656	2023	-1.1	Metformin	200	mg/kg	oral gavage	C57BL/6	Mice	male	12.0	high-fat diet+streptozotocin	24.0	56.0	1+every1days	28	28	NCT01485614	CHILD	all	PHASE3	8.0	Metformin	-1.03	500.0	2+every1days	140	280	140000.0	0.07000000000000006	1
PMC3855476	https://pmc.ncbi.nlm.nih.gov/articles/PMC3855476	2014	-0.7	Metformin	300	mg/kg	oral	db/db	Mice	male	10.0	genetic	44.0	56.0	1+every1days	14	14	NCT01485614	CHILD	all	PHASE3	8.0	Metformin	-1.03	500.0	2+every1days	140	280	140000.0	-0.33000000000000007	1
PMC5881648	https://pmc.ncbi.nlm.nih.gov/articles/PMC5881648	2018	-3.3	Metformin	200	mg/kg	gavage	Sprague-Dawley	Rats	male	10.0	streptozotocin	200.0	56.0	1+every1days	77	77	NCT01485614	CHILD	all	PHASE3	8.0	Metformin	-1.03	500.0	2+every1days	140	280	140000.0	2.2699999999999996	0
PMC4444588	https://pmc.ncbi.nlm.nih.gov/articles/PMC4444588	2015	-4	Metformin	500	mg/kg	intragastric	Sprague-Dawley	Rats	male	7.0	high-fat diet+streptozotocin	190.0	60.0	1+every1days	56	56	NCT01485614	CHILD	all	PHASE3	8.0	Metformin	-1.03	500.0	2+every1days	140	280	140000.0	2.9699999999999998	0
PMC4444588	https://pmc.ncbi.nlm.nih.gov/articles/PMC4444588	2015	-1	Metformin	150	mg/kg	intragastric	Sprague-Dawley	Rats	male	8.0	high-fat diet+streptozotocin	190.0	60.0	1+every1days	56	56	NCT01485614	CHILD	all	PHASE3	8.0	Metformin	-1.03	500.0	2+every1days	140	280	140000.0	-0.030000000000000027	1
PMC4444588	https://pmc.ncbi.nlm.nih.gov/articles/PMC4444588	2015	-2	Metformin	300	mg/kg	intragastric	Sprague-Dawley	Rats	male	8.0	high-fat diet+streptozotocin	190.0	60.0	1+every1days	56	56	NCT01485614	CHILD	all	PHASE3	8.0	Metformin	-1.03	500.0	2+every1days	140	280	140000.0	0.97	1
PMC4097088	https://pmc.ncbi.nlm.nih.gov/articles/PMC4097088	2014	-0.6	Metformin	300	mg/kg	oral	C57BL/6	Mice		8.0	high-fat diet		70.0	1+every1days	14	14	NCT01485614	CHILD	all	PHASE3	8.0	Metformin	-1.03	500.0	2+every1days	140	280	140000.0	-0.43000000000000005	1
PMC9457892	https://pmc.ncbi.nlm.nih.gov/articles/PMC9457892	2022	-4.3	Metformin	150	mg/kg	oral	C57BL/6	Mice	male	8.0	streptozotocin	27.5	70.0	1+every1days	42	42	NCT01485614	CHILD	all	PHASE3	8.0	Metformin	-1.03	500.0	2+every1days	140	280	140000.0	3.2699999999999996	0
PMC8745465	https://pmc.ncbi.nlm.nih.gov/articles/PMC8745465	2021	-1.51	Metformin	120	mg/kg	oral	Wistar	Rats	male	30.0	high-fat diet+streptozotocin	170.0	70.0	1+every1days	35	35	NCT01485614	CHILD	all	PHASE3	8.0	Metformin	-1.03	500.0	2+every1days	140	280	140000.0	0.48	1
PMC9374709	https://pmc.ncbi.nlm.nih.gov/articles/PMC9374709	2022	-1.34	Liraglutide	0.4	mg/kg	subcutaneous	C57BL/6NRj	Mice	male	23.0	high-fat diet	35.0	112.0	1+every1days	28	28	NCT01512108	ADULT,OLDER_ADULT	all	PHASE3	239.0	Liraglutide	-1.21	0.9	1+every1days	364	364	327.6	0.13000000000000012	1
PMC9374709	https://pmc.ncbi.nlm.nih.gov/articles/PMC9374709	2022	-11.69	Liraglutide	0.4	mg/kg	subcutaneous	C57BL/6NTac	Mice	male	16.0	high-fat diet	35.0	112.0	1+every1days	28	28	NCT01512108	ADULT,OLDER_ADULT	all	PHASE3	239.0	Liraglutide	-1.21	0.9	1+every1days	364	364	327.6	10.48	0
PMC6412877	https://pmc.ncbi.nlm.nih.gov/articles/PMC6412877	2019	-0.5	Liraglutide	25	nmol/kg	subcutaneous		Mice	male		high-fat diet		49.0	1+every1days	28	28	NCT01512108	ADULT,OLDER_ADULT	all	PHASE3	239.0	Liraglutide	-1.21	0.9	1+every1days	364	364	327.6	-0.71	1
PMC9072222	https://pmc.ncbi.nlm.nih.gov/articles/PMC9072222	2019	-1.4	Liraglutide	0.1	mg/kg	subcutaneous	db/db	Mice	male	40.0	genetic		49.0	1+every1days	56	56	NCT01512108	ADULT,OLDER_ADULT	all	PHASE3	239.0	Liraglutide	-1.21	0.9	1+every1days	364	364	327.6	0.18999999999999995	1
PMC9112483	https://pmc.ncbi.nlm.nih.gov/articles/PMC9112483	2022	-1.4	Liraglutide	200	μg/kg	subcutaneous	Zucker Diabetic Fatty	Rats	male	7.0	genetic		77.0	2+every1days	140	280	NCT01512108	ADULT,OLDER_ADULT	all	PHASE3	239.0	Liraglutide	-1.21	0.9	1+every1days	364	364	327.6	0.18999999999999995	1
PMC5489512	https://pmc.ncbi.nlm.nih.gov/articles/PMC5489512	2017	-0.3	Linagliptin	2	mg/kg	oral	KK-Ay	Mice	female	10.0	genetic	50.0		1+every1days	42	42	NCT01512979	ADULT,OLDER_ADULT	all	PHASE4	113.0	Linagliptin	-2.01	5.0	1+every1days	168	168	840.0	-1.7099999999999997	0
PMC5489512	https://pmc.ncbi.nlm.nih.gov/articles/PMC5489512	2017	-0.3	Linagliptin	2	mg/kg	oral	KK-Ay	Mice	female	10.0	genetic	50.0		1+every1days	42	42	NCT01512979	ADULT,OLDER_ADULT	all	PHASE4	113.0	Linagliptin	-2.02	5.0	1+every1days	168	168	840.0	-1.72	0
PMC6701666	https://pmc.ncbi.nlm.nih.gov/articles/PMC6701666	2019	0	Linagliptin	3	mg/kg	oral	db/db	Mice	female	12.0	genetic		38.5	1+every1days	42	42	NCT01512979	ADULT,OLDER_ADULT	all	PHASE4	113.0	Linagliptin	-2.01	5.0	1+every1days	168	168	840.0	-2.01	0
PMC6701666	https://pmc.ncbi.nlm.nih.gov/articles/PMC6701666	2019	0	Linagliptin	3	mg/kg	oral	db/db	Mice	female	12.0	genetic		38.5	1+every1days	42	42	NCT01512979	ADULT,OLDER_ADULT	all	PHASE4	113.0	Linagliptin	-2.02	5.0	1+every1days	168	168	840.0	-2.02	0
PMC5152931	https://pmc.ncbi.nlm.nih.gov/articles/PMC5152931	2016	-2	Linagliptin	0.083	mg/kg	oral	Wistar	Rats	male	22.0	streptozotocin		42.0		168		NCT01512979	ADULT,OLDER_ADULT	all	PHASE4	113.0	Linagliptin	-2.01	5.0	1+every1days	168	168	840.0	-0.009999999999999787	1
PMC5152931	https://pmc.ncbi.nlm.nih.gov/articles/PMC5152931	2016	-2	Linagliptin	0.083	mg/kg	oral	Wistar	Rats	male	22.0	streptozotocin		42.0		168		NCT01512979	ADULT,OLDER_ADULT	all	PHASE4	113.0	Linagliptin	-2.02	5.0	1+every1days	168	168	840.0	-0.020000000000000018	1
PMC6701666	https://pmc.ncbi.nlm.nih.gov/articles/PMC6701666	2019	0	Glimepiride	2	mg/kg	oral	db/db	Mice	female	12.0	genetic		38.5	1+every1days	42	42	NCT01517373	ADULT,OLDER_ADULT		PHASE2	60.0	Glimepiride	-1.01	2.0	1+every1days	84	84	168.0	-1.01	1
PMC6273299	https://pmc.ncbi.nlm.nih.gov/articles/PMC6273299	2016	-0.3	Glimepiride	5	mg/kg		Zucker Diabetic Fatty	Rats	male	6.0	high-fat diet		42.0	1+every1days	84	84	NCT01517373	ADULT,OLDER_ADULT		PHASE2	60.0	Glimepiride	-1.01	2.0	1+every1days	84	84	168.0	-0.71	1
PMC3610345	https://pmc.ncbi.nlm.nih.gov/articles/PMC3610345	2013	-1	Glimepiride	2.5	mg/kg	oral	db/db	Mice	male		genetic		49.0	1+every1days	42	42	NCT01517373	ADULT,OLDER_ADULT		PHASE2	60.0	Glimepiride	-1.01	2.0	1+every1days	84	84	168.0	-0.010000000000000009	1
PMC5663708	https://pmc.ncbi.nlm.nih.gov/articles/PMC5663708	2017	-2.2	Pioglitazone	36	mg/kg	oral	Wistar	Rats	male	6.0	streptozotocin+nicotinamide	180.0		1+every1days	15	15	NCT01588470	ADULT,OLDER_ADULT	all	PHASE4	12.0	Pioglitazone	5.6	45.0	1+every1days	180	180	8100.0	7.8	0
PMC4743348	https://pmc.ncbi.nlm.nih.gov/articles/PMC4743348	2015	-5.15	Pioglitazone	20	mg/kg	oral	Wistar	Rats	male	8.0	high-fat diet+streptozotocin	175.0		1+every1days	21	21	NCT01588470	ADULT,OLDER_ADULT	all	PHASE4	12.0	Pioglitazone	5.6	45.0	1+every1days	180	180	8100.0	10.75	0
PMC4743348	https://pmc.ncbi.nlm.nih.gov/articles/PMC4743348	2015	-4.3	Pioglitazone	20	mg/kg	oral	Wistar	Rats	male	8.0	streptozotocin	175.0		1+every1days	21	21	NCT01588470	ADULT,OLDER_ADULT	all	PHASE4	12.0	Pioglitazone	5.6	45.0	1+every1days	180	180	8100.0	9.899999999999999	0
PMC6540170	https://pmc.ncbi.nlm.nih.gov/articles/PMC6540170	Not Found	-4.1	Pioglitazone	0.01	% (w/w)	oral	C57BLKS/J-db/db	Mice	male	10.0	genetic		28.0	1+every1days	35	35	NCT01588470	ADULT,OLDER_ADULT	all	PHASE4	12.0	Pioglitazone	5.6	45.0	1+every1days	180	180	8100.0	9.7	0
PMC6883099	https://pmc.ncbi.nlm.nih.gov/articles/PMC6883099	2019	-0.08	Pioglitazone	3	mg/kg	oral	KK-Ay	Mice	male	6.0	high-fat diet		49.0	1+every1days	28	28	NCT01588470	ADULT,OLDER_ADULT	all	PHASE4	12.0	Pioglitazone	5.6	45.0	1+every1days	180	180	8100.0	5.68	0
PMC6883099	https://pmc.ncbi.nlm.nih.gov/articles/PMC6883099	2019	-1.83	Pioglitazone	10	mg/kg	oral	KK-Ay	Mice	male	6.0	high-fat diet		49.0	1+every1days	28	28	NCT01588470	ADULT,OLDER_ADULT	all	PHASE4	12.0	Pioglitazone	5.6	45.0	1+every1days	180	180	8100.0	7.43	0
PMC6883099	https://pmc.ncbi.nlm.nih.gov/articles/PMC6883099	2019	-2.51	Pioglitazone	30	mg/kg	oral	KK-Ay	Mice	male	6.0	high-fat diet		49.0	1+every1days	28	28	NCT01588470	ADULT,OLDER_ADULT	all	PHASE4	12.0	Pioglitazone	5.6	45.0	1+every1days	180	180	8100.0	8.11	0
PMC4304810	https://pmc.ncbi.nlm.nih.gov/articles/PMC4304810	2015	-4.6	Pioglitazone	10	mg/kg	oral	Zucker Diabetic Fatty	Rats	male		genetic		49.0	1+every1days	42	42	NCT01588470	ADULT,OLDER_ADULT	all	PHASE4	12.0	Pioglitazone	5.6	45.0	1+every1days	180	180	8100.0	10.2	0
PMC3907559	https://pmc.ncbi.nlm.nih.gov/articles/PMC3907559	2014	-4	Pioglitazone	30	mg/kg	oral	Zucker Diabetic Fatty	Rats	male	10.0	genetic		49.0	2+every1days	32	64	NCT01588470	ADULT,OLDER_ADULT	all	PHASE4	12.0	Pioglitazone	5.6	45.0	1+every1days	180	180	8100.0	9.6	0
PMC5207690	https://pmc.ncbi.nlm.nih.gov/articles/PMC5207690	2017	-0.95	Pioglitazone	4.5	mg/kg	oral	KK-Ay	Mice	male	10.0	high-fat diet		56.0	1+every1days	70	70	NCT01588470	ADULT,OLDER_ADULT	all	PHASE4	12.0	Pioglitazone	5.6	45.0	1+every1days	180	180	8100.0	6.55	0
PMC5360432	https://pmc.ncbi.nlm.nih.gov/articles/PMC5360432	2017	-1.6	Pioglitazone	10	mg/kg	oral	ob/ob	Mice	male	7.0	genetic		56.0	2+every1days	28	56	NCT01588470	ADULT,OLDER_ADULT	all	PHASE4	12.0	Pioglitazone	5.6	45.0	1+every1days	180	180	8100.0	7.199999999999999	0
PMC4457365	https://pmc.ncbi.nlm.nih.gov/articles/PMC4457365	2014	-2.2	Pioglitazone	2.5	mg/kg	oral	UCD-T2DM	Rats	male	32.0	genetic		60.0	1+every1days	365	365	NCT01588470	ADULT,OLDER_ADULT	all	PHASE4	12.0	Pioglitazone	5.6	45.0	1+every1days	180	180	8100.0	7.8	0
PMC4880722	https://pmc.ncbi.nlm.nih.gov/articles/PMC4880722	2016	-3.2	Pioglitazone	30	mg/kg	oral	Zucker Diabetic Fatty	Rats	male	8.0	genetic		70.0	1+every1days	42	42	NCT01588470	ADULT,OLDER_ADULT	all	PHASE4	12.0	Pioglitazone	5.6	45.0	1+every1days	180	180	8100.0	8.8	0
PMC4791042	https://pmc.ncbi.nlm.nih.gov/articles/PMC4791042	2015	-4.5	Pioglitazone	32.19	mg/kg	oral	Zucker Diabetic Fatty	Rats	male	9.0	genetic		80.5	1+every1days	49	49	NCT01588470	ADULT,OLDER_ADULT	all	PHASE4	12.0	Pioglitazone	5.6	45.0	1+every1days	180	180	8100.0	10.1	0
PMC9112483	https://pmc.ncbi.nlm.nih.gov/articles/PMC9112483	2022	-0.2	Saxagliptin	10	mg/kg	intragastric	Zucker Diabetic Fatty	Rats	male	7.0	genetic		77.0	1+every1days	140	140	NCT01608724	ADULT,OLDER_ADULT	all	PHASE4	1210.0	Saxagliptin	-1.61	5.0	1+every1days	168	168	840.0	-1.4100000000000001	0
PMC9374709	https://pmc.ncbi.nlm.nih.gov/articles/PMC9374709	2022	-1.34	Liraglutide	0.4	mg/kg	subcutaneous	C57BL/6NRj	Mice	male	23.0	high-fat diet	35.0	112.0	1+every1days	28	28	NCT01617434	ADULT,OLDER_ADULT	all	PHASE3	215.0	Liraglutide	-1.3	1.8	1+every1days	182	182	327.6	0.040000000000000036	1
PMC9374709	https://pmc.ncbi.nlm.nih.gov/articles/PMC9374709	2022	-11.69	Liraglutide	0.4	mg/kg	subcutaneous	C57BL/6NTac	Mice	male	16.0	high-fat diet	35.0	112.0	1+every1days	28	28	NCT01617434	ADULT,OLDER_ADULT	all	PHASE3	215.0	Liraglutide	-1.3	1.8	1+every1days	182	182	327.6	10.389999999999999	0
PMC6412877	https://pmc.ncbi.nlm.nih.gov/articles/PMC6412877	2019	-0.5	Liraglutide	25	nmol/kg	subcutaneous		Mice	male		high-fat diet		49.0	1+every1days	28	28	NCT01617434	ADULT,OLDER_ADULT	all	PHASE3	215.0	Liraglutide	-1.3	1.8	1+every1days	182	182	327.6	-0.8	1
PMC9072222	https://pmc.ncbi.nlm.nih.gov/articles/PMC9072222	2019	-1.4	Liraglutide	0.1	mg/kg	subcutaneous	db/db	Mice	male	40.0	genetic		49.0	1+every1days	56	56	NCT01617434	ADULT,OLDER_ADULT	all	PHASE3	215.0	Liraglutide	-1.3	1.8	1+every1days	182	182	327.6	0.09999999999999987	1
PMC9112483	https://pmc.ncbi.nlm.nih.gov/articles/PMC9112483	2022	-1.4	Liraglutide	200	μg/kg	subcutaneous	Zucker Diabetic Fatty	Rats	male	7.0	genetic		77.0	2+every1days	140	280	NCT01617434	ADULT,OLDER_ADULT	all	PHASE3	215.0	Liraglutide	-1.3	1.8	1+every1days	182	182	327.6	0.09999999999999987	1
PMC9374709	https://pmc.ncbi.nlm.nih.gov/articles/PMC9374709	2022	-1.34	Liraglutide	0.4	mg/kg	subcutaneous	C57BL/6NRj	Mice	male	23.0	high-fat diet	35.0	112.0	1+every1days	28	28	NCT01620489	ADULT,OLDER_ADULT	all	PHASE3	127.0	Liraglutide	-1.05	1.8	1+every1days	182	182	327.6	0.29000000000000004	1
PMC9374709	https://pmc.ncbi.nlm.nih.gov/articles/PMC9374709	2022	-11.69	Liraglutide	0.4	mg/kg	subcutaneous	C57BL/6NTac	Mice	male	16.0	high-fat diet	35.0	112.0	1+every1days	28	28	NCT01620489	ADULT,OLDER_ADULT	all	PHASE3	127.0	Liraglutide	-1.05	1.8	1+every1days	182	182	327.6	10.639999999999999	0
PMC6412877	https://pmc.ncbi.nlm.nih.gov/articles/PMC6412877	2019	-0.5	Liraglutide	25	nmol/kg	subcutaneous		Mice	male		high-fat diet		49.0	1+every1days	28	28	NCT01620489	ADULT,OLDER_ADULT	all	PHASE3	127.0	Liraglutide	-1.05	1.8	1+every1days	182	182	327.6	-0.55	1
PMC9072222	https://pmc.ncbi.nlm.nih.gov/articles/PMC9072222	2019	-1.4	Liraglutide	0.1	mg/kg	subcutaneous	db/db	Mice	male	40.0	genetic		49.0	1+every1days	56	56	NCT01620489	ADULT,OLDER_ADULT	all	PHASE3	127.0	Liraglutide	-1.05	1.8	1+every1days	182	182	327.6	0.34999999999999987	1
PMC9112483	https://pmc.ncbi.nlm.nih.gov/articles/PMC9112483	2022	-1.4	Liraglutide	200	μg/kg	subcutaneous	Zucker Diabetic Fatty	Rats	male	7.0	genetic		77.0	2+every1days	140	280	NCT01620489	ADULT,OLDER_ADULT	all	PHASE3	127.0	Liraglutide	-1.05	1.8	1+every1days	182	182	327.6	0.34999999999999987	1
PMC7092631	https://pmc.ncbi.nlm.nih.gov/articles/PMC7092631	2020	-0.18	Empagliflozin	10	mg/kg	intragastric	Wistar	Rats	male	10.0	high-fat diet+streptozotocin	200.0		1+every1days	28	28	NCT01649297	ADULT,OLDER_ADULT	all	PHASE2	213.0	Empagliflozin	-0.64	10.0	1+every1days	112	112	1120.0	-0.46	1
PMC7092631	https://pmc.ncbi.nlm.nih.gov/articles/PMC7092631	2020	-0.18	Empagliflozin	10	mg/kg	intragastric	Wistar	Rats	male	10.0	high-fat diet+streptozotocin	200.0		1+every1days	28	28	NCT01649297	ADULT,OLDER_ADULT	all	PHASE2	215.0	Empagliflozin	-0.66	5.0	2+every1days	112	224	1120.0	-0.48000000000000004	1
PMC7092631	https://pmc.ncbi.nlm.nih.gov/articles/PMC7092631	2020	-0.18	Empagliflozin	10	mg/kg	intragastric	Wistar	Rats	male	10.0	high-fat diet+streptozotocin	200.0		1+every1days	28	28	NCT01649297	ADULT,OLDER_ADULT	all	PHASE2	214.0	Empagliflozin	-0.72	25.0	1+every1days	112	112	2800.0	-0.54	1
PMC7092631	https://pmc.ncbi.nlm.nih.gov/articles/PMC7092631	2020	-0.18	Empagliflozin	10	mg/kg	intragastric	Wistar	Rats	male	10.0	high-fat diet+streptozotocin	200.0		1+every1days	28	28	NCT01649297	ADULT,OLDER_ADULT	all	PHASE2	215.0	Empagliflozin	-0.83	12.5	2+every1days	112	224	2800.0	-0.6499999999999999	1
PMC5491464	https://pmc.ncbi.nlm.nih.gov/articles/PMC5491464	2017	-4.3	Empagliflozin	10	mg/kg	oral	Zucker Diabetic Fatty	Rats			genetic		112.0	1+every1days	42	42	NCT01649297	ADULT,OLDER_ADULT	all	PHASE2	213.0	Empagliflozin	-0.64	10.0	1+every1days	112	112	1120.0	3.6599999999999997	0
PMC5491464	https://pmc.ncbi.nlm.nih.gov/articles/PMC5491464	2017	-5	Empagliflozin	30	mg/kg	oral	Zucker Diabetic Fatty	Rats			genetic		112.0	1+every1days	42	42	NCT01649297	ADULT,OLDER_ADULT	all	PHASE2	213.0	Empagliflozin	-0.64	10.0	1+every1days	112	112	1120.0	4.36	0
PMC5491464	https://pmc.ncbi.nlm.nih.gov/articles/PMC5491464	2017	-4.3	Empagliflozin	10	mg/kg	oral	Zucker Diabetic Fatty	Rats			genetic		112.0	1+every1days	42	42	NCT01649297	ADULT,OLDER_ADULT	all	PHASE2	215.0	Empagliflozin	-0.66	5.0	2+every1days	112	224	1120.0	3.6399999999999997	0
PMC5491464	https://pmc.ncbi.nlm.nih.gov/articles/PMC5491464	2017	-5	Empagliflozin	30	mg/kg	oral	Zucker Diabetic Fatty	Rats			genetic		112.0	1+every1days	42	42	NCT01649297	ADULT,OLDER_ADULT	all	PHASE2	215.0	Empagliflozin	-0.66	5.0	2+every1days	112	224	1120.0	4.34	0
PMC5491464	https://pmc.ncbi.nlm.nih.gov/articles/PMC5491464	2017	-4.3	Empagliflozin	10	mg/kg	oral	Zucker Diabetic Fatty	Rats			genetic		112.0	1+every1days	42	42	NCT01649297	ADULT,OLDER_ADULT	all	PHASE2	214.0	Empagliflozin	-0.72	25.0	1+every1days	112	112	2800.0	3.58	0
PMC5491464	https://pmc.ncbi.nlm.nih.gov/articles/PMC5491464	2017	-5	Empagliflozin	30	mg/kg	oral	Zucker Diabetic Fatty	Rats			genetic		112.0	1+every1days	42	42	NCT01649297	ADULT,OLDER_ADULT	all	PHASE2	214.0	Empagliflozin	-0.72	25.0	1+every1days	112	112	2800.0	4.28	0
PMC5491464	https://pmc.ncbi.nlm.nih.gov/articles/PMC5491464	2017	-4.3	Empagliflozin	10	mg/kg	oral	Zucker Diabetic Fatty	Rats			genetic		112.0	1+every1days	42	42	NCT01649297	ADULT,OLDER_ADULT	all	PHASE2	215.0	Empagliflozin	-0.83	12.5	2+every1days	112	224	2800.0	3.4699999999999998	0
PMC5491464	https://pmc.ncbi.nlm.nih.gov/articles/PMC5491464	2017	-5	Empagliflozin	30	mg/kg	oral	Zucker Diabetic Fatty	Rats			genetic		112.0	1+every1days	42	42	NCT01649297	ADULT,OLDER_ADULT	all	PHASE2	215.0	Empagliflozin	-0.83	12.5	2+every1days	112	224	2800.0	4.17	0
PMC6359811	https://pmc.ncbi.nlm.nih.gov/articles/PMC6359811	2019	-5	Empagliflozin	10	mg/kg	oral	KK-Ay	Mice		15.0	high-fat diet		56.0	1+every1days	70	70	NCT01649297	ADULT,OLDER_ADULT	all	PHASE2	213.0	Empagliflozin	-0.64	10.0	1+every1days	112	112	1120.0	4.36	0
PMC6359811	https://pmc.ncbi.nlm.nih.gov/articles/PMC6359811	2019	-5	Empagliflozin	10	mg/kg	oral	KK-Ay	Mice		15.0	high-fat diet		56.0	1+every1days	70	70	NCT01649297	ADULT,OLDER_ADULT	all	PHASE2	215.0	Empagliflozin	-0.66	5.0	2+every1days	112	224	1120.0	4.34	0
PMC6359811	https://pmc.ncbi.nlm.nih.gov/articles/PMC6359811	2019	-5	Empagliflozin	10	mg/kg	oral	KK-Ay	Mice		15.0	high-fat diet		56.0	1+every1days	70	70	NCT01649297	ADULT,OLDER_ADULT	all	PHASE2	214.0	Empagliflozin	-0.72	25.0	1+every1days	112	112	2800.0	4.28	0
PMC6359811	https://pmc.ncbi.nlm.nih.gov/articles/PMC6359811	2019	-5	Empagliflozin	10	mg/kg	oral	KK-Ay	Mice		15.0	high-fat diet		56.0	1+every1days	70	70	NCT01649297	ADULT,OLDER_ADULT	all	PHASE2	215.0	Empagliflozin	-0.83	12.5	2+every1days	112	224	2800.0	4.17	0
PMC6681671	https://pmc.ncbi.nlm.nih.gov/articles/PMC6681671	2017	-1.4	Empagliflozin	10	mg/kg	oral	ob/ob	Mice	male	12.5	genetic		77.0	1+every1days	42	42	NCT01649297	ADULT,OLDER_ADULT	all	PHASE2	213.0	Empagliflozin	-0.64	10.0	1+every1days	112	112	1120.0	0.7599999999999999	1
PMC6681671	https://pmc.ncbi.nlm.nih.gov/articles/PMC6681671	2017	-1.4	Empagliflozin	10	mg/kg	oral	ob/ob	Mice	male	12.5	genetic		77.0	1+every1days	42	42	NCT01649297	ADULT,OLDER_ADULT	all	PHASE2	215.0	Empagliflozin	-0.66	5.0	2+every1days	112	224	1120.0	0.7399999999999999	1
PMC6681671	https://pmc.ncbi.nlm.nih.gov/articles/PMC6681671	2017	-1.4	Empagliflozin	10	mg/kg	oral	ob/ob	Mice	male	12.5	genetic		77.0	1+every1days	42	42	NCT01649297	ADULT,OLDER_ADULT	all	PHASE2	214.0	Empagliflozin	-0.72	25.0	1+every1days	112	112	2800.0	0.6799999999999999	1
PMC6681671	https://pmc.ncbi.nlm.nih.gov/articles/PMC6681671	2017	-1.4	Empagliflozin	10	mg/kg	oral	ob/ob	Mice	male	12.5	genetic		77.0	1+every1days	42	42	NCT01649297	ADULT,OLDER_ADULT	all	PHASE2	215.0	Empagliflozin	-0.83	12.5	2+every1days	112	224	2800.0	0.57	1
PMC4000968	https://pmc.ncbi.nlm.nih.gov/articles/PMC4000968	2014	-1.21	Sitagliptin Phosphate	10	mg/kg	oral	Zucker Diabetic Fatty	Rats		7.0	genetic		140.0	1+every1days	42	42	NCT01703221	ADULT,OLDER_ADULT	all	PHASE3	164.0	Sitagliptin Phosphate	-0.65	50.0	1+every1days	168	168	8400.0	0.5599999999999999	1
PMC3998187	https://pmc.ncbi.nlm.nih.gov/articles/PMC3998187	2014	-2	Sitagliptin Phosphate	10	mg/kg	oral	Zucker Diabetic Fatty	Rats	male	5.0	genetic		140.0	1+every1days	42	42	NCT01703221	ADULT,OLDER_ADULT	all	PHASE3	164.0	Sitagliptin Phosphate	-0.65	50.0	1+every1days	168	168	8400.0	1.35	0
PMC2905949	https://pmc.ncbi.nlm.nih.gov/articles/PMC2905949	2010	-0.01	Sitagliptin Phosphate	10	mg/kg	oral	Zucker Diabetic Fatty	Rats	male	8.0	genetic		140.0	1+every1days	42	42	NCT01703221	ADULT,OLDER_ADULT	all	PHASE3	164.0	Sitagliptin Phosphate	-0.65	50.0	1+every1days	168	168	8400.0	-0.64	1
PMC3235777	https://pmc.ncbi.nlm.nih.gov/articles/PMC3235777	2011	-1.78	Sitagliptin Phosphate	10	mg/kg	oral	Zucker Diabetic Fatty	Rats	male	8.0	genetic		140.0	1+every1days	42	42	NCT01703221	ADULT,OLDER_ADULT	all	PHASE3	164.0	Sitagliptin Phosphate	-0.65	50.0	1+every1days	168	168	8400.0	1.13	0
PMC4514850	https://pmc.ncbi.nlm.nih.gov/articles/PMC4514850	2015	-1.3	Sitagliptin Phosphate	100	mg/kg	oral	ICR	Mice	male	8.0	high-fat diet+streptozotocin		35.0	1+every1days	56	56	NCT01703221	ADULT,OLDER_ADULT	all	PHASE3	164.0	Sitagliptin Phosphate	-0.65	50.0	1+every1days	168	168	8400.0	0.65	1
PMC3660563	https://pmc.ncbi.nlm.nih.gov/articles/PMC3660563	2013	-0.8	Sitagliptin Phosphate	1	mg/kg	oral	C57BLKS/J-db/db	Mice	male		genetic		42.0	1+every1days	42	42	NCT01703221	ADULT,OLDER_ADULT	all	PHASE3	164.0	Sitagliptin Phosphate	-0.65	50.0	1+every1days	168	168	8400.0	0.15000000000000002	1
PMC4514850	https://pmc.ncbi.nlm.nih.gov/articles/PMC4514850	2015	-0.9	Sitagliptin Phosphate	100	mg/kg	oral	db/db	Mice	male	5.0	genetic		56.0	1+every1days	28	28	NCT01703221	ADULT,OLDER_ADULT	all	PHASE3	164.0	Sitagliptin Phosphate	-0.65	50.0	1+every1days	168	168	8400.0	0.25	1
PMC5489512	https://pmc.ncbi.nlm.nih.gov/articles/PMC5489512	2017	-0.3	Linagliptin	2	mg/kg	oral	KK-Ay	Mice	female	10.0	genetic	50.0		1+every1days	42	42	NCT01708902	ADULT,OLDER_ADULT	all	PHASE3	141.0	Linagliptin	-1.29	5.0	1+every1days	168	168	840.0	-0.99	1
PMC5489512	https://pmc.ncbi.nlm.nih.gov/articles/PMC5489512	2017	-0.3	Linagliptin	2	mg/kg	oral	KK-Ay	Mice	female	10.0	genetic	50.0		1+every1days	42	42	NCT01708902	ADULT,OLDER_ADULT	all	PHASE3	125.0	Linagliptin	-1.34	5.0	1+every1days	168	168	840.0	-1.04	0
PMC5489512	https://pmc.ncbi.nlm.nih.gov/articles/PMC5489512	2017	-0.3	Linagliptin	2	mg/kg	oral	KK-Ay	Mice	female	10.0	genetic	50.0		1+every1days	42	42	NCT01708902	ADULT,OLDER_ADULT	all	PHASE3	70.0	Linagliptin	-3.46	5.0	1+every1days	84	84	420.0	-3.16	0
PMC5485244	https://pmc.ncbi.nlm.nih.gov/articles/PMC5485244	2017	-0.4	Metformin	500	mg/kg	oral	C57BL/6J	Mice	male	8.0	high-fat diet			1+every1days			NCT01708902	ADULT,OLDER_ADULT	all	PHASE3	144.0	Metformin	-1.64	500.0	2+every1days	168	336	168000.0	-1.2399999999999998	0
PMC5485244	https://pmc.ncbi.nlm.nih.gov/articles/PMC5485244	2017	-0.4	Metformin	500	mg/kg	oral	C57BL/6J	Mice	male	8.0	high-fat diet			1+every1days			NCT01708902	ADULT,OLDER_ADULT	all	PHASE3	133.0	Metformin	-1.68	500.0	2+every1days	168	336	168000.0	-1.2799999999999998	0
PMC5485244	https://pmc.ncbi.nlm.nih.gov/articles/PMC5485244	2017	-0.4	Metformin	500	mg/kg	oral	C57BL/6J	Mice	male	8.0	high-fat diet			1+every1days			NCT01708902	ADULT,OLDER_ADULT	all	PHASE3	133.0	Metformin	-2.07	1000.0	2+every1days	168	336	336000.0	-1.67	0
PMC5485244	https://pmc.ncbi.nlm.nih.gov/articles/PMC5485244	2017	-0.4	Metformin	500	mg/kg	oral	C57BL/6J	Mice	male	8.0	high-fat diet			1+every1days			NCT01708902	ADULT,OLDER_ADULT	all	PHASE3	127.0	Metformin	-2.08	1000.0	2+every1days	168	336	336000.0	-1.6800000000000002	0
PMC8657924	https://pmc.ncbi.nlm.nih.gov/articles/PMC8657924	2021	-4	Metformin	225	mg/kg	oral	Kunming	Mice	male	8.0	high-fat diet+streptozotocin	20.0		1+every1days	28	28	NCT01708902	ADULT,OLDER_ADULT	all	PHASE3	144.0	Metformin	-1.64	500.0	2+every1days	168	336	168000.0	2.3600000000000003	0
PMC8657924	https://pmc.ncbi.nlm.nih.gov/articles/PMC8657924	2021	-4	Metformin	225	mg/kg	oral	Kunming	Mice	male	8.0	high-fat diet+streptozotocin	20.0		1+every1days	28	28	NCT01708902	ADULT,OLDER_ADULT	all	PHASE3	133.0	Metformin	-1.68	500.0	2+every1days	168	336	168000.0	2.3200000000000003	0
PMC8657924	https://pmc.ncbi.nlm.nih.gov/articles/PMC8657924	2021	-4	Metformin	225	mg/kg	oral	Kunming	Mice	male	8.0	high-fat diet+streptozotocin	20.0		1+every1days	28	28	NCT01708902	ADULT,OLDER_ADULT	all	PHASE3	133.0	Metformin	-2.07	1000.0	2+every1days	168	336	336000.0	1.9300000000000002	0
PMC8657924	https://pmc.ncbi.nlm.nih.gov/articles/PMC8657924	2021	-4	Metformin	225	mg/kg	oral	Kunming	Mice	male	8.0	high-fat diet+streptozotocin	20.0		1+every1days	28	28	NCT01708902	ADULT,OLDER_ADULT	all	PHASE3	127.0	Metformin	-2.08	1000.0	2+every1days	168	336	336000.0	1.92	0
PMC3462199	https://pmc.ncbi.nlm.nih.gov/articles/PMC3462199	2012	-0.4	Metformin	400	mg/kg	intraperitoneal	db/db	Mice	male	10.0	genetic	47.5		1+every1days	14	14	NCT01708902	ADULT,OLDER_ADULT	all	PHASE3	144.0	Metformin	-1.64	500.0	2+every1days	168	336	168000.0	-1.2399999999999998	0
PMC3462199	https://pmc.ncbi.nlm.nih.gov/articles/PMC3462199	2012	-0.4	Metformin	400	mg/kg	intraperitoneal	db/db	Mice	male	10.0	genetic	47.5		1+every1days	14	14	NCT01708902	ADULT,OLDER_ADULT	all	PHASE3	133.0	Metformin	-1.68	500.0	2+every1days	168	336	168000.0	-1.2799999999999998	0
PMC3462199	https://pmc.ncbi.nlm.nih.gov/articles/PMC3462199	2012	-0.4	Metformin	400	mg/kg	intraperitoneal	db/db	Mice	male	10.0	genetic	47.5		1+every1days	14	14	NCT01708902	ADULT,OLDER_ADULT	all	PHASE3	133.0	Metformin	-2.07	1000.0	2+every1days	168	336	336000.0	-1.67	0
PMC3462199	https://pmc.ncbi.nlm.nih.gov/articles/PMC3462199	2012	-0.4	Metformin	400	mg/kg	intraperitoneal	db/db	Mice	male	10.0	genetic	47.5		1+every1days	14	14	NCT01708902	ADULT,OLDER_ADULT	all	PHASE3	127.0	Metformin	-2.08	1000.0	2+every1days	168	336	336000.0	-1.6800000000000002	0
PMC3462199	https://pmc.ncbi.nlm.nih.gov/articles/PMC3462199	2012	-0.3	Metformin	400	mg/kg	intraperitoneal	db/db	Mice	male	12.0	genetic	47.5		1+every1days	14	14	NCT01708902	ADULT,OLDER_ADULT	all	PHASE3	144.0	Metformin	-1.64	500.0	2+every1days	168	336	168000.0	-1.3399999999999999	0
PMC3462199	https://pmc.ncbi.nlm.nih.gov/articles/PMC3462199	2012	-0.3	Metformin	400	mg/kg	intraperitoneal	db/db	Mice	male	12.0	genetic	47.5		1+every1days	14	14	NCT01708902	ADULT,OLDER_ADULT	all	PHASE3	133.0	Metformin	-1.68	500.0	2+every1days	168	336	168000.0	-1.38	0
PMC3462199	https://pmc.ncbi.nlm.nih.gov/articles/PMC3462199	2012	-0.3	Metformin	400	mg/kg	intraperitoneal	db/db	Mice	male	12.0	genetic	47.5		1+every1days	14	14	NCT01708902	ADULT,OLDER_ADULT	all	PHASE3	133.0	Metformin	-2.07	1000.0	2+every1days	168	336	336000.0	-1.7699999999999998	0
PMC3462199	https://pmc.ncbi.nlm.nih.gov/articles/PMC3462199	2012	-0.3	Metformin	400	mg/kg	intraperitoneal	db/db	Mice	male	12.0	genetic	47.5		1+every1days	14	14	NCT01708902	ADULT,OLDER_ADULT	all	PHASE3	127.0	Metformin	-2.08	1000.0	2+every1days	168	336	336000.0	-1.78	0
PMC9313150	https://pmc.ncbi.nlm.nih.gov/articles/PMC9313150	2022	-2.1	Metformin	200	mg/kg	oral	Wistar	Rats	male		high-fat diet+streptozotocin	185.0		1+every1days	84	84	NCT01708902	ADULT,OLDER_ADULT	all	PHASE3	144.0	Metformin	-1.64	500.0	2+every1days	168	336	168000.0	0.4600000000000002	1
PMC9313150	https://pmc.ncbi.nlm.nih.gov/articles/PMC9313150	2022	-2.1	Metformin	200	mg/kg	oral	Wistar	Rats	male		high-fat diet+streptozotocin	185.0		1+every1days	84	84	NCT01708902	ADULT,OLDER_ADULT	all	PHASE3	133.0	Metformin	-1.68	500.0	2+every1days	168	336	168000.0	0.42000000000000015	1
PMC9313150	https://pmc.ncbi.nlm.nih.gov/articles/PMC9313150	2022	-2.1	Metformin	200	mg/kg	oral	Wistar	Rats	male		high-fat diet+streptozotocin	185.0		1+every1days	84	84	NCT01708902	ADULT,OLDER_ADULT	all	PHASE3	133.0	Metformin	-2.07	1000.0	2+every1days	168	336	336000.0	0.03000000000000025	1
PMC9313150	https://pmc.ncbi.nlm.nih.gov/articles/PMC9313150	2022	-2.1	Metformin	200	mg/kg	oral	Wistar	Rats	male		high-fat diet+streptozotocin	185.0		1+every1days	84	84	NCT01708902	ADULT,OLDER_ADULT	all	PHASE3	127.0	Metformin	-2.08	1000.0	2+every1days	168	336	336000.0	0.020000000000000018	1
PMC7092631	https://pmc.ncbi.nlm.nih.gov/articles/PMC7092631	2020	-0.82	Metformin	200	mg/kg	intragastric	Wistar	Rats	male	10.0	high-fat diet+streptozotocin	200.0		1+every1days	28	28	NCT01708902	ADULT,OLDER_ADULT	all	PHASE3	144.0	Metformin	-1.64	500.0	2+every1days	168	336	168000.0	-0.82	1
PMC7092631	https://pmc.ncbi.nlm.nih.gov/articles/PMC7092631	2020	-0.82	Metformin	200	mg/kg	intragastric	Wistar	Rats	male	10.0	high-fat diet+streptozotocin	200.0		1+every1days	28	28	NCT01708902	ADULT,OLDER_ADULT	all	PHASE3	133.0	Metformin	-1.68	500.0	2+every1days	168	336	168000.0	-0.86	1
PMC7092631	https://pmc.ncbi.nlm.nih.gov/articles/PMC7092631	2020	-0.82	Metformin	200	mg/kg	intragastric	Wistar	Rats	male	10.0	high-fat diet+streptozotocin	200.0		1+every1days	28	28	NCT01708902	ADULT,OLDER_ADULT	all	PHASE3	133.0	Metformin	-2.07	1000.0	2+every1days	168	336	336000.0	-1.25	0
PMC7092631	https://pmc.ncbi.nlm.nih.gov/articles/PMC7092631	2020	-0.82	Metformin	200	mg/kg	intragastric	Wistar	Rats	male	10.0	high-fat diet+streptozotocin	200.0		1+every1days	28	28	NCT01708902	ADULT,OLDER_ADULT	all	PHASE3	127.0	Metformin	-2.08	1000.0	2+every1days	168	336	336000.0	-1.2600000000000002	0
PMC8800605	https://pmc.ncbi.nlm.nih.gov/articles/PMC8800605	2022	-0.21	Metformin	60	mg/kg	oral	Wistar	Rats	male	12.0	high-fat diet+streptozotocin	176.8		1+every1days	14	14	NCT01708902	ADULT,OLDER_ADULT	all	PHASE3	144.0	Metformin	-1.64	500.0	2+every1days	168	336	168000.0	-1.43	0
PMC8800605	https://pmc.ncbi.nlm.nih.gov/articles/PMC8800605	2022	-0.21	Metformin	60	mg/kg	oral	Wistar	Rats	male	12.0	high-fat diet+streptozotocin	176.8		1+every1days	14	14	NCT01708902	ADULT,OLDER_ADULT	all	PHASE3	133.0	Metformin	-1.68	500.0	2+every1days	168	336	168000.0	-1.47	0
PMC8800605	https://pmc.ncbi.nlm.nih.gov/articles/PMC8800605	2022	-0.21	Metformin	60	mg/kg	oral	Wistar	Rats	male	12.0	high-fat diet+streptozotocin	176.8		1+every1days	14	14	NCT01708902	ADULT,OLDER_ADULT	all	PHASE3	133.0	Metformin	-2.07	1000.0	2+every1days	168	336	336000.0	-1.8599999999999999	0
PMC8800605	https://pmc.ncbi.nlm.nih.gov/articles/PMC8800605	2022	-0.21	Metformin	60	mg/kg	oral	Wistar	Rats	male	12.0	high-fat diet+streptozotocin	176.8		1+every1days	14	14	NCT01708902	ADULT,OLDER_ADULT	all	PHASE3	127.0	Metformin	-2.08	1000.0	2+every1days	168	336	336000.0	-1.87	0
PMC4826921	https://pmc.ncbi.nlm.nih.gov/articles/PMC4826921	2016	-1.6	Metformin	200	mg/kg	oral	Wistar	Rats	male	20.0	high-fat diet	110.0		1+every1days	60	60	NCT01708902	ADULT,OLDER_ADULT	all	PHASE3	144.0	Metformin	-1.64	500.0	2+every1days	168	336	168000.0	-0.039999999999999813	1
PMC4826921	https://pmc.ncbi.nlm.nih.gov/articles/PMC4826921	2016	-1.6	Metformin	200	mg/kg	oral	Wistar	Rats	male	20.0	high-fat diet	110.0		1+every1days	60	60	NCT01708902	ADULT,OLDER_ADULT	all	PHASE3	133.0	Metformin	-1.68	500.0	2+every1days	168	336	168000.0	-0.07999999999999985	1
PMC4826921	https://pmc.ncbi.nlm.nih.gov/articles/PMC4826921	2016	-1.6	Metformin	200	mg/kg	oral	Wistar	Rats	male	20.0	high-fat diet	110.0		1+every1days	60	60	NCT01708902	ADULT,OLDER_ADULT	all	PHASE3	133.0	Metformin	-2.07	1000.0	2+every1days	168	336	336000.0	-0.46999999999999975	1
PMC4826921	https://pmc.ncbi.nlm.nih.gov/articles/PMC4826921	2016	-1.6	Metformin	200	mg/kg	oral	Wistar	Rats	male	20.0	high-fat diet	110.0		1+every1days	60	60	NCT01708902	ADULT,OLDER_ADULT	all	PHASE3	127.0	Metformin	-2.08	1000.0	2+every1days	168	336	336000.0	-0.48	1
PMC7034448	https://pmc.ncbi.nlm.nih.gov/articles/PMC7034448	2020	-5.1	Metformin	500	mg/kg	oral	Wistar	Rats	male	6.0	high-fat diet+streptozotocin	190.0		1+every1days	30	30	NCT01708902	ADULT,OLDER_ADULT	all	PHASE3	144.0	Metformin	-1.64	500.0	2+every1days	168	336	168000.0	3.46	0
PMC7034448	https://pmc.ncbi.nlm.nih.gov/articles/PMC7034448	2020	-5.1	Metformin	500	mg/kg	oral	Wistar	Rats	male	6.0	high-fat diet+streptozotocin	190.0		1+every1days	30	30	NCT01708902	ADULT,OLDER_ADULT	all	PHASE3	133.0	Metformin	-1.68	500.0	2+every1days	168	336	168000.0	3.42	0
PMC7034448	https://pmc.ncbi.nlm.nih.gov/articles/PMC7034448	2020	-5.1	Metformin	500	mg/kg	oral	Wistar	Rats	male	6.0	high-fat diet+streptozotocin	190.0		1+every1days	30	30	NCT01708902	ADULT,OLDER_ADULT	all	PHASE3	133.0	Metformin	-2.07	1000.0	2+every1days	168	336	336000.0	3.03	0
PMC7034448	https://pmc.ncbi.nlm.nih.gov/articles/PMC7034448	2020	-5.1	Metformin	500	mg/kg	oral	Wistar	Rats	male	6.0	high-fat diet+streptozotocin	190.0		1+every1days	30	30	NCT01708902	ADULT,OLDER_ADULT	all	PHASE3	127.0	Metformin	-2.08	1000.0	2+every1days	168	336	336000.0	3.0199999999999996	0
PMC4884299	https://pmc.ncbi.nlm.nih.gov/articles/PMC4884299	2016	-2.34	Metformin	150	mg/kg	oral	Wistar	Rats	male	6.0	streptozotocin+nicotinamide	280.0		1+every1days	42	42	NCT01708902	ADULT,OLDER_ADULT	all	PHASE3	144.0	Metformin	-1.64	500.0	2+every1days	168	336	168000.0	0.7	1
PMC4884299	https://pmc.ncbi.nlm.nih.gov/articles/PMC4884299	2016	-2.34	Metformin	150	mg/kg	oral	Wistar	Rats	male	6.0	streptozotocin+nicotinamide	280.0		1+every1days	42	42	NCT01708902	ADULT,OLDER_ADULT	all	PHASE3	133.0	Metformin	-1.68	500.0	2+every1days	168	336	168000.0	0.6599999999999999	1
PMC4884299	https://pmc.ncbi.nlm.nih.gov/articles/PMC4884299	2016	-2.34	Metformin	150	mg/kg	oral	Wistar	Rats	male	6.0	streptozotocin+nicotinamide	280.0		1+every1days	42	42	NCT01708902	ADULT,OLDER_ADULT	all	PHASE3	133.0	Metformin	-2.07	1000.0	2+every1days	168	336	336000.0	0.27	1
PMC4884299	https://pmc.ncbi.nlm.nih.gov/articles/PMC4884299	2016	-2.34	Metformin	150	mg/kg	oral	Wistar	Rats	male	6.0	streptozotocin+nicotinamide	280.0		1+every1days	42	42	NCT01708902	ADULT,OLDER_ADULT	all	PHASE3	127.0	Metformin	-2.08	1000.0	2+every1days	168	336	336000.0	0.2599999999999998	1
PMC9953164	https://pmc.ncbi.nlm.nih.gov/articles/PMC9953164	2023	-2.5	Metformin	200	mg/kg		Wistar	Rats	male	8.0	high-fat diet+streptozotocin	185.0		1+every1days	84	84	NCT01708902	ADULT,OLDER_ADULT	all	PHASE3	144.0	Metformin	-1.64	500.0	2+every1days	168	336	168000.0	0.8600000000000001	1
PMC9953164	https://pmc.ncbi.nlm.nih.gov/articles/PMC9953164	2023	-2.5	Metformin	200	mg/kg		Wistar	Rats	male	8.0	high-fat diet+streptozotocin	185.0		1+every1days	84	84	NCT01708902	ADULT,OLDER_ADULT	all	PHASE3	133.0	Metformin	-1.68	500.0	2+every1days	168	336	168000.0	0.8200000000000001	1
PMC9953164	https://pmc.ncbi.nlm.nih.gov/articles/PMC9953164	2023	-2.5	Metformin	200	mg/kg		Wistar	Rats	male	8.0	high-fat diet+streptozotocin	185.0		1+every1days	84	84	NCT01708902	ADULT,OLDER_ADULT	all	PHASE3	133.0	Metformin	-2.07	1000.0	2+every1days	168	336	336000.0	0.43000000000000016	1
PMC9953164	https://pmc.ncbi.nlm.nih.gov/articles/PMC9953164	2023	-2.5	Metformin	200	mg/kg		Wistar	Rats	male	8.0	high-fat diet+streptozotocin	185.0		1+every1days	84	84	NCT01708902	ADULT,OLDER_ADULT	all	PHASE3	127.0	Metformin	-2.08	1000.0	2+every1days	168	336	336000.0	0.41999999999999993	1
PMC9681650	https://pmc.ncbi.nlm.nih.gov/articles/PMC9681650	2022	-0.1	Metformin	60	mg/kg	oral	Wistar	Rats	male	12.0	high-fat diet+streptozotocin	176.8	120.0	1+every1days	14	14	NCT01708902	ADULT,OLDER_ADULT	all	PHASE3	144.0	Metformin	-1.64	500.0	2+every1days	168	336	168000.0	-1.5399999999999998	0
PMC9681650	https://pmc.ncbi.nlm.nih.gov/articles/PMC9681650	2022	-0.1	Metformin	60	mg/kg	oral	Wistar	Rats	male	12.0	high-fat diet+streptozotocin	176.8	120.0	1+every1days	14	14	NCT01708902	ADULT,OLDER_ADULT	all	PHASE3	133.0	Metformin	-1.68	500.0	2+every1days	168	336	168000.0	-1.5799999999999998	0
PMC9681650	https://pmc.ncbi.nlm.nih.gov/articles/PMC9681650	2022	-0.1	Metformin	60	mg/kg	oral	Wistar	Rats	male	12.0	high-fat diet+streptozotocin	176.8	120.0	1+every1days	14	14	NCT01708902	ADULT,OLDER_ADULT	all	PHASE3	133.0	Metformin	-2.07	1000.0	2+every1days	168	336	336000.0	-1.9699999999999998	0
PMC9681650	https://pmc.ncbi.nlm.nih.gov/articles/PMC9681650	2022	-0.1	Metformin	60	mg/kg	oral	Wistar	Rats	male	12.0	high-fat diet+streptozotocin	176.8	120.0	1+every1days	14	14	NCT01708902	ADULT,OLDER_ADULT	all	PHASE3	127.0	Metformin	-2.08	1000.0	2+every1days	168	336	336000.0	-1.98	0
PMC4423537	https://pmc.ncbi.nlm.nih.gov/articles/PMC4423537	2013	-1.6	Metformin	300	mg/kg	oral	Otsuka Long-Evans Tokushima Fatty	Rats	male	14.0	genetic		140.0	1+every1days	84	84	NCT01708902	ADULT,OLDER_ADULT	all	PHASE3	144.0	Metformin	-1.64	500.0	2+every1days	168	336	168000.0	-0.039999999999999813	1
PMC4423537	https://pmc.ncbi.nlm.nih.gov/articles/PMC4423537	2013	-1.6	Metformin	300	mg/kg	oral	Otsuka Long-Evans Tokushima Fatty	Rats	male	14.0	genetic		140.0	1+every1days	84	84	NCT01708902	ADULT,OLDER_ADULT	all	PHASE3	133.0	Metformin	-1.68	500.0	2+every1days	168	336	168000.0	-0.07999999999999985	1
PMC4423537	https://pmc.ncbi.nlm.nih.gov/articles/PMC4423537	2013	-1.6	Metformin	300	mg/kg	oral	Otsuka Long-Evans Tokushima Fatty	Rats	male	14.0	genetic		140.0	1+every1days	84	84	NCT01708902	ADULT,OLDER_ADULT	all	PHASE3	133.0	Metformin	-2.07	1000.0	2+every1days	168	336	336000.0	-0.46999999999999975	1
PMC4423537	https://pmc.ncbi.nlm.nih.gov/articles/PMC4423537	2013	-1.6	Metformin	300	mg/kg	oral	Otsuka Long-Evans Tokushima Fatty	Rats	male	14.0	genetic		140.0	1+every1days	84	84	NCT01708902	ADULT,OLDER_ADULT	all	PHASE3	127.0	Metformin	-2.08	1000.0	2+every1days	168	336	336000.0	-0.48	1
PMC9470898	https://pmc.ncbi.nlm.nih.gov/articles/PMC9470898	2022	-0.5	Metformin	0.1	% (w/w)	oral	NONcNZO10/LtJ	Mice	male	10.0	genetic		147.0		126		NCT01708902	ADULT,OLDER_ADULT	all	PHASE3	144.0	Metformin	-1.64	500.0	2+every1days	168	336	168000.0	-1.14	0
PMC9470898	https://pmc.ncbi.nlm.nih.gov/articles/PMC9470898	2022	-0.5	Metformin	0.1	% (w/w)	oral	NONcNZO10/LtJ	Mice	male	10.0	genetic		147.0		126		NCT01708902	ADULT,OLDER_ADULT	all	PHASE3	133.0	Metformin	-1.68	500.0	2+every1days	168	336	168000.0	-1.18	0
PMC9470898	https://pmc.ncbi.nlm.nih.gov/articles/PMC9470898	2022	-0.5	Metformin	0.1	% (w/w)	oral	NONcNZO10/LtJ	Mice	male	10.0	genetic		147.0		126		NCT01708902	ADULT,OLDER_ADULT	all	PHASE3	133.0	Metformin	-2.07	1000.0	2+every1days	168	336	336000.0	-1.5699999999999998	0
PMC9470898	https://pmc.ncbi.nlm.nih.gov/articles/PMC9470898	2022	-0.5	Metformin	0.1	% (w/w)	oral	NONcNZO10/LtJ	Mice	male	10.0	genetic		147.0		126		NCT01708902	ADULT,OLDER_ADULT	all	PHASE3	127.0	Metformin	-2.08	1000.0	2+every1days	168	336	336000.0	-1.58	0
PMC5840580	https://pmc.ncbi.nlm.nih.gov/articles/PMC5840580	2017	-1.5	Metformin	300	mg/kg	oral	Otsuka Long-Evans Tokushima Fatty	Rats	male	6.0	high-fat diet		168.0	1+every1days	84	84	NCT01708902	ADULT,OLDER_ADULT	all	PHASE3	144.0	Metformin	-1.64	500.0	2+every1days	168	336	168000.0	-0.1399999999999999	1
PMC5840580	https://pmc.ncbi.nlm.nih.gov/articles/PMC5840580	2017	-1.5	Metformin	300	mg/kg	oral	Otsuka Long-Evans Tokushima Fatty	Rats	male	6.0	high-fat diet		168.0	1+every1days	84	84	NCT01708902	ADULT,OLDER_ADULT	all	PHASE3	133.0	Metformin	-1.68	500.0	2+every1days	168	336	168000.0	-0.17999999999999994	1
PMC5840580	https://pmc.ncbi.nlm.nih.gov/articles/PMC5840580	2017	-1.5	Metformin	300	mg/kg	oral	Otsuka Long-Evans Tokushima Fatty	Rats	male	6.0	high-fat diet		168.0	1+every1days	84	84	NCT01708902	ADULT,OLDER_ADULT	all	PHASE3	133.0	Metformin	-2.07	1000.0	2+every1days	168	336	336000.0	-0.5699999999999998	1
PMC5840580	https://pmc.ncbi.nlm.nih.gov/articles/PMC5840580	2017	-1.5	Metformin	300	mg/kg	oral	Otsuka Long-Evans Tokushima Fatty	Rats	male	6.0	high-fat diet		168.0	1+every1days	84	84	NCT01708902	ADULT,OLDER_ADULT	all	PHASE3	127.0	Metformin	-2.08	1000.0	2+every1days	168	336	336000.0	-0.5800000000000001	1
PMC3465985	https://pmc.ncbi.nlm.nih.gov/articles/PMC3465985	2012	-1.31	Metformin	350	mg/kg	oral	Spontaneously Diabetic Torii	Rats	male	10.0	genetic		175.0	1+every1days	119	119	NCT01708902	ADULT,OLDER_ADULT	all	PHASE3	144.0	Metformin	-1.64	500.0	2+every1days	168	336	168000.0	-0.32999999999999985	1
PMC3465985	https://pmc.ncbi.nlm.nih.gov/articles/PMC3465985	2012	-1.31	Metformin	350	mg/kg	oral	Spontaneously Diabetic Torii	Rats	male	10.0	genetic		175.0	1+every1days	119	119	NCT01708902	ADULT,OLDER_ADULT	all	PHASE3	133.0	Metformin	-1.68	500.0	2+every1days	168	336	168000.0	-0.3699999999999999	1
PMC3465985	https://pmc.ncbi.nlm.nih.gov/articles/PMC3465985	2012	-1.31	Metformin	350	mg/kg	oral	Spontaneously Diabetic Torii	Rats	male	10.0	genetic		175.0	1+every1days	119	119	NCT01708902	ADULT,OLDER_ADULT	all	PHASE3	133.0	Metformin	-2.07	1000.0	2+every1days	168	336	336000.0	-0.7599999999999998	1
PMC3465985	https://pmc.ncbi.nlm.nih.gov/articles/PMC3465985	2012	-1.31	Metformin	350	mg/kg	oral	Spontaneously Diabetic Torii	Rats	male	10.0	genetic		175.0	1+every1days	119	119	NCT01708902	ADULT,OLDER_ADULT	all	PHASE3	127.0	Metformin	-2.08	1000.0	2+every1days	168	336	336000.0	-0.77	1
PMC5319739	https://pmc.ncbi.nlm.nih.gov/articles/PMC5319739	2017	-4.2	Metformin	50	mg/kg	gastric intubation	Psammomys obesus	Gerbillinae	male	30.0	high-fat diet	100.0	240.0	1+every1days	84	84	NCT01708902	ADULT,OLDER_ADULT	all	PHASE3	144.0	Metformin	-1.64	500.0	2+every1days	168	336	168000.0	2.5600000000000005	0
PMC5319739	https://pmc.ncbi.nlm.nih.gov/articles/PMC5319739	2017	-4.2	Metformin	50	mg/kg	gastric intubation	Psammomys obesus	Gerbillinae	male	30.0	high-fat diet	100.0	240.0	1+every1days	84	84	NCT01708902	ADULT,OLDER_ADULT	all	PHASE3	133.0	Metformin	-1.68	500.0	2+every1days	168	336	168000.0	2.5200000000000005	0
PMC5319739	https://pmc.ncbi.nlm.nih.gov/articles/PMC5319739	2017	-4.2	Metformin	50	mg/kg	gastric intubation	Psammomys obesus	Gerbillinae	male	30.0	high-fat diet	100.0	240.0	1+every1days	84	84	NCT01708902	ADULT,OLDER_ADULT	all	PHASE3	133.0	Metformin	-2.07	1000.0	2+every1days	168	336	336000.0	2.1300000000000003	0
PMC5319739	https://pmc.ncbi.nlm.nih.gov/articles/PMC5319739	2017	-4.2	Metformin	50	mg/kg	gastric intubation	Psammomys obesus	Gerbillinae	male	30.0	high-fat diet	100.0	240.0	1+every1days	84	84	NCT01708902	ADULT,OLDER_ADULT	all	PHASE3	127.0	Metformin	-2.08	1000.0	2+every1days	168	336	336000.0	2.12	0
PMC9698742	https://pmc.ncbi.nlm.nih.gov/articles/PMC9698742	2022	-2.6	Metformin	200	mg/kg	oral	Wistar	Rats	male	5.0	streptozotocin	225.0	270.0	1+every1days	45	45	NCT01708902	ADULT,OLDER_ADULT	all	PHASE3	144.0	Metformin	-1.64	500.0	2+every1days	168	336	168000.0	0.9600000000000002	1
PMC9698742	https://pmc.ncbi.nlm.nih.gov/articles/PMC9698742	2022	-2.6	Metformin	200	mg/kg	oral	Wistar	Rats	male	5.0	streptozotocin	225.0	270.0	1+every1days	45	45	NCT01708902	ADULT,OLDER_ADULT	all	PHASE3	133.0	Metformin	-1.68	500.0	2+every1days	168	336	168000.0	0.9200000000000002	1
PMC9698742	https://pmc.ncbi.nlm.nih.gov/articles/PMC9698742	2022	-2.6	Metformin	200	mg/kg	oral	Wistar	Rats	male	5.0	streptozotocin	225.0	270.0	1+every1days	45	45	NCT01708902	ADULT,OLDER_ADULT	all	PHASE3	133.0	Metformin	-2.07	1000.0	2+every1days	168	336	336000.0	0.5300000000000002	1
PMC9698742	https://pmc.ncbi.nlm.nih.gov/articles/PMC9698742	2022	-2.6	Metformin	200	mg/kg	oral	Wistar	Rats	male	5.0	streptozotocin	225.0	270.0	1+every1days	45	45	NCT01708902	ADULT,OLDER_ADULT	all	PHASE3	127.0	Metformin	-2.08	1000.0	2+every1days	168	336	336000.0	0.52	1
PMC7727825	https://pmc.ncbi.nlm.nih.gov/articles/PMC7727825	2020	-3	Metformin	200	mg/kg	oral	C57BLKS/J-db/db	Mice	male	8.0	genetic		35.0	1+every1days	63	63	NCT01708902	ADULT,OLDER_ADULT	all	PHASE3	144.0	Metformin	-1.64	500.0	2+every1days	168	336	168000.0	1.36	0
PMC7727825	https://pmc.ncbi.nlm.nih.gov/articles/PMC7727825	2020	-3	Metformin	200	mg/kg	oral	C57BLKS/J-db/db	Mice	male	8.0	genetic		35.0	1+every1days	63	63	NCT01708902	ADULT,OLDER_ADULT	all	PHASE3	133.0	Metformin	-1.68	500.0	2+every1days	168	336	168000.0	1.32	0
PMC7727825	https://pmc.ncbi.nlm.nih.gov/articles/PMC7727825	2020	-3	Metformin	200	mg/kg	oral	C57BLKS/J-db/db	Mice	male	8.0	genetic		35.0	1+every1days	63	63	NCT01708902	ADULT,OLDER_ADULT	all	PHASE3	133.0	Metformin	-2.07	1000.0	2+every1days	168	336	336000.0	0.9300000000000002	1
PMC7727825	https://pmc.ncbi.nlm.nih.gov/articles/PMC7727825	2020	-3	Metformin	200	mg/kg	oral	C57BLKS/J-db/db	Mice	male	8.0	genetic		35.0	1+every1days	63	63	NCT01708902	ADULT,OLDER_ADULT	all	PHASE3	127.0	Metformin	-2.08	1000.0	2+every1days	168	336	336000.0	0.9199999999999999	1
PMC6701666	https://pmc.ncbi.nlm.nih.gov/articles/PMC6701666	2019	0	Linagliptin	3	mg/kg	oral	db/db	Mice	female	12.0	genetic		38.5	1+every1days	42	42	NCT01708902	ADULT,OLDER_ADULT	all	PHASE3	141.0	Linagliptin	-1.29	5.0	1+every1days	168	168	840.0	-1.29	0
PMC6701666	https://pmc.ncbi.nlm.nih.gov/articles/PMC6701666	2019	0	Linagliptin	3	mg/kg	oral	db/db	Mice	female	12.0	genetic		38.5	1+every1days	42	42	NCT01708902	ADULT,OLDER_ADULT	all	PHASE3	125.0	Linagliptin	-1.34	5.0	1+every1days	168	168	840.0	-1.34	0
PMC6701666	https://pmc.ncbi.nlm.nih.gov/articles/PMC6701666	2019	0	Linagliptin	3	mg/kg	oral	db/db	Mice	female	12.0	genetic		38.5	1+every1days	42	42	NCT01708902	ADULT,OLDER_ADULT	all	PHASE3	70.0	Linagliptin	-3.46	5.0	1+every1days	84	84	420.0	-3.46	0
PMC7598587	https://pmc.ncbi.nlm.nih.gov/articles/PMC7598587	2020	-1.85	Metformin	200	mg/kg	oral	C57BL/6N	Mice	male	8.0	high-fat diet+streptozotocin		38.5	1+every1days	28	28	NCT01708902	ADULT,OLDER_ADULT	all	PHASE3	144.0	Metformin	-1.64	500.0	2+every1days	168	336	168000.0	0.2100000000000002	1
PMC7598587	https://pmc.ncbi.nlm.nih.gov/articles/PMC7598587	2020	-1.85	Metformin	200	mg/kg	oral	C57BL/6N	Mice	male	8.0	high-fat diet+streptozotocin		38.5	1+every1days	28	28	NCT01708902	ADULT,OLDER_ADULT	all	PHASE3	133.0	Metformin	-1.68	500.0	2+every1days	168	336	168000.0	0.17000000000000015	1
PMC7598587	https://pmc.ncbi.nlm.nih.gov/articles/PMC7598587	2020	-1.85	Metformin	200	mg/kg	oral	C57BL/6N	Mice	male	8.0	high-fat diet+streptozotocin		38.5	1+every1days	28	28	NCT01708902	ADULT,OLDER_ADULT	all	PHASE3	133.0	Metformin	-2.07	1000.0	2+every1days	168	336	336000.0	-0.21999999999999975	1
PMC7598587	https://pmc.ncbi.nlm.nih.gov/articles/PMC7598587	2020	-1.85	Metformin	200	mg/kg	oral	C57BL/6N	Mice	male	8.0	high-fat diet+streptozotocin		38.5	1+every1days	28	28	NCT01708902	ADULT,OLDER_ADULT	all	PHASE3	127.0	Metformin	-2.08	1000.0	2+every1days	168	336	336000.0	-0.22999999999999998	1
PMC4726511	https://pmc.ncbi.nlm.nih.gov/articles/PMC4726511	2016	-0.6	Metformin	10	mg/kg	oral	db/db	Mice		5.0	genetic		42.0	1+every1days	28	28	NCT01708902	ADULT,OLDER_ADULT	all	PHASE3	144.0	Metformin	-1.64	500.0	2+every1days	168	336	168000.0	-1.04	0
PMC4726511	https://pmc.ncbi.nlm.nih.gov/articles/PMC4726511	2016	-0.6	Metformin	10	mg/kg	oral	db/db	Mice		5.0	genetic		42.0	1+every1days	28	28	NCT01708902	ADULT,OLDER_ADULT	all	PHASE3	133.0	Metformin	-1.68	500.0	2+every1days	168	336	168000.0	-1.08	0
PMC4726511	https://pmc.ncbi.nlm.nih.gov/articles/PMC4726511	2016	-0.6	Metformin	10	mg/kg	oral	db/db	Mice		5.0	genetic		42.0	1+every1days	28	28	NCT01708902	ADULT,OLDER_ADULT	all	PHASE3	133.0	Metformin	-2.07	1000.0	2+every1days	168	336	336000.0	-1.4699999999999998	0
PMC4726511	https://pmc.ncbi.nlm.nih.gov/articles/PMC4726511	2016	-0.6	Metformin	10	mg/kg	oral	db/db	Mice		5.0	genetic		42.0	1+every1days	28	28	NCT01708902	ADULT,OLDER_ADULT	all	PHASE3	127.0	Metformin	-2.08	1000.0	2+every1days	168	336	336000.0	-1.48	0
PMC5485244	https://pmc.ncbi.nlm.nih.gov/articles/PMC5485244	2017	-0.4	Metformin	500	mg/kg	oral	C57BL/6J	Mice	male	16.0	high-fat diet		42.0	1+every1days	84	84	NCT01708902	ADULT,OLDER_ADULT	all	PHASE3	144.0	Metformin	-1.64	500.0	2+every1days	168	336	168000.0	-1.2399999999999998	0
PMC5485244	https://pmc.ncbi.nlm.nih.gov/articles/PMC5485244	2017	-0.4	Metformin	500	mg/kg	oral	C57BL/6J	Mice	male	16.0	high-fat diet		42.0	1+every1days	84	84	NCT01708902	ADULT,OLDER_ADULT	all	PHASE3	133.0	Metformin	-1.68	500.0	2+every1days	168	336	168000.0	-1.2799999999999998	0
PMC5485244	https://pmc.ncbi.nlm.nih.gov/articles/PMC5485244	2017	-0.4	Metformin	500	mg/kg	oral	C57BL/6J	Mice	male	16.0	high-fat diet		42.0	1+every1days	84	84	NCT01708902	ADULT,OLDER_ADULT	all	PHASE3	133.0	Metformin	-2.07	1000.0	2+every1days	168	336	336000.0	-1.67	0
PMC5485244	https://pmc.ncbi.nlm.nih.gov/articles/PMC5485244	2017	-0.4	Metformin	500	mg/kg	oral	C57BL/6J	Mice	male	16.0	high-fat diet		42.0	1+every1days	84	84	NCT01708902	ADULT,OLDER_ADULT	all	PHASE3	127.0	Metformin	-2.08	1000.0	2+every1days	168	336	336000.0	-1.6800000000000002	0
PMC5152931	https://pmc.ncbi.nlm.nih.gov/articles/PMC5152931	2016	-2	Linagliptin	0.083	mg/kg	oral	Wistar	Rats	male	22.0	streptozotocin		42.0		168		NCT01708902	ADULT,OLDER_ADULT	all	PHASE3	141.0	Linagliptin	-1.29	5.0	1+every1days	168	168	840.0	0.71	1
PMC5152931	https://pmc.ncbi.nlm.nih.gov/articles/PMC5152931	2016	-2	Linagliptin	0.083	mg/kg	oral	Wistar	Rats	male	22.0	streptozotocin		42.0		168		NCT01708902	ADULT,OLDER_ADULT	all	PHASE3	125.0	Linagliptin	-1.34	5.0	1+every1days	168	168	840.0	0.6599999999999999	1
PMC5152931	https://pmc.ncbi.nlm.nih.gov/articles/PMC5152931	2016	-2	Linagliptin	0.083	mg/kg	oral	Wistar	Rats	male	22.0	streptozotocin		42.0		168		NCT01708902	ADULT,OLDER_ADULT	all	PHASE3	70.0	Linagliptin	-3.46	5.0	1+every1days	84	84	420.0	-1.46	0
PMC6273299	https://pmc.ncbi.nlm.nih.gov/articles/PMC6273299	2016	-1.3	Metformin	200	mg/kg		Zucker Diabetic Fatty	Rats	male	6.0	high-fat diet		42.0	1+every1days	84	84	NCT01708902	ADULT,OLDER_ADULT	all	PHASE3	144.0	Metformin	-1.64	500.0	2+every1days	168	336	168000.0	-0.33999999999999986	1
PMC6273299	https://pmc.ncbi.nlm.nih.gov/articles/PMC6273299	2016	-1.3	Metformin	200	mg/kg		Zucker Diabetic Fatty	Rats	male	6.0	high-fat diet		42.0	1+every1days	84	84	NCT01708902	ADULT,OLDER_ADULT	all	PHASE3	133.0	Metformin	-1.68	500.0	2+every1days	168	336	168000.0	-0.3799999999999999	1
PMC6273299	https://pmc.ncbi.nlm.nih.gov/articles/PMC6273299	2016	-1.3	Metformin	200	mg/kg		Zucker Diabetic Fatty	Rats	male	6.0	high-fat diet		42.0	1+every1days	84	84	NCT01708902	ADULT,OLDER_ADULT	all	PHASE3	133.0	Metformin	-2.07	1000.0	2+every1days	168	336	336000.0	-0.7699999999999998	1
PMC6273299	https://pmc.ncbi.nlm.nih.gov/articles/PMC6273299	2016	-1.3	Metformin	200	mg/kg		Zucker Diabetic Fatty	Rats	male	6.0	high-fat diet		42.0	1+every1days	84	84	NCT01708902	ADULT,OLDER_ADULT	all	PHASE3	127.0	Metformin	-2.08	1000.0	2+every1days	168	336	336000.0	-0.78	1
PMC3327803	https://pmc.ncbi.nlm.nih.gov/articles/PMC3327803	2012	0.3	Metformin	200	mg/kg	intraperitoneal	db/db	Mice	male	11.0	genetic		49.0	1+every1days	126	126	NCT01708902	ADULT,OLDER_ADULT	all	PHASE3	144.0	Metformin	-1.64	500.0	2+every1days	168	336	168000.0	-1.94	0
PMC3327803	https://pmc.ncbi.nlm.nih.gov/articles/PMC3327803	2012	0.3	Metformin	200	mg/kg	intraperitoneal	db/db	Mice	male	11.0	genetic		49.0	1+every1days	126	126	NCT01708902	ADULT,OLDER_ADULT	all	PHASE3	133.0	Metformin	-1.68	500.0	2+every1days	168	336	168000.0	-1.98	0
PMC3327803	https://pmc.ncbi.nlm.nih.gov/articles/PMC3327803	2012	0.3	Metformin	200	mg/kg	intraperitoneal	db/db	Mice	male	11.0	genetic		49.0	1+every1days	126	126	NCT01708902	ADULT,OLDER_ADULT	all	PHASE3	133.0	Metformin	-2.07	1000.0	2+every1days	168	336	336000.0	-2.3699999999999997	0
PMC3327803	https://pmc.ncbi.nlm.nih.gov/articles/PMC3327803	2012	0.3	Metformin	200	mg/kg	intraperitoneal	db/db	Mice	male	11.0	genetic		49.0	1+every1days	126	126	NCT01708902	ADULT,OLDER_ADULT	all	PHASE3	127.0	Metformin	-2.08	1000.0	2+every1days	168	336	336000.0	-2.38	0
PMC3907559	https://pmc.ncbi.nlm.nih.gov/articles/PMC3907559	2014	-3	Metformin	200	mg/kg	oral	Zucker Diabetic Fatty	Rats	male	10.0	genetic		49.0	2+every1days	32	64	NCT01708902	ADULT,OLDER_ADULT	all	PHASE3	144.0	Metformin	-1.64	500.0	2+every1days	168	336	168000.0	1.36	0
PMC3907559	https://pmc.ncbi.nlm.nih.gov/articles/PMC3907559	2014	-3	Metformin	200	mg/kg	oral	Zucker Diabetic Fatty	Rats	male	10.0	genetic		49.0	2+every1days	32	64	NCT01708902	ADULT,OLDER_ADULT	all	PHASE3	133.0	Metformin	-1.68	500.0	2+every1days	168	336	168000.0	1.32	0
PMC3907559	https://pmc.ncbi.nlm.nih.gov/articles/PMC3907559	2014	-3	Metformin	200	mg/kg	oral	Zucker Diabetic Fatty	Rats	male	10.0	genetic		49.0	2+every1days	32	64	NCT01708902	ADULT,OLDER_ADULT	all	PHASE3	133.0	Metformin	-2.07	1000.0	2+every1days	168	336	336000.0	0.9300000000000002	1
PMC3907559	https://pmc.ncbi.nlm.nih.gov/articles/PMC3907559	2014	-3	Metformin	200	mg/kg	oral	Zucker Diabetic Fatty	Rats	male	10.0	genetic		49.0	2+every1days	32	64	NCT01708902	ADULT,OLDER_ADULT	all	PHASE3	127.0	Metformin	-2.08	1000.0	2+every1days	168	336	336000.0	0.9199999999999999	1
PMC7381706	https://pmc.ncbi.nlm.nih.gov/articles/PMC7381706	2020	-0.1	Metformin	250	mg/kg	oral	ob/ob	Mice	male	8.0	genetic		52.5	1+every1days	26	26	NCT01708902	ADULT,OLDER_ADULT	all	PHASE3	144.0	Metformin	-1.64	500.0	2+every1days	168	336	168000.0	-1.5399999999999998	0
PMC7381706	https://pmc.ncbi.nlm.nih.gov/articles/PMC7381706	2020	-0.1	Metformin	250	mg/kg	oral	ob/ob	Mice	male	8.0	genetic		52.5	1+every1days	26	26	NCT01708902	ADULT,OLDER_ADULT	all	PHASE3	133.0	Metformin	-1.68	500.0	2+every1days	168	336	168000.0	-1.5799999999999998	0
PMC7381706	https://pmc.ncbi.nlm.nih.gov/articles/PMC7381706	2020	-0.1	Metformin	250	mg/kg	oral	ob/ob	Mice	male	8.0	genetic		52.5	1+every1days	26	26	NCT01708902	ADULT,OLDER_ADULT	all	PHASE3	133.0	Metformin	-2.07	1000.0	2+every1days	168	336	336000.0	-1.9699999999999998	0
PMC7381706	https://pmc.ncbi.nlm.nih.gov/articles/PMC7381706	2020	-0.1	Metformin	250	mg/kg	oral	ob/ob	Mice	male	8.0	genetic		52.5	1+every1days	26	26	NCT01708902	ADULT,OLDER_ADULT	all	PHASE3	127.0	Metformin	-2.08	1000.0	2+every1days	168	336	336000.0	-1.98	0
PMC10203393	https://pmc.ncbi.nlm.nih.gov/articles/PMC10203393	2023	-5.5	Metformin	0.2	g/kg	oral	Sprague-Dawley	Rats	male	8.0	high-fat diet+streptozotocin	150.0	52.5	1+every1days	70	70	NCT01708902	ADULT,OLDER_ADULT	all	PHASE3	144.0	Metformin	-1.64	500.0	2+every1days	168	336	168000.0	3.8600000000000003	0
PMC10203393	https://pmc.ncbi.nlm.nih.gov/articles/PMC10203393	2023	-5.5	Metformin	0.2	g/kg	oral	Sprague-Dawley	Rats	male	8.0	high-fat diet+streptozotocin	150.0	52.5	1+every1days	70	70	NCT01708902	ADULT,OLDER_ADULT	all	PHASE3	133.0	Metformin	-1.68	500.0	2+every1days	168	336	168000.0	3.8200000000000003	0
PMC10203393	https://pmc.ncbi.nlm.nih.gov/articles/PMC10203393	2023	-5.5	Metformin	0.2	g/kg	oral	Sprague-Dawley	Rats	male	8.0	high-fat diet+streptozotocin	150.0	52.5	1+every1days	70	70	NCT01708902	ADULT,OLDER_ADULT	all	PHASE3	133.0	Metformin	-2.07	1000.0	2+every1days	168	336	336000.0	3.43	0
PMC10203393	https://pmc.ncbi.nlm.nih.gov/articles/PMC10203393	2023	-5.5	Metformin	0.2	g/kg	oral	Sprague-Dawley	Rats	male	8.0	high-fat diet+streptozotocin	150.0	52.5	1+every1days	70	70	NCT01708902	ADULT,OLDER_ADULT	all	PHASE3	127.0	Metformin	-2.08	1000.0	2+every1days	168	336	336000.0	3.42	0
PMC10323656	https://pmc.ncbi.nlm.nih.gov/articles/PMC10323656	2023	-1.1	Metformin	200	mg/kg	oral gavage	C57BL/6	Mice	male	12.0	high-fat diet+streptozotocin	24.0	56.0	1+every1days	28	28	NCT01708902	ADULT,OLDER_ADULT	all	PHASE3	144.0	Metformin	-1.64	500.0	2+every1days	168	336	168000.0	-0.5399999999999998	1
PMC10323656	https://pmc.ncbi.nlm.nih.gov/articles/PMC10323656	2023	-1.1	Metformin	200	mg/kg	oral gavage	C57BL/6	Mice	male	12.0	high-fat diet+streptozotocin	24.0	56.0	1+every1days	28	28	NCT01708902	ADULT,OLDER_ADULT	all	PHASE3	133.0	Metformin	-1.68	500.0	2+every1days	168	336	168000.0	-0.5799999999999998	1
PMC10323656	https://pmc.ncbi.nlm.nih.gov/articles/PMC10323656	2023	-1.1	Metformin	200	mg/kg	oral gavage	C57BL/6	Mice	male	12.0	high-fat diet+streptozotocin	24.0	56.0	1+every1days	28	28	NCT01708902	ADULT,OLDER_ADULT	all	PHASE3	133.0	Metformin	-2.07	1000.0	2+every1days	168	336	336000.0	-0.9699999999999998	1
PMC10323656	https://pmc.ncbi.nlm.nih.gov/articles/PMC10323656	2023	-1.1	Metformin	200	mg/kg	oral gavage	C57BL/6	Mice	male	12.0	high-fat diet+streptozotocin	24.0	56.0	1+every1days	28	28	NCT01708902	ADULT,OLDER_ADULT	all	PHASE3	127.0	Metformin	-2.08	1000.0	2+every1days	168	336	336000.0	-0.98	1
PMC3855476	https://pmc.ncbi.nlm.nih.gov/articles/PMC3855476	2014	-0.7	Metformin	300	mg/kg	oral	db/db	Mice	male	10.0	genetic	44.0	56.0	1+every1days	14	14	NCT01708902	ADULT,OLDER_ADULT	all	PHASE3	144.0	Metformin	-1.64	500.0	2+every1days	168	336	168000.0	-0.94	1
PMC3855476	https://pmc.ncbi.nlm.nih.gov/articles/PMC3855476	2014	-0.7	Metformin	300	mg/kg	oral	db/db	Mice	male	10.0	genetic	44.0	56.0	1+every1days	14	14	NCT01708902	ADULT,OLDER_ADULT	all	PHASE3	133.0	Metformin	-1.68	500.0	2+every1days	168	336	168000.0	-0.98	1
PMC3855476	https://pmc.ncbi.nlm.nih.gov/articles/PMC3855476	2014	-0.7	Metformin	300	mg/kg	oral	db/db	Mice	male	10.0	genetic	44.0	56.0	1+every1days	14	14	NCT01708902	ADULT,OLDER_ADULT	all	PHASE3	133.0	Metformin	-2.07	1000.0	2+every1days	168	336	336000.0	-1.3699999999999999	0
PMC3855476	https://pmc.ncbi.nlm.nih.gov/articles/PMC3855476	2014	-0.7	Metformin	300	mg/kg	oral	db/db	Mice	male	10.0	genetic	44.0	56.0	1+every1days	14	14	NCT01708902	ADULT,OLDER_ADULT	all	PHASE3	127.0	Metformin	-2.08	1000.0	2+every1days	168	336	336000.0	-1.3800000000000001	0
PMC5881648	https://pmc.ncbi.nlm.nih.gov/articles/PMC5881648	2018	-3.3	Metformin	200	mg/kg	gavage	Sprague-Dawley	Rats	male	10.0	streptozotocin	200.0	56.0	1+every1days	77	77	NCT01708902	ADULT,OLDER_ADULT	all	PHASE3	144.0	Metformin	-1.64	500.0	2+every1days	168	336	168000.0	1.66	0
PMC5881648	https://pmc.ncbi.nlm.nih.gov/articles/PMC5881648	2018	-3.3	Metformin	200	mg/kg	gavage	Sprague-Dawley	Rats	male	10.0	streptozotocin	200.0	56.0	1+every1days	77	77	NCT01708902	ADULT,OLDER_ADULT	all	PHASE3	133.0	Metformin	-1.68	500.0	2+every1days	168	336	168000.0	1.6199999999999999	0
PMC5881648	https://pmc.ncbi.nlm.nih.gov/articles/PMC5881648	2018	-3.3	Metformin	200	mg/kg	gavage	Sprague-Dawley	Rats	male	10.0	streptozotocin	200.0	56.0	1+every1days	77	77	NCT01708902	ADULT,OLDER_ADULT	all	PHASE3	133.0	Metformin	-2.07	1000.0	2+every1days	168	336	336000.0	1.23	0
PMC5881648	https://pmc.ncbi.nlm.nih.gov/articles/PMC5881648	2018	-3.3	Metformin	200	mg/kg	gavage	Sprague-Dawley	Rats	male	10.0	streptozotocin	200.0	56.0	1+every1days	77	77	NCT01708902	ADULT,OLDER_ADULT	all	PHASE3	127.0	Metformin	-2.08	1000.0	2+every1days	168	336	336000.0	1.2199999999999998	0
PMC4444588	https://pmc.ncbi.nlm.nih.gov/articles/PMC4444588	2015	-4	Metformin	500	mg/kg	intragastric	Sprague-Dawley	Rats	male	7.0	high-fat diet+streptozotocin	190.0	60.0	1+every1days	56	56	NCT01708902	ADULT,OLDER_ADULT	all	PHASE3	144.0	Metformin	-1.64	500.0	2+every1days	168	336	168000.0	2.3600000000000003	0
PMC4444588	https://pmc.ncbi.nlm.nih.gov/articles/PMC4444588	2015	-4	Metformin	500	mg/kg	intragastric	Sprague-Dawley	Rats	male	7.0	high-fat diet+streptozotocin	190.0	60.0	1+every1days	56	56	NCT01708902	ADULT,OLDER_ADULT	all	PHASE3	133.0	Metformin	-1.68	500.0	2+every1days	168	336	168000.0	2.3200000000000003	0
PMC4444588	https://pmc.ncbi.nlm.nih.gov/articles/PMC4444588	2015	-4	Metformin	500	mg/kg	intragastric	Sprague-Dawley	Rats	male	7.0	high-fat diet+streptozotocin	190.0	60.0	1+every1days	56	56	NCT01708902	ADULT,OLDER_ADULT	all	PHASE3	133.0	Metformin	-2.07	1000.0	2+every1days	168	336	336000.0	1.9300000000000002	0
PMC4444588	https://pmc.ncbi.nlm.nih.gov/articles/PMC4444588	2015	-4	Metformin	500	mg/kg	intragastric	Sprague-Dawley	Rats	male	7.0	high-fat diet+streptozotocin	190.0	60.0	1+every1days	56	56	NCT01708902	ADULT,OLDER_ADULT	all	PHASE3	127.0	Metformin	-2.08	1000.0	2+every1days	168	336	336000.0	1.92	0
PMC4444588	https://pmc.ncbi.nlm.nih.gov/articles/PMC4444588	2015	-1	Metformin	150	mg/kg	intragastric	Sprague-Dawley	Rats	male	8.0	high-fat diet+streptozotocin	190.0	60.0	1+every1days	56	56	NCT01708902	ADULT,OLDER_ADULT	all	PHASE3	144.0	Metformin	-1.64	500.0	2+every1days	168	336	168000.0	-0.6399999999999999	1
PMC4444588	https://pmc.ncbi.nlm.nih.gov/articles/PMC4444588	2015	-2	Metformin	300	mg/kg	intragastric	Sprague-Dawley	Rats	male	8.0	high-fat diet+streptozotocin	190.0	60.0	1+every1days	56	56	NCT01708902	ADULT,OLDER_ADULT	all	PHASE3	144.0	Metformin	-1.64	500.0	2+every1days	168	336	168000.0	0.3600000000000001	1
PMC4444588	https://pmc.ncbi.nlm.nih.gov/articles/PMC4444588	2015	-1	Metformin	150	mg/kg	intragastric	Sprague-Dawley	Rats	male	8.0	high-fat diet+streptozotocin	190.0	60.0	1+every1days	56	56	NCT01708902	ADULT,OLDER_ADULT	all	PHASE3	133.0	Metformin	-1.68	500.0	2+every1days	168	336	168000.0	-0.6799999999999999	1
PMC4444588	https://pmc.ncbi.nlm.nih.gov/articles/PMC4444588	2015	-2	Metformin	300	mg/kg	intragastric	Sprague-Dawley	Rats	male	8.0	high-fat diet+streptozotocin	190.0	60.0	1+every1days	56	56	NCT01708902	ADULT,OLDER_ADULT	all	PHASE3	133.0	Metformin	-1.68	500.0	2+every1days	168	336	168000.0	0.32000000000000006	1
PMC4444588	https://pmc.ncbi.nlm.nih.gov/articles/PMC4444588	2015	-1	Metformin	150	mg/kg	intragastric	Sprague-Dawley	Rats	male	8.0	high-fat diet+streptozotocin	190.0	60.0	1+every1days	56	56	NCT01708902	ADULT,OLDER_ADULT	all	PHASE3	133.0	Metformin	-2.07	1000.0	2+every1days	168	336	336000.0	-1.0699999999999998	0
PMC4444588	https://pmc.ncbi.nlm.nih.gov/articles/PMC4444588	2015	-2	Metformin	300	mg/kg	intragastric	Sprague-Dawley	Rats	male	8.0	high-fat diet+streptozotocin	190.0	60.0	1+every1days	56	56	NCT01708902	ADULT,OLDER_ADULT	all	PHASE3	133.0	Metformin	-2.07	1000.0	2+every1days	168	336	336000.0	-0.06999999999999984	1
PMC4444588	https://pmc.ncbi.nlm.nih.gov/articles/PMC4444588	2015	-1	Metformin	150	mg/kg	intragastric	Sprague-Dawley	Rats	male	8.0	high-fat diet+streptozotocin	190.0	60.0	1+every1days	56	56	NCT01708902	ADULT,OLDER_ADULT	all	PHASE3	127.0	Metformin	-2.08	1000.0	2+every1days	168	336	336000.0	-1.08	0
PMC4444588	https://pmc.ncbi.nlm.nih.gov/articles/PMC4444588	2015	-2	Metformin	300	mg/kg	intragastric	Sprague-Dawley	Rats	male	8.0	high-fat diet+streptozotocin	190.0	60.0	1+every1days	56	56	NCT01708902	ADULT,OLDER_ADULT	all	PHASE3	127.0	Metformin	-2.08	1000.0	2+every1days	168	336	336000.0	-0.08000000000000007	1
PMC4097088	https://pmc.ncbi.nlm.nih.gov/articles/PMC4097088	2014	-0.6	Metformin	300	mg/kg	oral	C57BL/6	Mice		8.0	high-fat diet		70.0	1+every1days	14	14	NCT01708902	ADULT,OLDER_ADULT	all	PHASE3	144.0	Metformin	-1.64	500.0	2+every1days	168	336	168000.0	-1.04	0
PMC4097088	https://pmc.ncbi.nlm.nih.gov/articles/PMC4097088	2014	-0.6	Metformin	300	mg/kg	oral	C57BL/6	Mice		8.0	high-fat diet		70.0	1+every1days	14	14	NCT01708902	ADULT,OLDER_ADULT	all	PHASE3	133.0	Metformin	-1.68	500.0	2+every1days	168	336	168000.0	-1.08	0
PMC4097088	https://pmc.ncbi.nlm.nih.gov/articles/PMC4097088	2014	-0.6	Metformin	300	mg/kg	oral	C57BL/6	Mice		8.0	high-fat diet		70.0	1+every1days	14	14	NCT01708902	ADULT,OLDER_ADULT	all	PHASE3	133.0	Metformin	-2.07	1000.0	2+every1days	168	336	336000.0	-1.4699999999999998	0
PMC4097088	https://pmc.ncbi.nlm.nih.gov/articles/PMC4097088	2014	-0.6	Metformin	300	mg/kg	oral	C57BL/6	Mice		8.0	high-fat diet		70.0	1+every1days	14	14	NCT01708902	ADULT,OLDER_ADULT	all	PHASE3	127.0	Metformin	-2.08	1000.0	2+every1days	168	336	336000.0	-1.48	0
PMC9457892	https://pmc.ncbi.nlm.nih.gov/articles/PMC9457892	2022	-4.3	Metformin	150	mg/kg	oral	C57BL/6	Mice	male	8.0	streptozotocin	27.5	70.0	1+every1days	42	42	NCT01708902	ADULT,OLDER_ADULT	all	PHASE3	144.0	Metformin	-1.64	500.0	2+every1days	168	336	168000.0	2.66	0
PMC9457892	https://pmc.ncbi.nlm.nih.gov/articles/PMC9457892	2022	-4.3	Metformin	150	mg/kg	oral	C57BL/6	Mice	male	8.0	streptozotocin	27.5	70.0	1+every1days	42	42	NCT01708902	ADULT,OLDER_ADULT	all	PHASE3	133.0	Metformin	-1.68	500.0	2+every1days	168	336	168000.0	2.62	0
PMC9457892	https://pmc.ncbi.nlm.nih.gov/articles/PMC9457892	2022	-4.3	Metformin	150	mg/kg	oral	C57BL/6	Mice	male	8.0	streptozotocin	27.5	70.0	1+every1days	42	42	NCT01708902	ADULT,OLDER_ADULT	all	PHASE3	133.0	Metformin	-2.07	1000.0	2+every1days	168	336	336000.0	2.23	0
PMC9457892	https://pmc.ncbi.nlm.nih.gov/articles/PMC9457892	2022	-4.3	Metformin	150	mg/kg	oral	C57BL/6	Mice	male	8.0	streptozotocin	27.5	70.0	1+every1days	42	42	NCT01708902	ADULT,OLDER_ADULT	all	PHASE3	127.0	Metformin	-2.08	1000.0	2+every1days	168	336	336000.0	2.2199999999999998	0
PMC8745465	https://pmc.ncbi.nlm.nih.gov/articles/PMC8745465	2021	-1.51	Metformin	120	mg/kg	oral	Wistar	Rats	male	30.0	high-fat diet+streptozotocin	170.0	70.0	1+every1days	35	35	NCT01708902	ADULT,OLDER_ADULT	all	PHASE3	144.0	Metformin	-1.64	500.0	2+every1days	168	336	168000.0	-0.1299999999999999	1
PMC8745465	https://pmc.ncbi.nlm.nih.gov/articles/PMC8745465	2021	-1.51	Metformin	120	mg/kg	oral	Wistar	Rats	male	30.0	high-fat diet+streptozotocin	170.0	70.0	1+every1days	35	35	NCT01708902	ADULT,OLDER_ADULT	all	PHASE3	133.0	Metformin	-1.68	500.0	2+every1days	168	336	168000.0	-0.16999999999999993	1
PMC8745465	https://pmc.ncbi.nlm.nih.gov/articles/PMC8745465	2021	-1.51	Metformin	120	mg/kg	oral	Wistar	Rats	male	30.0	high-fat diet+streptozotocin	170.0	70.0	1+every1days	35	35	NCT01708902	ADULT,OLDER_ADULT	all	PHASE3	133.0	Metformin	-2.07	1000.0	2+every1days	168	336	336000.0	-0.5599999999999998	1
PMC8745465	https://pmc.ncbi.nlm.nih.gov/articles/PMC8745465	2021	-1.51	Metformin	120	mg/kg	oral	Wistar	Rats	male	30.0	high-fat diet+streptozotocin	170.0	70.0	1+every1days	35	35	NCT01708902	ADULT,OLDER_ADULT	all	PHASE3	127.0	Metformin	-2.08	1000.0	2+every1days	168	336	336000.0	-0.5700000000000001	1
PMC8974032	https://pmc.ncbi.nlm.nih.gov/articles/PMC8974032	2022	-1	Semaglutide	90	nmol/kg	subcutaneous	db/db	Mice	male		genetic	40.0	49.0	1+every7days	56	8	NCT01720446	ADULT,OLDER_ADULT	all	PHASE3	826.0	Semaglutide	-1.09	0.5	1+every7days	728	104	52.0	-0.09000000000000008	1
PMC8974032	https://pmc.ncbi.nlm.nih.gov/articles/PMC8974032	2022	-1	Semaglutide	90	nmol/kg	subcutaneous	db/db	Mice	male		genetic	40.0	49.0	1+every7days	56	8	NCT01720446	ADULT,OLDER_ADULT	all	PHASE3	822.0	Semaglutide	-1.41	1.0	1+every7days	728	104	104.0	-0.4099999999999999	1
PMC9050719	https://pmc.ncbi.nlm.nih.gov/articles/PMC9050719	2020	-0.05	Semaglutide	25	nmol/kg	subcutaneous	db/db	Mice	male	6.0	genetic	35.0	56.0	1+every7days	21	3	NCT01720446	ADULT,OLDER_ADULT	all	PHASE3	826.0	Semaglutide	-1.09	0.5	1+every7days	728	104	52.0	-1.04	0
PMC9050719	https://pmc.ncbi.nlm.nih.gov/articles/PMC9050719	2020	-0.3	Semaglutide	25	nmol/kg	subcutaneous	db/db	Mice	male	6.0	genetic	35.0	56.0	1+every1days	21	21	NCT01720446	ADULT,OLDER_ADULT	all	PHASE3	826.0	Semaglutide	-1.09	0.5	1+every7days	728	104	52.0	-0.79	1
PMC9050719	https://pmc.ncbi.nlm.nih.gov/articles/PMC9050719	2020	-0.05	Semaglutide	25	nmol/kg	subcutaneous	db/db	Mice	male	6.0	genetic	35.0	56.0	1+every7days	21	3	NCT01720446	ADULT,OLDER_ADULT	all	PHASE3	822.0	Semaglutide	-1.41	1.0	1+every7days	728	104	104.0	-1.3599999999999999	0
PMC9050719	https://pmc.ncbi.nlm.nih.gov/articles/PMC9050719	2020	-0.3	Semaglutide	25	nmol/kg	subcutaneous	db/db	Mice	male	6.0	genetic	35.0	56.0	1+every1days	21	21	NCT01720446	ADULT,OLDER_ADULT	all	PHASE3	822.0	Semaglutide	-1.41	1.0	1+every7days	728	104	104.0	-1.1099999999999999	0
PMC9050719	https://pmc.ncbi.nlm.nih.gov/articles/PMC9050719	2020	-1.3	Semaglutide	25	nmol/kg	subcutaneous	db/db	Mice	male	6.0	genetic	35.5	56.0	1+every1days	42	42	NCT01720446	ADULT,OLDER_ADULT	all	PHASE3	826.0	Semaglutide	-1.09	0.5	1+every7days	728	104	52.0	0.20999999999999996	1
PMC9050719	https://pmc.ncbi.nlm.nih.gov/articles/PMC9050719	2020	-1.3	Semaglutide	25	nmol/kg	subcutaneous	db/db	Mice	male	6.0	genetic	35.5	56.0	1+every1days	42	42	NCT01720446	ADULT,OLDER_ADULT	all	PHASE3	822.0	Semaglutide	-1.41	1.0	1+every7days	728	104	104.0	-0.10999999999999988	1
PMC9796023	https://pmc.ncbi.nlm.nih.gov/articles/PMC9796023	2022	-2.7	Semaglutide	14	nmol/kg	subcutaneous	db/db	Mice	both	8.0	genetic	47.5	63.0	1+every2days	28	14	NCT01720446	ADULT,OLDER_ADULT	all	PHASE3	826.0	Semaglutide	-1.09	0.5	1+every7days	728	104	52.0	1.61	0
PMC9796023	https://pmc.ncbi.nlm.nih.gov/articles/PMC9796023	2022	-2.7	Semaglutide	14	nmol/kg	subcutaneous	db/db	Mice	both	8.0	genetic	47.5	63.0	1+every2days	28	14	NCT01720446	ADULT,OLDER_ADULT	all	PHASE3	822.0	Semaglutide	-1.41	1.0	1+every7days	728	104	104.0	1.2900000000000003	0
PMC8975272	https://pmc.ncbi.nlm.nih.gov/articles/PMC8975272	2022	-2.3	Semaglutide	15	nmol/kg	subcutaneous	db/db	Mice	both	8.0	genetic	45.0	70.0	1+every2days	28	14	NCT01720446	ADULT,OLDER_ADULT	all	PHASE3	826.0	Semaglutide	-1.09	0.5	1+every7days	728	104	52.0	1.2099999999999997	0
PMC8975272	https://pmc.ncbi.nlm.nih.gov/articles/PMC8975272	2022	-2.3	Semaglutide	15	nmol/kg	subcutaneous	db/db	Mice	both	8.0	genetic	45.0	70.0	1+every2days	28	14	NCT01720446	ADULT,OLDER_ADULT	all	PHASE3	822.0	Semaglutide	-1.41	1.0	1+every7days	728	104	104.0	0.8899999999999999	1
PMC5489512	https://pmc.ncbi.nlm.nih.gov/articles/PMC5489512	2017	-0.3	Linagliptin	2	mg/kg	oral	KK-Ay	Mice	female	10.0	genetic	50.0		1+every1days	42	42	NCT01792518	ADULT,OLDER_ADULT		PHASE3	161.0	Linagliptin	-0.63	5.0	1+every1days	168	168	840.0	-0.33	1
PMC6701666	https://pmc.ncbi.nlm.nih.gov/articles/PMC6701666	2019	0	Linagliptin	3	mg/kg	oral	db/db	Mice	female	12.0	genetic		38.5	1+every1days	42	42	NCT01792518	ADULT,OLDER_ADULT		PHASE3	161.0	Linagliptin	-0.63	5.0	1+every1days	168	168	840.0	-0.63	1
PMC5152931	https://pmc.ncbi.nlm.nih.gov/articles/PMC5152931	2016	-2	Linagliptin	0.083	mg/kg	oral	Wistar	Rats	male	22.0	streptozotocin		42.0		168		NCT01792518	ADULT,OLDER_ADULT		PHASE3	161.0	Linagliptin	-0.63	5.0	1+every1days	168	168	840.0	1.37	0
PMC9026493	https://pmc.ncbi.nlm.nih.gov/articles/PMC9026493	2022	-2.2	Canagliflozin	10	mg/kg	oral	Sprague-Dawley	Rats	male	6.0	high-fat diet+streptozotocin	270.0		1+every1days	28	28	NCT01809327	ADULT,OLDER_ADULT	all	PHASE3	230.0	Canagliflozin	-1.37	100.0	1+every1days	182	182	18200.0	0.8300000000000001	1
PMC9026493	https://pmc.ncbi.nlm.nih.gov/articles/PMC9026493	2022	-2.2	Canagliflozin	10	mg/kg	oral	Sprague-Dawley	Rats	male	6.0	high-fat diet+streptozotocin	270.0		1+every1days	28	28	NCT01809327	ADULT,OLDER_ADULT	all	PHASE3	234.0	Canagliflozin	-1.42	300.0	1+every1days	182	182	54600.0	0.7800000000000002	1
PMC3280264	https://pmc.ncbi.nlm.nih.gov/articles/PMC3280264	2012	-4.4	Canagliflozin	3	mg/kg	oral	Zucker Diabetic Fatty	Rats	male		genetic			1+every1days	28	28	NCT01809327	ADULT,OLDER_ADULT	all	PHASE3	230.0	Canagliflozin	-1.37	100.0	1+every1days	182	182	18200.0	3.0300000000000002	0
PMC3280264	https://pmc.ncbi.nlm.nih.gov/articles/PMC3280264	2012	-5.9	Canagliflozin	10	mg/kg	oral	Zucker Diabetic Fatty	Rats	male		genetic			1+every1days	28	28	NCT01809327	ADULT,OLDER_ADULT	all	PHASE3	230.0	Canagliflozin	-1.37	100.0	1+every1days	182	182	18200.0	4.53	0
PMC3280264	https://pmc.ncbi.nlm.nih.gov/articles/PMC3280264	2012	-6	Canagliflozin	30	mg/kg	oral	Zucker Diabetic Fatty	Rats	male		genetic			1+every1days	28	28	NCT01809327	ADULT,OLDER_ADULT	all	PHASE3	230.0	Canagliflozin	-1.37	100.0	1+every1days	182	182	18200.0	4.63	0
PMC3280264	https://pmc.ncbi.nlm.nih.gov/articles/PMC3280264	2012	-4.4	Canagliflozin	3	mg/kg	oral	Zucker Diabetic Fatty	Rats	male		genetic			1+every1days	28	28	NCT01809327	ADULT,OLDER_ADULT	all	PHASE3	234.0	Canagliflozin	-1.42	300.0	1+every1days	182	182	54600.0	2.9800000000000004	0
PMC3280264	https://pmc.ncbi.nlm.nih.gov/articles/PMC3280264	2012	-5.9	Canagliflozin	10	mg/kg	oral	Zucker Diabetic Fatty	Rats	male		genetic			1+every1days	28	28	NCT01809327	ADULT,OLDER_ADULT	all	PHASE3	234.0	Canagliflozin	-1.42	300.0	1+every1days	182	182	54600.0	4.48	0
PMC3280264	https://pmc.ncbi.nlm.nih.gov/articles/PMC3280264	2012	-6	Canagliflozin	30	mg/kg	oral	Zucker Diabetic Fatty	Rats	male		genetic			1+every1days	28	28	NCT01809327	ADULT,OLDER_ADULT	all	PHASE3	234.0	Canagliflozin	-1.42	300.0	1+every1days	182	182	54600.0	4.58	0
PMC4304810	https://pmc.ncbi.nlm.nih.gov/articles/PMC4304810	2015	-4.3	Canagliflozin	10	mg/kg	oral	Zucker Diabetic Fatty	Rats	male		genetic		49.0	1+every1days	42	42	NCT01809327	ADULT,OLDER_ADULT	all	PHASE3	230.0	Canagliflozin	-1.37	100.0	1+every1days	182	182	18200.0	2.9299999999999997	0
PMC4304810	https://pmc.ncbi.nlm.nih.gov/articles/PMC4304810	2015	-4.3	Canagliflozin	10	mg/kg	oral	Zucker Diabetic Fatty	Rats	male		genetic		49.0	1+every1days	42	42	NCT01809327	ADULT,OLDER_ADULT	all	PHASE3	234.0	Canagliflozin	-1.42	300.0	1+every1days	182	182	54600.0	2.88	0
PMC7852344	https://pmc.ncbi.nlm.nih.gov/articles/PMC7852344	2020	-2.6	Canagliflozin	20	mg/kg	oral	TALLYHO/JngJ	Mice	male	52.0	genetic		63.0	1+every1days	70	70	NCT01809327	ADULT,OLDER_ADULT	all	PHASE3	230.0	Canagliflozin	-1.37	100.0	1+every1days	182	182	18200.0	1.23	0
PMC7852344	https://pmc.ncbi.nlm.nih.gov/articles/PMC7852344	2020	-2.6	Canagliflozin	20	mg/kg	oral	TALLYHO/JngJ	Mice	male	52.0	genetic		63.0	1+every1days	70	70	NCT01809327	ADULT,OLDER_ADULT	all	PHASE3	234.0	Canagliflozin	-1.42	300.0	1+every1days	182	182	54600.0	1.1800000000000002	0
PMC9055162	https://pmc.ncbi.nlm.nih.gov/articles/PMC9055162	2020	-3.3	Exenatide	250	nmol/kg	subcutaneous	db/db	Mice	male		genetic			2+every7days	56	16	NCT01885208	ADULT,OLDER_ADULT	all	PHASE3	405.0	Exenatide	-0.92	2.0	1+every7days	392	56	112.0	2.38	0
PMC7189518	https://pmc.ncbi.nlm.nih.gov/articles/PMC7189518	2020	-0.87	Exenatide	0.6	mg/kg	oral	db/db	Mice	male	6.0	genetic			1+every1days	49	49	NCT01885208	ADULT,OLDER_ADULT	all	PHASE3	405.0	Exenatide	-0.92	2.0	1+every7days	392	56	112.0	-0.050000000000000044	1
PMC7189518	https://pmc.ncbi.nlm.nih.gov/articles/PMC7189518	2020	-1.16	Exenatide	0.6	mg/kg	oral	db/db	Mice	male	6.0	genetic			1+every1days	49	49	NCT01885208	ADULT,OLDER_ADULT	all	PHASE3	405.0	Exenatide	-0.92	2.0	1+every7days	392	56	112.0	0.23999999999999988	1
PMC7189518	https://pmc.ncbi.nlm.nih.gov/articles/PMC7189518	2020	-1.21	Exenatide	0.06	mg/kg	subcutaneous	db/db	Mice	male	6.0	genetic			1+every1days	49	49	NCT01885208	ADULT,OLDER_ADULT	all	PHASE3	405.0	Exenatide	-0.92	2.0	1+every7days	392	56	112.0	0.2899999999999999	1
PMC6369909	https://pmc.ncbi.nlm.nih.gov/articles/PMC6369909	2018	-3	Exenatide	20	μg/kg	subcutaneous	Sprague-Dawley	Rats	male	6.0	high-fat diet+streptozotocin	160.0		1+every1days	28	28	NCT01885208	ADULT,OLDER_ADULT	all	PHASE3	405.0	Exenatide	-0.92	2.0	1+every7days	392	56	112.0	2.08	0
PMC2948479	https://pmc.ncbi.nlm.nih.gov/articles/PMC2948479	2010	-2.2	Exenatide	3.5	pm/kg/min	subcutaneous	3xTg-AD	Mice	both	8.0	streptozotocin	30.0	352.5		112		NCT01885208	ADULT,OLDER_ADULT	all	PHASE3	405.0	Exenatide	-0.92	2.0	1+every7days	392	56	112.0	1.2800000000000002	0
PMC4553314	https://pmc.ncbi.nlm.nih.gov/articles/PMC4553314	2015	-0.5	Exenatide	2	μg/kg	subcutaneous	db/db	Mice	female	10.0	genetic		45.5	2+every1days	43	86	NCT01885208	ADULT,OLDER_ADULT	all	PHASE3	405.0	Exenatide	-0.92	2.0	1+every7days	392	56	112.0	-0.42000000000000004	1
PMC8974032	https://pmc.ncbi.nlm.nih.gov/articles/PMC8974032	2022	-1	Semaglutide	90	nmol/kg	subcutaneous	db/db	Mice	male		genetic	40.0	49.0	1+every7days	56	8	NCT01885208	ADULT,OLDER_ADULT	all	PHASE3	404.0	Semaglutide	-1.54	1.0	1+every7days	392	56	56.0	-0.54	1
PMC4686834	https://pmc.ncbi.nlm.nih.gov/articles/PMC4686834	2015	-0.05	Exenatide	1	μg/kg	subcutaneous	C57BL/6	Mice	male	7.0	genetic		56.0	1+every1days	21	21	NCT01885208	ADULT,OLDER_ADULT	all	PHASE3	405.0	Exenatide	-0.92	2.0	1+every7days	392	56	112.0	-0.87	1
PMC4686834	https://pmc.ncbi.nlm.nih.gov/articles/PMC4686834	2015	-0.2	Exenatide	10	μg/kg	subcutaneous	C57BL/6	Mice	male	7.0	genetic		56.0	1+every1days	21	21	NCT01885208	ADULT,OLDER_ADULT	all	PHASE3	405.0	Exenatide	-0.92	2.0	1+every7days	392	56	112.0	-0.72	1
PMC9050719	https://pmc.ncbi.nlm.nih.gov/articles/PMC9050719	2020	-0.05	Semaglutide	25	nmol/kg	subcutaneous	db/db	Mice	male	6.0	genetic	35.0	56.0	1+every7days	21	3	NCT01885208	ADULT,OLDER_ADULT	all	PHASE3	404.0	Semaglutide	-1.54	1.0	1+every7days	392	56	56.0	-1.49	0
PMC9050719	https://pmc.ncbi.nlm.nih.gov/articles/PMC9050719	2020	-0.3	Semaglutide	25	nmol/kg	subcutaneous	db/db	Mice	male	6.0	genetic	35.0	56.0	1+every1days	21	21	NCT01885208	ADULT,OLDER_ADULT	all	PHASE3	404.0	Semaglutide	-1.54	1.0	1+every7days	392	56	56.0	-1.24	0
PMC9050719	https://pmc.ncbi.nlm.nih.gov/articles/PMC9050719	2020	-1.3	Semaglutide	25	nmol/kg	subcutaneous	db/db	Mice	male	6.0	genetic	35.5	56.0	1+every1days	42	42	NCT01885208	ADULT,OLDER_ADULT	all	PHASE3	404.0	Semaglutide	-1.54	1.0	1+every7days	392	56	56.0	-0.24	1
PMC4237538	https://pmc.ncbi.nlm.nih.gov/articles/PMC4237538	2013	-1.9	Exenatide	0.03	mg/kg	subcutaneous	ob/ob	Mice	male		genetic	43.0	56.0	1+every1days	28	28	NCT01885208	ADULT,OLDER_ADULT	all	PHASE3	405.0	Exenatide	-0.92	2.0	1+every7days	392	56	112.0	0.9799999999999999	1
PMC3913652	https://pmc.ncbi.nlm.nih.gov/articles/PMC3913652	2014	-0.55	Exenatide	30	nmol/kg	subcutaneous	ob/ob	Mice	male	10.0	genetic	43.9	56.0	1+every1days	28	28	NCT01885208	ADULT,OLDER_ADULT	all	PHASE3	405.0	Exenatide	-0.92	2.0	1+every7days	392	56	112.0	-0.37	1
PMC3654567	https://pmc.ncbi.nlm.nih.gov/articles/PMC3654567	2012	-1.8	Exenatide	250	μg/kg	subcutaneous	Zucker Diabetic Fatty	Rats	male		genetic		56.0	2+every1days	91	182	NCT01885208	ADULT,OLDER_ADULT	all	PHASE3	405.0	Exenatide	-0.92	2.0	1+every7days	392	56	112.0	0.88	1
PMC3654567	https://pmc.ncbi.nlm.nih.gov/articles/PMC3654567	2012	-2	Exenatide	6	μg/kg	subcutaneous	Zucker Diabetic Fatty	Rats	male		genetic		56.0	2+every1days	91	182	NCT01885208	ADULT,OLDER_ADULT	all	PHASE3	405.0	Exenatide	-0.92	2.0	1+every7days	392	56	112.0	1.08	0
PMC3654567	https://pmc.ncbi.nlm.nih.gov/articles/PMC3654567	2012	-2.9	Exenatide	40	μg/kg	subcutaneous	Zucker Diabetic Fatty	Rats	male		genetic		56.0	2+every1days	91	182	NCT01885208	ADULT,OLDER_ADULT	all	PHASE3	405.0	Exenatide	-0.92	2.0	1+every7days	392	56	112.0	1.98	0
PMC9796023	https://pmc.ncbi.nlm.nih.gov/articles/PMC9796023	2022	-2.7	Semaglutide	14	nmol/kg	subcutaneous	db/db	Mice	both	8.0	genetic	47.5	63.0	1+every2days	28	14	NCT01885208	ADULT,OLDER_ADULT	all	PHASE3	404.0	Semaglutide	-1.54	1.0	1+every7days	392	56	56.0	1.1600000000000001	0
PMC8975272	https://pmc.ncbi.nlm.nih.gov/articles/PMC8975272	2022	-2.3	Semaglutide	15	nmol/kg	subcutaneous	db/db	Mice	both	8.0	genetic	45.0	70.0	1+every2days	28	14	NCT01885208	ADULT,OLDER_ADULT	all	PHASE3	404.0	Semaglutide	-1.54	1.0	1+every7days	392	56	56.0	0.7599999999999998	1
PMC5477380	https://pmc.ncbi.nlm.nih.gov/articles/PMC5477380	2017	-0.7	Exenatide	2	μg/kg	subcutaneous	KK-Ay	Mice	female	13.0	genetic		77.0	2+every1days	49	98	NCT01885208	ADULT,OLDER_ADULT	all	PHASE3	405.0	Exenatide	-0.92	2.0	1+every7days	392	56	112.0	-0.22000000000000008	1
PMC8974032	https://pmc.ncbi.nlm.nih.gov/articles/PMC8974032	2022	-1	Semaglutide	90	nmol/kg	subcutaneous	db/db	Mice	male		genetic	40.0	49.0	1+every7days	56	8	NCT01923181	ADULT,OLDER_ADULT	all	PHASE2	56.0	Semaglutide	-0.88	2.5	1+every1days	182	182	455.0	0.12	1
PMC9050719	https://pmc.ncbi.nlm.nih.gov/articles/PMC9050719	2020	-0.05	Semaglutide	25	nmol/kg	subcutaneous	db/db	Mice	male	6.0	genetic	35.0	56.0	1+every7days	21	3	NCT01923181	ADULT,OLDER_ADULT	all	PHASE2	56.0	Semaglutide	-0.88	2.5	1+every1days	182	182	455.0	-0.83	1
PMC9050719	https://pmc.ncbi.nlm.nih.gov/articles/PMC9050719	2020	-0.3	Semaglutide	25	nmol/kg	subcutaneous	db/db	Mice	male	6.0	genetic	35.0	56.0	1+every1days	21	21	NCT01923181	ADULT,OLDER_ADULT	all	PHASE2	56.0	Semaglutide	-0.88	2.5	1+every1days	182	182	455.0	-0.5800000000000001	1
PMC9050719	https://pmc.ncbi.nlm.nih.gov/articles/PMC9050719	2020	-1.3	Semaglutide	25	nmol/kg	subcutaneous	db/db	Mice	male	6.0	genetic	35.5	56.0	1+every1days	42	42	NCT01923181	ADULT,OLDER_ADULT	all	PHASE2	56.0	Semaglutide	-0.88	2.5	1+every1days	182	182	455.0	0.42000000000000004	1
PMC9796023	https://pmc.ncbi.nlm.nih.gov/articles/PMC9796023	2022	-2.7	Semaglutide	14	nmol/kg	subcutaneous	db/db	Mice	both	8.0	genetic	47.5	63.0	1+every2days	28	14	NCT01923181	ADULT,OLDER_ADULT	all	PHASE2	56.0	Semaglutide	-0.88	2.5	1+every1days	182	182	455.0	1.8200000000000003	0
PMC8975272	https://pmc.ncbi.nlm.nih.gov/articles/PMC8975272	2022	-2.3	Semaglutide	15	nmol/kg	subcutaneous	db/db	Mice	both	8.0	genetic	45.0	70.0	1+every2days	28	14	NCT01923181	ADULT,OLDER_ADULT	all	PHASE2	56.0	Semaglutide	-0.88	2.5	1+every1days	182	182	455.0	1.42	0
PMC9374709	https://pmc.ncbi.nlm.nih.gov/articles/PMC9374709	2022	-1.34	Liraglutide	0.4	mg/kg	subcutaneous	C57BL/6NRj	Mice	male	23.0	high-fat diet	35.0	112.0	1+every1days	28	28	NCT01973231	ADULT,OLDER_ADULT		PHASE4	194.0	Liraglutide	-1.809	1.8	1+every1days	182	182	327.6	-0.46899999999999986	1
PMC9374709	https://pmc.ncbi.nlm.nih.gov/articles/PMC9374709	2022	-11.69	Liraglutide	0.4	mg/kg	subcutaneous	C57BL/6NTac	Mice	male	16.0	high-fat diet	35.0	112.0	1+every1days	28	28	NCT01973231	ADULT,OLDER_ADULT		PHASE4	194.0	Liraglutide	-1.809	1.8	1+every1days	182	182	327.6	9.881	0
PMC6412877	https://pmc.ncbi.nlm.nih.gov/articles/PMC6412877	2019	-0.5	Liraglutide	25	nmol/kg	subcutaneous		Mice	male		high-fat diet		49.0	1+every1days	28	28	NCT01973231	ADULT,OLDER_ADULT		PHASE4	194.0	Liraglutide	-1.809	1.8	1+every1days	182	182	327.6	-1.309	0
PMC9072222	https://pmc.ncbi.nlm.nih.gov/articles/PMC9072222	2019	-1.4	Liraglutide	0.1	mg/kg	subcutaneous	db/db	Mice	male	40.0	genetic		49.0	1+every1days	56	56	NCT01973231	ADULT,OLDER_ADULT		PHASE4	194.0	Liraglutide	-1.809	1.8	1+every1days	182	182	327.6	-0.40900000000000003	1
PMC9050719	https://pmc.ncbi.nlm.nih.gov/articles/PMC9050719	2020	0.05	Lixisenatide	25	nmol/kg	intraperitoneal	db/db	Mice	male	6.0	genetic	35.0	56.0	1+every7days	21	3	NCT01973231	ADULT,OLDER_ADULT		PHASE4	191.0	Lixisenatide	-1.238	0.01	1+every1days	182	182	1.82	-1.288	0
PMC10520173	https://pmc.ncbi.nlm.nih.gov/articles/PMC10520173	2023	-0.44	Lixisenatide	150	μg/kg	subcutaneous	Wistar	Rats	male		streptozotocin		56.0	5+every7days	84	60	NCT01973231	ADULT,OLDER_ADULT		PHASE4	191.0	Lixisenatide	-1.238	0.01	1+every1days	182	182	1.82	-0.798	1
PMC9112483	https://pmc.ncbi.nlm.nih.gov/articles/PMC9112483	2022	-1.4	Liraglutide	200	μg/kg	subcutaneous	Zucker Diabetic Fatty	Rats	male	7.0	genetic		77.0	2+every1days	140	280	NCT01973231	ADULT,OLDER_ADULT		PHASE4	194.0	Liraglutide	-1.809	1.8	1+every1days	182	182	327.6	-0.40900000000000003	1
PMC5663708	https://pmc.ncbi.nlm.nih.gov/articles/PMC5663708	2017	-2.2	Pioglitazone	36	mg/kg	oral	Wistar	Rats	male	6.0	streptozotocin+nicotinamide	180.0		1+every1days	15	15	NCT02002975	ADULT,OLDER_ADULT	all		16558.0	Pioglitazone	-1.04	22.5	1+every1days	1095	1095	24637.5	1.1600000000000001	0
PMC4743348	https://pmc.ncbi.nlm.nih.gov/articles/PMC4743348	2015	-5.15	Pioglitazone	20	mg/kg	oral	Wistar	Rats	male	8.0	high-fat diet+streptozotocin	175.0		1+every1days	21	21	NCT02002975	ADULT,OLDER_ADULT	all		16558.0	Pioglitazone	-1.04	22.5	1+every1days	1095	1095	24637.5	4.11	0
PMC4743348	https://pmc.ncbi.nlm.nih.gov/articles/PMC4743348	2015	-4.3	Pioglitazone	20	mg/kg	oral	Wistar	Rats	male	8.0	streptozotocin	175.0		1+every1days	21	21	NCT02002975	ADULT,OLDER_ADULT	all		16558.0	Pioglitazone	-1.04	22.5	1+every1days	1095	1095	24637.5	3.26	0
PMC6540170	https://pmc.ncbi.nlm.nih.gov/articles/PMC6540170	Not Found	-4.1	Pioglitazone	0.01	% (w/w)	oral	C57BLKS/J-db/db	Mice	male	10.0	genetic		28.0	1+every1days	35	35	NCT02002975	ADULT,OLDER_ADULT	all		16558.0	Pioglitazone	-1.04	22.5	1+every1days	1095	1095	24637.5	3.0599999999999996	0
PMC6883099	https://pmc.ncbi.nlm.nih.gov/articles/PMC6883099	2019	-0.08	Pioglitazone	3	mg/kg	oral	KK-Ay	Mice	male	6.0	high-fat diet		49.0	1+every1days	28	28	NCT02002975	ADULT,OLDER_ADULT	all		16558.0	Pioglitazone	-1.04	22.5	1+every1days	1095	1095	24637.5	-0.9600000000000001	1
PMC6883099	https://pmc.ncbi.nlm.nih.gov/articles/PMC6883099	2019	-1.83	Pioglitazone	10	mg/kg	oral	KK-Ay	Mice	male	6.0	high-fat diet		49.0	1+every1days	28	28	NCT02002975	ADULT,OLDER_ADULT	all		16558.0	Pioglitazone	-1.04	22.5	1+every1days	1095	1095	24637.5	0.79	1
PMC6883099	https://pmc.ncbi.nlm.nih.gov/articles/PMC6883099	2019	-2.51	Pioglitazone	30	mg/kg	oral	KK-Ay	Mice	male	6.0	high-fat diet		49.0	1+every1days	28	28	NCT02002975	ADULT,OLDER_ADULT	all		16558.0	Pioglitazone	-1.04	22.5	1+every1days	1095	1095	24637.5	1.4699999999999998	0
PMC4304810	https://pmc.ncbi.nlm.nih.gov/articles/PMC4304810	2015	-4.6	Pioglitazone	10	mg/kg	oral	Zucker Diabetic Fatty	Rats	male		genetic		49.0	1+every1days	42	42	NCT02002975	ADULT,OLDER_ADULT	all		16558.0	Pioglitazone	-1.04	22.5	1+every1days	1095	1095	24637.5	3.5599999999999996	0
PMC3907559	https://pmc.ncbi.nlm.nih.gov/articles/PMC3907559	2014	-4	Pioglitazone	30	mg/kg	oral	Zucker Diabetic Fatty	Rats	male	10.0	genetic		49.0	2+every1days	32	64	NCT02002975	ADULT,OLDER_ADULT	all		16558.0	Pioglitazone	-1.04	22.5	1+every1days	1095	1095	24637.5	2.96	0
PMC5207690	https://pmc.ncbi.nlm.nih.gov/articles/PMC5207690	2017	-0.95	Pioglitazone	4.5	mg/kg	oral	KK-Ay	Mice	male	10.0	high-fat diet		56.0	1+every1days	70	70	NCT02002975	ADULT,OLDER_ADULT	all		16558.0	Pioglitazone	-1.04	22.5	1+every1days	1095	1095	24637.5	-0.09000000000000008	1
PMC5360432	https://pmc.ncbi.nlm.nih.gov/articles/PMC5360432	2017	-1.6	Pioglitazone	10	mg/kg	oral	ob/ob	Mice	male	7.0	genetic		56.0	2+every1days	28	56	NCT02002975	ADULT,OLDER_ADULT	all		16558.0	Pioglitazone	-1.04	22.5	1+every1days	1095	1095	24637.5	0.56	1
PMC4457365	https://pmc.ncbi.nlm.nih.gov/articles/PMC4457365	2014	-2.2	Pioglitazone	2.5	mg/kg	oral	UCD-T2DM	Rats	male	32.0	genetic		60.0	1+every1days	365	365	NCT02002975	ADULT,OLDER_ADULT	all		16558.0	Pioglitazone	-1.04	22.5	1+every1days	1095	1095	24637.5	1.1600000000000001	0
PMC4880722	https://pmc.ncbi.nlm.nih.gov/articles/PMC4880722	2016	-3.2	Pioglitazone	30	mg/kg	oral	Zucker Diabetic Fatty	Rats	male	8.0	genetic		70.0	1+every1days	42	42	NCT02002975	ADULT,OLDER_ADULT	all		16558.0	Pioglitazone	-1.04	22.5	1+every1days	1095	1095	24637.5	2.16	0
PMC4791042	https://pmc.ncbi.nlm.nih.gov/articles/PMC4791042	2015	-4.5	Pioglitazone	32.19	mg/kg	oral	Zucker Diabetic Fatty	Rats	male	9.0	genetic		80.5	1+every1days	49	49	NCT02002975	ADULT,OLDER_ADULT	all		16558.0	Pioglitazone	-1.04	22.5	1+every1days	1095	1095	24637.5	3.46	0
PMC5663708	https://pmc.ncbi.nlm.nih.gov/articles/PMC5663708	2017	-2.2	Pioglitazone	36	mg/kg	oral	Wistar	Rats	male	6.0	streptozotocin+nicotinamide	180.0		1+every1days	15	15	NCT02003014	CHILD,ADULT,OLDER_ADULT	all		824.0	Pioglitazone	-0.91	22.5	1+every1days	360	360	8100.0	1.29	0
PMC4743348	https://pmc.ncbi.nlm.nih.gov/articles/PMC4743348	2015	-5.15	Pioglitazone	20	mg/kg	oral	Wistar	Rats	male	8.0	high-fat diet+streptozotocin	175.0		1+every1days	21	21	NCT02003014	CHILD,ADULT,OLDER_ADULT	all		824.0	Pioglitazone	-0.91	22.5	1+every1days	360	360	8100.0	4.24	0
PMC4743348	https://pmc.ncbi.nlm.nih.gov/articles/PMC4743348	2015	-4.3	Pioglitazone	20	mg/kg	oral	Wistar	Rats	male	8.0	streptozotocin	175.0		1+every1days	21	21	NCT02003014	CHILD,ADULT,OLDER_ADULT	all		824.0	Pioglitazone	-0.91	22.5	1+every1days	360	360	8100.0	3.3899999999999997	0
PMC6540170	https://pmc.ncbi.nlm.nih.gov/articles/PMC6540170	Not Found	-4.1	Pioglitazone	0.01	% (w/w)	oral	C57BLKS/J-db/db	Mice	male	10.0	genetic		28.0	1+every1days	35	35	NCT02003014	CHILD,ADULT,OLDER_ADULT	all		824.0	Pioglitazone	-0.91	22.5	1+every1days	360	360	8100.0	3.1899999999999995	0
PMC6883099	https://pmc.ncbi.nlm.nih.gov/articles/PMC6883099	2019	-0.08	Pioglitazone	3	mg/kg	oral	KK-Ay	Mice	male	6.0	high-fat diet		49.0	1+every1days	28	28	NCT02003014	CHILD,ADULT,OLDER_ADULT	all		824.0	Pioglitazone	-0.91	22.5	1+every1days	360	360	8100.0	-0.8300000000000001	1
PMC6883099	https://pmc.ncbi.nlm.nih.gov/articles/PMC6883099	2019	-1.83	Pioglitazone	10	mg/kg	oral	KK-Ay	Mice	male	6.0	high-fat diet		49.0	1+every1days	28	28	NCT02003014	CHILD,ADULT,OLDER_ADULT	all		824.0	Pioglitazone	-0.91	22.5	1+every1days	360	360	8100.0	0.92	1
PMC6883099	https://pmc.ncbi.nlm.nih.gov/articles/PMC6883099	2019	-2.51	Pioglitazone	30	mg/kg	oral	KK-Ay	Mice	male	6.0	high-fat diet		49.0	1+every1days	28	28	NCT02003014	CHILD,ADULT,OLDER_ADULT	all		824.0	Pioglitazone	-0.91	22.5	1+every1days	360	360	8100.0	1.5999999999999996	0
PMC4304810	https://pmc.ncbi.nlm.nih.gov/articles/PMC4304810	2015	-4.6	Pioglitazone	10	mg/kg	oral	Zucker Diabetic Fatty	Rats	male		genetic		49.0	1+every1days	42	42	NCT02003014	CHILD,ADULT,OLDER_ADULT	all		824.0	Pioglitazone	-0.91	22.5	1+every1days	360	360	8100.0	3.6899999999999995	0
PMC3907559	https://pmc.ncbi.nlm.nih.gov/articles/PMC3907559	2014	-4	Pioglitazone	30	mg/kg	oral	Zucker Diabetic Fatty	Rats	male	10.0	genetic		49.0	2+every1days	32	64	NCT02003014	CHILD,ADULT,OLDER_ADULT	all		824.0	Pioglitazone	-0.91	22.5	1+every1days	360	360	8100.0	3.09	0
PMC5207690	https://pmc.ncbi.nlm.nih.gov/articles/PMC5207690	2017	-0.95	Pioglitazone	4.5	mg/kg	oral	KK-Ay	Mice	male	10.0	high-fat diet		56.0	1+every1days	70	70	NCT02003014	CHILD,ADULT,OLDER_ADULT	all		824.0	Pioglitazone	-0.91	22.5	1+every1days	360	360	8100.0	0.039999999999999925	1
PMC5360432	https://pmc.ncbi.nlm.nih.gov/articles/PMC5360432	2017	-1.6	Pioglitazone	10	mg/kg	oral	ob/ob	Mice	male	7.0	genetic		56.0	2+every1days	28	56	NCT02003014	CHILD,ADULT,OLDER_ADULT	all		824.0	Pioglitazone	-0.91	22.5	1+every1days	360	360	8100.0	0.6900000000000001	1
PMC4457365	https://pmc.ncbi.nlm.nih.gov/articles/PMC4457365	2014	-2.2	Pioglitazone	2.5	mg/kg	oral	UCD-T2DM	Rats	male	32.0	genetic		60.0	1+every1days	365	365	NCT02003014	CHILD,ADULT,OLDER_ADULT	all		824.0	Pioglitazone	-0.91	22.5	1+every1days	360	360	8100.0	1.29	0
PMC4880722	https://pmc.ncbi.nlm.nih.gov/articles/PMC4880722	2016	-3.2	Pioglitazone	30	mg/kg	oral	Zucker Diabetic Fatty	Rats	male	8.0	genetic		70.0	1+every1days	42	42	NCT02003014	CHILD,ADULT,OLDER_ADULT	all		824.0	Pioglitazone	-0.91	22.5	1+every1days	360	360	8100.0	2.29	0
PMC4791042	https://pmc.ncbi.nlm.nih.gov/articles/PMC4791042	2015	-4.5	Pioglitazone	32.19	mg/kg	oral	Zucker Diabetic Fatty	Rats	male	9.0	genetic		80.5	1+every1days	49	49	NCT02003014	CHILD,ADULT,OLDER_ADULT	all		824.0	Pioglitazone	-0.91	22.5	1+every1days	360	360	8100.0	3.59	0
PMC8974032	https://pmc.ncbi.nlm.nih.gov/articles/PMC8974032	2022	-1	Semaglutide	90	nmol/kg	subcutaneous	db/db	Mice	male		genetic	40.0	49.0	1+every7days	56	8	NCT02054897	ADULT,OLDER_ADULT	all	PHASE3	128.0	Semaglutide	-1.47	0.5	1+every7days	210	30	15.0	-0.47	1
PMC8974032	https://pmc.ncbi.nlm.nih.gov/articles/PMC8974032	2022	-1	Semaglutide	90	nmol/kg	subcutaneous	db/db	Mice	male		genetic	40.0	49.0	1+every7days	56	8	NCT02054897	ADULT,OLDER_ADULT	all	PHASE3	130.0	Semaglutide	-1.56	1.0	1+every7days	154	22	22.0	-0.56	1
PMC9050719	https://pmc.ncbi.nlm.nih.gov/articles/PMC9050719	2020	-0.05	Semaglutide	25	nmol/kg	subcutaneous	db/db	Mice	male	6.0	genetic	35.0	56.0	1+every7days	21	3	NCT02054897	ADULT,OLDER_ADULT	all	PHASE3	128.0	Semaglutide	-1.47	0.5	1+every7days	210	30	15.0	-1.42	0
PMC9050719	https://pmc.ncbi.nlm.nih.gov/articles/PMC9050719	2020	-0.3	Semaglutide	25	nmol/kg	subcutaneous	db/db	Mice	male	6.0	genetic	35.0	56.0	1+every1days	21	21	NCT02054897	ADULT,OLDER_ADULT	all	PHASE3	128.0	Semaglutide	-1.47	0.5	1+every7days	210	30	15.0	-1.17	0
PMC9050719	https://pmc.ncbi.nlm.nih.gov/articles/PMC9050719	2020	-0.05	Semaglutide	25	nmol/kg	subcutaneous	db/db	Mice	male	6.0	genetic	35.0	56.0	1+every7days	21	3	NCT02054897	ADULT,OLDER_ADULT	all	PHASE3	130.0	Semaglutide	-1.56	1.0	1+every7days	154	22	22.0	-1.51	0
PMC9050719	https://pmc.ncbi.nlm.nih.gov/articles/PMC9050719	2020	-0.3	Semaglutide	25	nmol/kg	subcutaneous	db/db	Mice	male	6.0	genetic	35.0	56.0	1+every1days	21	21	NCT02054897	ADULT,OLDER_ADULT	all	PHASE3	130.0	Semaglutide	-1.56	1.0	1+every7days	154	22	22.0	-1.26	0
PMC9050719	https://pmc.ncbi.nlm.nih.gov/articles/PMC9050719	2020	-1.3	Semaglutide	25	nmol/kg	subcutaneous	db/db	Mice	male	6.0	genetic	35.5	56.0	1+every1days	42	42	NCT02054897	ADULT,OLDER_ADULT	all	PHASE3	128.0	Semaglutide	-1.47	0.5	1+every7days	210	30	15.0	-0.16999999999999993	1
PMC9050719	https://pmc.ncbi.nlm.nih.gov/articles/PMC9050719	2020	-1.3	Semaglutide	25	nmol/kg	subcutaneous	db/db	Mice	male	6.0	genetic	35.5	56.0	1+every1days	42	42	NCT02054897	ADULT,OLDER_ADULT	all	PHASE3	130.0	Semaglutide	-1.56	1.0	1+every7days	154	22	22.0	-0.26	1
PMC9796023	https://pmc.ncbi.nlm.nih.gov/articles/PMC9796023	2022	-2.7	Semaglutide	14	nmol/kg	subcutaneous	db/db	Mice	both	8.0	genetic	47.5	63.0	1+every2days	28	14	NCT02054897	ADULT,OLDER_ADULT	all	PHASE3	128.0	Semaglutide	-1.47	0.5	1+every7days	210	30	15.0	1.2300000000000002	0
PMC9796023	https://pmc.ncbi.nlm.nih.gov/articles/PMC9796023	2022	-2.7	Semaglutide	14	nmol/kg	subcutaneous	db/db	Mice	both	8.0	genetic	47.5	63.0	1+every2days	28	14	NCT02054897	ADULT,OLDER_ADULT	all	PHASE3	130.0	Semaglutide	-1.56	1.0	1+every7days	154	22	22.0	1.1400000000000001	0
PMC8975272	https://pmc.ncbi.nlm.nih.gov/articles/PMC8975272	2022	-2.3	Semaglutide	15	nmol/kg	subcutaneous	db/db	Mice	both	8.0	genetic	45.0	70.0	1+every2days	28	14	NCT02054897	ADULT,OLDER_ADULT	all	PHASE3	128.0	Semaglutide	-1.47	0.5	1+every7days	210	30	15.0	0.8299999999999998	1
PMC8975272	https://pmc.ncbi.nlm.nih.gov/articles/PMC8975272	2022	-2.3	Semaglutide	15	nmol/kg	subcutaneous	db/db	Mice	both	8.0	genetic	45.0	70.0	1+every2days	28	14	NCT02054897	ADULT,OLDER_ADULT	all	PHASE3	130.0	Semaglutide	-1.56	1.0	1+every7days	154	22	22.0	0.7399999999999998	1
PMC4457365	https://pmc.ncbi.nlm.nih.gov/articles/PMC4457365	2014	-0.2	Alogliptin	20	mg/kg	oral	UCD-T2DM	Rats	male	32.0	genetic		60.0	1+every1days	365	365	NCT02068443	ADULT,OLDER_ADULT	all	PHASE3	71.0	Alogliptin	0.16	25.0	1+every1days	168	168	4200.0	0.36	1
PMC4457365	https://pmc.ncbi.nlm.nih.gov/articles/PMC4457365	2014	-0.2	Alogliptin	20	mg/kg	oral	UCD-T2DM	Rats	male	32.0	genetic		60.0	1+every1days	365	365	NCT02068443	ADULT,OLDER_ADULT	all	PHASE3	71.0	Alogliptin	0.17	25.0	1+every1days	168	168	4200.0	0.37	1
PMC8974032	https://pmc.ncbi.nlm.nih.gov/articles/PMC8974032	2022	-1	Semaglutide	90	nmol/kg	subcutaneous	db/db	Mice	male		genetic	40.0	49.0	1+every7days	56	8	NCT02128932	ADULT,OLDER_ADULT	all	PHASE3	362.0	Semaglutide	-1.21	0.5	1+every7days	182	26	13.0	-0.20999999999999996	1
PMC8974032	https://pmc.ncbi.nlm.nih.gov/articles/PMC8974032	2022	-1	Semaglutide	90	nmol/kg	subcutaneous	db/db	Mice	male		genetic	40.0	49.0	1+every7days	56	8	NCT02128932	ADULT,OLDER_ADULT	all	PHASE3	360.0	Semaglutide	-1.64	1.0	1+every7days	182	26	26.0	-0.6399999999999999	1
PMC9050719	https://pmc.ncbi.nlm.nih.gov/articles/PMC9050719	2020	-0.05	Semaglutide	25	nmol/kg	subcutaneous	db/db	Mice	male	6.0	genetic	35.0	56.0	1+every7days	21	3	NCT02128932	ADULT,OLDER_ADULT	all	PHASE3	362.0	Semaglutide	-1.21	0.5	1+every7days	182	26	13.0	-1.16	0
PMC9050719	https://pmc.ncbi.nlm.nih.gov/articles/PMC9050719	2020	-0.3	Semaglutide	25	nmol/kg	subcutaneous	db/db	Mice	male	6.0	genetic	35.0	56.0	1+every1days	21	21	NCT02128932	ADULT,OLDER_ADULT	all	PHASE3	362.0	Semaglutide	-1.21	0.5	1+every7days	182	26	13.0	-0.9099999999999999	1
PMC9050719	https://pmc.ncbi.nlm.nih.gov/articles/PMC9050719	2020	-0.05	Semaglutide	25	nmol/kg	subcutaneous	db/db	Mice	male	6.0	genetic	35.0	56.0	1+every7days	21	3	NCT02128932	ADULT,OLDER_ADULT	all	PHASE3	360.0	Semaglutide	-1.64	1.0	1+every7days	182	26	26.0	-1.5899999999999999	0
PMC9050719	https://pmc.ncbi.nlm.nih.gov/articles/PMC9050719	2020	-0.3	Semaglutide	25	nmol/kg	subcutaneous	db/db	Mice	male	6.0	genetic	35.0	56.0	1+every1days	21	21	NCT02128932	ADULT,OLDER_ADULT	all	PHASE3	360.0	Semaglutide	-1.64	1.0	1+every7days	182	26	26.0	-1.3399999999999999	0
PMC9050719	https://pmc.ncbi.nlm.nih.gov/articles/PMC9050719	2020	-1.3	Semaglutide	25	nmol/kg	subcutaneous	db/db	Mice	male	6.0	genetic	35.5	56.0	1+every1days	42	42	NCT02128932	ADULT,OLDER_ADULT	all	PHASE3	362.0	Semaglutide	-1.21	0.5	1+every7days	182	26	13.0	0.09000000000000008	1
PMC9050719	https://pmc.ncbi.nlm.nih.gov/articles/PMC9050719	2020	-1.3	Semaglutide	25	nmol/kg	subcutaneous	db/db	Mice	male	6.0	genetic	35.5	56.0	1+every1days	42	42	NCT02128932	ADULT,OLDER_ADULT	all	PHASE3	360.0	Semaglutide	-1.64	1.0	1+every7days	182	26	26.0	-0.33999999999999986	1
PMC9796023	https://pmc.ncbi.nlm.nih.gov/articles/PMC9796023	2022	-2.7	Semaglutide	14	nmol/kg	subcutaneous	db/db	Mice	both	8.0	genetic	47.5	63.0	1+every2days	28	14	NCT02128932	ADULT,OLDER_ADULT	all	PHASE3	362.0	Semaglutide	-1.21	0.5	1+every7days	182	26	13.0	1.4900000000000002	0
PMC9796023	https://pmc.ncbi.nlm.nih.gov/articles/PMC9796023	2022	-2.7	Semaglutide	14	nmol/kg	subcutaneous	db/db	Mice	both	8.0	genetic	47.5	63.0	1+every2days	28	14	NCT02128932	ADULT,OLDER_ADULT	all	PHASE3	360.0	Semaglutide	-1.64	1.0	1+every7days	182	26	26.0	1.0600000000000003	0
PMC8975272	https://pmc.ncbi.nlm.nih.gov/articles/PMC8975272	2022	-2.3	Semaglutide	15	nmol/kg	subcutaneous	db/db	Mice	both	8.0	genetic	45.0	70.0	1+every2days	28	14	NCT02128932	ADULT,OLDER_ADULT	all	PHASE3	362.0	Semaglutide	-1.21	0.5	1+every7days	182	26	13.0	1.0899999999999999	0
PMC8975272	https://pmc.ncbi.nlm.nih.gov/articles/PMC8975272	2022	-2.3	Semaglutide	15	nmol/kg	subcutaneous	db/db	Mice	both	8.0	genetic	45.0	70.0	1+every2days	28	14	NCT02128932	ADULT,OLDER_ADULT	all	PHASE3	360.0	Semaglutide	-1.64	1.0	1+every7days	182	26	26.0	0.6599999999999999	1
PMC9143250	https://pmc.ncbi.nlm.nih.gov/articles/PMC9143250	2022	-8.5	Dapagliflozin	1	mg/kg	oral	Wistar	Rats	both	6.0	high-fat diet+streptozotocin	215.0		1+every1days	28	28	NCT02157298	ADULT,OLDER_ADULT	all	PHASE4	122.0	Dapagliflozin	-0.55	5.0		112			7.95	0
PMC10308685	https://pmc.ncbi.nlm.nih.gov/articles/PMC10308685	2023	-5.4	Dapagliflozin	1	mg/kg	oral	Zucker Diabetic Fatty	Rats	male	8.0	genetic		112.0	1+every1days	84	84	NCT02157298	ADULT,OLDER_ADULT	all	PHASE4	122.0	Dapagliflozin	-0.55	5.0		112			4.8500000000000005	0
PMC4237538	https://pmc.ncbi.nlm.nih.gov/articles/PMC4237538	2013	-1.4	Dapagliflozin	1	mg/kg	oral	ob/ob	Mice	male		genetic	43.0	56.0	1+every1days	28	28	NCT02157298	ADULT,OLDER_ADULT	all	PHASE4	122.0	Dapagliflozin	-0.55	5.0		112			0.8499999999999999	1
PMC6856656	https://pmc.ncbi.nlm.nih.gov/articles/PMC6856656	2019	-2.9	Dapagliflozin	1.0	mg/kg	oral	Zucker Diabetic Fatty	Rats	male	8.0	high-fat diet		84.0	1+every1days	63	63	NCT02157298	ADULT,OLDER_ADULT	all	PHASE4	122.0	Dapagliflozin	-0.55	5.0		112			2.3499999999999996	0
PMC5089752	https://pmc.ncbi.nlm.nih.gov/articles/PMC5089752	2016	-2.04	Dapagliflozin	1.0	mg/kg	oral	Otsuka Long-Evans Tokushima Fatty	Rats	male	10.0	genetic		98.0	1+every1days	84	84	NCT02157298	ADULT,OLDER_ADULT	all	PHASE4	122.0	Dapagliflozin	-0.55	5.0		112			1.49	0
PMC8953658	https://pmc.ncbi.nlm.nih.gov/articles/PMC8953658	2022	-3	Dapagliflozin	1	mg/kg	oral gavage	Zucker Diabetic Fatty	Rats	male	7.0	genetic		98.0	1+every1days	28	28	NCT02157298	ADULT,OLDER_ADULT	all	PHASE4	122.0	Dapagliflozin	-0.55	5.0		112			2.45	0
PMC5663708	https://pmc.ncbi.nlm.nih.gov/articles/PMC5663708	2017	-2.2	Pioglitazone	36	mg/kg	oral	Wistar	Rats	male	6.0	streptozotocin+nicotinamide	180.0		1+every1days	15	15	NCT02181842	CHILD,ADULT,OLDER_ADULT	all		189.0	Pioglitazone	-0.68	22.5	1+every1days	336	336	7560.0	1.52	0
PMC5663708	https://pmc.ncbi.nlm.nih.gov/articles/PMC5663708	2017	-2.2	Pioglitazone	36	mg/kg	oral	Wistar	Rats	male	6.0	streptozotocin+nicotinamide	180.0		1+every1days	15	15	NCT02181842	CHILD,ADULT,OLDER_ADULT	all		189.0	Pioglitazone	-0.73	22.5	1+every1days	336	336	7560.0	1.4700000000000002	0
PMC5663708	https://pmc.ncbi.nlm.nih.gov/articles/PMC5663708	2017	-2.2	Pioglitazone	36	mg/kg	oral	Wistar	Rats	male	6.0	streptozotocin+nicotinamide	180.0		1+every1days	15	15	NCT02181842	CHILD,ADULT,OLDER_ADULT	all		189.0	Pioglitazone	-0.81	22.5	1+every1days	336	336	7560.0	1.3900000000000001	0
PMC4743348	https://pmc.ncbi.nlm.nih.gov/articles/PMC4743348	2015	-5.15	Pioglitazone	20	mg/kg	oral	Wistar	Rats	male	8.0	high-fat diet+streptozotocin	175.0		1+every1days	21	21	NCT02181842	CHILD,ADULT,OLDER_ADULT	all		189.0	Pioglitazone	-0.68	22.5	1+every1days	336	336	7560.0	4.470000000000001	0
PMC4743348	https://pmc.ncbi.nlm.nih.gov/articles/PMC4743348	2015	-4.3	Pioglitazone	20	mg/kg	oral	Wistar	Rats	male	8.0	streptozotocin	175.0		1+every1days	21	21	NCT02181842	CHILD,ADULT,OLDER_ADULT	all		189.0	Pioglitazone	-0.68	22.5	1+every1days	336	336	7560.0	3.6199999999999997	0
PMC4743348	https://pmc.ncbi.nlm.nih.gov/articles/PMC4743348	2015	-5.15	Pioglitazone	20	mg/kg	oral	Wistar	Rats	male	8.0	high-fat diet+streptozotocin	175.0		1+every1days	21	21	NCT02181842	CHILD,ADULT,OLDER_ADULT	all		189.0	Pioglitazone	-0.73	22.5	1+every1days	336	336	7560.0	4.42	0
PMC4743348	https://pmc.ncbi.nlm.nih.gov/articles/PMC4743348	2015	-4.3	Pioglitazone	20	mg/kg	oral	Wistar	Rats	male	8.0	streptozotocin	175.0		1+every1days	21	21	NCT02181842	CHILD,ADULT,OLDER_ADULT	all		189.0	Pioglitazone	-0.73	22.5	1+every1days	336	336	7560.0	3.57	0
PMC4743348	https://pmc.ncbi.nlm.nih.gov/articles/PMC4743348	2015	-5.15	Pioglitazone	20	mg/kg	oral	Wistar	Rats	male	8.0	high-fat diet+streptozotocin	175.0		1+every1days	21	21	NCT02181842	CHILD,ADULT,OLDER_ADULT	all		189.0	Pioglitazone	-0.81	22.5	1+every1days	336	336	7560.0	4.34	0
PMC4743348	https://pmc.ncbi.nlm.nih.gov/articles/PMC4743348	2015	-4.3	Pioglitazone	20	mg/kg	oral	Wistar	Rats	male	8.0	streptozotocin	175.0		1+every1days	21	21	NCT02181842	CHILD,ADULT,OLDER_ADULT	all		189.0	Pioglitazone	-0.81	22.5	1+every1days	336	336	7560.0	3.4899999999999998	0
PMC6540170	https://pmc.ncbi.nlm.nih.gov/articles/PMC6540170	Not Found	-4.1	Pioglitazone	0.01	% (w/w)	oral	C57BLKS/J-db/db	Mice	male	10.0	genetic		28.0	1+every1days	35	35	NCT02181842	CHILD,ADULT,OLDER_ADULT	all		189.0	Pioglitazone	-0.68	22.5	1+every1days	336	336	7560.0	3.4199999999999995	0
PMC6540170	https://pmc.ncbi.nlm.nih.gov/articles/PMC6540170	Not Found	-4.1	Pioglitazone	0.01	% (w/w)	oral	C57BLKS/J-db/db	Mice	male	10.0	genetic		28.0	1+every1days	35	35	NCT02181842	CHILD,ADULT,OLDER_ADULT	all		189.0	Pioglitazone	-0.73	22.5	1+every1days	336	336	7560.0	3.3699999999999997	0
PMC6540170	https://pmc.ncbi.nlm.nih.gov/articles/PMC6540170	Not Found	-4.1	Pioglitazone	0.01	% (w/w)	oral	C57BLKS/J-db/db	Mice	male	10.0	genetic		28.0	1+every1days	35	35	NCT02181842	CHILD,ADULT,OLDER_ADULT	all		189.0	Pioglitazone	-0.81	22.5	1+every1days	336	336	7560.0	3.2899999999999996	0
PMC6883099	https://pmc.ncbi.nlm.nih.gov/articles/PMC6883099	2019	-0.08	Pioglitazone	3	mg/kg	oral	KK-Ay	Mice	male	6.0	high-fat diet		49.0	1+every1days	28	28	NCT02181842	CHILD,ADULT,OLDER_ADULT	all		189.0	Pioglitazone	-0.68	22.5	1+every1days	336	336	7560.0	-0.6000000000000001	1
PMC6883099	https://pmc.ncbi.nlm.nih.gov/articles/PMC6883099	2019	-1.83	Pioglitazone	10	mg/kg	oral	KK-Ay	Mice	male	6.0	high-fat diet		49.0	1+every1days	28	28	NCT02181842	CHILD,ADULT,OLDER_ADULT	all		189.0	Pioglitazone	-0.68	22.5	1+every1days	336	336	7560.0	1.15	0
PMC6883099	https://pmc.ncbi.nlm.nih.gov/articles/PMC6883099	2019	-2.51	Pioglitazone	30	mg/kg	oral	KK-Ay	Mice	male	6.0	high-fat diet		49.0	1+every1days	28	28	NCT02181842	CHILD,ADULT,OLDER_ADULT	all		189.0	Pioglitazone	-0.68	22.5	1+every1days	336	336	7560.0	1.8299999999999996	0
PMC6883099	https://pmc.ncbi.nlm.nih.gov/articles/PMC6883099	2019	-0.08	Pioglitazone	3	mg/kg	oral	KK-Ay	Mice	male	6.0	high-fat diet		49.0	1+every1days	28	28	NCT02181842	CHILD,ADULT,OLDER_ADULT	all		189.0	Pioglitazone	-0.73	22.5	1+every1days	336	336	7560.0	-0.65	1
PMC6883099	https://pmc.ncbi.nlm.nih.gov/articles/PMC6883099	2019	-1.83	Pioglitazone	10	mg/kg	oral	KK-Ay	Mice	male	6.0	high-fat diet		49.0	1+every1days	28	28	NCT02181842	CHILD,ADULT,OLDER_ADULT	all		189.0	Pioglitazone	-0.73	22.5	1+every1days	336	336	7560.0	1.1	0
PMC6883099	https://pmc.ncbi.nlm.nih.gov/articles/PMC6883099	2019	-2.51	Pioglitazone	30	mg/kg	oral	KK-Ay	Mice	male	6.0	high-fat diet		49.0	1+every1days	28	28	NCT02181842	CHILD,ADULT,OLDER_ADULT	all		189.0	Pioglitazone	-0.73	22.5	1+every1days	336	336	7560.0	1.7799999999999998	0
PMC6883099	https://pmc.ncbi.nlm.nih.gov/articles/PMC6883099	2019	-0.08	Pioglitazone	3	mg/kg	oral	KK-Ay	Mice	male	6.0	high-fat diet		49.0	1+every1days	28	28	NCT02181842	CHILD,ADULT,OLDER_ADULT	all		189.0	Pioglitazone	-0.81	22.5	1+every1days	336	336	7560.0	-0.7300000000000001	1
PMC6883099	https://pmc.ncbi.nlm.nih.gov/articles/PMC6883099	2019	-1.83	Pioglitazone	10	mg/kg	oral	KK-Ay	Mice	male	6.0	high-fat diet		49.0	1+every1days	28	28	NCT02181842	CHILD,ADULT,OLDER_ADULT	all		189.0	Pioglitazone	-0.81	22.5	1+every1days	336	336	7560.0	1.02	1
PMC6883099	https://pmc.ncbi.nlm.nih.gov/articles/PMC6883099	2019	-2.51	Pioglitazone	30	mg/kg	oral	KK-Ay	Mice	male	6.0	high-fat diet		49.0	1+every1days	28	28	NCT02181842	CHILD,ADULT,OLDER_ADULT	all		189.0	Pioglitazone	-0.81	22.5	1+every1days	336	336	7560.0	1.6999999999999997	0
PMC4304810	https://pmc.ncbi.nlm.nih.gov/articles/PMC4304810	2015	-4.6	Pioglitazone	10	mg/kg	oral	Zucker Diabetic Fatty	Rats	male		genetic		49.0	1+every1days	42	42	NCT02181842	CHILD,ADULT,OLDER_ADULT	all		189.0	Pioglitazone	-0.68	22.5	1+every1days	336	336	7560.0	3.9199999999999995	0
PMC4304810	https://pmc.ncbi.nlm.nih.gov/articles/PMC4304810	2015	-4.6	Pioglitazone	10	mg/kg	oral	Zucker Diabetic Fatty	Rats	male		genetic		49.0	1+every1days	42	42	NCT02181842	CHILD,ADULT,OLDER_ADULT	all		189.0	Pioglitazone	-0.73	22.5	1+every1days	336	336	7560.0	3.8699999999999997	0
PMC4304810	https://pmc.ncbi.nlm.nih.gov/articles/PMC4304810	2015	-4.6	Pioglitazone	10	mg/kg	oral	Zucker Diabetic Fatty	Rats	male		genetic		49.0	1+every1days	42	42	NCT02181842	CHILD,ADULT,OLDER_ADULT	all		189.0	Pioglitazone	-0.81	22.5	1+every1days	336	336	7560.0	3.7899999999999996	0
PMC3907559	https://pmc.ncbi.nlm.nih.gov/articles/PMC3907559	2014	-4	Pioglitazone	30	mg/kg	oral	Zucker Diabetic Fatty	Rats	male	10.0	genetic		49.0	2+every1days	32	64	NCT02181842	CHILD,ADULT,OLDER_ADULT	all		189.0	Pioglitazone	-0.68	22.5	1+every1days	336	336	7560.0	3.32	0
PMC3907559	https://pmc.ncbi.nlm.nih.gov/articles/PMC3907559	2014	-4	Pioglitazone	30	mg/kg	oral	Zucker Diabetic Fatty	Rats	male	10.0	genetic		49.0	2+every1days	32	64	NCT02181842	CHILD,ADULT,OLDER_ADULT	all		189.0	Pioglitazone	-0.73	22.5	1+every1days	336	336	7560.0	3.27	0
PMC3907559	https://pmc.ncbi.nlm.nih.gov/articles/PMC3907559	2014	-4	Pioglitazone	30	mg/kg	oral	Zucker Diabetic Fatty	Rats	male	10.0	genetic		49.0	2+every1days	32	64	NCT02181842	CHILD,ADULT,OLDER_ADULT	all		189.0	Pioglitazone	-0.81	22.5	1+every1days	336	336	7560.0	3.19	0
PMC5207690	https://pmc.ncbi.nlm.nih.gov/articles/PMC5207690	2017	-0.95	Pioglitazone	4.5	mg/kg	oral	KK-Ay	Mice	male	10.0	high-fat diet		56.0	1+every1days	70	70	NCT02181842	CHILD,ADULT,OLDER_ADULT	all		189.0	Pioglitazone	-0.68	22.5	1+every1days	336	336	7560.0	0.2699999999999999	1
PMC5207690	https://pmc.ncbi.nlm.nih.gov/articles/PMC5207690	2017	-0.95	Pioglitazone	4.5	mg/kg	oral	KK-Ay	Mice	male	10.0	high-fat diet		56.0	1+every1days	70	70	NCT02181842	CHILD,ADULT,OLDER_ADULT	all		189.0	Pioglitazone	-0.73	22.5	1+every1days	336	336	7560.0	0.21999999999999997	1
PMC5207690	https://pmc.ncbi.nlm.nih.gov/articles/PMC5207690	2017	-0.95	Pioglitazone	4.5	mg/kg	oral	KK-Ay	Mice	male	10.0	high-fat diet		56.0	1+every1days	70	70	NCT02181842	CHILD,ADULT,OLDER_ADULT	all		189.0	Pioglitazone	-0.81	22.5	1+every1days	336	336	7560.0	0.1399999999999999	1
PMC5360432	https://pmc.ncbi.nlm.nih.gov/articles/PMC5360432	2017	-1.6	Pioglitazone	10	mg/kg	oral	ob/ob	Mice	male	7.0	genetic		56.0	2+every1days	28	56	NCT02181842	CHILD,ADULT,OLDER_ADULT	all		189.0	Pioglitazone	-0.68	22.5	1+every1days	336	336	7560.0	0.92	1
PMC5360432	https://pmc.ncbi.nlm.nih.gov/articles/PMC5360432	2017	-1.6	Pioglitazone	10	mg/kg	oral	ob/ob	Mice	male	7.0	genetic		56.0	2+every1days	28	56	NCT02181842	CHILD,ADULT,OLDER_ADULT	all		189.0	Pioglitazone	-0.73	22.5	1+every1days	336	336	7560.0	0.8700000000000001	1
PMC5360432	https://pmc.ncbi.nlm.nih.gov/articles/PMC5360432	2017	-1.6	Pioglitazone	10	mg/kg	oral	ob/ob	Mice	male	7.0	genetic		56.0	2+every1days	28	56	NCT02181842	CHILD,ADULT,OLDER_ADULT	all		189.0	Pioglitazone	-0.81	22.5	1+every1days	336	336	7560.0	0.79	1
PMC4457365	https://pmc.ncbi.nlm.nih.gov/articles/PMC4457365	2014	-2.2	Pioglitazone	2.5	mg/kg	oral	UCD-T2DM	Rats	male	32.0	genetic		60.0	1+every1days	365	365	NCT02181842	CHILD,ADULT,OLDER_ADULT	all		189.0	Pioglitazone	-0.68	22.5	1+every1days	336	336	7560.0	1.52	0
PMC4457365	https://pmc.ncbi.nlm.nih.gov/articles/PMC4457365	2014	-2.2	Pioglitazone	2.5	mg/kg	oral	UCD-T2DM	Rats	male	32.0	genetic		60.0	1+every1days	365	365	NCT02181842	CHILD,ADULT,OLDER_ADULT	all		189.0	Pioglitazone	-0.73	22.5	1+every1days	336	336	7560.0	1.4700000000000002	0
PMC4457365	https://pmc.ncbi.nlm.nih.gov/articles/PMC4457365	2014	-2.2	Pioglitazone	2.5	mg/kg	oral	UCD-T2DM	Rats	male	32.0	genetic		60.0	1+every1days	365	365	NCT02181842	CHILD,ADULT,OLDER_ADULT	all		189.0	Pioglitazone	-0.81	22.5	1+every1days	336	336	7560.0	1.3900000000000001	0
PMC4880722	https://pmc.ncbi.nlm.nih.gov/articles/PMC4880722	2016	-3.2	Pioglitazone	30	mg/kg	oral	Zucker Diabetic Fatty	Rats	male	8.0	genetic		70.0	1+every1days	42	42	NCT02181842	CHILD,ADULT,OLDER_ADULT	all		189.0	Pioglitazone	-0.68	22.5	1+every1days	336	336	7560.0	2.52	0
PMC4880722	https://pmc.ncbi.nlm.nih.gov/articles/PMC4880722	2016	-3.2	Pioglitazone	30	mg/kg	oral	Zucker Diabetic Fatty	Rats	male	8.0	genetic		70.0	1+every1days	42	42	NCT02181842	CHILD,ADULT,OLDER_ADULT	all		189.0	Pioglitazone	-0.73	22.5	1+every1days	336	336	7560.0	2.47	0
PMC4880722	https://pmc.ncbi.nlm.nih.gov/articles/PMC4880722	2016	-3.2	Pioglitazone	30	mg/kg	oral	Zucker Diabetic Fatty	Rats	male	8.0	genetic		70.0	1+every1days	42	42	NCT02181842	CHILD,ADULT,OLDER_ADULT	all		189.0	Pioglitazone	-0.81	22.5	1+every1days	336	336	7560.0	2.39	0
PMC4791042	https://pmc.ncbi.nlm.nih.gov/articles/PMC4791042	2015	-4.5	Pioglitazone	32.19	mg/kg	oral	Zucker Diabetic Fatty	Rats	male	9.0	genetic		80.5	1+every1days	49	49	NCT02181842	CHILD,ADULT,OLDER_ADULT	all		189.0	Pioglitazone	-0.68	22.5	1+every1days	336	336	7560.0	3.82	0
PMC4791042	https://pmc.ncbi.nlm.nih.gov/articles/PMC4791042	2015	-4.5	Pioglitazone	32.19	mg/kg	oral	Zucker Diabetic Fatty	Rats	male	9.0	genetic		80.5	1+every1days	49	49	NCT02181842	CHILD,ADULT,OLDER_ADULT	all		189.0	Pioglitazone	-0.73	22.5	1+every1days	336	336	7560.0	3.77	0
PMC4791042	https://pmc.ncbi.nlm.nih.gov/articles/PMC4791042	2015	-4.5	Pioglitazone	32.19	mg/kg	oral	Zucker Diabetic Fatty	Rats	male	9.0	genetic		80.5	1+every1days	49	49	NCT02181842	CHILD,ADULT,OLDER_ADULT	all		189.0	Pioglitazone	-0.81	22.5	1+every1days	336	336	7560.0	3.69	0
PMC8974032	https://pmc.ncbi.nlm.nih.gov/articles/PMC8974032	2022	-1	Semaglutide	90	nmol/kg	subcutaneous	db/db	Mice	male		genetic	40.0	49.0	1+every7days	56	8	NCT02207374	ADULT,OLDER_ADULT	all	PHASE3	220.0	Semaglutide	-1.74	0.5	1+every7days	392	56	28.0	-0.74	1
PMC8974032	https://pmc.ncbi.nlm.nih.gov/articles/PMC8974032	2022	-1	Semaglutide	90	nmol/kg	subcutaneous	db/db	Mice	male		genetic	40.0	49.0	1+every7days	56	8	NCT02207374	ADULT,OLDER_ADULT	all	PHASE3	204.0	Semaglutide	-2.03	1.0	1+every7days	392	56	56.0	-1.0299999999999998	1
PMC9050719	https://pmc.ncbi.nlm.nih.gov/articles/PMC9050719	2020	-0.05	Semaglutide	25	nmol/kg	subcutaneous	db/db	Mice	male	6.0	genetic	35.0	56.0	1+every7days	21	3	NCT02207374	ADULT,OLDER_ADULT	all	PHASE3	220.0	Semaglutide	-1.74	0.5	1+every7days	392	56	28.0	-1.69	0
PMC9050719	https://pmc.ncbi.nlm.nih.gov/articles/PMC9050719	2020	-0.3	Semaglutide	25	nmol/kg	subcutaneous	db/db	Mice	male	6.0	genetic	35.0	56.0	1+every1days	21	21	NCT02207374	ADULT,OLDER_ADULT	all	PHASE3	220.0	Semaglutide	-1.74	0.5	1+every7days	392	56	28.0	-1.44	0
PMC9050719	https://pmc.ncbi.nlm.nih.gov/articles/PMC9050719	2020	-0.05	Semaglutide	25	nmol/kg	subcutaneous	db/db	Mice	male	6.0	genetic	35.0	56.0	1+every7days	21	3	NCT02207374	ADULT,OLDER_ADULT	all	PHASE3	204.0	Semaglutide	-2.03	1.0	1+every7days	392	56	56.0	-1.9799999999999998	0
PMC9050719	https://pmc.ncbi.nlm.nih.gov/articles/PMC9050719	2020	-0.3	Semaglutide	25	nmol/kg	subcutaneous	db/db	Mice	male	6.0	genetic	35.0	56.0	1+every1days	21	21	NCT02207374	ADULT,OLDER_ADULT	all	PHASE3	204.0	Semaglutide	-2.03	1.0	1+every7days	392	56	56.0	-1.7299999999999998	0
PMC9050719	https://pmc.ncbi.nlm.nih.gov/articles/PMC9050719	2020	-1.3	Semaglutide	25	nmol/kg	subcutaneous	db/db	Mice	male	6.0	genetic	35.5	56.0	1+every1days	42	42	NCT02207374	ADULT,OLDER_ADULT	all	PHASE3	220.0	Semaglutide	-1.74	0.5	1+every7days	392	56	28.0	-0.43999999999999995	1
PMC9050719	https://pmc.ncbi.nlm.nih.gov/articles/PMC9050719	2020	-1.3	Semaglutide	25	nmol/kg	subcutaneous	db/db	Mice	male	6.0	genetic	35.5	56.0	1+every1days	42	42	NCT02207374	ADULT,OLDER_ADULT	all	PHASE3	204.0	Semaglutide	-2.03	1.0	1+every7days	392	56	56.0	-0.7299999999999998	1
PMC9796023	https://pmc.ncbi.nlm.nih.gov/articles/PMC9796023	2022	-2.7	Semaglutide	14	nmol/kg	subcutaneous	db/db	Mice	both	8.0	genetic	47.5	63.0	1+every2days	28	14	NCT02207374	ADULT,OLDER_ADULT	all	PHASE3	220.0	Semaglutide	-1.74	0.5	1+every7days	392	56	28.0	0.9600000000000002	1
PMC9796023	https://pmc.ncbi.nlm.nih.gov/articles/PMC9796023	2022	-2.7	Semaglutide	14	nmol/kg	subcutaneous	db/db	Mice	both	8.0	genetic	47.5	63.0	1+every2days	28	14	NCT02207374	ADULT,OLDER_ADULT	all	PHASE3	204.0	Semaglutide	-2.03	1.0	1+every7days	392	56	56.0	0.6700000000000004	1
PMC8975272	https://pmc.ncbi.nlm.nih.gov/articles/PMC8975272	2022	-2.3	Semaglutide	15	nmol/kg	subcutaneous	db/db	Mice	both	8.0	genetic	45.0	70.0	1+every2days	28	14	NCT02207374	ADULT,OLDER_ADULT	all	PHASE3	220.0	Semaglutide	-1.74	0.5	1+every7days	392	56	28.0	0.5599999999999998	1
PMC8975272	https://pmc.ncbi.nlm.nih.gov/articles/PMC8975272	2022	-2.3	Semaglutide	15	nmol/kg	subcutaneous	db/db	Mice	both	8.0	genetic	45.0	70.0	1+every2days	28	14	NCT02207374	ADULT,OLDER_ADULT	all	PHASE3	204.0	Semaglutide	-2.03	1.0	1+every7days	392	56	56.0	0.27	1
PMC5489512	https://pmc.ncbi.nlm.nih.gov/articles/PMC5489512	2017	-0.3	Linagliptin	2	mg/kg	oral	KK-Ay	Mice	female	10.0	genetic	50.0		1+every1days	42	42	NCT02240680	ADULT,OLDER_ADULT	all	PHASE4	149.0	Linagliptin	-1.01	5.0	1+every1days	168	168	840.0	-0.71	1
PMC6701666	https://pmc.ncbi.nlm.nih.gov/articles/PMC6701666	2019	0	Linagliptin	3	mg/kg	oral	db/db	Mice	female	12.0	genetic		38.5	1+every1days	42	42	NCT02240680	ADULT,OLDER_ADULT	all	PHASE4	149.0	Linagliptin	-1.01	5.0	1+every1days	168	168	840.0	-1.01	1
PMC5152931	https://pmc.ncbi.nlm.nih.gov/articles/PMC5152931	2016	-2	Linagliptin	0.083	mg/kg	oral	Wistar	Rats	male	22.0	streptozotocin		42.0		168		NCT02240680	ADULT,OLDER_ADULT	all	PHASE4	149.0	Linagliptin	-1.01	5.0	1+every1days	168	168	840.0	0.99	1
PMC4884299	https://pmc.ncbi.nlm.nih.gov/articles/PMC4884299	2016	-3.1	Acarbose	15	mg/kg	oral	Wistar	Rats	male	6.0	streptozotocin+nicotinamide	280.0		1+every1days	42	42	NCT02243176	ADULT,OLDER_ADULT	all	PHASE4	204.0	Acarbose	-0.8	100.0	3+every1days	168	504	50400.0	2.3	0
PMC9736061	https://pmc.ncbi.nlm.nih.gov/articles/PMC9736061	2022	-1.27	Acarbose	50	mg/kg	oral	db/db	Mice	male	3.0	genetic		42.0		98		NCT02243176	ADULT,OLDER_ADULT	all	PHASE4	204.0	Acarbose	-0.8	100.0	3+every1days	168	504	50400.0	0.47	1
PMC9112483	https://pmc.ncbi.nlm.nih.gov/articles/PMC9112483	2022	-0.2	Saxagliptin	10	mg/kg	intragastric	Zucker Diabetic Fatty	Rats	male	7.0	genetic		77.0	1+every1days	140	140	NCT02243176	ADULT,OLDER_ADULT	all	PHASE4	238.0	Saxagliptin	-0.82	5.0	1+every1days	168	168	840.0	-0.6199999999999999	1
PMC9112483	https://pmc.ncbi.nlm.nih.gov/articles/PMC9112483	2022	-0.2	Saxagliptin	10	mg/kg	intragastric	Zucker Diabetic Fatty	Rats	male	7.0	genetic		77.0	1+every1days	140	140	NCT02243176	ADULT,OLDER_ADULT	all	PHASE4	219.0	Saxagliptin	-0.83	5.0	1+every1days	168	168	840.0	-0.6299999999999999	1
PMC4000968	https://pmc.ncbi.nlm.nih.gov/articles/PMC4000968	2014	-1.21	Sitagliptin Phosphate	10	mg/kg	oral	Zucker Diabetic Fatty	Rats		7.0	genetic		140.0	1+every1days	42	42	NCT02254291	ADULT,OLDER_ADULT	all	PHASE3	103.0	Sitagliptin Phosphate	-0.74	100.0	1+every1days	210	210	21000.0	0.47	1
PMC3998187	https://pmc.ncbi.nlm.nih.gov/articles/PMC3998187	2014	-2	Sitagliptin Phosphate	10	mg/kg	oral	Zucker Diabetic Fatty	Rats	male	5.0	genetic		140.0	1+every1days	42	42	NCT02254291	ADULT,OLDER_ADULT	all	PHASE3	103.0	Sitagliptin Phosphate	-0.74	100.0	1+every1days	210	210	21000.0	1.26	0
PMC2905949	https://pmc.ncbi.nlm.nih.gov/articles/PMC2905949	2010	-0.01	Sitagliptin Phosphate	10	mg/kg	oral	Zucker Diabetic Fatty	Rats	male	8.0	genetic		140.0	1+every1days	42	42	NCT02254291	ADULT,OLDER_ADULT	all	PHASE3	103.0	Sitagliptin Phosphate	-0.74	100.0	1+every1days	210	210	21000.0	-0.73	1
PMC3235777	https://pmc.ncbi.nlm.nih.gov/articles/PMC3235777	2011	-1.78	Sitagliptin Phosphate	10	mg/kg	oral	Zucker Diabetic Fatty	Rats	male	8.0	genetic		140.0	1+every1days	42	42	NCT02254291	ADULT,OLDER_ADULT	all	PHASE3	103.0	Sitagliptin Phosphate	-0.74	100.0	1+every1days	210	210	21000.0	1.04	0
PMC4514850	https://pmc.ncbi.nlm.nih.gov/articles/PMC4514850	2015	-1.3	Sitagliptin Phosphate	100	mg/kg	oral	ICR	Mice	male	8.0	high-fat diet+streptozotocin		35.0	1+every1days	56	56	NCT02254291	ADULT,OLDER_ADULT	all	PHASE3	103.0	Sitagliptin Phosphate	-0.74	100.0	1+every1days	210	210	21000.0	0.56	1
PMC3660563	https://pmc.ncbi.nlm.nih.gov/articles/PMC3660563	2013	-0.8	Sitagliptin Phosphate	1	mg/kg	oral	C57BLKS/J-db/db	Mice	male		genetic		42.0	1+every1days	42	42	NCT02254291	ADULT,OLDER_ADULT	all	PHASE3	103.0	Sitagliptin Phosphate	-0.74	100.0	1+every1days	210	210	21000.0	0.06000000000000005	1
PMC8974032	https://pmc.ncbi.nlm.nih.gov/articles/PMC8974032	2022	-1	Semaglutide	90	nmol/kg	subcutaneous	db/db	Mice	male		genetic	40.0	49.0	1+every7days	56	8	NCT02254291	ADULT,OLDER_ADULT	all	PHASE3	103.0	Semaglutide	-1.87	0.5	1+every7days	210	30	15.0	-0.8700000000000001	1
PMC8974032	https://pmc.ncbi.nlm.nih.gov/articles/PMC8974032	2022	-1	Semaglutide	90	nmol/kg	subcutaneous	db/db	Mice	male		genetic	40.0	49.0	1+every7days	56	8	NCT02254291	ADULT,OLDER_ADULT	all	PHASE3	102.0	Semaglutide	-2.18	1.0	1+every7days	210	30	30.0	-1.1800000000000002	0
PMC4514850	https://pmc.ncbi.nlm.nih.gov/articles/PMC4514850	2015	-0.9	Sitagliptin Phosphate	100	mg/kg	oral	db/db	Mice	male	5.0	genetic		56.0	1+every1days	28	28	NCT02254291	ADULT,OLDER_ADULT	all	PHASE3	103.0	Sitagliptin Phosphate	-0.74	100.0	1+every1days	210	210	21000.0	0.16000000000000003	1
PMC9050719	https://pmc.ncbi.nlm.nih.gov/articles/PMC9050719	2020	-0.05	Semaglutide	25	nmol/kg	subcutaneous	db/db	Mice	male	6.0	genetic	35.0	56.0	1+every7days	21	3	NCT02254291	ADULT,OLDER_ADULT	all	PHASE3	103.0	Semaglutide	-1.87	0.5	1+every7days	210	30	15.0	-1.82	0
PMC9050719	https://pmc.ncbi.nlm.nih.gov/articles/PMC9050719	2020	-0.3	Semaglutide	25	nmol/kg	subcutaneous	db/db	Mice	male	6.0	genetic	35.0	56.0	1+every1days	21	21	NCT02254291	ADULT,OLDER_ADULT	all	PHASE3	103.0	Semaglutide	-1.87	0.5	1+every7days	210	30	15.0	-1.57	0
PMC9050719	https://pmc.ncbi.nlm.nih.gov/articles/PMC9050719	2020	-0.05	Semaglutide	25	nmol/kg	subcutaneous	db/db	Mice	male	6.0	genetic	35.0	56.0	1+every7days	21	3	NCT02254291	ADULT,OLDER_ADULT	all	PHASE3	102.0	Semaglutide	-2.18	1.0	1+every7days	210	30	30.0	-2.1300000000000003	0
PMC9050719	https://pmc.ncbi.nlm.nih.gov/articles/PMC9050719	2020	-0.3	Semaglutide	25	nmol/kg	subcutaneous	db/db	Mice	male	6.0	genetic	35.0	56.0	1+every1days	21	21	NCT02254291	ADULT,OLDER_ADULT	all	PHASE3	102.0	Semaglutide	-2.18	1.0	1+every7days	210	30	30.0	-1.8800000000000001	0
PMC9050719	https://pmc.ncbi.nlm.nih.gov/articles/PMC9050719	2020	-1.3	Semaglutide	25	nmol/kg	subcutaneous	db/db	Mice	male	6.0	genetic	35.5	56.0	1+every1days	42	42	NCT02254291	ADULT,OLDER_ADULT	all	PHASE3	103.0	Semaglutide	-1.87	0.5	1+every7days	210	30	15.0	-0.5700000000000001	1
PMC9050719	https://pmc.ncbi.nlm.nih.gov/articles/PMC9050719	2020	-1.3	Semaglutide	25	nmol/kg	subcutaneous	db/db	Mice	male	6.0	genetic	35.5	56.0	1+every1days	42	42	NCT02254291	ADULT,OLDER_ADULT	all	PHASE3	102.0	Semaglutide	-2.18	1.0	1+every7days	210	30	30.0	-0.8800000000000001	1
PMC9796023	https://pmc.ncbi.nlm.nih.gov/articles/PMC9796023	2022	-2.7	Semaglutide	14	nmol/kg	subcutaneous	db/db	Mice	both	8.0	genetic	47.5	63.0	1+every2days	28	14	NCT02254291	ADULT,OLDER_ADULT	all	PHASE3	103.0	Semaglutide	-1.87	0.5	1+every7days	210	30	15.0	0.8300000000000001	1
PMC9796023	https://pmc.ncbi.nlm.nih.gov/articles/PMC9796023	2022	-2.7	Semaglutide	14	nmol/kg	subcutaneous	db/db	Mice	both	8.0	genetic	47.5	63.0	1+every2days	28	14	NCT02254291	ADULT,OLDER_ADULT	all	PHASE3	102.0	Semaglutide	-2.18	1.0	1+every7days	210	30	30.0	0.52	1
PMC8975272	https://pmc.ncbi.nlm.nih.gov/articles/PMC8975272	2022	-2.3	Semaglutide	15	nmol/kg	subcutaneous	db/db	Mice	both	8.0	genetic	45.0	70.0	1+every2days	28	14	NCT02254291	ADULT,OLDER_ADULT	all	PHASE3	103.0	Semaglutide	-1.87	0.5	1+every7days	210	30	15.0	0.4299999999999997	1
PMC8975272	https://pmc.ncbi.nlm.nih.gov/articles/PMC8975272	2022	-2.3	Semaglutide	15	nmol/kg	subcutaneous	db/db	Mice	both	8.0	genetic	45.0	70.0	1+every2days	28	14	NCT02254291	ADULT,OLDER_ADULT	all	PHASE3	102.0	Semaglutide	-2.18	1.0	1+every7days	210	30	30.0	0.11999999999999966	1
PMC8974032	https://pmc.ncbi.nlm.nih.gov/articles/PMC8974032	2022	-1	Semaglutide	90	nmol/kg	subcutaneous	db/db	Mice	male		genetic	40.0	49.0	1+every7days	56	8	NCT02305381	ADULT,OLDER_ADULT	all	PHASE3	132.0	Semaglutide	-1.45	0.5	1+every7days	210	30	15.0	-0.44999999999999996	1
PMC8974032	https://pmc.ncbi.nlm.nih.gov/articles/PMC8974032	2022	-1	Semaglutide	90	nmol/kg	subcutaneous	db/db	Mice	male		genetic	40.0	49.0	1+every7days	56	8	NCT02305381	ADULT,OLDER_ADULT	all	PHASE3	131.0	Semaglutide	-1.85	1.0	1+every7days	210	30	30.0	-0.8500000000000001	1
PMC9050719	https://pmc.ncbi.nlm.nih.gov/articles/PMC9050719	2020	-0.05	Semaglutide	25	nmol/kg	subcutaneous	db/db	Mice	male	6.0	genetic	35.0	56.0	1+every7days	21	3	NCT02305381	ADULT,OLDER_ADULT	all	PHASE3	132.0	Semaglutide	-1.45	0.5	1+every7days	210	30	15.0	-1.4	0
PMC9050719	https://pmc.ncbi.nlm.nih.gov/articles/PMC9050719	2020	-0.3	Semaglutide	25	nmol/kg	subcutaneous	db/db	Mice	male	6.0	genetic	35.0	56.0	1+every1days	21	21	NCT02305381	ADULT,OLDER_ADULT	all	PHASE3	132.0	Semaglutide	-1.45	0.5	1+every7days	210	30	15.0	-1.15	0
PMC9050719	https://pmc.ncbi.nlm.nih.gov/articles/PMC9050719	2020	-0.05	Semaglutide	25	nmol/kg	subcutaneous	db/db	Mice	male	6.0	genetic	35.0	56.0	1+every7days	21	3	NCT02305381	ADULT,OLDER_ADULT	all	PHASE3	131.0	Semaglutide	-1.85	1.0	1+every7days	210	30	30.0	-1.8	0
PMC9050719	https://pmc.ncbi.nlm.nih.gov/articles/PMC9050719	2020	-0.3	Semaglutide	25	nmol/kg	subcutaneous	db/db	Mice	male	6.0	genetic	35.0	56.0	1+every1days	21	21	NCT02305381	ADULT,OLDER_ADULT	all	PHASE3	131.0	Semaglutide	-1.85	1.0	1+every7days	210	30	30.0	-1.55	0
PMC9050719	https://pmc.ncbi.nlm.nih.gov/articles/PMC9050719	2020	-1.3	Semaglutide	25	nmol/kg	subcutaneous	db/db	Mice	male	6.0	genetic	35.5	56.0	1+every1days	42	42	NCT02305381	ADULT,OLDER_ADULT	all	PHASE3	132.0	Semaglutide	-1.45	0.5	1+every7days	210	30	15.0	-0.1499999999999999	1
PMC9050719	https://pmc.ncbi.nlm.nih.gov/articles/PMC9050719	2020	-1.3	Semaglutide	25	nmol/kg	subcutaneous	db/db	Mice	male	6.0	genetic	35.5	56.0	1+every1days	42	42	NCT02305381	ADULT,OLDER_ADULT	all	PHASE3	131.0	Semaglutide	-1.85	1.0	1+every7days	210	30	30.0	-0.55	1
PMC9796023	https://pmc.ncbi.nlm.nih.gov/articles/PMC9796023	2022	-2.7	Semaglutide	14	nmol/kg	subcutaneous	db/db	Mice	both	8.0	genetic	47.5	63.0	1+every2days	28	14	NCT02305381	ADULT,OLDER_ADULT	all	PHASE3	132.0	Semaglutide	-1.45	0.5	1+every7days	210	30	15.0	1.2500000000000002	0
PMC9796023	https://pmc.ncbi.nlm.nih.gov/articles/PMC9796023	2022	-2.7	Semaglutide	14	nmol/kg	subcutaneous	db/db	Mice	both	8.0	genetic	47.5	63.0	1+every2days	28	14	NCT02305381	ADULT,OLDER_ADULT	all	PHASE3	131.0	Semaglutide	-1.85	1.0	1+every7days	210	30	30.0	0.8500000000000001	1
PMC8975272	https://pmc.ncbi.nlm.nih.gov/articles/PMC8975272	2022	-2.3	Semaglutide	15	nmol/kg	subcutaneous	db/db	Mice	both	8.0	genetic	45.0	70.0	1+every2days	28	14	NCT02305381	ADULT,OLDER_ADULT	all	PHASE3	132.0	Semaglutide	-1.45	0.5	1+every7days	210	30	15.0	0.8499999999999999	1
PMC8975272	https://pmc.ncbi.nlm.nih.gov/articles/PMC8975272	2022	-2.3	Semaglutide	15	nmol/kg	subcutaneous	db/db	Mice	both	8.0	genetic	45.0	70.0	1+every2days	28	14	NCT02305381	ADULT,OLDER_ADULT	all	PHASE3	131.0	Semaglutide	-1.85	1.0	1+every7days	210	30	30.0	0.44999999999999973	1
PMC9143250	https://pmc.ncbi.nlm.nih.gov/articles/PMC9143250	2022	-8.5	Dapagliflozin	1	mg/kg	oral	Wistar	Rats	both	6.0	high-fat diet+streptozotocin	215.0		1+every1days	28	28	NCT02413398	ADULT,OLDER_ADULT	all	PHASE3	142.0	Dapagliflozin	-0.37	10.0	1+every1days	168	168	1680.0	8.13	0
PMC10308685	https://pmc.ncbi.nlm.nih.gov/articles/PMC10308685	2023	-5.4	Dapagliflozin	1	mg/kg	oral	Zucker Diabetic Fatty	Rats	male	8.0	genetic		112.0	1+every1days	84	84	NCT02413398	ADULT,OLDER_ADULT	all	PHASE3	142.0	Dapagliflozin	-0.37	10.0	1+every1days	168	168	1680.0	5.03	0
PMC4237538	https://pmc.ncbi.nlm.nih.gov/articles/PMC4237538	2013	-1.4	Dapagliflozin	1	mg/kg	oral	ob/ob	Mice	male		genetic	43.0	56.0	1+every1days	28	28	NCT02413398	ADULT,OLDER_ADULT	all	PHASE3	142.0	Dapagliflozin	-0.37	10.0	1+every1days	168	168	1680.0	1.0299999999999998	1
PMC6856656	https://pmc.ncbi.nlm.nih.gov/articles/PMC6856656	2019	-2.9	Dapagliflozin	1.0	mg/kg	oral	Zucker Diabetic Fatty	Rats	male	8.0	high-fat diet		84.0	1+every1days	63	63	NCT02413398	ADULT,OLDER_ADULT	all	PHASE3	142.0	Dapagliflozin	-0.37	10.0	1+every1days	168	168	1680.0	2.53	0
PMC5089752	https://pmc.ncbi.nlm.nih.gov/articles/PMC5089752	2016	-2.04	Dapagliflozin	1.0	mg/kg	oral	Otsuka Long-Evans Tokushima Fatty	Rats	male	10.0	genetic		98.0	1+every1days	84	84	NCT02413398	ADULT,OLDER_ADULT	all	PHASE3	142.0	Dapagliflozin	-0.37	10.0	1+every1days	168	168	1680.0	1.67	0
PMC8953658	https://pmc.ncbi.nlm.nih.gov/articles/PMC8953658	2022	-3	Dapagliflozin	1	mg/kg	oral gavage	Zucker Diabetic Fatty	Rats	male	7.0	genetic		98.0	1+every1days	28	28	NCT02413398	ADULT,OLDER_ADULT	all	PHASE3	142.0	Dapagliflozin	-0.37	10.0	1+every1days	168	168	1680.0	2.63	0
PMC5485244	https://pmc.ncbi.nlm.nih.gov/articles/PMC5485244	2017	-0.4	Metformin	500	mg/kg	oral	C57BL/6J	Mice	male	8.0	high-fat diet			1+every1days			NCT02435277	ADULT,OLDER_ADULT	all	PHASE2	10.0	Metformin	-0.83	850.0	2+every1days	84	168	142800.0	-0.42999999999999994	1
PMC8657924	https://pmc.ncbi.nlm.nih.gov/articles/PMC8657924	2021	-4	Metformin	225	mg/kg	oral	Kunming	Mice	male	8.0	high-fat diet+streptozotocin	20.0		1+every1days	28	28	NCT02435277	ADULT,OLDER_ADULT	all	PHASE2	10.0	Metformin	-0.83	850.0	2+every1days	84	168	142800.0	3.17	0
PMC3462199	https://pmc.ncbi.nlm.nih.gov/articles/PMC3462199	2012	-0.4	Metformin	400	mg/kg	intraperitoneal	db/db	Mice	male	10.0	genetic	47.5		1+every1days	14	14	NCT02435277	ADULT,OLDER_ADULT	all	PHASE2	10.0	Metformin	-0.83	850.0	2+every1days	84	168	142800.0	-0.42999999999999994	1
PMC3462199	https://pmc.ncbi.nlm.nih.gov/articles/PMC3462199	2012	-0.3	Metformin	400	mg/kg	intraperitoneal	db/db	Mice	male	12.0	genetic	47.5		1+every1days	14	14	NCT02435277	ADULT,OLDER_ADULT	all	PHASE2	10.0	Metformin	-0.83	850.0	2+every1days	84	168	142800.0	-0.53	1
PMC9313150	https://pmc.ncbi.nlm.nih.gov/articles/PMC9313150	2022	-2.1	Metformin	200	mg/kg	oral	Wistar	Rats	male		high-fat diet+streptozotocin	185.0		1+every1days	84	84	NCT02435277	ADULT,OLDER_ADULT	all	PHASE2	10.0	Metformin	-0.83	850.0	2+every1days	84	168	142800.0	1.27	0
PMC7092631	https://pmc.ncbi.nlm.nih.gov/articles/PMC7092631	2020	-0.82	Metformin	200	mg/kg	intragastric	Wistar	Rats	male	10.0	high-fat diet+streptozotocin	200.0		1+every1days	28	28	NCT02435277	ADULT,OLDER_ADULT	all	PHASE2	10.0	Metformin	-0.83	850.0	2+every1days	84	168	142800.0	-0.010000000000000009	1
PMC8800605	https://pmc.ncbi.nlm.nih.gov/articles/PMC8800605	2022	-0.21	Metformin	60	mg/kg	oral	Wistar	Rats	male	12.0	high-fat diet+streptozotocin	176.8		1+every1days	14	14	NCT02435277	ADULT,OLDER_ADULT	all	PHASE2	10.0	Metformin	-0.83	850.0	2+every1days	84	168	142800.0	-0.62	1
PMC4826921	https://pmc.ncbi.nlm.nih.gov/articles/PMC4826921	2016	-1.6	Metformin	200	mg/kg	oral	Wistar	Rats	male	20.0	high-fat diet	110.0		1+every1days	60	60	NCT02435277	ADULT,OLDER_ADULT	all	PHASE2	10.0	Metformin	-0.83	850.0	2+every1days	84	168	142800.0	0.7700000000000001	1
PMC7034448	https://pmc.ncbi.nlm.nih.gov/articles/PMC7034448	2020	-5.1	Metformin	500	mg/kg	oral	Wistar	Rats	male	6.0	high-fat diet+streptozotocin	190.0		1+every1days	30	30	NCT02435277	ADULT,OLDER_ADULT	all	PHASE2	10.0	Metformin	-0.83	850.0	2+every1days	84	168	142800.0	4.27	0
PMC4884299	https://pmc.ncbi.nlm.nih.gov/articles/PMC4884299	2016	-2.34	Metformin	150	mg/kg	oral	Wistar	Rats	male	6.0	streptozotocin+nicotinamide	280.0		1+every1days	42	42	NCT02435277	ADULT,OLDER_ADULT	all	PHASE2	10.0	Metformin	-0.83	850.0	2+every1days	84	168	142800.0	1.5099999999999998	0
PMC9953164	https://pmc.ncbi.nlm.nih.gov/articles/PMC9953164	2023	-2.5	Metformin	200	mg/kg		Wistar	Rats	male	8.0	high-fat diet+streptozotocin	185.0		1+every1days	84	84	NCT02435277	ADULT,OLDER_ADULT	all	PHASE2	10.0	Metformin	-0.83	850.0	2+every1days	84	168	142800.0	1.67	0
PMC9681650	https://pmc.ncbi.nlm.nih.gov/articles/PMC9681650	2022	-0.1	Metformin	60	mg/kg	oral	Wistar	Rats	male	12.0	high-fat diet+streptozotocin	176.8	120.0	1+every1days	14	14	NCT02435277	ADULT,OLDER_ADULT	all	PHASE2	10.0	Metformin	-0.83	850.0	2+every1days	84	168	142800.0	-0.73	1
PMC4423537	https://pmc.ncbi.nlm.nih.gov/articles/PMC4423537	2013	-1.6	Metformin	300	mg/kg	oral	Otsuka Long-Evans Tokushima Fatty	Rats	male	14.0	genetic		140.0	1+every1days	84	84	NCT02435277	ADULT,OLDER_ADULT	all	PHASE2	10.0	Metformin	-0.83	850.0	2+every1days	84	168	142800.0	0.7700000000000001	1
PMC9470898	https://pmc.ncbi.nlm.nih.gov/articles/PMC9470898	2022	-0.5	Metformin	0.1	% (w/w)	oral	NONcNZO10/LtJ	Mice	male	10.0	genetic		147.0		126		NCT02435277	ADULT,OLDER_ADULT	all	PHASE2	10.0	Metformin	-0.83	850.0	2+every1days	84	168	142800.0	-0.32999999999999996	1
PMC5840580	https://pmc.ncbi.nlm.nih.gov/articles/PMC5840580	2017	-1.5	Metformin	300	mg/kg	oral	Otsuka Long-Evans Tokushima Fatty	Rats	male	6.0	high-fat diet		168.0	1+every1days	84	84	NCT02435277	ADULT,OLDER_ADULT	all	PHASE2	10.0	Metformin	-0.83	850.0	2+every1days	84	168	142800.0	0.67	1
PMC3465985	https://pmc.ncbi.nlm.nih.gov/articles/PMC3465985	2012	-1.31	Metformin	350	mg/kg	oral	Spontaneously Diabetic Torii	Rats	male	10.0	genetic		175.0	1+every1days	119	119	NCT02435277	ADULT,OLDER_ADULT	all	PHASE2	10.0	Metformin	-0.83	850.0	2+every1days	84	168	142800.0	0.4800000000000001	1
PMC5319739	https://pmc.ncbi.nlm.nih.gov/articles/PMC5319739	2017	-4.2	Metformin	50	mg/kg	gastric intubation	Psammomys obesus	Gerbillinae	male	30.0	high-fat diet	100.0	240.0	1+every1days	84	84	NCT02435277	ADULT,OLDER_ADULT	all	PHASE2	10.0	Metformin	-0.83	850.0	2+every1days	84	168	142800.0	3.37	0
PMC9698742	https://pmc.ncbi.nlm.nih.gov/articles/PMC9698742	2022	-2.6	Metformin	200	mg/kg	oral	Wistar	Rats	male	5.0	streptozotocin	225.0	270.0	1+every1days	45	45	NCT02435277	ADULT,OLDER_ADULT	all	PHASE2	10.0	Metformin	-0.83	850.0	2+every1days	84	168	142800.0	1.77	0
PMC7727825	https://pmc.ncbi.nlm.nih.gov/articles/PMC7727825	2020	-3	Metformin	200	mg/kg	oral	C57BLKS/J-db/db	Mice	male	8.0	genetic		35.0	1+every1days	63	63	NCT02435277	ADULT,OLDER_ADULT	all	PHASE2	10.0	Metformin	-0.83	850.0	2+every1days	84	168	142800.0	2.17	0
PMC7598587	https://pmc.ncbi.nlm.nih.gov/articles/PMC7598587	2020	-1.85	Metformin	200	mg/kg	oral	C57BL/6N	Mice	male	8.0	high-fat diet+streptozotocin		38.5	1+every1days	28	28	NCT02435277	ADULT,OLDER_ADULT	all	PHASE2	10.0	Metformin	-0.83	850.0	2+every1days	84	168	142800.0	1.02	1
PMC4726511	https://pmc.ncbi.nlm.nih.gov/articles/PMC4726511	2016	-0.6	Metformin	10	mg/kg	oral	db/db	Mice		5.0	genetic		42.0	1+every1days	28	28	NCT02435277	ADULT,OLDER_ADULT	all	PHASE2	10.0	Metformin	-0.83	850.0	2+every1days	84	168	142800.0	-0.22999999999999998	1
PMC5485244	https://pmc.ncbi.nlm.nih.gov/articles/PMC5485244	2017	-0.4	Metformin	500	mg/kg	oral	C57BL/6J	Mice	male	16.0	high-fat diet		42.0	1+every1days	84	84	NCT02435277	ADULT,OLDER_ADULT	all	PHASE2	10.0	Metformin	-0.83	850.0	2+every1days	84	168	142800.0	-0.42999999999999994	1
PMC6273299	https://pmc.ncbi.nlm.nih.gov/articles/PMC6273299	2016	-1.3	Metformin	200	mg/kg		Zucker Diabetic Fatty	Rats	male	6.0	high-fat diet		42.0	1+every1days	84	84	NCT02435277	ADULT,OLDER_ADULT	all	PHASE2	10.0	Metformin	-0.83	850.0	2+every1days	84	168	142800.0	0.4700000000000001	1
PMC3327803	https://pmc.ncbi.nlm.nih.gov/articles/PMC3327803	2012	0.3	Metformin	200	mg/kg	intraperitoneal	db/db	Mice	male	11.0	genetic		49.0	1+every1days	126	126	NCT02435277	ADULT,OLDER_ADULT	all	PHASE2	10.0	Metformin	-0.83	850.0	2+every1days	84	168	142800.0	-1.13	0
PMC3907559	https://pmc.ncbi.nlm.nih.gov/articles/PMC3907559	2014	-3	Metformin	200	mg/kg	oral	Zucker Diabetic Fatty	Rats	male	10.0	genetic		49.0	2+every1days	32	64	NCT02435277	ADULT,OLDER_ADULT	all	PHASE2	10.0	Metformin	-0.83	850.0	2+every1days	84	168	142800.0	2.17	0
PMC7381706	https://pmc.ncbi.nlm.nih.gov/articles/PMC7381706	2020	-0.1	Metformin	250	mg/kg	oral	ob/ob	Mice	male	8.0	genetic		52.5	1+every1days	26	26	NCT02435277	ADULT,OLDER_ADULT	all	PHASE2	10.0	Metformin	-0.83	850.0	2+every1days	84	168	142800.0	-0.73	1
PMC10203393	https://pmc.ncbi.nlm.nih.gov/articles/PMC10203393	2023	-5.5	Metformin	0.2	g/kg	oral	Sprague-Dawley	Rats	male	8.0	high-fat diet+streptozotocin	150.0	52.5	1+every1days	70	70	NCT02435277	ADULT,OLDER_ADULT	all	PHASE2	10.0	Metformin	-0.83	850.0	2+every1days	84	168	142800.0	4.67	0
PMC10323656	https://pmc.ncbi.nlm.nih.gov/articles/PMC10323656	2023	-1.1	Metformin	200	mg/kg	oral gavage	C57BL/6	Mice	male	12.0	high-fat diet+streptozotocin	24.0	56.0	1+every1days	28	28	NCT02435277	ADULT,OLDER_ADULT	all	PHASE2	10.0	Metformin	-0.83	850.0	2+every1days	84	168	142800.0	0.27000000000000013	1
PMC3855476	https://pmc.ncbi.nlm.nih.gov/articles/PMC3855476	2014	-0.7	Metformin	300	mg/kg	oral	db/db	Mice	male	10.0	genetic	44.0	56.0	1+every1days	14	14	NCT02435277	ADULT,OLDER_ADULT	all	PHASE2	10.0	Metformin	-0.83	850.0	2+every1days	84	168	142800.0	-0.13	1
PMC5881648	https://pmc.ncbi.nlm.nih.gov/articles/PMC5881648	2018	-3.3	Metformin	200	mg/kg	gavage	Sprague-Dawley	Rats	male	10.0	streptozotocin	200.0	56.0	1+every1days	77	77	NCT02435277	ADULT,OLDER_ADULT	all	PHASE2	10.0	Metformin	-0.83	850.0	2+every1days	84	168	142800.0	2.4699999999999998	0
PMC4444588	https://pmc.ncbi.nlm.nih.gov/articles/PMC4444588	2015	-4	Metformin	500	mg/kg	intragastric	Sprague-Dawley	Rats	male	7.0	high-fat diet+streptozotocin	190.0	60.0	1+every1days	56	56	NCT02435277	ADULT,OLDER_ADULT	all	PHASE2	10.0	Metformin	-0.83	850.0	2+every1days	84	168	142800.0	3.17	0
PMC4444588	https://pmc.ncbi.nlm.nih.gov/articles/PMC4444588	2015	-1	Metformin	150	mg/kg	intragastric	Sprague-Dawley	Rats	male	8.0	high-fat diet+streptozotocin	190.0	60.0	1+every1days	56	56	NCT02435277	ADULT,OLDER_ADULT	all	PHASE2	10.0	Metformin	-0.83	850.0	2+every1days	84	168	142800.0	0.17000000000000004	1
PMC4444588	https://pmc.ncbi.nlm.nih.gov/articles/PMC4444588	2015	-2	Metformin	300	mg/kg	intragastric	Sprague-Dawley	Rats	male	8.0	high-fat diet+streptozotocin	190.0	60.0	1+every1days	56	56	NCT02435277	ADULT,OLDER_ADULT	all	PHASE2	10.0	Metformin	-0.83	850.0	2+every1days	84	168	142800.0	1.17	0
PMC4097088	https://pmc.ncbi.nlm.nih.gov/articles/PMC4097088	2014	-0.6	Metformin	300	mg/kg	oral	C57BL/6	Mice		8.0	high-fat diet		70.0	1+every1days	14	14	NCT02435277	ADULT,OLDER_ADULT	all	PHASE2	10.0	Metformin	-0.83	850.0	2+every1days	84	168	142800.0	-0.22999999999999998	1
PMC9457892	https://pmc.ncbi.nlm.nih.gov/articles/PMC9457892	2022	-4.3	Metformin	150	mg/kg	oral	C57BL/6	Mice	male	8.0	streptozotocin	27.5	70.0	1+every1days	42	42	NCT02435277	ADULT,OLDER_ADULT	all	PHASE2	10.0	Metformin	-0.83	850.0	2+every1days	84	168	142800.0	3.4699999999999998	0
PMC8745465	https://pmc.ncbi.nlm.nih.gov/articles/PMC8745465	2021	-1.51	Metformin	120	mg/kg	oral	Wistar	Rats	male	30.0	high-fat diet+streptozotocin	170.0	70.0	1+every1days	35	35	NCT02435277	ADULT,OLDER_ADULT	all	PHASE2	10.0	Metformin	-0.83	850.0	2+every1days	84	168	142800.0	0.68	1
PMC9374709	https://pmc.ncbi.nlm.nih.gov/articles/PMC9374709	2022	-1.34	Liraglutide	0.4	mg/kg	subcutaneous	C57BL/6NRj	Mice	male	23.0	high-fat diet	35.0	112.0	1+every1days	28	28	NCT02461589	ADULT,OLDER_ADULT	all	PHASE2	64.0	Liraglutide	-0.5	0.3	1+every1days	182	182	54.6	0.8400000000000001	1
PMC9374709	https://pmc.ncbi.nlm.nih.gov/articles/PMC9374709	2022	-1.34	Liraglutide	0.4	mg/kg	subcutaneous	C57BL/6NRj	Mice	male	23.0	high-fat diet	35.0	112.0	1+every1days	28	28	NCT02461589	ADULT,OLDER_ADULT	all	PHASE2	64.0	Liraglutide	-0.86	1.2	1+every1days	182	182	218.4	0.4800000000000001	1
PMC9374709	https://pmc.ncbi.nlm.nih.gov/articles/PMC9374709	2022	-1.34	Liraglutide	0.4	mg/kg	subcutaneous	C57BL/6NRj	Mice	male	23.0	high-fat diet	35.0	112.0	1+every1days	28	28	NCT02461589	ADULT,OLDER_ADULT	all	PHASE2	64.0	Liraglutide	-0.88	0.6	1+every1days	182	182	109.2	0.4600000000000001	1
PMC9374709	https://pmc.ncbi.nlm.nih.gov/articles/PMC9374709	2022	-1.34	Liraglutide	0.4	mg/kg	subcutaneous	C57BL/6NRj	Mice	male	23.0	high-fat diet	35.0	112.0	1+every1days	28	28	NCT02461589	ADULT,OLDER_ADULT	all	PHASE2	65.0	Liraglutide	-1.32	1.8	1+every1days	182	182	327.6	0.020000000000000018	1
PMC9374709	https://pmc.ncbi.nlm.nih.gov/articles/PMC9374709	2022	-11.69	Liraglutide	0.4	mg/kg	subcutaneous	C57BL/6NTac	Mice	male	16.0	high-fat diet	35.0	112.0	1+every1days	28	28	NCT02461589	ADULT,OLDER_ADULT	all	PHASE2	64.0	Liraglutide	-0.5	0.3	1+every1days	182	182	54.6	11.19	0
PMC9374709	https://pmc.ncbi.nlm.nih.gov/articles/PMC9374709	2022	-11.69	Liraglutide	0.4	mg/kg	subcutaneous	C57BL/6NTac	Mice	male	16.0	high-fat diet	35.0	112.0	1+every1days	28	28	NCT02461589	ADULT,OLDER_ADULT	all	PHASE2	64.0	Liraglutide	-0.86	1.2	1+every1days	182	182	218.4	10.83	0
PMC9374709	https://pmc.ncbi.nlm.nih.gov/articles/PMC9374709	2022	-11.69	Liraglutide	0.4	mg/kg	subcutaneous	C57BL/6NTac	Mice	male	16.0	high-fat diet	35.0	112.0	1+every1days	28	28	NCT02461589	ADULT,OLDER_ADULT	all	PHASE2	64.0	Liraglutide	-0.88	0.6	1+every1days	182	182	109.2	10.809999999999999	0
PMC9374709	https://pmc.ncbi.nlm.nih.gov/articles/PMC9374709	2022	-11.69	Liraglutide	0.4	mg/kg	subcutaneous	C57BL/6NTac	Mice	male	16.0	high-fat diet	35.0	112.0	1+every1days	28	28	NCT02461589	ADULT,OLDER_ADULT	all	PHASE2	65.0	Liraglutide	-1.32	1.8	1+every1days	182	182	327.6	10.37	0
PMC6412877	https://pmc.ncbi.nlm.nih.gov/articles/PMC6412877	2019	-0.5	Liraglutide	25	nmol/kg	subcutaneous		Mice	male		high-fat diet		49.0	1+every1days	28	28	NCT02461589	ADULT,OLDER_ADULT	all	PHASE2	64.0	Liraglutide	-0.5	0.3	1+every1days	182	182	54.6	0.0	1
PMC6412877	https://pmc.ncbi.nlm.nih.gov/articles/PMC6412877	2019	-0.5	Liraglutide	25	nmol/kg	subcutaneous		Mice	male		high-fat diet		49.0	1+every1days	28	28	NCT02461589	ADULT,OLDER_ADULT	all	PHASE2	64.0	Liraglutide	-0.86	1.2	1+every1days	182	182	218.4	-0.36	1
PMC6412877	https://pmc.ncbi.nlm.nih.gov/articles/PMC6412877	2019	-0.5	Liraglutide	25	nmol/kg	subcutaneous		Mice	male		high-fat diet		49.0	1+every1days	28	28	NCT02461589	ADULT,OLDER_ADULT	all	PHASE2	64.0	Liraglutide	-0.88	0.6	1+every1days	182	182	109.2	-0.38	1
PMC6412877	https://pmc.ncbi.nlm.nih.gov/articles/PMC6412877	2019	-0.5	Liraglutide	25	nmol/kg	subcutaneous		Mice	male		high-fat diet		49.0	1+every1days	28	28	NCT02461589	ADULT,OLDER_ADULT	all	PHASE2	65.0	Liraglutide	-1.32	1.8	1+every1days	182	182	327.6	-0.8200000000000001	1
PMC8974032	https://pmc.ncbi.nlm.nih.gov/articles/PMC8974032	2022	-1	Semaglutide	90	nmol/kg	subcutaneous	db/db	Mice	male		genetic	40.0	49.0	1+every7days	56	8	NCT02461589	ADULT,OLDER_ADULT	all	PHASE2	64.0	Semaglutide	-0.97	0.05	1+every1days	182	182	9.1	0.030000000000000027	1
PMC8974032	https://pmc.ncbi.nlm.nih.gov/articles/PMC8974032	2022	-1	Semaglutide	90	nmol/kg	subcutaneous	db/db	Mice	male		genetic	40.0	49.0	1+every7days	56	8	NCT02461589	ADULT,OLDER_ADULT	all	PHASE2	63.0	Semaglutide	-1.3	0.1	1+every1days	182	182	18.2	-0.30000000000000004	1
PMC8974032	https://pmc.ncbi.nlm.nih.gov/articles/PMC8974032	2022	-1	Semaglutide	90	nmol/kg	subcutaneous	db/db	Mice	male		genetic	40.0	49.0	1+every7days	56	8	NCT02461589	ADULT,OLDER_ADULT	all	PHASE2	65.0	Semaglutide	-1.65	0.2	1+every1days	182	182	36.4	-0.6499999999999999	1
PMC8974032	https://pmc.ncbi.nlm.nih.gov/articles/PMC8974032	2022	-1	Semaglutide	90	nmol/kg	subcutaneous	db/db	Mice	male		genetic	40.0	49.0	1+every7days	56	8	NCT02461589	ADULT,OLDER_ADULT	all	PHASE2	63.0	Semaglutide	-1.96	0.3	1+every1days	182	182	54.6	-0.96	1
PMC9072222	https://pmc.ncbi.nlm.nih.gov/articles/PMC9072222	2019	-1.4	Liraglutide	0.1	mg/kg	subcutaneous	db/db	Mice	male	40.0	genetic		49.0	1+every1days	56	56	NCT02461589	ADULT,OLDER_ADULT	all	PHASE2	64.0	Liraglutide	-0.5	0.3	1+every1days	182	182	54.6	0.8999999999999999	1
PMC9072222	https://pmc.ncbi.nlm.nih.gov/articles/PMC9072222	2019	-1.4	Liraglutide	0.1	mg/kg	subcutaneous	db/db	Mice	male	40.0	genetic		49.0	1+every1days	56	56	NCT02461589	ADULT,OLDER_ADULT	all	PHASE2	64.0	Liraglutide	-0.86	1.2	1+every1days	182	182	218.4	0.5399999999999999	1
PMC9072222	https://pmc.ncbi.nlm.nih.gov/articles/PMC9072222	2019	-1.4	Liraglutide	0.1	mg/kg	subcutaneous	db/db	Mice	male	40.0	genetic		49.0	1+every1days	56	56	NCT02461589	ADULT,OLDER_ADULT	all	PHASE2	64.0	Liraglutide	-0.88	0.6	1+every1days	182	182	109.2	0.5199999999999999	1
PMC9072222	https://pmc.ncbi.nlm.nih.gov/articles/PMC9072222	2019	-1.4	Liraglutide	0.1	mg/kg	subcutaneous	db/db	Mice	male	40.0	genetic		49.0	1+every1days	56	56	NCT02461589	ADULT,OLDER_ADULT	all	PHASE2	65.0	Liraglutide	-1.32	1.8	1+every1days	182	182	327.6	0.07999999999999985	1
PMC9050719	https://pmc.ncbi.nlm.nih.gov/articles/PMC9050719	2020	-0.05	Semaglutide	25	nmol/kg	subcutaneous	db/db	Mice	male	6.0	genetic	35.0	56.0	1+every7days	21	3	NCT02461589	ADULT,OLDER_ADULT	all	PHASE2	64.0	Semaglutide	-0.97	0.05	1+every1days	182	182	9.1	-0.9199999999999999	1
PMC9050719	https://pmc.ncbi.nlm.nih.gov/articles/PMC9050719	2020	-0.3	Semaglutide	25	nmol/kg	subcutaneous	db/db	Mice	male	6.0	genetic	35.0	56.0	1+every1days	21	21	NCT02461589	ADULT,OLDER_ADULT	all	PHASE2	64.0	Semaglutide	-0.97	0.05	1+every1days	182	182	9.1	-0.6699999999999999	1
PMC9050719	https://pmc.ncbi.nlm.nih.gov/articles/PMC9050719	2020	-0.05	Semaglutide	25	nmol/kg	subcutaneous	db/db	Mice	male	6.0	genetic	35.0	56.0	1+every7days	21	3	NCT02461589	ADULT,OLDER_ADULT	all	PHASE2	63.0	Semaglutide	-1.3	0.1	1+every1days	182	182	18.2	-1.25	0
PMC9050719	https://pmc.ncbi.nlm.nih.gov/articles/PMC9050719	2020	-0.3	Semaglutide	25	nmol/kg	subcutaneous	db/db	Mice	male	6.0	genetic	35.0	56.0	1+every1days	21	21	NCT02461589	ADULT,OLDER_ADULT	all	PHASE2	63.0	Semaglutide	-1.3	0.1	1+every1days	182	182	18.2	-1.0	1
PMC9050719	https://pmc.ncbi.nlm.nih.gov/articles/PMC9050719	2020	-0.05	Semaglutide	25	nmol/kg	subcutaneous	db/db	Mice	male	6.0	genetic	35.0	56.0	1+every7days	21	3	NCT02461589	ADULT,OLDER_ADULT	all	PHASE2	65.0	Semaglutide	-1.65	0.2	1+every1days	182	182	36.4	-1.5999999999999999	0
PMC9050719	https://pmc.ncbi.nlm.nih.gov/articles/PMC9050719	2020	-0.3	Semaglutide	25	nmol/kg	subcutaneous	db/db	Mice	male	6.0	genetic	35.0	56.0	1+every1days	21	21	NCT02461589	ADULT,OLDER_ADULT	all	PHASE2	65.0	Semaglutide	-1.65	0.2	1+every1days	182	182	36.4	-1.3499999999999999	0
PMC9050719	https://pmc.ncbi.nlm.nih.gov/articles/PMC9050719	2020	-0.05	Semaglutide	25	nmol/kg	subcutaneous	db/db	Mice	male	6.0	genetic	35.0	56.0	1+every7days	21	3	NCT02461589	ADULT,OLDER_ADULT	all	PHASE2	63.0	Semaglutide	-1.96	0.3	1+every1days	182	182	54.6	-1.91	0
PMC9050719	https://pmc.ncbi.nlm.nih.gov/articles/PMC9050719	2020	-0.3	Semaglutide	25	nmol/kg	subcutaneous	db/db	Mice	male	6.0	genetic	35.0	56.0	1+every1days	21	21	NCT02461589	ADULT,OLDER_ADULT	all	PHASE2	63.0	Semaglutide	-1.96	0.3	1+every1days	182	182	54.6	-1.66	0
PMC9050719	https://pmc.ncbi.nlm.nih.gov/articles/PMC9050719	2020	-1.3	Semaglutide	25	nmol/kg	subcutaneous	db/db	Mice	male	6.0	genetic	35.5	56.0	1+every1days	42	42	NCT02461589	ADULT,OLDER_ADULT	all	PHASE2	64.0	Semaglutide	-0.97	0.05	1+every1days	182	182	9.1	0.33000000000000007	1
PMC9050719	https://pmc.ncbi.nlm.nih.gov/articles/PMC9050719	2020	-1.3	Semaglutide	25	nmol/kg	subcutaneous	db/db	Mice	male	6.0	genetic	35.5	56.0	1+every1days	42	42	NCT02461589	ADULT,OLDER_ADULT	all	PHASE2	63.0	Semaglutide	-1.3	0.1	1+every1days	182	182	18.2	0.0	1
PMC9050719	https://pmc.ncbi.nlm.nih.gov/articles/PMC9050719	2020	-1.3	Semaglutide	25	nmol/kg	subcutaneous	db/db	Mice	male	6.0	genetic	35.5	56.0	1+every1days	42	42	NCT02461589	ADULT,OLDER_ADULT	all	PHASE2	65.0	Semaglutide	-1.65	0.2	1+every1days	182	182	36.4	-0.34999999999999987	1
PMC9050719	https://pmc.ncbi.nlm.nih.gov/articles/PMC9050719	2020	-1.3	Semaglutide	25	nmol/kg	subcutaneous	db/db	Mice	male	6.0	genetic	35.5	56.0	1+every1days	42	42	NCT02461589	ADULT,OLDER_ADULT	all	PHASE2	63.0	Semaglutide	-1.96	0.3	1+every1days	182	182	54.6	-0.6599999999999999	1
PMC9796023	https://pmc.ncbi.nlm.nih.gov/articles/PMC9796023	2022	-2.7	Semaglutide	14	nmol/kg	subcutaneous	db/db	Mice	both	8.0	genetic	47.5	63.0	1+every2days	28	14	NCT02461589	ADULT,OLDER_ADULT	all	PHASE2	64.0	Semaglutide	-0.97	0.05	1+every1days	182	182	9.1	1.7300000000000002	0
PMC9796023	https://pmc.ncbi.nlm.nih.gov/articles/PMC9796023	2022	-2.7	Semaglutide	14	nmol/kg	subcutaneous	db/db	Mice	both	8.0	genetic	47.5	63.0	1+every2days	28	14	NCT02461589	ADULT,OLDER_ADULT	all	PHASE2	63.0	Semaglutide	-1.3	0.1	1+every1days	182	182	18.2	1.4000000000000001	0
PMC9796023	https://pmc.ncbi.nlm.nih.gov/articles/PMC9796023	2022	-2.7	Semaglutide	14	nmol/kg	subcutaneous	db/db	Mice	both	8.0	genetic	47.5	63.0	1+every2days	28	14	NCT02461589	ADULT,OLDER_ADULT	all	PHASE2	65.0	Semaglutide	-1.65	0.2	1+every1days	182	182	36.4	1.0500000000000003	0
PMC9796023	https://pmc.ncbi.nlm.nih.gov/articles/PMC9796023	2022	-2.7	Semaglutide	14	nmol/kg	subcutaneous	db/db	Mice	both	8.0	genetic	47.5	63.0	1+every2days	28	14	NCT02461589	ADULT,OLDER_ADULT	all	PHASE2	63.0	Semaglutide	-1.96	0.3	1+every1days	182	182	54.6	0.7400000000000002	1
PMC8975272	https://pmc.ncbi.nlm.nih.gov/articles/PMC8975272	2022	-2.3	Semaglutide	15	nmol/kg	subcutaneous	db/db	Mice	both	8.0	genetic	45.0	70.0	1+every2days	28	14	NCT02461589	ADULT,OLDER_ADULT	all	PHASE2	64.0	Semaglutide	-0.97	0.05	1+every1days	182	182	9.1	1.3299999999999998	0
PMC8975272	https://pmc.ncbi.nlm.nih.gov/articles/PMC8975272	2022	-2.3	Semaglutide	15	nmol/kg	subcutaneous	db/db	Mice	both	8.0	genetic	45.0	70.0	1+every2days	28	14	NCT02461589	ADULT,OLDER_ADULT	all	PHASE2	63.0	Semaglutide	-1.3	0.1	1+every1days	182	182	18.2	0.9999999999999998	1
PMC8975272	https://pmc.ncbi.nlm.nih.gov/articles/PMC8975272	2022	-2.3	Semaglutide	15	nmol/kg	subcutaneous	db/db	Mice	both	8.0	genetic	45.0	70.0	1+every2days	28	14	NCT02461589	ADULT,OLDER_ADULT	all	PHASE2	65.0	Semaglutide	-1.65	0.2	1+every1days	182	182	36.4	0.6499999999999999	1
PMC8975272	https://pmc.ncbi.nlm.nih.gov/articles/PMC8975272	2022	-2.3	Semaglutide	15	nmol/kg	subcutaneous	db/db	Mice	both	8.0	genetic	45.0	70.0	1+every2days	28	14	NCT02461589	ADULT,OLDER_ADULT	all	PHASE2	63.0	Semaglutide	-1.96	0.3	1+every1days	182	182	54.6	0.33999999999999986	1
PMC9112483	https://pmc.ncbi.nlm.nih.gov/articles/PMC9112483	2022	-1.4	Liraglutide	200	μg/kg	subcutaneous	Zucker Diabetic Fatty	Rats	male	7.0	genetic		77.0	2+every1days	140	280	NCT02461589	ADULT,OLDER_ADULT	all	PHASE2	64.0	Liraglutide	-0.5	0.3	1+every1days	182	182	54.6	0.8999999999999999	1
PMC9112483	https://pmc.ncbi.nlm.nih.gov/articles/PMC9112483	2022	-1.4	Liraglutide	200	μg/kg	subcutaneous	Zucker Diabetic Fatty	Rats	male	7.0	genetic		77.0	2+every1days	140	280	NCT02461589	ADULT,OLDER_ADULT	all	PHASE2	64.0	Liraglutide	-0.86	1.2	1+every1days	182	182	218.4	0.5399999999999999	1
PMC9112483	https://pmc.ncbi.nlm.nih.gov/articles/PMC9112483	2022	-1.4	Liraglutide	200	μg/kg	subcutaneous	Zucker Diabetic Fatty	Rats	male	7.0	genetic		77.0	2+every1days	140	280	NCT02461589	ADULT,OLDER_ADULT	all	PHASE2	64.0	Liraglutide	-0.88	0.6	1+every1days	182	182	109.2	0.5199999999999999	1
PMC9112483	https://pmc.ncbi.nlm.nih.gov/articles/PMC9112483	2022	-1.4	Liraglutide	200	μg/kg	subcutaneous	Zucker Diabetic Fatty	Rats	male	7.0	genetic		77.0	2+every1days	140	280	NCT02461589	ADULT,OLDER_ADULT	all	PHASE2	65.0	Liraglutide	-1.32	1.8	1+every1days	182	182	327.6	0.07999999999999985	1
PMC9143250	https://pmc.ncbi.nlm.nih.gov/articles/PMC9143250	2022	-8.5	Dapagliflozin	1	mg/kg	oral	Wistar	Rats	both	6.0	high-fat diet+streptozotocin	215.0		1+every1days	28	28	NCT02471404	ADULT,OLDER_ADULT	all	PHASE4	311.0	Dapagliflozin	-0.82	10.0		364			7.68	0
PMC10308685	https://pmc.ncbi.nlm.nih.gov/articles/PMC10308685	2023	-5.4	Dapagliflozin	1	mg/kg	oral	Zucker Diabetic Fatty	Rats	male	8.0	genetic		112.0	1+every1days	84	84	NCT02471404	ADULT,OLDER_ADULT	all	PHASE4	311.0	Dapagliflozin	-0.82	10.0		364			4.58	0
PMC6701666	https://pmc.ncbi.nlm.nih.gov/articles/PMC6701666	2019	0	Glimepiride	2	mg/kg	oral	db/db	Mice	female	12.0	genetic		38.5	1+every1days	42	42	NCT02471404	ADULT,OLDER_ADULT	all	PHASE4	309.0	Glimepiride	-0.99	2.5		364			-0.99	1
PMC6273299	https://pmc.ncbi.nlm.nih.gov/articles/PMC6273299	2016	-0.3	Glimepiride	5	mg/kg		Zucker Diabetic Fatty	Rats	male	6.0	high-fat diet		42.0	1+every1days	84	84	NCT02471404	ADULT,OLDER_ADULT	all	PHASE4	309.0	Glimepiride	-0.99	2.5		364			-0.69	1
PMC3610345	https://pmc.ncbi.nlm.nih.gov/articles/PMC3610345	2013	-1	Glimepiride	2.5	mg/kg	oral	db/db	Mice	male		genetic		49.0	1+every1days	42	42	NCT02471404	ADULT,OLDER_ADULT	all	PHASE4	309.0	Glimepiride	-0.99	2.5		364			0.010000000000000009	1
PMC4237538	https://pmc.ncbi.nlm.nih.gov/articles/PMC4237538	2013	-1.4	Dapagliflozin	1	mg/kg	oral	ob/ob	Mice	male		genetic	43.0	56.0	1+every1days	28	28	NCT02471404	ADULT,OLDER_ADULT	all	PHASE4	311.0	Dapagliflozin	-0.82	10.0		364			0.58	1
PMC6856656	https://pmc.ncbi.nlm.nih.gov/articles/PMC6856656	2019	-2.9	Dapagliflozin	1.0	mg/kg	oral	Zucker Diabetic Fatty	Rats	male	8.0	high-fat diet		84.0	1+every1days	63	63	NCT02471404	ADULT,OLDER_ADULT	all	PHASE4	311.0	Dapagliflozin	-0.82	10.0		364			2.08	0
PMC5089752	https://pmc.ncbi.nlm.nih.gov/articles/PMC5089752	2016	-2.04	Dapagliflozin	1.0	mg/kg	oral	Otsuka Long-Evans Tokushima Fatty	Rats	male	10.0	genetic		98.0	1+every1days	84	84	NCT02471404	ADULT,OLDER_ADULT	all	PHASE4	311.0	Dapagliflozin	-0.82	10.0		364			1.2200000000000002	0
PMC8953658	https://pmc.ncbi.nlm.nih.gov/articles/PMC8953658	2022	-3	Dapagliflozin	1	mg/kg	oral gavage	Zucker Diabetic Fatty	Rats	male	7.0	genetic		98.0	1+every1days	28	28	NCT02471404	ADULT,OLDER_ADULT	all	PHASE4	311.0	Dapagliflozin	-0.82	10.0		364			2.18	0
PMC9374709	https://pmc.ncbi.nlm.nih.gov/articles/PMC9374709	2022	-1.34	Liraglutide	0.4	mg/kg	subcutaneous	C57BL/6NRj	Mice	male	23.0	high-fat diet	35.0	112.0	1+every1days	28	28	NCT02505334	ADULT,OLDER_ADULT	all	PHASE3	233.0	Liraglutide	-0.09	1.8	1+every1days	364	364	655.2	1.25	0
PMC9374709	https://pmc.ncbi.nlm.nih.gov/articles/PMC9374709	2022	-1.34	Liraglutide	0.4	mg/kg	subcutaneous	C57BL/6NRj	Mice	male	23.0	high-fat diet	35.0	112.0	1+every1days	28	28	NCT02505334	ADULT,OLDER_ADULT	all	PHASE3	233.0	Liraglutide	0.17	0.9	1+every1days	182	182	163.8	1.51	0
PMC9374709	https://pmc.ncbi.nlm.nih.gov/articles/PMC9374709	2022	-11.69	Liraglutide	0.4	mg/kg	subcutaneous	C57BL/6NTac	Mice	male	16.0	high-fat diet	35.0	112.0	1+every1days	28	28	NCT02505334	ADULT,OLDER_ADULT	all	PHASE3	233.0	Liraglutide	-0.09	1.8	1+every1days	364	364	655.2	11.6	0
PMC9374709	https://pmc.ncbi.nlm.nih.gov/articles/PMC9374709	2022	-11.69	Liraglutide	0.4	mg/kg	subcutaneous	C57BL/6NTac	Mice	male	16.0	high-fat diet	35.0	112.0	1+every1days	28	28	NCT02505334	ADULT,OLDER_ADULT	all	PHASE3	233.0	Liraglutide	0.17	0.9	1+every1days	182	182	163.8	11.86	0
PMC6412877	https://pmc.ncbi.nlm.nih.gov/articles/PMC6412877	2019	-0.5	Liraglutide	25	nmol/kg	subcutaneous		Mice	male		high-fat diet		49.0	1+every1days	28	28	NCT02505334	ADULT,OLDER_ADULT	all	PHASE3	233.0	Liraglutide	-0.09	1.8	1+every1days	364	364	655.2	0.41000000000000003	1
PMC6412877	https://pmc.ncbi.nlm.nih.gov/articles/PMC6412877	2019	-0.5	Liraglutide	25	nmol/kg	subcutaneous		Mice	male		high-fat diet		49.0	1+every1days	28	28	NCT02505334	ADULT,OLDER_ADULT	all	PHASE3	233.0	Liraglutide	0.17	0.9	1+every1days	182	182	163.8	0.67	1
PMC9072222	https://pmc.ncbi.nlm.nih.gov/articles/PMC9072222	2019	-1.4	Liraglutide	0.1	mg/kg	subcutaneous	db/db	Mice	male	40.0	genetic		49.0	1+every1days	56	56	NCT02505334	ADULT,OLDER_ADULT	all	PHASE3	233.0	Liraglutide	-0.09	1.8	1+every1days	364	364	655.2	1.3099999999999998	0
PMC9072222	https://pmc.ncbi.nlm.nih.gov/articles/PMC9072222	2019	-1.4	Liraglutide	0.1	mg/kg	subcutaneous	db/db	Mice	male	40.0	genetic		49.0	1+every1days	56	56	NCT02505334	ADULT,OLDER_ADULT	all	PHASE3	233.0	Liraglutide	0.17	0.9	1+every1days	182	182	163.8	1.5699999999999998	0
PMC9112483	https://pmc.ncbi.nlm.nih.gov/articles/PMC9112483	2022	-1.4	Liraglutide	200	μg/kg	subcutaneous	Zucker Diabetic Fatty	Rats	male	7.0	genetic		77.0	2+every1days	140	280	NCT02505334	ADULT,OLDER_ADULT	all	PHASE3	233.0	Liraglutide	-0.09	1.8	1+every1days	364	364	655.2	1.3099999999999998	0
PMC9112483	https://pmc.ncbi.nlm.nih.gov/articles/PMC9112483	2022	-1.4	Liraglutide	200	μg/kg	subcutaneous	Zucker Diabetic Fatty	Rats	male	7.0	genetic		77.0	2+every1days	140	280	NCT02505334	ADULT,OLDER_ADULT	all	PHASE3	233.0	Liraglutide	0.17	0.9	1+every1days	182	182	163.8	1.5699999999999998	0
PMC7092631	https://pmc.ncbi.nlm.nih.gov/articles/PMC7092631	2020	-0.18	Empagliflozin	10	mg/kg	intragastric	Wistar	Rats	male	10.0	high-fat diet+streptozotocin	200.0		1+every1days	28	28	NCT02589626	ADULT,OLDER_ADULT	all	PHASE4	32.0	Empagliflozin	-0.55	10.0	1+every1days	364	364	3640.0	-0.37000000000000005	1
PMC7092631	https://pmc.ncbi.nlm.nih.gov/articles/PMC7092631	2020	-0.18	Empagliflozin	10	mg/kg	intragastric	Wistar	Rats	male	10.0	high-fat diet+streptozotocin	200.0		1+every1days	28	28	NCT02589626	ADULT,OLDER_ADULT	all	PHASE4	33.0	Empagliflozin	-0.77	25.0	1+every1days	364	364	9100.0	-0.5900000000000001	1
PMC5491464	https://pmc.ncbi.nlm.nih.gov/articles/PMC5491464	2017	-4.3	Empagliflozin	10	mg/kg	oral	Zucker Diabetic Fatty	Rats			genetic		112.0	1+every1days	42	42	NCT02589626	ADULT,OLDER_ADULT	all	PHASE4	32.0	Empagliflozin	-0.55	10.0	1+every1days	364	364	3640.0	3.75	0
PMC5491464	https://pmc.ncbi.nlm.nih.gov/articles/PMC5491464	2017	-5	Empagliflozin	30	mg/kg	oral	Zucker Diabetic Fatty	Rats			genetic		112.0	1+every1days	42	42	NCT02589626	ADULT,OLDER_ADULT	all	PHASE4	32.0	Empagliflozin	-0.55	10.0	1+every1days	364	364	3640.0	4.45	0
PMC5491464	https://pmc.ncbi.nlm.nih.gov/articles/PMC5491464	2017	-4.3	Empagliflozin	10	mg/kg	oral	Zucker Diabetic Fatty	Rats			genetic		112.0	1+every1days	42	42	NCT02589626	ADULT,OLDER_ADULT	all	PHASE4	33.0	Empagliflozin	-0.77	25.0	1+every1days	364	364	9100.0	3.53	0
PMC5491464	https://pmc.ncbi.nlm.nih.gov/articles/PMC5491464	2017	-5	Empagliflozin	30	mg/kg	oral	Zucker Diabetic Fatty	Rats			genetic		112.0	1+every1days	42	42	NCT02589626	ADULT,OLDER_ADULT	all	PHASE4	33.0	Empagliflozin	-0.77	25.0	1+every1days	364	364	9100.0	4.23	0
PMC6359811	https://pmc.ncbi.nlm.nih.gov/articles/PMC6359811	2019	-5	Empagliflozin	10	mg/kg	oral	KK-Ay	Mice		15.0	high-fat diet		56.0	1+every1days	70	70	NCT02589626	ADULT,OLDER_ADULT	all	PHASE4	32.0	Empagliflozin	-0.55	10.0	1+every1days	364	364	3640.0	4.45	0
PMC6359811	https://pmc.ncbi.nlm.nih.gov/articles/PMC6359811	2019	-5	Empagliflozin	10	mg/kg	oral	KK-Ay	Mice		15.0	high-fat diet		56.0	1+every1days	70	70	NCT02589626	ADULT,OLDER_ADULT	all	PHASE4	33.0	Empagliflozin	-0.77	25.0	1+every1days	364	364	9100.0	4.23	0
PMC6681671	https://pmc.ncbi.nlm.nih.gov/articles/PMC6681671	2017	-1.4	Empagliflozin	10	mg/kg	oral	ob/ob	Mice	male	12.5	genetic		77.0	1+every1days	42	42	NCT02589626	ADULT,OLDER_ADULT	all	PHASE4	32.0	Empagliflozin	-0.55	10.0	1+every1days	364	364	3640.0	0.8499999999999999	1
PMC6681671	https://pmc.ncbi.nlm.nih.gov/articles/PMC6681671	2017	-1.4	Empagliflozin	10	mg/kg	oral	ob/ob	Mice	male	12.5	genetic		77.0	1+every1days	42	42	NCT02589626	ADULT,OLDER_ADULT	all	PHASE4	33.0	Empagliflozin	-0.77	25.0	1+every1days	364	364	9100.0	0.6299999999999999	1
PMC9374709	https://pmc.ncbi.nlm.nih.gov/articles/PMC9374709	2022	-1.34	Liraglutide	0.4	mg/kg	subcutaneous	C57BL/6NRj	Mice	male	23.0	high-fat diet	35.0	112.0	1+every1days	28	28	NCT02607306	ADULT,OLDER_ADULT	all	PHASE3	273.0	Liraglutide	-1.8	0.3	1+every1days	364	364	109.2	-0.45999999999999996	1
PMC9374709	https://pmc.ncbi.nlm.nih.gov/articles/PMC9374709	2022	-1.34	Liraglutide	0.4	mg/kg	subcutaneous	C57BL/6NRj	Mice	male	23.0	high-fat diet	35.0	112.0	1+every1days	28	28	NCT02607306	ADULT,OLDER_ADULT	all	PHASE3	273.0	Liraglutide	-1.8	0.3	1+every1days	364	364	109.2	-0.45999999999999996	1
PMC9374709	https://pmc.ncbi.nlm.nih.gov/articles/PMC9374709	2022	-11.69	Liraglutide	0.4	mg/kg	subcutaneous	C57BL/6NTac	Mice	male	16.0	high-fat diet	35.0	112.0	1+every1days	28	28	NCT02607306	ADULT,OLDER_ADULT	all	PHASE3	273.0	Liraglutide	-1.8	0.3	1+every1days	364	364	109.2	9.889999999999999	0
PMC9374709	https://pmc.ncbi.nlm.nih.gov/articles/PMC9374709	2022	-11.69	Liraglutide	0.4	mg/kg	subcutaneous	C57BL/6NTac	Mice	male	16.0	high-fat diet	35.0	112.0	1+every1days	28	28	NCT02607306	ADULT,OLDER_ADULT	all	PHASE3	273.0	Liraglutide	-1.8	0.3	1+every1days	364	364	109.2	9.889999999999999	0
PMC6412877	https://pmc.ncbi.nlm.nih.gov/articles/PMC6412877	2019	-0.5	Liraglutide	25	nmol/kg	subcutaneous		Mice	male		high-fat diet		49.0	1+every1days	28	28	NCT02607306	ADULT,OLDER_ADULT	all	PHASE3	273.0	Liraglutide	-1.8	0.3	1+every1days	364	364	109.2	-1.3	0
PMC6412877	https://pmc.ncbi.nlm.nih.gov/articles/PMC6412877	2019	-0.5	Liraglutide	25	nmol/kg	subcutaneous		Mice	male		high-fat diet		49.0	1+every1days	28	28	NCT02607306	ADULT,OLDER_ADULT	all	PHASE3	273.0	Liraglutide	-1.8	0.3	1+every1days	364	364	109.2	-1.3	0
PMC9072222	https://pmc.ncbi.nlm.nih.gov/articles/PMC9072222	2019	-1.4	Liraglutide	0.1	mg/kg	subcutaneous	db/db	Mice	male	40.0	genetic		49.0	1+every1days	56	56	NCT02607306	ADULT,OLDER_ADULT	all	PHASE3	273.0	Liraglutide	-1.8	0.3	1+every1days	364	364	109.2	-0.40000000000000013	1
PMC9072222	https://pmc.ncbi.nlm.nih.gov/articles/PMC9072222	2019	-1.4	Liraglutide	0.1	mg/kg	subcutaneous	db/db	Mice	male	40.0	genetic		49.0	1+every1days	56	56	NCT02607306	ADULT,OLDER_ADULT	all	PHASE3	273.0	Liraglutide	-1.8	0.3	1+every1days	364	364	109.2	-0.40000000000000013	1
PMC9112483	https://pmc.ncbi.nlm.nih.gov/articles/PMC9112483	2022	-1.4	Liraglutide	200	μg/kg	subcutaneous	Zucker Diabetic Fatty	Rats	male	7.0	genetic		77.0	2+every1days	140	280	NCT02607306	ADULT,OLDER_ADULT	all	PHASE3	273.0	Liraglutide	-1.8	0.3	1+every1days	364	364	109.2	-0.40000000000000013	1
PMC9112483	https://pmc.ncbi.nlm.nih.gov/articles/PMC9112483	2022	-1.4	Liraglutide	200	μg/kg	subcutaneous	Zucker Diabetic Fatty	Rats	male	7.0	genetic		77.0	2+every1days	140	280	NCT02607306	ADULT,OLDER_ADULT	all	PHASE3	273.0	Liraglutide	-1.8	0.3	1+every1days	364	364	109.2	-0.40000000000000013	1
PMC4000968	https://pmc.ncbi.nlm.nih.gov/articles/PMC4000968	2014	-1.21	Sitagliptin Phosphate	10	mg/kg	oral	Zucker Diabetic Fatty	Rats		7.0	genetic		140.0	1+every1days	42	42	NCT02647320	ADULT,OLDER_ADULT	all	PHASE2	57.0	Sitagliptin Phosphate	-0.66	100.0	1+every1days	84	84	8400.0	0.5499999999999999	1
PMC3998187	https://pmc.ncbi.nlm.nih.gov/articles/PMC3998187	2014	-2	Sitagliptin Phosphate	10	mg/kg	oral	Zucker Diabetic Fatty	Rats	male	5.0	genetic		140.0	1+every1days	42	42	NCT02647320	ADULT,OLDER_ADULT	all	PHASE2	57.0	Sitagliptin Phosphate	-0.66	100.0	1+every1days	84	84	8400.0	1.3399999999999999	0
PMC2905949	https://pmc.ncbi.nlm.nih.gov/articles/PMC2905949	2010	-0.01	Sitagliptin Phosphate	10	mg/kg	oral	Zucker Diabetic Fatty	Rats	male	8.0	genetic		140.0	1+every1days	42	42	NCT02647320	ADULT,OLDER_ADULT	all	PHASE2	57.0	Sitagliptin Phosphate	-0.66	100.0	1+every1days	84	84	8400.0	-0.65	1
PMC3235777	https://pmc.ncbi.nlm.nih.gov/articles/PMC3235777	2011	-1.78	Sitagliptin Phosphate	10	mg/kg	oral	Zucker Diabetic Fatty	Rats	male	8.0	genetic		140.0	1+every1days	42	42	NCT02647320	ADULT,OLDER_ADULT	all	PHASE2	57.0	Sitagliptin Phosphate	-0.66	100.0	1+every1days	84	84	8400.0	1.12	0
PMC4514850	https://pmc.ncbi.nlm.nih.gov/articles/PMC4514850	2015	-1.3	Sitagliptin Phosphate	100	mg/kg	oral	ICR	Mice	male	8.0	high-fat diet+streptozotocin		35.0	1+every1days	56	56	NCT02647320	ADULT,OLDER_ADULT	all	PHASE2	57.0	Sitagliptin Phosphate	-0.66	100.0	1+every1days	84	84	8400.0	0.64	1
PMC3660563	https://pmc.ncbi.nlm.nih.gov/articles/PMC3660563	2013	-0.8	Sitagliptin Phosphate	1	mg/kg	oral	C57BLKS/J-db/db	Mice	male		genetic		42.0	1+every1days	42	42	NCT02647320	ADULT,OLDER_ADULT	all	PHASE2	57.0	Sitagliptin Phosphate	-0.66	100.0	1+every1days	84	84	8400.0	0.14	1
PMC4514850	https://pmc.ncbi.nlm.nih.gov/articles/PMC4514850	2015	-0.9	Sitagliptin Phosphate	100	mg/kg	oral	db/db	Mice	male	5.0	genetic		56.0	1+every1days	28	28	NCT02647320	ADULT,OLDER_ADULT	all	PHASE2	57.0	Sitagliptin Phosphate	-0.66	100.0	1+every1days	84	84	8400.0	0.24	1
PMC7383507	https://pmc.ncbi.nlm.nih.gov/articles/PMC7383507	2020	-1.9	Dulaglutide	0.6	mg/kg	subcutaneous	C57BLKS/J-db/db	Mice	male	12.0	genetic		35.0	2+every7days	28	8	NCT02648204	ADULT,OLDER_ADULT	all	PHASE3	299.0	Dulaglutide	-1.11	0.75	1+every7days	280	40	30.0	0.7899999999999998	1
PMC7383507	https://pmc.ncbi.nlm.nih.gov/articles/PMC7383507	2020	-1.9	Dulaglutide	0.6	mg/kg	subcutaneous	C57BLKS/J-db/db	Mice	male	12.0	genetic		35.0	2+every7days	28	8	NCT02648204	ADULT,OLDER_ADULT	all	PHASE3	299.0	Dulaglutide	-1.37	1.5	1+every7days	280	40	60.0	0.5299999999999998	1
PMC8974032	https://pmc.ncbi.nlm.nih.gov/articles/PMC8974032	2022	-1	Semaglutide	90	nmol/kg	subcutaneous	db/db	Mice	male		genetic	40.0	49.0	1+every7days	56	8	NCT02648204	ADULT,OLDER_ADULT	all	PHASE3	301.0	Semaglutide	-1.51	0.5	1+every7days	280	40	20.0	-0.51	1
PMC8974032	https://pmc.ncbi.nlm.nih.gov/articles/PMC8974032	2022	-1	Semaglutide	90	nmol/kg	subcutaneous	db/db	Mice	male		genetic	40.0	49.0	1+every7days	56	8	NCT02648204	ADULT,OLDER_ADULT	all	PHASE3	300.0	Semaglutide	-1.78	1.0	1+every7days	280	40	40.0	-0.78	1
PMC9050719	https://pmc.ncbi.nlm.nih.gov/articles/PMC9050719	2020	-0.05	Semaglutide	25	nmol/kg	subcutaneous	db/db	Mice	male	6.0	genetic	35.0	56.0	1+every7days	21	3	NCT02648204	ADULT,OLDER_ADULT	all	PHASE3	301.0	Semaglutide	-1.51	0.5	1+every7days	280	40	20.0	-1.46	0
PMC9050719	https://pmc.ncbi.nlm.nih.gov/articles/PMC9050719	2020	-0.3	Semaglutide	25	nmol/kg	subcutaneous	db/db	Mice	male	6.0	genetic	35.0	56.0	1+every1days	21	21	NCT02648204	ADULT,OLDER_ADULT	all	PHASE3	301.0	Semaglutide	-1.51	0.5	1+every7days	280	40	20.0	-1.21	0
PMC9050719	https://pmc.ncbi.nlm.nih.gov/articles/PMC9050719	2020	-0.05	Semaglutide	25	nmol/kg	subcutaneous	db/db	Mice	male	6.0	genetic	35.0	56.0	1+every7days	21	3	NCT02648204	ADULT,OLDER_ADULT	all	PHASE3	300.0	Semaglutide	-1.78	1.0	1+every7days	280	40	40.0	-1.73	0
PMC9050719	https://pmc.ncbi.nlm.nih.gov/articles/PMC9050719	2020	-0.3	Semaglutide	25	nmol/kg	subcutaneous	db/db	Mice	male	6.0	genetic	35.0	56.0	1+every1days	21	21	NCT02648204	ADULT,OLDER_ADULT	all	PHASE3	300.0	Semaglutide	-1.78	1.0	1+every7days	280	40	40.0	-1.48	0
PMC9050719	https://pmc.ncbi.nlm.nih.gov/articles/PMC9050719	2020	-1.3	Semaglutide	25	nmol/kg	subcutaneous	db/db	Mice	male	6.0	genetic	35.5	56.0	1+every1days	42	42	NCT02648204	ADULT,OLDER_ADULT	all	PHASE3	301.0	Semaglutide	-1.51	0.5	1+every7days	280	40	20.0	-0.20999999999999996	1
PMC9050719	https://pmc.ncbi.nlm.nih.gov/articles/PMC9050719	2020	-1.3	Semaglutide	25	nmol/kg	subcutaneous	db/db	Mice	male	6.0	genetic	35.5	56.0	1+every1days	42	42	NCT02648204	ADULT,OLDER_ADULT	all	PHASE3	300.0	Semaglutide	-1.78	1.0	1+every7days	280	40	40.0	-0.48	1
PMC9796023	https://pmc.ncbi.nlm.nih.gov/articles/PMC9796023	2022	-1.8	Dulaglutide	1.5	nmol/kg	subcutaneous	db/db	Mice	both	8.0	genetic	47.5	63.0	1+every2days	28	14	NCT02648204	ADULT,OLDER_ADULT	all	PHASE3	299.0	Dulaglutide	-1.11	0.75	1+every7days	280	40	30.0	0.69	1
PMC9796023	https://pmc.ncbi.nlm.nih.gov/articles/PMC9796023	2022	-1.8	Dulaglutide	1.5	nmol/kg	subcutaneous	db/db	Mice	both	8.0	genetic	47.5	63.0	1+every2days	28	14	NCT02648204	ADULT,OLDER_ADULT	all	PHASE3	299.0	Dulaglutide	-1.37	1.5	1+every7days	280	40	60.0	0.42999999999999994	1
PMC9796023	https://pmc.ncbi.nlm.nih.gov/articles/PMC9796023	2022	-2.7	Semaglutide	14	nmol/kg	subcutaneous	db/db	Mice	both	8.0	genetic	47.5	63.0	1+every2days	28	14	NCT02648204	ADULT,OLDER_ADULT	all	PHASE3	301.0	Semaglutide	-1.51	0.5	1+every7days	280	40	20.0	1.1900000000000002	0
PMC9796023	https://pmc.ncbi.nlm.nih.gov/articles/PMC9796023	2022	-2.7	Semaglutide	14	nmol/kg	subcutaneous	db/db	Mice	both	8.0	genetic	47.5	63.0	1+every2days	28	14	NCT02648204	ADULT,OLDER_ADULT	all	PHASE3	300.0	Semaglutide	-1.78	1.0	1+every7days	280	40	40.0	0.9200000000000002	1
PMC8975272	https://pmc.ncbi.nlm.nih.gov/articles/PMC8975272	2022	-2.2	Dulaglutide	1.5	nmol/kg	subcutaneous	db/db	Mice	both	8.0	genetic	45.0	70.0	1+every2days	28	14	NCT02648204	ADULT,OLDER_ADULT	all	PHASE3	299.0	Dulaglutide	-1.11	0.75	1+every7days	280	40	30.0	1.09	0
PMC8975272	https://pmc.ncbi.nlm.nih.gov/articles/PMC8975272	2022	-2.2	Dulaglutide	1.5	nmol/kg	subcutaneous	db/db	Mice	both	8.0	genetic	45.0	70.0	1+every2days	28	14	NCT02648204	ADULT,OLDER_ADULT	all	PHASE3	299.0	Dulaglutide	-1.37	1.5	1+every7days	280	40	60.0	0.8300000000000001	1
PMC8975272	https://pmc.ncbi.nlm.nih.gov/articles/PMC8975272	2022	-2.3	Semaglutide	15	nmol/kg	subcutaneous	db/db	Mice	both	8.0	genetic	45.0	70.0	1+every2days	28	14	NCT02648204	ADULT,OLDER_ADULT	all	PHASE3	301.0	Semaglutide	-1.51	0.5	1+every7days	280	40	20.0	0.7899999999999998	1
PMC8975272	https://pmc.ncbi.nlm.nih.gov/articles/PMC8975272	2022	-2.3	Semaglutide	15	nmol/kg	subcutaneous	db/db	Mice	both	8.0	genetic	45.0	70.0	1+every2days	28	14	NCT02648204	ADULT,OLDER_ADULT	all	PHASE3	300.0	Semaglutide	-1.78	1.0	1+every7days	280	40	40.0	0.5199999999999998	1
PMC9143250	https://pmc.ncbi.nlm.nih.gov/articles/PMC9143250	2022	-8.5	Dapagliflozin	1	mg/kg	oral	Wistar	Rats	both	6.0	high-fat diet+streptozotocin	215.0		1+every1days	28	28	NCT02681094	ADULT,OLDER_ADULT	all	PHASE3	289.0	Dapagliflozin	-0.63	5.0	1+every1days	168	168	840.0	7.87	0
PMC10308685	https://pmc.ncbi.nlm.nih.gov/articles/PMC10308685	2023	-5.4	Dapagliflozin	1	mg/kg	oral	Zucker Diabetic Fatty	Rats	male	8.0	genetic		112.0	1+every1days	84	84	NCT02681094	ADULT,OLDER_ADULT	all	PHASE3	289.0	Dapagliflozin	-0.63	5.0	1+every1days	168	168	840.0	4.7700000000000005	0
PMC4237538	https://pmc.ncbi.nlm.nih.gov/articles/PMC4237538	2013	-1.4	Dapagliflozin	1	mg/kg	oral	ob/ob	Mice	male		genetic	43.0	56.0	1+every1days	28	28	NCT02681094	ADULT,OLDER_ADULT	all	PHASE3	289.0	Dapagliflozin	-0.63	5.0	1+every1days	168	168	840.0	0.7699999999999999	1
PMC9112483	https://pmc.ncbi.nlm.nih.gov/articles/PMC9112483	2022	-0.2	Saxagliptin	10	mg/kg	intragastric	Zucker Diabetic Fatty	Rats	male	7.0	genetic		77.0	1+every1days	140	140	NCT02681094	ADULT,OLDER_ADULT	all	PHASE3	291.0	Saxagliptin	-0.69	5.0	1+every1days	168	168	840.0	-0.48999999999999994	1
PMC6856656	https://pmc.ncbi.nlm.nih.gov/articles/PMC6856656	2019	-2.9	Dapagliflozin	1.0	mg/kg	oral	Zucker Diabetic Fatty	Rats	male	8.0	high-fat diet		84.0	1+every1days	63	63	NCT02681094	ADULT,OLDER_ADULT	all	PHASE3	289.0	Dapagliflozin	-0.63	5.0	1+every1days	168	168	840.0	2.27	0
PMC5089752	https://pmc.ncbi.nlm.nih.gov/articles/PMC5089752	2016	-2.04	Dapagliflozin	1.0	mg/kg	oral	Otsuka Long-Evans Tokushima Fatty	Rats	male	10.0	genetic		98.0	1+every1days	84	84	NCT02681094	ADULT,OLDER_ADULT	all	PHASE3	289.0	Dapagliflozin	-0.63	5.0	1+every1days	168	168	840.0	1.4100000000000001	0
PMC8953658	https://pmc.ncbi.nlm.nih.gov/articles/PMC8953658	2022	-3	Dapagliflozin	1	mg/kg	oral gavage	Zucker Diabetic Fatty	Rats	male	7.0	genetic		98.0	1+every1days	28	28	NCT02681094	ADULT,OLDER_ADULT	all	PHASE3	289.0	Dapagliflozin	-0.63	5.0	1+every1days	168	168	840.0	2.37	0
PMC9374709	https://pmc.ncbi.nlm.nih.gov/articles/PMC9374709	2022	-1.34	Liraglutide	0.4	mg/kg	subcutaneous	C57BL/6NRj	Mice	male	23.0	high-fat diet	35.0	112.0	1+every1days	28	28	NCT02730377	ADULT,OLDER_ADULT	all	PHASE4	996.0	Liraglutide	-1.4	1.8	1+every1days	728	728	1310.4	-0.05999999999999983	1
PMC9374709	https://pmc.ncbi.nlm.nih.gov/articles/PMC9374709	2022	-11.69	Liraglutide	0.4	mg/kg	subcutaneous	C57BL/6NTac	Mice	male	16.0	high-fat diet	35.0	112.0	1+every1days	28	28	NCT02730377	ADULT,OLDER_ADULT	all	PHASE4	996.0	Liraglutide	-1.4	1.8	1+every1days	728	728	1310.4	10.29	0
PMC6412877	https://pmc.ncbi.nlm.nih.gov/articles/PMC6412877	2019	-0.5	Liraglutide	25	nmol/kg	subcutaneous		Mice	male		high-fat diet		49.0	1+every1days	28	28	NCT02730377	ADULT,OLDER_ADULT	all	PHASE4	996.0	Liraglutide	-1.4	1.8	1+every1days	728	728	1310.4	-0.8999999999999999	1
PMC9072222	https://pmc.ncbi.nlm.nih.gov/articles/PMC9072222	2019	-1.4	Liraglutide	0.1	mg/kg	subcutaneous	db/db	Mice	male	40.0	genetic		49.0	1+every1days	56	56	NCT02730377	ADULT,OLDER_ADULT	all	PHASE4	996.0	Liraglutide	-1.4	1.8	1+every1days	728	728	1310.4	0.0	1
PMC9112483	https://pmc.ncbi.nlm.nih.gov/articles/PMC9112483	2022	-1.4	Liraglutide	200	μg/kg	subcutaneous	Zucker Diabetic Fatty	Rats	male	7.0	genetic		77.0	2+every1days	140	280	NCT02730377	ADULT,OLDER_ADULT	all	PHASE4	996.0	Liraglutide	-1.4	1.8	1+every1days	728	728	1310.4	0.0	1
PMC7383507	https://pmc.ncbi.nlm.nih.gov/articles/PMC7383507	2020	-1.9	Dulaglutide	0.6	mg/kg	subcutaneous	C57BLKS/J-db/db	Mice	male	12.0	genetic		35.0	2+every7days	28	8	NCT02750410	ADULT,OLDER_ADULT	all	PHASE4	120.0	Dulaglutide	-1.45	0.75	1+every7days	112	16	12.0	0.44999999999999996	1
PMC9796023	https://pmc.ncbi.nlm.nih.gov/articles/PMC9796023	2022	-1.8	Dulaglutide	1.5	nmol/kg	subcutaneous	db/db	Mice	both	8.0	genetic	47.5	63.0	1+every2days	28	14	NCT02750410	ADULT,OLDER_ADULT	all	PHASE4	120.0	Dulaglutide	-1.45	0.75	1+every7days	112	16	12.0	0.3500000000000001	1
PMC8975272	https://pmc.ncbi.nlm.nih.gov/articles/PMC8975272	2022	-2.2	Dulaglutide	1.5	nmol/kg	subcutaneous	db/db	Mice	both	8.0	genetic	45.0	70.0	1+every2days	28	14	NCT02750410	ADULT,OLDER_ADULT	all	PHASE4	120.0	Dulaglutide	-1.45	0.75	1+every7days	112	16	12.0	0.7500000000000002	1
PMC8974032	https://pmc.ncbi.nlm.nih.gov/articles/PMC8974032	2022	-1	Semaglutide	90	nmol/kg	subcutaneous	db/db	Mice	male		genetic	40.0	49.0	1+every7days	56	8	NCT02827708	ADULT,OLDER_ADULT	all	PHASE3	163.0	Semaglutide	-1.2	14.0	1+every1days	182	182	2548.0	-0.19999999999999996	1
PMC9050719	https://pmc.ncbi.nlm.nih.gov/articles/PMC9050719	2020	-0.05	Semaglutide	25	nmol/kg	subcutaneous	db/db	Mice	male	6.0	genetic	35.0	56.0	1+every7days	21	3	NCT02827708	ADULT,OLDER_ADULT	all	PHASE3	163.0	Semaglutide	-1.2	14.0	1+every1days	182	182	2548.0	-1.15	0
PMC9050719	https://pmc.ncbi.nlm.nih.gov/articles/PMC9050719	2020	-0.3	Semaglutide	25	nmol/kg	subcutaneous	db/db	Mice	male	6.0	genetic	35.0	56.0	1+every1days	21	21	NCT02827708	ADULT,OLDER_ADULT	all	PHASE3	163.0	Semaglutide	-1.2	14.0	1+every1days	182	182	2548.0	-0.8999999999999999	1
PMC9050719	https://pmc.ncbi.nlm.nih.gov/articles/PMC9050719	2020	-1.3	Semaglutide	25	nmol/kg	subcutaneous	db/db	Mice	male	6.0	genetic	35.5	56.0	1+every1days	42	42	NCT02827708	ADULT,OLDER_ADULT	all	PHASE3	163.0	Semaglutide	-1.2	14.0	1+every1days	182	182	2548.0	0.10000000000000009	1
PMC9796023	https://pmc.ncbi.nlm.nih.gov/articles/PMC9796023	2022	-2.7	Semaglutide	14	nmol/kg	subcutaneous	db/db	Mice	both	8.0	genetic	47.5	63.0	1+every2days	28	14	NCT02827708	ADULT,OLDER_ADULT	all	PHASE3	163.0	Semaglutide	-1.2	14.0	1+every1days	182	182	2548.0	1.5000000000000002	0
PMC8975272	https://pmc.ncbi.nlm.nih.gov/articles/PMC8975272	2022	-2.3	Semaglutide	15	nmol/kg	subcutaneous	db/db	Mice	both	8.0	genetic	45.0	70.0	1+every2days	28	14	NCT02827708	ADULT,OLDER_ADULT	all	PHASE3	163.0	Semaglutide	-1.2	14.0	1+every1days	182	182	2548.0	1.0999999999999999	0
PMC4000968	https://pmc.ncbi.nlm.nih.gov/articles/PMC4000968	2014	-1.21	Sitagliptin Phosphate	10	mg/kg	oral	Zucker Diabetic Fatty	Rats		7.0	genetic		140.0	1+every1days	42	42	NCT02849080	ADULT,OLDER_ADULT	all	PHASE3	238.0	Sitagliptin Phosphate	-0.8	100.0	1+every1days	364	364	36400.0	0.4099999999999999	1
PMC3998187	https://pmc.ncbi.nlm.nih.gov/articles/PMC3998187	2014	-2	Sitagliptin Phosphate	10	mg/kg	oral	Zucker Diabetic Fatty	Rats	male	5.0	genetic		140.0	1+every1days	42	42	NCT02849080	ADULT,OLDER_ADULT	all	PHASE3	238.0	Sitagliptin Phosphate	-0.8	100.0	1+every1days	364	364	36400.0	1.2	0
PMC2905949	https://pmc.ncbi.nlm.nih.gov/articles/PMC2905949	2010	-0.01	Sitagliptin Phosphate	10	mg/kg	oral	Zucker Diabetic Fatty	Rats	male	8.0	genetic		140.0	1+every1days	42	42	NCT02849080	ADULT,OLDER_ADULT	all	PHASE3	238.0	Sitagliptin Phosphate	-0.8	100.0	1+every1days	364	364	36400.0	-0.79	1
PMC3235777	https://pmc.ncbi.nlm.nih.gov/articles/PMC3235777	2011	-1.78	Sitagliptin Phosphate	10	mg/kg	oral	Zucker Diabetic Fatty	Rats	male	8.0	genetic		140.0	1+every1days	42	42	NCT02849080	ADULT,OLDER_ADULT	all	PHASE3	238.0	Sitagliptin Phosphate	-0.8	100.0	1+every1days	364	364	36400.0	0.98	1
PMC4514850	https://pmc.ncbi.nlm.nih.gov/articles/PMC4514850	2015	-1.3	Sitagliptin Phosphate	100	mg/kg	oral	ICR	Mice	male	8.0	high-fat diet+streptozotocin		35.0	1+every1days	56	56	NCT02849080	ADULT,OLDER_ADULT	all	PHASE3	238.0	Sitagliptin Phosphate	-0.8	100.0	1+every1days	364	364	36400.0	0.5	1
PMC3660563	https://pmc.ncbi.nlm.nih.gov/articles/PMC3660563	2013	-0.8	Sitagliptin Phosphate	1	mg/kg	oral	C57BLKS/J-db/db	Mice	male		genetic		42.0	1+every1days	42	42	NCT02849080	ADULT,OLDER_ADULT	all	PHASE3	238.0	Sitagliptin Phosphate	-0.8	100.0	1+every1days	364	364	36400.0	0.0	1
PMC8974032	https://pmc.ncbi.nlm.nih.gov/articles/PMC8974032	2022	-1	Semaglutide	90	nmol/kg	subcutaneous	db/db	Mice	male		genetic	40.0	49.0	1+every7days	56	8	NCT02849080	ADULT,OLDER_ADULT	all	PHASE3	230.0	Semaglutide	-1.3	3.0	1+every1days	364	364	1092.0	-0.30000000000000004	1
PMC8974032	https://pmc.ncbi.nlm.nih.gov/articles/PMC8974032	2022	-1	Semaglutide	90	nmol/kg	subcutaneous	db/db	Mice	male		genetic	40.0	49.0	1+every7days	56	8	NCT02849080	ADULT,OLDER_ADULT	all	PHASE3	180.0	Semaglutide	-1.3	3.0	1+every1days	728	728	2184.0	-0.30000000000000004	1
PMC4514850	https://pmc.ncbi.nlm.nih.gov/articles/PMC4514850	2015	-0.9	Sitagliptin Phosphate	100	mg/kg	oral	db/db	Mice	male	5.0	genetic		56.0	1+every1days	28	28	NCT02849080	ADULT,OLDER_ADULT	all	PHASE3	238.0	Sitagliptin Phosphate	-0.8	100.0	1+every1days	364	364	36400.0	0.09999999999999998	1
PMC9050719	https://pmc.ncbi.nlm.nih.gov/articles/PMC9050719	2020	-0.05	Semaglutide	25	nmol/kg	subcutaneous	db/db	Mice	male	6.0	genetic	35.0	56.0	1+every7days	21	3	NCT02849080	ADULT,OLDER_ADULT	all	PHASE3	230.0	Semaglutide	-1.3	3.0	1+every1days	364	364	1092.0	-1.25	0
PMC9050719	https://pmc.ncbi.nlm.nih.gov/articles/PMC9050719	2020	-0.3	Semaglutide	25	nmol/kg	subcutaneous	db/db	Mice	male	6.0	genetic	35.0	56.0	1+every1days	21	21	NCT02849080	ADULT,OLDER_ADULT	all	PHASE3	230.0	Semaglutide	-1.3	3.0	1+every1days	364	364	1092.0	-1.0	1
PMC9050719	https://pmc.ncbi.nlm.nih.gov/articles/PMC9050719	2020	-0.05	Semaglutide	25	nmol/kg	subcutaneous	db/db	Mice	male	6.0	genetic	35.0	56.0	1+every7days	21	3	NCT02849080	ADULT,OLDER_ADULT	all	PHASE3	180.0	Semaglutide	-1.3	3.0	1+every1days	728	728	2184.0	-1.25	0
PMC9050719	https://pmc.ncbi.nlm.nih.gov/articles/PMC9050719	2020	-0.3	Semaglutide	25	nmol/kg	subcutaneous	db/db	Mice	male	6.0	genetic	35.0	56.0	1+every1days	21	21	NCT02849080	ADULT,OLDER_ADULT	all	PHASE3	180.0	Semaglutide	-1.3	3.0	1+every1days	728	728	2184.0	-1.0	1
PMC9050719	https://pmc.ncbi.nlm.nih.gov/articles/PMC9050719	2020	-1.3	Semaglutide	25	nmol/kg	subcutaneous	db/db	Mice	male	6.0	genetic	35.5	56.0	1+every1days	42	42	NCT02849080	ADULT,OLDER_ADULT	all	PHASE3	230.0	Semaglutide	-1.3	3.0	1+every1days	364	364	1092.0	0.0	1
PMC9050719	https://pmc.ncbi.nlm.nih.gov/articles/PMC9050719	2020	-1.3	Semaglutide	25	nmol/kg	subcutaneous	db/db	Mice	male	6.0	genetic	35.5	56.0	1+every1days	42	42	NCT02849080	ADULT,OLDER_ADULT	all	PHASE3	180.0	Semaglutide	-1.3	3.0	1+every1days	728	728	2184.0	0.0	1
PMC9796023	https://pmc.ncbi.nlm.nih.gov/articles/PMC9796023	2022	-2.7	Semaglutide	14	nmol/kg	subcutaneous	db/db	Mice	both	8.0	genetic	47.5	63.0	1+every2days	28	14	NCT02849080	ADULT,OLDER_ADULT	all	PHASE3	230.0	Semaglutide	-1.3	3.0	1+every1days	364	364	1092.0	1.4000000000000001	0
PMC9796023	https://pmc.ncbi.nlm.nih.gov/articles/PMC9796023	2022	-2.7	Semaglutide	14	nmol/kg	subcutaneous	db/db	Mice	both	8.0	genetic	47.5	63.0	1+every2days	28	14	NCT02849080	ADULT,OLDER_ADULT	all	PHASE3	180.0	Semaglutide	-1.3	3.0	1+every1days	728	728	2184.0	1.4000000000000001	0
PMC8975272	https://pmc.ncbi.nlm.nih.gov/articles/PMC8975272	2022	-2.3	Semaglutide	15	nmol/kg	subcutaneous	db/db	Mice	both	8.0	genetic	45.0	70.0	1+every2days	28	14	NCT02849080	ADULT,OLDER_ADULT	all	PHASE3	230.0	Semaglutide	-1.3	3.0	1+every1days	364	364	1092.0	0.9999999999999998	1
PMC8975272	https://pmc.ncbi.nlm.nih.gov/articles/PMC8975272	2022	-2.3	Semaglutide	15	nmol/kg	subcutaneous	db/db	Mice	both	8.0	genetic	45.0	70.0	1+every2days	28	14	NCT02849080	ADULT,OLDER_ADULT	all	PHASE3	180.0	Semaglutide	-1.3	3.0	1+every1days	728	728	2184.0	0.9999999999999998	1
PMC7092631	https://pmc.ncbi.nlm.nih.gov/articles/PMC7092631	2020	-0.18	Empagliflozin	10	mg/kg	intragastric	Wistar	Rats	male	10.0	high-fat diet+streptozotocin	200.0		1+every1days	28	28	NCT02863328	ADULT,OLDER_ADULT	all	PHASE3	382.0	Empagliflozin	-0.9	25.0	1+every1days	364	364	9100.0	-0.72	1
PMC5491464	https://pmc.ncbi.nlm.nih.gov/articles/PMC5491464	2017	-4.3	Empagliflozin	10	mg/kg	oral	Zucker Diabetic Fatty	Rats			genetic		112.0	1+every1days	42	42	NCT02863328	ADULT,OLDER_ADULT	all	PHASE3	382.0	Empagliflozin	-0.9	25.0	1+every1days	364	364	9100.0	3.4	0
PMC5491464	https://pmc.ncbi.nlm.nih.gov/articles/PMC5491464	2017	-5	Empagliflozin	30	mg/kg	oral	Zucker Diabetic Fatty	Rats			genetic		112.0	1+every1days	42	42	NCT02863328	ADULT,OLDER_ADULT	all	PHASE3	382.0	Empagliflozin	-0.9	25.0	1+every1days	364	364	9100.0	4.1	0
PMC8974032	https://pmc.ncbi.nlm.nih.gov/articles/PMC8974032	2022	-1	Semaglutide	90	nmol/kg	subcutaneous	db/db	Mice	male		genetic	40.0	49.0	1+every7days	56	8	NCT02863328	ADULT,OLDER_ADULT	all	PHASE3	384.0	Semaglutide	-1.3	14.0	1+every1days	364	364	5096.0	-0.30000000000000004	1
PMC6359811	https://pmc.ncbi.nlm.nih.gov/articles/PMC6359811	2019	-5	Empagliflozin	10	mg/kg	oral	KK-Ay	Mice		15.0	high-fat diet		56.0	1+every1days	70	70	NCT02863328	ADULT,OLDER_ADULT	all	PHASE3	382.0	Empagliflozin	-0.9	25.0	1+every1days	364	364	9100.0	4.1	0
PMC9050719	https://pmc.ncbi.nlm.nih.gov/articles/PMC9050719	2020	-0.05	Semaglutide	25	nmol/kg	subcutaneous	db/db	Mice	male	6.0	genetic	35.0	56.0	1+every7days	21	3	NCT02863328	ADULT,OLDER_ADULT	all	PHASE3	384.0	Semaglutide	-1.3	14.0	1+every1days	364	364	5096.0	-1.25	0
PMC9050719	https://pmc.ncbi.nlm.nih.gov/articles/PMC9050719	2020	-0.3	Semaglutide	25	nmol/kg	subcutaneous	db/db	Mice	male	6.0	genetic	35.0	56.0	1+every1days	21	21	NCT02863328	ADULT,OLDER_ADULT	all	PHASE3	384.0	Semaglutide	-1.3	14.0	1+every1days	364	364	5096.0	-1.0	1
PMC9050719	https://pmc.ncbi.nlm.nih.gov/articles/PMC9050719	2020	-1.3	Semaglutide	25	nmol/kg	subcutaneous	db/db	Mice	male	6.0	genetic	35.5	56.0	1+every1days	42	42	NCT02863328	ADULT,OLDER_ADULT	all	PHASE3	384.0	Semaglutide	-1.3	14.0	1+every1days	364	364	5096.0	0.0	1
PMC9796023	https://pmc.ncbi.nlm.nih.gov/articles/PMC9796023	2022	-2.7	Semaglutide	14	nmol/kg	subcutaneous	db/db	Mice	both	8.0	genetic	47.5	63.0	1+every2days	28	14	NCT02863328	ADULT,OLDER_ADULT	all	PHASE3	384.0	Semaglutide	-1.3	14.0	1+every1days	364	364	5096.0	1.4000000000000001	0
PMC8975272	https://pmc.ncbi.nlm.nih.gov/articles/PMC8975272	2022	-2.3	Semaglutide	15	nmol/kg	subcutaneous	db/db	Mice	both	8.0	genetic	45.0	70.0	1+every2days	28	14	NCT02863328	ADULT,OLDER_ADULT	all	PHASE3	384.0	Semaglutide	-1.3	14.0	1+every1days	364	364	5096.0	0.9999999999999998	1
PMC6681671	https://pmc.ncbi.nlm.nih.gov/articles/PMC6681671	2017	-1.4	Empagliflozin	10	mg/kg	oral	ob/ob	Mice	male	12.5	genetic		77.0	1+every1days	42	42	NCT02863328	ADULT,OLDER_ADULT	all	PHASE3	382.0	Empagliflozin	-0.9	25.0	1+every1days	364	364	9100.0	0.4999999999999999	1
PMC9374709	https://pmc.ncbi.nlm.nih.gov/articles/PMC9374709	2022	-1.34	Liraglutide	0.4	mg/kg	subcutaneous	C57BL/6NRj	Mice	male	23.0	high-fat diet	35.0	112.0	1+every1days	28	28	NCT02863419	ADULT,OLDER_ADULT	all	PHASE3	269.0	Liraglutide	-0.9	1.8	1+every1days	364	364	655.2	0.44000000000000006	1
PMC9374709	https://pmc.ncbi.nlm.nih.gov/articles/PMC9374709	2022	-11.69	Liraglutide	0.4	mg/kg	subcutaneous	C57BL/6NTac	Mice	male	16.0	high-fat diet	35.0	112.0	1+every1days	28	28	NCT02863419	ADULT,OLDER_ADULT	all	PHASE3	269.0	Liraglutide	-0.9	1.8	1+every1days	364	364	655.2	10.79	0
PMC6412877	https://pmc.ncbi.nlm.nih.gov/articles/PMC6412877	2019	-0.5	Liraglutide	25	nmol/kg	subcutaneous		Mice	male		high-fat diet		49.0	1+every1days	28	28	NCT02863419	ADULT,OLDER_ADULT	all	PHASE3	269.0	Liraglutide	-0.9	1.8	1+every1days	364	364	655.2	-0.4	1
PMC9072222	https://pmc.ncbi.nlm.nih.gov/articles/PMC9072222	2019	-1.4	Liraglutide	0.1	mg/kg	subcutaneous	db/db	Mice	male	40.0	genetic		49.0	1+every1days	56	56	NCT02863419	ADULT,OLDER_ADULT	all	PHASE3	269.0	Liraglutide	-0.9	1.8	1+every1days	364	364	655.2	0.4999999999999999	1
PMC9112483	https://pmc.ncbi.nlm.nih.gov/articles/PMC9112483	2022	-1.4	Liraglutide	200	μg/kg	subcutaneous	Zucker Diabetic Fatty	Rats	male	7.0	genetic		77.0	2+every1days	140	280	NCT02863419	ADULT,OLDER_ADULT	all	PHASE3	269.0	Liraglutide	-0.9	1.8	1+every1days	364	364	655.2	0.4999999999999999	1
PMC5489512	https://pmc.ncbi.nlm.nih.gov/articles/PMC5489512	2017	-0.3	Linagliptin	2	mg/kg	oral	KK-Ay	Mice	female	10.0	genetic	50.0		1+every1days	42	42	NCT02897349	ADULT,OLDER_ADULT	all	PHASE3	100.0	Linagliptin	-0.61	5.0	1+every1days	168	168	840.0	-0.31	1
PMC6701666	https://pmc.ncbi.nlm.nih.gov/articles/PMC6701666	2019	0	Linagliptin	3	mg/kg	oral	db/db	Mice	female	12.0	genetic		38.5	1+every1days	42	42	NCT02897349	ADULT,OLDER_ADULT	all	PHASE3	100.0	Linagliptin	-0.61	5.0	1+every1days	168	168	840.0	-0.61	1
PMC5152931	https://pmc.ncbi.nlm.nih.gov/articles/PMC5152931	2016	-2	Linagliptin	0.083	mg/kg	oral	Wistar	Rats	male	22.0	streptozotocin		42.0		168		NCT02897349	ADULT,OLDER_ADULT	all	PHASE3	100.0	Linagliptin	-0.61	5.0	1+every1days	168	168	840.0	1.3900000000000001	0
PMC8974032	https://pmc.ncbi.nlm.nih.gov/articles/PMC8974032	2022	-1	Semaglutide	90	nmol/kg	subcutaneous	db/db	Mice	male		genetic	40.0	49.0	1+every7days	56	8	NCT02906930	ADULT,OLDER_ADULT	all	PHASE3	175.0	Semaglutide	-0.9	3.0	1+every1days	182	182	546.0	0.09999999999999998	1
PMC8974032	https://pmc.ncbi.nlm.nih.gov/articles/PMC8974032	2022	-1	Semaglutide	90	nmol/kg	subcutaneous	db/db	Mice	male		genetic	40.0	49.0	1+every7days	56	8	NCT02906930	ADULT,OLDER_ADULT	all	PHASE3	175.0	Semaglutide	-1.4	7.0	1+every1days	182	182	1274.0	-0.3999999999999999	1
PMC8974032	https://pmc.ncbi.nlm.nih.gov/articles/PMC8974032	2022	-1	Semaglutide	90	nmol/kg	subcutaneous	db/db	Mice	male		genetic	40.0	49.0	1+every7days	56	8	NCT02906930	ADULT,OLDER_ADULT	all	PHASE3	175.0	Semaglutide	-1.5	14.0	1+every1days	182	182	2548.0	-0.5	1
PMC9050719	https://pmc.ncbi.nlm.nih.gov/articles/PMC9050719	2020	-0.05	Semaglutide	25	nmol/kg	subcutaneous	db/db	Mice	male	6.0	genetic	35.0	56.0	1+every7days	21	3	NCT02906930	ADULT,OLDER_ADULT	all	PHASE3	175.0	Semaglutide	-0.9	3.0	1+every1days	182	182	546.0	-0.85	1
PMC9050719	https://pmc.ncbi.nlm.nih.gov/articles/PMC9050719	2020	-0.3	Semaglutide	25	nmol/kg	subcutaneous	db/db	Mice	male	6.0	genetic	35.0	56.0	1+every1days	21	21	NCT02906930	ADULT,OLDER_ADULT	all	PHASE3	175.0	Semaglutide	-0.9	3.0	1+every1days	182	182	546.0	-0.6000000000000001	1
PMC9050719	https://pmc.ncbi.nlm.nih.gov/articles/PMC9050719	2020	-0.05	Semaglutide	25	nmol/kg	subcutaneous	db/db	Mice	male	6.0	genetic	35.0	56.0	1+every7days	21	3	NCT02906930	ADULT,OLDER_ADULT	all	PHASE3	175.0	Semaglutide	-1.4	7.0	1+every1days	182	182	1274.0	-1.3499999999999999	0
PMC9050719	https://pmc.ncbi.nlm.nih.gov/articles/PMC9050719	2020	-0.3	Semaglutide	25	nmol/kg	subcutaneous	db/db	Mice	male	6.0	genetic	35.0	56.0	1+every1days	21	21	NCT02906930	ADULT,OLDER_ADULT	all	PHASE3	175.0	Semaglutide	-1.4	7.0	1+every1days	182	182	1274.0	-1.0999999999999999	0
PMC9050719	https://pmc.ncbi.nlm.nih.gov/articles/PMC9050719	2020	-0.05	Semaglutide	25	nmol/kg	subcutaneous	db/db	Mice	male	6.0	genetic	35.0	56.0	1+every7days	21	3	NCT02906930	ADULT,OLDER_ADULT	all	PHASE3	175.0	Semaglutide	-1.5	14.0	1+every1days	182	182	2548.0	-1.45	0
PMC9050719	https://pmc.ncbi.nlm.nih.gov/articles/PMC9050719	2020	-0.3	Semaglutide	25	nmol/kg	subcutaneous	db/db	Mice	male	6.0	genetic	35.0	56.0	1+every1days	21	21	NCT02906930	ADULT,OLDER_ADULT	all	PHASE3	175.0	Semaglutide	-1.5	14.0	1+every1days	182	182	2548.0	-1.2	0
PMC9050719	https://pmc.ncbi.nlm.nih.gov/articles/PMC9050719	2020	-1.3	Semaglutide	25	nmol/kg	subcutaneous	db/db	Mice	male	6.0	genetic	35.5	56.0	1+every1days	42	42	NCT02906930	ADULT,OLDER_ADULT	all	PHASE3	175.0	Semaglutide	-0.9	3.0	1+every1days	182	182	546.0	0.4	1
PMC9050719	https://pmc.ncbi.nlm.nih.gov/articles/PMC9050719	2020	-1.3	Semaglutide	25	nmol/kg	subcutaneous	db/db	Mice	male	6.0	genetic	35.5	56.0	1+every1days	42	42	NCT02906930	ADULT,OLDER_ADULT	all	PHASE3	175.0	Semaglutide	-1.4	7.0	1+every1days	182	182	1274.0	-0.09999999999999987	1
PMC9050719	https://pmc.ncbi.nlm.nih.gov/articles/PMC9050719	2020	-1.3	Semaglutide	25	nmol/kg	subcutaneous	db/db	Mice	male	6.0	genetic	35.5	56.0	1+every1days	42	42	NCT02906930	ADULT,OLDER_ADULT	all	PHASE3	175.0	Semaglutide	-1.5	14.0	1+every1days	182	182	2548.0	-0.19999999999999996	1
PMC9796023	https://pmc.ncbi.nlm.nih.gov/articles/PMC9796023	2022	-2.7	Semaglutide	14	nmol/kg	subcutaneous	db/db	Mice	both	8.0	genetic	47.5	63.0	1+every2days	28	14	NCT02906930	ADULT,OLDER_ADULT	all	PHASE3	175.0	Semaglutide	-0.9	3.0	1+every1days	182	182	546.0	1.8000000000000003	0
PMC9796023	https://pmc.ncbi.nlm.nih.gov/articles/PMC9796023	2022	-2.7	Semaglutide	14	nmol/kg	subcutaneous	db/db	Mice	both	8.0	genetic	47.5	63.0	1+every2days	28	14	NCT02906930	ADULT,OLDER_ADULT	all	PHASE3	175.0	Semaglutide	-1.4	7.0	1+every1days	182	182	1274.0	1.3000000000000003	0
PMC9796023	https://pmc.ncbi.nlm.nih.gov/articles/PMC9796023	2022	-2.7	Semaglutide	14	nmol/kg	subcutaneous	db/db	Mice	both	8.0	genetic	47.5	63.0	1+every2days	28	14	NCT02906930	ADULT,OLDER_ADULT	all	PHASE3	175.0	Semaglutide	-1.5	14.0	1+every1days	182	182	2548.0	1.2000000000000002	0
PMC8975272	https://pmc.ncbi.nlm.nih.gov/articles/PMC8975272	2022	-2.3	Semaglutide	15	nmol/kg	subcutaneous	db/db	Mice	both	8.0	genetic	45.0	70.0	1+every2days	28	14	NCT02906930	ADULT,OLDER_ADULT	all	PHASE3	175.0	Semaglutide	-0.9	3.0	1+every1days	182	182	546.0	1.4	0
PMC8975272	https://pmc.ncbi.nlm.nih.gov/articles/PMC8975272	2022	-2.3	Semaglutide	15	nmol/kg	subcutaneous	db/db	Mice	both	8.0	genetic	45.0	70.0	1+every2days	28	14	NCT02906930	ADULT,OLDER_ADULT	all	PHASE3	175.0	Semaglutide	-1.4	7.0	1+every1days	182	182	1274.0	0.8999999999999999	1
PMC8975272	https://pmc.ncbi.nlm.nih.gov/articles/PMC8975272	2022	-2.3	Semaglutide	15	nmol/kg	subcutaneous	db/db	Mice	both	8.0	genetic	45.0	70.0	1+every2days	28	14	NCT02906930	ADULT,OLDER_ADULT	all	PHASE3	175.0	Semaglutide	-1.5	14.0	1+every1days	182	182	2548.0	0.7999999999999998	1
PMC7383507	https://pmc.ncbi.nlm.nih.gov/articles/PMC7383507	2020	-1.9	Dulaglutide	0.6	mg/kg	subcutaneous	C57BLKS/J-db/db	Mice	male	12.0	genetic		35.0	2+every7days	28	8	NCT02963766	CHILD	all	PHASE3	50.0	Dulaglutide	-0.5	0.75	1+every7days	182	26	19.5	1.4	0
PMC7383507	https://pmc.ncbi.nlm.nih.gov/articles/PMC7383507	2020	-1.9	Dulaglutide	0.6	mg/kg	subcutaneous	C57BLKS/J-db/db	Mice	male	12.0	genetic		35.0	2+every7days	28	8	NCT02963766	CHILD	all	PHASE3	50.0	Dulaglutide	-1	1.5	1+every7days	182	26	39.0	0.8999999999999999	1
PMC9796023	https://pmc.ncbi.nlm.nih.gov/articles/PMC9796023	2022	-1.8	Dulaglutide	1.5	nmol/kg	subcutaneous	db/db	Mice	both	8.0	genetic	47.5	63.0	1+every2days	28	14	NCT02963766	CHILD	all	PHASE3	50.0	Dulaglutide	-0.5	0.75	1+every7days	182	26	19.5	1.3	0
PMC9796023	https://pmc.ncbi.nlm.nih.gov/articles/PMC9796023	2022	-1.8	Dulaglutide	1.5	nmol/kg	subcutaneous	db/db	Mice	both	8.0	genetic	47.5	63.0	1+every2days	28	14	NCT02963766	CHILD	all	PHASE3	50.0	Dulaglutide	-1	1.5	1+every7days	182	26	39.0	0.8	1
PMC8975272	https://pmc.ncbi.nlm.nih.gov/articles/PMC8975272	2022	-2.2	Dulaglutide	1.5	nmol/kg	subcutaneous	db/db	Mice	both	8.0	genetic	45.0	70.0	1+every2days	28	14	NCT02963766	CHILD	all	PHASE3	50.0	Dulaglutide	-0.5	0.75	1+every7days	182	26	19.5	1.7000000000000002	0
PMC8975272	https://pmc.ncbi.nlm.nih.gov/articles/PMC8975272	2022	-2.2	Dulaglutide	1.5	nmol/kg	subcutaneous	db/db	Mice	both	8.0	genetic	45.0	70.0	1+every2days	28	14	NCT02963766	CHILD	all	PHASE3	50.0	Dulaglutide	-1	1.5	1+every7days	182	26	39.0	1.2000000000000002	0
PMC9374709	https://pmc.ncbi.nlm.nih.gov/articles/PMC9374709	2022	-1.34	Liraglutide	0.4	mg/kg	subcutaneous	C57BL/6NRj	Mice	male	23.0	high-fat diet	35.0	112.0	1+every1days	28	28	NCT02964247	ADULT,OLDER_ADULT	all	PHASE3	203.0	Liraglutide	-1.05	1.8	1+every1days	182	182	327.6	0.29000000000000004	1
PMC9374709	https://pmc.ncbi.nlm.nih.gov/articles/PMC9374709	2022	-11.69	Liraglutide	0.4	mg/kg	subcutaneous	C57BL/6NTac	Mice	male	16.0	high-fat diet	35.0	112.0	1+every1days	28	28	NCT02964247	ADULT,OLDER_ADULT	all	PHASE3	203.0	Liraglutide	-1.05	1.8	1+every1days	182	182	327.6	10.639999999999999	0
PMC6412877	https://pmc.ncbi.nlm.nih.gov/articles/PMC6412877	2019	-0.5	Liraglutide	25	nmol/kg	subcutaneous		Mice	male		high-fat diet		49.0	1+every1days	28	28	NCT02964247	ADULT,OLDER_ADULT	all	PHASE3	203.0	Liraglutide	-1.05	1.8	1+every1days	182	182	327.6	-0.55	1
PMC9072222	https://pmc.ncbi.nlm.nih.gov/articles/PMC9072222	2019	-1.4	Liraglutide	0.1	mg/kg	subcutaneous	db/db	Mice	male	40.0	genetic		49.0	1+every1days	56	56	NCT02964247	ADULT,OLDER_ADULT	all	PHASE3	203.0	Liraglutide	-1.05	1.8	1+every1days	182	182	327.6	0.34999999999999987	1
PMC9112483	https://pmc.ncbi.nlm.nih.gov/articles/PMC9112483	2022	-1.4	Liraglutide	200	μg/kg	subcutaneous	Zucker Diabetic Fatty	Rats	male	7.0	genetic		77.0	2+every1days	140	280	NCT02964247	ADULT,OLDER_ADULT	all	PHASE3	203.0	Liraglutide	-1.05	1.8	1+every1days	182	182	327.6	0.34999999999999987	1
PMC7383507	https://pmc.ncbi.nlm.nih.gov/articles/PMC7383507	2020	-1.9	Dulaglutide	0.6	mg/kg	subcutaneous	C57BLKS/J-db/db	Mice	male	12.0	genetic		35.0	2+every7days	28	8	NCT02973100	ADULT,OLDER_ADULT	all	PHASE2	73.0	Dulaglutide	-1.23	1.5	1+every7days	126	18	27.0	0.6699999999999999	1
PMC7383507	https://pmc.ncbi.nlm.nih.gov/articles/PMC7383507	2020	-1.9	Dulaglutide	0.6	mg/kg	subcutaneous	C57BLKS/J-db/db	Mice	male	12.0	genetic		35.0	2+every7days	28	8	NCT02973100	ADULT,OLDER_ADULT	all	PHASE2	73.0	Dulaglutide	-1.31	3.0	1+every7days	126	18	54.0	0.5899999999999999	1
PMC7383507	https://pmc.ncbi.nlm.nih.gov/articles/PMC7383507	2020	-1.9	Dulaglutide	0.6	mg/kg	subcutaneous	C57BLKS/J-db/db	Mice	male	12.0	genetic		35.0	2+every7days	28	8	NCT02973100	ADULT,OLDER_ADULT	all	PHASE2	66.0	Dulaglutide	-1.4	4.5	1+every7days	126	18	81.0	0.5	1
PMC9796023	https://pmc.ncbi.nlm.nih.gov/articles/PMC9796023	2022	-1.8	Dulaglutide	1.5	nmol/kg	subcutaneous	db/db	Mice	both	8.0	genetic	47.5	63.0	1+every2days	28	14	NCT02973100	ADULT,OLDER_ADULT	all	PHASE2	73.0	Dulaglutide	-1.23	1.5	1+every7days	126	18	27.0	0.5700000000000001	1
PMC9796023	https://pmc.ncbi.nlm.nih.gov/articles/PMC9796023	2022	-1.8	Dulaglutide	1.5	nmol/kg	subcutaneous	db/db	Mice	both	8.0	genetic	47.5	63.0	1+every2days	28	14	NCT02973100	ADULT,OLDER_ADULT	all	PHASE2	73.0	Dulaglutide	-1.31	3.0	1+every7days	126	18	54.0	0.49	1
PMC9796023	https://pmc.ncbi.nlm.nih.gov/articles/PMC9796023	2022	-1.8	Dulaglutide	1.5	nmol/kg	subcutaneous	db/db	Mice	both	8.0	genetic	47.5	63.0	1+every2days	28	14	NCT02973100	ADULT,OLDER_ADULT	all	PHASE2	66.0	Dulaglutide	-1.4	4.5	1+every7days	126	18	81.0	0.40000000000000013	1
PMC8975272	https://pmc.ncbi.nlm.nih.gov/articles/PMC8975272	2022	-2.2	Dulaglutide	1.5	nmol/kg	subcutaneous	db/db	Mice	both	8.0	genetic	45.0	70.0	1+every2days	28	14	NCT02973100	ADULT,OLDER_ADULT	all	PHASE2	73.0	Dulaglutide	-1.23	1.5	1+every7days	126	18	27.0	0.9700000000000002	1
PMC8975272	https://pmc.ncbi.nlm.nih.gov/articles/PMC8975272	2022	-2.2	Dulaglutide	1.5	nmol/kg	subcutaneous	db/db	Mice	both	8.0	genetic	45.0	70.0	1+every2days	28	14	NCT02973100	ADULT,OLDER_ADULT	all	PHASE2	73.0	Dulaglutide	-1.31	3.0	1+every7days	126	18	54.0	0.8900000000000001	1
PMC8975272	https://pmc.ncbi.nlm.nih.gov/articles/PMC8975272	2022	-2.2	Dulaglutide	1.5	nmol/kg	subcutaneous	db/db	Mice	both	8.0	genetic	45.0	70.0	1+every2days	28	14	NCT02973100	ADULT,OLDER_ADULT	all	PHASE2	66.0	Dulaglutide	-1.4	4.5	1+every7days	126	18	81.0	0.8000000000000003	1
PMC7383507	https://pmc.ncbi.nlm.nih.gov/articles/PMC7383507	2020	-1.9	Dulaglutide	0.6	mg/kg	subcutaneous	C57BLKS/J-db/db	Mice	male	12.0	genetic		35.0	2+every7days	28	8	NCT03015220	ADULT,OLDER_ADULT	all	PHASE3	65.0	Dulaglutide	-1.4	0.75	1+every7days	364	52	39.0	0.5	1
PMC8974032	https://pmc.ncbi.nlm.nih.gov/articles/PMC8974032	2022	-1	Semaglutide	90	nmol/kg	subcutaneous	db/db	Mice	male		genetic	40.0	49.0	1+every7days	56	8	NCT03015220	ADULT,OLDER_ADULT	all	PHASE3	131.0	Semaglutide	-0.8	3.0	1+every1days	364	364	1092.0	0.19999999999999996	1
PMC8974032	https://pmc.ncbi.nlm.nih.gov/articles/PMC8974032	2022	-1	Semaglutide	90	nmol/kg	subcutaneous	db/db	Mice	male		genetic	40.0	49.0	1+every7days	56	8	NCT03015220	ADULT,OLDER_ADULT	all	PHASE3	132.0	Semaglutide	-1.4	7.0	1+every1days	364	364	2548.0	-0.3999999999999999	1
PMC8974032	https://pmc.ncbi.nlm.nih.gov/articles/PMC8974032	2022	-1	Semaglutide	90	nmol/kg	subcutaneous	db/db	Mice	male		genetic	40.0	49.0	1+every7days	56	8	NCT03015220	ADULT,OLDER_ADULT	all	PHASE3	130.0	Semaglutide	-1.8	14.0	1+every1days	364	364	5096.0	-0.8	1
PMC9050719	https://pmc.ncbi.nlm.nih.gov/articles/PMC9050719	2020	-0.05	Semaglutide	25	nmol/kg	subcutaneous	db/db	Mice	male	6.0	genetic	35.0	56.0	1+every7days	21	3	NCT03015220	ADULT,OLDER_ADULT	all	PHASE3	131.0	Semaglutide	-0.8	3.0	1+every1days	364	364	1092.0	-0.75	1
PMC9050719	https://pmc.ncbi.nlm.nih.gov/articles/PMC9050719	2020	-0.3	Semaglutide	25	nmol/kg	subcutaneous	db/db	Mice	male	6.0	genetic	35.0	56.0	1+every1days	21	21	NCT03015220	ADULT,OLDER_ADULT	all	PHASE3	131.0	Semaglutide	-0.8	3.0	1+every1days	364	364	1092.0	-0.5	1
PMC9050719	https://pmc.ncbi.nlm.nih.gov/articles/PMC9050719	2020	-0.05	Semaglutide	25	nmol/kg	subcutaneous	db/db	Mice	male	6.0	genetic	35.0	56.0	1+every7days	21	3	NCT03015220	ADULT,OLDER_ADULT	all	PHASE3	132.0	Semaglutide	-1.4	7.0	1+every1days	364	364	2548.0	-1.3499999999999999	0
PMC9050719	https://pmc.ncbi.nlm.nih.gov/articles/PMC9050719	2020	-0.3	Semaglutide	25	nmol/kg	subcutaneous	db/db	Mice	male	6.0	genetic	35.0	56.0	1+every1days	21	21	NCT03015220	ADULT,OLDER_ADULT	all	PHASE3	132.0	Semaglutide	-1.4	7.0	1+every1days	364	364	2548.0	-1.0999999999999999	0
PMC9050719	https://pmc.ncbi.nlm.nih.gov/articles/PMC9050719	2020	-0.05	Semaglutide	25	nmol/kg	subcutaneous	db/db	Mice	male	6.0	genetic	35.0	56.0	1+every7days	21	3	NCT03015220	ADULT,OLDER_ADULT	all	PHASE3	130.0	Semaglutide	-1.8	14.0	1+every1days	364	364	5096.0	-1.75	0
PMC9050719	https://pmc.ncbi.nlm.nih.gov/articles/PMC9050719	2020	-0.3	Semaglutide	25	nmol/kg	subcutaneous	db/db	Mice	male	6.0	genetic	35.0	56.0	1+every1days	21	21	NCT03015220	ADULT,OLDER_ADULT	all	PHASE3	130.0	Semaglutide	-1.8	14.0	1+every1days	364	364	5096.0	-1.5	0
PMC9050719	https://pmc.ncbi.nlm.nih.gov/articles/PMC9050719	2020	-1.3	Semaglutide	25	nmol/kg	subcutaneous	db/db	Mice	male	6.0	genetic	35.5	56.0	1+every1days	42	42	NCT03015220	ADULT,OLDER_ADULT	all	PHASE3	131.0	Semaglutide	-0.8	3.0	1+every1days	364	364	1092.0	0.5	1
PMC9050719	https://pmc.ncbi.nlm.nih.gov/articles/PMC9050719	2020	-1.3	Semaglutide	25	nmol/kg	subcutaneous	db/db	Mice	male	6.0	genetic	35.5	56.0	1+every1days	42	42	NCT03015220	ADULT,OLDER_ADULT	all	PHASE3	132.0	Semaglutide	-1.4	7.0	1+every1days	364	364	2548.0	-0.09999999999999987	1
PMC9050719	https://pmc.ncbi.nlm.nih.gov/articles/PMC9050719	2020	-1.3	Semaglutide	25	nmol/kg	subcutaneous	db/db	Mice	male	6.0	genetic	35.5	56.0	1+every1days	42	42	NCT03015220	ADULT,OLDER_ADULT	all	PHASE3	130.0	Semaglutide	-1.8	14.0	1+every1days	364	364	5096.0	-0.5	1
PMC9796023	https://pmc.ncbi.nlm.nih.gov/articles/PMC9796023	2022	-2.7	Semaglutide	14	nmol/kg	subcutaneous	db/db	Mice	both	8.0	genetic	47.5	63.0	1+every2days	28	14	NCT03015220	ADULT,OLDER_ADULT	all	PHASE3	131.0	Semaglutide	-0.8	3.0	1+every1days	364	364	1092.0	1.9000000000000001	0
PMC9796023	https://pmc.ncbi.nlm.nih.gov/articles/PMC9796023	2022	-1.8	Dulaglutide	1.5	nmol/kg	subcutaneous	db/db	Mice	both	8.0	genetic	47.5	63.0	1+every2days	28	14	NCT03015220	ADULT,OLDER_ADULT	all	PHASE3	65.0	Dulaglutide	-1.4	0.75	1+every7days	364	52	39.0	0.40000000000000013	1
PMC9796023	https://pmc.ncbi.nlm.nih.gov/articles/PMC9796023	2022	-2.7	Semaglutide	14	nmol/kg	subcutaneous	db/db	Mice	both	8.0	genetic	47.5	63.0	1+every2days	28	14	NCT03015220	ADULT,OLDER_ADULT	all	PHASE3	132.0	Semaglutide	-1.4	7.0	1+every1days	364	364	2548.0	1.3000000000000003	0
PMC9796023	https://pmc.ncbi.nlm.nih.gov/articles/PMC9796023	2022	-2.7	Semaglutide	14	nmol/kg	subcutaneous	db/db	Mice	both	8.0	genetic	47.5	63.0	1+every2days	28	14	NCT03015220	ADULT,OLDER_ADULT	all	PHASE3	130.0	Semaglutide	-1.8	14.0	1+every1days	364	364	5096.0	0.9000000000000001	1
PMC8975272	https://pmc.ncbi.nlm.nih.gov/articles/PMC8975272	2022	-2.3	Semaglutide	15	nmol/kg	subcutaneous	db/db	Mice	both	8.0	genetic	45.0	70.0	1+every2days	28	14	NCT03015220	ADULT,OLDER_ADULT	all	PHASE3	131.0	Semaglutide	-0.8	3.0	1+every1days	364	364	1092.0	1.4999999999999998	0
PMC8975272	https://pmc.ncbi.nlm.nih.gov/articles/PMC8975272	2022	-2.2	Dulaglutide	1.5	nmol/kg	subcutaneous	db/db	Mice	both	8.0	genetic	45.0	70.0	1+every2days	28	14	NCT03015220	ADULT,OLDER_ADULT	all	PHASE3	65.0	Dulaglutide	-1.4	0.75	1+every7days	364	52	39.0	0.8000000000000003	1
PMC8975272	https://pmc.ncbi.nlm.nih.gov/articles/PMC8975272	2022	-2.3	Semaglutide	15	nmol/kg	subcutaneous	db/db	Mice	both	8.0	genetic	45.0	70.0	1+every2days	28	14	NCT03015220	ADULT,OLDER_ADULT	all	PHASE3	132.0	Semaglutide	-1.4	7.0	1+every1days	364	364	2548.0	0.8999999999999999	1
PMC8975272	https://pmc.ncbi.nlm.nih.gov/articles/PMC8975272	2022	-2.3	Semaglutide	15	nmol/kg	subcutaneous	db/db	Mice	both	8.0	genetic	45.0	70.0	1+every2days	28	14	NCT03015220	ADULT,OLDER_ADULT	all	PHASE3	130.0	Semaglutide	-1.8	14.0	1+every1days	364	364	5096.0	0.4999999999999998	1
PMC9374709	https://pmc.ncbi.nlm.nih.gov/articles/PMC9374709	2022	-1.34	Liraglutide	0.4	mg/kg	subcutaneous	C57BL/6NRj	Mice	male	23.0	high-fat diet	35.0	112.0	1+every1days	28	28	NCT03018028	ADULT,OLDER_ADULT	all	PHASE3	41.0	Liraglutide	-1.3	0.9	1+every1days	364	364	327.6	0.040000000000000036	1
PMC9374709	https://pmc.ncbi.nlm.nih.gov/articles/PMC9374709	2022	-11.69	Liraglutide	0.4	mg/kg	subcutaneous	C57BL/6NTac	Mice	male	16.0	high-fat diet	35.0	112.0	1+every1days	28	28	NCT03018028	ADULT,OLDER_ADULT	all	PHASE3	41.0	Liraglutide	-1.3	0.9	1+every1days	364	364	327.6	10.389999999999999	0
PMC6412877	https://pmc.ncbi.nlm.nih.gov/articles/PMC6412877	2019	-0.5	Liraglutide	25	nmol/kg	subcutaneous		Mice	male		high-fat diet		49.0	1+every1days	28	28	NCT03018028	ADULT,OLDER_ADULT	all	PHASE3	41.0	Liraglutide	-1.3	0.9	1+every1days	364	364	327.6	-0.8	1
PMC8974032	https://pmc.ncbi.nlm.nih.gov/articles/PMC8974032	2022	-1	Semaglutide	90	nmol/kg	subcutaneous	db/db	Mice	male		genetic	40.0	49.0	1+every7days	56	8	NCT03018028	ADULT,OLDER_ADULT	all	PHASE3	38.0	Semaglutide	-1	3.0	1+every1days	364	364	1092.0	0.0	1
PMC8974032	https://pmc.ncbi.nlm.nih.gov/articles/PMC8974032	2022	-1	Semaglutide	90	nmol/kg	subcutaneous	db/db	Mice	male		genetic	40.0	49.0	1+every7days	56	8	NCT03018028	ADULT,OLDER_ADULT	all	PHASE3	43.0	Semaglutide	-1.4	7.0	1+every1days	364	364	2548.0	-0.3999999999999999	1
PMC8974032	https://pmc.ncbi.nlm.nih.gov/articles/PMC8974032	2022	-1	Semaglutide	90	nmol/kg	subcutaneous	db/db	Mice	male		genetic	40.0	49.0	1+every7days	56	8	NCT03018028	ADULT,OLDER_ADULT	all	PHASE3	41.0	Semaglutide	-1.5	14.0	1+every1days	364	364	5096.0	-0.5	1
PMC9072222	https://pmc.ncbi.nlm.nih.gov/articles/PMC9072222	2019	-1.4	Liraglutide	0.1	mg/kg	subcutaneous	db/db	Mice	male	40.0	genetic		49.0	1+every1days	56	56	NCT03018028	ADULT,OLDER_ADULT	all	PHASE3	41.0	Liraglutide	-1.3	0.9	1+every1days	364	364	327.6	0.09999999999999987	1
PMC9050719	https://pmc.ncbi.nlm.nih.gov/articles/PMC9050719	2020	-0.05	Semaglutide	25	nmol/kg	subcutaneous	db/db	Mice	male	6.0	genetic	35.0	56.0	1+every7days	21	3	NCT03018028	ADULT,OLDER_ADULT	all	PHASE3	38.0	Semaglutide	-1	3.0	1+every1days	364	364	1092.0	-0.95	1
PMC9050719	https://pmc.ncbi.nlm.nih.gov/articles/PMC9050719	2020	-0.3	Semaglutide	25	nmol/kg	subcutaneous	db/db	Mice	male	6.0	genetic	35.0	56.0	1+every1days	21	21	NCT03018028	ADULT,OLDER_ADULT	all	PHASE3	38.0	Semaglutide	-1	3.0	1+every1days	364	364	1092.0	-0.7	1
PMC9050719	https://pmc.ncbi.nlm.nih.gov/articles/PMC9050719	2020	-0.05	Semaglutide	25	nmol/kg	subcutaneous	db/db	Mice	male	6.0	genetic	35.0	56.0	1+every7days	21	3	NCT03018028	ADULT,OLDER_ADULT	all	PHASE3	43.0	Semaglutide	-1.4	7.0	1+every1days	364	364	2548.0	-1.3499999999999999	0
PMC9050719	https://pmc.ncbi.nlm.nih.gov/articles/PMC9050719	2020	-0.3	Semaglutide	25	nmol/kg	subcutaneous	db/db	Mice	male	6.0	genetic	35.0	56.0	1+every1days	21	21	NCT03018028	ADULT,OLDER_ADULT	all	PHASE3	43.0	Semaglutide	-1.4	7.0	1+every1days	364	364	2548.0	-1.0999999999999999	0
PMC9050719	https://pmc.ncbi.nlm.nih.gov/articles/PMC9050719	2020	-0.05	Semaglutide	25	nmol/kg	subcutaneous	db/db	Mice	male	6.0	genetic	35.0	56.0	1+every7days	21	3	NCT03018028	ADULT,OLDER_ADULT	all	PHASE3	41.0	Semaglutide	-1.5	14.0	1+every1days	364	364	5096.0	-1.45	0
PMC9050719	https://pmc.ncbi.nlm.nih.gov/articles/PMC9050719	2020	-0.3	Semaglutide	25	nmol/kg	subcutaneous	db/db	Mice	male	6.0	genetic	35.0	56.0	1+every1days	21	21	NCT03018028	ADULT,OLDER_ADULT	all	PHASE3	41.0	Semaglutide	-1.5	14.0	1+every1days	364	364	5096.0	-1.2	0
PMC9050719	https://pmc.ncbi.nlm.nih.gov/articles/PMC9050719	2020	-1.3	Semaglutide	25	nmol/kg	subcutaneous	db/db	Mice	male	6.0	genetic	35.5	56.0	1+every1days	42	42	NCT03018028	ADULT,OLDER_ADULT	all	PHASE3	38.0	Semaglutide	-1	3.0	1+every1days	364	364	1092.0	0.30000000000000004	1
PMC9050719	https://pmc.ncbi.nlm.nih.gov/articles/PMC9050719	2020	-1.3	Semaglutide	25	nmol/kg	subcutaneous	db/db	Mice	male	6.0	genetic	35.5	56.0	1+every1days	42	42	NCT03018028	ADULT,OLDER_ADULT	all	PHASE3	43.0	Semaglutide	-1.4	7.0	1+every1days	364	364	2548.0	-0.09999999999999987	1
PMC9050719	https://pmc.ncbi.nlm.nih.gov/articles/PMC9050719	2020	-1.3	Semaglutide	25	nmol/kg	subcutaneous	db/db	Mice	male	6.0	genetic	35.5	56.0	1+every1days	42	42	NCT03018028	ADULT,OLDER_ADULT	all	PHASE3	41.0	Semaglutide	-1.5	14.0	1+every1days	364	364	5096.0	-0.19999999999999996	1
PMC9796023	https://pmc.ncbi.nlm.nih.gov/articles/PMC9796023	2022	-2.7	Semaglutide	14	nmol/kg	subcutaneous	db/db	Mice	both	8.0	genetic	47.5	63.0	1+every2days	28	14	NCT03018028	ADULT,OLDER_ADULT	all	PHASE3	38.0	Semaglutide	-1	3.0	1+every1days	364	364	1092.0	1.7000000000000002	0
PMC9796023	https://pmc.ncbi.nlm.nih.gov/articles/PMC9796023	2022	-2.7	Semaglutide	14	nmol/kg	subcutaneous	db/db	Mice	both	8.0	genetic	47.5	63.0	1+every2days	28	14	NCT03018028	ADULT,OLDER_ADULT	all	PHASE3	43.0	Semaglutide	-1.4	7.0	1+every1days	364	364	2548.0	1.3000000000000003	0
PMC9796023	https://pmc.ncbi.nlm.nih.gov/articles/PMC9796023	2022	-2.7	Semaglutide	14	nmol/kg	subcutaneous	db/db	Mice	both	8.0	genetic	47.5	63.0	1+every2days	28	14	NCT03018028	ADULT,OLDER_ADULT	all	PHASE3	41.0	Semaglutide	-1.5	14.0	1+every1days	364	364	5096.0	1.2000000000000002	0
PMC8975272	https://pmc.ncbi.nlm.nih.gov/articles/PMC8975272	2022	-2.3	Semaglutide	15	nmol/kg	subcutaneous	db/db	Mice	both	8.0	genetic	45.0	70.0	1+every2days	28	14	NCT03018028	ADULT,OLDER_ADULT	all	PHASE3	38.0	Semaglutide	-1	3.0	1+every1days	364	364	1092.0	1.2999999999999998	0
PMC8975272	https://pmc.ncbi.nlm.nih.gov/articles/PMC8975272	2022	-2.3	Semaglutide	15	nmol/kg	subcutaneous	db/db	Mice	both	8.0	genetic	45.0	70.0	1+every2days	28	14	NCT03018028	ADULT,OLDER_ADULT	all	PHASE3	43.0	Semaglutide	-1.4	7.0	1+every1days	364	364	2548.0	0.8999999999999999	1
PMC8975272	https://pmc.ncbi.nlm.nih.gov/articles/PMC8975272	2022	-2.3	Semaglutide	15	nmol/kg	subcutaneous	db/db	Mice	both	8.0	genetic	45.0	70.0	1+every2days	28	14	NCT03018028	ADULT,OLDER_ADULT	all	PHASE3	41.0	Semaglutide	-1.5	14.0	1+every1days	364	364	5096.0	0.7999999999999998	1
PMC9112483	https://pmc.ncbi.nlm.nih.gov/articles/PMC9112483	2022	-1.4	Liraglutide	200	μg/kg	subcutaneous	Zucker Diabetic Fatty	Rats	male	7.0	genetic		77.0	2+every1days	140	280	NCT03018028	ADULT,OLDER_ADULT	all	PHASE3	41.0	Liraglutide	-1.3	0.9	1+every1days	364	364	327.6	0.09999999999999987	1
PMC8974032	https://pmc.ncbi.nlm.nih.gov/articles/PMC8974032	2022	-1	Semaglutide	90	nmol/kg	subcutaneous	db/db	Mice	male		genetic	40.0	49.0	1+every7days	56	8	NCT03021187	ADULT,OLDER_ADULT	all	PHASE3	173.0	Semaglutide	-0.6	3.0	1+every1days	364	364	1092.0	0.4	1
PMC9050719	https://pmc.ncbi.nlm.nih.gov/articles/PMC9050719	2020	-0.05	Semaglutide	25	nmol/kg	subcutaneous	db/db	Mice	male	6.0	genetic	35.0	56.0	1+every7days	21	3	NCT03021187	ADULT,OLDER_ADULT	all	PHASE3	173.0	Semaglutide	-0.6	3.0	1+every1days	364	364	1092.0	-0.5499999999999999	1
PMC9050719	https://pmc.ncbi.nlm.nih.gov/articles/PMC9050719	2020	-0.3	Semaglutide	25	nmol/kg	subcutaneous	db/db	Mice	male	6.0	genetic	35.0	56.0	1+every1days	21	21	NCT03021187	ADULT,OLDER_ADULT	all	PHASE3	173.0	Semaglutide	-0.6	3.0	1+every1days	364	364	1092.0	-0.3	1
PMC9050719	https://pmc.ncbi.nlm.nih.gov/articles/PMC9050719	2020	-1.3	Semaglutide	25	nmol/kg	subcutaneous	db/db	Mice	male	6.0	genetic	35.5	56.0	1+every1days	42	42	NCT03021187	ADULT,OLDER_ADULT	all	PHASE3	173.0	Semaglutide	-0.6	3.0	1+every1days	364	364	1092.0	0.7000000000000001	1
PMC9796023	https://pmc.ncbi.nlm.nih.gov/articles/PMC9796023	2022	-2.7	Semaglutide	14	nmol/kg	subcutaneous	db/db	Mice	both	8.0	genetic	47.5	63.0	1+every2days	28	14	NCT03021187	ADULT,OLDER_ADULT	all	PHASE3	173.0	Semaglutide	-0.6	3.0	1+every1days	364	364	1092.0	2.1	0
PMC8975272	https://pmc.ncbi.nlm.nih.gov/articles/PMC8975272	2022	-2.3	Semaglutide	15	nmol/kg	subcutaneous	db/db	Mice	both	8.0	genetic	45.0	70.0	1+every2days	28	14	NCT03021187	ADULT,OLDER_ADULT	all	PHASE3	173.0	Semaglutide	-0.6	3.0	1+every1days	364	364	1092.0	1.6999999999999997	0
PMC8974032	https://pmc.ncbi.nlm.nih.gov/articles/PMC8974032	2022	-1	Semaglutide	90	nmol/kg	subcutaneous	db/db	Mice	male		genetic	40.0	49.0	1+every7days	56	8	NCT03086330	ADULT,OLDER_ADULT	all	PHASE3	151.0	Semaglutide	-1.6	1.0	1+every7days	210	30	30.0	-0.6000000000000001	1
PMC9050719	https://pmc.ncbi.nlm.nih.gov/articles/PMC9050719	2020	-0.05	Semaglutide	25	nmol/kg	subcutaneous	db/db	Mice	male	6.0	genetic	35.0	56.0	1+every7days	21	3	NCT03086330	ADULT,OLDER_ADULT	all	PHASE3	151.0	Semaglutide	-1.6	1.0	1+every7days	210	30	30.0	-1.55	0
PMC9050719	https://pmc.ncbi.nlm.nih.gov/articles/PMC9050719	2020	-0.3	Semaglutide	25	nmol/kg	subcutaneous	db/db	Mice	male	6.0	genetic	35.0	56.0	1+every1days	21	21	NCT03086330	ADULT,OLDER_ADULT	all	PHASE3	151.0	Semaglutide	-1.6	1.0	1+every7days	210	30	30.0	-1.3	0
PMC9050719	https://pmc.ncbi.nlm.nih.gov/articles/PMC9050719	2020	-1.3	Semaglutide	25	nmol/kg	subcutaneous	db/db	Mice	male	6.0	genetic	35.5	56.0	1+every1days	42	42	NCT03086330	ADULT,OLDER_ADULT	all	PHASE3	151.0	Semaglutide	-1.6	1.0	1+every7days	210	30	30.0	-0.30000000000000004	1
PMC9796023	https://pmc.ncbi.nlm.nih.gov/articles/PMC9796023	2022	-2.7	Semaglutide	14	nmol/kg	subcutaneous	db/db	Mice	both	8.0	genetic	47.5	63.0	1+every2days	28	14	NCT03086330	ADULT,OLDER_ADULT	all	PHASE3	151.0	Semaglutide	-1.6	1.0	1+every7days	210	30	30.0	1.1	0
PMC8975272	https://pmc.ncbi.nlm.nih.gov/articles/PMC8975272	2022	-2.3	Semaglutide	15	nmol/kg	subcutaneous	db/db	Mice	both	8.0	genetic	45.0	70.0	1+every2days	28	14	NCT03086330	ADULT,OLDER_ADULT	all	PHASE3	151.0	Semaglutide	-1.6	1.0	1+every7days	210	30	30.0	0.6999999999999997	1
PMC9374709	https://pmc.ncbi.nlm.nih.gov/articles/PMC9374709	2022	-1.34	Liraglutide	0.4	mg/kg	subcutaneous	C57BL/6NRj	Mice	male	23.0	high-fat diet	35.0	112.0	1+every1days	28	28	NCT03172494	ADULT,OLDER_ADULT	all	PHASE3	151.0	Liraglutide	-1.16	1.8	1+every1days	182	182	327.6	0.18000000000000016	1
PMC9374709	https://pmc.ncbi.nlm.nih.gov/articles/PMC9374709	2022	-11.69	Liraglutide	0.4	mg/kg	subcutaneous	C57BL/6NTac	Mice	male	16.0	high-fat diet	35.0	112.0	1+every1days	28	28	NCT03172494	ADULT,OLDER_ADULT	all	PHASE3	151.0	Liraglutide	-1.16	1.8	1+every1days	182	182	327.6	10.53	0
PMC6412877	https://pmc.ncbi.nlm.nih.gov/articles/PMC6412877	2019	-0.5	Liraglutide	25	nmol/kg	subcutaneous		Mice	male		high-fat diet		49.0	1+every1days	28	28	NCT03172494	ADULT,OLDER_ADULT	all	PHASE3	151.0	Liraglutide	-1.16	1.8	1+every1days	182	182	327.6	-0.6599999999999999	1
PMC9072222	https://pmc.ncbi.nlm.nih.gov/articles/PMC9072222	2019	-1.4	Liraglutide	0.1	mg/kg	subcutaneous	db/db	Mice	male	40.0	genetic		49.0	1+every1days	56	56	NCT03172494	ADULT,OLDER_ADULT	all	PHASE3	151.0	Liraglutide	-1.16	1.8	1+every1days	182	182	327.6	0.24	1
PMC9112483	https://pmc.ncbi.nlm.nih.gov/articles/PMC9112483	2022	-1.4	Liraglutide	200	μg/kg	subcutaneous	Zucker Diabetic Fatty	Rats	male	7.0	genetic		77.0	2+every1days	140	280	NCT03172494	ADULT,OLDER_ADULT	all	PHASE3	151.0	Liraglutide	-1.16	1.8	1+every1days	182	182	327.6	0.24	1
PMC9374709	https://pmc.ncbi.nlm.nih.gov/articles/PMC9374709	2022	-1.34	Liraglutide	0.4	mg/kg	subcutaneous	C57BL/6NRj	Mice	male	23.0	high-fat diet	35.0	112.0	1+every1days	28	28	NCT03191396	ADULT,OLDER_ADULT	all	PHASE3	287.0	Liraglutide	-1.1	1.2	1+every1days	210	210	252.0	0.24	1
PMC9374709	https://pmc.ncbi.nlm.nih.gov/articles/PMC9374709	2022	-11.69	Liraglutide	0.4	mg/kg	subcutaneous	C57BL/6NTac	Mice	male	16.0	high-fat diet	35.0	112.0	1+every1days	28	28	NCT03191396	ADULT,OLDER_ADULT	all	PHASE3	287.0	Liraglutide	-1.1	1.2	1+every1days	210	210	252.0	10.59	0
PMC6412877	https://pmc.ncbi.nlm.nih.gov/articles/PMC6412877	2019	-0.5	Liraglutide	25	nmol/kg	subcutaneous		Mice	male		high-fat diet		49.0	1+every1days	28	28	NCT03191396	ADULT,OLDER_ADULT	all	PHASE3	287.0	Liraglutide	-1.1	1.2	1+every1days	210	210	252.0	-0.6000000000000001	1
PMC8974032	https://pmc.ncbi.nlm.nih.gov/articles/PMC8974032	2022	-1	Semaglutide	90	nmol/kg	subcutaneous	db/db	Mice	male		genetic	40.0	49.0	1+every7days	56	8	NCT03191396	ADULT,OLDER_ADULT	all	PHASE3	290.0	Semaglutide	-1.7	1.0	1+every7days	210	30	30.0	-0.7	1
PMC9072222	https://pmc.ncbi.nlm.nih.gov/articles/PMC9072222	2019	-1.4	Liraglutide	0.1	mg/kg	subcutaneous	db/db	Mice	male	40.0	genetic		49.0	1+every1days	56	56	NCT03191396	ADULT,OLDER_ADULT	all	PHASE3	287.0	Liraglutide	-1.1	1.2	1+every1days	210	210	252.0	0.2999999999999998	1
PMC9050719	https://pmc.ncbi.nlm.nih.gov/articles/PMC9050719	2020	-0.05	Semaglutide	25	nmol/kg	subcutaneous	db/db	Mice	male	6.0	genetic	35.0	56.0	1+every7days	21	3	NCT03191396	ADULT,OLDER_ADULT	all	PHASE3	290.0	Semaglutide	-1.7	1.0	1+every7days	210	30	30.0	-1.65	0
PMC9050719	https://pmc.ncbi.nlm.nih.gov/articles/PMC9050719	2020	-0.3	Semaglutide	25	nmol/kg	subcutaneous	db/db	Mice	male	6.0	genetic	35.0	56.0	1+every1days	21	21	NCT03191396	ADULT,OLDER_ADULT	all	PHASE3	290.0	Semaglutide	-1.7	1.0	1+every7days	210	30	30.0	-1.4	0
PMC9050719	https://pmc.ncbi.nlm.nih.gov/articles/PMC9050719	2020	-1.3	Semaglutide	25	nmol/kg	subcutaneous	db/db	Mice	male	6.0	genetic	35.5	56.0	1+every1days	42	42	NCT03191396	ADULT,OLDER_ADULT	all	PHASE3	290.0	Semaglutide	-1.7	1.0	1+every7days	210	30	30.0	-0.3999999999999999	1
PMC9796023	https://pmc.ncbi.nlm.nih.gov/articles/PMC9796023	2022	-2.7	Semaglutide	14	nmol/kg	subcutaneous	db/db	Mice	both	8.0	genetic	47.5	63.0	1+every2days	28	14	NCT03191396	ADULT,OLDER_ADULT	all	PHASE3	290.0	Semaglutide	-1.7	1.0	1+every7days	210	30	30.0	1.0000000000000002	1
PMC8975272	https://pmc.ncbi.nlm.nih.gov/articles/PMC8975272	2022	-2.3	Semaglutide	15	nmol/kg	subcutaneous	db/db	Mice	both	8.0	genetic	45.0	70.0	1+every2days	28	14	NCT03191396	ADULT,OLDER_ADULT	all	PHASE3	290.0	Semaglutide	-1.7	1.0	1+every7days	210	30	30.0	0.5999999999999999	1
PMC9112483	https://pmc.ncbi.nlm.nih.gov/articles/PMC9112483	2022	-1.4	Liraglutide	200	μg/kg	subcutaneous	Zucker Diabetic Fatty	Rats	male	7.0	genetic		77.0	2+every1days	140	280	NCT03191396	ADULT,OLDER_ADULT	all	PHASE3	287.0	Liraglutide	-1.1	1.2	1+every1days	210	210	252.0	0.2999999999999998	1
PMC9143250	https://pmc.ncbi.nlm.nih.gov/articles/PMC9143250	2022	-8.5	Dapagliflozin	1	mg/kg	oral	Wistar	Rats	both	6.0	high-fat diet+streptozotocin	215.0		1+every1days	28	28	NCT03199053	CHILD,ADULT	all	PHASE3	75.0	Dapagliflozin	-0.62	5.0	1+every1days	182	182	910.0	7.88	0
PMC9143250	https://pmc.ncbi.nlm.nih.gov/articles/PMC9143250	2022	-8.5	Dapagliflozin	1	mg/kg	oral	Wistar	Rats	both	6.0	high-fat diet+streptozotocin	215.0		1+every1days	28	28	NCT03199053	CHILD,ADULT	all	PHASE3	21.0	Dapagliflozin	-0.71	5.0	1+every1days	182	182	910.0	7.79	0
PMC9143250	https://pmc.ncbi.nlm.nih.gov/articles/PMC9143250	2022	-8.5	Dapagliflozin	1	mg/kg	oral	Wistar	Rats	both	6.0	high-fat diet+streptozotocin	215.0		1+every1days	28	28	NCT03199053	CHILD,ADULT	all	PHASE3	19.0	Dapagliflozin	-0.74	10.0	1+every1days	182	182	1820.0	7.76	0
PMC10308685	https://pmc.ncbi.nlm.nih.gov/articles/PMC10308685	2023	-5.4	Dapagliflozin	1	mg/kg	oral	Zucker Diabetic Fatty	Rats	male	8.0	genetic		112.0	1+every1days	84	84	NCT03199053	CHILD,ADULT	all	PHASE3	75.0	Dapagliflozin	-0.62	5.0	1+every1days	182	182	910.0	4.78	0
PMC10308685	https://pmc.ncbi.nlm.nih.gov/articles/PMC10308685	2023	-5.4	Dapagliflozin	1	mg/kg	oral	Zucker Diabetic Fatty	Rats	male	8.0	genetic		112.0	1+every1days	84	84	NCT03199053	CHILD,ADULT	all	PHASE3	21.0	Dapagliflozin	-0.71	5.0	1+every1days	182	182	910.0	4.69	0
PMC10308685	https://pmc.ncbi.nlm.nih.gov/articles/PMC10308685	2023	-5.4	Dapagliflozin	1	mg/kg	oral	Zucker Diabetic Fatty	Rats	male	8.0	genetic		112.0	1+every1days	84	84	NCT03199053	CHILD,ADULT	all	PHASE3	19.0	Dapagliflozin	-0.74	10.0	1+every1days	182	182	1820.0	4.66	0
PMC4237538	https://pmc.ncbi.nlm.nih.gov/articles/PMC4237538	2013	-1.4	Dapagliflozin	1	mg/kg	oral	ob/ob	Mice	male		genetic	43.0	56.0	1+every1days	28	28	NCT03199053	CHILD,ADULT	all	PHASE3	75.0	Dapagliflozin	-0.62	5.0	1+every1days	182	182	910.0	0.7799999999999999	1
PMC4237538	https://pmc.ncbi.nlm.nih.gov/articles/PMC4237538	2013	-1.4	Dapagliflozin	1	mg/kg	oral	ob/ob	Mice	male		genetic	43.0	56.0	1+every1days	28	28	NCT03199053	CHILD,ADULT	all	PHASE3	21.0	Dapagliflozin	-0.71	5.0	1+every1days	182	182	910.0	0.69	1
PMC4237538	https://pmc.ncbi.nlm.nih.gov/articles/PMC4237538	2013	-1.4	Dapagliflozin	1	mg/kg	oral	ob/ob	Mice	male		genetic	43.0	56.0	1+every1days	28	28	NCT03199053	CHILD,ADULT	all	PHASE3	19.0	Dapagliflozin	-0.74	10.0	1+every1days	182	182	1820.0	0.6599999999999999	1
PMC9112483	https://pmc.ncbi.nlm.nih.gov/articles/PMC9112483	2022	-0.2	Saxagliptin	10	mg/kg	intragastric	Zucker Diabetic Fatty	Rats	male	7.0	genetic		77.0	1+every1days	140	140	NCT03199053	CHILD,ADULT	all	PHASE3	25.0	Saxagliptin	-0.16	5.0	1+every1days	182	182	910.0	0.04000000000000001	1
PMC9112483	https://pmc.ncbi.nlm.nih.gov/articles/PMC9112483	2022	-0.2	Saxagliptin	10	mg/kg	intragastric	Zucker Diabetic Fatty	Rats	male	7.0	genetic		77.0	1+every1days	140	140	NCT03199053	CHILD,ADULT	all	PHASE3	82.0	Saxagliptin	0.06	2.5	1+every1days	182	182	455.0	0.26	1
PMC9112483	https://pmc.ncbi.nlm.nih.gov/articles/PMC9112483	2022	-0.2	Saxagliptin	10	mg/kg	intragastric	Zucker Diabetic Fatty	Rats	male	7.0	genetic		77.0	1+every1days	140	140	NCT03199053	CHILD,ADULT	all	PHASE3	24.0	Saxagliptin	0.07	2.5	1+every1days	182	182	455.0	0.27	1
PMC6856656	https://pmc.ncbi.nlm.nih.gov/articles/PMC6856656	2019	-2.9	Dapagliflozin	1.0	mg/kg	oral	Zucker Diabetic Fatty	Rats	male	8.0	high-fat diet		84.0	1+every1days	63	63	NCT03199053	CHILD,ADULT	all	PHASE3	75.0	Dapagliflozin	-0.62	5.0	1+every1days	182	182	910.0	2.28	0
PMC6856656	https://pmc.ncbi.nlm.nih.gov/articles/PMC6856656	2019	-2.9	Dapagliflozin	1.0	mg/kg	oral	Zucker Diabetic Fatty	Rats	male	8.0	high-fat diet		84.0	1+every1days	63	63	NCT03199053	CHILD,ADULT	all	PHASE3	21.0	Dapagliflozin	-0.71	5.0	1+every1days	182	182	910.0	2.19	0
PMC6856656	https://pmc.ncbi.nlm.nih.gov/articles/PMC6856656	2019	-2.9	Dapagliflozin	1.0	mg/kg	oral	Zucker Diabetic Fatty	Rats	male	8.0	high-fat diet		84.0	1+every1days	63	63	NCT03199053	CHILD,ADULT	all	PHASE3	19.0	Dapagliflozin	-0.74	10.0	1+every1days	182	182	1820.0	2.16	0
PMC5089752	https://pmc.ncbi.nlm.nih.gov/articles/PMC5089752	2016	-2.04	Dapagliflozin	1.0	mg/kg	oral	Otsuka Long-Evans Tokushima Fatty	Rats	male	10.0	genetic		98.0	1+every1days	84	84	NCT03199053	CHILD,ADULT	all	PHASE3	75.0	Dapagliflozin	-0.62	5.0	1+every1days	182	182	910.0	1.42	0
PMC5089752	https://pmc.ncbi.nlm.nih.gov/articles/PMC5089752	2016	-2.04	Dapagliflozin	1.0	mg/kg	oral	Otsuka Long-Evans Tokushima Fatty	Rats	male	10.0	genetic		98.0	1+every1days	84	84	NCT03199053	CHILD,ADULT	all	PHASE3	21.0	Dapagliflozin	-0.71	5.0	1+every1days	182	182	910.0	1.33	0
PMC5089752	https://pmc.ncbi.nlm.nih.gov/articles/PMC5089752	2016	-2.04	Dapagliflozin	1.0	mg/kg	oral	Otsuka Long-Evans Tokushima Fatty	Rats	male	10.0	genetic		98.0	1+every1days	84	84	NCT03199053	CHILD,ADULT	all	PHASE3	19.0	Dapagliflozin	-0.74	10.0	1+every1days	182	182	1820.0	1.3	0
PMC8953658	https://pmc.ncbi.nlm.nih.gov/articles/PMC8953658	2022	-3	Dapagliflozin	1	mg/kg	oral gavage	Zucker Diabetic Fatty	Rats	male	7.0	genetic		98.0	1+every1days	28	28	NCT03199053	CHILD,ADULT	all	PHASE3	75.0	Dapagliflozin	-0.62	5.0	1+every1days	182	182	910.0	2.38	0
PMC8953658	https://pmc.ncbi.nlm.nih.gov/articles/PMC8953658	2022	-3	Dapagliflozin	1	mg/kg	oral gavage	Zucker Diabetic Fatty	Rats	male	7.0	genetic		98.0	1+every1days	28	28	NCT03199053	CHILD,ADULT	all	PHASE3	21.0	Dapagliflozin	-0.71	5.0	1+every1days	182	182	910.0	2.29	0
PMC8953658	https://pmc.ncbi.nlm.nih.gov/articles/PMC8953658	2022	-3	Dapagliflozin	1	mg/kg	oral gavage	Zucker Diabetic Fatty	Rats	male	7.0	genetic		98.0	1+every1days	28	28	NCT03199053	CHILD,ADULT	all	PHASE3	19.0	Dapagliflozin	-0.74	10.0	1+every1days	182	182	1820.0	2.26	0
PMC6701666	https://pmc.ncbi.nlm.nih.gov/articles/PMC6701666	2019	0	Glimepiride	2	mg/kg	oral	db/db	Mice	female	12.0	genetic		38.5	1+every1days	42	42	NCT03332771	ADULT,OLDER_ADULT	all	PHASE3	318.0	Glimepiride	-0.61	6.0	1+every1days	364	364	2184.0	-0.61	1
PMC6273299	https://pmc.ncbi.nlm.nih.gov/articles/PMC6273299	2016	-0.3	Glimepiride	5	mg/kg		Zucker Diabetic Fatty	Rats	male	6.0	high-fat diet		42.0	1+every1days	84	84	NCT03332771	ADULT,OLDER_ADULT	all	PHASE3	318.0	Glimepiride	-0.61	6.0	1+every1days	364	364	2184.0	-0.31	1
PMC3610345	https://pmc.ncbi.nlm.nih.gov/articles/PMC3610345	2013	-1	Glimepiride	2.5	mg/kg	oral	db/db	Mice	male		genetic		49.0	1+every1days	42	42	NCT03332771	ADULT,OLDER_ADULT	all	PHASE3	318.0	Glimepiride	-0.61	6.0	1+every1days	364	364	2184.0	0.39	1
PMC5489512	https://pmc.ncbi.nlm.nih.gov/articles/PMC5489512	2017	-0.3	Linagliptin	2	mg/kg	oral	KK-Ay	Mice	female	10.0	genetic	50.0		1+every1days	42	42	NCT03338803	ADULT,OLDER_ADULT	all		11001.0	Linagliptin	-0.51			120			-0.21000000000000002	1
PMC5489512	https://pmc.ncbi.nlm.nih.gov/articles/PMC5489512	2017	-0.3	Linagliptin	2	mg/kg	oral	KK-Ay	Mice	female	10.0	genetic	50.0		1+every1days	42	42	NCT03338803	ADULT,OLDER_ADULT	all		11001.0	Linagliptin	-0.51			60			-0.21000000000000002	1
PMC6701666	https://pmc.ncbi.nlm.nih.gov/articles/PMC6701666	2019	0	Linagliptin	3	mg/kg	oral	db/db	Mice	female	12.0	genetic		38.5	1+every1days	42	42	NCT03338803	ADULT,OLDER_ADULT	all		11001.0	Linagliptin	-0.51			120			-0.51	1
PMC6701666	https://pmc.ncbi.nlm.nih.gov/articles/PMC6701666	2019	0	Linagliptin	3	mg/kg	oral	db/db	Mice	female	12.0	genetic		38.5	1+every1days	42	42	NCT03338803	ADULT,OLDER_ADULT	all		11001.0	Linagliptin	-0.51			60			-0.51	1
PMC5152931	https://pmc.ncbi.nlm.nih.gov/articles/PMC5152931	2016	-2	Linagliptin	0.083	mg/kg	oral	Wistar	Rats	male	22.0	streptozotocin		42.0		168		NCT03338803	ADULT,OLDER_ADULT	all		11001.0	Linagliptin	-0.51			120			1.49	0
PMC5152931	https://pmc.ncbi.nlm.nih.gov/articles/PMC5152931	2016	-2	Linagliptin	0.083	mg/kg	oral	Wistar	Rats	male	22.0	streptozotocin		42.0		168		NCT03338803	ADULT,OLDER_ADULT	all		11001.0	Linagliptin	-0.51			60			1.49	0
PMC5489512	https://pmc.ncbi.nlm.nih.gov/articles/PMC5489512	2017	-0.3	Linagliptin	2	mg/kg	oral	KK-Ay	Mice	female	10.0	genetic	50.0		1+every1days	42	42	NCT03429543	CHILD	all	PHASE3	5.0	Linagliptin	-0.53	5.0	1+every1days	182	182	910.0	-0.23000000000000004	1
PMC5489512	https://pmc.ncbi.nlm.nih.gov/articles/PMC5489512	2017	-0.3	Linagliptin	2	mg/kg	oral	KK-Ay	Mice	female	10.0	genetic	50.0		1+every1days	42	42	NCT03429543	CHILD	all	PHASE3	52.0	Linagliptin	0.33	5.0	1+every1days	182	182	910.0	0.63	1
PMC7092631	https://pmc.ncbi.nlm.nih.gov/articles/PMC7092631	2020	-0.18	Empagliflozin	10	mg/kg	intragastric	Wistar	Rats	male	10.0	high-fat diet+streptozotocin	200.0		1+every1days	28	28	NCT03429543	CHILD	all	PHASE3	39.0	Empagliflozin	-0.49	10.0	1+every1days	182	182	1820.0	-0.31	1
PMC5491464	https://pmc.ncbi.nlm.nih.gov/articles/PMC5491464	2017	-4.3	Empagliflozin	10	mg/kg	oral	Zucker Diabetic Fatty	Rats			genetic		112.0	1+every1days	42	42	NCT03429543	CHILD	all	PHASE3	39.0	Empagliflozin	-0.49	10.0	1+every1days	182	182	1820.0	3.8099999999999996	0
PMC5491464	https://pmc.ncbi.nlm.nih.gov/articles/PMC5491464	2017	-5	Empagliflozin	30	mg/kg	oral	Zucker Diabetic Fatty	Rats			genetic		112.0	1+every1days	42	42	NCT03429543	CHILD	all	PHASE3	39.0	Empagliflozin	-0.49	10.0	1+every1days	182	182	1820.0	4.51	0
PMC6701666	https://pmc.ncbi.nlm.nih.gov/articles/PMC6701666	2019	0	Linagliptin	3	mg/kg	oral	db/db	Mice	female	12.0	genetic		38.5	1+every1days	42	42	NCT03429543	CHILD	all	PHASE3	5.0	Linagliptin	-0.53	5.0	1+every1days	182	182	910.0	-0.53	1
PMC6701666	https://pmc.ncbi.nlm.nih.gov/articles/PMC6701666	2019	0	Linagliptin	3	mg/kg	oral	db/db	Mice	female	12.0	genetic		38.5	1+every1days	42	42	NCT03429543	CHILD	all	PHASE3	52.0	Linagliptin	0.33	5.0	1+every1days	182	182	910.0	0.33	1
PMC5152931	https://pmc.ncbi.nlm.nih.gov/articles/PMC5152931	2016	-2	Linagliptin	0.083	mg/kg	oral	Wistar	Rats	male	22.0	streptozotocin		42.0		168		NCT03429543	CHILD	all	PHASE3	5.0	Linagliptin	-0.53	5.0	1+every1days	182	182	910.0	1.47	0
PMC5152931	https://pmc.ncbi.nlm.nih.gov/articles/PMC5152931	2016	-2	Linagliptin	0.083	mg/kg	oral	Wistar	Rats	male	22.0	streptozotocin		42.0		168		NCT03429543	CHILD	all	PHASE3	52.0	Linagliptin	0.33	5.0	1+every1days	182	182	910.0	2.33	0
PMC6359811	https://pmc.ncbi.nlm.nih.gov/articles/PMC6359811	2019	-5	Empagliflozin	10	mg/kg	oral	KK-Ay	Mice		15.0	high-fat diet		56.0	1+every1days	70	70	NCT03429543	CHILD	all	PHASE3	39.0	Empagliflozin	-0.49	10.0	1+every1days	182	182	1820.0	4.51	0
PMC6681671	https://pmc.ncbi.nlm.nih.gov/articles/PMC6681671	2017	-1.4	Empagliflozin	10	mg/kg	oral	ob/ob	Mice	male	12.5	genetic		77.0	1+every1days	42	42	NCT03429543	CHILD	all	PHASE3	39.0	Empagliflozin	-0.49	10.0	1+every1days	182	182	1820.0	0.9099999999999999	1
PMC8974032	https://pmc.ncbi.nlm.nih.gov/articles/PMC8974032	2022	-1	Semaglutide	90	nmol/kg	subcutaneous	db/db	Mice	male		genetic	40.0	49.0	1+every7days	56	8	NCT03596450	ADULT,OLDER_ADULT	all	PHASE4	374.0	Semaglutide	-1.45		1+every7days	730	104		-0.44999999999999996	1
PMC9050719	https://pmc.ncbi.nlm.nih.gov/articles/PMC9050719	2020	-0.05	Semaglutide	25	nmol/kg	subcutaneous	db/db	Mice	male	6.0	genetic	35.0	56.0	1+every7days	21	3	NCT03596450	ADULT,OLDER_ADULT	all	PHASE4	374.0	Semaglutide	-1.45		1+every7days	730	104		-1.4	0
PMC9050719	https://pmc.ncbi.nlm.nih.gov/articles/PMC9050719	2020	-0.3	Semaglutide	25	nmol/kg	subcutaneous	db/db	Mice	male	6.0	genetic	35.0	56.0	1+every1days	21	21	NCT03596450	ADULT,OLDER_ADULT	all	PHASE4	374.0	Semaglutide	-1.45		1+every7days	730	104		-1.15	0
PMC9050719	https://pmc.ncbi.nlm.nih.gov/articles/PMC9050719	2020	-1.3	Semaglutide	25	nmol/kg	subcutaneous	db/db	Mice	male	6.0	genetic	35.5	56.0	1+every1days	42	42	NCT03596450	ADULT,OLDER_ADULT	all	PHASE4	374.0	Semaglutide	-1.45		1+every7days	730	104		-0.1499999999999999	1
PMC9796023	https://pmc.ncbi.nlm.nih.gov/articles/PMC9796023	2022	-2.7	Semaglutide	14	nmol/kg	subcutaneous	db/db	Mice	both	8.0	genetic	47.5	63.0	1+every2days	28	14	NCT03596450	ADULT,OLDER_ADULT	all	PHASE4	374.0	Semaglutide	-1.45		1+every7days	730	104		1.2500000000000002	0
PMC8975272	https://pmc.ncbi.nlm.nih.gov/articles/PMC8975272	2022	-2.3	Semaglutide	15	nmol/kg	subcutaneous	db/db	Mice	both	8.0	genetic	45.0	70.0	1+every2days	28	14	NCT03596450	ADULT,OLDER_ADULT	all	PHASE4	374.0	Semaglutide	-1.45		1+every7days	730	104		0.8499999999999999	1
PMC7383507	https://pmc.ncbi.nlm.nih.gov/articles/PMC7383507	2020	-1.9	Dulaglutide	0.6	mg/kg	subcutaneous	C57BLKS/J-db/db	Mice	male	12.0	genetic		35.0	2+every7days	28	8	NCT03861052	ADULT,OLDER_ADULT	all	PHASE3	159.0	Dulaglutide	-1.29	0.75	1+every7days	364	52	39.0	0.6099999999999999	1
PMC9796023	https://pmc.ncbi.nlm.nih.gov/articles/PMC9796023	2022	-1.8	Dulaglutide	1.5	nmol/kg	subcutaneous	db/db	Mice	both	8.0	genetic	47.5	63.0	1+every2days	28	14	NCT03861052	ADULT,OLDER_ADULT	all	PHASE3	159.0	Dulaglutide	-1.29	0.75	1+every7days	364	52	39.0	0.51	1
PMC8975272	https://pmc.ncbi.nlm.nih.gov/articles/PMC8975272	2022	-2.2	Dulaglutide	1.5	nmol/kg	subcutaneous	db/db	Mice	both	8.0	genetic	45.0	70.0	1+every2days	28	14	NCT03861052	ADULT,OLDER_ADULT	all	PHASE3	159.0	Dulaglutide	-1.29	0.75	1+every7days	364	52	39.0	0.9100000000000001	1
PMC8974032	https://pmc.ncbi.nlm.nih.gov/articles/PMC8974032	2022	-1	Semaglutide	90	nmol/kg	subcutaneous	db/db	Mice	male		genetic	40.0	49.0	1+every7days	56	8	NCT03951753	ADULT,OLDER_ADULT	all	PHASE1	43.0	Semaglutide	-1.64	1.0	1+every7days	196	28	28.0	-0.6399999999999999	1
PMC9050719	https://pmc.ncbi.nlm.nih.gov/articles/PMC9050719	2020	-0.05	Semaglutide	25	nmol/kg	subcutaneous	db/db	Mice	male	6.0	genetic	35.0	56.0	1+every7days	21	3	NCT03951753	ADULT,OLDER_ADULT	all	PHASE1	43.0	Semaglutide	-1.64	1.0	1+every7days	196	28	28.0	-1.5899999999999999	0
PMC9050719	https://pmc.ncbi.nlm.nih.gov/articles/PMC9050719	2020	-0.3	Semaglutide	25	nmol/kg	subcutaneous	db/db	Mice	male	6.0	genetic	35.0	56.0	1+every1days	21	21	NCT03951753	ADULT,OLDER_ADULT	all	PHASE1	43.0	Semaglutide	-1.64	1.0	1+every7days	196	28	28.0	-1.3399999999999999	0
PMC9050719	https://pmc.ncbi.nlm.nih.gov/articles/PMC9050719	2020	-1.3	Semaglutide	25	nmol/kg	subcutaneous	db/db	Mice	male	6.0	genetic	35.5	56.0	1+every1days	42	42	NCT03951753	ADULT,OLDER_ADULT	all	PHASE1	43.0	Semaglutide	-1.64	1.0	1+every7days	196	28	28.0	-0.33999999999999986	1
PMC9796023	https://pmc.ncbi.nlm.nih.gov/articles/PMC9796023	2022	-2.7	Semaglutide	14	nmol/kg	subcutaneous	db/db	Mice	both	8.0	genetic	47.5	63.0	1+every2days	28	14	NCT03951753	ADULT,OLDER_ADULT	all	PHASE1	43.0	Semaglutide	-1.64	1.0	1+every7days	196	28	28.0	1.0600000000000003	0
PMC8975272	https://pmc.ncbi.nlm.nih.gov/articles/PMC8975272	2022	-2.3	Semaglutide	15	nmol/kg	subcutaneous	db/db	Mice	both	8.0	genetic	45.0	70.0	1+every2days	28	14	NCT03951753	ADULT,OLDER_ADULT	all	PHASE1	43.0	Semaglutide	-1.64	1.0	1+every7days	196	28	28.0	0.6599999999999999	1
PMC8974032	https://pmc.ncbi.nlm.nih.gov/articles/PMC8974032	2022	-1	Semaglutide	90	nmol/kg	subcutaneous	db/db	Mice	male		genetic	40.0	49.0	1+every7days	56	8	NCT03989232	ADULT,OLDER_ADULT	all	PHASE3	480.0	Semaglutide	-2.2	2.0	1+every7days	280	40	80.0	-1.2000000000000002	0
PMC9050719	https://pmc.ncbi.nlm.nih.gov/articles/PMC9050719	2020	-0.05	Semaglutide	25	nmol/kg	subcutaneous	db/db	Mice	male	6.0	genetic	35.0	56.0	1+every7days	21	3	NCT03989232	ADULT,OLDER_ADULT	all	PHASE3	480.0	Semaglutide	-2.2	2.0	1+every7days	280	40	80.0	-2.1500000000000004	0
PMC9050719	https://pmc.ncbi.nlm.nih.gov/articles/PMC9050719	2020	-0.3	Semaglutide	25	nmol/kg	subcutaneous	db/db	Mice	male	6.0	genetic	35.0	56.0	1+every1days	21	21	NCT03989232	ADULT,OLDER_ADULT	all	PHASE3	480.0	Semaglutide	-2.2	2.0	1+every7days	280	40	80.0	-1.9000000000000001	0
PMC9050719	https://pmc.ncbi.nlm.nih.gov/articles/PMC9050719	2020	-1.3	Semaglutide	25	nmol/kg	subcutaneous	db/db	Mice	male	6.0	genetic	35.5	56.0	1+every1days	42	42	NCT03989232	ADULT,OLDER_ADULT	all	PHASE3	480.0	Semaglutide	-2.2	2.0	1+every7days	280	40	80.0	-0.9000000000000001	1
PMC9796023	https://pmc.ncbi.nlm.nih.gov/articles/PMC9796023	2022	-2.7	Semaglutide	14	nmol/kg	subcutaneous	db/db	Mice	both	8.0	genetic	47.5	63.0	1+every2days	28	14	NCT03989232	ADULT,OLDER_ADULT	all	PHASE3	480.0	Semaglutide	-2.2	2.0	1+every7days	280	40	80.0	0.5	1
PMC8975272	https://pmc.ncbi.nlm.nih.gov/articles/PMC8975272	2022	-2.3	Semaglutide	15	nmol/kg	subcutaneous	db/db	Mice	both	8.0	genetic	45.0	70.0	1+every2days	28	14	NCT03989232	ADULT,OLDER_ADULT	all	PHASE3	480.0	Semaglutide	-2.2	2.0	1+every7days	280	40	80.0	0.09999999999999964	1
PMC4000968	https://pmc.ncbi.nlm.nih.gov/articles/PMC4000968	2014	-1.21	Sitagliptin Phosphate	10	mg/kg	oral	Zucker Diabetic Fatty	Rats		7.0	genetic		140.0	1+every1days	42	42	NCT04017832	ADULT,OLDER_ADULT	all	PHASE3	350.0	Sitagliptin Phosphate	-0.7	100.0	1+every1days	182	182	18200.0	0.51	1
PMC3998187	https://pmc.ncbi.nlm.nih.gov/articles/PMC3998187	2014	-2	Sitagliptin Phosphate	10	mg/kg	oral	Zucker Diabetic Fatty	Rats	male	5.0	genetic		140.0	1+every1days	42	42	NCT04017832	ADULT,OLDER_ADULT	all	PHASE3	350.0	Sitagliptin Phosphate	-0.7	100.0	1+every1days	182	182	18200.0	1.3	0
PMC2905949	https://pmc.ncbi.nlm.nih.gov/articles/PMC2905949	2010	-0.01	Sitagliptin Phosphate	10	mg/kg	oral	Zucker Diabetic Fatty	Rats	male	8.0	genetic		140.0	1+every1days	42	42	NCT04017832	ADULT,OLDER_ADULT	all	PHASE3	350.0	Sitagliptin Phosphate	-0.7	100.0	1+every1days	182	182	18200.0	-0.69	1
PMC3235777	https://pmc.ncbi.nlm.nih.gov/articles/PMC3235777	2011	-1.78	Sitagliptin Phosphate	10	mg/kg	oral	Zucker Diabetic Fatty	Rats	male	8.0	genetic		140.0	1+every1days	42	42	NCT04017832	ADULT,OLDER_ADULT	all	PHASE3	350.0	Sitagliptin Phosphate	-0.7	100.0	1+every1days	182	182	18200.0	1.08	0
PMC4514850	https://pmc.ncbi.nlm.nih.gov/articles/PMC4514850	2015	-1.3	Sitagliptin Phosphate	100	mg/kg	oral	ICR	Mice	male	8.0	high-fat diet+streptozotocin		35.0	1+every1days	56	56	NCT04017832	ADULT,OLDER_ADULT	all	PHASE3	350.0	Sitagliptin Phosphate	-0.7	100.0	1+every1days	182	182	18200.0	0.6000000000000001	1
PMC3660563	https://pmc.ncbi.nlm.nih.gov/articles/PMC3660563	2013	-0.8	Sitagliptin Phosphate	1	mg/kg	oral	C57BLKS/J-db/db	Mice	male		genetic		42.0	1+every1days	42	42	NCT04017832	ADULT,OLDER_ADULT	all	PHASE3	350.0	Sitagliptin Phosphate	-0.7	100.0	1+every1days	182	182	18200.0	0.10000000000000009	1
PMC4514850	https://pmc.ncbi.nlm.nih.gov/articles/PMC4514850	2015	-0.9	Sitagliptin Phosphate	100	mg/kg	oral	db/db	Mice	male	5.0	genetic		56.0	1+every1days	28	28	NCT04017832	ADULT,OLDER_ADULT	all	PHASE3	350.0	Sitagliptin Phosphate	-0.7	100.0	1+every1days	182	182	18200.0	0.20000000000000007	1
PMC7092631	https://pmc.ncbi.nlm.nih.gov/articles/PMC7092631	2020	-0.18	Empagliflozin	10	mg/kg	intragastric	Wistar	Rats	male	10.0	high-fat diet+streptozotocin	200.0		1+every1days	28	28	NCT04233801	ADULT,OLDER_ADULT	all	PHASE3	72.0	Empagliflozin	-1.12	10.0	1+every1days	168	168	1680.0	-0.9400000000000002	1
PMC7092631	https://pmc.ncbi.nlm.nih.gov/articles/PMC7092631	2020	-0.18	Empagliflozin	10	mg/kg	intragastric	Wistar	Rats	male	10.0	high-fat diet+streptozotocin	200.0		1+every1days	28	28	NCT04233801	ADULT,OLDER_ADULT	all	PHASE3	73.0	Empagliflozin	-1.12	25.0	1+every1days	168	168	4200.0	-0.9400000000000002	1
PMC5491464	https://pmc.ncbi.nlm.nih.gov/articles/PMC5491464	2017	-4.3	Empagliflozin	10	mg/kg	oral	Zucker Diabetic Fatty	Rats			genetic		112.0	1+every1days	42	42	NCT04233801	ADULT,OLDER_ADULT	all	PHASE3	72.0	Empagliflozin	-1.12	10.0	1+every1days	168	168	1680.0	3.1799999999999997	0
PMC5491464	https://pmc.ncbi.nlm.nih.gov/articles/PMC5491464	2017	-5	Empagliflozin	30	mg/kg	oral	Zucker Diabetic Fatty	Rats			genetic		112.0	1+every1days	42	42	NCT04233801	ADULT,OLDER_ADULT	all	PHASE3	72.0	Empagliflozin	-1.12	10.0	1+every1days	168	168	1680.0	3.88	0
PMC5491464	https://pmc.ncbi.nlm.nih.gov/articles/PMC5491464	2017	-4.3	Empagliflozin	10	mg/kg	oral	Zucker Diabetic Fatty	Rats			genetic		112.0	1+every1days	42	42	NCT04233801	ADULT,OLDER_ADULT	all	PHASE3	73.0	Empagliflozin	-1.12	25.0	1+every1days	168	168	4200.0	3.1799999999999997	0
PMC5491464	https://pmc.ncbi.nlm.nih.gov/articles/PMC5491464	2017	-5	Empagliflozin	30	mg/kg	oral	Zucker Diabetic Fatty	Rats			genetic		112.0	1+every1days	42	42	NCT04233801	ADULT,OLDER_ADULT	all	PHASE3	73.0	Empagliflozin	-1.12	25.0	1+every1days	168	168	4200.0	3.88	0
PMC6359811	https://pmc.ncbi.nlm.nih.gov/articles/PMC6359811	2019	-5	Empagliflozin	10	mg/kg	oral	KK-Ay	Mice		15.0	high-fat diet		56.0	1+every1days	70	70	NCT04233801	ADULT,OLDER_ADULT	all	PHASE3	72.0	Empagliflozin	-1.12	10.0	1+every1days	168	168	1680.0	3.88	0
PMC6359811	https://pmc.ncbi.nlm.nih.gov/articles/PMC6359811	2019	-5	Empagliflozin	10	mg/kg	oral	KK-Ay	Mice		15.0	high-fat diet		56.0	1+every1days	70	70	NCT04233801	ADULT,OLDER_ADULT	all	PHASE3	73.0	Empagliflozin	-1.12	25.0	1+every1days	168	168	4200.0	3.88	0
PMC6681671	https://pmc.ncbi.nlm.nih.gov/articles/PMC6681671	2017	-1.4	Empagliflozin	10	mg/kg	oral	ob/ob	Mice	male	12.5	genetic		77.0	1+every1days	42	42	NCT04233801	ADULT,OLDER_ADULT	all	PHASE3	72.0	Empagliflozin	-1.12	10.0	1+every1days	168	168	1680.0	0.2799999999999998	1
PMC6681671	https://pmc.ncbi.nlm.nih.gov/articles/PMC6681671	2017	-1.4	Empagliflozin	10	mg/kg	oral	ob/ob	Mice	male	12.5	genetic		77.0	1+every1days	42	42	NCT04233801	ADULT,OLDER_ADULT	all	PHASE3	73.0	Empagliflozin	-1.12	25.0	1+every1days	168	168	4200.0	0.2799999999999998	1
PMC8974032	https://pmc.ncbi.nlm.nih.gov/articles/PMC8974032	2022	-1	Semaglutide	90	nmol/kg	subcutaneous	db/db	Mice	male		genetic	40.0	49.0	1+every7days	56	8	NCT04251156	ADULT,OLDER_ADULT	all	PHASE3	235.0	Semaglutide	-0.8	2.4	1+every7days	308	44	105.6	0.19999999999999996	1
PMC9050719	https://pmc.ncbi.nlm.nih.gov/articles/PMC9050719	2020	-0.05	Semaglutide	25	nmol/kg	subcutaneous	db/db	Mice	male	6.0	genetic	35.0	56.0	1+every7days	21	3	NCT04251156	ADULT,OLDER_ADULT	all	PHASE3	235.0	Semaglutide	-0.8	2.4	1+every7days	308	44	105.6	-0.75	1
PMC9050719	https://pmc.ncbi.nlm.nih.gov/articles/PMC9050719	2020	-0.3	Semaglutide	25	nmol/kg	subcutaneous	db/db	Mice	male	6.0	genetic	35.0	56.0	1+every1days	21	21	NCT04251156	ADULT,OLDER_ADULT	all	PHASE3	235.0	Semaglutide	-0.8	2.4	1+every7days	308	44	105.6	-0.5	1
PMC9050719	https://pmc.ncbi.nlm.nih.gov/articles/PMC9050719	2020	-1.3	Semaglutide	25	nmol/kg	subcutaneous	db/db	Mice	male	6.0	genetic	35.5	56.0	1+every1days	42	42	NCT04251156	ADULT,OLDER_ADULT	all	PHASE3	235.0	Semaglutide	-0.8	2.4	1+every7days	308	44	105.6	0.5	1
PMC9796023	https://pmc.ncbi.nlm.nih.gov/articles/PMC9796023	2022	-2.7	Semaglutide	14	nmol/kg	subcutaneous	db/db	Mice	both	8.0	genetic	47.5	63.0	1+every2days	28	14	NCT04251156	ADULT,OLDER_ADULT	all	PHASE3	235.0	Semaglutide	-0.8	2.4	1+every7days	308	44	105.6	1.9000000000000001	0
PMC8975272	https://pmc.ncbi.nlm.nih.gov/articles/PMC8975272	2022	-2.3	Semaglutide	15	nmol/kg	subcutaneous	db/db	Mice	both	8.0	genetic	45.0	70.0	1+every2days	28	14	NCT04251156	ADULT,OLDER_ADULT	all	PHASE3	235.0	Semaglutide	-0.8	2.4	1+every7days	308	44	105.6	1.4999999999999998	0
PMC7092631	https://pmc.ncbi.nlm.nih.gov/articles/PMC7092631	2020	-0.18	Empagliflozin	10	mg/kg	intragastric	Wistar	Rats	male	10.0	high-fat diet+streptozotocin	200.0		1+every1days	28	28	NCT04531462	OLDER_ADULT	all	PHASE4	64.0	Empagliflozin	-0.69	10.0	1+every1days	364	364	3640.0	-0.51	1
PMC5491464	https://pmc.ncbi.nlm.nih.gov/articles/PMC5491464	2017	-4.3	Empagliflozin	10	mg/kg	oral	Zucker Diabetic Fatty	Rats			genetic		112.0	1+every1days	42	42	NCT04531462	OLDER_ADULT	all	PHASE4	64.0	Empagliflozin	-0.69	10.0	1+every1days	364	364	3640.0	3.61	0
PMC5491464	https://pmc.ncbi.nlm.nih.gov/articles/PMC5491464	2017	-5	Empagliflozin	30	mg/kg	oral	Zucker Diabetic Fatty	Rats			genetic		112.0	1+every1days	42	42	NCT04531462	OLDER_ADULT	all	PHASE4	64.0	Empagliflozin	-0.69	10.0	1+every1days	364	364	3640.0	4.3100000000000005	0
PMC6359811	https://pmc.ncbi.nlm.nih.gov/articles/PMC6359811	2019	-5	Empagliflozin	10	mg/kg	oral	KK-Ay	Mice		15.0	high-fat diet		56.0	1+every1days	70	70	NCT04531462	OLDER_ADULT	all	PHASE4	64.0	Empagliflozin	-0.69	10.0	1+every1days	364	364	3640.0	4.3100000000000005	0
PMC6681671	https://pmc.ncbi.nlm.nih.gov/articles/PMC6681671	2017	-1.4	Empagliflozin	10	mg/kg	oral	ob/ob	Mice	male	12.5	genetic		77.0	1+every1days	42	42	NCT04531462	OLDER_ADULT	all	PHASE4	64.0	Empagliflozin	-0.69	10.0	1+every1days	364	364	3640.0	0.71	1
PMC7383507	https://pmc.ncbi.nlm.nih.gov/articles/PMC7383507	2020	-1.9	Dulaglutide	0.6	mg/kg	subcutaneous	C57BLKS/J-db/db	Mice	male	12.0	genetic		35.0	2+every7days	28	8	NCT04867785	ADULT,OLDER_ADULT	all	PHASE2	46.0	Dulaglutide	-1.41	1.5	1+every7days	168	24	36.0	0.49	1
PMC7383507	https://pmc.ncbi.nlm.nih.gov/articles/PMC7383507	2020	-1.9	Dulaglutide	0.6	mg/kg	subcutaneous	C57BLKS/J-db/db	Mice	male	12.0	genetic		35.0	2+every7days	28	8	NCT04867785	ADULT,OLDER_ADULT	all	PHASE2	46.0	Dulaglutide	-1.41	1.5	1+every7days	168	24	36.0	0.49	1
PMC9796023	https://pmc.ncbi.nlm.nih.gov/articles/PMC9796023	2022	-1.8	Dulaglutide	1.5	nmol/kg	subcutaneous	db/db	Mice	both	8.0	genetic	47.5	63.0	1+every2days	28	14	NCT04867785	ADULT,OLDER_ADULT	all	PHASE2	46.0	Dulaglutide	-1.41	1.5	1+every7days	168	24	36.0	0.3900000000000001	1
PMC9796023	https://pmc.ncbi.nlm.nih.gov/articles/PMC9796023	2022	-1.8	Dulaglutide	1.5	nmol/kg	subcutaneous	db/db	Mice	both	8.0	genetic	47.5	63.0	1+every2days	28	14	NCT04867785	ADULT,OLDER_ADULT	all	PHASE2	46.0	Dulaglutide	-1.41	1.5	1+every7days	168	24	36.0	0.3900000000000001	1
PMC8975272	https://pmc.ncbi.nlm.nih.gov/articles/PMC8975272	2022	-2.2	Dulaglutide	1.5	nmol/kg	subcutaneous	db/db	Mice	both	8.0	genetic	45.0	70.0	1+every2days	28	14	NCT04867785	ADULT,OLDER_ADULT	all	PHASE2	46.0	Dulaglutide	-1.41	1.5	1+every7days	168	24	36.0	0.7900000000000003	1
PMC8975272	https://pmc.ncbi.nlm.nih.gov/articles/PMC8975272	2022	-2.2	Dulaglutide	1.5	nmol/kg	subcutaneous	db/db	Mice	both	8.0	genetic	45.0	70.0	1+every2days	28	14	NCT04867785	ADULT,OLDER_ADULT	all	PHASE2	46.0	Dulaglutide	-1.41	1.5	1+every7days	168	24	36.0	0.7900000000000003	1
PMC8974032	https://pmc.ncbi.nlm.nih.gov/articles/PMC8974032	2022	-1	Semaglutide	90	nmol/kg	subcutaneous	db/db	Mice	male		genetic	40.0	49.0	1+every7days	56	8	NCT05259033	ADULT,OLDER_ADULT	all	PHASE3	335.0	Semaglutide	-0.86	1.0	1+every7days	364	52	52.0	0.14	1
PMC9050719	https://pmc.ncbi.nlm.nih.gov/articles/PMC9050719	2020	-0.05	Semaglutide	25	nmol/kg	subcutaneous	db/db	Mice	male	6.0	genetic	35.0	56.0	1+every7days	21	3	NCT05259033	ADULT,OLDER_ADULT	all	PHASE3	335.0	Semaglutide	-0.86	1.0	1+every7days	364	52	52.0	-0.8099999999999999	1
PMC9050719	https://pmc.ncbi.nlm.nih.gov/articles/PMC9050719	2020	-0.3	Semaglutide	25	nmol/kg	subcutaneous	db/db	Mice	male	6.0	genetic	35.0	56.0	1+every1days	21	21	NCT05259033	ADULT,OLDER_ADULT	all	PHASE3	335.0	Semaglutide	-0.86	1.0	1+every7days	364	52	52.0	-0.56	1
PMC9050719	https://pmc.ncbi.nlm.nih.gov/articles/PMC9050719	2020	-1.3	Semaglutide	25	nmol/kg	subcutaneous	db/db	Mice	male	6.0	genetic	35.5	56.0	1+every1days	42	42	NCT05259033	ADULT,OLDER_ADULT	all	PHASE3	335.0	Semaglutide	-0.86	1.0	1+every7days	364	52	52.0	0.44000000000000006	1
PMC9796023	https://pmc.ncbi.nlm.nih.gov/articles/PMC9796023	2022	-2.7	Semaglutide	14	nmol/kg	subcutaneous	db/db	Mice	both	8.0	genetic	47.5	63.0	1+every2days	28	14	NCT05259033	ADULT,OLDER_ADULT	all	PHASE3	335.0	Semaglutide	-0.86	1.0	1+every7days	364	52	52.0	1.8400000000000003	0
PMC8975272	https://pmc.ncbi.nlm.nih.gov/articles/PMC8975272	2022	-2.3	Semaglutide	15	nmol/kg	subcutaneous	db/db	Mice	both	8.0	genetic	45.0	70.0	1+every2days	28	14	NCT05259033	ADULT,OLDER_ADULT	all	PHASE3	335.0	Semaglutide	-0.86	1.0	1+every7days	364	52	52.0	1.44	0
PMC8974032	https://pmc.ncbi.nlm.nih.gov/articles/PMC8974032	2022	-1	Semaglutide	90	nmol/kg	subcutaneous	db/db	Mice	male		genetic	40.0	49.0	1+every7days	56	8	NCT05486065	ADULT	all	PHASE2	57.0	Semaglutide	-1.8	8.0	1+every7days	280	40	320.0	-0.8	1
PMC8974032	https://pmc.ncbi.nlm.nih.gov/articles/PMC8974032	2022	-1	Semaglutide	90	nmol/kg	subcutaneous	db/db	Mice	male		genetic	40.0	49.0	1+every7days	56	8	NCT05486065	ADULT	all	PHASE2	56.0	Semaglutide	-1.9	2.0	1+every7days	280	40	80.0	-0.8999999999999999	1
PMC8974032	https://pmc.ncbi.nlm.nih.gov/articles/PMC8974032	2022	-1	Semaglutide	90	nmol/kg	subcutaneous	db/db	Mice	male		genetic	40.0	49.0	1+every7days	56	8	NCT05486065	ADULT	all	PHASE2	56.0	Semaglutide	-2.1	16.0	1+every7days	280	40	640.0	-1.1	0
PMC9050719	https://pmc.ncbi.nlm.nih.gov/articles/PMC9050719	2020	-0.05	Semaglutide	25	nmol/kg	subcutaneous	db/db	Mice	male	6.0	genetic	35.0	56.0	1+every7days	21	3	NCT05486065	ADULT	all	PHASE2	57.0	Semaglutide	-1.8	8.0	1+every7days	280	40	320.0	-1.75	0
PMC9050719	https://pmc.ncbi.nlm.nih.gov/articles/PMC9050719	2020	-0.3	Semaglutide	25	nmol/kg	subcutaneous	db/db	Mice	male	6.0	genetic	35.0	56.0	1+every1days	21	21	NCT05486065	ADULT	all	PHASE2	57.0	Semaglutide	-1.8	8.0	1+every7days	280	40	320.0	-1.5	0
PMC9050719	https://pmc.ncbi.nlm.nih.gov/articles/PMC9050719	2020	-0.05	Semaglutide	25	nmol/kg	subcutaneous	db/db	Mice	male	6.0	genetic	35.0	56.0	1+every7days	21	3	NCT05486065	ADULT	all	PHASE2	56.0	Semaglutide	-1.9	2.0	1+every7days	280	40	80.0	-1.8499999999999999	0
PMC9050719	https://pmc.ncbi.nlm.nih.gov/articles/PMC9050719	2020	-0.3	Semaglutide	25	nmol/kg	subcutaneous	db/db	Mice	male	6.0	genetic	35.0	56.0	1+every1days	21	21	NCT05486065	ADULT	all	PHASE2	56.0	Semaglutide	-1.9	2.0	1+every7days	280	40	80.0	-1.5999999999999999	0
PMC9050719	https://pmc.ncbi.nlm.nih.gov/articles/PMC9050719	2020	-0.05	Semaglutide	25	nmol/kg	subcutaneous	db/db	Mice	male	6.0	genetic	35.0	56.0	1+every7days	21	3	NCT05486065	ADULT	all	PHASE2	56.0	Semaglutide	-2.1	16.0	1+every7days	280	40	640.0	-2.0500000000000003	0
PMC9050719	https://pmc.ncbi.nlm.nih.gov/articles/PMC9050719	2020	-0.3	Semaglutide	25	nmol/kg	subcutaneous	db/db	Mice	male	6.0	genetic	35.0	56.0	1+every1days	21	21	NCT05486065	ADULT	all	PHASE2	56.0	Semaglutide	-2.1	16.0	1+every7days	280	40	640.0	-1.8	0
PMC9050719	https://pmc.ncbi.nlm.nih.gov/articles/PMC9050719	2020	-1.3	Semaglutide	25	nmol/kg	subcutaneous	db/db	Mice	male	6.0	genetic	35.5	56.0	1+every1days	42	42	NCT05486065	ADULT	all	PHASE2	57.0	Semaglutide	-1.8	8.0	1+every7days	280	40	320.0	-0.5	1
PMC9050719	https://pmc.ncbi.nlm.nih.gov/articles/PMC9050719	2020	-1.3	Semaglutide	25	nmol/kg	subcutaneous	db/db	Mice	male	6.0	genetic	35.5	56.0	1+every1days	42	42	NCT05486065	ADULT	all	PHASE2	56.0	Semaglutide	-1.9	2.0	1+every7days	280	40	80.0	-0.5999999999999999	1
PMC9050719	https://pmc.ncbi.nlm.nih.gov/articles/PMC9050719	2020	-1.3	Semaglutide	25	nmol/kg	subcutaneous	db/db	Mice	male	6.0	genetic	35.5	56.0	1+every1days	42	42	NCT05486065	ADULT	all	PHASE2	56.0	Semaglutide	-2.1	16.0	1+every7days	280	40	640.0	-0.8	1
PMC9796023	https://pmc.ncbi.nlm.nih.gov/articles/PMC9796023	2022	-2.7	Semaglutide	14	nmol/kg	subcutaneous	db/db	Mice	both	8.0	genetic	47.5	63.0	1+every2days	28	14	NCT05486065	ADULT	all	PHASE2	57.0	Semaglutide	-1.8	8.0	1+every7days	280	40	320.0	0.9000000000000001	1
PMC9796023	https://pmc.ncbi.nlm.nih.gov/articles/PMC9796023	2022	-2.7	Semaglutide	14	nmol/kg	subcutaneous	db/db	Mice	both	8.0	genetic	47.5	63.0	1+every2days	28	14	NCT05486065	ADULT	all	PHASE2	56.0	Semaglutide	-1.9	2.0	1+every7days	280	40	80.0	0.8000000000000003	1
PMC9796023	https://pmc.ncbi.nlm.nih.gov/articles/PMC9796023	2022	-2.7	Semaglutide	14	nmol/kg	subcutaneous	db/db	Mice	both	8.0	genetic	47.5	63.0	1+every2days	28	14	NCT05486065	ADULT	all	PHASE2	56.0	Semaglutide	-2.1	16.0	1+every7days	280	40	640.0	0.6000000000000001	1
PMC8975272	https://pmc.ncbi.nlm.nih.gov/articles/PMC8975272	2022	-2.3	Semaglutide	15	nmol/kg	subcutaneous	db/db	Mice	both	8.0	genetic	45.0	70.0	1+every2days	28	14	NCT05486065	ADULT	all	PHASE2	57.0	Semaglutide	-1.8	8.0	1+every7days	280	40	320.0	0.4999999999999998	1
PMC8975272	https://pmc.ncbi.nlm.nih.gov/articles/PMC8975272	2022	-2.3	Semaglutide	15	nmol/kg	subcutaneous	db/db	Mice	both	8.0	genetic	45.0	70.0	1+every2days	28	14	NCT05486065	ADULT	all	PHASE2	56.0	Semaglutide	-1.9	2.0	1+every7days	280	40	80.0	0.3999999999999999	1
PMC8975272	https://pmc.ncbi.nlm.nih.gov/articles/PMC8975272	2022	-2.3	Semaglutide	15	nmol/kg	subcutaneous	db/db	Mice	both	8.0	genetic	45.0	70.0	1+every2days	28	14	NCT05486065	ADULT	all	PHASE2	56.0	Semaglutide	-2.1	16.0	1+every7days	280	40	640.0	0.19999999999999973	1
PMC7383507	https://pmc.ncbi.nlm.nih.gov/articles/PMC7383507	2020	-1.9	Dulaglutide	0.6	mg/kg	subcutaneous	C57BLKS/J-db/db	Mice	male	12.0	genetic		35.0	2+every7days	28	8	NCT05659537	ADULT,OLDER_ADULT	all	PHASE4	189.0	Dulaglutide	-1.41	1.5	1+every7days	168	24	36.0	0.49	1
PMC9796023	https://pmc.ncbi.nlm.nih.gov/articles/PMC9796023	2022	-1.8	Dulaglutide	1.5	nmol/kg	subcutaneous	db/db	Mice	both	8.0	genetic	47.5	63.0	1+every2days	28	14	NCT05659537	ADULT,OLDER_ADULT	all	PHASE4	189.0	Dulaglutide	-1.41	1.5	1+every7days	168	24	36.0	0.3900000000000001	1
PMC8975272	https://pmc.ncbi.nlm.nih.gov/articles/PMC8975272	2022	-2.2	Dulaglutide	1.5	nmol/kg	subcutaneous	db/db	Mice	both	8.0	genetic	45.0	70.0	1+every2days	28	14	NCT05659537	ADULT,OLDER_ADULT	all	PHASE4	189.0	Dulaglutide	-1.41	1.5	1+every7days	168	24	36.0	0.7900000000000003	1
