scaler_0__preclinical_dosage_amount_value(mg/kg),ohe_1__preclinical_dosage_frequency_1 + every 1 day,ohe_1__preclinical_dosage_frequency_1 + every 2 days,ohe_1__preclinical_dosage_frequency_2 + every 1 day,ohe_1__preclinical_dosage_frequency_2 + every 7 days,ohe_1__preclinical_dosage_frequency_5 + every 1 week,scaler_2__preclinical_dosage_duration(days),ohe_3__preclinical_administration_route_subcutaneous,scaler_4__preclinical_animal_age_before_experiment(days),scaler_5__preclinical_animal_age_before_treatment(days),scaler_6__preclinical_animal_weight_before_experiment(grams),scaler_7__preclinical_animal_weight_before_treatment(grams),ohe_8__preclinical_animal_strain_C57BL/6,ohe_8__preclinical_animal_strain_C57BL/6J,ohe_8__preclinical_animal_strain_C57BL/6JRj,ohe_8__preclinical_animal_strain_C57BL/6N,ohe_8__preclinical_animal_strain_C57BL/6NRj,ohe_8__preclinical_animal_strain_C57BL/6NTac,ohe_8__preclinical_animal_strain_Golden Syrian,ohe_8__preclinical_animal_strain_Goto-Kakizaki,ohe_8__preclinical_animal_strain_KKAy,ohe_8__preclinical_animal_strain_Ldlr−/−,ohe_8__preclinical_animal_strain_Sprague–Dawley,ohe_8__preclinical_animal_strain_Unknown,ohe_8__preclinical_animal_strain_Wistar,ohe_8__preclinical_animal_strain_Wistar Kyoto,ohe_8__preclinical_animal_strain_db/db,ohe_9__preclinical_animal_species_cynomolgus monkeys,ohe_9__preclinical_animal_species_hamsters,ohe_9__preclinical_animal_species_mice,ohe_9__preclinical_animal_species_rats,ohe_10__preclinical_animal_sex_Unknown,ohe_10__preclinical_animal_sex_female,ohe_10__preclinical_animal_sex_male,scaler_11__preclinical_animal_subject_size,ohe_12__preclinical_disease_model_diet:high-fat,ohe_12__preclinical_disease_model_diet:high-fat+high-carbohydrate,ohe_12__preclinical_disease_model_diet:high-fat+high-cholesterol,ohe_12__preclinical_disease_model_diet:high-fat+high-fructose,ohe_12__preclinical_disease_model_diet:high-fat+high-sugar,ohe_12__preclinical_disease_model_diet:high-fat+high-sugar+high-cholesterol,ohe_12__preclinical_disease_model_genetic,scaler_13__preclinical_total_doses,scaler_14__preclinical_total_dosage_amount(mg/kg),ohe_15__clinical_age_groups_ADULT,"ohe_15__clinical_age_groups_ADULT,OLDER_ADULT",ohe_15__clinical_age_groups_CHILD,"ohe_15__clinical_age_groups_CHILD,ADULT",ohe_16__clinical_phases_PHASE3,scaler_17__clinical_sample_size,scaler_18__clinical_dosage_amount_value(mg),scaler_19__clinical_dosage_duration(days),scaler_20__clinical_total_doses,scaler_21__clinical_total_dosage_amount(mg),result_translation
0.2,0.0,0.0,1.0,0.0,0.0,14.0,1.0,77.0,105.0,120.63333333333334,533.1776470588235,0.0,1.0,0.0,0.0,0.0,0.0,0.0,0.0,0.0,0.0,0.0,0.0,0.0,0.0,0.0,0.0,0.0,1.0,0.0,0.0,0.0,1.0,16.0,0.0,0.0,0.0,0.0,1.0,0.0,0.0,28.0,5.6000000000000005,0.0,1.0,0.0,0.0,0.0,96.0,3.0,364.0,364.0,1092.0,8.530000000000001
0.2,0.0,0.0,1.0,0.0,0.0,14.0,1.0,77.0,105.0,120.63333333333334,533.1776470588235,0.0,1.0,0.0,0.0,0.0,0.0,0.0,0.0,0.0,0.0,0.0,0.0,0.0,0.0,0.0,0.0,0.0,1.0,0.0,0.0,0.0,1.0,16.0,0.0,0.0,0.0,0.0,1.0,0.0,0.0,28.0,5.6000000000000005,0.0,1.0,0.0,0.0,0.0,94.0,1.2,140.0,140.0,168.0,11.792791256464731
0.2,0.0,0.0,1.0,0.0,0.0,14.0,1.0,77.0,105.0,120.63333333333334,533.1776470588235,0.0,1.0,0.0,0.0,0.0,0.0,0.0,0.0,0.0,0.0,0.0,0.0,0.0,0.0,0.0,0.0,0.0,1.0,0.0,0.0,0.0,1.0,16.0,0.0,0.0,0.0,0.0,1.0,0.0,0.0,28.0,5.6000000000000005,0.0,1.0,0.0,0.0,0.0,90.0,1.8,140.0,140.0,252.0,11.062839524734695
0.2,0.0,0.0,1.0,0.0,0.0,14.0,1.0,77.0,105.0,120.63333333333334,533.1776470588235,0.0,1.0,0.0,0.0,0.0,0.0,0.0,0.0,0.0,0.0,0.0,0.0,0.0,0.0,0.0,0.0,0.0,1.0,0.0,0.0,0.0,1.0,16.0,0.0,0.0,0.0,0.0,1.0,0.0,0.0,28.0,5.6000000000000005,0.0,1.0,0.0,0.0,0.0,92.0,2.4,140.0,140.0,336.0,10.375930614829269
0.2,0.0,0.0,1.0,0.0,0.0,14.0,1.0,77.0,105.0,120.63333333333334,533.1776470588235,0.0,1.0,0.0,0.0,0.0,0.0,0.0,0.0,0.0,0.0,0.0,0.0,0.0,0.0,0.0,0.0,0.0,1.0,0.0,0.0,0.0,1.0,16.0,0.0,0.0,0.0,0.0,1.0,0.0,0.0,28.0,5.6000000000000005,0.0,1.0,0.0,0.0,0.0,92.0,3.0,140.0,140.0,420.0,9.288375893128206
0.2,0.0,0.0,1.0,0.0,0.0,14.0,1.0,77.0,105.0,120.63333333333334,533.1776470588235,0.0,1.0,0.0,0.0,0.0,0.0,0.0,0.0,0.0,0.0,0.0,0.0,0.0,0.0,0.0,0.0,0.0,1.0,0.0,0.0,0.0,1.0,16.0,0.0,0.0,0.0,0.0,1.0,0.0,0.0,28.0,5.6000000000000005,0.0,1.0,0.0,0.0,0.0,29.0,3.0,280.0,280.0,840.0,10.5
0.2,0.0,0.0,1.0,0.0,0.0,14.0,1.0,77.0,105.0,120.63333333333334,533.1776470588235,0.0,1.0,0.0,0.0,0.0,0.0,0.0,0.0,0.0,0.0,0.0,0.0,0.0,0.0,0.0,0.0,0.0,1.0,0.0,0.0,0.0,1.0,16.0,0.0,0.0,0.0,0.0,1.0,0.0,0.0,28.0,5.6000000000000005,0.0,1.0,0.0,0.0,1.0,412.0,3.0,392.0,392.0,1176.0,10.1
0.2,0.0,0.0,1.0,0.0,0.0,14.0,1.0,77.0,105.0,120.63333333333334,533.1776470588235,0.0,1.0,0.0,0.0,0.0,0.0,0.0,0.0,0.0,0.0,0.0,0.0,0.0,0.0,0.0,0.0,0.0,1.0,0.0,0.0,0.0,1.0,16.0,0.0,0.0,0.0,0.0,1.0,0.0,0.0,28.0,5.6000000000000005,0.0,1.0,0.0,0.0,1.0,204.0,1.8,392.0,392.0,705.6,11.4
0.2,0.0,0.0,1.0,0.0,0.0,14.0,1.0,77.0,105.0,120.63333333333334,533.1776470588235,0.0,1.0,0.0,0.0,0.0,0.0,0.0,0.0,0.0,0.0,0.0,0.0,0.0,0.0,0.0,0.0,0.0,1.0,0.0,0.0,0.0,1.0,16.0,0.0,0.0,0.0,0.0,1.0,0.0,0.0,28.0,5.6000000000000005,0.0,1.0,0.0,0.0,1.0,2432.0,3.0,392.0,392.0,1176.0,8.64
0.2,0.0,0.0,1.0,0.0,0.0,14.0,1.0,77.0,105.0,120.63333333333334,533.1776470588235,0.0,1.0,0.0,0.0,0.0,0.0,0.0,0.0,0.0,0.0,0.0,0.0,0.0,0.0,0.0,0.0,0.0,1.0,0.0,0.0,0.0,1.0,16.0,0.0,0.0,0.0,0.0,1.0,0.0,0.0,28.0,5.6000000000000005,0.0,1.0,0.0,0.0,1.0,1467.0,3.0,1120.0,1120.0,3360.0,9.75
0.2,0.0,0.0,1.0,0.0,0.0,14.0,1.0,77.0,105.0,120.63333333333334,533.1776470588235,0.0,1.0,0.0,0.0,0.0,0.0,0.0,0.0,0.0,0.0,0.0,0.0,0.0,0.0,0.0,0.0,0.0,1.0,0.0,0.0,0.0,1.0,16.0,0.0,0.0,0.0,0.0,1.0,0.0,0.0,28.0,5.6000000000000005,0.0,1.0,0.0,0.0,1.0,349.0,3.0,476.0,476.0,1428.0,8.67
0.2,0.0,0.0,1.0,0.0,0.0,14.0,1.0,77.0,105.0,120.63333333333334,533.1776470588235,0.0,1.0,0.0,0.0,0.0,0.0,0.0,0.0,0.0,0.0,0.0,0.0,0.0,0.0,0.0,0.0,0.0,1.0,0.0,0.0,0.0,1.0,16.0,0.0,0.0,0.0,0.0,1.0,0.0,0.0,28.0,5.6000000000000005,1.0,0.0,0.0,0.0,1.0,175.0,3.0,224.0,224.0,672.0,9.798576133665236
0.2,0.0,0.0,1.0,0.0,0.0,14.0,1.0,77.0,105.0,120.63333333333334,533.1776470588235,0.0,1.0,0.0,0.0,0.0,0.0,0.0,0.0,0.0,0.0,0.0,0.0,0.0,0.0,0.0,0.0,0.0,1.0,0.0,0.0,0.0,1.0,16.0,0.0,0.0,0.0,0.0,1.0,0.0,0.0,28.0,5.6000000000000005,0.0,0.0,1.0,0.0,1.0,125.0,3.0,392.0,392.0,1176.0,10.4
0.2,0.0,0.0,1.0,0.0,0.0,14.0,1.0,77.0,105.0,120.63333333333334,533.1776470588235,0.0,1.0,0.0,0.0,0.0,0.0,0.0,0.0,0.0,0.0,0.0,0.0,0.0,0.0,0.0,0.0,0.0,1.0,0.0,0.0,0.0,1.0,16.0,0.0,0.0,0.0,0.0,1.0,0.0,0.0,28.0,5.6000000000000005,0.0,0.0,0.0,1.0,1.0,17.0,3.0,364.0,364.0,1092.0,11.3
0.2,0.0,0.0,1.0,0.0,0.0,14.0,1.0,77.0,105.0,120.63333333333334,533.1776470588235,0.0,1.0,0.0,0.0,0.0,0.0,0.0,0.0,0.0,0.0,0.0,0.0,0.0,0.0,0.0,0.0,0.0,1.0,0.0,0.0,0.0,1.0,16.0,0.0,0.0,0.0,0.0,1.0,0.0,0.0,28.0,5.6000000000000005,0.0,0.0,0.0,1.0,1.0,14.0,3.0,364.0,364.0,1092.0,15.4
0.2,0.0,0.0,1.0,0.0,0.0,14.0,1.0,77.0,105.0,120.63333333333334,533.1776470588235,0.0,1.0,0.0,0.0,0.0,0.0,0.0,0.0,0.0,0.0,0.0,0.0,0.0,0.0,0.0,0.0,0.0,1.0,0.0,0.0,0.0,1.0,16.0,0.0,0.0,0.0,0.0,1.0,0.0,0.0,28.0,5.6000000000000005,0.0,0.0,0.0,1.0,1.0,31.0,3.0,364.0,364.0,1092.0,13.3
0.2,0.0,0.0,1.0,0.0,0.0,14.0,1.0,77.0,105.0,120.63333333333334,533.1776470588235,0.0,1.0,0.0,0.0,0.0,0.0,0.0,0.0,0.0,0.0,0.0,0.0,0.0,0.0,0.0,0.0,0.0,1.0,0.0,0.0,0.0,1.0,16.0,0.0,0.0,0.0,0.0,1.0,0.0,0.0,28.0,5.6000000000000005,0.0,1.0,0.0,0.0,1.0,194.0,3.0,392.0,392.0,1176.0,7.939999999999999
0.2,0.0,0.0,1.0,0.0,0.0,14.0,1.0,77.0,105.0,120.63333333333334,533.1776470588235,0.0,1.0,0.0,0.0,0.0,0.0,0.0,0.0,0.0,0.0,0.0,0.0,0.0,0.0,0.0,0.0,0.0,1.0,0.0,0.0,0.0,1.0,16.0,0.0,0.0,0.0,0.0,1.0,0.0,0.0,28.0,5.6000000000000005,0.0,1.0,0.0,0.0,1.0,117.0,3.0,476.0,476.0,1428.0,9.2
0.2,0.0,0.0,1.0,0.0,0.0,14.0,1.0,77.0,105.0,120.63333333333334,533.1776470588235,0.0,1.0,0.0,0.0,0.0,0.0,0.0,0.0,0.0,0.0,0.0,0.0,0.0,0.0,0.0,0.0,0.0,1.0,0.0,0.0,0.0,1.0,16.0,0.0,0.0,0.0,0.0,1.0,0.0,0.0,28.0,5.6000000000000005,0.0,1.0,0.0,0.0,0.0,19.0,3.0,112.0,112.0,336.0,11.41180752125651
0.2,0.0,0.0,1.0,0.0,0.0,14.0,1.0,77.0,105.0,120.63333333333334,533.1776470588235,0.0,1.0,0.0,0.0,0.0,0.0,0.0,0.0,0.0,0.0,0.0,0.0,0.0,0.0,0.0,0.0,0.0,1.0,0.0,0.0,0.0,1.0,16.0,0.0,0.0,0.0,0.0,1.0,0.0,0.0,28.0,5.6000000000000005,0.0,1.0,0.0,0.0,0.0,108.0,3.0,182.0,182.0,546.0,8.219999999999999
0.2,0.0,0.0,1.0,0.0,0.0,14.0,1.0,77.0,105.0,120.63333333333334,533.1776470588235,0.0,1.0,0.0,0.0,0.0,0.0,0.0,0.0,0.0,0.0,0.0,0.0,0.0,0.0,0.0,0.0,0.0,1.0,0.0,0.0,0.0,1.0,7.0,1.0,0.0,0.0,0.0,0.0,0.0,0.0,28.0,5.6000000000000005,0.0,1.0,0.0,0.0,0.0,96.0,3.0,364.0,364.0,1092.0,15.53
0.2,0.0,0.0,1.0,0.0,0.0,14.0,1.0,77.0,105.0,120.63333333333334,533.1776470588235,0.0,1.0,0.0,0.0,0.0,0.0,0.0,0.0,0.0,0.0,0.0,0.0,0.0,0.0,0.0,0.0,0.0,1.0,0.0,0.0,0.0,1.0,7.0,1.0,0.0,0.0,0.0,0.0,0.0,0.0,28.0,5.6000000000000005,0.0,1.0,0.0,0.0,0.0,94.0,1.2,140.0,140.0,168.0,18.79279125646473
0.2,0.0,0.0,1.0,0.0,0.0,14.0,1.0,77.0,105.0,120.63333333333334,533.1776470588235,0.0,1.0,0.0,0.0,0.0,0.0,0.0,0.0,0.0,0.0,0.0,0.0,0.0,0.0,0.0,0.0,0.0,1.0,0.0,0.0,0.0,1.0,7.0,1.0,0.0,0.0,0.0,0.0,0.0,0.0,28.0,5.6000000000000005,0.0,1.0,0.0,0.0,0.0,90.0,1.8,140.0,140.0,252.0,18.06283952473469
0.2,0.0,0.0,1.0,0.0,0.0,14.0,1.0,77.0,105.0,120.63333333333334,533.1776470588235,0.0,1.0,0.0,0.0,0.0,0.0,0.0,0.0,0.0,0.0,0.0,0.0,0.0,0.0,0.0,0.0,0.0,1.0,0.0,0.0,0.0,1.0,7.0,1.0,0.0,0.0,0.0,0.0,0.0,0.0,28.0,5.6000000000000005,0.0,1.0,0.0,0.0,0.0,92.0,2.4,140.0,140.0,336.0,17.37593061482927
0.2,0.0,0.0,1.0,0.0,0.0,14.0,1.0,77.0,105.0,120.63333333333334,533.1776470588235,0.0,1.0,0.0,0.0,0.0,0.0,0.0,0.0,0.0,0.0,0.0,0.0,0.0,0.0,0.0,0.0,0.0,1.0,0.0,0.0,0.0,1.0,7.0,1.0,0.0,0.0,0.0,0.0,0.0,0.0,28.0,5.6000000000000005,0.0,1.0,0.0,0.0,0.0,92.0,3.0,140.0,140.0,420.0,16.288375893128205
0.2,0.0,0.0,1.0,0.0,0.0,14.0,1.0,77.0,105.0,120.63333333333334,533.1776470588235,0.0,1.0,0.0,0.0,0.0,0.0,0.0,0.0,0.0,0.0,0.0,0.0,0.0,0.0,0.0,0.0,0.0,1.0,0.0,0.0,0.0,1.0,7.0,1.0,0.0,0.0,0.0,0.0,0.0,0.0,28.0,5.6000000000000005,0.0,1.0,0.0,0.0,0.0,29.0,3.0,280.0,280.0,840.0,17.5
0.2,0.0,0.0,1.0,0.0,0.0,14.0,1.0,77.0,105.0,120.63333333333334,533.1776470588235,0.0,1.0,0.0,0.0,0.0,0.0,0.0,0.0,0.0,0.0,0.0,0.0,0.0,0.0,0.0,0.0,0.0,1.0,0.0,0.0,0.0,1.0,7.0,1.0,0.0,0.0,0.0,0.0,0.0,0.0,28.0,5.6000000000000005,0.0,1.0,0.0,0.0,1.0,412.0,3.0,392.0,392.0,1176.0,17.1
0.2,0.0,0.0,1.0,0.0,0.0,14.0,1.0,77.0,105.0,120.63333333333334,533.1776470588235,0.0,1.0,0.0,0.0,0.0,0.0,0.0,0.0,0.0,0.0,0.0,0.0,0.0,0.0,0.0,0.0,0.0,1.0,0.0,0.0,0.0,1.0,7.0,1.0,0.0,0.0,0.0,0.0,0.0,0.0,28.0,5.6000000000000005,0.0,1.0,0.0,0.0,1.0,204.0,1.8,392.0,392.0,705.6,18.4
0.2,0.0,0.0,1.0,0.0,0.0,14.0,1.0,77.0,105.0,120.63333333333334,533.1776470588235,0.0,1.0,0.0,0.0,0.0,0.0,0.0,0.0,0.0,0.0,0.0,0.0,0.0,0.0,0.0,0.0,0.0,1.0,0.0,0.0,0.0,1.0,7.0,1.0,0.0,0.0,0.0,0.0,0.0,0.0,28.0,5.6000000000000005,0.0,1.0,0.0,0.0,1.0,2432.0,3.0,392.0,392.0,1176.0,15.64
0.2,0.0,0.0,1.0,0.0,0.0,14.0,1.0,77.0,105.0,120.63333333333334,533.1776470588235,0.0,1.0,0.0,0.0,0.0,0.0,0.0,0.0,0.0,0.0,0.0,0.0,0.0,0.0,0.0,0.0,0.0,1.0,0.0,0.0,0.0,1.0,7.0,1.0,0.0,0.0,0.0,0.0,0.0,0.0,28.0,5.6000000000000005,0.0,1.0,0.0,0.0,1.0,1467.0,3.0,1120.0,1120.0,3360.0,16.75
0.2,0.0,0.0,1.0,0.0,0.0,14.0,1.0,77.0,105.0,120.63333333333334,533.1776470588235,0.0,1.0,0.0,0.0,0.0,0.0,0.0,0.0,0.0,0.0,0.0,0.0,0.0,0.0,0.0,0.0,0.0,1.0,0.0,0.0,0.0,1.0,7.0,1.0,0.0,0.0,0.0,0.0,0.0,0.0,28.0,5.6000000000000005,0.0,1.0,0.0,0.0,1.0,349.0,3.0,476.0,476.0,1428.0,15.67
0.2,0.0,0.0,1.0,0.0,0.0,14.0,1.0,77.0,105.0,120.63333333333334,533.1776470588235,0.0,1.0,0.0,0.0,0.0,0.0,0.0,0.0,0.0,0.0,0.0,0.0,0.0,0.0,0.0,0.0,0.0,1.0,0.0,0.0,0.0,1.0,7.0,1.0,0.0,0.0,0.0,0.0,0.0,0.0,28.0,5.6000000000000005,1.0,0.0,0.0,0.0,1.0,175.0,3.0,224.0,224.0,672.0,16.798576133665236
0.2,0.0,0.0,1.0,0.0,0.0,14.0,1.0,77.0,105.0,120.63333333333334,533.1776470588235,0.0,1.0,0.0,0.0,0.0,0.0,0.0,0.0,0.0,0.0,0.0,0.0,0.0,0.0,0.0,0.0,0.0,1.0,0.0,0.0,0.0,1.0,7.0,1.0,0.0,0.0,0.0,0.0,0.0,0.0,28.0,5.6000000000000005,0.0,0.0,1.0,0.0,1.0,125.0,3.0,392.0,392.0,1176.0,17.4
0.2,0.0,0.0,1.0,0.0,0.0,14.0,1.0,77.0,105.0,120.63333333333334,533.1776470588235,0.0,1.0,0.0,0.0,0.0,0.0,0.0,0.0,0.0,0.0,0.0,0.0,0.0,0.0,0.0,0.0,0.0,1.0,0.0,0.0,0.0,1.0,7.0,1.0,0.0,0.0,0.0,0.0,0.0,0.0,28.0,5.6000000000000005,0.0,0.0,0.0,1.0,1.0,17.0,3.0,364.0,364.0,1092.0,18.3
0.2,0.0,0.0,1.0,0.0,0.0,14.0,1.0,77.0,105.0,120.63333333333334,533.1776470588235,0.0,1.0,0.0,0.0,0.0,0.0,0.0,0.0,0.0,0.0,0.0,0.0,0.0,0.0,0.0,0.0,0.0,1.0,0.0,0.0,0.0,1.0,7.0,1.0,0.0,0.0,0.0,0.0,0.0,0.0,28.0,5.6000000000000005,0.0,0.0,0.0,1.0,1.0,14.0,3.0,364.0,364.0,1092.0,22.4
0.2,0.0,0.0,1.0,0.0,0.0,14.0,1.0,77.0,105.0,120.63333333333334,533.1776470588235,0.0,1.0,0.0,0.0,0.0,0.0,0.0,0.0,0.0,0.0,0.0,0.0,0.0,0.0,0.0,0.0,0.0,1.0,0.0,0.0,0.0,1.0,7.0,1.0,0.0,0.0,0.0,0.0,0.0,0.0,28.0,5.6000000000000005,0.0,0.0,0.0,1.0,1.0,31.0,3.0,364.0,364.0,1092.0,20.3
0.2,0.0,0.0,1.0,0.0,0.0,14.0,1.0,77.0,105.0,120.63333333333334,533.1776470588235,0.0,1.0,0.0,0.0,0.0,0.0,0.0,0.0,0.0,0.0,0.0,0.0,0.0,0.0,0.0,0.0,0.0,1.0,0.0,0.0,0.0,1.0,7.0,1.0,0.0,0.0,0.0,0.0,0.0,0.0,28.0,5.6000000000000005,0.0,1.0,0.0,0.0,1.0,194.0,3.0,392.0,392.0,1176.0,14.94
0.2,0.0,0.0,1.0,0.0,0.0,14.0,1.0,77.0,105.0,120.63333333333334,533.1776470588235,0.0,1.0,0.0,0.0,0.0,0.0,0.0,0.0,0.0,0.0,0.0,0.0,0.0,0.0,0.0,0.0,0.0,1.0,0.0,0.0,0.0,1.0,7.0,1.0,0.0,0.0,0.0,0.0,0.0,0.0,28.0,5.6000000000000005,0.0,1.0,0.0,0.0,1.0,117.0,3.0,476.0,476.0,1428.0,16.2
0.2,0.0,0.0,1.0,0.0,0.0,14.0,1.0,77.0,105.0,120.63333333333334,533.1776470588235,0.0,1.0,0.0,0.0,0.0,0.0,0.0,0.0,0.0,0.0,0.0,0.0,0.0,0.0,0.0,0.0,0.0,1.0,0.0,0.0,0.0,1.0,7.0,1.0,0.0,0.0,0.0,0.0,0.0,0.0,28.0,5.6000000000000005,0.0,1.0,0.0,0.0,0.0,19.0,3.0,112.0,112.0,336.0,18.41180752125651
0.2,0.0,0.0,1.0,0.0,0.0,14.0,1.0,77.0,105.0,120.63333333333334,533.1776470588235,0.0,1.0,0.0,0.0,0.0,0.0,0.0,0.0,0.0,0.0,0.0,0.0,0.0,0.0,0.0,0.0,0.0,1.0,0.0,0.0,0.0,1.0,7.0,1.0,0.0,0.0,0.0,0.0,0.0,0.0,28.0,5.6000000000000005,0.0,1.0,0.0,0.0,0.0,108.0,3.0,182.0,182.0,546.0,15.22
0.2,0.0,0.0,1.0,0.0,0.0,14.0,1.0,98.0,105.0,120.63333333333334,533.1776470588235,0.0,1.0,0.0,0.0,0.0,0.0,0.0,0.0,0.0,0.0,0.0,0.0,0.0,0.0,0.0,0.0,0.0,1.0,0.0,0.0,0.0,1.0,10.0,0.0,0.0,0.0,0.0,1.0,0.0,0.0,28.0,5.6000000000000005,0.0,1.0,0.0,0.0,0.0,96.0,3.0,364.0,364.0,1092.0,9.53
0.2,0.0,0.0,1.0,0.0,0.0,14.0,1.0,98.0,105.0,120.63333333333334,533.1776470588235,0.0,1.0,0.0,0.0,0.0,0.0,0.0,0.0,0.0,0.0,0.0,0.0,0.0,0.0,0.0,0.0,0.0,1.0,0.0,0.0,0.0,1.0,10.0,0.0,0.0,0.0,0.0,1.0,0.0,0.0,28.0,5.6000000000000005,0.0,1.0,0.0,0.0,0.0,94.0,1.2,140.0,140.0,168.0,12.792791256464731
0.2,0.0,0.0,1.0,0.0,0.0,14.0,1.0,98.0,105.0,120.63333333333334,533.1776470588235,0.0,1.0,0.0,0.0,0.0,0.0,0.0,0.0,0.0,0.0,0.0,0.0,0.0,0.0,0.0,0.0,0.0,1.0,0.0,0.0,0.0,1.0,10.0,0.0,0.0,0.0,0.0,1.0,0.0,0.0,28.0,5.6000000000000005,0.0,1.0,0.0,0.0,0.0,90.0,1.8,140.0,140.0,252.0,12.062839524734695
0.2,0.0,0.0,1.0,0.0,0.0,14.0,1.0,98.0,105.0,120.63333333333334,533.1776470588235,0.0,1.0,0.0,0.0,0.0,0.0,0.0,0.0,0.0,0.0,0.0,0.0,0.0,0.0,0.0,0.0,0.0,1.0,0.0,0.0,0.0,1.0,10.0,0.0,0.0,0.0,0.0,1.0,0.0,0.0,28.0,5.6000000000000005,0.0,1.0,0.0,0.0,0.0,92.0,2.4,140.0,140.0,336.0,11.375930614829269
0.2,0.0,0.0,1.0,0.0,0.0,14.0,1.0,98.0,105.0,120.63333333333334,533.1776470588235,0.0,1.0,0.0,0.0,0.0,0.0,0.0,0.0,0.0,0.0,0.0,0.0,0.0,0.0,0.0,0.0,0.0,1.0,0.0,0.0,0.0,1.0,10.0,0.0,0.0,0.0,0.0,1.0,0.0,0.0,28.0,5.6000000000000005,0.0,1.0,0.0,0.0,0.0,92.0,3.0,140.0,140.0,420.0,10.288375893128206
0.2,0.0,0.0,1.0,0.0,0.0,14.0,1.0,98.0,105.0,120.63333333333334,533.1776470588235,0.0,1.0,0.0,0.0,0.0,0.0,0.0,0.0,0.0,0.0,0.0,0.0,0.0,0.0,0.0,0.0,0.0,1.0,0.0,0.0,0.0,1.0,10.0,0.0,0.0,0.0,0.0,1.0,0.0,0.0,28.0,5.6000000000000005,0.0,1.0,0.0,0.0,0.0,29.0,3.0,280.0,280.0,840.0,11.5
0.2,0.0,0.0,1.0,0.0,0.0,14.0,1.0,98.0,105.0,120.63333333333334,533.1776470588235,0.0,1.0,0.0,0.0,0.0,0.0,0.0,0.0,0.0,0.0,0.0,0.0,0.0,0.0,0.0,0.0,0.0,1.0,0.0,0.0,0.0,1.0,10.0,0.0,0.0,0.0,0.0,1.0,0.0,0.0,28.0,5.6000000000000005,0.0,1.0,0.0,0.0,1.0,412.0,3.0,392.0,392.0,1176.0,11.1
0.2,0.0,0.0,1.0,0.0,0.0,14.0,1.0,98.0,105.0,120.63333333333334,533.1776470588235,0.0,1.0,0.0,0.0,0.0,0.0,0.0,0.0,0.0,0.0,0.0,0.0,0.0,0.0,0.0,0.0,0.0,1.0,0.0,0.0,0.0,1.0,10.0,0.0,0.0,0.0,0.0,1.0,0.0,0.0,28.0,5.6000000000000005,0.0,1.0,0.0,0.0,1.0,204.0,1.8,392.0,392.0,705.6,12.4
0.2,0.0,0.0,1.0,0.0,0.0,14.0,1.0,98.0,105.0,120.63333333333334,533.1776470588235,0.0,1.0,0.0,0.0,0.0,0.0,0.0,0.0,0.0,0.0,0.0,0.0,0.0,0.0,0.0,0.0,0.0,1.0,0.0,0.0,0.0,1.0,10.0,0.0,0.0,0.0,0.0,1.0,0.0,0.0,28.0,5.6000000000000005,0.0,1.0,0.0,0.0,1.0,2432.0,3.0,392.0,392.0,1176.0,9.64
0.2,0.0,0.0,1.0,0.0,0.0,14.0,1.0,98.0,105.0,120.63333333333334,533.1776470588235,0.0,1.0,0.0,0.0,0.0,0.0,0.0,0.0,0.0,0.0,0.0,0.0,0.0,0.0,0.0,0.0,0.0,1.0,0.0,0.0,0.0,1.0,10.0,0.0,0.0,0.0,0.0,1.0,0.0,0.0,28.0,5.6000000000000005,0.0,1.0,0.0,0.0,1.0,1467.0,3.0,1120.0,1120.0,3360.0,10.75
0.2,0.0,0.0,1.0,0.0,0.0,14.0,1.0,98.0,105.0,120.63333333333334,533.1776470588235,0.0,1.0,0.0,0.0,0.0,0.0,0.0,0.0,0.0,0.0,0.0,0.0,0.0,0.0,0.0,0.0,0.0,1.0,0.0,0.0,0.0,1.0,10.0,0.0,0.0,0.0,0.0,1.0,0.0,0.0,28.0,5.6000000000000005,0.0,1.0,0.0,0.0,1.0,349.0,3.0,476.0,476.0,1428.0,9.67
0.2,0.0,0.0,1.0,0.0,0.0,14.0,1.0,98.0,105.0,120.63333333333334,533.1776470588235,0.0,1.0,0.0,0.0,0.0,0.0,0.0,0.0,0.0,0.0,0.0,0.0,0.0,0.0,0.0,0.0,0.0,1.0,0.0,0.0,0.0,1.0,10.0,0.0,0.0,0.0,0.0,1.0,0.0,0.0,28.0,5.6000000000000005,1.0,0.0,0.0,0.0,1.0,175.0,3.0,224.0,224.0,672.0,10.798576133665236
0.2,0.0,0.0,1.0,0.0,0.0,14.0,1.0,98.0,105.0,120.63333333333334,533.1776470588235,0.0,1.0,0.0,0.0,0.0,0.0,0.0,0.0,0.0,0.0,0.0,0.0,0.0,0.0,0.0,0.0,0.0,1.0,0.0,0.0,0.0,1.0,10.0,0.0,0.0,0.0,0.0,1.0,0.0,0.0,28.0,5.6000000000000005,0.0,0.0,1.0,0.0,1.0,125.0,3.0,392.0,392.0,1176.0,11.4
0.2,0.0,0.0,1.0,0.0,0.0,14.0,1.0,98.0,105.0,120.63333333333334,533.1776470588235,0.0,1.0,0.0,0.0,0.0,0.0,0.0,0.0,0.0,0.0,0.0,0.0,0.0,0.0,0.0,0.0,0.0,1.0,0.0,0.0,0.0,1.0,10.0,0.0,0.0,0.0,0.0,1.0,0.0,0.0,28.0,5.6000000000000005,0.0,0.0,0.0,1.0,1.0,17.0,3.0,364.0,364.0,1092.0,12.3
0.2,0.0,0.0,1.0,0.0,0.0,14.0,1.0,98.0,105.0,120.63333333333334,533.1776470588235,0.0,1.0,0.0,0.0,0.0,0.0,0.0,0.0,0.0,0.0,0.0,0.0,0.0,0.0,0.0,0.0,0.0,1.0,0.0,0.0,0.0,1.0,10.0,0.0,0.0,0.0,0.0,1.0,0.0,0.0,28.0,5.6000000000000005,0.0,0.0,0.0,1.0,1.0,14.0,3.0,364.0,364.0,1092.0,16.4
0.2,0.0,0.0,1.0,0.0,0.0,14.0,1.0,98.0,105.0,120.63333333333334,533.1776470588235,0.0,1.0,0.0,0.0,0.0,0.0,0.0,0.0,0.0,0.0,0.0,0.0,0.0,0.0,0.0,0.0,0.0,1.0,0.0,0.0,0.0,1.0,10.0,0.0,0.0,0.0,0.0,1.0,0.0,0.0,28.0,5.6000000000000005,0.0,0.0,0.0,1.0,1.0,31.0,3.0,364.0,364.0,1092.0,14.3
0.2,0.0,0.0,1.0,0.0,0.0,14.0,1.0,98.0,105.0,120.63333333333334,533.1776470588235,0.0,1.0,0.0,0.0,0.0,0.0,0.0,0.0,0.0,0.0,0.0,0.0,0.0,0.0,0.0,0.0,0.0,1.0,0.0,0.0,0.0,1.0,10.0,0.0,0.0,0.0,0.0,1.0,0.0,0.0,28.0,5.6000000000000005,0.0,1.0,0.0,0.0,1.0,194.0,3.0,392.0,392.0,1176.0,8.94
0.2,0.0,0.0,1.0,0.0,0.0,14.0,1.0,98.0,105.0,120.63333333333334,533.1776470588235,0.0,1.0,0.0,0.0,0.0,0.0,0.0,0.0,0.0,0.0,0.0,0.0,0.0,0.0,0.0,0.0,0.0,1.0,0.0,0.0,0.0,1.0,10.0,0.0,0.0,0.0,0.0,1.0,0.0,0.0,28.0,5.6000000000000005,0.0,1.0,0.0,0.0,1.0,117.0,3.0,476.0,476.0,1428.0,10.2
0.2,0.0,0.0,1.0,0.0,0.0,14.0,1.0,98.0,105.0,120.63333333333334,533.1776470588235,0.0,1.0,0.0,0.0,0.0,0.0,0.0,0.0,0.0,0.0,0.0,0.0,0.0,0.0,0.0,0.0,0.0,1.0,0.0,0.0,0.0,1.0,10.0,0.0,0.0,0.0,0.0,1.0,0.0,0.0,28.0,5.6000000000000005,0.0,1.0,0.0,0.0,0.0,19.0,3.0,112.0,112.0,336.0,12.41180752125651
0.2,0.0,0.0,1.0,0.0,0.0,14.0,1.0,98.0,105.0,120.63333333333334,533.1776470588235,0.0,1.0,0.0,0.0,0.0,0.0,0.0,0.0,0.0,0.0,0.0,0.0,0.0,0.0,0.0,0.0,0.0,1.0,0.0,0.0,0.0,1.0,10.0,0.0,0.0,0.0,0.0,1.0,0.0,0.0,28.0,5.6000000000000005,0.0,1.0,0.0,0.0,0.0,108.0,3.0,182.0,182.0,546.0,9.22
0.4,1.0,0.0,0.0,0.0,0.0,28.0,1.0,56.0,189.0,20.1,55.0,0.0,1.0,0.0,0.0,0.0,0.0,0.0,0.0,0.0,0.0,0.0,0.0,0.0,0.0,0.0,0.0,0.0,1.0,0.0,0.0,0.0,1.0,3.0,1.0,0.0,0.0,0.0,0.0,0.0,0.0,28.0,11.2,0.0,1.0,0.0,0.0,0.0,96.0,3.0,364.0,364.0,1092.0,27.257272727272728
0.4,1.0,0.0,0.0,0.0,0.0,28.0,1.0,56.0,189.0,20.1,55.0,0.0,1.0,0.0,0.0,0.0,0.0,0.0,0.0,0.0,0.0,0.0,0.0,0.0,0.0,0.0,0.0,0.0,1.0,0.0,0.0,0.0,1.0,3.0,1.0,0.0,0.0,0.0,0.0,0.0,0.0,28.0,11.2,0.0,1.0,0.0,0.0,0.0,94.0,1.2,140.0,140.0,168.0,30.52006398373745
0.4,1.0,0.0,0.0,0.0,0.0,28.0,1.0,56.0,189.0,20.1,55.0,0.0,1.0,0.0,0.0,0.0,0.0,0.0,0.0,0.0,0.0,0.0,0.0,0.0,0.0,0.0,0.0,0.0,1.0,0.0,0.0,0.0,1.0,3.0,1.0,0.0,0.0,0.0,0.0,0.0,0.0,28.0,11.2,0.0,1.0,0.0,0.0,0.0,90.0,1.8,140.0,140.0,252.0,29.79011225200742
0.4,1.0,0.0,0.0,0.0,0.0,28.0,1.0,56.0,189.0,20.1,55.0,0.0,1.0,0.0,0.0,0.0,0.0,0.0,0.0,0.0,0.0,0.0,0.0,0.0,0.0,0.0,0.0,0.0,1.0,0.0,0.0,0.0,1.0,3.0,1.0,0.0,0.0,0.0,0.0,0.0,0.0,28.0,11.2,0.0,1.0,0.0,0.0,0.0,92.0,2.4,140.0,140.0,336.0,29.103203342101995
0.4,1.0,0.0,0.0,0.0,0.0,28.0,1.0,56.0,189.0,20.1,55.0,0.0,1.0,0.0,0.0,0.0,0.0,0.0,0.0,0.0,0.0,0.0,0.0,0.0,0.0,0.0,0.0,0.0,1.0,0.0,0.0,0.0,1.0,3.0,1.0,0.0,0.0,0.0,0.0,0.0,0.0,28.0,11.2,0.0,1.0,0.0,0.0,0.0,92.0,3.0,140.0,140.0,420.0,28.01564862040093
0.4,1.0,0.0,0.0,0.0,0.0,28.0,1.0,56.0,189.0,20.1,55.0,0.0,1.0,0.0,0.0,0.0,0.0,0.0,0.0,0.0,0.0,0.0,0.0,0.0,0.0,0.0,0.0,0.0,1.0,0.0,0.0,0.0,1.0,3.0,1.0,0.0,0.0,0.0,0.0,0.0,0.0,28.0,11.2,0.0,1.0,0.0,0.0,0.0,29.0,3.0,280.0,280.0,840.0,29.227272727272727
0.4,1.0,0.0,0.0,0.0,0.0,28.0,1.0,56.0,189.0,20.1,55.0,0.0,1.0,0.0,0.0,0.0,0.0,0.0,0.0,0.0,0.0,0.0,0.0,0.0,0.0,0.0,0.0,0.0,1.0,0.0,0.0,0.0,1.0,3.0,1.0,0.0,0.0,0.0,0.0,0.0,0.0,28.0,11.2,0.0,1.0,0.0,0.0,1.0,412.0,3.0,392.0,392.0,1176.0,28.827272727272728
0.4,1.0,0.0,0.0,0.0,0.0,28.0,1.0,56.0,189.0,20.1,55.0,0.0,1.0,0.0,0.0,0.0,0.0,0.0,0.0,0.0,0.0,0.0,0.0,0.0,0.0,0.0,0.0,0.0,1.0,0.0,0.0,0.0,1.0,3.0,1.0,0.0,0.0,0.0,0.0,0.0,0.0,28.0,11.2,0.0,1.0,0.0,0.0,1.0,204.0,1.8,392.0,392.0,705.6,30.127272727272725
0.4,1.0,0.0,0.0,0.0,0.0,28.0,1.0,56.0,189.0,20.1,55.0,0.0,1.0,0.0,0.0,0.0,0.0,0.0,0.0,0.0,0.0,0.0,0.0,0.0,0.0,0.0,0.0,0.0,1.0,0.0,0.0,0.0,1.0,3.0,1.0,0.0,0.0,0.0,0.0,0.0,0.0,28.0,11.2,0.0,1.0,0.0,0.0,1.0,2432.0,3.0,392.0,392.0,1176.0,27.367272727272727
0.4,1.0,0.0,0.0,0.0,0.0,28.0,1.0,56.0,189.0,20.1,55.0,0.0,1.0,0.0,0.0,0.0,0.0,0.0,0.0,0.0,0.0,0.0,0.0,0.0,0.0,0.0,0.0,0.0,1.0,0.0,0.0,0.0,1.0,3.0,1.0,0.0,0.0,0.0,0.0,0.0,0.0,28.0,11.2,0.0,1.0,0.0,0.0,1.0,1467.0,3.0,1120.0,1120.0,3360.0,28.477272727272727
0.4,1.0,0.0,0.0,0.0,0.0,28.0,1.0,56.0,189.0,20.1,55.0,0.0,1.0,0.0,0.0,0.0,0.0,0.0,0.0,0.0,0.0,0.0,0.0,0.0,0.0,0.0,0.0,0.0,1.0,0.0,0.0,0.0,1.0,3.0,1.0,0.0,0.0,0.0,0.0,0.0,0.0,28.0,11.2,0.0,1.0,0.0,0.0,1.0,349.0,3.0,476.0,476.0,1428.0,27.39727272727273
0.4,1.0,0.0,0.0,0.0,0.0,28.0,1.0,56.0,189.0,20.1,55.0,0.0,1.0,0.0,0.0,0.0,0.0,0.0,0.0,0.0,0.0,0.0,0.0,0.0,0.0,0.0,0.0,0.0,1.0,0.0,0.0,0.0,1.0,3.0,1.0,0.0,0.0,0.0,0.0,0.0,0.0,28.0,11.2,1.0,0.0,0.0,0.0,1.0,175.0,3.0,224.0,224.0,672.0,28.525848860937963
0.4,1.0,0.0,0.0,0.0,0.0,28.0,1.0,56.0,189.0,20.1,55.0,0.0,1.0,0.0,0.0,0.0,0.0,0.0,0.0,0.0,0.0,0.0,0.0,0.0,0.0,0.0,0.0,0.0,1.0,0.0,0.0,0.0,1.0,3.0,1.0,0.0,0.0,0.0,0.0,0.0,0.0,28.0,11.2,0.0,0.0,1.0,0.0,1.0,125.0,3.0,392.0,392.0,1176.0,29.127272727272725
0.4,1.0,0.0,0.0,0.0,0.0,28.0,1.0,56.0,189.0,20.1,55.0,0.0,1.0,0.0,0.0,0.0,0.0,0.0,0.0,0.0,0.0,0.0,0.0,0.0,0.0,0.0,0.0,0.0,1.0,0.0,0.0,0.0,1.0,3.0,1.0,0.0,0.0,0.0,0.0,0.0,0.0,28.0,11.2,0.0,0.0,0.0,1.0,1.0,17.0,3.0,364.0,364.0,1092.0,30.027272727272727
0.4,1.0,0.0,0.0,0.0,0.0,28.0,1.0,56.0,189.0,20.1,55.0,0.0,1.0,0.0,0.0,0.0,0.0,0.0,0.0,0.0,0.0,0.0,0.0,0.0,0.0,0.0,0.0,0.0,1.0,0.0,0.0,0.0,1.0,3.0,1.0,0.0,0.0,0.0,0.0,0.0,0.0,28.0,11.2,0.0,0.0,0.0,1.0,1.0,14.0,3.0,364.0,364.0,1092.0,34.127272727272725
0.4,1.0,0.0,0.0,0.0,0.0,28.0,1.0,56.0,189.0,20.1,55.0,0.0,1.0,0.0,0.0,0.0,0.0,0.0,0.0,0.0,0.0,0.0,0.0,0.0,0.0,0.0,0.0,0.0,1.0,0.0,0.0,0.0,1.0,3.0,1.0,0.0,0.0,0.0,0.0,0.0,0.0,28.0,11.2,0.0,0.0,0.0,1.0,1.0,31.0,3.0,364.0,364.0,1092.0,32.027272727272724
0.4,1.0,0.0,0.0,0.0,0.0,28.0,1.0,56.0,189.0,20.1,55.0,0.0,1.0,0.0,0.0,0.0,0.0,0.0,0.0,0.0,0.0,0.0,0.0,0.0,0.0,0.0,0.0,0.0,1.0,0.0,0.0,0.0,1.0,3.0,1.0,0.0,0.0,0.0,0.0,0.0,0.0,28.0,11.2,0.0,1.0,0.0,0.0,1.0,194.0,3.0,392.0,392.0,1176.0,26.667272727272724
0.4,1.0,0.0,0.0,0.0,0.0,28.0,1.0,56.0,189.0,20.1,55.0,0.0,1.0,0.0,0.0,0.0,0.0,0.0,0.0,0.0,0.0,0.0,0.0,0.0,0.0,0.0,0.0,0.0,1.0,0.0,0.0,0.0,1.0,3.0,1.0,0.0,0.0,0.0,0.0,0.0,0.0,28.0,11.2,0.0,1.0,0.0,0.0,1.0,117.0,3.0,476.0,476.0,1428.0,27.92727272727273
0.4,1.0,0.0,0.0,0.0,0.0,28.0,1.0,56.0,189.0,20.1,55.0,0.0,1.0,0.0,0.0,0.0,0.0,0.0,0.0,0.0,0.0,0.0,0.0,0.0,0.0,0.0,0.0,0.0,1.0,0.0,0.0,0.0,1.0,3.0,1.0,0.0,0.0,0.0,0.0,0.0,0.0,28.0,11.2,0.0,1.0,0.0,0.0,0.0,19.0,3.0,112.0,112.0,336.0,30.13908024852924
0.4,1.0,0.0,0.0,0.0,0.0,28.0,1.0,56.0,189.0,20.1,55.0,0.0,1.0,0.0,0.0,0.0,0.0,0.0,0.0,0.0,0.0,0.0,0.0,0.0,0.0,0.0,0.0,0.0,1.0,0.0,0.0,0.0,1.0,3.0,1.0,0.0,0.0,0.0,0.0,0.0,0.0,28.0,11.2,0.0,1.0,0.0,0.0,0.0,108.0,3.0,182.0,182.0,546.0,26.947272727272725
0.07,0.0,1.0,0.0,0.0,0.0,63.0,1.0,42.0,168.0,120.63333333333334,533.1776470588235,0.0,1.0,0.0,0.0,0.0,0.0,0.0,0.0,0.0,0.0,0.0,0.0,0.0,0.0,0.0,0.0,0.0,1.0,0.0,0.0,0.0,1.0,8.0,0.0,0.0,0.0,1.0,0.0,0.0,0.0,31.0,2.1700000000000004,0.0,1.0,0.0,0.0,0.0,96.0,3.0,364.0,364.0,1092.0,12.53
0.07,0.0,1.0,0.0,0.0,0.0,63.0,1.0,42.0,168.0,120.63333333333334,533.1776470588235,0.0,1.0,0.0,0.0,0.0,0.0,0.0,0.0,0.0,0.0,0.0,0.0,0.0,0.0,0.0,0.0,0.0,1.0,0.0,0.0,0.0,1.0,8.0,0.0,0.0,0.0,1.0,0.0,0.0,0.0,31.0,2.1700000000000004,0.0,1.0,0.0,0.0,0.0,94.0,1.2,140.0,140.0,168.0,15.792791256464731
0.07,0.0,1.0,0.0,0.0,0.0,63.0,1.0,42.0,168.0,120.63333333333334,533.1776470588235,0.0,1.0,0.0,0.0,0.0,0.0,0.0,0.0,0.0,0.0,0.0,0.0,0.0,0.0,0.0,0.0,0.0,1.0,0.0,0.0,0.0,1.0,8.0,0.0,0.0,0.0,1.0,0.0,0.0,0.0,31.0,2.1700000000000004,0.0,1.0,0.0,0.0,0.0,90.0,1.8,140.0,140.0,252.0,15.062839524734695
0.07,0.0,1.0,0.0,0.0,0.0,63.0,1.0,42.0,168.0,120.63333333333334,533.1776470588235,0.0,1.0,0.0,0.0,0.0,0.0,0.0,0.0,0.0,0.0,0.0,0.0,0.0,0.0,0.0,0.0,0.0,1.0,0.0,0.0,0.0,1.0,8.0,0.0,0.0,0.0,1.0,0.0,0.0,0.0,31.0,2.1700000000000004,0.0,1.0,0.0,0.0,0.0,92.0,2.4,140.0,140.0,336.0,14.375930614829269
0.07,0.0,1.0,0.0,0.0,0.0,63.0,1.0,42.0,168.0,120.63333333333334,533.1776470588235,0.0,1.0,0.0,0.0,0.0,0.0,0.0,0.0,0.0,0.0,0.0,0.0,0.0,0.0,0.0,0.0,0.0,1.0,0.0,0.0,0.0,1.0,8.0,0.0,0.0,0.0,1.0,0.0,0.0,0.0,31.0,2.1700000000000004,0.0,1.0,0.0,0.0,0.0,92.0,3.0,140.0,140.0,420.0,13.288375893128206
0.07,0.0,1.0,0.0,0.0,0.0,63.0,1.0,42.0,168.0,120.63333333333334,533.1776470588235,0.0,1.0,0.0,0.0,0.0,0.0,0.0,0.0,0.0,0.0,0.0,0.0,0.0,0.0,0.0,0.0,0.0,1.0,0.0,0.0,0.0,1.0,8.0,0.0,0.0,0.0,1.0,0.0,0.0,0.0,31.0,2.1700000000000004,0.0,1.0,0.0,0.0,0.0,29.0,3.0,280.0,280.0,840.0,14.5
0.07,0.0,1.0,0.0,0.0,0.0,63.0,1.0,42.0,168.0,120.63333333333334,533.1776470588235,0.0,1.0,0.0,0.0,0.0,0.0,0.0,0.0,0.0,0.0,0.0,0.0,0.0,0.0,0.0,0.0,0.0,1.0,0.0,0.0,0.0,1.0,8.0,0.0,0.0,0.0,1.0,0.0,0.0,0.0,31.0,2.1700000000000004,0.0,1.0,0.0,0.0,1.0,412.0,3.0,392.0,392.0,1176.0,14.1
0.07,0.0,1.0,0.0,0.0,0.0,63.0,1.0,42.0,168.0,120.63333333333334,533.1776470588235,0.0,1.0,0.0,0.0,0.0,0.0,0.0,0.0,0.0,0.0,0.0,0.0,0.0,0.0,0.0,0.0,0.0,1.0,0.0,0.0,0.0,1.0,8.0,0.0,0.0,0.0,1.0,0.0,0.0,0.0,31.0,2.1700000000000004,0.0,1.0,0.0,0.0,1.0,204.0,1.8,392.0,392.0,705.6,15.4
0.07,0.0,1.0,0.0,0.0,0.0,63.0,1.0,42.0,168.0,120.63333333333334,533.1776470588235,0.0,1.0,0.0,0.0,0.0,0.0,0.0,0.0,0.0,0.0,0.0,0.0,0.0,0.0,0.0,0.0,0.0,1.0,0.0,0.0,0.0,1.0,8.0,0.0,0.0,0.0,1.0,0.0,0.0,0.0,31.0,2.1700000000000004,0.0,1.0,0.0,0.0,1.0,2432.0,3.0,392.0,392.0,1176.0,12.64
0.07,0.0,1.0,0.0,0.0,0.0,63.0,1.0,42.0,168.0,120.63333333333334,533.1776470588235,0.0,1.0,0.0,0.0,0.0,0.0,0.0,0.0,0.0,0.0,0.0,0.0,0.0,0.0,0.0,0.0,0.0,1.0,0.0,0.0,0.0,1.0,8.0,0.0,0.0,0.0,1.0,0.0,0.0,0.0,31.0,2.1700000000000004,0.0,1.0,0.0,0.0,1.0,1467.0,3.0,1120.0,1120.0,3360.0,13.75
0.07,0.0,1.0,0.0,0.0,0.0,63.0,1.0,42.0,168.0,120.63333333333334,533.1776470588235,0.0,1.0,0.0,0.0,0.0,0.0,0.0,0.0,0.0,0.0,0.0,0.0,0.0,0.0,0.0,0.0,0.0,1.0,0.0,0.0,0.0,1.0,8.0,0.0,0.0,0.0,1.0,0.0,0.0,0.0,31.0,2.1700000000000004,0.0,1.0,0.0,0.0,1.0,349.0,3.0,476.0,476.0,1428.0,12.67
0.07,0.0,1.0,0.0,0.0,0.0,63.0,1.0,42.0,168.0,120.63333333333334,533.1776470588235,0.0,1.0,0.0,0.0,0.0,0.0,0.0,0.0,0.0,0.0,0.0,0.0,0.0,0.0,0.0,0.0,0.0,1.0,0.0,0.0,0.0,1.0,8.0,0.0,0.0,0.0,1.0,0.0,0.0,0.0,31.0,2.1700000000000004,1.0,0.0,0.0,0.0,1.0,175.0,3.0,224.0,224.0,672.0,13.798576133665236
0.07,0.0,1.0,0.0,0.0,0.0,63.0,1.0,42.0,168.0,120.63333333333334,533.1776470588235,0.0,1.0,0.0,0.0,0.0,0.0,0.0,0.0,0.0,0.0,0.0,0.0,0.0,0.0,0.0,0.0,0.0,1.0,0.0,0.0,0.0,1.0,8.0,0.0,0.0,0.0,1.0,0.0,0.0,0.0,31.0,2.1700000000000004,0.0,0.0,1.0,0.0,1.0,125.0,3.0,392.0,392.0,1176.0,14.4
0.07,0.0,1.0,0.0,0.0,0.0,63.0,1.0,42.0,168.0,120.63333333333334,533.1776470588235,0.0,1.0,0.0,0.0,0.0,0.0,0.0,0.0,0.0,0.0,0.0,0.0,0.0,0.0,0.0,0.0,0.0,1.0,0.0,0.0,0.0,1.0,8.0,0.0,0.0,0.0,1.0,0.0,0.0,0.0,31.0,2.1700000000000004,0.0,0.0,0.0,1.0,1.0,17.0,3.0,364.0,364.0,1092.0,15.3
0.07,0.0,1.0,0.0,0.0,0.0,63.0,1.0,42.0,168.0,120.63333333333334,533.1776470588235,0.0,1.0,0.0,0.0,0.0,0.0,0.0,0.0,0.0,0.0,0.0,0.0,0.0,0.0,0.0,0.0,0.0,1.0,0.0,0.0,0.0,1.0,8.0,0.0,0.0,0.0,1.0,0.0,0.0,0.0,31.0,2.1700000000000004,0.0,0.0,0.0,1.0,1.0,14.0,3.0,364.0,364.0,1092.0,19.4
0.07,0.0,1.0,0.0,0.0,0.0,63.0,1.0,42.0,168.0,120.63333333333334,533.1776470588235,0.0,1.0,0.0,0.0,0.0,0.0,0.0,0.0,0.0,0.0,0.0,0.0,0.0,0.0,0.0,0.0,0.0,1.0,0.0,0.0,0.0,1.0,8.0,0.0,0.0,0.0,1.0,0.0,0.0,0.0,31.0,2.1700000000000004,0.0,0.0,0.0,1.0,1.0,31.0,3.0,364.0,364.0,1092.0,17.3
0.07,0.0,1.0,0.0,0.0,0.0,63.0,1.0,42.0,168.0,120.63333333333334,533.1776470588235,0.0,1.0,0.0,0.0,0.0,0.0,0.0,0.0,0.0,0.0,0.0,0.0,0.0,0.0,0.0,0.0,0.0,1.0,0.0,0.0,0.0,1.0,8.0,0.0,0.0,0.0,1.0,0.0,0.0,0.0,31.0,2.1700000000000004,0.0,1.0,0.0,0.0,1.0,194.0,3.0,392.0,392.0,1176.0,11.94
0.07,0.0,1.0,0.0,0.0,0.0,63.0,1.0,42.0,168.0,120.63333333333334,533.1776470588235,0.0,1.0,0.0,0.0,0.0,0.0,0.0,0.0,0.0,0.0,0.0,0.0,0.0,0.0,0.0,0.0,0.0,1.0,0.0,0.0,0.0,1.0,8.0,0.0,0.0,0.0,1.0,0.0,0.0,0.0,31.0,2.1700000000000004,0.0,1.0,0.0,0.0,1.0,117.0,3.0,476.0,476.0,1428.0,13.2
0.07,0.0,1.0,0.0,0.0,0.0,63.0,1.0,42.0,168.0,120.63333333333334,533.1776470588235,0.0,1.0,0.0,0.0,0.0,0.0,0.0,0.0,0.0,0.0,0.0,0.0,0.0,0.0,0.0,0.0,0.0,1.0,0.0,0.0,0.0,1.0,8.0,0.0,0.0,0.0,1.0,0.0,0.0,0.0,31.0,2.1700000000000004,0.0,1.0,0.0,0.0,0.0,19.0,3.0,112.0,112.0,336.0,15.41180752125651
0.07,0.0,1.0,0.0,0.0,0.0,63.0,1.0,42.0,168.0,120.63333333333334,533.1776470588235,0.0,1.0,0.0,0.0,0.0,0.0,0.0,0.0,0.0,0.0,0.0,0.0,0.0,0.0,0.0,0.0,0.0,1.0,0.0,0.0,0.0,1.0,8.0,0.0,0.0,0.0,1.0,0.0,0.0,0.0,31.0,2.1700000000000004,0.0,1.0,0.0,0.0,0.0,108.0,3.0,182.0,182.0,546.0,12.22
0.2,0.0,0.0,1.0,0.0,0.0,9.0,1.0,98.0,231.0,120.63333333333334,42.3,0.0,0.0,0.0,0.0,0.0,0.0,0.0,0.0,0.0,0.0,0.0,1.0,0.0,0.0,0.0,0.0,0.0,1.0,0.0,0.0,0.0,1.0,9.0,1.0,0.0,0.0,0.0,0.0,0.0,0.0,18.0,3.6,0.0,1.0,0.0,0.0,0.0,96.0,3.0,364.0,364.0,1092.0,4.505062344139652
0.2,0.0,0.0,1.0,0.0,0.0,9.0,1.0,98.0,231.0,120.63333333333334,42.3,0.0,0.0,0.0,0.0,0.0,0.0,0.0,0.0,0.0,0.0,0.0,1.0,0.0,0.0,0.0,0.0,0.0,1.0,0.0,0.0,0.0,1.0,9.0,1.0,0.0,0.0,0.0,0.0,0.0,0.0,18.0,3.6,0.0,1.0,0.0,0.0,0.0,94.0,1.2,140.0,140.0,168.0,7.767853600604383
0.2,0.0,0.0,1.0,0.0,0.0,9.0,1.0,98.0,231.0,120.63333333333334,42.3,0.0,0.0,0.0,0.0,0.0,0.0,0.0,0.0,0.0,0.0,0.0,1.0,0.0,0.0,0.0,0.0,0.0,1.0,0.0,0.0,0.0,1.0,9.0,1.0,0.0,0.0,0.0,0.0,0.0,0.0,18.0,3.6,0.0,1.0,0.0,0.0,0.0,90.0,1.8,140.0,140.0,252.0,7.0379018688743455
0.2,0.0,0.0,1.0,0.0,0.0,9.0,1.0,98.0,231.0,120.63333333333334,42.3,0.0,0.0,0.0,0.0,0.0,0.0,0.0,0.0,0.0,0.0,0.0,1.0,0.0,0.0,0.0,0.0,0.0,1.0,0.0,0.0,0.0,1.0,9.0,1.0,0.0,0.0,0.0,0.0,0.0,0.0,18.0,3.6,0.0,1.0,0.0,0.0,0.0,92.0,2.4,140.0,140.0,336.0,6.350992958968921
0.2,0.0,0.0,1.0,0.0,0.0,9.0,1.0,98.0,231.0,120.63333333333334,42.3,0.0,0.0,0.0,0.0,0.0,0.0,0.0,0.0,0.0,0.0,0.0,1.0,0.0,0.0,0.0,0.0,0.0,1.0,0.0,0.0,0.0,1.0,9.0,1.0,0.0,0.0,0.0,0.0,0.0,0.0,18.0,3.6,0.0,1.0,0.0,0.0,0.0,92.0,3.0,140.0,140.0,420.0,5.263438237267858
0.2,0.0,0.0,1.0,0.0,0.0,9.0,1.0,98.0,231.0,120.63333333333334,42.3,0.0,0.0,0.0,0.0,0.0,0.0,0.0,0.0,0.0,0.0,0.0,1.0,0.0,0.0,0.0,0.0,0.0,1.0,0.0,0.0,0.0,1.0,9.0,1.0,0.0,0.0,0.0,0.0,0.0,0.0,18.0,3.6,0.0,1.0,0.0,0.0,0.0,29.0,3.0,280.0,280.0,840.0,6.475062344139651
0.2,0.0,0.0,1.0,0.0,0.0,9.0,1.0,98.0,231.0,120.63333333333334,42.3,0.0,0.0,0.0,0.0,0.0,0.0,0.0,0.0,0.0,0.0,0.0,1.0,0.0,0.0,0.0,0.0,0.0,1.0,0.0,0.0,0.0,1.0,9.0,1.0,0.0,0.0,0.0,0.0,0.0,0.0,18.0,3.6,0.0,1.0,0.0,0.0,1.0,412.0,3.0,392.0,392.0,1176.0,6.075062344139651
0.2,0.0,0.0,1.0,0.0,0.0,9.0,1.0,98.0,231.0,120.63333333333334,42.3,0.0,0.0,0.0,0.0,0.0,0.0,0.0,0.0,0.0,0.0,0.0,1.0,0.0,0.0,0.0,0.0,0.0,1.0,0.0,0.0,0.0,1.0,9.0,1.0,0.0,0.0,0.0,0.0,0.0,0.0,18.0,3.6,0.0,1.0,0.0,0.0,1.0,204.0,1.8,392.0,392.0,705.6,7.375062344139652
0.2,0.0,0.0,1.0,0.0,0.0,9.0,1.0,98.0,231.0,120.63333333333334,42.3,0.0,0.0,0.0,0.0,0.0,0.0,0.0,0.0,0.0,0.0,0.0,1.0,0.0,0.0,0.0,0.0,0.0,1.0,0.0,0.0,0.0,1.0,9.0,1.0,0.0,0.0,0.0,0.0,0.0,0.0,18.0,3.6,0.0,1.0,0.0,0.0,1.0,2432.0,3.0,392.0,392.0,1176.0,4.615062344139651
0.2,0.0,0.0,1.0,0.0,0.0,9.0,1.0,98.0,231.0,120.63333333333334,42.3,0.0,0.0,0.0,0.0,0.0,0.0,0.0,0.0,0.0,0.0,0.0,1.0,0.0,0.0,0.0,0.0,0.0,1.0,0.0,0.0,0.0,1.0,9.0,1.0,0.0,0.0,0.0,0.0,0.0,0.0,18.0,3.6,0.0,1.0,0.0,0.0,1.0,1467.0,3.0,1120.0,1120.0,3360.0,5.725062344139651
0.2,0.0,0.0,1.0,0.0,0.0,9.0,1.0,98.0,231.0,120.63333333333334,42.3,0.0,0.0,0.0,0.0,0.0,0.0,0.0,0.0,0.0,0.0,0.0,1.0,0.0,0.0,0.0,0.0,0.0,1.0,0.0,0.0,0.0,1.0,9.0,1.0,0.0,0.0,0.0,0.0,0.0,0.0,18.0,3.6,0.0,1.0,0.0,0.0,1.0,349.0,3.0,476.0,476.0,1428.0,4.645062344139651
0.2,0.0,0.0,1.0,0.0,0.0,9.0,1.0,98.0,231.0,120.63333333333334,42.3,0.0,0.0,0.0,0.0,0.0,0.0,0.0,0.0,0.0,0.0,0.0,1.0,0.0,0.0,0.0,0.0,0.0,1.0,0.0,0.0,0.0,1.0,9.0,1.0,0.0,0.0,0.0,0.0,0.0,0.0,18.0,3.6,1.0,0.0,0.0,0.0,1.0,175.0,3.0,224.0,224.0,672.0,5.773638477804887
0.2,0.0,0.0,1.0,0.0,0.0,9.0,1.0,98.0,231.0,120.63333333333334,42.3,0.0,0.0,0.0,0.0,0.0,0.0,0.0,0.0,0.0,0.0,0.0,1.0,0.0,0.0,0.0,0.0,0.0,1.0,0.0,0.0,0.0,1.0,9.0,1.0,0.0,0.0,0.0,0.0,0.0,0.0,18.0,3.6,0.0,0.0,1.0,0.0,1.0,125.0,3.0,392.0,392.0,1176.0,6.375062344139652
0.2,0.0,0.0,1.0,0.0,0.0,9.0,1.0,98.0,231.0,120.63333333333334,42.3,0.0,0.0,0.0,0.0,0.0,0.0,0.0,0.0,0.0,0.0,0.0,1.0,0.0,0.0,0.0,0.0,0.0,1.0,0.0,0.0,0.0,1.0,9.0,1.0,0.0,0.0,0.0,0.0,0.0,0.0,18.0,3.6,0.0,0.0,0.0,1.0,1.0,17.0,3.0,364.0,364.0,1092.0,7.275062344139652
0.2,0.0,0.0,1.0,0.0,0.0,9.0,1.0,98.0,231.0,120.63333333333334,42.3,0.0,0.0,0.0,0.0,0.0,0.0,0.0,0.0,0.0,0.0,0.0,1.0,0.0,0.0,0.0,0.0,0.0,1.0,0.0,0.0,0.0,1.0,9.0,1.0,0.0,0.0,0.0,0.0,0.0,0.0,18.0,3.6,0.0,0.0,0.0,1.0,1.0,14.0,3.0,364.0,364.0,1092.0,11.37506234413965
0.2,0.0,0.0,1.0,0.0,0.0,9.0,1.0,98.0,231.0,120.63333333333334,42.3,0.0,0.0,0.0,0.0,0.0,0.0,0.0,0.0,0.0,0.0,0.0,1.0,0.0,0.0,0.0,0.0,0.0,1.0,0.0,0.0,0.0,1.0,9.0,1.0,0.0,0.0,0.0,0.0,0.0,0.0,18.0,3.6,0.0,0.0,0.0,1.0,1.0,31.0,3.0,364.0,364.0,1092.0,9.275062344139652
0.2,0.0,0.0,1.0,0.0,0.0,9.0,1.0,98.0,231.0,120.63333333333334,42.3,0.0,0.0,0.0,0.0,0.0,0.0,0.0,0.0,0.0,0.0,0.0,1.0,0.0,0.0,0.0,0.0,0.0,1.0,0.0,0.0,0.0,1.0,9.0,1.0,0.0,0.0,0.0,0.0,0.0,0.0,18.0,3.6,0.0,1.0,0.0,0.0,1.0,194.0,3.0,392.0,392.0,1176.0,3.915062344139651
0.2,0.0,0.0,1.0,0.0,0.0,9.0,1.0,98.0,231.0,120.63333333333334,42.3,0.0,0.0,0.0,0.0,0.0,0.0,0.0,0.0,0.0,0.0,0.0,1.0,0.0,0.0,0.0,0.0,0.0,1.0,0.0,0.0,0.0,1.0,9.0,1.0,0.0,0.0,0.0,0.0,0.0,0.0,18.0,3.6,0.0,1.0,0.0,0.0,1.0,117.0,3.0,476.0,476.0,1428.0,5.175062344139651
0.2,0.0,0.0,1.0,0.0,0.0,9.0,1.0,98.0,231.0,120.63333333333334,42.3,0.0,0.0,0.0,0.0,0.0,0.0,0.0,0.0,0.0,0.0,0.0,1.0,0.0,0.0,0.0,0.0,0.0,1.0,0.0,0.0,0.0,1.0,9.0,1.0,0.0,0.0,0.0,0.0,0.0,0.0,18.0,3.6,0.0,1.0,0.0,0.0,0.0,19.0,3.0,112.0,112.0,336.0,7.386869865396161
0.2,0.0,0.0,1.0,0.0,0.0,9.0,1.0,98.0,231.0,120.63333333333334,42.3,0.0,0.0,0.0,0.0,0.0,0.0,0.0,0.0,0.0,0.0,0.0,1.0,0.0,0.0,0.0,0.0,0.0,1.0,0.0,0.0,0.0,1.0,9.0,1.0,0.0,0.0,0.0,0.0,0.0,0.0,18.0,3.6,0.0,1.0,0.0,0.0,0.0,108.0,3.0,182.0,182.0,546.0,4.195062344139651
0.1,0.0,1.0,0.0,0.0,0.0,18.0,1.0,56.0,112.0,120.63333333333334,44.0,0.0,1.0,0.0,0.0,0.0,0.0,0.0,0.0,0.0,0.0,0.0,0.0,0.0,0.0,0.0,0.0,0.0,1.0,0.0,0.0,0.0,1.0,8.0,1.0,0.0,0.0,0.0,0.0,0.0,0.0,9.0,0.9,0.0,1.0,0.0,0.0,0.0,96.0,3.0,364.0,364.0,1092.0,5.893636363636365
0.1,0.0,1.0,0.0,0.0,0.0,18.0,1.0,56.0,112.0,120.63333333333334,44.0,0.0,1.0,0.0,0.0,0.0,0.0,0.0,0.0,0.0,0.0,0.0,0.0,0.0,0.0,0.0,0.0,0.0,1.0,0.0,0.0,0.0,1.0,8.0,1.0,0.0,0.0,0.0,0.0,0.0,0.0,9.0,0.9,0.0,1.0,0.0,0.0,0.0,94.0,1.2,140.0,140.0,168.0,9.156427620101097
0.1,0.0,1.0,0.0,0.0,0.0,18.0,1.0,56.0,112.0,120.63333333333334,44.0,0.0,1.0,0.0,0.0,0.0,0.0,0.0,0.0,0.0,0.0,0.0,0.0,0.0,0.0,0.0,0.0,0.0,1.0,0.0,0.0,0.0,1.0,8.0,1.0,0.0,0.0,0.0,0.0,0.0,0.0,9.0,0.9,0.0,1.0,0.0,0.0,0.0,90.0,1.8,140.0,140.0,252.0,8.426475888371058
0.1,0.0,1.0,0.0,0.0,0.0,18.0,1.0,56.0,112.0,120.63333333333334,44.0,0.0,1.0,0.0,0.0,0.0,0.0,0.0,0.0,0.0,0.0,0.0,0.0,0.0,0.0,0.0,0.0,0.0,1.0,0.0,0.0,0.0,1.0,8.0,1.0,0.0,0.0,0.0,0.0,0.0,0.0,9.0,0.9,0.0,1.0,0.0,0.0,0.0,92.0,2.4,140.0,140.0,336.0,7.739566978465635
0.1,0.0,1.0,0.0,0.0,0.0,18.0,1.0,56.0,112.0,120.63333333333334,44.0,0.0,1.0,0.0,0.0,0.0,0.0,0.0,0.0,0.0,0.0,0.0,0.0,0.0,0.0,0.0,0.0,0.0,1.0,0.0,0.0,0.0,1.0,8.0,1.0,0.0,0.0,0.0,0.0,0.0,0.0,9.0,0.9,0.0,1.0,0.0,0.0,0.0,92.0,3.0,140.0,140.0,420.0,6.652012256764571
0.1,0.0,1.0,0.0,0.0,0.0,18.0,1.0,56.0,112.0,120.63333333333334,44.0,0.0,1.0,0.0,0.0,0.0,0.0,0.0,0.0,0.0,0.0,0.0,0.0,0.0,0.0,0.0,0.0,0.0,1.0,0.0,0.0,0.0,1.0,8.0,1.0,0.0,0.0,0.0,0.0,0.0,0.0,9.0,0.9,0.0,1.0,0.0,0.0,0.0,29.0,3.0,280.0,280.0,840.0,7.863636363636365
0.1,0.0,1.0,0.0,0.0,0.0,18.0,1.0,56.0,112.0,120.63333333333334,44.0,0.0,1.0,0.0,0.0,0.0,0.0,0.0,0.0,0.0,0.0,0.0,0.0,0.0,0.0,0.0,0.0,0.0,1.0,0.0,0.0,0.0,1.0,8.0,1.0,0.0,0.0,0.0,0.0,0.0,0.0,9.0,0.9,0.0,1.0,0.0,0.0,1.0,412.0,3.0,392.0,392.0,1176.0,7.463636363636365
0.1,0.0,1.0,0.0,0.0,0.0,18.0,1.0,56.0,112.0,120.63333333333334,44.0,0.0,1.0,0.0,0.0,0.0,0.0,0.0,0.0,0.0,0.0,0.0,0.0,0.0,0.0,0.0,0.0,0.0,1.0,0.0,0.0,0.0,1.0,8.0,1.0,0.0,0.0,0.0,0.0,0.0,0.0,9.0,0.9,0.0,1.0,0.0,0.0,1.0,204.0,1.8,392.0,392.0,705.6,8.763636363636365
0.1,0.0,1.0,0.0,0.0,0.0,18.0,1.0,56.0,112.0,120.63333333333334,44.0,0.0,1.0,0.0,0.0,0.0,0.0,0.0,0.0,0.0,0.0,0.0,0.0,0.0,0.0,0.0,0.0,0.0,1.0,0.0,0.0,0.0,1.0,8.0,1.0,0.0,0.0,0.0,0.0,0.0,0.0,9.0,0.9,0.0,1.0,0.0,0.0,1.0,2432.0,3.0,392.0,392.0,1176.0,6.003636363636365
0.1,0.0,1.0,0.0,0.0,0.0,18.0,1.0,56.0,112.0,120.63333333333334,44.0,0.0,1.0,0.0,0.0,0.0,0.0,0.0,0.0,0.0,0.0,0.0,0.0,0.0,0.0,0.0,0.0,0.0,1.0,0.0,0.0,0.0,1.0,8.0,1.0,0.0,0.0,0.0,0.0,0.0,0.0,9.0,0.9,0.0,1.0,0.0,0.0,1.0,1467.0,3.0,1120.0,1120.0,3360.0,7.113636363636365
0.1,0.0,1.0,0.0,0.0,0.0,18.0,1.0,56.0,112.0,120.63333333333334,44.0,0.0,1.0,0.0,0.0,0.0,0.0,0.0,0.0,0.0,0.0,0.0,0.0,0.0,0.0,0.0,0.0,0.0,1.0,0.0,0.0,0.0,1.0,8.0,1.0,0.0,0.0,0.0,0.0,0.0,0.0,9.0,0.9,0.0,1.0,0.0,0.0,1.0,349.0,3.0,476.0,476.0,1428.0,6.033636363636365
0.1,0.0,1.0,0.0,0.0,0.0,18.0,1.0,56.0,112.0,120.63333333333334,44.0,0.0,1.0,0.0,0.0,0.0,0.0,0.0,0.0,0.0,0.0,0.0,0.0,0.0,0.0,0.0,0.0,0.0,1.0,0.0,0.0,0.0,1.0,8.0,1.0,0.0,0.0,0.0,0.0,0.0,0.0,9.0,0.9,1.0,0.0,0.0,0.0,1.0,175.0,3.0,224.0,224.0,672.0,7.162212497301601
0.1,0.0,1.0,0.0,0.0,0.0,18.0,1.0,56.0,112.0,120.63333333333334,44.0,0.0,1.0,0.0,0.0,0.0,0.0,0.0,0.0,0.0,0.0,0.0,0.0,0.0,0.0,0.0,0.0,0.0,1.0,0.0,0.0,0.0,1.0,8.0,1.0,0.0,0.0,0.0,0.0,0.0,0.0,9.0,0.9,0.0,0.0,1.0,0.0,1.0,125.0,3.0,392.0,392.0,1176.0,7.763636363636365
0.1,0.0,1.0,0.0,0.0,0.0,18.0,1.0,56.0,112.0,120.63333333333334,44.0,0.0,1.0,0.0,0.0,0.0,0.0,0.0,0.0,0.0,0.0,0.0,0.0,0.0,0.0,0.0,0.0,0.0,1.0,0.0,0.0,0.0,1.0,8.0,1.0,0.0,0.0,0.0,0.0,0.0,0.0,9.0,0.9,0.0,0.0,0.0,1.0,1.0,17.0,3.0,364.0,364.0,1092.0,8.663636363636366
0.1,0.0,1.0,0.0,0.0,0.0,18.0,1.0,56.0,112.0,120.63333333333334,44.0,0.0,1.0,0.0,0.0,0.0,0.0,0.0,0.0,0.0,0.0,0.0,0.0,0.0,0.0,0.0,0.0,0.0,1.0,0.0,0.0,0.0,1.0,8.0,1.0,0.0,0.0,0.0,0.0,0.0,0.0,9.0,0.9,0.0,0.0,0.0,1.0,1.0,14.0,3.0,364.0,364.0,1092.0,12.763636363636364
0.1,0.0,1.0,0.0,0.0,0.0,18.0,1.0,56.0,112.0,120.63333333333334,44.0,0.0,1.0,0.0,0.0,0.0,0.0,0.0,0.0,0.0,0.0,0.0,0.0,0.0,0.0,0.0,0.0,0.0,1.0,0.0,0.0,0.0,1.0,8.0,1.0,0.0,0.0,0.0,0.0,0.0,0.0,9.0,0.9,0.0,0.0,0.0,1.0,1.0,31.0,3.0,364.0,364.0,1092.0,10.663636363636366
0.1,0.0,1.0,0.0,0.0,0.0,18.0,1.0,56.0,112.0,120.63333333333334,44.0,0.0,1.0,0.0,0.0,0.0,0.0,0.0,0.0,0.0,0.0,0.0,0.0,0.0,0.0,0.0,0.0,0.0,1.0,0.0,0.0,0.0,1.0,8.0,1.0,0.0,0.0,0.0,0.0,0.0,0.0,9.0,0.9,0.0,1.0,0.0,0.0,1.0,194.0,3.0,392.0,392.0,1176.0,5.303636363636365
0.1,0.0,1.0,0.0,0.0,0.0,18.0,1.0,56.0,112.0,120.63333333333334,44.0,0.0,1.0,0.0,0.0,0.0,0.0,0.0,0.0,0.0,0.0,0.0,0.0,0.0,0.0,0.0,0.0,0.0,1.0,0.0,0.0,0.0,1.0,8.0,1.0,0.0,0.0,0.0,0.0,0.0,0.0,9.0,0.9,0.0,1.0,0.0,0.0,1.0,117.0,3.0,476.0,476.0,1428.0,6.563636363636364
0.1,0.0,1.0,0.0,0.0,0.0,18.0,1.0,56.0,112.0,120.63333333333334,44.0,0.0,1.0,0.0,0.0,0.0,0.0,0.0,0.0,0.0,0.0,0.0,0.0,0.0,0.0,0.0,0.0,0.0,1.0,0.0,0.0,0.0,1.0,8.0,1.0,0.0,0.0,0.0,0.0,0.0,0.0,9.0,0.9,0.0,1.0,0.0,0.0,0.0,19.0,3.0,112.0,112.0,336.0,8.775443884892875
0.1,0.0,1.0,0.0,0.0,0.0,18.0,1.0,56.0,112.0,120.63333333333334,44.0,0.0,1.0,0.0,0.0,0.0,0.0,0.0,0.0,0.0,0.0,0.0,0.0,0.0,0.0,0.0,0.0,0.0,1.0,0.0,0.0,0.0,1.0,8.0,1.0,0.0,0.0,0.0,0.0,0.0,0.0,9.0,0.9,0.0,1.0,0.0,0.0,0.0,108.0,3.0,182.0,182.0,546.0,5.583636363636365
0.15,1.0,0.0,0.0,0.0,0.0,1.0,0.0,28.0,42.0,120.63333333333334,33.0,0.0,0.0,0.0,0.0,0.0,0.0,0.0,0.0,1.0,0.0,0.0,0.0,0.0,0.0,0.0,0.0,0.0,1.0,0.0,0.0,0.0,1.0,6.0,0.0,0.0,0.0,0.0,0.0,0.0,1.0,1.0,0.15,0.0,1.0,0.0,0.0,0.0,96.0,3.0,364.0,364.0,1092.0,-2.7509667673716054
0.15,1.0,0.0,0.0,0.0,0.0,1.0,0.0,28.0,42.0,120.63333333333334,33.0,0.0,0.0,0.0,0.0,0.0,0.0,0.0,0.0,1.0,0.0,0.0,0.0,0.0,0.0,0.0,0.0,0.0,1.0,0.0,0.0,0.0,1.0,6.0,0.0,0.0,0.0,0.0,0.0,0.0,1.0,1.0,0.15,0.0,1.0,0.0,0.0,0.0,94.0,1.2,140.0,140.0,168.0,0.5118244890931258
0.15,1.0,0.0,0.0,0.0,0.0,1.0,0.0,28.0,42.0,120.63333333333334,33.0,0.0,0.0,0.0,0.0,0.0,0.0,0.0,0.0,1.0,0.0,0.0,0.0,0.0,0.0,0.0,0.0,0.0,1.0,0.0,0.0,0.0,1.0,6.0,0.0,0.0,0.0,0.0,0.0,0.0,1.0,1.0,0.15,0.0,1.0,0.0,0.0,0.0,90.0,1.8,140.0,140.0,252.0,-0.2181272426369114
0.15,1.0,0.0,0.0,0.0,0.0,1.0,0.0,28.0,42.0,120.63333333333334,33.0,0.0,0.0,0.0,0.0,0.0,0.0,0.0,0.0,1.0,0.0,0.0,0.0,0.0,0.0,0.0,0.0,0.0,1.0,0.0,0.0,0.0,1.0,6.0,0.0,0.0,0.0,0.0,0.0,0.0,1.0,1.0,0.15,0.0,1.0,0.0,0.0,0.0,92.0,2.4,140.0,140.0,336.0,-0.905036152542336
0.15,1.0,0.0,0.0,0.0,0.0,1.0,0.0,28.0,42.0,120.63333333333334,33.0,0.0,0.0,0.0,0.0,0.0,0.0,0.0,0.0,1.0,0.0,0.0,0.0,0.0,0.0,0.0,0.0,0.0,1.0,0.0,0.0,0.0,1.0,6.0,0.0,0.0,0.0,0.0,0.0,0.0,1.0,1.0,0.15,0.0,1.0,0.0,0.0,0.0,92.0,3.0,140.0,140.0,420.0,-1.9925908742433995
0.15,1.0,0.0,0.0,0.0,0.0,1.0,0.0,28.0,42.0,120.63333333333334,33.0,0.0,0.0,0.0,0.0,0.0,0.0,0.0,0.0,1.0,0.0,0.0,0.0,0.0,0.0,0.0,0.0,0.0,1.0,0.0,0.0,0.0,1.0,6.0,0.0,0.0,0.0,0.0,0.0,0.0,1.0,1.0,0.15,0.0,1.0,0.0,0.0,0.0,29.0,3.0,280.0,280.0,840.0,-0.7809667673716056
0.15,1.0,0.0,0.0,0.0,0.0,1.0,0.0,28.0,42.0,120.63333333333334,33.0,0.0,0.0,0.0,0.0,0.0,0.0,0.0,0.0,1.0,0.0,0.0,0.0,0.0,0.0,0.0,0.0,0.0,1.0,0.0,0.0,0.0,1.0,6.0,0.0,0.0,0.0,0.0,0.0,0.0,1.0,1.0,0.15,0.0,1.0,0.0,0.0,1.0,412.0,3.0,392.0,392.0,1176.0,-1.180966767371606
0.15,1.0,0.0,0.0,0.0,0.0,1.0,0.0,28.0,42.0,120.63333333333334,33.0,0.0,0.0,0.0,0.0,0.0,0.0,0.0,0.0,1.0,0.0,0.0,0.0,0.0,0.0,0.0,0.0,0.0,1.0,0.0,0.0,0.0,1.0,6.0,0.0,0.0,0.0,0.0,0.0,0.0,1.0,1.0,0.15,0.0,1.0,0.0,0.0,1.0,204.0,1.8,392.0,392.0,705.6,0.1190332326283947
0.15,1.0,0.0,0.0,0.0,0.0,1.0,0.0,28.0,42.0,120.63333333333334,33.0,0.0,0.0,0.0,0.0,0.0,0.0,0.0,0.0,1.0,0.0,0.0,0.0,0.0,0.0,0.0,0.0,0.0,1.0,0.0,0.0,0.0,1.0,6.0,0.0,0.0,0.0,0.0,0.0,0.0,1.0,1.0,0.15,0.0,1.0,0.0,0.0,1.0,2432.0,3.0,392.0,392.0,1176.0,-2.640966767371606
0.15,1.0,0.0,0.0,0.0,0.0,1.0,0.0,28.0,42.0,120.63333333333334,33.0,0.0,0.0,0.0,0.0,0.0,0.0,0.0,0.0,1.0,0.0,0.0,0.0,0.0,0.0,0.0,0.0,0.0,1.0,0.0,0.0,0.0,1.0,6.0,0.0,0.0,0.0,0.0,0.0,0.0,1.0,1.0,0.15,0.0,1.0,0.0,0.0,1.0,1467.0,3.0,1120.0,1120.0,3360.0,-1.5309667673716056
0.15,1.0,0.0,0.0,0.0,0.0,1.0,0.0,28.0,42.0,120.63333333333334,33.0,0.0,0.0,0.0,0.0,0.0,0.0,0.0,0.0,1.0,0.0,0.0,0.0,0.0,0.0,0.0,0.0,0.0,1.0,0.0,0.0,0.0,1.0,6.0,0.0,0.0,0.0,0.0,0.0,0.0,1.0,1.0,0.15,0.0,1.0,0.0,0.0,1.0,349.0,3.0,476.0,476.0,1428.0,-2.6109667673716057
0.15,1.0,0.0,0.0,0.0,0.0,1.0,0.0,28.0,42.0,120.63333333333334,33.0,0.0,0.0,0.0,0.0,0.0,0.0,0.0,0.0,1.0,0.0,0.0,0.0,0.0,0.0,0.0,0.0,0.0,1.0,0.0,0.0,0.0,1.0,6.0,0.0,0.0,0.0,0.0,0.0,0.0,1.0,1.0,0.15,1.0,0.0,0.0,0.0,1.0,175.0,3.0,224.0,224.0,672.0,-1.4823906337063697
0.15,1.0,0.0,0.0,0.0,0.0,1.0,0.0,28.0,42.0,120.63333333333334,33.0,0.0,0.0,0.0,0.0,0.0,0.0,0.0,0.0,1.0,0.0,0.0,0.0,0.0,0.0,0.0,0.0,0.0,1.0,0.0,0.0,0.0,1.0,6.0,0.0,0.0,0.0,0.0,0.0,0.0,1.0,1.0,0.15,0.0,0.0,1.0,0.0,1.0,125.0,3.0,392.0,392.0,1176.0,-0.8809667673716057
0.15,1.0,0.0,0.0,0.0,0.0,1.0,0.0,28.0,42.0,120.63333333333334,33.0,0.0,0.0,0.0,0.0,0.0,0.0,0.0,0.0,1.0,0.0,0.0,0.0,0.0,0.0,0.0,0.0,0.0,1.0,0.0,0.0,0.0,1.0,6.0,0.0,0.0,0.0,0.0,0.0,0.0,1.0,1.0,0.15,0.0,0.0,0.0,1.0,1.0,17.0,3.0,364.0,364.0,1092.0,0.0190332326283946
0.15,1.0,0.0,0.0,0.0,0.0,1.0,0.0,28.0,42.0,120.63333333333334,33.0,0.0,0.0,0.0,0.0,0.0,0.0,0.0,0.0,1.0,0.0,0.0,0.0,0.0,0.0,0.0,0.0,0.0,1.0,0.0,0.0,0.0,1.0,6.0,0.0,0.0,0.0,0.0,0.0,0.0,1.0,1.0,0.15,0.0,0.0,0.0,1.0,1.0,14.0,3.0,364.0,364.0,1092.0,4.119033232628394
0.15,1.0,0.0,0.0,0.0,0.0,1.0,0.0,28.0,42.0,120.63333333333334,33.0,0.0,0.0,0.0,0.0,0.0,0.0,0.0,0.0,1.0,0.0,0.0,0.0,0.0,0.0,0.0,0.0,0.0,1.0,0.0,0.0,0.0,1.0,6.0,0.0,0.0,0.0,0.0,0.0,0.0,1.0,1.0,0.15,0.0,0.0,0.0,1.0,1.0,31.0,3.0,364.0,364.0,1092.0,2.019033232628394
0.15,1.0,0.0,0.0,0.0,0.0,1.0,0.0,28.0,42.0,120.63333333333334,33.0,0.0,0.0,0.0,0.0,0.0,0.0,0.0,0.0,1.0,0.0,0.0,0.0,0.0,0.0,0.0,0.0,0.0,1.0,0.0,0.0,0.0,1.0,6.0,0.0,0.0,0.0,0.0,0.0,0.0,1.0,1.0,0.15,0.0,1.0,0.0,0.0,1.0,194.0,3.0,392.0,392.0,1176.0,-3.340966767371606
0.15,1.0,0.0,0.0,0.0,0.0,1.0,0.0,28.0,42.0,120.63333333333334,33.0,0.0,0.0,0.0,0.0,0.0,0.0,0.0,0.0,1.0,0.0,0.0,0.0,0.0,0.0,0.0,0.0,0.0,1.0,0.0,0.0,0.0,1.0,6.0,0.0,0.0,0.0,0.0,0.0,0.0,1.0,1.0,0.15,0.0,1.0,0.0,0.0,1.0,117.0,3.0,476.0,476.0,1428.0,-2.0809667673716064
0.15,1.0,0.0,0.0,0.0,0.0,1.0,0.0,28.0,42.0,120.63333333333334,33.0,0.0,0.0,0.0,0.0,0.0,0.0,0.0,0.0,1.0,0.0,0.0,0.0,0.0,0.0,0.0,0.0,0.0,1.0,0.0,0.0,0.0,1.0,6.0,0.0,0.0,0.0,0.0,0.0,0.0,1.0,1.0,0.15,0.0,1.0,0.0,0.0,0.0,19.0,3.0,112.0,112.0,336.0,0.1308407538849043
0.15,1.0,0.0,0.0,0.0,0.0,1.0,0.0,28.0,42.0,120.63333333333334,33.0,0.0,0.0,0.0,0.0,0.0,0.0,0.0,0.0,1.0,0.0,0.0,0.0,0.0,0.0,0.0,0.0,0.0,1.0,0.0,0.0,0.0,1.0,6.0,0.0,0.0,0.0,0.0,0.0,0.0,1.0,1.0,0.15,0.0,1.0,0.0,0.0,0.0,108.0,3.0,182.0,182.0,546.0,-3.060966767371606
0.15,1.0,0.0,0.0,0.0,0.0,3.0,0.0,28.0,42.0,120.63333333333334,31.2,0.0,0.0,0.0,0.0,0.0,0.0,0.0,0.0,1.0,0.0,0.0,0.0,0.0,0.0,0.0,0.0,0.0,1.0,0.0,0.0,0.0,1.0,6.0,0.0,0.0,0.0,0.0,0.0,0.0,1.0,3.0,0.4499999999999999,0.0,1.0,0.0,0.0,0.0,96.0,3.0,364.0,364.0,1092.0,1.983416149068317
0.15,1.0,0.0,0.0,0.0,0.0,3.0,0.0,28.0,42.0,120.63333333333334,31.2,0.0,0.0,0.0,0.0,0.0,0.0,0.0,0.0,1.0,0.0,0.0,0.0,0.0,0.0,0.0,0.0,0.0,1.0,0.0,0.0,0.0,1.0,6.0,0.0,0.0,0.0,0.0,0.0,0.0,1.0,3.0,0.4499999999999999,0.0,1.0,0.0,0.0,0.0,94.0,1.2,140.0,140.0,168.0,5.246207405533049
0.15,1.0,0.0,0.0,0.0,0.0,3.0,0.0,28.0,42.0,120.63333333333334,31.2,0.0,0.0,0.0,0.0,0.0,0.0,0.0,0.0,1.0,0.0,0.0,0.0,0.0,0.0,0.0,0.0,0.0,1.0,0.0,0.0,0.0,1.0,6.0,0.0,0.0,0.0,0.0,0.0,0.0,1.0,3.0,0.4499999999999999,0.0,1.0,0.0,0.0,0.0,90.0,1.8,140.0,140.0,252.0,4.516255673803012
0.15,1.0,0.0,0.0,0.0,0.0,3.0,0.0,28.0,42.0,120.63333333333334,31.2,0.0,0.0,0.0,0.0,0.0,0.0,0.0,0.0,1.0,0.0,0.0,0.0,0.0,0.0,0.0,0.0,0.0,1.0,0.0,0.0,0.0,1.0,6.0,0.0,0.0,0.0,0.0,0.0,0.0,1.0,3.0,0.4499999999999999,0.0,1.0,0.0,0.0,0.0,92.0,2.4,140.0,140.0,336.0,3.829346763897587
0.15,1.0,0.0,0.0,0.0,0.0,3.0,0.0,28.0,42.0,120.63333333333334,31.2,0.0,0.0,0.0,0.0,0.0,0.0,0.0,0.0,1.0,0.0,0.0,0.0,0.0,0.0,0.0,0.0,0.0,1.0,0.0,0.0,0.0,1.0,6.0,0.0,0.0,0.0,0.0,0.0,0.0,1.0,3.0,0.4499999999999999,0.0,1.0,0.0,0.0,0.0,92.0,3.0,140.0,140.0,420.0,2.741792042196524
0.15,1.0,0.0,0.0,0.0,0.0,3.0,0.0,28.0,42.0,120.63333333333334,31.2,0.0,0.0,0.0,0.0,0.0,0.0,0.0,0.0,1.0,0.0,0.0,0.0,0.0,0.0,0.0,0.0,0.0,1.0,0.0,0.0,0.0,1.0,6.0,0.0,0.0,0.0,0.0,0.0,0.0,1.0,3.0,0.4499999999999999,0.0,1.0,0.0,0.0,0.0,29.0,3.0,280.0,280.0,840.0,3.9534161490683175
0.15,1.0,0.0,0.0,0.0,0.0,3.0,0.0,28.0,42.0,120.63333333333334,31.2,0.0,0.0,0.0,0.0,0.0,0.0,0.0,0.0,1.0,0.0,0.0,0.0,0.0,0.0,0.0,0.0,0.0,1.0,0.0,0.0,0.0,1.0,6.0,0.0,0.0,0.0,0.0,0.0,0.0,1.0,3.0,0.4499999999999999,0.0,1.0,0.0,0.0,1.0,412.0,3.0,392.0,392.0,1176.0,3.553416149068317
0.15,1.0,0.0,0.0,0.0,0.0,3.0,0.0,28.0,42.0,120.63333333333334,31.2,0.0,0.0,0.0,0.0,0.0,0.0,0.0,0.0,1.0,0.0,0.0,0.0,0.0,0.0,0.0,0.0,0.0,1.0,0.0,0.0,0.0,1.0,6.0,0.0,0.0,0.0,0.0,0.0,0.0,1.0,3.0,0.4499999999999999,0.0,1.0,0.0,0.0,1.0,204.0,1.8,392.0,392.0,705.6,4.853416149068318
0.15,1.0,0.0,0.0,0.0,0.0,3.0,0.0,28.0,42.0,120.63333333333334,31.2,0.0,0.0,0.0,0.0,0.0,0.0,0.0,0.0,1.0,0.0,0.0,0.0,0.0,0.0,0.0,0.0,0.0,1.0,0.0,0.0,0.0,1.0,6.0,0.0,0.0,0.0,0.0,0.0,0.0,1.0,3.0,0.4499999999999999,0.0,1.0,0.0,0.0,1.0,2432.0,3.0,392.0,392.0,1176.0,2.093416149068317
0.15,1.0,0.0,0.0,0.0,0.0,3.0,0.0,28.0,42.0,120.63333333333334,31.2,0.0,0.0,0.0,0.0,0.0,0.0,0.0,0.0,1.0,0.0,0.0,0.0,0.0,0.0,0.0,0.0,0.0,1.0,0.0,0.0,0.0,1.0,6.0,0.0,0.0,0.0,0.0,0.0,0.0,1.0,3.0,0.4499999999999999,0.0,1.0,0.0,0.0,1.0,1467.0,3.0,1120.0,1120.0,3360.0,3.203416149068317
0.15,1.0,0.0,0.0,0.0,0.0,3.0,0.0,28.0,42.0,120.63333333333334,31.2,0.0,0.0,0.0,0.0,0.0,0.0,0.0,0.0,1.0,0.0,0.0,0.0,0.0,0.0,0.0,0.0,0.0,1.0,0.0,0.0,0.0,1.0,6.0,0.0,0.0,0.0,0.0,0.0,0.0,1.0,3.0,0.4499999999999999,0.0,1.0,0.0,0.0,1.0,349.0,3.0,476.0,476.0,1428.0,2.123416149068317
0.15,1.0,0.0,0.0,0.0,0.0,3.0,0.0,28.0,42.0,120.63333333333334,31.2,0.0,0.0,0.0,0.0,0.0,0.0,0.0,0.0,1.0,0.0,0.0,0.0,0.0,0.0,0.0,0.0,0.0,1.0,0.0,0.0,0.0,1.0,6.0,0.0,0.0,0.0,0.0,0.0,0.0,1.0,3.0,0.4499999999999999,1.0,0.0,0.0,0.0,1.0,175.0,3.0,224.0,224.0,672.0,3.251992282733553
0.15,1.0,0.0,0.0,0.0,0.0,3.0,0.0,28.0,42.0,120.63333333333334,31.2,0.0,0.0,0.0,0.0,0.0,0.0,0.0,0.0,1.0,0.0,0.0,0.0,0.0,0.0,0.0,0.0,0.0,1.0,0.0,0.0,0.0,1.0,6.0,0.0,0.0,0.0,0.0,0.0,0.0,1.0,3.0,0.4499999999999999,0.0,0.0,1.0,0.0,1.0,125.0,3.0,392.0,392.0,1176.0,3.853416149068317
0.15,1.0,0.0,0.0,0.0,0.0,3.0,0.0,28.0,42.0,120.63333333333334,31.2,0.0,0.0,0.0,0.0,0.0,0.0,0.0,0.0,1.0,0.0,0.0,0.0,0.0,0.0,0.0,0.0,0.0,1.0,0.0,0.0,0.0,1.0,6.0,0.0,0.0,0.0,0.0,0.0,0.0,1.0,3.0,0.4499999999999999,0.0,0.0,0.0,1.0,1.0,17.0,3.0,364.0,364.0,1092.0,4.753416149068318
0.15,1.0,0.0,0.0,0.0,0.0,3.0,0.0,28.0,42.0,120.63333333333334,31.2,0.0,0.0,0.0,0.0,0.0,0.0,0.0,0.0,1.0,0.0,0.0,0.0,0.0,0.0,0.0,0.0,0.0,1.0,0.0,0.0,0.0,1.0,6.0,0.0,0.0,0.0,0.0,0.0,0.0,1.0,3.0,0.4499999999999999,0.0,0.0,0.0,1.0,1.0,14.0,3.0,364.0,364.0,1092.0,8.853416149068316
0.15,1.0,0.0,0.0,0.0,0.0,3.0,0.0,28.0,42.0,120.63333333333334,31.2,0.0,0.0,0.0,0.0,0.0,0.0,0.0,0.0,1.0,0.0,0.0,0.0,0.0,0.0,0.0,0.0,0.0,1.0,0.0,0.0,0.0,1.0,6.0,0.0,0.0,0.0,0.0,0.0,0.0,1.0,3.0,0.4499999999999999,0.0,0.0,0.0,1.0,1.0,31.0,3.0,364.0,364.0,1092.0,6.753416149068318
0.15,1.0,0.0,0.0,0.0,0.0,3.0,0.0,28.0,42.0,120.63333333333334,31.2,0.0,0.0,0.0,0.0,0.0,0.0,0.0,0.0,1.0,0.0,0.0,0.0,0.0,0.0,0.0,0.0,0.0,1.0,0.0,0.0,0.0,1.0,6.0,0.0,0.0,0.0,0.0,0.0,0.0,1.0,3.0,0.4499999999999999,0.0,1.0,0.0,0.0,1.0,194.0,3.0,392.0,392.0,1176.0,1.393416149068317
0.15,1.0,0.0,0.0,0.0,0.0,3.0,0.0,28.0,42.0,120.63333333333334,31.2,0.0,0.0,0.0,0.0,0.0,0.0,0.0,0.0,1.0,0.0,0.0,0.0,0.0,0.0,0.0,0.0,0.0,1.0,0.0,0.0,0.0,1.0,6.0,0.0,0.0,0.0,0.0,0.0,0.0,1.0,3.0,0.4499999999999999,0.0,1.0,0.0,0.0,1.0,117.0,3.0,476.0,476.0,1428.0,2.653416149068317
0.15,1.0,0.0,0.0,0.0,0.0,3.0,0.0,28.0,42.0,120.63333333333334,31.2,0.0,0.0,0.0,0.0,0.0,0.0,0.0,0.0,1.0,0.0,0.0,0.0,0.0,0.0,0.0,0.0,0.0,1.0,0.0,0.0,0.0,1.0,6.0,0.0,0.0,0.0,0.0,0.0,0.0,1.0,3.0,0.4499999999999999,0.0,1.0,0.0,0.0,0.0,19.0,3.0,112.0,112.0,336.0,4.865223670324827
0.15,1.0,0.0,0.0,0.0,0.0,3.0,0.0,28.0,42.0,120.63333333333334,31.2,0.0,0.0,0.0,0.0,0.0,0.0,0.0,0.0,1.0,0.0,0.0,0.0,0.0,0.0,0.0,0.0,0.0,1.0,0.0,0.0,0.0,1.0,6.0,0.0,0.0,0.0,0.0,0.0,0.0,1.0,3.0,0.4499999999999999,0.0,1.0,0.0,0.0,0.0,108.0,3.0,182.0,182.0,546.0,1.6734161490683173
0.3,0.0,0.0,1.0,0.0,0.0,28.0,1.0,42.0,56.0,120.63333333333334,25.0,0.0,0.0,0.0,0.0,0.0,0.0,0.0,0.0,0.0,0.0,0.0,0.0,0.0,0.0,1.0,0.0,0.0,1.0,0.0,0.0,0.0,1.0,14.0,0.0,0.0,0.0,0.0,0.0,0.0,1.0,56.0,16.8,0.0,1.0,0.0,0.0,0.0,96.0,3.0,364.0,364.0,1092.0,46.530000000000015
0.3,0.0,0.0,1.0,0.0,0.0,28.0,1.0,42.0,56.0,120.63333333333334,25.0,0.0,0.0,0.0,0.0,0.0,0.0,0.0,0.0,0.0,0.0,0.0,0.0,0.0,0.0,1.0,0.0,0.0,1.0,0.0,0.0,0.0,1.0,14.0,0.0,0.0,0.0,0.0,0.0,0.0,1.0,56.0,16.8,0.0,1.0,0.0,0.0,0.0,94.0,1.2,140.0,140.0,168.0,49.792791256464746
0.3,0.0,0.0,1.0,0.0,0.0,28.0,1.0,42.0,56.0,120.63333333333334,25.0,0.0,0.0,0.0,0.0,0.0,0.0,0.0,0.0,0.0,0.0,0.0,0.0,0.0,0.0,1.0,0.0,0.0,1.0,0.0,0.0,0.0,1.0,14.0,0.0,0.0,0.0,0.0,0.0,0.0,1.0,56.0,16.8,0.0,1.0,0.0,0.0,0.0,90.0,1.8,140.0,140.0,252.0,49.06283952473471
0.3,0.0,0.0,1.0,0.0,0.0,28.0,1.0,42.0,56.0,120.63333333333334,25.0,0.0,0.0,0.0,0.0,0.0,0.0,0.0,0.0,0.0,0.0,0.0,0.0,0.0,0.0,1.0,0.0,0.0,1.0,0.0,0.0,0.0,1.0,14.0,0.0,0.0,0.0,0.0,0.0,0.0,1.0,56.0,16.8,0.0,1.0,0.0,0.0,0.0,92.0,2.4,140.0,140.0,336.0,48.37593061482929
0.3,0.0,0.0,1.0,0.0,0.0,28.0,1.0,42.0,56.0,120.63333333333334,25.0,0.0,0.0,0.0,0.0,0.0,0.0,0.0,0.0,0.0,0.0,0.0,0.0,0.0,0.0,1.0,0.0,0.0,1.0,0.0,0.0,0.0,1.0,14.0,0.0,0.0,0.0,0.0,0.0,0.0,1.0,56.0,16.8,0.0,1.0,0.0,0.0,0.0,92.0,3.0,140.0,140.0,420.0,47.28837589312822
0.3,0.0,0.0,1.0,0.0,0.0,28.0,1.0,42.0,56.0,120.63333333333334,25.0,0.0,0.0,0.0,0.0,0.0,0.0,0.0,0.0,0.0,0.0,0.0,0.0,0.0,0.0,1.0,0.0,0.0,1.0,0.0,0.0,0.0,1.0,14.0,0.0,0.0,0.0,0.0,0.0,0.0,1.0,56.0,16.8,0.0,1.0,0.0,0.0,0.0,29.0,3.0,280.0,280.0,840.0,48.500000000000014
0.3,0.0,0.0,1.0,0.0,0.0,28.0,1.0,42.0,56.0,120.63333333333334,25.0,0.0,0.0,0.0,0.0,0.0,0.0,0.0,0.0,0.0,0.0,0.0,0.0,0.0,0.0,1.0,0.0,0.0,1.0,0.0,0.0,0.0,1.0,14.0,0.0,0.0,0.0,0.0,0.0,0.0,1.0,56.0,16.8,0.0,1.0,0.0,0.0,1.0,412.0,3.0,392.0,392.0,1176.0,48.100000000000016
0.3,0.0,0.0,1.0,0.0,0.0,28.0,1.0,42.0,56.0,120.63333333333334,25.0,0.0,0.0,0.0,0.0,0.0,0.0,0.0,0.0,0.0,0.0,0.0,0.0,0.0,0.0,1.0,0.0,0.0,1.0,0.0,0.0,0.0,1.0,14.0,0.0,0.0,0.0,0.0,0.0,0.0,1.0,56.0,16.8,0.0,1.0,0.0,0.0,1.0,204.0,1.8,392.0,392.0,705.6,49.40000000000001
0.3,0.0,0.0,1.0,0.0,0.0,28.0,1.0,42.0,56.0,120.63333333333334,25.0,0.0,0.0,0.0,0.0,0.0,0.0,0.0,0.0,0.0,0.0,0.0,0.0,0.0,0.0,1.0,0.0,0.0,1.0,0.0,0.0,0.0,1.0,14.0,0.0,0.0,0.0,0.0,0.0,0.0,1.0,56.0,16.8,0.0,1.0,0.0,0.0,1.0,2432.0,3.0,392.0,392.0,1176.0,46.640000000000015
0.3,0.0,0.0,1.0,0.0,0.0,28.0,1.0,42.0,56.0,120.63333333333334,25.0,0.0,0.0,0.0,0.0,0.0,0.0,0.0,0.0,0.0,0.0,0.0,0.0,0.0,0.0,1.0,0.0,0.0,1.0,0.0,0.0,0.0,1.0,14.0,0.0,0.0,0.0,0.0,0.0,0.0,1.0,56.0,16.8,0.0,1.0,0.0,0.0,1.0,1467.0,3.0,1120.0,1120.0,3360.0,47.750000000000014
0.3,0.0,0.0,1.0,0.0,0.0,28.0,1.0,42.0,56.0,120.63333333333334,25.0,0.0,0.0,0.0,0.0,0.0,0.0,0.0,0.0,0.0,0.0,0.0,0.0,0.0,0.0,1.0,0.0,0.0,1.0,0.0,0.0,0.0,1.0,14.0,0.0,0.0,0.0,0.0,0.0,0.0,1.0,56.0,16.8,0.0,1.0,0.0,0.0,1.0,349.0,3.0,476.0,476.0,1428.0,46.670000000000016
0.3,0.0,0.0,1.0,0.0,0.0,28.0,1.0,42.0,56.0,120.63333333333334,25.0,0.0,0.0,0.0,0.0,0.0,0.0,0.0,0.0,0.0,0.0,0.0,0.0,0.0,0.0,1.0,0.0,0.0,1.0,0.0,0.0,0.0,1.0,14.0,0.0,0.0,0.0,0.0,0.0,0.0,1.0,56.0,16.8,1.0,0.0,0.0,0.0,1.0,175.0,3.0,224.0,224.0,672.0,47.79857613366525
0.3,0.0,0.0,1.0,0.0,0.0,28.0,1.0,42.0,56.0,120.63333333333334,25.0,0.0,0.0,0.0,0.0,0.0,0.0,0.0,0.0,0.0,0.0,0.0,0.0,0.0,0.0,1.0,0.0,0.0,1.0,0.0,0.0,0.0,1.0,14.0,0.0,0.0,0.0,0.0,0.0,0.0,1.0,56.0,16.8,0.0,0.0,1.0,0.0,1.0,125.0,3.0,392.0,392.0,1176.0,48.40000000000001
0.3,0.0,0.0,1.0,0.0,0.0,28.0,1.0,42.0,56.0,120.63333333333334,25.0,0.0,0.0,0.0,0.0,0.0,0.0,0.0,0.0,0.0,0.0,0.0,0.0,0.0,0.0,1.0,0.0,0.0,1.0,0.0,0.0,0.0,1.0,14.0,0.0,0.0,0.0,0.0,0.0,0.0,1.0,56.0,16.8,0.0,0.0,0.0,1.0,1.0,17.0,3.0,364.0,364.0,1092.0,49.30000000000001
0.3,0.0,0.0,1.0,0.0,0.0,28.0,1.0,42.0,56.0,120.63333333333334,25.0,0.0,0.0,0.0,0.0,0.0,0.0,0.0,0.0,0.0,0.0,0.0,0.0,0.0,0.0,1.0,0.0,0.0,1.0,0.0,0.0,0.0,1.0,14.0,0.0,0.0,0.0,0.0,0.0,0.0,1.0,56.0,16.8,0.0,0.0,0.0,1.0,1.0,14.0,3.0,364.0,364.0,1092.0,53.40000000000001
0.3,0.0,0.0,1.0,0.0,0.0,28.0,1.0,42.0,56.0,120.63333333333334,25.0,0.0,0.0,0.0,0.0,0.0,0.0,0.0,0.0,0.0,0.0,0.0,0.0,0.0,0.0,1.0,0.0,0.0,1.0,0.0,0.0,0.0,1.0,14.0,0.0,0.0,0.0,0.0,0.0,0.0,1.0,56.0,16.8,0.0,0.0,0.0,1.0,1.0,31.0,3.0,364.0,364.0,1092.0,51.30000000000001
0.3,0.0,0.0,1.0,0.0,0.0,28.0,1.0,42.0,56.0,120.63333333333334,25.0,0.0,0.0,0.0,0.0,0.0,0.0,0.0,0.0,0.0,0.0,0.0,0.0,0.0,0.0,1.0,0.0,0.0,1.0,0.0,0.0,0.0,1.0,14.0,0.0,0.0,0.0,0.0,0.0,0.0,1.0,56.0,16.8,0.0,1.0,0.0,0.0,1.0,194.0,3.0,392.0,392.0,1176.0,45.94000000000001
0.3,0.0,0.0,1.0,0.0,0.0,28.0,1.0,42.0,56.0,120.63333333333334,25.0,0.0,0.0,0.0,0.0,0.0,0.0,0.0,0.0,0.0,0.0,0.0,0.0,0.0,0.0,1.0,0.0,0.0,1.0,0.0,0.0,0.0,1.0,14.0,0.0,0.0,0.0,0.0,0.0,0.0,1.0,56.0,16.8,0.0,1.0,0.0,0.0,1.0,117.0,3.0,476.0,476.0,1428.0,47.20000000000002
0.3,0.0,0.0,1.0,0.0,0.0,28.0,1.0,42.0,56.0,120.63333333333334,25.0,0.0,0.0,0.0,0.0,0.0,0.0,0.0,0.0,0.0,0.0,0.0,0.0,0.0,0.0,1.0,0.0,0.0,1.0,0.0,0.0,0.0,1.0,14.0,0.0,0.0,0.0,0.0,0.0,0.0,1.0,56.0,16.8,0.0,1.0,0.0,0.0,0.0,19.0,3.0,112.0,112.0,336.0,49.41180752125653
0.3,0.0,0.0,1.0,0.0,0.0,28.0,1.0,42.0,56.0,120.63333333333334,25.0,0.0,0.0,0.0,0.0,0.0,0.0,0.0,0.0,0.0,0.0,0.0,0.0,0.0,0.0,1.0,0.0,0.0,1.0,0.0,0.0,0.0,1.0,14.0,0.0,0.0,0.0,0.0,0.0,0.0,1.0,56.0,16.8,0.0,1.0,0.0,0.0,0.0,108.0,3.0,182.0,182.0,546.0,46.22000000000001
0.0375126,1.0,0.0,0.0,0.0,0.0,5.0,1.0,49.0,189.0,120.63333333333334,51.92,1.0,0.0,0.0,0.0,0.0,0.0,0.0,0.0,0.0,0.0,0.0,0.0,0.0,0.0,0.0,0.0,0.0,1.0,0.0,0.0,0.0,1.0,8.0,0.0,0.0,0.0,0.0,1.0,0.0,0.0,5.0,0.187563,0.0,1.0,0.0,0.0,0.0,96.0,3.0,364.0,364.0,1092.0,3.0238366718027647
0.0375126,1.0,0.0,0.0,0.0,0.0,5.0,1.0,49.0,189.0,120.63333333333334,51.92,1.0,0.0,0.0,0.0,0.0,0.0,0.0,0.0,0.0,0.0,0.0,0.0,0.0,0.0,0.0,0.0,0.0,1.0,0.0,0.0,0.0,1.0,8.0,0.0,0.0,0.0,0.0,1.0,0.0,0.0,5.0,0.187563,0.0,1.0,0.0,0.0,0.0,94.0,1.2,140.0,140.0,168.0,6.286627928267496
0.0375126,1.0,0.0,0.0,0.0,0.0,5.0,1.0,49.0,189.0,120.63333333333334,51.92,1.0,0.0,0.0,0.0,0.0,0.0,0.0,0.0,0.0,0.0,0.0,0.0,0.0,0.0,0.0,0.0,0.0,1.0,0.0,0.0,0.0,1.0,8.0,0.0,0.0,0.0,0.0,1.0,0.0,0.0,5.0,0.187563,0.0,1.0,0.0,0.0,0.0,90.0,1.8,140.0,140.0,252.0,5.556676196537459
0.0375126,1.0,0.0,0.0,0.0,0.0,5.0,1.0,49.0,189.0,120.63333333333334,51.92,1.0,0.0,0.0,0.0,0.0,0.0,0.0,0.0,0.0,0.0,0.0,0.0,0.0,0.0,0.0,0.0,0.0,1.0,0.0,0.0,0.0,1.0,8.0,0.0,0.0,0.0,0.0,1.0,0.0,0.0,5.0,0.187563,0.0,1.0,0.0,0.0,0.0,92.0,2.4,140.0,140.0,336.0,4.869767286632034
0.0375126,1.0,0.0,0.0,0.0,0.0,5.0,1.0,49.0,189.0,120.63333333333334,51.92,1.0,0.0,0.0,0.0,0.0,0.0,0.0,0.0,0.0,0.0,0.0,0.0,0.0,0.0,0.0,0.0,0.0,1.0,0.0,0.0,0.0,1.0,8.0,0.0,0.0,0.0,0.0,1.0,0.0,0.0,5.0,0.187563,0.0,1.0,0.0,0.0,0.0,92.0,3.0,140.0,140.0,420.0,3.782212564930971
0.0375126,1.0,0.0,0.0,0.0,0.0,5.0,1.0,49.0,189.0,120.63333333333334,51.92,1.0,0.0,0.0,0.0,0.0,0.0,0.0,0.0,0.0,0.0,0.0,0.0,0.0,0.0,0.0,0.0,0.0,1.0,0.0,0.0,0.0,1.0,8.0,0.0,0.0,0.0,0.0,1.0,0.0,0.0,5.0,0.187563,0.0,1.0,0.0,0.0,0.0,29.0,3.0,280.0,280.0,840.0,4.9938366718027645
0.0375126,1.0,0.0,0.0,0.0,0.0,5.0,1.0,49.0,189.0,120.63333333333334,51.92,1.0,0.0,0.0,0.0,0.0,0.0,0.0,0.0,0.0,0.0,0.0,0.0,0.0,0.0,0.0,0.0,0.0,1.0,0.0,0.0,0.0,1.0,8.0,0.0,0.0,0.0,0.0,1.0,0.0,0.0,5.0,0.187563,0.0,1.0,0.0,0.0,1.0,412.0,3.0,392.0,392.0,1176.0,4.593836671802764
0.0375126,1.0,0.0,0.0,0.0,0.0,5.0,1.0,49.0,189.0,120.63333333333334,51.92,1.0,0.0,0.0,0.0,0.0,0.0,0.0,0.0,0.0,0.0,0.0,0.0,0.0,0.0,0.0,0.0,0.0,1.0,0.0,0.0,0.0,1.0,8.0,0.0,0.0,0.0,0.0,1.0,0.0,0.0,5.0,0.187563,0.0,1.0,0.0,0.0,1.0,204.0,1.8,392.0,392.0,705.6,5.893836671802765
0.0375126,1.0,0.0,0.0,0.0,0.0,5.0,1.0,49.0,189.0,120.63333333333334,51.92,1.0,0.0,0.0,0.0,0.0,0.0,0.0,0.0,0.0,0.0,0.0,0.0,0.0,0.0,0.0,0.0,0.0,1.0,0.0,0.0,0.0,1.0,8.0,0.0,0.0,0.0,0.0,1.0,0.0,0.0,5.0,0.187563,0.0,1.0,0.0,0.0,1.0,2432.0,3.0,392.0,392.0,1176.0,3.133836671802764
0.0375126,1.0,0.0,0.0,0.0,0.0,5.0,1.0,49.0,189.0,120.63333333333334,51.92,1.0,0.0,0.0,0.0,0.0,0.0,0.0,0.0,0.0,0.0,0.0,0.0,0.0,0.0,0.0,0.0,0.0,1.0,0.0,0.0,0.0,1.0,8.0,0.0,0.0,0.0,0.0,1.0,0.0,0.0,5.0,0.187563,0.0,1.0,0.0,0.0,1.0,1467.0,3.0,1120.0,1120.0,3360.0,4.2438366718027645
0.0375126,1.0,0.0,0.0,0.0,0.0,5.0,1.0,49.0,189.0,120.63333333333334,51.92,1.0,0.0,0.0,0.0,0.0,0.0,0.0,0.0,0.0,0.0,0.0,0.0,0.0,0.0,0.0,0.0,0.0,1.0,0.0,0.0,0.0,1.0,8.0,0.0,0.0,0.0,0.0,1.0,0.0,0.0,5.0,0.187563,0.0,1.0,0.0,0.0,1.0,349.0,3.0,476.0,476.0,1428.0,3.1638366718027644
0.0375126,1.0,0.0,0.0,0.0,0.0,5.0,1.0,49.0,189.0,120.63333333333334,51.92,1.0,0.0,0.0,0.0,0.0,0.0,0.0,0.0,0.0,0.0,0.0,0.0,0.0,0.0,0.0,0.0,0.0,1.0,0.0,0.0,0.0,1.0,8.0,0.0,0.0,0.0,0.0,1.0,0.0,0.0,5.0,0.187563,1.0,0.0,0.0,0.0,1.0,175.0,3.0,224.0,224.0,672.0,4.292412805468
0.0375126,1.0,0.0,0.0,0.0,0.0,5.0,1.0,49.0,189.0,120.63333333333334,51.92,1.0,0.0,0.0,0.0,0.0,0.0,0.0,0.0,0.0,0.0,0.0,0.0,0.0,0.0,0.0,0.0,0.0,1.0,0.0,0.0,0.0,1.0,8.0,0.0,0.0,0.0,0.0,1.0,0.0,0.0,5.0,0.187563,0.0,0.0,1.0,0.0,1.0,125.0,3.0,392.0,392.0,1176.0,4.893836671802765
0.0375126,1.0,0.0,0.0,0.0,0.0,5.0,1.0,49.0,189.0,120.63333333333334,51.92,1.0,0.0,0.0,0.0,0.0,0.0,0.0,0.0,0.0,0.0,0.0,0.0,0.0,0.0,0.0,0.0,0.0,1.0,0.0,0.0,0.0,1.0,8.0,0.0,0.0,0.0,0.0,1.0,0.0,0.0,5.0,0.187563,0.0,0.0,0.0,1.0,1.0,17.0,3.0,364.0,364.0,1092.0,5.793836671802765
0.0375126,1.0,0.0,0.0,0.0,0.0,5.0,1.0,49.0,189.0,120.63333333333334,51.92,1.0,0.0,0.0,0.0,0.0,0.0,0.0,0.0,0.0,0.0,0.0,0.0,0.0,0.0,0.0,0.0,0.0,1.0,0.0,0.0,0.0,1.0,8.0,0.0,0.0,0.0,0.0,1.0,0.0,0.0,5.0,0.187563,0.0,0.0,0.0,1.0,1.0,14.0,3.0,364.0,364.0,1092.0,9.893836671802765
0.0375126,1.0,0.0,0.0,0.0,0.0,5.0,1.0,49.0,189.0,120.63333333333334,51.92,1.0,0.0,0.0,0.0,0.0,0.0,0.0,0.0,0.0,0.0,0.0,0.0,0.0,0.0,0.0,0.0,0.0,1.0,0.0,0.0,0.0,1.0,8.0,0.0,0.0,0.0,0.0,1.0,0.0,0.0,5.0,0.187563,0.0,0.0,0.0,1.0,1.0,31.0,3.0,364.0,364.0,1092.0,7.793836671802765
0.0375126,1.0,0.0,0.0,0.0,0.0,5.0,1.0,49.0,189.0,120.63333333333334,51.92,1.0,0.0,0.0,0.0,0.0,0.0,0.0,0.0,0.0,0.0,0.0,0.0,0.0,0.0,0.0,0.0,0.0,1.0,0.0,0.0,0.0,1.0,8.0,0.0,0.0,0.0,0.0,1.0,0.0,0.0,5.0,0.187563,0.0,1.0,0.0,0.0,1.0,194.0,3.0,392.0,392.0,1176.0,2.433836671802764
0.0375126,1.0,0.0,0.0,0.0,0.0,5.0,1.0,49.0,189.0,120.63333333333334,51.92,1.0,0.0,0.0,0.0,0.0,0.0,0.0,0.0,0.0,0.0,0.0,0.0,0.0,0.0,0.0,0.0,0.0,1.0,0.0,0.0,0.0,1.0,8.0,0.0,0.0,0.0,0.0,1.0,0.0,0.0,5.0,0.187563,0.0,1.0,0.0,0.0,1.0,117.0,3.0,476.0,476.0,1428.0,3.693836671802764
0.0375126,1.0,0.0,0.0,0.0,0.0,5.0,1.0,49.0,189.0,120.63333333333334,51.92,1.0,0.0,0.0,0.0,0.0,0.0,0.0,0.0,0.0,0.0,0.0,0.0,0.0,0.0,0.0,0.0,0.0,1.0,0.0,0.0,0.0,1.0,8.0,0.0,0.0,0.0,0.0,1.0,0.0,0.0,5.0,0.187563,0.0,1.0,0.0,0.0,0.0,19.0,3.0,112.0,112.0,336.0,5.905644193059274
0.0375126,1.0,0.0,0.0,0.0,0.0,5.0,1.0,49.0,189.0,120.63333333333334,51.92,1.0,0.0,0.0,0.0,0.0,0.0,0.0,0.0,0.0,0.0,0.0,0.0,0.0,0.0,0.0,0.0,0.0,1.0,0.0,0.0,0.0,1.0,8.0,0.0,0.0,0.0,0.0,1.0,0.0,0.0,5.0,0.187563,0.0,1.0,0.0,0.0,0.0,108.0,3.0,182.0,182.0,546.0,2.713836671802764
0.0375126,1.0,0.0,0.0,0.0,0.0,22.0,1.0,49.0,189.0,120.63333333333334,51.92,1.0,0.0,0.0,0.0,0.0,0.0,0.0,0.0,0.0,0.0,0.0,0.0,0.0,0.0,0.0,0.0,0.0,1.0,0.0,0.0,0.0,1.0,8.0,0.0,0.0,0.0,0.0,1.0,0.0,0.0,22.0,0.8252772000000002,0.0,1.0,0.0,0.0,0.0,96.0,3.0,364.0,364.0,1092.0,18.066209553158707
0.0375126,1.0,0.0,0.0,0.0,0.0,22.0,1.0,49.0,189.0,120.63333333333334,51.92,1.0,0.0,0.0,0.0,0.0,0.0,0.0,0.0,0.0,0.0,0.0,0.0,0.0,0.0,0.0,0.0,0.0,1.0,0.0,0.0,0.0,1.0,8.0,0.0,0.0,0.0,0.0,1.0,0.0,0.0,22.0,0.8252772000000002,0.0,1.0,0.0,0.0,0.0,94.0,1.2,140.0,140.0,168.0,21.32900080962344
0.0375126,1.0,0.0,0.0,0.0,0.0,22.0,1.0,49.0,189.0,120.63333333333334,51.92,1.0,0.0,0.0,0.0,0.0,0.0,0.0,0.0,0.0,0.0,0.0,0.0,0.0,0.0,0.0,0.0,0.0,1.0,0.0,0.0,0.0,1.0,8.0,0.0,0.0,0.0,0.0,1.0,0.0,0.0,22.0,0.8252772000000002,0.0,1.0,0.0,0.0,0.0,90.0,1.8,140.0,140.0,252.0,20.5990490778934
0.0375126,1.0,0.0,0.0,0.0,0.0,22.0,1.0,49.0,189.0,120.63333333333334,51.92,1.0,0.0,0.0,0.0,0.0,0.0,0.0,0.0,0.0,0.0,0.0,0.0,0.0,0.0,0.0,0.0,0.0,1.0,0.0,0.0,0.0,1.0,8.0,0.0,0.0,0.0,0.0,1.0,0.0,0.0,22.0,0.8252772000000002,0.0,1.0,0.0,0.0,0.0,92.0,2.4,140.0,140.0,336.0,19.91214016798797
0.0375126,1.0,0.0,0.0,0.0,0.0,22.0,1.0,49.0,189.0,120.63333333333334,51.92,1.0,0.0,0.0,0.0,0.0,0.0,0.0,0.0,0.0,0.0,0.0,0.0,0.0,0.0,0.0,0.0,0.0,1.0,0.0,0.0,0.0,1.0,8.0,0.0,0.0,0.0,0.0,1.0,0.0,0.0,22.0,0.8252772000000002,0.0,1.0,0.0,0.0,0.0,92.0,3.0,140.0,140.0,420.0,18.82458544628691
0.0375126,1.0,0.0,0.0,0.0,0.0,22.0,1.0,49.0,189.0,120.63333333333334,51.92,1.0,0.0,0.0,0.0,0.0,0.0,0.0,0.0,0.0,0.0,0.0,0.0,0.0,0.0,0.0,0.0,0.0,1.0,0.0,0.0,0.0,1.0,8.0,0.0,0.0,0.0,0.0,1.0,0.0,0.0,22.0,0.8252772000000002,0.0,1.0,0.0,0.0,0.0,29.0,3.0,280.0,280.0,840.0,20.036209553158702
0.0375126,1.0,0.0,0.0,0.0,0.0,22.0,1.0,49.0,189.0,120.63333333333334,51.92,1.0,0.0,0.0,0.0,0.0,0.0,0.0,0.0,0.0,0.0,0.0,0.0,0.0,0.0,0.0,0.0,0.0,1.0,0.0,0.0,0.0,1.0,8.0,0.0,0.0,0.0,0.0,1.0,0.0,0.0,22.0,0.8252772000000002,0.0,1.0,0.0,0.0,1.0,412.0,3.0,392.0,392.0,1176.0,19.636209553158707
0.0375126,1.0,0.0,0.0,0.0,0.0,22.0,1.0,49.0,189.0,120.63333333333334,51.92,1.0,0.0,0.0,0.0,0.0,0.0,0.0,0.0,0.0,0.0,0.0,0.0,0.0,0.0,0.0,0.0,0.0,1.0,0.0,0.0,0.0,1.0,8.0,0.0,0.0,0.0,0.0,1.0,0.0,0.0,22.0,0.8252772000000002,0.0,1.0,0.0,0.0,1.0,204.0,1.8,392.0,392.0,705.6,20.936209553158704
0.0375126,1.0,0.0,0.0,0.0,0.0,22.0,1.0,49.0,189.0,120.63333333333334,51.92,1.0,0.0,0.0,0.0,0.0,0.0,0.0,0.0,0.0,0.0,0.0,0.0,0.0,0.0,0.0,0.0,0.0,1.0,0.0,0.0,0.0,1.0,8.0,0.0,0.0,0.0,0.0,1.0,0.0,0.0,22.0,0.8252772000000002,0.0,1.0,0.0,0.0,1.0,2432.0,3.0,392.0,392.0,1176.0,18.176209553158703
0.0375126,1.0,0.0,0.0,0.0,0.0,22.0,1.0,49.0,189.0,120.63333333333334,51.92,1.0,0.0,0.0,0.0,0.0,0.0,0.0,0.0,0.0,0.0,0.0,0.0,0.0,0.0,0.0,0.0,0.0,1.0,0.0,0.0,0.0,1.0,8.0,0.0,0.0,0.0,0.0,1.0,0.0,0.0,22.0,0.8252772000000002,0.0,1.0,0.0,0.0,1.0,1467.0,3.0,1120.0,1120.0,3360.0,19.286209553158702
0.0375126,1.0,0.0,0.0,0.0,0.0,22.0,1.0,49.0,189.0,120.63333333333334,51.92,1.0,0.0,0.0,0.0,0.0,0.0,0.0,0.0,0.0,0.0,0.0,0.0,0.0,0.0,0.0,0.0,0.0,1.0,0.0,0.0,0.0,1.0,8.0,0.0,0.0,0.0,0.0,1.0,0.0,0.0,22.0,0.8252772000000002,0.0,1.0,0.0,0.0,1.0,349.0,3.0,476.0,476.0,1428.0,18.206209553158708
0.0375126,1.0,0.0,0.0,0.0,0.0,22.0,1.0,49.0,189.0,120.63333333333334,51.92,1.0,0.0,0.0,0.0,0.0,0.0,0.0,0.0,0.0,0.0,0.0,0.0,0.0,0.0,0.0,0.0,0.0,1.0,0.0,0.0,0.0,1.0,8.0,0.0,0.0,0.0,0.0,1.0,0.0,0.0,22.0,0.8252772000000002,1.0,0.0,0.0,0.0,1.0,175.0,3.0,224.0,224.0,672.0,19.334785686823945
0.0375126,1.0,0.0,0.0,0.0,0.0,22.0,1.0,49.0,189.0,120.63333333333334,51.92,1.0,0.0,0.0,0.0,0.0,0.0,0.0,0.0,0.0,0.0,0.0,0.0,0.0,0.0,0.0,0.0,0.0,1.0,0.0,0.0,0.0,1.0,8.0,0.0,0.0,0.0,0.0,1.0,0.0,0.0,22.0,0.8252772000000002,0.0,0.0,1.0,0.0,1.0,125.0,3.0,392.0,392.0,1176.0,19.936209553158704
0.0375126,1.0,0.0,0.0,0.0,0.0,22.0,1.0,49.0,189.0,120.63333333333334,51.92,1.0,0.0,0.0,0.0,0.0,0.0,0.0,0.0,0.0,0.0,0.0,0.0,0.0,0.0,0.0,0.0,0.0,1.0,0.0,0.0,0.0,1.0,8.0,0.0,0.0,0.0,0.0,1.0,0.0,0.0,22.0,0.8252772000000002,0.0,0.0,0.0,1.0,1.0,17.0,3.0,364.0,364.0,1092.0,20.836209553158707
0.0375126,1.0,0.0,0.0,0.0,0.0,22.0,1.0,49.0,189.0,120.63333333333334,51.92,1.0,0.0,0.0,0.0,0.0,0.0,0.0,0.0,0.0,0.0,0.0,0.0,0.0,0.0,0.0,0.0,0.0,1.0,0.0,0.0,0.0,1.0,8.0,0.0,0.0,0.0,0.0,1.0,0.0,0.0,22.0,0.8252772000000002,0.0,0.0,0.0,1.0,1.0,14.0,3.0,364.0,364.0,1092.0,24.936209553158704
0.0375126,1.0,0.0,0.0,0.0,0.0,22.0,1.0,49.0,189.0,120.63333333333334,51.92,1.0,0.0,0.0,0.0,0.0,0.0,0.0,0.0,0.0,0.0,0.0,0.0,0.0,0.0,0.0,0.0,0.0,1.0,0.0,0.0,0.0,1.0,8.0,0.0,0.0,0.0,0.0,1.0,0.0,0.0,22.0,0.8252772000000002,0.0,0.0,0.0,1.0,1.0,31.0,3.0,364.0,364.0,1092.0,22.836209553158707
0.0375126,1.0,0.0,0.0,0.0,0.0,22.0,1.0,49.0,189.0,120.63333333333334,51.92,1.0,0.0,0.0,0.0,0.0,0.0,0.0,0.0,0.0,0.0,0.0,0.0,0.0,0.0,0.0,0.0,0.0,1.0,0.0,0.0,0.0,1.0,8.0,0.0,0.0,0.0,0.0,1.0,0.0,0.0,22.0,0.8252772000000002,0.0,1.0,0.0,0.0,1.0,194.0,3.0,392.0,392.0,1176.0,17.476209553158704
0.0375126,1.0,0.0,0.0,0.0,0.0,22.0,1.0,49.0,189.0,120.63333333333334,51.92,1.0,0.0,0.0,0.0,0.0,0.0,0.0,0.0,0.0,0.0,0.0,0.0,0.0,0.0,0.0,0.0,0.0,1.0,0.0,0.0,0.0,1.0,8.0,0.0,0.0,0.0,0.0,1.0,0.0,0.0,22.0,0.8252772000000002,0.0,1.0,0.0,0.0,1.0,117.0,3.0,476.0,476.0,1428.0,18.736209553158705
0.0375126,1.0,0.0,0.0,0.0,0.0,22.0,1.0,49.0,189.0,120.63333333333334,51.92,1.0,0.0,0.0,0.0,0.0,0.0,0.0,0.0,0.0,0.0,0.0,0.0,0.0,0.0,0.0,0.0,0.0,1.0,0.0,0.0,0.0,1.0,8.0,0.0,0.0,0.0,0.0,1.0,0.0,0.0,22.0,0.8252772000000002,0.0,1.0,0.0,0.0,0.0,19.0,3.0,112.0,112.0,336.0,20.94801707441521
0.0375126,1.0,0.0,0.0,0.0,0.0,22.0,1.0,49.0,189.0,120.63333333333334,51.92,1.0,0.0,0.0,0.0,0.0,0.0,0.0,0.0,0.0,0.0,0.0,0.0,0.0,0.0,0.0,0.0,0.0,1.0,0.0,0.0,0.0,1.0,8.0,0.0,0.0,0.0,0.0,1.0,0.0,0.0,22.0,0.8252772000000002,0.0,1.0,0.0,0.0,0.0,108.0,3.0,182.0,182.0,546.0,17.756209553158705
0.0375126,1.0,0.0,0.0,0.0,0.0,42.0,1.0,119.0,287.0,120.63333333333334,533.1776470588235,0.0,1.0,0.0,0.0,0.0,0.0,0.0,0.0,0.0,0.0,0.0,0.0,0.0,0.0,0.0,0.0,0.0,1.0,0.0,0.0,0.0,1.0,8.0,1.0,0.0,0.0,0.0,0.0,0.0,0.0,42.0,1.5755292000000003,0.0,1.0,0.0,0.0,0.0,96.0,3.0,364.0,364.0,1092.0,14.93
0.0375126,1.0,0.0,0.0,0.0,0.0,42.0,1.0,119.0,287.0,120.63333333333334,533.1776470588235,0.0,1.0,0.0,0.0,0.0,0.0,0.0,0.0,0.0,0.0,0.0,0.0,0.0,0.0,0.0,0.0,0.0,1.0,0.0,0.0,0.0,1.0,8.0,1.0,0.0,0.0,0.0,0.0,0.0,0.0,42.0,1.5755292000000003,0.0,1.0,0.0,0.0,0.0,94.0,1.2,140.0,140.0,168.0,18.19279125646473
0.0375126,1.0,0.0,0.0,0.0,0.0,42.0,1.0,119.0,287.0,120.63333333333334,533.1776470588235,0.0,1.0,0.0,0.0,0.0,0.0,0.0,0.0,0.0,0.0,0.0,0.0,0.0,0.0,0.0,0.0,0.0,1.0,0.0,0.0,0.0,1.0,8.0,1.0,0.0,0.0,0.0,0.0,0.0,0.0,42.0,1.5755292000000003,0.0,1.0,0.0,0.0,0.0,90.0,1.8,140.0,140.0,252.0,17.462839524734694
0.0375126,1.0,0.0,0.0,0.0,0.0,42.0,1.0,119.0,287.0,120.63333333333334,533.1776470588235,0.0,1.0,0.0,0.0,0.0,0.0,0.0,0.0,0.0,0.0,0.0,0.0,0.0,0.0,0.0,0.0,0.0,1.0,0.0,0.0,0.0,1.0,8.0,1.0,0.0,0.0,0.0,0.0,0.0,0.0,42.0,1.5755292000000003,0.0,1.0,0.0,0.0,0.0,92.0,2.4,140.0,140.0,336.0,16.775930614829267
0.0375126,1.0,0.0,0.0,0.0,0.0,42.0,1.0,119.0,287.0,120.63333333333334,533.1776470588235,0.0,1.0,0.0,0.0,0.0,0.0,0.0,0.0,0.0,0.0,0.0,0.0,0.0,0.0,0.0,0.0,0.0,1.0,0.0,0.0,0.0,1.0,8.0,1.0,0.0,0.0,0.0,0.0,0.0,0.0,42.0,1.5755292000000003,0.0,1.0,0.0,0.0,0.0,92.0,3.0,140.0,140.0,420.0,15.688375893128203
0.0375126,1.0,0.0,0.0,0.0,0.0,42.0,1.0,119.0,287.0,120.63333333333334,533.1776470588235,0.0,1.0,0.0,0.0,0.0,0.0,0.0,0.0,0.0,0.0,0.0,0.0,0.0,0.0,0.0,0.0,0.0,1.0,0.0,0.0,0.0,1.0,8.0,1.0,0.0,0.0,0.0,0.0,0.0,0.0,42.0,1.5755292000000003,0.0,1.0,0.0,0.0,0.0,29.0,3.0,280.0,280.0,840.0,16.9
0.0375126,1.0,0.0,0.0,0.0,0.0,42.0,1.0,119.0,287.0,120.63333333333334,533.1776470588235,0.0,1.0,0.0,0.0,0.0,0.0,0.0,0.0,0.0,0.0,0.0,0.0,0.0,0.0,0.0,0.0,0.0,1.0,0.0,0.0,0.0,1.0,8.0,1.0,0.0,0.0,0.0,0.0,0.0,0.0,42.0,1.5755292000000003,0.0,1.0,0.0,0.0,1.0,412.0,3.0,392.0,392.0,1176.0,16.5
0.0375126,1.0,0.0,0.0,0.0,0.0,42.0,1.0,119.0,287.0,120.63333333333334,533.1776470588235,0.0,1.0,0.0,0.0,0.0,0.0,0.0,0.0,0.0,0.0,0.0,0.0,0.0,0.0,0.0,0.0,0.0,1.0,0.0,0.0,0.0,1.0,8.0,1.0,0.0,0.0,0.0,0.0,0.0,0.0,42.0,1.5755292000000003,0.0,1.0,0.0,0.0,1.0,204.0,1.8,392.0,392.0,705.6,17.799999999999997
0.0375126,1.0,0.0,0.0,0.0,0.0,42.0,1.0,119.0,287.0,120.63333333333334,533.1776470588235,0.0,1.0,0.0,0.0,0.0,0.0,0.0,0.0,0.0,0.0,0.0,0.0,0.0,0.0,0.0,0.0,0.0,1.0,0.0,0.0,0.0,1.0,8.0,1.0,0.0,0.0,0.0,0.0,0.0,0.0,42.0,1.5755292000000003,0.0,1.0,0.0,0.0,1.0,2432.0,3.0,392.0,392.0,1176.0,15.04
0.0375126,1.0,0.0,0.0,0.0,0.0,42.0,1.0,119.0,287.0,120.63333333333334,533.1776470588235,0.0,1.0,0.0,0.0,0.0,0.0,0.0,0.0,0.0,0.0,0.0,0.0,0.0,0.0,0.0,0.0,0.0,1.0,0.0,0.0,0.0,1.0,8.0,1.0,0.0,0.0,0.0,0.0,0.0,0.0,42.0,1.5755292000000003,0.0,1.0,0.0,0.0,1.0,1467.0,3.0,1120.0,1120.0,3360.0,16.15
0.0375126,1.0,0.0,0.0,0.0,0.0,42.0,1.0,119.0,287.0,120.63333333333334,533.1776470588235,0.0,1.0,0.0,0.0,0.0,0.0,0.0,0.0,0.0,0.0,0.0,0.0,0.0,0.0,0.0,0.0,0.0,1.0,0.0,0.0,0.0,1.0,8.0,1.0,0.0,0.0,0.0,0.0,0.0,0.0,42.0,1.5755292000000003,0.0,1.0,0.0,0.0,1.0,349.0,3.0,476.0,476.0,1428.0,15.07
0.0375126,1.0,0.0,0.0,0.0,0.0,42.0,1.0,119.0,287.0,120.63333333333334,533.1776470588235,0.0,1.0,0.0,0.0,0.0,0.0,0.0,0.0,0.0,0.0,0.0,0.0,0.0,0.0,0.0,0.0,0.0,1.0,0.0,0.0,0.0,1.0,8.0,1.0,0.0,0.0,0.0,0.0,0.0,0.0,42.0,1.5755292000000003,1.0,0.0,0.0,0.0,1.0,175.0,3.0,224.0,224.0,672.0,16.198576133665235
0.0375126,1.0,0.0,0.0,0.0,0.0,42.0,1.0,119.0,287.0,120.63333333333334,533.1776470588235,0.0,1.0,0.0,0.0,0.0,0.0,0.0,0.0,0.0,0.0,0.0,0.0,0.0,0.0,0.0,0.0,0.0,1.0,0.0,0.0,0.0,1.0,8.0,1.0,0.0,0.0,0.0,0.0,0.0,0.0,42.0,1.5755292000000003,0.0,0.0,1.0,0.0,1.0,125.0,3.0,392.0,392.0,1176.0,16.799999999999997
0.0375126,1.0,0.0,0.0,0.0,0.0,42.0,1.0,119.0,287.0,120.63333333333334,533.1776470588235,0.0,1.0,0.0,0.0,0.0,0.0,0.0,0.0,0.0,0.0,0.0,0.0,0.0,0.0,0.0,0.0,0.0,1.0,0.0,0.0,0.0,1.0,8.0,1.0,0.0,0.0,0.0,0.0,0.0,0.0,42.0,1.5755292000000003,0.0,0.0,0.0,1.0,1.0,17.0,3.0,364.0,364.0,1092.0,17.7
0.0375126,1.0,0.0,0.0,0.0,0.0,42.0,1.0,119.0,287.0,120.63333333333334,533.1776470588235,0.0,1.0,0.0,0.0,0.0,0.0,0.0,0.0,0.0,0.0,0.0,0.0,0.0,0.0,0.0,0.0,0.0,1.0,0.0,0.0,0.0,1.0,8.0,1.0,0.0,0.0,0.0,0.0,0.0,0.0,42.0,1.5755292000000003,0.0,0.0,0.0,1.0,1.0,14.0,3.0,364.0,364.0,1092.0,21.8
0.0375126,1.0,0.0,0.0,0.0,0.0,42.0,1.0,119.0,287.0,120.63333333333334,533.1776470588235,0.0,1.0,0.0,0.0,0.0,0.0,0.0,0.0,0.0,0.0,0.0,0.0,0.0,0.0,0.0,0.0,0.0,1.0,0.0,0.0,0.0,1.0,8.0,1.0,0.0,0.0,0.0,0.0,0.0,0.0,42.0,1.5755292000000003,0.0,0.0,0.0,1.0,1.0,31.0,3.0,364.0,364.0,1092.0,19.7
0.0375126,1.0,0.0,0.0,0.0,0.0,42.0,1.0,119.0,287.0,120.63333333333334,533.1776470588235,0.0,1.0,0.0,0.0,0.0,0.0,0.0,0.0,0.0,0.0,0.0,0.0,0.0,0.0,0.0,0.0,0.0,1.0,0.0,0.0,0.0,1.0,8.0,1.0,0.0,0.0,0.0,0.0,0.0,0.0,42.0,1.5755292000000003,0.0,1.0,0.0,0.0,1.0,194.0,3.0,392.0,392.0,1176.0,14.339999999999998
0.0375126,1.0,0.0,0.0,0.0,0.0,42.0,1.0,119.0,287.0,120.63333333333334,533.1776470588235,0.0,1.0,0.0,0.0,0.0,0.0,0.0,0.0,0.0,0.0,0.0,0.0,0.0,0.0,0.0,0.0,0.0,1.0,0.0,0.0,0.0,1.0,8.0,1.0,0.0,0.0,0.0,0.0,0.0,0.0,42.0,1.5755292000000003,0.0,1.0,0.0,0.0,1.0,117.0,3.0,476.0,476.0,1428.0,15.599999999999998
0.0375126,1.0,0.0,0.0,0.0,0.0,42.0,1.0,119.0,287.0,120.63333333333334,533.1776470588235,0.0,1.0,0.0,0.0,0.0,0.0,0.0,0.0,0.0,0.0,0.0,0.0,0.0,0.0,0.0,0.0,0.0,1.0,0.0,0.0,0.0,1.0,8.0,1.0,0.0,0.0,0.0,0.0,0.0,0.0,42.0,1.5755292000000003,0.0,1.0,0.0,0.0,0.0,19.0,3.0,112.0,112.0,336.0,17.811807521256508
0.0375126,1.0,0.0,0.0,0.0,0.0,42.0,1.0,119.0,287.0,120.63333333333334,533.1776470588235,0.0,1.0,0.0,0.0,0.0,0.0,0.0,0.0,0.0,0.0,0.0,0.0,0.0,0.0,0.0,0.0,0.0,1.0,0.0,0.0,0.0,1.0,8.0,1.0,0.0,0.0,0.0,0.0,0.0,0.0,42.0,1.5755292000000003,0.0,1.0,0.0,0.0,0.0,108.0,3.0,182.0,182.0,546.0,14.619999999999996
0.1125378,1.0,0.0,0.0,0.0,0.0,28.0,1.0,119.0,287.0,120.63333333333334,533.1776470588235,0.0,1.0,0.0,0.0,0.0,0.0,0.0,0.0,0.0,0.0,0.0,0.0,0.0,0.0,0.0,0.0,0.0,1.0,0.0,0.0,0.0,1.0,8.0,1.0,0.0,0.0,0.0,0.0,0.0,0.0,28.0,3.1510584000000006,0.0,1.0,0.0,0.0,0.0,96.0,3.0,364.0,364.0,1092.0,22.53
0.1125378,1.0,0.0,0.0,0.0,0.0,28.0,1.0,119.0,287.0,120.63333333333334,533.1776470588235,0.0,1.0,0.0,0.0,0.0,0.0,0.0,0.0,0.0,0.0,0.0,0.0,0.0,0.0,0.0,0.0,0.0,1.0,0.0,0.0,0.0,1.0,8.0,1.0,0.0,0.0,0.0,0.0,0.0,0.0,28.0,3.1510584000000006,0.0,1.0,0.0,0.0,0.0,94.0,1.2,140.0,140.0,168.0,25.79279125646473
0.1125378,1.0,0.0,0.0,0.0,0.0,28.0,1.0,119.0,287.0,120.63333333333334,533.1776470588235,0.0,1.0,0.0,0.0,0.0,0.0,0.0,0.0,0.0,0.0,0.0,0.0,0.0,0.0,0.0,0.0,0.0,1.0,0.0,0.0,0.0,1.0,8.0,1.0,0.0,0.0,0.0,0.0,0.0,0.0,28.0,3.1510584000000006,0.0,1.0,0.0,0.0,0.0,90.0,1.8,140.0,140.0,252.0,25.06283952473469
0.1125378,1.0,0.0,0.0,0.0,0.0,28.0,1.0,119.0,287.0,120.63333333333334,533.1776470588235,0.0,1.0,0.0,0.0,0.0,0.0,0.0,0.0,0.0,0.0,0.0,0.0,0.0,0.0,0.0,0.0,0.0,1.0,0.0,0.0,0.0,1.0,8.0,1.0,0.0,0.0,0.0,0.0,0.0,0.0,28.0,3.1510584000000006,0.0,1.0,0.0,0.0,0.0,92.0,2.4,140.0,140.0,336.0,24.37593061482927
0.1125378,1.0,0.0,0.0,0.0,0.0,28.0,1.0,119.0,287.0,120.63333333333334,533.1776470588235,0.0,1.0,0.0,0.0,0.0,0.0,0.0,0.0,0.0,0.0,0.0,0.0,0.0,0.0,0.0,0.0,0.0,1.0,0.0,0.0,0.0,1.0,8.0,1.0,0.0,0.0,0.0,0.0,0.0,0.0,28.0,3.1510584000000006,0.0,1.0,0.0,0.0,0.0,92.0,3.0,140.0,140.0,420.0,23.288375893128205
0.1125378,1.0,0.0,0.0,0.0,0.0,28.0,1.0,119.0,287.0,120.63333333333334,533.1776470588235,0.0,1.0,0.0,0.0,0.0,0.0,0.0,0.0,0.0,0.0,0.0,0.0,0.0,0.0,0.0,0.0,0.0,1.0,0.0,0.0,0.0,1.0,8.0,1.0,0.0,0.0,0.0,0.0,0.0,0.0,28.0,3.1510584000000006,0.0,1.0,0.0,0.0,0.0,29.0,3.0,280.0,280.0,840.0,24.5
0.1125378,1.0,0.0,0.0,0.0,0.0,28.0,1.0,119.0,287.0,120.63333333333334,533.1776470588235,0.0,1.0,0.0,0.0,0.0,0.0,0.0,0.0,0.0,0.0,0.0,0.0,0.0,0.0,0.0,0.0,0.0,1.0,0.0,0.0,0.0,1.0,8.0,1.0,0.0,0.0,0.0,0.0,0.0,0.0,28.0,3.1510584000000006,0.0,1.0,0.0,0.0,1.0,412.0,3.0,392.0,392.0,1176.0,24.1
0.1125378,1.0,0.0,0.0,0.0,0.0,28.0,1.0,119.0,287.0,120.63333333333334,533.1776470588235,0.0,1.0,0.0,0.0,0.0,0.0,0.0,0.0,0.0,0.0,0.0,0.0,0.0,0.0,0.0,0.0,0.0,1.0,0.0,0.0,0.0,1.0,8.0,1.0,0.0,0.0,0.0,0.0,0.0,0.0,28.0,3.1510584000000006,0.0,1.0,0.0,0.0,1.0,204.0,1.8,392.0,392.0,705.6,25.4
0.1125378,1.0,0.0,0.0,0.0,0.0,28.0,1.0,119.0,287.0,120.63333333333334,533.1776470588235,0.0,1.0,0.0,0.0,0.0,0.0,0.0,0.0,0.0,0.0,0.0,0.0,0.0,0.0,0.0,0.0,0.0,1.0,0.0,0.0,0.0,1.0,8.0,1.0,0.0,0.0,0.0,0.0,0.0,0.0,28.0,3.1510584000000006,0.0,1.0,0.0,0.0,1.0,2432.0,3.0,392.0,392.0,1176.0,22.64
0.1125378,1.0,0.0,0.0,0.0,0.0,28.0,1.0,119.0,287.0,120.63333333333334,533.1776470588235,0.0,1.0,0.0,0.0,0.0,0.0,0.0,0.0,0.0,0.0,0.0,0.0,0.0,0.0,0.0,0.0,0.0,1.0,0.0,0.0,0.0,1.0,8.0,1.0,0.0,0.0,0.0,0.0,0.0,0.0,28.0,3.1510584000000006,0.0,1.0,0.0,0.0,1.0,1467.0,3.0,1120.0,1120.0,3360.0,23.75
0.1125378,1.0,0.0,0.0,0.0,0.0,28.0,1.0,119.0,287.0,120.63333333333334,533.1776470588235,0.0,1.0,0.0,0.0,0.0,0.0,0.0,0.0,0.0,0.0,0.0,0.0,0.0,0.0,0.0,0.0,0.0,1.0,0.0,0.0,0.0,1.0,8.0,1.0,0.0,0.0,0.0,0.0,0.0,0.0,28.0,3.1510584000000006,0.0,1.0,0.0,0.0,1.0,349.0,3.0,476.0,476.0,1428.0,22.67
0.1125378,1.0,0.0,0.0,0.0,0.0,28.0,1.0,119.0,287.0,120.63333333333334,533.1776470588235,0.0,1.0,0.0,0.0,0.0,0.0,0.0,0.0,0.0,0.0,0.0,0.0,0.0,0.0,0.0,0.0,0.0,1.0,0.0,0.0,0.0,1.0,8.0,1.0,0.0,0.0,0.0,0.0,0.0,0.0,28.0,3.1510584000000006,1.0,0.0,0.0,0.0,1.0,175.0,3.0,224.0,224.0,672.0,23.79857613366524
0.1125378,1.0,0.0,0.0,0.0,0.0,28.0,1.0,119.0,287.0,120.63333333333334,533.1776470588235,0.0,1.0,0.0,0.0,0.0,0.0,0.0,0.0,0.0,0.0,0.0,0.0,0.0,0.0,0.0,0.0,0.0,1.0,0.0,0.0,0.0,1.0,8.0,1.0,0.0,0.0,0.0,0.0,0.0,0.0,28.0,3.1510584000000006,0.0,0.0,1.0,0.0,1.0,125.0,3.0,392.0,392.0,1176.0,24.4
0.1125378,1.0,0.0,0.0,0.0,0.0,28.0,1.0,119.0,287.0,120.63333333333334,533.1776470588235,0.0,1.0,0.0,0.0,0.0,0.0,0.0,0.0,0.0,0.0,0.0,0.0,0.0,0.0,0.0,0.0,0.0,1.0,0.0,0.0,0.0,1.0,8.0,1.0,0.0,0.0,0.0,0.0,0.0,0.0,28.0,3.1510584000000006,0.0,0.0,0.0,1.0,1.0,17.0,3.0,364.0,364.0,1092.0,25.3
0.1125378,1.0,0.0,0.0,0.0,0.0,28.0,1.0,119.0,287.0,120.63333333333334,533.1776470588235,0.0,1.0,0.0,0.0,0.0,0.0,0.0,0.0,0.0,0.0,0.0,0.0,0.0,0.0,0.0,0.0,0.0,1.0,0.0,0.0,0.0,1.0,8.0,1.0,0.0,0.0,0.0,0.0,0.0,0.0,28.0,3.1510584000000006,0.0,0.0,0.0,1.0,1.0,14.0,3.0,364.0,364.0,1092.0,29.4
0.1125378,1.0,0.0,0.0,0.0,0.0,28.0,1.0,119.0,287.0,120.63333333333334,533.1776470588235,0.0,1.0,0.0,0.0,0.0,0.0,0.0,0.0,0.0,0.0,0.0,0.0,0.0,0.0,0.0,0.0,0.0,1.0,0.0,0.0,0.0,1.0,8.0,1.0,0.0,0.0,0.0,0.0,0.0,0.0,28.0,3.1510584000000006,0.0,0.0,0.0,1.0,1.0,31.0,3.0,364.0,364.0,1092.0,27.3
0.1125378,1.0,0.0,0.0,0.0,0.0,28.0,1.0,119.0,287.0,120.63333333333334,533.1776470588235,0.0,1.0,0.0,0.0,0.0,0.0,0.0,0.0,0.0,0.0,0.0,0.0,0.0,0.0,0.0,0.0,0.0,1.0,0.0,0.0,0.0,1.0,8.0,1.0,0.0,0.0,0.0,0.0,0.0,0.0,28.0,3.1510584000000006,0.0,1.0,0.0,0.0,1.0,194.0,3.0,392.0,392.0,1176.0,21.94
0.1125378,1.0,0.0,0.0,0.0,0.0,28.0,1.0,119.0,287.0,120.63333333333334,533.1776470588235,0.0,1.0,0.0,0.0,0.0,0.0,0.0,0.0,0.0,0.0,0.0,0.0,0.0,0.0,0.0,0.0,0.0,1.0,0.0,0.0,0.0,1.0,8.0,1.0,0.0,0.0,0.0,0.0,0.0,0.0,28.0,3.1510584000000006,0.0,1.0,0.0,0.0,1.0,117.0,3.0,476.0,476.0,1428.0,23.2
0.1125378,1.0,0.0,0.0,0.0,0.0,28.0,1.0,119.0,287.0,120.63333333333334,533.1776470588235,0.0,1.0,0.0,0.0,0.0,0.0,0.0,0.0,0.0,0.0,0.0,0.0,0.0,0.0,0.0,0.0,0.0,1.0,0.0,0.0,0.0,1.0,8.0,1.0,0.0,0.0,0.0,0.0,0.0,0.0,28.0,3.1510584000000006,0.0,1.0,0.0,0.0,0.0,19.0,3.0,112.0,112.0,336.0,25.41180752125651
0.1125378,1.0,0.0,0.0,0.0,0.0,28.0,1.0,119.0,287.0,120.63333333333334,533.1776470588235,0.0,1.0,0.0,0.0,0.0,0.0,0.0,0.0,0.0,0.0,0.0,0.0,0.0,0.0,0.0,0.0,0.0,1.0,0.0,0.0,0.0,1.0,8.0,1.0,0.0,0.0,0.0,0.0,0.0,0.0,28.0,3.1510584000000006,0.0,1.0,0.0,0.0,0.0,108.0,3.0,182.0,182.0,546.0,22.22
0.2,0.0,0.0,1.0,0.0,0.0,26.0,1.0,42.0,126.0,120.63333333333334,195.0,0.0,0.0,0.0,0.0,0.0,0.0,1.0,0.0,0.0,0.0,0.0,0.0,0.0,0.0,0.0,0.0,1.0,0.0,0.0,0.0,0.0,1.0,6.0,0.0,0.0,0.0,0.0,0.0,1.0,0.0,52.0,10.4,0.0,1.0,0.0,0.0,0.0,96.0,3.0,364.0,364.0,1092.0,10.53
0.2,0.0,0.0,1.0,0.0,0.0,26.0,1.0,42.0,126.0,120.63333333333334,195.0,0.0,0.0,0.0,0.0,0.0,0.0,1.0,0.0,0.0,0.0,0.0,0.0,0.0,0.0,0.0,0.0,1.0,0.0,0.0,0.0,0.0,1.0,6.0,0.0,0.0,0.0,0.0,0.0,1.0,0.0,52.0,10.4,0.0,1.0,0.0,0.0,0.0,94.0,1.2,140.0,140.0,168.0,13.792791256464731
0.2,0.0,0.0,1.0,0.0,0.0,26.0,1.0,42.0,126.0,120.63333333333334,195.0,0.0,0.0,0.0,0.0,0.0,0.0,1.0,0.0,0.0,0.0,0.0,0.0,0.0,0.0,0.0,0.0,1.0,0.0,0.0,0.0,0.0,1.0,6.0,0.0,0.0,0.0,0.0,0.0,1.0,0.0,52.0,10.4,0.0,1.0,0.0,0.0,0.0,90.0,1.8,140.0,140.0,252.0,13.062839524734695
0.2,0.0,0.0,1.0,0.0,0.0,26.0,1.0,42.0,126.0,120.63333333333334,195.0,0.0,0.0,0.0,0.0,0.0,0.0,1.0,0.0,0.0,0.0,0.0,0.0,0.0,0.0,0.0,0.0,1.0,0.0,0.0,0.0,0.0,1.0,6.0,0.0,0.0,0.0,0.0,0.0,1.0,0.0,52.0,10.4,0.0,1.0,0.0,0.0,0.0,92.0,2.4,140.0,140.0,336.0,12.375930614829269
0.2,0.0,0.0,1.0,0.0,0.0,26.0,1.0,42.0,126.0,120.63333333333334,195.0,0.0,0.0,0.0,0.0,0.0,0.0,1.0,0.0,0.0,0.0,0.0,0.0,0.0,0.0,0.0,0.0,1.0,0.0,0.0,0.0,0.0,1.0,6.0,0.0,0.0,0.0,0.0,0.0,1.0,0.0,52.0,10.4,0.0,1.0,0.0,0.0,0.0,92.0,3.0,140.0,140.0,420.0,11.288375893128206
0.2,0.0,0.0,1.0,0.0,0.0,26.0,1.0,42.0,126.0,120.63333333333334,195.0,0.0,0.0,0.0,0.0,0.0,0.0,1.0,0.0,0.0,0.0,0.0,0.0,0.0,0.0,0.0,0.0,1.0,0.0,0.0,0.0,0.0,1.0,6.0,0.0,0.0,0.0,0.0,0.0,1.0,0.0,52.0,10.4,0.0,1.0,0.0,0.0,0.0,29.0,3.0,280.0,280.0,840.0,12.5
0.2,0.0,0.0,1.0,0.0,0.0,26.0,1.0,42.0,126.0,120.63333333333334,195.0,0.0,0.0,0.0,0.0,0.0,0.0,1.0,0.0,0.0,0.0,0.0,0.0,0.0,0.0,0.0,0.0,1.0,0.0,0.0,0.0,0.0,1.0,6.0,0.0,0.0,0.0,0.0,0.0,1.0,0.0,52.0,10.4,0.0,1.0,0.0,0.0,1.0,412.0,3.0,392.0,392.0,1176.0,12.1
0.2,0.0,0.0,1.0,0.0,0.0,26.0,1.0,42.0,126.0,120.63333333333334,195.0,0.0,0.0,0.0,0.0,0.0,0.0,1.0,0.0,0.0,0.0,0.0,0.0,0.0,0.0,0.0,0.0,1.0,0.0,0.0,0.0,0.0,1.0,6.0,0.0,0.0,0.0,0.0,0.0,1.0,0.0,52.0,10.4,0.0,1.0,0.0,0.0,1.0,204.0,1.8,392.0,392.0,705.6,13.4
0.2,0.0,0.0,1.0,0.0,0.0,26.0,1.0,42.0,126.0,120.63333333333334,195.0,0.0,0.0,0.0,0.0,0.0,0.0,1.0,0.0,0.0,0.0,0.0,0.0,0.0,0.0,0.0,0.0,1.0,0.0,0.0,0.0,0.0,1.0,6.0,0.0,0.0,0.0,0.0,0.0,1.0,0.0,52.0,10.4,0.0,1.0,0.0,0.0,1.0,2432.0,3.0,392.0,392.0,1176.0,10.64
0.2,0.0,0.0,1.0,0.0,0.0,26.0,1.0,42.0,126.0,120.63333333333334,195.0,0.0,0.0,0.0,0.0,0.0,0.0,1.0,0.0,0.0,0.0,0.0,0.0,0.0,0.0,0.0,0.0,1.0,0.0,0.0,0.0,0.0,1.0,6.0,0.0,0.0,0.0,0.0,0.0,1.0,0.0,52.0,10.4,0.0,1.0,0.0,0.0,1.0,1467.0,3.0,1120.0,1120.0,3360.0,11.75
0.2,0.0,0.0,1.0,0.0,0.0,26.0,1.0,42.0,126.0,120.63333333333334,195.0,0.0,0.0,0.0,0.0,0.0,0.0,1.0,0.0,0.0,0.0,0.0,0.0,0.0,0.0,0.0,0.0,1.0,0.0,0.0,0.0,0.0,1.0,6.0,0.0,0.0,0.0,0.0,0.0,1.0,0.0,52.0,10.4,0.0,1.0,0.0,0.0,1.0,349.0,3.0,476.0,476.0,1428.0,10.67
0.2,0.0,0.0,1.0,0.0,0.0,26.0,1.0,42.0,126.0,120.63333333333334,195.0,0.0,0.0,0.0,0.0,0.0,0.0,1.0,0.0,0.0,0.0,0.0,0.0,0.0,0.0,0.0,0.0,1.0,0.0,0.0,0.0,0.0,1.0,6.0,0.0,0.0,0.0,0.0,0.0,1.0,0.0,52.0,10.4,1.0,0.0,0.0,0.0,1.0,175.0,3.0,224.0,224.0,672.0,11.798576133665236
0.2,0.0,0.0,1.0,0.0,0.0,26.0,1.0,42.0,126.0,120.63333333333334,195.0,0.0,0.0,0.0,0.0,0.0,0.0,1.0,0.0,0.0,0.0,0.0,0.0,0.0,0.0,0.0,0.0,1.0,0.0,0.0,0.0,0.0,1.0,6.0,0.0,0.0,0.0,0.0,0.0,1.0,0.0,52.0,10.4,0.0,0.0,1.0,0.0,1.0,125.0,3.0,392.0,392.0,1176.0,12.4
0.2,0.0,0.0,1.0,0.0,0.0,26.0,1.0,42.0,126.0,120.63333333333334,195.0,0.0,0.0,0.0,0.0,0.0,0.0,1.0,0.0,0.0,0.0,0.0,0.0,0.0,0.0,0.0,0.0,1.0,0.0,0.0,0.0,0.0,1.0,6.0,0.0,0.0,0.0,0.0,0.0,1.0,0.0,52.0,10.4,0.0,0.0,0.0,1.0,1.0,17.0,3.0,364.0,364.0,1092.0,13.3
0.2,0.0,0.0,1.0,0.0,0.0,26.0,1.0,42.0,126.0,120.63333333333334,195.0,0.0,0.0,0.0,0.0,0.0,0.0,1.0,0.0,0.0,0.0,0.0,0.0,0.0,0.0,0.0,0.0,1.0,0.0,0.0,0.0,0.0,1.0,6.0,0.0,0.0,0.0,0.0,0.0,1.0,0.0,52.0,10.4,0.0,0.0,0.0,1.0,1.0,14.0,3.0,364.0,364.0,1092.0,17.4
0.2,0.0,0.0,1.0,0.0,0.0,26.0,1.0,42.0,126.0,120.63333333333334,195.0,0.0,0.0,0.0,0.0,0.0,0.0,1.0,0.0,0.0,0.0,0.0,0.0,0.0,0.0,0.0,0.0,1.0,0.0,0.0,0.0,0.0,1.0,6.0,0.0,0.0,0.0,0.0,0.0,1.0,0.0,52.0,10.4,0.0,0.0,0.0,1.0,1.0,31.0,3.0,364.0,364.0,1092.0,15.3
0.2,0.0,0.0,1.0,0.0,0.0,26.0,1.0,42.0,126.0,120.63333333333334,195.0,0.0,0.0,0.0,0.0,0.0,0.0,1.0,0.0,0.0,0.0,0.0,0.0,0.0,0.0,0.0,0.0,1.0,0.0,0.0,0.0,0.0,1.0,6.0,0.0,0.0,0.0,0.0,0.0,1.0,0.0,52.0,10.4,0.0,1.0,0.0,0.0,1.0,194.0,3.0,392.0,392.0,1176.0,9.94
0.2,0.0,0.0,1.0,0.0,0.0,26.0,1.0,42.0,126.0,120.63333333333334,195.0,0.0,0.0,0.0,0.0,0.0,0.0,1.0,0.0,0.0,0.0,0.0,0.0,0.0,0.0,0.0,0.0,1.0,0.0,0.0,0.0,0.0,1.0,6.0,0.0,0.0,0.0,0.0,0.0,1.0,0.0,52.0,10.4,0.0,1.0,0.0,0.0,1.0,117.0,3.0,476.0,476.0,1428.0,11.2
0.2,0.0,0.0,1.0,0.0,0.0,26.0,1.0,42.0,126.0,120.63333333333334,195.0,0.0,0.0,0.0,0.0,0.0,0.0,1.0,0.0,0.0,0.0,0.0,0.0,0.0,0.0,0.0,0.0,1.0,0.0,0.0,0.0,0.0,1.0,6.0,0.0,0.0,0.0,0.0,0.0,1.0,0.0,52.0,10.4,0.0,1.0,0.0,0.0,0.0,19.0,3.0,112.0,112.0,336.0,13.41180752125651
0.2,0.0,0.0,1.0,0.0,0.0,26.0,1.0,42.0,126.0,120.63333333333334,195.0,0.0,0.0,0.0,0.0,0.0,0.0,1.0,0.0,0.0,0.0,0.0,0.0,0.0,0.0,0.0,0.0,1.0,0.0,0.0,0.0,0.0,1.0,6.0,0.0,0.0,0.0,0.0,0.0,1.0,0.0,52.0,10.4,0.0,1.0,0.0,0.0,0.0,108.0,3.0,182.0,182.0,546.0,10.22
0.1,0.0,0.0,1.0,0.0,0.0,14.0,1.0,42.0,126.0,120.63333333333334,195.0,0.0,0.0,0.0,0.0,0.0,0.0,1.0,0.0,0.0,0.0,0.0,0.0,0.0,0.0,0.0,0.0,1.0,0.0,0.0,0.0,0.0,1.0,8.0,0.0,0.0,0.0,0.0,0.0,1.0,0.0,28.0,2.8000000000000003,0.0,1.0,0.0,0.0,0.0,96.0,3.0,364.0,364.0,1092.0,5.53
0.1,0.0,0.0,1.0,0.0,0.0,14.0,1.0,42.0,126.0,120.63333333333334,195.0,0.0,0.0,0.0,0.0,0.0,0.0,1.0,0.0,0.0,0.0,0.0,0.0,0.0,0.0,0.0,0.0,1.0,0.0,0.0,0.0,0.0,1.0,8.0,0.0,0.0,0.0,0.0,0.0,1.0,0.0,28.0,2.8000000000000003,0.0,1.0,0.0,0.0,0.0,94.0,1.2,140.0,140.0,168.0,8.792791256464731
0.1,0.0,0.0,1.0,0.0,0.0,14.0,1.0,42.0,126.0,120.63333333333334,195.0,0.0,0.0,0.0,0.0,0.0,0.0,1.0,0.0,0.0,0.0,0.0,0.0,0.0,0.0,0.0,0.0,1.0,0.0,0.0,0.0,0.0,1.0,8.0,0.0,0.0,0.0,0.0,0.0,1.0,0.0,28.0,2.8000000000000003,0.0,1.0,0.0,0.0,0.0,90.0,1.8,140.0,140.0,252.0,8.062839524734695
0.1,0.0,0.0,1.0,0.0,0.0,14.0,1.0,42.0,126.0,120.63333333333334,195.0,0.0,0.0,0.0,0.0,0.0,0.0,1.0,0.0,0.0,0.0,0.0,0.0,0.0,0.0,0.0,0.0,1.0,0.0,0.0,0.0,0.0,1.0,8.0,0.0,0.0,0.0,0.0,0.0,1.0,0.0,28.0,2.8000000000000003,0.0,1.0,0.0,0.0,0.0,92.0,2.4,140.0,140.0,336.0,7.37593061482927
0.1,0.0,0.0,1.0,0.0,0.0,14.0,1.0,42.0,126.0,120.63333333333334,195.0,0.0,0.0,0.0,0.0,0.0,0.0,1.0,0.0,0.0,0.0,0.0,0.0,0.0,0.0,0.0,0.0,1.0,0.0,0.0,0.0,0.0,1.0,8.0,0.0,0.0,0.0,0.0,0.0,1.0,0.0,28.0,2.8000000000000003,0.0,1.0,0.0,0.0,0.0,92.0,3.0,140.0,140.0,420.0,6.288375893128206
0.1,0.0,0.0,1.0,0.0,0.0,14.0,1.0,42.0,126.0,120.63333333333334,195.0,0.0,0.0,0.0,0.0,0.0,0.0,1.0,0.0,0.0,0.0,0.0,0.0,0.0,0.0,0.0,0.0,1.0,0.0,0.0,0.0,0.0,1.0,8.0,0.0,0.0,0.0,0.0,0.0,1.0,0.0,28.0,2.8000000000000003,0.0,1.0,0.0,0.0,0.0,29.0,3.0,280.0,280.0,840.0,7.5
0.1,0.0,0.0,1.0,0.0,0.0,14.0,1.0,42.0,126.0,120.63333333333334,195.0,0.0,0.0,0.0,0.0,0.0,0.0,1.0,0.0,0.0,0.0,0.0,0.0,0.0,0.0,0.0,0.0,1.0,0.0,0.0,0.0,0.0,1.0,8.0,0.0,0.0,0.0,0.0,0.0,1.0,0.0,28.0,2.8000000000000003,0.0,1.0,0.0,0.0,1.0,412.0,3.0,392.0,392.0,1176.0,7.1
0.1,0.0,0.0,1.0,0.0,0.0,14.0,1.0,42.0,126.0,120.63333333333334,195.0,0.0,0.0,0.0,0.0,0.0,0.0,1.0,0.0,0.0,0.0,0.0,0.0,0.0,0.0,0.0,0.0,1.0,0.0,0.0,0.0,0.0,1.0,8.0,0.0,0.0,0.0,0.0,0.0,1.0,0.0,28.0,2.8000000000000003,0.0,1.0,0.0,0.0,1.0,204.0,1.8,392.0,392.0,705.6,8.4
0.1,0.0,0.0,1.0,0.0,0.0,14.0,1.0,42.0,126.0,120.63333333333334,195.0,0.0,0.0,0.0,0.0,0.0,0.0,1.0,0.0,0.0,0.0,0.0,0.0,0.0,0.0,0.0,0.0,1.0,0.0,0.0,0.0,0.0,1.0,8.0,0.0,0.0,0.0,0.0,0.0,1.0,0.0,28.0,2.8000000000000003,0.0,1.0,0.0,0.0,1.0,2432.0,3.0,392.0,392.0,1176.0,5.64
0.1,0.0,0.0,1.0,0.0,0.0,14.0,1.0,42.0,126.0,120.63333333333334,195.0,0.0,0.0,0.0,0.0,0.0,0.0,1.0,0.0,0.0,0.0,0.0,0.0,0.0,0.0,0.0,0.0,1.0,0.0,0.0,0.0,0.0,1.0,8.0,0.0,0.0,0.0,0.0,0.0,1.0,0.0,28.0,2.8000000000000003,0.0,1.0,0.0,0.0,1.0,1467.0,3.0,1120.0,1120.0,3360.0,6.75
0.1,0.0,0.0,1.0,0.0,0.0,14.0,1.0,42.0,126.0,120.63333333333334,195.0,0.0,0.0,0.0,0.0,0.0,0.0,1.0,0.0,0.0,0.0,0.0,0.0,0.0,0.0,0.0,0.0,1.0,0.0,0.0,0.0,0.0,1.0,8.0,0.0,0.0,0.0,0.0,0.0,1.0,0.0,28.0,2.8000000000000003,0.0,1.0,0.0,0.0,1.0,349.0,3.0,476.0,476.0,1428.0,5.67
0.1,0.0,0.0,1.0,0.0,0.0,14.0,1.0,42.0,126.0,120.63333333333334,195.0,0.0,0.0,0.0,0.0,0.0,0.0,1.0,0.0,0.0,0.0,0.0,0.0,0.0,0.0,0.0,0.0,1.0,0.0,0.0,0.0,0.0,1.0,8.0,0.0,0.0,0.0,0.0,0.0,1.0,0.0,28.0,2.8000000000000003,1.0,0.0,0.0,0.0,1.0,175.0,3.0,224.0,224.0,672.0,6.798576133665236
0.1,0.0,0.0,1.0,0.0,0.0,14.0,1.0,42.0,126.0,120.63333333333334,195.0,0.0,0.0,0.0,0.0,0.0,0.0,1.0,0.0,0.0,0.0,0.0,0.0,0.0,0.0,0.0,0.0,1.0,0.0,0.0,0.0,0.0,1.0,8.0,0.0,0.0,0.0,0.0,0.0,1.0,0.0,28.0,2.8000000000000003,0.0,0.0,1.0,0.0,1.0,125.0,3.0,392.0,392.0,1176.0,7.4
0.1,0.0,0.0,1.0,0.0,0.0,14.0,1.0,42.0,126.0,120.63333333333334,195.0,0.0,0.0,0.0,0.0,0.0,0.0,1.0,0.0,0.0,0.0,0.0,0.0,0.0,0.0,0.0,0.0,1.0,0.0,0.0,0.0,0.0,1.0,8.0,0.0,0.0,0.0,0.0,0.0,1.0,0.0,28.0,2.8000000000000003,0.0,0.0,0.0,1.0,1.0,17.0,3.0,364.0,364.0,1092.0,8.3
0.1,0.0,0.0,1.0,0.0,0.0,14.0,1.0,42.0,126.0,120.63333333333334,195.0,0.0,0.0,0.0,0.0,0.0,0.0,1.0,0.0,0.0,0.0,0.0,0.0,0.0,0.0,0.0,0.0,1.0,0.0,0.0,0.0,0.0,1.0,8.0,0.0,0.0,0.0,0.0,0.0,1.0,0.0,28.0,2.8000000000000003,0.0,0.0,0.0,1.0,1.0,14.0,3.0,364.0,364.0,1092.0,12.4
0.1,0.0,0.0,1.0,0.0,0.0,14.0,1.0,42.0,126.0,120.63333333333334,195.0,0.0,0.0,0.0,0.0,0.0,0.0,1.0,0.0,0.0,0.0,0.0,0.0,0.0,0.0,0.0,0.0,1.0,0.0,0.0,0.0,0.0,1.0,8.0,0.0,0.0,0.0,0.0,0.0,1.0,0.0,28.0,2.8000000000000003,0.0,0.0,0.0,1.0,1.0,31.0,3.0,364.0,364.0,1092.0,10.3
0.1,0.0,0.0,1.0,0.0,0.0,14.0,1.0,42.0,126.0,120.63333333333334,195.0,0.0,0.0,0.0,0.0,0.0,0.0,1.0,0.0,0.0,0.0,0.0,0.0,0.0,0.0,0.0,0.0,1.0,0.0,0.0,0.0,0.0,1.0,8.0,0.0,0.0,0.0,0.0,0.0,1.0,0.0,28.0,2.8000000000000003,0.0,1.0,0.0,0.0,1.0,194.0,3.0,392.0,392.0,1176.0,4.94
0.1,0.0,0.0,1.0,0.0,0.0,14.0,1.0,42.0,126.0,120.63333333333334,195.0,0.0,0.0,0.0,0.0,0.0,0.0,1.0,0.0,0.0,0.0,0.0,0.0,0.0,0.0,0.0,0.0,1.0,0.0,0.0,0.0,0.0,1.0,8.0,0.0,0.0,0.0,0.0,0.0,1.0,0.0,28.0,2.8000000000000003,0.0,1.0,0.0,0.0,1.0,117.0,3.0,476.0,476.0,1428.0,6.199999999999999
0.1,0.0,0.0,1.0,0.0,0.0,14.0,1.0,42.0,126.0,120.63333333333334,195.0,0.0,0.0,0.0,0.0,0.0,0.0,1.0,0.0,0.0,0.0,0.0,0.0,0.0,0.0,0.0,0.0,1.0,0.0,0.0,0.0,0.0,1.0,8.0,0.0,0.0,0.0,0.0,0.0,1.0,0.0,28.0,2.8000000000000003,0.0,1.0,0.0,0.0,0.0,19.0,3.0,112.0,112.0,336.0,8.41180752125651
0.1,0.0,0.0,1.0,0.0,0.0,14.0,1.0,42.0,126.0,120.63333333333334,195.0,0.0,0.0,0.0,0.0,0.0,0.0,1.0,0.0,0.0,0.0,0.0,0.0,0.0,0.0,0.0,0.0,1.0,0.0,0.0,0.0,0.0,1.0,8.0,0.0,0.0,0.0,0.0,0.0,1.0,0.0,28.0,2.8000000000000003,0.0,1.0,0.0,0.0,0.0,108.0,3.0,182.0,182.0,546.0,5.22
0.4,1.0,0.0,0.0,0.0,0.0,84.0,1.0,49.0,56.0,120.63333333333334,31.0,0.0,0.0,0.0,0.0,0.0,0.0,0.0,0.0,1.0,0.0,0.0,0.0,0.0,0.0,0.0,0.0,0.0,1.0,0.0,0.0,0.0,1.0,7.0,1.0,0.0,0.0,0.0,0.0,0.0,0.0,84.0,33.6,0.0,1.0,0.0,0.0,0.0,96.0,3.0,364.0,364.0,1092.0,20.336451612903225
0.4,1.0,0.0,0.0,0.0,0.0,84.0,1.0,49.0,56.0,120.63333333333334,31.0,0.0,0.0,0.0,0.0,0.0,0.0,0.0,0.0,1.0,0.0,0.0,0.0,0.0,0.0,0.0,0.0,0.0,1.0,0.0,0.0,0.0,1.0,7.0,1.0,0.0,0.0,0.0,0.0,0.0,0.0,84.0,33.6,0.0,1.0,0.0,0.0,0.0,94.0,1.2,140.0,140.0,168.0,23.59924286936796
0.4,1.0,0.0,0.0,0.0,0.0,84.0,1.0,49.0,56.0,120.63333333333334,31.0,0.0,0.0,0.0,0.0,0.0,0.0,0.0,0.0,1.0,0.0,0.0,0.0,0.0,0.0,0.0,0.0,0.0,1.0,0.0,0.0,0.0,1.0,7.0,1.0,0.0,0.0,0.0,0.0,0.0,0.0,84.0,33.6,0.0,1.0,0.0,0.0,0.0,90.0,1.8,140.0,140.0,252.0,22.86929113763792
0.4,1.0,0.0,0.0,0.0,0.0,84.0,1.0,49.0,56.0,120.63333333333334,31.0,0.0,0.0,0.0,0.0,0.0,0.0,0.0,0.0,1.0,0.0,0.0,0.0,0.0,0.0,0.0,0.0,0.0,1.0,0.0,0.0,0.0,1.0,7.0,1.0,0.0,0.0,0.0,0.0,0.0,0.0,84.0,33.6,0.0,1.0,0.0,0.0,0.0,92.0,2.4,140.0,140.0,336.0,22.182382227732493
0.4,1.0,0.0,0.0,0.0,0.0,84.0,1.0,49.0,56.0,120.63333333333334,31.0,0.0,0.0,0.0,0.0,0.0,0.0,0.0,0.0,1.0,0.0,0.0,0.0,0.0,0.0,0.0,0.0,0.0,1.0,0.0,0.0,0.0,1.0,7.0,1.0,0.0,0.0,0.0,0.0,0.0,0.0,84.0,33.6,0.0,1.0,0.0,0.0,0.0,92.0,3.0,140.0,140.0,420.0,21.09482750603143
0.4,1.0,0.0,0.0,0.0,0.0,84.0,1.0,49.0,56.0,120.63333333333334,31.0,0.0,0.0,0.0,0.0,0.0,0.0,0.0,0.0,1.0,0.0,0.0,0.0,0.0,0.0,0.0,0.0,0.0,1.0,0.0,0.0,0.0,1.0,7.0,1.0,0.0,0.0,0.0,0.0,0.0,0.0,84.0,33.6,0.0,1.0,0.0,0.0,0.0,29.0,3.0,280.0,280.0,840.0,22.306451612903224
0.4,1.0,0.0,0.0,0.0,0.0,84.0,1.0,49.0,56.0,120.63333333333334,31.0,0.0,0.0,0.0,0.0,0.0,0.0,0.0,0.0,1.0,0.0,0.0,0.0,0.0,0.0,0.0,0.0,0.0,1.0,0.0,0.0,0.0,1.0,7.0,1.0,0.0,0.0,0.0,0.0,0.0,0.0,84.0,33.6,0.0,1.0,0.0,0.0,1.0,412.0,3.0,392.0,392.0,1176.0,21.906451612903226
0.4,1.0,0.0,0.0,0.0,0.0,84.0,1.0,49.0,56.0,120.63333333333334,31.0,0.0,0.0,0.0,0.0,0.0,0.0,0.0,0.0,1.0,0.0,0.0,0.0,0.0,0.0,0.0,0.0,0.0,1.0,0.0,0.0,0.0,1.0,7.0,1.0,0.0,0.0,0.0,0.0,0.0,0.0,84.0,33.6,0.0,1.0,0.0,0.0,1.0,204.0,1.8,392.0,392.0,705.6,23.206451612903223
0.4,1.0,0.0,0.0,0.0,0.0,84.0,1.0,49.0,56.0,120.63333333333334,31.0,0.0,0.0,0.0,0.0,0.0,0.0,0.0,0.0,1.0,0.0,0.0,0.0,0.0,0.0,0.0,0.0,0.0,1.0,0.0,0.0,0.0,1.0,7.0,1.0,0.0,0.0,0.0,0.0,0.0,0.0,84.0,33.6,0.0,1.0,0.0,0.0,1.0,2432.0,3.0,392.0,392.0,1176.0,20.446451612903225
0.4,1.0,0.0,0.0,0.0,0.0,84.0,1.0,49.0,56.0,120.63333333333334,31.0,0.0,0.0,0.0,0.0,0.0,0.0,0.0,0.0,1.0,0.0,0.0,0.0,0.0,0.0,0.0,0.0,0.0,1.0,0.0,0.0,0.0,1.0,7.0,1.0,0.0,0.0,0.0,0.0,0.0,0.0,84.0,33.6,0.0,1.0,0.0,0.0,1.0,1467.0,3.0,1120.0,1120.0,3360.0,21.556451612903224
0.4,1.0,0.0,0.0,0.0,0.0,84.0,1.0,49.0,56.0,120.63333333333334,31.0,0.0,0.0,0.0,0.0,0.0,0.0,0.0,0.0,1.0,0.0,0.0,0.0,0.0,0.0,0.0,0.0,0.0,1.0,0.0,0.0,0.0,1.0,7.0,1.0,0.0,0.0,0.0,0.0,0.0,0.0,84.0,33.6,0.0,1.0,0.0,0.0,1.0,349.0,3.0,476.0,476.0,1428.0,20.476451612903222
0.4,1.0,0.0,0.0,0.0,0.0,84.0,1.0,49.0,56.0,120.63333333333334,31.0,0.0,0.0,0.0,0.0,0.0,0.0,0.0,0.0,1.0,0.0,0.0,0.0,0.0,0.0,0.0,0.0,0.0,1.0,0.0,0.0,0.0,1.0,7.0,1.0,0.0,0.0,0.0,0.0,0.0,0.0,84.0,33.6,1.0,0.0,0.0,0.0,1.0,175.0,3.0,224.0,224.0,672.0,21.60502774656846
0.4,1.0,0.0,0.0,0.0,0.0,84.0,1.0,49.0,56.0,120.63333333333334,31.0,0.0,0.0,0.0,0.0,0.0,0.0,0.0,0.0,1.0,0.0,0.0,0.0,0.0,0.0,0.0,0.0,0.0,1.0,0.0,0.0,0.0,1.0,7.0,1.0,0.0,0.0,0.0,0.0,0.0,0.0,84.0,33.6,0.0,0.0,1.0,0.0,1.0,125.0,3.0,392.0,392.0,1176.0,22.206451612903223
0.4,1.0,0.0,0.0,0.0,0.0,84.0,1.0,49.0,56.0,120.63333333333334,31.0,0.0,0.0,0.0,0.0,0.0,0.0,0.0,0.0,1.0,0.0,0.0,0.0,0.0,0.0,0.0,0.0,0.0,1.0,0.0,0.0,0.0,1.0,7.0,1.0,0.0,0.0,0.0,0.0,0.0,0.0,84.0,33.6,0.0,0.0,0.0,1.0,1.0,17.0,3.0,364.0,364.0,1092.0,23.106451612903225
0.4,1.0,0.0,0.0,0.0,0.0,84.0,1.0,49.0,56.0,120.63333333333334,31.0,0.0,0.0,0.0,0.0,0.0,0.0,0.0,0.0,1.0,0.0,0.0,0.0,0.0,0.0,0.0,0.0,0.0,1.0,0.0,0.0,0.0,1.0,7.0,1.0,0.0,0.0,0.0,0.0,0.0,0.0,84.0,33.6,0.0,0.0,0.0,1.0,1.0,14.0,3.0,364.0,364.0,1092.0,27.206451612903223
0.4,1.0,0.0,0.0,0.0,0.0,84.0,1.0,49.0,56.0,120.63333333333334,31.0,0.0,0.0,0.0,0.0,0.0,0.0,0.0,0.0,1.0,0.0,0.0,0.0,0.0,0.0,0.0,0.0,0.0,1.0,0.0,0.0,0.0,1.0,7.0,1.0,0.0,0.0,0.0,0.0,0.0,0.0,84.0,33.6,0.0,0.0,0.0,1.0,1.0,31.0,3.0,364.0,364.0,1092.0,25.106451612903225
0.4,1.0,0.0,0.0,0.0,0.0,84.0,1.0,49.0,56.0,120.63333333333334,31.0,0.0,0.0,0.0,0.0,0.0,0.0,0.0,0.0,1.0,0.0,0.0,0.0,0.0,0.0,0.0,0.0,0.0,1.0,0.0,0.0,0.0,1.0,7.0,1.0,0.0,0.0,0.0,0.0,0.0,0.0,84.0,33.6,0.0,1.0,0.0,0.0,1.0,194.0,3.0,392.0,392.0,1176.0,19.746451612903225
0.4,1.0,0.0,0.0,0.0,0.0,84.0,1.0,49.0,56.0,120.63333333333334,31.0,0.0,0.0,0.0,0.0,0.0,0.0,0.0,0.0,1.0,0.0,0.0,0.0,0.0,0.0,0.0,0.0,0.0,1.0,0.0,0.0,0.0,1.0,7.0,1.0,0.0,0.0,0.0,0.0,0.0,0.0,84.0,33.6,0.0,1.0,0.0,0.0,1.0,117.0,3.0,476.0,476.0,1428.0,21.006451612903223
0.4,1.0,0.0,0.0,0.0,0.0,84.0,1.0,49.0,56.0,120.63333333333334,31.0,0.0,0.0,0.0,0.0,0.0,0.0,0.0,0.0,1.0,0.0,0.0,0.0,0.0,0.0,0.0,0.0,0.0,1.0,0.0,0.0,0.0,1.0,7.0,1.0,0.0,0.0,0.0,0.0,0.0,0.0,84.0,33.6,0.0,1.0,0.0,0.0,0.0,19.0,3.0,112.0,112.0,336.0,23.218259134159734
0.4,1.0,0.0,0.0,0.0,0.0,84.0,1.0,49.0,56.0,120.63333333333334,31.0,0.0,0.0,0.0,0.0,0.0,0.0,0.0,0.0,1.0,0.0,0.0,0.0,0.0,0.0,0.0,0.0,0.0,1.0,0.0,0.0,0.0,1.0,7.0,1.0,0.0,0.0,0.0,0.0,0.0,0.0,84.0,33.6,0.0,1.0,0.0,0.0,0.0,108.0,3.0,182.0,182.0,546.0,20.026451612903223
0.1,0.0,0.0,1.0,0.0,0.0,56.0,1.0,28.0,119.0,120.63333333333334,34.0,0.0,1.0,0.0,0.0,0.0,0.0,0.0,0.0,0.0,0.0,0.0,0.0,0.0,0.0,0.0,0.0,0.0,1.0,0.0,1.0,0.0,0.0,6.0,1.0,0.0,0.0,0.0,0.0,0.0,0.0,112.0,11.2,0.0,1.0,0.0,0.0,0.0,96.0,3.0,364.0,364.0,1092.0,3.905
0.1,0.0,0.0,1.0,0.0,0.0,56.0,1.0,28.0,119.0,120.63333333333334,34.0,0.0,1.0,0.0,0.0,0.0,0.0,0.0,0.0,0.0,0.0,0.0,0.0,0.0,0.0,0.0,0.0,0.0,1.0,0.0,1.0,0.0,0.0,6.0,1.0,0.0,0.0,0.0,0.0,0.0,0.0,112.0,11.2,0.0,1.0,0.0,0.0,0.0,94.0,1.2,140.0,140.0,168.0,7.167791256464732
0.1,0.0,0.0,1.0,0.0,0.0,56.0,1.0,28.0,119.0,120.63333333333334,34.0,0.0,1.0,0.0,0.0,0.0,0.0,0.0,0.0,0.0,0.0,0.0,0.0,0.0,0.0,0.0,0.0,0.0,1.0,0.0,1.0,0.0,0.0,6.0,1.0,0.0,0.0,0.0,0.0,0.0,0.0,112.0,11.2,0.0,1.0,0.0,0.0,0.0,90.0,1.8,140.0,140.0,252.0,6.437839524734694
0.1,0.0,0.0,1.0,0.0,0.0,56.0,1.0,28.0,119.0,120.63333333333334,34.0,0.0,1.0,0.0,0.0,0.0,0.0,0.0,0.0,0.0,0.0,0.0,0.0,0.0,0.0,0.0,0.0,0.0,1.0,0.0,1.0,0.0,0.0,6.0,1.0,0.0,0.0,0.0,0.0,0.0,0.0,112.0,11.2,0.0,1.0,0.0,0.0,0.0,92.0,2.4,140.0,140.0,336.0,5.75093061482927
0.1,0.0,0.0,1.0,0.0,0.0,56.0,1.0,28.0,119.0,120.63333333333334,34.0,0.0,1.0,0.0,0.0,0.0,0.0,0.0,0.0,0.0,0.0,0.0,0.0,0.0,0.0,0.0,0.0,0.0,1.0,0.0,1.0,0.0,0.0,6.0,1.0,0.0,0.0,0.0,0.0,0.0,0.0,112.0,11.2,0.0,1.0,0.0,0.0,0.0,92.0,3.0,140.0,140.0,420.0,4.663375893128206
0.1,0.0,0.0,1.0,0.0,0.0,56.0,1.0,28.0,119.0,120.63333333333334,34.0,0.0,1.0,0.0,0.0,0.0,0.0,0.0,0.0,0.0,0.0,0.0,0.0,0.0,0.0,0.0,0.0,0.0,1.0,0.0,1.0,0.0,0.0,6.0,1.0,0.0,0.0,0.0,0.0,0.0,0.0,112.0,11.2,0.0,1.0,0.0,0.0,0.0,29.0,3.0,280.0,280.0,840.0,5.875
0.1,0.0,0.0,1.0,0.0,0.0,56.0,1.0,28.0,119.0,120.63333333333334,34.0,0.0,1.0,0.0,0.0,0.0,0.0,0.0,0.0,0.0,0.0,0.0,0.0,0.0,0.0,0.0,0.0,0.0,1.0,0.0,1.0,0.0,0.0,6.0,1.0,0.0,0.0,0.0,0.0,0.0,0.0,112.0,11.2,0.0,1.0,0.0,0.0,1.0,412.0,3.0,392.0,392.0,1176.0,5.475
0.1,0.0,0.0,1.0,0.0,0.0,56.0,1.0,28.0,119.0,120.63333333333334,34.0,0.0,1.0,0.0,0.0,0.0,0.0,0.0,0.0,0.0,0.0,0.0,0.0,0.0,0.0,0.0,0.0,0.0,1.0,0.0,1.0,0.0,0.0,6.0,1.0,0.0,0.0,0.0,0.0,0.0,0.0,112.0,11.2,0.0,1.0,0.0,0.0,1.0,204.0,1.8,392.0,392.0,705.6,6.775
0.1,0.0,0.0,1.0,0.0,0.0,56.0,1.0,28.0,119.0,120.63333333333334,34.0,0.0,1.0,0.0,0.0,0.0,0.0,0.0,0.0,0.0,0.0,0.0,0.0,0.0,0.0,0.0,0.0,0.0,1.0,0.0,1.0,0.0,0.0,6.0,1.0,0.0,0.0,0.0,0.0,0.0,0.0,112.0,11.2,0.0,1.0,0.0,0.0,1.0,2432.0,3.0,392.0,392.0,1176.0,4.015
0.1,0.0,0.0,1.0,0.0,0.0,56.0,1.0,28.0,119.0,120.63333333333334,34.0,0.0,1.0,0.0,0.0,0.0,0.0,0.0,0.0,0.0,0.0,0.0,0.0,0.0,0.0,0.0,0.0,0.0,1.0,0.0,1.0,0.0,0.0,6.0,1.0,0.0,0.0,0.0,0.0,0.0,0.0,112.0,11.2,0.0,1.0,0.0,0.0,1.0,1467.0,3.0,1120.0,1120.0,3360.0,5.125
0.1,0.0,0.0,1.0,0.0,0.0,56.0,1.0,28.0,119.0,120.63333333333334,34.0,0.0,1.0,0.0,0.0,0.0,0.0,0.0,0.0,0.0,0.0,0.0,0.0,0.0,0.0,0.0,0.0,0.0,1.0,0.0,1.0,0.0,0.0,6.0,1.0,0.0,0.0,0.0,0.0,0.0,0.0,112.0,11.2,0.0,1.0,0.0,0.0,1.0,349.0,3.0,476.0,476.0,1428.0,4.045
0.1,0.0,0.0,1.0,0.0,0.0,56.0,1.0,28.0,119.0,120.63333333333334,34.0,0.0,1.0,0.0,0.0,0.0,0.0,0.0,0.0,0.0,0.0,0.0,0.0,0.0,0.0,0.0,0.0,0.0,1.0,0.0,1.0,0.0,0.0,6.0,1.0,0.0,0.0,0.0,0.0,0.0,0.0,112.0,11.2,1.0,0.0,0.0,0.0,1.0,175.0,3.0,224.0,224.0,672.0,5.173576133665236
0.1,0.0,0.0,1.0,0.0,0.0,56.0,1.0,28.0,119.0,120.63333333333334,34.0,0.0,1.0,0.0,0.0,0.0,0.0,0.0,0.0,0.0,0.0,0.0,0.0,0.0,0.0,0.0,0.0,0.0,1.0,0.0,1.0,0.0,0.0,6.0,1.0,0.0,0.0,0.0,0.0,0.0,0.0,112.0,11.2,0.0,0.0,1.0,0.0,1.0,125.0,3.0,392.0,392.0,1176.0,5.775
0.1,0.0,0.0,1.0,0.0,0.0,56.0,1.0,28.0,119.0,120.63333333333334,34.0,0.0,1.0,0.0,0.0,0.0,0.0,0.0,0.0,0.0,0.0,0.0,0.0,0.0,0.0,0.0,0.0,0.0,1.0,0.0,1.0,0.0,0.0,6.0,1.0,0.0,0.0,0.0,0.0,0.0,0.0,112.0,11.2,0.0,0.0,0.0,1.0,1.0,17.0,3.0,364.0,364.0,1092.0,6.675000000000001
0.1,0.0,0.0,1.0,0.0,0.0,56.0,1.0,28.0,119.0,120.63333333333334,34.0,0.0,1.0,0.0,0.0,0.0,0.0,0.0,0.0,0.0,0.0,0.0,0.0,0.0,0.0,0.0,0.0,0.0,1.0,0.0,1.0,0.0,0.0,6.0,1.0,0.0,0.0,0.0,0.0,0.0,0.0,112.0,11.2,0.0,0.0,0.0,1.0,1.0,14.0,3.0,364.0,364.0,1092.0,10.775
0.1,0.0,0.0,1.0,0.0,0.0,56.0,1.0,28.0,119.0,120.63333333333334,34.0,0.0,1.0,0.0,0.0,0.0,0.0,0.0,0.0,0.0,0.0,0.0,0.0,0.0,0.0,0.0,0.0,0.0,1.0,0.0,1.0,0.0,0.0,6.0,1.0,0.0,0.0,0.0,0.0,0.0,0.0,112.0,11.2,0.0,0.0,0.0,1.0,1.0,31.0,3.0,364.0,364.0,1092.0,8.675
0.1,0.0,0.0,1.0,0.0,0.0,56.0,1.0,28.0,119.0,120.63333333333334,34.0,0.0,1.0,0.0,0.0,0.0,0.0,0.0,0.0,0.0,0.0,0.0,0.0,0.0,0.0,0.0,0.0,0.0,1.0,0.0,1.0,0.0,0.0,6.0,1.0,0.0,0.0,0.0,0.0,0.0,0.0,112.0,11.2,0.0,1.0,0.0,0.0,1.0,194.0,3.0,392.0,392.0,1176.0,3.3149999999999995
0.1,0.0,0.0,1.0,0.0,0.0,56.0,1.0,28.0,119.0,120.63333333333334,34.0,0.0,1.0,0.0,0.0,0.0,0.0,0.0,0.0,0.0,0.0,0.0,0.0,0.0,0.0,0.0,0.0,0.0,1.0,0.0,1.0,0.0,0.0,6.0,1.0,0.0,0.0,0.0,0.0,0.0,0.0,112.0,11.2,0.0,1.0,0.0,0.0,1.0,117.0,3.0,476.0,476.0,1428.0,4.574999999999999
0.1,0.0,0.0,1.0,0.0,0.0,56.0,1.0,28.0,119.0,120.63333333333334,34.0,0.0,1.0,0.0,0.0,0.0,0.0,0.0,0.0,0.0,0.0,0.0,0.0,0.0,0.0,0.0,0.0,0.0,1.0,0.0,1.0,0.0,0.0,6.0,1.0,0.0,0.0,0.0,0.0,0.0,0.0,112.0,11.2,0.0,1.0,0.0,0.0,0.0,19.0,3.0,112.0,112.0,336.0,6.7868075212565095
0.1,0.0,0.0,1.0,0.0,0.0,56.0,1.0,28.0,119.0,120.63333333333334,34.0,0.0,1.0,0.0,0.0,0.0,0.0,0.0,0.0,0.0,0.0,0.0,0.0,0.0,0.0,0.0,0.0,0.0,1.0,0.0,1.0,0.0,0.0,6.0,1.0,0.0,0.0,0.0,0.0,0.0,0.0,112.0,11.2,0.0,1.0,0.0,0.0,0.0,108.0,3.0,182.0,182.0,546.0,3.595
0.4,1.0,0.0,0.0,0.0,0.0,84.0,1.0,21.0,84.0,120.63333333333334,450.0,0.0,0.0,0.0,0.0,0.0,0.0,0.0,0.0,0.0,0.0,0.0,0.0,1.0,0.0,0.0,0.0,0.0,0.0,1.0,0.0,0.0,1.0,8.0,1.0,0.0,0.0,0.0,0.0,0.0,0.0,84.0,33.6,0.0,1.0,0.0,0.0,0.0,96.0,3.0,364.0,364.0,1092.0,25.641111111111112
0.4,1.0,0.0,0.0,0.0,0.0,84.0,1.0,21.0,84.0,120.63333333333334,450.0,0.0,0.0,0.0,0.0,0.0,0.0,0.0,0.0,0.0,0.0,0.0,0.0,1.0,0.0,0.0,0.0,0.0,0.0,1.0,0.0,0.0,1.0,8.0,1.0,0.0,0.0,0.0,0.0,0.0,0.0,84.0,33.6,0.0,1.0,0.0,0.0,0.0,94.0,1.2,140.0,140.0,168.0,28.90390236757584
0.4,1.0,0.0,0.0,0.0,0.0,84.0,1.0,21.0,84.0,120.63333333333334,450.0,0.0,0.0,0.0,0.0,0.0,0.0,0.0,0.0,0.0,0.0,0.0,0.0,1.0,0.0,0.0,0.0,0.0,0.0,1.0,0.0,0.0,1.0,8.0,1.0,0.0,0.0,0.0,0.0,0.0,0.0,84.0,33.6,0.0,1.0,0.0,0.0,0.0,90.0,1.8,140.0,140.0,252.0,28.17395063584581
0.4,1.0,0.0,0.0,0.0,0.0,84.0,1.0,21.0,84.0,120.63333333333334,450.0,0.0,0.0,0.0,0.0,0.0,0.0,0.0,0.0,0.0,0.0,0.0,0.0,1.0,0.0,0.0,0.0,0.0,0.0,1.0,0.0,0.0,1.0,8.0,1.0,0.0,0.0,0.0,0.0,0.0,0.0,84.0,33.6,0.0,1.0,0.0,0.0,0.0,92.0,2.4,140.0,140.0,336.0,27.48704172594038
0.4,1.0,0.0,0.0,0.0,0.0,84.0,1.0,21.0,84.0,120.63333333333334,450.0,0.0,0.0,0.0,0.0,0.0,0.0,0.0,0.0,0.0,0.0,0.0,0.0,1.0,0.0,0.0,0.0,0.0,0.0,1.0,0.0,0.0,1.0,8.0,1.0,0.0,0.0,0.0,0.0,0.0,0.0,84.0,33.6,0.0,1.0,0.0,0.0,0.0,92.0,3.0,140.0,140.0,420.0,26.39948700423932
0.4,1.0,0.0,0.0,0.0,0.0,84.0,1.0,21.0,84.0,120.63333333333334,450.0,0.0,0.0,0.0,0.0,0.0,0.0,0.0,0.0,0.0,0.0,0.0,0.0,1.0,0.0,0.0,0.0,0.0,0.0,1.0,0.0,0.0,1.0,8.0,1.0,0.0,0.0,0.0,0.0,0.0,0.0,84.0,33.6,0.0,1.0,0.0,0.0,0.0,29.0,3.0,280.0,280.0,840.0,27.61111111111111
0.4,1.0,0.0,0.0,0.0,0.0,84.0,1.0,21.0,84.0,120.63333333333334,450.0,0.0,0.0,0.0,0.0,0.0,0.0,0.0,0.0,0.0,0.0,0.0,0.0,1.0,0.0,0.0,0.0,0.0,0.0,1.0,0.0,0.0,1.0,8.0,1.0,0.0,0.0,0.0,0.0,0.0,0.0,84.0,33.6,0.0,1.0,0.0,0.0,1.0,412.0,3.0,392.0,392.0,1176.0,27.21111111111111
0.4,1.0,0.0,0.0,0.0,0.0,84.0,1.0,21.0,84.0,120.63333333333334,450.0,0.0,0.0,0.0,0.0,0.0,0.0,0.0,0.0,0.0,0.0,0.0,0.0,1.0,0.0,0.0,0.0,0.0,0.0,1.0,0.0,0.0,1.0,8.0,1.0,0.0,0.0,0.0,0.0,0.0,0.0,84.0,33.6,0.0,1.0,0.0,0.0,1.0,204.0,1.8,392.0,392.0,705.6,28.51111111111112
0.4,1.0,0.0,0.0,0.0,0.0,84.0,1.0,21.0,84.0,120.63333333333334,450.0,0.0,0.0,0.0,0.0,0.0,0.0,0.0,0.0,0.0,0.0,0.0,0.0,1.0,0.0,0.0,0.0,0.0,0.0,1.0,0.0,0.0,1.0,8.0,1.0,0.0,0.0,0.0,0.0,0.0,0.0,84.0,33.6,0.0,1.0,0.0,0.0,1.0,2432.0,3.0,392.0,392.0,1176.0,25.75111111111111
0.4,1.0,0.0,0.0,0.0,0.0,84.0,1.0,21.0,84.0,120.63333333333334,450.0,0.0,0.0,0.0,0.0,0.0,0.0,0.0,0.0,0.0,0.0,0.0,0.0,1.0,0.0,0.0,0.0,0.0,0.0,1.0,0.0,0.0,1.0,8.0,1.0,0.0,0.0,0.0,0.0,0.0,0.0,84.0,33.6,0.0,1.0,0.0,0.0,1.0,1467.0,3.0,1120.0,1120.0,3360.0,26.86111111111111
0.4,1.0,0.0,0.0,0.0,0.0,84.0,1.0,21.0,84.0,120.63333333333334,450.0,0.0,0.0,0.0,0.0,0.0,0.0,0.0,0.0,0.0,0.0,0.0,0.0,1.0,0.0,0.0,0.0,0.0,0.0,1.0,0.0,0.0,1.0,8.0,1.0,0.0,0.0,0.0,0.0,0.0,0.0,84.0,33.6,0.0,1.0,0.0,0.0,1.0,349.0,3.0,476.0,476.0,1428.0,25.78111111111111
0.4,1.0,0.0,0.0,0.0,0.0,84.0,1.0,21.0,84.0,120.63333333333334,450.0,0.0,0.0,0.0,0.0,0.0,0.0,0.0,0.0,0.0,0.0,0.0,0.0,1.0,0.0,0.0,0.0,0.0,0.0,1.0,0.0,0.0,1.0,8.0,1.0,0.0,0.0,0.0,0.0,0.0,0.0,84.0,33.6,1.0,0.0,0.0,0.0,1.0,175.0,3.0,224.0,224.0,672.0,26.909687244776347
0.4,1.0,0.0,0.0,0.0,0.0,84.0,1.0,21.0,84.0,120.63333333333334,450.0,0.0,0.0,0.0,0.0,0.0,0.0,0.0,0.0,0.0,0.0,0.0,0.0,1.0,0.0,0.0,0.0,0.0,0.0,1.0,0.0,0.0,1.0,8.0,1.0,0.0,0.0,0.0,0.0,0.0,0.0,84.0,33.6,0.0,0.0,1.0,0.0,1.0,125.0,3.0,392.0,392.0,1176.0,27.51111111111111
0.4,1.0,0.0,0.0,0.0,0.0,84.0,1.0,21.0,84.0,120.63333333333334,450.0,0.0,0.0,0.0,0.0,0.0,0.0,0.0,0.0,0.0,0.0,0.0,0.0,1.0,0.0,0.0,0.0,0.0,0.0,1.0,0.0,0.0,1.0,8.0,1.0,0.0,0.0,0.0,0.0,0.0,0.0,84.0,33.6,0.0,0.0,0.0,1.0,1.0,17.0,3.0,364.0,364.0,1092.0,28.41111111111111
0.4,1.0,0.0,0.0,0.0,0.0,84.0,1.0,21.0,84.0,120.63333333333334,450.0,0.0,0.0,0.0,0.0,0.0,0.0,0.0,0.0,0.0,0.0,0.0,0.0,1.0,0.0,0.0,0.0,0.0,0.0,1.0,0.0,0.0,1.0,8.0,1.0,0.0,0.0,0.0,0.0,0.0,0.0,84.0,33.6,0.0,0.0,0.0,1.0,1.0,14.0,3.0,364.0,364.0,1092.0,32.51111111111111
0.4,1.0,0.0,0.0,0.0,0.0,84.0,1.0,21.0,84.0,120.63333333333334,450.0,0.0,0.0,0.0,0.0,0.0,0.0,0.0,0.0,0.0,0.0,0.0,0.0,1.0,0.0,0.0,0.0,0.0,0.0,1.0,0.0,0.0,1.0,8.0,1.0,0.0,0.0,0.0,0.0,0.0,0.0,84.0,33.6,0.0,0.0,0.0,1.0,1.0,31.0,3.0,364.0,364.0,1092.0,30.41111111111111
0.4,1.0,0.0,0.0,0.0,0.0,84.0,1.0,21.0,84.0,120.63333333333334,450.0,0.0,0.0,0.0,0.0,0.0,0.0,0.0,0.0,0.0,0.0,0.0,0.0,1.0,0.0,0.0,0.0,0.0,0.0,1.0,0.0,0.0,1.0,8.0,1.0,0.0,0.0,0.0,0.0,0.0,0.0,84.0,33.6,0.0,1.0,0.0,0.0,1.0,194.0,3.0,392.0,392.0,1176.0,25.051111111111112
0.4,1.0,0.0,0.0,0.0,0.0,84.0,1.0,21.0,84.0,120.63333333333334,450.0,0.0,0.0,0.0,0.0,0.0,0.0,0.0,0.0,0.0,0.0,0.0,0.0,1.0,0.0,0.0,0.0,0.0,0.0,1.0,0.0,0.0,1.0,8.0,1.0,0.0,0.0,0.0,0.0,0.0,0.0,84.0,33.6,0.0,1.0,0.0,0.0,1.0,117.0,3.0,476.0,476.0,1428.0,26.31111111111111
0.4,1.0,0.0,0.0,0.0,0.0,84.0,1.0,21.0,84.0,120.63333333333334,450.0,0.0,0.0,0.0,0.0,0.0,0.0,0.0,0.0,0.0,0.0,0.0,0.0,1.0,0.0,0.0,0.0,0.0,0.0,1.0,0.0,0.0,1.0,8.0,1.0,0.0,0.0,0.0,0.0,0.0,0.0,84.0,33.6,0.0,1.0,0.0,0.0,0.0,19.0,3.0,112.0,112.0,336.0,28.52291863236762
0.4,1.0,0.0,0.0,0.0,0.0,84.0,1.0,21.0,84.0,120.63333333333334,450.0,0.0,0.0,0.0,0.0,0.0,0.0,0.0,0.0,0.0,0.0,0.0,0.0,1.0,0.0,0.0,0.0,0.0,0.0,1.0,0.0,0.0,1.0,8.0,1.0,0.0,0.0,0.0,0.0,0.0,0.0,84.0,33.6,0.0,1.0,0.0,0.0,0.0,108.0,3.0,182.0,182.0,546.0,25.33111111111111
0.4,1.0,0.0,0.0,0.0,0.0,84.0,1.0,21.0,84.0,120.63333333333334,365.0,0.0,0.0,0.0,0.0,0.0,0.0,0.0,1.0,0.0,0.0,0.0,0.0,0.0,0.0,0.0,0.0,0.0,0.0,1.0,0.0,0.0,1.0,8.0,1.0,0.0,0.0,0.0,0.0,0.0,0.0,84.0,33.6,0.0,1.0,0.0,0.0,0.0,96.0,3.0,364.0,364.0,1092.0,2.74917808219178
0.4,1.0,0.0,0.0,0.0,0.0,84.0,1.0,21.0,84.0,120.63333333333334,365.0,0.0,0.0,0.0,0.0,0.0,0.0,0.0,1.0,0.0,0.0,0.0,0.0,0.0,0.0,0.0,0.0,0.0,0.0,1.0,0.0,0.0,1.0,8.0,1.0,0.0,0.0,0.0,0.0,0.0,0.0,84.0,33.6,0.0,1.0,0.0,0.0,0.0,94.0,1.2,140.0,140.0,168.0,6.011969338656511
0.4,1.0,0.0,0.0,0.0,0.0,84.0,1.0,21.0,84.0,120.63333333333334,365.0,0.0,0.0,0.0,0.0,0.0,0.0,0.0,1.0,0.0,0.0,0.0,0.0,0.0,0.0,0.0,0.0,0.0,0.0,1.0,0.0,0.0,1.0,8.0,1.0,0.0,0.0,0.0,0.0,0.0,0.0,84.0,33.6,0.0,1.0,0.0,0.0,0.0,90.0,1.8,140.0,140.0,252.0,5.282017606926474
0.4,1.0,0.0,0.0,0.0,0.0,84.0,1.0,21.0,84.0,120.63333333333334,365.0,0.0,0.0,0.0,0.0,0.0,0.0,0.0,1.0,0.0,0.0,0.0,0.0,0.0,0.0,0.0,0.0,0.0,0.0,1.0,0.0,0.0,1.0,8.0,1.0,0.0,0.0,0.0,0.0,0.0,0.0,84.0,33.6,0.0,1.0,0.0,0.0,0.0,92.0,2.4,140.0,140.0,336.0,4.5951086970210495
0.4,1.0,0.0,0.0,0.0,0.0,84.0,1.0,21.0,84.0,120.63333333333334,365.0,0.0,0.0,0.0,0.0,0.0,0.0,0.0,1.0,0.0,0.0,0.0,0.0,0.0,0.0,0.0,0.0,0.0,0.0,1.0,0.0,0.0,1.0,8.0,1.0,0.0,0.0,0.0,0.0,0.0,0.0,84.0,33.6,0.0,1.0,0.0,0.0,0.0,92.0,3.0,140.0,140.0,420.0,3.5075539753199863
0.4,1.0,0.0,0.0,0.0,0.0,84.0,1.0,21.0,84.0,120.63333333333334,365.0,0.0,0.0,0.0,0.0,0.0,0.0,0.0,1.0,0.0,0.0,0.0,0.0,0.0,0.0,0.0,0.0,0.0,0.0,1.0,0.0,0.0,1.0,8.0,1.0,0.0,0.0,0.0,0.0,0.0,0.0,84.0,33.6,0.0,1.0,0.0,0.0,0.0,29.0,3.0,280.0,280.0,840.0,4.71917808219178
0.4,1.0,0.0,0.0,0.0,0.0,84.0,1.0,21.0,84.0,120.63333333333334,365.0,0.0,0.0,0.0,0.0,0.0,0.0,0.0,1.0,0.0,0.0,0.0,0.0,0.0,0.0,0.0,0.0,0.0,0.0,1.0,0.0,0.0,1.0,8.0,1.0,0.0,0.0,0.0,0.0,0.0,0.0,84.0,33.6,0.0,1.0,0.0,0.0,1.0,412.0,3.0,392.0,392.0,1176.0,4.31917808219178
0.4,1.0,0.0,0.0,0.0,0.0,84.0,1.0,21.0,84.0,120.63333333333334,365.0,0.0,0.0,0.0,0.0,0.0,0.0,0.0,1.0,0.0,0.0,0.0,0.0,0.0,0.0,0.0,0.0,0.0,0.0,1.0,0.0,0.0,1.0,8.0,1.0,0.0,0.0,0.0,0.0,0.0,0.0,84.0,33.6,0.0,1.0,0.0,0.0,1.0,204.0,1.8,392.0,392.0,705.6,5.61917808219178
0.4,1.0,0.0,0.0,0.0,0.0,84.0,1.0,21.0,84.0,120.63333333333334,365.0,0.0,0.0,0.0,0.0,0.0,0.0,0.0,1.0,0.0,0.0,0.0,0.0,0.0,0.0,0.0,0.0,0.0,0.0,1.0,0.0,0.0,1.0,8.0,1.0,0.0,0.0,0.0,0.0,0.0,0.0,84.0,33.6,0.0,1.0,0.0,0.0,1.0,2432.0,3.0,392.0,392.0,1176.0,2.85917808219178
0.4,1.0,0.0,0.0,0.0,0.0,84.0,1.0,21.0,84.0,120.63333333333334,365.0,0.0,0.0,0.0,0.0,0.0,0.0,0.0,1.0,0.0,0.0,0.0,0.0,0.0,0.0,0.0,0.0,0.0,0.0,1.0,0.0,0.0,1.0,8.0,1.0,0.0,0.0,0.0,0.0,0.0,0.0,84.0,33.6,0.0,1.0,0.0,0.0,1.0,1467.0,3.0,1120.0,1120.0,3360.0,3.96917808219178
0.4,1.0,0.0,0.0,0.0,0.0,84.0,1.0,21.0,84.0,120.63333333333334,365.0,0.0,0.0,0.0,0.0,0.0,0.0,0.0,1.0,0.0,0.0,0.0,0.0,0.0,0.0,0.0,0.0,0.0,0.0,1.0,0.0,0.0,1.0,8.0,1.0,0.0,0.0,0.0,0.0,0.0,0.0,84.0,33.6,0.0,1.0,0.0,0.0,1.0,349.0,3.0,476.0,476.0,1428.0,2.88917808219178
0.4,1.0,0.0,0.0,0.0,0.0,84.0,1.0,21.0,84.0,120.63333333333334,365.0,0.0,0.0,0.0,0.0,0.0,0.0,0.0,1.0,0.0,0.0,0.0,0.0,0.0,0.0,0.0,0.0,0.0,0.0,1.0,0.0,0.0,1.0,8.0,1.0,0.0,0.0,0.0,0.0,0.0,0.0,84.0,33.6,1.0,0.0,0.0,0.0,1.0,175.0,3.0,224.0,224.0,672.0,4.017754215857016
0.4,1.0,0.0,0.0,0.0,0.0,84.0,1.0,21.0,84.0,120.63333333333334,365.0,0.0,0.0,0.0,0.0,0.0,0.0,0.0,1.0,0.0,0.0,0.0,0.0,0.0,0.0,0.0,0.0,0.0,0.0,1.0,0.0,0.0,1.0,8.0,1.0,0.0,0.0,0.0,0.0,0.0,0.0,84.0,33.6,0.0,0.0,1.0,0.0,1.0,125.0,3.0,392.0,392.0,1176.0,4.61917808219178
0.4,1.0,0.0,0.0,0.0,0.0,84.0,1.0,21.0,84.0,120.63333333333334,365.0,0.0,0.0,0.0,0.0,0.0,0.0,0.0,1.0,0.0,0.0,0.0,0.0,0.0,0.0,0.0,0.0,0.0,0.0,1.0,0.0,0.0,1.0,8.0,1.0,0.0,0.0,0.0,0.0,0.0,0.0,84.0,33.6,0.0,0.0,0.0,1.0,1.0,17.0,3.0,364.0,364.0,1092.0,5.519178082191781
0.4,1.0,0.0,0.0,0.0,0.0,84.0,1.0,21.0,84.0,120.63333333333334,365.0,0.0,0.0,0.0,0.0,0.0,0.0,0.0,1.0,0.0,0.0,0.0,0.0,0.0,0.0,0.0,0.0,0.0,0.0,1.0,0.0,0.0,1.0,8.0,1.0,0.0,0.0,0.0,0.0,0.0,0.0,84.0,33.6,0.0,0.0,0.0,1.0,1.0,14.0,3.0,364.0,364.0,1092.0,9.61917808219178
0.4,1.0,0.0,0.0,0.0,0.0,84.0,1.0,21.0,84.0,120.63333333333334,365.0,0.0,0.0,0.0,0.0,0.0,0.0,0.0,1.0,0.0,0.0,0.0,0.0,0.0,0.0,0.0,0.0,0.0,0.0,1.0,0.0,0.0,1.0,8.0,1.0,0.0,0.0,0.0,0.0,0.0,0.0,84.0,33.6,0.0,0.0,0.0,1.0,1.0,31.0,3.0,364.0,364.0,1092.0,7.519178082191781
0.4,1.0,0.0,0.0,0.0,0.0,84.0,1.0,21.0,84.0,120.63333333333334,365.0,0.0,0.0,0.0,0.0,0.0,0.0,0.0,1.0,0.0,0.0,0.0,0.0,0.0,0.0,0.0,0.0,0.0,0.0,1.0,0.0,0.0,1.0,8.0,1.0,0.0,0.0,0.0,0.0,0.0,0.0,84.0,33.6,0.0,1.0,0.0,0.0,1.0,194.0,3.0,392.0,392.0,1176.0,2.1591780821917794
0.4,1.0,0.0,0.0,0.0,0.0,84.0,1.0,21.0,84.0,120.63333333333334,365.0,0.0,0.0,0.0,0.0,0.0,0.0,0.0,1.0,0.0,0.0,0.0,0.0,0.0,0.0,0.0,0.0,0.0,0.0,1.0,0.0,0.0,1.0,8.0,1.0,0.0,0.0,0.0,0.0,0.0,0.0,84.0,33.6,0.0,1.0,0.0,0.0,1.0,117.0,3.0,476.0,476.0,1428.0,3.419178082191779
0.4,1.0,0.0,0.0,0.0,0.0,84.0,1.0,21.0,84.0,120.63333333333334,365.0,0.0,0.0,0.0,0.0,0.0,0.0,0.0,1.0,0.0,0.0,0.0,0.0,0.0,0.0,0.0,0.0,0.0,0.0,1.0,0.0,0.0,1.0,8.0,1.0,0.0,0.0,0.0,0.0,0.0,0.0,84.0,33.6,0.0,1.0,0.0,0.0,0.0,19.0,3.0,112.0,112.0,336.0,5.6309856034482895
0.4,1.0,0.0,0.0,0.0,0.0,84.0,1.0,21.0,84.0,120.63333333333334,365.0,0.0,0.0,0.0,0.0,0.0,0.0,0.0,1.0,0.0,0.0,0.0,0.0,0.0,0.0,0.0,0.0,0.0,0.0,1.0,0.0,0.0,1.0,8.0,1.0,0.0,0.0,0.0,0.0,0.0,0.0,84.0,33.6,0.0,1.0,0.0,0.0,0.0,108.0,3.0,182.0,182.0,546.0,2.43917808219178
0.05,0.0,0.0,1.0,0.0,0.0,32.0,1.0,211.625,300.0,120.63333333333334,45.0,0.0,0.0,0.0,1.0,0.0,0.0,0.0,0.0,0.0,0.0,0.0,0.0,0.0,0.0,0.0,0.0,0.0,1.0,0.0,0.0,0.0,1.0,12.0,1.0,0.0,0.0,0.0,0.0,0.0,0.0,64.0,3.2,0.0,1.0,0.0,0.0,0.0,96.0,3.0,364.0,364.0,1092.0,5.03
0.05,0.0,0.0,1.0,0.0,0.0,32.0,1.0,211.625,300.0,120.63333333333334,45.0,0.0,0.0,0.0,1.0,0.0,0.0,0.0,0.0,0.0,0.0,0.0,0.0,0.0,0.0,0.0,0.0,0.0,1.0,0.0,0.0,0.0,1.0,12.0,1.0,0.0,0.0,0.0,0.0,0.0,0.0,64.0,3.2,0.0,1.0,0.0,0.0,0.0,94.0,1.2,140.0,140.0,168.0,8.292791256464731
0.05,0.0,0.0,1.0,0.0,0.0,32.0,1.0,211.625,300.0,120.63333333333334,45.0,0.0,0.0,0.0,1.0,0.0,0.0,0.0,0.0,0.0,0.0,0.0,0.0,0.0,0.0,0.0,0.0,0.0,1.0,0.0,0.0,0.0,1.0,12.0,1.0,0.0,0.0,0.0,0.0,0.0,0.0,64.0,3.2,0.0,1.0,0.0,0.0,0.0,90.0,1.8,140.0,140.0,252.0,7.562839524734694
0.05,0.0,0.0,1.0,0.0,0.0,32.0,1.0,211.625,300.0,120.63333333333334,45.0,0.0,0.0,0.0,1.0,0.0,0.0,0.0,0.0,0.0,0.0,0.0,0.0,0.0,0.0,0.0,0.0,0.0,1.0,0.0,0.0,0.0,1.0,12.0,1.0,0.0,0.0,0.0,0.0,0.0,0.0,64.0,3.2,0.0,1.0,0.0,0.0,0.0,92.0,2.4,140.0,140.0,336.0,6.87593061482927
0.05,0.0,0.0,1.0,0.0,0.0,32.0,1.0,211.625,300.0,120.63333333333334,45.0,0.0,0.0,0.0,1.0,0.0,0.0,0.0,0.0,0.0,0.0,0.0,0.0,0.0,0.0,0.0,0.0,0.0,1.0,0.0,0.0,0.0,1.0,12.0,1.0,0.0,0.0,0.0,0.0,0.0,0.0,64.0,3.2,0.0,1.0,0.0,0.0,0.0,92.0,3.0,140.0,140.0,420.0,5.788375893128206
0.05,0.0,0.0,1.0,0.0,0.0,32.0,1.0,211.625,300.0,120.63333333333334,45.0,0.0,0.0,0.0,1.0,0.0,0.0,0.0,0.0,0.0,0.0,0.0,0.0,0.0,0.0,0.0,0.0,0.0,1.0,0.0,0.0,0.0,1.0,12.0,1.0,0.0,0.0,0.0,0.0,0.0,0.0,64.0,3.2,0.0,1.0,0.0,0.0,0.0,29.0,3.0,280.0,280.0,840.0,7.0
0.05,0.0,0.0,1.0,0.0,0.0,32.0,1.0,211.625,300.0,120.63333333333334,45.0,0.0,0.0,0.0,1.0,0.0,0.0,0.0,0.0,0.0,0.0,0.0,0.0,0.0,0.0,0.0,0.0,0.0,1.0,0.0,0.0,0.0,1.0,12.0,1.0,0.0,0.0,0.0,0.0,0.0,0.0,64.0,3.2,0.0,1.0,0.0,0.0,1.0,412.0,3.0,392.0,392.0,1176.0,6.6
0.05,0.0,0.0,1.0,0.0,0.0,32.0,1.0,211.625,300.0,120.63333333333334,45.0,0.0,0.0,0.0,1.0,0.0,0.0,0.0,0.0,0.0,0.0,0.0,0.0,0.0,0.0,0.0,0.0,0.0,1.0,0.0,0.0,0.0,1.0,12.0,1.0,0.0,0.0,0.0,0.0,0.0,0.0,64.0,3.2,0.0,1.0,0.0,0.0,1.0,204.0,1.8,392.0,392.0,705.6,7.9
0.05,0.0,0.0,1.0,0.0,0.0,32.0,1.0,211.625,300.0,120.63333333333334,45.0,0.0,0.0,0.0,1.0,0.0,0.0,0.0,0.0,0.0,0.0,0.0,0.0,0.0,0.0,0.0,0.0,0.0,1.0,0.0,0.0,0.0,1.0,12.0,1.0,0.0,0.0,0.0,0.0,0.0,0.0,64.0,3.2,0.0,1.0,0.0,0.0,1.0,2432.0,3.0,392.0,392.0,1176.0,5.14
0.05,0.0,0.0,1.0,0.0,0.0,32.0,1.0,211.625,300.0,120.63333333333334,45.0,0.0,0.0,0.0,1.0,0.0,0.0,0.0,0.0,0.0,0.0,0.0,0.0,0.0,0.0,0.0,0.0,0.0,1.0,0.0,0.0,0.0,1.0,12.0,1.0,0.0,0.0,0.0,0.0,0.0,0.0,64.0,3.2,0.0,1.0,0.0,0.0,1.0,1467.0,3.0,1120.0,1120.0,3360.0,6.25
0.05,0.0,0.0,1.0,0.0,0.0,32.0,1.0,211.625,300.0,120.63333333333334,45.0,0.0,0.0,0.0,1.0,0.0,0.0,0.0,0.0,0.0,0.0,0.0,0.0,0.0,0.0,0.0,0.0,0.0,1.0,0.0,0.0,0.0,1.0,12.0,1.0,0.0,0.0,0.0,0.0,0.0,0.0,64.0,3.2,0.0,1.0,0.0,0.0,1.0,349.0,3.0,476.0,476.0,1428.0,5.17
0.05,0.0,0.0,1.0,0.0,0.0,32.0,1.0,211.625,300.0,120.63333333333334,45.0,0.0,0.0,0.0,1.0,0.0,0.0,0.0,0.0,0.0,0.0,0.0,0.0,0.0,0.0,0.0,0.0,0.0,1.0,0.0,0.0,0.0,1.0,12.0,1.0,0.0,0.0,0.0,0.0,0.0,0.0,64.0,3.2,1.0,0.0,0.0,0.0,1.0,175.0,3.0,224.0,224.0,672.0,6.298576133665236
0.05,0.0,0.0,1.0,0.0,0.0,32.0,1.0,211.625,300.0,120.63333333333334,45.0,0.0,0.0,0.0,1.0,0.0,0.0,0.0,0.0,0.0,0.0,0.0,0.0,0.0,0.0,0.0,0.0,0.0,1.0,0.0,0.0,0.0,1.0,12.0,1.0,0.0,0.0,0.0,0.0,0.0,0.0,64.0,3.2,0.0,0.0,1.0,0.0,1.0,125.0,3.0,392.0,392.0,1176.0,6.9
0.05,0.0,0.0,1.0,0.0,0.0,32.0,1.0,211.625,300.0,120.63333333333334,45.0,0.0,0.0,0.0,1.0,0.0,0.0,0.0,0.0,0.0,0.0,0.0,0.0,0.0,0.0,0.0,0.0,0.0,1.0,0.0,0.0,0.0,1.0,12.0,1.0,0.0,0.0,0.0,0.0,0.0,0.0,64.0,3.2,0.0,0.0,0.0,1.0,1.0,17.0,3.0,364.0,364.0,1092.0,7.800000000000001
0.05,0.0,0.0,1.0,0.0,0.0,32.0,1.0,211.625,300.0,120.63333333333334,45.0,0.0,0.0,0.0,1.0,0.0,0.0,0.0,0.0,0.0,0.0,0.0,0.0,0.0,0.0,0.0,0.0,0.0,1.0,0.0,0.0,0.0,1.0,12.0,1.0,0.0,0.0,0.0,0.0,0.0,0.0,64.0,3.2,0.0,0.0,0.0,1.0,1.0,14.0,3.0,364.0,364.0,1092.0,11.9
0.05,0.0,0.0,1.0,0.0,0.0,32.0,1.0,211.625,300.0,120.63333333333334,45.0,0.0,0.0,0.0,1.0,0.0,0.0,0.0,0.0,0.0,0.0,0.0,0.0,0.0,0.0,0.0,0.0,0.0,1.0,0.0,0.0,0.0,1.0,12.0,1.0,0.0,0.0,0.0,0.0,0.0,0.0,64.0,3.2,0.0,0.0,0.0,1.0,1.0,31.0,3.0,364.0,364.0,1092.0,9.8
0.05,0.0,0.0,1.0,0.0,0.0,32.0,1.0,211.625,300.0,120.63333333333334,45.0,0.0,0.0,0.0,1.0,0.0,0.0,0.0,0.0,0.0,0.0,0.0,0.0,0.0,0.0,0.0,0.0,0.0,1.0,0.0,0.0,0.0,1.0,12.0,1.0,0.0,0.0,0.0,0.0,0.0,0.0,64.0,3.2,0.0,1.0,0.0,0.0,1.0,194.0,3.0,392.0,392.0,1176.0,4.44
0.05,0.0,0.0,1.0,0.0,0.0,32.0,1.0,211.625,300.0,120.63333333333334,45.0,0.0,0.0,0.0,1.0,0.0,0.0,0.0,0.0,0.0,0.0,0.0,0.0,0.0,0.0,0.0,0.0,0.0,1.0,0.0,0.0,0.0,1.0,12.0,1.0,0.0,0.0,0.0,0.0,0.0,0.0,64.0,3.2,0.0,1.0,0.0,0.0,1.0,117.0,3.0,476.0,476.0,1428.0,5.699999999999999
0.05,0.0,0.0,1.0,0.0,0.0,32.0,1.0,211.625,300.0,120.63333333333334,45.0,0.0,0.0,0.0,1.0,0.0,0.0,0.0,0.0,0.0,0.0,0.0,0.0,0.0,0.0,0.0,0.0,0.0,1.0,0.0,0.0,0.0,1.0,12.0,1.0,0.0,0.0,0.0,0.0,0.0,0.0,64.0,3.2,0.0,1.0,0.0,0.0,0.0,19.0,3.0,112.0,112.0,336.0,7.911807521256509
0.05,0.0,0.0,1.0,0.0,0.0,32.0,1.0,211.625,300.0,120.63333333333334,45.0,0.0,0.0,0.0,1.0,0.0,0.0,0.0,0.0,0.0,0.0,0.0,0.0,0.0,0.0,0.0,0.0,0.0,1.0,0.0,0.0,0.0,1.0,12.0,1.0,0.0,0.0,0.0,0.0,0.0,0.0,64.0,3.2,0.0,1.0,0.0,0.0,0.0,108.0,3.0,182.0,182.0,546.0,4.72
0.04,1.0,0.0,0.0,0.0,0.0,70.0,1.0,5840.0,5840.0,12.0,11500.0,0.0,0.0,0.0,0.0,0.0,0.0,0.0,0.0,0.0,0.0,0.0,1.0,0.0,0.0,0.0,1.0,0.0,0.0,0.0,1.0,0.0,0.0,9.0,0.0,0.0,0.0,0.0,1.0,0.0,0.0,70.0,2.8000000000000003,0.0,1.0,0.0,0.0,0.0,96.0,3.0,364.0,364.0,1092.0,-2.97
0.04,1.0,0.0,0.0,0.0,0.0,70.0,1.0,5840.0,5840.0,12.0,11500.0,0.0,0.0,0.0,0.0,0.0,0.0,0.0,0.0,0.0,0.0,0.0,1.0,0.0,0.0,0.0,1.0,0.0,0.0,0.0,1.0,0.0,0.0,9.0,0.0,0.0,0.0,0.0,1.0,0.0,0.0,70.0,2.8000000000000003,0.0,1.0,0.0,0.0,0.0,94.0,1.2,140.0,140.0,168.0,0.2927912564647315
0.04,1.0,0.0,0.0,0.0,0.0,70.0,1.0,5840.0,5840.0,12.0,11500.0,0.0,0.0,0.0,0.0,0.0,0.0,0.0,0.0,0.0,0.0,0.0,1.0,0.0,0.0,0.0,1.0,0.0,0.0,0.0,1.0,0.0,0.0,9.0,0.0,0.0,0.0,0.0,1.0,0.0,0.0,70.0,2.8000000000000003,0.0,1.0,0.0,0.0,0.0,90.0,1.8,140.0,140.0,252.0,-0.4371604752653057
0.04,1.0,0.0,0.0,0.0,0.0,70.0,1.0,5840.0,5840.0,12.0,11500.0,0.0,0.0,0.0,0.0,0.0,0.0,0.0,0.0,0.0,0.0,0.0,1.0,0.0,0.0,0.0,1.0,0.0,0.0,0.0,1.0,0.0,0.0,9.0,0.0,0.0,0.0,0.0,1.0,0.0,0.0,70.0,2.8000000000000003,0.0,1.0,0.0,0.0,0.0,92.0,2.4,140.0,140.0,336.0,-1.1240693851707304
0.04,1.0,0.0,0.0,0.0,0.0,70.0,1.0,5840.0,5840.0,12.0,11500.0,0.0,0.0,0.0,0.0,0.0,0.0,0.0,0.0,0.0,0.0,0.0,1.0,0.0,0.0,0.0,1.0,0.0,0.0,0.0,1.0,0.0,0.0,9.0,0.0,0.0,0.0,0.0,1.0,0.0,0.0,70.0,2.8000000000000003,0.0,1.0,0.0,0.0,0.0,92.0,3.0,140.0,140.0,420.0,-2.2116241068717937
0.04,1.0,0.0,0.0,0.0,0.0,70.0,1.0,5840.0,5840.0,12.0,11500.0,0.0,0.0,0.0,0.0,0.0,0.0,0.0,0.0,0.0,0.0,0.0,1.0,0.0,0.0,0.0,1.0,0.0,0.0,0.0,1.0,0.0,0.0,9.0,0.0,0.0,0.0,0.0,1.0,0.0,0.0,70.0,2.8000000000000003,0.0,1.0,0.0,0.0,0.0,29.0,3.0,280.0,280.0,840.0,-1.0
0.04,1.0,0.0,0.0,0.0,0.0,70.0,1.0,5840.0,5840.0,12.0,11500.0,0.0,0.0,0.0,0.0,0.0,0.0,0.0,0.0,0.0,0.0,0.0,1.0,0.0,0.0,0.0,1.0,0.0,0.0,0.0,1.0,0.0,0.0,9.0,0.0,0.0,0.0,0.0,1.0,0.0,0.0,70.0,2.8000000000000003,0.0,1.0,0.0,0.0,1.0,412.0,3.0,392.0,392.0,1176.0,-1.4000000000000004
0.04,1.0,0.0,0.0,0.0,0.0,70.0,1.0,5840.0,5840.0,12.0,11500.0,0.0,0.0,0.0,0.0,0.0,0.0,0.0,0.0,0.0,0.0,0.0,1.0,0.0,0.0,0.0,1.0,0.0,0.0,0.0,1.0,0.0,0.0,9.0,0.0,0.0,0.0,0.0,1.0,0.0,0.0,70.0,2.8000000000000003,0.0,1.0,0.0,0.0,1.0,204.0,1.8,392.0,392.0,705.6,-0.0999999999999996
0.04,1.0,0.0,0.0,0.0,0.0,70.0,1.0,5840.0,5840.0,12.0,11500.0,0.0,0.0,0.0,0.0,0.0,0.0,0.0,0.0,0.0,0.0,0.0,1.0,0.0,0.0,0.0,1.0,0.0,0.0,0.0,1.0,0.0,0.0,9.0,0.0,0.0,0.0,0.0,1.0,0.0,0.0,70.0,2.8000000000000003,0.0,1.0,0.0,0.0,1.0,2432.0,3.0,392.0,392.0,1176.0,-2.8600000000000003
0.04,1.0,0.0,0.0,0.0,0.0,70.0,1.0,5840.0,5840.0,12.0,11500.0,0.0,0.0,0.0,0.0,0.0,0.0,0.0,0.0,0.0,0.0,0.0,1.0,0.0,0.0,0.0,1.0,0.0,0.0,0.0,1.0,0.0,0.0,9.0,0.0,0.0,0.0,0.0,1.0,0.0,0.0,70.0,2.8000000000000003,0.0,1.0,0.0,0.0,1.0,1467.0,3.0,1120.0,1120.0,3360.0,-1.75
0.04,1.0,0.0,0.0,0.0,0.0,70.0,1.0,5840.0,5840.0,12.0,11500.0,0.0,0.0,0.0,0.0,0.0,0.0,0.0,0.0,0.0,0.0,0.0,1.0,0.0,0.0,0.0,1.0,0.0,0.0,0.0,1.0,0.0,0.0,9.0,0.0,0.0,0.0,0.0,1.0,0.0,0.0,70.0,2.8000000000000003,0.0,1.0,0.0,0.0,1.0,349.0,3.0,476.0,476.0,1428.0,-2.83
0.04,1.0,0.0,0.0,0.0,0.0,70.0,1.0,5840.0,5840.0,12.0,11500.0,0.0,0.0,0.0,0.0,0.0,0.0,0.0,0.0,0.0,0.0,0.0,1.0,0.0,0.0,0.0,1.0,0.0,0.0,0.0,1.0,0.0,0.0,9.0,0.0,0.0,0.0,0.0,1.0,0.0,0.0,70.0,2.8000000000000003,1.0,0.0,0.0,0.0,1.0,175.0,3.0,224.0,224.0,672.0,-1.701423866334764
0.04,1.0,0.0,0.0,0.0,0.0,70.0,1.0,5840.0,5840.0,12.0,11500.0,0.0,0.0,0.0,0.0,0.0,0.0,0.0,0.0,0.0,0.0,0.0,1.0,0.0,0.0,0.0,1.0,0.0,0.0,0.0,1.0,0.0,0.0,9.0,0.0,0.0,0.0,0.0,1.0,0.0,0.0,70.0,2.8000000000000003,0.0,0.0,1.0,0.0,1.0,125.0,3.0,392.0,392.0,1176.0,-1.1
0.04,1.0,0.0,0.0,0.0,0.0,70.0,1.0,5840.0,5840.0,12.0,11500.0,0.0,0.0,0.0,0.0,0.0,0.0,0.0,0.0,0.0,0.0,0.0,1.0,0.0,0.0,0.0,1.0,0.0,0.0,0.0,1.0,0.0,0.0,9.0,0.0,0.0,0.0,0.0,1.0,0.0,0.0,70.0,2.8000000000000003,0.0,0.0,0.0,1.0,1.0,17.0,3.0,364.0,364.0,1092.0,-0.1999999999999997
0.04,1.0,0.0,0.0,0.0,0.0,70.0,1.0,5840.0,5840.0,12.0,11500.0,0.0,0.0,0.0,0.0,0.0,0.0,0.0,0.0,0.0,0.0,0.0,1.0,0.0,0.0,0.0,1.0,0.0,0.0,0.0,1.0,0.0,0.0,9.0,0.0,0.0,0.0,0.0,1.0,0.0,0.0,70.0,2.8000000000000003,0.0,0.0,0.0,1.0,1.0,14.0,3.0,364.0,364.0,1092.0,3.9
0.04,1.0,0.0,0.0,0.0,0.0,70.0,1.0,5840.0,5840.0,12.0,11500.0,0.0,0.0,0.0,0.0,0.0,0.0,0.0,0.0,0.0,0.0,0.0,1.0,0.0,0.0,0.0,1.0,0.0,0.0,0.0,1.0,0.0,0.0,9.0,0.0,0.0,0.0,0.0,1.0,0.0,0.0,70.0,2.8000000000000003,0.0,0.0,0.0,1.0,1.0,31.0,3.0,364.0,364.0,1092.0,1.8000000000000005
0.04,1.0,0.0,0.0,0.0,0.0,70.0,1.0,5840.0,5840.0,12.0,11500.0,0.0,0.0,0.0,0.0,0.0,0.0,0.0,0.0,0.0,0.0,0.0,1.0,0.0,0.0,0.0,1.0,0.0,0.0,0.0,1.0,0.0,0.0,9.0,0.0,0.0,0.0,0.0,1.0,0.0,0.0,70.0,2.8000000000000003,0.0,1.0,0.0,0.0,1.0,194.0,3.0,392.0,392.0,1176.0,-3.5600000000000005
0.04,1.0,0.0,0.0,0.0,0.0,70.0,1.0,5840.0,5840.0,12.0,11500.0,0.0,0.0,0.0,0.0,0.0,0.0,0.0,0.0,0.0,0.0,0.0,1.0,0.0,0.0,0.0,1.0,0.0,0.0,0.0,1.0,0.0,0.0,9.0,0.0,0.0,0.0,0.0,1.0,0.0,0.0,70.0,2.8000000000000003,0.0,1.0,0.0,0.0,1.0,117.0,3.0,476.0,476.0,1428.0,-2.3000000000000007
0.04,1.0,0.0,0.0,0.0,0.0,70.0,1.0,5840.0,5840.0,12.0,11500.0,0.0,0.0,0.0,0.0,0.0,0.0,0.0,0.0,0.0,0.0,0.0,1.0,0.0,0.0,0.0,1.0,0.0,0.0,0.0,1.0,0.0,0.0,9.0,0.0,0.0,0.0,0.0,1.0,0.0,0.0,70.0,2.8000000000000003,0.0,1.0,0.0,0.0,0.0,19.0,3.0,112.0,112.0,336.0,-0.08819247874349
0.04,1.0,0.0,0.0,0.0,0.0,70.0,1.0,5840.0,5840.0,12.0,11500.0,0.0,0.0,0.0,0.0,0.0,0.0,0.0,0.0,0.0,0.0,0.0,1.0,0.0,0.0,0.0,1.0,0.0,0.0,0.0,1.0,0.0,0.0,9.0,0.0,0.0,0.0,0.0,1.0,0.0,0.0,70.0,2.8000000000000003,0.0,1.0,0.0,0.0,0.0,108.0,3.0,182.0,182.0,546.0,-3.28
0.05,1.0,0.0,0.0,0.0,0.0,63.0,0.0,211.625,300.0,120.63333333333334,770.0,0.0,0.0,0.0,0.0,0.0,0.0,0.0,0.0,0.0,0.0,1.0,0.0,0.0,0.0,0.0,0.0,0.0,0.0,1.0,0.0,0.0,1.0,11.0,0.0,0.0,0.0,0.0,1.0,0.0,0.0,63.0,3.1500000000000004,0.0,1.0,0.0,0.0,0.0,96.0,3.0,364.0,364.0,1092.0,8.815714285714286
0.05,1.0,0.0,0.0,0.0,0.0,63.0,0.0,211.625,300.0,120.63333333333334,770.0,0.0,0.0,0.0,0.0,0.0,0.0,0.0,0.0,0.0,0.0,1.0,0.0,0.0,0.0,0.0,0.0,0.0,0.0,1.0,0.0,0.0,1.0,11.0,0.0,0.0,0.0,0.0,1.0,0.0,0.0,63.0,3.1500000000000004,0.0,1.0,0.0,0.0,0.0,94.0,1.2,140.0,140.0,168.0,12.078505542179016
0.05,1.0,0.0,0.0,0.0,0.0,63.0,0.0,211.625,300.0,120.63333333333334,770.0,0.0,0.0,0.0,0.0,0.0,0.0,0.0,0.0,0.0,0.0,1.0,0.0,0.0,0.0,0.0,0.0,0.0,0.0,1.0,0.0,0.0,1.0,11.0,0.0,0.0,0.0,0.0,1.0,0.0,0.0,63.0,3.1500000000000004,0.0,1.0,0.0,0.0,0.0,90.0,1.8,140.0,140.0,252.0,11.34855381044898
0.05,1.0,0.0,0.0,0.0,0.0,63.0,0.0,211.625,300.0,120.63333333333334,770.0,0.0,0.0,0.0,0.0,0.0,0.0,0.0,0.0,0.0,0.0,1.0,0.0,0.0,0.0,0.0,0.0,0.0,0.0,1.0,0.0,0.0,1.0,11.0,0.0,0.0,0.0,0.0,1.0,0.0,0.0,63.0,3.1500000000000004,0.0,1.0,0.0,0.0,0.0,92.0,2.4,140.0,140.0,336.0,10.661644900543552
0.05,1.0,0.0,0.0,0.0,0.0,63.0,0.0,211.625,300.0,120.63333333333334,770.0,0.0,0.0,0.0,0.0,0.0,0.0,0.0,0.0,0.0,0.0,1.0,0.0,0.0,0.0,0.0,0.0,0.0,0.0,1.0,0.0,0.0,1.0,11.0,0.0,0.0,0.0,0.0,1.0,0.0,0.0,63.0,3.1500000000000004,0.0,1.0,0.0,0.0,0.0,92.0,3.0,140.0,140.0,420.0,9.574090178842493
0.05,1.0,0.0,0.0,0.0,0.0,63.0,0.0,211.625,300.0,120.63333333333334,770.0,0.0,0.0,0.0,0.0,0.0,0.0,0.0,0.0,0.0,0.0,1.0,0.0,0.0,0.0,0.0,0.0,0.0,0.0,1.0,0.0,0.0,1.0,11.0,0.0,0.0,0.0,0.0,1.0,0.0,0.0,63.0,3.1500000000000004,0.0,1.0,0.0,0.0,0.0,29.0,3.0,280.0,280.0,840.0,10.785714285714285
0.05,1.0,0.0,0.0,0.0,0.0,63.0,0.0,211.625,300.0,120.63333333333334,770.0,0.0,0.0,0.0,0.0,0.0,0.0,0.0,0.0,0.0,0.0,1.0,0.0,0.0,0.0,0.0,0.0,0.0,0.0,1.0,0.0,0.0,1.0,11.0,0.0,0.0,0.0,0.0,1.0,0.0,0.0,63.0,3.1500000000000004,0.0,1.0,0.0,0.0,1.0,412.0,3.0,392.0,392.0,1176.0,10.385714285714284
0.05,1.0,0.0,0.0,0.0,0.0,63.0,0.0,211.625,300.0,120.63333333333334,770.0,0.0,0.0,0.0,0.0,0.0,0.0,0.0,0.0,0.0,0.0,1.0,0.0,0.0,0.0,0.0,0.0,0.0,0.0,1.0,0.0,0.0,1.0,11.0,0.0,0.0,0.0,0.0,1.0,0.0,0.0,63.0,3.1500000000000004,0.0,1.0,0.0,0.0,1.0,204.0,1.8,392.0,392.0,705.6,11.685714285714283
0.05,1.0,0.0,0.0,0.0,0.0,63.0,0.0,211.625,300.0,120.63333333333334,770.0,0.0,0.0,0.0,0.0,0.0,0.0,0.0,0.0,0.0,0.0,1.0,0.0,0.0,0.0,0.0,0.0,0.0,0.0,1.0,0.0,0.0,1.0,11.0,0.0,0.0,0.0,0.0,1.0,0.0,0.0,63.0,3.1500000000000004,0.0,1.0,0.0,0.0,1.0,2432.0,3.0,392.0,392.0,1176.0,8.925714285714285
0.05,1.0,0.0,0.0,0.0,0.0,63.0,0.0,211.625,300.0,120.63333333333334,770.0,0.0,0.0,0.0,0.0,0.0,0.0,0.0,0.0,0.0,0.0,1.0,0.0,0.0,0.0,0.0,0.0,0.0,0.0,1.0,0.0,0.0,1.0,11.0,0.0,0.0,0.0,0.0,1.0,0.0,0.0,63.0,3.1500000000000004,0.0,1.0,0.0,0.0,1.0,1467.0,3.0,1120.0,1120.0,3360.0,10.035714285714285
0.05,1.0,0.0,0.0,0.0,0.0,63.0,0.0,211.625,300.0,120.63333333333334,770.0,0.0,0.0,0.0,0.0,0.0,0.0,0.0,0.0,0.0,0.0,1.0,0.0,0.0,0.0,0.0,0.0,0.0,0.0,1.0,0.0,0.0,1.0,11.0,0.0,0.0,0.0,0.0,1.0,0.0,0.0,63.0,3.1500000000000004,0.0,1.0,0.0,0.0,1.0,349.0,3.0,476.0,476.0,1428.0,8.955714285714285
0.05,1.0,0.0,0.0,0.0,0.0,63.0,0.0,211.625,300.0,120.63333333333334,770.0,0.0,0.0,0.0,0.0,0.0,0.0,0.0,0.0,0.0,0.0,1.0,0.0,0.0,0.0,0.0,0.0,0.0,0.0,1.0,0.0,0.0,1.0,11.0,0.0,0.0,0.0,0.0,1.0,0.0,0.0,63.0,3.1500000000000004,1.0,0.0,0.0,0.0,1.0,175.0,3.0,224.0,224.0,672.0,10.08429041937952
0.05,1.0,0.0,0.0,0.0,0.0,63.0,0.0,211.625,300.0,120.63333333333334,770.0,0.0,0.0,0.0,0.0,0.0,0.0,0.0,0.0,0.0,0.0,1.0,0.0,0.0,0.0,0.0,0.0,0.0,0.0,1.0,0.0,0.0,1.0,11.0,0.0,0.0,0.0,0.0,1.0,0.0,0.0,63.0,3.1500000000000004,0.0,0.0,1.0,0.0,1.0,125.0,3.0,392.0,392.0,1176.0,10.685714285714283
0.05,1.0,0.0,0.0,0.0,0.0,63.0,0.0,211.625,300.0,120.63333333333334,770.0,0.0,0.0,0.0,0.0,0.0,0.0,0.0,0.0,0.0,0.0,1.0,0.0,0.0,0.0,0.0,0.0,0.0,0.0,1.0,0.0,0.0,1.0,11.0,0.0,0.0,0.0,0.0,1.0,0.0,0.0,63.0,3.1500000000000004,0.0,0.0,0.0,1.0,1.0,17.0,3.0,364.0,364.0,1092.0,11.585714285714284
0.05,1.0,0.0,0.0,0.0,0.0,63.0,0.0,211.625,300.0,120.63333333333334,770.0,0.0,0.0,0.0,0.0,0.0,0.0,0.0,0.0,0.0,0.0,1.0,0.0,0.0,0.0,0.0,0.0,0.0,0.0,1.0,0.0,0.0,1.0,11.0,0.0,0.0,0.0,0.0,1.0,0.0,0.0,63.0,3.1500000000000004,0.0,0.0,0.0,1.0,1.0,14.0,3.0,364.0,364.0,1092.0,15.685714285714283
0.05,1.0,0.0,0.0,0.0,0.0,63.0,0.0,211.625,300.0,120.63333333333334,770.0,0.0,0.0,0.0,0.0,0.0,0.0,0.0,0.0,0.0,0.0,1.0,0.0,0.0,0.0,0.0,0.0,0.0,0.0,1.0,0.0,0.0,1.0,11.0,0.0,0.0,0.0,0.0,1.0,0.0,0.0,63.0,3.1500000000000004,0.0,0.0,0.0,1.0,1.0,31.0,3.0,364.0,364.0,1092.0,13.585714285714284
0.05,1.0,0.0,0.0,0.0,0.0,63.0,0.0,211.625,300.0,120.63333333333334,770.0,0.0,0.0,0.0,0.0,0.0,0.0,0.0,0.0,0.0,0.0,1.0,0.0,0.0,0.0,0.0,0.0,0.0,0.0,1.0,0.0,0.0,1.0,11.0,0.0,0.0,0.0,0.0,1.0,0.0,0.0,63.0,3.1500000000000004,0.0,1.0,0.0,0.0,1.0,194.0,3.0,392.0,392.0,1176.0,8.225714285714284
0.05,1.0,0.0,0.0,0.0,0.0,63.0,0.0,211.625,300.0,120.63333333333334,770.0,0.0,0.0,0.0,0.0,0.0,0.0,0.0,0.0,0.0,0.0,1.0,0.0,0.0,0.0,0.0,0.0,0.0,0.0,1.0,0.0,0.0,1.0,11.0,0.0,0.0,0.0,0.0,1.0,0.0,0.0,63.0,3.1500000000000004,0.0,1.0,0.0,0.0,1.0,117.0,3.0,476.0,476.0,1428.0,9.485714285714284
0.05,1.0,0.0,0.0,0.0,0.0,63.0,0.0,211.625,300.0,120.63333333333334,770.0,0.0,0.0,0.0,0.0,0.0,0.0,0.0,0.0,0.0,0.0,1.0,0.0,0.0,0.0,0.0,0.0,0.0,0.0,1.0,0.0,0.0,1.0,11.0,0.0,0.0,0.0,0.0,1.0,0.0,0.0,63.0,3.1500000000000004,0.0,1.0,0.0,0.0,0.0,19.0,3.0,112.0,112.0,336.0,11.697521806970794
0.05,1.0,0.0,0.0,0.0,0.0,63.0,0.0,211.625,300.0,120.63333333333334,770.0,0.0,0.0,0.0,0.0,0.0,0.0,0.0,0.0,0.0,0.0,1.0,0.0,0.0,0.0,0.0,0.0,0.0,0.0,1.0,0.0,0.0,1.0,11.0,0.0,0.0,0.0,0.0,1.0,0.0,0.0,63.0,3.1500000000000004,0.0,1.0,0.0,0.0,0.0,108.0,3.0,182.0,182.0,546.0,8.505714285714284
0.0375126,1.0,0.0,0.0,0.0,0.0,9.0,1.0,140.0,154.0,120.63333333333334,533.1776470588235,0.0,0.0,0.0,1.0,0.0,0.0,0.0,0.0,0.0,0.0,0.0,0.0,0.0,0.0,0.0,0.0,0.0,1.0,0.0,0.0,0.0,1.0,8.0,1.0,0.0,0.0,0.0,0.0,0.0,0.0,9.0,0.3376134,0.0,1.0,0.0,0.0,0.0,96.0,3.0,364.0,364.0,1092.0,4.54
0.0375126,1.0,0.0,0.0,0.0,0.0,9.0,1.0,140.0,154.0,120.63333333333334,533.1776470588235,0.0,0.0,0.0,1.0,0.0,0.0,0.0,0.0,0.0,0.0,0.0,0.0,0.0,0.0,0.0,0.0,0.0,1.0,0.0,0.0,0.0,1.0,8.0,1.0,0.0,0.0,0.0,0.0,0.0,0.0,9.0,0.3376134,0.0,1.0,0.0,0.0,0.0,94.0,1.2,140.0,140.0,168.0,7.802791256464731
0.0375126,1.0,0.0,0.0,0.0,0.0,9.0,1.0,140.0,154.0,120.63333333333334,533.1776470588235,0.0,0.0,0.0,1.0,0.0,0.0,0.0,0.0,0.0,0.0,0.0,0.0,0.0,0.0,0.0,0.0,0.0,1.0,0.0,0.0,0.0,1.0,8.0,1.0,0.0,0.0,0.0,0.0,0.0,0.0,9.0,0.3376134,0.0,1.0,0.0,0.0,0.0,90.0,1.8,140.0,140.0,252.0,7.072839524734694
0.0375126,1.0,0.0,0.0,0.0,0.0,9.0,1.0,140.0,154.0,120.63333333333334,533.1776470588235,0.0,0.0,0.0,1.0,0.0,0.0,0.0,0.0,0.0,0.0,0.0,0.0,0.0,0.0,0.0,0.0,0.0,1.0,0.0,0.0,0.0,1.0,8.0,1.0,0.0,0.0,0.0,0.0,0.0,0.0,9.0,0.3376134,0.0,1.0,0.0,0.0,0.0,92.0,2.4,140.0,140.0,336.0,6.385930614829269
0.0375126,1.0,0.0,0.0,0.0,0.0,9.0,1.0,140.0,154.0,120.63333333333334,533.1776470588235,0.0,0.0,0.0,1.0,0.0,0.0,0.0,0.0,0.0,0.0,0.0,0.0,0.0,0.0,0.0,0.0,0.0,1.0,0.0,0.0,0.0,1.0,8.0,1.0,0.0,0.0,0.0,0.0,0.0,0.0,9.0,0.3376134,0.0,1.0,0.0,0.0,0.0,92.0,3.0,140.0,140.0,420.0,5.298375893128206
0.0375126,1.0,0.0,0.0,0.0,0.0,9.0,1.0,140.0,154.0,120.63333333333334,533.1776470588235,0.0,0.0,0.0,1.0,0.0,0.0,0.0,0.0,0.0,0.0,0.0,0.0,0.0,0.0,0.0,0.0,0.0,1.0,0.0,0.0,0.0,1.0,8.0,1.0,0.0,0.0,0.0,0.0,0.0,0.0,9.0,0.3376134,0.0,1.0,0.0,0.0,0.0,29.0,3.0,280.0,280.0,840.0,6.51
0.0375126,1.0,0.0,0.0,0.0,0.0,9.0,1.0,140.0,154.0,120.63333333333334,533.1776470588235,0.0,0.0,0.0,1.0,0.0,0.0,0.0,0.0,0.0,0.0,0.0,0.0,0.0,0.0,0.0,0.0,0.0,1.0,0.0,0.0,0.0,1.0,8.0,1.0,0.0,0.0,0.0,0.0,0.0,0.0,9.0,0.3376134,0.0,1.0,0.0,0.0,1.0,412.0,3.0,392.0,392.0,1176.0,6.109999999999999
0.0375126,1.0,0.0,0.0,0.0,0.0,9.0,1.0,140.0,154.0,120.63333333333334,533.1776470588235,0.0,0.0,0.0,1.0,0.0,0.0,0.0,0.0,0.0,0.0,0.0,0.0,0.0,0.0,0.0,0.0,0.0,1.0,0.0,0.0,0.0,1.0,8.0,1.0,0.0,0.0,0.0,0.0,0.0,0.0,9.0,0.3376134,0.0,1.0,0.0,0.0,1.0,204.0,1.8,392.0,392.0,705.6,7.41
0.0375126,1.0,0.0,0.0,0.0,0.0,9.0,1.0,140.0,154.0,120.63333333333334,533.1776470588235,0.0,0.0,0.0,1.0,0.0,0.0,0.0,0.0,0.0,0.0,0.0,0.0,0.0,0.0,0.0,0.0,0.0,1.0,0.0,0.0,0.0,1.0,8.0,1.0,0.0,0.0,0.0,0.0,0.0,0.0,9.0,0.3376134,0.0,1.0,0.0,0.0,1.0,2432.0,3.0,392.0,392.0,1176.0,4.65
0.0375126,1.0,0.0,0.0,0.0,0.0,9.0,1.0,140.0,154.0,120.63333333333334,533.1776470588235,0.0,0.0,0.0,1.0,0.0,0.0,0.0,0.0,0.0,0.0,0.0,0.0,0.0,0.0,0.0,0.0,0.0,1.0,0.0,0.0,0.0,1.0,8.0,1.0,0.0,0.0,0.0,0.0,0.0,0.0,9.0,0.3376134,0.0,1.0,0.0,0.0,1.0,1467.0,3.0,1120.0,1120.0,3360.0,5.76
0.0375126,1.0,0.0,0.0,0.0,0.0,9.0,1.0,140.0,154.0,120.63333333333334,533.1776470588235,0.0,0.0,0.0,1.0,0.0,0.0,0.0,0.0,0.0,0.0,0.0,0.0,0.0,0.0,0.0,0.0,0.0,1.0,0.0,0.0,0.0,1.0,8.0,1.0,0.0,0.0,0.0,0.0,0.0,0.0,9.0,0.3376134,0.0,1.0,0.0,0.0,1.0,349.0,3.0,476.0,476.0,1428.0,4.68
0.0375126,1.0,0.0,0.0,0.0,0.0,9.0,1.0,140.0,154.0,120.63333333333334,533.1776470588235,0.0,0.0,0.0,1.0,0.0,0.0,0.0,0.0,0.0,0.0,0.0,0.0,0.0,0.0,0.0,0.0,0.0,1.0,0.0,0.0,0.0,1.0,8.0,1.0,0.0,0.0,0.0,0.0,0.0,0.0,9.0,0.3376134,1.0,0.0,0.0,0.0,1.0,175.0,3.0,224.0,224.0,672.0,5.808576133665236
0.0375126,1.0,0.0,0.0,0.0,0.0,9.0,1.0,140.0,154.0,120.63333333333334,533.1776470588235,0.0,0.0,0.0,1.0,0.0,0.0,0.0,0.0,0.0,0.0,0.0,0.0,0.0,0.0,0.0,0.0,0.0,1.0,0.0,0.0,0.0,1.0,8.0,1.0,0.0,0.0,0.0,0.0,0.0,0.0,9.0,0.3376134,0.0,0.0,1.0,0.0,1.0,125.0,3.0,392.0,392.0,1176.0,6.41
0.0375126,1.0,0.0,0.0,0.0,0.0,9.0,1.0,140.0,154.0,120.63333333333334,533.1776470588235,0.0,0.0,0.0,1.0,0.0,0.0,0.0,0.0,0.0,0.0,0.0,0.0,0.0,0.0,0.0,0.0,0.0,1.0,0.0,0.0,0.0,1.0,8.0,1.0,0.0,0.0,0.0,0.0,0.0,0.0,9.0,0.3376134,0.0,0.0,0.0,1.0,1.0,17.0,3.0,364.0,364.0,1092.0,7.31
0.0375126,1.0,0.0,0.0,0.0,0.0,9.0,1.0,140.0,154.0,120.63333333333334,533.1776470588235,0.0,0.0,0.0,1.0,0.0,0.0,0.0,0.0,0.0,0.0,0.0,0.0,0.0,0.0,0.0,0.0,0.0,1.0,0.0,0.0,0.0,1.0,8.0,1.0,0.0,0.0,0.0,0.0,0.0,0.0,9.0,0.3376134,0.0,0.0,0.0,1.0,1.0,14.0,3.0,364.0,364.0,1092.0,11.41
0.0375126,1.0,0.0,0.0,0.0,0.0,9.0,1.0,140.0,154.0,120.63333333333334,533.1776470588235,0.0,0.0,0.0,1.0,0.0,0.0,0.0,0.0,0.0,0.0,0.0,0.0,0.0,0.0,0.0,0.0,0.0,1.0,0.0,0.0,0.0,1.0,8.0,1.0,0.0,0.0,0.0,0.0,0.0,0.0,9.0,0.3376134,0.0,0.0,0.0,1.0,1.0,31.0,3.0,364.0,364.0,1092.0,9.31
0.0375126,1.0,0.0,0.0,0.0,0.0,9.0,1.0,140.0,154.0,120.63333333333334,533.1776470588235,0.0,0.0,0.0,1.0,0.0,0.0,0.0,0.0,0.0,0.0,0.0,0.0,0.0,0.0,0.0,0.0,0.0,1.0,0.0,0.0,0.0,1.0,8.0,1.0,0.0,0.0,0.0,0.0,0.0,0.0,9.0,0.3376134,0.0,1.0,0.0,0.0,1.0,194.0,3.0,392.0,392.0,1176.0,3.9499999999999993
0.0375126,1.0,0.0,0.0,0.0,0.0,9.0,1.0,140.0,154.0,120.63333333333334,533.1776470588235,0.0,0.0,0.0,1.0,0.0,0.0,0.0,0.0,0.0,0.0,0.0,0.0,0.0,0.0,0.0,0.0,0.0,1.0,0.0,0.0,0.0,1.0,8.0,1.0,0.0,0.0,0.0,0.0,0.0,0.0,9.0,0.3376134,0.0,1.0,0.0,0.0,1.0,117.0,3.0,476.0,476.0,1428.0,5.209999999999999
0.0375126,1.0,0.0,0.0,0.0,0.0,9.0,1.0,140.0,154.0,120.63333333333334,533.1776470588235,0.0,0.0,0.0,1.0,0.0,0.0,0.0,0.0,0.0,0.0,0.0,0.0,0.0,0.0,0.0,0.0,0.0,1.0,0.0,0.0,0.0,1.0,8.0,1.0,0.0,0.0,0.0,0.0,0.0,0.0,9.0,0.3376134,0.0,1.0,0.0,0.0,0.0,19.0,3.0,112.0,112.0,336.0,7.421807521256509
0.0375126,1.0,0.0,0.0,0.0,0.0,9.0,1.0,140.0,154.0,120.63333333333334,533.1776470588235,0.0,0.0,0.0,1.0,0.0,0.0,0.0,0.0,0.0,0.0,0.0,0.0,0.0,0.0,0.0,0.0,0.0,1.0,0.0,0.0,0.0,1.0,8.0,1.0,0.0,0.0,0.0,0.0,0.0,0.0,9.0,0.3376134,0.0,1.0,0.0,0.0,0.0,108.0,3.0,182.0,182.0,546.0,4.23
0.1,0.0,0.0,1.0,0.0,0.0,56.0,1.0,28.0,119.0,120.63333333333334,33.25,0.0,1.0,0.0,0.0,0.0,0.0,0.0,0.0,0.0,0.0,0.0,0.0,0.0,0.0,0.0,0.0,0.0,1.0,0.0,0.0,0.0,1.0,6.0,1.0,0.0,0.0,0.0,0.0,0.0,0.0,112.0,11.2,0.0,1.0,0.0,0.0,0.0,96.0,3.0,364.0,364.0,1092.0,9.206691729323303
0.1,0.0,0.0,1.0,0.0,0.0,56.0,1.0,28.0,119.0,120.63333333333334,33.25,0.0,1.0,0.0,0.0,0.0,0.0,0.0,0.0,0.0,0.0,0.0,0.0,0.0,0.0,0.0,0.0,0.0,1.0,0.0,0.0,0.0,1.0,6.0,1.0,0.0,0.0,0.0,0.0,0.0,0.0,112.0,11.2,0.0,1.0,0.0,0.0,0.0,94.0,1.2,140.0,140.0,168.0,12.469482985788035
0.1,0.0,0.0,1.0,0.0,0.0,56.0,1.0,28.0,119.0,120.63333333333334,33.25,0.0,1.0,0.0,0.0,0.0,0.0,0.0,0.0,0.0,0.0,0.0,0.0,0.0,0.0,0.0,0.0,0.0,1.0,0.0,0.0,0.0,1.0,6.0,1.0,0.0,0.0,0.0,0.0,0.0,0.0,112.0,11.2,0.0,1.0,0.0,0.0,0.0,90.0,1.8,140.0,140.0,252.0,11.739531254057995
0.1,0.0,0.0,1.0,0.0,0.0,56.0,1.0,28.0,119.0,120.63333333333334,33.25,0.0,1.0,0.0,0.0,0.0,0.0,0.0,0.0,0.0,0.0,0.0,0.0,0.0,0.0,0.0,0.0,0.0,1.0,0.0,0.0,0.0,1.0,6.0,1.0,0.0,0.0,0.0,0.0,0.0,0.0,112.0,11.2,0.0,1.0,0.0,0.0,0.0,92.0,2.4,140.0,140.0,336.0,11.052622344152574
0.1,0.0,0.0,1.0,0.0,0.0,56.0,1.0,28.0,119.0,120.63333333333334,33.25,0.0,1.0,0.0,0.0,0.0,0.0,0.0,0.0,0.0,0.0,0.0,0.0,0.0,0.0,0.0,0.0,0.0,1.0,0.0,0.0,0.0,1.0,6.0,1.0,0.0,0.0,0.0,0.0,0.0,0.0,112.0,11.2,0.0,1.0,0.0,0.0,0.0,92.0,3.0,140.0,140.0,420.0,9.96506762245151
0.1,0.0,0.0,1.0,0.0,0.0,56.0,1.0,28.0,119.0,120.63333333333334,33.25,0.0,1.0,0.0,0.0,0.0,0.0,0.0,0.0,0.0,0.0,0.0,0.0,0.0,0.0,0.0,0.0,0.0,1.0,0.0,0.0,0.0,1.0,6.0,1.0,0.0,0.0,0.0,0.0,0.0,0.0,112.0,11.2,0.0,1.0,0.0,0.0,0.0,29.0,3.0,280.0,280.0,840.0,11.176691729323304
0.1,0.0,0.0,1.0,0.0,0.0,56.0,1.0,28.0,119.0,120.63333333333334,33.25,0.0,1.0,0.0,0.0,0.0,0.0,0.0,0.0,0.0,0.0,0.0,0.0,0.0,0.0,0.0,0.0,0.0,1.0,0.0,0.0,0.0,1.0,6.0,1.0,0.0,0.0,0.0,0.0,0.0,0.0,112.0,11.2,0.0,1.0,0.0,0.0,1.0,412.0,3.0,392.0,392.0,1176.0,10.776691729323304
0.1,0.0,0.0,1.0,0.0,0.0,56.0,1.0,28.0,119.0,120.63333333333334,33.25,0.0,1.0,0.0,0.0,0.0,0.0,0.0,0.0,0.0,0.0,0.0,0.0,0.0,0.0,0.0,0.0,0.0,1.0,0.0,0.0,0.0,1.0,6.0,1.0,0.0,0.0,0.0,0.0,0.0,0.0,112.0,11.2,0.0,1.0,0.0,0.0,1.0,204.0,1.8,392.0,392.0,705.6,12.076691729323304
0.1,0.0,0.0,1.0,0.0,0.0,56.0,1.0,28.0,119.0,120.63333333333334,33.25,0.0,1.0,0.0,0.0,0.0,0.0,0.0,0.0,0.0,0.0,0.0,0.0,0.0,0.0,0.0,0.0,0.0,1.0,0.0,0.0,0.0,1.0,6.0,1.0,0.0,0.0,0.0,0.0,0.0,0.0,112.0,11.2,0.0,1.0,0.0,0.0,1.0,2432.0,3.0,392.0,392.0,1176.0,9.316691729323304
0.1,0.0,0.0,1.0,0.0,0.0,56.0,1.0,28.0,119.0,120.63333333333334,33.25,0.0,1.0,0.0,0.0,0.0,0.0,0.0,0.0,0.0,0.0,0.0,0.0,0.0,0.0,0.0,0.0,0.0,1.0,0.0,0.0,0.0,1.0,6.0,1.0,0.0,0.0,0.0,0.0,0.0,0.0,112.0,11.2,0.0,1.0,0.0,0.0,1.0,1467.0,3.0,1120.0,1120.0,3360.0,10.426691729323304
0.1,0.0,0.0,1.0,0.0,0.0,56.0,1.0,28.0,119.0,120.63333333333334,33.25,0.0,1.0,0.0,0.0,0.0,0.0,0.0,0.0,0.0,0.0,0.0,0.0,0.0,0.0,0.0,0.0,0.0,1.0,0.0,0.0,0.0,1.0,6.0,1.0,0.0,0.0,0.0,0.0,0.0,0.0,112.0,11.2,0.0,1.0,0.0,0.0,1.0,349.0,3.0,476.0,476.0,1428.0,9.346691729323304
0.1,0.0,0.0,1.0,0.0,0.0,56.0,1.0,28.0,119.0,120.63333333333334,33.25,0.0,1.0,0.0,0.0,0.0,0.0,0.0,0.0,0.0,0.0,0.0,0.0,0.0,0.0,0.0,0.0,0.0,1.0,0.0,0.0,0.0,1.0,6.0,1.0,0.0,0.0,0.0,0.0,0.0,0.0,112.0,11.2,1.0,0.0,0.0,0.0,1.0,175.0,3.0,224.0,224.0,672.0,10.47526786298854
0.1,0.0,0.0,1.0,0.0,0.0,56.0,1.0,28.0,119.0,120.63333333333334,33.25,0.0,1.0,0.0,0.0,0.0,0.0,0.0,0.0,0.0,0.0,0.0,0.0,0.0,0.0,0.0,0.0,0.0,1.0,0.0,0.0,0.0,1.0,6.0,1.0,0.0,0.0,0.0,0.0,0.0,0.0,112.0,11.2,0.0,0.0,1.0,0.0,1.0,125.0,3.0,392.0,392.0,1176.0,11.076691729323304
0.1,0.0,0.0,1.0,0.0,0.0,56.0,1.0,28.0,119.0,120.63333333333334,33.25,0.0,1.0,0.0,0.0,0.0,0.0,0.0,0.0,0.0,0.0,0.0,0.0,0.0,0.0,0.0,0.0,0.0,1.0,0.0,0.0,0.0,1.0,6.0,1.0,0.0,0.0,0.0,0.0,0.0,0.0,112.0,11.2,0.0,0.0,0.0,1.0,1.0,17.0,3.0,364.0,364.0,1092.0,11.976691729323305
0.1,0.0,0.0,1.0,0.0,0.0,56.0,1.0,28.0,119.0,120.63333333333334,33.25,0.0,1.0,0.0,0.0,0.0,0.0,0.0,0.0,0.0,0.0,0.0,0.0,0.0,0.0,0.0,0.0,0.0,1.0,0.0,0.0,0.0,1.0,6.0,1.0,0.0,0.0,0.0,0.0,0.0,0.0,112.0,11.2,0.0,0.0,0.0,1.0,1.0,14.0,3.0,364.0,364.0,1092.0,16.076691729323304
0.1,0.0,0.0,1.0,0.0,0.0,56.0,1.0,28.0,119.0,120.63333333333334,33.25,0.0,1.0,0.0,0.0,0.0,0.0,0.0,0.0,0.0,0.0,0.0,0.0,0.0,0.0,0.0,0.0,0.0,1.0,0.0,0.0,0.0,1.0,6.0,1.0,0.0,0.0,0.0,0.0,0.0,0.0,112.0,11.2,0.0,0.0,0.0,1.0,1.0,31.0,3.0,364.0,364.0,1092.0,13.976691729323305
0.1,0.0,0.0,1.0,0.0,0.0,56.0,1.0,28.0,119.0,120.63333333333334,33.25,0.0,1.0,0.0,0.0,0.0,0.0,0.0,0.0,0.0,0.0,0.0,0.0,0.0,0.0,0.0,0.0,0.0,1.0,0.0,0.0,0.0,1.0,6.0,1.0,0.0,0.0,0.0,0.0,0.0,0.0,112.0,11.2,0.0,1.0,0.0,0.0,1.0,194.0,3.0,392.0,392.0,1176.0,8.616691729323303
0.1,0.0,0.0,1.0,0.0,0.0,56.0,1.0,28.0,119.0,120.63333333333334,33.25,0.0,1.0,0.0,0.0,0.0,0.0,0.0,0.0,0.0,0.0,0.0,0.0,0.0,0.0,0.0,0.0,0.0,1.0,0.0,0.0,0.0,1.0,6.0,1.0,0.0,0.0,0.0,0.0,0.0,0.0,112.0,11.2,0.0,1.0,0.0,0.0,1.0,117.0,3.0,476.0,476.0,1428.0,9.876691729323303
0.1,0.0,0.0,1.0,0.0,0.0,56.0,1.0,28.0,119.0,120.63333333333334,33.25,0.0,1.0,0.0,0.0,0.0,0.0,0.0,0.0,0.0,0.0,0.0,0.0,0.0,0.0,0.0,0.0,0.0,1.0,0.0,0.0,0.0,1.0,6.0,1.0,0.0,0.0,0.0,0.0,0.0,0.0,112.0,11.2,0.0,1.0,0.0,0.0,0.0,19.0,3.0,112.0,112.0,336.0,12.088499250579812
0.1,0.0,0.0,1.0,0.0,0.0,56.0,1.0,28.0,119.0,120.63333333333334,33.25,0.0,1.0,0.0,0.0,0.0,0.0,0.0,0.0,0.0,0.0,0.0,0.0,0.0,0.0,0.0,0.0,0.0,1.0,0.0,0.0,0.0,1.0,6.0,1.0,0.0,0.0,0.0,0.0,0.0,0.0,112.0,11.2,0.0,1.0,0.0,0.0,0.0,108.0,3.0,182.0,182.0,546.0,8.896691729323305
0.2,0.0,0.0,1.0,0.0,0.0,28.0,1.0,28.0,273.0,120.63333333333334,53.0,1.0,0.0,0.0,0.0,0.0,0.0,0.0,0.0,0.0,0.0,0.0,0.0,0.0,0.0,0.0,0.0,0.0,1.0,0.0,0.0,0.0,1.0,15.0,1.0,0.0,0.0,0.0,0.0,0.0,0.0,56.0,11.2,0.0,1.0,0.0,0.0,0.0,96.0,3.0,364.0,364.0,1092.0,15.284716981132078
0.2,0.0,0.0,1.0,0.0,0.0,28.0,1.0,28.0,273.0,120.63333333333334,53.0,1.0,0.0,0.0,0.0,0.0,0.0,0.0,0.0,0.0,0.0,0.0,0.0,0.0,0.0,0.0,0.0,0.0,1.0,0.0,0.0,0.0,1.0,15.0,1.0,0.0,0.0,0.0,0.0,0.0,0.0,56.0,11.2,0.0,1.0,0.0,0.0,0.0,94.0,1.2,140.0,140.0,168.0,18.54750823759681
0.2,0.0,0.0,1.0,0.0,0.0,28.0,1.0,28.0,273.0,120.63333333333334,53.0,1.0,0.0,0.0,0.0,0.0,0.0,0.0,0.0,0.0,0.0,0.0,0.0,0.0,0.0,0.0,0.0,0.0,1.0,0.0,0.0,0.0,1.0,15.0,1.0,0.0,0.0,0.0,0.0,0.0,0.0,56.0,11.2,0.0,1.0,0.0,0.0,0.0,90.0,1.8,140.0,140.0,252.0,17.817556505866772
0.2,0.0,0.0,1.0,0.0,0.0,28.0,1.0,28.0,273.0,120.63333333333334,53.0,1.0,0.0,0.0,0.0,0.0,0.0,0.0,0.0,0.0,0.0,0.0,0.0,0.0,0.0,0.0,0.0,0.0,1.0,0.0,0.0,0.0,1.0,15.0,1.0,0.0,0.0,0.0,0.0,0.0,0.0,56.0,11.2,0.0,1.0,0.0,0.0,0.0,92.0,2.4,140.0,140.0,336.0,17.130647595961346
0.2,0.0,0.0,1.0,0.0,0.0,28.0,1.0,28.0,273.0,120.63333333333334,53.0,1.0,0.0,0.0,0.0,0.0,0.0,0.0,0.0,0.0,0.0,0.0,0.0,0.0,0.0,0.0,0.0,0.0,1.0,0.0,0.0,0.0,1.0,15.0,1.0,0.0,0.0,0.0,0.0,0.0,0.0,56.0,11.2,0.0,1.0,0.0,0.0,0.0,92.0,3.0,140.0,140.0,420.0,16.04309287426028
0.2,0.0,0.0,1.0,0.0,0.0,28.0,1.0,28.0,273.0,120.63333333333334,53.0,1.0,0.0,0.0,0.0,0.0,0.0,0.0,0.0,0.0,0.0,0.0,0.0,0.0,0.0,0.0,0.0,0.0,1.0,0.0,0.0,0.0,1.0,15.0,1.0,0.0,0.0,0.0,0.0,0.0,0.0,56.0,11.2,0.0,1.0,0.0,0.0,0.0,29.0,3.0,280.0,280.0,840.0,17.254716981132077
0.2,0.0,0.0,1.0,0.0,0.0,28.0,1.0,28.0,273.0,120.63333333333334,53.0,1.0,0.0,0.0,0.0,0.0,0.0,0.0,0.0,0.0,0.0,0.0,0.0,0.0,0.0,0.0,0.0,0.0,1.0,0.0,0.0,0.0,1.0,15.0,1.0,0.0,0.0,0.0,0.0,0.0,0.0,56.0,11.2,0.0,1.0,0.0,0.0,1.0,412.0,3.0,392.0,392.0,1176.0,16.85471698113208
0.2,0.0,0.0,1.0,0.0,0.0,28.0,1.0,28.0,273.0,120.63333333333334,53.0,1.0,0.0,0.0,0.0,0.0,0.0,0.0,0.0,0.0,0.0,0.0,0.0,0.0,0.0,0.0,0.0,0.0,1.0,0.0,0.0,0.0,1.0,15.0,1.0,0.0,0.0,0.0,0.0,0.0,0.0,56.0,11.2,0.0,1.0,0.0,0.0,1.0,204.0,1.8,392.0,392.0,705.6,18.15471698113208
0.2,0.0,0.0,1.0,0.0,0.0,28.0,1.0,28.0,273.0,120.63333333333334,53.0,1.0,0.0,0.0,0.0,0.0,0.0,0.0,0.0,0.0,0.0,0.0,0.0,0.0,0.0,0.0,0.0,0.0,1.0,0.0,0.0,0.0,1.0,15.0,1.0,0.0,0.0,0.0,0.0,0.0,0.0,56.0,11.2,0.0,1.0,0.0,0.0,1.0,2432.0,3.0,392.0,392.0,1176.0,15.394716981132078
0.2,0.0,0.0,1.0,0.0,0.0,28.0,1.0,28.0,273.0,120.63333333333334,53.0,1.0,0.0,0.0,0.0,0.0,0.0,0.0,0.0,0.0,0.0,0.0,0.0,0.0,0.0,0.0,0.0,0.0,1.0,0.0,0.0,0.0,1.0,15.0,1.0,0.0,0.0,0.0,0.0,0.0,0.0,56.0,11.2,0.0,1.0,0.0,0.0,1.0,1467.0,3.0,1120.0,1120.0,3360.0,16.504716981132077
0.2,0.0,0.0,1.0,0.0,0.0,28.0,1.0,28.0,273.0,120.63333333333334,53.0,1.0,0.0,0.0,0.0,0.0,0.0,0.0,0.0,0.0,0.0,0.0,0.0,0.0,0.0,0.0,0.0,0.0,1.0,0.0,0.0,0.0,1.0,15.0,1.0,0.0,0.0,0.0,0.0,0.0,0.0,56.0,11.2,0.0,1.0,0.0,0.0,1.0,349.0,3.0,476.0,476.0,1428.0,15.424716981132075
0.2,0.0,0.0,1.0,0.0,0.0,28.0,1.0,28.0,273.0,120.63333333333334,53.0,1.0,0.0,0.0,0.0,0.0,0.0,0.0,0.0,0.0,0.0,0.0,0.0,0.0,0.0,0.0,0.0,0.0,1.0,0.0,0.0,0.0,1.0,15.0,1.0,0.0,0.0,0.0,0.0,0.0,0.0,56.0,11.2,1.0,0.0,0.0,0.0,1.0,175.0,3.0,224.0,224.0,672.0,16.553293114797313
0.2,0.0,0.0,1.0,0.0,0.0,28.0,1.0,28.0,273.0,120.63333333333334,53.0,1.0,0.0,0.0,0.0,0.0,0.0,0.0,0.0,0.0,0.0,0.0,0.0,0.0,0.0,0.0,0.0,0.0,1.0,0.0,0.0,0.0,1.0,15.0,1.0,0.0,0.0,0.0,0.0,0.0,0.0,56.0,11.2,0.0,0.0,1.0,0.0,1.0,125.0,3.0,392.0,392.0,1176.0,17.154716981132076
0.2,0.0,0.0,1.0,0.0,0.0,28.0,1.0,28.0,273.0,120.63333333333334,53.0,1.0,0.0,0.0,0.0,0.0,0.0,0.0,0.0,0.0,0.0,0.0,0.0,0.0,0.0,0.0,0.0,0.0,1.0,0.0,0.0,0.0,1.0,15.0,1.0,0.0,0.0,0.0,0.0,0.0,0.0,56.0,11.2,0.0,0.0,0.0,1.0,1.0,17.0,3.0,364.0,364.0,1092.0,18.05471698113208
0.2,0.0,0.0,1.0,0.0,0.0,28.0,1.0,28.0,273.0,120.63333333333334,53.0,1.0,0.0,0.0,0.0,0.0,0.0,0.0,0.0,0.0,0.0,0.0,0.0,0.0,0.0,0.0,0.0,0.0,1.0,0.0,0.0,0.0,1.0,15.0,1.0,0.0,0.0,0.0,0.0,0.0,0.0,56.0,11.2,0.0,0.0,0.0,1.0,1.0,14.0,3.0,364.0,364.0,1092.0,22.15471698113208
0.2,0.0,0.0,1.0,0.0,0.0,28.0,1.0,28.0,273.0,120.63333333333334,53.0,1.0,0.0,0.0,0.0,0.0,0.0,0.0,0.0,0.0,0.0,0.0,0.0,0.0,0.0,0.0,0.0,0.0,1.0,0.0,0.0,0.0,1.0,15.0,1.0,0.0,0.0,0.0,0.0,0.0,0.0,56.0,11.2,0.0,0.0,0.0,1.0,1.0,31.0,3.0,364.0,364.0,1092.0,20.05471698113208
0.2,0.0,0.0,1.0,0.0,0.0,28.0,1.0,28.0,273.0,120.63333333333334,53.0,1.0,0.0,0.0,0.0,0.0,0.0,0.0,0.0,0.0,0.0,0.0,0.0,0.0,0.0,0.0,0.0,0.0,1.0,0.0,0.0,0.0,1.0,15.0,1.0,0.0,0.0,0.0,0.0,0.0,0.0,56.0,11.2,0.0,1.0,0.0,0.0,1.0,194.0,3.0,392.0,392.0,1176.0,14.694716981132077
0.2,0.0,0.0,1.0,0.0,0.0,28.0,1.0,28.0,273.0,120.63333333333334,53.0,1.0,0.0,0.0,0.0,0.0,0.0,0.0,0.0,0.0,0.0,0.0,0.0,0.0,0.0,0.0,0.0,0.0,1.0,0.0,0.0,0.0,1.0,15.0,1.0,0.0,0.0,0.0,0.0,0.0,0.0,56.0,11.2,0.0,1.0,0.0,0.0,1.0,117.0,3.0,476.0,476.0,1428.0,15.954716981132076
0.2,0.0,0.0,1.0,0.0,0.0,28.0,1.0,28.0,273.0,120.63333333333334,53.0,1.0,0.0,0.0,0.0,0.0,0.0,0.0,0.0,0.0,0.0,0.0,0.0,0.0,0.0,0.0,0.0,0.0,1.0,0.0,0.0,0.0,1.0,15.0,1.0,0.0,0.0,0.0,0.0,0.0,0.0,56.0,11.2,0.0,1.0,0.0,0.0,0.0,19.0,3.0,112.0,112.0,336.0,18.166524502388587
0.2,0.0,0.0,1.0,0.0,0.0,28.0,1.0,28.0,273.0,120.63333333333334,53.0,1.0,0.0,0.0,0.0,0.0,0.0,0.0,0.0,0.0,0.0,0.0,0.0,0.0,0.0,0.0,0.0,0.0,1.0,0.0,0.0,0.0,1.0,15.0,1.0,0.0,0.0,0.0,0.0,0.0,0.0,56.0,11.2,0.0,1.0,0.0,0.0,0.0,108.0,3.0,182.0,182.0,546.0,14.974716981132076
0.2,1.0,0.0,0.0,0.0,0.0,21.0,1.0,211.625,300.0,120.63333333333334,514.9,0.0,0.0,0.0,0.0,0.0,0.0,0.0,0.0,0.0,0.0,1.0,0.0,0.0,0.0,0.0,0.0,0.0,0.0,1.0,0.0,0.0,1.0,10.0,1.0,0.0,0.0,0.0,0.0,0.0,0.0,21.0,4.2,0.0,1.0,0.0,0.0,0.0,96.0,3.0,364.0,364.0,1092.0,-5.47
0.2,1.0,0.0,0.0,0.0,0.0,21.0,1.0,211.625,300.0,120.63333333333334,514.9,0.0,0.0,0.0,0.0,0.0,0.0,0.0,0.0,0.0,0.0,1.0,0.0,0.0,0.0,0.0,0.0,0.0,0.0,1.0,0.0,0.0,1.0,10.0,1.0,0.0,0.0,0.0,0.0,0.0,0.0,21.0,4.2,0.0,1.0,0.0,0.0,0.0,94.0,1.2,140.0,140.0,168.0,-2.2072087435352685
0.2,1.0,0.0,0.0,0.0,0.0,21.0,1.0,211.625,300.0,120.63333333333334,514.9,0.0,0.0,0.0,0.0,0.0,0.0,0.0,0.0,0.0,0.0,1.0,0.0,0.0,0.0,0.0,0.0,0.0,0.0,1.0,0.0,0.0,1.0,10.0,1.0,0.0,0.0,0.0,0.0,0.0,0.0,21.0,4.2,0.0,1.0,0.0,0.0,0.0,90.0,1.8,140.0,140.0,252.0,-2.9371604752653058
0.2,1.0,0.0,0.0,0.0,0.0,21.0,1.0,211.625,300.0,120.63333333333334,514.9,0.0,0.0,0.0,0.0,0.0,0.0,0.0,0.0,0.0,0.0,1.0,0.0,0.0,0.0,0.0,0.0,0.0,0.0,1.0,0.0,0.0,1.0,10.0,1.0,0.0,0.0,0.0,0.0,0.0,0.0,21.0,4.2,0.0,1.0,0.0,0.0,0.0,92.0,2.4,140.0,140.0,336.0,-3.6240693851707295
0.2,1.0,0.0,0.0,0.0,0.0,21.0,1.0,211.625,300.0,120.63333333333334,514.9,0.0,0.0,0.0,0.0,0.0,0.0,0.0,0.0,0.0,0.0,1.0,0.0,0.0,0.0,0.0,0.0,0.0,0.0,1.0,0.0,0.0,1.0,10.0,1.0,0.0,0.0,0.0,0.0,0.0,0.0,21.0,4.2,0.0,1.0,0.0,0.0,0.0,92.0,3.0,140.0,140.0,420.0,-4.711624106871794
0.2,1.0,0.0,0.0,0.0,0.0,21.0,1.0,211.625,300.0,120.63333333333334,514.9,0.0,0.0,0.0,0.0,0.0,0.0,0.0,0.0,0.0,0.0,1.0,0.0,0.0,0.0,0.0,0.0,0.0,0.0,1.0,0.0,0.0,1.0,10.0,1.0,0.0,0.0,0.0,0.0,0.0,0.0,21.0,4.2,0.0,1.0,0.0,0.0,0.0,29.0,3.0,280.0,280.0,840.0,-3.5
0.2,1.0,0.0,0.0,0.0,0.0,21.0,1.0,211.625,300.0,120.63333333333334,514.9,0.0,0.0,0.0,0.0,0.0,0.0,0.0,0.0,0.0,0.0,1.0,0.0,0.0,0.0,0.0,0.0,0.0,0.0,1.0,0.0,0.0,1.0,10.0,1.0,0.0,0.0,0.0,0.0,0.0,0.0,21.0,4.2,0.0,1.0,0.0,0.0,1.0,412.0,3.0,392.0,392.0,1176.0,-3.9
0.2,1.0,0.0,0.0,0.0,0.0,21.0,1.0,211.625,300.0,120.63333333333334,514.9,0.0,0.0,0.0,0.0,0.0,0.0,0.0,0.0,0.0,0.0,1.0,0.0,0.0,0.0,0.0,0.0,0.0,0.0,1.0,0.0,0.0,1.0,10.0,1.0,0.0,0.0,0.0,0.0,0.0,0.0,21.0,4.2,0.0,1.0,0.0,0.0,1.0,204.0,1.8,392.0,392.0,705.6,-2.6
0.2,1.0,0.0,0.0,0.0,0.0,21.0,1.0,211.625,300.0,120.63333333333334,514.9,0.0,0.0,0.0,0.0,0.0,0.0,0.0,0.0,0.0,0.0,1.0,0.0,0.0,0.0,0.0,0.0,0.0,0.0,1.0,0.0,0.0,1.0,10.0,1.0,0.0,0.0,0.0,0.0,0.0,0.0,21.0,4.2,0.0,1.0,0.0,0.0,1.0,2432.0,3.0,392.0,392.0,1176.0,-5.36
0.2,1.0,0.0,0.0,0.0,0.0,21.0,1.0,211.625,300.0,120.63333333333334,514.9,0.0,0.0,0.0,0.0,0.0,0.0,0.0,0.0,0.0,0.0,1.0,0.0,0.0,0.0,0.0,0.0,0.0,0.0,1.0,0.0,0.0,1.0,10.0,1.0,0.0,0.0,0.0,0.0,0.0,0.0,21.0,4.2,0.0,1.0,0.0,0.0,1.0,1467.0,3.0,1120.0,1120.0,3360.0,-4.25
0.2,1.0,0.0,0.0,0.0,0.0,21.0,1.0,211.625,300.0,120.63333333333334,514.9,0.0,0.0,0.0,0.0,0.0,0.0,0.0,0.0,0.0,0.0,1.0,0.0,0.0,0.0,0.0,0.0,0.0,0.0,1.0,0.0,0.0,1.0,10.0,1.0,0.0,0.0,0.0,0.0,0.0,0.0,21.0,4.2,0.0,1.0,0.0,0.0,1.0,349.0,3.0,476.0,476.0,1428.0,-5.33
0.2,1.0,0.0,0.0,0.0,0.0,21.0,1.0,211.625,300.0,120.63333333333334,514.9,0.0,0.0,0.0,0.0,0.0,0.0,0.0,0.0,0.0,0.0,1.0,0.0,0.0,0.0,0.0,0.0,0.0,0.0,1.0,0.0,0.0,1.0,10.0,1.0,0.0,0.0,0.0,0.0,0.0,0.0,21.0,4.2,1.0,0.0,0.0,0.0,1.0,175.0,3.0,224.0,224.0,672.0,-4.201423866334764
0.2,1.0,0.0,0.0,0.0,0.0,21.0,1.0,211.625,300.0,120.63333333333334,514.9,0.0,0.0,0.0,0.0,0.0,0.0,0.0,0.0,0.0,0.0,1.0,0.0,0.0,0.0,0.0,0.0,0.0,0.0,1.0,0.0,0.0,1.0,10.0,1.0,0.0,0.0,0.0,0.0,0.0,0.0,21.0,4.2,0.0,0.0,1.0,0.0,1.0,125.0,3.0,392.0,392.0,1176.0,-3.6
0.2,1.0,0.0,0.0,0.0,0.0,21.0,1.0,211.625,300.0,120.63333333333334,514.9,0.0,0.0,0.0,0.0,0.0,0.0,0.0,0.0,0.0,0.0,1.0,0.0,0.0,0.0,0.0,0.0,0.0,0.0,1.0,0.0,0.0,1.0,10.0,1.0,0.0,0.0,0.0,0.0,0.0,0.0,21.0,4.2,0.0,0.0,0.0,1.0,1.0,17.0,3.0,364.0,364.0,1092.0,-2.7
0.2,1.0,0.0,0.0,0.0,0.0,21.0,1.0,211.625,300.0,120.63333333333334,514.9,0.0,0.0,0.0,0.0,0.0,0.0,0.0,0.0,0.0,0.0,1.0,0.0,0.0,0.0,0.0,0.0,0.0,0.0,1.0,0.0,0.0,1.0,10.0,1.0,0.0,0.0,0.0,0.0,0.0,0.0,21.0,4.2,0.0,0.0,0.0,1.0,1.0,14.0,3.0,364.0,364.0,1092.0,1.3999999999999997
0.2,1.0,0.0,0.0,0.0,0.0,21.0,1.0,211.625,300.0,120.63333333333334,514.9,0.0,0.0,0.0,0.0,0.0,0.0,0.0,0.0,0.0,0.0,1.0,0.0,0.0,0.0,0.0,0.0,0.0,0.0,1.0,0.0,0.0,1.0,10.0,1.0,0.0,0.0,0.0,0.0,0.0,0.0,21.0,4.2,0.0,0.0,0.0,1.0,1.0,31.0,3.0,364.0,364.0,1092.0,-0.6999999999999997
0.2,1.0,0.0,0.0,0.0,0.0,21.0,1.0,211.625,300.0,120.63333333333334,514.9,0.0,0.0,0.0,0.0,0.0,0.0,0.0,0.0,0.0,0.0,1.0,0.0,0.0,0.0,0.0,0.0,0.0,0.0,1.0,0.0,0.0,1.0,10.0,1.0,0.0,0.0,0.0,0.0,0.0,0.0,21.0,4.2,0.0,1.0,0.0,0.0,1.0,194.0,3.0,392.0,392.0,1176.0,-6.0600000000000005
0.2,1.0,0.0,0.0,0.0,0.0,21.0,1.0,211.625,300.0,120.63333333333334,514.9,0.0,0.0,0.0,0.0,0.0,0.0,0.0,0.0,0.0,0.0,1.0,0.0,0.0,0.0,0.0,0.0,0.0,0.0,1.0,0.0,0.0,1.0,10.0,1.0,0.0,0.0,0.0,0.0,0.0,0.0,21.0,4.2,0.0,1.0,0.0,0.0,1.0,117.0,3.0,476.0,476.0,1428.0,-4.800000000000001
0.2,1.0,0.0,0.0,0.0,0.0,21.0,1.0,211.625,300.0,120.63333333333334,514.9,0.0,0.0,0.0,0.0,0.0,0.0,0.0,0.0,0.0,0.0,1.0,0.0,0.0,0.0,0.0,0.0,0.0,0.0,1.0,0.0,0.0,1.0,10.0,1.0,0.0,0.0,0.0,0.0,0.0,0.0,21.0,4.2,0.0,1.0,0.0,0.0,0.0,19.0,3.0,112.0,112.0,336.0,-2.58819247874349
0.2,1.0,0.0,0.0,0.0,0.0,21.0,1.0,211.625,300.0,120.63333333333334,514.9,0.0,0.0,0.0,0.0,0.0,0.0,0.0,0.0,0.0,0.0,1.0,0.0,0.0,0.0,0.0,0.0,0.0,0.0,1.0,0.0,0.0,1.0,10.0,1.0,0.0,0.0,0.0,0.0,0.0,0.0,21.0,4.2,0.0,1.0,0.0,0.0,0.0,108.0,3.0,182.0,182.0,546.0,-5.78
0.2,1.0,0.0,0.0,0.0,0.0,21.0,1.0,211.625,300.0,120.63333333333334,514.9,0.0,0.0,0.0,0.0,0.0,0.0,0.0,0.0,0.0,0.0,1.0,0.0,0.0,0.0,0.0,0.0,0.0,0.0,1.0,0.0,0.0,1.0,10.0,1.0,0.0,0.0,0.0,0.0,0.0,0.0,21.0,4.2,0.0,1.0,0.0,0.0,0.0,96.0,3.0,364.0,364.0,1092.0,2.2984987376189547
0.2,1.0,0.0,0.0,0.0,0.0,21.0,1.0,211.625,300.0,120.63333333333334,514.9,0.0,0.0,0.0,0.0,0.0,0.0,0.0,0.0,0.0,0.0,1.0,0.0,0.0,0.0,0.0,0.0,0.0,0.0,1.0,0.0,0.0,1.0,10.0,1.0,0.0,0.0,0.0,0.0,0.0,0.0,21.0,4.2,0.0,1.0,0.0,0.0,0.0,94.0,1.2,140.0,140.0,168.0,5.561289994083686
0.2,1.0,0.0,0.0,0.0,0.0,21.0,1.0,211.625,300.0,120.63333333333334,514.9,0.0,0.0,0.0,0.0,0.0,0.0,0.0,0.0,0.0,0.0,1.0,0.0,0.0,0.0,0.0,0.0,0.0,0.0,1.0,0.0,0.0,1.0,10.0,1.0,0.0,0.0,0.0,0.0,0.0,0.0,21.0,4.2,0.0,1.0,0.0,0.0,0.0,90.0,1.8,140.0,140.0,252.0,4.831338262353649
0.2,1.0,0.0,0.0,0.0,0.0,21.0,1.0,211.625,300.0,120.63333333333334,514.9,0.0,0.0,0.0,0.0,0.0,0.0,0.0,0.0,0.0,0.0,1.0,0.0,0.0,0.0,0.0,0.0,0.0,0.0,1.0,0.0,0.0,1.0,10.0,1.0,0.0,0.0,0.0,0.0,0.0,0.0,21.0,4.2,0.0,1.0,0.0,0.0,0.0,92.0,2.4,140.0,140.0,336.0,4.144429352448224
0.2,1.0,0.0,0.0,0.0,0.0,21.0,1.0,211.625,300.0,120.63333333333334,514.9,0.0,0.0,0.0,0.0,0.0,0.0,0.0,0.0,0.0,0.0,1.0,0.0,0.0,0.0,0.0,0.0,0.0,0.0,1.0,0.0,0.0,1.0,10.0,1.0,0.0,0.0,0.0,0.0,0.0,0.0,21.0,4.2,0.0,1.0,0.0,0.0,0.0,92.0,3.0,140.0,140.0,420.0,3.056874630747161
0.2,1.0,0.0,0.0,0.0,0.0,21.0,1.0,211.625,300.0,120.63333333333334,514.9,0.0,0.0,0.0,0.0,0.0,0.0,0.0,0.0,0.0,0.0,1.0,0.0,0.0,0.0,0.0,0.0,0.0,0.0,1.0,0.0,0.0,1.0,10.0,1.0,0.0,0.0,0.0,0.0,0.0,0.0,21.0,4.2,0.0,1.0,0.0,0.0,0.0,29.0,3.0,280.0,280.0,840.0,4.2684987376189545
0.2,1.0,0.0,0.0,0.0,0.0,21.0,1.0,211.625,300.0,120.63333333333334,514.9,0.0,0.0,0.0,0.0,0.0,0.0,0.0,0.0,0.0,0.0,1.0,0.0,0.0,0.0,0.0,0.0,0.0,0.0,1.0,0.0,0.0,1.0,10.0,1.0,0.0,0.0,0.0,0.0,0.0,0.0,21.0,4.2,0.0,1.0,0.0,0.0,1.0,412.0,3.0,392.0,392.0,1176.0,3.868498737618954
0.2,1.0,0.0,0.0,0.0,0.0,21.0,1.0,211.625,300.0,120.63333333333334,514.9,0.0,0.0,0.0,0.0,0.0,0.0,0.0,0.0,0.0,0.0,1.0,0.0,0.0,0.0,0.0,0.0,0.0,0.0,1.0,0.0,0.0,1.0,10.0,1.0,0.0,0.0,0.0,0.0,0.0,0.0,21.0,4.2,0.0,1.0,0.0,0.0,1.0,204.0,1.8,392.0,392.0,705.6,5.168498737618955
0.2,1.0,0.0,0.0,0.0,0.0,21.0,1.0,211.625,300.0,120.63333333333334,514.9,0.0,0.0,0.0,0.0,0.0,0.0,0.0,0.0,0.0,0.0,1.0,0.0,0.0,0.0,0.0,0.0,0.0,0.0,1.0,0.0,0.0,1.0,10.0,1.0,0.0,0.0,0.0,0.0,0.0,0.0,21.0,4.2,0.0,1.0,0.0,0.0,1.0,2432.0,3.0,392.0,392.0,1176.0,2.408498737618954
0.2,1.0,0.0,0.0,0.0,0.0,21.0,1.0,211.625,300.0,120.63333333333334,514.9,0.0,0.0,0.0,0.0,0.0,0.0,0.0,0.0,0.0,0.0,1.0,0.0,0.0,0.0,0.0,0.0,0.0,0.0,1.0,0.0,0.0,1.0,10.0,1.0,0.0,0.0,0.0,0.0,0.0,0.0,21.0,4.2,0.0,1.0,0.0,0.0,1.0,1467.0,3.0,1120.0,1120.0,3360.0,3.5184987376189545
0.2,1.0,0.0,0.0,0.0,0.0,21.0,1.0,211.625,300.0,120.63333333333334,514.9,0.0,0.0,0.0,0.0,0.0,0.0,0.0,0.0,0.0,0.0,1.0,0.0,0.0,0.0,0.0,0.0,0.0,0.0,1.0,0.0,0.0,1.0,10.0,1.0,0.0,0.0,0.0,0.0,0.0,0.0,21.0,4.2,0.0,1.0,0.0,0.0,1.0,349.0,3.0,476.0,476.0,1428.0,2.4384987376189544
0.2,1.0,0.0,0.0,0.0,0.0,21.0,1.0,211.625,300.0,120.63333333333334,514.9,0.0,0.0,0.0,0.0,0.0,0.0,0.0,0.0,0.0,0.0,1.0,0.0,0.0,0.0,0.0,0.0,0.0,0.0,1.0,0.0,0.0,1.0,10.0,1.0,0.0,0.0,0.0,0.0,0.0,0.0,21.0,4.2,1.0,0.0,0.0,0.0,1.0,175.0,3.0,224.0,224.0,672.0,3.5670748712841904
0.2,1.0,0.0,0.0,0.0,0.0,21.0,1.0,211.625,300.0,120.63333333333334,514.9,0.0,0.0,0.0,0.0,0.0,0.0,0.0,0.0,0.0,0.0,1.0,0.0,0.0,0.0,0.0,0.0,0.0,0.0,1.0,0.0,0.0,1.0,10.0,1.0,0.0,0.0,0.0,0.0,0.0,0.0,21.0,4.2,0.0,0.0,1.0,0.0,1.0,125.0,3.0,392.0,392.0,1176.0,4.168498737618954
0.2,1.0,0.0,0.0,0.0,0.0,21.0,1.0,211.625,300.0,120.63333333333334,514.9,0.0,0.0,0.0,0.0,0.0,0.0,0.0,0.0,0.0,0.0,1.0,0.0,0.0,0.0,0.0,0.0,0.0,0.0,1.0,0.0,0.0,1.0,10.0,1.0,0.0,0.0,0.0,0.0,0.0,0.0,21.0,4.2,0.0,0.0,0.0,1.0,1.0,17.0,3.0,364.0,364.0,1092.0,5.068498737618954
0.2,1.0,0.0,0.0,0.0,0.0,21.0,1.0,211.625,300.0,120.63333333333334,514.9,0.0,0.0,0.0,0.0,0.0,0.0,0.0,0.0,0.0,0.0,1.0,0.0,0.0,0.0,0.0,0.0,0.0,0.0,1.0,0.0,0.0,1.0,10.0,1.0,0.0,0.0,0.0,0.0,0.0,0.0,21.0,4.2,0.0,0.0,0.0,1.0,1.0,14.0,3.0,364.0,364.0,1092.0,9.168498737618954
0.2,1.0,0.0,0.0,0.0,0.0,21.0,1.0,211.625,300.0,120.63333333333334,514.9,0.0,0.0,0.0,0.0,0.0,0.0,0.0,0.0,0.0,0.0,1.0,0.0,0.0,0.0,0.0,0.0,0.0,0.0,1.0,0.0,0.0,1.0,10.0,1.0,0.0,0.0,0.0,0.0,0.0,0.0,21.0,4.2,0.0,0.0,0.0,1.0,1.0,31.0,3.0,364.0,364.0,1092.0,7.068498737618954
0.2,1.0,0.0,0.0,0.0,0.0,21.0,1.0,211.625,300.0,120.63333333333334,514.9,0.0,0.0,0.0,0.0,0.0,0.0,0.0,0.0,0.0,0.0,1.0,0.0,0.0,0.0,0.0,0.0,0.0,0.0,1.0,0.0,0.0,1.0,10.0,1.0,0.0,0.0,0.0,0.0,0.0,0.0,21.0,4.2,0.0,1.0,0.0,0.0,1.0,194.0,3.0,392.0,392.0,1176.0,1.708498737618954
0.2,1.0,0.0,0.0,0.0,0.0,21.0,1.0,211.625,300.0,120.63333333333334,514.9,0.0,0.0,0.0,0.0,0.0,0.0,0.0,0.0,0.0,0.0,1.0,0.0,0.0,0.0,0.0,0.0,0.0,0.0,1.0,0.0,0.0,1.0,10.0,1.0,0.0,0.0,0.0,0.0,0.0,0.0,21.0,4.2,0.0,1.0,0.0,0.0,1.0,117.0,3.0,476.0,476.0,1428.0,2.9684987376189538
0.2,1.0,0.0,0.0,0.0,0.0,21.0,1.0,211.625,300.0,120.63333333333334,514.9,0.0,0.0,0.0,0.0,0.0,0.0,0.0,0.0,0.0,0.0,1.0,0.0,0.0,0.0,0.0,0.0,0.0,0.0,1.0,0.0,0.0,1.0,10.0,1.0,0.0,0.0,0.0,0.0,0.0,0.0,21.0,4.2,0.0,1.0,0.0,0.0,0.0,19.0,3.0,112.0,112.0,336.0,5.180306258875465
0.2,1.0,0.0,0.0,0.0,0.0,21.0,1.0,211.625,300.0,120.63333333333334,514.9,0.0,0.0,0.0,0.0,0.0,0.0,0.0,0.0,0.0,0.0,1.0,0.0,0.0,0.0,0.0,0.0,0.0,0.0,1.0,0.0,0.0,1.0,10.0,1.0,0.0,0.0,0.0,0.0,0.0,0.0,21.0,4.2,0.0,1.0,0.0,0.0,0.0,108.0,3.0,182.0,182.0,546.0,1.9884987376189545
0.2,1.0,0.0,0.0,0.0,0.0,63.0,1.0,42.0,112.0,120.63333333333334,425.0,0.0,0.0,0.0,0.0,0.0,0.0,0.0,0.0,0.0,0.0,1.0,0.0,0.0,0.0,0.0,0.0,0.0,0.0,1.0,0.0,0.0,1.0,8.0,1.0,0.0,0.0,0.0,0.0,0.0,0.0,63.0,12.6,0.0,1.0,0.0,0.0,0.0,96.0,3.0,364.0,364.0,1092.0,6.2947058823529405
0.2,1.0,0.0,0.0,0.0,0.0,63.0,1.0,42.0,112.0,120.63333333333334,425.0,0.0,0.0,0.0,0.0,0.0,0.0,0.0,0.0,0.0,0.0,1.0,0.0,0.0,0.0,0.0,0.0,0.0,0.0,1.0,0.0,0.0,1.0,8.0,1.0,0.0,0.0,0.0,0.0,0.0,0.0,63.0,12.6,0.0,1.0,0.0,0.0,0.0,94.0,1.2,140.0,140.0,168.0,9.557497138817672
0.2,1.0,0.0,0.0,0.0,0.0,63.0,1.0,42.0,112.0,120.63333333333334,425.0,0.0,0.0,0.0,0.0,0.0,0.0,0.0,0.0,0.0,0.0,1.0,0.0,0.0,0.0,0.0,0.0,0.0,0.0,1.0,0.0,0.0,1.0,8.0,1.0,0.0,0.0,0.0,0.0,0.0,0.0,63.0,12.6,0.0,1.0,0.0,0.0,0.0,90.0,1.8,140.0,140.0,252.0,8.827545407087634
0.2,1.0,0.0,0.0,0.0,0.0,63.0,1.0,42.0,112.0,120.63333333333334,425.0,0.0,0.0,0.0,0.0,0.0,0.0,0.0,0.0,0.0,0.0,1.0,0.0,0.0,0.0,0.0,0.0,0.0,0.0,1.0,0.0,0.0,1.0,8.0,1.0,0.0,0.0,0.0,0.0,0.0,0.0,63.0,12.6,0.0,1.0,0.0,0.0,0.0,92.0,2.4,140.0,140.0,336.0,8.14063649718221
0.2,1.0,0.0,0.0,0.0,0.0,63.0,1.0,42.0,112.0,120.63333333333334,425.0,0.0,0.0,0.0,0.0,0.0,0.0,0.0,0.0,0.0,0.0,1.0,0.0,0.0,0.0,0.0,0.0,0.0,0.0,1.0,0.0,0.0,1.0,8.0,1.0,0.0,0.0,0.0,0.0,0.0,0.0,63.0,12.6,0.0,1.0,0.0,0.0,0.0,92.0,3.0,140.0,140.0,420.0,7.053081775481147
0.2,1.0,0.0,0.0,0.0,0.0,63.0,1.0,42.0,112.0,120.63333333333334,425.0,0.0,0.0,0.0,0.0,0.0,0.0,0.0,0.0,0.0,0.0,1.0,0.0,0.0,0.0,0.0,0.0,0.0,0.0,1.0,0.0,0.0,1.0,8.0,1.0,0.0,0.0,0.0,0.0,0.0,0.0,63.0,12.6,0.0,1.0,0.0,0.0,0.0,29.0,3.0,280.0,280.0,840.0,8.26470588235294
0.2,1.0,0.0,0.0,0.0,0.0,63.0,1.0,42.0,112.0,120.63333333333334,425.0,0.0,0.0,0.0,0.0,0.0,0.0,0.0,0.0,0.0,0.0,1.0,0.0,0.0,0.0,0.0,0.0,0.0,0.0,1.0,0.0,0.0,1.0,8.0,1.0,0.0,0.0,0.0,0.0,0.0,0.0,63.0,12.6,0.0,1.0,0.0,0.0,1.0,412.0,3.0,392.0,392.0,1176.0,7.86470588235294
0.2,1.0,0.0,0.0,0.0,0.0,63.0,1.0,42.0,112.0,120.63333333333334,425.0,0.0,0.0,0.0,0.0,0.0,0.0,0.0,0.0,0.0,0.0,1.0,0.0,0.0,0.0,0.0,0.0,0.0,0.0,1.0,0.0,0.0,1.0,8.0,1.0,0.0,0.0,0.0,0.0,0.0,0.0,63.0,12.6,0.0,1.0,0.0,0.0,1.0,204.0,1.8,392.0,392.0,705.6,9.16470588235294
0.2,1.0,0.0,0.0,0.0,0.0,63.0,1.0,42.0,112.0,120.63333333333334,425.0,0.0,0.0,0.0,0.0,0.0,0.0,0.0,0.0,0.0,0.0,1.0,0.0,0.0,0.0,0.0,0.0,0.0,0.0,1.0,0.0,0.0,1.0,8.0,1.0,0.0,0.0,0.0,0.0,0.0,0.0,63.0,12.6,0.0,1.0,0.0,0.0,1.0,2432.0,3.0,392.0,392.0,1176.0,6.40470588235294
0.2,1.0,0.0,0.0,0.0,0.0,63.0,1.0,42.0,112.0,120.63333333333334,425.0,0.0,0.0,0.0,0.0,0.0,0.0,0.0,0.0,0.0,0.0,1.0,0.0,0.0,0.0,0.0,0.0,0.0,0.0,1.0,0.0,0.0,1.0,8.0,1.0,0.0,0.0,0.0,0.0,0.0,0.0,63.0,12.6,0.0,1.0,0.0,0.0,1.0,1467.0,3.0,1120.0,1120.0,3360.0,7.51470588235294
0.2,1.0,0.0,0.0,0.0,0.0,63.0,1.0,42.0,112.0,120.63333333333334,425.0,0.0,0.0,0.0,0.0,0.0,0.0,0.0,0.0,0.0,0.0,1.0,0.0,0.0,0.0,0.0,0.0,0.0,0.0,1.0,0.0,0.0,1.0,8.0,1.0,0.0,0.0,0.0,0.0,0.0,0.0,63.0,12.6,0.0,1.0,0.0,0.0,1.0,349.0,3.0,476.0,476.0,1428.0,6.43470588235294
0.2,1.0,0.0,0.0,0.0,0.0,63.0,1.0,42.0,112.0,120.63333333333334,425.0,0.0,0.0,0.0,0.0,0.0,0.0,0.0,0.0,0.0,0.0,1.0,0.0,0.0,0.0,0.0,0.0,0.0,0.0,1.0,0.0,0.0,1.0,8.0,1.0,0.0,0.0,0.0,0.0,0.0,0.0,63.0,12.6,1.0,0.0,0.0,0.0,1.0,175.0,3.0,224.0,224.0,672.0,7.563282016018176
0.2,1.0,0.0,0.0,0.0,0.0,63.0,1.0,42.0,112.0,120.63333333333334,425.0,0.0,0.0,0.0,0.0,0.0,0.0,0.0,0.0,0.0,0.0,1.0,0.0,0.0,0.0,0.0,0.0,0.0,0.0,1.0,0.0,0.0,1.0,8.0,1.0,0.0,0.0,0.0,0.0,0.0,0.0,63.0,12.6,0.0,0.0,1.0,0.0,1.0,125.0,3.0,392.0,392.0,1176.0,8.16470588235294
0.2,1.0,0.0,0.0,0.0,0.0,63.0,1.0,42.0,112.0,120.63333333333334,425.0,0.0,0.0,0.0,0.0,0.0,0.0,0.0,0.0,0.0,0.0,1.0,0.0,0.0,0.0,0.0,0.0,0.0,0.0,1.0,0.0,0.0,1.0,8.0,1.0,0.0,0.0,0.0,0.0,0.0,0.0,63.0,12.6,0.0,0.0,0.0,1.0,1.0,17.0,3.0,364.0,364.0,1092.0,9.06470588235294
0.2,1.0,0.0,0.0,0.0,0.0,63.0,1.0,42.0,112.0,120.63333333333334,425.0,0.0,0.0,0.0,0.0,0.0,0.0,0.0,0.0,0.0,0.0,1.0,0.0,0.0,0.0,0.0,0.0,0.0,0.0,1.0,0.0,0.0,1.0,8.0,1.0,0.0,0.0,0.0,0.0,0.0,0.0,63.0,12.6,0.0,0.0,0.0,1.0,1.0,14.0,3.0,364.0,364.0,1092.0,13.16470588235294
0.2,1.0,0.0,0.0,0.0,0.0,63.0,1.0,42.0,112.0,120.63333333333334,425.0,0.0,0.0,0.0,0.0,0.0,0.0,0.0,0.0,0.0,0.0,1.0,0.0,0.0,0.0,0.0,0.0,0.0,0.0,1.0,0.0,0.0,1.0,8.0,1.0,0.0,0.0,0.0,0.0,0.0,0.0,63.0,12.6,0.0,0.0,0.0,1.0,1.0,31.0,3.0,364.0,364.0,1092.0,11.06470588235294
0.2,1.0,0.0,0.0,0.0,0.0,63.0,1.0,42.0,112.0,120.63333333333334,425.0,0.0,0.0,0.0,0.0,0.0,0.0,0.0,0.0,0.0,0.0,1.0,0.0,0.0,0.0,0.0,0.0,0.0,0.0,1.0,0.0,0.0,1.0,8.0,1.0,0.0,0.0,0.0,0.0,0.0,0.0,63.0,12.6,0.0,1.0,0.0,0.0,1.0,194.0,3.0,392.0,392.0,1176.0,5.70470588235294
0.2,1.0,0.0,0.0,0.0,0.0,63.0,1.0,42.0,112.0,120.63333333333334,425.0,0.0,0.0,0.0,0.0,0.0,0.0,0.0,0.0,0.0,0.0,1.0,0.0,0.0,0.0,0.0,0.0,0.0,0.0,1.0,0.0,0.0,1.0,8.0,1.0,0.0,0.0,0.0,0.0,0.0,0.0,63.0,12.6,0.0,1.0,0.0,0.0,1.0,117.0,3.0,476.0,476.0,1428.0,6.96470588235294
0.2,1.0,0.0,0.0,0.0,0.0,63.0,1.0,42.0,112.0,120.63333333333334,425.0,0.0,0.0,0.0,0.0,0.0,0.0,0.0,0.0,0.0,0.0,1.0,0.0,0.0,0.0,0.0,0.0,0.0,0.0,1.0,0.0,0.0,1.0,8.0,1.0,0.0,0.0,0.0,0.0,0.0,0.0,63.0,12.6,0.0,1.0,0.0,0.0,0.0,19.0,3.0,112.0,112.0,336.0,9.17651340360945
0.2,1.0,0.0,0.0,0.0,0.0,63.0,1.0,42.0,112.0,120.63333333333334,425.0,0.0,0.0,0.0,0.0,0.0,0.0,0.0,0.0,0.0,0.0,1.0,0.0,0.0,0.0,0.0,0.0,0.0,0.0,1.0,0.0,0.0,1.0,8.0,1.0,0.0,0.0,0.0,0.0,0.0,0.0,63.0,12.6,0.0,1.0,0.0,0.0,0.0,108.0,3.0,182.0,182.0,546.0,5.98470588235294
0.4,1.0,0.0,0.0,0.0,0.0,63.0,1.0,42.0,112.0,120.63333333333334,425.0,0.0,0.0,0.0,0.0,0.0,0.0,0.0,0.0,0.0,0.0,1.0,0.0,0.0,0.0,0.0,0.0,0.0,0.0,1.0,0.0,0.0,1.0,8.0,1.0,0.0,0.0,0.0,0.0,0.0,0.0,63.0,25.200000000000003,0.0,1.0,0.0,0.0,0.0,96.0,3.0,364.0,364.0,1092.0,6.2947058823529405
0.4,1.0,0.0,0.0,0.0,0.0,63.0,1.0,42.0,112.0,120.63333333333334,425.0,0.0,0.0,0.0,0.0,0.0,0.0,0.0,0.0,0.0,0.0,1.0,0.0,0.0,0.0,0.0,0.0,0.0,0.0,1.0,0.0,0.0,1.0,8.0,1.0,0.0,0.0,0.0,0.0,0.0,0.0,63.0,25.200000000000003,0.0,1.0,0.0,0.0,0.0,94.0,1.2,140.0,140.0,168.0,9.557497138817672
0.4,1.0,0.0,0.0,0.0,0.0,63.0,1.0,42.0,112.0,120.63333333333334,425.0,0.0,0.0,0.0,0.0,0.0,0.0,0.0,0.0,0.0,0.0,1.0,0.0,0.0,0.0,0.0,0.0,0.0,0.0,1.0,0.0,0.0,1.0,8.0,1.0,0.0,0.0,0.0,0.0,0.0,0.0,63.0,25.200000000000003,0.0,1.0,0.0,0.0,0.0,90.0,1.8,140.0,140.0,252.0,8.827545407087634
0.4,1.0,0.0,0.0,0.0,0.0,63.0,1.0,42.0,112.0,120.63333333333334,425.0,0.0,0.0,0.0,0.0,0.0,0.0,0.0,0.0,0.0,0.0,1.0,0.0,0.0,0.0,0.0,0.0,0.0,0.0,1.0,0.0,0.0,1.0,8.0,1.0,0.0,0.0,0.0,0.0,0.0,0.0,63.0,25.200000000000003,0.0,1.0,0.0,0.0,0.0,92.0,2.4,140.0,140.0,336.0,8.14063649718221
0.4,1.0,0.0,0.0,0.0,0.0,63.0,1.0,42.0,112.0,120.63333333333334,425.0,0.0,0.0,0.0,0.0,0.0,0.0,0.0,0.0,0.0,0.0,1.0,0.0,0.0,0.0,0.0,0.0,0.0,0.0,1.0,0.0,0.0,1.0,8.0,1.0,0.0,0.0,0.0,0.0,0.0,0.0,63.0,25.200000000000003,0.0,1.0,0.0,0.0,0.0,92.0,3.0,140.0,140.0,420.0,7.053081775481147
0.4,1.0,0.0,0.0,0.0,0.0,63.0,1.0,42.0,112.0,120.63333333333334,425.0,0.0,0.0,0.0,0.0,0.0,0.0,0.0,0.0,0.0,0.0,1.0,0.0,0.0,0.0,0.0,0.0,0.0,0.0,1.0,0.0,0.0,1.0,8.0,1.0,0.0,0.0,0.0,0.0,0.0,0.0,63.0,25.200000000000003,0.0,1.0,0.0,0.0,0.0,29.0,3.0,280.0,280.0,840.0,8.26470588235294
0.4,1.0,0.0,0.0,0.0,0.0,63.0,1.0,42.0,112.0,120.63333333333334,425.0,0.0,0.0,0.0,0.0,0.0,0.0,0.0,0.0,0.0,0.0,1.0,0.0,0.0,0.0,0.0,0.0,0.0,0.0,1.0,0.0,0.0,1.0,8.0,1.0,0.0,0.0,0.0,0.0,0.0,0.0,63.0,25.200000000000003,0.0,1.0,0.0,0.0,1.0,412.0,3.0,392.0,392.0,1176.0,7.86470588235294
0.4,1.0,0.0,0.0,0.0,0.0,63.0,1.0,42.0,112.0,120.63333333333334,425.0,0.0,0.0,0.0,0.0,0.0,0.0,0.0,0.0,0.0,0.0,1.0,0.0,0.0,0.0,0.0,0.0,0.0,0.0,1.0,0.0,0.0,1.0,8.0,1.0,0.0,0.0,0.0,0.0,0.0,0.0,63.0,25.200000000000003,0.0,1.0,0.0,0.0,1.0,204.0,1.8,392.0,392.0,705.6,9.16470588235294
0.4,1.0,0.0,0.0,0.0,0.0,63.0,1.0,42.0,112.0,120.63333333333334,425.0,0.0,0.0,0.0,0.0,0.0,0.0,0.0,0.0,0.0,0.0,1.0,0.0,0.0,0.0,0.0,0.0,0.0,0.0,1.0,0.0,0.0,1.0,8.0,1.0,0.0,0.0,0.0,0.0,0.0,0.0,63.0,25.200000000000003,0.0,1.0,0.0,0.0,1.0,2432.0,3.0,392.0,392.0,1176.0,6.40470588235294
0.4,1.0,0.0,0.0,0.0,0.0,63.0,1.0,42.0,112.0,120.63333333333334,425.0,0.0,0.0,0.0,0.0,0.0,0.0,0.0,0.0,0.0,0.0,1.0,0.0,0.0,0.0,0.0,0.0,0.0,0.0,1.0,0.0,0.0,1.0,8.0,1.0,0.0,0.0,0.0,0.0,0.0,0.0,63.0,25.200000000000003,0.0,1.0,0.0,0.0,1.0,1467.0,3.0,1120.0,1120.0,3360.0,7.51470588235294
0.4,1.0,0.0,0.0,0.0,0.0,63.0,1.0,42.0,112.0,120.63333333333334,425.0,0.0,0.0,0.0,0.0,0.0,0.0,0.0,0.0,0.0,0.0,1.0,0.0,0.0,0.0,0.0,0.0,0.0,0.0,1.0,0.0,0.0,1.0,8.0,1.0,0.0,0.0,0.0,0.0,0.0,0.0,63.0,25.200000000000003,0.0,1.0,0.0,0.0,1.0,349.0,3.0,476.0,476.0,1428.0,6.43470588235294
0.4,1.0,0.0,0.0,0.0,0.0,63.0,1.0,42.0,112.0,120.63333333333334,425.0,0.0,0.0,0.0,0.0,0.0,0.0,0.0,0.0,0.0,0.0,1.0,0.0,0.0,0.0,0.0,0.0,0.0,0.0,1.0,0.0,0.0,1.0,8.0,1.0,0.0,0.0,0.0,0.0,0.0,0.0,63.0,25.200000000000003,1.0,0.0,0.0,0.0,1.0,175.0,3.0,224.0,224.0,672.0,7.563282016018176
0.4,1.0,0.0,0.0,0.0,0.0,63.0,1.0,42.0,112.0,120.63333333333334,425.0,0.0,0.0,0.0,0.0,0.0,0.0,0.0,0.0,0.0,0.0,1.0,0.0,0.0,0.0,0.0,0.0,0.0,0.0,1.0,0.0,0.0,1.0,8.0,1.0,0.0,0.0,0.0,0.0,0.0,0.0,63.0,25.200000000000003,0.0,0.0,1.0,0.0,1.0,125.0,3.0,392.0,392.0,1176.0,8.16470588235294
0.4,1.0,0.0,0.0,0.0,0.0,63.0,1.0,42.0,112.0,120.63333333333334,425.0,0.0,0.0,0.0,0.0,0.0,0.0,0.0,0.0,0.0,0.0,1.0,0.0,0.0,0.0,0.0,0.0,0.0,0.0,1.0,0.0,0.0,1.0,8.0,1.0,0.0,0.0,0.0,0.0,0.0,0.0,63.0,25.200000000000003,0.0,0.0,0.0,1.0,1.0,17.0,3.0,364.0,364.0,1092.0,9.06470588235294
0.4,1.0,0.0,0.0,0.0,0.0,63.0,1.0,42.0,112.0,120.63333333333334,425.0,0.0,0.0,0.0,0.0,0.0,0.0,0.0,0.0,0.0,0.0,1.0,0.0,0.0,0.0,0.0,0.0,0.0,0.0,1.0,0.0,0.0,1.0,8.0,1.0,0.0,0.0,0.0,0.0,0.0,0.0,63.0,25.200000000000003,0.0,0.0,0.0,1.0,1.0,14.0,3.0,364.0,364.0,1092.0,13.16470588235294
0.4,1.0,0.0,0.0,0.0,0.0,63.0,1.0,42.0,112.0,120.63333333333334,425.0,0.0,0.0,0.0,0.0,0.0,0.0,0.0,0.0,0.0,0.0,1.0,0.0,0.0,0.0,0.0,0.0,0.0,0.0,1.0,0.0,0.0,1.0,8.0,1.0,0.0,0.0,0.0,0.0,0.0,0.0,63.0,25.200000000000003,0.0,0.0,0.0,1.0,1.0,31.0,3.0,364.0,364.0,1092.0,11.06470588235294
0.4,1.0,0.0,0.0,0.0,0.0,63.0,1.0,42.0,112.0,120.63333333333334,425.0,0.0,0.0,0.0,0.0,0.0,0.0,0.0,0.0,0.0,0.0,1.0,0.0,0.0,0.0,0.0,0.0,0.0,0.0,1.0,0.0,0.0,1.0,8.0,1.0,0.0,0.0,0.0,0.0,0.0,0.0,63.0,25.200000000000003,0.0,1.0,0.0,0.0,1.0,194.0,3.0,392.0,392.0,1176.0,5.70470588235294
0.4,1.0,0.0,0.0,0.0,0.0,63.0,1.0,42.0,112.0,120.63333333333334,425.0,0.0,0.0,0.0,0.0,0.0,0.0,0.0,0.0,0.0,0.0,1.0,0.0,0.0,0.0,0.0,0.0,0.0,0.0,1.0,0.0,0.0,1.0,8.0,1.0,0.0,0.0,0.0,0.0,0.0,0.0,63.0,25.200000000000003,0.0,1.0,0.0,0.0,1.0,117.0,3.0,476.0,476.0,1428.0,6.96470588235294
0.4,1.0,0.0,0.0,0.0,0.0,63.0,1.0,42.0,112.0,120.63333333333334,425.0,0.0,0.0,0.0,0.0,0.0,0.0,0.0,0.0,0.0,0.0,1.0,0.0,0.0,0.0,0.0,0.0,0.0,0.0,1.0,0.0,0.0,1.0,8.0,1.0,0.0,0.0,0.0,0.0,0.0,0.0,63.0,25.200000000000003,0.0,1.0,0.0,0.0,0.0,19.0,3.0,112.0,112.0,336.0,9.17651340360945
0.4,1.0,0.0,0.0,0.0,0.0,63.0,1.0,42.0,112.0,120.63333333333334,425.0,0.0,0.0,0.0,0.0,0.0,0.0,0.0,0.0,0.0,0.0,1.0,0.0,0.0,0.0,0.0,0.0,0.0,0.0,1.0,0.0,0.0,1.0,8.0,1.0,0.0,0.0,0.0,0.0,0.0,0.0,63.0,25.200000000000003,0.0,1.0,0.0,0.0,0.0,108.0,3.0,182.0,182.0,546.0,5.98470588235294
0.4,1.0,0.0,0.0,0.0,0.0,28.0,1.0,63.0,105.0,329.8,487.6,0.0,0.0,0.0,0.0,0.0,0.0,0.0,0.0,0.0,0.0,0.0,0.0,1.0,0.0,0.0,0.0,0.0,0.0,1.0,0.0,0.0,1.0,5.0,1.0,0.0,0.0,0.0,0.0,0.0,0.0,28.0,11.2,0.0,1.0,0.0,0.0,0.0,96.0,3.0,364.0,364.0,1092.0,2.53
0.4,1.0,0.0,0.0,0.0,0.0,28.0,1.0,63.0,105.0,329.8,487.6,0.0,0.0,0.0,0.0,0.0,0.0,0.0,0.0,0.0,0.0,0.0,0.0,1.0,0.0,0.0,0.0,0.0,0.0,1.0,0.0,0.0,1.0,5.0,1.0,0.0,0.0,0.0,0.0,0.0,0.0,28.0,11.2,0.0,1.0,0.0,0.0,0.0,94.0,1.2,140.0,140.0,168.0,5.792791256464732
0.4,1.0,0.0,0.0,0.0,0.0,28.0,1.0,63.0,105.0,329.8,487.6,0.0,0.0,0.0,0.0,0.0,0.0,0.0,0.0,0.0,0.0,0.0,0.0,1.0,0.0,0.0,0.0,0.0,0.0,1.0,0.0,0.0,1.0,5.0,1.0,0.0,0.0,0.0,0.0,0.0,0.0,28.0,11.2,0.0,1.0,0.0,0.0,0.0,90.0,1.8,140.0,140.0,252.0,5.062839524734694
0.4,1.0,0.0,0.0,0.0,0.0,28.0,1.0,63.0,105.0,329.8,487.6,0.0,0.0,0.0,0.0,0.0,0.0,0.0,0.0,0.0,0.0,0.0,0.0,1.0,0.0,0.0,0.0,0.0,0.0,1.0,0.0,0.0,1.0,5.0,1.0,0.0,0.0,0.0,0.0,0.0,0.0,28.0,11.2,0.0,1.0,0.0,0.0,0.0,92.0,2.4,140.0,140.0,336.0,4.37593061482927
0.4,1.0,0.0,0.0,0.0,0.0,28.0,1.0,63.0,105.0,329.8,487.6,0.0,0.0,0.0,0.0,0.0,0.0,0.0,0.0,0.0,0.0,0.0,0.0,1.0,0.0,0.0,0.0,0.0,0.0,1.0,0.0,0.0,1.0,5.0,1.0,0.0,0.0,0.0,0.0,0.0,0.0,28.0,11.2,0.0,1.0,0.0,0.0,0.0,92.0,3.0,140.0,140.0,420.0,3.2883758931282063
0.4,1.0,0.0,0.0,0.0,0.0,28.0,1.0,63.0,105.0,329.8,487.6,0.0,0.0,0.0,0.0,0.0,0.0,0.0,0.0,0.0,0.0,0.0,0.0,1.0,0.0,0.0,0.0,0.0,0.0,1.0,0.0,0.0,1.0,5.0,1.0,0.0,0.0,0.0,0.0,0.0,0.0,28.0,11.2,0.0,1.0,0.0,0.0,0.0,29.0,3.0,280.0,280.0,840.0,4.5
0.4,1.0,0.0,0.0,0.0,0.0,28.0,1.0,63.0,105.0,329.8,487.6,0.0,0.0,0.0,0.0,0.0,0.0,0.0,0.0,0.0,0.0,0.0,0.0,1.0,0.0,0.0,0.0,0.0,0.0,1.0,0.0,0.0,1.0,5.0,1.0,0.0,0.0,0.0,0.0,0.0,0.0,28.0,11.2,0.0,1.0,0.0,0.0,1.0,412.0,3.0,392.0,392.0,1176.0,4.1
0.4,1.0,0.0,0.0,0.0,0.0,28.0,1.0,63.0,105.0,329.8,487.6,0.0,0.0,0.0,0.0,0.0,0.0,0.0,0.0,0.0,0.0,0.0,0.0,1.0,0.0,0.0,0.0,0.0,0.0,1.0,0.0,0.0,1.0,5.0,1.0,0.0,0.0,0.0,0.0,0.0,0.0,28.0,11.2,0.0,1.0,0.0,0.0,1.0,204.0,1.8,392.0,392.0,705.6,5.4
0.4,1.0,0.0,0.0,0.0,0.0,28.0,1.0,63.0,105.0,329.8,487.6,0.0,0.0,0.0,0.0,0.0,0.0,0.0,0.0,0.0,0.0,0.0,0.0,1.0,0.0,0.0,0.0,0.0,0.0,1.0,0.0,0.0,1.0,5.0,1.0,0.0,0.0,0.0,0.0,0.0,0.0,28.0,11.2,0.0,1.0,0.0,0.0,1.0,2432.0,3.0,392.0,392.0,1176.0,2.64
0.4,1.0,0.0,0.0,0.0,0.0,28.0,1.0,63.0,105.0,329.8,487.6,0.0,0.0,0.0,0.0,0.0,0.0,0.0,0.0,0.0,0.0,0.0,0.0,1.0,0.0,0.0,0.0,0.0,0.0,1.0,0.0,0.0,1.0,5.0,1.0,0.0,0.0,0.0,0.0,0.0,0.0,28.0,11.2,0.0,1.0,0.0,0.0,1.0,1467.0,3.0,1120.0,1120.0,3360.0,3.75
0.4,1.0,0.0,0.0,0.0,0.0,28.0,1.0,63.0,105.0,329.8,487.6,0.0,0.0,0.0,0.0,0.0,0.0,0.0,0.0,0.0,0.0,0.0,0.0,1.0,0.0,0.0,0.0,0.0,0.0,1.0,0.0,0.0,1.0,5.0,1.0,0.0,0.0,0.0,0.0,0.0,0.0,28.0,11.2,0.0,1.0,0.0,0.0,1.0,349.0,3.0,476.0,476.0,1428.0,2.67
0.4,1.0,0.0,0.0,0.0,0.0,28.0,1.0,63.0,105.0,329.8,487.6,0.0,0.0,0.0,0.0,0.0,0.0,0.0,0.0,0.0,0.0,0.0,0.0,1.0,0.0,0.0,0.0,0.0,0.0,1.0,0.0,0.0,1.0,5.0,1.0,0.0,0.0,0.0,0.0,0.0,0.0,28.0,11.2,1.0,0.0,0.0,0.0,1.0,175.0,3.0,224.0,224.0,672.0,3.798576133665236
0.4,1.0,0.0,0.0,0.0,0.0,28.0,1.0,63.0,105.0,329.8,487.6,0.0,0.0,0.0,0.0,0.0,0.0,0.0,0.0,0.0,0.0,0.0,0.0,1.0,0.0,0.0,0.0,0.0,0.0,1.0,0.0,0.0,1.0,5.0,1.0,0.0,0.0,0.0,0.0,0.0,0.0,28.0,11.2,0.0,0.0,1.0,0.0,1.0,125.0,3.0,392.0,392.0,1176.0,4.4
0.4,1.0,0.0,0.0,0.0,0.0,28.0,1.0,63.0,105.0,329.8,487.6,0.0,0.0,0.0,0.0,0.0,0.0,0.0,0.0,0.0,0.0,0.0,0.0,1.0,0.0,0.0,0.0,0.0,0.0,1.0,0.0,0.0,1.0,5.0,1.0,0.0,0.0,0.0,0.0,0.0,0.0,28.0,11.2,0.0,0.0,0.0,1.0,1.0,17.0,3.0,364.0,364.0,1092.0,5.300000000000001
0.4,1.0,0.0,0.0,0.0,0.0,28.0,1.0,63.0,105.0,329.8,487.6,0.0,0.0,0.0,0.0,0.0,0.0,0.0,0.0,0.0,0.0,0.0,0.0,1.0,0.0,0.0,0.0,0.0,0.0,1.0,0.0,0.0,1.0,5.0,1.0,0.0,0.0,0.0,0.0,0.0,0.0,28.0,11.2,0.0,0.0,0.0,1.0,1.0,14.0,3.0,364.0,364.0,1092.0,9.4
0.4,1.0,0.0,0.0,0.0,0.0,28.0,1.0,63.0,105.0,329.8,487.6,0.0,0.0,0.0,0.0,0.0,0.0,0.0,0.0,0.0,0.0,0.0,0.0,1.0,0.0,0.0,0.0,0.0,0.0,1.0,0.0,0.0,1.0,5.0,1.0,0.0,0.0,0.0,0.0,0.0,0.0,28.0,11.2,0.0,0.0,0.0,1.0,1.0,31.0,3.0,364.0,364.0,1092.0,7.300000000000001
0.4,1.0,0.0,0.0,0.0,0.0,28.0,1.0,63.0,105.0,329.8,487.6,0.0,0.0,0.0,0.0,0.0,0.0,0.0,0.0,0.0,0.0,0.0,0.0,1.0,0.0,0.0,0.0,0.0,0.0,1.0,0.0,0.0,1.0,5.0,1.0,0.0,0.0,0.0,0.0,0.0,0.0,28.0,11.2,0.0,1.0,0.0,0.0,1.0,194.0,3.0,392.0,392.0,1176.0,1.9399999999999995
0.4,1.0,0.0,0.0,0.0,0.0,28.0,1.0,63.0,105.0,329.8,487.6,0.0,0.0,0.0,0.0,0.0,0.0,0.0,0.0,0.0,0.0,0.0,0.0,1.0,0.0,0.0,0.0,0.0,0.0,1.0,0.0,0.0,1.0,5.0,1.0,0.0,0.0,0.0,0.0,0.0,0.0,28.0,11.2,0.0,1.0,0.0,0.0,1.0,117.0,3.0,476.0,476.0,1428.0,3.2
0.4,1.0,0.0,0.0,0.0,0.0,28.0,1.0,63.0,105.0,329.8,487.6,0.0,0.0,0.0,0.0,0.0,0.0,0.0,0.0,0.0,0.0,0.0,0.0,1.0,0.0,0.0,0.0,0.0,0.0,1.0,0.0,0.0,1.0,5.0,1.0,0.0,0.0,0.0,0.0,0.0,0.0,28.0,11.2,0.0,1.0,0.0,0.0,0.0,19.0,3.0,112.0,112.0,336.0,5.4118075212565095
0.4,1.0,0.0,0.0,0.0,0.0,28.0,1.0,63.0,105.0,329.8,487.6,0.0,0.0,0.0,0.0,0.0,0.0,0.0,0.0,0.0,0.0,0.0,0.0,1.0,0.0,0.0,0.0,0.0,0.0,1.0,0.0,0.0,1.0,5.0,1.0,0.0,0.0,0.0,0.0,0.0,0.0,28.0,11.2,0.0,1.0,0.0,0.0,0.0,108.0,3.0,182.0,182.0,546.0,2.22
0.2,1.0,0.0,0.0,0.0,0.0,28.0,1.0,42.0,161.0,120.63333333333334,45.0,0.0,0.0,1.0,0.0,0.0,0.0,0.0,0.0,0.0,0.0,0.0,0.0,0.0,0.0,0.0,0.0,0.0,1.0,0.0,0.0,0.0,1.0,10.0,1.0,0.0,0.0,0.0,0.0,0.0,0.0,28.0,5.6000000000000005,0.0,1.0,0.0,0.0,0.0,96.0,3.0,364.0,364.0,1092.0,7.863333333333334
0.2,1.0,0.0,0.0,0.0,0.0,28.0,1.0,42.0,161.0,120.63333333333334,45.0,0.0,0.0,1.0,0.0,0.0,0.0,0.0,0.0,0.0,0.0,0.0,0.0,0.0,0.0,0.0,0.0,0.0,1.0,0.0,0.0,0.0,1.0,10.0,1.0,0.0,0.0,0.0,0.0,0.0,0.0,28.0,5.6000000000000005,0.0,1.0,0.0,0.0,0.0,94.0,1.2,140.0,140.0,168.0,11.126124589798064
0.2,1.0,0.0,0.0,0.0,0.0,28.0,1.0,42.0,161.0,120.63333333333334,45.0,0.0,0.0,1.0,0.0,0.0,0.0,0.0,0.0,0.0,0.0,0.0,0.0,0.0,0.0,0.0,0.0,0.0,1.0,0.0,0.0,0.0,1.0,10.0,1.0,0.0,0.0,0.0,0.0,0.0,0.0,28.0,5.6000000000000005,0.0,1.0,0.0,0.0,0.0,90.0,1.8,140.0,140.0,252.0,10.396172858068027
0.2,1.0,0.0,0.0,0.0,0.0,28.0,1.0,42.0,161.0,120.63333333333334,45.0,0.0,0.0,1.0,0.0,0.0,0.0,0.0,0.0,0.0,0.0,0.0,0.0,0.0,0.0,0.0,0.0,0.0,1.0,0.0,0.0,0.0,1.0,10.0,1.0,0.0,0.0,0.0,0.0,0.0,0.0,28.0,5.6000000000000005,0.0,1.0,0.0,0.0,0.0,92.0,2.4,140.0,140.0,336.0,9.709263948162604
0.2,1.0,0.0,0.0,0.0,0.0,28.0,1.0,42.0,161.0,120.63333333333334,45.0,0.0,0.0,1.0,0.0,0.0,0.0,0.0,0.0,0.0,0.0,0.0,0.0,0.0,0.0,0.0,0.0,0.0,1.0,0.0,0.0,0.0,1.0,10.0,1.0,0.0,0.0,0.0,0.0,0.0,0.0,28.0,5.6000000000000005,0.0,1.0,0.0,0.0,0.0,92.0,3.0,140.0,140.0,420.0,8.62170922646154
0.2,1.0,0.0,0.0,0.0,0.0,28.0,1.0,42.0,161.0,120.63333333333334,45.0,0.0,0.0,1.0,0.0,0.0,0.0,0.0,0.0,0.0,0.0,0.0,0.0,0.0,0.0,0.0,0.0,0.0,1.0,0.0,0.0,0.0,1.0,10.0,1.0,0.0,0.0,0.0,0.0,0.0,0.0,28.0,5.6000000000000005,0.0,1.0,0.0,0.0,0.0,29.0,3.0,280.0,280.0,840.0,9.833333333333334
0.2,1.0,0.0,0.0,0.0,0.0,28.0,1.0,42.0,161.0,120.63333333333334,45.0,0.0,0.0,1.0,0.0,0.0,0.0,0.0,0.0,0.0,0.0,0.0,0.0,0.0,0.0,0.0,0.0,0.0,1.0,0.0,0.0,0.0,1.0,10.0,1.0,0.0,0.0,0.0,0.0,0.0,0.0,28.0,5.6000000000000005,0.0,1.0,0.0,0.0,1.0,412.0,3.0,392.0,392.0,1176.0,9.433333333333334
0.2,1.0,0.0,0.0,0.0,0.0,28.0,1.0,42.0,161.0,120.63333333333334,45.0,0.0,0.0,1.0,0.0,0.0,0.0,0.0,0.0,0.0,0.0,0.0,0.0,0.0,0.0,0.0,0.0,0.0,1.0,0.0,0.0,0.0,1.0,10.0,1.0,0.0,0.0,0.0,0.0,0.0,0.0,28.0,5.6000000000000005,0.0,1.0,0.0,0.0,1.0,204.0,1.8,392.0,392.0,705.6,10.733333333333334
0.2,1.0,0.0,0.0,0.0,0.0,28.0,1.0,42.0,161.0,120.63333333333334,45.0,0.0,0.0,1.0,0.0,0.0,0.0,0.0,0.0,0.0,0.0,0.0,0.0,0.0,0.0,0.0,0.0,0.0,1.0,0.0,0.0,0.0,1.0,10.0,1.0,0.0,0.0,0.0,0.0,0.0,0.0,28.0,5.6000000000000005,0.0,1.0,0.0,0.0,1.0,2432.0,3.0,392.0,392.0,1176.0,7.973333333333334
0.2,1.0,0.0,0.0,0.0,0.0,28.0,1.0,42.0,161.0,120.63333333333334,45.0,0.0,0.0,1.0,0.0,0.0,0.0,0.0,0.0,0.0,0.0,0.0,0.0,0.0,0.0,0.0,0.0,0.0,1.0,0.0,0.0,0.0,1.0,10.0,1.0,0.0,0.0,0.0,0.0,0.0,0.0,28.0,5.6000000000000005,0.0,1.0,0.0,0.0,1.0,1467.0,3.0,1120.0,1120.0,3360.0,9.083333333333334
0.2,1.0,0.0,0.0,0.0,0.0,28.0,1.0,42.0,161.0,120.63333333333334,45.0,0.0,0.0,1.0,0.0,0.0,0.0,0.0,0.0,0.0,0.0,0.0,0.0,0.0,0.0,0.0,0.0,0.0,1.0,0.0,0.0,0.0,1.0,10.0,1.0,0.0,0.0,0.0,0.0,0.0,0.0,28.0,5.6000000000000005,0.0,1.0,0.0,0.0,1.0,349.0,3.0,476.0,476.0,1428.0,8.003333333333334
0.2,1.0,0.0,0.0,0.0,0.0,28.0,1.0,42.0,161.0,120.63333333333334,45.0,0.0,0.0,1.0,0.0,0.0,0.0,0.0,0.0,0.0,0.0,0.0,0.0,0.0,0.0,0.0,0.0,0.0,1.0,0.0,0.0,0.0,1.0,10.0,1.0,0.0,0.0,0.0,0.0,0.0,0.0,28.0,5.6000000000000005,1.0,0.0,0.0,0.0,1.0,175.0,3.0,224.0,224.0,672.0,9.13190946699857
0.2,1.0,0.0,0.0,0.0,0.0,28.0,1.0,42.0,161.0,120.63333333333334,45.0,0.0,0.0,1.0,0.0,0.0,0.0,0.0,0.0,0.0,0.0,0.0,0.0,0.0,0.0,0.0,0.0,0.0,1.0,0.0,0.0,0.0,1.0,10.0,1.0,0.0,0.0,0.0,0.0,0.0,0.0,28.0,5.6000000000000005,0.0,0.0,1.0,0.0,1.0,125.0,3.0,392.0,392.0,1176.0,9.733333333333334
0.2,1.0,0.0,0.0,0.0,0.0,28.0,1.0,42.0,161.0,120.63333333333334,45.0,0.0,0.0,1.0,0.0,0.0,0.0,0.0,0.0,0.0,0.0,0.0,0.0,0.0,0.0,0.0,0.0,0.0,1.0,0.0,0.0,0.0,1.0,10.0,1.0,0.0,0.0,0.0,0.0,0.0,0.0,28.0,5.6000000000000005,0.0,0.0,0.0,1.0,1.0,17.0,3.0,364.0,364.0,1092.0,10.633333333333336
0.2,1.0,0.0,0.0,0.0,0.0,28.0,1.0,42.0,161.0,120.63333333333334,45.0,0.0,0.0,1.0,0.0,0.0,0.0,0.0,0.0,0.0,0.0,0.0,0.0,0.0,0.0,0.0,0.0,0.0,1.0,0.0,0.0,0.0,1.0,10.0,1.0,0.0,0.0,0.0,0.0,0.0,0.0,28.0,5.6000000000000005,0.0,0.0,0.0,1.0,1.0,14.0,3.0,364.0,364.0,1092.0,14.733333333333334
0.2,1.0,0.0,0.0,0.0,0.0,28.0,1.0,42.0,161.0,120.63333333333334,45.0,0.0,0.0,1.0,0.0,0.0,0.0,0.0,0.0,0.0,0.0,0.0,0.0,0.0,0.0,0.0,0.0,0.0,1.0,0.0,0.0,0.0,1.0,10.0,1.0,0.0,0.0,0.0,0.0,0.0,0.0,28.0,5.6000000000000005,0.0,0.0,0.0,1.0,1.0,31.0,3.0,364.0,364.0,1092.0,12.633333333333336
0.2,1.0,0.0,0.0,0.0,0.0,28.0,1.0,42.0,161.0,120.63333333333334,45.0,0.0,0.0,1.0,0.0,0.0,0.0,0.0,0.0,0.0,0.0,0.0,0.0,0.0,0.0,0.0,0.0,0.0,1.0,0.0,0.0,0.0,1.0,10.0,1.0,0.0,0.0,0.0,0.0,0.0,0.0,28.0,5.6000000000000005,0.0,1.0,0.0,0.0,1.0,194.0,3.0,392.0,392.0,1176.0,7.273333333333333
0.2,1.0,0.0,0.0,0.0,0.0,28.0,1.0,42.0,161.0,120.63333333333334,45.0,0.0,0.0,1.0,0.0,0.0,0.0,0.0,0.0,0.0,0.0,0.0,0.0,0.0,0.0,0.0,0.0,0.0,1.0,0.0,0.0,0.0,1.0,10.0,1.0,0.0,0.0,0.0,0.0,0.0,0.0,28.0,5.6000000000000005,0.0,1.0,0.0,0.0,1.0,117.0,3.0,476.0,476.0,1428.0,8.533333333333333
0.2,1.0,0.0,0.0,0.0,0.0,28.0,1.0,42.0,161.0,120.63333333333334,45.0,0.0,0.0,1.0,0.0,0.0,0.0,0.0,0.0,0.0,0.0,0.0,0.0,0.0,0.0,0.0,0.0,0.0,1.0,0.0,0.0,0.0,1.0,10.0,1.0,0.0,0.0,0.0,0.0,0.0,0.0,28.0,5.6000000000000005,0.0,1.0,0.0,0.0,0.0,19.0,3.0,112.0,112.0,336.0,10.745140854589843
0.2,1.0,0.0,0.0,0.0,0.0,28.0,1.0,42.0,161.0,120.63333333333334,45.0,0.0,0.0,1.0,0.0,0.0,0.0,0.0,0.0,0.0,0.0,0.0,0.0,0.0,0.0,0.0,0.0,0.0,1.0,0.0,0.0,0.0,1.0,10.0,1.0,0.0,0.0,0.0,0.0,0.0,0.0,28.0,5.6000000000000005,0.0,1.0,0.0,0.0,0.0,108.0,3.0,182.0,182.0,546.0,7.553333333333334
0.2,1.0,0.0,0.0,0.0,0.0,28.0,1.0,42.0,336.0,120.63333333333334,53.0,0.0,0.0,1.0,0.0,0.0,0.0,0.0,0.0,0.0,0.0,0.0,0.0,0.0,0.0,0.0,0.0,0.0,1.0,0.0,0.0,0.0,1.0,10.0,1.0,0.0,0.0,0.0,0.0,0.0,0.0,28.0,5.6000000000000005,0.0,1.0,0.0,0.0,0.0,96.0,3.0,364.0,364.0,1092.0,2.077169811320756
0.2,1.0,0.0,0.0,0.0,0.0,28.0,1.0,42.0,336.0,120.63333333333334,53.0,0.0,0.0,1.0,0.0,0.0,0.0,0.0,0.0,0.0,0.0,0.0,0.0,0.0,0.0,0.0,0.0,0.0,1.0,0.0,0.0,0.0,1.0,10.0,1.0,0.0,0.0,0.0,0.0,0.0,0.0,28.0,5.6000000000000005,0.0,1.0,0.0,0.0,0.0,94.0,1.2,140.0,140.0,168.0,5.339961067785487
0.2,1.0,0.0,0.0,0.0,0.0,28.0,1.0,42.0,336.0,120.63333333333334,53.0,0.0,0.0,1.0,0.0,0.0,0.0,0.0,0.0,0.0,0.0,0.0,0.0,0.0,0.0,0.0,0.0,0.0,1.0,0.0,0.0,0.0,1.0,10.0,1.0,0.0,0.0,0.0,0.0,0.0,0.0,28.0,5.6000000000000005,0.0,1.0,0.0,0.0,0.0,90.0,1.8,140.0,140.0,252.0,4.61000933605545
0.2,1.0,0.0,0.0,0.0,0.0,28.0,1.0,42.0,336.0,120.63333333333334,53.0,0.0,0.0,1.0,0.0,0.0,0.0,0.0,0.0,0.0,0.0,0.0,0.0,0.0,0.0,0.0,0.0,0.0,1.0,0.0,0.0,0.0,1.0,10.0,1.0,0.0,0.0,0.0,0.0,0.0,0.0,28.0,5.6000000000000005,0.0,1.0,0.0,0.0,0.0,92.0,2.4,140.0,140.0,336.0,3.923100426150025
0.2,1.0,0.0,0.0,0.0,0.0,28.0,1.0,42.0,336.0,120.63333333333334,53.0,0.0,0.0,1.0,0.0,0.0,0.0,0.0,0.0,0.0,0.0,0.0,0.0,0.0,0.0,0.0,0.0,0.0,1.0,0.0,0.0,0.0,1.0,10.0,1.0,0.0,0.0,0.0,0.0,0.0,0.0,28.0,5.6000000000000005,0.0,1.0,0.0,0.0,0.0,92.0,3.0,140.0,140.0,420.0,2.835545704448962
0.2,1.0,0.0,0.0,0.0,0.0,28.0,1.0,42.0,336.0,120.63333333333334,53.0,0.0,0.0,1.0,0.0,0.0,0.0,0.0,0.0,0.0,0.0,0.0,0.0,0.0,0.0,0.0,0.0,0.0,1.0,0.0,0.0,0.0,1.0,10.0,1.0,0.0,0.0,0.0,0.0,0.0,0.0,28.0,5.6000000000000005,0.0,1.0,0.0,0.0,0.0,29.0,3.0,280.0,280.0,840.0,4.047169811320756
0.2,1.0,0.0,0.0,0.0,0.0,28.0,1.0,42.0,336.0,120.63333333333334,53.0,0.0,0.0,1.0,0.0,0.0,0.0,0.0,0.0,0.0,0.0,0.0,0.0,0.0,0.0,0.0,0.0,0.0,1.0,0.0,0.0,0.0,1.0,10.0,1.0,0.0,0.0,0.0,0.0,0.0,0.0,28.0,5.6000000000000005,0.0,1.0,0.0,0.0,1.0,412.0,3.0,392.0,392.0,1176.0,3.6471698113207554
0.2,1.0,0.0,0.0,0.0,0.0,28.0,1.0,42.0,336.0,120.63333333333334,53.0,0.0,0.0,1.0,0.0,0.0,0.0,0.0,0.0,0.0,0.0,0.0,0.0,0.0,0.0,0.0,0.0,0.0,1.0,0.0,0.0,0.0,1.0,10.0,1.0,0.0,0.0,0.0,0.0,0.0,0.0,28.0,5.6000000000000005,0.0,1.0,0.0,0.0,1.0,204.0,1.8,392.0,392.0,705.6,4.947169811320756
0.2,1.0,0.0,0.0,0.0,0.0,28.0,1.0,42.0,336.0,120.63333333333334,53.0,0.0,0.0,1.0,0.0,0.0,0.0,0.0,0.0,0.0,0.0,0.0,0.0,0.0,0.0,0.0,0.0,0.0,1.0,0.0,0.0,0.0,1.0,10.0,1.0,0.0,0.0,0.0,0.0,0.0,0.0,28.0,5.6000000000000005,0.0,1.0,0.0,0.0,1.0,2432.0,3.0,392.0,392.0,1176.0,2.1871698113207554
0.2,1.0,0.0,0.0,0.0,0.0,28.0,1.0,42.0,336.0,120.63333333333334,53.0,0.0,0.0,1.0,0.0,0.0,0.0,0.0,0.0,0.0,0.0,0.0,0.0,0.0,0.0,0.0,0.0,0.0,1.0,0.0,0.0,0.0,1.0,10.0,1.0,0.0,0.0,0.0,0.0,0.0,0.0,28.0,5.6000000000000005,0.0,1.0,0.0,0.0,1.0,1467.0,3.0,1120.0,1120.0,3360.0,3.297169811320756
0.2,1.0,0.0,0.0,0.0,0.0,28.0,1.0,42.0,336.0,120.63333333333334,53.0,0.0,0.0,1.0,0.0,0.0,0.0,0.0,0.0,0.0,0.0,0.0,0.0,0.0,0.0,0.0,0.0,0.0,1.0,0.0,0.0,0.0,1.0,10.0,1.0,0.0,0.0,0.0,0.0,0.0,0.0,28.0,5.6000000000000005,0.0,1.0,0.0,0.0,1.0,349.0,3.0,476.0,476.0,1428.0,2.217169811320756
0.2,1.0,0.0,0.0,0.0,0.0,28.0,1.0,42.0,336.0,120.63333333333334,53.0,0.0,0.0,1.0,0.0,0.0,0.0,0.0,0.0,0.0,0.0,0.0,0.0,0.0,0.0,0.0,0.0,0.0,1.0,0.0,0.0,0.0,1.0,10.0,1.0,0.0,0.0,0.0,0.0,0.0,0.0,28.0,5.6000000000000005,1.0,0.0,0.0,0.0,1.0,175.0,3.0,224.0,224.0,672.0,3.345745944985992
0.2,1.0,0.0,0.0,0.0,0.0,28.0,1.0,42.0,336.0,120.63333333333334,53.0,0.0,0.0,1.0,0.0,0.0,0.0,0.0,0.0,0.0,0.0,0.0,0.0,0.0,0.0,0.0,0.0,0.0,1.0,0.0,0.0,0.0,1.0,10.0,1.0,0.0,0.0,0.0,0.0,0.0,0.0,28.0,5.6000000000000005,0.0,0.0,1.0,0.0,1.0,125.0,3.0,392.0,392.0,1176.0,3.947169811320756
0.2,1.0,0.0,0.0,0.0,0.0,28.0,1.0,42.0,336.0,120.63333333333334,53.0,0.0,0.0,1.0,0.0,0.0,0.0,0.0,0.0,0.0,0.0,0.0,0.0,0.0,0.0,0.0,0.0,0.0,1.0,0.0,0.0,0.0,1.0,10.0,1.0,0.0,0.0,0.0,0.0,0.0,0.0,28.0,5.6000000000000005,0.0,0.0,0.0,1.0,1.0,17.0,3.0,364.0,364.0,1092.0,4.847169811320756
0.2,1.0,0.0,0.0,0.0,0.0,28.0,1.0,42.0,336.0,120.63333333333334,53.0,0.0,0.0,1.0,0.0,0.0,0.0,0.0,0.0,0.0,0.0,0.0,0.0,0.0,0.0,0.0,0.0,0.0,1.0,0.0,0.0,0.0,1.0,10.0,1.0,0.0,0.0,0.0,0.0,0.0,0.0,28.0,5.6000000000000005,0.0,0.0,0.0,1.0,1.0,14.0,3.0,364.0,364.0,1092.0,8.947169811320755
0.2,1.0,0.0,0.0,0.0,0.0,28.0,1.0,42.0,336.0,120.63333333333334,53.0,0.0,0.0,1.0,0.0,0.0,0.0,0.0,0.0,0.0,0.0,0.0,0.0,0.0,0.0,0.0,0.0,0.0,1.0,0.0,0.0,0.0,1.0,10.0,1.0,0.0,0.0,0.0,0.0,0.0,0.0,28.0,5.6000000000000005,0.0,0.0,0.0,1.0,1.0,31.0,3.0,364.0,364.0,1092.0,6.847169811320756
0.2,1.0,0.0,0.0,0.0,0.0,28.0,1.0,42.0,336.0,120.63333333333334,53.0,0.0,0.0,1.0,0.0,0.0,0.0,0.0,0.0,0.0,0.0,0.0,0.0,0.0,0.0,0.0,0.0,0.0,1.0,0.0,0.0,0.0,1.0,10.0,1.0,0.0,0.0,0.0,0.0,0.0,0.0,28.0,5.6000000000000005,0.0,1.0,0.0,0.0,1.0,194.0,3.0,392.0,392.0,1176.0,1.4871698113207552
0.2,1.0,0.0,0.0,0.0,0.0,28.0,1.0,42.0,336.0,120.63333333333334,53.0,0.0,0.0,1.0,0.0,0.0,0.0,0.0,0.0,0.0,0.0,0.0,0.0,0.0,0.0,0.0,0.0,0.0,1.0,0.0,0.0,0.0,1.0,10.0,1.0,0.0,0.0,0.0,0.0,0.0,0.0,28.0,5.6000000000000005,0.0,1.0,0.0,0.0,1.0,117.0,3.0,476.0,476.0,1428.0,2.747169811320755
0.2,1.0,0.0,0.0,0.0,0.0,28.0,1.0,42.0,336.0,120.63333333333334,53.0,0.0,0.0,1.0,0.0,0.0,0.0,0.0,0.0,0.0,0.0,0.0,0.0,0.0,0.0,0.0,0.0,0.0,1.0,0.0,0.0,0.0,1.0,10.0,1.0,0.0,0.0,0.0,0.0,0.0,0.0,28.0,5.6000000000000005,0.0,1.0,0.0,0.0,0.0,19.0,3.0,112.0,112.0,336.0,4.958977332577266
0.2,1.0,0.0,0.0,0.0,0.0,28.0,1.0,42.0,336.0,120.63333333333334,53.0,0.0,0.0,1.0,0.0,0.0,0.0,0.0,0.0,0.0,0.0,0.0,0.0,0.0,0.0,0.0,0.0,0.0,1.0,0.0,0.0,0.0,1.0,10.0,1.0,0.0,0.0,0.0,0.0,0.0,0.0,28.0,5.6000000000000005,0.0,1.0,0.0,0.0,0.0,108.0,3.0,182.0,182.0,546.0,1.7671698113207557
0.2,1.0,0.0,0.0,0.0,0.0,112.0,1.0,56.0,56.0,120.63333333333334,24.0,0.0,0.0,0.0,0.0,0.0,0.0,0.0,0.0,0.0,1.0,0.0,0.0,0.0,0.0,0.0,0.0,0.0,1.0,0.0,0.0,0.0,1.0,9.0,0.0,0.0,1.0,0.0,0.0,0.0,0.0,112.0,22.4,0.0,1.0,0.0,0.0,0.0,96.0,3.0,364.0,364.0,1092.0,36.196666666666665
0.2,1.0,0.0,0.0,0.0,0.0,112.0,1.0,56.0,56.0,120.63333333333334,24.0,0.0,0.0,0.0,0.0,0.0,0.0,0.0,0.0,0.0,1.0,0.0,0.0,0.0,0.0,0.0,0.0,0.0,1.0,0.0,0.0,0.0,1.0,9.0,0.0,0.0,1.0,0.0,0.0,0.0,0.0,112.0,22.4,0.0,1.0,0.0,0.0,0.0,94.0,1.2,140.0,140.0,168.0,39.4594579231314
0.2,1.0,0.0,0.0,0.0,0.0,112.0,1.0,56.0,56.0,120.63333333333334,24.0,0.0,0.0,0.0,0.0,0.0,0.0,0.0,0.0,0.0,1.0,0.0,0.0,0.0,0.0,0.0,0.0,0.0,1.0,0.0,0.0,0.0,1.0,9.0,0.0,0.0,1.0,0.0,0.0,0.0,0.0,112.0,22.4,0.0,1.0,0.0,0.0,0.0,90.0,1.8,140.0,140.0,252.0,38.72950619140136
0.2,1.0,0.0,0.0,0.0,0.0,112.0,1.0,56.0,56.0,120.63333333333334,24.0,0.0,0.0,0.0,0.0,0.0,0.0,0.0,0.0,0.0,1.0,0.0,0.0,0.0,0.0,0.0,0.0,0.0,1.0,0.0,0.0,0.0,1.0,9.0,0.0,0.0,1.0,0.0,0.0,0.0,0.0,112.0,22.4,0.0,1.0,0.0,0.0,0.0,92.0,2.4,140.0,140.0,336.0,38.04259728149594
0.2,1.0,0.0,0.0,0.0,0.0,112.0,1.0,56.0,56.0,120.63333333333334,24.0,0.0,0.0,0.0,0.0,0.0,0.0,0.0,0.0,0.0,1.0,0.0,0.0,0.0,0.0,0.0,0.0,0.0,1.0,0.0,0.0,0.0,1.0,9.0,0.0,0.0,1.0,0.0,0.0,0.0,0.0,112.0,22.4,0.0,1.0,0.0,0.0,0.0,92.0,3.0,140.0,140.0,420.0,36.95504255979487
0.2,1.0,0.0,0.0,0.0,0.0,112.0,1.0,56.0,56.0,120.63333333333334,24.0,0.0,0.0,0.0,0.0,0.0,0.0,0.0,0.0,0.0,1.0,0.0,0.0,0.0,0.0,0.0,0.0,0.0,1.0,0.0,0.0,0.0,1.0,9.0,0.0,0.0,1.0,0.0,0.0,0.0,0.0,112.0,22.4,0.0,1.0,0.0,0.0,0.0,29.0,3.0,280.0,280.0,840.0,38.16666666666666
0.2,1.0,0.0,0.0,0.0,0.0,112.0,1.0,56.0,56.0,120.63333333333334,24.0,0.0,0.0,0.0,0.0,0.0,0.0,0.0,0.0,0.0,1.0,0.0,0.0,0.0,0.0,0.0,0.0,0.0,1.0,0.0,0.0,0.0,1.0,9.0,0.0,0.0,1.0,0.0,0.0,0.0,0.0,112.0,22.4,0.0,1.0,0.0,0.0,1.0,412.0,3.0,392.0,392.0,1176.0,37.766666666666666
0.2,1.0,0.0,0.0,0.0,0.0,112.0,1.0,56.0,56.0,120.63333333333334,24.0,0.0,0.0,0.0,0.0,0.0,0.0,0.0,0.0,0.0,1.0,0.0,0.0,0.0,0.0,0.0,0.0,0.0,1.0,0.0,0.0,0.0,1.0,9.0,0.0,0.0,1.0,0.0,0.0,0.0,0.0,112.0,22.4,0.0,1.0,0.0,0.0,1.0,204.0,1.8,392.0,392.0,705.6,39.06666666666666
0.2,1.0,0.0,0.0,0.0,0.0,112.0,1.0,56.0,56.0,120.63333333333334,24.0,0.0,0.0,0.0,0.0,0.0,0.0,0.0,0.0,0.0,1.0,0.0,0.0,0.0,0.0,0.0,0.0,0.0,1.0,0.0,0.0,0.0,1.0,9.0,0.0,0.0,1.0,0.0,0.0,0.0,0.0,112.0,22.4,0.0,1.0,0.0,0.0,1.0,2432.0,3.0,392.0,392.0,1176.0,36.306666666666665
0.2,1.0,0.0,0.0,0.0,0.0,112.0,1.0,56.0,56.0,120.63333333333334,24.0,0.0,0.0,0.0,0.0,0.0,0.0,0.0,0.0,0.0,1.0,0.0,0.0,0.0,0.0,0.0,0.0,0.0,1.0,0.0,0.0,0.0,1.0,9.0,0.0,0.0,1.0,0.0,0.0,0.0,0.0,112.0,22.4,0.0,1.0,0.0,0.0,1.0,1467.0,3.0,1120.0,1120.0,3360.0,37.41666666666666
0.2,1.0,0.0,0.0,0.0,0.0,112.0,1.0,56.0,56.0,120.63333333333334,24.0,0.0,0.0,0.0,0.0,0.0,0.0,0.0,0.0,0.0,1.0,0.0,0.0,0.0,0.0,0.0,0.0,0.0,1.0,0.0,0.0,0.0,1.0,9.0,0.0,0.0,1.0,0.0,0.0,0.0,0.0,112.0,22.4,0.0,1.0,0.0,0.0,1.0,349.0,3.0,476.0,476.0,1428.0,36.336666666666666
0.2,1.0,0.0,0.0,0.0,0.0,112.0,1.0,56.0,56.0,120.63333333333334,24.0,0.0,0.0,0.0,0.0,0.0,0.0,0.0,0.0,0.0,1.0,0.0,0.0,0.0,0.0,0.0,0.0,0.0,1.0,0.0,0.0,0.0,1.0,9.0,0.0,0.0,1.0,0.0,0.0,0.0,0.0,112.0,22.4,1.0,0.0,0.0,0.0,1.0,175.0,3.0,224.0,224.0,672.0,37.4652428003319
0.2,1.0,0.0,0.0,0.0,0.0,112.0,1.0,56.0,56.0,120.63333333333334,24.0,0.0,0.0,0.0,0.0,0.0,0.0,0.0,0.0,0.0,1.0,0.0,0.0,0.0,0.0,0.0,0.0,0.0,1.0,0.0,0.0,0.0,1.0,9.0,0.0,0.0,1.0,0.0,0.0,0.0,0.0,112.0,22.4,0.0,0.0,1.0,0.0,1.0,125.0,3.0,392.0,392.0,1176.0,38.06666666666666
0.2,1.0,0.0,0.0,0.0,0.0,112.0,1.0,56.0,56.0,120.63333333333334,24.0,0.0,0.0,0.0,0.0,0.0,0.0,0.0,0.0,0.0,1.0,0.0,0.0,0.0,0.0,0.0,0.0,0.0,1.0,0.0,0.0,0.0,1.0,9.0,0.0,0.0,1.0,0.0,0.0,0.0,0.0,112.0,22.4,0.0,0.0,0.0,1.0,1.0,17.0,3.0,364.0,364.0,1092.0,38.96666666666666
0.2,1.0,0.0,0.0,0.0,0.0,112.0,1.0,56.0,56.0,120.63333333333334,24.0,0.0,0.0,0.0,0.0,0.0,0.0,0.0,0.0,0.0,1.0,0.0,0.0,0.0,0.0,0.0,0.0,0.0,1.0,0.0,0.0,0.0,1.0,9.0,0.0,0.0,1.0,0.0,0.0,0.0,0.0,112.0,22.4,0.0,0.0,0.0,1.0,1.0,14.0,3.0,364.0,364.0,1092.0,43.06666666666666
0.2,1.0,0.0,0.0,0.0,0.0,112.0,1.0,56.0,56.0,120.63333333333334,24.0,0.0,0.0,0.0,0.0,0.0,0.0,0.0,0.0,0.0,1.0,0.0,0.0,0.0,0.0,0.0,0.0,0.0,1.0,0.0,0.0,0.0,1.0,9.0,0.0,0.0,1.0,0.0,0.0,0.0,0.0,112.0,22.4,0.0,0.0,0.0,1.0,1.0,31.0,3.0,364.0,364.0,1092.0,40.96666666666666
0.2,1.0,0.0,0.0,0.0,0.0,112.0,1.0,56.0,56.0,120.63333333333334,24.0,0.0,0.0,0.0,0.0,0.0,0.0,0.0,0.0,0.0,1.0,0.0,0.0,0.0,0.0,0.0,0.0,0.0,1.0,0.0,0.0,0.0,1.0,9.0,0.0,0.0,1.0,0.0,0.0,0.0,0.0,112.0,22.4,0.0,1.0,0.0,0.0,1.0,194.0,3.0,392.0,392.0,1176.0,35.60666666666666
0.2,1.0,0.0,0.0,0.0,0.0,112.0,1.0,56.0,56.0,120.63333333333334,24.0,0.0,0.0,0.0,0.0,0.0,0.0,0.0,0.0,0.0,1.0,0.0,0.0,0.0,0.0,0.0,0.0,0.0,1.0,0.0,0.0,0.0,1.0,9.0,0.0,0.0,1.0,0.0,0.0,0.0,0.0,112.0,22.4,0.0,1.0,0.0,0.0,1.0,117.0,3.0,476.0,476.0,1428.0,36.86666666666666
0.2,1.0,0.0,0.0,0.0,0.0,112.0,1.0,56.0,56.0,120.63333333333334,24.0,0.0,0.0,0.0,0.0,0.0,0.0,0.0,0.0,0.0,1.0,0.0,0.0,0.0,0.0,0.0,0.0,0.0,1.0,0.0,0.0,0.0,1.0,9.0,0.0,0.0,1.0,0.0,0.0,0.0,0.0,112.0,22.4,0.0,1.0,0.0,0.0,0.0,19.0,3.0,112.0,112.0,336.0,39.07847418792318
0.2,1.0,0.0,0.0,0.0,0.0,112.0,1.0,56.0,56.0,120.63333333333334,24.0,0.0,0.0,0.0,0.0,0.0,0.0,0.0,0.0,0.0,1.0,0.0,0.0,0.0,0.0,0.0,0.0,0.0,1.0,0.0,0.0,0.0,1.0,9.0,0.0,0.0,1.0,0.0,0.0,0.0,0.0,112.0,22.4,0.0,1.0,0.0,0.0,0.0,108.0,3.0,182.0,182.0,546.0,35.88666666666666
0.09,1.0,0.0,0.0,0.0,0.0,7.0,1.0,211.625,300.0,120.63333333333334,533.1776470588235,0.0,1.0,0.0,0.0,0.0,0.0,0.0,0.0,0.0,0.0,0.0,0.0,0.0,0.0,0.0,0.0,0.0,1.0,0.0,0.0,0.0,1.0,8.0,1.0,0.0,0.0,0.0,0.0,0.0,0.0,7.0,0.63,0.0,1.0,0.0,0.0,0.0,96.0,3.0,364.0,364.0,1092.0,1.63
0.09,1.0,0.0,0.0,0.0,0.0,7.0,1.0,211.625,300.0,120.63333333333334,533.1776470588235,0.0,1.0,0.0,0.0,0.0,0.0,0.0,0.0,0.0,0.0,0.0,0.0,0.0,0.0,0.0,0.0,0.0,1.0,0.0,0.0,0.0,1.0,8.0,1.0,0.0,0.0,0.0,0.0,0.0,0.0,7.0,0.63,0.0,1.0,0.0,0.0,0.0,94.0,1.2,140.0,140.0,168.0,4.892791256464731
0.09,1.0,0.0,0.0,0.0,0.0,7.0,1.0,211.625,300.0,120.63333333333334,533.1776470588235,0.0,1.0,0.0,0.0,0.0,0.0,0.0,0.0,0.0,0.0,0.0,0.0,0.0,0.0,0.0,0.0,0.0,1.0,0.0,0.0,0.0,1.0,8.0,1.0,0.0,0.0,0.0,0.0,0.0,0.0,7.0,0.63,0.0,1.0,0.0,0.0,0.0,90.0,1.8,140.0,140.0,252.0,4.162839524734694
0.09,1.0,0.0,0.0,0.0,0.0,7.0,1.0,211.625,300.0,120.63333333333334,533.1776470588235,0.0,1.0,0.0,0.0,0.0,0.0,0.0,0.0,0.0,0.0,0.0,0.0,0.0,0.0,0.0,0.0,0.0,1.0,0.0,0.0,0.0,1.0,8.0,1.0,0.0,0.0,0.0,0.0,0.0,0.0,7.0,0.63,0.0,1.0,0.0,0.0,0.0,92.0,2.4,140.0,140.0,336.0,3.475930614829269
0.09,1.0,0.0,0.0,0.0,0.0,7.0,1.0,211.625,300.0,120.63333333333334,533.1776470588235,0.0,1.0,0.0,0.0,0.0,0.0,0.0,0.0,0.0,0.0,0.0,0.0,0.0,0.0,0.0,0.0,0.0,1.0,0.0,0.0,0.0,1.0,8.0,1.0,0.0,0.0,0.0,0.0,0.0,0.0,7.0,0.63,0.0,1.0,0.0,0.0,0.0,92.0,3.0,140.0,140.0,420.0,2.388375893128206
0.09,1.0,0.0,0.0,0.0,0.0,7.0,1.0,211.625,300.0,120.63333333333334,533.1776470588235,0.0,1.0,0.0,0.0,0.0,0.0,0.0,0.0,0.0,0.0,0.0,0.0,0.0,0.0,0.0,0.0,0.0,1.0,0.0,0.0,0.0,1.0,8.0,1.0,0.0,0.0,0.0,0.0,0.0,0.0,7.0,0.63,0.0,1.0,0.0,0.0,0.0,29.0,3.0,280.0,280.0,840.0,3.6
0.09,1.0,0.0,0.0,0.0,0.0,7.0,1.0,211.625,300.0,120.63333333333334,533.1776470588235,0.0,1.0,0.0,0.0,0.0,0.0,0.0,0.0,0.0,0.0,0.0,0.0,0.0,0.0,0.0,0.0,0.0,1.0,0.0,0.0,0.0,1.0,8.0,1.0,0.0,0.0,0.0,0.0,0.0,0.0,7.0,0.63,0.0,1.0,0.0,0.0,1.0,412.0,3.0,392.0,392.0,1176.0,3.2
0.09,1.0,0.0,0.0,0.0,0.0,7.0,1.0,211.625,300.0,120.63333333333334,533.1776470588235,0.0,1.0,0.0,0.0,0.0,0.0,0.0,0.0,0.0,0.0,0.0,0.0,0.0,0.0,0.0,0.0,0.0,1.0,0.0,0.0,0.0,1.0,8.0,1.0,0.0,0.0,0.0,0.0,0.0,0.0,7.0,0.63,0.0,1.0,0.0,0.0,1.0,204.0,1.8,392.0,392.0,705.6,4.5
0.09,1.0,0.0,0.0,0.0,0.0,7.0,1.0,211.625,300.0,120.63333333333334,533.1776470588235,0.0,1.0,0.0,0.0,0.0,0.0,0.0,0.0,0.0,0.0,0.0,0.0,0.0,0.0,0.0,0.0,0.0,1.0,0.0,0.0,0.0,1.0,8.0,1.0,0.0,0.0,0.0,0.0,0.0,0.0,7.0,0.63,0.0,1.0,0.0,0.0,1.0,2432.0,3.0,392.0,392.0,1176.0,1.739999999999999
0.09,1.0,0.0,0.0,0.0,0.0,7.0,1.0,211.625,300.0,120.63333333333334,533.1776470588235,0.0,1.0,0.0,0.0,0.0,0.0,0.0,0.0,0.0,0.0,0.0,0.0,0.0,0.0,0.0,0.0,0.0,1.0,0.0,0.0,0.0,1.0,8.0,1.0,0.0,0.0,0.0,0.0,0.0,0.0,7.0,0.63,0.0,1.0,0.0,0.0,1.0,1467.0,3.0,1120.0,1120.0,3360.0,2.85
0.09,1.0,0.0,0.0,0.0,0.0,7.0,1.0,211.625,300.0,120.63333333333334,533.1776470588235,0.0,1.0,0.0,0.0,0.0,0.0,0.0,0.0,0.0,0.0,0.0,0.0,0.0,0.0,0.0,0.0,0.0,1.0,0.0,0.0,0.0,1.0,8.0,1.0,0.0,0.0,0.0,0.0,0.0,0.0,7.0,0.63,0.0,1.0,0.0,0.0,1.0,349.0,3.0,476.0,476.0,1428.0,1.7699999999999996
0.09,1.0,0.0,0.0,0.0,0.0,7.0,1.0,211.625,300.0,120.63333333333334,533.1776470588235,0.0,1.0,0.0,0.0,0.0,0.0,0.0,0.0,0.0,0.0,0.0,0.0,0.0,0.0,0.0,0.0,0.0,1.0,0.0,0.0,0.0,1.0,8.0,1.0,0.0,0.0,0.0,0.0,0.0,0.0,7.0,0.63,1.0,0.0,0.0,0.0,1.0,175.0,3.0,224.0,224.0,672.0,2.898576133665236
0.09,1.0,0.0,0.0,0.0,0.0,7.0,1.0,211.625,300.0,120.63333333333334,533.1776470588235,0.0,1.0,0.0,0.0,0.0,0.0,0.0,0.0,0.0,0.0,0.0,0.0,0.0,0.0,0.0,0.0,0.0,1.0,0.0,0.0,0.0,1.0,8.0,1.0,0.0,0.0,0.0,0.0,0.0,0.0,7.0,0.63,0.0,0.0,1.0,0.0,1.0,125.0,3.0,392.0,392.0,1176.0,3.5
0.09,1.0,0.0,0.0,0.0,0.0,7.0,1.0,211.625,300.0,120.63333333333334,533.1776470588235,0.0,1.0,0.0,0.0,0.0,0.0,0.0,0.0,0.0,0.0,0.0,0.0,0.0,0.0,0.0,0.0,0.0,1.0,0.0,0.0,0.0,1.0,8.0,1.0,0.0,0.0,0.0,0.0,0.0,0.0,7.0,0.63,0.0,0.0,0.0,1.0,1.0,17.0,3.0,364.0,364.0,1092.0,4.4
0.09,1.0,0.0,0.0,0.0,0.0,7.0,1.0,211.625,300.0,120.63333333333334,533.1776470588235,0.0,1.0,0.0,0.0,0.0,0.0,0.0,0.0,0.0,0.0,0.0,0.0,0.0,0.0,0.0,0.0,0.0,1.0,0.0,0.0,0.0,1.0,8.0,1.0,0.0,0.0,0.0,0.0,0.0,0.0,7.0,0.63,0.0,0.0,0.0,1.0,1.0,14.0,3.0,364.0,364.0,1092.0,8.5
0.09,1.0,0.0,0.0,0.0,0.0,7.0,1.0,211.625,300.0,120.63333333333334,533.1776470588235,0.0,1.0,0.0,0.0,0.0,0.0,0.0,0.0,0.0,0.0,0.0,0.0,0.0,0.0,0.0,0.0,0.0,1.0,0.0,0.0,0.0,1.0,8.0,1.0,0.0,0.0,0.0,0.0,0.0,0.0,7.0,0.63,0.0,0.0,0.0,1.0,1.0,31.0,3.0,364.0,364.0,1092.0,6.4
0.09,1.0,0.0,0.0,0.0,0.0,7.0,1.0,211.625,300.0,120.63333333333334,533.1776470588235,0.0,1.0,0.0,0.0,0.0,0.0,0.0,0.0,0.0,0.0,0.0,0.0,0.0,0.0,0.0,0.0,0.0,1.0,0.0,0.0,0.0,1.0,8.0,1.0,0.0,0.0,0.0,0.0,0.0,0.0,7.0,0.63,0.0,1.0,0.0,0.0,1.0,194.0,3.0,392.0,392.0,1176.0,1.0399999999999991
0.09,1.0,0.0,0.0,0.0,0.0,7.0,1.0,211.625,300.0,120.63333333333334,533.1776470588235,0.0,1.0,0.0,0.0,0.0,0.0,0.0,0.0,0.0,0.0,0.0,0.0,0.0,0.0,0.0,0.0,0.0,1.0,0.0,0.0,0.0,1.0,8.0,1.0,0.0,0.0,0.0,0.0,0.0,0.0,7.0,0.63,0.0,1.0,0.0,0.0,1.0,117.0,3.0,476.0,476.0,1428.0,2.299999999999999
0.09,1.0,0.0,0.0,0.0,0.0,7.0,1.0,211.625,300.0,120.63333333333334,533.1776470588235,0.0,1.0,0.0,0.0,0.0,0.0,0.0,0.0,0.0,0.0,0.0,0.0,0.0,0.0,0.0,0.0,0.0,1.0,0.0,0.0,0.0,1.0,8.0,1.0,0.0,0.0,0.0,0.0,0.0,0.0,7.0,0.63,0.0,1.0,0.0,0.0,0.0,19.0,3.0,112.0,112.0,336.0,4.511807521256509
0.09,1.0,0.0,0.0,0.0,0.0,7.0,1.0,211.625,300.0,120.63333333333334,533.1776470588235,0.0,1.0,0.0,0.0,0.0,0.0,0.0,0.0,0.0,0.0,0.0,0.0,0.0,0.0,0.0,0.0,0.0,1.0,0.0,0.0,0.0,1.0,8.0,1.0,0.0,0.0,0.0,0.0,0.0,0.0,7.0,0.63,0.0,1.0,0.0,0.0,0.0,108.0,3.0,182.0,182.0,546.0,1.3199999999999994
0.4,1.0,0.0,0.0,0.0,0.0,26.0,1.0,28.0,112.0,120.63333333333334,533.1776470588235,0.0,0.0,0.0,0.0,0.0,1.0,0.0,0.0,0.0,0.0,0.0,0.0,0.0,0.0,0.0,0.0,0.0,1.0,0.0,0.0,0.0,1.0,16.0,1.0,0.0,0.0,0.0,0.0,0.0,0.0,26.0,10.4,0.0,1.0,0.0,0.0,0.0,96.0,3.0,364.0,364.0,1092.0,6.56
0.4,1.0,0.0,0.0,0.0,0.0,26.0,1.0,28.0,112.0,120.63333333333334,533.1776470588235,0.0,0.0,0.0,0.0,0.0,1.0,0.0,0.0,0.0,0.0,0.0,0.0,0.0,0.0,0.0,0.0,0.0,1.0,0.0,0.0,0.0,1.0,16.0,1.0,0.0,0.0,0.0,0.0,0.0,0.0,26.0,10.4,0.0,1.0,0.0,0.0,0.0,94.0,1.2,140.0,140.0,168.0,9.82279125646473
0.4,1.0,0.0,0.0,0.0,0.0,26.0,1.0,28.0,112.0,120.63333333333334,533.1776470588235,0.0,0.0,0.0,0.0,0.0,1.0,0.0,0.0,0.0,0.0,0.0,0.0,0.0,0.0,0.0,0.0,0.0,1.0,0.0,0.0,0.0,1.0,16.0,1.0,0.0,0.0,0.0,0.0,0.0,0.0,26.0,10.4,0.0,1.0,0.0,0.0,0.0,90.0,1.8,140.0,140.0,252.0,9.092839524734693
0.4,1.0,0.0,0.0,0.0,0.0,26.0,1.0,28.0,112.0,120.63333333333334,533.1776470588235,0.0,0.0,0.0,0.0,0.0,1.0,0.0,0.0,0.0,0.0,0.0,0.0,0.0,0.0,0.0,0.0,0.0,1.0,0.0,0.0,0.0,1.0,16.0,1.0,0.0,0.0,0.0,0.0,0.0,0.0,26.0,10.4,0.0,1.0,0.0,0.0,0.0,92.0,2.4,140.0,140.0,336.0,8.40593061482927
0.4,1.0,0.0,0.0,0.0,0.0,26.0,1.0,28.0,112.0,120.63333333333334,533.1776470588235,0.0,0.0,0.0,0.0,0.0,1.0,0.0,0.0,0.0,0.0,0.0,0.0,0.0,0.0,0.0,0.0,0.0,1.0,0.0,0.0,0.0,1.0,16.0,1.0,0.0,0.0,0.0,0.0,0.0,0.0,26.0,10.4,0.0,1.0,0.0,0.0,0.0,92.0,3.0,140.0,140.0,420.0,7.318375893128206
0.4,1.0,0.0,0.0,0.0,0.0,26.0,1.0,28.0,112.0,120.63333333333334,533.1776470588235,0.0,0.0,0.0,0.0,0.0,1.0,0.0,0.0,0.0,0.0,0.0,0.0,0.0,0.0,0.0,0.0,0.0,1.0,0.0,0.0,0.0,1.0,16.0,1.0,0.0,0.0,0.0,0.0,0.0,0.0,26.0,10.4,0.0,1.0,0.0,0.0,0.0,29.0,3.0,280.0,280.0,840.0,8.53
0.4,1.0,0.0,0.0,0.0,0.0,26.0,1.0,28.0,112.0,120.63333333333334,533.1776470588235,0.0,0.0,0.0,0.0,0.0,1.0,0.0,0.0,0.0,0.0,0.0,0.0,0.0,0.0,0.0,0.0,0.0,1.0,0.0,0.0,0.0,1.0,16.0,1.0,0.0,0.0,0.0,0.0,0.0,0.0,26.0,10.4,0.0,1.0,0.0,0.0,1.0,412.0,3.0,392.0,392.0,1176.0,8.129999999999999
0.4,1.0,0.0,0.0,0.0,0.0,26.0,1.0,28.0,112.0,120.63333333333334,533.1776470588235,0.0,0.0,0.0,0.0,0.0,1.0,0.0,0.0,0.0,0.0,0.0,0.0,0.0,0.0,0.0,0.0,0.0,1.0,0.0,0.0,0.0,1.0,16.0,1.0,0.0,0.0,0.0,0.0,0.0,0.0,26.0,10.4,0.0,1.0,0.0,0.0,1.0,204.0,1.8,392.0,392.0,705.6,9.43
0.4,1.0,0.0,0.0,0.0,0.0,26.0,1.0,28.0,112.0,120.63333333333334,533.1776470588235,0.0,0.0,0.0,0.0,0.0,1.0,0.0,0.0,0.0,0.0,0.0,0.0,0.0,0.0,0.0,0.0,0.0,1.0,0.0,0.0,0.0,1.0,16.0,1.0,0.0,0.0,0.0,0.0,0.0,0.0,26.0,10.4,0.0,1.0,0.0,0.0,1.0,2432.0,3.0,392.0,392.0,1176.0,6.669999999999999
0.4,1.0,0.0,0.0,0.0,0.0,26.0,1.0,28.0,112.0,120.63333333333334,533.1776470588235,0.0,0.0,0.0,0.0,0.0,1.0,0.0,0.0,0.0,0.0,0.0,0.0,0.0,0.0,0.0,0.0,0.0,1.0,0.0,0.0,0.0,1.0,16.0,1.0,0.0,0.0,0.0,0.0,0.0,0.0,26.0,10.4,0.0,1.0,0.0,0.0,1.0,1467.0,3.0,1120.0,1120.0,3360.0,7.779999999999999
0.4,1.0,0.0,0.0,0.0,0.0,26.0,1.0,28.0,112.0,120.63333333333334,533.1776470588235,0.0,0.0,0.0,0.0,0.0,1.0,0.0,0.0,0.0,0.0,0.0,0.0,0.0,0.0,0.0,0.0,0.0,1.0,0.0,0.0,0.0,1.0,16.0,1.0,0.0,0.0,0.0,0.0,0.0,0.0,26.0,10.4,0.0,1.0,0.0,0.0,1.0,349.0,3.0,476.0,476.0,1428.0,6.699999999999999
0.4,1.0,0.0,0.0,0.0,0.0,26.0,1.0,28.0,112.0,120.63333333333334,533.1776470588235,0.0,0.0,0.0,0.0,0.0,1.0,0.0,0.0,0.0,0.0,0.0,0.0,0.0,0.0,0.0,0.0,0.0,1.0,0.0,0.0,0.0,1.0,16.0,1.0,0.0,0.0,0.0,0.0,0.0,0.0,26.0,10.4,1.0,0.0,0.0,0.0,1.0,175.0,3.0,224.0,224.0,672.0,7.828576133665235
0.4,1.0,0.0,0.0,0.0,0.0,26.0,1.0,28.0,112.0,120.63333333333334,533.1776470588235,0.0,0.0,0.0,0.0,0.0,1.0,0.0,0.0,0.0,0.0,0.0,0.0,0.0,0.0,0.0,0.0,0.0,1.0,0.0,0.0,0.0,1.0,16.0,1.0,0.0,0.0,0.0,0.0,0.0,0.0,26.0,10.4,0.0,0.0,1.0,0.0,1.0,125.0,3.0,392.0,392.0,1176.0,8.43
0.4,1.0,0.0,0.0,0.0,0.0,26.0,1.0,28.0,112.0,120.63333333333334,533.1776470588235,0.0,0.0,0.0,0.0,0.0,1.0,0.0,0.0,0.0,0.0,0.0,0.0,0.0,0.0,0.0,0.0,0.0,1.0,0.0,0.0,0.0,1.0,16.0,1.0,0.0,0.0,0.0,0.0,0.0,0.0,26.0,10.4,0.0,0.0,0.0,1.0,1.0,17.0,3.0,364.0,364.0,1092.0,9.33
0.4,1.0,0.0,0.0,0.0,0.0,26.0,1.0,28.0,112.0,120.63333333333334,533.1776470588235,0.0,0.0,0.0,0.0,0.0,1.0,0.0,0.0,0.0,0.0,0.0,0.0,0.0,0.0,0.0,0.0,0.0,1.0,0.0,0.0,0.0,1.0,16.0,1.0,0.0,0.0,0.0,0.0,0.0,0.0,26.0,10.4,0.0,0.0,0.0,1.0,1.0,14.0,3.0,364.0,364.0,1092.0,13.43
0.4,1.0,0.0,0.0,0.0,0.0,26.0,1.0,28.0,112.0,120.63333333333334,533.1776470588235,0.0,0.0,0.0,0.0,0.0,1.0,0.0,0.0,0.0,0.0,0.0,0.0,0.0,0.0,0.0,0.0,0.0,1.0,0.0,0.0,0.0,1.0,16.0,1.0,0.0,0.0,0.0,0.0,0.0,0.0,26.0,10.4,0.0,0.0,0.0,1.0,1.0,31.0,3.0,364.0,364.0,1092.0,11.33
0.4,1.0,0.0,0.0,0.0,0.0,26.0,1.0,28.0,112.0,120.63333333333334,533.1776470588235,0.0,0.0,0.0,0.0,0.0,1.0,0.0,0.0,0.0,0.0,0.0,0.0,0.0,0.0,0.0,0.0,0.0,1.0,0.0,0.0,0.0,1.0,16.0,1.0,0.0,0.0,0.0,0.0,0.0,0.0,26.0,10.4,0.0,1.0,0.0,0.0,1.0,194.0,3.0,392.0,392.0,1176.0,5.969999999999999
0.4,1.0,0.0,0.0,0.0,0.0,26.0,1.0,28.0,112.0,120.63333333333334,533.1776470588235,0.0,0.0,0.0,0.0,0.0,1.0,0.0,0.0,0.0,0.0,0.0,0.0,0.0,0.0,0.0,0.0,0.0,1.0,0.0,0.0,0.0,1.0,16.0,1.0,0.0,0.0,0.0,0.0,0.0,0.0,26.0,10.4,0.0,1.0,0.0,0.0,1.0,117.0,3.0,476.0,476.0,1428.0,7.229999999999999
0.4,1.0,0.0,0.0,0.0,0.0,26.0,1.0,28.0,112.0,120.63333333333334,533.1776470588235,0.0,0.0,0.0,0.0,0.0,1.0,0.0,0.0,0.0,0.0,0.0,0.0,0.0,0.0,0.0,0.0,0.0,1.0,0.0,0.0,0.0,1.0,16.0,1.0,0.0,0.0,0.0,0.0,0.0,0.0,26.0,10.4,0.0,1.0,0.0,0.0,0.0,19.0,3.0,112.0,112.0,336.0,9.441807521256507
0.4,1.0,0.0,0.0,0.0,0.0,26.0,1.0,28.0,112.0,120.63333333333334,533.1776470588235,0.0,0.0,0.0,0.0,0.0,1.0,0.0,0.0,0.0,0.0,0.0,0.0,0.0,0.0,0.0,0.0,0.0,1.0,0.0,0.0,0.0,1.0,16.0,1.0,0.0,0.0,0.0,0.0,0.0,0.0,26.0,10.4,0.0,1.0,0.0,0.0,0.0,108.0,3.0,182.0,182.0,546.0,6.249999999999999
0.4,1.0,0.0,0.0,0.0,0.0,26.0,1.0,28.0,112.0,120.63333333333334,533.1776470588235,0.0,0.0,0.0,0.0,1.0,0.0,0.0,0.0,0.0,0.0,0.0,0.0,0.0,0.0,0.0,0.0,0.0,1.0,0.0,0.0,0.0,1.0,23.0,1.0,0.0,0.0,0.0,0.0,0.0,0.0,26.0,10.4,0.0,1.0,0.0,0.0,0.0,96.0,3.0,364.0,364.0,1092.0,8.530000000000001
0.4,1.0,0.0,0.0,0.0,0.0,26.0,1.0,28.0,112.0,120.63333333333334,533.1776470588235,0.0,0.0,0.0,0.0,1.0,0.0,0.0,0.0,0.0,0.0,0.0,0.0,0.0,0.0,0.0,0.0,0.0,1.0,0.0,0.0,0.0,1.0,23.0,1.0,0.0,0.0,0.0,0.0,0.0,0.0,26.0,10.4,0.0,1.0,0.0,0.0,0.0,94.0,1.2,140.0,140.0,168.0,11.792791256464731
0.4,1.0,0.0,0.0,0.0,0.0,26.0,1.0,28.0,112.0,120.63333333333334,533.1776470588235,0.0,0.0,0.0,0.0,1.0,0.0,0.0,0.0,0.0,0.0,0.0,0.0,0.0,0.0,0.0,0.0,0.0,1.0,0.0,0.0,0.0,1.0,23.0,1.0,0.0,0.0,0.0,0.0,0.0,0.0,26.0,10.4,0.0,1.0,0.0,0.0,0.0,90.0,1.8,140.0,140.0,252.0,11.062839524734695
0.4,1.0,0.0,0.0,0.0,0.0,26.0,1.0,28.0,112.0,120.63333333333334,533.1776470588235,0.0,0.0,0.0,0.0,1.0,0.0,0.0,0.0,0.0,0.0,0.0,0.0,0.0,0.0,0.0,0.0,0.0,1.0,0.0,0.0,0.0,1.0,23.0,1.0,0.0,0.0,0.0,0.0,0.0,0.0,26.0,10.4,0.0,1.0,0.0,0.0,0.0,92.0,2.4,140.0,140.0,336.0,10.375930614829269
0.4,1.0,0.0,0.0,0.0,0.0,26.0,1.0,28.0,112.0,120.63333333333334,533.1776470588235,0.0,0.0,0.0,0.0,1.0,0.0,0.0,0.0,0.0,0.0,0.0,0.0,0.0,0.0,0.0,0.0,0.0,1.0,0.0,0.0,0.0,1.0,23.0,1.0,0.0,0.0,0.0,0.0,0.0,0.0,26.0,10.4,0.0,1.0,0.0,0.0,0.0,92.0,3.0,140.0,140.0,420.0,9.288375893128206
0.4,1.0,0.0,0.0,0.0,0.0,26.0,1.0,28.0,112.0,120.63333333333334,533.1776470588235,0.0,0.0,0.0,0.0,1.0,0.0,0.0,0.0,0.0,0.0,0.0,0.0,0.0,0.0,0.0,0.0,0.0,1.0,0.0,0.0,0.0,1.0,23.0,1.0,0.0,0.0,0.0,0.0,0.0,0.0,26.0,10.4,0.0,1.0,0.0,0.0,0.0,29.0,3.0,280.0,280.0,840.0,10.5
0.4,1.0,0.0,0.0,0.0,0.0,26.0,1.0,28.0,112.0,120.63333333333334,533.1776470588235,0.0,0.0,0.0,0.0,1.0,0.0,0.0,0.0,0.0,0.0,0.0,0.0,0.0,0.0,0.0,0.0,0.0,1.0,0.0,0.0,0.0,1.0,23.0,1.0,0.0,0.0,0.0,0.0,0.0,0.0,26.0,10.4,0.0,1.0,0.0,0.0,1.0,412.0,3.0,392.0,392.0,1176.0,10.1
0.4,1.0,0.0,0.0,0.0,0.0,26.0,1.0,28.0,112.0,120.63333333333334,533.1776470588235,0.0,0.0,0.0,0.0,1.0,0.0,0.0,0.0,0.0,0.0,0.0,0.0,0.0,0.0,0.0,0.0,0.0,1.0,0.0,0.0,0.0,1.0,23.0,1.0,0.0,0.0,0.0,0.0,0.0,0.0,26.0,10.4,0.0,1.0,0.0,0.0,1.0,204.0,1.8,392.0,392.0,705.6,11.4
0.4,1.0,0.0,0.0,0.0,0.0,26.0,1.0,28.0,112.0,120.63333333333334,533.1776470588235,0.0,0.0,0.0,0.0,1.0,0.0,0.0,0.0,0.0,0.0,0.0,0.0,0.0,0.0,0.0,0.0,0.0,1.0,0.0,0.0,0.0,1.0,23.0,1.0,0.0,0.0,0.0,0.0,0.0,0.0,26.0,10.4,0.0,1.0,0.0,0.0,1.0,2432.0,3.0,392.0,392.0,1176.0,8.64
0.4,1.0,0.0,0.0,0.0,0.0,26.0,1.0,28.0,112.0,120.63333333333334,533.1776470588235,0.0,0.0,0.0,0.0,1.0,0.0,0.0,0.0,0.0,0.0,0.0,0.0,0.0,0.0,0.0,0.0,0.0,1.0,0.0,0.0,0.0,1.0,23.0,1.0,0.0,0.0,0.0,0.0,0.0,0.0,26.0,10.4,0.0,1.0,0.0,0.0,1.0,1467.0,3.0,1120.0,1120.0,3360.0,9.75
0.4,1.0,0.0,0.0,0.0,0.0,26.0,1.0,28.0,112.0,120.63333333333334,533.1776470588235,0.0,0.0,0.0,0.0,1.0,0.0,0.0,0.0,0.0,0.0,0.0,0.0,0.0,0.0,0.0,0.0,0.0,1.0,0.0,0.0,0.0,1.0,23.0,1.0,0.0,0.0,0.0,0.0,0.0,0.0,26.0,10.4,0.0,1.0,0.0,0.0,1.0,349.0,3.0,476.0,476.0,1428.0,8.67
0.4,1.0,0.0,0.0,0.0,0.0,26.0,1.0,28.0,112.0,120.63333333333334,533.1776470588235,0.0,0.0,0.0,0.0,1.0,0.0,0.0,0.0,0.0,0.0,0.0,0.0,0.0,0.0,0.0,0.0,0.0,1.0,0.0,0.0,0.0,1.0,23.0,1.0,0.0,0.0,0.0,0.0,0.0,0.0,26.0,10.4,1.0,0.0,0.0,0.0,1.0,175.0,3.0,224.0,224.0,672.0,9.798576133665236
0.4,1.0,0.0,0.0,0.0,0.0,26.0,1.0,28.0,112.0,120.63333333333334,533.1776470588235,0.0,0.0,0.0,0.0,1.0,0.0,0.0,0.0,0.0,0.0,0.0,0.0,0.0,0.0,0.0,0.0,0.0,1.0,0.0,0.0,0.0,1.0,23.0,1.0,0.0,0.0,0.0,0.0,0.0,0.0,26.0,10.4,0.0,0.0,1.0,0.0,1.0,125.0,3.0,392.0,392.0,1176.0,10.4
0.4,1.0,0.0,0.0,0.0,0.0,26.0,1.0,28.0,112.0,120.63333333333334,533.1776470588235,0.0,0.0,0.0,0.0,1.0,0.0,0.0,0.0,0.0,0.0,0.0,0.0,0.0,0.0,0.0,0.0,0.0,1.0,0.0,0.0,0.0,1.0,23.0,1.0,0.0,0.0,0.0,0.0,0.0,0.0,26.0,10.4,0.0,0.0,0.0,1.0,1.0,17.0,3.0,364.0,364.0,1092.0,11.3
0.4,1.0,0.0,0.0,0.0,0.0,26.0,1.0,28.0,112.0,120.63333333333334,533.1776470588235,0.0,0.0,0.0,0.0,1.0,0.0,0.0,0.0,0.0,0.0,0.0,0.0,0.0,0.0,0.0,0.0,0.0,1.0,0.0,0.0,0.0,1.0,23.0,1.0,0.0,0.0,0.0,0.0,0.0,0.0,26.0,10.4,0.0,0.0,0.0,1.0,1.0,14.0,3.0,364.0,364.0,1092.0,15.4
0.4,1.0,0.0,0.0,0.0,0.0,26.0,1.0,28.0,112.0,120.63333333333334,533.1776470588235,0.0,0.0,0.0,0.0,1.0,0.0,0.0,0.0,0.0,0.0,0.0,0.0,0.0,0.0,0.0,0.0,0.0,1.0,0.0,0.0,0.0,1.0,23.0,1.0,0.0,0.0,0.0,0.0,0.0,0.0,26.0,10.4,0.0,0.0,0.0,1.0,1.0,31.0,3.0,364.0,364.0,1092.0,13.3
0.4,1.0,0.0,0.0,0.0,0.0,26.0,1.0,28.0,112.0,120.63333333333334,533.1776470588235,0.0,0.0,0.0,0.0,1.0,0.0,0.0,0.0,0.0,0.0,0.0,0.0,0.0,0.0,0.0,0.0,0.0,1.0,0.0,0.0,0.0,1.0,23.0,1.0,0.0,0.0,0.0,0.0,0.0,0.0,26.0,10.4,0.0,1.0,0.0,0.0,1.0,194.0,3.0,392.0,392.0,1176.0,7.939999999999999
0.4,1.0,0.0,0.0,0.0,0.0,26.0,1.0,28.0,112.0,120.63333333333334,533.1776470588235,0.0,0.0,0.0,0.0,1.0,0.0,0.0,0.0,0.0,0.0,0.0,0.0,0.0,0.0,0.0,0.0,0.0,1.0,0.0,0.0,0.0,1.0,23.0,1.0,0.0,0.0,0.0,0.0,0.0,0.0,26.0,10.4,0.0,1.0,0.0,0.0,1.0,117.0,3.0,476.0,476.0,1428.0,9.2
0.4,1.0,0.0,0.0,0.0,0.0,26.0,1.0,28.0,112.0,120.63333333333334,533.1776470588235,0.0,0.0,0.0,0.0,1.0,0.0,0.0,0.0,0.0,0.0,0.0,0.0,0.0,0.0,0.0,0.0,0.0,1.0,0.0,0.0,0.0,1.0,23.0,1.0,0.0,0.0,0.0,0.0,0.0,0.0,26.0,10.4,0.0,1.0,0.0,0.0,0.0,19.0,3.0,112.0,112.0,336.0,11.41180752125651
0.4,1.0,0.0,0.0,0.0,0.0,26.0,1.0,28.0,112.0,120.63333333333334,533.1776470588235,0.0,0.0,0.0,0.0,1.0,0.0,0.0,0.0,0.0,0.0,0.0,0.0,0.0,0.0,0.0,0.0,0.0,1.0,0.0,0.0,0.0,1.0,23.0,1.0,0.0,0.0,0.0,0.0,0.0,0.0,26.0,10.4,0.0,1.0,0.0,0.0,0.0,108.0,3.0,182.0,182.0,546.0,8.219999999999999
0.4,1.0,0.0,0.0,0.0,0.0,14.0,1.0,56.0,112.0,120.63333333333334,42.0,0.0,0.0,0.0,1.0,0.0,0.0,0.0,0.0,0.0,0.0,0.0,0.0,0.0,0.0,0.0,0.0,0.0,1.0,0.0,0.0,0.0,1.0,8.0,1.0,0.0,0.0,0.0,0.0,0.0,0.0,14.0,5.6000000000000005,0.0,1.0,0.0,0.0,0.0,96.0,3.0,364.0,364.0,1092.0,21.630000000000003
0.4,1.0,0.0,0.0,0.0,0.0,14.0,1.0,56.0,112.0,120.63333333333334,42.0,0.0,0.0,0.0,1.0,0.0,0.0,0.0,0.0,0.0,0.0,0.0,0.0,0.0,0.0,0.0,0.0,0.0,1.0,0.0,0.0,0.0,1.0,8.0,1.0,0.0,0.0,0.0,0.0,0.0,0.0,14.0,5.6000000000000005,0.0,1.0,0.0,0.0,0.0,94.0,1.2,140.0,140.0,168.0,24.892791256464733
0.4,1.0,0.0,0.0,0.0,0.0,14.0,1.0,56.0,112.0,120.63333333333334,42.0,0.0,0.0,0.0,1.0,0.0,0.0,0.0,0.0,0.0,0.0,0.0,0.0,0.0,0.0,0.0,0.0,0.0,1.0,0.0,0.0,0.0,1.0,8.0,1.0,0.0,0.0,0.0,0.0,0.0,0.0,14.0,5.6000000000000005,0.0,1.0,0.0,0.0,0.0,90.0,1.8,140.0,140.0,252.0,24.162839524734697
0.4,1.0,0.0,0.0,0.0,0.0,14.0,1.0,56.0,112.0,120.63333333333334,42.0,0.0,0.0,0.0,1.0,0.0,0.0,0.0,0.0,0.0,0.0,0.0,0.0,0.0,0.0,0.0,0.0,0.0,1.0,0.0,0.0,0.0,1.0,8.0,1.0,0.0,0.0,0.0,0.0,0.0,0.0,14.0,5.6000000000000005,0.0,1.0,0.0,0.0,0.0,92.0,2.4,140.0,140.0,336.0,23.47593061482927
0.4,1.0,0.0,0.0,0.0,0.0,14.0,1.0,56.0,112.0,120.63333333333334,42.0,0.0,0.0,0.0,1.0,0.0,0.0,0.0,0.0,0.0,0.0,0.0,0.0,0.0,0.0,0.0,0.0,0.0,1.0,0.0,0.0,0.0,1.0,8.0,1.0,0.0,0.0,0.0,0.0,0.0,0.0,14.0,5.6000000000000005,0.0,1.0,0.0,0.0,0.0,92.0,3.0,140.0,140.0,420.0,22.38837589312821
0.4,1.0,0.0,0.0,0.0,0.0,14.0,1.0,56.0,112.0,120.63333333333334,42.0,0.0,0.0,0.0,1.0,0.0,0.0,0.0,0.0,0.0,0.0,0.0,0.0,0.0,0.0,0.0,0.0,0.0,1.0,0.0,0.0,0.0,1.0,8.0,1.0,0.0,0.0,0.0,0.0,0.0,0.0,14.0,5.6000000000000005,0.0,1.0,0.0,0.0,0.0,29.0,3.0,280.0,280.0,840.0,23.6
0.4,1.0,0.0,0.0,0.0,0.0,14.0,1.0,56.0,112.0,120.63333333333334,42.0,0.0,0.0,0.0,1.0,0.0,0.0,0.0,0.0,0.0,0.0,0.0,0.0,0.0,0.0,0.0,0.0,0.0,1.0,0.0,0.0,0.0,1.0,8.0,1.0,0.0,0.0,0.0,0.0,0.0,0.0,14.0,5.6000000000000005,0.0,1.0,0.0,0.0,1.0,412.0,3.0,392.0,392.0,1176.0,23.200000000000003
0.4,1.0,0.0,0.0,0.0,0.0,14.0,1.0,56.0,112.0,120.63333333333334,42.0,0.0,0.0,0.0,1.0,0.0,0.0,0.0,0.0,0.0,0.0,0.0,0.0,0.0,0.0,0.0,0.0,0.0,1.0,0.0,0.0,0.0,1.0,8.0,1.0,0.0,0.0,0.0,0.0,0.0,0.0,14.0,5.6000000000000005,0.0,1.0,0.0,0.0,1.0,204.0,1.8,392.0,392.0,705.6,24.5
0.4,1.0,0.0,0.0,0.0,0.0,14.0,1.0,56.0,112.0,120.63333333333334,42.0,0.0,0.0,0.0,1.0,0.0,0.0,0.0,0.0,0.0,0.0,0.0,0.0,0.0,0.0,0.0,0.0,0.0,1.0,0.0,0.0,0.0,1.0,8.0,1.0,0.0,0.0,0.0,0.0,0.0,0.0,14.0,5.6000000000000005,0.0,1.0,0.0,0.0,1.0,2432.0,3.0,392.0,392.0,1176.0,21.74
0.4,1.0,0.0,0.0,0.0,0.0,14.0,1.0,56.0,112.0,120.63333333333334,42.0,0.0,0.0,0.0,1.0,0.0,0.0,0.0,0.0,0.0,0.0,0.0,0.0,0.0,0.0,0.0,0.0,0.0,1.0,0.0,0.0,0.0,1.0,8.0,1.0,0.0,0.0,0.0,0.0,0.0,0.0,14.0,5.6000000000000005,0.0,1.0,0.0,0.0,1.0,1467.0,3.0,1120.0,1120.0,3360.0,22.85
0.4,1.0,0.0,0.0,0.0,0.0,14.0,1.0,56.0,112.0,120.63333333333334,42.0,0.0,0.0,0.0,1.0,0.0,0.0,0.0,0.0,0.0,0.0,0.0,0.0,0.0,0.0,0.0,0.0,0.0,1.0,0.0,0.0,0.0,1.0,8.0,1.0,0.0,0.0,0.0,0.0,0.0,0.0,14.0,5.6000000000000005,0.0,1.0,0.0,0.0,1.0,349.0,3.0,476.0,476.0,1428.0,21.770000000000003
0.4,1.0,0.0,0.0,0.0,0.0,14.0,1.0,56.0,112.0,120.63333333333334,42.0,0.0,0.0,0.0,1.0,0.0,0.0,0.0,0.0,0.0,0.0,0.0,0.0,0.0,0.0,0.0,0.0,0.0,1.0,0.0,0.0,0.0,1.0,8.0,1.0,0.0,0.0,0.0,0.0,0.0,0.0,14.0,5.6000000000000005,1.0,0.0,0.0,0.0,1.0,175.0,3.0,224.0,224.0,672.0,22.89857613366524
0.4,1.0,0.0,0.0,0.0,0.0,14.0,1.0,56.0,112.0,120.63333333333334,42.0,0.0,0.0,0.0,1.0,0.0,0.0,0.0,0.0,0.0,0.0,0.0,0.0,0.0,0.0,0.0,0.0,0.0,1.0,0.0,0.0,0.0,1.0,8.0,1.0,0.0,0.0,0.0,0.0,0.0,0.0,14.0,5.6000000000000005,0.0,0.0,1.0,0.0,1.0,125.0,3.0,392.0,392.0,1176.0,23.5
0.4,1.0,0.0,0.0,0.0,0.0,14.0,1.0,56.0,112.0,120.63333333333334,42.0,0.0,0.0,0.0,1.0,0.0,0.0,0.0,0.0,0.0,0.0,0.0,0.0,0.0,0.0,0.0,0.0,0.0,1.0,0.0,0.0,0.0,1.0,8.0,1.0,0.0,0.0,0.0,0.0,0.0,0.0,14.0,5.6000000000000005,0.0,0.0,0.0,1.0,1.0,17.0,3.0,364.0,364.0,1092.0,24.4
0.4,1.0,0.0,0.0,0.0,0.0,14.0,1.0,56.0,112.0,120.63333333333334,42.0,0.0,0.0,0.0,1.0,0.0,0.0,0.0,0.0,0.0,0.0,0.0,0.0,0.0,0.0,0.0,0.0,0.0,1.0,0.0,0.0,0.0,1.0,8.0,1.0,0.0,0.0,0.0,0.0,0.0,0.0,14.0,5.6000000000000005,0.0,0.0,0.0,1.0,1.0,14.0,3.0,364.0,364.0,1092.0,28.5
0.4,1.0,0.0,0.0,0.0,0.0,14.0,1.0,56.0,112.0,120.63333333333334,42.0,0.0,0.0,0.0,1.0,0.0,0.0,0.0,0.0,0.0,0.0,0.0,0.0,0.0,0.0,0.0,0.0,0.0,1.0,0.0,0.0,0.0,1.0,8.0,1.0,0.0,0.0,0.0,0.0,0.0,0.0,14.0,5.6000000000000005,0.0,0.0,0.0,1.0,1.0,31.0,3.0,364.0,364.0,1092.0,26.4
0.4,1.0,0.0,0.0,0.0,0.0,14.0,1.0,56.0,112.0,120.63333333333334,42.0,0.0,0.0,0.0,1.0,0.0,0.0,0.0,0.0,0.0,0.0,0.0,0.0,0.0,0.0,0.0,0.0,0.0,1.0,0.0,0.0,0.0,1.0,8.0,1.0,0.0,0.0,0.0,0.0,0.0,0.0,14.0,5.6000000000000005,0.0,1.0,0.0,0.0,1.0,194.0,3.0,392.0,392.0,1176.0,21.04
0.4,1.0,0.0,0.0,0.0,0.0,14.0,1.0,56.0,112.0,120.63333333333334,42.0,0.0,0.0,0.0,1.0,0.0,0.0,0.0,0.0,0.0,0.0,0.0,0.0,0.0,0.0,0.0,0.0,0.0,1.0,0.0,0.0,0.0,1.0,8.0,1.0,0.0,0.0,0.0,0.0,0.0,0.0,14.0,5.6000000000000005,0.0,1.0,0.0,0.0,1.0,117.0,3.0,476.0,476.0,1428.0,22.3
0.4,1.0,0.0,0.0,0.0,0.0,14.0,1.0,56.0,112.0,120.63333333333334,42.0,0.0,0.0,0.0,1.0,0.0,0.0,0.0,0.0,0.0,0.0,0.0,0.0,0.0,0.0,0.0,0.0,0.0,1.0,0.0,0.0,0.0,1.0,8.0,1.0,0.0,0.0,0.0,0.0,0.0,0.0,14.0,5.6000000000000005,0.0,1.0,0.0,0.0,0.0,19.0,3.0,112.0,112.0,336.0,24.51180752125651
0.4,1.0,0.0,0.0,0.0,0.0,14.0,1.0,56.0,112.0,120.63333333333334,42.0,0.0,0.0,0.0,1.0,0.0,0.0,0.0,0.0,0.0,0.0,0.0,0.0,0.0,0.0,0.0,0.0,0.0,1.0,0.0,0.0,0.0,1.0,8.0,1.0,0.0,0.0,0.0,0.0,0.0,0.0,14.0,5.6000000000000005,0.0,1.0,0.0,0.0,0.0,108.0,3.0,182.0,182.0,546.0,21.32
0.2,0.0,0.0,0.0,0.0,1.0,42.0,0.0,56.0,420.0,120.63333333333334,589.0,0.0,0.0,0.0,0.0,0.0,0.0,0.0,0.0,0.0,0.0,0.0,0.0,0.0,1.0,0.0,0.0,0.0,0.0,1.0,1.0,0.0,0.0,8.0,1.0,0.0,0.0,0.0,0.0,0.0,0.0,30.0,6.0,0.0,1.0,0.0,0.0,0.0,96.0,3.0,364.0,364.0,1092.0,17.293055206813484
0.2,0.0,0.0,0.0,0.0,1.0,42.0,0.0,56.0,420.0,120.63333333333334,589.0,0.0,0.0,0.0,0.0,0.0,0.0,0.0,0.0,0.0,0.0,0.0,0.0,0.0,1.0,0.0,0.0,0.0,0.0,1.0,1.0,0.0,0.0,8.0,1.0,0.0,0.0,0.0,0.0,0.0,0.0,30.0,6.0,0.0,1.0,0.0,0.0,0.0,94.0,1.2,140.0,140.0,168.0,20.55584646327821
0.2,0.0,0.0,0.0,0.0,1.0,42.0,0.0,56.0,420.0,120.63333333333334,589.0,0.0,0.0,0.0,0.0,0.0,0.0,0.0,0.0,0.0,0.0,0.0,0.0,0.0,1.0,0.0,0.0,0.0,0.0,1.0,1.0,0.0,0.0,8.0,1.0,0.0,0.0,0.0,0.0,0.0,0.0,30.0,6.0,0.0,1.0,0.0,0.0,0.0,90.0,1.8,140.0,140.0,252.0,19.82589473154818
0.2,0.0,0.0,0.0,0.0,1.0,42.0,0.0,56.0,420.0,120.63333333333334,589.0,0.0,0.0,0.0,0.0,0.0,0.0,0.0,0.0,0.0,0.0,0.0,0.0,0.0,1.0,0.0,0.0,0.0,0.0,1.0,1.0,0.0,0.0,8.0,1.0,0.0,0.0,0.0,0.0,0.0,0.0,30.0,6.0,0.0,1.0,0.0,0.0,0.0,92.0,2.4,140.0,140.0,336.0,19.138985821642752
0.2,0.0,0.0,0.0,0.0,1.0,42.0,0.0,56.0,420.0,120.63333333333334,589.0,0.0,0.0,0.0,0.0,0.0,0.0,0.0,0.0,0.0,0.0,0.0,0.0,0.0,1.0,0.0,0.0,0.0,0.0,1.0,1.0,0.0,0.0,8.0,1.0,0.0,0.0,0.0,0.0,0.0,0.0,30.0,6.0,0.0,1.0,0.0,0.0,0.0,92.0,3.0,140.0,140.0,420.0,18.051431099941688
0.2,0.0,0.0,0.0,0.0,1.0,42.0,0.0,56.0,420.0,120.63333333333334,589.0,0.0,0.0,0.0,0.0,0.0,0.0,0.0,0.0,0.0,0.0,0.0,0.0,0.0,1.0,0.0,0.0,0.0,0.0,1.0,1.0,0.0,0.0,8.0,1.0,0.0,0.0,0.0,0.0,0.0,0.0,30.0,6.0,0.0,1.0,0.0,0.0,0.0,29.0,3.0,280.0,280.0,840.0,19.263055206813483
0.2,0.0,0.0,0.0,0.0,1.0,42.0,0.0,56.0,420.0,120.63333333333334,589.0,0.0,0.0,0.0,0.0,0.0,0.0,0.0,0.0,0.0,0.0,0.0,0.0,0.0,1.0,0.0,0.0,0.0,0.0,1.0,1.0,0.0,0.0,8.0,1.0,0.0,0.0,0.0,0.0,0.0,0.0,30.0,6.0,0.0,1.0,0.0,0.0,1.0,412.0,3.0,392.0,392.0,1176.0,18.863055206813485
0.2,0.0,0.0,0.0,0.0,1.0,42.0,0.0,56.0,420.0,120.63333333333334,589.0,0.0,0.0,0.0,0.0,0.0,0.0,0.0,0.0,0.0,0.0,0.0,0.0,0.0,1.0,0.0,0.0,0.0,0.0,1.0,1.0,0.0,0.0,8.0,1.0,0.0,0.0,0.0,0.0,0.0,0.0,30.0,6.0,0.0,1.0,0.0,0.0,1.0,204.0,1.8,392.0,392.0,705.6,20.16305520681348
0.2,0.0,0.0,0.0,0.0,1.0,42.0,0.0,56.0,420.0,120.63333333333334,589.0,0.0,0.0,0.0,0.0,0.0,0.0,0.0,0.0,0.0,0.0,0.0,0.0,0.0,1.0,0.0,0.0,0.0,0.0,1.0,1.0,0.0,0.0,8.0,1.0,0.0,0.0,0.0,0.0,0.0,0.0,30.0,6.0,0.0,1.0,0.0,0.0,1.0,2432.0,3.0,392.0,392.0,1176.0,17.403055206813484
0.2,0.0,0.0,0.0,0.0,1.0,42.0,0.0,56.0,420.0,120.63333333333334,589.0,0.0,0.0,0.0,0.0,0.0,0.0,0.0,0.0,0.0,0.0,0.0,0.0,0.0,1.0,0.0,0.0,0.0,0.0,1.0,1.0,0.0,0.0,8.0,1.0,0.0,0.0,0.0,0.0,0.0,0.0,30.0,6.0,0.0,1.0,0.0,0.0,1.0,1467.0,3.0,1120.0,1120.0,3360.0,18.513055206813483
0.2,0.0,0.0,0.0,0.0,1.0,42.0,0.0,56.0,420.0,120.63333333333334,589.0,0.0,0.0,0.0,0.0,0.0,0.0,0.0,0.0,0.0,0.0,0.0,0.0,0.0,1.0,0.0,0.0,0.0,0.0,1.0,1.0,0.0,0.0,8.0,1.0,0.0,0.0,0.0,0.0,0.0,0.0,30.0,6.0,0.0,1.0,0.0,0.0,1.0,349.0,3.0,476.0,476.0,1428.0,17.433055206813485
0.2,0.0,0.0,0.0,0.0,1.0,42.0,0.0,56.0,420.0,120.63333333333334,589.0,0.0,0.0,0.0,0.0,0.0,0.0,0.0,0.0,0.0,0.0,0.0,0.0,0.0,1.0,0.0,0.0,0.0,0.0,1.0,1.0,0.0,0.0,8.0,1.0,0.0,0.0,0.0,0.0,0.0,0.0,30.0,6.0,1.0,0.0,0.0,0.0,1.0,175.0,3.0,224.0,224.0,672.0,18.56163134047872
0.2,0.0,0.0,0.0,0.0,1.0,42.0,0.0,56.0,420.0,120.63333333333334,589.0,0.0,0.0,0.0,0.0,0.0,0.0,0.0,0.0,0.0,0.0,0.0,0.0,0.0,1.0,0.0,0.0,0.0,0.0,1.0,1.0,0.0,0.0,8.0,1.0,0.0,0.0,0.0,0.0,0.0,0.0,30.0,6.0,0.0,0.0,1.0,0.0,1.0,125.0,3.0,392.0,392.0,1176.0,19.16305520681348
0.2,0.0,0.0,0.0,0.0,1.0,42.0,0.0,56.0,420.0,120.63333333333334,589.0,0.0,0.0,0.0,0.0,0.0,0.0,0.0,0.0,0.0,0.0,0.0,0.0,0.0,1.0,0.0,0.0,0.0,0.0,1.0,1.0,0.0,0.0,8.0,1.0,0.0,0.0,0.0,0.0,0.0,0.0,30.0,6.0,0.0,0.0,0.0,1.0,1.0,17.0,3.0,364.0,364.0,1092.0,20.063055206813484
0.2,0.0,0.0,0.0,0.0,1.0,42.0,0.0,56.0,420.0,120.63333333333334,589.0,0.0,0.0,0.0,0.0,0.0,0.0,0.0,0.0,0.0,0.0,0.0,0.0,0.0,1.0,0.0,0.0,0.0,0.0,1.0,1.0,0.0,0.0,8.0,1.0,0.0,0.0,0.0,0.0,0.0,0.0,30.0,6.0,0.0,0.0,0.0,1.0,1.0,14.0,3.0,364.0,364.0,1092.0,24.16305520681348
0.2,0.0,0.0,0.0,0.0,1.0,42.0,0.0,56.0,420.0,120.63333333333334,589.0,0.0,0.0,0.0,0.0,0.0,0.0,0.0,0.0,0.0,0.0,0.0,0.0,0.0,1.0,0.0,0.0,0.0,0.0,1.0,1.0,0.0,0.0,8.0,1.0,0.0,0.0,0.0,0.0,0.0,0.0,30.0,6.0,0.0,0.0,0.0,1.0,1.0,31.0,3.0,364.0,364.0,1092.0,22.063055206813484
0.2,0.0,0.0,0.0,0.0,1.0,42.0,0.0,56.0,420.0,120.63333333333334,589.0,0.0,0.0,0.0,0.0,0.0,0.0,0.0,0.0,0.0,0.0,0.0,0.0,0.0,1.0,0.0,0.0,0.0,0.0,1.0,1.0,0.0,0.0,8.0,1.0,0.0,0.0,0.0,0.0,0.0,0.0,30.0,6.0,0.0,1.0,0.0,0.0,1.0,194.0,3.0,392.0,392.0,1176.0,16.70305520681348
0.2,0.0,0.0,0.0,0.0,1.0,42.0,0.0,56.0,420.0,120.63333333333334,589.0,0.0,0.0,0.0,0.0,0.0,0.0,0.0,0.0,0.0,0.0,0.0,0.0,0.0,1.0,0.0,0.0,0.0,0.0,1.0,1.0,0.0,0.0,8.0,1.0,0.0,0.0,0.0,0.0,0.0,0.0,30.0,6.0,0.0,1.0,0.0,0.0,1.0,117.0,3.0,476.0,476.0,1428.0,17.963055206813483
0.2,0.0,0.0,0.0,0.0,1.0,42.0,0.0,56.0,420.0,120.63333333333334,589.0,0.0,0.0,0.0,0.0,0.0,0.0,0.0,0.0,0.0,0.0,0.0,0.0,0.0,1.0,0.0,0.0,0.0,0.0,1.0,1.0,0.0,0.0,8.0,1.0,0.0,0.0,0.0,0.0,0.0,0.0,30.0,6.0,0.0,1.0,0.0,0.0,0.0,19.0,3.0,112.0,112.0,336.0,20.17486272807
0.2,0.0,0.0,0.0,0.0,1.0,42.0,0.0,56.0,420.0,120.63333333333334,589.0,0.0,0.0,0.0,0.0,0.0,0.0,0.0,0.0,0.0,0.0,0.0,0.0,0.0,1.0,0.0,0.0,0.0,0.0,1.0,1.0,0.0,0.0,8.0,1.0,0.0,0.0,0.0,0.0,0.0,0.0,30.0,6.0,0.0,1.0,0.0,0.0,0.0,108.0,3.0,182.0,182.0,546.0,16.983055206813482
0.1500504,1.0,0.0,0.0,0.0,0.0,28.0,1.0,77.0,182.0,120.63333333333334,43.0,1.0,0.0,0.0,0.0,0.0,0.0,0.0,0.0,0.0,0.0,0.0,0.0,0.0,0.0,0.0,0.0,0.0,1.0,0.0,0.0,0.0,1.0,11.0,1.0,0.0,0.0,0.0,0.0,0.0,0.0,28.0,4.201411200000001,0.0,1.0,0.0,0.0,0.0,96.0,3.0,364.0,364.0,1092.0,18.03
0.1500504,1.0,0.0,0.0,0.0,0.0,28.0,1.0,77.0,182.0,120.63333333333334,43.0,1.0,0.0,0.0,0.0,0.0,0.0,0.0,0.0,0.0,0.0,0.0,0.0,0.0,0.0,0.0,0.0,0.0,1.0,0.0,0.0,0.0,1.0,11.0,1.0,0.0,0.0,0.0,0.0,0.0,0.0,28.0,4.201411200000001,0.0,1.0,0.0,0.0,0.0,94.0,1.2,140.0,140.0,168.0,21.29279125646473
0.1500504,1.0,0.0,0.0,0.0,0.0,28.0,1.0,77.0,182.0,120.63333333333334,43.0,1.0,0.0,0.0,0.0,0.0,0.0,0.0,0.0,0.0,0.0,0.0,0.0,0.0,0.0,0.0,0.0,0.0,1.0,0.0,0.0,0.0,1.0,11.0,1.0,0.0,0.0,0.0,0.0,0.0,0.0,28.0,4.201411200000001,0.0,1.0,0.0,0.0,0.0,90.0,1.8,140.0,140.0,252.0,20.56283952473469
0.1500504,1.0,0.0,0.0,0.0,0.0,28.0,1.0,77.0,182.0,120.63333333333334,43.0,1.0,0.0,0.0,0.0,0.0,0.0,0.0,0.0,0.0,0.0,0.0,0.0,0.0,0.0,0.0,0.0,0.0,1.0,0.0,0.0,0.0,1.0,11.0,1.0,0.0,0.0,0.0,0.0,0.0,0.0,28.0,4.201411200000001,0.0,1.0,0.0,0.0,0.0,92.0,2.4,140.0,140.0,336.0,19.87593061482927
0.1500504,1.0,0.0,0.0,0.0,0.0,28.0,1.0,77.0,182.0,120.63333333333334,43.0,1.0,0.0,0.0,0.0,0.0,0.0,0.0,0.0,0.0,0.0,0.0,0.0,0.0,0.0,0.0,0.0,0.0,1.0,0.0,0.0,0.0,1.0,11.0,1.0,0.0,0.0,0.0,0.0,0.0,0.0,28.0,4.201411200000001,0.0,1.0,0.0,0.0,0.0,92.0,3.0,140.0,140.0,420.0,18.788375893128205
0.1500504,1.0,0.0,0.0,0.0,0.0,28.0,1.0,77.0,182.0,120.63333333333334,43.0,1.0,0.0,0.0,0.0,0.0,0.0,0.0,0.0,0.0,0.0,0.0,0.0,0.0,0.0,0.0,0.0,0.0,1.0,0.0,0.0,0.0,1.0,11.0,1.0,0.0,0.0,0.0,0.0,0.0,0.0,28.0,4.201411200000001,0.0,1.0,0.0,0.0,0.0,29.0,3.0,280.0,280.0,840.0,20.0
0.1500504,1.0,0.0,0.0,0.0,0.0,28.0,1.0,77.0,182.0,120.63333333333334,43.0,1.0,0.0,0.0,0.0,0.0,0.0,0.0,0.0,0.0,0.0,0.0,0.0,0.0,0.0,0.0,0.0,0.0,1.0,0.0,0.0,0.0,1.0,11.0,1.0,0.0,0.0,0.0,0.0,0.0,0.0,28.0,4.201411200000001,0.0,1.0,0.0,0.0,1.0,412.0,3.0,392.0,392.0,1176.0,19.6
0.1500504,1.0,0.0,0.0,0.0,0.0,28.0,1.0,77.0,182.0,120.63333333333334,43.0,1.0,0.0,0.0,0.0,0.0,0.0,0.0,0.0,0.0,0.0,0.0,0.0,0.0,0.0,0.0,0.0,0.0,1.0,0.0,0.0,0.0,1.0,11.0,1.0,0.0,0.0,0.0,0.0,0.0,0.0,28.0,4.201411200000001,0.0,1.0,0.0,0.0,1.0,204.0,1.8,392.0,392.0,705.6,20.9
0.1500504,1.0,0.0,0.0,0.0,0.0,28.0,1.0,77.0,182.0,120.63333333333334,43.0,1.0,0.0,0.0,0.0,0.0,0.0,0.0,0.0,0.0,0.0,0.0,0.0,0.0,0.0,0.0,0.0,0.0,1.0,0.0,0.0,0.0,1.0,11.0,1.0,0.0,0.0,0.0,0.0,0.0,0.0,28.0,4.201411200000001,0.0,1.0,0.0,0.0,1.0,2432.0,3.0,392.0,392.0,1176.0,18.14
0.1500504,1.0,0.0,0.0,0.0,0.0,28.0,1.0,77.0,182.0,120.63333333333334,43.0,1.0,0.0,0.0,0.0,0.0,0.0,0.0,0.0,0.0,0.0,0.0,0.0,0.0,0.0,0.0,0.0,0.0,1.0,0.0,0.0,0.0,1.0,11.0,1.0,0.0,0.0,0.0,0.0,0.0,0.0,28.0,4.201411200000001,0.0,1.0,0.0,0.0,1.0,1467.0,3.0,1120.0,1120.0,3360.0,19.25
0.1500504,1.0,0.0,0.0,0.0,0.0,28.0,1.0,77.0,182.0,120.63333333333334,43.0,1.0,0.0,0.0,0.0,0.0,0.0,0.0,0.0,0.0,0.0,0.0,0.0,0.0,0.0,0.0,0.0,0.0,1.0,0.0,0.0,0.0,1.0,11.0,1.0,0.0,0.0,0.0,0.0,0.0,0.0,28.0,4.201411200000001,0.0,1.0,0.0,0.0,1.0,349.0,3.0,476.0,476.0,1428.0,18.17
0.1500504,1.0,0.0,0.0,0.0,0.0,28.0,1.0,77.0,182.0,120.63333333333334,43.0,1.0,0.0,0.0,0.0,0.0,0.0,0.0,0.0,0.0,0.0,0.0,0.0,0.0,0.0,0.0,0.0,0.0,1.0,0.0,0.0,0.0,1.0,11.0,1.0,0.0,0.0,0.0,0.0,0.0,0.0,28.0,4.201411200000001,1.0,0.0,0.0,0.0,1.0,175.0,3.0,224.0,224.0,672.0,19.29857613366524
0.1500504,1.0,0.0,0.0,0.0,0.0,28.0,1.0,77.0,182.0,120.63333333333334,43.0,1.0,0.0,0.0,0.0,0.0,0.0,0.0,0.0,0.0,0.0,0.0,0.0,0.0,0.0,0.0,0.0,0.0,1.0,0.0,0.0,0.0,1.0,11.0,1.0,0.0,0.0,0.0,0.0,0.0,0.0,28.0,4.201411200000001,0.0,0.0,1.0,0.0,1.0,125.0,3.0,392.0,392.0,1176.0,19.9
0.1500504,1.0,0.0,0.0,0.0,0.0,28.0,1.0,77.0,182.0,120.63333333333334,43.0,1.0,0.0,0.0,0.0,0.0,0.0,0.0,0.0,0.0,0.0,0.0,0.0,0.0,0.0,0.0,0.0,0.0,1.0,0.0,0.0,0.0,1.0,11.0,1.0,0.0,0.0,0.0,0.0,0.0,0.0,28.0,4.201411200000001,0.0,0.0,0.0,1.0,1.0,17.0,3.0,364.0,364.0,1092.0,20.8
0.1500504,1.0,0.0,0.0,0.0,0.0,28.0,1.0,77.0,182.0,120.63333333333334,43.0,1.0,0.0,0.0,0.0,0.0,0.0,0.0,0.0,0.0,0.0,0.0,0.0,0.0,0.0,0.0,0.0,0.0,1.0,0.0,0.0,0.0,1.0,11.0,1.0,0.0,0.0,0.0,0.0,0.0,0.0,28.0,4.201411200000001,0.0,0.0,0.0,1.0,1.0,14.0,3.0,364.0,364.0,1092.0,24.9
0.1500504,1.0,0.0,0.0,0.0,0.0,28.0,1.0,77.0,182.0,120.63333333333334,43.0,1.0,0.0,0.0,0.0,0.0,0.0,0.0,0.0,0.0,0.0,0.0,0.0,0.0,0.0,0.0,0.0,0.0,1.0,0.0,0.0,0.0,1.0,11.0,1.0,0.0,0.0,0.0,0.0,0.0,0.0,28.0,4.201411200000001,0.0,0.0,0.0,1.0,1.0,31.0,3.0,364.0,364.0,1092.0,22.8
0.1500504,1.0,0.0,0.0,0.0,0.0,28.0,1.0,77.0,182.0,120.63333333333334,43.0,1.0,0.0,0.0,0.0,0.0,0.0,0.0,0.0,0.0,0.0,0.0,0.0,0.0,0.0,0.0,0.0,0.0,1.0,0.0,0.0,0.0,1.0,11.0,1.0,0.0,0.0,0.0,0.0,0.0,0.0,28.0,4.201411200000001,0.0,1.0,0.0,0.0,1.0,194.0,3.0,392.0,392.0,1176.0,17.439999999999998
0.1500504,1.0,0.0,0.0,0.0,0.0,28.0,1.0,77.0,182.0,120.63333333333334,43.0,1.0,0.0,0.0,0.0,0.0,0.0,0.0,0.0,0.0,0.0,0.0,0.0,0.0,0.0,0.0,0.0,0.0,1.0,0.0,0.0,0.0,1.0,11.0,1.0,0.0,0.0,0.0,0.0,0.0,0.0,28.0,4.201411200000001,0.0,1.0,0.0,0.0,1.0,117.0,3.0,476.0,476.0,1428.0,18.7
0.1500504,1.0,0.0,0.0,0.0,0.0,28.0,1.0,77.0,182.0,120.63333333333334,43.0,1.0,0.0,0.0,0.0,0.0,0.0,0.0,0.0,0.0,0.0,0.0,0.0,0.0,0.0,0.0,0.0,0.0,1.0,0.0,0.0,0.0,1.0,11.0,1.0,0.0,0.0,0.0,0.0,0.0,0.0,28.0,4.201411200000001,0.0,1.0,0.0,0.0,0.0,19.0,3.0,112.0,112.0,336.0,20.91180752125651
0.1500504,1.0,0.0,0.0,0.0,0.0,28.0,1.0,77.0,182.0,120.63333333333334,43.0,1.0,0.0,0.0,0.0,0.0,0.0,0.0,0.0,0.0,0.0,0.0,0.0,0.0,0.0,0.0,0.0,0.0,1.0,0.0,0.0,0.0,1.0,11.0,1.0,0.0,0.0,0.0,0.0,0.0,0.0,28.0,4.201411200000001,0.0,1.0,0.0,0.0,0.0,108.0,3.0,182.0,182.0,546.0,17.72
0.0375126,1.0,0.0,0.0,0.0,0.0,10.0,1.0,56.0,168.0,120.63333333333334,533.1776470588235,0.0,1.0,0.0,0.0,0.0,0.0,0.0,0.0,0.0,0.0,0.0,0.0,0.0,0.0,0.0,0.0,0.0,1.0,0.0,0.0,0.0,1.0,8.0,1.0,0.0,0.0,0.0,0.0,0.0,0.0,10.0,0.375126,0.0,1.0,0.0,0.0,0.0,96.0,3.0,364.0,364.0,1092.0,2.53
0.0375126,1.0,0.0,0.0,0.0,0.0,10.0,1.0,56.0,168.0,120.63333333333334,533.1776470588235,0.0,1.0,0.0,0.0,0.0,0.0,0.0,0.0,0.0,0.0,0.0,0.0,0.0,0.0,0.0,0.0,0.0,1.0,0.0,0.0,0.0,1.0,8.0,1.0,0.0,0.0,0.0,0.0,0.0,0.0,10.0,0.375126,0.0,1.0,0.0,0.0,0.0,94.0,1.2,140.0,140.0,168.0,5.792791256464732
0.0375126,1.0,0.0,0.0,0.0,0.0,10.0,1.0,56.0,168.0,120.63333333333334,533.1776470588235,0.0,1.0,0.0,0.0,0.0,0.0,0.0,0.0,0.0,0.0,0.0,0.0,0.0,0.0,0.0,0.0,0.0,1.0,0.0,0.0,0.0,1.0,8.0,1.0,0.0,0.0,0.0,0.0,0.0,0.0,10.0,0.375126,0.0,1.0,0.0,0.0,0.0,90.0,1.8,140.0,140.0,252.0,5.062839524734694
0.0375126,1.0,0.0,0.0,0.0,0.0,10.0,1.0,56.0,168.0,120.63333333333334,533.1776470588235,0.0,1.0,0.0,0.0,0.0,0.0,0.0,0.0,0.0,0.0,0.0,0.0,0.0,0.0,0.0,0.0,0.0,1.0,0.0,0.0,0.0,1.0,8.0,1.0,0.0,0.0,0.0,0.0,0.0,0.0,10.0,0.375126,0.0,1.0,0.0,0.0,0.0,92.0,2.4,140.0,140.0,336.0,4.37593061482927
0.0375126,1.0,0.0,0.0,0.0,0.0,10.0,1.0,56.0,168.0,120.63333333333334,533.1776470588235,0.0,1.0,0.0,0.0,0.0,0.0,0.0,0.0,0.0,0.0,0.0,0.0,0.0,0.0,0.0,0.0,0.0,1.0,0.0,0.0,0.0,1.0,8.0,1.0,0.0,0.0,0.0,0.0,0.0,0.0,10.0,0.375126,0.0,1.0,0.0,0.0,0.0,92.0,3.0,140.0,140.0,420.0,3.2883758931282063
0.0375126,1.0,0.0,0.0,0.0,0.0,10.0,1.0,56.0,168.0,120.63333333333334,533.1776470588235,0.0,1.0,0.0,0.0,0.0,0.0,0.0,0.0,0.0,0.0,0.0,0.0,0.0,0.0,0.0,0.0,0.0,1.0,0.0,0.0,0.0,1.0,8.0,1.0,0.0,0.0,0.0,0.0,0.0,0.0,10.0,0.375126,0.0,1.0,0.0,0.0,0.0,29.0,3.0,280.0,280.0,840.0,4.5
0.0375126,1.0,0.0,0.0,0.0,0.0,10.0,1.0,56.0,168.0,120.63333333333334,533.1776470588235,0.0,1.0,0.0,0.0,0.0,0.0,0.0,0.0,0.0,0.0,0.0,0.0,0.0,0.0,0.0,0.0,0.0,1.0,0.0,0.0,0.0,1.0,8.0,1.0,0.0,0.0,0.0,0.0,0.0,0.0,10.0,0.375126,0.0,1.0,0.0,0.0,1.0,412.0,3.0,392.0,392.0,1176.0,4.1
0.0375126,1.0,0.0,0.0,0.0,0.0,10.0,1.0,56.0,168.0,120.63333333333334,533.1776470588235,0.0,1.0,0.0,0.0,0.0,0.0,0.0,0.0,0.0,0.0,0.0,0.0,0.0,0.0,0.0,0.0,0.0,1.0,0.0,0.0,0.0,1.0,8.0,1.0,0.0,0.0,0.0,0.0,0.0,0.0,10.0,0.375126,0.0,1.0,0.0,0.0,1.0,204.0,1.8,392.0,392.0,705.6,5.4
0.0375126,1.0,0.0,0.0,0.0,0.0,10.0,1.0,56.0,168.0,120.63333333333334,533.1776470588235,0.0,1.0,0.0,0.0,0.0,0.0,0.0,0.0,0.0,0.0,0.0,0.0,0.0,0.0,0.0,0.0,0.0,1.0,0.0,0.0,0.0,1.0,8.0,1.0,0.0,0.0,0.0,0.0,0.0,0.0,10.0,0.375126,0.0,1.0,0.0,0.0,1.0,2432.0,3.0,392.0,392.0,1176.0,2.64
0.0375126,1.0,0.0,0.0,0.0,0.0,10.0,1.0,56.0,168.0,120.63333333333334,533.1776470588235,0.0,1.0,0.0,0.0,0.0,0.0,0.0,0.0,0.0,0.0,0.0,0.0,0.0,0.0,0.0,0.0,0.0,1.0,0.0,0.0,0.0,1.0,8.0,1.0,0.0,0.0,0.0,0.0,0.0,0.0,10.0,0.375126,0.0,1.0,0.0,0.0,1.0,1467.0,3.0,1120.0,1120.0,3360.0,3.75
0.0375126,1.0,0.0,0.0,0.0,0.0,10.0,1.0,56.0,168.0,120.63333333333334,533.1776470588235,0.0,1.0,0.0,0.0,0.0,0.0,0.0,0.0,0.0,0.0,0.0,0.0,0.0,0.0,0.0,0.0,0.0,1.0,0.0,0.0,0.0,1.0,8.0,1.0,0.0,0.0,0.0,0.0,0.0,0.0,10.0,0.375126,0.0,1.0,0.0,0.0,1.0,349.0,3.0,476.0,476.0,1428.0,2.67
0.0375126,1.0,0.0,0.0,0.0,0.0,10.0,1.0,56.0,168.0,120.63333333333334,533.1776470588235,0.0,1.0,0.0,0.0,0.0,0.0,0.0,0.0,0.0,0.0,0.0,0.0,0.0,0.0,0.0,0.0,0.0,1.0,0.0,0.0,0.0,1.0,8.0,1.0,0.0,0.0,0.0,0.0,0.0,0.0,10.0,0.375126,1.0,0.0,0.0,0.0,1.0,175.0,3.0,224.0,224.0,672.0,3.798576133665236
0.0375126,1.0,0.0,0.0,0.0,0.0,10.0,1.0,56.0,168.0,120.63333333333334,533.1776470588235,0.0,1.0,0.0,0.0,0.0,0.0,0.0,0.0,0.0,0.0,0.0,0.0,0.0,0.0,0.0,0.0,0.0,1.0,0.0,0.0,0.0,1.0,8.0,1.0,0.0,0.0,0.0,0.0,0.0,0.0,10.0,0.375126,0.0,0.0,1.0,0.0,1.0,125.0,3.0,392.0,392.0,1176.0,4.4
0.0375126,1.0,0.0,0.0,0.0,0.0,10.0,1.0,56.0,168.0,120.63333333333334,533.1776470588235,0.0,1.0,0.0,0.0,0.0,0.0,0.0,0.0,0.0,0.0,0.0,0.0,0.0,0.0,0.0,0.0,0.0,1.0,0.0,0.0,0.0,1.0,8.0,1.0,0.0,0.0,0.0,0.0,0.0,0.0,10.0,0.375126,0.0,0.0,0.0,1.0,1.0,17.0,3.0,364.0,364.0,1092.0,5.300000000000001
0.0375126,1.0,0.0,0.0,0.0,0.0,10.0,1.0,56.0,168.0,120.63333333333334,533.1776470588235,0.0,1.0,0.0,0.0,0.0,0.0,0.0,0.0,0.0,0.0,0.0,0.0,0.0,0.0,0.0,0.0,0.0,1.0,0.0,0.0,0.0,1.0,8.0,1.0,0.0,0.0,0.0,0.0,0.0,0.0,10.0,0.375126,0.0,0.0,0.0,1.0,1.0,14.0,3.0,364.0,364.0,1092.0,9.4
0.0375126,1.0,0.0,0.0,0.0,0.0,10.0,1.0,56.0,168.0,120.63333333333334,533.1776470588235,0.0,1.0,0.0,0.0,0.0,0.0,0.0,0.0,0.0,0.0,0.0,0.0,0.0,0.0,0.0,0.0,0.0,1.0,0.0,0.0,0.0,1.0,8.0,1.0,0.0,0.0,0.0,0.0,0.0,0.0,10.0,0.375126,0.0,0.0,0.0,1.0,1.0,31.0,3.0,364.0,364.0,1092.0,7.300000000000001
0.0375126,1.0,0.0,0.0,0.0,0.0,10.0,1.0,56.0,168.0,120.63333333333334,533.1776470588235,0.0,1.0,0.0,0.0,0.0,0.0,0.0,0.0,0.0,0.0,0.0,0.0,0.0,0.0,0.0,0.0,0.0,1.0,0.0,0.0,0.0,1.0,8.0,1.0,0.0,0.0,0.0,0.0,0.0,0.0,10.0,0.375126,0.0,1.0,0.0,0.0,1.0,194.0,3.0,392.0,392.0,1176.0,1.9399999999999995
0.0375126,1.0,0.0,0.0,0.0,0.0,10.0,1.0,56.0,168.0,120.63333333333334,533.1776470588235,0.0,1.0,0.0,0.0,0.0,0.0,0.0,0.0,0.0,0.0,0.0,0.0,0.0,0.0,0.0,0.0,0.0,1.0,0.0,0.0,0.0,1.0,8.0,1.0,0.0,0.0,0.0,0.0,0.0,0.0,10.0,0.375126,0.0,1.0,0.0,0.0,1.0,117.0,3.0,476.0,476.0,1428.0,3.2
0.0375126,1.0,0.0,0.0,0.0,0.0,10.0,1.0,56.0,168.0,120.63333333333334,533.1776470588235,0.0,1.0,0.0,0.0,0.0,0.0,0.0,0.0,0.0,0.0,0.0,0.0,0.0,0.0,0.0,0.0,0.0,1.0,0.0,0.0,0.0,1.0,8.0,1.0,0.0,0.0,0.0,0.0,0.0,0.0,10.0,0.375126,0.0,1.0,0.0,0.0,0.0,19.0,3.0,112.0,112.0,336.0,5.4118075212565095
0.0375126,1.0,0.0,0.0,0.0,0.0,10.0,1.0,56.0,168.0,120.63333333333334,533.1776470588235,0.0,1.0,0.0,0.0,0.0,0.0,0.0,0.0,0.0,0.0,0.0,0.0,0.0,0.0,0.0,0.0,0.0,1.0,0.0,0.0,0.0,1.0,8.0,1.0,0.0,0.0,0.0,0.0,0.0,0.0,10.0,0.375126,0.0,1.0,0.0,0.0,0.0,108.0,3.0,182.0,182.0,546.0,2.22
0.01125378,0.0,0.0,0.0,1.0,0.0,28.0,1.0,35.0,105.0,120.63333333333334,35.75,0.0,1.0,0.0,0.0,0.0,0.0,0.0,0.0,0.0,0.0,0.0,0.0,0.0,0.0,0.0,0.0,0.0,1.0,0.0,0.0,0.0,1.0,4.0,0.0,0.0,0.0,0.0,1.0,0.0,0.0,8.0,0.09003024,0.0,1.0,0.0,0.0,0.0,96.0,3.0,364.0,364.0,1092.0,-0.3779999999999992
0.01125378,0.0,0.0,0.0,1.0,0.0,28.0,1.0,35.0,105.0,120.63333333333334,35.75,0.0,1.0,0.0,0.0,0.0,0.0,0.0,0.0,0.0,0.0,0.0,0.0,0.0,0.0,0.0,0.0,0.0,1.0,0.0,0.0,0.0,1.0,4.0,0.0,0.0,0.0,0.0,1.0,0.0,0.0,8.0,0.09003024,0.0,1.0,0.0,0.0,0.0,94.0,1.2,140.0,140.0,168.0,2.884791256464732
0.01125378,0.0,0.0,0.0,1.0,0.0,28.0,1.0,35.0,105.0,120.63333333333334,35.75,0.0,1.0,0.0,0.0,0.0,0.0,0.0,0.0,0.0,0.0,0.0,0.0,0.0,0.0,0.0,0.0,0.0,1.0,0.0,0.0,0.0,1.0,4.0,0.0,0.0,0.0,0.0,1.0,0.0,0.0,8.0,0.09003024,0.0,1.0,0.0,0.0,0.0,90.0,1.8,140.0,140.0,252.0,2.1548395247346948
0.01125378,0.0,0.0,0.0,1.0,0.0,28.0,1.0,35.0,105.0,120.63333333333334,35.75,0.0,1.0,0.0,0.0,0.0,0.0,0.0,0.0,0.0,0.0,0.0,0.0,0.0,0.0,0.0,0.0,0.0,1.0,0.0,0.0,0.0,1.0,4.0,0.0,0.0,0.0,0.0,1.0,0.0,0.0,8.0,0.09003024,0.0,1.0,0.0,0.0,0.0,92.0,2.4,140.0,140.0,336.0,1.46793061482927
0.01125378,0.0,0.0,0.0,1.0,0.0,28.0,1.0,35.0,105.0,120.63333333333334,35.75,0.0,1.0,0.0,0.0,0.0,0.0,0.0,0.0,0.0,0.0,0.0,0.0,0.0,0.0,0.0,0.0,0.0,1.0,0.0,0.0,0.0,1.0,4.0,0.0,0.0,0.0,0.0,1.0,0.0,0.0,8.0,0.09003024,0.0,1.0,0.0,0.0,0.0,92.0,3.0,140.0,140.0,420.0,0.3803758931282068
0.01125378,0.0,0.0,0.0,1.0,0.0,28.0,1.0,35.0,105.0,120.63333333333334,35.75,0.0,1.0,0.0,0.0,0.0,0.0,0.0,0.0,0.0,0.0,0.0,0.0,0.0,0.0,0.0,0.0,0.0,1.0,0.0,0.0,0.0,1.0,4.0,0.0,0.0,0.0,0.0,1.0,0.0,0.0,8.0,0.09003024,0.0,1.0,0.0,0.0,0.0,29.0,3.0,280.0,280.0,840.0,1.5920000000000003
0.01125378,0.0,0.0,0.0,1.0,0.0,28.0,1.0,35.0,105.0,120.63333333333334,35.75,0.0,1.0,0.0,0.0,0.0,0.0,0.0,0.0,0.0,0.0,0.0,0.0,0.0,0.0,0.0,0.0,0.0,1.0,0.0,0.0,0.0,1.0,4.0,0.0,0.0,0.0,0.0,1.0,0.0,0.0,8.0,0.09003024,0.0,1.0,0.0,0.0,1.0,412.0,3.0,392.0,392.0,1176.0,1.1920000000000002
0.01125378,0.0,0.0,0.0,1.0,0.0,28.0,1.0,35.0,105.0,120.63333333333334,35.75,0.0,1.0,0.0,0.0,0.0,0.0,0.0,0.0,0.0,0.0,0.0,0.0,0.0,0.0,0.0,0.0,0.0,1.0,0.0,0.0,0.0,1.0,4.0,0.0,0.0,0.0,0.0,1.0,0.0,0.0,8.0,0.09003024,0.0,1.0,0.0,0.0,1.0,204.0,1.8,392.0,392.0,705.6,2.492000000000001
0.01125378,0.0,0.0,0.0,1.0,0.0,28.0,1.0,35.0,105.0,120.63333333333334,35.75,0.0,1.0,0.0,0.0,0.0,0.0,0.0,0.0,0.0,0.0,0.0,0.0,0.0,0.0,0.0,0.0,0.0,1.0,0.0,0.0,0.0,1.0,4.0,0.0,0.0,0.0,0.0,1.0,0.0,0.0,8.0,0.09003024,0.0,1.0,0.0,0.0,1.0,2432.0,3.0,392.0,392.0,1176.0,-0.2679999999999998
0.01125378,0.0,0.0,0.0,1.0,0.0,28.0,1.0,35.0,105.0,120.63333333333334,35.75,0.0,1.0,0.0,0.0,0.0,0.0,0.0,0.0,0.0,0.0,0.0,0.0,0.0,0.0,0.0,0.0,0.0,1.0,0.0,0.0,0.0,1.0,4.0,0.0,0.0,0.0,0.0,1.0,0.0,0.0,8.0,0.09003024,0.0,1.0,0.0,0.0,1.0,1467.0,3.0,1120.0,1120.0,3360.0,0.8420000000000005
0.01125378,0.0,0.0,0.0,1.0,0.0,28.0,1.0,35.0,105.0,120.63333333333334,35.75,0.0,1.0,0.0,0.0,0.0,0.0,0.0,0.0,0.0,0.0,0.0,0.0,0.0,0.0,0.0,0.0,0.0,1.0,0.0,0.0,0.0,1.0,4.0,0.0,0.0,0.0,0.0,1.0,0.0,0.0,8.0,0.09003024,0.0,1.0,0.0,0.0,1.0,349.0,3.0,476.0,476.0,1428.0,-0.2379999999999995
0.01125378,0.0,0.0,0.0,1.0,0.0,28.0,1.0,35.0,105.0,120.63333333333334,35.75,0.0,1.0,0.0,0.0,0.0,0.0,0.0,0.0,0.0,0.0,0.0,0.0,0.0,0.0,0.0,0.0,0.0,1.0,0.0,0.0,0.0,1.0,4.0,0.0,0.0,0.0,0.0,1.0,0.0,0.0,8.0,0.09003024,1.0,0.0,0.0,0.0,1.0,175.0,3.0,224.0,224.0,672.0,0.8905761336652365
0.01125378,0.0,0.0,0.0,1.0,0.0,28.0,1.0,35.0,105.0,120.63333333333334,35.75,0.0,1.0,0.0,0.0,0.0,0.0,0.0,0.0,0.0,0.0,0.0,0.0,0.0,0.0,0.0,0.0,0.0,1.0,0.0,0.0,0.0,1.0,4.0,0.0,0.0,0.0,0.0,1.0,0.0,0.0,8.0,0.09003024,0.0,0.0,1.0,0.0,1.0,125.0,3.0,392.0,392.0,1176.0,1.4920000000000004
0.01125378,0.0,0.0,0.0,1.0,0.0,28.0,1.0,35.0,105.0,120.63333333333334,35.75,0.0,1.0,0.0,0.0,0.0,0.0,0.0,0.0,0.0,0.0,0.0,0.0,0.0,0.0,0.0,0.0,0.0,1.0,0.0,0.0,0.0,1.0,4.0,0.0,0.0,0.0,0.0,1.0,0.0,0.0,8.0,0.09003024,0.0,0.0,0.0,1.0,1.0,17.0,3.0,364.0,364.0,1092.0,2.392000000000001
0.01125378,0.0,0.0,0.0,1.0,0.0,28.0,1.0,35.0,105.0,120.63333333333334,35.75,0.0,1.0,0.0,0.0,0.0,0.0,0.0,0.0,0.0,0.0,0.0,0.0,0.0,0.0,0.0,0.0,0.0,1.0,0.0,0.0,0.0,1.0,4.0,0.0,0.0,0.0,0.0,1.0,0.0,0.0,8.0,0.09003024,0.0,0.0,0.0,1.0,1.0,14.0,3.0,364.0,364.0,1092.0,6.492
0.01125378,0.0,0.0,0.0,1.0,0.0,28.0,1.0,35.0,105.0,120.63333333333334,35.75,0.0,1.0,0.0,0.0,0.0,0.0,0.0,0.0,0.0,0.0,0.0,0.0,0.0,0.0,0.0,0.0,0.0,1.0,0.0,0.0,0.0,1.0,4.0,0.0,0.0,0.0,0.0,1.0,0.0,0.0,8.0,0.09003024,0.0,0.0,0.0,1.0,1.0,31.0,3.0,364.0,364.0,1092.0,4.392000000000001
0.01125378,0.0,0.0,0.0,1.0,0.0,28.0,1.0,35.0,105.0,120.63333333333334,35.75,0.0,1.0,0.0,0.0,0.0,0.0,0.0,0.0,0.0,0.0,0.0,0.0,0.0,0.0,0.0,0.0,0.0,1.0,0.0,0.0,0.0,1.0,4.0,0.0,0.0,0.0,0.0,1.0,0.0,0.0,8.0,0.09003024,0.0,1.0,0.0,0.0,1.0,194.0,3.0,392.0,392.0,1176.0,-0.968
0.01125378,0.0,0.0,0.0,1.0,0.0,28.0,1.0,35.0,105.0,120.63333333333334,35.75,0.0,1.0,0.0,0.0,0.0,0.0,0.0,0.0,0.0,0.0,0.0,0.0,0.0,0.0,0.0,0.0,0.0,1.0,0.0,0.0,0.0,1.0,4.0,0.0,0.0,0.0,0.0,1.0,0.0,0.0,8.0,0.09003024,0.0,1.0,0.0,0.0,1.0,117.0,3.0,476.0,476.0,1428.0,0.2919999999999998
0.01125378,0.0,0.0,0.0,1.0,0.0,28.0,1.0,35.0,105.0,120.63333333333334,35.75,0.0,1.0,0.0,0.0,0.0,0.0,0.0,0.0,0.0,0.0,0.0,0.0,0.0,0.0,0.0,0.0,0.0,1.0,0.0,0.0,0.0,1.0,4.0,0.0,0.0,0.0,0.0,1.0,0.0,0.0,8.0,0.09003024,0.0,1.0,0.0,0.0,0.0,19.0,3.0,112.0,112.0,336.0,2.5038075212565105
0.01125378,0.0,0.0,0.0,1.0,0.0,28.0,1.0,35.0,105.0,120.63333333333334,35.75,0.0,1.0,0.0,0.0,0.0,0.0,0.0,0.0,0.0,0.0,0.0,0.0,0.0,0.0,0.0,0.0,0.0,1.0,0.0,0.0,0.0,1.0,4.0,0.0,0.0,0.0,0.0,1.0,0.0,0.0,8.0,0.09003024,0.0,1.0,0.0,0.0,0.0,108.0,3.0,182.0,182.0,546.0,-0.6879999999999997
3.0,0.0,0.0,0.0,1.0,0.0,49.0,1.0,35.0,105.0,120.63333333333334,29.17,0.0,1.0,0.0,0.0,0.0,0.0,0.0,0.0,0.0,0.0,0.0,0.0,0.0,0.0,0.0,0.0,0.0,1.0,0.0,0.0,0.0,1.0,6.0,0.0,0.0,0.0,0.0,1.0,0.0,0.0,14.0,42.0,0.0,1.0,0.0,0.0,0.0,96.0,3.0,364.0,364.0,1092.0,5.360000000000002
3.0,0.0,0.0,0.0,1.0,0.0,49.0,1.0,35.0,105.0,120.63333333333334,29.17,0.0,1.0,0.0,0.0,0.0,0.0,0.0,0.0,0.0,0.0,0.0,0.0,0.0,0.0,0.0,0.0,0.0,1.0,0.0,0.0,0.0,1.0,6.0,0.0,0.0,0.0,0.0,1.0,0.0,0.0,14.0,42.0,0.0,1.0,0.0,0.0,0.0,94.0,1.2,140.0,140.0,168.0,8.622791256464733
3.0,0.0,0.0,0.0,1.0,0.0,49.0,1.0,35.0,105.0,120.63333333333334,29.17,0.0,1.0,0.0,0.0,0.0,0.0,0.0,0.0,0.0,0.0,0.0,0.0,0.0,0.0,0.0,0.0,0.0,1.0,0.0,0.0,0.0,1.0,6.0,0.0,0.0,0.0,0.0,1.0,0.0,0.0,14.0,42.0,0.0,1.0,0.0,0.0,0.0,90.0,1.8,140.0,140.0,252.0,7.892839524734696
3.0,0.0,0.0,0.0,1.0,0.0,49.0,1.0,35.0,105.0,120.63333333333334,29.17,0.0,1.0,0.0,0.0,0.0,0.0,0.0,0.0,0.0,0.0,0.0,0.0,0.0,0.0,0.0,0.0,0.0,1.0,0.0,0.0,0.0,1.0,6.0,0.0,0.0,0.0,0.0,1.0,0.0,0.0,14.0,42.0,0.0,1.0,0.0,0.0,0.0,92.0,2.4,140.0,140.0,336.0,7.205930614829271
3.0,0.0,0.0,0.0,1.0,0.0,49.0,1.0,35.0,105.0,120.63333333333334,29.17,0.0,1.0,0.0,0.0,0.0,0.0,0.0,0.0,0.0,0.0,0.0,0.0,0.0,0.0,0.0,0.0,0.0,1.0,0.0,0.0,0.0,1.0,6.0,0.0,0.0,0.0,0.0,1.0,0.0,0.0,14.0,42.0,0.0,1.0,0.0,0.0,0.0,92.0,3.0,140.0,140.0,420.0,6.118375893128208
3.0,0.0,0.0,0.0,1.0,0.0,49.0,1.0,35.0,105.0,120.63333333333334,29.17,0.0,1.0,0.0,0.0,0.0,0.0,0.0,0.0,0.0,0.0,0.0,0.0,0.0,0.0,0.0,0.0,0.0,1.0,0.0,0.0,0.0,1.0,6.0,0.0,0.0,0.0,0.0,1.0,0.0,0.0,14.0,42.0,0.0,1.0,0.0,0.0,0.0,29.0,3.0,280.0,280.0,840.0,7.330000000000002
3.0,0.0,0.0,0.0,1.0,0.0,49.0,1.0,35.0,105.0,120.63333333333334,29.17,0.0,1.0,0.0,0.0,0.0,0.0,0.0,0.0,0.0,0.0,0.0,0.0,0.0,0.0,0.0,0.0,0.0,1.0,0.0,0.0,0.0,1.0,6.0,0.0,0.0,0.0,0.0,1.0,0.0,0.0,14.0,42.0,0.0,1.0,0.0,0.0,1.0,412.0,3.0,392.0,392.0,1176.0,6.9300000000000015
3.0,0.0,0.0,0.0,1.0,0.0,49.0,1.0,35.0,105.0,120.63333333333334,29.17,0.0,1.0,0.0,0.0,0.0,0.0,0.0,0.0,0.0,0.0,0.0,0.0,0.0,0.0,0.0,0.0,0.0,1.0,0.0,0.0,0.0,1.0,6.0,0.0,0.0,0.0,0.0,1.0,0.0,0.0,14.0,42.0,0.0,1.0,0.0,0.0,1.0,204.0,1.8,392.0,392.0,705.6,8.230000000000002
3.0,0.0,0.0,0.0,1.0,0.0,49.0,1.0,35.0,105.0,120.63333333333334,29.17,0.0,1.0,0.0,0.0,0.0,0.0,0.0,0.0,0.0,0.0,0.0,0.0,0.0,0.0,0.0,0.0,0.0,1.0,0.0,0.0,0.0,1.0,6.0,0.0,0.0,0.0,0.0,1.0,0.0,0.0,14.0,42.0,0.0,1.0,0.0,0.0,1.0,2432.0,3.0,392.0,392.0,1176.0,5.4700000000000015
3.0,0.0,0.0,0.0,1.0,0.0,49.0,1.0,35.0,105.0,120.63333333333334,29.17,0.0,1.0,0.0,0.0,0.0,0.0,0.0,0.0,0.0,0.0,0.0,0.0,0.0,0.0,0.0,0.0,0.0,1.0,0.0,0.0,0.0,1.0,6.0,0.0,0.0,0.0,0.0,1.0,0.0,0.0,14.0,42.0,0.0,1.0,0.0,0.0,1.0,1467.0,3.0,1120.0,1120.0,3360.0,6.580000000000002
3.0,0.0,0.0,0.0,1.0,0.0,49.0,1.0,35.0,105.0,120.63333333333334,29.17,0.0,1.0,0.0,0.0,0.0,0.0,0.0,0.0,0.0,0.0,0.0,0.0,0.0,0.0,0.0,0.0,0.0,1.0,0.0,0.0,0.0,1.0,6.0,0.0,0.0,0.0,0.0,1.0,0.0,0.0,14.0,42.0,0.0,1.0,0.0,0.0,1.0,349.0,3.0,476.0,476.0,1428.0,5.500000000000002
3.0,0.0,0.0,0.0,1.0,0.0,49.0,1.0,35.0,105.0,120.63333333333334,29.17,0.0,1.0,0.0,0.0,0.0,0.0,0.0,0.0,0.0,0.0,0.0,0.0,0.0,0.0,0.0,0.0,0.0,1.0,0.0,0.0,0.0,1.0,6.0,0.0,0.0,0.0,0.0,1.0,0.0,0.0,14.0,42.0,1.0,0.0,0.0,0.0,1.0,175.0,3.0,224.0,224.0,672.0,6.628576133665238
3.0,0.0,0.0,0.0,1.0,0.0,49.0,1.0,35.0,105.0,120.63333333333334,29.17,0.0,1.0,0.0,0.0,0.0,0.0,0.0,0.0,0.0,0.0,0.0,0.0,0.0,0.0,0.0,0.0,0.0,1.0,0.0,0.0,0.0,1.0,6.0,0.0,0.0,0.0,0.0,1.0,0.0,0.0,14.0,42.0,0.0,0.0,1.0,0.0,1.0,125.0,3.0,392.0,392.0,1176.0,7.230000000000002
3.0,0.0,0.0,0.0,1.0,0.0,49.0,1.0,35.0,105.0,120.63333333333334,29.17,0.0,1.0,0.0,0.0,0.0,0.0,0.0,0.0,0.0,0.0,0.0,0.0,0.0,0.0,0.0,0.0,0.0,1.0,0.0,0.0,0.0,1.0,6.0,0.0,0.0,0.0,0.0,1.0,0.0,0.0,14.0,42.0,0.0,0.0,0.0,1.0,1.0,17.0,3.0,364.0,364.0,1092.0,8.130000000000003
3.0,0.0,0.0,0.0,1.0,0.0,49.0,1.0,35.0,105.0,120.63333333333334,29.17,0.0,1.0,0.0,0.0,0.0,0.0,0.0,0.0,0.0,0.0,0.0,0.0,0.0,0.0,0.0,0.0,0.0,1.0,0.0,0.0,0.0,1.0,6.0,0.0,0.0,0.0,0.0,1.0,0.0,0.0,14.0,42.0,0.0,0.0,0.0,1.0,1.0,14.0,3.0,364.0,364.0,1092.0,12.23
3.0,0.0,0.0,0.0,1.0,0.0,49.0,1.0,35.0,105.0,120.63333333333334,29.17,0.0,1.0,0.0,0.0,0.0,0.0,0.0,0.0,0.0,0.0,0.0,0.0,0.0,0.0,0.0,0.0,0.0,1.0,0.0,0.0,0.0,1.0,6.0,0.0,0.0,0.0,0.0,1.0,0.0,0.0,14.0,42.0,0.0,0.0,0.0,1.0,1.0,31.0,3.0,364.0,364.0,1092.0,10.130000000000004
3.0,0.0,0.0,0.0,1.0,0.0,49.0,1.0,35.0,105.0,120.63333333333334,29.17,0.0,1.0,0.0,0.0,0.0,0.0,0.0,0.0,0.0,0.0,0.0,0.0,0.0,0.0,0.0,0.0,0.0,1.0,0.0,0.0,0.0,1.0,6.0,0.0,0.0,0.0,0.0,1.0,0.0,0.0,14.0,42.0,0.0,1.0,0.0,0.0,1.0,194.0,3.0,392.0,392.0,1176.0,4.770000000000001
3.0,0.0,0.0,0.0,1.0,0.0,49.0,1.0,35.0,105.0,120.63333333333334,29.17,0.0,1.0,0.0,0.0,0.0,0.0,0.0,0.0,0.0,0.0,0.0,0.0,0.0,0.0,0.0,0.0,0.0,1.0,0.0,0.0,0.0,1.0,6.0,0.0,0.0,0.0,0.0,1.0,0.0,0.0,14.0,42.0,0.0,1.0,0.0,0.0,1.0,117.0,3.0,476.0,476.0,1428.0,6.030000000000001
3.0,0.0,0.0,0.0,1.0,0.0,49.0,1.0,35.0,105.0,120.63333333333334,29.17,0.0,1.0,0.0,0.0,0.0,0.0,0.0,0.0,0.0,0.0,0.0,0.0,0.0,0.0,0.0,0.0,0.0,1.0,0.0,0.0,0.0,1.0,6.0,0.0,0.0,0.0,0.0,1.0,0.0,0.0,14.0,42.0,0.0,1.0,0.0,0.0,0.0,19.0,3.0,112.0,112.0,336.0,8.241807521256511
3.0,0.0,0.0,0.0,1.0,0.0,49.0,1.0,35.0,105.0,120.63333333333334,29.17,0.0,1.0,0.0,0.0,0.0,0.0,0.0,0.0,0.0,0.0,0.0,0.0,0.0,0.0,0.0,0.0,0.0,1.0,0.0,0.0,0.0,1.0,6.0,0.0,0.0,0.0,0.0,1.0,0.0,0.0,14.0,42.0,0.0,1.0,0.0,0.0,0.0,108.0,3.0,182.0,182.0,546.0,5.050000000000002
0.3,1.0,0.0,0.0,0.0,0.0,98.0,1.0,315.0,357.0,120.63333333333334,337.82,0.0,0.0,0.0,0.0,0.0,0.0,0.0,0.0,0.0,0.0,1.0,0.0,0.0,0.0,0.0,0.0,0.0,0.0,1.0,0.0,1.0,0.0,7.0,0.0,1.0,0.0,0.0,0.0,0.0,0.0,98.0,29.4,0.0,1.0,0.0,0.0,0.0,96.0,3.0,364.0,364.0,1092.0,13.170000000000002
0.3,1.0,0.0,0.0,0.0,0.0,98.0,1.0,315.0,357.0,120.63333333333334,337.82,0.0,0.0,0.0,0.0,0.0,0.0,0.0,0.0,0.0,0.0,1.0,0.0,0.0,0.0,0.0,0.0,0.0,0.0,1.0,0.0,1.0,0.0,7.0,0.0,1.0,0.0,0.0,0.0,0.0,0.0,98.0,29.4,0.0,1.0,0.0,0.0,0.0,94.0,1.2,140.0,140.0,168.0,16.432791256464732
0.3,1.0,0.0,0.0,0.0,0.0,98.0,1.0,315.0,357.0,120.63333333333334,337.82,0.0,0.0,0.0,0.0,0.0,0.0,0.0,0.0,0.0,0.0,1.0,0.0,0.0,0.0,0.0,0.0,0.0,0.0,1.0,0.0,1.0,0.0,7.0,0.0,1.0,0.0,0.0,0.0,0.0,0.0,98.0,29.4,0.0,1.0,0.0,0.0,0.0,90.0,1.8,140.0,140.0,252.0,15.702839524734696
0.3,1.0,0.0,0.0,0.0,0.0,98.0,1.0,315.0,357.0,120.63333333333334,337.82,0.0,0.0,0.0,0.0,0.0,0.0,0.0,0.0,0.0,0.0,1.0,0.0,0.0,0.0,0.0,0.0,0.0,0.0,1.0,0.0,1.0,0.0,7.0,0.0,1.0,0.0,0.0,0.0,0.0,0.0,98.0,29.4,0.0,1.0,0.0,0.0,0.0,92.0,2.4,140.0,140.0,336.0,15.01593061482927
0.3,1.0,0.0,0.0,0.0,0.0,98.0,1.0,315.0,357.0,120.63333333333334,337.82,0.0,0.0,0.0,0.0,0.0,0.0,0.0,0.0,0.0,0.0,1.0,0.0,0.0,0.0,0.0,0.0,0.0,0.0,1.0,0.0,1.0,0.0,7.0,0.0,1.0,0.0,0.0,0.0,0.0,0.0,98.0,29.4,0.0,1.0,0.0,0.0,0.0,92.0,3.0,140.0,140.0,420.0,13.928375893128209
0.3,1.0,0.0,0.0,0.0,0.0,98.0,1.0,315.0,357.0,120.63333333333334,337.82,0.0,0.0,0.0,0.0,0.0,0.0,0.0,0.0,0.0,0.0,1.0,0.0,0.0,0.0,0.0,0.0,0.0,0.0,1.0,0.0,1.0,0.0,7.0,0.0,1.0,0.0,0.0,0.0,0.0,0.0,98.0,29.4,0.0,1.0,0.0,0.0,0.0,29.0,3.0,280.0,280.0,840.0,15.14
0.3,1.0,0.0,0.0,0.0,0.0,98.0,1.0,315.0,357.0,120.63333333333334,337.82,0.0,0.0,0.0,0.0,0.0,0.0,0.0,0.0,0.0,0.0,1.0,0.0,0.0,0.0,0.0,0.0,0.0,0.0,1.0,0.0,1.0,0.0,7.0,0.0,1.0,0.0,0.0,0.0,0.0,0.0,98.0,29.4,0.0,1.0,0.0,0.0,1.0,412.0,3.0,392.0,392.0,1176.0,14.74
0.3,1.0,0.0,0.0,0.0,0.0,98.0,1.0,315.0,357.0,120.63333333333334,337.82,0.0,0.0,0.0,0.0,0.0,0.0,0.0,0.0,0.0,0.0,1.0,0.0,0.0,0.0,0.0,0.0,0.0,0.0,1.0,0.0,1.0,0.0,7.0,0.0,1.0,0.0,0.0,0.0,0.0,0.0,98.0,29.4,0.0,1.0,0.0,0.0,1.0,204.0,1.8,392.0,392.0,705.6,16.04
0.3,1.0,0.0,0.0,0.0,0.0,98.0,1.0,315.0,357.0,120.63333333333334,337.82,0.0,0.0,0.0,0.0,0.0,0.0,0.0,0.0,0.0,0.0,1.0,0.0,0.0,0.0,0.0,0.0,0.0,0.0,1.0,0.0,1.0,0.0,7.0,0.0,1.0,0.0,0.0,0.0,0.0,0.0,98.0,29.4,0.0,1.0,0.0,0.0,1.0,2432.0,3.0,392.0,392.0,1176.0,13.28
0.3,1.0,0.0,0.0,0.0,0.0,98.0,1.0,315.0,357.0,120.63333333333334,337.82,0.0,0.0,0.0,0.0,0.0,0.0,0.0,0.0,0.0,0.0,1.0,0.0,0.0,0.0,0.0,0.0,0.0,0.0,1.0,0.0,1.0,0.0,7.0,0.0,1.0,0.0,0.0,0.0,0.0,0.0,98.0,29.4,0.0,1.0,0.0,0.0,1.0,1467.0,3.0,1120.0,1120.0,3360.0,14.39
0.3,1.0,0.0,0.0,0.0,0.0,98.0,1.0,315.0,357.0,120.63333333333334,337.82,0.0,0.0,0.0,0.0,0.0,0.0,0.0,0.0,0.0,0.0,1.0,0.0,0.0,0.0,0.0,0.0,0.0,0.0,1.0,0.0,1.0,0.0,7.0,0.0,1.0,0.0,0.0,0.0,0.0,0.0,98.0,29.4,0.0,1.0,0.0,0.0,1.0,349.0,3.0,476.0,476.0,1428.0,13.31
0.3,1.0,0.0,0.0,0.0,0.0,98.0,1.0,315.0,357.0,120.63333333333334,337.82,0.0,0.0,0.0,0.0,0.0,0.0,0.0,0.0,0.0,0.0,1.0,0.0,0.0,0.0,0.0,0.0,0.0,0.0,1.0,0.0,1.0,0.0,7.0,0.0,1.0,0.0,0.0,0.0,0.0,0.0,98.0,29.4,1.0,0.0,0.0,0.0,1.0,175.0,3.0,224.0,224.0,672.0,14.438576133665237
0.3,1.0,0.0,0.0,0.0,0.0,98.0,1.0,315.0,357.0,120.63333333333334,337.82,0.0,0.0,0.0,0.0,0.0,0.0,0.0,0.0,0.0,0.0,1.0,0.0,0.0,0.0,0.0,0.0,0.0,0.0,1.0,0.0,1.0,0.0,7.0,0.0,1.0,0.0,0.0,0.0,0.0,0.0,98.0,29.4,0.0,0.0,1.0,0.0,1.0,125.0,3.0,392.0,392.0,1176.0,15.04
0.3,1.0,0.0,0.0,0.0,0.0,98.0,1.0,315.0,357.0,120.63333333333334,337.82,0.0,0.0,0.0,0.0,0.0,0.0,0.0,0.0,0.0,0.0,1.0,0.0,0.0,0.0,0.0,0.0,0.0,0.0,1.0,0.0,1.0,0.0,7.0,0.0,1.0,0.0,0.0,0.0,0.0,0.0,98.0,29.4,0.0,0.0,0.0,1.0,1.0,17.0,3.0,364.0,364.0,1092.0,15.94
0.3,1.0,0.0,0.0,0.0,0.0,98.0,1.0,315.0,357.0,120.63333333333334,337.82,0.0,0.0,0.0,0.0,0.0,0.0,0.0,0.0,0.0,0.0,1.0,0.0,0.0,0.0,0.0,0.0,0.0,0.0,1.0,0.0,1.0,0.0,7.0,0.0,1.0,0.0,0.0,0.0,0.0,0.0,98.0,29.4,0.0,0.0,0.0,1.0,1.0,14.0,3.0,364.0,364.0,1092.0,20.04
0.3,1.0,0.0,0.0,0.0,0.0,98.0,1.0,315.0,357.0,120.63333333333334,337.82,0.0,0.0,0.0,0.0,0.0,0.0,0.0,0.0,0.0,0.0,1.0,0.0,0.0,0.0,0.0,0.0,0.0,0.0,1.0,0.0,1.0,0.0,7.0,0.0,1.0,0.0,0.0,0.0,0.0,0.0,98.0,29.4,0.0,0.0,0.0,1.0,1.0,31.0,3.0,364.0,364.0,1092.0,17.94
0.3,1.0,0.0,0.0,0.0,0.0,98.0,1.0,315.0,357.0,120.63333333333334,337.82,0.0,0.0,0.0,0.0,0.0,0.0,0.0,0.0,0.0,0.0,1.0,0.0,0.0,0.0,0.0,0.0,0.0,0.0,1.0,0.0,1.0,0.0,7.0,0.0,1.0,0.0,0.0,0.0,0.0,0.0,98.0,29.4,0.0,1.0,0.0,0.0,1.0,194.0,3.0,392.0,392.0,1176.0,12.58
0.3,1.0,0.0,0.0,0.0,0.0,98.0,1.0,315.0,357.0,120.63333333333334,337.82,0.0,0.0,0.0,0.0,0.0,0.0,0.0,0.0,0.0,0.0,1.0,0.0,0.0,0.0,0.0,0.0,0.0,0.0,1.0,0.0,1.0,0.0,7.0,0.0,1.0,0.0,0.0,0.0,0.0,0.0,98.0,29.4,0.0,1.0,0.0,0.0,1.0,117.0,3.0,476.0,476.0,1428.0,13.84
0.3,1.0,0.0,0.0,0.0,0.0,98.0,1.0,315.0,357.0,120.63333333333334,337.82,0.0,0.0,0.0,0.0,0.0,0.0,0.0,0.0,0.0,0.0,1.0,0.0,0.0,0.0,0.0,0.0,0.0,0.0,1.0,0.0,1.0,0.0,7.0,0.0,1.0,0.0,0.0,0.0,0.0,0.0,98.0,29.4,0.0,1.0,0.0,0.0,0.0,19.0,3.0,112.0,112.0,336.0,16.05180752125651
0.3,1.0,0.0,0.0,0.0,0.0,98.0,1.0,315.0,357.0,120.63333333333334,337.82,0.0,0.0,0.0,0.0,0.0,0.0,0.0,0.0,0.0,0.0,1.0,0.0,0.0,0.0,0.0,0.0,0.0,0.0,1.0,0.0,1.0,0.0,7.0,0.0,1.0,0.0,0.0,0.0,0.0,0.0,98.0,29.4,0.0,1.0,0.0,0.0,0.0,108.0,3.0,182.0,182.0,546.0,12.86
0.3,1.0,0.0,0.0,0.0,0.0,98.0,1.0,315.0,357.0,120.63333333333334,556.31,0.0,0.0,0.0,0.0,0.0,0.0,0.0,0.0,0.0,0.0,1.0,0.0,0.0,0.0,0.0,0.0,0.0,0.0,1.0,0.0,0.0,1.0,8.0,0.0,1.0,0.0,0.0,0.0,0.0,0.0,98.0,29.4,0.0,1.0,0.0,0.0,0.0,96.0,3.0,364.0,364.0,1092.0,6.249999999999999
0.3,1.0,0.0,0.0,0.0,0.0,98.0,1.0,315.0,357.0,120.63333333333334,556.31,0.0,0.0,0.0,0.0,0.0,0.0,0.0,0.0,0.0,0.0,1.0,0.0,0.0,0.0,0.0,0.0,0.0,0.0,1.0,0.0,0.0,1.0,8.0,0.0,1.0,0.0,0.0,0.0,0.0,0.0,98.0,29.4,0.0,1.0,0.0,0.0,0.0,94.0,1.2,140.0,140.0,168.0,9.51279125646473
0.3,1.0,0.0,0.0,0.0,0.0,98.0,1.0,315.0,357.0,120.63333333333334,556.31,0.0,0.0,0.0,0.0,0.0,0.0,0.0,0.0,0.0,0.0,1.0,0.0,0.0,0.0,0.0,0.0,0.0,0.0,1.0,0.0,0.0,1.0,8.0,0.0,1.0,0.0,0.0,0.0,0.0,0.0,98.0,29.4,0.0,1.0,0.0,0.0,0.0,90.0,1.8,140.0,140.0,252.0,8.782839524734694
0.3,1.0,0.0,0.0,0.0,0.0,98.0,1.0,315.0,357.0,120.63333333333334,556.31,0.0,0.0,0.0,0.0,0.0,0.0,0.0,0.0,0.0,0.0,1.0,0.0,0.0,0.0,0.0,0.0,0.0,0.0,1.0,0.0,0.0,1.0,8.0,0.0,1.0,0.0,0.0,0.0,0.0,0.0,98.0,29.4,0.0,1.0,0.0,0.0,0.0,92.0,2.4,140.0,140.0,336.0,8.095930614829268
0.3,1.0,0.0,0.0,0.0,0.0,98.0,1.0,315.0,357.0,120.63333333333334,556.31,0.0,0.0,0.0,0.0,0.0,0.0,0.0,0.0,0.0,0.0,1.0,0.0,0.0,0.0,0.0,0.0,0.0,0.0,1.0,0.0,0.0,1.0,8.0,0.0,1.0,0.0,0.0,0.0,0.0,0.0,98.0,29.4,0.0,1.0,0.0,0.0,0.0,92.0,3.0,140.0,140.0,420.0,7.008375893128205
0.3,1.0,0.0,0.0,0.0,0.0,98.0,1.0,315.0,357.0,120.63333333333334,556.31,0.0,0.0,0.0,0.0,0.0,0.0,0.0,0.0,0.0,0.0,1.0,0.0,0.0,0.0,0.0,0.0,0.0,0.0,1.0,0.0,0.0,1.0,8.0,0.0,1.0,0.0,0.0,0.0,0.0,0.0,98.0,29.4,0.0,1.0,0.0,0.0,0.0,29.0,3.0,280.0,280.0,840.0,8.219999999999999
0.3,1.0,0.0,0.0,0.0,0.0,98.0,1.0,315.0,357.0,120.63333333333334,556.31,0.0,0.0,0.0,0.0,0.0,0.0,0.0,0.0,0.0,0.0,1.0,0.0,0.0,0.0,0.0,0.0,0.0,0.0,1.0,0.0,0.0,1.0,8.0,0.0,1.0,0.0,0.0,0.0,0.0,0.0,98.0,29.4,0.0,1.0,0.0,0.0,1.0,412.0,3.0,392.0,392.0,1176.0,7.8199999999999985
0.3,1.0,0.0,0.0,0.0,0.0,98.0,1.0,315.0,357.0,120.63333333333334,556.31,0.0,0.0,0.0,0.0,0.0,0.0,0.0,0.0,0.0,0.0,1.0,0.0,0.0,0.0,0.0,0.0,0.0,0.0,1.0,0.0,0.0,1.0,8.0,0.0,1.0,0.0,0.0,0.0,0.0,0.0,98.0,29.4,0.0,1.0,0.0,0.0,1.0,204.0,1.8,392.0,392.0,705.6,9.12
0.3,1.0,0.0,0.0,0.0,0.0,98.0,1.0,315.0,357.0,120.63333333333334,556.31,0.0,0.0,0.0,0.0,0.0,0.0,0.0,0.0,0.0,0.0,1.0,0.0,0.0,0.0,0.0,0.0,0.0,0.0,1.0,0.0,0.0,1.0,8.0,0.0,1.0,0.0,0.0,0.0,0.0,0.0,98.0,29.4,0.0,1.0,0.0,0.0,1.0,2432.0,3.0,392.0,392.0,1176.0,6.359999999999999
0.3,1.0,0.0,0.0,0.0,0.0,98.0,1.0,315.0,357.0,120.63333333333334,556.31,0.0,0.0,0.0,0.0,0.0,0.0,0.0,0.0,0.0,0.0,1.0,0.0,0.0,0.0,0.0,0.0,0.0,0.0,1.0,0.0,0.0,1.0,8.0,0.0,1.0,0.0,0.0,0.0,0.0,0.0,98.0,29.4,0.0,1.0,0.0,0.0,1.0,1467.0,3.0,1120.0,1120.0,3360.0,7.469999999999999
0.3,1.0,0.0,0.0,0.0,0.0,98.0,1.0,315.0,357.0,120.63333333333334,556.31,0.0,0.0,0.0,0.0,0.0,0.0,0.0,0.0,0.0,0.0,1.0,0.0,0.0,0.0,0.0,0.0,0.0,0.0,1.0,0.0,0.0,1.0,8.0,0.0,1.0,0.0,0.0,0.0,0.0,0.0,98.0,29.4,0.0,1.0,0.0,0.0,1.0,349.0,3.0,476.0,476.0,1428.0,6.389999999999999
0.3,1.0,0.0,0.0,0.0,0.0,98.0,1.0,315.0,357.0,120.63333333333334,556.31,0.0,0.0,0.0,0.0,0.0,0.0,0.0,0.0,0.0,0.0,1.0,0.0,0.0,0.0,0.0,0.0,0.0,0.0,1.0,0.0,0.0,1.0,8.0,0.0,1.0,0.0,0.0,0.0,0.0,0.0,98.0,29.4,1.0,0.0,0.0,0.0,1.0,175.0,3.0,224.0,224.0,672.0,7.518576133665235
0.3,1.0,0.0,0.0,0.0,0.0,98.0,1.0,315.0,357.0,120.63333333333334,556.31,0.0,0.0,0.0,0.0,0.0,0.0,0.0,0.0,0.0,0.0,1.0,0.0,0.0,0.0,0.0,0.0,0.0,0.0,1.0,0.0,0.0,1.0,8.0,0.0,1.0,0.0,0.0,0.0,0.0,0.0,98.0,29.4,0.0,0.0,1.0,0.0,1.0,125.0,3.0,392.0,392.0,1176.0,8.12
0.3,1.0,0.0,0.0,0.0,0.0,98.0,1.0,315.0,357.0,120.63333333333334,556.31,0.0,0.0,0.0,0.0,0.0,0.0,0.0,0.0,0.0,0.0,1.0,0.0,0.0,0.0,0.0,0.0,0.0,0.0,1.0,0.0,0.0,1.0,8.0,0.0,1.0,0.0,0.0,0.0,0.0,0.0,98.0,29.4,0.0,0.0,0.0,1.0,1.0,17.0,3.0,364.0,364.0,1092.0,9.02
0.3,1.0,0.0,0.0,0.0,0.0,98.0,1.0,315.0,357.0,120.63333333333334,556.31,0.0,0.0,0.0,0.0,0.0,0.0,0.0,0.0,0.0,0.0,1.0,0.0,0.0,0.0,0.0,0.0,0.0,0.0,1.0,0.0,0.0,1.0,8.0,0.0,1.0,0.0,0.0,0.0,0.0,0.0,98.0,29.4,0.0,0.0,0.0,1.0,1.0,14.0,3.0,364.0,364.0,1092.0,13.119999999999996
0.3,1.0,0.0,0.0,0.0,0.0,98.0,1.0,315.0,357.0,120.63333333333334,556.31,0.0,0.0,0.0,0.0,0.0,0.0,0.0,0.0,0.0,0.0,1.0,0.0,0.0,0.0,0.0,0.0,0.0,0.0,1.0,0.0,0.0,1.0,8.0,0.0,1.0,0.0,0.0,0.0,0.0,0.0,98.0,29.4,0.0,0.0,0.0,1.0,1.0,31.0,3.0,364.0,364.0,1092.0,11.02
0.3,1.0,0.0,0.0,0.0,0.0,98.0,1.0,315.0,357.0,120.63333333333334,556.31,0.0,0.0,0.0,0.0,0.0,0.0,0.0,0.0,0.0,0.0,1.0,0.0,0.0,0.0,0.0,0.0,0.0,0.0,1.0,0.0,0.0,1.0,8.0,0.0,1.0,0.0,0.0,0.0,0.0,0.0,98.0,29.4,0.0,1.0,0.0,0.0,1.0,194.0,3.0,392.0,392.0,1176.0,5.659999999999998
0.3,1.0,0.0,0.0,0.0,0.0,98.0,1.0,315.0,357.0,120.63333333333334,556.31,0.0,0.0,0.0,0.0,0.0,0.0,0.0,0.0,0.0,0.0,1.0,0.0,0.0,0.0,0.0,0.0,0.0,0.0,1.0,0.0,0.0,1.0,8.0,0.0,1.0,0.0,0.0,0.0,0.0,0.0,98.0,29.4,0.0,1.0,0.0,0.0,1.0,117.0,3.0,476.0,476.0,1428.0,6.919999999999998
0.3,1.0,0.0,0.0,0.0,0.0,98.0,1.0,315.0,357.0,120.63333333333334,556.31,0.0,0.0,0.0,0.0,0.0,0.0,0.0,0.0,0.0,0.0,1.0,0.0,0.0,0.0,0.0,0.0,0.0,0.0,1.0,0.0,0.0,1.0,8.0,0.0,1.0,0.0,0.0,0.0,0.0,0.0,98.0,29.4,0.0,1.0,0.0,0.0,0.0,19.0,3.0,112.0,112.0,336.0,9.131807521256508
0.3,1.0,0.0,0.0,0.0,0.0,98.0,1.0,315.0,357.0,120.63333333333334,556.31,0.0,0.0,0.0,0.0,0.0,0.0,0.0,0.0,0.0,0.0,1.0,0.0,0.0,0.0,0.0,0.0,0.0,0.0,1.0,0.0,0.0,1.0,8.0,0.0,1.0,0.0,0.0,0.0,0.0,0.0,98.0,29.4,0.0,1.0,0.0,0.0,0.0,108.0,3.0,182.0,182.0,546.0,5.939999999999999
