scaler_0__preclinical_dosage_amount_value(mg/kg),ohe_1__preclinical_dosage_frequency_1 + every 1 day,ohe_1__preclinical_dosage_frequency_1 + every 2 days,ohe_1__preclinical_dosage_frequency_2 + every 1 day,ohe_1__preclinical_dosage_frequency_2 + every 7 days,ohe_1__preclinical_dosage_frequency_5 + every 1 week,scaler_2__preclinical_dosage_duration(days),ohe_3__preclinical_administration_route_subcutaneous,scaler_4__preclinical_animal_age_before_experiment(days),scaler_5__preclinical_animal_age_before_treatment(days),scaler_6__preclinical_animal_weight_before_experiment(grams),scaler_7__preclinical_animal_weight_before_treatment(grams),ohe_8__preclinical_animal_strain_C57BL/6,ohe_8__preclinical_animal_strain_C57BL/6J,ohe_8__preclinical_animal_strain_C57BL/6JRj,ohe_8__preclinical_animal_strain_C57BL/6N,ohe_8__preclinical_animal_strain_C57BL/6NRj,ohe_8__preclinical_animal_strain_C57BL/6NTac,ohe_8__preclinical_animal_strain_Golden Syrian,ohe_8__preclinical_animal_strain_Goto-Kakizaki,ohe_8__preclinical_animal_strain_KKAy,ohe_8__preclinical_animal_strain_Ldlr−/−,ohe_8__preclinical_animal_strain_Sprague–Dawley,ohe_8__preclinical_animal_strain_Unknown,ohe_8__preclinical_animal_strain_Wistar,ohe_8__preclinical_animal_strain_Wistar Kyoto,ohe_8__preclinical_animal_strain_db/db,ohe_9__preclinical_animal_species_cynomolgus monkeys,ohe_9__preclinical_animal_species_hamsters,ohe_9__preclinical_animal_species_mice,ohe_9__preclinical_animal_species_rats,ohe_10__preclinical_animal_sex_Unknown,ohe_10__preclinical_animal_sex_female,ohe_10__preclinical_animal_sex_male,scaler_11__preclinical_animal_subject_size,ohe_12__preclinical_disease_model_diet:high-fat,ohe_12__preclinical_disease_model_diet:high-fat+high-carbohydrate,ohe_12__preclinical_disease_model_diet:high-fat+high-cholesterol,ohe_12__preclinical_disease_model_diet:high-fat+high-fructose,ohe_12__preclinical_disease_model_diet:high-fat+high-sugar,ohe_12__preclinical_disease_model_diet:high-fat+high-sugar+high-cholesterol,ohe_12__preclinical_disease_model_genetic,scaler_13__preclinical_total_doses,scaler_14__preclinical_total_dosage_amount(mg/kg),ohe_15__clinical_age_groups_ADULT,"ohe_15__clinical_age_groups_ADULT,OLDER_ADULT",ohe_15__clinical_age_groups_CHILD,"ohe_15__clinical_age_groups_CHILD,ADULT",ohe_16__clinical_phases_PHASE3,scaler_17__clinical_sample_size,scaler_18__clinical_dosage_amount_value(mg),scaler_19__clinical_dosage_duration(days),scaler_20__clinical_total_doses,scaler_21__clinical_total_dosage_amount(mg),result_translation
-0.13169284712672627,0.0,0.0,1.0,0.0,0.0,-0.8297266782094186,1.0,-0.1580473356388574,-0.23190440712474855,-7.44063202444536e-16,0.0,0.0,1.0,0.0,0.0,0.0,0.0,0.0,0.0,0.0,0.0,0.0,0.0,0.0,0.0,0.0,0.0,0.0,1.0,0.0,0.0,0.0,1.0,2.0595927075422122,0.0,0.0,0.0,0.0,1.0,0.0,0.0,-0.4241910478200958,-0.3915269655830575,0.0,1.0,0.0,0.0,0.0,-0.36713487108849113,0.4649905549752775,0.10144650383224237,0.10144650383224237,0.16986075984413973,8.530000000000001
-0.13169284712672627,0.0,0.0,1.0,0.0,0.0,-0.8297266782094186,1.0,-0.1580473356388574,-0.23190440712474855,-7.44063202444536e-16,0.0,0.0,1.0,0.0,0.0,0.0,0.0,0.0,0.0,0.0,0.0,0.0,0.0,0.0,0.0,0.0,0.0,0.0,1.0,0.0,0.0,0.0,1.0,2.0595927075422122,0.0,0.0,0.0,0.0,1.0,0.0,0.0,-0.4241910478200958,-0.3915269655830575,0.0,1.0,0.0,0.0,0.0,-0.37060085995880965,-3.0224386073393013,-0.9457432131457438,-0.9457432131457438,-1.2090826780049644,11.792791256464731
-0.13169284712672627,0.0,0.0,1.0,0.0,0.0,-0.8297266782094186,1.0,-0.1580473356388574,-0.23190440712474855,-7.44063202444536e-16,0.0,0.0,1.0,0.0,0.0,0.0,0.0,0.0,0.0,0.0,0.0,0.0,0.0,0.0,0.0,0.0,0.0,0.0,1.0,0.0,0.0,0.0,1.0,2.0595927075422122,0.0,0.0,0.0,0.0,1.0,0.0,0.0,-0.4241910478200958,-0.3915269655830575,0.0,1.0,0.0,0.0,0.0,-0.37753283769944673,-1.859962219901108,-0.9457432131457438,-0.9457432131457438,-1.0837241836550457,11.062839524734695
-0.13169284712672627,0.0,0.0,1.0,0.0,0.0,-0.8297266782094186,1.0,-0.1580473356388574,-0.23190440712474855,-7.44063202444536e-16,0.0,0.0,1.0,0.0,0.0,0.0,0.0,0.0,0.0,0.0,0.0,0.0,0.0,0.0,0.0,0.0,0.0,0.0,1.0,0.0,0.0,0.0,1.0,2.0595927075422122,0.0,0.0,0.0,0.0,1.0,0.0,0.0,-0.4241910478200958,-0.3915269655830575,0.0,1.0,0.0,0.0,0.0,-0.3740668488291282,-0.6974858324629155,-0.9457432131457438,-0.9457432131457438,-0.9583656893051273,10.375930614829269
-0.13169284712672627,0.0,0.0,1.0,0.0,0.0,-0.8297266782094186,1.0,-0.1580473356388574,-0.23190440712474855,-7.44063202444536e-16,0.0,0.0,1.0,0.0,0.0,0.0,0.0,0.0,0.0,0.0,0.0,0.0,0.0,0.0,0.0,0.0,0.0,0.0,1.0,0.0,0.0,0.0,1.0,2.0595927075422122,0.0,0.0,0.0,0.0,1.0,0.0,0.0,-0.4241910478200958,-0.3915269655830575,0.0,1.0,0.0,0.0,0.0,-0.3740668488291282,0.4649905549752775,-0.9457432131457438,-0.9457432131457438,-0.8330071949552087,9.288375893128206
-0.13169284712672627,0.0,0.0,1.0,0.0,0.0,-0.8297266782094186,1.0,-0.1580473356388574,-0.23190440712474855,-7.44063202444536e-16,0.0,0.0,1.0,0.0,0.0,0.0,0.0,0.0,0.0,0.0,0.0,0.0,0.0,0.0,0.0,0.0,0.0,0.0,1.0,0.0,0.0,0.0,1.0,2.0595927075422122,0.0,0.0,0.0,0.0,1.0,0.0,0.0,-0.4241910478200958,-0.3915269655830575,0.0,1.0,0.0,0.0,0.0,-0.48324549824416213,0.4649905549752775,-0.2912496400345025,-0.2912496400345025,-0.20621472320561596,10.5
-0.13169284712672627,0.0,0.0,1.0,0.0,0.0,-0.8297266782094186,1.0,-0.1580473356388574,-0.23190440712474855,-7.44063202444536e-16,0.0,0.0,1.0,0.0,0.0,0.0,0.0,0.0,0.0,0.0,0.0,0.0,0.0,0.0,0.0,0.0,0.0,0.0,1.0,0.0,0.0,0.0,1.0,2.0595927075422122,0.0,0.0,0.0,0.0,1.0,0.0,0.0,-0.4241910478200958,-0.3915269655830575,0.0,1.0,0.0,0.0,1.0,0.1804913704218378,0.4649905549752775,0.23234521845449066,0.23234521845449066,0.29521925419405826,10.1
-0.13169284712672627,0.0,0.0,1.0,0.0,0.0,-0.8297266782094186,1.0,-0.1580473356388574,-0.23190440712474855,-7.44063202444536e-16,0.0,0.0,1.0,0.0,0.0,0.0,0.0,0.0,0.0,0.0,0.0,0.0,0.0,0.0,0.0,0.0,0.0,0.0,1.0,0.0,0.0,0.0,1.0,2.0595927075422122,0.0,0.0,0.0,0.0,1.0,0.0,0.0,-0.4241910478200958,-0.3915269655830575,0.0,1.0,0.0,0.0,1.0,-0.1799714720912901,-1.859962219901108,0.23234521845449066,0.23234521845449066,-0.4067883141654856,11.4
-0.13169284712672627,0.0,0.0,1.0,0.0,0.0,-0.8297266782094186,1.0,-0.1580473356388574,-0.23190440712474855,-7.44063202444536e-16,0.0,0.0,1.0,0.0,0.0,0.0,0.0,0.0,0.0,0.0,0.0,0.0,0.0,0.0,0.0,0.0,0.0,0.0,1.0,0.0,0.0,0.0,1.0,2.0595927075422122,0.0,0.0,0.0,0.0,1.0,0.0,0.0,-0.4241910478200958,-0.3915269655830575,0.0,1.0,0.0,0.0,1.0,3.681140129443561,0.4649905549752775,0.23234521845449066,0.23234521845449066,0.29521925419405826,8.64
-0.13169284712672627,0.0,0.0,1.0,0.0,0.0,-0.8297266782094186,1.0,-0.1580473356388574,-0.23190440712474855,-7.44063202444536e-16,0.0,0.0,1.0,0.0,0.0,0.0,0.0,0.0,0.0,0.0,0.0,0.0,0.0,0.0,0.0,0.0,0.0,0.0,1.0,0.0,0.0,0.0,1.0,2.0595927075422122,0.0,0.0,0.0,0.0,1.0,0.0,0.0,-0.4241910478200958,-0.3915269655830575,0.0,1.0,0.0,0.0,1.0,2.0088004995148667,0.4649905549752775,3.635711798632946,3.635711798632946,3.554540107291941,9.75
-0.13169284712672627,0.0,0.0,1.0,0.0,0.0,-0.8297266782094186,1.0,-0.1580473356388574,-0.23190440712474855,-7.44063202444536e-16,0.0,0.0,1.0,0.0,0.0,0.0,0.0,0.0,0.0,0.0,0.0,0.0,0.0,0.0,0.0,0.0,0.0,0.0,1.0,0.0,0.0,0.0,1.0,2.0595927075422122,0.0,0.0,0.0,0.0,1.0,0.0,0.0,-0.4241910478200958,-0.3915269655830575,0.0,1.0,0.0,0.0,1.0,0.07131272100680387,0.4649905549752775,0.6250413623212355,0.6250413623212355,0.6712947372438139,8.67
-0.13169284712672627,0.0,0.0,1.0,0.0,0.0,-0.8297266782094186,1.0,-0.1580473356388574,-0.23190440712474855,-7.44063202444536e-16,0.0,0.0,1.0,0.0,0.0,0.0,0.0,0.0,0.0,0.0,0.0,0.0,0.0,0.0,0.0,0.0,0.0,0.0,1.0,0.0,0.0,0.0,1.0,2.0595927075422122,0.0,0.0,0.0,0.0,1.0,0.0,0.0,-0.4241910478200958,-0.3915269655830575,1.0,0.0,0.0,0.0,1.0,-0.2302283107109089,0.4649905549752775,-0.553047069278999,-0.553047069278999,-0.45693171190545306,9.798576133665236
-0.13169284712672627,0.0,0.0,1.0,0.0,0.0,-0.8297266782094186,1.0,-0.1580473356388574,-0.23190440712474855,-7.44063202444536e-16,0.0,0.0,1.0,0.0,0.0,0.0,0.0,0.0,0.0,0.0,0.0,0.0,0.0,0.0,0.0,0.0,0.0,0.0,1.0,0.0,0.0,0.0,1.0,2.0595927075422122,0.0,0.0,0.0,0.0,1.0,0.0,0.0,-0.4241910478200958,-0.3915269655830575,0.0,0.0,1.0,0.0,1.0,-0.31687803246887236,0.4649905549752775,0.23234521845449066,0.23234521845449066,0.29521925419405826,10.4
-0.13169284712672627,0.0,0.0,1.0,0.0,0.0,-0.8297266782094186,1.0,-0.1580473356388574,-0.23190440712474855,-7.44063202444536e-16,0.0,0.0,1.0,0.0,0.0,0.0,0.0,0.0,0.0,0.0,0.0,0.0,0.0,0.0,0.0,0.0,0.0,0.0,1.0,0.0,0.0,0.0,1.0,2.0595927075422122,0.0,0.0,0.0,0.0,1.0,0.0,0.0,-0.4241910478200958,-0.3915269655830575,0.0,0.0,0.0,1.0,1.0,-0.5040414314660734,0.4649905549752775,0.10144650383224237,0.10144650383224237,0.16986075984413973,11.3
-0.13169284712672627,0.0,0.0,1.0,0.0,0.0,-0.8297266782094186,1.0,-0.1580473356388574,-0.23190440712474855,-7.44063202444536e-16,0.0,0.0,1.0,0.0,0.0,0.0,0.0,0.0,0.0,0.0,0.0,0.0,0.0,0.0,0.0,0.0,0.0,0.0,1.0,0.0,0.0,0.0,1.0,2.0595927075422122,0.0,0.0,0.0,0.0,1.0,0.0,0.0,-0.4241910478200958,-0.3915269655830575,0.0,0.0,0.0,1.0,1.0,-0.5092404147715511,0.4649905549752775,0.10144650383224237,0.10144650383224237,0.16986075984413973,15.4
-0.13169284712672627,0.0,0.0,1.0,0.0,0.0,-0.8297266782094186,1.0,-0.1580473356388574,-0.23190440712474855,-7.44063202444536e-16,0.0,0.0,1.0,0.0,0.0,0.0,0.0,0.0,0.0,0.0,0.0,0.0,0.0,0.0,0.0,0.0,0.0,0.0,1.0,0.0,0.0,0.0,1.0,2.0595927075422122,0.0,0.0,0.0,0.0,1.0,0.0,0.0,-0.4241910478200958,-0.3915269655830575,0.0,0.0,0.0,1.0,1.0,-0.4797795093738436,0.4649905549752775,0.10144650383224237,0.10144650383224237,0.16986075984413973,13.3
-0.13169284712672627,0.0,0.0,1.0,0.0,0.0,-0.8297266782094186,1.0,-0.1580473356388574,-0.23190440712474855,-7.44063202444536e-16,0.0,0.0,1.0,0.0,0.0,0.0,0.0,0.0,0.0,0.0,0.0,0.0,0.0,0.0,0.0,0.0,0.0,0.0,1.0,0.0,0.0,0.0,1.0,2.0595927075422122,0.0,0.0,0.0,0.0,1.0,0.0,0.0,-0.4241910478200958,-0.3915269655830575,0.0,1.0,0.0,0.0,1.0,-0.1973014164428828,0.4649905549752775,0.23234521845449066,0.23234521845449066,0.29521925419405826,7.939999999999999
-0.13169284712672627,0.0,0.0,1.0,0.0,0.0,-0.8297266782094186,1.0,-0.1580473356388574,-0.23190440712474855,-7.44063202444536e-16,0.0,0.0,1.0,0.0,0.0,0.0,0.0,0.0,0.0,0.0,0.0,0.0,0.0,0.0,0.0,0.0,0.0,0.0,1.0,0.0,0.0,0.0,1.0,2.0595927075422122,0.0,0.0,0.0,0.0,1.0,0.0,0.0,-0.4241910478200958,-0.3915269655830575,0.0,1.0,0.0,0.0,1.0,-0.3307419879501465,0.4649905549752775,0.6250413623212355,0.6250413623212355,0.6712947372438139,9.2
-0.13169284712672627,0.0,0.0,1.0,0.0,0.0,-0.8297266782094186,1.0,-0.1580473356388574,-0.23190440712474855,-7.44063202444536e-16,0.0,0.0,1.0,0.0,0.0,0.0,0.0,0.0,0.0,0.0,0.0,0.0,0.0,0.0,0.0,0.0,0.0,0.0,1.0,0.0,0.0,0.0,1.0,2.0595927075422122,0.0,0.0,0.0,0.0,1.0,0.0,0.0,-0.4241910478200958,-0.3915269655830575,0.0,1.0,0.0,0.0,0.0,-0.5005754425957548,0.4649905549752775,-1.0766419277679922,-1.0766419277679922,-0.9583656893051273,11.41180752125651
-0.13169284712672627,0.0,0.0,1.0,0.0,0.0,-0.8297266782094186,1.0,-0.1580473356388574,-0.23190440712474855,-7.44063202444536e-16,0.0,0.0,1.0,0.0,0.0,0.0,0.0,0.0,0.0,0.0,0.0,0.0,0.0,0.0,0.0,0.0,0.0,0.0,1.0,0.0,0.0,0.0,1.0,2.0595927075422122,0.0,0.0,0.0,0.0,1.0,0.0,0.0,-0.4241910478200958,-0.3915269655830575,0.0,1.0,0.0,0.0,0.0,-0.34633893786657993,0.4649905549752775,-0.7493951412123715,-0.7493951412123715,-0.6449694534303309,8.219999999999999
-0.13169284712672627,0.0,0.0,1.0,0.0,0.0,-0.8297266782094186,1.0,-0.1580473356388574,-0.23190440712474855,-7.44063202444536e-16,0.0,0.0,1.0,0.0,0.0,0.0,0.0,0.0,0.0,0.0,0.0,0.0,0.0,0.0,0.0,0.0,0.0,0.0,1.0,0.0,0.0,0.0,1.0,-0.5470793129409003,1.0,0.0,0.0,0.0,0.0,0.0,0.0,-0.4241910478200958,-0.3915269655830575,0.0,1.0,0.0,0.0,0.0,-0.36713487108849113,0.4649905549752775,0.10144650383224237,0.10144650383224237,0.16986075984413973,15.53
-0.13169284712672627,0.0,0.0,1.0,0.0,0.0,-0.8297266782094186,1.0,-0.1580473356388574,-0.23190440712474855,-7.44063202444536e-16,0.0,0.0,1.0,0.0,0.0,0.0,0.0,0.0,0.0,0.0,0.0,0.0,0.0,0.0,0.0,0.0,0.0,0.0,1.0,0.0,0.0,0.0,1.0,-0.5470793129409003,1.0,0.0,0.0,0.0,0.0,0.0,0.0,-0.4241910478200958,-0.3915269655830575,0.0,1.0,0.0,0.0,0.0,-0.37060085995880965,-3.0224386073393013,-0.9457432131457438,-0.9457432131457438,-1.2090826780049644,18.79279125646473
-0.13169284712672627,0.0,0.0,1.0,0.0,0.0,-0.8297266782094186,1.0,-0.1580473356388574,-0.23190440712474855,-7.44063202444536e-16,0.0,0.0,1.0,0.0,0.0,0.0,0.0,0.0,0.0,0.0,0.0,0.0,0.0,0.0,0.0,0.0,0.0,0.0,1.0,0.0,0.0,0.0,1.0,-0.5470793129409003,1.0,0.0,0.0,0.0,0.0,0.0,0.0,-0.4241910478200958,-0.3915269655830575,0.0,1.0,0.0,0.0,0.0,-0.37753283769944673,-1.859962219901108,-0.9457432131457438,-0.9457432131457438,-1.0837241836550457,18.06283952473469
-0.13169284712672627,0.0,0.0,1.0,0.0,0.0,-0.8297266782094186,1.0,-0.1580473356388574,-0.23190440712474855,-7.44063202444536e-16,0.0,0.0,1.0,0.0,0.0,0.0,0.0,0.0,0.0,0.0,0.0,0.0,0.0,0.0,0.0,0.0,0.0,0.0,1.0,0.0,0.0,0.0,1.0,-0.5470793129409003,1.0,0.0,0.0,0.0,0.0,0.0,0.0,-0.4241910478200958,-0.3915269655830575,0.0,1.0,0.0,0.0,0.0,-0.3740668488291282,-0.6974858324629155,-0.9457432131457438,-0.9457432131457438,-0.9583656893051273,17.37593061482927
-0.13169284712672627,0.0,0.0,1.0,0.0,0.0,-0.8297266782094186,1.0,-0.1580473356388574,-0.23190440712474855,-7.44063202444536e-16,0.0,0.0,1.0,0.0,0.0,0.0,0.0,0.0,0.0,0.0,0.0,0.0,0.0,0.0,0.0,0.0,0.0,0.0,1.0,0.0,0.0,0.0,1.0,-0.5470793129409003,1.0,0.0,0.0,0.0,0.0,0.0,0.0,-0.4241910478200958,-0.3915269655830575,0.0,1.0,0.0,0.0,0.0,-0.3740668488291282,0.4649905549752775,-0.9457432131457438,-0.9457432131457438,-0.8330071949552087,16.288375893128205
-0.13169284712672627,0.0,0.0,1.0,0.0,0.0,-0.8297266782094186,1.0,-0.1580473356388574,-0.23190440712474855,-7.44063202444536e-16,0.0,0.0,1.0,0.0,0.0,0.0,0.0,0.0,0.0,0.0,0.0,0.0,0.0,0.0,0.0,0.0,0.0,0.0,1.0,0.0,0.0,0.0,1.0,-0.5470793129409003,1.0,0.0,0.0,0.0,0.0,0.0,0.0,-0.4241910478200958,-0.3915269655830575,0.0,1.0,0.0,0.0,0.0,-0.48324549824416213,0.4649905549752775,-0.2912496400345025,-0.2912496400345025,-0.20621472320561596,17.5
-0.13169284712672627,0.0,0.0,1.0,0.0,0.0,-0.8297266782094186,1.0,-0.1580473356388574,-0.23190440712474855,-7.44063202444536e-16,0.0,0.0,1.0,0.0,0.0,0.0,0.0,0.0,0.0,0.0,0.0,0.0,0.0,0.0,0.0,0.0,0.0,0.0,1.0,0.0,0.0,0.0,1.0,-0.5470793129409003,1.0,0.0,0.0,0.0,0.0,0.0,0.0,-0.4241910478200958,-0.3915269655830575,0.0,1.0,0.0,0.0,1.0,0.1804913704218378,0.4649905549752775,0.23234521845449066,0.23234521845449066,0.29521925419405826,17.1
-0.13169284712672627,0.0,0.0,1.0,0.0,0.0,-0.8297266782094186,1.0,-0.1580473356388574,-0.23190440712474855,-7.44063202444536e-16,0.0,0.0,1.0,0.0,0.0,0.0,0.0,0.0,0.0,0.0,0.0,0.0,0.0,0.0,0.0,0.0,0.0,0.0,1.0,0.0,0.0,0.0,1.0,-0.5470793129409003,1.0,0.0,0.0,0.0,0.0,0.0,0.0,-0.4241910478200958,-0.3915269655830575,0.0,1.0,0.0,0.0,1.0,-0.1799714720912901,-1.859962219901108,0.23234521845449066,0.23234521845449066,-0.4067883141654856,18.4
-0.13169284712672627,0.0,0.0,1.0,0.0,0.0,-0.8297266782094186,1.0,-0.1580473356388574,-0.23190440712474855,-7.44063202444536e-16,0.0,0.0,1.0,0.0,0.0,0.0,0.0,0.0,0.0,0.0,0.0,0.0,0.0,0.0,0.0,0.0,0.0,0.0,1.0,0.0,0.0,0.0,1.0,-0.5470793129409003,1.0,0.0,0.0,0.0,0.0,0.0,0.0,-0.4241910478200958,-0.3915269655830575,0.0,1.0,0.0,0.0,1.0,3.681140129443561,0.4649905549752775,0.23234521845449066,0.23234521845449066,0.29521925419405826,15.64
-0.13169284712672627,0.0,0.0,1.0,0.0,0.0,-0.8297266782094186,1.0,-0.1580473356388574,-0.23190440712474855,-7.44063202444536e-16,0.0,0.0,1.0,0.0,0.0,0.0,0.0,0.0,0.0,0.0,0.0,0.0,0.0,0.0,0.0,0.0,0.0,0.0,1.0,0.0,0.0,0.0,1.0,-0.5470793129409003,1.0,0.0,0.0,0.0,0.0,0.0,0.0,-0.4241910478200958,-0.3915269655830575,0.0,1.0,0.0,0.0,1.0,2.0088004995148667,0.4649905549752775,3.635711798632946,3.635711798632946,3.554540107291941,16.75
-0.13169284712672627,0.0,0.0,1.0,0.0,0.0,-0.8297266782094186,1.0,-0.1580473356388574,-0.23190440712474855,-7.44063202444536e-16,0.0,0.0,1.0,0.0,0.0,0.0,0.0,0.0,0.0,0.0,0.0,0.0,0.0,0.0,0.0,0.0,0.0,0.0,1.0,0.0,0.0,0.0,1.0,-0.5470793129409003,1.0,0.0,0.0,0.0,0.0,0.0,0.0,-0.4241910478200958,-0.3915269655830575,0.0,1.0,0.0,0.0,1.0,0.07131272100680387,0.4649905549752775,0.6250413623212355,0.6250413623212355,0.6712947372438139,15.67
-0.13169284712672627,0.0,0.0,1.0,0.0,0.0,-0.8297266782094186,1.0,-0.1580473356388574,-0.23190440712474855,-7.44063202444536e-16,0.0,0.0,1.0,0.0,0.0,0.0,0.0,0.0,0.0,0.0,0.0,0.0,0.0,0.0,0.0,0.0,0.0,0.0,1.0,0.0,0.0,0.0,1.0,-0.5470793129409003,1.0,0.0,0.0,0.0,0.0,0.0,0.0,-0.4241910478200958,-0.3915269655830575,1.0,0.0,0.0,0.0,1.0,-0.2302283107109089,0.4649905549752775,-0.553047069278999,-0.553047069278999,-0.45693171190545306,16.798576133665236
-0.13169284712672627,0.0,0.0,1.0,0.0,0.0,-0.8297266782094186,1.0,-0.1580473356388574,-0.23190440712474855,-7.44063202444536e-16,0.0,0.0,1.0,0.0,0.0,0.0,0.0,0.0,0.0,0.0,0.0,0.0,0.0,0.0,0.0,0.0,0.0,0.0,1.0,0.0,0.0,0.0,1.0,-0.5470793129409003,1.0,0.0,0.0,0.0,0.0,0.0,0.0,-0.4241910478200958,-0.3915269655830575,0.0,0.0,1.0,0.0,1.0,-0.31687803246887236,0.4649905549752775,0.23234521845449066,0.23234521845449066,0.29521925419405826,17.4
-0.13169284712672627,0.0,0.0,1.0,0.0,0.0,-0.8297266782094186,1.0,-0.1580473356388574,-0.23190440712474855,-7.44063202444536e-16,0.0,0.0,1.0,0.0,0.0,0.0,0.0,0.0,0.0,0.0,0.0,0.0,0.0,0.0,0.0,0.0,0.0,0.0,1.0,0.0,0.0,0.0,1.0,-0.5470793129409003,1.0,0.0,0.0,0.0,0.0,0.0,0.0,-0.4241910478200958,-0.3915269655830575,0.0,0.0,0.0,1.0,1.0,-0.5040414314660734,0.4649905549752775,0.10144650383224237,0.10144650383224237,0.16986075984413973,18.3
-0.13169284712672627,0.0,0.0,1.0,0.0,0.0,-0.8297266782094186,1.0,-0.1580473356388574,-0.23190440712474855,-7.44063202444536e-16,0.0,0.0,1.0,0.0,0.0,0.0,0.0,0.0,0.0,0.0,0.0,0.0,0.0,0.0,0.0,0.0,0.0,0.0,1.0,0.0,0.0,0.0,1.0,-0.5470793129409003,1.0,0.0,0.0,0.0,0.0,0.0,0.0,-0.4241910478200958,-0.3915269655830575,0.0,0.0,0.0,1.0,1.0,-0.5092404147715511,0.4649905549752775,0.10144650383224237,0.10144650383224237,0.16986075984413973,22.4
-0.13169284712672627,0.0,0.0,1.0,0.0,0.0,-0.8297266782094186,1.0,-0.1580473356388574,-0.23190440712474855,-7.44063202444536e-16,0.0,0.0,1.0,0.0,0.0,0.0,0.0,0.0,0.0,0.0,0.0,0.0,0.0,0.0,0.0,0.0,0.0,0.0,1.0,0.0,0.0,0.0,1.0,-0.5470793129409003,1.0,0.0,0.0,0.0,0.0,0.0,0.0,-0.4241910478200958,-0.3915269655830575,0.0,0.0,0.0,1.0,1.0,-0.4797795093738436,0.4649905549752775,0.10144650383224237,0.10144650383224237,0.16986075984413973,20.3
-0.13169284712672627,0.0,0.0,1.0,0.0,0.0,-0.8297266782094186,1.0,-0.1580473356388574,-0.23190440712474855,-7.44063202444536e-16,0.0,0.0,1.0,0.0,0.0,0.0,0.0,0.0,0.0,0.0,0.0,0.0,0.0,0.0,0.0,0.0,0.0,0.0,1.0,0.0,0.0,0.0,1.0,-0.5470793129409003,1.0,0.0,0.0,0.0,0.0,0.0,0.0,-0.4241910478200958,-0.3915269655830575,0.0,1.0,0.0,0.0,1.0,-0.1973014164428828,0.4649905549752775,0.23234521845449066,0.23234521845449066,0.29521925419405826,14.94
-0.13169284712672627,0.0,0.0,1.0,0.0,0.0,-0.8297266782094186,1.0,-0.1580473356388574,-0.23190440712474855,-7.44063202444536e-16,0.0,0.0,1.0,0.0,0.0,0.0,0.0,0.0,0.0,0.0,0.0,0.0,0.0,0.0,0.0,0.0,0.0,0.0,1.0,0.0,0.0,0.0,1.0,-0.5470793129409003,1.0,0.0,0.0,0.0,0.0,0.0,0.0,-0.4241910478200958,-0.3915269655830575,0.0,1.0,0.0,0.0,1.0,-0.3307419879501465,0.4649905549752775,0.6250413623212355,0.6250413623212355,0.6712947372438139,16.2
-0.13169284712672627,0.0,0.0,1.0,0.0,0.0,-0.8297266782094186,1.0,-0.1580473356388574,-0.23190440712474855,-7.44063202444536e-16,0.0,0.0,1.0,0.0,0.0,0.0,0.0,0.0,0.0,0.0,0.0,0.0,0.0,0.0,0.0,0.0,0.0,0.0,1.0,0.0,0.0,0.0,1.0,-0.5470793129409003,1.0,0.0,0.0,0.0,0.0,0.0,0.0,-0.4241910478200958,-0.3915269655830575,0.0,1.0,0.0,0.0,0.0,-0.5005754425957548,0.4649905549752775,-1.0766419277679922,-1.0766419277679922,-0.9583656893051273,18.41180752125651
-0.13169284712672627,0.0,0.0,1.0,0.0,0.0,-0.8297266782094186,1.0,-0.1580473356388574,-0.23190440712474855,-7.44063202444536e-16,0.0,0.0,1.0,0.0,0.0,0.0,0.0,0.0,0.0,0.0,0.0,0.0,0.0,0.0,0.0,0.0,0.0,0.0,1.0,0.0,0.0,0.0,1.0,-0.5470793129409003,1.0,0.0,0.0,0.0,0.0,0.0,0.0,-0.4241910478200958,-0.3915269655830575,0.0,1.0,0.0,0.0,0.0,-0.34633893786657993,0.4649905549752775,-0.7493951412123715,-0.7493951412123715,-0.6449694534303309,15.22
-0.13169284712672627,0.0,0.0,1.0,0.0,0.0,-0.8297266782094186,1.0,-0.13339371225229468,-0.23190440712474855,-7.44063202444536e-16,0.0,0.0,1.0,0.0,0.0,0.0,0.0,0.0,0.0,0.0,0.0,0.0,0.0,0.0,0.0,0.0,0.0,0.0,1.0,0.0,0.0,0.0,1.0,0.32181136055347054,0.0,0.0,0.0,0.0,1.0,0.0,0.0,-0.4241910478200958,-0.3915269655830575,0.0,1.0,0.0,0.0,0.0,-0.36713487108849113,0.4649905549752775,0.10144650383224237,0.10144650383224237,0.16986075984413973,9.53
-0.13169284712672627,0.0,0.0,1.0,0.0,0.0,-0.8297266782094186,1.0,-0.13339371225229468,-0.23190440712474855,-7.44063202444536e-16,0.0,0.0,1.0,0.0,0.0,0.0,0.0,0.0,0.0,0.0,0.0,0.0,0.0,0.0,0.0,0.0,0.0,0.0,1.0,0.0,0.0,0.0,1.0,0.32181136055347054,0.0,0.0,0.0,0.0,1.0,0.0,0.0,-0.4241910478200958,-0.3915269655830575,0.0,1.0,0.0,0.0,0.0,-0.37060085995880965,-3.0224386073393013,-0.9457432131457438,-0.9457432131457438,-1.2090826780049644,12.792791256464731
-0.13169284712672627,0.0,0.0,1.0,0.0,0.0,-0.8297266782094186,1.0,-0.13339371225229468,-0.23190440712474855,-7.44063202444536e-16,0.0,0.0,1.0,0.0,0.0,0.0,0.0,0.0,0.0,0.0,0.0,0.0,0.0,0.0,0.0,0.0,0.0,0.0,1.0,0.0,0.0,0.0,1.0,0.32181136055347054,0.0,0.0,0.0,0.0,1.0,0.0,0.0,-0.4241910478200958,-0.3915269655830575,0.0,1.0,0.0,0.0,0.0,-0.37753283769944673,-1.859962219901108,-0.9457432131457438,-0.9457432131457438,-1.0837241836550457,12.062839524734695
-0.13169284712672627,0.0,0.0,1.0,0.0,0.0,-0.8297266782094186,1.0,-0.13339371225229468,-0.23190440712474855,-7.44063202444536e-16,0.0,0.0,1.0,0.0,0.0,0.0,0.0,0.0,0.0,0.0,0.0,0.0,0.0,0.0,0.0,0.0,0.0,0.0,1.0,0.0,0.0,0.0,1.0,0.32181136055347054,0.0,0.0,0.0,0.0,1.0,0.0,0.0,-0.4241910478200958,-0.3915269655830575,0.0,1.0,0.0,0.0,0.0,-0.3740668488291282,-0.6974858324629155,-0.9457432131457438,-0.9457432131457438,-0.9583656893051273,11.375930614829269
-0.13169284712672627,0.0,0.0,1.0,0.0,0.0,-0.8297266782094186,1.0,-0.13339371225229468,-0.23190440712474855,-7.44063202444536e-16,0.0,0.0,1.0,0.0,0.0,0.0,0.0,0.0,0.0,0.0,0.0,0.0,0.0,0.0,0.0,0.0,0.0,0.0,1.0,0.0,0.0,0.0,1.0,0.32181136055347054,0.0,0.0,0.0,0.0,1.0,0.0,0.0,-0.4241910478200958,-0.3915269655830575,0.0,1.0,0.0,0.0,0.0,-0.3740668488291282,0.4649905549752775,-0.9457432131457438,-0.9457432131457438,-0.8330071949552087,10.288375893128206
-0.13169284712672627,0.0,0.0,1.0,0.0,0.0,-0.8297266782094186,1.0,-0.13339371225229468,-0.23190440712474855,-7.44063202444536e-16,0.0,0.0,1.0,0.0,0.0,0.0,0.0,0.0,0.0,0.0,0.0,0.0,0.0,0.0,0.0,0.0,0.0,0.0,1.0,0.0,0.0,0.0,1.0,0.32181136055347054,0.0,0.0,0.0,0.0,1.0,0.0,0.0,-0.4241910478200958,-0.3915269655830575,0.0,1.0,0.0,0.0,0.0,-0.48324549824416213,0.4649905549752775,-0.2912496400345025,-0.2912496400345025,-0.20621472320561596,11.5
-0.13169284712672627,0.0,0.0,1.0,0.0,0.0,-0.8297266782094186,1.0,-0.13339371225229468,-0.23190440712474855,-7.44063202444536e-16,0.0,0.0,1.0,0.0,0.0,0.0,0.0,0.0,0.0,0.0,0.0,0.0,0.0,0.0,0.0,0.0,0.0,0.0,1.0,0.0,0.0,0.0,1.0,0.32181136055347054,0.0,0.0,0.0,0.0,1.0,0.0,0.0,-0.4241910478200958,-0.3915269655830575,0.0,1.0,0.0,0.0,1.0,0.1804913704218378,0.4649905549752775,0.23234521845449066,0.23234521845449066,0.29521925419405826,11.1
-0.13169284712672627,0.0,0.0,1.0,0.0,0.0,-0.8297266782094186,1.0,-0.13339371225229468,-0.23190440712474855,-7.44063202444536e-16,0.0,0.0,1.0,0.0,0.0,0.0,0.0,0.0,0.0,0.0,0.0,0.0,0.0,0.0,0.0,0.0,0.0,0.0,1.0,0.0,0.0,0.0,1.0,0.32181136055347054,0.0,0.0,0.0,0.0,1.0,0.0,0.0,-0.4241910478200958,-0.3915269655830575,0.0,1.0,0.0,0.0,1.0,-0.1799714720912901,-1.859962219901108,0.23234521845449066,0.23234521845449066,-0.4067883141654856,12.4
-0.13169284712672627,0.0,0.0,1.0,0.0,0.0,-0.8297266782094186,1.0,-0.13339371225229468,-0.23190440712474855,-7.44063202444536e-16,0.0,0.0,1.0,0.0,0.0,0.0,0.0,0.0,0.0,0.0,0.0,0.0,0.0,0.0,0.0,0.0,0.0,0.0,1.0,0.0,0.0,0.0,1.0,0.32181136055347054,0.0,0.0,0.0,0.0,1.0,0.0,0.0,-0.4241910478200958,-0.3915269655830575,0.0,1.0,0.0,0.0,1.0,3.681140129443561,0.4649905549752775,0.23234521845449066,0.23234521845449066,0.29521925419405826,9.64
-0.13169284712672627,0.0,0.0,1.0,0.0,0.0,-0.8297266782094186,1.0,-0.13339371225229468,-0.23190440712474855,-7.44063202444536e-16,0.0,0.0,1.0,0.0,0.0,0.0,0.0,0.0,0.0,0.0,0.0,0.0,0.0,0.0,0.0,0.0,0.0,0.0,1.0,0.0,0.0,0.0,1.0,0.32181136055347054,0.0,0.0,0.0,0.0,1.0,0.0,0.0,-0.4241910478200958,-0.3915269655830575,0.0,1.0,0.0,0.0,1.0,2.0088004995148667,0.4649905549752775,3.635711798632946,3.635711798632946,3.554540107291941,10.75
-0.13169284712672627,0.0,0.0,1.0,0.0,0.0,-0.8297266782094186,1.0,-0.13339371225229468,-0.23190440712474855,-7.44063202444536e-16,0.0,0.0,1.0,0.0,0.0,0.0,0.0,0.0,0.0,0.0,0.0,0.0,0.0,0.0,0.0,0.0,0.0,0.0,1.0,0.0,0.0,0.0,1.0,0.32181136055347054,0.0,0.0,0.0,0.0,1.0,0.0,0.0,-0.4241910478200958,-0.3915269655830575,0.0,1.0,0.0,0.0,1.0,0.07131272100680387,0.4649905549752775,0.6250413623212355,0.6250413623212355,0.6712947372438139,9.67
-0.13169284712672627,0.0,0.0,1.0,0.0,0.0,-0.8297266782094186,1.0,-0.13339371225229468,-0.23190440712474855,-7.44063202444536e-16,0.0,0.0,1.0,0.0,0.0,0.0,0.0,0.0,0.0,0.0,0.0,0.0,0.0,0.0,0.0,0.0,0.0,0.0,1.0,0.0,0.0,0.0,1.0,0.32181136055347054,0.0,0.0,0.0,0.0,1.0,0.0,0.0,-0.4241910478200958,-0.3915269655830575,1.0,0.0,0.0,0.0,1.0,-0.2302283107109089,0.4649905549752775,-0.553047069278999,-0.553047069278999,-0.45693171190545306,10.798576133665236
-0.13169284712672627,0.0,0.0,1.0,0.0,0.0,-0.8297266782094186,1.0,-0.13339371225229468,-0.23190440712474855,-7.44063202444536e-16,0.0,0.0,1.0,0.0,0.0,0.0,0.0,0.0,0.0,0.0,0.0,0.0,0.0,0.0,0.0,0.0,0.0,0.0,1.0,0.0,0.0,0.0,1.0,0.32181136055347054,0.0,0.0,0.0,0.0,1.0,0.0,0.0,-0.4241910478200958,-0.3915269655830575,0.0,0.0,1.0,0.0,1.0,-0.31687803246887236,0.4649905549752775,0.23234521845449066,0.23234521845449066,0.29521925419405826,11.4
-0.13169284712672627,0.0,0.0,1.0,0.0,0.0,-0.8297266782094186,1.0,-0.13339371225229468,-0.23190440712474855,-7.44063202444536e-16,0.0,0.0,1.0,0.0,0.0,0.0,0.0,0.0,0.0,0.0,0.0,0.0,0.0,0.0,0.0,0.0,0.0,0.0,1.0,0.0,0.0,0.0,1.0,0.32181136055347054,0.0,0.0,0.0,0.0,1.0,0.0,0.0,-0.4241910478200958,-0.3915269655830575,0.0,0.0,0.0,1.0,1.0,-0.5040414314660734,0.4649905549752775,0.10144650383224237,0.10144650383224237,0.16986075984413973,12.3
-0.13169284712672627,0.0,0.0,1.0,0.0,0.0,-0.8297266782094186,1.0,-0.13339371225229468,-0.23190440712474855,-7.44063202444536e-16,0.0,0.0,1.0,0.0,0.0,0.0,0.0,0.0,0.0,0.0,0.0,0.0,0.0,0.0,0.0,0.0,0.0,0.0,1.0,0.0,0.0,0.0,1.0,0.32181136055347054,0.0,0.0,0.0,0.0,1.0,0.0,0.0,-0.4241910478200958,-0.3915269655830575,0.0,0.0,0.0,1.0,1.0,-0.5092404147715511,0.4649905549752775,0.10144650383224237,0.10144650383224237,0.16986075984413973,16.4
-0.13169284712672627,0.0,0.0,1.0,0.0,0.0,-0.8297266782094186,1.0,-0.13339371225229468,-0.23190440712474855,-7.44063202444536e-16,0.0,0.0,1.0,0.0,0.0,0.0,0.0,0.0,0.0,0.0,0.0,0.0,0.0,0.0,0.0,0.0,0.0,0.0,1.0,0.0,0.0,0.0,1.0,0.32181136055347054,0.0,0.0,0.0,0.0,1.0,0.0,0.0,-0.4241910478200958,-0.3915269655830575,0.0,0.0,0.0,1.0,1.0,-0.4797795093738436,0.4649905549752775,0.10144650383224237,0.10144650383224237,0.16986075984413973,14.3
-0.13169284712672627,0.0,0.0,1.0,0.0,0.0,-0.8297266782094186,1.0,-0.13339371225229468,-0.23190440712474855,-7.44063202444536e-16,0.0,0.0,1.0,0.0,0.0,0.0,0.0,0.0,0.0,0.0,0.0,0.0,0.0,0.0,0.0,0.0,0.0,0.0,1.0,0.0,0.0,0.0,1.0,0.32181136055347054,0.0,0.0,0.0,0.0,1.0,0.0,0.0,-0.4241910478200958,-0.3915269655830575,0.0,1.0,0.0,0.0,1.0,-0.1973014164428828,0.4649905549752775,0.23234521845449066,0.23234521845449066,0.29521925419405826,8.94
-0.13169284712672627,0.0,0.0,1.0,0.0,0.0,-0.8297266782094186,1.0,-0.13339371225229468,-0.23190440712474855,-7.44063202444536e-16,0.0,0.0,1.0,0.0,0.0,0.0,0.0,0.0,0.0,0.0,0.0,0.0,0.0,0.0,0.0,0.0,0.0,0.0,1.0,0.0,0.0,0.0,1.0,0.32181136055347054,0.0,0.0,0.0,0.0,1.0,0.0,0.0,-0.4241910478200958,-0.3915269655830575,0.0,1.0,0.0,0.0,1.0,-0.3307419879501465,0.4649905549752775,0.6250413623212355,0.6250413623212355,0.6712947372438139,10.2
-0.13169284712672627,0.0,0.0,1.0,0.0,0.0,-0.8297266782094186,1.0,-0.13339371225229468,-0.23190440712474855,-7.44063202444536e-16,0.0,0.0,1.0,0.0,0.0,0.0,0.0,0.0,0.0,0.0,0.0,0.0,0.0,0.0,0.0,0.0,0.0,0.0,1.0,0.0,0.0,0.0,1.0,0.32181136055347054,0.0,0.0,0.0,0.0,1.0,0.0,0.0,-0.4241910478200958,-0.3915269655830575,0.0,1.0,0.0,0.0,0.0,-0.5005754425957548,0.4649905549752775,-1.0766419277679922,-1.0766419277679922,-0.9583656893051273,12.41180752125651
-0.13169284712672627,0.0,0.0,1.0,0.0,0.0,-0.8297266782094186,1.0,-0.13339371225229468,-0.23190440712474855,-7.44063202444536e-16,0.0,0.0,1.0,0.0,0.0,0.0,0.0,0.0,0.0,0.0,0.0,0.0,0.0,0.0,0.0,0.0,0.0,0.0,1.0,0.0,0.0,0.0,1.0,0.32181136055347054,0.0,0.0,0.0,0.0,1.0,0.0,0.0,-0.4241910478200958,-0.3915269655830575,0.0,1.0,0.0,0.0,0.0,-0.34633893786657993,0.4649905549752775,-0.7493951412123715,-0.7493951412123715,-0.6449694534303309,9.22
0.3310358636375267,1.0,0.0,0.0,0.0,0.0,-0.33425008363886527,1.0,-0.1827009590254201,-0.1320071240556261,-2.6319020020802713,-0.28630823506399516,0.0,1.0,0.0,0.0,0.0,0.0,0.0,0.0,0.0,0.0,0.0,0.0,0.0,0.0,0.0,0.0,0.0,1.0,0.0,0.0,0.0,1.0,-1.7056002109333948,1.0,0.0,0.0,0.0,0.0,0.0,0.0,-0.4241910478200958,0.12130085663191262,0.0,1.0,0.0,0.0,0.0,-0.36713487108849113,0.4649905549752775,0.10144650383224237,0.10144650383224237,0.16986075984413973,27.257272727272728
0.3310358636375267,1.0,0.0,0.0,0.0,0.0,-0.33425008363886527,1.0,-0.1827009590254201,-0.1320071240556261,-2.6319020020802713,-0.28630823506399516,0.0,1.0,0.0,0.0,0.0,0.0,0.0,0.0,0.0,0.0,0.0,0.0,0.0,0.0,0.0,0.0,0.0,1.0,0.0,0.0,0.0,1.0,-1.7056002109333948,1.0,0.0,0.0,0.0,0.0,0.0,0.0,-0.4241910478200958,0.12130085663191262,0.0,1.0,0.0,0.0,0.0,-0.37060085995880965,-3.0224386073393013,-0.9457432131457438,-0.9457432131457438,-1.2090826780049644,30.52006398373745
0.3310358636375267,1.0,0.0,0.0,0.0,0.0,-0.33425008363886527,1.0,-0.1827009590254201,-0.1320071240556261,-2.6319020020802713,-0.28630823506399516,0.0,1.0,0.0,0.0,0.0,0.0,0.0,0.0,0.0,0.0,0.0,0.0,0.0,0.0,0.0,0.0,0.0,1.0,0.0,0.0,0.0,1.0,-1.7056002109333948,1.0,0.0,0.0,0.0,0.0,0.0,0.0,-0.4241910478200958,0.12130085663191262,0.0,1.0,0.0,0.0,0.0,-0.37753283769944673,-1.859962219901108,-0.9457432131457438,-0.9457432131457438,-1.0837241836550457,29.79011225200742
0.3310358636375267,1.0,0.0,0.0,0.0,0.0,-0.33425008363886527,1.0,-0.1827009590254201,-0.1320071240556261,-2.6319020020802713,-0.28630823506399516,0.0,1.0,0.0,0.0,0.0,0.0,0.0,0.0,0.0,0.0,0.0,0.0,0.0,0.0,0.0,0.0,0.0,1.0,0.0,0.0,0.0,1.0,-1.7056002109333948,1.0,0.0,0.0,0.0,0.0,0.0,0.0,-0.4241910478200958,0.12130085663191262,0.0,1.0,0.0,0.0,0.0,-0.3740668488291282,-0.6974858324629155,-0.9457432131457438,-0.9457432131457438,-0.9583656893051273,29.103203342101995
0.3310358636375267,1.0,0.0,0.0,0.0,0.0,-0.33425008363886527,1.0,-0.1827009590254201,-0.1320071240556261,-2.6319020020802713,-0.28630823506399516,0.0,1.0,0.0,0.0,0.0,0.0,0.0,0.0,0.0,0.0,0.0,0.0,0.0,0.0,0.0,0.0,0.0,1.0,0.0,0.0,0.0,1.0,-1.7056002109333948,1.0,0.0,0.0,0.0,0.0,0.0,0.0,-0.4241910478200958,0.12130085663191262,0.0,1.0,0.0,0.0,0.0,-0.3740668488291282,0.4649905549752775,-0.9457432131457438,-0.9457432131457438,-0.8330071949552087,28.01564862040093
0.3310358636375267,1.0,0.0,0.0,0.0,0.0,-0.33425008363886527,1.0,-0.1827009590254201,-0.1320071240556261,-2.6319020020802713,-0.28630823506399516,0.0,1.0,0.0,0.0,0.0,0.0,0.0,0.0,0.0,0.0,0.0,0.0,0.0,0.0,0.0,0.0,0.0,1.0,0.0,0.0,0.0,1.0,-1.7056002109333948,1.0,0.0,0.0,0.0,0.0,0.0,0.0,-0.4241910478200958,0.12130085663191262,0.0,1.0,0.0,0.0,0.0,-0.48324549824416213,0.4649905549752775,-0.2912496400345025,-0.2912496400345025,-0.20621472320561596,29.227272727272727
0.3310358636375267,1.0,0.0,0.0,0.0,0.0,-0.33425008363886527,1.0,-0.1827009590254201,-0.1320071240556261,-2.6319020020802713,-0.28630823506399516,0.0,1.0,0.0,0.0,0.0,0.0,0.0,0.0,0.0,0.0,0.0,0.0,0.0,0.0,0.0,0.0,0.0,1.0,0.0,0.0,0.0,1.0,-1.7056002109333948,1.0,0.0,0.0,0.0,0.0,0.0,0.0,-0.4241910478200958,0.12130085663191262,0.0,1.0,0.0,0.0,1.0,0.1804913704218378,0.4649905549752775,0.23234521845449066,0.23234521845449066,0.29521925419405826,28.827272727272728
0.3310358636375267,1.0,0.0,0.0,0.0,0.0,-0.33425008363886527,1.0,-0.1827009590254201,-0.1320071240556261,-2.6319020020802713,-0.28630823506399516,0.0,1.0,0.0,0.0,0.0,0.0,0.0,0.0,0.0,0.0,0.0,0.0,0.0,0.0,0.0,0.0,0.0,1.0,0.0,0.0,0.0,1.0,-1.7056002109333948,1.0,0.0,0.0,0.0,0.0,0.0,0.0,-0.4241910478200958,0.12130085663191262,0.0,1.0,0.0,0.0,1.0,-0.1799714720912901,-1.859962219901108,0.23234521845449066,0.23234521845449066,-0.4067883141654856,30.127272727272725
0.3310358636375267,1.0,0.0,0.0,0.0,0.0,-0.33425008363886527,1.0,-0.1827009590254201,-0.1320071240556261,-2.6319020020802713,-0.28630823506399516,0.0,1.0,0.0,0.0,0.0,0.0,0.0,0.0,0.0,0.0,0.0,0.0,0.0,0.0,0.0,0.0,0.0,1.0,0.0,0.0,0.0,1.0,-1.7056002109333948,1.0,0.0,0.0,0.0,0.0,0.0,0.0,-0.4241910478200958,0.12130085663191262,0.0,1.0,0.0,0.0,1.0,3.681140129443561,0.4649905549752775,0.23234521845449066,0.23234521845449066,0.29521925419405826,27.367272727272727
0.3310358636375267,1.0,0.0,0.0,0.0,0.0,-0.33425008363886527,1.0,-0.1827009590254201,-0.1320071240556261,-2.6319020020802713,-0.28630823506399516,0.0,1.0,0.0,0.0,0.0,0.0,0.0,0.0,0.0,0.0,0.0,0.0,0.0,0.0,0.0,0.0,0.0,1.0,0.0,0.0,0.0,1.0,-1.7056002109333948,1.0,0.0,0.0,0.0,0.0,0.0,0.0,-0.4241910478200958,0.12130085663191262,0.0,1.0,0.0,0.0,1.0,2.0088004995148667,0.4649905549752775,3.635711798632946,3.635711798632946,3.554540107291941,28.477272727272727
0.3310358636375267,1.0,0.0,0.0,0.0,0.0,-0.33425008363886527,1.0,-0.1827009590254201,-0.1320071240556261,-2.6319020020802713,-0.28630823506399516,0.0,1.0,0.0,0.0,0.0,0.0,0.0,0.0,0.0,0.0,0.0,0.0,0.0,0.0,0.0,0.0,0.0,1.0,0.0,0.0,0.0,1.0,-1.7056002109333948,1.0,0.0,0.0,0.0,0.0,0.0,0.0,-0.4241910478200958,0.12130085663191262,0.0,1.0,0.0,0.0,1.0,0.07131272100680387,0.4649905549752775,0.6250413623212355,0.6250413623212355,0.6712947372438139,27.39727272727273
0.3310358636375267,1.0,0.0,0.0,0.0,0.0,-0.33425008363886527,1.0,-0.1827009590254201,-0.1320071240556261,-2.6319020020802713,-0.28630823506399516,0.0,1.0,0.0,0.0,0.0,0.0,0.0,0.0,0.0,0.0,0.0,0.0,0.0,0.0,0.0,0.0,0.0,1.0,0.0,0.0,0.0,1.0,-1.7056002109333948,1.0,0.0,0.0,0.0,0.0,0.0,0.0,-0.4241910478200958,0.12130085663191262,1.0,0.0,0.0,0.0,1.0,-0.2302283107109089,0.4649905549752775,-0.553047069278999,-0.553047069278999,-0.45693171190545306,28.525848860937963
0.3310358636375267,1.0,0.0,0.0,0.0,0.0,-0.33425008363886527,1.0,-0.1827009590254201,-0.1320071240556261,-2.6319020020802713,-0.28630823506399516,0.0,1.0,0.0,0.0,0.0,0.0,0.0,0.0,0.0,0.0,0.0,0.0,0.0,0.0,0.0,0.0,0.0,1.0,0.0,0.0,0.0,1.0,-1.7056002109333948,1.0,0.0,0.0,0.0,0.0,0.0,0.0,-0.4241910478200958,0.12130085663191262,0.0,0.0,1.0,0.0,1.0,-0.31687803246887236,0.4649905549752775,0.23234521845449066,0.23234521845449066,0.29521925419405826,29.127272727272725
0.3310358636375267,1.0,0.0,0.0,0.0,0.0,-0.33425008363886527,1.0,-0.1827009590254201,-0.1320071240556261,-2.6319020020802713,-0.28630823506399516,0.0,1.0,0.0,0.0,0.0,0.0,0.0,0.0,0.0,0.0,0.0,0.0,0.0,0.0,0.0,0.0,0.0,1.0,0.0,0.0,0.0,1.0,-1.7056002109333948,1.0,0.0,0.0,0.0,0.0,0.0,0.0,-0.4241910478200958,0.12130085663191262,0.0,0.0,0.0,1.0,1.0,-0.5040414314660734,0.4649905549752775,0.10144650383224237,0.10144650383224237,0.16986075984413973,30.027272727272727
0.3310358636375267,1.0,0.0,0.0,0.0,0.0,-0.33425008363886527,1.0,-0.1827009590254201,-0.1320071240556261,-2.6319020020802713,-0.28630823506399516,0.0,1.0,0.0,0.0,0.0,0.0,0.0,0.0,0.0,0.0,0.0,0.0,0.0,0.0,0.0,0.0,0.0,1.0,0.0,0.0,0.0,1.0,-1.7056002109333948,1.0,0.0,0.0,0.0,0.0,0.0,0.0,-0.4241910478200958,0.12130085663191262,0.0,0.0,0.0,1.0,1.0,-0.5092404147715511,0.4649905549752775,0.10144650383224237,0.10144650383224237,0.16986075984413973,34.127272727272725
0.3310358636375267,1.0,0.0,0.0,0.0,0.0,-0.33425008363886527,1.0,-0.1827009590254201,-0.1320071240556261,-2.6319020020802713,-0.28630823506399516,0.0,1.0,0.0,0.0,0.0,0.0,0.0,0.0,0.0,0.0,0.0,0.0,0.0,0.0,0.0,0.0,0.0,1.0,0.0,0.0,0.0,1.0,-1.7056002109333948,1.0,0.0,0.0,0.0,0.0,0.0,0.0,-0.4241910478200958,0.12130085663191262,0.0,0.0,0.0,1.0,1.0,-0.4797795093738436,0.4649905549752775,0.10144650383224237,0.10144650383224237,0.16986075984413973,32.027272727272724
0.3310358636375267,1.0,0.0,0.0,0.0,0.0,-0.33425008363886527,1.0,-0.1827009590254201,-0.1320071240556261,-2.6319020020802713,-0.28630823506399516,0.0,1.0,0.0,0.0,0.0,0.0,0.0,0.0,0.0,0.0,0.0,0.0,0.0,0.0,0.0,0.0,0.0,1.0,0.0,0.0,0.0,1.0,-1.7056002109333948,1.0,0.0,0.0,0.0,0.0,0.0,0.0,-0.4241910478200958,0.12130085663191262,0.0,1.0,0.0,0.0,1.0,-0.1973014164428828,0.4649905549752775,0.23234521845449066,0.23234521845449066,0.29521925419405826,26.667272727272724
0.3310358636375267,1.0,0.0,0.0,0.0,0.0,-0.33425008363886527,1.0,-0.1827009590254201,-0.1320071240556261,-2.6319020020802713,-0.28630823506399516,0.0,1.0,0.0,0.0,0.0,0.0,0.0,0.0,0.0,0.0,0.0,0.0,0.0,0.0,0.0,0.0,0.0,1.0,0.0,0.0,0.0,1.0,-1.7056002109333948,1.0,0.0,0.0,0.0,0.0,0.0,0.0,-0.4241910478200958,0.12130085663191262,0.0,1.0,0.0,0.0,1.0,-0.3307419879501465,0.4649905549752775,0.6250413623212355,0.6250413623212355,0.6712947372438139,27.92727272727273
0.3310358636375267,1.0,0.0,0.0,0.0,0.0,-0.33425008363886527,1.0,-0.1827009590254201,-0.1320071240556261,-2.6319020020802713,-0.28630823506399516,0.0,1.0,0.0,0.0,0.0,0.0,0.0,0.0,0.0,0.0,0.0,0.0,0.0,0.0,0.0,0.0,0.0,1.0,0.0,0.0,0.0,1.0,-1.7056002109333948,1.0,0.0,0.0,0.0,0.0,0.0,0.0,-0.4241910478200958,0.12130085663191262,0.0,1.0,0.0,0.0,0.0,-0.5005754425957548,0.4649905549752775,-1.0766419277679922,-1.0766419277679922,-0.9583656893051273,30.13908024852924
0.3310358636375267,1.0,0.0,0.0,0.0,0.0,-0.33425008363886527,1.0,-0.1827009590254201,-0.1320071240556261,-2.6319020020802713,-0.28630823506399516,0.0,1.0,0.0,0.0,0.0,0.0,0.0,0.0,0.0,0.0,0.0,0.0,0.0,0.0,0.0,0.0,0.0,1.0,0.0,0.0,0.0,1.0,-1.7056002109333948,1.0,0.0,0.0,0.0,0.0,0.0,0.0,-0.4241910478200958,0.12130085663191262,0.0,1.0,0.0,0.0,0.0,-0.34633893786657993,0.4649905549752775,-0.7493951412123715,-0.7493951412123715,-0.6449694534303309,26.947272727272725
-0.43246650912349066,0.0,1.0,0.0,0.0,0.0,0.9044414027875181,1.0,-0.19913670794979524,-0.1569814448229067,-7.44063202444536e-16,0.0,0.0,1.0,0.0,0.0,0.0,0.0,0.0,0.0,0.0,0.0,0.0,0.0,0.0,0.0,0.0,0.0,0.0,1.0,0.0,0.0,0.0,1.0,-0.25744908844277664,0.0,0.0,0.0,1.0,0.0,0.0,0.0,-0.33000389082056797,-0.7056340066897268,0.0,1.0,0.0,0.0,0.0,-0.36713487108849113,0.4649905549752775,0.10144650383224237,0.10144650383224237,0.16986075984413973,12.53
-0.43246650912349066,0.0,1.0,0.0,0.0,0.0,0.9044414027875181,1.0,-0.19913670794979524,-0.1569814448229067,-7.44063202444536e-16,0.0,0.0,1.0,0.0,0.0,0.0,0.0,0.0,0.0,0.0,0.0,0.0,0.0,0.0,0.0,0.0,0.0,0.0,1.0,0.0,0.0,0.0,1.0,-0.25744908844277664,0.0,0.0,0.0,1.0,0.0,0.0,0.0,-0.33000389082056797,-0.7056340066897268,0.0,1.0,0.0,0.0,0.0,-0.37060085995880965,-3.0224386073393013,-0.9457432131457438,-0.9457432131457438,-1.2090826780049644,15.792791256464731
-0.43246650912349066,0.0,1.0,0.0,0.0,0.0,0.9044414027875181,1.0,-0.19913670794979524,-0.1569814448229067,-7.44063202444536e-16,0.0,0.0,1.0,0.0,0.0,0.0,0.0,0.0,0.0,0.0,0.0,0.0,0.0,0.0,0.0,0.0,0.0,0.0,1.0,0.0,0.0,0.0,1.0,-0.25744908844277664,0.0,0.0,0.0,1.0,0.0,0.0,0.0,-0.33000389082056797,-0.7056340066897268,0.0,1.0,0.0,0.0,0.0,-0.37753283769944673,-1.859962219901108,-0.9457432131457438,-0.9457432131457438,-1.0837241836550457,15.062839524734695
-0.43246650912349066,0.0,1.0,0.0,0.0,0.0,0.9044414027875181,1.0,-0.19913670794979524,-0.1569814448229067,-7.44063202444536e-16,0.0,0.0,1.0,0.0,0.0,0.0,0.0,0.0,0.0,0.0,0.0,0.0,0.0,0.0,0.0,0.0,0.0,0.0,1.0,0.0,0.0,0.0,1.0,-0.25744908844277664,0.0,0.0,0.0,1.0,0.0,0.0,0.0,-0.33000389082056797,-0.7056340066897268,0.0,1.0,0.0,0.0,0.0,-0.3740668488291282,-0.6974858324629155,-0.9457432131457438,-0.9457432131457438,-0.9583656893051273,14.375930614829269
-0.43246650912349066,0.0,1.0,0.0,0.0,0.0,0.9044414027875181,1.0,-0.19913670794979524,-0.1569814448229067,-7.44063202444536e-16,0.0,0.0,1.0,0.0,0.0,0.0,0.0,0.0,0.0,0.0,0.0,0.0,0.0,0.0,0.0,0.0,0.0,0.0,1.0,0.0,0.0,0.0,1.0,-0.25744908844277664,0.0,0.0,0.0,1.0,0.0,0.0,0.0,-0.33000389082056797,-0.7056340066897268,0.0,1.0,0.0,0.0,0.0,-0.3740668488291282,0.4649905549752775,-0.9457432131457438,-0.9457432131457438,-0.8330071949552087,13.288375893128206
-0.43246650912349066,0.0,1.0,0.0,0.0,0.0,0.9044414027875181,1.0,-0.19913670794979524,-0.1569814448229067,-7.44063202444536e-16,0.0,0.0,1.0,0.0,0.0,0.0,0.0,0.0,0.0,0.0,0.0,0.0,0.0,0.0,0.0,0.0,0.0,0.0,1.0,0.0,0.0,0.0,1.0,-0.25744908844277664,0.0,0.0,0.0,1.0,0.0,0.0,0.0,-0.33000389082056797,-0.7056340066897268,0.0,1.0,0.0,0.0,0.0,-0.48324549824416213,0.4649905549752775,-0.2912496400345025,-0.2912496400345025,-0.20621472320561596,14.5
-0.43246650912349066,0.0,1.0,0.0,0.0,0.0,0.9044414027875181,1.0,-0.19913670794979524,-0.1569814448229067,-7.44063202444536e-16,0.0,0.0,1.0,0.0,0.0,0.0,0.0,0.0,0.0,0.0,0.0,0.0,0.0,0.0,0.0,0.0,0.0,0.0,1.0,0.0,0.0,0.0,1.0,-0.25744908844277664,0.0,0.0,0.0,1.0,0.0,0.0,0.0,-0.33000389082056797,-0.7056340066897268,0.0,1.0,0.0,0.0,1.0,0.1804913704218378,0.4649905549752775,0.23234521845449066,0.23234521845449066,0.29521925419405826,14.1
-0.43246650912349066,0.0,1.0,0.0,0.0,0.0,0.9044414027875181,1.0,-0.19913670794979524,-0.1569814448229067,-7.44063202444536e-16,0.0,0.0,1.0,0.0,0.0,0.0,0.0,0.0,0.0,0.0,0.0,0.0,0.0,0.0,0.0,0.0,0.0,0.0,1.0,0.0,0.0,0.0,1.0,-0.25744908844277664,0.0,0.0,0.0,1.0,0.0,0.0,0.0,-0.33000389082056797,-0.7056340066897268,0.0,1.0,0.0,0.0,1.0,-0.1799714720912901,-1.859962219901108,0.23234521845449066,0.23234521845449066,-0.4067883141654856,15.4
-0.43246650912349066,0.0,1.0,0.0,0.0,0.0,0.9044414027875181,1.0,-0.19913670794979524,-0.1569814448229067,-7.44063202444536e-16,0.0,0.0,1.0,0.0,0.0,0.0,0.0,0.0,0.0,0.0,0.0,0.0,0.0,0.0,0.0,0.0,0.0,0.0,1.0,0.0,0.0,0.0,1.0,-0.25744908844277664,0.0,0.0,0.0,1.0,0.0,0.0,0.0,-0.33000389082056797,-0.7056340066897268,0.0,1.0,0.0,0.0,1.0,3.681140129443561,0.4649905549752775,0.23234521845449066,0.23234521845449066,0.29521925419405826,12.64
-0.43246650912349066,0.0,1.0,0.0,0.0,0.0,0.9044414027875181,1.0,-0.19913670794979524,-0.1569814448229067,-7.44063202444536e-16,0.0,0.0,1.0,0.0,0.0,0.0,0.0,0.0,0.0,0.0,0.0,0.0,0.0,0.0,0.0,0.0,0.0,0.0,1.0,0.0,0.0,0.0,1.0,-0.25744908844277664,0.0,0.0,0.0,1.0,0.0,0.0,0.0,-0.33000389082056797,-0.7056340066897268,0.0,1.0,0.0,0.0,1.0,2.0088004995148667,0.4649905549752775,3.635711798632946,3.635711798632946,3.554540107291941,13.75
-0.43246650912349066,0.0,1.0,0.0,0.0,0.0,0.9044414027875181,1.0,-0.19913670794979524,-0.1569814448229067,-7.44063202444536e-16,0.0,0.0,1.0,0.0,0.0,0.0,0.0,0.0,0.0,0.0,0.0,0.0,0.0,0.0,0.0,0.0,0.0,0.0,1.0,0.0,0.0,0.0,1.0,-0.25744908844277664,0.0,0.0,0.0,1.0,0.0,0.0,0.0,-0.33000389082056797,-0.7056340066897268,0.0,1.0,0.0,0.0,1.0,0.07131272100680387,0.4649905549752775,0.6250413623212355,0.6250413623212355,0.6712947372438139,12.67
-0.43246650912349066,0.0,1.0,0.0,0.0,0.0,0.9044414027875181,1.0,-0.19913670794979524,-0.1569814448229067,-7.44063202444536e-16,0.0,0.0,1.0,0.0,0.0,0.0,0.0,0.0,0.0,0.0,0.0,0.0,0.0,0.0,0.0,0.0,0.0,0.0,1.0,0.0,0.0,0.0,1.0,-0.25744908844277664,0.0,0.0,0.0,1.0,0.0,0.0,0.0,-0.33000389082056797,-0.7056340066897268,1.0,0.0,0.0,0.0,1.0,-0.2302283107109089,0.4649905549752775,-0.553047069278999,-0.553047069278999,-0.45693171190545306,13.798576133665236
-0.43246650912349066,0.0,1.0,0.0,0.0,0.0,0.9044414027875181,1.0,-0.19913670794979524,-0.1569814448229067,-7.44063202444536e-16,0.0,0.0,1.0,0.0,0.0,0.0,0.0,0.0,0.0,0.0,0.0,0.0,0.0,0.0,0.0,0.0,0.0,0.0,1.0,0.0,0.0,0.0,1.0,-0.25744908844277664,0.0,0.0,0.0,1.0,0.0,0.0,0.0,-0.33000389082056797,-0.7056340066897268,0.0,0.0,1.0,0.0,1.0,-0.31687803246887236,0.4649905549752775,0.23234521845449066,0.23234521845449066,0.29521925419405826,14.4
-0.43246650912349066,0.0,1.0,0.0,0.0,0.0,0.9044414027875181,1.0,-0.19913670794979524,-0.1569814448229067,-7.44063202444536e-16,0.0,0.0,1.0,0.0,0.0,0.0,0.0,0.0,0.0,0.0,0.0,0.0,0.0,0.0,0.0,0.0,0.0,0.0,1.0,0.0,0.0,0.0,1.0,-0.25744908844277664,0.0,0.0,0.0,1.0,0.0,0.0,0.0,-0.33000389082056797,-0.7056340066897268,0.0,0.0,0.0,1.0,1.0,-0.5040414314660734,0.4649905549752775,0.10144650383224237,0.10144650383224237,0.16986075984413973,15.3
-0.43246650912349066,0.0,1.0,0.0,0.0,0.0,0.9044414027875181,1.0,-0.19913670794979524,-0.1569814448229067,-7.44063202444536e-16,0.0,0.0,1.0,0.0,0.0,0.0,0.0,0.0,0.0,0.0,0.0,0.0,0.0,0.0,0.0,0.0,0.0,0.0,1.0,0.0,0.0,0.0,1.0,-0.25744908844277664,0.0,0.0,0.0,1.0,0.0,0.0,0.0,-0.33000389082056797,-0.7056340066897268,0.0,0.0,0.0,1.0,1.0,-0.5092404147715511,0.4649905549752775,0.10144650383224237,0.10144650383224237,0.16986075984413973,19.4
-0.43246650912349066,0.0,1.0,0.0,0.0,0.0,0.9044414027875181,1.0,-0.19913670794979524,-0.1569814448229067,-7.44063202444536e-16,0.0,0.0,1.0,0.0,0.0,0.0,0.0,0.0,0.0,0.0,0.0,0.0,0.0,0.0,0.0,0.0,0.0,0.0,1.0,0.0,0.0,0.0,1.0,-0.25744908844277664,0.0,0.0,0.0,1.0,0.0,0.0,0.0,-0.33000389082056797,-0.7056340066897268,0.0,0.0,0.0,1.0,1.0,-0.4797795093738436,0.4649905549752775,0.10144650383224237,0.10144650383224237,0.16986075984413973,17.3
-0.43246650912349066,0.0,1.0,0.0,0.0,0.0,0.9044414027875181,1.0,-0.19913670794979524,-0.1569814448229067,-7.44063202444536e-16,0.0,0.0,1.0,0.0,0.0,0.0,0.0,0.0,0.0,0.0,0.0,0.0,0.0,0.0,0.0,0.0,0.0,0.0,1.0,0.0,0.0,0.0,1.0,-0.25744908844277664,0.0,0.0,0.0,1.0,0.0,0.0,0.0,-0.33000389082056797,-0.7056340066897268,0.0,1.0,0.0,0.0,1.0,-0.1973014164428828,0.4649905549752775,0.23234521845449066,0.23234521845449066,0.29521925419405826,11.94
-0.43246650912349066,0.0,1.0,0.0,0.0,0.0,0.9044414027875181,1.0,-0.19913670794979524,-0.1569814448229067,-7.44063202444536e-16,0.0,0.0,1.0,0.0,0.0,0.0,0.0,0.0,0.0,0.0,0.0,0.0,0.0,0.0,0.0,0.0,0.0,0.0,1.0,0.0,0.0,0.0,1.0,-0.25744908844277664,0.0,0.0,0.0,1.0,0.0,0.0,0.0,-0.33000389082056797,-0.7056340066897268,0.0,1.0,0.0,0.0,1.0,-0.3307419879501465,0.4649905549752775,0.6250413623212355,0.6250413623212355,0.6712947372438139,13.2
-0.43246650912349066,0.0,1.0,0.0,0.0,0.0,0.9044414027875181,1.0,-0.19913670794979524,-0.1569814448229067,-7.44063202444536e-16,0.0,0.0,1.0,0.0,0.0,0.0,0.0,0.0,0.0,0.0,0.0,0.0,0.0,0.0,0.0,0.0,0.0,0.0,1.0,0.0,0.0,0.0,1.0,-0.25744908844277664,0.0,0.0,0.0,1.0,0.0,0.0,0.0,-0.33000389082056797,-0.7056340066897268,0.0,1.0,0.0,0.0,0.0,-0.5005754425957548,0.4649905549752775,-1.0766419277679922,-1.0766419277679922,-0.9583656893051273,15.41180752125651
-0.43246650912349066,0.0,1.0,0.0,0.0,0.0,0.9044414027875181,1.0,-0.19913670794979524,-0.1569814448229067,-7.44063202444536e-16,0.0,0.0,1.0,0.0,0.0,0.0,0.0,0.0,0.0,0.0,0.0,0.0,0.0,0.0,0.0,0.0,0.0,0.0,1.0,0.0,0.0,0.0,1.0,-0.25744908844277664,0.0,0.0,0.0,1.0,0.0,0.0,0.0,-0.33000389082056797,-0.7056340066897268,0.0,1.0,0.0,0.0,0.0,-0.34633893786657993,0.4649905549752775,-0.7493951412123715,-0.7493951412123715,-0.6449694534303309,12.22
-0.13169284712672627,0.0,0.0,1.0,0.0,0.0,-1.0066826048417592,1.0,-0.13339371225229468,-0.08205848252106487,-7.44063202444536e-16,-0.29391234330217353,0.0,0.0,0.0,0.0,0.0,0.0,0.0,0.0,0.0,0.0,0.0,1.0,0.0,0.0,0.0,0.0,0.0,1.0,0.0,0.0,0.0,1.0,0.032181136055346955,1.0,0.0,0.0,0.0,0.0,0.0,0.0,-0.7381482378185219,-0.5746797592312612,0.0,1.0,0.0,0.0,0.0,-0.36713487108849113,0.4649905549752775,0.10144650383224237,0.10144650383224237,0.16986075984413973,4.505062344139652
-0.13169284712672627,0.0,0.0,1.0,0.0,0.0,-1.0066826048417592,1.0,-0.13339371225229468,-0.08205848252106487,-7.44063202444536e-16,-0.29391234330217353,0.0,0.0,0.0,0.0,0.0,0.0,0.0,0.0,0.0,0.0,0.0,1.0,0.0,0.0,0.0,0.0,0.0,1.0,0.0,0.0,0.0,1.0,0.032181136055346955,1.0,0.0,0.0,0.0,0.0,0.0,0.0,-0.7381482378185219,-0.5746797592312612,0.0,1.0,0.0,0.0,0.0,-0.37060085995880965,-3.0224386073393013,-0.9457432131457438,-0.9457432131457438,-1.2090826780049644,7.767853600604383
-0.13169284712672627,0.0,0.0,1.0,0.0,0.0,-1.0066826048417592,1.0,-0.13339371225229468,-0.08205848252106487,-7.44063202444536e-16,-0.29391234330217353,0.0,0.0,0.0,0.0,0.0,0.0,0.0,0.0,0.0,0.0,0.0,1.0,0.0,0.0,0.0,0.0,0.0,1.0,0.0,0.0,0.0,1.0,0.032181136055346955,1.0,0.0,0.0,0.0,0.0,0.0,0.0,-0.7381482378185219,-0.5746797592312612,0.0,1.0,0.0,0.0,0.0,-0.37753283769944673,-1.859962219901108,-0.9457432131457438,-0.9457432131457438,-1.0837241836550457,7.0379018688743455
-0.13169284712672627,0.0,0.0,1.0,0.0,0.0,-1.0066826048417592,1.0,-0.13339371225229468,-0.08205848252106487,-7.44063202444536e-16,-0.29391234330217353,0.0,0.0,0.0,0.0,0.0,0.0,0.0,0.0,0.0,0.0,0.0,1.0,0.0,0.0,0.0,0.0,0.0,1.0,0.0,0.0,0.0,1.0,0.032181136055346955,1.0,0.0,0.0,0.0,0.0,0.0,0.0,-0.7381482378185219,-0.5746797592312612,0.0,1.0,0.0,0.0,0.0,-0.3740668488291282,-0.6974858324629155,-0.9457432131457438,-0.9457432131457438,-0.9583656893051273,6.350992958968921
-0.13169284712672627,0.0,0.0,1.0,0.0,0.0,-1.0066826048417592,1.0,-0.13339371225229468,-0.08205848252106487,-7.44063202444536e-16,-0.29391234330217353,0.0,0.0,0.0,0.0,0.0,0.0,0.0,0.0,0.0,0.0,0.0,1.0,0.0,0.0,0.0,0.0,0.0,1.0,0.0,0.0,0.0,1.0,0.032181136055346955,1.0,0.0,0.0,0.0,0.0,0.0,0.0,-0.7381482378185219,-0.5746797592312612,0.0,1.0,0.0,0.0,0.0,-0.3740668488291282,0.4649905549752775,-0.9457432131457438,-0.9457432131457438,-0.8330071949552087,5.263438237267858
-0.13169284712672627,0.0,0.0,1.0,0.0,0.0,-1.0066826048417592,1.0,-0.13339371225229468,-0.08205848252106487,-7.44063202444536e-16,-0.29391234330217353,0.0,0.0,0.0,0.0,0.0,0.0,0.0,0.0,0.0,0.0,0.0,1.0,0.0,0.0,0.0,0.0,0.0,1.0,0.0,0.0,0.0,1.0,0.032181136055346955,1.0,0.0,0.0,0.0,0.0,0.0,0.0,-0.7381482378185219,-0.5746797592312612,0.0,1.0,0.0,0.0,0.0,-0.48324549824416213,0.4649905549752775,-0.2912496400345025,-0.2912496400345025,-0.20621472320561596,6.475062344139651
-0.13169284712672627,0.0,0.0,1.0,0.0,0.0,-1.0066826048417592,1.0,-0.13339371225229468,-0.08205848252106487,-7.44063202444536e-16,-0.29391234330217353,0.0,0.0,0.0,0.0,0.0,0.0,0.0,0.0,0.0,0.0,0.0,1.0,0.0,0.0,0.0,0.0,0.0,1.0,0.0,0.0,0.0,1.0,0.032181136055346955,1.0,0.0,0.0,0.0,0.0,0.0,0.0,-0.7381482378185219,-0.5746797592312612,0.0,1.0,0.0,0.0,1.0,0.1804913704218378,0.4649905549752775,0.23234521845449066,0.23234521845449066,0.29521925419405826,6.075062344139651
-0.13169284712672627,0.0,0.0,1.0,0.0,0.0,-1.0066826048417592,1.0,-0.13339371225229468,-0.08205848252106487,-7.44063202444536e-16,-0.29391234330217353,0.0,0.0,0.0,0.0,0.0,0.0,0.0,0.0,0.0,0.0,0.0,1.0,0.0,0.0,0.0,0.0,0.0,1.0,0.0,0.0,0.0,1.0,0.032181136055346955,1.0,0.0,0.0,0.0,0.0,0.0,0.0,-0.7381482378185219,-0.5746797592312612,0.0,1.0,0.0,0.0,1.0,-0.1799714720912901,-1.859962219901108,0.23234521845449066,0.23234521845449066,-0.4067883141654856,7.375062344139652
-0.13169284712672627,0.0,0.0,1.0,0.0,0.0,-1.0066826048417592,1.0,-0.13339371225229468,-0.08205848252106487,-7.44063202444536e-16,-0.29391234330217353,0.0,0.0,0.0,0.0,0.0,0.0,0.0,0.0,0.0,0.0,0.0,1.0,0.0,0.0,0.0,0.0,0.0,1.0,0.0,0.0,0.0,1.0,0.032181136055346955,1.0,0.0,0.0,0.0,0.0,0.0,0.0,-0.7381482378185219,-0.5746797592312612,0.0,1.0,0.0,0.0,1.0,3.681140129443561,0.4649905549752775,0.23234521845449066,0.23234521845449066,0.29521925419405826,4.615062344139651
-0.13169284712672627,0.0,0.0,1.0,0.0,0.0,-1.0066826048417592,1.0,-0.13339371225229468,-0.08205848252106487,-7.44063202444536e-16,-0.29391234330217353,0.0,0.0,0.0,0.0,0.0,0.0,0.0,0.0,0.0,0.0,0.0,1.0,0.0,0.0,0.0,0.0,0.0,1.0,0.0,0.0,0.0,1.0,0.032181136055346955,1.0,0.0,0.0,0.0,0.0,0.0,0.0,-0.7381482378185219,-0.5746797592312612,0.0,1.0,0.0,0.0,1.0,2.0088004995148667,0.4649905549752775,3.635711798632946,3.635711798632946,3.554540107291941,5.725062344139651
-0.13169284712672627,0.0,0.0,1.0,0.0,0.0,-1.0066826048417592,1.0,-0.13339371225229468,-0.08205848252106487,-7.44063202444536e-16,-0.29391234330217353,0.0,0.0,0.0,0.0,0.0,0.0,0.0,0.0,0.0,0.0,0.0,1.0,0.0,0.0,0.0,0.0,0.0,1.0,0.0,0.0,0.0,1.0,0.032181136055346955,1.0,0.0,0.0,0.0,0.0,0.0,0.0,-0.7381482378185219,-0.5746797592312612,0.0,1.0,0.0,0.0,1.0,0.07131272100680387,0.4649905549752775,0.6250413623212355,0.6250413623212355,0.6712947372438139,4.645062344139651
-0.13169284712672627,0.0,0.0,1.0,0.0,0.0,-1.0066826048417592,1.0,-0.13339371225229468,-0.08205848252106487,-7.44063202444536e-16,-0.29391234330217353,0.0,0.0,0.0,0.0,0.0,0.0,0.0,0.0,0.0,0.0,0.0,1.0,0.0,0.0,0.0,0.0,0.0,1.0,0.0,0.0,0.0,1.0,0.032181136055346955,1.0,0.0,0.0,0.0,0.0,0.0,0.0,-0.7381482378185219,-0.5746797592312612,1.0,0.0,0.0,0.0,1.0,-0.2302283107109089,0.4649905549752775,-0.553047069278999,-0.553047069278999,-0.45693171190545306,5.773638477804887
-0.13169284712672627,0.0,0.0,1.0,0.0,0.0,-1.0066826048417592,1.0,-0.13339371225229468,-0.08205848252106487,-7.44063202444536e-16,-0.29391234330217353,0.0,0.0,0.0,0.0,0.0,0.0,0.0,0.0,0.0,0.0,0.0,1.0,0.0,0.0,0.0,0.0,0.0,1.0,0.0,0.0,0.0,1.0,0.032181136055346955,1.0,0.0,0.0,0.0,0.0,0.0,0.0,-0.7381482378185219,-0.5746797592312612,0.0,0.0,1.0,0.0,1.0,-0.31687803246887236,0.4649905549752775,0.23234521845449066,0.23234521845449066,0.29521925419405826,6.375062344139652
-0.13169284712672627,0.0,0.0,1.0,0.0,0.0,-1.0066826048417592,1.0,-0.13339371225229468,-0.08205848252106487,-7.44063202444536e-16,-0.29391234330217353,0.0,0.0,0.0,0.0,0.0,0.0,0.0,0.0,0.0,0.0,0.0,1.0,0.0,0.0,0.0,0.0,0.0,1.0,0.0,0.0,0.0,1.0,0.032181136055346955,1.0,0.0,0.0,0.0,0.0,0.0,0.0,-0.7381482378185219,-0.5746797592312612,0.0,0.0,0.0,1.0,1.0,-0.5040414314660734,0.4649905549752775,0.10144650383224237,0.10144650383224237,0.16986075984413973,7.275062344139652
-0.13169284712672627,0.0,0.0,1.0,0.0,0.0,-1.0066826048417592,1.0,-0.13339371225229468,-0.08205848252106487,-7.44063202444536e-16,-0.29391234330217353,0.0,0.0,0.0,0.0,0.0,0.0,0.0,0.0,0.0,0.0,0.0,1.0,0.0,0.0,0.0,0.0,0.0,1.0,0.0,0.0,0.0,1.0,0.032181136055346955,1.0,0.0,0.0,0.0,0.0,0.0,0.0,-0.7381482378185219,-0.5746797592312612,0.0,0.0,0.0,1.0,1.0,-0.5092404147715511,0.4649905549752775,0.10144650383224237,0.10144650383224237,0.16986075984413973,11.37506234413965
-0.13169284712672627,0.0,0.0,1.0,0.0,0.0,-1.0066826048417592,1.0,-0.13339371225229468,-0.08205848252106487,-7.44063202444536e-16,-0.29391234330217353,0.0,0.0,0.0,0.0,0.0,0.0,0.0,0.0,0.0,0.0,0.0,1.0,0.0,0.0,0.0,0.0,0.0,1.0,0.0,0.0,0.0,1.0,0.032181136055346955,1.0,0.0,0.0,0.0,0.0,0.0,0.0,-0.7381482378185219,-0.5746797592312612,0.0,0.0,0.0,1.0,1.0,-0.4797795093738436,0.4649905549752775,0.10144650383224237,0.10144650383224237,0.16986075984413973,9.275062344139652
-0.13169284712672627,0.0,0.0,1.0,0.0,0.0,-1.0066826048417592,1.0,-0.13339371225229468,-0.08205848252106487,-7.44063202444536e-16,-0.29391234330217353,0.0,0.0,0.0,0.0,0.0,0.0,0.0,0.0,0.0,0.0,0.0,1.0,0.0,0.0,0.0,0.0,0.0,1.0,0.0,0.0,0.0,1.0,0.032181136055346955,1.0,0.0,0.0,0.0,0.0,0.0,0.0,-0.7381482378185219,-0.5746797592312612,0.0,1.0,0.0,0.0,1.0,-0.1973014164428828,0.4649905549752775,0.23234521845449066,0.23234521845449066,0.29521925419405826,3.915062344139651
-0.13169284712672627,0.0,0.0,1.0,0.0,0.0,-1.0066826048417592,1.0,-0.13339371225229468,-0.08205848252106487,-7.44063202444536e-16,-0.29391234330217353,0.0,0.0,0.0,0.0,0.0,0.0,0.0,0.0,0.0,0.0,0.0,1.0,0.0,0.0,0.0,0.0,0.0,1.0,0.0,0.0,0.0,1.0,0.032181136055346955,1.0,0.0,0.0,0.0,0.0,0.0,0.0,-0.7381482378185219,-0.5746797592312612,0.0,1.0,0.0,0.0,1.0,-0.3307419879501465,0.4649905549752775,0.6250413623212355,0.6250413623212355,0.6712947372438139,5.175062344139651
-0.13169284712672627,0.0,0.0,1.0,0.0,0.0,-1.0066826048417592,1.0,-0.13339371225229468,-0.08205848252106487,-7.44063202444536e-16,-0.29391234330217353,0.0,0.0,0.0,0.0,0.0,0.0,0.0,0.0,0.0,0.0,0.0,1.0,0.0,0.0,0.0,0.0,0.0,1.0,0.0,0.0,0.0,1.0,0.032181136055346955,1.0,0.0,0.0,0.0,0.0,0.0,0.0,-0.7381482378185219,-0.5746797592312612,0.0,1.0,0.0,0.0,0.0,-0.5005754425957548,0.4649905549752775,-1.0766419277679922,-1.0766419277679922,-0.9583656893051273,7.386869865396161
-0.13169284712672627,0.0,0.0,1.0,0.0,0.0,-1.0066826048417592,1.0,-0.13339371225229468,-0.08205848252106487,-7.44063202444536e-16,-0.29391234330217353,0.0,0.0,0.0,0.0,0.0,0.0,0.0,0.0,0.0,0.0,0.0,1.0,0.0,0.0,0.0,0.0,0.0,1.0,0.0,0.0,0.0,1.0,0.032181136055346955,1.0,0.0,0.0,0.0,0.0,0.0,0.0,-0.7381482378185219,-0.5746797592312612,0.0,1.0,0.0,0.0,0.0,-0.34633893786657993,0.4649905549752775,-0.7493951412123715,-0.7493951412123715,-0.6449694534303309,4.195062344139651
-0.36305720250885276,0.0,1.0,0.0,0.0,0.0,-0.6881619369035462,1.0,-0.1827009590254201,-0.22357963353565502,-7.44063202444536e-16,-0.2928944705458819,0.0,1.0,0.0,0.0,0.0,0.0,0.0,0.0,0.0,0.0,0.0,0.0,0.0,0.0,0.0,0.0,0.0,1.0,0.0,0.0,0.0,1.0,-0.25744908844277664,1.0,0.0,0.0,0.0,0.0,0.0,0.0,-1.0207097088171055,-0.821936030656336,0.0,1.0,0.0,0.0,0.0,-0.36713487108849113,0.4649905549752775,0.10144650383224237,0.10144650383224237,0.16986075984413973,5.893636363636365
-0.36305720250885276,0.0,1.0,0.0,0.0,0.0,-0.6881619369035462,1.0,-0.1827009590254201,-0.22357963353565502,-7.44063202444536e-16,-0.2928944705458819,0.0,1.0,0.0,0.0,0.0,0.0,0.0,0.0,0.0,0.0,0.0,0.0,0.0,0.0,0.0,0.0,0.0,1.0,0.0,0.0,0.0,1.0,-0.25744908844277664,1.0,0.0,0.0,0.0,0.0,0.0,0.0,-1.0207097088171055,-0.821936030656336,0.0,1.0,0.0,0.0,0.0,-0.37060085995880965,-3.0224386073393013,-0.9457432131457438,-0.9457432131457438,-1.2090826780049644,9.156427620101097
-0.36305720250885276,0.0,1.0,0.0,0.0,0.0,-0.6881619369035462,1.0,-0.1827009590254201,-0.22357963353565502,-7.44063202444536e-16,-0.2928944705458819,0.0,1.0,0.0,0.0,0.0,0.0,0.0,0.0,0.0,0.0,0.0,0.0,0.0,0.0,0.0,0.0,0.0,1.0,0.0,0.0,0.0,1.0,-0.25744908844277664,1.0,0.0,0.0,0.0,0.0,0.0,0.0,-1.0207097088171055,-0.821936030656336,0.0,1.0,0.0,0.0,0.0,-0.37753283769944673,-1.859962219901108,-0.9457432131457438,-0.9457432131457438,-1.0837241836550457,8.426475888371058
-0.36305720250885276,0.0,1.0,0.0,0.0,0.0,-0.6881619369035462,1.0,-0.1827009590254201,-0.22357963353565502,-7.44063202444536e-16,-0.2928944705458819,0.0,1.0,0.0,0.0,0.0,0.0,0.0,0.0,0.0,0.0,0.0,0.0,0.0,0.0,0.0,0.0,0.0,1.0,0.0,0.0,0.0,1.0,-0.25744908844277664,1.0,0.0,0.0,0.0,0.0,0.0,0.0,-1.0207097088171055,-0.821936030656336,0.0,1.0,0.0,0.0,0.0,-0.3740668488291282,-0.6974858324629155,-0.9457432131457438,-0.9457432131457438,-0.9583656893051273,7.739566978465635
-0.36305720250885276,0.0,1.0,0.0,0.0,0.0,-0.6881619369035462,1.0,-0.1827009590254201,-0.22357963353565502,-7.44063202444536e-16,-0.2928944705458819,0.0,1.0,0.0,0.0,0.0,0.0,0.0,0.0,0.0,0.0,0.0,0.0,0.0,0.0,0.0,0.0,0.0,1.0,0.0,0.0,0.0,1.0,-0.25744908844277664,1.0,0.0,0.0,0.0,0.0,0.0,0.0,-1.0207097088171055,-0.821936030656336,0.0,1.0,0.0,0.0,0.0,-0.3740668488291282,0.4649905549752775,-0.9457432131457438,-0.9457432131457438,-0.8330071949552087,6.652012256764571
-0.36305720250885276,0.0,1.0,0.0,0.0,0.0,-0.6881619369035462,1.0,-0.1827009590254201,-0.22357963353565502,-7.44063202444536e-16,-0.2928944705458819,0.0,1.0,0.0,0.0,0.0,0.0,0.0,0.0,0.0,0.0,0.0,0.0,0.0,0.0,0.0,0.0,0.0,1.0,0.0,0.0,0.0,1.0,-0.25744908844277664,1.0,0.0,0.0,0.0,0.0,0.0,0.0,-1.0207097088171055,-0.821936030656336,0.0,1.0,0.0,0.0,0.0,-0.48324549824416213,0.4649905549752775,-0.2912496400345025,-0.2912496400345025,-0.20621472320561596,7.863636363636365
-0.36305720250885276,0.0,1.0,0.0,0.0,0.0,-0.6881619369035462,1.0,-0.1827009590254201,-0.22357963353565502,-7.44063202444536e-16,-0.2928944705458819,0.0,1.0,0.0,0.0,0.0,0.0,0.0,0.0,0.0,0.0,0.0,0.0,0.0,0.0,0.0,0.0,0.0,1.0,0.0,0.0,0.0,1.0,-0.25744908844277664,1.0,0.0,0.0,0.0,0.0,0.0,0.0,-1.0207097088171055,-0.821936030656336,0.0,1.0,0.0,0.0,1.0,0.1804913704218378,0.4649905549752775,0.23234521845449066,0.23234521845449066,0.29521925419405826,7.463636363636365
-0.36305720250885276,0.0,1.0,0.0,0.0,0.0,-0.6881619369035462,1.0,-0.1827009590254201,-0.22357963353565502,-7.44063202444536e-16,-0.2928944705458819,0.0,1.0,0.0,0.0,0.0,0.0,0.0,0.0,0.0,0.0,0.0,0.0,0.0,0.0,0.0,0.0,0.0,1.0,0.0,0.0,0.0,1.0,-0.25744908844277664,1.0,0.0,0.0,0.0,0.0,0.0,0.0,-1.0207097088171055,-0.821936030656336,0.0,1.0,0.0,0.0,1.0,-0.1799714720912901,-1.859962219901108,0.23234521845449066,0.23234521845449066,-0.4067883141654856,8.763636363636365
-0.36305720250885276,0.0,1.0,0.0,0.0,0.0,-0.6881619369035462,1.0,-0.1827009590254201,-0.22357963353565502,-7.44063202444536e-16,-0.2928944705458819,0.0,1.0,0.0,0.0,0.0,0.0,0.0,0.0,0.0,0.0,0.0,0.0,0.0,0.0,0.0,0.0,0.0,1.0,0.0,0.0,0.0,1.0,-0.25744908844277664,1.0,0.0,0.0,0.0,0.0,0.0,0.0,-1.0207097088171055,-0.821936030656336,0.0,1.0,0.0,0.0,1.0,3.681140129443561,0.4649905549752775,0.23234521845449066,0.23234521845449066,0.29521925419405826,6.003636363636365
-0.36305720250885276,0.0,1.0,0.0,0.0,0.0,-0.6881619369035462,1.0,-0.1827009590254201,-0.22357963353565502,-7.44063202444536e-16,-0.2928944705458819,0.0,1.0,0.0,0.0,0.0,0.0,0.0,0.0,0.0,0.0,0.0,0.0,0.0,0.0,0.0,0.0,0.0,1.0,0.0,0.0,0.0,1.0,-0.25744908844277664,1.0,0.0,0.0,0.0,0.0,0.0,0.0,-1.0207097088171055,-0.821936030656336,0.0,1.0,0.0,0.0,1.0,2.0088004995148667,0.4649905549752775,3.635711798632946,3.635711798632946,3.554540107291941,7.113636363636365
-0.36305720250885276,0.0,1.0,0.0,0.0,0.0,-0.6881619369035462,1.0,-0.1827009590254201,-0.22357963353565502,-7.44063202444536e-16,-0.2928944705458819,0.0,1.0,0.0,0.0,0.0,0.0,0.0,0.0,0.0,0.0,0.0,0.0,0.0,0.0,0.0,0.0,0.0,1.0,0.0,0.0,0.0,1.0,-0.25744908844277664,1.0,0.0,0.0,0.0,0.0,0.0,0.0,-1.0207097088171055,-0.821936030656336,0.0,1.0,0.0,0.0,1.0,0.07131272100680387,0.4649905549752775,0.6250413623212355,0.6250413623212355,0.6712947372438139,6.033636363636365
-0.36305720250885276,0.0,1.0,0.0,0.0,0.0,-0.6881619369035462,1.0,-0.1827009590254201,-0.22357963353565502,-7.44063202444536e-16,-0.2928944705458819,0.0,1.0,0.0,0.0,0.0,0.0,0.0,0.0,0.0,0.0,0.0,0.0,0.0,0.0,0.0,0.0,0.0,1.0,0.0,0.0,0.0,1.0,-0.25744908844277664,1.0,0.0,0.0,0.0,0.0,0.0,0.0,-1.0207097088171055,-0.821936030656336,1.0,0.0,0.0,0.0,1.0,-0.2302283107109089,0.4649905549752775,-0.553047069278999,-0.553047069278999,-0.45693171190545306,7.162212497301601
-0.36305720250885276,0.0,1.0,0.0,0.0,0.0,-0.6881619369035462,1.0,-0.1827009590254201,-0.22357963353565502,-7.44063202444536e-16,-0.2928944705458819,0.0,1.0,0.0,0.0,0.0,0.0,0.0,0.0,0.0,0.0,0.0,0.0,0.0,0.0,0.0,0.0,0.0,1.0,0.0,0.0,0.0,1.0,-0.25744908844277664,1.0,0.0,0.0,0.0,0.0,0.0,0.0,-1.0207097088171055,-0.821936030656336,0.0,0.0,1.0,0.0,1.0,-0.31687803246887236,0.4649905549752775,0.23234521845449066,0.23234521845449066,0.29521925419405826,7.763636363636365
-0.36305720250885276,0.0,1.0,0.0,0.0,0.0,-0.6881619369035462,1.0,-0.1827009590254201,-0.22357963353565502,-7.44063202444536e-16,-0.2928944705458819,0.0,1.0,0.0,0.0,0.0,0.0,0.0,0.0,0.0,0.0,0.0,0.0,0.0,0.0,0.0,0.0,0.0,1.0,0.0,0.0,0.0,1.0,-0.25744908844277664,1.0,0.0,0.0,0.0,0.0,0.0,0.0,-1.0207097088171055,-0.821936030656336,0.0,0.0,0.0,1.0,1.0,-0.5040414314660734,0.4649905549752775,0.10144650383224237,0.10144650383224237,0.16986075984413973,8.663636363636366
-0.36305720250885276,0.0,1.0,0.0,0.0,0.0,-0.6881619369035462,1.0,-0.1827009590254201,-0.22357963353565502,-7.44063202444536e-16,-0.2928944705458819,0.0,1.0,0.0,0.0,0.0,0.0,0.0,0.0,0.0,0.0,0.0,0.0,0.0,0.0,0.0,0.0,0.0,1.0,0.0,0.0,0.0,1.0,-0.25744908844277664,1.0,0.0,0.0,0.0,0.0,0.0,0.0,-1.0207097088171055,-0.821936030656336,0.0,0.0,0.0,1.0,1.0,-0.5092404147715511,0.4649905549752775,0.10144650383224237,0.10144650383224237,0.16986075984413973,12.763636363636364
-0.36305720250885276,0.0,1.0,0.0,0.0,0.0,-0.6881619369035462,1.0,-0.1827009590254201,-0.22357963353565502,-7.44063202444536e-16,-0.2928944705458819,0.0,1.0,0.0,0.0,0.0,0.0,0.0,0.0,0.0,0.0,0.0,0.0,0.0,0.0,0.0,0.0,0.0,1.0,0.0,0.0,0.0,1.0,-0.25744908844277664,1.0,0.0,0.0,0.0,0.0,0.0,0.0,-1.0207097088171055,-0.821936030656336,0.0,0.0,0.0,1.0,1.0,-0.4797795093738436,0.4649905549752775,0.10144650383224237,0.10144650383224237,0.16986075984413973,10.663636363636366
-0.36305720250885276,0.0,1.0,0.0,0.0,0.0,-0.6881619369035462,1.0,-0.1827009590254201,-0.22357963353565502,-7.44063202444536e-16,-0.2928944705458819,0.0,1.0,0.0,0.0,0.0,0.0,0.0,0.0,0.0,0.0,0.0,0.0,0.0,0.0,0.0,0.0,0.0,1.0,0.0,0.0,0.0,1.0,-0.25744908844277664,1.0,0.0,0.0,0.0,0.0,0.0,0.0,-1.0207097088171055,-0.821936030656336,0.0,1.0,0.0,0.0,1.0,-0.1973014164428828,0.4649905549752775,0.23234521845449066,0.23234521845449066,0.29521925419405826,5.303636363636365
-0.36305720250885276,0.0,1.0,0.0,0.0,0.0,-0.6881619369035462,1.0,-0.1827009590254201,-0.22357963353565502,-7.44063202444536e-16,-0.2928944705458819,0.0,1.0,0.0,0.0,0.0,0.0,0.0,0.0,0.0,0.0,0.0,0.0,0.0,0.0,0.0,0.0,0.0,1.0,0.0,0.0,0.0,1.0,-0.25744908844277664,1.0,0.0,0.0,0.0,0.0,0.0,0.0,-1.0207097088171055,-0.821936030656336,0.0,1.0,0.0,0.0,1.0,-0.3307419879501465,0.4649905549752775,0.6250413623212355,0.6250413623212355,0.6712947372438139,6.563636363636364
-0.36305720250885276,0.0,1.0,0.0,0.0,0.0,-0.6881619369035462,1.0,-0.1827009590254201,-0.22357963353565502,-7.44063202444536e-16,-0.2928944705458819,0.0,1.0,0.0,0.0,0.0,0.0,0.0,0.0,0.0,0.0,0.0,0.0,0.0,0.0,0.0,0.0,0.0,1.0,0.0,0.0,0.0,1.0,-0.25744908844277664,1.0,0.0,0.0,0.0,0.0,0.0,0.0,-1.0207097088171055,-0.821936030656336,0.0,1.0,0.0,0.0,0.0,-0.5005754425957548,0.4649905549752775,-1.0766419277679922,-1.0766419277679922,-0.9583656893051273,8.775443884892875
-0.36305720250885276,0.0,1.0,0.0,0.0,0.0,-0.6881619369035462,1.0,-0.1827009590254201,-0.22357963353565502,-7.44063202444536e-16,-0.2928944705458819,0.0,1.0,0.0,0.0,0.0,0.0,0.0,0.0,0.0,0.0,0.0,0.0,0.0,0.0,0.0,0.0,0.0,1.0,0.0,0.0,0.0,1.0,-0.25744908844277664,1.0,0.0,0.0,0.0,0.0,0.0,0.0,-1.0207097088171055,-0.821936030656336,0.0,1.0,0.0,0.0,0.0,-0.34633893786657993,0.4649905549752775,-0.7493951412123715,-0.7493951412123715,-0.6449694534303309,5.583636363636365
-0.24737502481778953,1.0,0.0,0.0,0.0,0.0,-1.289812087453504,0.0,-0.21557245687417037,-0.3068273694265904,-7.44063202444536e-16,-0.29948070602776866,0.0,0.0,0.0,0.0,0.0,0.0,0.0,0.0,1.0,0.0,0.0,0.0,0.0,0.0,0.0,0.0,0.0,1.0,0.0,0.0,0.0,1.0,-0.8367095374390239,0.0,0.0,0.0,0.0,0.0,0.0,1.0,-1.2718754608158465,-0.8906183282744125,0.0,1.0,0.0,0.0,0.0,-0.36713487108849113,0.4649905549752775,0.10144650383224237,0.10144650383224237,0.16986075984413973,-2.7509667673716054
-0.24737502481778953,1.0,0.0,0.0,0.0,0.0,-1.289812087453504,0.0,-0.21557245687417037,-0.3068273694265904,-7.44063202444536e-16,-0.29948070602776866,0.0,0.0,0.0,0.0,0.0,0.0,0.0,0.0,1.0,0.0,0.0,0.0,0.0,0.0,0.0,0.0,0.0,1.0,0.0,0.0,0.0,1.0,-0.8367095374390239,0.0,0.0,0.0,0.0,0.0,0.0,1.0,-1.2718754608158465,-0.8906183282744125,0.0,1.0,0.0,0.0,0.0,-0.37060085995880965,-3.0224386073393013,-0.9457432131457438,-0.9457432131457438,-1.2090826780049644,0.5118244890931258
-0.24737502481778953,1.0,0.0,0.0,0.0,0.0,-1.289812087453504,0.0,-0.21557245687417037,-0.3068273694265904,-7.44063202444536e-16,-0.29948070602776866,0.0,0.0,0.0,0.0,0.0,0.0,0.0,0.0,1.0,0.0,0.0,0.0,0.0,0.0,0.0,0.0,0.0,1.0,0.0,0.0,0.0,1.0,-0.8367095374390239,0.0,0.0,0.0,0.0,0.0,0.0,1.0,-1.2718754608158465,-0.8906183282744125,0.0,1.0,0.0,0.0,0.0,-0.37753283769944673,-1.859962219901108,-0.9457432131457438,-0.9457432131457438,-1.0837241836550457,-0.2181272426369114
-0.24737502481778953,1.0,0.0,0.0,0.0,0.0,-1.289812087453504,0.0,-0.21557245687417037,-0.3068273694265904,-7.44063202444536e-16,-0.29948070602776866,0.0,0.0,0.0,0.0,0.0,0.0,0.0,0.0,1.0,0.0,0.0,0.0,0.0,0.0,0.0,0.0,0.0,1.0,0.0,0.0,0.0,1.0,-0.8367095374390239,0.0,0.0,0.0,0.0,0.0,0.0,1.0,-1.2718754608158465,-0.8906183282744125,0.0,1.0,0.0,0.0,0.0,-0.3740668488291282,-0.6974858324629155,-0.9457432131457438,-0.9457432131457438,-0.9583656893051273,-0.905036152542336
-0.24737502481778953,1.0,0.0,0.0,0.0,0.0,-1.289812087453504,0.0,-0.21557245687417037,-0.3068273694265904,-7.44063202444536e-16,-0.29948070602776866,0.0,0.0,0.0,0.0,0.0,0.0,0.0,0.0,1.0,0.0,0.0,0.0,0.0,0.0,0.0,0.0,0.0,1.0,0.0,0.0,0.0,1.0,-0.8367095374390239,0.0,0.0,0.0,0.0,0.0,0.0,1.0,-1.2718754608158465,-0.8906183282744125,0.0,1.0,0.0,0.0,0.0,-0.3740668488291282,0.4649905549752775,-0.9457432131457438,-0.9457432131457438,-0.8330071949552087,-1.9925908742433995
-0.24737502481778953,1.0,0.0,0.0,0.0,0.0,-1.289812087453504,0.0,-0.21557245687417037,-0.3068273694265904,-7.44063202444536e-16,-0.29948070602776866,0.0,0.0,0.0,0.0,0.0,0.0,0.0,0.0,1.0,0.0,0.0,0.0,0.0,0.0,0.0,0.0,0.0,1.0,0.0,0.0,0.0,1.0,-0.8367095374390239,0.0,0.0,0.0,0.0,0.0,0.0,1.0,-1.2718754608158465,-0.8906183282744125,0.0,1.0,0.0,0.0,0.0,-0.48324549824416213,0.4649905549752775,-0.2912496400345025,-0.2912496400345025,-0.20621472320561596,-0.7809667673716056
-0.24737502481778953,1.0,0.0,0.0,0.0,0.0,-1.289812087453504,0.0,-0.21557245687417037,-0.3068273694265904,-7.44063202444536e-16,-0.29948070602776866,0.0,0.0,0.0,0.0,0.0,0.0,0.0,0.0,1.0,0.0,0.0,0.0,0.0,0.0,0.0,0.0,0.0,1.0,0.0,0.0,0.0,1.0,-0.8367095374390239,0.0,0.0,0.0,0.0,0.0,0.0,1.0,-1.2718754608158465,-0.8906183282744125,0.0,1.0,0.0,0.0,1.0,0.1804913704218378,0.4649905549752775,0.23234521845449066,0.23234521845449066,0.29521925419405826,-1.180966767371606
-0.24737502481778953,1.0,0.0,0.0,0.0,0.0,-1.289812087453504,0.0,-0.21557245687417037,-0.3068273694265904,-7.44063202444536e-16,-0.29948070602776866,0.0,0.0,0.0,0.0,0.0,0.0,0.0,0.0,1.0,0.0,0.0,0.0,0.0,0.0,0.0,0.0,0.0,1.0,0.0,0.0,0.0,1.0,-0.8367095374390239,0.0,0.0,0.0,0.0,0.0,0.0,1.0,-1.2718754608158465,-0.8906183282744125,0.0,1.0,0.0,0.0,1.0,-0.1799714720912901,-1.859962219901108,0.23234521845449066,0.23234521845449066,-0.4067883141654856,0.1190332326283947
-0.24737502481778953,1.0,0.0,0.0,0.0,0.0,-1.289812087453504,0.0,-0.21557245687417037,-0.3068273694265904,-7.44063202444536e-16,-0.29948070602776866,0.0,0.0,0.0,0.0,0.0,0.0,0.0,0.0,1.0,0.0,0.0,0.0,0.0,0.0,0.0,0.0,0.0,1.0,0.0,0.0,0.0,1.0,-0.8367095374390239,0.0,0.0,0.0,0.0,0.0,0.0,1.0,-1.2718754608158465,-0.8906183282744125,0.0,1.0,0.0,0.0,1.0,3.681140129443561,0.4649905549752775,0.23234521845449066,0.23234521845449066,0.29521925419405826,-2.640966767371606
-0.24737502481778953,1.0,0.0,0.0,0.0,0.0,-1.289812087453504,0.0,-0.21557245687417037,-0.3068273694265904,-7.44063202444536e-16,-0.29948070602776866,0.0,0.0,0.0,0.0,0.0,0.0,0.0,0.0,1.0,0.0,0.0,0.0,0.0,0.0,0.0,0.0,0.0,1.0,0.0,0.0,0.0,1.0,-0.8367095374390239,0.0,0.0,0.0,0.0,0.0,0.0,1.0,-1.2718754608158465,-0.8906183282744125,0.0,1.0,0.0,0.0,1.0,2.0088004995148667,0.4649905549752775,3.635711798632946,3.635711798632946,3.554540107291941,-1.5309667673716056
-0.24737502481778953,1.0,0.0,0.0,0.0,0.0,-1.289812087453504,0.0,-0.21557245687417037,-0.3068273694265904,-7.44063202444536e-16,-0.29948070602776866,0.0,0.0,0.0,0.0,0.0,0.0,0.0,0.0,1.0,0.0,0.0,0.0,0.0,0.0,0.0,0.0,0.0,1.0,0.0,0.0,0.0,1.0,-0.8367095374390239,0.0,0.0,0.0,0.0,0.0,0.0,1.0,-1.2718754608158465,-0.8906183282744125,0.0,1.0,0.0,0.0,1.0,0.07131272100680387,0.4649905549752775,0.6250413623212355,0.6250413623212355,0.6712947372438139,-2.6109667673716057
-0.24737502481778953,1.0,0.0,0.0,0.0,0.0,-1.289812087453504,0.0,-0.21557245687417037,-0.3068273694265904,-7.44063202444536e-16,-0.29948070602776866,0.0,0.0,0.0,0.0,0.0,0.0,0.0,0.0,1.0,0.0,0.0,0.0,0.0,0.0,0.0,0.0,0.0,1.0,0.0,0.0,0.0,1.0,-0.8367095374390239,0.0,0.0,0.0,0.0,0.0,0.0,1.0,-1.2718754608158465,-0.8906183282744125,1.0,0.0,0.0,0.0,1.0,-0.2302283107109089,0.4649905549752775,-0.553047069278999,-0.553047069278999,-0.45693171190545306,-1.4823906337063697
-0.24737502481778953,1.0,0.0,0.0,0.0,0.0,-1.289812087453504,0.0,-0.21557245687417037,-0.3068273694265904,-7.44063202444536e-16,-0.29948070602776866,0.0,0.0,0.0,0.0,0.0,0.0,0.0,0.0,1.0,0.0,0.0,0.0,0.0,0.0,0.0,0.0,0.0,1.0,0.0,0.0,0.0,1.0,-0.8367095374390239,0.0,0.0,0.0,0.0,0.0,0.0,1.0,-1.2718754608158465,-0.8906183282744125,0.0,0.0,1.0,0.0,1.0,-0.31687803246887236,0.4649905549752775,0.23234521845449066,0.23234521845449066,0.29521925419405826,-0.8809667673716057
-0.24737502481778953,1.0,0.0,0.0,0.0,0.0,-1.289812087453504,0.0,-0.21557245687417037,-0.3068273694265904,-7.44063202444536e-16,-0.29948070602776866,0.0,0.0,0.0,0.0,0.0,0.0,0.0,0.0,1.0,0.0,0.0,0.0,0.0,0.0,0.0,0.0,0.0,1.0,0.0,0.0,0.0,1.0,-0.8367095374390239,0.0,0.0,0.0,0.0,0.0,0.0,1.0,-1.2718754608158465,-0.8906183282744125,0.0,0.0,0.0,1.0,1.0,-0.5040414314660734,0.4649905549752775,0.10144650383224237,0.10144650383224237,0.16986075984413973,0.0190332326283946
-0.24737502481778953,1.0,0.0,0.0,0.0,0.0,-1.289812087453504,0.0,-0.21557245687417037,-0.3068273694265904,-7.44063202444536e-16,-0.29948070602776866,0.0,0.0,0.0,0.0,0.0,0.0,0.0,0.0,1.0,0.0,0.0,0.0,0.0,0.0,0.0,0.0,0.0,1.0,0.0,0.0,0.0,1.0,-0.8367095374390239,0.0,0.0,0.0,0.0,0.0,0.0,1.0,-1.2718754608158465,-0.8906183282744125,0.0,0.0,0.0,1.0,1.0,-0.5092404147715511,0.4649905549752775,0.10144650383224237,0.10144650383224237,0.16986075984413973,4.119033232628394
-0.24737502481778953,1.0,0.0,0.0,0.0,0.0,-1.289812087453504,0.0,-0.21557245687417037,-0.3068273694265904,-7.44063202444536e-16,-0.29948070602776866,0.0,0.0,0.0,0.0,0.0,0.0,0.0,0.0,1.0,0.0,0.0,0.0,0.0,0.0,0.0,0.0,0.0,1.0,0.0,0.0,0.0,1.0,-0.8367095374390239,0.0,0.0,0.0,0.0,0.0,0.0,1.0,-1.2718754608158465,-0.8906183282744125,0.0,0.0,0.0,1.0,1.0,-0.4797795093738436,0.4649905549752775,0.10144650383224237,0.10144650383224237,0.16986075984413973,2.019033232628394
-0.24737502481778953,1.0,0.0,0.0,0.0,0.0,-1.289812087453504,0.0,-0.21557245687417037,-0.3068273694265904,-7.44063202444536e-16,-0.29948070602776866,0.0,0.0,0.0,0.0,0.0,0.0,0.0,0.0,1.0,0.0,0.0,0.0,0.0,0.0,0.0,0.0,0.0,1.0,0.0,0.0,0.0,1.0,-0.8367095374390239,0.0,0.0,0.0,0.0,0.0,0.0,1.0,-1.2718754608158465,-0.8906183282744125,0.0,1.0,0.0,0.0,1.0,-0.1973014164428828,0.4649905549752775,0.23234521845449066,0.23234521845449066,0.29521925419405826,-3.340966767371606
-0.24737502481778953,1.0,0.0,0.0,0.0,0.0,-1.289812087453504,0.0,-0.21557245687417037,-0.3068273694265904,-7.44063202444536e-16,-0.29948070602776866,0.0,0.0,0.0,0.0,0.0,0.0,0.0,0.0,1.0,0.0,0.0,0.0,0.0,0.0,0.0,0.0,0.0,1.0,0.0,0.0,0.0,1.0,-0.8367095374390239,0.0,0.0,0.0,0.0,0.0,0.0,1.0,-1.2718754608158465,-0.8906183282744125,0.0,1.0,0.0,0.0,1.0,-0.3307419879501465,0.4649905549752775,0.6250413623212355,0.6250413623212355,0.6712947372438139,-2.0809667673716064
-0.24737502481778953,1.0,0.0,0.0,0.0,0.0,-1.289812087453504,0.0,-0.21557245687417037,-0.3068273694265904,-7.44063202444536e-16,-0.29948070602776866,0.0,0.0,0.0,0.0,0.0,0.0,0.0,0.0,1.0,0.0,0.0,0.0,0.0,0.0,0.0,0.0,0.0,1.0,0.0,0.0,0.0,1.0,-0.8367095374390239,0.0,0.0,0.0,0.0,0.0,0.0,1.0,-1.2718754608158465,-0.8906183282744125,0.0,1.0,0.0,0.0,0.0,-0.5005754425957548,0.4649905549752775,-1.0766419277679922,-1.0766419277679922,-0.9583656893051273,0.1308407538849043
-0.24737502481778953,1.0,0.0,0.0,0.0,0.0,-1.289812087453504,0.0,-0.21557245687417037,-0.3068273694265904,-7.44063202444536e-16,-0.29948070602776866,0.0,0.0,0.0,0.0,0.0,0.0,0.0,0.0,1.0,0.0,0.0,0.0,0.0,0.0,0.0,0.0,0.0,1.0,0.0,0.0,0.0,1.0,-0.8367095374390239,0.0,0.0,0.0,0.0,0.0,0.0,1.0,-1.2718754608158465,-0.8906183282744125,0.0,1.0,0.0,0.0,0.0,-0.34633893786657993,0.4649905549752775,-0.7493951412123715,-0.7493951412123715,-0.6449694534303309,-3.060966767371606
-0.24737502481778953,1.0,0.0,0.0,0.0,0.0,-1.2190297168005677,0.0,-0.21557245687417037,-0.3068273694265904,-7.44063202444536e-16,-0.30055845365207745,0.0,0.0,0.0,0.0,0.0,0.0,0.0,0.0,1.0,0.0,0.0,0.0,0.0,0.0,0.0,0.0,0.0,1.0,0.0,0.0,0.0,1.0,-0.8367095374390239,0.0,0.0,0.0,0.0,0.0,0.0,1.0,-1.2090840228161612,-0.863145409227182,0.0,1.0,0.0,0.0,0.0,-0.36713487108849113,0.4649905549752775,0.10144650383224237,0.10144650383224237,0.16986075984413973,1.983416149068317
-0.24737502481778953,1.0,0.0,0.0,0.0,0.0,-1.2190297168005677,0.0,-0.21557245687417037,-0.3068273694265904,-7.44063202444536e-16,-0.30055845365207745,0.0,0.0,0.0,0.0,0.0,0.0,0.0,0.0,1.0,0.0,0.0,0.0,0.0,0.0,0.0,0.0,0.0,1.0,0.0,0.0,0.0,1.0,-0.8367095374390239,0.0,0.0,0.0,0.0,0.0,0.0,1.0,-1.2090840228161612,-0.863145409227182,0.0,1.0,0.0,0.0,0.0,-0.37060085995880965,-3.0224386073393013,-0.9457432131457438,-0.9457432131457438,-1.2090826780049644,5.246207405533049
-0.24737502481778953,1.0,0.0,0.0,0.0,0.0,-1.2190297168005677,0.0,-0.21557245687417037,-0.3068273694265904,-7.44063202444536e-16,-0.30055845365207745,0.0,0.0,0.0,0.0,0.0,0.0,0.0,0.0,1.0,0.0,0.0,0.0,0.0,0.0,0.0,0.0,0.0,1.0,0.0,0.0,0.0,1.0,-0.8367095374390239,0.0,0.0,0.0,0.0,0.0,0.0,1.0,-1.2090840228161612,-0.863145409227182,0.0,1.0,0.0,0.0,0.0,-0.37753283769944673,-1.859962219901108,-0.9457432131457438,-0.9457432131457438,-1.0837241836550457,4.516255673803012
-0.24737502481778953,1.0,0.0,0.0,0.0,0.0,-1.2190297168005677,0.0,-0.21557245687417037,-0.3068273694265904,-7.44063202444536e-16,-0.30055845365207745,0.0,0.0,0.0,0.0,0.0,0.0,0.0,0.0,1.0,0.0,0.0,0.0,0.0,0.0,0.0,0.0,0.0,1.0,0.0,0.0,0.0,1.0,-0.8367095374390239,0.0,0.0,0.0,0.0,0.0,0.0,1.0,-1.2090840228161612,-0.863145409227182,0.0,1.0,0.0,0.0,0.0,-0.3740668488291282,-0.6974858324629155,-0.9457432131457438,-0.9457432131457438,-0.9583656893051273,3.829346763897587
-0.24737502481778953,1.0,0.0,0.0,0.0,0.0,-1.2190297168005677,0.0,-0.21557245687417037,-0.3068273694265904,-7.44063202444536e-16,-0.30055845365207745,0.0,0.0,0.0,0.0,0.0,0.0,0.0,0.0,1.0,0.0,0.0,0.0,0.0,0.0,0.0,0.0,0.0,1.0,0.0,0.0,0.0,1.0,-0.8367095374390239,0.0,0.0,0.0,0.0,0.0,0.0,1.0,-1.2090840228161612,-0.863145409227182,0.0,1.0,0.0,0.0,0.0,-0.3740668488291282,0.4649905549752775,-0.9457432131457438,-0.9457432131457438,-0.8330071949552087,2.741792042196524
-0.24737502481778953,1.0,0.0,0.0,0.0,0.0,-1.2190297168005677,0.0,-0.21557245687417037,-0.3068273694265904,-7.44063202444536e-16,-0.30055845365207745,0.0,0.0,0.0,0.0,0.0,0.0,0.0,0.0,1.0,0.0,0.0,0.0,0.0,0.0,0.0,0.0,0.0,1.0,0.0,0.0,0.0,1.0,-0.8367095374390239,0.0,0.0,0.0,0.0,0.0,0.0,1.0,-1.2090840228161612,-0.863145409227182,0.0,1.0,0.0,0.0,0.0,-0.48324549824416213,0.4649905549752775,-0.2912496400345025,-0.2912496400345025,-0.20621472320561596,3.9534161490683175
-0.24737502481778953,1.0,0.0,0.0,0.0,0.0,-1.2190297168005677,0.0,-0.21557245687417037,-0.3068273694265904,-7.44063202444536e-16,-0.30055845365207745,0.0,0.0,0.0,0.0,0.0,0.0,0.0,0.0,1.0,0.0,0.0,0.0,0.0,0.0,0.0,0.0,0.0,1.0,0.0,0.0,0.0,1.0,-0.8367095374390239,0.0,0.0,0.0,0.0,0.0,0.0,1.0,-1.2090840228161612,-0.863145409227182,0.0,1.0,0.0,0.0,1.0,0.1804913704218378,0.4649905549752775,0.23234521845449066,0.23234521845449066,0.29521925419405826,3.553416149068317
-0.24737502481778953,1.0,0.0,0.0,0.0,0.0,-1.2190297168005677,0.0,-0.21557245687417037,-0.3068273694265904,-7.44063202444536e-16,-0.30055845365207745,0.0,0.0,0.0,0.0,0.0,0.0,0.0,0.0,1.0,0.0,0.0,0.0,0.0,0.0,0.0,0.0,0.0,1.0,0.0,0.0,0.0,1.0,-0.8367095374390239,0.0,0.0,0.0,0.0,0.0,0.0,1.0,-1.2090840228161612,-0.863145409227182,0.0,1.0,0.0,0.0,1.0,-0.1799714720912901,-1.859962219901108,0.23234521845449066,0.23234521845449066,-0.4067883141654856,4.853416149068318
-0.24737502481778953,1.0,0.0,0.0,0.0,0.0,-1.2190297168005677,0.0,-0.21557245687417037,-0.3068273694265904,-7.44063202444536e-16,-0.30055845365207745,0.0,0.0,0.0,0.0,0.0,0.0,0.0,0.0,1.0,0.0,0.0,0.0,0.0,0.0,0.0,0.0,0.0,1.0,0.0,0.0,0.0,1.0,-0.8367095374390239,0.0,0.0,0.0,0.0,0.0,0.0,1.0,-1.2090840228161612,-0.863145409227182,0.0,1.0,0.0,0.0,1.0,3.681140129443561,0.4649905549752775,0.23234521845449066,0.23234521845449066,0.29521925419405826,2.093416149068317
-0.24737502481778953,1.0,0.0,0.0,0.0,0.0,-1.2190297168005677,0.0,-0.21557245687417037,-0.3068273694265904,-7.44063202444536e-16,-0.30055845365207745,0.0,0.0,0.0,0.0,0.0,0.0,0.0,0.0,1.0,0.0,0.0,0.0,0.0,0.0,0.0,0.0,0.0,1.0,0.0,0.0,0.0,1.0,-0.8367095374390239,0.0,0.0,0.0,0.0,0.0,0.0,1.0,-1.2090840228161612,-0.863145409227182,0.0,1.0,0.0,0.0,1.0,2.0088004995148667,0.4649905549752775,3.635711798632946,3.635711798632946,3.554540107291941,3.203416149068317
-0.24737502481778953,1.0,0.0,0.0,0.0,0.0,-1.2190297168005677,0.0,-0.21557245687417037,-0.3068273694265904,-7.44063202444536e-16,-0.30055845365207745,0.0,0.0,0.0,0.0,0.0,0.0,0.0,0.0,1.0,0.0,0.0,0.0,0.0,0.0,0.0,0.0,0.0,1.0,0.0,0.0,0.0,1.0,-0.8367095374390239,0.0,0.0,0.0,0.0,0.0,0.0,1.0,-1.2090840228161612,-0.863145409227182,0.0,1.0,0.0,0.0,1.0,0.07131272100680387,0.4649905549752775,0.6250413623212355,0.6250413623212355,0.6712947372438139,2.123416149068317
-0.24737502481778953,1.0,0.0,0.0,0.0,0.0,-1.2190297168005677,0.0,-0.21557245687417037,-0.3068273694265904,-7.44063202444536e-16,-0.30055845365207745,0.0,0.0,0.0,0.0,0.0,0.0,0.0,0.0,1.0,0.0,0.0,0.0,0.0,0.0,0.0,0.0,0.0,1.0,0.0,0.0,0.0,1.0,-0.8367095374390239,0.0,0.0,0.0,0.0,0.0,0.0,1.0,-1.2090840228161612,-0.863145409227182,1.0,0.0,0.0,0.0,1.0,-0.2302283107109089,0.4649905549752775,-0.553047069278999,-0.553047069278999,-0.45693171190545306,3.251992282733553
-0.24737502481778953,1.0,0.0,0.0,0.0,0.0,-1.2190297168005677,0.0,-0.21557245687417037,-0.3068273694265904,-7.44063202444536e-16,-0.30055845365207745,0.0,0.0,0.0,0.0,0.0,0.0,0.0,0.0,1.0,0.0,0.0,0.0,0.0,0.0,0.0,0.0,0.0,1.0,0.0,0.0,0.0,1.0,-0.8367095374390239,0.0,0.0,0.0,0.0,0.0,0.0,1.0,-1.2090840228161612,-0.863145409227182,0.0,0.0,1.0,0.0,1.0,-0.31687803246887236,0.4649905549752775,0.23234521845449066,0.23234521845449066,0.29521925419405826,3.853416149068317
-0.24737502481778953,1.0,0.0,0.0,0.0,0.0,-1.2190297168005677,0.0,-0.21557245687417037,-0.3068273694265904,-7.44063202444536e-16,-0.30055845365207745,0.0,0.0,0.0,0.0,0.0,0.0,0.0,0.0,1.0,0.0,0.0,0.0,0.0,0.0,0.0,0.0,0.0,1.0,0.0,0.0,0.0,1.0,-0.8367095374390239,0.0,0.0,0.0,0.0,0.0,0.0,1.0,-1.2090840228161612,-0.863145409227182,0.0,0.0,0.0,1.0,1.0,-0.5040414314660734,0.4649905549752775,0.10144650383224237,0.10144650383224237,0.16986075984413973,4.753416149068318
-0.24737502481778953,1.0,0.0,0.0,0.0,0.0,-1.2190297168005677,0.0,-0.21557245687417037,-0.3068273694265904,-7.44063202444536e-16,-0.30055845365207745,0.0,0.0,0.0,0.0,0.0,0.0,0.0,0.0,1.0,0.0,0.0,0.0,0.0,0.0,0.0,0.0,0.0,1.0,0.0,0.0,0.0,1.0,-0.8367095374390239,0.0,0.0,0.0,0.0,0.0,0.0,1.0,-1.2090840228161612,-0.863145409227182,0.0,0.0,0.0,1.0,1.0,-0.5092404147715511,0.4649905549752775,0.10144650383224237,0.10144650383224237,0.16986075984413973,8.853416149068316
-0.24737502481778953,1.0,0.0,0.0,0.0,0.0,-1.2190297168005677,0.0,-0.21557245687417037,-0.3068273694265904,-7.44063202444536e-16,-0.30055845365207745,0.0,0.0,0.0,0.0,0.0,0.0,0.0,0.0,1.0,0.0,0.0,0.0,0.0,0.0,0.0,0.0,0.0,1.0,0.0,0.0,0.0,1.0,-0.8367095374390239,0.0,0.0,0.0,0.0,0.0,0.0,1.0,-1.2090840228161612,-0.863145409227182,0.0,0.0,0.0,1.0,1.0,-0.4797795093738436,0.4649905549752775,0.10144650383224237,0.10144650383224237,0.16986075984413973,6.753416149068318
-0.24737502481778953,1.0,0.0,0.0,0.0,0.0,-1.2190297168005677,0.0,-0.21557245687417037,-0.3068273694265904,-7.44063202444536e-16,-0.30055845365207745,0.0,0.0,0.0,0.0,0.0,0.0,0.0,0.0,1.0,0.0,0.0,0.0,0.0,0.0,0.0,0.0,0.0,1.0,0.0,0.0,0.0,1.0,-0.8367095374390239,0.0,0.0,0.0,0.0,0.0,0.0,1.0,-1.2090840228161612,-0.863145409227182,0.0,1.0,0.0,0.0,1.0,-0.1973014164428828,0.4649905549752775,0.23234521845449066,0.23234521845449066,0.29521925419405826,1.393416149068317
-0.24737502481778953,1.0,0.0,0.0,0.0,0.0,-1.2190297168005677,0.0,-0.21557245687417037,-0.3068273694265904,-7.44063202444536e-16,-0.30055845365207745,0.0,0.0,0.0,0.0,0.0,0.0,0.0,0.0,1.0,0.0,0.0,0.0,0.0,0.0,0.0,0.0,0.0,1.0,0.0,0.0,0.0,1.0,-0.8367095374390239,0.0,0.0,0.0,0.0,0.0,0.0,1.0,-1.2090840228161612,-0.863145409227182,0.0,1.0,0.0,0.0,1.0,-0.3307419879501465,0.4649905549752775,0.6250413623212355,0.6250413623212355,0.6712947372438139,2.653416149068317
-0.24737502481778953,1.0,0.0,0.0,0.0,0.0,-1.2190297168005677,0.0,-0.21557245687417037,-0.3068273694265904,-7.44063202444536e-16,-0.30055845365207745,0.0,0.0,0.0,0.0,0.0,0.0,0.0,0.0,1.0,0.0,0.0,0.0,0.0,0.0,0.0,0.0,0.0,1.0,0.0,0.0,0.0,1.0,-0.8367095374390239,0.0,0.0,0.0,0.0,0.0,0.0,1.0,-1.2090840228161612,-0.863145409227182,0.0,1.0,0.0,0.0,0.0,-0.5005754425957548,0.4649905549752775,-1.0766419277679922,-1.0766419277679922,-0.9583656893051273,4.865223670324827
-0.24737502481778953,1.0,0.0,0.0,0.0,0.0,-1.2190297168005677,0.0,-0.21557245687417037,-0.3068273694265904,-7.44063202444536e-16,-0.30055845365207745,0.0,0.0,0.0,0.0,0.0,0.0,0.0,0.0,1.0,0.0,0.0,0.0,0.0,0.0,0.0,0.0,0.0,1.0,0.0,0.0,0.0,1.0,-0.8367095374390239,0.0,0.0,0.0,0.0,0.0,0.0,1.0,-1.2090840228161612,-0.863145409227182,0.0,1.0,0.0,0.0,0.0,-0.34633893786657993,0.4649905549752775,-0.7493951412123715,-0.7493951412123715,-0.6449694534303309,1.6734161490683173
0.09967150825540015,0.0,0.0,1.0,0.0,0.0,-0.33425008363886527,1.0,-0.19913670794979524,-0.2901778222484033,-7.44063202444536e-16,-0.3042706954691409,0.0,0.0,0.0,0.0,0.0,0.0,0.0,0.0,0.0,0.0,0.0,0.0,0.0,0.0,1.0,0.0,0.0,1.0,0.0,0.0,0.0,1.0,1.480332258545965,0.0,0.0,0.0,0.0,0.0,0.0,1.0,0.4548890841754974,0.634128678846883,0.0,1.0,0.0,0.0,0.0,-0.36713487108849113,0.4649905549752775,0.10144650383224237,0.10144650383224237,0.16986075984413973,46.530000000000015
0.09967150825540015,0.0,0.0,1.0,0.0,0.0,-0.33425008363886527,1.0,-0.19913670794979524,-0.2901778222484033,-7.44063202444536e-16,-0.3042706954691409,0.0,0.0,0.0,0.0,0.0,0.0,0.0,0.0,0.0,0.0,0.0,0.0,0.0,0.0,1.0,0.0,0.0,1.0,0.0,0.0,0.0,1.0,1.480332258545965,0.0,0.0,0.0,0.0,0.0,0.0,1.0,0.4548890841754974,0.634128678846883,0.0,1.0,0.0,0.0,0.0,-0.37060085995880965,-3.0224386073393013,-0.9457432131457438,-0.9457432131457438,-1.2090826780049644,49.792791256464746
0.09967150825540015,0.0,0.0,1.0,0.0,0.0,-0.33425008363886527,1.0,-0.19913670794979524,-0.2901778222484033,-7.44063202444536e-16,-0.3042706954691409,0.0,0.0,0.0,0.0,0.0,0.0,0.0,0.0,0.0,0.0,0.0,0.0,0.0,0.0,1.0,0.0,0.0,1.0,0.0,0.0,0.0,1.0,1.480332258545965,0.0,0.0,0.0,0.0,0.0,0.0,1.0,0.4548890841754974,0.634128678846883,0.0,1.0,0.0,0.0,0.0,-0.37753283769944673,-1.859962219901108,-0.9457432131457438,-0.9457432131457438,-1.0837241836550457,49.06283952473471
0.09967150825540015,0.0,0.0,1.0,0.0,0.0,-0.33425008363886527,1.0,-0.19913670794979524,-0.2901778222484033,-7.44063202444536e-16,-0.3042706954691409,0.0,0.0,0.0,0.0,0.0,0.0,0.0,0.0,0.0,0.0,0.0,0.0,0.0,0.0,1.0,0.0,0.0,1.0,0.0,0.0,0.0,1.0,1.480332258545965,0.0,0.0,0.0,0.0,0.0,0.0,1.0,0.4548890841754974,0.634128678846883,0.0,1.0,0.0,0.0,0.0,-0.3740668488291282,-0.6974858324629155,-0.9457432131457438,-0.9457432131457438,-0.9583656893051273,48.37593061482929
0.09967150825540015,0.0,0.0,1.0,0.0,0.0,-0.33425008363886527,1.0,-0.19913670794979524,-0.2901778222484033,-7.44063202444536e-16,-0.3042706954691409,0.0,0.0,0.0,0.0,0.0,0.0,0.0,0.0,0.0,0.0,0.0,0.0,0.0,0.0,1.0,0.0,0.0,1.0,0.0,0.0,0.0,1.0,1.480332258545965,0.0,0.0,0.0,0.0,0.0,0.0,1.0,0.4548890841754974,0.634128678846883,0.0,1.0,0.0,0.0,0.0,-0.3740668488291282,0.4649905549752775,-0.9457432131457438,-0.9457432131457438,-0.8330071949552087,47.28837589312822
0.09967150825540015,0.0,0.0,1.0,0.0,0.0,-0.33425008363886527,1.0,-0.19913670794979524,-0.2901778222484033,-7.44063202444536e-16,-0.3042706954691409,0.0,0.0,0.0,0.0,0.0,0.0,0.0,0.0,0.0,0.0,0.0,0.0,0.0,0.0,1.0,0.0,0.0,1.0,0.0,0.0,0.0,1.0,1.480332258545965,0.0,0.0,0.0,0.0,0.0,0.0,1.0,0.4548890841754974,0.634128678846883,0.0,1.0,0.0,0.0,0.0,-0.48324549824416213,0.4649905549752775,-0.2912496400345025,-0.2912496400345025,-0.20621472320561596,48.500000000000014
0.09967150825540015,0.0,0.0,1.0,0.0,0.0,-0.33425008363886527,1.0,-0.19913670794979524,-0.2901778222484033,-7.44063202444536e-16,-0.3042706954691409,0.0,0.0,0.0,0.0,0.0,0.0,0.0,0.0,0.0,0.0,0.0,0.0,0.0,0.0,1.0,0.0,0.0,1.0,0.0,0.0,0.0,1.0,1.480332258545965,0.0,0.0,0.0,0.0,0.0,0.0,1.0,0.4548890841754974,0.634128678846883,0.0,1.0,0.0,0.0,1.0,0.1804913704218378,0.4649905549752775,0.23234521845449066,0.23234521845449066,0.29521925419405826,48.100000000000016
0.09967150825540015,0.0,0.0,1.0,0.0,0.0,-0.33425008363886527,1.0,-0.19913670794979524,-0.2901778222484033,-7.44063202444536e-16,-0.3042706954691409,0.0,0.0,0.0,0.0,0.0,0.0,0.0,0.0,0.0,0.0,0.0,0.0,0.0,0.0,1.0,0.0,0.0,1.0,0.0,0.0,0.0,1.0,1.480332258545965,0.0,0.0,0.0,0.0,0.0,0.0,1.0,0.4548890841754974,0.634128678846883,0.0,1.0,0.0,0.0,1.0,-0.1799714720912901,-1.859962219901108,0.23234521845449066,0.23234521845449066,-0.4067883141654856,49.40000000000001
0.09967150825540015,0.0,0.0,1.0,0.0,0.0,-0.33425008363886527,1.0,-0.19913670794979524,-0.2901778222484033,-7.44063202444536e-16,-0.3042706954691409,0.0,0.0,0.0,0.0,0.0,0.0,0.0,0.0,0.0,0.0,0.0,0.0,0.0,0.0,1.0,0.0,0.0,1.0,0.0,0.0,0.0,1.0,1.480332258545965,0.0,0.0,0.0,0.0,0.0,0.0,1.0,0.4548890841754974,0.634128678846883,0.0,1.0,0.0,0.0,1.0,3.681140129443561,0.4649905549752775,0.23234521845449066,0.23234521845449066,0.29521925419405826,46.640000000000015
0.09967150825540015,0.0,0.0,1.0,0.0,0.0,-0.33425008363886527,1.0,-0.19913670794979524,-0.2901778222484033,-7.44063202444536e-16,-0.3042706954691409,0.0,0.0,0.0,0.0,0.0,0.0,0.0,0.0,0.0,0.0,0.0,0.0,0.0,0.0,1.0,0.0,0.0,1.0,0.0,0.0,0.0,1.0,1.480332258545965,0.0,0.0,0.0,0.0,0.0,0.0,1.0,0.4548890841754974,0.634128678846883,0.0,1.0,0.0,0.0,1.0,2.0088004995148667,0.4649905549752775,3.635711798632946,3.635711798632946,3.554540107291941,47.750000000000014
0.09967150825540015,0.0,0.0,1.0,0.0,0.0,-0.33425008363886527,1.0,-0.19913670794979524,-0.2901778222484033,-7.44063202444536e-16,-0.3042706954691409,0.0,0.0,0.0,0.0,0.0,0.0,0.0,0.0,0.0,0.0,0.0,0.0,0.0,0.0,1.0,0.0,0.0,1.0,0.0,0.0,0.0,1.0,1.480332258545965,0.0,0.0,0.0,0.0,0.0,0.0,1.0,0.4548890841754974,0.634128678846883,0.0,1.0,0.0,0.0,1.0,0.07131272100680387,0.4649905549752775,0.6250413623212355,0.6250413623212355,0.6712947372438139,46.670000000000016
0.09967150825540015,0.0,0.0,1.0,0.0,0.0,-0.33425008363886527,1.0,-0.19913670794979524,-0.2901778222484033,-7.44063202444536e-16,-0.3042706954691409,0.0,0.0,0.0,0.0,0.0,0.0,0.0,0.0,0.0,0.0,0.0,0.0,0.0,0.0,1.0,0.0,0.0,1.0,0.0,0.0,0.0,1.0,1.480332258545965,0.0,0.0,0.0,0.0,0.0,0.0,1.0,0.4548890841754974,0.634128678846883,1.0,0.0,0.0,0.0,1.0,-0.2302283107109089,0.4649905549752775,-0.553047069278999,-0.553047069278999,-0.45693171190545306,47.79857613366525
0.09967150825540015,0.0,0.0,1.0,0.0,0.0,-0.33425008363886527,1.0,-0.19913670794979524,-0.2901778222484033,-7.44063202444536e-16,-0.3042706954691409,0.0,0.0,0.0,0.0,0.0,0.0,0.0,0.0,0.0,0.0,0.0,0.0,0.0,0.0,1.0,0.0,0.0,1.0,0.0,0.0,0.0,1.0,1.480332258545965,0.0,0.0,0.0,0.0,0.0,0.0,1.0,0.4548890841754974,0.634128678846883,0.0,0.0,1.0,0.0,1.0,-0.31687803246887236,0.4649905549752775,0.23234521845449066,0.23234521845449066,0.29521925419405826,48.40000000000001
0.09967150825540015,0.0,0.0,1.0,0.0,0.0,-0.33425008363886527,1.0,-0.19913670794979524,-0.2901778222484033,-7.44063202444536e-16,-0.3042706954691409,0.0,0.0,0.0,0.0,0.0,0.0,0.0,0.0,0.0,0.0,0.0,0.0,0.0,0.0,1.0,0.0,0.0,1.0,0.0,0.0,0.0,1.0,1.480332258545965,0.0,0.0,0.0,0.0,0.0,0.0,1.0,0.4548890841754974,0.634128678846883,0.0,0.0,0.0,1.0,1.0,-0.5040414314660734,0.4649905549752775,0.10144650383224237,0.10144650383224237,0.16986075984413973,49.30000000000001
0.09967150825540015,0.0,0.0,1.0,0.0,0.0,-0.33425008363886527,1.0,-0.19913670794979524,-0.2901778222484033,-7.44063202444536e-16,-0.3042706954691409,0.0,0.0,0.0,0.0,0.0,0.0,0.0,0.0,0.0,0.0,0.0,0.0,0.0,0.0,1.0,0.0,0.0,1.0,0.0,0.0,0.0,1.0,1.480332258545965,0.0,0.0,0.0,0.0,0.0,0.0,1.0,0.4548890841754974,0.634128678846883,0.0,0.0,0.0,1.0,1.0,-0.5092404147715511,0.4649905549752775,0.10144650383224237,0.10144650383224237,0.16986075984413973,53.40000000000001
0.09967150825540015,0.0,0.0,1.0,0.0,0.0,-0.33425008363886527,1.0,-0.19913670794979524,-0.2901778222484033,-7.44063202444536e-16,-0.3042706954691409,0.0,0.0,0.0,0.0,0.0,0.0,0.0,0.0,0.0,0.0,0.0,0.0,0.0,0.0,1.0,0.0,0.0,1.0,0.0,0.0,0.0,1.0,1.480332258545965,0.0,0.0,0.0,0.0,0.0,0.0,1.0,0.4548890841754974,0.634128678846883,0.0,0.0,0.0,1.0,1.0,-0.4797795093738436,0.4649905549752775,0.10144650383224237,0.10144650383224237,0.16986075984413973,51.30000000000001
0.09967150825540015,0.0,0.0,1.0,0.0,0.0,-0.33425008363886527,1.0,-0.19913670794979524,-0.2901778222484033,-7.44063202444536e-16,-0.3042706954691409,0.0,0.0,0.0,0.0,0.0,0.0,0.0,0.0,0.0,0.0,0.0,0.0,0.0,0.0,1.0,0.0,0.0,1.0,0.0,0.0,0.0,1.0,1.480332258545965,0.0,0.0,0.0,0.0,0.0,0.0,1.0,0.4548890841754974,0.634128678846883,0.0,1.0,0.0,0.0,1.0,-0.1973014164428828,0.4649905549752775,0.23234521845449066,0.23234521845449066,0.29521925419405826,45.94000000000001
0.09967150825540015,0.0,0.0,1.0,0.0,0.0,-0.33425008363886527,1.0,-0.19913670794979524,-0.2901778222484033,-7.44063202444536e-16,-0.3042706954691409,0.0,0.0,0.0,0.0,0.0,0.0,0.0,0.0,0.0,0.0,0.0,0.0,0.0,0.0,1.0,0.0,0.0,1.0,0.0,0.0,0.0,1.0,1.480332258545965,0.0,0.0,0.0,0.0,0.0,0.0,1.0,0.4548890841754974,0.634128678846883,0.0,1.0,0.0,0.0,1.0,-0.3307419879501465,0.4649905549752775,0.6250413623212355,0.6250413623212355,0.6712947372438139,47.20000000000002
0.09967150825540015,0.0,0.0,1.0,0.0,0.0,-0.33425008363886527,1.0,-0.19913670794979524,-0.2901778222484033,-7.44063202444536e-16,-0.3042706954691409,0.0,0.0,0.0,0.0,0.0,0.0,0.0,0.0,0.0,0.0,0.0,0.0,0.0,0.0,1.0,0.0,0.0,1.0,0.0,0.0,0.0,1.0,1.480332258545965,0.0,0.0,0.0,0.0,0.0,0.0,1.0,0.4548890841754974,0.634128678846883,0.0,1.0,0.0,0.0,0.0,-0.5005754425957548,0.4649905549752775,-1.0766419277679922,-1.0766419277679922,-0.9583656893051273,49.41180752125653
0.09967150825540015,0.0,0.0,1.0,0.0,0.0,-0.33425008363886527,1.0,-0.19913670794979524,-0.2901778222484033,-7.44063202444536e-16,-0.3042706954691409,0.0,0.0,0.0,0.0,0.0,0.0,0.0,0.0,0.0,0.0,0.0,0.0,0.0,0.0,1.0,0.0,0.0,1.0,0.0,0.0,0.0,1.0,1.480332258545965,0.0,0.0,0.0,0.0,0.0,0.0,1.0,0.4548890841754974,0.634128678846883,0.0,1.0,0.0,0.0,0.0,-0.34633893786657993,0.4649905549752775,-0.7493951412123715,-0.7493951412123715,-0.6449694534303309,46.22000000000001
-0.5076307727139037,1.0,0.0,0.0,0.0,0.0,-1.1482473461476315,1.0,-0.19091883348760766,-0.1320071240556261,-7.44063202444536e-16,-0.28815238099892343,1.0,0.0,0.0,0.0,0.0,0.0,0.0,0.0,0.0,0.0,0.0,0.0,0.0,0.0,0.0,0.0,0.0,1.0,0.0,0.0,0.0,1.0,-0.25744908844277664,0.0,0.0,0.0,0.0,1.0,0.0,0.0,-1.146292584816476,-0.8871784440805086,0.0,1.0,0.0,0.0,0.0,-0.36713487108849113,0.4649905549752775,0.10144650383224237,0.10144650383224237,0.16986075984413973,3.0238366718027647
-0.5076307727139037,1.0,0.0,0.0,0.0,0.0,-1.1482473461476315,1.0,-0.19091883348760766,-0.1320071240556261,-7.44063202444536e-16,-0.28815238099892343,1.0,0.0,0.0,0.0,0.0,0.0,0.0,0.0,0.0,0.0,0.0,0.0,0.0,0.0,0.0,0.0,0.0,1.0,0.0,0.0,0.0,1.0,-0.25744908844277664,0.0,0.0,0.0,0.0,1.0,0.0,0.0,-1.146292584816476,-0.8871784440805086,0.0,1.0,0.0,0.0,0.0,-0.37060085995880965,-3.0224386073393013,-0.9457432131457438,-0.9457432131457438,-1.2090826780049644,6.286627928267496
-0.5076307727139037,1.0,0.0,0.0,0.0,0.0,-1.1482473461476315,1.0,-0.19091883348760766,-0.1320071240556261,-7.44063202444536e-16,-0.28815238099892343,1.0,0.0,0.0,0.0,0.0,0.0,0.0,0.0,0.0,0.0,0.0,0.0,0.0,0.0,0.0,0.0,0.0,1.0,0.0,0.0,0.0,1.0,-0.25744908844277664,0.0,0.0,0.0,0.0,1.0,0.0,0.0,-1.146292584816476,-0.8871784440805086,0.0,1.0,0.0,0.0,0.0,-0.37753283769944673,-1.859962219901108,-0.9457432131457438,-0.9457432131457438,-1.0837241836550457,5.556676196537459
-0.5076307727139037,1.0,0.0,0.0,0.0,0.0,-1.1482473461476315,1.0,-0.19091883348760766,-0.1320071240556261,-7.44063202444536e-16,-0.28815238099892343,1.0,0.0,0.0,0.0,0.0,0.0,0.0,0.0,0.0,0.0,0.0,0.0,0.0,0.0,0.0,0.0,0.0,1.0,0.0,0.0,0.0,1.0,-0.25744908844277664,0.0,0.0,0.0,0.0,1.0,0.0,0.0,-1.146292584816476,-0.8871784440805086,0.0,1.0,0.0,0.0,0.0,-0.3740668488291282,-0.6974858324629155,-0.9457432131457438,-0.9457432131457438,-0.9583656893051273,4.869767286632034
-0.5076307727139037,1.0,0.0,0.0,0.0,0.0,-1.1482473461476315,1.0,-0.19091883348760766,-0.1320071240556261,-7.44063202444536e-16,-0.28815238099892343,1.0,0.0,0.0,0.0,0.0,0.0,0.0,0.0,0.0,0.0,0.0,0.0,0.0,0.0,0.0,0.0,0.0,1.0,0.0,0.0,0.0,1.0,-0.25744908844277664,0.0,0.0,0.0,0.0,1.0,0.0,0.0,-1.146292584816476,-0.8871784440805086,0.0,1.0,0.0,0.0,0.0,-0.3740668488291282,0.4649905549752775,-0.9457432131457438,-0.9457432131457438,-0.8330071949552087,3.782212564930971
-0.5076307727139037,1.0,0.0,0.0,0.0,0.0,-1.1482473461476315,1.0,-0.19091883348760766,-0.1320071240556261,-7.44063202444536e-16,-0.28815238099892343,1.0,0.0,0.0,0.0,0.0,0.0,0.0,0.0,0.0,0.0,0.0,0.0,0.0,0.0,0.0,0.0,0.0,1.0,0.0,0.0,0.0,1.0,-0.25744908844277664,0.0,0.0,0.0,0.0,1.0,0.0,0.0,-1.146292584816476,-0.8871784440805086,0.0,1.0,0.0,0.0,0.0,-0.48324549824416213,0.4649905549752775,-0.2912496400345025,-0.2912496400345025,-0.20621472320561596,4.9938366718027645
-0.5076307727139037,1.0,0.0,0.0,0.0,0.0,-1.1482473461476315,1.0,-0.19091883348760766,-0.1320071240556261,-7.44063202444536e-16,-0.28815238099892343,1.0,0.0,0.0,0.0,0.0,0.0,0.0,0.0,0.0,0.0,0.0,0.0,0.0,0.0,0.0,0.0,0.0,1.0,0.0,0.0,0.0,1.0,-0.25744908844277664,0.0,0.0,0.0,0.0,1.0,0.0,0.0,-1.146292584816476,-0.8871784440805086,0.0,1.0,0.0,0.0,1.0,0.1804913704218378,0.4649905549752775,0.23234521845449066,0.23234521845449066,0.29521925419405826,4.593836671802764
-0.5076307727139037,1.0,0.0,0.0,0.0,0.0,-1.1482473461476315,1.0,-0.19091883348760766,-0.1320071240556261,-7.44063202444536e-16,-0.28815238099892343,1.0,0.0,0.0,0.0,0.0,0.0,0.0,0.0,0.0,0.0,0.0,0.0,0.0,0.0,0.0,0.0,0.0,1.0,0.0,0.0,0.0,1.0,-0.25744908844277664,0.0,0.0,0.0,0.0,1.0,0.0,0.0,-1.146292584816476,-0.8871784440805086,0.0,1.0,0.0,0.0,1.0,-0.1799714720912901,-1.859962219901108,0.23234521845449066,0.23234521845449066,-0.4067883141654856,5.893836671802765
-0.5076307727139037,1.0,0.0,0.0,0.0,0.0,-1.1482473461476315,1.0,-0.19091883348760766,-0.1320071240556261,-7.44063202444536e-16,-0.28815238099892343,1.0,0.0,0.0,0.0,0.0,0.0,0.0,0.0,0.0,0.0,0.0,0.0,0.0,0.0,0.0,0.0,0.0,1.0,0.0,0.0,0.0,1.0,-0.25744908844277664,0.0,0.0,0.0,0.0,1.0,0.0,0.0,-1.146292584816476,-0.8871784440805086,0.0,1.0,0.0,0.0,1.0,3.681140129443561,0.4649905549752775,0.23234521845449066,0.23234521845449066,0.29521925419405826,3.133836671802764
-0.5076307727139037,1.0,0.0,0.0,0.0,0.0,-1.1482473461476315,1.0,-0.19091883348760766,-0.1320071240556261,-7.44063202444536e-16,-0.28815238099892343,1.0,0.0,0.0,0.0,0.0,0.0,0.0,0.0,0.0,0.0,0.0,0.0,0.0,0.0,0.0,0.0,0.0,1.0,0.0,0.0,0.0,1.0,-0.25744908844277664,0.0,0.0,0.0,0.0,1.0,0.0,0.0,-1.146292584816476,-0.8871784440805086,0.0,1.0,0.0,0.0,1.0,2.0088004995148667,0.4649905549752775,3.635711798632946,3.635711798632946,3.554540107291941,4.2438366718027645
-0.5076307727139037,1.0,0.0,0.0,0.0,0.0,-1.1482473461476315,1.0,-0.19091883348760766,-0.1320071240556261,-7.44063202444536e-16,-0.28815238099892343,1.0,0.0,0.0,0.0,0.0,0.0,0.0,0.0,0.0,0.0,0.0,0.0,0.0,0.0,0.0,0.0,0.0,1.0,0.0,0.0,0.0,1.0,-0.25744908844277664,0.0,0.0,0.0,0.0,1.0,0.0,0.0,-1.146292584816476,-0.8871784440805086,0.0,1.0,0.0,0.0,1.0,0.07131272100680387,0.4649905549752775,0.6250413623212355,0.6250413623212355,0.6712947372438139,3.1638366718027644
-0.5076307727139037,1.0,0.0,0.0,0.0,0.0,-1.1482473461476315,1.0,-0.19091883348760766,-0.1320071240556261,-7.44063202444536e-16,-0.28815238099892343,1.0,0.0,0.0,0.0,0.0,0.0,0.0,0.0,0.0,0.0,0.0,0.0,0.0,0.0,0.0,0.0,0.0,1.0,0.0,0.0,0.0,1.0,-0.25744908844277664,0.0,0.0,0.0,0.0,1.0,0.0,0.0,-1.146292584816476,-0.8871784440805086,1.0,0.0,0.0,0.0,1.0,-0.2302283107109089,0.4649905549752775,-0.553047069278999,-0.553047069278999,-0.45693171190545306,4.292412805468
-0.5076307727139037,1.0,0.0,0.0,0.0,0.0,-1.1482473461476315,1.0,-0.19091883348760766,-0.1320071240556261,-7.44063202444536e-16,-0.28815238099892343,1.0,0.0,0.0,0.0,0.0,0.0,0.0,0.0,0.0,0.0,0.0,0.0,0.0,0.0,0.0,0.0,0.0,1.0,0.0,0.0,0.0,1.0,-0.25744908844277664,0.0,0.0,0.0,0.0,1.0,0.0,0.0,-1.146292584816476,-0.8871784440805086,0.0,0.0,1.0,0.0,1.0,-0.31687803246887236,0.4649905549752775,0.23234521845449066,0.23234521845449066,0.29521925419405826,4.893836671802765
-0.5076307727139037,1.0,0.0,0.0,0.0,0.0,-1.1482473461476315,1.0,-0.19091883348760766,-0.1320071240556261,-7.44063202444536e-16,-0.28815238099892343,1.0,0.0,0.0,0.0,0.0,0.0,0.0,0.0,0.0,0.0,0.0,0.0,0.0,0.0,0.0,0.0,0.0,1.0,0.0,0.0,0.0,1.0,-0.25744908844277664,0.0,0.0,0.0,0.0,1.0,0.0,0.0,-1.146292584816476,-0.8871784440805086,0.0,0.0,0.0,1.0,1.0,-0.5040414314660734,0.4649905549752775,0.10144650383224237,0.10144650383224237,0.16986075984413973,5.793836671802765
-0.5076307727139037,1.0,0.0,0.0,0.0,0.0,-1.1482473461476315,1.0,-0.19091883348760766,-0.1320071240556261,-7.44063202444536e-16,-0.28815238099892343,1.0,0.0,0.0,0.0,0.0,0.0,0.0,0.0,0.0,0.0,0.0,0.0,0.0,0.0,0.0,0.0,0.0,1.0,0.0,0.0,0.0,1.0,-0.25744908844277664,0.0,0.0,0.0,0.0,1.0,0.0,0.0,-1.146292584816476,-0.8871784440805086,0.0,0.0,0.0,1.0,1.0,-0.5092404147715511,0.4649905549752775,0.10144650383224237,0.10144650383224237,0.16986075984413973,9.893836671802765
-0.5076307727139037,1.0,0.0,0.0,0.0,0.0,-1.1482473461476315,1.0,-0.19091883348760766,-0.1320071240556261,-7.44063202444536e-16,-0.28815238099892343,1.0,0.0,0.0,0.0,0.0,0.0,0.0,0.0,0.0,0.0,0.0,0.0,0.0,0.0,0.0,0.0,0.0,1.0,0.0,0.0,0.0,1.0,-0.25744908844277664,0.0,0.0,0.0,0.0,1.0,0.0,0.0,-1.146292584816476,-0.8871784440805086,0.0,0.0,0.0,1.0,1.0,-0.4797795093738436,0.4649905549752775,0.10144650383224237,0.10144650383224237,0.16986075984413973,7.793836671802765
-0.5076307727139037,1.0,0.0,0.0,0.0,0.0,-1.1482473461476315,1.0,-0.19091883348760766,-0.1320071240556261,-7.44063202444536e-16,-0.28815238099892343,1.0,0.0,0.0,0.0,0.0,0.0,0.0,0.0,0.0,0.0,0.0,0.0,0.0,0.0,0.0,0.0,0.0,1.0,0.0,0.0,0.0,1.0,-0.25744908844277664,0.0,0.0,0.0,0.0,1.0,0.0,0.0,-1.146292584816476,-0.8871784440805086,0.0,1.0,0.0,0.0,1.0,-0.1973014164428828,0.4649905549752775,0.23234521845449066,0.23234521845449066,0.29521925419405826,2.433836671802764
-0.5076307727139037,1.0,0.0,0.0,0.0,0.0,-1.1482473461476315,1.0,-0.19091883348760766,-0.1320071240556261,-7.44063202444536e-16,-0.28815238099892343,1.0,0.0,0.0,0.0,0.0,0.0,0.0,0.0,0.0,0.0,0.0,0.0,0.0,0.0,0.0,0.0,0.0,1.0,0.0,0.0,0.0,1.0,-0.25744908844277664,0.0,0.0,0.0,0.0,1.0,0.0,0.0,-1.146292584816476,-0.8871784440805086,0.0,1.0,0.0,0.0,1.0,-0.3307419879501465,0.4649905549752775,0.6250413623212355,0.6250413623212355,0.6712947372438139,3.693836671802764
-0.5076307727139037,1.0,0.0,0.0,0.0,0.0,-1.1482473461476315,1.0,-0.19091883348760766,-0.1320071240556261,-7.44063202444536e-16,-0.28815238099892343,1.0,0.0,0.0,0.0,0.0,0.0,0.0,0.0,0.0,0.0,0.0,0.0,0.0,0.0,0.0,0.0,0.0,1.0,0.0,0.0,0.0,1.0,-0.25744908844277664,0.0,0.0,0.0,0.0,1.0,0.0,0.0,-1.146292584816476,-0.8871784440805086,0.0,1.0,0.0,0.0,0.0,-0.5005754425957548,0.4649905549752775,-1.0766419277679922,-1.0766419277679922,-0.9583656893051273,5.905644193059274
-0.5076307727139037,1.0,0.0,0.0,0.0,0.0,-1.1482473461476315,1.0,-0.19091883348760766,-0.1320071240556261,-7.44063202444536e-16,-0.28815238099892343,1.0,0.0,0.0,0.0,0.0,0.0,0.0,0.0,0.0,0.0,0.0,0.0,0.0,0.0,0.0,0.0,0.0,1.0,0.0,0.0,0.0,1.0,-0.25744908844277664,0.0,0.0,0.0,0.0,1.0,0.0,0.0,-1.146292584816476,-0.8871784440805086,0.0,1.0,0.0,0.0,0.0,-0.34633893786657993,0.4649905549752775,-0.7493951412123715,-0.7493951412123715,-0.6449694534303309,2.713836671802764
-0.5076307727139037,1.0,0.0,0.0,0.0,0.0,-0.5465971955976738,1.0,-0.19091883348760766,-0.1320071240556261,-7.44063202444536e-16,-0.28815238099892343,1.0,0.0,0.0,0.0,0.0,0.0,0.0,0.0,0.0,0.0,0.0,0.0,0.0,0.0,0.0,0.0,0.0,1.0,0.0,0.0,0.0,1.0,-0.25744908844277664,0.0,0.0,0.0,0.0,1.0,0.0,0.0,-0.6125653618191514,-0.8287788754409441,0.0,1.0,0.0,0.0,0.0,-0.36713487108849113,0.4649905549752775,0.10144650383224237,0.10144650383224237,0.16986075984413973,18.066209553158707
-0.5076307727139037,1.0,0.0,0.0,0.0,0.0,-0.5465971955976738,1.0,-0.19091883348760766,-0.1320071240556261,-7.44063202444536e-16,-0.28815238099892343,1.0,0.0,0.0,0.0,0.0,0.0,0.0,0.0,0.0,0.0,0.0,0.0,0.0,0.0,0.0,0.0,0.0,1.0,0.0,0.0,0.0,1.0,-0.25744908844277664,0.0,0.0,0.0,0.0,1.0,0.0,0.0,-0.6125653618191514,-0.8287788754409441,0.0,1.0,0.0,0.0,0.0,-0.37060085995880965,-3.0224386073393013,-0.9457432131457438,-0.9457432131457438,-1.2090826780049644,21.32900080962344
-0.5076307727139037,1.0,0.0,0.0,0.0,0.0,-0.5465971955976738,1.0,-0.19091883348760766,-0.1320071240556261,-7.44063202444536e-16,-0.28815238099892343,1.0,0.0,0.0,0.0,0.0,0.0,0.0,0.0,0.0,0.0,0.0,0.0,0.0,0.0,0.0,0.0,0.0,1.0,0.0,0.0,0.0,1.0,-0.25744908844277664,0.0,0.0,0.0,0.0,1.0,0.0,0.0,-0.6125653618191514,-0.8287788754409441,0.0,1.0,0.0,0.0,0.0,-0.37753283769944673,-1.859962219901108,-0.9457432131457438,-0.9457432131457438,-1.0837241836550457,20.5990490778934
-0.5076307727139037,1.0,0.0,0.0,0.0,0.0,-0.5465971955976738,1.0,-0.19091883348760766,-0.1320071240556261,-7.44063202444536e-16,-0.28815238099892343,1.0,0.0,0.0,0.0,0.0,0.0,0.0,0.0,0.0,0.0,0.0,0.0,0.0,0.0,0.0,0.0,0.0,1.0,0.0,0.0,0.0,1.0,-0.25744908844277664,0.0,0.0,0.0,0.0,1.0,0.0,0.0,-0.6125653618191514,-0.8287788754409441,0.0,1.0,0.0,0.0,0.0,-0.3740668488291282,-0.6974858324629155,-0.9457432131457438,-0.9457432131457438,-0.9583656893051273,19.91214016798797
-0.5076307727139037,1.0,0.0,0.0,0.0,0.0,-0.5465971955976738,1.0,-0.19091883348760766,-0.1320071240556261,-7.44063202444536e-16,-0.28815238099892343,1.0,0.0,0.0,0.0,0.0,0.0,0.0,0.0,0.0,0.0,0.0,0.0,0.0,0.0,0.0,0.0,0.0,1.0,0.0,0.0,0.0,1.0,-0.25744908844277664,0.0,0.0,0.0,0.0,1.0,0.0,0.0,-0.6125653618191514,-0.8287788754409441,0.0,1.0,0.0,0.0,0.0,-0.3740668488291282,0.4649905549752775,-0.9457432131457438,-0.9457432131457438,-0.8330071949552087,18.82458544628691
-0.5076307727139037,1.0,0.0,0.0,0.0,0.0,-0.5465971955976738,1.0,-0.19091883348760766,-0.1320071240556261,-7.44063202444536e-16,-0.28815238099892343,1.0,0.0,0.0,0.0,0.0,0.0,0.0,0.0,0.0,0.0,0.0,0.0,0.0,0.0,0.0,0.0,0.0,1.0,0.0,0.0,0.0,1.0,-0.25744908844277664,0.0,0.0,0.0,0.0,1.0,0.0,0.0,-0.6125653618191514,-0.8287788754409441,0.0,1.0,0.0,0.0,0.0,-0.48324549824416213,0.4649905549752775,-0.2912496400345025,-0.2912496400345025,-0.20621472320561596,20.036209553158702
-0.5076307727139037,1.0,0.0,0.0,0.0,0.0,-0.5465971955976738,1.0,-0.19091883348760766,-0.1320071240556261,-7.44063202444536e-16,-0.28815238099892343,1.0,0.0,0.0,0.0,0.0,0.0,0.0,0.0,0.0,0.0,0.0,0.0,0.0,0.0,0.0,0.0,0.0,1.0,0.0,0.0,0.0,1.0,-0.25744908844277664,0.0,0.0,0.0,0.0,1.0,0.0,0.0,-0.6125653618191514,-0.8287788754409441,0.0,1.0,0.0,0.0,1.0,0.1804913704218378,0.4649905549752775,0.23234521845449066,0.23234521845449066,0.29521925419405826,19.636209553158707
-0.5076307727139037,1.0,0.0,0.0,0.0,0.0,-0.5465971955976738,1.0,-0.19091883348760766,-0.1320071240556261,-7.44063202444536e-16,-0.28815238099892343,1.0,0.0,0.0,0.0,0.0,0.0,0.0,0.0,0.0,0.0,0.0,0.0,0.0,0.0,0.0,0.0,0.0,1.0,0.0,0.0,0.0,1.0,-0.25744908844277664,0.0,0.0,0.0,0.0,1.0,0.0,0.0,-0.6125653618191514,-0.8287788754409441,0.0,1.0,0.0,0.0,1.0,-0.1799714720912901,-1.859962219901108,0.23234521845449066,0.23234521845449066,-0.4067883141654856,20.936209553158704
-0.5076307727139037,1.0,0.0,0.0,0.0,0.0,-0.5465971955976738,1.0,-0.19091883348760766,-0.1320071240556261,-7.44063202444536e-16,-0.28815238099892343,1.0,0.0,0.0,0.0,0.0,0.0,0.0,0.0,0.0,0.0,0.0,0.0,0.0,0.0,0.0,0.0,0.0,1.0,0.0,0.0,0.0,1.0,-0.25744908844277664,0.0,0.0,0.0,0.0,1.0,0.0,0.0,-0.6125653618191514,-0.8287788754409441,0.0,1.0,0.0,0.0,1.0,3.681140129443561,0.4649905549752775,0.23234521845449066,0.23234521845449066,0.29521925419405826,18.176209553158703
-0.5076307727139037,1.0,0.0,0.0,0.0,0.0,-0.5465971955976738,1.0,-0.19091883348760766,-0.1320071240556261,-7.44063202444536e-16,-0.28815238099892343,1.0,0.0,0.0,0.0,0.0,0.0,0.0,0.0,0.0,0.0,0.0,0.0,0.0,0.0,0.0,0.0,0.0,1.0,0.0,0.0,0.0,1.0,-0.25744908844277664,0.0,0.0,0.0,0.0,1.0,0.0,0.0,-0.6125653618191514,-0.8287788754409441,0.0,1.0,0.0,0.0,1.0,2.0088004995148667,0.4649905549752775,3.635711798632946,3.635711798632946,3.554540107291941,19.286209553158702
-0.5076307727139037,1.0,0.0,0.0,0.0,0.0,-0.5465971955976738,1.0,-0.19091883348760766,-0.1320071240556261,-7.44063202444536e-16,-0.28815238099892343,1.0,0.0,0.0,0.0,0.0,0.0,0.0,0.0,0.0,0.0,0.0,0.0,0.0,0.0,0.0,0.0,0.0,1.0,0.0,0.0,0.0,1.0,-0.25744908844277664,0.0,0.0,0.0,0.0,1.0,0.0,0.0,-0.6125653618191514,-0.8287788754409441,0.0,1.0,0.0,0.0,1.0,0.07131272100680387,0.4649905549752775,0.6250413623212355,0.6250413623212355,0.6712947372438139,18.206209553158708
-0.5076307727139037,1.0,0.0,0.0,0.0,0.0,-0.5465971955976738,1.0,-0.19091883348760766,-0.1320071240556261,-7.44063202444536e-16,-0.28815238099892343,1.0,0.0,0.0,0.0,0.0,0.0,0.0,0.0,0.0,0.0,0.0,0.0,0.0,0.0,0.0,0.0,0.0,1.0,0.0,0.0,0.0,1.0,-0.25744908844277664,0.0,0.0,0.0,0.0,1.0,0.0,0.0,-0.6125653618191514,-0.8287788754409441,1.0,0.0,0.0,0.0,1.0,-0.2302283107109089,0.4649905549752775,-0.553047069278999,-0.553047069278999,-0.45693171190545306,19.334785686823945
-0.5076307727139037,1.0,0.0,0.0,0.0,0.0,-0.5465971955976738,1.0,-0.19091883348760766,-0.1320071240556261,-7.44063202444536e-16,-0.28815238099892343,1.0,0.0,0.0,0.0,0.0,0.0,0.0,0.0,0.0,0.0,0.0,0.0,0.0,0.0,0.0,0.0,0.0,1.0,0.0,0.0,0.0,1.0,-0.25744908844277664,0.0,0.0,0.0,0.0,1.0,0.0,0.0,-0.6125653618191514,-0.8287788754409441,0.0,0.0,1.0,0.0,1.0,-0.31687803246887236,0.4649905549752775,0.23234521845449066,0.23234521845449066,0.29521925419405826,19.936209553158704
-0.5076307727139037,1.0,0.0,0.0,0.0,0.0,-0.5465971955976738,1.0,-0.19091883348760766,-0.1320071240556261,-7.44063202444536e-16,-0.28815238099892343,1.0,0.0,0.0,0.0,0.0,0.0,0.0,0.0,0.0,0.0,0.0,0.0,0.0,0.0,0.0,0.0,0.0,1.0,0.0,0.0,0.0,1.0,-0.25744908844277664,0.0,0.0,0.0,0.0,1.0,0.0,0.0,-0.6125653618191514,-0.8287788754409441,0.0,0.0,0.0,1.0,1.0,-0.5040414314660734,0.4649905549752775,0.10144650383224237,0.10144650383224237,0.16986075984413973,20.836209553158707
-0.5076307727139037,1.0,0.0,0.0,0.0,0.0,-0.5465971955976738,1.0,-0.19091883348760766,-0.1320071240556261,-7.44063202444536e-16,-0.28815238099892343,1.0,0.0,0.0,0.0,0.0,0.0,0.0,0.0,0.0,0.0,0.0,0.0,0.0,0.0,0.0,0.0,0.0,1.0,0.0,0.0,0.0,1.0,-0.25744908844277664,0.0,0.0,0.0,0.0,1.0,0.0,0.0,-0.6125653618191514,-0.8287788754409441,0.0,0.0,0.0,1.0,1.0,-0.5092404147715511,0.4649905549752775,0.10144650383224237,0.10144650383224237,0.16986075984413973,24.936209553158704
-0.5076307727139037,1.0,0.0,0.0,0.0,0.0,-0.5465971955976738,1.0,-0.19091883348760766,-0.1320071240556261,-7.44063202444536e-16,-0.28815238099892343,1.0,0.0,0.0,0.0,0.0,0.0,0.0,0.0,0.0,0.0,0.0,0.0,0.0,0.0,0.0,0.0,0.0,1.0,0.0,0.0,0.0,1.0,-0.25744908844277664,0.0,0.0,0.0,0.0,1.0,0.0,0.0,-0.6125653618191514,-0.8287788754409441,0.0,0.0,0.0,1.0,1.0,-0.4797795093738436,0.4649905549752775,0.10144650383224237,0.10144650383224237,0.16986075984413973,22.836209553158707
-0.5076307727139037,1.0,0.0,0.0,0.0,0.0,-0.5465971955976738,1.0,-0.19091883348760766,-0.1320071240556261,-7.44063202444536e-16,-0.28815238099892343,1.0,0.0,0.0,0.0,0.0,0.0,0.0,0.0,0.0,0.0,0.0,0.0,0.0,0.0,0.0,0.0,0.0,1.0,0.0,0.0,0.0,1.0,-0.25744908844277664,0.0,0.0,0.0,0.0,1.0,0.0,0.0,-0.6125653618191514,-0.8287788754409441,0.0,1.0,0.0,0.0,1.0,-0.1973014164428828,0.4649905549752775,0.23234521845449066,0.23234521845449066,0.29521925419405826,17.476209553158704
-0.5076307727139037,1.0,0.0,0.0,0.0,0.0,-0.5465971955976738,1.0,-0.19091883348760766,-0.1320071240556261,-7.44063202444536e-16,-0.28815238099892343,1.0,0.0,0.0,0.0,0.0,0.0,0.0,0.0,0.0,0.0,0.0,0.0,0.0,0.0,0.0,0.0,0.0,1.0,0.0,0.0,0.0,1.0,-0.25744908844277664,0.0,0.0,0.0,0.0,1.0,0.0,0.0,-0.6125653618191514,-0.8287788754409441,0.0,1.0,0.0,0.0,1.0,-0.3307419879501465,0.4649905549752775,0.6250413623212355,0.6250413623212355,0.6712947372438139,18.736209553158705
-0.5076307727139037,1.0,0.0,0.0,0.0,0.0,-0.5465971955976738,1.0,-0.19091883348760766,-0.1320071240556261,-7.44063202444536e-16,-0.28815238099892343,1.0,0.0,0.0,0.0,0.0,0.0,0.0,0.0,0.0,0.0,0.0,0.0,0.0,0.0,0.0,0.0,0.0,1.0,0.0,0.0,0.0,1.0,-0.25744908844277664,0.0,0.0,0.0,0.0,1.0,0.0,0.0,-0.6125653618191514,-0.8287788754409441,0.0,1.0,0.0,0.0,0.0,-0.5005754425957548,0.4649905549752775,-1.0766419277679922,-1.0766419277679922,-0.9583656893051273,20.94801707441521
-0.5076307727139037,1.0,0.0,0.0,0.0,0.0,-0.5465971955976738,1.0,-0.19091883348760766,-0.1320071240556261,-7.44063202444536e-16,-0.28815238099892343,1.0,0.0,0.0,0.0,0.0,0.0,0.0,0.0,0.0,0.0,0.0,0.0,0.0,0.0,0.0,0.0,0.0,1.0,0.0,0.0,0.0,1.0,-0.25744908844277664,0.0,0.0,0.0,0.0,1.0,0.0,0.0,-0.6125653618191514,-0.8287788754409441,0.0,1.0,0.0,0.0,0.0,-0.34633893786657993,0.4649905549752775,-0.7493951412123715,-0.7493951412123715,-0.6449694534303309,17.756209553158705
-0.5076307727139037,1.0,0.0,0.0,0.0,0.0,0.16122651093168805,1.0,-0.10874008886573196,-0.01546029380831657,-7.44063202444536e-16,0.0,0.0,1.0,0.0,0.0,0.0,0.0,0.0,0.0,0.0,0.0,0.0,0.0,0.0,0.0,0.0,0.0,0.0,1.0,0.0,0.0,0.0,1.0,-0.25744908844277664,1.0,0.0,0.0,0.0,0.0,0.0,0.0,0.015349018177700778,-0.7600735005708681,0.0,1.0,0.0,0.0,0.0,-0.36713487108849113,0.4649905549752775,0.10144650383224237,0.10144650383224237,0.16986075984413973,14.93
-0.5076307727139037,1.0,0.0,0.0,0.0,0.0,0.16122651093168805,1.0,-0.10874008886573196,-0.01546029380831657,-7.44063202444536e-16,0.0,0.0,1.0,0.0,0.0,0.0,0.0,0.0,0.0,0.0,0.0,0.0,0.0,0.0,0.0,0.0,0.0,0.0,1.0,0.0,0.0,0.0,1.0,-0.25744908844277664,1.0,0.0,0.0,0.0,0.0,0.0,0.0,0.015349018177700778,-0.7600735005708681,0.0,1.0,0.0,0.0,0.0,-0.37060085995880965,-3.0224386073393013,-0.9457432131457438,-0.9457432131457438,-1.2090826780049644,18.19279125646473
-0.5076307727139037,1.0,0.0,0.0,0.0,0.0,0.16122651093168805,1.0,-0.10874008886573196,-0.01546029380831657,-7.44063202444536e-16,0.0,0.0,1.0,0.0,0.0,0.0,0.0,0.0,0.0,0.0,0.0,0.0,0.0,0.0,0.0,0.0,0.0,0.0,1.0,0.0,0.0,0.0,1.0,-0.25744908844277664,1.0,0.0,0.0,0.0,0.0,0.0,0.0,0.015349018177700778,-0.7600735005708681,0.0,1.0,0.0,0.0,0.0,-0.37753283769944673,-1.859962219901108,-0.9457432131457438,-0.9457432131457438,-1.0837241836550457,17.462839524734694
-0.5076307727139037,1.0,0.0,0.0,0.0,0.0,0.16122651093168805,1.0,-0.10874008886573196,-0.01546029380831657,-7.44063202444536e-16,0.0,0.0,1.0,0.0,0.0,0.0,0.0,0.0,0.0,0.0,0.0,0.0,0.0,0.0,0.0,0.0,0.0,0.0,1.0,0.0,0.0,0.0,1.0,-0.25744908844277664,1.0,0.0,0.0,0.0,0.0,0.0,0.0,0.015349018177700778,-0.7600735005708681,0.0,1.0,0.0,0.0,0.0,-0.3740668488291282,-0.6974858324629155,-0.9457432131457438,-0.9457432131457438,-0.9583656893051273,16.775930614829267
-0.5076307727139037,1.0,0.0,0.0,0.0,0.0,0.16122651093168805,1.0,-0.10874008886573196,-0.01546029380831657,-7.44063202444536e-16,0.0,0.0,1.0,0.0,0.0,0.0,0.0,0.0,0.0,0.0,0.0,0.0,0.0,0.0,0.0,0.0,0.0,0.0,1.0,0.0,0.0,0.0,1.0,-0.25744908844277664,1.0,0.0,0.0,0.0,0.0,0.0,0.0,0.015349018177700778,-0.7600735005708681,0.0,1.0,0.0,0.0,0.0,-0.3740668488291282,0.4649905549752775,-0.9457432131457438,-0.9457432131457438,-0.8330071949552087,15.688375893128203
-0.5076307727139037,1.0,0.0,0.0,0.0,0.0,0.16122651093168805,1.0,-0.10874008886573196,-0.01546029380831657,-7.44063202444536e-16,0.0,0.0,1.0,0.0,0.0,0.0,0.0,0.0,0.0,0.0,0.0,0.0,0.0,0.0,0.0,0.0,0.0,0.0,1.0,0.0,0.0,0.0,1.0,-0.25744908844277664,1.0,0.0,0.0,0.0,0.0,0.0,0.0,0.015349018177700778,-0.7600735005708681,0.0,1.0,0.0,0.0,0.0,-0.48324549824416213,0.4649905549752775,-0.2912496400345025,-0.2912496400345025,-0.20621472320561596,16.9
-0.5076307727139037,1.0,0.0,0.0,0.0,0.0,0.16122651093168805,1.0,-0.10874008886573196,-0.01546029380831657,-7.44063202444536e-16,0.0,0.0,1.0,0.0,0.0,0.0,0.0,0.0,0.0,0.0,0.0,0.0,0.0,0.0,0.0,0.0,0.0,0.0,1.0,0.0,0.0,0.0,1.0,-0.25744908844277664,1.0,0.0,0.0,0.0,0.0,0.0,0.0,0.015349018177700778,-0.7600735005708681,0.0,1.0,0.0,0.0,1.0,0.1804913704218378,0.4649905549752775,0.23234521845449066,0.23234521845449066,0.29521925419405826,16.5
-0.5076307727139037,1.0,0.0,0.0,0.0,0.0,0.16122651093168805,1.0,-0.10874008886573196,-0.01546029380831657,-7.44063202444536e-16,0.0,0.0,1.0,0.0,0.0,0.0,0.0,0.0,0.0,0.0,0.0,0.0,0.0,0.0,0.0,0.0,0.0,0.0,1.0,0.0,0.0,0.0,1.0,-0.25744908844277664,1.0,0.0,0.0,0.0,0.0,0.0,0.0,0.015349018177700778,-0.7600735005708681,0.0,1.0,0.0,0.0,1.0,-0.1799714720912901,-1.859962219901108,0.23234521845449066,0.23234521845449066,-0.4067883141654856,17.799999999999997
-0.5076307727139037,1.0,0.0,0.0,0.0,0.0,0.16122651093168805,1.0,-0.10874008886573196,-0.01546029380831657,-7.44063202444536e-16,0.0,0.0,1.0,0.0,0.0,0.0,0.0,0.0,0.0,0.0,0.0,0.0,0.0,0.0,0.0,0.0,0.0,0.0,1.0,0.0,0.0,0.0,1.0,-0.25744908844277664,1.0,0.0,0.0,0.0,0.0,0.0,0.0,0.015349018177700778,-0.7600735005708681,0.0,1.0,0.0,0.0,1.0,3.681140129443561,0.4649905549752775,0.23234521845449066,0.23234521845449066,0.29521925419405826,15.04
-0.5076307727139037,1.0,0.0,0.0,0.0,0.0,0.16122651093168805,1.0,-0.10874008886573196,-0.01546029380831657,-7.44063202444536e-16,0.0,0.0,1.0,0.0,0.0,0.0,0.0,0.0,0.0,0.0,0.0,0.0,0.0,0.0,0.0,0.0,0.0,0.0,1.0,0.0,0.0,0.0,1.0,-0.25744908844277664,1.0,0.0,0.0,0.0,0.0,0.0,0.0,0.015349018177700778,-0.7600735005708681,0.0,1.0,0.0,0.0,1.0,2.0088004995148667,0.4649905549752775,3.635711798632946,3.635711798632946,3.554540107291941,16.15
-0.5076307727139037,1.0,0.0,0.0,0.0,0.0,0.16122651093168805,1.0,-0.10874008886573196,-0.01546029380831657,-7.44063202444536e-16,0.0,0.0,1.0,0.0,0.0,0.0,0.0,0.0,0.0,0.0,0.0,0.0,0.0,0.0,0.0,0.0,0.0,0.0,1.0,0.0,0.0,0.0,1.0,-0.25744908844277664,1.0,0.0,0.0,0.0,0.0,0.0,0.0,0.015349018177700778,-0.7600735005708681,0.0,1.0,0.0,0.0,1.0,0.07131272100680387,0.4649905549752775,0.6250413623212355,0.6250413623212355,0.6712947372438139,15.07
-0.5076307727139037,1.0,0.0,0.0,0.0,0.0,0.16122651093168805,1.0,-0.10874008886573196,-0.01546029380831657,-7.44063202444536e-16,0.0,0.0,1.0,0.0,0.0,0.0,0.0,0.0,0.0,0.0,0.0,0.0,0.0,0.0,0.0,0.0,0.0,0.0,1.0,0.0,0.0,0.0,1.0,-0.25744908844277664,1.0,0.0,0.0,0.0,0.0,0.0,0.0,0.015349018177700778,-0.7600735005708681,1.0,0.0,0.0,0.0,1.0,-0.2302283107109089,0.4649905549752775,-0.553047069278999,-0.553047069278999,-0.45693171190545306,16.198576133665235
-0.5076307727139037,1.0,0.0,0.0,0.0,0.0,0.16122651093168805,1.0,-0.10874008886573196,-0.01546029380831657,-7.44063202444536e-16,0.0,0.0,1.0,0.0,0.0,0.0,0.0,0.0,0.0,0.0,0.0,0.0,0.0,0.0,0.0,0.0,0.0,0.0,1.0,0.0,0.0,0.0,1.0,-0.25744908844277664,1.0,0.0,0.0,0.0,0.0,0.0,0.0,0.015349018177700778,-0.7600735005708681,0.0,0.0,1.0,0.0,1.0,-0.31687803246887236,0.4649905549752775,0.23234521845449066,0.23234521845449066,0.29521925419405826,16.799999999999997
-0.5076307727139037,1.0,0.0,0.0,0.0,0.0,0.16122651093168805,1.0,-0.10874008886573196,-0.01546029380831657,-7.44063202444536e-16,0.0,0.0,1.0,0.0,0.0,0.0,0.0,0.0,0.0,0.0,0.0,0.0,0.0,0.0,0.0,0.0,0.0,0.0,1.0,0.0,0.0,0.0,1.0,-0.25744908844277664,1.0,0.0,0.0,0.0,0.0,0.0,0.0,0.015349018177700778,-0.7600735005708681,0.0,0.0,0.0,1.0,1.0,-0.5040414314660734,0.4649905549752775,0.10144650383224237,0.10144650383224237,0.16986075984413973,17.7
-0.5076307727139037,1.0,0.0,0.0,0.0,0.0,0.16122651093168805,1.0,-0.10874008886573196,-0.01546029380831657,-7.44063202444536e-16,0.0,0.0,1.0,0.0,0.0,0.0,0.0,0.0,0.0,0.0,0.0,0.0,0.0,0.0,0.0,0.0,0.0,0.0,1.0,0.0,0.0,0.0,1.0,-0.25744908844277664,1.0,0.0,0.0,0.0,0.0,0.0,0.0,0.015349018177700778,-0.7600735005708681,0.0,0.0,0.0,1.0,1.0,-0.5092404147715511,0.4649905549752775,0.10144650383224237,0.10144650383224237,0.16986075984413973,21.8
-0.5076307727139037,1.0,0.0,0.0,0.0,0.0,0.16122651093168805,1.0,-0.10874008886573196,-0.01546029380831657,-7.44063202444536e-16,0.0,0.0,1.0,0.0,0.0,0.0,0.0,0.0,0.0,0.0,0.0,0.0,0.0,0.0,0.0,0.0,0.0,0.0,1.0,0.0,0.0,0.0,1.0,-0.25744908844277664,1.0,0.0,0.0,0.0,0.0,0.0,0.0,0.015349018177700778,-0.7600735005708681,0.0,0.0,0.0,1.0,1.0,-0.4797795093738436,0.4649905549752775,0.10144650383224237,0.10144650383224237,0.16986075984413973,19.7
-0.5076307727139037,1.0,0.0,0.0,0.0,0.0,0.16122651093168805,1.0,-0.10874008886573196,-0.01546029380831657,-7.44063202444536e-16,0.0,0.0,1.0,0.0,0.0,0.0,0.0,0.0,0.0,0.0,0.0,0.0,0.0,0.0,0.0,0.0,0.0,0.0,1.0,0.0,0.0,0.0,1.0,-0.25744908844277664,1.0,0.0,0.0,0.0,0.0,0.0,0.0,0.015349018177700778,-0.7600735005708681,0.0,1.0,0.0,0.0,1.0,-0.1973014164428828,0.4649905549752775,0.23234521845449066,0.23234521845449066,0.29521925419405826,14.339999999999998
-0.5076307727139037,1.0,0.0,0.0,0.0,0.0,0.16122651093168805,1.0,-0.10874008886573196,-0.01546029380831657,-7.44063202444536e-16,0.0,0.0,1.0,0.0,0.0,0.0,0.0,0.0,0.0,0.0,0.0,0.0,0.0,0.0,0.0,0.0,0.0,0.0,1.0,0.0,0.0,0.0,1.0,-0.25744908844277664,1.0,0.0,0.0,0.0,0.0,0.0,0.0,0.015349018177700778,-0.7600735005708681,0.0,1.0,0.0,0.0,1.0,-0.3307419879501465,0.4649905549752775,0.6250413623212355,0.6250413623212355,0.6712947372438139,15.599999999999998
-0.5076307727139037,1.0,0.0,0.0,0.0,0.0,0.16122651093168805,1.0,-0.10874008886573196,-0.01546029380831657,-7.44063202444536e-16,0.0,0.0,1.0,0.0,0.0,0.0,0.0,0.0,0.0,0.0,0.0,0.0,0.0,0.0,0.0,0.0,0.0,0.0,1.0,0.0,0.0,0.0,1.0,-0.25744908844277664,1.0,0.0,0.0,0.0,0.0,0.0,0.0,0.015349018177700778,-0.7600735005708681,0.0,1.0,0.0,0.0,0.0,-0.5005754425957548,0.4649905549752775,-1.0766419277679922,-1.0766419277679922,-0.9583656893051273,17.811807521256508
-0.5076307727139037,1.0,0.0,0.0,0.0,0.0,0.16122651093168805,1.0,-0.10874008886573196,-0.01546029380831657,-7.44063202444536e-16,0.0,0.0,1.0,0.0,0.0,0.0,0.0,0.0,0.0,0.0,0.0,0.0,0.0,0.0,0.0,0.0,0.0,0.0,1.0,0.0,0.0,0.0,1.0,-0.25744908844277664,1.0,0.0,0.0,0.0,0.0,0.0,0.0,0.015349018177700778,-0.7600735005708681,0.0,1.0,0.0,0.0,0.0,-0.34633893786657993,0.4649905549752775,-0.7493951412123715,-0.7493951412123715,-0.6449694534303309,14.619999999999996
-0.33404920235975255,1.0,0.0,0.0,0.0,0.0,-0.33425008363886527,1.0,-0.10874008886573196,-0.01546029380831657,-7.44063202444536e-16,0.0,0.0,1.0,0.0,0.0,0.0,0.0,0.0,0.0,0.0,0.0,0.0,0.0,0.0,0.0,0.0,0.0,0.0,1.0,0.0,0.0,0.0,1.0,-0.25744908844277664,1.0,0.0,0.0,0.0,0.0,0.0,0.0,-0.4241910478200958,-0.6157922133437084,0.0,1.0,0.0,0.0,0.0,-0.36713487108849113,0.4649905549752775,0.10144650383224237,0.10144650383224237,0.16986075984413973,22.53
-0.33404920235975255,1.0,0.0,0.0,0.0,0.0,-0.33425008363886527,1.0,-0.10874008886573196,-0.01546029380831657,-7.44063202444536e-16,0.0,0.0,1.0,0.0,0.0,0.0,0.0,0.0,0.0,0.0,0.0,0.0,0.0,0.0,0.0,0.0,0.0,0.0,1.0,0.0,0.0,0.0,1.0,-0.25744908844277664,1.0,0.0,0.0,0.0,0.0,0.0,0.0,-0.4241910478200958,-0.6157922133437084,0.0,1.0,0.0,0.0,0.0,-0.37060085995880965,-3.0224386073393013,-0.9457432131457438,-0.9457432131457438,-1.2090826780049644,25.79279125646473
-0.33404920235975255,1.0,0.0,0.0,0.0,0.0,-0.33425008363886527,1.0,-0.10874008886573196,-0.01546029380831657,-7.44063202444536e-16,0.0,0.0,1.0,0.0,0.0,0.0,0.0,0.0,0.0,0.0,0.0,0.0,0.0,0.0,0.0,0.0,0.0,0.0,1.0,0.0,0.0,0.0,1.0,-0.25744908844277664,1.0,0.0,0.0,0.0,0.0,0.0,0.0,-0.4241910478200958,-0.6157922133437084,0.0,1.0,0.0,0.0,0.0,-0.37753283769944673,-1.859962219901108,-0.9457432131457438,-0.9457432131457438,-1.0837241836550457,25.06283952473469
-0.33404920235975255,1.0,0.0,0.0,0.0,0.0,-0.33425008363886527,1.0,-0.10874008886573196,-0.01546029380831657,-7.44063202444536e-16,0.0,0.0,1.0,0.0,0.0,0.0,0.0,0.0,0.0,0.0,0.0,0.0,0.0,0.0,0.0,0.0,0.0,0.0,1.0,0.0,0.0,0.0,1.0,-0.25744908844277664,1.0,0.0,0.0,0.0,0.0,0.0,0.0,-0.4241910478200958,-0.6157922133437084,0.0,1.0,0.0,0.0,0.0,-0.3740668488291282,-0.6974858324629155,-0.9457432131457438,-0.9457432131457438,-0.9583656893051273,24.37593061482927
-0.33404920235975255,1.0,0.0,0.0,0.0,0.0,-0.33425008363886527,1.0,-0.10874008886573196,-0.01546029380831657,-7.44063202444536e-16,0.0,0.0,1.0,0.0,0.0,0.0,0.0,0.0,0.0,0.0,0.0,0.0,0.0,0.0,0.0,0.0,0.0,0.0,1.0,0.0,0.0,0.0,1.0,-0.25744908844277664,1.0,0.0,0.0,0.0,0.0,0.0,0.0,-0.4241910478200958,-0.6157922133437084,0.0,1.0,0.0,0.0,0.0,-0.3740668488291282,0.4649905549752775,-0.9457432131457438,-0.9457432131457438,-0.8330071949552087,23.288375893128205
-0.33404920235975255,1.0,0.0,0.0,0.0,0.0,-0.33425008363886527,1.0,-0.10874008886573196,-0.01546029380831657,-7.44063202444536e-16,0.0,0.0,1.0,0.0,0.0,0.0,0.0,0.0,0.0,0.0,0.0,0.0,0.0,0.0,0.0,0.0,0.0,0.0,1.0,0.0,0.0,0.0,1.0,-0.25744908844277664,1.0,0.0,0.0,0.0,0.0,0.0,0.0,-0.4241910478200958,-0.6157922133437084,0.0,1.0,0.0,0.0,0.0,-0.48324549824416213,0.4649905549752775,-0.2912496400345025,-0.2912496400345025,-0.20621472320561596,24.5
-0.33404920235975255,1.0,0.0,0.0,0.0,0.0,-0.33425008363886527,1.0,-0.10874008886573196,-0.01546029380831657,-7.44063202444536e-16,0.0,0.0,1.0,0.0,0.0,0.0,0.0,0.0,0.0,0.0,0.0,0.0,0.0,0.0,0.0,0.0,0.0,0.0,1.0,0.0,0.0,0.0,1.0,-0.25744908844277664,1.0,0.0,0.0,0.0,0.0,0.0,0.0,-0.4241910478200958,-0.6157922133437084,0.0,1.0,0.0,0.0,1.0,0.1804913704218378,0.4649905549752775,0.23234521845449066,0.23234521845449066,0.29521925419405826,24.1
-0.33404920235975255,1.0,0.0,0.0,0.0,0.0,-0.33425008363886527,1.0,-0.10874008886573196,-0.01546029380831657,-7.44063202444536e-16,0.0,0.0,1.0,0.0,0.0,0.0,0.0,0.0,0.0,0.0,0.0,0.0,0.0,0.0,0.0,0.0,0.0,0.0,1.0,0.0,0.0,0.0,1.0,-0.25744908844277664,1.0,0.0,0.0,0.0,0.0,0.0,0.0,-0.4241910478200958,-0.6157922133437084,0.0,1.0,0.0,0.0,1.0,-0.1799714720912901,-1.859962219901108,0.23234521845449066,0.23234521845449066,-0.4067883141654856,25.4
-0.33404920235975255,1.0,0.0,0.0,0.0,0.0,-0.33425008363886527,1.0,-0.10874008886573196,-0.01546029380831657,-7.44063202444536e-16,0.0,0.0,1.0,0.0,0.0,0.0,0.0,0.0,0.0,0.0,0.0,0.0,0.0,0.0,0.0,0.0,0.0,0.0,1.0,0.0,0.0,0.0,1.0,-0.25744908844277664,1.0,0.0,0.0,0.0,0.0,0.0,0.0,-0.4241910478200958,-0.6157922133437084,0.0,1.0,0.0,0.0,1.0,3.681140129443561,0.4649905549752775,0.23234521845449066,0.23234521845449066,0.29521925419405826,22.64
-0.33404920235975255,1.0,0.0,0.0,0.0,0.0,-0.33425008363886527,1.0,-0.10874008886573196,-0.01546029380831657,-7.44063202444536e-16,0.0,0.0,1.0,0.0,0.0,0.0,0.0,0.0,0.0,0.0,0.0,0.0,0.0,0.0,0.0,0.0,0.0,0.0,1.0,0.0,0.0,0.0,1.0,-0.25744908844277664,1.0,0.0,0.0,0.0,0.0,0.0,0.0,-0.4241910478200958,-0.6157922133437084,0.0,1.0,0.0,0.0,1.0,2.0088004995148667,0.4649905549752775,3.635711798632946,3.635711798632946,3.554540107291941,23.75
-0.33404920235975255,1.0,0.0,0.0,0.0,0.0,-0.33425008363886527,1.0,-0.10874008886573196,-0.01546029380831657,-7.44063202444536e-16,0.0,0.0,1.0,0.0,0.0,0.0,0.0,0.0,0.0,0.0,0.0,0.0,0.0,0.0,0.0,0.0,0.0,0.0,1.0,0.0,0.0,0.0,1.0,-0.25744908844277664,1.0,0.0,0.0,0.0,0.0,0.0,0.0,-0.4241910478200958,-0.6157922133437084,0.0,1.0,0.0,0.0,1.0,0.07131272100680387,0.4649905549752775,0.6250413623212355,0.6250413623212355,0.6712947372438139,22.67
-0.33404920235975255,1.0,0.0,0.0,0.0,0.0,-0.33425008363886527,1.0,-0.10874008886573196,-0.01546029380831657,-7.44063202444536e-16,0.0,0.0,1.0,0.0,0.0,0.0,0.0,0.0,0.0,0.0,0.0,0.0,0.0,0.0,0.0,0.0,0.0,0.0,1.0,0.0,0.0,0.0,1.0,-0.25744908844277664,1.0,0.0,0.0,0.0,0.0,0.0,0.0,-0.4241910478200958,-0.6157922133437084,1.0,0.0,0.0,0.0,1.0,-0.2302283107109089,0.4649905549752775,-0.553047069278999,-0.553047069278999,-0.45693171190545306,23.79857613366524
-0.33404920235975255,1.0,0.0,0.0,0.0,0.0,-0.33425008363886527,1.0,-0.10874008886573196,-0.01546029380831657,-7.44063202444536e-16,0.0,0.0,1.0,0.0,0.0,0.0,0.0,0.0,0.0,0.0,0.0,0.0,0.0,0.0,0.0,0.0,0.0,0.0,1.0,0.0,0.0,0.0,1.0,-0.25744908844277664,1.0,0.0,0.0,0.0,0.0,0.0,0.0,-0.4241910478200958,-0.6157922133437084,0.0,0.0,1.0,0.0,1.0,-0.31687803246887236,0.4649905549752775,0.23234521845449066,0.23234521845449066,0.29521925419405826,24.4
-0.33404920235975255,1.0,0.0,0.0,0.0,0.0,-0.33425008363886527,1.0,-0.10874008886573196,-0.01546029380831657,-7.44063202444536e-16,0.0,0.0,1.0,0.0,0.0,0.0,0.0,0.0,0.0,0.0,0.0,0.0,0.0,0.0,0.0,0.0,0.0,0.0,1.0,0.0,0.0,0.0,1.0,-0.25744908844277664,1.0,0.0,0.0,0.0,0.0,0.0,0.0,-0.4241910478200958,-0.6157922133437084,0.0,0.0,0.0,1.0,1.0,-0.5040414314660734,0.4649905549752775,0.10144650383224237,0.10144650383224237,0.16986075984413973,25.3
-0.33404920235975255,1.0,0.0,0.0,0.0,0.0,-0.33425008363886527,1.0,-0.10874008886573196,-0.01546029380831657,-7.44063202444536e-16,0.0,0.0,1.0,0.0,0.0,0.0,0.0,0.0,0.0,0.0,0.0,0.0,0.0,0.0,0.0,0.0,0.0,0.0,1.0,0.0,0.0,0.0,1.0,-0.25744908844277664,1.0,0.0,0.0,0.0,0.0,0.0,0.0,-0.4241910478200958,-0.6157922133437084,0.0,0.0,0.0,1.0,1.0,-0.5092404147715511,0.4649905549752775,0.10144650383224237,0.10144650383224237,0.16986075984413973,29.4
-0.33404920235975255,1.0,0.0,0.0,0.0,0.0,-0.33425008363886527,1.0,-0.10874008886573196,-0.01546029380831657,-7.44063202444536e-16,0.0,0.0,1.0,0.0,0.0,0.0,0.0,0.0,0.0,0.0,0.0,0.0,0.0,0.0,0.0,0.0,0.0,0.0,1.0,0.0,0.0,0.0,1.0,-0.25744908844277664,1.0,0.0,0.0,0.0,0.0,0.0,0.0,-0.4241910478200958,-0.6157922133437084,0.0,0.0,0.0,1.0,1.0,-0.4797795093738436,0.4649905549752775,0.10144650383224237,0.10144650383224237,0.16986075984413973,27.3
-0.33404920235975255,1.0,0.0,0.0,0.0,0.0,-0.33425008363886527,1.0,-0.10874008886573196,-0.01546029380831657,-7.44063202444536e-16,0.0,0.0,1.0,0.0,0.0,0.0,0.0,0.0,0.0,0.0,0.0,0.0,0.0,0.0,0.0,0.0,0.0,0.0,1.0,0.0,0.0,0.0,1.0,-0.25744908844277664,1.0,0.0,0.0,0.0,0.0,0.0,0.0,-0.4241910478200958,-0.6157922133437084,0.0,1.0,0.0,0.0,1.0,-0.1973014164428828,0.4649905549752775,0.23234521845449066,0.23234521845449066,0.29521925419405826,21.94
-0.33404920235975255,1.0,0.0,0.0,0.0,0.0,-0.33425008363886527,1.0,-0.10874008886573196,-0.01546029380831657,-7.44063202444536e-16,0.0,0.0,1.0,0.0,0.0,0.0,0.0,0.0,0.0,0.0,0.0,0.0,0.0,0.0,0.0,0.0,0.0,0.0,1.0,0.0,0.0,0.0,1.0,-0.25744908844277664,1.0,0.0,0.0,0.0,0.0,0.0,0.0,-0.4241910478200958,-0.6157922133437084,0.0,1.0,0.0,0.0,1.0,-0.3307419879501465,0.4649905549752775,0.6250413623212355,0.6250413623212355,0.6712947372438139,23.2
-0.33404920235975255,1.0,0.0,0.0,0.0,0.0,-0.33425008363886527,1.0,-0.10874008886573196,-0.01546029380831657,-7.44063202444536e-16,0.0,0.0,1.0,0.0,0.0,0.0,0.0,0.0,0.0,0.0,0.0,0.0,0.0,0.0,0.0,0.0,0.0,0.0,1.0,0.0,0.0,0.0,1.0,-0.25744908844277664,1.0,0.0,0.0,0.0,0.0,0.0,0.0,-0.4241910478200958,-0.6157922133437084,0.0,1.0,0.0,0.0,0.0,-0.5005754425957548,0.4649905549752775,-1.0766419277679922,-1.0766419277679922,-0.9583656893051273,25.41180752125651
-0.33404920235975255,1.0,0.0,0.0,0.0,0.0,-0.33425008363886527,1.0,-0.10874008886573196,-0.01546029380831657,-7.44063202444536e-16,0.0,0.0,1.0,0.0,0.0,0.0,0.0,0.0,0.0,0.0,0.0,0.0,0.0,0.0,0.0,0.0,0.0,0.0,1.0,0.0,0.0,0.0,1.0,-0.25744908844277664,1.0,0.0,0.0,0.0,0.0,0.0,0.0,-0.4241910478200958,-0.6157922133437084,0.0,1.0,0.0,0.0,0.0,-0.34633893786657993,0.4649905549752775,-0.7493951412123715,-0.7493951412123715,-0.6449694534303309,22.22
-0.13169284712672627,0.0,0.0,1.0,0.0,0.0,-0.40503245429180146,1.0,-0.19913670794979524,-0.20693008635746793,-7.44063202444536e-16,-0.20248341983998186,0.0,0.0,0.0,0.0,0.0,0.0,1.0,0.0,0.0,0.0,0.0,0.0,0.0,0.0,0.0,0.0,1.0,0.0,0.0,0.0,0.0,1.0,-0.8367095374390239,0.0,0.0,0.0,0.0,0.0,1.0,0.0,0.32930620817612694,0.04803973917263126,0.0,1.0,0.0,0.0,0.0,-0.36713487108849113,0.4649905549752775,0.10144650383224237,0.10144650383224237,0.16986075984413973,10.53
-0.13169284712672627,0.0,0.0,1.0,0.0,0.0,-0.40503245429180146,1.0,-0.19913670794979524,-0.20693008635746793,-7.44063202444536e-16,-0.20248341983998186,0.0,0.0,0.0,0.0,0.0,0.0,1.0,0.0,0.0,0.0,0.0,0.0,0.0,0.0,0.0,0.0,1.0,0.0,0.0,0.0,0.0,1.0,-0.8367095374390239,0.0,0.0,0.0,0.0,0.0,1.0,0.0,0.32930620817612694,0.04803973917263126,0.0,1.0,0.0,0.0,0.0,-0.37060085995880965,-3.0224386073393013,-0.9457432131457438,-0.9457432131457438,-1.2090826780049644,13.792791256464731
-0.13169284712672627,0.0,0.0,1.0,0.0,0.0,-0.40503245429180146,1.0,-0.19913670794979524,-0.20693008635746793,-7.44063202444536e-16,-0.20248341983998186,0.0,0.0,0.0,0.0,0.0,0.0,1.0,0.0,0.0,0.0,0.0,0.0,0.0,0.0,0.0,0.0,1.0,0.0,0.0,0.0,0.0,1.0,-0.8367095374390239,0.0,0.0,0.0,0.0,0.0,1.0,0.0,0.32930620817612694,0.04803973917263126,0.0,1.0,0.0,0.0,0.0,-0.37753283769944673,-1.859962219901108,-0.9457432131457438,-0.9457432131457438,-1.0837241836550457,13.062839524734695
-0.13169284712672627,0.0,0.0,1.0,0.0,0.0,-0.40503245429180146,1.0,-0.19913670794979524,-0.20693008635746793,-7.44063202444536e-16,-0.20248341983998186,0.0,0.0,0.0,0.0,0.0,0.0,1.0,0.0,0.0,0.0,0.0,0.0,0.0,0.0,0.0,0.0,1.0,0.0,0.0,0.0,0.0,1.0,-0.8367095374390239,0.0,0.0,0.0,0.0,0.0,1.0,0.0,0.32930620817612694,0.04803973917263126,0.0,1.0,0.0,0.0,0.0,-0.3740668488291282,-0.6974858324629155,-0.9457432131457438,-0.9457432131457438,-0.9583656893051273,12.375930614829269
-0.13169284712672627,0.0,0.0,1.0,0.0,0.0,-0.40503245429180146,1.0,-0.19913670794979524,-0.20693008635746793,-7.44063202444536e-16,-0.20248341983998186,0.0,0.0,0.0,0.0,0.0,0.0,1.0,0.0,0.0,0.0,0.0,0.0,0.0,0.0,0.0,0.0,1.0,0.0,0.0,0.0,0.0,1.0,-0.8367095374390239,0.0,0.0,0.0,0.0,0.0,1.0,0.0,0.32930620817612694,0.04803973917263126,0.0,1.0,0.0,0.0,0.0,-0.3740668488291282,0.4649905549752775,-0.9457432131457438,-0.9457432131457438,-0.8330071949552087,11.288375893128206
-0.13169284712672627,0.0,0.0,1.0,0.0,0.0,-0.40503245429180146,1.0,-0.19913670794979524,-0.20693008635746793,-7.44063202444536e-16,-0.20248341983998186,0.0,0.0,0.0,0.0,0.0,0.0,1.0,0.0,0.0,0.0,0.0,0.0,0.0,0.0,0.0,0.0,1.0,0.0,0.0,0.0,0.0,1.0,-0.8367095374390239,0.0,0.0,0.0,0.0,0.0,1.0,0.0,0.32930620817612694,0.04803973917263126,0.0,1.0,0.0,0.0,0.0,-0.48324549824416213,0.4649905549752775,-0.2912496400345025,-0.2912496400345025,-0.20621472320561596,12.5
-0.13169284712672627,0.0,0.0,1.0,0.0,0.0,-0.40503245429180146,1.0,-0.19913670794979524,-0.20693008635746793,-7.44063202444536e-16,-0.20248341983998186,0.0,0.0,0.0,0.0,0.0,0.0,1.0,0.0,0.0,0.0,0.0,0.0,0.0,0.0,0.0,0.0,1.0,0.0,0.0,0.0,0.0,1.0,-0.8367095374390239,0.0,0.0,0.0,0.0,0.0,1.0,0.0,0.32930620817612694,0.04803973917263126,0.0,1.0,0.0,0.0,1.0,0.1804913704218378,0.4649905549752775,0.23234521845449066,0.23234521845449066,0.29521925419405826,12.1
-0.13169284712672627,0.0,0.0,1.0,0.0,0.0,-0.40503245429180146,1.0,-0.19913670794979524,-0.20693008635746793,-7.44063202444536e-16,-0.20248341983998186,0.0,0.0,0.0,0.0,0.0,0.0,1.0,0.0,0.0,0.0,0.0,0.0,0.0,0.0,0.0,0.0,1.0,0.0,0.0,0.0,0.0,1.0,-0.8367095374390239,0.0,0.0,0.0,0.0,0.0,1.0,0.0,0.32930620817612694,0.04803973917263126,0.0,1.0,0.0,0.0,1.0,-0.1799714720912901,-1.859962219901108,0.23234521845449066,0.23234521845449066,-0.4067883141654856,13.4
-0.13169284712672627,0.0,0.0,1.0,0.0,0.0,-0.40503245429180146,1.0,-0.19913670794979524,-0.20693008635746793,-7.44063202444536e-16,-0.20248341983998186,0.0,0.0,0.0,0.0,0.0,0.0,1.0,0.0,0.0,0.0,0.0,0.0,0.0,0.0,0.0,0.0,1.0,0.0,0.0,0.0,0.0,1.0,-0.8367095374390239,0.0,0.0,0.0,0.0,0.0,1.0,0.0,0.32930620817612694,0.04803973917263126,0.0,1.0,0.0,0.0,1.0,3.681140129443561,0.4649905549752775,0.23234521845449066,0.23234521845449066,0.29521925419405826,10.64
-0.13169284712672627,0.0,0.0,1.0,0.0,0.0,-0.40503245429180146,1.0,-0.19913670794979524,-0.20693008635746793,-7.44063202444536e-16,-0.20248341983998186,0.0,0.0,0.0,0.0,0.0,0.0,1.0,0.0,0.0,0.0,0.0,0.0,0.0,0.0,0.0,0.0,1.0,0.0,0.0,0.0,0.0,1.0,-0.8367095374390239,0.0,0.0,0.0,0.0,0.0,1.0,0.0,0.32930620817612694,0.04803973917263126,0.0,1.0,0.0,0.0,1.0,2.0088004995148667,0.4649905549752775,3.635711798632946,3.635711798632946,3.554540107291941,11.75
-0.13169284712672627,0.0,0.0,1.0,0.0,0.0,-0.40503245429180146,1.0,-0.19913670794979524,-0.20693008635746793,-7.44063202444536e-16,-0.20248341983998186,0.0,0.0,0.0,0.0,0.0,0.0,1.0,0.0,0.0,0.0,0.0,0.0,0.0,0.0,0.0,0.0,1.0,0.0,0.0,0.0,0.0,1.0,-0.8367095374390239,0.0,0.0,0.0,0.0,0.0,1.0,0.0,0.32930620817612694,0.04803973917263126,0.0,1.0,0.0,0.0,1.0,0.07131272100680387,0.4649905549752775,0.6250413623212355,0.6250413623212355,0.6712947372438139,10.67
-0.13169284712672627,0.0,0.0,1.0,0.0,0.0,-0.40503245429180146,1.0,-0.19913670794979524,-0.20693008635746793,-7.44063202444536e-16,-0.20248341983998186,0.0,0.0,0.0,0.0,0.0,0.0,1.0,0.0,0.0,0.0,0.0,0.0,0.0,0.0,0.0,0.0,1.0,0.0,0.0,0.0,0.0,1.0,-0.8367095374390239,0.0,0.0,0.0,0.0,0.0,1.0,0.0,0.32930620817612694,0.04803973917263126,1.0,0.0,0.0,0.0,1.0,-0.2302283107109089,0.4649905549752775,-0.553047069278999,-0.553047069278999,-0.45693171190545306,11.798576133665236
-0.13169284712672627,0.0,0.0,1.0,0.0,0.0,-0.40503245429180146,1.0,-0.19913670794979524,-0.20693008635746793,-7.44063202444536e-16,-0.20248341983998186,0.0,0.0,0.0,0.0,0.0,0.0,1.0,0.0,0.0,0.0,0.0,0.0,0.0,0.0,0.0,0.0,1.0,0.0,0.0,0.0,0.0,1.0,-0.8367095374390239,0.0,0.0,0.0,0.0,0.0,1.0,0.0,0.32930620817612694,0.04803973917263126,0.0,0.0,1.0,0.0,1.0,-0.31687803246887236,0.4649905549752775,0.23234521845449066,0.23234521845449066,0.29521925419405826,12.4
-0.13169284712672627,0.0,0.0,1.0,0.0,0.0,-0.40503245429180146,1.0,-0.19913670794979524,-0.20693008635746793,-7.44063202444536e-16,-0.20248341983998186,0.0,0.0,0.0,0.0,0.0,0.0,1.0,0.0,0.0,0.0,0.0,0.0,0.0,0.0,0.0,0.0,1.0,0.0,0.0,0.0,0.0,1.0,-0.8367095374390239,0.0,0.0,0.0,0.0,0.0,1.0,0.0,0.32930620817612694,0.04803973917263126,0.0,0.0,0.0,1.0,1.0,-0.5040414314660734,0.4649905549752775,0.10144650383224237,0.10144650383224237,0.16986075984413973,13.3
-0.13169284712672627,0.0,0.0,1.0,0.0,0.0,-0.40503245429180146,1.0,-0.19913670794979524,-0.20693008635746793,-7.44063202444536e-16,-0.20248341983998186,0.0,0.0,0.0,0.0,0.0,0.0,1.0,0.0,0.0,0.0,0.0,0.0,0.0,0.0,0.0,0.0,1.0,0.0,0.0,0.0,0.0,1.0,-0.8367095374390239,0.0,0.0,0.0,0.0,0.0,1.0,0.0,0.32930620817612694,0.04803973917263126,0.0,0.0,0.0,1.0,1.0,-0.5092404147715511,0.4649905549752775,0.10144650383224237,0.10144650383224237,0.16986075984413973,17.4
-0.13169284712672627,0.0,0.0,1.0,0.0,0.0,-0.40503245429180146,1.0,-0.19913670794979524,-0.20693008635746793,-7.44063202444536e-16,-0.20248341983998186,0.0,0.0,0.0,0.0,0.0,0.0,1.0,0.0,0.0,0.0,0.0,0.0,0.0,0.0,0.0,0.0,1.0,0.0,0.0,0.0,0.0,1.0,-0.8367095374390239,0.0,0.0,0.0,0.0,0.0,1.0,0.0,0.32930620817612694,0.04803973917263126,0.0,0.0,0.0,1.0,1.0,-0.4797795093738436,0.4649905549752775,0.10144650383224237,0.10144650383224237,0.16986075984413973,15.3
-0.13169284712672627,0.0,0.0,1.0,0.0,0.0,-0.40503245429180146,1.0,-0.19913670794979524,-0.20693008635746793,-7.44063202444536e-16,-0.20248341983998186,0.0,0.0,0.0,0.0,0.0,0.0,1.0,0.0,0.0,0.0,0.0,0.0,0.0,0.0,0.0,0.0,1.0,0.0,0.0,0.0,0.0,1.0,-0.8367095374390239,0.0,0.0,0.0,0.0,0.0,1.0,0.0,0.32930620817612694,0.04803973917263126,0.0,1.0,0.0,0.0,1.0,-0.1973014164428828,0.4649905549752775,0.23234521845449066,0.23234521845449066,0.29521925419405826,9.94
-0.13169284712672627,0.0,0.0,1.0,0.0,0.0,-0.40503245429180146,1.0,-0.19913670794979524,-0.20693008635746793,-7.44063202444536e-16,-0.20248341983998186,0.0,0.0,0.0,0.0,0.0,0.0,1.0,0.0,0.0,0.0,0.0,0.0,0.0,0.0,0.0,0.0,1.0,0.0,0.0,0.0,0.0,1.0,-0.8367095374390239,0.0,0.0,0.0,0.0,0.0,1.0,0.0,0.32930620817612694,0.04803973917263126,0.0,1.0,0.0,0.0,1.0,-0.3307419879501465,0.4649905549752775,0.6250413623212355,0.6250413623212355,0.6712947372438139,11.2
-0.13169284712672627,0.0,0.0,1.0,0.0,0.0,-0.40503245429180146,1.0,-0.19913670794979524,-0.20693008635746793,-7.44063202444536e-16,-0.20248341983998186,0.0,0.0,0.0,0.0,0.0,0.0,1.0,0.0,0.0,0.0,0.0,0.0,0.0,0.0,0.0,0.0,1.0,0.0,0.0,0.0,0.0,1.0,-0.8367095374390239,0.0,0.0,0.0,0.0,0.0,1.0,0.0,0.32930620817612694,0.04803973917263126,0.0,1.0,0.0,0.0,0.0,-0.5005754425957548,0.4649905549752775,-1.0766419277679922,-1.0766419277679922,-0.9583656893051273,13.41180752125651
-0.13169284712672627,0.0,0.0,1.0,0.0,0.0,-0.40503245429180146,1.0,-0.19913670794979524,-0.20693008635746793,-7.44063202444536e-16,-0.20248341983998186,0.0,0.0,0.0,0.0,0.0,0.0,1.0,0.0,0.0,0.0,0.0,0.0,0.0,0.0,0.0,0.0,1.0,0.0,0.0,0.0,0.0,1.0,-0.8367095374390239,0.0,0.0,0.0,0.0,0.0,1.0,0.0,0.32930620817612694,0.04803973917263126,0.0,1.0,0.0,0.0,0.0,-0.34633893786657993,0.4649905549752775,-0.7493951412123715,-0.7493951412123715,-0.6449694534303309,10.22
-0.36305720250885276,0.0,0.0,1.0,0.0,0.0,-0.8297266782094186,1.0,-0.19913670794979524,-0.20693008635746793,-7.44063202444536e-16,-0.20248341983998186,0.0,0.0,0.0,0.0,0.0,0.0,1.0,0.0,0.0,0.0,0.0,0.0,0.0,0.0,0.0,0.0,1.0,0.0,0.0,0.0,0.0,1.0,-0.25744908844277664,0.0,0.0,0.0,0.0,0.0,1.0,0.0,-0.4241910478200958,-0.6479408766905426,0.0,1.0,0.0,0.0,0.0,-0.36713487108849113,0.4649905549752775,0.10144650383224237,0.10144650383224237,0.16986075984413973,5.53
-0.36305720250885276,0.0,0.0,1.0,0.0,0.0,-0.8297266782094186,1.0,-0.19913670794979524,-0.20693008635746793,-7.44063202444536e-16,-0.20248341983998186,0.0,0.0,0.0,0.0,0.0,0.0,1.0,0.0,0.0,0.0,0.0,0.0,0.0,0.0,0.0,0.0,1.0,0.0,0.0,0.0,0.0,1.0,-0.25744908844277664,0.0,0.0,0.0,0.0,0.0,1.0,0.0,-0.4241910478200958,-0.6479408766905426,0.0,1.0,0.0,0.0,0.0,-0.37060085995880965,-3.0224386073393013,-0.9457432131457438,-0.9457432131457438,-1.2090826780049644,8.792791256464731
-0.36305720250885276,0.0,0.0,1.0,0.0,0.0,-0.8297266782094186,1.0,-0.19913670794979524,-0.20693008635746793,-7.44063202444536e-16,-0.20248341983998186,0.0,0.0,0.0,0.0,0.0,0.0,1.0,0.0,0.0,0.0,0.0,0.0,0.0,0.0,0.0,0.0,1.0,0.0,0.0,0.0,0.0,1.0,-0.25744908844277664,0.0,0.0,0.0,0.0,0.0,1.0,0.0,-0.4241910478200958,-0.6479408766905426,0.0,1.0,0.0,0.0,0.0,-0.37753283769944673,-1.859962219901108,-0.9457432131457438,-0.9457432131457438,-1.0837241836550457,8.062839524734695
-0.36305720250885276,0.0,0.0,1.0,0.0,0.0,-0.8297266782094186,1.0,-0.19913670794979524,-0.20693008635746793,-7.44063202444536e-16,-0.20248341983998186,0.0,0.0,0.0,0.0,0.0,0.0,1.0,0.0,0.0,0.0,0.0,0.0,0.0,0.0,0.0,0.0,1.0,0.0,0.0,0.0,0.0,1.0,-0.25744908844277664,0.0,0.0,0.0,0.0,0.0,1.0,0.0,-0.4241910478200958,-0.6479408766905426,0.0,1.0,0.0,0.0,0.0,-0.3740668488291282,-0.6974858324629155,-0.9457432131457438,-0.9457432131457438,-0.9583656893051273,7.37593061482927
-0.36305720250885276,0.0,0.0,1.0,0.0,0.0,-0.8297266782094186,1.0,-0.19913670794979524,-0.20693008635746793,-7.44063202444536e-16,-0.20248341983998186,0.0,0.0,0.0,0.0,0.0,0.0,1.0,0.0,0.0,0.0,0.0,0.0,0.0,0.0,0.0,0.0,1.0,0.0,0.0,0.0,0.0,1.0,-0.25744908844277664,0.0,0.0,0.0,0.0,0.0,1.0,0.0,-0.4241910478200958,-0.6479408766905426,0.0,1.0,0.0,0.0,0.0,-0.3740668488291282,0.4649905549752775,-0.9457432131457438,-0.9457432131457438,-0.8330071949552087,6.288375893128206
-0.36305720250885276,0.0,0.0,1.0,0.0,0.0,-0.8297266782094186,1.0,-0.19913670794979524,-0.20693008635746793,-7.44063202444536e-16,-0.20248341983998186,0.0,0.0,0.0,0.0,0.0,0.0,1.0,0.0,0.0,0.0,0.0,0.0,0.0,0.0,0.0,0.0,1.0,0.0,0.0,0.0,0.0,1.0,-0.25744908844277664,0.0,0.0,0.0,0.0,0.0,1.0,0.0,-0.4241910478200958,-0.6479408766905426,0.0,1.0,0.0,0.0,0.0,-0.48324549824416213,0.4649905549752775,-0.2912496400345025,-0.2912496400345025,-0.20621472320561596,7.5
-0.36305720250885276,0.0,0.0,1.0,0.0,0.0,-0.8297266782094186,1.0,-0.19913670794979524,-0.20693008635746793,-7.44063202444536e-16,-0.20248341983998186,0.0,0.0,0.0,0.0,0.0,0.0,1.0,0.0,0.0,0.0,0.0,0.0,0.0,0.0,0.0,0.0,1.0,0.0,0.0,0.0,0.0,1.0,-0.25744908844277664,0.0,0.0,0.0,0.0,0.0,1.0,0.0,-0.4241910478200958,-0.6479408766905426,0.0,1.0,0.0,0.0,1.0,0.1804913704218378,0.4649905549752775,0.23234521845449066,0.23234521845449066,0.29521925419405826,7.1
-0.36305720250885276,0.0,0.0,1.0,0.0,0.0,-0.8297266782094186,1.0,-0.19913670794979524,-0.20693008635746793,-7.44063202444536e-16,-0.20248341983998186,0.0,0.0,0.0,0.0,0.0,0.0,1.0,0.0,0.0,0.0,0.0,0.0,0.0,0.0,0.0,0.0,1.0,0.0,0.0,0.0,0.0,1.0,-0.25744908844277664,0.0,0.0,0.0,0.0,0.0,1.0,0.0,-0.4241910478200958,-0.6479408766905426,0.0,1.0,0.0,0.0,1.0,-0.1799714720912901,-1.859962219901108,0.23234521845449066,0.23234521845449066,-0.4067883141654856,8.4
-0.36305720250885276,0.0,0.0,1.0,0.0,0.0,-0.8297266782094186,1.0,-0.19913670794979524,-0.20693008635746793,-7.44063202444536e-16,-0.20248341983998186,0.0,0.0,0.0,0.0,0.0,0.0,1.0,0.0,0.0,0.0,0.0,0.0,0.0,0.0,0.0,0.0,1.0,0.0,0.0,0.0,0.0,1.0,-0.25744908844277664,0.0,0.0,0.0,0.0,0.0,1.0,0.0,-0.4241910478200958,-0.6479408766905426,0.0,1.0,0.0,0.0,1.0,3.681140129443561,0.4649905549752775,0.23234521845449066,0.23234521845449066,0.29521925419405826,5.64
-0.36305720250885276,0.0,0.0,1.0,0.0,0.0,-0.8297266782094186,1.0,-0.19913670794979524,-0.20693008635746793,-7.44063202444536e-16,-0.20248341983998186,0.0,0.0,0.0,0.0,0.0,0.0,1.0,0.0,0.0,0.0,0.0,0.0,0.0,0.0,0.0,0.0,1.0,0.0,0.0,0.0,0.0,1.0,-0.25744908844277664,0.0,0.0,0.0,0.0,0.0,1.0,0.0,-0.4241910478200958,-0.6479408766905426,0.0,1.0,0.0,0.0,1.0,2.0088004995148667,0.4649905549752775,3.635711798632946,3.635711798632946,3.554540107291941,6.75
-0.36305720250885276,0.0,0.0,1.0,0.0,0.0,-0.8297266782094186,1.0,-0.19913670794979524,-0.20693008635746793,-7.44063202444536e-16,-0.20248341983998186,0.0,0.0,0.0,0.0,0.0,0.0,1.0,0.0,0.0,0.0,0.0,0.0,0.0,0.0,0.0,0.0,1.0,0.0,0.0,0.0,0.0,1.0,-0.25744908844277664,0.0,0.0,0.0,0.0,0.0,1.0,0.0,-0.4241910478200958,-0.6479408766905426,0.0,1.0,0.0,0.0,1.0,0.07131272100680387,0.4649905549752775,0.6250413623212355,0.6250413623212355,0.6712947372438139,5.67
-0.36305720250885276,0.0,0.0,1.0,0.0,0.0,-0.8297266782094186,1.0,-0.19913670794979524,-0.20693008635746793,-7.44063202444536e-16,-0.20248341983998186,0.0,0.0,0.0,0.0,0.0,0.0,1.0,0.0,0.0,0.0,0.0,0.0,0.0,0.0,0.0,0.0,1.0,0.0,0.0,0.0,0.0,1.0,-0.25744908844277664,0.0,0.0,0.0,0.0,0.0,1.0,0.0,-0.4241910478200958,-0.6479408766905426,1.0,0.0,0.0,0.0,1.0,-0.2302283107109089,0.4649905549752775,-0.553047069278999,-0.553047069278999,-0.45693171190545306,6.798576133665236
-0.36305720250885276,0.0,0.0,1.0,0.0,0.0,-0.8297266782094186,1.0,-0.19913670794979524,-0.20693008635746793,-7.44063202444536e-16,-0.20248341983998186,0.0,0.0,0.0,0.0,0.0,0.0,1.0,0.0,0.0,0.0,0.0,0.0,0.0,0.0,0.0,0.0,1.0,0.0,0.0,0.0,0.0,1.0,-0.25744908844277664,0.0,0.0,0.0,0.0,0.0,1.0,0.0,-0.4241910478200958,-0.6479408766905426,0.0,0.0,1.0,0.0,1.0,-0.31687803246887236,0.4649905549752775,0.23234521845449066,0.23234521845449066,0.29521925419405826,7.4
-0.36305720250885276,0.0,0.0,1.0,0.0,0.0,-0.8297266782094186,1.0,-0.19913670794979524,-0.20693008635746793,-7.44063202444536e-16,-0.20248341983998186,0.0,0.0,0.0,0.0,0.0,0.0,1.0,0.0,0.0,0.0,0.0,0.0,0.0,0.0,0.0,0.0,1.0,0.0,0.0,0.0,0.0,1.0,-0.25744908844277664,0.0,0.0,0.0,0.0,0.0,1.0,0.0,-0.4241910478200958,-0.6479408766905426,0.0,0.0,0.0,1.0,1.0,-0.5040414314660734,0.4649905549752775,0.10144650383224237,0.10144650383224237,0.16986075984413973,8.3
-0.36305720250885276,0.0,0.0,1.0,0.0,0.0,-0.8297266782094186,1.0,-0.19913670794979524,-0.20693008635746793,-7.44063202444536e-16,-0.20248341983998186,0.0,0.0,0.0,0.0,0.0,0.0,1.0,0.0,0.0,0.0,0.0,0.0,0.0,0.0,0.0,0.0,1.0,0.0,0.0,0.0,0.0,1.0,-0.25744908844277664,0.0,0.0,0.0,0.0,0.0,1.0,0.0,-0.4241910478200958,-0.6479408766905426,0.0,0.0,0.0,1.0,1.0,-0.5092404147715511,0.4649905549752775,0.10144650383224237,0.10144650383224237,0.16986075984413973,12.4
-0.36305720250885276,0.0,0.0,1.0,0.0,0.0,-0.8297266782094186,1.0,-0.19913670794979524,-0.20693008635746793,-7.44063202444536e-16,-0.20248341983998186,0.0,0.0,0.0,0.0,0.0,0.0,1.0,0.0,0.0,0.0,0.0,0.0,0.0,0.0,0.0,0.0,1.0,0.0,0.0,0.0,0.0,1.0,-0.25744908844277664,0.0,0.0,0.0,0.0,0.0,1.0,0.0,-0.4241910478200958,-0.6479408766905426,0.0,0.0,0.0,1.0,1.0,-0.4797795093738436,0.4649905549752775,0.10144650383224237,0.10144650383224237,0.16986075984413973,10.3
-0.36305720250885276,0.0,0.0,1.0,0.0,0.0,-0.8297266782094186,1.0,-0.19913670794979524,-0.20693008635746793,-7.44063202444536e-16,-0.20248341983998186,0.0,0.0,0.0,0.0,0.0,0.0,1.0,0.0,0.0,0.0,0.0,0.0,0.0,0.0,0.0,0.0,1.0,0.0,0.0,0.0,0.0,1.0,-0.25744908844277664,0.0,0.0,0.0,0.0,0.0,1.0,0.0,-0.4241910478200958,-0.6479408766905426,0.0,1.0,0.0,0.0,1.0,-0.1973014164428828,0.4649905549752775,0.23234521845449066,0.23234521845449066,0.29521925419405826,4.94
-0.36305720250885276,0.0,0.0,1.0,0.0,0.0,-0.8297266782094186,1.0,-0.19913670794979524,-0.20693008635746793,-7.44063202444536e-16,-0.20248341983998186,0.0,0.0,0.0,0.0,0.0,0.0,1.0,0.0,0.0,0.0,0.0,0.0,0.0,0.0,0.0,0.0,1.0,0.0,0.0,0.0,0.0,1.0,-0.25744908844277664,0.0,0.0,0.0,0.0,0.0,1.0,0.0,-0.4241910478200958,-0.6479408766905426,0.0,1.0,0.0,0.0,1.0,-0.3307419879501465,0.4649905549752775,0.6250413623212355,0.6250413623212355,0.6712947372438139,6.199999999999999
-0.36305720250885276,0.0,0.0,1.0,0.0,0.0,-0.8297266782094186,1.0,-0.19913670794979524,-0.20693008635746793,-7.44063202444536e-16,-0.20248341983998186,0.0,0.0,0.0,0.0,0.0,0.0,1.0,0.0,0.0,0.0,0.0,0.0,0.0,0.0,0.0,0.0,1.0,0.0,0.0,0.0,0.0,1.0,-0.25744908844277664,0.0,0.0,0.0,0.0,0.0,1.0,0.0,-0.4241910478200958,-0.6479408766905426,0.0,1.0,0.0,0.0,0.0,-0.5005754425957548,0.4649905549752775,-1.0766419277679922,-1.0766419277679922,-0.9583656893051273,8.41180752125651
-0.36305720250885276,0.0,0.0,1.0,0.0,0.0,-0.8297266782094186,1.0,-0.19913670794979524,-0.20693008635746793,-7.44063202444536e-16,-0.20248341983998186,0.0,0.0,0.0,0.0,0.0,0.0,1.0,0.0,0.0,0.0,0.0,0.0,0.0,0.0,0.0,0.0,1.0,0.0,0.0,0.0,0.0,1.0,-0.25744908844277664,0.0,0.0,0.0,0.0,0.0,1.0,0.0,-0.4241910478200958,-0.6479408766905426,0.0,1.0,0.0,0.0,0.0,-0.34633893786657993,0.4649905549752775,-0.7493951412123715,-0.7493951412123715,-0.6449694534303309,5.22
0.3310358636375267,1.0,0.0,0.0,0.0,0.0,1.647656294643348,1.0,-0.19091883348760766,-0.2901778222484033,-7.44063202444536e-16,-0.30067820338811174,0.0,0.0,0.0,0.0,0.0,0.0,0.0,0.0,1.0,0.0,0.0,0.0,0.0,0.0,0.0,0.0,0.0,1.0,0.0,0.0,0.0,1.0,-0.5470793129409003,1.0,0.0,0.0,0.0,0.0,0.0,0.0,1.3339692161710905,2.1726121454917933,0.0,1.0,0.0,0.0,0.0,-0.36713487108849113,0.4649905549752775,0.10144650383224237,0.10144650383224237,0.16986075984413973,20.336451612903225
0.3310358636375267,1.0,0.0,0.0,0.0,0.0,1.647656294643348,1.0,-0.19091883348760766,-0.2901778222484033,-7.44063202444536e-16,-0.30067820338811174,0.0,0.0,0.0,0.0,0.0,0.0,0.0,0.0,1.0,0.0,0.0,0.0,0.0,0.0,0.0,0.0,0.0,1.0,0.0,0.0,0.0,1.0,-0.5470793129409003,1.0,0.0,0.0,0.0,0.0,0.0,0.0,1.3339692161710905,2.1726121454917933,0.0,1.0,0.0,0.0,0.0,-0.37060085995880965,-3.0224386073393013,-0.9457432131457438,-0.9457432131457438,-1.2090826780049644,23.59924286936796
0.3310358636375267,1.0,0.0,0.0,0.0,0.0,1.647656294643348,1.0,-0.19091883348760766,-0.2901778222484033,-7.44063202444536e-16,-0.30067820338811174,0.0,0.0,0.0,0.0,0.0,0.0,0.0,0.0,1.0,0.0,0.0,0.0,0.0,0.0,0.0,0.0,0.0,1.0,0.0,0.0,0.0,1.0,-0.5470793129409003,1.0,0.0,0.0,0.0,0.0,0.0,0.0,1.3339692161710905,2.1726121454917933,0.0,1.0,0.0,0.0,0.0,-0.37753283769944673,-1.859962219901108,-0.9457432131457438,-0.9457432131457438,-1.0837241836550457,22.86929113763792
0.3310358636375267,1.0,0.0,0.0,0.0,0.0,1.647656294643348,1.0,-0.19091883348760766,-0.2901778222484033,-7.44063202444536e-16,-0.30067820338811174,0.0,0.0,0.0,0.0,0.0,0.0,0.0,0.0,1.0,0.0,0.0,0.0,0.0,0.0,0.0,0.0,0.0,1.0,0.0,0.0,0.0,1.0,-0.5470793129409003,1.0,0.0,0.0,0.0,0.0,0.0,0.0,1.3339692161710905,2.1726121454917933,0.0,1.0,0.0,0.0,0.0,-0.3740668488291282,-0.6974858324629155,-0.9457432131457438,-0.9457432131457438,-0.9583656893051273,22.182382227732493
0.3310358636375267,1.0,0.0,0.0,0.0,0.0,1.647656294643348,1.0,-0.19091883348760766,-0.2901778222484033,-7.44063202444536e-16,-0.30067820338811174,0.0,0.0,0.0,0.0,0.0,0.0,0.0,0.0,1.0,0.0,0.0,0.0,0.0,0.0,0.0,0.0,0.0,1.0,0.0,0.0,0.0,1.0,-0.5470793129409003,1.0,0.0,0.0,0.0,0.0,0.0,0.0,1.3339692161710905,2.1726121454917933,0.0,1.0,0.0,0.0,0.0,-0.3740668488291282,0.4649905549752775,-0.9457432131457438,-0.9457432131457438,-0.8330071949552087,21.09482750603143
0.3310358636375267,1.0,0.0,0.0,0.0,0.0,1.647656294643348,1.0,-0.19091883348760766,-0.2901778222484033,-7.44063202444536e-16,-0.30067820338811174,0.0,0.0,0.0,0.0,0.0,0.0,0.0,0.0,1.0,0.0,0.0,0.0,0.0,0.0,0.0,0.0,0.0,1.0,0.0,0.0,0.0,1.0,-0.5470793129409003,1.0,0.0,0.0,0.0,0.0,0.0,0.0,1.3339692161710905,2.1726121454917933,0.0,1.0,0.0,0.0,0.0,-0.48324549824416213,0.4649905549752775,-0.2912496400345025,-0.2912496400345025,-0.20621472320561596,22.306451612903224
0.3310358636375267,1.0,0.0,0.0,0.0,0.0,1.647656294643348,1.0,-0.19091883348760766,-0.2901778222484033,-7.44063202444536e-16,-0.30067820338811174,0.0,0.0,0.0,0.0,0.0,0.0,0.0,0.0,1.0,0.0,0.0,0.0,0.0,0.0,0.0,0.0,0.0,1.0,0.0,0.0,0.0,1.0,-0.5470793129409003,1.0,0.0,0.0,0.0,0.0,0.0,0.0,1.3339692161710905,2.1726121454917933,0.0,1.0,0.0,0.0,1.0,0.1804913704218378,0.4649905549752775,0.23234521845449066,0.23234521845449066,0.29521925419405826,21.906451612903226
0.3310358636375267,1.0,0.0,0.0,0.0,0.0,1.647656294643348,1.0,-0.19091883348760766,-0.2901778222484033,-7.44063202444536e-16,-0.30067820338811174,0.0,0.0,0.0,0.0,0.0,0.0,0.0,0.0,1.0,0.0,0.0,0.0,0.0,0.0,0.0,0.0,0.0,1.0,0.0,0.0,0.0,1.0,-0.5470793129409003,1.0,0.0,0.0,0.0,0.0,0.0,0.0,1.3339692161710905,2.1726121454917933,0.0,1.0,0.0,0.0,1.0,-0.1799714720912901,-1.859962219901108,0.23234521845449066,0.23234521845449066,-0.4067883141654856,23.206451612903223
0.3310358636375267,1.0,0.0,0.0,0.0,0.0,1.647656294643348,1.0,-0.19091883348760766,-0.2901778222484033,-7.44063202444536e-16,-0.30067820338811174,0.0,0.0,0.0,0.0,0.0,0.0,0.0,0.0,1.0,0.0,0.0,0.0,0.0,0.0,0.0,0.0,0.0,1.0,0.0,0.0,0.0,1.0,-0.5470793129409003,1.0,0.0,0.0,0.0,0.0,0.0,0.0,1.3339692161710905,2.1726121454917933,0.0,1.0,0.0,0.0,1.0,3.681140129443561,0.4649905549752775,0.23234521845449066,0.23234521845449066,0.29521925419405826,20.446451612903225
0.3310358636375267,1.0,0.0,0.0,0.0,0.0,1.647656294643348,1.0,-0.19091883348760766,-0.2901778222484033,-7.44063202444536e-16,-0.30067820338811174,0.0,0.0,0.0,0.0,0.0,0.0,0.0,0.0,1.0,0.0,0.0,0.0,0.0,0.0,0.0,0.0,0.0,1.0,0.0,0.0,0.0,1.0,-0.5470793129409003,1.0,0.0,0.0,0.0,0.0,0.0,0.0,1.3339692161710905,2.1726121454917933,0.0,1.0,0.0,0.0,1.0,2.0088004995148667,0.4649905549752775,3.635711798632946,3.635711798632946,3.554540107291941,21.556451612903224
0.3310358636375267,1.0,0.0,0.0,0.0,0.0,1.647656294643348,1.0,-0.19091883348760766,-0.2901778222484033,-7.44063202444536e-16,-0.30067820338811174,0.0,0.0,0.0,0.0,0.0,0.0,0.0,0.0,1.0,0.0,0.0,0.0,0.0,0.0,0.0,0.0,0.0,1.0,0.0,0.0,0.0,1.0,-0.5470793129409003,1.0,0.0,0.0,0.0,0.0,0.0,0.0,1.3339692161710905,2.1726121454917933,0.0,1.0,0.0,0.0,1.0,0.07131272100680387,0.4649905549752775,0.6250413623212355,0.6250413623212355,0.6712947372438139,20.476451612903222
0.3310358636375267,1.0,0.0,0.0,0.0,0.0,1.647656294643348,1.0,-0.19091883348760766,-0.2901778222484033,-7.44063202444536e-16,-0.30067820338811174,0.0,0.0,0.0,0.0,0.0,0.0,0.0,0.0,1.0,0.0,0.0,0.0,0.0,0.0,0.0,0.0,0.0,1.0,0.0,0.0,0.0,1.0,-0.5470793129409003,1.0,0.0,0.0,0.0,0.0,0.0,0.0,1.3339692161710905,2.1726121454917933,1.0,0.0,0.0,0.0,1.0,-0.2302283107109089,0.4649905549752775,-0.553047069278999,-0.553047069278999,-0.45693171190545306,21.60502774656846
0.3310358636375267,1.0,0.0,0.0,0.0,0.0,1.647656294643348,1.0,-0.19091883348760766,-0.2901778222484033,-7.44063202444536e-16,-0.30067820338811174,0.0,0.0,0.0,0.0,0.0,0.0,0.0,0.0,1.0,0.0,0.0,0.0,0.0,0.0,0.0,0.0,0.0,1.0,0.0,0.0,0.0,1.0,-0.5470793129409003,1.0,0.0,0.0,0.0,0.0,0.0,0.0,1.3339692161710905,2.1726121454917933,0.0,0.0,1.0,0.0,1.0,-0.31687803246887236,0.4649905549752775,0.23234521845449066,0.23234521845449066,0.29521925419405826,22.206451612903223
0.3310358636375267,1.0,0.0,0.0,0.0,0.0,1.647656294643348,1.0,-0.19091883348760766,-0.2901778222484033,-7.44063202444536e-16,-0.30067820338811174,0.0,0.0,0.0,0.0,0.0,0.0,0.0,0.0,1.0,0.0,0.0,0.0,0.0,0.0,0.0,0.0,0.0,1.0,0.0,0.0,0.0,1.0,-0.5470793129409003,1.0,0.0,0.0,0.0,0.0,0.0,0.0,1.3339692161710905,2.1726121454917933,0.0,0.0,0.0,1.0,1.0,-0.5040414314660734,0.4649905549752775,0.10144650383224237,0.10144650383224237,0.16986075984413973,23.106451612903225
0.3310358636375267,1.0,0.0,0.0,0.0,0.0,1.647656294643348,1.0,-0.19091883348760766,-0.2901778222484033,-7.44063202444536e-16,-0.30067820338811174,0.0,0.0,0.0,0.0,0.0,0.0,0.0,0.0,1.0,0.0,0.0,0.0,0.0,0.0,0.0,0.0,0.0,1.0,0.0,0.0,0.0,1.0,-0.5470793129409003,1.0,0.0,0.0,0.0,0.0,0.0,0.0,1.3339692161710905,2.1726121454917933,0.0,0.0,0.0,1.0,1.0,-0.5092404147715511,0.4649905549752775,0.10144650383224237,0.10144650383224237,0.16986075984413973,27.206451612903223
0.3310358636375267,1.0,0.0,0.0,0.0,0.0,1.647656294643348,1.0,-0.19091883348760766,-0.2901778222484033,-7.44063202444536e-16,-0.30067820338811174,0.0,0.0,0.0,0.0,0.0,0.0,0.0,0.0,1.0,0.0,0.0,0.0,0.0,0.0,0.0,0.0,0.0,1.0,0.0,0.0,0.0,1.0,-0.5470793129409003,1.0,0.0,0.0,0.0,0.0,0.0,0.0,1.3339692161710905,2.1726121454917933,0.0,0.0,0.0,1.0,1.0,-0.4797795093738436,0.4649905549752775,0.10144650383224237,0.10144650383224237,0.16986075984413973,25.106451612903225
0.3310358636375267,1.0,0.0,0.0,0.0,0.0,1.647656294643348,1.0,-0.19091883348760766,-0.2901778222484033,-7.44063202444536e-16,-0.30067820338811174,0.0,0.0,0.0,0.0,0.0,0.0,0.0,0.0,1.0,0.0,0.0,0.0,0.0,0.0,0.0,0.0,0.0,1.0,0.0,0.0,0.0,1.0,-0.5470793129409003,1.0,0.0,0.0,0.0,0.0,0.0,0.0,1.3339692161710905,2.1726121454917933,0.0,1.0,0.0,0.0,1.0,-0.1973014164428828,0.4649905549752775,0.23234521845449066,0.23234521845449066,0.29521925419405826,19.746451612903225
0.3310358636375267,1.0,0.0,0.0,0.0,0.0,1.647656294643348,1.0,-0.19091883348760766,-0.2901778222484033,-7.44063202444536e-16,-0.30067820338811174,0.0,0.0,0.0,0.0,0.0,0.0,0.0,0.0,1.0,0.0,0.0,0.0,0.0,0.0,0.0,0.0,0.0,1.0,0.0,0.0,0.0,1.0,-0.5470793129409003,1.0,0.0,0.0,0.0,0.0,0.0,0.0,1.3339692161710905,2.1726121454917933,0.0,1.0,0.0,0.0,1.0,-0.3307419879501465,0.4649905549752775,0.6250413623212355,0.6250413623212355,0.6712947372438139,21.006451612903223
0.3310358636375267,1.0,0.0,0.0,0.0,0.0,1.647656294643348,1.0,-0.19091883348760766,-0.2901778222484033,-7.44063202444536e-16,-0.30067820338811174,0.0,0.0,0.0,0.0,0.0,0.0,0.0,0.0,1.0,0.0,0.0,0.0,0.0,0.0,0.0,0.0,0.0,1.0,0.0,0.0,0.0,1.0,-0.5470793129409003,1.0,0.0,0.0,0.0,0.0,0.0,0.0,1.3339692161710905,2.1726121454917933,0.0,1.0,0.0,0.0,0.0,-0.5005754425957548,0.4649905549752775,-1.0766419277679922,-1.0766419277679922,-0.9583656893051273,23.218259134159734
0.3310358636375267,1.0,0.0,0.0,0.0,0.0,1.647656294643348,1.0,-0.19091883348760766,-0.2901778222484033,-7.44063202444536e-16,-0.30067820338811174,0.0,0.0,0.0,0.0,0.0,0.0,0.0,0.0,1.0,0.0,0.0,0.0,0.0,0.0,0.0,0.0,0.0,1.0,0.0,0.0,0.0,1.0,-0.5470793129409003,1.0,0.0,0.0,0.0,0.0,0.0,0.0,1.3339692161710905,2.1726121454917933,0.0,1.0,0.0,0.0,0.0,-0.34633893786657993,0.4649905549752775,-0.7493951412123715,-0.7493951412123715,-0.6449694534303309,20.026451612903223
-0.36305720250885276,0.0,0.0,1.0,0.0,0.0,0.6567031055022414,1.0,-0.21557245687417037,-0.21525485994656146,-7.44063202444536e-16,-0.29888195734759715,0.0,1.0,0.0,0.0,0.0,0.0,0.0,0.0,0.0,0.0,0.0,0.0,0.0,0.0,0.0,0.0,0.0,1.0,0.0,1.0,0.0,0.0,-0.8367095374390239,1.0,0.0,0.0,0.0,0.0,0.0,0.0,2.2130493481666833,0.12130085663191262,0.0,1.0,0.0,0.0,0.0,-0.36713487108849113,0.4649905549752775,0.10144650383224237,0.10144650383224237,0.16986075984413973,3.905
-0.36305720250885276,0.0,0.0,1.0,0.0,0.0,0.6567031055022414,1.0,-0.21557245687417037,-0.21525485994656146,-7.44063202444536e-16,-0.29888195734759715,0.0,1.0,0.0,0.0,0.0,0.0,0.0,0.0,0.0,0.0,0.0,0.0,0.0,0.0,0.0,0.0,0.0,1.0,0.0,1.0,0.0,0.0,-0.8367095374390239,1.0,0.0,0.0,0.0,0.0,0.0,0.0,2.2130493481666833,0.12130085663191262,0.0,1.0,0.0,0.0,0.0,-0.37060085995880965,-3.0224386073393013,-0.9457432131457438,-0.9457432131457438,-1.2090826780049644,7.167791256464732
-0.36305720250885276,0.0,0.0,1.0,0.0,0.0,0.6567031055022414,1.0,-0.21557245687417037,-0.21525485994656146,-7.44063202444536e-16,-0.29888195734759715,0.0,1.0,0.0,0.0,0.0,0.0,0.0,0.0,0.0,0.0,0.0,0.0,0.0,0.0,0.0,0.0,0.0,1.0,0.0,1.0,0.0,0.0,-0.8367095374390239,1.0,0.0,0.0,0.0,0.0,0.0,0.0,2.2130493481666833,0.12130085663191262,0.0,1.0,0.0,0.0,0.0,-0.37753283769944673,-1.859962219901108,-0.9457432131457438,-0.9457432131457438,-1.0837241836550457,6.437839524734694
-0.36305720250885276,0.0,0.0,1.0,0.0,0.0,0.6567031055022414,1.0,-0.21557245687417037,-0.21525485994656146,-7.44063202444536e-16,-0.29888195734759715,0.0,1.0,0.0,0.0,0.0,0.0,0.0,0.0,0.0,0.0,0.0,0.0,0.0,0.0,0.0,0.0,0.0,1.0,0.0,1.0,0.0,0.0,-0.8367095374390239,1.0,0.0,0.0,0.0,0.0,0.0,0.0,2.2130493481666833,0.12130085663191262,0.0,1.0,0.0,0.0,0.0,-0.3740668488291282,-0.6974858324629155,-0.9457432131457438,-0.9457432131457438,-0.9583656893051273,5.75093061482927
-0.36305720250885276,0.0,0.0,1.0,0.0,0.0,0.6567031055022414,1.0,-0.21557245687417037,-0.21525485994656146,-7.44063202444536e-16,-0.29888195734759715,0.0,1.0,0.0,0.0,0.0,0.0,0.0,0.0,0.0,0.0,0.0,0.0,0.0,0.0,0.0,0.0,0.0,1.0,0.0,1.0,0.0,0.0,-0.8367095374390239,1.0,0.0,0.0,0.0,0.0,0.0,0.0,2.2130493481666833,0.12130085663191262,0.0,1.0,0.0,0.0,0.0,-0.3740668488291282,0.4649905549752775,-0.9457432131457438,-0.9457432131457438,-0.8330071949552087,4.663375893128206
-0.36305720250885276,0.0,0.0,1.0,0.0,0.0,0.6567031055022414,1.0,-0.21557245687417037,-0.21525485994656146,-7.44063202444536e-16,-0.29888195734759715,0.0,1.0,0.0,0.0,0.0,0.0,0.0,0.0,0.0,0.0,0.0,0.0,0.0,0.0,0.0,0.0,0.0,1.0,0.0,1.0,0.0,0.0,-0.8367095374390239,1.0,0.0,0.0,0.0,0.0,0.0,0.0,2.2130493481666833,0.12130085663191262,0.0,1.0,0.0,0.0,0.0,-0.48324549824416213,0.4649905549752775,-0.2912496400345025,-0.2912496400345025,-0.20621472320561596,5.875
-0.36305720250885276,0.0,0.0,1.0,0.0,0.0,0.6567031055022414,1.0,-0.21557245687417037,-0.21525485994656146,-7.44063202444536e-16,-0.29888195734759715,0.0,1.0,0.0,0.0,0.0,0.0,0.0,0.0,0.0,0.0,0.0,0.0,0.0,0.0,0.0,0.0,0.0,1.0,0.0,1.0,0.0,0.0,-0.8367095374390239,1.0,0.0,0.0,0.0,0.0,0.0,0.0,2.2130493481666833,0.12130085663191262,0.0,1.0,0.0,0.0,1.0,0.1804913704218378,0.4649905549752775,0.23234521845449066,0.23234521845449066,0.29521925419405826,5.475
-0.36305720250885276,0.0,0.0,1.0,0.0,0.0,0.6567031055022414,1.0,-0.21557245687417037,-0.21525485994656146,-7.44063202444536e-16,-0.29888195734759715,0.0,1.0,0.0,0.0,0.0,0.0,0.0,0.0,0.0,0.0,0.0,0.0,0.0,0.0,0.0,0.0,0.0,1.0,0.0,1.0,0.0,0.0,-0.8367095374390239,1.0,0.0,0.0,0.0,0.0,0.0,0.0,2.2130493481666833,0.12130085663191262,0.0,1.0,0.0,0.0,1.0,-0.1799714720912901,-1.859962219901108,0.23234521845449066,0.23234521845449066,-0.4067883141654856,6.775
-0.36305720250885276,0.0,0.0,1.0,0.0,0.0,0.6567031055022414,1.0,-0.21557245687417037,-0.21525485994656146,-7.44063202444536e-16,-0.29888195734759715,0.0,1.0,0.0,0.0,0.0,0.0,0.0,0.0,0.0,0.0,0.0,0.0,0.0,0.0,0.0,0.0,0.0,1.0,0.0,1.0,0.0,0.0,-0.8367095374390239,1.0,0.0,0.0,0.0,0.0,0.0,0.0,2.2130493481666833,0.12130085663191262,0.0,1.0,0.0,0.0,1.0,3.681140129443561,0.4649905549752775,0.23234521845449066,0.23234521845449066,0.29521925419405826,4.015
-0.36305720250885276,0.0,0.0,1.0,0.0,0.0,0.6567031055022414,1.0,-0.21557245687417037,-0.21525485994656146,-7.44063202444536e-16,-0.29888195734759715,0.0,1.0,0.0,0.0,0.0,0.0,0.0,0.0,0.0,0.0,0.0,0.0,0.0,0.0,0.0,0.0,0.0,1.0,0.0,1.0,0.0,0.0,-0.8367095374390239,1.0,0.0,0.0,0.0,0.0,0.0,0.0,2.2130493481666833,0.12130085663191262,0.0,1.0,0.0,0.0,1.0,2.0088004995148667,0.4649905549752775,3.635711798632946,3.635711798632946,3.554540107291941,5.125
-0.36305720250885276,0.0,0.0,1.0,0.0,0.0,0.6567031055022414,1.0,-0.21557245687417037,-0.21525485994656146,-7.44063202444536e-16,-0.29888195734759715,0.0,1.0,0.0,0.0,0.0,0.0,0.0,0.0,0.0,0.0,0.0,0.0,0.0,0.0,0.0,0.0,0.0,1.0,0.0,1.0,0.0,0.0,-0.8367095374390239,1.0,0.0,0.0,0.0,0.0,0.0,0.0,2.2130493481666833,0.12130085663191262,0.0,1.0,0.0,0.0,1.0,0.07131272100680387,0.4649905549752775,0.6250413623212355,0.6250413623212355,0.6712947372438139,4.045
-0.36305720250885276,0.0,0.0,1.0,0.0,0.0,0.6567031055022414,1.0,-0.21557245687417037,-0.21525485994656146,-7.44063202444536e-16,-0.29888195734759715,0.0,1.0,0.0,0.0,0.0,0.0,0.0,0.0,0.0,0.0,0.0,0.0,0.0,0.0,0.0,0.0,0.0,1.0,0.0,1.0,0.0,0.0,-0.8367095374390239,1.0,0.0,0.0,0.0,0.0,0.0,0.0,2.2130493481666833,0.12130085663191262,1.0,0.0,0.0,0.0,1.0,-0.2302283107109089,0.4649905549752775,-0.553047069278999,-0.553047069278999,-0.45693171190545306,5.173576133665236
-0.36305720250885276,0.0,0.0,1.0,0.0,0.0,0.6567031055022414,1.0,-0.21557245687417037,-0.21525485994656146,-7.44063202444536e-16,-0.29888195734759715,0.0,1.0,0.0,0.0,0.0,0.0,0.0,0.0,0.0,0.0,0.0,0.0,0.0,0.0,0.0,0.0,0.0,1.0,0.0,1.0,0.0,0.0,-0.8367095374390239,1.0,0.0,0.0,0.0,0.0,0.0,0.0,2.2130493481666833,0.12130085663191262,0.0,0.0,1.0,0.0,1.0,-0.31687803246887236,0.4649905549752775,0.23234521845449066,0.23234521845449066,0.29521925419405826,5.775
-0.36305720250885276,0.0,0.0,1.0,0.0,0.0,0.6567031055022414,1.0,-0.21557245687417037,-0.21525485994656146,-7.44063202444536e-16,-0.29888195734759715,0.0,1.0,0.0,0.0,0.0,0.0,0.0,0.0,0.0,0.0,0.0,0.0,0.0,0.0,0.0,0.0,0.0,1.0,0.0,1.0,0.0,0.0,-0.8367095374390239,1.0,0.0,0.0,0.0,0.0,0.0,0.0,2.2130493481666833,0.12130085663191262,0.0,0.0,0.0,1.0,1.0,-0.5040414314660734,0.4649905549752775,0.10144650383224237,0.10144650383224237,0.16986075984413973,6.675000000000001
-0.36305720250885276,0.0,0.0,1.0,0.0,0.0,0.6567031055022414,1.0,-0.21557245687417037,-0.21525485994656146,-7.44063202444536e-16,-0.29888195734759715,0.0,1.0,0.0,0.0,0.0,0.0,0.0,0.0,0.0,0.0,0.0,0.0,0.0,0.0,0.0,0.0,0.0,1.0,0.0,1.0,0.0,0.0,-0.8367095374390239,1.0,0.0,0.0,0.0,0.0,0.0,0.0,2.2130493481666833,0.12130085663191262,0.0,0.0,0.0,1.0,1.0,-0.5092404147715511,0.4649905549752775,0.10144650383224237,0.10144650383224237,0.16986075984413973,10.775
-0.36305720250885276,0.0,0.0,1.0,0.0,0.0,0.6567031055022414,1.0,-0.21557245687417037,-0.21525485994656146,-7.44063202444536e-16,-0.29888195734759715,0.0,1.0,0.0,0.0,0.0,0.0,0.0,0.0,0.0,0.0,0.0,0.0,0.0,0.0,0.0,0.0,0.0,1.0,0.0,1.0,0.0,0.0,-0.8367095374390239,1.0,0.0,0.0,0.0,0.0,0.0,0.0,2.2130493481666833,0.12130085663191262,0.0,0.0,0.0,1.0,1.0,-0.4797795093738436,0.4649905549752775,0.10144650383224237,0.10144650383224237,0.16986075984413973,8.675
-0.36305720250885276,0.0,0.0,1.0,0.0,0.0,0.6567031055022414,1.0,-0.21557245687417037,-0.21525485994656146,-7.44063202444536e-16,-0.29888195734759715,0.0,1.0,0.0,0.0,0.0,0.0,0.0,0.0,0.0,0.0,0.0,0.0,0.0,0.0,0.0,0.0,0.0,1.0,0.0,1.0,0.0,0.0,-0.8367095374390239,1.0,0.0,0.0,0.0,0.0,0.0,0.0,2.2130493481666833,0.12130085663191262,0.0,1.0,0.0,0.0,1.0,-0.1973014164428828,0.4649905549752775,0.23234521845449066,0.23234521845449066,0.29521925419405826,3.3149999999999995
-0.36305720250885276,0.0,0.0,1.0,0.0,0.0,0.6567031055022414,1.0,-0.21557245687417037,-0.21525485994656146,-7.44063202444536e-16,-0.29888195734759715,0.0,1.0,0.0,0.0,0.0,0.0,0.0,0.0,0.0,0.0,0.0,0.0,0.0,0.0,0.0,0.0,0.0,1.0,0.0,1.0,0.0,0.0,-0.8367095374390239,1.0,0.0,0.0,0.0,0.0,0.0,0.0,2.2130493481666833,0.12130085663191262,0.0,1.0,0.0,0.0,1.0,-0.3307419879501465,0.4649905549752775,0.6250413623212355,0.6250413623212355,0.6712947372438139,4.574999999999999
-0.36305720250885276,0.0,0.0,1.0,0.0,0.0,0.6567031055022414,1.0,-0.21557245687417037,-0.21525485994656146,-7.44063202444536e-16,-0.29888195734759715,0.0,1.0,0.0,0.0,0.0,0.0,0.0,0.0,0.0,0.0,0.0,0.0,0.0,0.0,0.0,0.0,0.0,1.0,0.0,1.0,0.0,0.0,-0.8367095374390239,1.0,0.0,0.0,0.0,0.0,0.0,0.0,2.2130493481666833,0.12130085663191262,0.0,1.0,0.0,0.0,0.0,-0.5005754425957548,0.4649905549752775,-1.0766419277679922,-1.0766419277679922,-0.9583656893051273,6.7868075212565095
-0.36305720250885276,0.0,0.0,1.0,0.0,0.0,0.6567031055022414,1.0,-0.21557245687417037,-0.21525485994656146,-7.44063202444536e-16,-0.29888195734759715,0.0,1.0,0.0,0.0,0.0,0.0,0.0,0.0,0.0,0.0,0.0,0.0,0.0,0.0,0.0,0.0,0.0,1.0,0.0,1.0,0.0,0.0,-0.8367095374390239,1.0,0.0,0.0,0.0,0.0,0.0,0.0,2.2130493481666833,0.12130085663191262,0.0,1.0,0.0,0.0,0.0,-0.34633893786657993,0.4649905549752775,-0.7493951412123715,-0.7493951412123715,-0.6449694534303309,3.595
0.3310358636375267,1.0,0.0,0.0,0.0,0.0,1.647656294643348,1.0,-0.22379033133635795,-0.25687872789202915,-7.44063202444536e-16,-0.04980250639624337,0.0,0.0,0.0,0.0,0.0,0.0,0.0,0.0,0.0,0.0,0.0,0.0,1.0,0.0,0.0,0.0,0.0,0.0,1.0,0.0,0.0,1.0,-0.25744908844277664,1.0,0.0,0.0,0.0,0.0,0.0,0.0,1.3339692161710905,2.1726121454917933,0.0,1.0,0.0,0.0,0.0,-0.36713487108849113,0.4649905549752775,0.10144650383224237,0.10144650383224237,0.16986075984413973,25.641111111111112
0.3310358636375267,1.0,0.0,0.0,0.0,0.0,1.647656294643348,1.0,-0.22379033133635795,-0.25687872789202915,-7.44063202444536e-16,-0.04980250639624337,0.0,0.0,0.0,0.0,0.0,0.0,0.0,0.0,0.0,0.0,0.0,0.0,1.0,0.0,0.0,0.0,0.0,0.0,1.0,0.0,0.0,1.0,-0.25744908844277664,1.0,0.0,0.0,0.0,0.0,0.0,0.0,1.3339692161710905,2.1726121454917933,0.0,1.0,0.0,0.0,0.0,-0.37060085995880965,-3.0224386073393013,-0.9457432131457438,-0.9457432131457438,-1.2090826780049644,28.90390236757584
0.3310358636375267,1.0,0.0,0.0,0.0,0.0,1.647656294643348,1.0,-0.22379033133635795,-0.25687872789202915,-7.44063202444536e-16,-0.04980250639624337,0.0,0.0,0.0,0.0,0.0,0.0,0.0,0.0,0.0,0.0,0.0,0.0,1.0,0.0,0.0,0.0,0.0,0.0,1.0,0.0,0.0,1.0,-0.25744908844277664,1.0,0.0,0.0,0.0,0.0,0.0,0.0,1.3339692161710905,2.1726121454917933,0.0,1.0,0.0,0.0,0.0,-0.37753283769944673,-1.859962219901108,-0.9457432131457438,-0.9457432131457438,-1.0837241836550457,28.17395063584581
0.3310358636375267,1.0,0.0,0.0,0.0,0.0,1.647656294643348,1.0,-0.22379033133635795,-0.25687872789202915,-7.44063202444536e-16,-0.04980250639624337,0.0,0.0,0.0,0.0,0.0,0.0,0.0,0.0,0.0,0.0,0.0,0.0,1.0,0.0,0.0,0.0,0.0,0.0,1.0,0.0,0.0,1.0,-0.25744908844277664,1.0,0.0,0.0,0.0,0.0,0.0,0.0,1.3339692161710905,2.1726121454917933,0.0,1.0,0.0,0.0,0.0,-0.3740668488291282,-0.6974858324629155,-0.9457432131457438,-0.9457432131457438,-0.9583656893051273,27.48704172594038
0.3310358636375267,1.0,0.0,0.0,0.0,0.0,1.647656294643348,1.0,-0.22379033133635795,-0.25687872789202915,-7.44063202444536e-16,-0.04980250639624337,0.0,0.0,0.0,0.0,0.0,0.0,0.0,0.0,0.0,0.0,0.0,0.0,1.0,0.0,0.0,0.0,0.0,0.0,1.0,0.0,0.0,1.0,-0.25744908844277664,1.0,0.0,0.0,0.0,0.0,0.0,0.0,1.3339692161710905,2.1726121454917933,0.0,1.0,0.0,0.0,0.0,-0.3740668488291282,0.4649905549752775,-0.9457432131457438,-0.9457432131457438,-0.8330071949552087,26.39948700423932
0.3310358636375267,1.0,0.0,0.0,0.0,0.0,1.647656294643348,1.0,-0.22379033133635795,-0.25687872789202915,-7.44063202444536e-16,-0.04980250639624337,0.0,0.0,0.0,0.0,0.0,0.0,0.0,0.0,0.0,0.0,0.0,0.0,1.0,0.0,0.0,0.0,0.0,0.0,1.0,0.0,0.0,1.0,-0.25744908844277664,1.0,0.0,0.0,0.0,0.0,0.0,0.0,1.3339692161710905,2.1726121454917933,0.0,1.0,0.0,0.0,0.0,-0.48324549824416213,0.4649905549752775,-0.2912496400345025,-0.2912496400345025,-0.20621472320561596,27.61111111111111
0.3310358636375267,1.0,0.0,0.0,0.0,0.0,1.647656294643348,1.0,-0.22379033133635795,-0.25687872789202915,-7.44063202444536e-16,-0.04980250639624337,0.0,0.0,0.0,0.0,0.0,0.0,0.0,0.0,0.0,0.0,0.0,0.0,1.0,0.0,0.0,0.0,0.0,0.0,1.0,0.0,0.0,1.0,-0.25744908844277664,1.0,0.0,0.0,0.0,0.0,0.0,0.0,1.3339692161710905,2.1726121454917933,0.0,1.0,0.0,0.0,1.0,0.1804913704218378,0.4649905549752775,0.23234521845449066,0.23234521845449066,0.29521925419405826,27.21111111111111
0.3310358636375267,1.0,0.0,0.0,0.0,0.0,1.647656294643348,1.0,-0.22379033133635795,-0.25687872789202915,-7.44063202444536e-16,-0.04980250639624337,0.0,0.0,0.0,0.0,0.0,0.0,0.0,0.0,0.0,0.0,0.0,0.0,1.0,0.0,0.0,0.0,0.0,0.0,1.0,0.0,0.0,1.0,-0.25744908844277664,1.0,0.0,0.0,0.0,0.0,0.0,0.0,1.3339692161710905,2.1726121454917933,0.0,1.0,0.0,0.0,1.0,-0.1799714720912901,-1.859962219901108,0.23234521845449066,0.23234521845449066,-0.4067883141654856,28.51111111111112
0.3310358636375267,1.0,0.0,0.0,0.0,0.0,1.647656294643348,1.0,-0.22379033133635795,-0.25687872789202915,-7.44063202444536e-16,-0.04980250639624337,0.0,0.0,0.0,0.0,0.0,0.0,0.0,0.0,0.0,0.0,0.0,0.0,1.0,0.0,0.0,0.0,0.0,0.0,1.0,0.0,0.0,1.0,-0.25744908844277664,1.0,0.0,0.0,0.0,0.0,0.0,0.0,1.3339692161710905,2.1726121454917933,0.0,1.0,0.0,0.0,1.0,3.681140129443561,0.4649905549752775,0.23234521845449066,0.23234521845449066,0.29521925419405826,25.75111111111111
0.3310358636375267,1.0,0.0,0.0,0.0,0.0,1.647656294643348,1.0,-0.22379033133635795,-0.25687872789202915,-7.44063202444536e-16,-0.04980250639624337,0.0,0.0,0.0,0.0,0.0,0.0,0.0,0.0,0.0,0.0,0.0,0.0,1.0,0.0,0.0,0.0,0.0,0.0,1.0,0.0,0.0,1.0,-0.25744908844277664,1.0,0.0,0.0,0.0,0.0,0.0,0.0,1.3339692161710905,2.1726121454917933,0.0,1.0,0.0,0.0,1.0,2.0088004995148667,0.4649905549752775,3.635711798632946,3.635711798632946,3.554540107291941,26.86111111111111
0.3310358636375267,1.0,0.0,0.0,0.0,0.0,1.647656294643348,1.0,-0.22379033133635795,-0.25687872789202915,-7.44063202444536e-16,-0.04980250639624337,0.0,0.0,0.0,0.0,0.0,0.0,0.0,0.0,0.0,0.0,0.0,0.0,1.0,0.0,0.0,0.0,0.0,0.0,1.0,0.0,0.0,1.0,-0.25744908844277664,1.0,0.0,0.0,0.0,0.0,0.0,0.0,1.3339692161710905,2.1726121454917933,0.0,1.0,0.0,0.0,1.0,0.07131272100680387,0.4649905549752775,0.6250413623212355,0.6250413623212355,0.6712947372438139,25.78111111111111
0.3310358636375267,1.0,0.0,0.0,0.0,0.0,1.647656294643348,1.0,-0.22379033133635795,-0.25687872789202915,-7.44063202444536e-16,-0.04980250639624337,0.0,0.0,0.0,0.0,0.0,0.0,0.0,0.0,0.0,0.0,0.0,0.0,1.0,0.0,0.0,0.0,0.0,0.0,1.0,0.0,0.0,1.0,-0.25744908844277664,1.0,0.0,0.0,0.0,0.0,0.0,0.0,1.3339692161710905,2.1726121454917933,1.0,0.0,0.0,0.0,1.0,-0.2302283107109089,0.4649905549752775,-0.553047069278999,-0.553047069278999,-0.45693171190545306,26.909687244776347
0.3310358636375267,1.0,0.0,0.0,0.0,0.0,1.647656294643348,1.0,-0.22379033133635795,-0.25687872789202915,-7.44063202444536e-16,-0.04980250639624337,0.0,0.0,0.0,0.0,0.0,0.0,0.0,0.0,0.0,0.0,0.0,0.0,1.0,0.0,0.0,0.0,0.0,0.0,1.0,0.0,0.0,1.0,-0.25744908844277664,1.0,0.0,0.0,0.0,0.0,0.0,0.0,1.3339692161710905,2.1726121454917933,0.0,0.0,1.0,0.0,1.0,-0.31687803246887236,0.4649905549752775,0.23234521845449066,0.23234521845449066,0.29521925419405826,27.51111111111111
0.3310358636375267,1.0,0.0,0.0,0.0,0.0,1.647656294643348,1.0,-0.22379033133635795,-0.25687872789202915,-7.44063202444536e-16,-0.04980250639624337,0.0,0.0,0.0,0.0,0.0,0.0,0.0,0.0,0.0,0.0,0.0,0.0,1.0,0.0,0.0,0.0,0.0,0.0,1.0,0.0,0.0,1.0,-0.25744908844277664,1.0,0.0,0.0,0.0,0.0,0.0,0.0,1.3339692161710905,2.1726121454917933,0.0,0.0,0.0,1.0,1.0,-0.5040414314660734,0.4649905549752775,0.10144650383224237,0.10144650383224237,0.16986075984413973,28.41111111111111
0.3310358636375267,1.0,0.0,0.0,0.0,0.0,1.647656294643348,1.0,-0.22379033133635795,-0.25687872789202915,-7.44063202444536e-16,-0.04980250639624337,0.0,0.0,0.0,0.0,0.0,0.0,0.0,0.0,0.0,0.0,0.0,0.0,1.0,0.0,0.0,0.0,0.0,0.0,1.0,0.0,0.0,1.0,-0.25744908844277664,1.0,0.0,0.0,0.0,0.0,0.0,0.0,1.3339692161710905,2.1726121454917933,0.0,0.0,0.0,1.0,1.0,-0.5092404147715511,0.4649905549752775,0.10144650383224237,0.10144650383224237,0.16986075984413973,32.51111111111111
0.3310358636375267,1.0,0.0,0.0,0.0,0.0,1.647656294643348,1.0,-0.22379033133635795,-0.25687872789202915,-7.44063202444536e-16,-0.04980250639624337,0.0,0.0,0.0,0.0,0.0,0.0,0.0,0.0,0.0,0.0,0.0,0.0,1.0,0.0,0.0,0.0,0.0,0.0,1.0,0.0,0.0,1.0,-0.25744908844277664,1.0,0.0,0.0,0.0,0.0,0.0,0.0,1.3339692161710905,2.1726121454917933,0.0,0.0,0.0,1.0,1.0,-0.4797795093738436,0.4649905549752775,0.10144650383224237,0.10144650383224237,0.16986075984413973,30.41111111111111
0.3310358636375267,1.0,0.0,0.0,0.0,0.0,1.647656294643348,1.0,-0.22379033133635795,-0.25687872789202915,-7.44063202444536e-16,-0.04980250639624337,0.0,0.0,0.0,0.0,0.0,0.0,0.0,0.0,0.0,0.0,0.0,0.0,1.0,0.0,0.0,0.0,0.0,0.0,1.0,0.0,0.0,1.0,-0.25744908844277664,1.0,0.0,0.0,0.0,0.0,0.0,0.0,1.3339692161710905,2.1726121454917933,0.0,1.0,0.0,0.0,1.0,-0.1973014164428828,0.4649905549752775,0.23234521845449066,0.23234521845449066,0.29521925419405826,25.051111111111112
0.3310358636375267,1.0,0.0,0.0,0.0,0.0,1.647656294643348,1.0,-0.22379033133635795,-0.25687872789202915,-7.44063202444536e-16,-0.04980250639624337,0.0,0.0,0.0,0.0,0.0,0.0,0.0,0.0,0.0,0.0,0.0,0.0,1.0,0.0,0.0,0.0,0.0,0.0,1.0,0.0,0.0,1.0,-0.25744908844277664,1.0,0.0,0.0,0.0,0.0,0.0,0.0,1.3339692161710905,2.1726121454917933,0.0,1.0,0.0,0.0,1.0,-0.3307419879501465,0.4649905549752775,0.6250413623212355,0.6250413623212355,0.6712947372438139,26.31111111111111
0.3310358636375267,1.0,0.0,0.0,0.0,0.0,1.647656294643348,1.0,-0.22379033133635795,-0.25687872789202915,-7.44063202444536e-16,-0.04980250639624337,0.0,0.0,0.0,0.0,0.0,0.0,0.0,0.0,0.0,0.0,0.0,0.0,1.0,0.0,0.0,0.0,0.0,0.0,1.0,0.0,0.0,1.0,-0.25744908844277664,1.0,0.0,0.0,0.0,0.0,0.0,0.0,1.3339692161710905,2.1726121454917933,0.0,1.0,0.0,0.0,0.0,-0.5005754425957548,0.4649905549752775,-1.0766419277679922,-1.0766419277679922,-0.9583656893051273,28.52291863236762
0.3310358636375267,1.0,0.0,0.0,0.0,0.0,1.647656294643348,1.0,-0.22379033133635795,-0.25687872789202915,-7.44063202444536e-16,-0.04980250639624337,0.0,0.0,0.0,0.0,0.0,0.0,0.0,0.0,0.0,0.0,0.0,0.0,1.0,0.0,0.0,0.0,0.0,0.0,1.0,0.0,0.0,1.0,-0.25744908844277664,1.0,0.0,0.0,0.0,0.0,0.0,0.0,1.3339692161710905,2.1726121454917933,0.0,1.0,0.0,0.0,0.0,-0.34633893786657993,0.4649905549752775,-0.7493951412123715,-0.7493951412123715,-0.6449694534303309,25.33111111111111
0.3310358636375267,1.0,0.0,0.0,0.0,0.0,1.647656294643348,1.0,-0.22379033133635795,-0.25687872789202915,-7.44063202444536e-16,-0.10069614421082287,0.0,0.0,0.0,0.0,0.0,0.0,0.0,1.0,0.0,0.0,0.0,0.0,0.0,0.0,0.0,0.0,0.0,0.0,1.0,0.0,0.0,1.0,-0.25744908844277664,1.0,0.0,0.0,0.0,0.0,0.0,0.0,1.3339692161710905,2.1726121454917933,0.0,1.0,0.0,0.0,0.0,-0.36713487108849113,0.4649905549752775,0.10144650383224237,0.10144650383224237,0.16986075984413973,2.74917808219178
0.3310358636375267,1.0,0.0,0.0,0.0,0.0,1.647656294643348,1.0,-0.22379033133635795,-0.25687872789202915,-7.44063202444536e-16,-0.10069614421082287,0.0,0.0,0.0,0.0,0.0,0.0,0.0,1.0,0.0,0.0,0.0,0.0,0.0,0.0,0.0,0.0,0.0,0.0,1.0,0.0,0.0,1.0,-0.25744908844277664,1.0,0.0,0.0,0.0,0.0,0.0,0.0,1.3339692161710905,2.1726121454917933,0.0,1.0,0.0,0.0,0.0,-0.37060085995880965,-3.0224386073393013,-0.9457432131457438,-0.9457432131457438,-1.2090826780049644,6.011969338656511
0.3310358636375267,1.0,0.0,0.0,0.0,0.0,1.647656294643348,1.0,-0.22379033133635795,-0.25687872789202915,-7.44063202444536e-16,-0.10069614421082287,0.0,0.0,0.0,0.0,0.0,0.0,0.0,1.0,0.0,0.0,0.0,0.0,0.0,0.0,0.0,0.0,0.0,0.0,1.0,0.0,0.0,1.0,-0.25744908844277664,1.0,0.0,0.0,0.0,0.0,0.0,0.0,1.3339692161710905,2.1726121454917933,0.0,1.0,0.0,0.0,0.0,-0.37753283769944673,-1.859962219901108,-0.9457432131457438,-0.9457432131457438,-1.0837241836550457,5.282017606926474
0.3310358636375267,1.0,0.0,0.0,0.0,0.0,1.647656294643348,1.0,-0.22379033133635795,-0.25687872789202915,-7.44063202444536e-16,-0.10069614421082287,0.0,0.0,0.0,0.0,0.0,0.0,0.0,1.0,0.0,0.0,0.0,0.0,0.0,0.0,0.0,0.0,0.0,0.0,1.0,0.0,0.0,1.0,-0.25744908844277664,1.0,0.0,0.0,0.0,0.0,0.0,0.0,1.3339692161710905,2.1726121454917933,0.0,1.0,0.0,0.0,0.0,-0.3740668488291282,-0.6974858324629155,-0.9457432131457438,-0.9457432131457438,-0.9583656893051273,4.5951086970210495
0.3310358636375267,1.0,0.0,0.0,0.0,0.0,1.647656294643348,1.0,-0.22379033133635795,-0.25687872789202915,-7.44063202444536e-16,-0.10069614421082287,0.0,0.0,0.0,0.0,0.0,0.0,0.0,1.0,0.0,0.0,0.0,0.0,0.0,0.0,0.0,0.0,0.0,0.0,1.0,0.0,0.0,1.0,-0.25744908844277664,1.0,0.0,0.0,0.0,0.0,0.0,0.0,1.3339692161710905,2.1726121454917933,0.0,1.0,0.0,0.0,0.0,-0.3740668488291282,0.4649905549752775,-0.9457432131457438,-0.9457432131457438,-0.8330071949552087,3.5075539753199863
0.3310358636375267,1.0,0.0,0.0,0.0,0.0,1.647656294643348,1.0,-0.22379033133635795,-0.25687872789202915,-7.44063202444536e-16,-0.10069614421082287,0.0,0.0,0.0,0.0,0.0,0.0,0.0,1.0,0.0,0.0,0.0,0.0,0.0,0.0,0.0,0.0,0.0,0.0,1.0,0.0,0.0,1.0,-0.25744908844277664,1.0,0.0,0.0,0.0,0.0,0.0,0.0,1.3339692161710905,2.1726121454917933,0.0,1.0,0.0,0.0,0.0,-0.48324549824416213,0.4649905549752775,-0.2912496400345025,-0.2912496400345025,-0.20621472320561596,4.71917808219178
0.3310358636375267,1.0,0.0,0.0,0.0,0.0,1.647656294643348,1.0,-0.22379033133635795,-0.25687872789202915,-7.44063202444536e-16,-0.10069614421082287,0.0,0.0,0.0,0.0,0.0,0.0,0.0,1.0,0.0,0.0,0.0,0.0,0.0,0.0,0.0,0.0,0.0,0.0,1.0,0.0,0.0,1.0,-0.25744908844277664,1.0,0.0,0.0,0.0,0.0,0.0,0.0,1.3339692161710905,2.1726121454917933,0.0,1.0,0.0,0.0,1.0,0.1804913704218378,0.4649905549752775,0.23234521845449066,0.23234521845449066,0.29521925419405826,4.31917808219178
0.3310358636375267,1.0,0.0,0.0,0.0,0.0,1.647656294643348,1.0,-0.22379033133635795,-0.25687872789202915,-7.44063202444536e-16,-0.10069614421082287,0.0,0.0,0.0,0.0,0.0,0.0,0.0,1.0,0.0,0.0,0.0,0.0,0.0,0.0,0.0,0.0,0.0,0.0,1.0,0.0,0.0,1.0,-0.25744908844277664,1.0,0.0,0.0,0.0,0.0,0.0,0.0,1.3339692161710905,2.1726121454917933,0.0,1.0,0.0,0.0,1.0,-0.1799714720912901,-1.859962219901108,0.23234521845449066,0.23234521845449066,-0.4067883141654856,5.61917808219178
0.3310358636375267,1.0,0.0,0.0,0.0,0.0,1.647656294643348,1.0,-0.22379033133635795,-0.25687872789202915,-7.44063202444536e-16,-0.10069614421082287,0.0,0.0,0.0,0.0,0.0,0.0,0.0,1.0,0.0,0.0,0.0,0.0,0.0,0.0,0.0,0.0,0.0,0.0,1.0,0.0,0.0,1.0,-0.25744908844277664,1.0,0.0,0.0,0.0,0.0,0.0,0.0,1.3339692161710905,2.1726121454917933,0.0,1.0,0.0,0.0,1.0,3.681140129443561,0.4649905549752775,0.23234521845449066,0.23234521845449066,0.29521925419405826,2.85917808219178
0.3310358636375267,1.0,0.0,0.0,0.0,0.0,1.647656294643348,1.0,-0.22379033133635795,-0.25687872789202915,-7.44063202444536e-16,-0.10069614421082287,0.0,0.0,0.0,0.0,0.0,0.0,0.0,1.0,0.0,0.0,0.0,0.0,0.0,0.0,0.0,0.0,0.0,0.0,1.0,0.0,0.0,1.0,-0.25744908844277664,1.0,0.0,0.0,0.0,0.0,0.0,0.0,1.3339692161710905,2.1726121454917933,0.0,1.0,0.0,0.0,1.0,2.0088004995148667,0.4649905549752775,3.635711798632946,3.635711798632946,3.554540107291941,3.96917808219178
0.3310358636375267,1.0,0.0,0.0,0.0,0.0,1.647656294643348,1.0,-0.22379033133635795,-0.25687872789202915,-7.44063202444536e-16,-0.10069614421082287,0.0,0.0,0.0,0.0,0.0,0.0,0.0,1.0,0.0,0.0,0.0,0.0,0.0,0.0,0.0,0.0,0.0,0.0,1.0,0.0,0.0,1.0,-0.25744908844277664,1.0,0.0,0.0,0.0,0.0,0.0,0.0,1.3339692161710905,2.1726121454917933,0.0,1.0,0.0,0.0,1.0,0.07131272100680387,0.4649905549752775,0.6250413623212355,0.6250413623212355,0.6712947372438139,2.88917808219178
0.3310358636375267,1.0,0.0,0.0,0.0,0.0,1.647656294643348,1.0,-0.22379033133635795,-0.25687872789202915,-7.44063202444536e-16,-0.10069614421082287,0.0,0.0,0.0,0.0,0.0,0.0,0.0,1.0,0.0,0.0,0.0,0.0,0.0,0.0,0.0,0.0,0.0,0.0,1.0,0.0,0.0,1.0,-0.25744908844277664,1.0,0.0,0.0,0.0,0.0,0.0,0.0,1.3339692161710905,2.1726121454917933,1.0,0.0,0.0,0.0,1.0,-0.2302283107109089,0.4649905549752775,-0.553047069278999,-0.553047069278999,-0.45693171190545306,4.017754215857016
0.3310358636375267,1.0,0.0,0.0,0.0,0.0,1.647656294643348,1.0,-0.22379033133635795,-0.25687872789202915,-7.44063202444536e-16,-0.10069614421082287,0.0,0.0,0.0,0.0,0.0,0.0,0.0,1.0,0.0,0.0,0.0,0.0,0.0,0.0,0.0,0.0,0.0,0.0,1.0,0.0,0.0,1.0,-0.25744908844277664,1.0,0.0,0.0,0.0,0.0,0.0,0.0,1.3339692161710905,2.1726121454917933,0.0,0.0,1.0,0.0,1.0,-0.31687803246887236,0.4649905549752775,0.23234521845449066,0.23234521845449066,0.29521925419405826,4.61917808219178
0.3310358636375267,1.0,0.0,0.0,0.0,0.0,1.647656294643348,1.0,-0.22379033133635795,-0.25687872789202915,-7.44063202444536e-16,-0.10069614421082287,0.0,0.0,0.0,0.0,0.0,0.0,0.0,1.0,0.0,0.0,0.0,0.0,0.0,0.0,0.0,0.0,0.0,0.0,1.0,0.0,0.0,1.0,-0.25744908844277664,1.0,0.0,0.0,0.0,0.0,0.0,0.0,1.3339692161710905,2.1726121454917933,0.0,0.0,0.0,1.0,1.0,-0.5040414314660734,0.4649905549752775,0.10144650383224237,0.10144650383224237,0.16986075984413973,5.519178082191781
0.3310358636375267,1.0,0.0,0.0,0.0,0.0,1.647656294643348,1.0,-0.22379033133635795,-0.25687872789202915,-7.44063202444536e-16,-0.10069614421082287,0.0,0.0,0.0,0.0,0.0,0.0,0.0,1.0,0.0,0.0,0.0,0.0,0.0,0.0,0.0,0.0,0.0,0.0,1.0,0.0,0.0,1.0,-0.25744908844277664,1.0,0.0,0.0,0.0,0.0,0.0,0.0,1.3339692161710905,2.1726121454917933,0.0,0.0,0.0,1.0,1.0,-0.5092404147715511,0.4649905549752775,0.10144650383224237,0.10144650383224237,0.16986075984413973,9.61917808219178
0.3310358636375267,1.0,0.0,0.0,0.0,0.0,1.647656294643348,1.0,-0.22379033133635795,-0.25687872789202915,-7.44063202444536e-16,-0.10069614421082287,0.0,0.0,0.0,0.0,0.0,0.0,0.0,1.0,0.0,0.0,0.0,0.0,0.0,0.0,0.0,0.0,0.0,0.0,1.0,0.0,0.0,1.0,-0.25744908844277664,1.0,0.0,0.0,0.0,0.0,0.0,0.0,1.3339692161710905,2.1726121454917933,0.0,0.0,0.0,1.0,1.0,-0.4797795093738436,0.4649905549752775,0.10144650383224237,0.10144650383224237,0.16986075984413973,7.519178082191781
0.3310358636375267,1.0,0.0,0.0,0.0,0.0,1.647656294643348,1.0,-0.22379033133635795,-0.25687872789202915,-7.44063202444536e-16,-0.10069614421082287,0.0,0.0,0.0,0.0,0.0,0.0,0.0,1.0,0.0,0.0,0.0,0.0,0.0,0.0,0.0,0.0,0.0,0.0,1.0,0.0,0.0,1.0,-0.25744908844277664,1.0,0.0,0.0,0.0,0.0,0.0,0.0,1.3339692161710905,2.1726121454917933,0.0,1.0,0.0,0.0,1.0,-0.1973014164428828,0.4649905549752775,0.23234521845449066,0.23234521845449066,0.29521925419405826,2.1591780821917794
0.3310358636375267,1.0,0.0,0.0,0.0,0.0,1.647656294643348,1.0,-0.22379033133635795,-0.25687872789202915,-7.44063202444536e-16,-0.10069614421082287,0.0,0.0,0.0,0.0,0.0,0.0,0.0,1.0,0.0,0.0,0.0,0.0,0.0,0.0,0.0,0.0,0.0,0.0,1.0,0.0,0.0,1.0,-0.25744908844277664,1.0,0.0,0.0,0.0,0.0,0.0,0.0,1.3339692161710905,2.1726121454917933,0.0,1.0,0.0,0.0,1.0,-0.3307419879501465,0.4649905549752775,0.6250413623212355,0.6250413623212355,0.6712947372438139,3.419178082191779
0.3310358636375267,1.0,0.0,0.0,0.0,0.0,1.647656294643348,1.0,-0.22379033133635795,-0.25687872789202915,-7.44063202444536e-16,-0.10069614421082287,0.0,0.0,0.0,0.0,0.0,0.0,0.0,1.0,0.0,0.0,0.0,0.0,0.0,0.0,0.0,0.0,0.0,0.0,1.0,0.0,0.0,1.0,-0.25744908844277664,1.0,0.0,0.0,0.0,0.0,0.0,0.0,1.3339692161710905,2.1726121454917933,0.0,1.0,0.0,0.0,0.0,-0.5005754425957548,0.4649905549752775,-1.0766419277679922,-1.0766419277679922,-0.9583656893051273,5.6309856034482895
0.3310358636375267,1.0,0.0,0.0,0.0,0.0,1.647656294643348,1.0,-0.22379033133635795,-0.25687872789202915,-7.44063202444536e-16,-0.10069614421082287,0.0,0.0,0.0,0.0,0.0,0.0,0.0,1.0,0.0,0.0,0.0,0.0,0.0,0.0,0.0,0.0,0.0,0.0,1.0,0.0,0.0,1.0,-0.25744908844277664,1.0,0.0,0.0,0.0,0.0,0.0,0.0,1.3339692161710905,2.1726121454917933,0.0,1.0,0.0,0.0,0.0,-0.34633893786657993,0.4649905549752775,-0.7493951412123715,-0.7493951412123715,-0.6449694534303309,2.43917808219178
-0.478739380199916,0.0,0.0,1.0,0.0,0.0,-0.1926853423329929,1.0,0.0,0.0,-7.44063202444536e-16,-0.2922957218657104,0.0,0.0,0.0,1.0,0.0,0.0,0.0,0.0,0.0,0.0,0.0,0.0,0.0,0.0,0.0,0.0,0.0,1.0,0.0,0.0,0.0,1.0,0.9010718095497178,1.0,0.0,0.0,0.0,0.0,0.0,0.0,0.7060548361742383,-0.6113103179609019,0.0,1.0,0.0,0.0,0.0,-0.36713487108849113,0.4649905549752775,0.10144650383224237,0.10144650383224237,0.16986075984413973,5.03
-0.478739380199916,0.0,0.0,1.0,0.0,0.0,-0.1926853423329929,1.0,0.0,0.0,-7.44063202444536e-16,-0.2922957218657104,0.0,0.0,0.0,1.0,0.0,0.0,0.0,0.0,0.0,0.0,0.0,0.0,0.0,0.0,0.0,0.0,0.0,1.0,0.0,0.0,0.0,1.0,0.9010718095497178,1.0,0.0,0.0,0.0,0.0,0.0,0.0,0.7060548361742383,-0.6113103179609019,0.0,1.0,0.0,0.0,0.0,-0.37060085995880965,-3.0224386073393013,-0.9457432131457438,-0.9457432131457438,-1.2090826780049644,8.292791256464731
-0.478739380199916,0.0,0.0,1.0,0.0,0.0,-0.1926853423329929,1.0,0.0,0.0,-7.44063202444536e-16,-0.2922957218657104,0.0,0.0,0.0,1.0,0.0,0.0,0.0,0.0,0.0,0.0,0.0,0.0,0.0,0.0,0.0,0.0,0.0,1.0,0.0,0.0,0.0,1.0,0.9010718095497178,1.0,0.0,0.0,0.0,0.0,0.0,0.0,0.7060548361742383,-0.6113103179609019,0.0,1.0,0.0,0.0,0.0,-0.37753283769944673,-1.859962219901108,-0.9457432131457438,-0.9457432131457438,-1.0837241836550457,7.562839524734694
-0.478739380199916,0.0,0.0,1.0,0.0,0.0,-0.1926853423329929,1.0,0.0,0.0,-7.44063202444536e-16,-0.2922957218657104,0.0,0.0,0.0,1.0,0.0,0.0,0.0,0.0,0.0,0.0,0.0,0.0,0.0,0.0,0.0,0.0,0.0,1.0,0.0,0.0,0.0,1.0,0.9010718095497178,1.0,0.0,0.0,0.0,0.0,0.0,0.0,0.7060548361742383,-0.6113103179609019,0.0,1.0,0.0,0.0,0.0,-0.3740668488291282,-0.6974858324629155,-0.9457432131457438,-0.9457432131457438,-0.9583656893051273,6.87593061482927
-0.478739380199916,0.0,0.0,1.0,0.0,0.0,-0.1926853423329929,1.0,0.0,0.0,-7.44063202444536e-16,-0.2922957218657104,0.0,0.0,0.0,1.0,0.0,0.0,0.0,0.0,0.0,0.0,0.0,0.0,0.0,0.0,0.0,0.0,0.0,1.0,0.0,0.0,0.0,1.0,0.9010718095497178,1.0,0.0,0.0,0.0,0.0,0.0,0.0,0.7060548361742383,-0.6113103179609019,0.0,1.0,0.0,0.0,0.0,-0.3740668488291282,0.4649905549752775,-0.9457432131457438,-0.9457432131457438,-0.8330071949552087,5.788375893128206
-0.478739380199916,0.0,0.0,1.0,0.0,0.0,-0.1926853423329929,1.0,0.0,0.0,-7.44063202444536e-16,-0.2922957218657104,0.0,0.0,0.0,1.0,0.0,0.0,0.0,0.0,0.0,0.0,0.0,0.0,0.0,0.0,0.0,0.0,0.0,1.0,0.0,0.0,0.0,1.0,0.9010718095497178,1.0,0.0,0.0,0.0,0.0,0.0,0.0,0.7060548361742383,-0.6113103179609019,0.0,1.0,0.0,0.0,0.0,-0.48324549824416213,0.4649905549752775,-0.2912496400345025,-0.2912496400345025,-0.20621472320561596,7.0
-0.478739380199916,0.0,0.0,1.0,0.0,0.0,-0.1926853423329929,1.0,0.0,0.0,-7.44063202444536e-16,-0.2922957218657104,0.0,0.0,0.0,1.0,0.0,0.0,0.0,0.0,0.0,0.0,0.0,0.0,0.0,0.0,0.0,0.0,0.0,1.0,0.0,0.0,0.0,1.0,0.9010718095497178,1.0,0.0,0.0,0.0,0.0,0.0,0.0,0.7060548361742383,-0.6113103179609019,0.0,1.0,0.0,0.0,1.0,0.1804913704218378,0.4649905549752775,0.23234521845449066,0.23234521845449066,0.29521925419405826,6.6
-0.478739380199916,0.0,0.0,1.0,0.0,0.0,-0.1926853423329929,1.0,0.0,0.0,-7.44063202444536e-16,-0.2922957218657104,0.0,0.0,0.0,1.0,0.0,0.0,0.0,0.0,0.0,0.0,0.0,0.0,0.0,0.0,0.0,0.0,0.0,1.0,0.0,0.0,0.0,1.0,0.9010718095497178,1.0,0.0,0.0,0.0,0.0,0.0,0.0,0.7060548361742383,-0.6113103179609019,0.0,1.0,0.0,0.0,1.0,-0.1799714720912901,-1.859962219901108,0.23234521845449066,0.23234521845449066,-0.4067883141654856,7.9
-0.478739380199916,0.0,0.0,1.0,0.0,0.0,-0.1926853423329929,1.0,0.0,0.0,-7.44063202444536e-16,-0.2922957218657104,0.0,0.0,0.0,1.0,0.0,0.0,0.0,0.0,0.0,0.0,0.0,0.0,0.0,0.0,0.0,0.0,0.0,1.0,0.0,0.0,0.0,1.0,0.9010718095497178,1.0,0.0,0.0,0.0,0.0,0.0,0.0,0.7060548361742383,-0.6113103179609019,0.0,1.0,0.0,0.0,1.0,3.681140129443561,0.4649905549752775,0.23234521845449066,0.23234521845449066,0.29521925419405826,5.14
-0.478739380199916,0.0,0.0,1.0,0.0,0.0,-0.1926853423329929,1.0,0.0,0.0,-7.44063202444536e-16,-0.2922957218657104,0.0,0.0,0.0,1.0,0.0,0.0,0.0,0.0,0.0,0.0,0.0,0.0,0.0,0.0,0.0,0.0,0.0,1.0,0.0,0.0,0.0,1.0,0.9010718095497178,1.0,0.0,0.0,0.0,0.0,0.0,0.0,0.7060548361742383,-0.6113103179609019,0.0,1.0,0.0,0.0,1.0,2.0088004995148667,0.4649905549752775,3.635711798632946,3.635711798632946,3.554540107291941,6.25
-0.478739380199916,0.0,0.0,1.0,0.0,0.0,-0.1926853423329929,1.0,0.0,0.0,-7.44063202444536e-16,-0.2922957218657104,0.0,0.0,0.0,1.0,0.0,0.0,0.0,0.0,0.0,0.0,0.0,0.0,0.0,0.0,0.0,0.0,0.0,1.0,0.0,0.0,0.0,1.0,0.9010718095497178,1.0,0.0,0.0,0.0,0.0,0.0,0.0,0.7060548361742383,-0.6113103179609019,0.0,1.0,0.0,0.0,1.0,0.07131272100680387,0.4649905549752775,0.6250413623212355,0.6250413623212355,0.6712947372438139,5.17
-0.478739380199916,0.0,0.0,1.0,0.0,0.0,-0.1926853423329929,1.0,0.0,0.0,-7.44063202444536e-16,-0.2922957218657104,0.0,0.0,0.0,1.0,0.0,0.0,0.0,0.0,0.0,0.0,0.0,0.0,0.0,0.0,0.0,0.0,0.0,1.0,0.0,0.0,0.0,1.0,0.9010718095497178,1.0,0.0,0.0,0.0,0.0,0.0,0.0,0.7060548361742383,-0.6113103179609019,1.0,0.0,0.0,0.0,1.0,-0.2302283107109089,0.4649905549752775,-0.553047069278999,-0.553047069278999,-0.45693171190545306,6.298576133665236
-0.478739380199916,0.0,0.0,1.0,0.0,0.0,-0.1926853423329929,1.0,0.0,0.0,-7.44063202444536e-16,-0.2922957218657104,0.0,0.0,0.0,1.0,0.0,0.0,0.0,0.0,0.0,0.0,0.0,0.0,0.0,0.0,0.0,0.0,0.0,1.0,0.0,0.0,0.0,1.0,0.9010718095497178,1.0,0.0,0.0,0.0,0.0,0.0,0.0,0.7060548361742383,-0.6113103179609019,0.0,0.0,1.0,0.0,1.0,-0.31687803246887236,0.4649905549752775,0.23234521845449066,0.23234521845449066,0.29521925419405826,6.9
-0.478739380199916,0.0,0.0,1.0,0.0,0.0,-0.1926853423329929,1.0,0.0,0.0,-7.44063202444536e-16,-0.2922957218657104,0.0,0.0,0.0,1.0,0.0,0.0,0.0,0.0,0.0,0.0,0.0,0.0,0.0,0.0,0.0,0.0,0.0,1.0,0.0,0.0,0.0,1.0,0.9010718095497178,1.0,0.0,0.0,0.0,0.0,0.0,0.0,0.7060548361742383,-0.6113103179609019,0.0,0.0,0.0,1.0,1.0,-0.5040414314660734,0.4649905549752775,0.10144650383224237,0.10144650383224237,0.16986075984413973,7.800000000000001
-0.478739380199916,0.0,0.0,1.0,0.0,0.0,-0.1926853423329929,1.0,0.0,0.0,-7.44063202444536e-16,-0.2922957218657104,0.0,0.0,0.0,1.0,0.0,0.0,0.0,0.0,0.0,0.0,0.0,0.0,0.0,0.0,0.0,0.0,0.0,1.0,0.0,0.0,0.0,1.0,0.9010718095497178,1.0,0.0,0.0,0.0,0.0,0.0,0.0,0.7060548361742383,-0.6113103179609019,0.0,0.0,0.0,1.0,1.0,-0.5092404147715511,0.4649905549752775,0.10144650383224237,0.10144650383224237,0.16986075984413973,11.9
-0.478739380199916,0.0,0.0,1.0,0.0,0.0,-0.1926853423329929,1.0,0.0,0.0,-7.44063202444536e-16,-0.2922957218657104,0.0,0.0,0.0,1.0,0.0,0.0,0.0,0.0,0.0,0.0,0.0,0.0,0.0,0.0,0.0,0.0,0.0,1.0,0.0,0.0,0.0,1.0,0.9010718095497178,1.0,0.0,0.0,0.0,0.0,0.0,0.0,0.7060548361742383,-0.6113103179609019,0.0,0.0,0.0,1.0,1.0,-0.4797795093738436,0.4649905549752775,0.10144650383224237,0.10144650383224237,0.16986075984413973,9.8
-0.478739380199916,0.0,0.0,1.0,0.0,0.0,-0.1926853423329929,1.0,0.0,0.0,-7.44063202444536e-16,-0.2922957218657104,0.0,0.0,0.0,1.0,0.0,0.0,0.0,0.0,0.0,0.0,0.0,0.0,0.0,0.0,0.0,0.0,0.0,1.0,0.0,0.0,0.0,1.0,0.9010718095497178,1.0,0.0,0.0,0.0,0.0,0.0,0.0,0.7060548361742383,-0.6113103179609019,0.0,1.0,0.0,0.0,1.0,-0.1973014164428828,0.4649905549752775,0.23234521845449066,0.23234521845449066,0.29521925419405826,4.44
-0.478739380199916,0.0,0.0,1.0,0.0,0.0,-0.1926853423329929,1.0,0.0,0.0,-7.44063202444536e-16,-0.2922957218657104,0.0,0.0,0.0,1.0,0.0,0.0,0.0,0.0,0.0,0.0,0.0,0.0,0.0,0.0,0.0,0.0,0.0,1.0,0.0,0.0,0.0,1.0,0.9010718095497178,1.0,0.0,0.0,0.0,0.0,0.0,0.0,0.7060548361742383,-0.6113103179609019,0.0,1.0,0.0,0.0,1.0,-0.3307419879501465,0.4649905549752775,0.6250413623212355,0.6250413623212355,0.6712947372438139,5.699999999999999
-0.478739380199916,0.0,0.0,1.0,0.0,0.0,-0.1926853423329929,1.0,0.0,0.0,-7.44063202444536e-16,-0.2922957218657104,0.0,0.0,0.0,1.0,0.0,0.0,0.0,0.0,0.0,0.0,0.0,0.0,0.0,0.0,0.0,0.0,0.0,1.0,0.0,0.0,0.0,1.0,0.9010718095497178,1.0,0.0,0.0,0.0,0.0,0.0,0.0,0.7060548361742383,-0.6113103179609019,0.0,1.0,0.0,0.0,0.0,-0.5005754425957548,0.4649905549752775,-1.0766419277679922,-1.0766419277679922,-0.9583656893051273,7.911807521256509
-0.478739380199916,0.0,0.0,1.0,0.0,0.0,-0.1926853423329929,1.0,0.0,0.0,-7.44063202444536e-16,-0.2922957218657104,0.0,0.0,0.0,1.0,0.0,0.0,0.0,0.0,0.0,0.0,0.0,0.0,0.0,0.0,0.0,0.0,0.0,1.0,0.0,0.0,0.0,1.0,0.9010718095497178,1.0,0.0,0.0,0.0,0.0,0.0,0.0,0.7060548361742383,-0.6113103179609019,0.0,1.0,0.0,0.0,0.0,-0.34633893786657993,0.4649905549752775,-0.7493951412123715,-0.7493951412123715,-0.6449694534303309,4.72
-0.5018758157381287,1.0,0.0,0.0,0.0,0.0,1.1521797000727947,1.0,6.607611310873566,6.5884636690826,-2.843955114316845,6.5663704094990925,0.0,0.0,0.0,0.0,0.0,0.0,0.0,0.0,0.0,0.0,0.0,1.0,0.0,0.0,0.0,1.0,0.0,0.0,0.0,1.0,0.0,0.0,0.032181136055346955,0.0,0.0,0.0,0.0,1.0,0.0,0.0,0.8944291501732939,-0.6479408766905426,0.0,1.0,0.0,0.0,0.0,-0.36713487108849113,0.4649905549752775,0.10144650383224237,0.10144650383224237,0.16986075984413973,-2.97
-0.5018758157381287,1.0,0.0,0.0,0.0,0.0,1.1521797000727947,1.0,6.607611310873566,6.5884636690826,-2.843955114316845,6.5663704094990925,0.0,0.0,0.0,0.0,0.0,0.0,0.0,0.0,0.0,0.0,0.0,1.0,0.0,0.0,0.0,1.0,0.0,0.0,0.0,1.0,0.0,0.0,0.032181136055346955,0.0,0.0,0.0,0.0,1.0,0.0,0.0,0.8944291501732939,-0.6479408766905426,0.0,1.0,0.0,0.0,0.0,-0.37060085995880965,-3.0224386073393013,-0.9457432131457438,-0.9457432131457438,-1.2090826780049644,0.2927912564647315
-0.5018758157381287,1.0,0.0,0.0,0.0,0.0,1.1521797000727947,1.0,6.607611310873566,6.5884636690826,-2.843955114316845,6.5663704094990925,0.0,0.0,0.0,0.0,0.0,0.0,0.0,0.0,0.0,0.0,0.0,1.0,0.0,0.0,0.0,1.0,0.0,0.0,0.0,1.0,0.0,0.0,0.032181136055346955,0.0,0.0,0.0,0.0,1.0,0.0,0.0,0.8944291501732939,-0.6479408766905426,0.0,1.0,0.0,0.0,0.0,-0.37753283769944673,-1.859962219901108,-0.9457432131457438,-0.9457432131457438,-1.0837241836550457,-0.4371604752653057
-0.5018758157381287,1.0,0.0,0.0,0.0,0.0,1.1521797000727947,1.0,6.607611310873566,6.5884636690826,-2.843955114316845,6.5663704094990925,0.0,0.0,0.0,0.0,0.0,0.0,0.0,0.0,0.0,0.0,0.0,1.0,0.0,0.0,0.0,1.0,0.0,0.0,0.0,1.0,0.0,0.0,0.032181136055346955,0.0,0.0,0.0,0.0,1.0,0.0,0.0,0.8944291501732939,-0.6479408766905426,0.0,1.0,0.0,0.0,0.0,-0.3740668488291282,-0.6974858324629155,-0.9457432131457438,-0.9457432131457438,-0.9583656893051273,-1.1240693851707304
-0.5018758157381287,1.0,0.0,0.0,0.0,0.0,1.1521797000727947,1.0,6.607611310873566,6.5884636690826,-2.843955114316845,6.5663704094990925,0.0,0.0,0.0,0.0,0.0,0.0,0.0,0.0,0.0,0.0,0.0,1.0,0.0,0.0,0.0,1.0,0.0,0.0,0.0,1.0,0.0,0.0,0.032181136055346955,0.0,0.0,0.0,0.0,1.0,0.0,0.0,0.8944291501732939,-0.6479408766905426,0.0,1.0,0.0,0.0,0.0,-0.3740668488291282,0.4649905549752775,-0.9457432131457438,-0.9457432131457438,-0.8330071949552087,-2.2116241068717937
-0.5018758157381287,1.0,0.0,0.0,0.0,0.0,1.1521797000727947,1.0,6.607611310873566,6.5884636690826,-2.843955114316845,6.5663704094990925,0.0,0.0,0.0,0.0,0.0,0.0,0.0,0.0,0.0,0.0,0.0,1.0,0.0,0.0,0.0,1.0,0.0,0.0,0.0,1.0,0.0,0.0,0.032181136055346955,0.0,0.0,0.0,0.0,1.0,0.0,0.0,0.8944291501732939,-0.6479408766905426,0.0,1.0,0.0,0.0,0.0,-0.48324549824416213,0.4649905549752775,-0.2912496400345025,-0.2912496400345025,-0.20621472320561596,-1.0
-0.5018758157381287,1.0,0.0,0.0,0.0,0.0,1.1521797000727947,1.0,6.607611310873566,6.5884636690826,-2.843955114316845,6.5663704094990925,0.0,0.0,0.0,0.0,0.0,0.0,0.0,0.0,0.0,0.0,0.0,1.0,0.0,0.0,0.0,1.0,0.0,0.0,0.0,1.0,0.0,0.0,0.032181136055346955,0.0,0.0,0.0,0.0,1.0,0.0,0.0,0.8944291501732939,-0.6479408766905426,0.0,1.0,0.0,0.0,1.0,0.1804913704218378,0.4649905549752775,0.23234521845449066,0.23234521845449066,0.29521925419405826,-1.4000000000000004
-0.5018758157381287,1.0,0.0,0.0,0.0,0.0,1.1521797000727947,1.0,6.607611310873566,6.5884636690826,-2.843955114316845,6.5663704094990925,0.0,0.0,0.0,0.0,0.0,0.0,0.0,0.0,0.0,0.0,0.0,1.0,0.0,0.0,0.0,1.0,0.0,0.0,0.0,1.0,0.0,0.0,0.032181136055346955,0.0,0.0,0.0,0.0,1.0,0.0,0.0,0.8944291501732939,-0.6479408766905426,0.0,1.0,0.0,0.0,1.0,-0.1799714720912901,-1.859962219901108,0.23234521845449066,0.23234521845449066,-0.4067883141654856,-0.0999999999999996
-0.5018758157381287,1.0,0.0,0.0,0.0,0.0,1.1521797000727947,1.0,6.607611310873566,6.5884636690826,-2.843955114316845,6.5663704094990925,0.0,0.0,0.0,0.0,0.0,0.0,0.0,0.0,0.0,0.0,0.0,1.0,0.0,0.0,0.0,1.0,0.0,0.0,0.0,1.0,0.0,0.0,0.032181136055346955,0.0,0.0,0.0,0.0,1.0,0.0,0.0,0.8944291501732939,-0.6479408766905426,0.0,1.0,0.0,0.0,1.0,3.681140129443561,0.4649905549752775,0.23234521845449066,0.23234521845449066,0.29521925419405826,-2.8600000000000003
-0.5018758157381287,1.0,0.0,0.0,0.0,0.0,1.1521797000727947,1.0,6.607611310873566,6.5884636690826,-2.843955114316845,6.5663704094990925,0.0,0.0,0.0,0.0,0.0,0.0,0.0,0.0,0.0,0.0,0.0,1.0,0.0,0.0,0.0,1.0,0.0,0.0,0.0,1.0,0.0,0.0,0.032181136055346955,0.0,0.0,0.0,0.0,1.0,0.0,0.0,0.8944291501732939,-0.6479408766905426,0.0,1.0,0.0,0.0,1.0,2.0088004995148667,0.4649905549752775,3.635711798632946,3.635711798632946,3.554540107291941,-1.75
-0.5018758157381287,1.0,0.0,0.0,0.0,0.0,1.1521797000727947,1.0,6.607611310873566,6.5884636690826,-2.843955114316845,6.5663704094990925,0.0,0.0,0.0,0.0,0.0,0.0,0.0,0.0,0.0,0.0,0.0,1.0,0.0,0.0,0.0,1.0,0.0,0.0,0.0,1.0,0.0,0.0,0.032181136055346955,0.0,0.0,0.0,0.0,1.0,0.0,0.0,0.8944291501732939,-0.6479408766905426,0.0,1.0,0.0,0.0,1.0,0.07131272100680387,0.4649905549752775,0.6250413623212355,0.6250413623212355,0.6712947372438139,-2.83
-0.5018758157381287,1.0,0.0,0.0,0.0,0.0,1.1521797000727947,1.0,6.607611310873566,6.5884636690826,-2.843955114316845,6.5663704094990925,0.0,0.0,0.0,0.0,0.0,0.0,0.0,0.0,0.0,0.0,0.0,1.0,0.0,0.0,0.0,1.0,0.0,0.0,0.0,1.0,0.0,0.0,0.032181136055346955,0.0,0.0,0.0,0.0,1.0,0.0,0.0,0.8944291501732939,-0.6479408766905426,1.0,0.0,0.0,0.0,1.0,-0.2302283107109089,0.4649905549752775,-0.553047069278999,-0.553047069278999,-0.45693171190545306,-1.701423866334764
-0.5018758157381287,1.0,0.0,0.0,0.0,0.0,1.1521797000727947,1.0,6.607611310873566,6.5884636690826,-2.843955114316845,6.5663704094990925,0.0,0.0,0.0,0.0,0.0,0.0,0.0,0.0,0.0,0.0,0.0,1.0,0.0,0.0,0.0,1.0,0.0,0.0,0.0,1.0,0.0,0.0,0.032181136055346955,0.0,0.0,0.0,0.0,1.0,0.0,0.0,0.8944291501732939,-0.6479408766905426,0.0,0.0,1.0,0.0,1.0,-0.31687803246887236,0.4649905549752775,0.23234521845449066,0.23234521845449066,0.29521925419405826,-1.1
-0.5018758157381287,1.0,0.0,0.0,0.0,0.0,1.1521797000727947,1.0,6.607611310873566,6.5884636690826,-2.843955114316845,6.5663704094990925,0.0,0.0,0.0,0.0,0.0,0.0,0.0,0.0,0.0,0.0,0.0,1.0,0.0,0.0,0.0,1.0,0.0,0.0,0.0,1.0,0.0,0.0,0.032181136055346955,0.0,0.0,0.0,0.0,1.0,0.0,0.0,0.8944291501732939,-0.6479408766905426,0.0,0.0,0.0,1.0,1.0,-0.5040414314660734,0.4649905549752775,0.10144650383224237,0.10144650383224237,0.16986075984413973,-0.1999999999999997
-0.5018758157381287,1.0,0.0,0.0,0.0,0.0,1.1521797000727947,1.0,6.607611310873566,6.5884636690826,-2.843955114316845,6.5663704094990925,0.0,0.0,0.0,0.0,0.0,0.0,0.0,0.0,0.0,0.0,0.0,1.0,0.0,0.0,0.0,1.0,0.0,0.0,0.0,1.0,0.0,0.0,0.032181136055346955,0.0,0.0,0.0,0.0,1.0,0.0,0.0,0.8944291501732939,-0.6479408766905426,0.0,0.0,0.0,1.0,1.0,-0.5092404147715511,0.4649905549752775,0.10144650383224237,0.10144650383224237,0.16986075984413973,3.9
-0.5018758157381287,1.0,0.0,0.0,0.0,0.0,1.1521797000727947,1.0,6.607611310873566,6.5884636690826,-2.843955114316845,6.5663704094990925,0.0,0.0,0.0,0.0,0.0,0.0,0.0,0.0,0.0,0.0,0.0,1.0,0.0,0.0,0.0,1.0,0.0,0.0,0.0,1.0,0.0,0.0,0.032181136055346955,0.0,0.0,0.0,0.0,1.0,0.0,0.0,0.8944291501732939,-0.6479408766905426,0.0,0.0,0.0,1.0,1.0,-0.4797795093738436,0.4649905549752775,0.10144650383224237,0.10144650383224237,0.16986075984413973,1.8000000000000005
-0.5018758157381287,1.0,0.0,0.0,0.0,0.0,1.1521797000727947,1.0,6.607611310873566,6.5884636690826,-2.843955114316845,6.5663704094990925,0.0,0.0,0.0,0.0,0.0,0.0,0.0,0.0,0.0,0.0,0.0,1.0,0.0,0.0,0.0,1.0,0.0,0.0,0.0,1.0,0.0,0.0,0.032181136055346955,0.0,0.0,0.0,0.0,1.0,0.0,0.0,0.8944291501732939,-0.6479408766905426,0.0,1.0,0.0,0.0,1.0,-0.1973014164428828,0.4649905549752775,0.23234521845449066,0.23234521845449066,0.29521925419405826,-3.5600000000000005
-0.5018758157381287,1.0,0.0,0.0,0.0,0.0,1.1521797000727947,1.0,6.607611310873566,6.5884636690826,-2.843955114316845,6.5663704094990925,0.0,0.0,0.0,0.0,0.0,0.0,0.0,0.0,0.0,0.0,0.0,1.0,0.0,0.0,0.0,1.0,0.0,0.0,0.0,1.0,0.0,0.0,0.032181136055346955,0.0,0.0,0.0,0.0,1.0,0.0,0.0,0.8944291501732939,-0.6479408766905426,0.0,1.0,0.0,0.0,1.0,-0.3307419879501465,0.4649905549752775,0.6250413623212355,0.6250413623212355,0.6712947372438139,-2.3000000000000007
-0.5018758157381287,1.0,0.0,0.0,0.0,0.0,1.1521797000727947,1.0,6.607611310873566,6.5884636690826,-2.843955114316845,6.5663704094990925,0.0,0.0,0.0,0.0,0.0,0.0,0.0,0.0,0.0,0.0,0.0,1.0,0.0,0.0,0.0,1.0,0.0,0.0,0.0,1.0,0.0,0.0,0.032181136055346955,0.0,0.0,0.0,0.0,1.0,0.0,0.0,0.8944291501732939,-0.6479408766905426,0.0,1.0,0.0,0.0,0.0,-0.5005754425957548,0.4649905549752775,-1.0766419277679922,-1.0766419277679922,-0.9583656893051273,-0.08819247874349
-0.5018758157381287,1.0,0.0,0.0,0.0,0.0,1.1521797000727947,1.0,6.607611310873566,6.5884636690826,-2.843955114316845,6.5663704094990925,0.0,0.0,0.0,0.0,0.0,0.0,0.0,0.0,0.0,0.0,0.0,1.0,0.0,0.0,0.0,1.0,0.0,0.0,0.0,1.0,0.0,0.0,0.032181136055346955,0.0,0.0,0.0,0.0,1.0,0.0,0.0,0.8944291501732939,-0.6479408766905426,0.0,1.0,0.0,0.0,0.0,-0.34633893786657993,0.4649905549752775,-0.7493951412123715,-0.7493951412123715,-0.6449694534303309,-3.28
-0.478739380199916,1.0,0.0,0.0,0.0,0.0,0.9044414027875181,0.0,0.0,0.0,-7.44063202444536e-16,0.14179707125864416,0.0,0.0,0.0,0.0,0.0,0.0,0.0,0.0,0.0,0.0,1.0,0.0,0.0,0.0,0.0,0.0,0.0,0.0,1.0,0.0,0.0,1.0,0.6114415850515942,0.0,0.0,0.0,0.0,1.0,0.0,0.0,0.6746591171743956,-0.615889137802107,0.0,1.0,0.0,0.0,0.0,-0.36713487108849113,0.4649905549752775,0.10144650383224237,0.10144650383224237,0.16986075984413973,8.815714285714286
-0.478739380199916,1.0,0.0,0.0,0.0,0.0,0.9044414027875181,0.0,0.0,0.0,-7.44063202444536e-16,0.14179707125864416,0.0,0.0,0.0,0.0,0.0,0.0,0.0,0.0,0.0,0.0,1.0,0.0,0.0,0.0,0.0,0.0,0.0,0.0,1.0,0.0,0.0,1.0,0.6114415850515942,0.0,0.0,0.0,0.0,1.0,0.0,0.0,0.6746591171743956,-0.615889137802107,0.0,1.0,0.0,0.0,0.0,-0.37060085995880965,-3.0224386073393013,-0.9457432131457438,-0.9457432131457438,-1.2090826780049644,12.078505542179016
-0.478739380199916,1.0,0.0,0.0,0.0,0.0,0.9044414027875181,0.0,0.0,0.0,-7.44063202444536e-16,0.14179707125864416,0.0,0.0,0.0,0.0,0.0,0.0,0.0,0.0,0.0,0.0,1.0,0.0,0.0,0.0,0.0,0.0,0.0,0.0,1.0,0.0,0.0,1.0,0.6114415850515942,0.0,0.0,0.0,0.0,1.0,0.0,0.0,0.6746591171743956,-0.615889137802107,0.0,1.0,0.0,0.0,0.0,-0.37753283769944673,-1.859962219901108,-0.9457432131457438,-0.9457432131457438,-1.0837241836550457,11.34855381044898
-0.478739380199916,1.0,0.0,0.0,0.0,0.0,0.9044414027875181,0.0,0.0,0.0,-7.44063202444536e-16,0.14179707125864416,0.0,0.0,0.0,0.0,0.0,0.0,0.0,0.0,0.0,0.0,1.0,0.0,0.0,0.0,0.0,0.0,0.0,0.0,1.0,0.0,0.0,1.0,0.6114415850515942,0.0,0.0,0.0,0.0,1.0,0.0,0.0,0.6746591171743956,-0.615889137802107,0.0,1.0,0.0,0.0,0.0,-0.3740668488291282,-0.6974858324629155,-0.9457432131457438,-0.9457432131457438,-0.9583656893051273,10.661644900543552
-0.478739380199916,1.0,0.0,0.0,0.0,0.0,0.9044414027875181,0.0,0.0,0.0,-7.44063202444536e-16,0.14179707125864416,0.0,0.0,0.0,0.0,0.0,0.0,0.0,0.0,0.0,0.0,1.0,0.0,0.0,0.0,0.0,0.0,0.0,0.0,1.0,0.0,0.0,1.0,0.6114415850515942,0.0,0.0,0.0,0.0,1.0,0.0,0.0,0.6746591171743956,-0.615889137802107,0.0,1.0,0.0,0.0,0.0,-0.3740668488291282,0.4649905549752775,-0.9457432131457438,-0.9457432131457438,-0.8330071949552087,9.574090178842493
-0.478739380199916,1.0,0.0,0.0,0.0,0.0,0.9044414027875181,0.0,0.0,0.0,-7.44063202444536e-16,0.14179707125864416,0.0,0.0,0.0,0.0,0.0,0.0,0.0,0.0,0.0,0.0,1.0,0.0,0.0,0.0,0.0,0.0,0.0,0.0,1.0,0.0,0.0,1.0,0.6114415850515942,0.0,0.0,0.0,0.0,1.0,0.0,0.0,0.6746591171743956,-0.615889137802107,0.0,1.0,0.0,0.0,0.0,-0.48324549824416213,0.4649905549752775,-0.2912496400345025,-0.2912496400345025,-0.20621472320561596,10.785714285714285
-0.478739380199916,1.0,0.0,0.0,0.0,0.0,0.9044414027875181,0.0,0.0,0.0,-7.44063202444536e-16,0.14179707125864416,0.0,0.0,0.0,0.0,0.0,0.0,0.0,0.0,0.0,0.0,1.0,0.0,0.0,0.0,0.0,0.0,0.0,0.0,1.0,0.0,0.0,1.0,0.6114415850515942,0.0,0.0,0.0,0.0,1.0,0.0,0.0,0.6746591171743956,-0.615889137802107,0.0,1.0,0.0,0.0,1.0,0.1804913704218378,0.4649905549752775,0.23234521845449066,0.23234521845449066,0.29521925419405826,10.385714285714284
-0.478739380199916,1.0,0.0,0.0,0.0,0.0,0.9044414027875181,0.0,0.0,0.0,-7.44063202444536e-16,0.14179707125864416,0.0,0.0,0.0,0.0,0.0,0.0,0.0,0.0,0.0,0.0,1.0,0.0,0.0,0.0,0.0,0.0,0.0,0.0,1.0,0.0,0.0,1.0,0.6114415850515942,0.0,0.0,0.0,0.0,1.0,0.0,0.0,0.6746591171743956,-0.615889137802107,0.0,1.0,0.0,0.0,1.0,-0.1799714720912901,-1.859962219901108,0.23234521845449066,0.23234521845449066,-0.4067883141654856,11.685714285714283
-0.478739380199916,1.0,0.0,0.0,0.0,0.0,0.9044414027875181,0.0,0.0,0.0,-7.44063202444536e-16,0.14179707125864416,0.0,0.0,0.0,0.0,0.0,0.0,0.0,0.0,0.0,0.0,1.0,0.0,0.0,0.0,0.0,0.0,0.0,0.0,1.0,0.0,0.0,1.0,0.6114415850515942,0.0,0.0,0.0,0.0,1.0,0.0,0.0,0.6746591171743956,-0.615889137802107,0.0,1.0,0.0,0.0,1.0,3.681140129443561,0.4649905549752775,0.23234521845449066,0.23234521845449066,0.29521925419405826,8.925714285714285
-0.478739380199916,1.0,0.0,0.0,0.0,0.0,0.9044414027875181,0.0,0.0,0.0,-7.44063202444536e-16,0.14179707125864416,0.0,0.0,0.0,0.0,0.0,0.0,0.0,0.0,0.0,0.0,1.0,0.0,0.0,0.0,0.0,0.0,0.0,0.0,1.0,0.0,0.0,1.0,0.6114415850515942,0.0,0.0,0.0,0.0,1.0,0.0,0.0,0.6746591171743956,-0.615889137802107,0.0,1.0,0.0,0.0,1.0,2.0088004995148667,0.4649905549752775,3.635711798632946,3.635711798632946,3.554540107291941,10.035714285714285
-0.478739380199916,1.0,0.0,0.0,0.0,0.0,0.9044414027875181,0.0,0.0,0.0,-7.44063202444536e-16,0.14179707125864416,0.0,0.0,0.0,0.0,0.0,0.0,0.0,0.0,0.0,0.0,1.0,0.0,0.0,0.0,0.0,0.0,0.0,0.0,1.0,0.0,0.0,1.0,0.6114415850515942,0.0,0.0,0.0,0.0,1.0,0.0,0.0,0.6746591171743956,-0.615889137802107,0.0,1.0,0.0,0.0,1.0,0.07131272100680387,0.4649905549752775,0.6250413623212355,0.6250413623212355,0.6712947372438139,8.955714285714285
-0.478739380199916,1.0,0.0,0.0,0.0,0.0,0.9044414027875181,0.0,0.0,0.0,-7.44063202444536e-16,0.14179707125864416,0.0,0.0,0.0,0.0,0.0,0.0,0.0,0.0,0.0,0.0,1.0,0.0,0.0,0.0,0.0,0.0,0.0,0.0,1.0,0.0,0.0,1.0,0.6114415850515942,0.0,0.0,0.0,0.0,1.0,0.0,0.0,0.6746591171743956,-0.615889137802107,1.0,0.0,0.0,0.0,1.0,-0.2302283107109089,0.4649905549752775,-0.553047069278999,-0.553047069278999,-0.45693171190545306,10.08429041937952
-0.478739380199916,1.0,0.0,0.0,0.0,0.0,0.9044414027875181,0.0,0.0,0.0,-7.44063202444536e-16,0.14179707125864416,0.0,0.0,0.0,0.0,0.0,0.0,0.0,0.0,0.0,0.0,1.0,0.0,0.0,0.0,0.0,0.0,0.0,0.0,1.0,0.0,0.0,1.0,0.6114415850515942,0.0,0.0,0.0,0.0,1.0,0.0,0.0,0.6746591171743956,-0.615889137802107,0.0,0.0,1.0,0.0,1.0,-0.31687803246887236,0.4649905549752775,0.23234521845449066,0.23234521845449066,0.29521925419405826,10.685714285714283
-0.478739380199916,1.0,0.0,0.0,0.0,0.0,0.9044414027875181,0.0,0.0,0.0,-7.44063202444536e-16,0.14179707125864416,0.0,0.0,0.0,0.0,0.0,0.0,0.0,0.0,0.0,0.0,1.0,0.0,0.0,0.0,0.0,0.0,0.0,0.0,1.0,0.0,0.0,1.0,0.6114415850515942,0.0,0.0,0.0,0.0,1.0,0.0,0.0,0.6746591171743956,-0.615889137802107,0.0,0.0,0.0,1.0,1.0,-0.5040414314660734,0.4649905549752775,0.10144650383224237,0.10144650383224237,0.16986075984413973,11.585714285714284
-0.478739380199916,1.0,0.0,0.0,0.0,0.0,0.9044414027875181,0.0,0.0,0.0,-7.44063202444536e-16,0.14179707125864416,0.0,0.0,0.0,0.0,0.0,0.0,0.0,0.0,0.0,0.0,1.0,0.0,0.0,0.0,0.0,0.0,0.0,0.0,1.0,0.0,0.0,1.0,0.6114415850515942,0.0,0.0,0.0,0.0,1.0,0.0,0.0,0.6746591171743956,-0.615889137802107,0.0,0.0,0.0,1.0,1.0,-0.5092404147715511,0.4649905549752775,0.10144650383224237,0.10144650383224237,0.16986075984413973,15.685714285714283
-0.478739380199916,1.0,0.0,0.0,0.0,0.0,0.9044414027875181,0.0,0.0,0.0,-7.44063202444536e-16,0.14179707125864416,0.0,0.0,0.0,0.0,0.0,0.0,0.0,0.0,0.0,0.0,1.0,0.0,0.0,0.0,0.0,0.0,0.0,0.0,1.0,0.0,0.0,1.0,0.6114415850515942,0.0,0.0,0.0,0.0,1.0,0.0,0.0,0.6746591171743956,-0.615889137802107,0.0,0.0,0.0,1.0,1.0,-0.4797795093738436,0.4649905549752775,0.10144650383224237,0.10144650383224237,0.16986075984413973,13.585714285714284
-0.478739380199916,1.0,0.0,0.0,0.0,0.0,0.9044414027875181,0.0,0.0,0.0,-7.44063202444536e-16,0.14179707125864416,0.0,0.0,0.0,0.0,0.0,0.0,0.0,0.0,0.0,0.0,1.0,0.0,0.0,0.0,0.0,0.0,0.0,0.0,1.0,0.0,0.0,1.0,0.6114415850515942,0.0,0.0,0.0,0.0,1.0,0.0,0.0,0.6746591171743956,-0.615889137802107,0.0,1.0,0.0,0.0,1.0,-0.1973014164428828,0.4649905549752775,0.23234521845449066,0.23234521845449066,0.29521925419405826,8.225714285714284
-0.478739380199916,1.0,0.0,0.0,0.0,0.0,0.9044414027875181,0.0,0.0,0.0,-7.44063202444536e-16,0.14179707125864416,0.0,0.0,0.0,0.0,0.0,0.0,0.0,0.0,0.0,0.0,1.0,0.0,0.0,0.0,0.0,0.0,0.0,0.0,1.0,0.0,0.0,1.0,0.6114415850515942,0.0,0.0,0.0,0.0,1.0,0.0,0.0,0.6746591171743956,-0.615889137802107,0.0,1.0,0.0,0.0,1.0,-0.3307419879501465,0.4649905549752775,0.6250413623212355,0.6250413623212355,0.6712947372438139,9.485714285714284
-0.478739380199916,1.0,0.0,0.0,0.0,0.0,0.9044414027875181,0.0,0.0,0.0,-7.44063202444536e-16,0.14179707125864416,0.0,0.0,0.0,0.0,0.0,0.0,0.0,0.0,0.0,0.0,1.0,0.0,0.0,0.0,0.0,0.0,0.0,0.0,1.0,0.0,0.0,1.0,0.6114415850515942,0.0,0.0,0.0,0.0,1.0,0.0,0.0,0.6746591171743956,-0.615889137802107,0.0,1.0,0.0,0.0,0.0,-0.5005754425957548,0.4649905549752775,-1.0766419277679922,-1.0766419277679922,-0.9583656893051273,11.697521806970794
-0.478739380199916,1.0,0.0,0.0,0.0,0.0,0.9044414027875181,0.0,0.0,0.0,-7.44063202444536e-16,0.14179707125864416,0.0,0.0,0.0,0.0,0.0,0.0,0.0,0.0,0.0,0.0,1.0,0.0,0.0,0.0,0.0,0.0,0.0,0.0,1.0,0.0,0.0,1.0,0.6114415850515942,0.0,0.0,0.0,0.0,1.0,0.0,0.0,0.6746591171743956,-0.615889137802107,0.0,1.0,0.0,0.0,0.0,-0.34633893786657993,0.4649905549752775,-0.7493951412123715,-0.7493951412123715,-0.6449694534303309,8.505714285714284
-0.5076307727139037,1.0,0.0,0.0,0.0,0.0,-1.0066826048417592,1.0,-0.08408646547916925,-0.17363099200109378,-7.44063202444536e-16,0.0,0.0,0.0,0.0,1.0,0.0,0.0,0.0,0.0,0.0,0.0,0.0,0.0,0.0,0.0,0.0,0.0,0.0,1.0,0.0,0.0,0.0,1.0,-0.25744908844277664,1.0,0.0,0.0,0.0,0.0,0.0,0.0,-1.0207097088171055,-0.8734373691064935,0.0,1.0,0.0,0.0,0.0,-0.36713487108849113,0.4649905549752775,0.10144650383224237,0.10144650383224237,0.16986075984413973,4.54
-0.5076307727139037,1.0,0.0,0.0,0.0,0.0,-1.0066826048417592,1.0,-0.08408646547916925,-0.17363099200109378,-7.44063202444536e-16,0.0,0.0,0.0,0.0,1.0,0.0,0.0,0.0,0.0,0.0,0.0,0.0,0.0,0.0,0.0,0.0,0.0,0.0,1.0,0.0,0.0,0.0,1.0,-0.25744908844277664,1.0,0.0,0.0,0.0,0.0,0.0,0.0,-1.0207097088171055,-0.8734373691064935,0.0,1.0,0.0,0.0,0.0,-0.37060085995880965,-3.0224386073393013,-0.9457432131457438,-0.9457432131457438,-1.2090826780049644,7.802791256464731
-0.5076307727139037,1.0,0.0,0.0,0.0,0.0,-1.0066826048417592,1.0,-0.08408646547916925,-0.17363099200109378,-7.44063202444536e-16,0.0,0.0,0.0,0.0,1.0,0.0,0.0,0.0,0.0,0.0,0.0,0.0,0.0,0.0,0.0,0.0,0.0,0.0,1.0,0.0,0.0,0.0,1.0,-0.25744908844277664,1.0,0.0,0.0,0.0,0.0,0.0,0.0,-1.0207097088171055,-0.8734373691064935,0.0,1.0,0.0,0.0,0.0,-0.37753283769944673,-1.859962219901108,-0.9457432131457438,-0.9457432131457438,-1.0837241836550457,7.072839524734694
-0.5076307727139037,1.0,0.0,0.0,0.0,0.0,-1.0066826048417592,1.0,-0.08408646547916925,-0.17363099200109378,-7.44063202444536e-16,0.0,0.0,0.0,0.0,1.0,0.0,0.0,0.0,0.0,0.0,0.0,0.0,0.0,0.0,0.0,0.0,0.0,0.0,1.0,0.0,0.0,0.0,1.0,-0.25744908844277664,1.0,0.0,0.0,0.0,0.0,0.0,0.0,-1.0207097088171055,-0.8734373691064935,0.0,1.0,0.0,0.0,0.0,-0.3740668488291282,-0.6974858324629155,-0.9457432131457438,-0.9457432131457438,-0.9583656893051273,6.385930614829269
-0.5076307727139037,1.0,0.0,0.0,0.0,0.0,-1.0066826048417592,1.0,-0.08408646547916925,-0.17363099200109378,-7.44063202444536e-16,0.0,0.0,0.0,0.0,1.0,0.0,0.0,0.0,0.0,0.0,0.0,0.0,0.0,0.0,0.0,0.0,0.0,0.0,1.0,0.0,0.0,0.0,1.0,-0.25744908844277664,1.0,0.0,0.0,0.0,0.0,0.0,0.0,-1.0207097088171055,-0.8734373691064935,0.0,1.0,0.0,0.0,0.0,-0.3740668488291282,0.4649905549752775,-0.9457432131457438,-0.9457432131457438,-0.8330071949552087,5.298375893128206
-0.5076307727139037,1.0,0.0,0.0,0.0,0.0,-1.0066826048417592,1.0,-0.08408646547916925,-0.17363099200109378,-7.44063202444536e-16,0.0,0.0,0.0,0.0,1.0,0.0,0.0,0.0,0.0,0.0,0.0,0.0,0.0,0.0,0.0,0.0,0.0,0.0,1.0,0.0,0.0,0.0,1.0,-0.25744908844277664,1.0,0.0,0.0,0.0,0.0,0.0,0.0,-1.0207097088171055,-0.8734373691064935,0.0,1.0,0.0,0.0,0.0,-0.48324549824416213,0.4649905549752775,-0.2912496400345025,-0.2912496400345025,-0.20621472320561596,6.51
-0.5076307727139037,1.0,0.0,0.0,0.0,0.0,-1.0066826048417592,1.0,-0.08408646547916925,-0.17363099200109378,-7.44063202444536e-16,0.0,0.0,0.0,0.0,1.0,0.0,0.0,0.0,0.0,0.0,0.0,0.0,0.0,0.0,0.0,0.0,0.0,0.0,1.0,0.0,0.0,0.0,1.0,-0.25744908844277664,1.0,0.0,0.0,0.0,0.0,0.0,0.0,-1.0207097088171055,-0.8734373691064935,0.0,1.0,0.0,0.0,1.0,0.1804913704218378,0.4649905549752775,0.23234521845449066,0.23234521845449066,0.29521925419405826,6.109999999999999
-0.5076307727139037,1.0,0.0,0.0,0.0,0.0,-1.0066826048417592,1.0,-0.08408646547916925,-0.17363099200109378,-7.44063202444536e-16,0.0,0.0,0.0,0.0,1.0,0.0,0.0,0.0,0.0,0.0,0.0,0.0,0.0,0.0,0.0,0.0,0.0,0.0,1.0,0.0,0.0,0.0,1.0,-0.25744908844277664,1.0,0.0,0.0,0.0,0.0,0.0,0.0,-1.0207097088171055,-0.8734373691064935,0.0,1.0,0.0,0.0,1.0,-0.1799714720912901,-1.859962219901108,0.23234521845449066,0.23234521845449066,-0.4067883141654856,7.41
-0.5076307727139037,1.0,0.0,0.0,0.0,0.0,-1.0066826048417592,1.0,-0.08408646547916925,-0.17363099200109378,-7.44063202444536e-16,0.0,0.0,0.0,0.0,1.0,0.0,0.0,0.0,0.0,0.0,0.0,0.0,0.0,0.0,0.0,0.0,0.0,0.0,1.0,0.0,0.0,0.0,1.0,-0.25744908844277664,1.0,0.0,0.0,0.0,0.0,0.0,0.0,-1.0207097088171055,-0.8734373691064935,0.0,1.0,0.0,0.0,1.0,3.681140129443561,0.4649905549752775,0.23234521845449066,0.23234521845449066,0.29521925419405826,4.65
-0.5076307727139037,1.0,0.0,0.0,0.0,0.0,-1.0066826048417592,1.0,-0.08408646547916925,-0.17363099200109378,-7.44063202444536e-16,0.0,0.0,0.0,0.0,1.0,0.0,0.0,0.0,0.0,0.0,0.0,0.0,0.0,0.0,0.0,0.0,0.0,0.0,1.0,0.0,0.0,0.0,1.0,-0.25744908844277664,1.0,0.0,0.0,0.0,0.0,0.0,0.0,-1.0207097088171055,-0.8734373691064935,0.0,1.0,0.0,0.0,1.0,2.0088004995148667,0.4649905549752775,3.635711798632946,3.635711798632946,3.554540107291941,5.76
-0.5076307727139037,1.0,0.0,0.0,0.0,0.0,-1.0066826048417592,1.0,-0.08408646547916925,-0.17363099200109378,-7.44063202444536e-16,0.0,0.0,0.0,0.0,1.0,0.0,0.0,0.0,0.0,0.0,0.0,0.0,0.0,0.0,0.0,0.0,0.0,0.0,1.0,0.0,0.0,0.0,1.0,-0.25744908844277664,1.0,0.0,0.0,0.0,0.0,0.0,0.0,-1.0207097088171055,-0.8734373691064935,0.0,1.0,0.0,0.0,1.0,0.07131272100680387,0.4649905549752775,0.6250413623212355,0.6250413623212355,0.6712947372438139,4.68
-0.5076307727139037,1.0,0.0,0.0,0.0,0.0,-1.0066826048417592,1.0,-0.08408646547916925,-0.17363099200109378,-7.44063202444536e-16,0.0,0.0,0.0,0.0,1.0,0.0,0.0,0.0,0.0,0.0,0.0,0.0,0.0,0.0,0.0,0.0,0.0,0.0,1.0,0.0,0.0,0.0,1.0,-0.25744908844277664,1.0,0.0,0.0,0.0,0.0,0.0,0.0,-1.0207097088171055,-0.8734373691064935,1.0,0.0,0.0,0.0,1.0,-0.2302283107109089,0.4649905549752775,-0.553047069278999,-0.553047069278999,-0.45693171190545306,5.808576133665236
-0.5076307727139037,1.0,0.0,0.0,0.0,0.0,-1.0066826048417592,1.0,-0.08408646547916925,-0.17363099200109378,-7.44063202444536e-16,0.0,0.0,0.0,0.0,1.0,0.0,0.0,0.0,0.0,0.0,0.0,0.0,0.0,0.0,0.0,0.0,0.0,0.0,1.0,0.0,0.0,0.0,1.0,-0.25744908844277664,1.0,0.0,0.0,0.0,0.0,0.0,0.0,-1.0207097088171055,-0.8734373691064935,0.0,0.0,1.0,0.0,1.0,-0.31687803246887236,0.4649905549752775,0.23234521845449066,0.23234521845449066,0.29521925419405826,6.41
-0.5076307727139037,1.0,0.0,0.0,0.0,0.0,-1.0066826048417592,1.0,-0.08408646547916925,-0.17363099200109378,-7.44063202444536e-16,0.0,0.0,0.0,0.0,1.0,0.0,0.0,0.0,0.0,0.0,0.0,0.0,0.0,0.0,0.0,0.0,0.0,0.0,1.0,0.0,0.0,0.0,1.0,-0.25744908844277664,1.0,0.0,0.0,0.0,0.0,0.0,0.0,-1.0207097088171055,-0.8734373691064935,0.0,0.0,0.0,1.0,1.0,-0.5040414314660734,0.4649905549752775,0.10144650383224237,0.10144650383224237,0.16986075984413973,7.31
-0.5076307727139037,1.0,0.0,0.0,0.0,0.0,-1.0066826048417592,1.0,-0.08408646547916925,-0.17363099200109378,-7.44063202444536e-16,0.0,0.0,0.0,0.0,1.0,0.0,0.0,0.0,0.0,0.0,0.0,0.0,0.0,0.0,0.0,0.0,0.0,0.0,1.0,0.0,0.0,0.0,1.0,-0.25744908844277664,1.0,0.0,0.0,0.0,0.0,0.0,0.0,-1.0207097088171055,-0.8734373691064935,0.0,0.0,0.0,1.0,1.0,-0.5092404147715511,0.4649905549752775,0.10144650383224237,0.10144650383224237,0.16986075984413973,11.41
-0.5076307727139037,1.0,0.0,0.0,0.0,0.0,-1.0066826048417592,1.0,-0.08408646547916925,-0.17363099200109378,-7.44063202444536e-16,0.0,0.0,0.0,0.0,1.0,0.0,0.0,0.0,0.0,0.0,0.0,0.0,0.0,0.0,0.0,0.0,0.0,0.0,1.0,0.0,0.0,0.0,1.0,-0.25744908844277664,1.0,0.0,0.0,0.0,0.0,0.0,0.0,-1.0207097088171055,-0.8734373691064935,0.0,0.0,0.0,1.0,1.0,-0.4797795093738436,0.4649905549752775,0.10144650383224237,0.10144650383224237,0.16986075984413973,9.31
-0.5076307727139037,1.0,0.0,0.0,0.0,0.0,-1.0066826048417592,1.0,-0.08408646547916925,-0.17363099200109378,-7.44063202444536e-16,0.0,0.0,0.0,0.0,1.0,0.0,0.0,0.0,0.0,0.0,0.0,0.0,0.0,0.0,0.0,0.0,0.0,0.0,1.0,0.0,0.0,0.0,1.0,-0.25744908844277664,1.0,0.0,0.0,0.0,0.0,0.0,0.0,-1.0207097088171055,-0.8734373691064935,0.0,1.0,0.0,0.0,1.0,-0.1973014164428828,0.4649905549752775,0.23234521845449066,0.23234521845449066,0.29521925419405826,3.9499999999999993
-0.5076307727139037,1.0,0.0,0.0,0.0,0.0,-1.0066826048417592,1.0,-0.08408646547916925,-0.17363099200109378,-7.44063202444536e-16,0.0,0.0,0.0,0.0,1.0,0.0,0.0,0.0,0.0,0.0,0.0,0.0,0.0,0.0,0.0,0.0,0.0,0.0,1.0,0.0,0.0,0.0,1.0,-0.25744908844277664,1.0,0.0,0.0,0.0,0.0,0.0,0.0,-1.0207097088171055,-0.8734373691064935,0.0,1.0,0.0,0.0,1.0,-0.3307419879501465,0.4649905549752775,0.6250413623212355,0.6250413623212355,0.6712947372438139,5.209999999999999
-0.5076307727139037,1.0,0.0,0.0,0.0,0.0,-1.0066826048417592,1.0,-0.08408646547916925,-0.17363099200109378,-7.44063202444536e-16,0.0,0.0,0.0,0.0,1.0,0.0,0.0,0.0,0.0,0.0,0.0,0.0,0.0,0.0,0.0,0.0,0.0,0.0,1.0,0.0,0.0,0.0,1.0,-0.25744908844277664,1.0,0.0,0.0,0.0,0.0,0.0,0.0,-1.0207097088171055,-0.8734373691064935,0.0,1.0,0.0,0.0,0.0,-0.5005754425957548,0.4649905549752775,-1.0766419277679922,-1.0766419277679922,-0.9583656893051273,7.421807521256509
-0.5076307727139037,1.0,0.0,0.0,0.0,0.0,-1.0066826048417592,1.0,-0.08408646547916925,-0.17363099200109378,-7.44063202444536e-16,0.0,0.0,0.0,0.0,1.0,0.0,0.0,0.0,0.0,0.0,0.0,0.0,0.0,0.0,0.0,0.0,0.0,0.0,1.0,0.0,0.0,0.0,1.0,-0.25744908844277664,1.0,0.0,0.0,0.0,0.0,0.0,0.0,-1.0207097088171055,-0.8734373691064935,0.0,1.0,0.0,0.0,0.0,-0.34633893786657993,0.4649905549752775,-0.7493951412123715,-0.7493951412123715,-0.6449694534303309,4.23
-0.36305720250885276,0.0,0.0,1.0,0.0,0.0,0.6567031055022414,1.0,-0.21557245687417037,-0.21525485994656146,-7.44063202444536e-16,-0.2993310188577258,0.0,1.0,0.0,0.0,0.0,0.0,0.0,0.0,0.0,0.0,0.0,0.0,0.0,0.0,0.0,0.0,0.0,1.0,0.0,0.0,0.0,1.0,-0.8367095374390239,1.0,0.0,0.0,0.0,0.0,0.0,0.0,2.2130493481666833,0.12130085663191262,0.0,1.0,0.0,0.0,0.0,-0.36713487108849113,0.4649905549752775,0.10144650383224237,0.10144650383224237,0.16986075984413973,9.206691729323303
-0.36305720250885276,0.0,0.0,1.0,0.0,0.0,0.6567031055022414,1.0,-0.21557245687417037,-0.21525485994656146,-7.44063202444536e-16,-0.2993310188577258,0.0,1.0,0.0,0.0,0.0,0.0,0.0,0.0,0.0,0.0,0.0,0.0,0.0,0.0,0.0,0.0,0.0,1.0,0.0,0.0,0.0,1.0,-0.8367095374390239,1.0,0.0,0.0,0.0,0.0,0.0,0.0,2.2130493481666833,0.12130085663191262,0.0,1.0,0.0,0.0,0.0,-0.37060085995880965,-3.0224386073393013,-0.9457432131457438,-0.9457432131457438,-1.2090826780049644,12.469482985788035
-0.36305720250885276,0.0,0.0,1.0,0.0,0.0,0.6567031055022414,1.0,-0.21557245687417037,-0.21525485994656146,-7.44063202444536e-16,-0.2993310188577258,0.0,1.0,0.0,0.0,0.0,0.0,0.0,0.0,0.0,0.0,0.0,0.0,0.0,0.0,0.0,0.0,0.0,1.0,0.0,0.0,0.0,1.0,-0.8367095374390239,1.0,0.0,0.0,0.0,0.0,0.0,0.0,2.2130493481666833,0.12130085663191262,0.0,1.0,0.0,0.0,0.0,-0.37753283769944673,-1.859962219901108,-0.9457432131457438,-0.9457432131457438,-1.0837241836550457,11.739531254057995
-0.36305720250885276,0.0,0.0,1.0,0.0,0.0,0.6567031055022414,1.0,-0.21557245687417037,-0.21525485994656146,-7.44063202444536e-16,-0.2993310188577258,0.0,1.0,0.0,0.0,0.0,0.0,0.0,0.0,0.0,0.0,0.0,0.0,0.0,0.0,0.0,0.0,0.0,1.0,0.0,0.0,0.0,1.0,-0.8367095374390239,1.0,0.0,0.0,0.0,0.0,0.0,0.0,2.2130493481666833,0.12130085663191262,0.0,1.0,0.0,0.0,0.0,-0.3740668488291282,-0.6974858324629155,-0.9457432131457438,-0.9457432131457438,-0.9583656893051273,11.052622344152574
-0.36305720250885276,0.0,0.0,1.0,0.0,0.0,0.6567031055022414,1.0,-0.21557245687417037,-0.21525485994656146,-7.44063202444536e-16,-0.2993310188577258,0.0,1.0,0.0,0.0,0.0,0.0,0.0,0.0,0.0,0.0,0.0,0.0,0.0,0.0,0.0,0.0,0.0,1.0,0.0,0.0,0.0,1.0,-0.8367095374390239,1.0,0.0,0.0,0.0,0.0,0.0,0.0,2.2130493481666833,0.12130085663191262,0.0,1.0,0.0,0.0,0.0,-0.3740668488291282,0.4649905549752775,-0.9457432131457438,-0.9457432131457438,-0.8330071949552087,9.96506762245151
-0.36305720250885276,0.0,0.0,1.0,0.0,0.0,0.6567031055022414,1.0,-0.21557245687417037,-0.21525485994656146,-7.44063202444536e-16,-0.2993310188577258,0.0,1.0,0.0,0.0,0.0,0.0,0.0,0.0,0.0,0.0,0.0,0.0,0.0,0.0,0.0,0.0,0.0,1.0,0.0,0.0,0.0,1.0,-0.8367095374390239,1.0,0.0,0.0,0.0,0.0,0.0,0.0,2.2130493481666833,0.12130085663191262,0.0,1.0,0.0,0.0,0.0,-0.48324549824416213,0.4649905549752775,-0.2912496400345025,-0.2912496400345025,-0.20621472320561596,11.176691729323304
-0.36305720250885276,0.0,0.0,1.0,0.0,0.0,0.6567031055022414,1.0,-0.21557245687417037,-0.21525485994656146,-7.44063202444536e-16,-0.2993310188577258,0.0,1.0,0.0,0.0,0.0,0.0,0.0,0.0,0.0,0.0,0.0,0.0,0.0,0.0,0.0,0.0,0.0,1.0,0.0,0.0,0.0,1.0,-0.8367095374390239,1.0,0.0,0.0,0.0,0.0,0.0,0.0,2.2130493481666833,0.12130085663191262,0.0,1.0,0.0,0.0,1.0,0.1804913704218378,0.4649905549752775,0.23234521845449066,0.23234521845449066,0.29521925419405826,10.776691729323304
-0.36305720250885276,0.0,0.0,1.0,0.0,0.0,0.6567031055022414,1.0,-0.21557245687417037,-0.21525485994656146,-7.44063202444536e-16,-0.2993310188577258,0.0,1.0,0.0,0.0,0.0,0.0,0.0,0.0,0.0,0.0,0.0,0.0,0.0,0.0,0.0,0.0,0.0,1.0,0.0,0.0,0.0,1.0,-0.8367095374390239,1.0,0.0,0.0,0.0,0.0,0.0,0.0,2.2130493481666833,0.12130085663191262,0.0,1.0,0.0,0.0,1.0,-0.1799714720912901,-1.859962219901108,0.23234521845449066,0.23234521845449066,-0.4067883141654856,12.076691729323304
-0.36305720250885276,0.0,0.0,1.0,0.0,0.0,0.6567031055022414,1.0,-0.21557245687417037,-0.21525485994656146,-7.44063202444536e-16,-0.2993310188577258,0.0,1.0,0.0,0.0,0.0,0.0,0.0,0.0,0.0,0.0,0.0,0.0,0.0,0.0,0.0,0.0,0.0,1.0,0.0,0.0,0.0,1.0,-0.8367095374390239,1.0,0.0,0.0,0.0,0.0,0.0,0.0,2.2130493481666833,0.12130085663191262,0.0,1.0,0.0,0.0,1.0,3.681140129443561,0.4649905549752775,0.23234521845449066,0.23234521845449066,0.29521925419405826,9.316691729323304
-0.36305720250885276,0.0,0.0,1.0,0.0,0.0,0.6567031055022414,1.0,-0.21557245687417037,-0.21525485994656146,-7.44063202444536e-16,-0.2993310188577258,0.0,1.0,0.0,0.0,0.0,0.0,0.0,0.0,0.0,0.0,0.0,0.0,0.0,0.0,0.0,0.0,0.0,1.0,0.0,0.0,0.0,1.0,-0.8367095374390239,1.0,0.0,0.0,0.0,0.0,0.0,0.0,2.2130493481666833,0.12130085663191262,0.0,1.0,0.0,0.0,1.0,2.0088004995148667,0.4649905549752775,3.635711798632946,3.635711798632946,3.554540107291941,10.426691729323304
-0.36305720250885276,0.0,0.0,1.0,0.0,0.0,0.6567031055022414,1.0,-0.21557245687417037,-0.21525485994656146,-7.44063202444536e-16,-0.2993310188577258,0.0,1.0,0.0,0.0,0.0,0.0,0.0,0.0,0.0,0.0,0.0,0.0,0.0,0.0,0.0,0.0,0.0,1.0,0.0,0.0,0.0,1.0,-0.8367095374390239,1.0,0.0,0.0,0.0,0.0,0.0,0.0,2.2130493481666833,0.12130085663191262,0.0,1.0,0.0,0.0,1.0,0.07131272100680387,0.4649905549752775,0.6250413623212355,0.6250413623212355,0.6712947372438139,9.346691729323304
-0.36305720250885276,0.0,0.0,1.0,0.0,0.0,0.6567031055022414,1.0,-0.21557245687417037,-0.21525485994656146,-7.44063202444536e-16,-0.2993310188577258,0.0,1.0,0.0,0.0,0.0,0.0,0.0,0.0,0.0,0.0,0.0,0.0,0.0,0.0,0.0,0.0,0.0,1.0,0.0,0.0,0.0,1.0,-0.8367095374390239,1.0,0.0,0.0,0.0,0.0,0.0,0.0,2.2130493481666833,0.12130085663191262,1.0,0.0,0.0,0.0,1.0,-0.2302283107109089,0.4649905549752775,-0.553047069278999,-0.553047069278999,-0.45693171190545306,10.47526786298854
-0.36305720250885276,0.0,0.0,1.0,0.0,0.0,0.6567031055022414,1.0,-0.21557245687417037,-0.21525485994656146,-7.44063202444536e-16,-0.2993310188577258,0.0,1.0,0.0,0.0,0.0,0.0,0.0,0.0,0.0,0.0,0.0,0.0,0.0,0.0,0.0,0.0,0.0,1.0,0.0,0.0,0.0,1.0,-0.8367095374390239,1.0,0.0,0.0,0.0,0.0,0.0,0.0,2.2130493481666833,0.12130085663191262,0.0,0.0,1.0,0.0,1.0,-0.31687803246887236,0.4649905549752775,0.23234521845449066,0.23234521845449066,0.29521925419405826,11.076691729323304
-0.36305720250885276,0.0,0.0,1.0,0.0,0.0,0.6567031055022414,1.0,-0.21557245687417037,-0.21525485994656146,-7.44063202444536e-16,-0.2993310188577258,0.0,1.0,0.0,0.0,0.0,0.0,0.0,0.0,0.0,0.0,0.0,0.0,0.0,0.0,0.0,0.0,0.0,1.0,0.0,0.0,0.0,1.0,-0.8367095374390239,1.0,0.0,0.0,0.0,0.0,0.0,0.0,2.2130493481666833,0.12130085663191262,0.0,0.0,0.0,1.0,1.0,-0.5040414314660734,0.4649905549752775,0.10144650383224237,0.10144650383224237,0.16986075984413973,11.976691729323305
-0.36305720250885276,0.0,0.0,1.0,0.0,0.0,0.6567031055022414,1.0,-0.21557245687417037,-0.21525485994656146,-7.44063202444536e-16,-0.2993310188577258,0.0,1.0,0.0,0.0,0.0,0.0,0.0,0.0,0.0,0.0,0.0,0.0,0.0,0.0,0.0,0.0,0.0,1.0,0.0,0.0,0.0,1.0,-0.8367095374390239,1.0,0.0,0.0,0.0,0.0,0.0,0.0,2.2130493481666833,0.12130085663191262,0.0,0.0,0.0,1.0,1.0,-0.5092404147715511,0.4649905549752775,0.10144650383224237,0.10144650383224237,0.16986075984413973,16.076691729323304
-0.36305720250885276,0.0,0.0,1.0,0.0,0.0,0.6567031055022414,1.0,-0.21557245687417037,-0.21525485994656146,-7.44063202444536e-16,-0.2993310188577258,0.0,1.0,0.0,0.0,0.0,0.0,0.0,0.0,0.0,0.0,0.0,0.0,0.0,0.0,0.0,0.0,0.0,1.0,0.0,0.0,0.0,1.0,-0.8367095374390239,1.0,0.0,0.0,0.0,0.0,0.0,0.0,2.2130493481666833,0.12130085663191262,0.0,0.0,0.0,1.0,1.0,-0.4797795093738436,0.4649905549752775,0.10144650383224237,0.10144650383224237,0.16986075984413973,13.976691729323305
-0.36305720250885276,0.0,0.0,1.0,0.0,0.0,0.6567031055022414,1.0,-0.21557245687417037,-0.21525485994656146,-7.44063202444536e-16,-0.2993310188577258,0.0,1.0,0.0,0.0,0.0,0.0,0.0,0.0,0.0,0.0,0.0,0.0,0.0,0.0,0.0,0.0,0.0,1.0,0.0,0.0,0.0,1.0,-0.8367095374390239,1.0,0.0,0.0,0.0,0.0,0.0,0.0,2.2130493481666833,0.12130085663191262,0.0,1.0,0.0,0.0,1.0,-0.1973014164428828,0.4649905549752775,0.23234521845449066,0.23234521845449066,0.29521925419405826,8.616691729323303
-0.36305720250885276,0.0,0.0,1.0,0.0,0.0,0.6567031055022414,1.0,-0.21557245687417037,-0.21525485994656146,-7.44063202444536e-16,-0.2993310188577258,0.0,1.0,0.0,0.0,0.0,0.0,0.0,0.0,0.0,0.0,0.0,0.0,0.0,0.0,0.0,0.0,0.0,1.0,0.0,0.0,0.0,1.0,-0.8367095374390239,1.0,0.0,0.0,0.0,0.0,0.0,0.0,2.2130493481666833,0.12130085663191262,0.0,1.0,0.0,0.0,1.0,-0.3307419879501465,0.4649905549752775,0.6250413623212355,0.6250413623212355,0.6712947372438139,9.876691729323303
-0.36305720250885276,0.0,0.0,1.0,0.0,0.0,0.6567031055022414,1.0,-0.21557245687417037,-0.21525485994656146,-7.44063202444536e-16,-0.2993310188577258,0.0,1.0,0.0,0.0,0.0,0.0,0.0,0.0,0.0,0.0,0.0,0.0,0.0,0.0,0.0,0.0,0.0,1.0,0.0,0.0,0.0,1.0,-0.8367095374390239,1.0,0.0,0.0,0.0,0.0,0.0,0.0,2.2130493481666833,0.12130085663191262,0.0,1.0,0.0,0.0,0.0,-0.5005754425957548,0.4649905549752775,-1.0766419277679922,-1.0766419277679922,-0.9583656893051273,12.088499250579812
-0.36305720250885276,0.0,0.0,1.0,0.0,0.0,0.6567031055022414,1.0,-0.21557245687417037,-0.21525485994656146,-7.44063202444536e-16,-0.2993310188577258,0.0,1.0,0.0,0.0,0.0,0.0,0.0,0.0,0.0,0.0,0.0,0.0,0.0,0.0,0.0,0.0,0.0,1.0,0.0,0.0,0.0,1.0,-0.8367095374390239,1.0,0.0,0.0,0.0,0.0,0.0,0.0,2.2130493481666833,0.12130085663191262,0.0,1.0,0.0,0.0,0.0,-0.34633893786657993,0.4649905549752775,-0.7493951412123715,-0.7493951412123715,-0.6449694534303309,8.896691729323305
-0.13169284712672627,0.0,0.0,1.0,0.0,0.0,-0.33425008363886527,1.0,-0.21557245687417037,-0.03210984098650364,-7.44063202444536e-16,-0.2875057324243382,1.0,0.0,0.0,0.0,0.0,0.0,0.0,0.0,0.0,0.0,0.0,0.0,0.0,0.0,0.0,0.0,0.0,1.0,0.0,0.0,0.0,1.0,1.7699624830440885,1.0,0.0,0.0,0.0,0.0,0.0,0.0,0.4548890841754974,0.12130085663191262,0.0,1.0,0.0,0.0,0.0,-0.36713487108849113,0.4649905549752775,0.10144650383224237,0.10144650383224237,0.16986075984413973,15.284716981132078
-0.13169284712672627,0.0,0.0,1.0,0.0,0.0,-0.33425008363886527,1.0,-0.21557245687417037,-0.03210984098650364,-7.44063202444536e-16,-0.2875057324243382,1.0,0.0,0.0,0.0,0.0,0.0,0.0,0.0,0.0,0.0,0.0,0.0,0.0,0.0,0.0,0.0,0.0,1.0,0.0,0.0,0.0,1.0,1.7699624830440885,1.0,0.0,0.0,0.0,0.0,0.0,0.0,0.4548890841754974,0.12130085663191262,0.0,1.0,0.0,0.0,0.0,-0.37060085995880965,-3.0224386073393013,-0.9457432131457438,-0.9457432131457438,-1.2090826780049644,18.54750823759681
-0.13169284712672627,0.0,0.0,1.0,0.0,0.0,-0.33425008363886527,1.0,-0.21557245687417037,-0.03210984098650364,-7.44063202444536e-16,-0.2875057324243382,1.0,0.0,0.0,0.0,0.0,0.0,0.0,0.0,0.0,0.0,0.0,0.0,0.0,0.0,0.0,0.0,0.0,1.0,0.0,0.0,0.0,1.0,1.7699624830440885,1.0,0.0,0.0,0.0,0.0,0.0,0.0,0.4548890841754974,0.12130085663191262,0.0,1.0,0.0,0.0,0.0,-0.37753283769944673,-1.859962219901108,-0.9457432131457438,-0.9457432131457438,-1.0837241836550457,17.817556505866772
-0.13169284712672627,0.0,0.0,1.0,0.0,0.0,-0.33425008363886527,1.0,-0.21557245687417037,-0.03210984098650364,-7.44063202444536e-16,-0.2875057324243382,1.0,0.0,0.0,0.0,0.0,0.0,0.0,0.0,0.0,0.0,0.0,0.0,0.0,0.0,0.0,0.0,0.0,1.0,0.0,0.0,0.0,1.0,1.7699624830440885,1.0,0.0,0.0,0.0,0.0,0.0,0.0,0.4548890841754974,0.12130085663191262,0.0,1.0,0.0,0.0,0.0,-0.3740668488291282,-0.6974858324629155,-0.9457432131457438,-0.9457432131457438,-0.9583656893051273,17.130647595961346
-0.13169284712672627,0.0,0.0,1.0,0.0,0.0,-0.33425008363886527,1.0,-0.21557245687417037,-0.03210984098650364,-7.44063202444536e-16,-0.2875057324243382,1.0,0.0,0.0,0.0,0.0,0.0,0.0,0.0,0.0,0.0,0.0,0.0,0.0,0.0,0.0,0.0,0.0,1.0,0.0,0.0,0.0,1.0,1.7699624830440885,1.0,0.0,0.0,0.0,0.0,0.0,0.0,0.4548890841754974,0.12130085663191262,0.0,1.0,0.0,0.0,0.0,-0.3740668488291282,0.4649905549752775,-0.9457432131457438,-0.9457432131457438,-0.8330071949552087,16.04309287426028
-0.13169284712672627,0.0,0.0,1.0,0.0,0.0,-0.33425008363886527,1.0,-0.21557245687417037,-0.03210984098650364,-7.44063202444536e-16,-0.2875057324243382,1.0,0.0,0.0,0.0,0.0,0.0,0.0,0.0,0.0,0.0,0.0,0.0,0.0,0.0,0.0,0.0,0.0,1.0,0.0,0.0,0.0,1.0,1.7699624830440885,1.0,0.0,0.0,0.0,0.0,0.0,0.0,0.4548890841754974,0.12130085663191262,0.0,1.0,0.0,0.0,0.0,-0.48324549824416213,0.4649905549752775,-0.2912496400345025,-0.2912496400345025,-0.20621472320561596,17.254716981132077
-0.13169284712672627,0.0,0.0,1.0,0.0,0.0,-0.33425008363886527,1.0,-0.21557245687417037,-0.03210984098650364,-7.44063202444536e-16,-0.2875057324243382,1.0,0.0,0.0,0.0,0.0,0.0,0.0,0.0,0.0,0.0,0.0,0.0,0.0,0.0,0.0,0.0,0.0,1.0,0.0,0.0,0.0,1.0,1.7699624830440885,1.0,0.0,0.0,0.0,0.0,0.0,0.0,0.4548890841754974,0.12130085663191262,0.0,1.0,0.0,0.0,1.0,0.1804913704218378,0.4649905549752775,0.23234521845449066,0.23234521845449066,0.29521925419405826,16.85471698113208
-0.13169284712672627,0.0,0.0,1.0,0.0,0.0,-0.33425008363886527,1.0,-0.21557245687417037,-0.03210984098650364,-7.44063202444536e-16,-0.2875057324243382,1.0,0.0,0.0,0.0,0.0,0.0,0.0,0.0,0.0,0.0,0.0,0.0,0.0,0.0,0.0,0.0,0.0,1.0,0.0,0.0,0.0,1.0,1.7699624830440885,1.0,0.0,0.0,0.0,0.0,0.0,0.0,0.4548890841754974,0.12130085663191262,0.0,1.0,0.0,0.0,1.0,-0.1799714720912901,-1.859962219901108,0.23234521845449066,0.23234521845449066,-0.4067883141654856,18.15471698113208
-0.13169284712672627,0.0,0.0,1.0,0.0,0.0,-0.33425008363886527,1.0,-0.21557245687417037,-0.03210984098650364,-7.44063202444536e-16,-0.2875057324243382,1.0,0.0,0.0,0.0,0.0,0.0,0.0,0.0,0.0,0.0,0.0,0.0,0.0,0.0,0.0,0.0,0.0,1.0,0.0,0.0,0.0,1.0,1.7699624830440885,1.0,0.0,0.0,0.0,0.0,0.0,0.0,0.4548890841754974,0.12130085663191262,0.0,1.0,0.0,0.0,1.0,3.681140129443561,0.4649905549752775,0.23234521845449066,0.23234521845449066,0.29521925419405826,15.394716981132078
-0.13169284712672627,0.0,0.0,1.0,0.0,0.0,-0.33425008363886527,1.0,-0.21557245687417037,-0.03210984098650364,-7.44063202444536e-16,-0.2875057324243382,1.0,0.0,0.0,0.0,0.0,0.0,0.0,0.0,0.0,0.0,0.0,0.0,0.0,0.0,0.0,0.0,0.0,1.0,0.0,0.0,0.0,1.0,1.7699624830440885,1.0,0.0,0.0,0.0,0.0,0.0,0.0,0.4548890841754974,0.12130085663191262,0.0,1.0,0.0,0.0,1.0,2.0088004995148667,0.4649905549752775,3.635711798632946,3.635711798632946,3.554540107291941,16.504716981132077
-0.13169284712672627,0.0,0.0,1.0,0.0,0.0,-0.33425008363886527,1.0,-0.21557245687417037,-0.03210984098650364,-7.44063202444536e-16,-0.2875057324243382,1.0,0.0,0.0,0.0,0.0,0.0,0.0,0.0,0.0,0.0,0.0,0.0,0.0,0.0,0.0,0.0,0.0,1.0,0.0,0.0,0.0,1.0,1.7699624830440885,1.0,0.0,0.0,0.0,0.0,0.0,0.0,0.4548890841754974,0.12130085663191262,0.0,1.0,0.0,0.0,1.0,0.07131272100680387,0.4649905549752775,0.6250413623212355,0.6250413623212355,0.6712947372438139,15.424716981132075
-0.13169284712672627,0.0,0.0,1.0,0.0,0.0,-0.33425008363886527,1.0,-0.21557245687417037,-0.03210984098650364,-7.44063202444536e-16,-0.2875057324243382,1.0,0.0,0.0,0.0,0.0,0.0,0.0,0.0,0.0,0.0,0.0,0.0,0.0,0.0,0.0,0.0,0.0,1.0,0.0,0.0,0.0,1.0,1.7699624830440885,1.0,0.0,0.0,0.0,0.0,0.0,0.0,0.4548890841754974,0.12130085663191262,1.0,0.0,0.0,0.0,1.0,-0.2302283107109089,0.4649905549752775,-0.553047069278999,-0.553047069278999,-0.45693171190545306,16.553293114797313
-0.13169284712672627,0.0,0.0,1.0,0.0,0.0,-0.33425008363886527,1.0,-0.21557245687417037,-0.03210984098650364,-7.44063202444536e-16,-0.2875057324243382,1.0,0.0,0.0,0.0,0.0,0.0,0.0,0.0,0.0,0.0,0.0,0.0,0.0,0.0,0.0,0.0,0.0,1.0,0.0,0.0,0.0,1.0,1.7699624830440885,1.0,0.0,0.0,0.0,0.0,0.0,0.0,0.4548890841754974,0.12130085663191262,0.0,0.0,1.0,0.0,1.0,-0.31687803246887236,0.4649905549752775,0.23234521845449066,0.23234521845449066,0.29521925419405826,17.154716981132076
-0.13169284712672627,0.0,0.0,1.0,0.0,0.0,-0.33425008363886527,1.0,-0.21557245687417037,-0.03210984098650364,-7.44063202444536e-16,-0.2875057324243382,1.0,0.0,0.0,0.0,0.0,0.0,0.0,0.0,0.0,0.0,0.0,0.0,0.0,0.0,0.0,0.0,0.0,1.0,0.0,0.0,0.0,1.0,1.7699624830440885,1.0,0.0,0.0,0.0,0.0,0.0,0.0,0.4548890841754974,0.12130085663191262,0.0,0.0,0.0,1.0,1.0,-0.5040414314660734,0.4649905549752775,0.10144650383224237,0.10144650383224237,0.16986075984413973,18.05471698113208
-0.13169284712672627,0.0,0.0,1.0,0.0,0.0,-0.33425008363886527,1.0,-0.21557245687417037,-0.03210984098650364,-7.44063202444536e-16,-0.2875057324243382,1.0,0.0,0.0,0.0,0.0,0.0,0.0,0.0,0.0,0.0,0.0,0.0,0.0,0.0,0.0,0.0,0.0,1.0,0.0,0.0,0.0,1.0,1.7699624830440885,1.0,0.0,0.0,0.0,0.0,0.0,0.0,0.4548890841754974,0.12130085663191262,0.0,0.0,0.0,1.0,1.0,-0.5092404147715511,0.4649905549752775,0.10144650383224237,0.10144650383224237,0.16986075984413973,22.15471698113208
-0.13169284712672627,0.0,0.0,1.0,0.0,0.0,-0.33425008363886527,1.0,-0.21557245687417037,-0.03210984098650364,-7.44063202444536e-16,-0.2875057324243382,1.0,0.0,0.0,0.0,0.0,0.0,0.0,0.0,0.0,0.0,0.0,0.0,0.0,0.0,0.0,0.0,0.0,1.0,0.0,0.0,0.0,1.0,1.7699624830440885,1.0,0.0,0.0,0.0,0.0,0.0,0.0,0.4548890841754974,0.12130085663191262,0.0,0.0,0.0,1.0,1.0,-0.4797795093738436,0.4649905549752775,0.10144650383224237,0.10144650383224237,0.16986075984413973,20.05471698113208
-0.13169284712672627,0.0,0.0,1.0,0.0,0.0,-0.33425008363886527,1.0,-0.21557245687417037,-0.03210984098650364,-7.44063202444536e-16,-0.2875057324243382,1.0,0.0,0.0,0.0,0.0,0.0,0.0,0.0,0.0,0.0,0.0,0.0,0.0,0.0,0.0,0.0,0.0,1.0,0.0,0.0,0.0,1.0,1.7699624830440885,1.0,0.0,0.0,0.0,0.0,0.0,0.0,0.4548890841754974,0.12130085663191262,0.0,1.0,0.0,0.0,1.0,-0.1973014164428828,0.4649905549752775,0.23234521845449066,0.23234521845449066,0.29521925419405826,14.694716981132077
-0.13169284712672627,0.0,0.0,1.0,0.0,0.0,-0.33425008363886527,1.0,-0.21557245687417037,-0.03210984098650364,-7.44063202444536e-16,-0.2875057324243382,1.0,0.0,0.0,0.0,0.0,0.0,0.0,0.0,0.0,0.0,0.0,0.0,0.0,0.0,0.0,0.0,0.0,1.0,0.0,0.0,0.0,1.0,1.7699624830440885,1.0,0.0,0.0,0.0,0.0,0.0,0.0,0.4548890841754974,0.12130085663191262,0.0,1.0,0.0,0.0,1.0,-0.3307419879501465,0.4649905549752775,0.6250413623212355,0.6250413623212355,0.6712947372438139,15.954716981132076
-0.13169284712672627,0.0,0.0,1.0,0.0,0.0,-0.33425008363886527,1.0,-0.21557245687417037,-0.03210984098650364,-7.44063202444536e-16,-0.2875057324243382,1.0,0.0,0.0,0.0,0.0,0.0,0.0,0.0,0.0,0.0,0.0,0.0,0.0,0.0,0.0,0.0,0.0,1.0,0.0,0.0,0.0,1.0,1.7699624830440885,1.0,0.0,0.0,0.0,0.0,0.0,0.0,0.4548890841754974,0.12130085663191262,0.0,1.0,0.0,0.0,0.0,-0.5005754425957548,0.4649905549752775,-1.0766419277679922,-1.0766419277679922,-0.9583656893051273,18.166524502388587
-0.13169284712672627,0.0,0.0,1.0,0.0,0.0,-0.33425008363886527,1.0,-0.21557245687417037,-0.03210984098650364,-7.44063202444536e-16,-0.2875057324243382,1.0,0.0,0.0,0.0,0.0,0.0,0.0,0.0,0.0,0.0,0.0,0.0,0.0,0.0,0.0,0.0,0.0,1.0,0.0,0.0,0.0,1.0,1.7699624830440885,1.0,0.0,0.0,0.0,0.0,0.0,0.0,0.4548890841754974,0.12130085663191262,0.0,1.0,0.0,0.0,0.0,-0.34633893786657993,0.4649905549752775,-0.7493951412123715,-0.7493951412123715,-0.6449694534303309,14.974716981132076
-0.13169284712672627,1.0,0.0,0.0,0.0,0.0,-0.581988380924142,1.0,0.0,0.0,-7.44063202444536e-16,-0.010943717053111502,0.0,0.0,0.0,0.0,0.0,0.0,0.0,0.0,0.0,0.0,1.0,0.0,0.0,0.0,0.0,0.0,0.0,0.0,1.0,0.0,0.0,1.0,0.32181136055347054,1.0,0.0,0.0,0.0,0.0,0.0,0.0,-0.6439610808189941,-0.5197339211368001,0.0,1.0,0.0,0.0,0.0,-0.36713487108849113,0.4649905549752775,0.10144650383224237,0.10144650383224237,0.16986075984413973,-5.47
-0.13169284712672627,1.0,0.0,0.0,0.0,0.0,-0.581988380924142,1.0,0.0,0.0,-7.44063202444536e-16,-0.010943717053111502,0.0,0.0,0.0,0.0,0.0,0.0,0.0,0.0,0.0,0.0,1.0,0.0,0.0,0.0,0.0,0.0,0.0,0.0,1.0,0.0,0.0,1.0,0.32181136055347054,1.0,0.0,0.0,0.0,0.0,0.0,0.0,-0.6439610808189941,-0.5197339211368001,0.0,1.0,0.0,0.0,0.0,-0.37060085995880965,-3.0224386073393013,-0.9457432131457438,-0.9457432131457438,-1.2090826780049644,-2.2072087435352685
-0.13169284712672627,1.0,0.0,0.0,0.0,0.0,-0.581988380924142,1.0,0.0,0.0,-7.44063202444536e-16,-0.010943717053111502,0.0,0.0,0.0,0.0,0.0,0.0,0.0,0.0,0.0,0.0,1.0,0.0,0.0,0.0,0.0,0.0,0.0,0.0,1.0,0.0,0.0,1.0,0.32181136055347054,1.0,0.0,0.0,0.0,0.0,0.0,0.0,-0.6439610808189941,-0.5197339211368001,0.0,1.0,0.0,0.0,0.0,-0.37753283769944673,-1.859962219901108,-0.9457432131457438,-0.9457432131457438,-1.0837241836550457,-2.9371604752653058
-0.13169284712672627,1.0,0.0,0.0,0.0,0.0,-0.581988380924142,1.0,0.0,0.0,-7.44063202444536e-16,-0.010943717053111502,0.0,0.0,0.0,0.0,0.0,0.0,0.0,0.0,0.0,0.0,1.0,0.0,0.0,0.0,0.0,0.0,0.0,0.0,1.0,0.0,0.0,1.0,0.32181136055347054,1.0,0.0,0.0,0.0,0.0,0.0,0.0,-0.6439610808189941,-0.5197339211368001,0.0,1.0,0.0,0.0,0.0,-0.3740668488291282,-0.6974858324629155,-0.9457432131457438,-0.9457432131457438,-0.9583656893051273,-3.6240693851707295
-0.13169284712672627,1.0,0.0,0.0,0.0,0.0,-0.581988380924142,1.0,0.0,0.0,-7.44063202444536e-16,-0.010943717053111502,0.0,0.0,0.0,0.0,0.0,0.0,0.0,0.0,0.0,0.0,1.0,0.0,0.0,0.0,0.0,0.0,0.0,0.0,1.0,0.0,0.0,1.0,0.32181136055347054,1.0,0.0,0.0,0.0,0.0,0.0,0.0,-0.6439610808189941,-0.5197339211368001,0.0,1.0,0.0,0.0,0.0,-0.3740668488291282,0.4649905549752775,-0.9457432131457438,-0.9457432131457438,-0.8330071949552087,-4.711624106871794
-0.13169284712672627,1.0,0.0,0.0,0.0,0.0,-0.581988380924142,1.0,0.0,0.0,-7.44063202444536e-16,-0.010943717053111502,0.0,0.0,0.0,0.0,0.0,0.0,0.0,0.0,0.0,0.0,1.0,0.0,0.0,0.0,0.0,0.0,0.0,0.0,1.0,0.0,0.0,1.0,0.32181136055347054,1.0,0.0,0.0,0.0,0.0,0.0,0.0,-0.6439610808189941,-0.5197339211368001,0.0,1.0,0.0,0.0,0.0,-0.48324549824416213,0.4649905549752775,-0.2912496400345025,-0.2912496400345025,-0.20621472320561596,-3.5
-0.13169284712672627,1.0,0.0,0.0,0.0,0.0,-0.581988380924142,1.0,0.0,0.0,-7.44063202444536e-16,-0.010943717053111502,0.0,0.0,0.0,0.0,0.0,0.0,0.0,0.0,0.0,0.0,1.0,0.0,0.0,0.0,0.0,0.0,0.0,0.0,1.0,0.0,0.0,1.0,0.32181136055347054,1.0,0.0,0.0,0.0,0.0,0.0,0.0,-0.6439610808189941,-0.5197339211368001,0.0,1.0,0.0,0.0,1.0,0.1804913704218378,0.4649905549752775,0.23234521845449066,0.23234521845449066,0.29521925419405826,-3.9
-0.13169284712672627,1.0,0.0,0.0,0.0,0.0,-0.581988380924142,1.0,0.0,0.0,-7.44063202444536e-16,-0.010943717053111502,0.0,0.0,0.0,0.0,0.0,0.0,0.0,0.0,0.0,0.0,1.0,0.0,0.0,0.0,0.0,0.0,0.0,0.0,1.0,0.0,0.0,1.0,0.32181136055347054,1.0,0.0,0.0,0.0,0.0,0.0,0.0,-0.6439610808189941,-0.5197339211368001,0.0,1.0,0.0,0.0,1.0,-0.1799714720912901,-1.859962219901108,0.23234521845449066,0.23234521845449066,-0.4067883141654856,-2.6
-0.13169284712672627,1.0,0.0,0.0,0.0,0.0,-0.581988380924142,1.0,0.0,0.0,-7.44063202444536e-16,-0.010943717053111502,0.0,0.0,0.0,0.0,0.0,0.0,0.0,0.0,0.0,0.0,1.0,0.0,0.0,0.0,0.0,0.0,0.0,0.0,1.0,0.0,0.0,1.0,0.32181136055347054,1.0,0.0,0.0,0.0,0.0,0.0,0.0,-0.6439610808189941,-0.5197339211368001,0.0,1.0,0.0,0.0,1.0,3.681140129443561,0.4649905549752775,0.23234521845449066,0.23234521845449066,0.29521925419405826,-5.36
-0.13169284712672627,1.0,0.0,0.0,0.0,0.0,-0.581988380924142,1.0,0.0,0.0,-7.44063202444536e-16,-0.010943717053111502,0.0,0.0,0.0,0.0,0.0,0.0,0.0,0.0,0.0,0.0,1.0,0.0,0.0,0.0,0.0,0.0,0.0,0.0,1.0,0.0,0.0,1.0,0.32181136055347054,1.0,0.0,0.0,0.0,0.0,0.0,0.0,-0.6439610808189941,-0.5197339211368001,0.0,1.0,0.0,0.0,1.0,2.0088004995148667,0.4649905549752775,3.635711798632946,3.635711798632946,3.554540107291941,-4.25
-0.13169284712672627,1.0,0.0,0.0,0.0,0.0,-0.581988380924142,1.0,0.0,0.0,-7.44063202444536e-16,-0.010943717053111502,0.0,0.0,0.0,0.0,0.0,0.0,0.0,0.0,0.0,0.0,1.0,0.0,0.0,0.0,0.0,0.0,0.0,0.0,1.0,0.0,0.0,1.0,0.32181136055347054,1.0,0.0,0.0,0.0,0.0,0.0,0.0,-0.6439610808189941,-0.5197339211368001,0.0,1.0,0.0,0.0,1.0,0.07131272100680387,0.4649905549752775,0.6250413623212355,0.6250413623212355,0.6712947372438139,-5.33
-0.13169284712672627,1.0,0.0,0.0,0.0,0.0,-0.581988380924142,1.0,0.0,0.0,-7.44063202444536e-16,-0.010943717053111502,0.0,0.0,0.0,0.0,0.0,0.0,0.0,0.0,0.0,0.0,1.0,0.0,0.0,0.0,0.0,0.0,0.0,0.0,1.0,0.0,0.0,1.0,0.32181136055347054,1.0,0.0,0.0,0.0,0.0,0.0,0.0,-0.6439610808189941,-0.5197339211368001,1.0,0.0,0.0,0.0,1.0,-0.2302283107109089,0.4649905549752775,-0.553047069278999,-0.553047069278999,-0.45693171190545306,-4.201423866334764
-0.13169284712672627,1.0,0.0,0.0,0.0,0.0,-0.581988380924142,1.0,0.0,0.0,-7.44063202444536e-16,-0.010943717053111502,0.0,0.0,0.0,0.0,0.0,0.0,0.0,0.0,0.0,0.0,1.0,0.0,0.0,0.0,0.0,0.0,0.0,0.0,1.0,0.0,0.0,1.0,0.32181136055347054,1.0,0.0,0.0,0.0,0.0,0.0,0.0,-0.6439610808189941,-0.5197339211368001,0.0,0.0,1.0,0.0,1.0,-0.31687803246887236,0.4649905549752775,0.23234521845449066,0.23234521845449066,0.29521925419405826,-3.6
-0.13169284712672627,1.0,0.0,0.0,0.0,0.0,-0.581988380924142,1.0,0.0,0.0,-7.44063202444536e-16,-0.010943717053111502,0.0,0.0,0.0,0.0,0.0,0.0,0.0,0.0,0.0,0.0,1.0,0.0,0.0,0.0,0.0,0.0,0.0,0.0,1.0,0.0,0.0,1.0,0.32181136055347054,1.0,0.0,0.0,0.0,0.0,0.0,0.0,-0.6439610808189941,-0.5197339211368001,0.0,0.0,0.0,1.0,1.0,-0.5040414314660734,0.4649905549752775,0.10144650383224237,0.10144650383224237,0.16986075984413973,-2.7
-0.13169284712672627,1.0,0.0,0.0,0.0,0.0,-0.581988380924142,1.0,0.0,0.0,-7.44063202444536e-16,-0.010943717053111502,0.0,0.0,0.0,0.0,0.0,0.0,0.0,0.0,0.0,0.0,1.0,0.0,0.0,0.0,0.0,0.0,0.0,0.0,1.0,0.0,0.0,1.0,0.32181136055347054,1.0,0.0,0.0,0.0,0.0,0.0,0.0,-0.6439610808189941,-0.5197339211368001,0.0,0.0,0.0,1.0,1.0,-0.5092404147715511,0.4649905549752775,0.10144650383224237,0.10144650383224237,0.16986075984413973,1.3999999999999997
-0.13169284712672627,1.0,0.0,0.0,0.0,0.0,-0.581988380924142,1.0,0.0,0.0,-7.44063202444536e-16,-0.010943717053111502,0.0,0.0,0.0,0.0,0.0,0.0,0.0,0.0,0.0,0.0,1.0,0.0,0.0,0.0,0.0,0.0,0.0,0.0,1.0,0.0,0.0,1.0,0.32181136055347054,1.0,0.0,0.0,0.0,0.0,0.0,0.0,-0.6439610808189941,-0.5197339211368001,0.0,0.0,0.0,1.0,1.0,-0.4797795093738436,0.4649905549752775,0.10144650383224237,0.10144650383224237,0.16986075984413973,-0.6999999999999997
-0.13169284712672627,1.0,0.0,0.0,0.0,0.0,-0.581988380924142,1.0,0.0,0.0,-7.44063202444536e-16,-0.010943717053111502,0.0,0.0,0.0,0.0,0.0,0.0,0.0,0.0,0.0,0.0,1.0,0.0,0.0,0.0,0.0,0.0,0.0,0.0,1.0,0.0,0.0,1.0,0.32181136055347054,1.0,0.0,0.0,0.0,0.0,0.0,0.0,-0.6439610808189941,-0.5197339211368001,0.0,1.0,0.0,0.0,1.0,-0.1973014164428828,0.4649905549752775,0.23234521845449066,0.23234521845449066,0.29521925419405826,-6.0600000000000005
-0.13169284712672627,1.0,0.0,0.0,0.0,0.0,-0.581988380924142,1.0,0.0,0.0,-7.44063202444536e-16,-0.010943717053111502,0.0,0.0,0.0,0.0,0.0,0.0,0.0,0.0,0.0,0.0,1.0,0.0,0.0,0.0,0.0,0.0,0.0,0.0,1.0,0.0,0.0,1.0,0.32181136055347054,1.0,0.0,0.0,0.0,0.0,0.0,0.0,-0.6439610808189941,-0.5197339211368001,0.0,1.0,0.0,0.0,1.0,-0.3307419879501465,0.4649905549752775,0.6250413623212355,0.6250413623212355,0.6712947372438139,-4.800000000000001
-0.13169284712672627,1.0,0.0,0.0,0.0,0.0,-0.581988380924142,1.0,0.0,0.0,-7.44063202444536e-16,-0.010943717053111502,0.0,0.0,0.0,0.0,0.0,0.0,0.0,0.0,0.0,0.0,1.0,0.0,0.0,0.0,0.0,0.0,0.0,0.0,1.0,0.0,0.0,1.0,0.32181136055347054,1.0,0.0,0.0,0.0,0.0,0.0,0.0,-0.6439610808189941,-0.5197339211368001,0.0,1.0,0.0,0.0,0.0,-0.5005754425957548,0.4649905549752775,-1.0766419277679922,-1.0766419277679922,-0.9583656893051273,-2.58819247874349
-0.13169284712672627,1.0,0.0,0.0,0.0,0.0,-0.581988380924142,1.0,0.0,0.0,-7.44063202444536e-16,-0.010943717053111502,0.0,0.0,0.0,0.0,0.0,0.0,0.0,0.0,0.0,0.0,1.0,0.0,0.0,0.0,0.0,0.0,0.0,0.0,1.0,0.0,0.0,1.0,0.32181136055347054,1.0,0.0,0.0,0.0,0.0,0.0,0.0,-0.6439610808189941,-0.5197339211368001,0.0,1.0,0.0,0.0,0.0,-0.34633893786657993,0.4649905549752775,-0.7493951412123715,-0.7493951412123715,-0.6449694534303309,-5.78
-0.13169284712672627,1.0,0.0,0.0,0.0,0.0,-0.581988380924142,1.0,0.0,0.0,-7.44063202444536e-16,-0.010943717053111502,0.0,0.0,0.0,0.0,0.0,0.0,0.0,0.0,0.0,0.0,1.0,0.0,0.0,0.0,0.0,0.0,0.0,0.0,1.0,0.0,0.0,1.0,0.32181136055347054,1.0,0.0,0.0,0.0,0.0,0.0,0.0,-0.6439610808189941,-0.5197339211368001,0.0,1.0,0.0,0.0,0.0,-0.36713487108849113,0.4649905549752775,0.10144650383224237,0.10144650383224237,0.16986075984413973,2.2984987376189547
-0.13169284712672627,1.0,0.0,0.0,0.0,0.0,-0.581988380924142,1.0,0.0,0.0,-7.44063202444536e-16,-0.010943717053111502,0.0,0.0,0.0,0.0,0.0,0.0,0.0,0.0,0.0,0.0,1.0,0.0,0.0,0.0,0.0,0.0,0.0,0.0,1.0,0.0,0.0,1.0,0.32181136055347054,1.0,0.0,0.0,0.0,0.0,0.0,0.0,-0.6439610808189941,-0.5197339211368001,0.0,1.0,0.0,0.0,0.0,-0.37060085995880965,-3.0224386073393013,-0.9457432131457438,-0.9457432131457438,-1.2090826780049644,5.561289994083686
-0.13169284712672627,1.0,0.0,0.0,0.0,0.0,-0.581988380924142,1.0,0.0,0.0,-7.44063202444536e-16,-0.010943717053111502,0.0,0.0,0.0,0.0,0.0,0.0,0.0,0.0,0.0,0.0,1.0,0.0,0.0,0.0,0.0,0.0,0.0,0.0,1.0,0.0,0.0,1.0,0.32181136055347054,1.0,0.0,0.0,0.0,0.0,0.0,0.0,-0.6439610808189941,-0.5197339211368001,0.0,1.0,0.0,0.0,0.0,-0.37753283769944673,-1.859962219901108,-0.9457432131457438,-0.9457432131457438,-1.0837241836550457,4.831338262353649
-0.13169284712672627,1.0,0.0,0.0,0.0,0.0,-0.581988380924142,1.0,0.0,0.0,-7.44063202444536e-16,-0.010943717053111502,0.0,0.0,0.0,0.0,0.0,0.0,0.0,0.0,0.0,0.0,1.0,0.0,0.0,0.0,0.0,0.0,0.0,0.0,1.0,0.0,0.0,1.0,0.32181136055347054,1.0,0.0,0.0,0.0,0.0,0.0,0.0,-0.6439610808189941,-0.5197339211368001,0.0,1.0,0.0,0.0,0.0,-0.3740668488291282,-0.6974858324629155,-0.9457432131457438,-0.9457432131457438,-0.9583656893051273,4.144429352448224
-0.13169284712672627,1.0,0.0,0.0,0.0,0.0,-0.581988380924142,1.0,0.0,0.0,-7.44063202444536e-16,-0.010943717053111502,0.0,0.0,0.0,0.0,0.0,0.0,0.0,0.0,0.0,0.0,1.0,0.0,0.0,0.0,0.0,0.0,0.0,0.0,1.0,0.0,0.0,1.0,0.32181136055347054,1.0,0.0,0.0,0.0,0.0,0.0,0.0,-0.6439610808189941,-0.5197339211368001,0.0,1.0,0.0,0.0,0.0,-0.3740668488291282,0.4649905549752775,-0.9457432131457438,-0.9457432131457438,-0.8330071949552087,3.056874630747161
-0.13169284712672627,1.0,0.0,0.0,0.0,0.0,-0.581988380924142,1.0,0.0,0.0,-7.44063202444536e-16,-0.010943717053111502,0.0,0.0,0.0,0.0,0.0,0.0,0.0,0.0,0.0,0.0,1.0,0.0,0.0,0.0,0.0,0.0,0.0,0.0,1.0,0.0,0.0,1.0,0.32181136055347054,1.0,0.0,0.0,0.0,0.0,0.0,0.0,-0.6439610808189941,-0.5197339211368001,0.0,1.0,0.0,0.0,0.0,-0.48324549824416213,0.4649905549752775,-0.2912496400345025,-0.2912496400345025,-0.20621472320561596,4.2684987376189545
-0.13169284712672627,1.0,0.0,0.0,0.0,0.0,-0.581988380924142,1.0,0.0,0.0,-7.44063202444536e-16,-0.010943717053111502,0.0,0.0,0.0,0.0,0.0,0.0,0.0,0.0,0.0,0.0,1.0,0.0,0.0,0.0,0.0,0.0,0.0,0.0,1.0,0.0,0.0,1.0,0.32181136055347054,1.0,0.0,0.0,0.0,0.0,0.0,0.0,-0.6439610808189941,-0.5197339211368001,0.0,1.0,0.0,0.0,1.0,0.1804913704218378,0.4649905549752775,0.23234521845449066,0.23234521845449066,0.29521925419405826,3.868498737618954
-0.13169284712672627,1.0,0.0,0.0,0.0,0.0,-0.581988380924142,1.0,0.0,0.0,-7.44063202444536e-16,-0.010943717053111502,0.0,0.0,0.0,0.0,0.0,0.0,0.0,0.0,0.0,0.0,1.0,0.0,0.0,0.0,0.0,0.0,0.0,0.0,1.0,0.0,0.0,1.0,0.32181136055347054,1.0,0.0,0.0,0.0,0.0,0.0,0.0,-0.6439610808189941,-0.5197339211368001,0.0,1.0,0.0,0.0,1.0,-0.1799714720912901,-1.859962219901108,0.23234521845449066,0.23234521845449066,-0.4067883141654856,5.168498737618955
-0.13169284712672627,1.0,0.0,0.0,0.0,0.0,-0.581988380924142,1.0,0.0,0.0,-7.44063202444536e-16,-0.010943717053111502,0.0,0.0,0.0,0.0,0.0,0.0,0.0,0.0,0.0,0.0,1.0,0.0,0.0,0.0,0.0,0.0,0.0,0.0,1.0,0.0,0.0,1.0,0.32181136055347054,1.0,0.0,0.0,0.0,0.0,0.0,0.0,-0.6439610808189941,-0.5197339211368001,0.0,1.0,0.0,0.0,1.0,3.681140129443561,0.4649905549752775,0.23234521845449066,0.23234521845449066,0.29521925419405826,2.408498737618954
-0.13169284712672627,1.0,0.0,0.0,0.0,0.0,-0.581988380924142,1.0,0.0,0.0,-7.44063202444536e-16,-0.010943717053111502,0.0,0.0,0.0,0.0,0.0,0.0,0.0,0.0,0.0,0.0,1.0,0.0,0.0,0.0,0.0,0.0,0.0,0.0,1.0,0.0,0.0,1.0,0.32181136055347054,1.0,0.0,0.0,0.0,0.0,0.0,0.0,-0.6439610808189941,-0.5197339211368001,0.0,1.0,0.0,0.0,1.0,2.0088004995148667,0.4649905549752775,3.635711798632946,3.635711798632946,3.554540107291941,3.5184987376189545
-0.13169284712672627,1.0,0.0,0.0,0.0,0.0,-0.581988380924142,1.0,0.0,0.0,-7.44063202444536e-16,-0.010943717053111502,0.0,0.0,0.0,0.0,0.0,0.0,0.0,0.0,0.0,0.0,1.0,0.0,0.0,0.0,0.0,0.0,0.0,0.0,1.0,0.0,0.0,1.0,0.32181136055347054,1.0,0.0,0.0,0.0,0.0,0.0,0.0,-0.6439610808189941,-0.5197339211368001,0.0,1.0,0.0,0.0,1.0,0.07131272100680387,0.4649905549752775,0.6250413623212355,0.6250413623212355,0.6712947372438139,2.4384987376189544
-0.13169284712672627,1.0,0.0,0.0,0.0,0.0,-0.581988380924142,1.0,0.0,0.0,-7.44063202444536e-16,-0.010943717053111502,0.0,0.0,0.0,0.0,0.0,0.0,0.0,0.0,0.0,0.0,1.0,0.0,0.0,0.0,0.0,0.0,0.0,0.0,1.0,0.0,0.0,1.0,0.32181136055347054,1.0,0.0,0.0,0.0,0.0,0.0,0.0,-0.6439610808189941,-0.5197339211368001,1.0,0.0,0.0,0.0,1.0,-0.2302283107109089,0.4649905549752775,-0.553047069278999,-0.553047069278999,-0.45693171190545306,3.5670748712841904
-0.13169284712672627,1.0,0.0,0.0,0.0,0.0,-0.581988380924142,1.0,0.0,0.0,-7.44063202444536e-16,-0.010943717053111502,0.0,0.0,0.0,0.0,0.0,0.0,0.0,0.0,0.0,0.0,1.0,0.0,0.0,0.0,0.0,0.0,0.0,0.0,1.0,0.0,0.0,1.0,0.32181136055347054,1.0,0.0,0.0,0.0,0.0,0.0,0.0,-0.6439610808189941,-0.5197339211368001,0.0,0.0,1.0,0.0,1.0,-0.31687803246887236,0.4649905549752775,0.23234521845449066,0.23234521845449066,0.29521925419405826,4.168498737618954
-0.13169284712672627,1.0,0.0,0.0,0.0,0.0,-0.581988380924142,1.0,0.0,0.0,-7.44063202444536e-16,-0.010943717053111502,0.0,0.0,0.0,0.0,0.0,0.0,0.0,0.0,0.0,0.0,1.0,0.0,0.0,0.0,0.0,0.0,0.0,0.0,1.0,0.0,0.0,1.0,0.32181136055347054,1.0,0.0,0.0,0.0,0.0,0.0,0.0,-0.6439610808189941,-0.5197339211368001,0.0,0.0,0.0,1.0,1.0,-0.5040414314660734,0.4649905549752775,0.10144650383224237,0.10144650383224237,0.16986075984413973,5.068498737618954
-0.13169284712672627,1.0,0.0,0.0,0.0,0.0,-0.581988380924142,1.0,0.0,0.0,-7.44063202444536e-16,-0.010943717053111502,0.0,0.0,0.0,0.0,0.0,0.0,0.0,0.0,0.0,0.0,1.0,0.0,0.0,0.0,0.0,0.0,0.0,0.0,1.0,0.0,0.0,1.0,0.32181136055347054,1.0,0.0,0.0,0.0,0.0,0.0,0.0,-0.6439610808189941,-0.5197339211368001,0.0,0.0,0.0,1.0,1.0,-0.5092404147715511,0.4649905549752775,0.10144650383224237,0.10144650383224237,0.16986075984413973,9.168498737618954
-0.13169284712672627,1.0,0.0,0.0,0.0,0.0,-0.581988380924142,1.0,0.0,0.0,-7.44063202444536e-16,-0.010943717053111502,0.0,0.0,0.0,0.0,0.0,0.0,0.0,0.0,0.0,0.0,1.0,0.0,0.0,0.0,0.0,0.0,0.0,0.0,1.0,0.0,0.0,1.0,0.32181136055347054,1.0,0.0,0.0,0.0,0.0,0.0,0.0,-0.6439610808189941,-0.5197339211368001,0.0,0.0,0.0,1.0,1.0,-0.4797795093738436,0.4649905549752775,0.10144650383224237,0.10144650383224237,0.16986075984413973,7.068498737618954
-0.13169284712672627,1.0,0.0,0.0,0.0,0.0,-0.581988380924142,1.0,0.0,0.0,-7.44063202444536e-16,-0.010943717053111502,0.0,0.0,0.0,0.0,0.0,0.0,0.0,0.0,0.0,0.0,1.0,0.0,0.0,0.0,0.0,0.0,0.0,0.0,1.0,0.0,0.0,1.0,0.32181136055347054,1.0,0.0,0.0,0.0,0.0,0.0,0.0,-0.6439610808189941,-0.5197339211368001,0.0,1.0,0.0,0.0,1.0,-0.1973014164428828,0.4649905549752775,0.23234521845449066,0.23234521845449066,0.29521925419405826,1.708498737618954
-0.13169284712672627,1.0,0.0,0.0,0.0,0.0,-0.581988380924142,1.0,0.0,0.0,-7.44063202444536e-16,-0.010943717053111502,0.0,0.0,0.0,0.0,0.0,0.0,0.0,0.0,0.0,0.0,1.0,0.0,0.0,0.0,0.0,0.0,0.0,0.0,1.0,0.0,0.0,1.0,0.32181136055347054,1.0,0.0,0.0,0.0,0.0,0.0,0.0,-0.6439610808189941,-0.5197339211368001,0.0,1.0,0.0,0.0,1.0,-0.3307419879501465,0.4649905549752775,0.6250413623212355,0.6250413623212355,0.6712947372438139,2.9684987376189538
-0.13169284712672627,1.0,0.0,0.0,0.0,0.0,-0.581988380924142,1.0,0.0,0.0,-7.44063202444536e-16,-0.010943717053111502,0.0,0.0,0.0,0.0,0.0,0.0,0.0,0.0,0.0,0.0,1.0,0.0,0.0,0.0,0.0,0.0,0.0,0.0,1.0,0.0,0.0,1.0,0.32181136055347054,1.0,0.0,0.0,0.0,0.0,0.0,0.0,-0.6439610808189941,-0.5197339211368001,0.0,1.0,0.0,0.0,0.0,-0.5005754425957548,0.4649905549752775,-1.0766419277679922,-1.0766419277679922,-0.9583656893051273,5.180306258875465
-0.13169284712672627,1.0,0.0,0.0,0.0,0.0,-0.581988380924142,1.0,0.0,0.0,-7.44063202444536e-16,-0.010943717053111502,0.0,0.0,0.0,0.0,0.0,0.0,0.0,0.0,0.0,0.0,1.0,0.0,0.0,0.0,0.0,0.0,0.0,0.0,1.0,0.0,0.0,1.0,0.32181136055347054,1.0,0.0,0.0,0.0,0.0,0.0,0.0,-0.6439610808189941,-0.5197339211368001,0.0,1.0,0.0,0.0,0.0,-0.34633893786657993,0.4649905549752775,-0.7493951412123715,-0.7493951412123715,-0.6449694534303309,1.9884987376189545
-0.13169284712672627,1.0,0.0,0.0,0.0,0.0,0.9044414027875181,1.0,-0.19913670794979524,-0.22357963353565502,-7.44063202444536e-16,-0.06477122340053146,0.0,0.0,0.0,0.0,0.0,0.0,0.0,0.0,0.0,0.0,1.0,0.0,0.0,0.0,0.0,0.0,0.0,0.0,1.0,0.0,0.0,1.0,-0.25744908844277664,1.0,0.0,0.0,0.0,0.0,0.0,0.0,0.6746591171743956,0.2495078121856552,0.0,1.0,0.0,0.0,0.0,-0.36713487108849113,0.4649905549752775,0.10144650383224237,0.10144650383224237,0.16986075984413973,6.2947058823529405
-0.13169284712672627,1.0,0.0,0.0,0.0,0.0,0.9044414027875181,1.0,-0.19913670794979524,-0.22357963353565502,-7.44063202444536e-16,-0.06477122340053146,0.0,0.0,0.0,0.0,0.0,0.0,0.0,0.0,0.0,0.0,1.0,0.0,0.0,0.0,0.0,0.0,0.0,0.0,1.0,0.0,0.0,1.0,-0.25744908844277664,1.0,0.0,0.0,0.0,0.0,0.0,0.0,0.6746591171743956,0.2495078121856552,0.0,1.0,0.0,0.0,0.0,-0.37060085995880965,-3.0224386073393013,-0.9457432131457438,-0.9457432131457438,-1.2090826780049644,9.557497138817672
-0.13169284712672627,1.0,0.0,0.0,0.0,0.0,0.9044414027875181,1.0,-0.19913670794979524,-0.22357963353565502,-7.44063202444536e-16,-0.06477122340053146,0.0,0.0,0.0,0.0,0.0,0.0,0.0,0.0,0.0,0.0,1.0,0.0,0.0,0.0,0.0,0.0,0.0,0.0,1.0,0.0,0.0,1.0,-0.25744908844277664,1.0,0.0,0.0,0.0,0.0,0.0,0.0,0.6746591171743956,0.2495078121856552,0.0,1.0,0.0,0.0,0.0,-0.37753283769944673,-1.859962219901108,-0.9457432131457438,-0.9457432131457438,-1.0837241836550457,8.827545407087634
-0.13169284712672627,1.0,0.0,0.0,0.0,0.0,0.9044414027875181,1.0,-0.19913670794979524,-0.22357963353565502,-7.44063202444536e-16,-0.06477122340053146,0.0,0.0,0.0,0.0,0.0,0.0,0.0,0.0,0.0,0.0,1.0,0.0,0.0,0.0,0.0,0.0,0.0,0.0,1.0,0.0,0.0,1.0,-0.25744908844277664,1.0,0.0,0.0,0.0,0.0,0.0,0.0,0.6746591171743956,0.2495078121856552,0.0,1.0,0.0,0.0,0.0,-0.3740668488291282,-0.6974858324629155,-0.9457432131457438,-0.9457432131457438,-0.9583656893051273,8.14063649718221
-0.13169284712672627,1.0,0.0,0.0,0.0,0.0,0.9044414027875181,1.0,-0.19913670794979524,-0.22357963353565502,-7.44063202444536e-16,-0.06477122340053146,0.0,0.0,0.0,0.0,0.0,0.0,0.0,0.0,0.0,0.0,1.0,0.0,0.0,0.0,0.0,0.0,0.0,0.0,1.0,0.0,0.0,1.0,-0.25744908844277664,1.0,0.0,0.0,0.0,0.0,0.0,0.0,0.6746591171743956,0.2495078121856552,0.0,1.0,0.0,0.0,0.0,-0.3740668488291282,0.4649905549752775,-0.9457432131457438,-0.9457432131457438,-0.8330071949552087,7.053081775481147
-0.13169284712672627,1.0,0.0,0.0,0.0,0.0,0.9044414027875181,1.0,-0.19913670794979524,-0.22357963353565502,-7.44063202444536e-16,-0.06477122340053146,0.0,0.0,0.0,0.0,0.0,0.0,0.0,0.0,0.0,0.0,1.0,0.0,0.0,0.0,0.0,0.0,0.0,0.0,1.0,0.0,0.0,1.0,-0.25744908844277664,1.0,0.0,0.0,0.0,0.0,0.0,0.0,0.6746591171743956,0.2495078121856552,0.0,1.0,0.0,0.0,0.0,-0.48324549824416213,0.4649905549752775,-0.2912496400345025,-0.2912496400345025,-0.20621472320561596,8.26470588235294
-0.13169284712672627,1.0,0.0,0.0,0.0,0.0,0.9044414027875181,1.0,-0.19913670794979524,-0.22357963353565502,-7.44063202444536e-16,-0.06477122340053146,0.0,0.0,0.0,0.0,0.0,0.0,0.0,0.0,0.0,0.0,1.0,0.0,0.0,0.0,0.0,0.0,0.0,0.0,1.0,0.0,0.0,1.0,-0.25744908844277664,1.0,0.0,0.0,0.0,0.0,0.0,0.0,0.6746591171743956,0.2495078121856552,0.0,1.0,0.0,0.0,1.0,0.1804913704218378,0.4649905549752775,0.23234521845449066,0.23234521845449066,0.29521925419405826,7.86470588235294
-0.13169284712672627,1.0,0.0,0.0,0.0,0.0,0.9044414027875181,1.0,-0.19913670794979524,-0.22357963353565502,-7.44063202444536e-16,-0.06477122340053146,0.0,0.0,0.0,0.0,0.0,0.0,0.0,0.0,0.0,0.0,1.0,0.0,0.0,0.0,0.0,0.0,0.0,0.0,1.0,0.0,0.0,1.0,-0.25744908844277664,1.0,0.0,0.0,0.0,0.0,0.0,0.0,0.6746591171743956,0.2495078121856552,0.0,1.0,0.0,0.0,1.0,-0.1799714720912901,-1.859962219901108,0.23234521845449066,0.23234521845449066,-0.4067883141654856,9.16470588235294
-0.13169284712672627,1.0,0.0,0.0,0.0,0.0,0.9044414027875181,1.0,-0.19913670794979524,-0.22357963353565502,-7.44063202444536e-16,-0.06477122340053146,0.0,0.0,0.0,0.0,0.0,0.0,0.0,0.0,0.0,0.0,1.0,0.0,0.0,0.0,0.0,0.0,0.0,0.0,1.0,0.0,0.0,1.0,-0.25744908844277664,1.0,0.0,0.0,0.0,0.0,0.0,0.0,0.6746591171743956,0.2495078121856552,0.0,1.0,0.0,0.0,1.0,3.681140129443561,0.4649905549752775,0.23234521845449066,0.23234521845449066,0.29521925419405826,6.40470588235294
-0.13169284712672627,1.0,0.0,0.0,0.0,0.0,0.9044414027875181,1.0,-0.19913670794979524,-0.22357963353565502,-7.44063202444536e-16,-0.06477122340053146,0.0,0.0,0.0,0.0,0.0,0.0,0.0,0.0,0.0,0.0,1.0,0.0,0.0,0.0,0.0,0.0,0.0,0.0,1.0,0.0,0.0,1.0,-0.25744908844277664,1.0,0.0,0.0,0.0,0.0,0.0,0.0,0.6746591171743956,0.2495078121856552,0.0,1.0,0.0,0.0,1.0,2.0088004995148667,0.4649905549752775,3.635711798632946,3.635711798632946,3.554540107291941,7.51470588235294
-0.13169284712672627,1.0,0.0,0.0,0.0,0.0,0.9044414027875181,1.0,-0.19913670794979524,-0.22357963353565502,-7.44063202444536e-16,-0.06477122340053146,0.0,0.0,0.0,0.0,0.0,0.0,0.0,0.0,0.0,0.0,1.0,0.0,0.0,0.0,0.0,0.0,0.0,0.0,1.0,0.0,0.0,1.0,-0.25744908844277664,1.0,0.0,0.0,0.0,0.0,0.0,0.0,0.6746591171743956,0.2495078121856552,0.0,1.0,0.0,0.0,1.0,0.07131272100680387,0.4649905549752775,0.6250413623212355,0.6250413623212355,0.6712947372438139,6.43470588235294
-0.13169284712672627,1.0,0.0,0.0,0.0,0.0,0.9044414027875181,1.0,-0.19913670794979524,-0.22357963353565502,-7.44063202444536e-16,-0.06477122340053146,0.0,0.0,0.0,0.0,0.0,0.0,0.0,0.0,0.0,0.0,1.0,0.0,0.0,0.0,0.0,0.0,0.0,0.0,1.0,0.0,0.0,1.0,-0.25744908844277664,1.0,0.0,0.0,0.0,0.0,0.0,0.0,0.6746591171743956,0.2495078121856552,1.0,0.0,0.0,0.0,1.0,-0.2302283107109089,0.4649905549752775,-0.553047069278999,-0.553047069278999,-0.45693171190545306,7.563282016018176
-0.13169284712672627,1.0,0.0,0.0,0.0,0.0,0.9044414027875181,1.0,-0.19913670794979524,-0.22357963353565502,-7.44063202444536e-16,-0.06477122340053146,0.0,0.0,0.0,0.0,0.0,0.0,0.0,0.0,0.0,0.0,1.0,0.0,0.0,0.0,0.0,0.0,0.0,0.0,1.0,0.0,0.0,1.0,-0.25744908844277664,1.0,0.0,0.0,0.0,0.0,0.0,0.0,0.6746591171743956,0.2495078121856552,0.0,0.0,1.0,0.0,1.0,-0.31687803246887236,0.4649905549752775,0.23234521845449066,0.23234521845449066,0.29521925419405826,8.16470588235294
-0.13169284712672627,1.0,0.0,0.0,0.0,0.0,0.9044414027875181,1.0,-0.19913670794979524,-0.22357963353565502,-7.44063202444536e-16,-0.06477122340053146,0.0,0.0,0.0,0.0,0.0,0.0,0.0,0.0,0.0,0.0,1.0,0.0,0.0,0.0,0.0,0.0,0.0,0.0,1.0,0.0,0.0,1.0,-0.25744908844277664,1.0,0.0,0.0,0.0,0.0,0.0,0.0,0.6746591171743956,0.2495078121856552,0.0,0.0,0.0,1.0,1.0,-0.5040414314660734,0.4649905549752775,0.10144650383224237,0.10144650383224237,0.16986075984413973,9.06470588235294
-0.13169284712672627,1.0,0.0,0.0,0.0,0.0,0.9044414027875181,1.0,-0.19913670794979524,-0.22357963353565502,-7.44063202444536e-16,-0.06477122340053146,0.0,0.0,0.0,0.0,0.0,0.0,0.0,0.0,0.0,0.0,1.0,0.0,0.0,0.0,0.0,0.0,0.0,0.0,1.0,0.0,0.0,1.0,-0.25744908844277664,1.0,0.0,0.0,0.0,0.0,0.0,0.0,0.6746591171743956,0.2495078121856552,0.0,0.0,0.0,1.0,1.0,-0.5092404147715511,0.4649905549752775,0.10144650383224237,0.10144650383224237,0.16986075984413973,13.16470588235294
-0.13169284712672627,1.0,0.0,0.0,0.0,0.0,0.9044414027875181,1.0,-0.19913670794979524,-0.22357963353565502,-7.44063202444536e-16,-0.06477122340053146,0.0,0.0,0.0,0.0,0.0,0.0,0.0,0.0,0.0,0.0,1.0,0.0,0.0,0.0,0.0,0.0,0.0,0.0,1.0,0.0,0.0,1.0,-0.25744908844277664,1.0,0.0,0.0,0.0,0.0,0.0,0.0,0.6746591171743956,0.2495078121856552,0.0,0.0,0.0,1.0,1.0,-0.4797795093738436,0.4649905549752775,0.10144650383224237,0.10144650383224237,0.16986075984413973,11.06470588235294
-0.13169284712672627,1.0,0.0,0.0,0.0,0.0,0.9044414027875181,1.0,-0.19913670794979524,-0.22357963353565502,-7.44063202444536e-16,-0.06477122340053146,0.0,0.0,0.0,0.0,0.0,0.0,0.0,0.0,0.0,0.0,1.0,0.0,0.0,0.0,0.0,0.0,0.0,0.0,1.0,0.0,0.0,1.0,-0.25744908844277664,1.0,0.0,0.0,0.0,0.0,0.0,0.0,0.6746591171743956,0.2495078121856552,0.0,1.0,0.0,0.0,1.0,-0.1973014164428828,0.4649905549752775,0.23234521845449066,0.23234521845449066,0.29521925419405826,5.70470588235294
-0.13169284712672627,1.0,0.0,0.0,0.0,0.0,0.9044414027875181,1.0,-0.19913670794979524,-0.22357963353565502,-7.44063202444536e-16,-0.06477122340053146,0.0,0.0,0.0,0.0,0.0,0.0,0.0,0.0,0.0,0.0,1.0,0.0,0.0,0.0,0.0,0.0,0.0,0.0,1.0,0.0,0.0,1.0,-0.25744908844277664,1.0,0.0,0.0,0.0,0.0,0.0,0.0,0.6746591171743956,0.2495078121856552,0.0,1.0,0.0,0.0,1.0,-0.3307419879501465,0.4649905549752775,0.6250413623212355,0.6250413623212355,0.6712947372438139,6.96470588235294
-0.13169284712672627,1.0,0.0,0.0,0.0,0.0,0.9044414027875181,1.0,-0.19913670794979524,-0.22357963353565502,-7.44063202444536e-16,-0.06477122340053146,0.0,0.0,0.0,0.0,0.0,0.0,0.0,0.0,0.0,0.0,1.0,0.0,0.0,0.0,0.0,0.0,0.0,0.0,1.0,0.0,0.0,1.0,-0.25744908844277664,1.0,0.0,0.0,0.0,0.0,0.0,0.0,0.6746591171743956,0.2495078121856552,0.0,1.0,0.0,0.0,0.0,-0.5005754425957548,0.4649905549752775,-1.0766419277679922,-1.0766419277679922,-0.9583656893051273,9.17651340360945
-0.13169284712672627,1.0,0.0,0.0,0.0,0.0,0.9044414027875181,1.0,-0.19913670794979524,-0.22357963353565502,-7.44063202444536e-16,-0.06477122340053146,0.0,0.0,0.0,0.0,0.0,0.0,0.0,0.0,0.0,0.0,1.0,0.0,0.0,0.0,0.0,0.0,0.0,0.0,1.0,0.0,0.0,1.0,-0.25744908844277664,1.0,0.0,0.0,0.0,0.0,0.0,0.0,0.6746591171743956,0.2495078121856552,0.0,1.0,0.0,0.0,0.0,-0.34633893786657993,0.4649905549752775,-0.7493951412123715,-0.7493951412123715,-0.6449694534303309,5.98470588235294
0.3310358636375267,1.0,0.0,0.0,0.0,0.0,0.9044414027875181,1.0,-0.19913670794979524,-0.22357963353565502,-7.44063202444536e-16,-0.06477122340053146,0.0,0.0,0.0,0.0,0.0,0.0,0.0,0.0,0.0,0.0,1.0,0.0,0.0,0.0,0.0,0.0,0.0,0.0,1.0,0.0,0.0,1.0,-0.25744908844277664,1.0,0.0,0.0,0.0,0.0,0.0,0.0,0.6746591171743956,1.4033704121693384,0.0,1.0,0.0,0.0,0.0,-0.36713487108849113,0.4649905549752775,0.10144650383224237,0.10144650383224237,0.16986075984413973,6.2947058823529405
0.3310358636375267,1.0,0.0,0.0,0.0,0.0,0.9044414027875181,1.0,-0.19913670794979524,-0.22357963353565502,-7.44063202444536e-16,-0.06477122340053146,0.0,0.0,0.0,0.0,0.0,0.0,0.0,0.0,0.0,0.0,1.0,0.0,0.0,0.0,0.0,0.0,0.0,0.0,1.0,0.0,0.0,1.0,-0.25744908844277664,1.0,0.0,0.0,0.0,0.0,0.0,0.0,0.6746591171743956,1.4033704121693384,0.0,1.0,0.0,0.0,0.0,-0.37060085995880965,-3.0224386073393013,-0.9457432131457438,-0.9457432131457438,-1.2090826780049644,9.557497138817672
0.3310358636375267,1.0,0.0,0.0,0.0,0.0,0.9044414027875181,1.0,-0.19913670794979524,-0.22357963353565502,-7.44063202444536e-16,-0.06477122340053146,0.0,0.0,0.0,0.0,0.0,0.0,0.0,0.0,0.0,0.0,1.0,0.0,0.0,0.0,0.0,0.0,0.0,0.0,1.0,0.0,0.0,1.0,-0.25744908844277664,1.0,0.0,0.0,0.0,0.0,0.0,0.0,0.6746591171743956,1.4033704121693384,0.0,1.0,0.0,0.0,0.0,-0.37753283769944673,-1.859962219901108,-0.9457432131457438,-0.9457432131457438,-1.0837241836550457,8.827545407087634
0.3310358636375267,1.0,0.0,0.0,0.0,0.0,0.9044414027875181,1.0,-0.19913670794979524,-0.22357963353565502,-7.44063202444536e-16,-0.06477122340053146,0.0,0.0,0.0,0.0,0.0,0.0,0.0,0.0,0.0,0.0,1.0,0.0,0.0,0.0,0.0,0.0,0.0,0.0,1.0,0.0,0.0,1.0,-0.25744908844277664,1.0,0.0,0.0,0.0,0.0,0.0,0.0,0.6746591171743956,1.4033704121693384,0.0,1.0,0.0,0.0,0.0,-0.3740668488291282,-0.6974858324629155,-0.9457432131457438,-0.9457432131457438,-0.9583656893051273,8.14063649718221
0.3310358636375267,1.0,0.0,0.0,0.0,0.0,0.9044414027875181,1.0,-0.19913670794979524,-0.22357963353565502,-7.44063202444536e-16,-0.06477122340053146,0.0,0.0,0.0,0.0,0.0,0.0,0.0,0.0,0.0,0.0,1.0,0.0,0.0,0.0,0.0,0.0,0.0,0.0,1.0,0.0,0.0,1.0,-0.25744908844277664,1.0,0.0,0.0,0.0,0.0,0.0,0.0,0.6746591171743956,1.4033704121693384,0.0,1.0,0.0,0.0,0.0,-0.3740668488291282,0.4649905549752775,-0.9457432131457438,-0.9457432131457438,-0.8330071949552087,7.053081775481147
0.3310358636375267,1.0,0.0,0.0,0.0,0.0,0.9044414027875181,1.0,-0.19913670794979524,-0.22357963353565502,-7.44063202444536e-16,-0.06477122340053146,0.0,0.0,0.0,0.0,0.0,0.0,0.0,0.0,0.0,0.0,1.0,0.0,0.0,0.0,0.0,0.0,0.0,0.0,1.0,0.0,0.0,1.0,-0.25744908844277664,1.0,0.0,0.0,0.0,0.0,0.0,0.0,0.6746591171743956,1.4033704121693384,0.0,1.0,0.0,0.0,0.0,-0.48324549824416213,0.4649905549752775,-0.2912496400345025,-0.2912496400345025,-0.20621472320561596,8.26470588235294
0.3310358636375267,1.0,0.0,0.0,0.0,0.0,0.9044414027875181,1.0,-0.19913670794979524,-0.22357963353565502,-7.44063202444536e-16,-0.06477122340053146,0.0,0.0,0.0,0.0,0.0,0.0,0.0,0.0,0.0,0.0,1.0,0.0,0.0,0.0,0.0,0.0,0.0,0.0,1.0,0.0,0.0,1.0,-0.25744908844277664,1.0,0.0,0.0,0.0,0.0,0.0,0.0,0.6746591171743956,1.4033704121693384,0.0,1.0,0.0,0.0,1.0,0.1804913704218378,0.4649905549752775,0.23234521845449066,0.23234521845449066,0.29521925419405826,7.86470588235294
0.3310358636375267,1.0,0.0,0.0,0.0,0.0,0.9044414027875181,1.0,-0.19913670794979524,-0.22357963353565502,-7.44063202444536e-16,-0.06477122340053146,0.0,0.0,0.0,0.0,0.0,0.0,0.0,0.0,0.0,0.0,1.0,0.0,0.0,0.0,0.0,0.0,0.0,0.0,1.0,0.0,0.0,1.0,-0.25744908844277664,1.0,0.0,0.0,0.0,0.0,0.0,0.0,0.6746591171743956,1.4033704121693384,0.0,1.0,0.0,0.0,1.0,-0.1799714720912901,-1.859962219901108,0.23234521845449066,0.23234521845449066,-0.4067883141654856,9.16470588235294
0.3310358636375267,1.0,0.0,0.0,0.0,0.0,0.9044414027875181,1.0,-0.19913670794979524,-0.22357963353565502,-7.44063202444536e-16,-0.06477122340053146,0.0,0.0,0.0,0.0,0.0,0.0,0.0,0.0,0.0,0.0,1.0,0.0,0.0,0.0,0.0,0.0,0.0,0.0,1.0,0.0,0.0,1.0,-0.25744908844277664,1.0,0.0,0.0,0.0,0.0,0.0,0.0,0.6746591171743956,1.4033704121693384,0.0,1.0,0.0,0.0,1.0,3.681140129443561,0.4649905549752775,0.23234521845449066,0.23234521845449066,0.29521925419405826,6.40470588235294
0.3310358636375267,1.0,0.0,0.0,0.0,0.0,0.9044414027875181,1.0,-0.19913670794979524,-0.22357963353565502,-7.44063202444536e-16,-0.06477122340053146,0.0,0.0,0.0,0.0,0.0,0.0,0.0,0.0,0.0,0.0,1.0,0.0,0.0,0.0,0.0,0.0,0.0,0.0,1.0,0.0,0.0,1.0,-0.25744908844277664,1.0,0.0,0.0,0.0,0.0,0.0,0.0,0.6746591171743956,1.4033704121693384,0.0,1.0,0.0,0.0,1.0,2.0088004995148667,0.4649905549752775,3.635711798632946,3.635711798632946,3.554540107291941,7.51470588235294
0.3310358636375267,1.0,0.0,0.0,0.0,0.0,0.9044414027875181,1.0,-0.19913670794979524,-0.22357963353565502,-7.44063202444536e-16,-0.06477122340053146,0.0,0.0,0.0,0.0,0.0,0.0,0.0,0.0,0.0,0.0,1.0,0.0,0.0,0.0,0.0,0.0,0.0,0.0,1.0,0.0,0.0,1.0,-0.25744908844277664,1.0,0.0,0.0,0.0,0.0,0.0,0.0,0.6746591171743956,1.4033704121693384,0.0,1.0,0.0,0.0,1.0,0.07131272100680387,0.4649905549752775,0.6250413623212355,0.6250413623212355,0.6712947372438139,6.43470588235294
0.3310358636375267,1.0,0.0,0.0,0.0,0.0,0.9044414027875181,1.0,-0.19913670794979524,-0.22357963353565502,-7.44063202444536e-16,-0.06477122340053146,0.0,0.0,0.0,0.0,0.0,0.0,0.0,0.0,0.0,0.0,1.0,0.0,0.0,0.0,0.0,0.0,0.0,0.0,1.0,0.0,0.0,1.0,-0.25744908844277664,1.0,0.0,0.0,0.0,0.0,0.0,0.0,0.6746591171743956,1.4033704121693384,1.0,0.0,0.0,0.0,1.0,-0.2302283107109089,0.4649905549752775,-0.553047069278999,-0.553047069278999,-0.45693171190545306,7.563282016018176
0.3310358636375267,1.0,0.0,0.0,0.0,0.0,0.9044414027875181,1.0,-0.19913670794979524,-0.22357963353565502,-7.44063202444536e-16,-0.06477122340053146,0.0,0.0,0.0,0.0,0.0,0.0,0.0,0.0,0.0,0.0,1.0,0.0,0.0,0.0,0.0,0.0,0.0,0.0,1.0,0.0,0.0,1.0,-0.25744908844277664,1.0,0.0,0.0,0.0,0.0,0.0,0.0,0.6746591171743956,1.4033704121693384,0.0,0.0,1.0,0.0,1.0,-0.31687803246887236,0.4649905549752775,0.23234521845449066,0.23234521845449066,0.29521925419405826,8.16470588235294
0.3310358636375267,1.0,0.0,0.0,0.0,0.0,0.9044414027875181,1.0,-0.19913670794979524,-0.22357963353565502,-7.44063202444536e-16,-0.06477122340053146,0.0,0.0,0.0,0.0,0.0,0.0,0.0,0.0,0.0,0.0,1.0,0.0,0.0,0.0,0.0,0.0,0.0,0.0,1.0,0.0,0.0,1.0,-0.25744908844277664,1.0,0.0,0.0,0.0,0.0,0.0,0.0,0.6746591171743956,1.4033704121693384,0.0,0.0,0.0,1.0,1.0,-0.5040414314660734,0.4649905549752775,0.10144650383224237,0.10144650383224237,0.16986075984413973,9.06470588235294
0.3310358636375267,1.0,0.0,0.0,0.0,0.0,0.9044414027875181,1.0,-0.19913670794979524,-0.22357963353565502,-7.44063202444536e-16,-0.06477122340053146,0.0,0.0,0.0,0.0,0.0,0.0,0.0,0.0,0.0,0.0,1.0,0.0,0.0,0.0,0.0,0.0,0.0,0.0,1.0,0.0,0.0,1.0,-0.25744908844277664,1.0,0.0,0.0,0.0,0.0,0.0,0.0,0.6746591171743956,1.4033704121693384,0.0,0.0,0.0,1.0,1.0,-0.5092404147715511,0.4649905549752775,0.10144650383224237,0.10144650383224237,0.16986075984413973,13.16470588235294
0.3310358636375267,1.0,0.0,0.0,0.0,0.0,0.9044414027875181,1.0,-0.19913670794979524,-0.22357963353565502,-7.44063202444536e-16,-0.06477122340053146,0.0,0.0,0.0,0.0,0.0,0.0,0.0,0.0,0.0,0.0,1.0,0.0,0.0,0.0,0.0,0.0,0.0,0.0,1.0,0.0,0.0,1.0,-0.25744908844277664,1.0,0.0,0.0,0.0,0.0,0.0,0.0,0.6746591171743956,1.4033704121693384,0.0,0.0,0.0,1.0,1.0,-0.4797795093738436,0.4649905549752775,0.10144650383224237,0.10144650383224237,0.16986075984413973,11.06470588235294
0.3310358636375267,1.0,0.0,0.0,0.0,0.0,0.9044414027875181,1.0,-0.19913670794979524,-0.22357963353565502,-7.44063202444536e-16,-0.06477122340053146,0.0,0.0,0.0,0.0,0.0,0.0,0.0,0.0,0.0,0.0,1.0,0.0,0.0,0.0,0.0,0.0,0.0,0.0,1.0,0.0,0.0,1.0,-0.25744908844277664,1.0,0.0,0.0,0.0,0.0,0.0,0.0,0.6746591171743956,1.4033704121693384,0.0,1.0,0.0,0.0,1.0,-0.1973014164428828,0.4649905549752775,0.23234521845449066,0.23234521845449066,0.29521925419405826,5.70470588235294
0.3310358636375267,1.0,0.0,0.0,0.0,0.0,0.9044414027875181,1.0,-0.19913670794979524,-0.22357963353565502,-7.44063202444536e-16,-0.06477122340053146,0.0,0.0,0.0,0.0,0.0,0.0,0.0,0.0,0.0,0.0,1.0,0.0,0.0,0.0,0.0,0.0,0.0,0.0,1.0,0.0,0.0,1.0,-0.25744908844277664,1.0,0.0,0.0,0.0,0.0,0.0,0.0,0.6746591171743956,1.4033704121693384,0.0,1.0,0.0,0.0,1.0,-0.3307419879501465,0.4649905549752775,0.6250413623212355,0.6250413623212355,0.6712947372438139,6.96470588235294
0.3310358636375267,1.0,0.0,0.0,0.0,0.0,0.9044414027875181,1.0,-0.19913670794979524,-0.22357963353565502,-7.44063202444536e-16,-0.06477122340053146,0.0,0.0,0.0,0.0,0.0,0.0,0.0,0.0,0.0,0.0,1.0,0.0,0.0,0.0,0.0,0.0,0.0,0.0,1.0,0.0,0.0,1.0,-0.25744908844277664,1.0,0.0,0.0,0.0,0.0,0.0,0.0,0.6746591171743956,1.4033704121693384,0.0,1.0,0.0,0.0,0.0,-0.5005754425957548,0.4649905549752775,-1.0766419277679922,-1.0766419277679922,-0.9583656893051273,9.17651340360945
0.3310358636375267,1.0,0.0,0.0,0.0,0.0,0.9044414027875181,1.0,-0.19913670794979524,-0.22357963353565502,-7.44063202444536e-16,-0.06477122340053146,0.0,0.0,0.0,0.0,0.0,0.0,0.0,0.0,0.0,0.0,1.0,0.0,0.0,0.0,0.0,0.0,0.0,0.0,1.0,0.0,0.0,1.0,-0.25744908844277664,1.0,0.0,0.0,0.0,0.0,0.0,0.0,0.6746591171743956,1.4033704121693384,0.0,1.0,0.0,0.0,0.0,-0.34633893786657993,0.4649905549752775,-0.7493951412123715,-0.7493951412123715,-0.6449694534303309,5.98470588235294
0.3310358636375267,1.0,0.0,0.0,0.0,0.0,-0.33425008363886527,1.0,-0.17448308456323253,-0.23190440712474855,5.475857116397114,-0.02728955602179407,0.0,0.0,0.0,0.0,0.0,0.0,0.0,0.0,0.0,0.0,0.0,0.0,1.0,0.0,0.0,0.0,0.0,0.0,1.0,0.0,0.0,1.0,-1.1263397619371476,1.0,0.0,0.0,0.0,0.0,0.0,0.0,-0.4241910478200958,0.12130085663191262,0.0,1.0,0.0,0.0,0.0,-0.36713487108849113,0.4649905549752775,0.10144650383224237,0.10144650383224237,0.16986075984413973,2.53
0.3310358636375267,1.0,0.0,0.0,0.0,0.0,-0.33425008363886527,1.0,-0.17448308456323253,-0.23190440712474855,5.475857116397114,-0.02728955602179407,0.0,0.0,0.0,0.0,0.0,0.0,0.0,0.0,0.0,0.0,0.0,0.0,1.0,0.0,0.0,0.0,0.0,0.0,1.0,0.0,0.0,1.0,-1.1263397619371476,1.0,0.0,0.0,0.0,0.0,0.0,0.0,-0.4241910478200958,0.12130085663191262,0.0,1.0,0.0,0.0,0.0,-0.37060085995880965,-3.0224386073393013,-0.9457432131457438,-0.9457432131457438,-1.2090826780049644,5.792791256464732
0.3310358636375267,1.0,0.0,0.0,0.0,0.0,-0.33425008363886527,1.0,-0.17448308456323253,-0.23190440712474855,5.475857116397114,-0.02728955602179407,0.0,0.0,0.0,0.0,0.0,0.0,0.0,0.0,0.0,0.0,0.0,0.0,1.0,0.0,0.0,0.0,0.0,0.0,1.0,0.0,0.0,1.0,-1.1263397619371476,1.0,0.0,0.0,0.0,0.0,0.0,0.0,-0.4241910478200958,0.12130085663191262,0.0,1.0,0.0,0.0,0.0,-0.37753283769944673,-1.859962219901108,-0.9457432131457438,-0.9457432131457438,-1.0837241836550457,5.062839524734694
0.3310358636375267,1.0,0.0,0.0,0.0,0.0,-0.33425008363886527,1.0,-0.17448308456323253,-0.23190440712474855,5.475857116397114,-0.02728955602179407,0.0,0.0,0.0,0.0,0.0,0.0,0.0,0.0,0.0,0.0,0.0,0.0,1.0,0.0,0.0,0.0,0.0,0.0,1.0,0.0,0.0,1.0,-1.1263397619371476,1.0,0.0,0.0,0.0,0.0,0.0,0.0,-0.4241910478200958,0.12130085663191262,0.0,1.0,0.0,0.0,0.0,-0.3740668488291282,-0.6974858324629155,-0.9457432131457438,-0.9457432131457438,-0.9583656893051273,4.37593061482927
0.3310358636375267,1.0,0.0,0.0,0.0,0.0,-0.33425008363886527,1.0,-0.17448308456323253,-0.23190440712474855,5.475857116397114,-0.02728955602179407,0.0,0.0,0.0,0.0,0.0,0.0,0.0,0.0,0.0,0.0,0.0,0.0,1.0,0.0,0.0,0.0,0.0,0.0,1.0,0.0,0.0,1.0,-1.1263397619371476,1.0,0.0,0.0,0.0,0.0,0.0,0.0,-0.4241910478200958,0.12130085663191262,0.0,1.0,0.0,0.0,0.0,-0.3740668488291282,0.4649905549752775,-0.9457432131457438,-0.9457432131457438,-0.8330071949552087,3.2883758931282063
0.3310358636375267,1.0,0.0,0.0,0.0,0.0,-0.33425008363886527,1.0,-0.17448308456323253,-0.23190440712474855,5.475857116397114,-0.02728955602179407,0.0,0.0,0.0,0.0,0.0,0.0,0.0,0.0,0.0,0.0,0.0,0.0,1.0,0.0,0.0,0.0,0.0,0.0,1.0,0.0,0.0,1.0,-1.1263397619371476,1.0,0.0,0.0,0.0,0.0,0.0,0.0,-0.4241910478200958,0.12130085663191262,0.0,1.0,0.0,0.0,0.0,-0.48324549824416213,0.4649905549752775,-0.2912496400345025,-0.2912496400345025,-0.20621472320561596,4.5
0.3310358636375267,1.0,0.0,0.0,0.0,0.0,-0.33425008363886527,1.0,-0.17448308456323253,-0.23190440712474855,5.475857116397114,-0.02728955602179407,0.0,0.0,0.0,0.0,0.0,0.0,0.0,0.0,0.0,0.0,0.0,0.0,1.0,0.0,0.0,0.0,0.0,0.0,1.0,0.0,0.0,1.0,-1.1263397619371476,1.0,0.0,0.0,0.0,0.0,0.0,0.0,-0.4241910478200958,0.12130085663191262,0.0,1.0,0.0,0.0,1.0,0.1804913704218378,0.4649905549752775,0.23234521845449066,0.23234521845449066,0.29521925419405826,4.1
0.3310358636375267,1.0,0.0,0.0,0.0,0.0,-0.33425008363886527,1.0,-0.17448308456323253,-0.23190440712474855,5.475857116397114,-0.02728955602179407,0.0,0.0,0.0,0.0,0.0,0.0,0.0,0.0,0.0,0.0,0.0,0.0,1.0,0.0,0.0,0.0,0.0,0.0,1.0,0.0,0.0,1.0,-1.1263397619371476,1.0,0.0,0.0,0.0,0.0,0.0,0.0,-0.4241910478200958,0.12130085663191262,0.0,1.0,0.0,0.0,1.0,-0.1799714720912901,-1.859962219901108,0.23234521845449066,0.23234521845449066,-0.4067883141654856,5.4
0.3310358636375267,1.0,0.0,0.0,0.0,0.0,-0.33425008363886527,1.0,-0.17448308456323253,-0.23190440712474855,5.475857116397114,-0.02728955602179407,0.0,0.0,0.0,0.0,0.0,0.0,0.0,0.0,0.0,0.0,0.0,0.0,1.0,0.0,0.0,0.0,0.0,0.0,1.0,0.0,0.0,1.0,-1.1263397619371476,1.0,0.0,0.0,0.0,0.0,0.0,0.0,-0.4241910478200958,0.12130085663191262,0.0,1.0,0.0,0.0,1.0,3.681140129443561,0.4649905549752775,0.23234521845449066,0.23234521845449066,0.29521925419405826,2.64
0.3310358636375267,1.0,0.0,0.0,0.0,0.0,-0.33425008363886527,1.0,-0.17448308456323253,-0.23190440712474855,5.475857116397114,-0.02728955602179407,0.0,0.0,0.0,0.0,0.0,0.0,0.0,0.0,0.0,0.0,0.0,0.0,1.0,0.0,0.0,0.0,0.0,0.0,1.0,0.0,0.0,1.0,-1.1263397619371476,1.0,0.0,0.0,0.0,0.0,0.0,0.0,-0.4241910478200958,0.12130085663191262,0.0,1.0,0.0,0.0,1.0,2.0088004995148667,0.4649905549752775,3.635711798632946,3.635711798632946,3.554540107291941,3.75
0.3310358636375267,1.0,0.0,0.0,0.0,0.0,-0.33425008363886527,1.0,-0.17448308456323253,-0.23190440712474855,5.475857116397114,-0.02728955602179407,0.0,0.0,0.0,0.0,0.0,0.0,0.0,0.0,0.0,0.0,0.0,0.0,1.0,0.0,0.0,0.0,0.0,0.0,1.0,0.0,0.0,1.0,-1.1263397619371476,1.0,0.0,0.0,0.0,0.0,0.0,0.0,-0.4241910478200958,0.12130085663191262,0.0,1.0,0.0,0.0,1.0,0.07131272100680387,0.4649905549752775,0.6250413623212355,0.6250413623212355,0.6712947372438139,2.67
0.3310358636375267,1.0,0.0,0.0,0.0,0.0,-0.33425008363886527,1.0,-0.17448308456323253,-0.23190440712474855,5.475857116397114,-0.02728955602179407,0.0,0.0,0.0,0.0,0.0,0.0,0.0,0.0,0.0,0.0,0.0,0.0,1.0,0.0,0.0,0.0,0.0,0.0,1.0,0.0,0.0,1.0,-1.1263397619371476,1.0,0.0,0.0,0.0,0.0,0.0,0.0,-0.4241910478200958,0.12130085663191262,1.0,0.0,0.0,0.0,1.0,-0.2302283107109089,0.4649905549752775,-0.553047069278999,-0.553047069278999,-0.45693171190545306,3.798576133665236
0.3310358636375267,1.0,0.0,0.0,0.0,0.0,-0.33425008363886527,1.0,-0.17448308456323253,-0.23190440712474855,5.475857116397114,-0.02728955602179407,0.0,0.0,0.0,0.0,0.0,0.0,0.0,0.0,0.0,0.0,0.0,0.0,1.0,0.0,0.0,0.0,0.0,0.0,1.0,0.0,0.0,1.0,-1.1263397619371476,1.0,0.0,0.0,0.0,0.0,0.0,0.0,-0.4241910478200958,0.12130085663191262,0.0,0.0,1.0,0.0,1.0,-0.31687803246887236,0.4649905549752775,0.23234521845449066,0.23234521845449066,0.29521925419405826,4.4
0.3310358636375267,1.0,0.0,0.0,0.0,0.0,-0.33425008363886527,1.0,-0.17448308456323253,-0.23190440712474855,5.475857116397114,-0.02728955602179407,0.0,0.0,0.0,0.0,0.0,0.0,0.0,0.0,0.0,0.0,0.0,0.0,1.0,0.0,0.0,0.0,0.0,0.0,1.0,0.0,0.0,1.0,-1.1263397619371476,1.0,0.0,0.0,0.0,0.0,0.0,0.0,-0.4241910478200958,0.12130085663191262,0.0,0.0,0.0,1.0,1.0,-0.5040414314660734,0.4649905549752775,0.10144650383224237,0.10144650383224237,0.16986075984413973,5.300000000000001
0.3310358636375267,1.0,0.0,0.0,0.0,0.0,-0.33425008363886527,1.0,-0.17448308456323253,-0.23190440712474855,5.475857116397114,-0.02728955602179407,0.0,0.0,0.0,0.0,0.0,0.0,0.0,0.0,0.0,0.0,0.0,0.0,1.0,0.0,0.0,0.0,0.0,0.0,1.0,0.0,0.0,1.0,-1.1263397619371476,1.0,0.0,0.0,0.0,0.0,0.0,0.0,-0.4241910478200958,0.12130085663191262,0.0,0.0,0.0,1.0,1.0,-0.5092404147715511,0.4649905549752775,0.10144650383224237,0.10144650383224237,0.16986075984413973,9.4
0.3310358636375267,1.0,0.0,0.0,0.0,0.0,-0.33425008363886527,1.0,-0.17448308456323253,-0.23190440712474855,5.475857116397114,-0.02728955602179407,0.0,0.0,0.0,0.0,0.0,0.0,0.0,0.0,0.0,0.0,0.0,0.0,1.0,0.0,0.0,0.0,0.0,0.0,1.0,0.0,0.0,1.0,-1.1263397619371476,1.0,0.0,0.0,0.0,0.0,0.0,0.0,-0.4241910478200958,0.12130085663191262,0.0,0.0,0.0,1.0,1.0,-0.4797795093738436,0.4649905549752775,0.10144650383224237,0.10144650383224237,0.16986075984413973,7.300000000000001
0.3310358636375267,1.0,0.0,0.0,0.0,0.0,-0.33425008363886527,1.0,-0.17448308456323253,-0.23190440712474855,5.475857116397114,-0.02728955602179407,0.0,0.0,0.0,0.0,0.0,0.0,0.0,0.0,0.0,0.0,0.0,0.0,1.0,0.0,0.0,0.0,0.0,0.0,1.0,0.0,0.0,1.0,-1.1263397619371476,1.0,0.0,0.0,0.0,0.0,0.0,0.0,-0.4241910478200958,0.12130085663191262,0.0,1.0,0.0,0.0,1.0,-0.1973014164428828,0.4649905549752775,0.23234521845449066,0.23234521845449066,0.29521925419405826,1.9399999999999995
0.3310358636375267,1.0,0.0,0.0,0.0,0.0,-0.33425008363886527,1.0,-0.17448308456323253,-0.23190440712474855,5.475857116397114,-0.02728955602179407,0.0,0.0,0.0,0.0,0.0,0.0,0.0,0.0,0.0,0.0,0.0,0.0,1.0,0.0,0.0,0.0,0.0,0.0,1.0,0.0,0.0,1.0,-1.1263397619371476,1.0,0.0,0.0,0.0,0.0,0.0,0.0,-0.4241910478200958,0.12130085663191262,0.0,1.0,0.0,0.0,1.0,-0.3307419879501465,0.4649905549752775,0.6250413623212355,0.6250413623212355,0.6712947372438139,3.2
0.3310358636375267,1.0,0.0,0.0,0.0,0.0,-0.33425008363886527,1.0,-0.17448308456323253,-0.23190440712474855,5.475857116397114,-0.02728955602179407,0.0,0.0,0.0,0.0,0.0,0.0,0.0,0.0,0.0,0.0,0.0,0.0,1.0,0.0,0.0,0.0,0.0,0.0,1.0,0.0,0.0,1.0,-1.1263397619371476,1.0,0.0,0.0,0.0,0.0,0.0,0.0,-0.4241910478200958,0.12130085663191262,0.0,1.0,0.0,0.0,0.0,-0.5005754425957548,0.4649905549752775,-1.0766419277679922,-1.0766419277679922,-0.9583656893051273,5.4118075212565095
0.3310358636375267,1.0,0.0,0.0,0.0,0.0,-0.33425008363886527,1.0,-0.17448308456323253,-0.23190440712474855,5.475857116397114,-0.02728955602179407,0.0,0.0,0.0,0.0,0.0,0.0,0.0,0.0,0.0,0.0,0.0,0.0,1.0,0.0,0.0,0.0,0.0,0.0,1.0,0.0,0.0,1.0,-1.1263397619371476,1.0,0.0,0.0,0.0,0.0,0.0,0.0,-0.4241910478200958,0.12130085663191262,0.0,1.0,0.0,0.0,0.0,-0.34633893786657993,0.4649905549752775,-0.7493951412123715,-0.7493951412123715,-0.6449694534303309,2.22
-0.13169284712672627,1.0,0.0,0.0,0.0,0.0,-0.33425008363886527,1.0,-0.19913670794979524,-0.16530621841200024,-7.44063202444536e-16,-0.2922957218657104,0.0,0.0,1.0,0.0,0.0,0.0,0.0,0.0,0.0,0.0,0.0,0.0,0.0,0.0,0.0,0.0,0.0,1.0,0.0,0.0,0.0,1.0,0.32181136055347054,1.0,0.0,0.0,0.0,0.0,0.0,0.0,-0.4241910478200958,-0.3915269655830575,0.0,1.0,0.0,0.0,0.0,-0.36713487108849113,0.4649905549752775,0.10144650383224237,0.10144650383224237,0.16986075984413973,7.863333333333334
-0.13169284712672627,1.0,0.0,0.0,0.0,0.0,-0.33425008363886527,1.0,-0.19913670794979524,-0.16530621841200024,-7.44063202444536e-16,-0.2922957218657104,0.0,0.0,1.0,0.0,0.0,0.0,0.0,0.0,0.0,0.0,0.0,0.0,0.0,0.0,0.0,0.0,0.0,1.0,0.0,0.0,0.0,1.0,0.32181136055347054,1.0,0.0,0.0,0.0,0.0,0.0,0.0,-0.4241910478200958,-0.3915269655830575,0.0,1.0,0.0,0.0,0.0,-0.37060085995880965,-3.0224386073393013,-0.9457432131457438,-0.9457432131457438,-1.2090826780049644,11.126124589798064
-0.13169284712672627,1.0,0.0,0.0,0.0,0.0,-0.33425008363886527,1.0,-0.19913670794979524,-0.16530621841200024,-7.44063202444536e-16,-0.2922957218657104,0.0,0.0,1.0,0.0,0.0,0.0,0.0,0.0,0.0,0.0,0.0,0.0,0.0,0.0,0.0,0.0,0.0,1.0,0.0,0.0,0.0,1.0,0.32181136055347054,1.0,0.0,0.0,0.0,0.0,0.0,0.0,-0.4241910478200958,-0.3915269655830575,0.0,1.0,0.0,0.0,0.0,-0.37753283769944673,-1.859962219901108,-0.9457432131457438,-0.9457432131457438,-1.0837241836550457,10.396172858068027
-0.13169284712672627,1.0,0.0,0.0,0.0,0.0,-0.33425008363886527,1.0,-0.19913670794979524,-0.16530621841200024,-7.44063202444536e-16,-0.2922957218657104,0.0,0.0,1.0,0.0,0.0,0.0,0.0,0.0,0.0,0.0,0.0,0.0,0.0,0.0,0.0,0.0,0.0,1.0,0.0,0.0,0.0,1.0,0.32181136055347054,1.0,0.0,0.0,0.0,0.0,0.0,0.0,-0.4241910478200958,-0.3915269655830575,0.0,1.0,0.0,0.0,0.0,-0.3740668488291282,-0.6974858324629155,-0.9457432131457438,-0.9457432131457438,-0.9583656893051273,9.709263948162604
-0.13169284712672627,1.0,0.0,0.0,0.0,0.0,-0.33425008363886527,1.0,-0.19913670794979524,-0.16530621841200024,-7.44063202444536e-16,-0.2922957218657104,0.0,0.0,1.0,0.0,0.0,0.0,0.0,0.0,0.0,0.0,0.0,0.0,0.0,0.0,0.0,0.0,0.0,1.0,0.0,0.0,0.0,1.0,0.32181136055347054,1.0,0.0,0.0,0.0,0.0,0.0,0.0,-0.4241910478200958,-0.3915269655830575,0.0,1.0,0.0,0.0,0.0,-0.3740668488291282,0.4649905549752775,-0.9457432131457438,-0.9457432131457438,-0.8330071949552087,8.62170922646154
-0.13169284712672627,1.0,0.0,0.0,0.0,0.0,-0.33425008363886527,1.0,-0.19913670794979524,-0.16530621841200024,-7.44063202444536e-16,-0.2922957218657104,0.0,0.0,1.0,0.0,0.0,0.0,0.0,0.0,0.0,0.0,0.0,0.0,0.0,0.0,0.0,0.0,0.0,1.0,0.0,0.0,0.0,1.0,0.32181136055347054,1.0,0.0,0.0,0.0,0.0,0.0,0.0,-0.4241910478200958,-0.3915269655830575,0.0,1.0,0.0,0.0,0.0,-0.48324549824416213,0.4649905549752775,-0.2912496400345025,-0.2912496400345025,-0.20621472320561596,9.833333333333334
-0.13169284712672627,1.0,0.0,0.0,0.0,0.0,-0.33425008363886527,1.0,-0.19913670794979524,-0.16530621841200024,-7.44063202444536e-16,-0.2922957218657104,0.0,0.0,1.0,0.0,0.0,0.0,0.0,0.0,0.0,0.0,0.0,0.0,0.0,0.0,0.0,0.0,0.0,1.0,0.0,0.0,0.0,1.0,0.32181136055347054,1.0,0.0,0.0,0.0,0.0,0.0,0.0,-0.4241910478200958,-0.3915269655830575,0.0,1.0,0.0,0.0,1.0,0.1804913704218378,0.4649905549752775,0.23234521845449066,0.23234521845449066,0.29521925419405826,9.433333333333334
-0.13169284712672627,1.0,0.0,0.0,0.0,0.0,-0.33425008363886527,1.0,-0.19913670794979524,-0.16530621841200024,-7.44063202444536e-16,-0.2922957218657104,0.0,0.0,1.0,0.0,0.0,0.0,0.0,0.0,0.0,0.0,0.0,0.0,0.0,0.0,0.0,0.0,0.0,1.0,0.0,0.0,0.0,1.0,0.32181136055347054,1.0,0.0,0.0,0.0,0.0,0.0,0.0,-0.4241910478200958,-0.3915269655830575,0.0,1.0,0.0,0.0,1.0,-0.1799714720912901,-1.859962219901108,0.23234521845449066,0.23234521845449066,-0.4067883141654856,10.733333333333334
-0.13169284712672627,1.0,0.0,0.0,0.0,0.0,-0.33425008363886527,1.0,-0.19913670794979524,-0.16530621841200024,-7.44063202444536e-16,-0.2922957218657104,0.0,0.0,1.0,0.0,0.0,0.0,0.0,0.0,0.0,0.0,0.0,0.0,0.0,0.0,0.0,0.0,0.0,1.0,0.0,0.0,0.0,1.0,0.32181136055347054,1.0,0.0,0.0,0.0,0.0,0.0,0.0,-0.4241910478200958,-0.3915269655830575,0.0,1.0,0.0,0.0,1.0,3.681140129443561,0.4649905549752775,0.23234521845449066,0.23234521845449066,0.29521925419405826,7.973333333333334
-0.13169284712672627,1.0,0.0,0.0,0.0,0.0,-0.33425008363886527,1.0,-0.19913670794979524,-0.16530621841200024,-7.44063202444536e-16,-0.2922957218657104,0.0,0.0,1.0,0.0,0.0,0.0,0.0,0.0,0.0,0.0,0.0,0.0,0.0,0.0,0.0,0.0,0.0,1.0,0.0,0.0,0.0,1.0,0.32181136055347054,1.0,0.0,0.0,0.0,0.0,0.0,0.0,-0.4241910478200958,-0.3915269655830575,0.0,1.0,0.0,0.0,1.0,2.0088004995148667,0.4649905549752775,3.635711798632946,3.635711798632946,3.554540107291941,9.083333333333334
-0.13169284712672627,1.0,0.0,0.0,0.0,0.0,-0.33425008363886527,1.0,-0.19913670794979524,-0.16530621841200024,-7.44063202444536e-16,-0.2922957218657104,0.0,0.0,1.0,0.0,0.0,0.0,0.0,0.0,0.0,0.0,0.0,0.0,0.0,0.0,0.0,0.0,0.0,1.0,0.0,0.0,0.0,1.0,0.32181136055347054,1.0,0.0,0.0,0.0,0.0,0.0,0.0,-0.4241910478200958,-0.3915269655830575,0.0,1.0,0.0,0.0,1.0,0.07131272100680387,0.4649905549752775,0.6250413623212355,0.6250413623212355,0.6712947372438139,8.003333333333334
-0.13169284712672627,1.0,0.0,0.0,0.0,0.0,-0.33425008363886527,1.0,-0.19913670794979524,-0.16530621841200024,-7.44063202444536e-16,-0.2922957218657104,0.0,0.0,1.0,0.0,0.0,0.0,0.0,0.0,0.0,0.0,0.0,0.0,0.0,0.0,0.0,0.0,0.0,1.0,0.0,0.0,0.0,1.0,0.32181136055347054,1.0,0.0,0.0,0.0,0.0,0.0,0.0,-0.4241910478200958,-0.3915269655830575,1.0,0.0,0.0,0.0,1.0,-0.2302283107109089,0.4649905549752775,-0.553047069278999,-0.553047069278999,-0.45693171190545306,9.13190946699857
-0.13169284712672627,1.0,0.0,0.0,0.0,0.0,-0.33425008363886527,1.0,-0.19913670794979524,-0.16530621841200024,-7.44063202444536e-16,-0.2922957218657104,0.0,0.0,1.0,0.0,0.0,0.0,0.0,0.0,0.0,0.0,0.0,0.0,0.0,0.0,0.0,0.0,0.0,1.0,0.0,0.0,0.0,1.0,0.32181136055347054,1.0,0.0,0.0,0.0,0.0,0.0,0.0,-0.4241910478200958,-0.3915269655830575,0.0,0.0,1.0,0.0,1.0,-0.31687803246887236,0.4649905549752775,0.23234521845449066,0.23234521845449066,0.29521925419405826,9.733333333333334
-0.13169284712672627,1.0,0.0,0.0,0.0,0.0,-0.33425008363886527,1.0,-0.19913670794979524,-0.16530621841200024,-7.44063202444536e-16,-0.2922957218657104,0.0,0.0,1.0,0.0,0.0,0.0,0.0,0.0,0.0,0.0,0.0,0.0,0.0,0.0,0.0,0.0,0.0,1.0,0.0,0.0,0.0,1.0,0.32181136055347054,1.0,0.0,0.0,0.0,0.0,0.0,0.0,-0.4241910478200958,-0.3915269655830575,0.0,0.0,0.0,1.0,1.0,-0.5040414314660734,0.4649905549752775,0.10144650383224237,0.10144650383224237,0.16986075984413973,10.633333333333336
-0.13169284712672627,1.0,0.0,0.0,0.0,0.0,-0.33425008363886527,1.0,-0.19913670794979524,-0.16530621841200024,-7.44063202444536e-16,-0.2922957218657104,0.0,0.0,1.0,0.0,0.0,0.0,0.0,0.0,0.0,0.0,0.0,0.0,0.0,0.0,0.0,0.0,0.0,1.0,0.0,0.0,0.0,1.0,0.32181136055347054,1.0,0.0,0.0,0.0,0.0,0.0,0.0,-0.4241910478200958,-0.3915269655830575,0.0,0.0,0.0,1.0,1.0,-0.5092404147715511,0.4649905549752775,0.10144650383224237,0.10144650383224237,0.16986075984413973,14.733333333333334
-0.13169284712672627,1.0,0.0,0.0,0.0,0.0,-0.33425008363886527,1.0,-0.19913670794979524,-0.16530621841200024,-7.44063202444536e-16,-0.2922957218657104,0.0,0.0,1.0,0.0,0.0,0.0,0.0,0.0,0.0,0.0,0.0,0.0,0.0,0.0,0.0,0.0,0.0,1.0,0.0,0.0,0.0,1.0,0.32181136055347054,1.0,0.0,0.0,0.0,0.0,0.0,0.0,-0.4241910478200958,-0.3915269655830575,0.0,0.0,0.0,1.0,1.0,-0.4797795093738436,0.4649905549752775,0.10144650383224237,0.10144650383224237,0.16986075984413973,12.633333333333336
-0.13169284712672627,1.0,0.0,0.0,0.0,0.0,-0.33425008363886527,1.0,-0.19913670794979524,-0.16530621841200024,-7.44063202444536e-16,-0.2922957218657104,0.0,0.0,1.0,0.0,0.0,0.0,0.0,0.0,0.0,0.0,0.0,0.0,0.0,0.0,0.0,0.0,0.0,1.0,0.0,0.0,0.0,1.0,0.32181136055347054,1.0,0.0,0.0,0.0,0.0,0.0,0.0,-0.4241910478200958,-0.3915269655830575,0.0,1.0,0.0,0.0,1.0,-0.1973014164428828,0.4649905549752775,0.23234521845449066,0.23234521845449066,0.29521925419405826,7.273333333333333
-0.13169284712672627,1.0,0.0,0.0,0.0,0.0,-0.33425008363886527,1.0,-0.19913670794979524,-0.16530621841200024,-7.44063202444536e-16,-0.2922957218657104,0.0,0.0,1.0,0.0,0.0,0.0,0.0,0.0,0.0,0.0,0.0,0.0,0.0,0.0,0.0,0.0,0.0,1.0,0.0,0.0,0.0,1.0,0.32181136055347054,1.0,0.0,0.0,0.0,0.0,0.0,0.0,-0.4241910478200958,-0.3915269655830575,0.0,1.0,0.0,0.0,1.0,-0.3307419879501465,0.4649905549752775,0.6250413623212355,0.6250413623212355,0.6712947372438139,8.533333333333333
-0.13169284712672627,1.0,0.0,0.0,0.0,0.0,-0.33425008363886527,1.0,-0.19913670794979524,-0.16530621841200024,-7.44063202444536e-16,-0.2922957218657104,0.0,0.0,1.0,0.0,0.0,0.0,0.0,0.0,0.0,0.0,0.0,0.0,0.0,0.0,0.0,0.0,0.0,1.0,0.0,0.0,0.0,1.0,0.32181136055347054,1.0,0.0,0.0,0.0,0.0,0.0,0.0,-0.4241910478200958,-0.3915269655830575,0.0,1.0,0.0,0.0,0.0,-0.5005754425957548,0.4649905549752775,-1.0766419277679922,-1.0766419277679922,-0.9583656893051273,10.745140854589843
-0.13169284712672627,1.0,0.0,0.0,0.0,0.0,-0.33425008363886527,1.0,-0.19913670794979524,-0.16530621841200024,-7.44063202444536e-16,-0.2922957218657104,0.0,0.0,1.0,0.0,0.0,0.0,0.0,0.0,0.0,0.0,0.0,0.0,0.0,0.0,0.0,0.0,0.0,1.0,0.0,0.0,0.0,1.0,0.32181136055347054,1.0,0.0,0.0,0.0,0.0,0.0,0.0,-0.4241910478200958,-0.3915269655830575,0.0,1.0,0.0,0.0,0.0,-0.34633893786657993,0.4649905549752775,-0.7493951412123715,-0.7493951412123715,-0.6449694534303309,7.553333333333334
-0.13169284712672627,1.0,0.0,0.0,0.0,0.0,-0.33425008363886527,1.0,-0.19913670794979524,0.042813121315338196,-7.44063202444536e-16,-0.2875057324243382,0.0,0.0,1.0,0.0,0.0,0.0,0.0,0.0,0.0,0.0,0.0,0.0,0.0,0.0,0.0,0.0,0.0,1.0,0.0,0.0,0.0,1.0,0.32181136055347054,1.0,0.0,0.0,0.0,0.0,0.0,0.0,-0.4241910478200958,-0.3915269655830575,0.0,1.0,0.0,0.0,0.0,-0.36713487108849113,0.4649905549752775,0.10144650383224237,0.10144650383224237,0.16986075984413973,2.077169811320756
-0.13169284712672627,1.0,0.0,0.0,0.0,0.0,-0.33425008363886527,1.0,-0.19913670794979524,0.042813121315338196,-7.44063202444536e-16,-0.2875057324243382,0.0,0.0,1.0,0.0,0.0,0.0,0.0,0.0,0.0,0.0,0.0,0.0,0.0,0.0,0.0,0.0,0.0,1.0,0.0,0.0,0.0,1.0,0.32181136055347054,1.0,0.0,0.0,0.0,0.0,0.0,0.0,-0.4241910478200958,-0.3915269655830575,0.0,1.0,0.0,0.0,0.0,-0.37060085995880965,-3.0224386073393013,-0.9457432131457438,-0.9457432131457438,-1.2090826780049644,5.339961067785487
-0.13169284712672627,1.0,0.0,0.0,0.0,0.0,-0.33425008363886527,1.0,-0.19913670794979524,0.042813121315338196,-7.44063202444536e-16,-0.2875057324243382,0.0,0.0,1.0,0.0,0.0,0.0,0.0,0.0,0.0,0.0,0.0,0.0,0.0,0.0,0.0,0.0,0.0,1.0,0.0,0.0,0.0,1.0,0.32181136055347054,1.0,0.0,0.0,0.0,0.0,0.0,0.0,-0.4241910478200958,-0.3915269655830575,0.0,1.0,0.0,0.0,0.0,-0.37753283769944673,-1.859962219901108,-0.9457432131457438,-0.9457432131457438,-1.0837241836550457,4.61000933605545
-0.13169284712672627,1.0,0.0,0.0,0.0,0.0,-0.33425008363886527,1.0,-0.19913670794979524,0.042813121315338196,-7.44063202444536e-16,-0.2875057324243382,0.0,0.0,1.0,0.0,0.0,0.0,0.0,0.0,0.0,0.0,0.0,0.0,0.0,0.0,0.0,0.0,0.0,1.0,0.0,0.0,0.0,1.0,0.32181136055347054,1.0,0.0,0.0,0.0,0.0,0.0,0.0,-0.4241910478200958,-0.3915269655830575,0.0,1.0,0.0,0.0,0.0,-0.3740668488291282,-0.6974858324629155,-0.9457432131457438,-0.9457432131457438,-0.9583656893051273,3.923100426150025
-0.13169284712672627,1.0,0.0,0.0,0.0,0.0,-0.33425008363886527,1.0,-0.19913670794979524,0.042813121315338196,-7.44063202444536e-16,-0.2875057324243382,0.0,0.0,1.0,0.0,0.0,0.0,0.0,0.0,0.0,0.0,0.0,0.0,0.0,0.0,0.0,0.0,0.0,1.0,0.0,0.0,0.0,1.0,0.32181136055347054,1.0,0.0,0.0,0.0,0.0,0.0,0.0,-0.4241910478200958,-0.3915269655830575,0.0,1.0,0.0,0.0,0.0,-0.3740668488291282,0.4649905549752775,-0.9457432131457438,-0.9457432131457438,-0.8330071949552087,2.835545704448962
-0.13169284712672627,1.0,0.0,0.0,0.0,0.0,-0.33425008363886527,1.0,-0.19913670794979524,0.042813121315338196,-7.44063202444536e-16,-0.2875057324243382,0.0,0.0,1.0,0.0,0.0,0.0,0.0,0.0,0.0,0.0,0.0,0.0,0.0,0.0,0.0,0.0,0.0,1.0,0.0,0.0,0.0,1.0,0.32181136055347054,1.0,0.0,0.0,0.0,0.0,0.0,0.0,-0.4241910478200958,-0.3915269655830575,0.0,1.0,0.0,0.0,0.0,-0.48324549824416213,0.4649905549752775,-0.2912496400345025,-0.2912496400345025,-0.20621472320561596,4.047169811320756
-0.13169284712672627,1.0,0.0,0.0,0.0,0.0,-0.33425008363886527,1.0,-0.19913670794979524,0.042813121315338196,-7.44063202444536e-16,-0.2875057324243382,0.0,0.0,1.0,0.0,0.0,0.0,0.0,0.0,0.0,0.0,0.0,0.0,0.0,0.0,0.0,0.0,0.0,1.0,0.0,0.0,0.0,1.0,0.32181136055347054,1.0,0.0,0.0,0.0,0.0,0.0,0.0,-0.4241910478200958,-0.3915269655830575,0.0,1.0,0.0,0.0,1.0,0.1804913704218378,0.4649905549752775,0.23234521845449066,0.23234521845449066,0.29521925419405826,3.6471698113207554
-0.13169284712672627,1.0,0.0,0.0,0.0,0.0,-0.33425008363886527,1.0,-0.19913670794979524,0.042813121315338196,-7.44063202444536e-16,-0.2875057324243382,0.0,0.0,1.0,0.0,0.0,0.0,0.0,0.0,0.0,0.0,0.0,0.0,0.0,0.0,0.0,0.0,0.0,1.0,0.0,0.0,0.0,1.0,0.32181136055347054,1.0,0.0,0.0,0.0,0.0,0.0,0.0,-0.4241910478200958,-0.3915269655830575,0.0,1.0,0.0,0.0,1.0,-0.1799714720912901,-1.859962219901108,0.23234521845449066,0.23234521845449066,-0.4067883141654856,4.947169811320756
-0.13169284712672627,1.0,0.0,0.0,0.0,0.0,-0.33425008363886527,1.0,-0.19913670794979524,0.042813121315338196,-7.44063202444536e-16,-0.2875057324243382,0.0,0.0,1.0,0.0,0.0,0.0,0.0,0.0,0.0,0.0,0.0,0.0,0.0,0.0,0.0,0.0,0.0,1.0,0.0,0.0,0.0,1.0,0.32181136055347054,1.0,0.0,0.0,0.0,0.0,0.0,0.0,-0.4241910478200958,-0.3915269655830575,0.0,1.0,0.0,0.0,1.0,3.681140129443561,0.4649905549752775,0.23234521845449066,0.23234521845449066,0.29521925419405826,2.1871698113207554
-0.13169284712672627,1.0,0.0,0.0,0.0,0.0,-0.33425008363886527,1.0,-0.19913670794979524,0.042813121315338196,-7.44063202444536e-16,-0.2875057324243382,0.0,0.0,1.0,0.0,0.0,0.0,0.0,0.0,0.0,0.0,0.0,0.0,0.0,0.0,0.0,0.0,0.0,1.0,0.0,0.0,0.0,1.0,0.32181136055347054,1.0,0.0,0.0,0.0,0.0,0.0,0.0,-0.4241910478200958,-0.3915269655830575,0.0,1.0,0.0,0.0,1.0,2.0088004995148667,0.4649905549752775,3.635711798632946,3.635711798632946,3.554540107291941,3.297169811320756
-0.13169284712672627,1.0,0.0,0.0,0.0,0.0,-0.33425008363886527,1.0,-0.19913670794979524,0.042813121315338196,-7.44063202444536e-16,-0.2875057324243382,0.0,0.0,1.0,0.0,0.0,0.0,0.0,0.0,0.0,0.0,0.0,0.0,0.0,0.0,0.0,0.0,0.0,1.0,0.0,0.0,0.0,1.0,0.32181136055347054,1.0,0.0,0.0,0.0,0.0,0.0,0.0,-0.4241910478200958,-0.3915269655830575,0.0,1.0,0.0,0.0,1.0,0.07131272100680387,0.4649905549752775,0.6250413623212355,0.6250413623212355,0.6712947372438139,2.217169811320756
-0.13169284712672627,1.0,0.0,0.0,0.0,0.0,-0.33425008363886527,1.0,-0.19913670794979524,0.042813121315338196,-7.44063202444536e-16,-0.2875057324243382,0.0,0.0,1.0,0.0,0.0,0.0,0.0,0.0,0.0,0.0,0.0,0.0,0.0,0.0,0.0,0.0,0.0,1.0,0.0,0.0,0.0,1.0,0.32181136055347054,1.0,0.0,0.0,0.0,0.0,0.0,0.0,-0.4241910478200958,-0.3915269655830575,1.0,0.0,0.0,0.0,1.0,-0.2302283107109089,0.4649905549752775,-0.553047069278999,-0.553047069278999,-0.45693171190545306,3.345745944985992
-0.13169284712672627,1.0,0.0,0.0,0.0,0.0,-0.33425008363886527,1.0,-0.19913670794979524,0.042813121315338196,-7.44063202444536e-16,-0.2875057324243382,0.0,0.0,1.0,0.0,0.0,0.0,0.0,0.0,0.0,0.0,0.0,0.0,0.0,0.0,0.0,0.0,0.0,1.0,0.0,0.0,0.0,1.0,0.32181136055347054,1.0,0.0,0.0,0.0,0.0,0.0,0.0,-0.4241910478200958,-0.3915269655830575,0.0,0.0,1.0,0.0,1.0,-0.31687803246887236,0.4649905549752775,0.23234521845449066,0.23234521845449066,0.29521925419405826,3.947169811320756
-0.13169284712672627,1.0,0.0,0.0,0.0,0.0,-0.33425008363886527,1.0,-0.19913670794979524,0.042813121315338196,-7.44063202444536e-16,-0.2875057324243382,0.0,0.0,1.0,0.0,0.0,0.0,0.0,0.0,0.0,0.0,0.0,0.0,0.0,0.0,0.0,0.0,0.0,1.0,0.0,0.0,0.0,1.0,0.32181136055347054,1.0,0.0,0.0,0.0,0.0,0.0,0.0,-0.4241910478200958,-0.3915269655830575,0.0,0.0,0.0,1.0,1.0,-0.5040414314660734,0.4649905549752775,0.10144650383224237,0.10144650383224237,0.16986075984413973,4.847169811320756
-0.13169284712672627,1.0,0.0,0.0,0.0,0.0,-0.33425008363886527,1.0,-0.19913670794979524,0.042813121315338196,-7.44063202444536e-16,-0.2875057324243382,0.0,0.0,1.0,0.0,0.0,0.0,0.0,0.0,0.0,0.0,0.0,0.0,0.0,0.0,0.0,0.0,0.0,1.0,0.0,0.0,0.0,1.0,0.32181136055347054,1.0,0.0,0.0,0.0,0.0,0.0,0.0,-0.4241910478200958,-0.3915269655830575,0.0,0.0,0.0,1.0,1.0,-0.5092404147715511,0.4649905549752775,0.10144650383224237,0.10144650383224237,0.16986075984413973,8.947169811320755
-0.13169284712672627,1.0,0.0,0.0,0.0,0.0,-0.33425008363886527,1.0,-0.19913670794979524,0.042813121315338196,-7.44063202444536e-16,-0.2875057324243382,0.0,0.0,1.0,0.0,0.0,0.0,0.0,0.0,0.0,0.0,0.0,0.0,0.0,0.0,0.0,0.0,0.0,1.0,0.0,0.0,0.0,1.0,0.32181136055347054,1.0,0.0,0.0,0.0,0.0,0.0,0.0,-0.4241910478200958,-0.3915269655830575,0.0,0.0,0.0,1.0,1.0,-0.4797795093738436,0.4649905549752775,0.10144650383224237,0.10144650383224237,0.16986075984413973,6.847169811320756
-0.13169284712672627,1.0,0.0,0.0,0.0,0.0,-0.33425008363886527,1.0,-0.19913670794979524,0.042813121315338196,-7.44063202444536e-16,-0.2875057324243382,0.0,0.0,1.0,0.0,0.0,0.0,0.0,0.0,0.0,0.0,0.0,0.0,0.0,0.0,0.0,0.0,0.0,1.0,0.0,0.0,0.0,1.0,0.32181136055347054,1.0,0.0,0.0,0.0,0.0,0.0,0.0,-0.4241910478200958,-0.3915269655830575,0.0,1.0,0.0,0.0,1.0,-0.1973014164428828,0.4649905549752775,0.23234521845449066,0.23234521845449066,0.29521925419405826,1.4871698113207552
-0.13169284712672627,1.0,0.0,0.0,0.0,0.0,-0.33425008363886527,1.0,-0.19913670794979524,0.042813121315338196,-7.44063202444536e-16,-0.2875057324243382,0.0,0.0,1.0,0.0,0.0,0.0,0.0,0.0,0.0,0.0,0.0,0.0,0.0,0.0,0.0,0.0,0.0,1.0,0.0,0.0,0.0,1.0,0.32181136055347054,1.0,0.0,0.0,0.0,0.0,0.0,0.0,-0.4241910478200958,-0.3915269655830575,0.0,1.0,0.0,0.0,1.0,-0.3307419879501465,0.4649905549752775,0.6250413623212355,0.6250413623212355,0.6712947372438139,2.747169811320755
-0.13169284712672627,1.0,0.0,0.0,0.0,0.0,-0.33425008363886527,1.0,-0.19913670794979524,0.042813121315338196,-7.44063202444536e-16,-0.2875057324243382,0.0,0.0,1.0,0.0,0.0,0.0,0.0,0.0,0.0,0.0,0.0,0.0,0.0,0.0,0.0,0.0,0.0,1.0,0.0,0.0,0.0,1.0,0.32181136055347054,1.0,0.0,0.0,0.0,0.0,0.0,0.0,-0.4241910478200958,-0.3915269655830575,0.0,1.0,0.0,0.0,0.0,-0.5005754425957548,0.4649905549752775,-1.0766419277679922,-1.0766419277679922,-0.9583656893051273,4.958977332577266
-0.13169284712672627,1.0,0.0,0.0,0.0,0.0,-0.33425008363886527,1.0,-0.19913670794979524,0.042813121315338196,-7.44063202444536e-16,-0.2875057324243382,0.0,0.0,1.0,0.0,0.0,0.0,0.0,0.0,0.0,0.0,0.0,0.0,0.0,0.0,0.0,0.0,0.0,1.0,0.0,0.0,0.0,1.0,0.32181136055347054,1.0,0.0,0.0,0.0,0.0,0.0,0.0,-0.4241910478200958,-0.3915269655830575,0.0,1.0,0.0,0.0,0.0,-0.34633893786657993,0.4649905549752775,-0.7493951412123715,-0.7493951412123715,-0.6449694534303309,1.7671698113207557
-0.13169284712672627,1.0,0.0,0.0,0.0,0.0,2.6386094837844545,1.0,-0.1827009590254201,-0.2901778222484033,-7.44063202444536e-16,-0.3048694441493124,0.0,0.0,0.0,0.0,0.0,0.0,0.0,0.0,0.0,1.0,0.0,0.0,0.0,0.0,0.0,0.0,0.0,1.0,0.0,0.0,0.0,1.0,0.032181136055346955,0.0,0.0,1.0,0.0,0.0,0.0,0.0,2.2130493481666833,1.146956501061853,0.0,1.0,0.0,0.0,0.0,-0.36713487108849113,0.4649905549752775,0.10144650383224237,0.10144650383224237,0.16986075984413973,36.196666666666665
-0.13169284712672627,1.0,0.0,0.0,0.0,0.0,2.6386094837844545,1.0,-0.1827009590254201,-0.2901778222484033,-7.44063202444536e-16,-0.3048694441493124,0.0,0.0,0.0,0.0,0.0,0.0,0.0,0.0,0.0,1.0,0.0,0.0,0.0,0.0,0.0,0.0,0.0,1.0,0.0,0.0,0.0,1.0,0.032181136055346955,0.0,0.0,1.0,0.0,0.0,0.0,0.0,2.2130493481666833,1.146956501061853,0.0,1.0,0.0,0.0,0.0,-0.37060085995880965,-3.0224386073393013,-0.9457432131457438,-0.9457432131457438,-1.2090826780049644,39.4594579231314
-0.13169284712672627,1.0,0.0,0.0,0.0,0.0,2.6386094837844545,1.0,-0.1827009590254201,-0.2901778222484033,-7.44063202444536e-16,-0.3048694441493124,0.0,0.0,0.0,0.0,0.0,0.0,0.0,0.0,0.0,1.0,0.0,0.0,0.0,0.0,0.0,0.0,0.0,1.0,0.0,0.0,0.0,1.0,0.032181136055346955,0.0,0.0,1.0,0.0,0.0,0.0,0.0,2.2130493481666833,1.146956501061853,0.0,1.0,0.0,0.0,0.0,-0.37753283769944673,-1.859962219901108,-0.9457432131457438,-0.9457432131457438,-1.0837241836550457,38.72950619140136
-0.13169284712672627,1.0,0.0,0.0,0.0,0.0,2.6386094837844545,1.0,-0.1827009590254201,-0.2901778222484033,-7.44063202444536e-16,-0.3048694441493124,0.0,0.0,0.0,0.0,0.0,0.0,0.0,0.0,0.0,1.0,0.0,0.0,0.0,0.0,0.0,0.0,0.0,1.0,0.0,0.0,0.0,1.0,0.032181136055346955,0.0,0.0,1.0,0.0,0.0,0.0,0.0,2.2130493481666833,1.146956501061853,0.0,1.0,0.0,0.0,0.0,-0.3740668488291282,-0.6974858324629155,-0.9457432131457438,-0.9457432131457438,-0.9583656893051273,38.04259728149594
-0.13169284712672627,1.0,0.0,0.0,0.0,0.0,2.6386094837844545,1.0,-0.1827009590254201,-0.2901778222484033,-7.44063202444536e-16,-0.3048694441493124,0.0,0.0,0.0,0.0,0.0,0.0,0.0,0.0,0.0,1.0,0.0,0.0,0.0,0.0,0.0,0.0,0.0,1.0,0.0,0.0,0.0,1.0,0.032181136055346955,0.0,0.0,1.0,0.0,0.0,0.0,0.0,2.2130493481666833,1.146956501061853,0.0,1.0,0.0,0.0,0.0,-0.3740668488291282,0.4649905549752775,-0.9457432131457438,-0.9457432131457438,-0.8330071949552087,36.95504255979487
-0.13169284712672627,1.0,0.0,0.0,0.0,0.0,2.6386094837844545,1.0,-0.1827009590254201,-0.2901778222484033,-7.44063202444536e-16,-0.3048694441493124,0.0,0.0,0.0,0.0,0.0,0.0,0.0,0.0,0.0,1.0,0.0,0.0,0.0,0.0,0.0,0.0,0.0,1.0,0.0,0.0,0.0,1.0,0.032181136055346955,0.0,0.0,1.0,0.0,0.0,0.0,0.0,2.2130493481666833,1.146956501061853,0.0,1.0,0.0,0.0,0.0,-0.48324549824416213,0.4649905549752775,-0.2912496400345025,-0.2912496400345025,-0.20621472320561596,38.16666666666666
-0.13169284712672627,1.0,0.0,0.0,0.0,0.0,2.6386094837844545,1.0,-0.1827009590254201,-0.2901778222484033,-7.44063202444536e-16,-0.3048694441493124,0.0,0.0,0.0,0.0,0.0,0.0,0.0,0.0,0.0,1.0,0.0,0.0,0.0,0.0,0.0,0.0,0.0,1.0,0.0,0.0,0.0,1.0,0.032181136055346955,0.0,0.0,1.0,0.0,0.0,0.0,0.0,2.2130493481666833,1.146956501061853,0.0,1.0,0.0,0.0,1.0,0.1804913704218378,0.4649905549752775,0.23234521845449066,0.23234521845449066,0.29521925419405826,37.766666666666666
-0.13169284712672627,1.0,0.0,0.0,0.0,0.0,2.6386094837844545,1.0,-0.1827009590254201,-0.2901778222484033,-7.44063202444536e-16,-0.3048694441493124,0.0,0.0,0.0,0.0,0.0,0.0,0.0,0.0,0.0,1.0,0.0,0.0,0.0,0.0,0.0,0.0,0.0,1.0,0.0,0.0,0.0,1.0,0.032181136055346955,0.0,0.0,1.0,0.0,0.0,0.0,0.0,2.2130493481666833,1.146956501061853,0.0,1.0,0.0,0.0,1.0,-0.1799714720912901,-1.859962219901108,0.23234521845449066,0.23234521845449066,-0.4067883141654856,39.06666666666666
-0.13169284712672627,1.0,0.0,0.0,0.0,0.0,2.6386094837844545,1.0,-0.1827009590254201,-0.2901778222484033,-7.44063202444536e-16,-0.3048694441493124,0.0,0.0,0.0,0.0,0.0,0.0,0.0,0.0,0.0,1.0,0.0,0.0,0.0,0.0,0.0,0.0,0.0,1.0,0.0,0.0,0.0,1.0,0.032181136055346955,0.0,0.0,1.0,0.0,0.0,0.0,0.0,2.2130493481666833,1.146956501061853,0.0,1.0,0.0,0.0,1.0,3.681140129443561,0.4649905549752775,0.23234521845449066,0.23234521845449066,0.29521925419405826,36.306666666666665
-0.13169284712672627,1.0,0.0,0.0,0.0,0.0,2.6386094837844545,1.0,-0.1827009590254201,-0.2901778222484033,-7.44063202444536e-16,-0.3048694441493124,0.0,0.0,0.0,0.0,0.0,0.0,0.0,0.0,0.0,1.0,0.0,0.0,0.0,0.0,0.0,0.0,0.0,1.0,0.0,0.0,0.0,1.0,0.032181136055346955,0.0,0.0,1.0,0.0,0.0,0.0,0.0,2.2130493481666833,1.146956501061853,0.0,1.0,0.0,0.0,1.0,2.0088004995148667,0.4649905549752775,3.635711798632946,3.635711798632946,3.554540107291941,37.41666666666666
-0.13169284712672627,1.0,0.0,0.0,0.0,0.0,2.6386094837844545,1.0,-0.1827009590254201,-0.2901778222484033,-7.44063202444536e-16,-0.3048694441493124,0.0,0.0,0.0,0.0,0.0,0.0,0.0,0.0,0.0,1.0,0.0,0.0,0.0,0.0,0.0,0.0,0.0,1.0,0.0,0.0,0.0,1.0,0.032181136055346955,0.0,0.0,1.0,0.0,0.0,0.0,0.0,2.2130493481666833,1.146956501061853,0.0,1.0,0.0,0.0,1.0,0.07131272100680387,0.4649905549752775,0.6250413623212355,0.6250413623212355,0.6712947372438139,36.336666666666666
-0.13169284712672627,1.0,0.0,0.0,0.0,0.0,2.6386094837844545,1.0,-0.1827009590254201,-0.2901778222484033,-7.44063202444536e-16,-0.3048694441493124,0.0,0.0,0.0,0.0,0.0,0.0,0.0,0.0,0.0,1.0,0.0,0.0,0.0,0.0,0.0,0.0,0.0,1.0,0.0,0.0,0.0,1.0,0.032181136055346955,0.0,0.0,1.0,0.0,0.0,0.0,0.0,2.2130493481666833,1.146956501061853,1.0,0.0,0.0,0.0,1.0,-0.2302283107109089,0.4649905549752775,-0.553047069278999,-0.553047069278999,-0.45693171190545306,37.4652428003319
-0.13169284712672627,1.0,0.0,0.0,0.0,0.0,2.6386094837844545,1.0,-0.1827009590254201,-0.2901778222484033,-7.44063202444536e-16,-0.3048694441493124,0.0,0.0,0.0,0.0,0.0,0.0,0.0,0.0,0.0,1.0,0.0,0.0,0.0,0.0,0.0,0.0,0.0,1.0,0.0,0.0,0.0,1.0,0.032181136055346955,0.0,0.0,1.0,0.0,0.0,0.0,0.0,2.2130493481666833,1.146956501061853,0.0,0.0,1.0,0.0,1.0,-0.31687803246887236,0.4649905549752775,0.23234521845449066,0.23234521845449066,0.29521925419405826,38.06666666666666
-0.13169284712672627,1.0,0.0,0.0,0.0,0.0,2.6386094837844545,1.0,-0.1827009590254201,-0.2901778222484033,-7.44063202444536e-16,-0.3048694441493124,0.0,0.0,0.0,0.0,0.0,0.0,0.0,0.0,0.0,1.0,0.0,0.0,0.0,0.0,0.0,0.0,0.0,1.0,0.0,0.0,0.0,1.0,0.032181136055346955,0.0,0.0,1.0,0.0,0.0,0.0,0.0,2.2130493481666833,1.146956501061853,0.0,0.0,0.0,1.0,1.0,-0.5040414314660734,0.4649905549752775,0.10144650383224237,0.10144650383224237,0.16986075984413973,38.96666666666666
-0.13169284712672627,1.0,0.0,0.0,0.0,0.0,2.6386094837844545,1.0,-0.1827009590254201,-0.2901778222484033,-7.44063202444536e-16,-0.3048694441493124,0.0,0.0,0.0,0.0,0.0,0.0,0.0,0.0,0.0,1.0,0.0,0.0,0.0,0.0,0.0,0.0,0.0,1.0,0.0,0.0,0.0,1.0,0.032181136055346955,0.0,0.0,1.0,0.0,0.0,0.0,0.0,2.2130493481666833,1.146956501061853,0.0,0.0,0.0,1.0,1.0,-0.5092404147715511,0.4649905549752775,0.10144650383224237,0.10144650383224237,0.16986075984413973,43.06666666666666
-0.13169284712672627,1.0,0.0,0.0,0.0,0.0,2.6386094837844545,1.0,-0.1827009590254201,-0.2901778222484033,-7.44063202444536e-16,-0.3048694441493124,0.0,0.0,0.0,0.0,0.0,0.0,0.0,0.0,0.0,1.0,0.0,0.0,0.0,0.0,0.0,0.0,0.0,1.0,0.0,0.0,0.0,1.0,0.032181136055346955,0.0,0.0,1.0,0.0,0.0,0.0,0.0,2.2130493481666833,1.146956501061853,0.0,0.0,0.0,1.0,1.0,-0.4797795093738436,0.4649905549752775,0.10144650383224237,0.10144650383224237,0.16986075984413973,40.96666666666666
-0.13169284712672627,1.0,0.0,0.0,0.0,0.0,2.6386094837844545,1.0,-0.1827009590254201,-0.2901778222484033,-7.44063202444536e-16,-0.3048694441493124,0.0,0.0,0.0,0.0,0.0,0.0,0.0,0.0,0.0,1.0,0.0,0.0,0.0,0.0,0.0,0.0,0.0,1.0,0.0,0.0,0.0,1.0,0.032181136055346955,0.0,0.0,1.0,0.0,0.0,0.0,0.0,2.2130493481666833,1.146956501061853,0.0,1.0,0.0,0.0,1.0,-0.1973014164428828,0.4649905549752775,0.23234521845449066,0.23234521845449066,0.29521925419405826,35.60666666666666
-0.13169284712672627,1.0,0.0,0.0,0.0,0.0,2.6386094837844545,1.0,-0.1827009590254201,-0.2901778222484033,-7.44063202444536e-16,-0.3048694441493124,0.0,0.0,0.0,0.0,0.0,0.0,0.0,0.0,0.0,1.0,0.0,0.0,0.0,0.0,0.0,0.0,0.0,1.0,0.0,0.0,0.0,1.0,0.032181136055346955,0.0,0.0,1.0,0.0,0.0,0.0,0.0,2.2130493481666833,1.146956501061853,0.0,1.0,0.0,0.0,1.0,-0.3307419879501465,0.4649905549752775,0.6250413623212355,0.6250413623212355,0.6712947372438139,36.86666666666666
-0.13169284712672627,1.0,0.0,0.0,0.0,0.0,2.6386094837844545,1.0,-0.1827009590254201,-0.2901778222484033,-7.44063202444536e-16,-0.3048694441493124,0.0,0.0,0.0,0.0,0.0,0.0,0.0,0.0,0.0,1.0,0.0,0.0,0.0,0.0,0.0,0.0,0.0,1.0,0.0,0.0,0.0,1.0,0.032181136055346955,0.0,0.0,1.0,0.0,0.0,0.0,0.0,2.2130493481666833,1.146956501061853,0.0,1.0,0.0,0.0,0.0,-0.5005754425957548,0.4649905549752775,-1.0766419277679922,-1.0766419277679922,-0.9583656893051273,39.07847418792318
-0.13169284712672627,1.0,0.0,0.0,0.0,0.0,2.6386094837844545,1.0,-0.1827009590254201,-0.2901778222484033,-7.44063202444536e-16,-0.3048694441493124,0.0,0.0,0.0,0.0,0.0,0.0,0.0,0.0,0.0,1.0,0.0,0.0,0.0,0.0,0.0,0.0,0.0,1.0,0.0,0.0,0.0,1.0,0.032181136055346955,0.0,0.0,1.0,0.0,0.0,0.0,0.0,2.2130493481666833,1.146956501061853,0.0,1.0,0.0,0.0,0.0,-0.34633893786657993,0.4649905549752775,-0.7493951412123715,-0.7493951412123715,-0.6449694534303309,35.88666666666666
-0.3861936380470654,1.0,0.0,0.0,0.0,0.0,-1.0774649754946952,1.0,0.0,0.0,-7.44063202444536e-16,0.0,0.0,1.0,0.0,0.0,0.0,0.0,0.0,0.0,0.0,0.0,0.0,0.0,0.0,0.0,0.0,0.0,0.0,1.0,0.0,0.0,0.0,1.0,-0.25744908844277664,1.0,0.0,0.0,0.0,0.0,0.0,0.0,-1.0835011468167908,-0.8466616577988435,0.0,1.0,0.0,0.0,0.0,-0.36713487108849113,0.4649905549752775,0.10144650383224237,0.10144650383224237,0.16986075984413973,1.63
-0.3861936380470654,1.0,0.0,0.0,0.0,0.0,-1.0774649754946952,1.0,0.0,0.0,-7.44063202444536e-16,0.0,0.0,1.0,0.0,0.0,0.0,0.0,0.0,0.0,0.0,0.0,0.0,0.0,0.0,0.0,0.0,0.0,0.0,1.0,0.0,0.0,0.0,1.0,-0.25744908844277664,1.0,0.0,0.0,0.0,0.0,0.0,0.0,-1.0835011468167908,-0.8466616577988435,0.0,1.0,0.0,0.0,0.0,-0.37060085995880965,-3.0224386073393013,-0.9457432131457438,-0.9457432131457438,-1.2090826780049644,4.892791256464731
-0.3861936380470654,1.0,0.0,0.0,0.0,0.0,-1.0774649754946952,1.0,0.0,0.0,-7.44063202444536e-16,0.0,0.0,1.0,0.0,0.0,0.0,0.0,0.0,0.0,0.0,0.0,0.0,0.0,0.0,0.0,0.0,0.0,0.0,1.0,0.0,0.0,0.0,1.0,-0.25744908844277664,1.0,0.0,0.0,0.0,0.0,0.0,0.0,-1.0835011468167908,-0.8466616577988435,0.0,1.0,0.0,0.0,0.0,-0.37753283769944673,-1.859962219901108,-0.9457432131457438,-0.9457432131457438,-1.0837241836550457,4.162839524734694
-0.3861936380470654,1.0,0.0,0.0,0.0,0.0,-1.0774649754946952,1.0,0.0,0.0,-7.44063202444536e-16,0.0,0.0,1.0,0.0,0.0,0.0,0.0,0.0,0.0,0.0,0.0,0.0,0.0,0.0,0.0,0.0,0.0,0.0,1.0,0.0,0.0,0.0,1.0,-0.25744908844277664,1.0,0.0,0.0,0.0,0.0,0.0,0.0,-1.0835011468167908,-0.8466616577988435,0.0,1.0,0.0,0.0,0.0,-0.3740668488291282,-0.6974858324629155,-0.9457432131457438,-0.9457432131457438,-0.9583656893051273,3.475930614829269
-0.3861936380470654,1.0,0.0,0.0,0.0,0.0,-1.0774649754946952,1.0,0.0,0.0,-7.44063202444536e-16,0.0,0.0,1.0,0.0,0.0,0.0,0.0,0.0,0.0,0.0,0.0,0.0,0.0,0.0,0.0,0.0,0.0,0.0,1.0,0.0,0.0,0.0,1.0,-0.25744908844277664,1.0,0.0,0.0,0.0,0.0,0.0,0.0,-1.0835011468167908,-0.8466616577988435,0.0,1.0,0.0,0.0,0.0,-0.3740668488291282,0.4649905549752775,-0.9457432131457438,-0.9457432131457438,-0.8330071949552087,2.388375893128206
-0.3861936380470654,1.0,0.0,0.0,0.0,0.0,-1.0774649754946952,1.0,0.0,0.0,-7.44063202444536e-16,0.0,0.0,1.0,0.0,0.0,0.0,0.0,0.0,0.0,0.0,0.0,0.0,0.0,0.0,0.0,0.0,0.0,0.0,1.0,0.0,0.0,0.0,1.0,-0.25744908844277664,1.0,0.0,0.0,0.0,0.0,0.0,0.0,-1.0835011468167908,-0.8466616577988435,0.0,1.0,0.0,0.0,0.0,-0.48324549824416213,0.4649905549752775,-0.2912496400345025,-0.2912496400345025,-0.20621472320561596,3.6
-0.3861936380470654,1.0,0.0,0.0,0.0,0.0,-1.0774649754946952,1.0,0.0,0.0,-7.44063202444536e-16,0.0,0.0,1.0,0.0,0.0,0.0,0.0,0.0,0.0,0.0,0.0,0.0,0.0,0.0,0.0,0.0,0.0,0.0,1.0,0.0,0.0,0.0,1.0,-0.25744908844277664,1.0,0.0,0.0,0.0,0.0,0.0,0.0,-1.0835011468167908,-0.8466616577988435,0.0,1.0,0.0,0.0,1.0,0.1804913704218378,0.4649905549752775,0.23234521845449066,0.23234521845449066,0.29521925419405826,3.2
-0.3861936380470654,1.0,0.0,0.0,0.0,0.0,-1.0774649754946952,1.0,0.0,0.0,-7.44063202444536e-16,0.0,0.0,1.0,0.0,0.0,0.0,0.0,0.0,0.0,0.0,0.0,0.0,0.0,0.0,0.0,0.0,0.0,0.0,1.0,0.0,0.0,0.0,1.0,-0.25744908844277664,1.0,0.0,0.0,0.0,0.0,0.0,0.0,-1.0835011468167908,-0.8466616577988435,0.0,1.0,0.0,0.0,1.0,-0.1799714720912901,-1.859962219901108,0.23234521845449066,0.23234521845449066,-0.4067883141654856,4.5
-0.3861936380470654,1.0,0.0,0.0,0.0,0.0,-1.0774649754946952,1.0,0.0,0.0,-7.44063202444536e-16,0.0,0.0,1.0,0.0,0.0,0.0,0.0,0.0,0.0,0.0,0.0,0.0,0.0,0.0,0.0,0.0,0.0,0.0,1.0,0.0,0.0,0.0,1.0,-0.25744908844277664,1.0,0.0,0.0,0.0,0.0,0.0,0.0,-1.0835011468167908,-0.8466616577988435,0.0,1.0,0.0,0.0,1.0,3.681140129443561,0.4649905549752775,0.23234521845449066,0.23234521845449066,0.29521925419405826,1.739999999999999
-0.3861936380470654,1.0,0.0,0.0,0.0,0.0,-1.0774649754946952,1.0,0.0,0.0,-7.44063202444536e-16,0.0,0.0,1.0,0.0,0.0,0.0,0.0,0.0,0.0,0.0,0.0,0.0,0.0,0.0,0.0,0.0,0.0,0.0,1.0,0.0,0.0,0.0,1.0,-0.25744908844277664,1.0,0.0,0.0,0.0,0.0,0.0,0.0,-1.0835011468167908,-0.8466616577988435,0.0,1.0,0.0,0.0,1.0,2.0088004995148667,0.4649905549752775,3.635711798632946,3.635711798632946,3.554540107291941,2.85
-0.3861936380470654,1.0,0.0,0.0,0.0,0.0,-1.0774649754946952,1.0,0.0,0.0,-7.44063202444536e-16,0.0,0.0,1.0,0.0,0.0,0.0,0.0,0.0,0.0,0.0,0.0,0.0,0.0,0.0,0.0,0.0,0.0,0.0,1.0,0.0,0.0,0.0,1.0,-0.25744908844277664,1.0,0.0,0.0,0.0,0.0,0.0,0.0,-1.0835011468167908,-0.8466616577988435,0.0,1.0,0.0,0.0,1.0,0.07131272100680387,0.4649905549752775,0.6250413623212355,0.6250413623212355,0.6712947372438139,1.7699999999999996
-0.3861936380470654,1.0,0.0,0.0,0.0,0.0,-1.0774649754946952,1.0,0.0,0.0,-7.44063202444536e-16,0.0,0.0,1.0,0.0,0.0,0.0,0.0,0.0,0.0,0.0,0.0,0.0,0.0,0.0,0.0,0.0,0.0,0.0,1.0,0.0,0.0,0.0,1.0,-0.25744908844277664,1.0,0.0,0.0,0.0,0.0,0.0,0.0,-1.0835011468167908,-0.8466616577988435,1.0,0.0,0.0,0.0,1.0,-0.2302283107109089,0.4649905549752775,-0.553047069278999,-0.553047069278999,-0.45693171190545306,2.898576133665236
-0.3861936380470654,1.0,0.0,0.0,0.0,0.0,-1.0774649754946952,1.0,0.0,0.0,-7.44063202444536e-16,0.0,0.0,1.0,0.0,0.0,0.0,0.0,0.0,0.0,0.0,0.0,0.0,0.0,0.0,0.0,0.0,0.0,0.0,1.0,0.0,0.0,0.0,1.0,-0.25744908844277664,1.0,0.0,0.0,0.0,0.0,0.0,0.0,-1.0835011468167908,-0.8466616577988435,0.0,0.0,1.0,0.0,1.0,-0.31687803246887236,0.4649905549752775,0.23234521845449066,0.23234521845449066,0.29521925419405826,3.5
-0.3861936380470654,1.0,0.0,0.0,0.0,0.0,-1.0774649754946952,1.0,0.0,0.0,-7.44063202444536e-16,0.0,0.0,1.0,0.0,0.0,0.0,0.0,0.0,0.0,0.0,0.0,0.0,0.0,0.0,0.0,0.0,0.0,0.0,1.0,0.0,0.0,0.0,1.0,-0.25744908844277664,1.0,0.0,0.0,0.0,0.0,0.0,0.0,-1.0835011468167908,-0.8466616577988435,0.0,0.0,0.0,1.0,1.0,-0.5040414314660734,0.4649905549752775,0.10144650383224237,0.10144650383224237,0.16986075984413973,4.4
-0.3861936380470654,1.0,0.0,0.0,0.0,0.0,-1.0774649754946952,1.0,0.0,0.0,-7.44063202444536e-16,0.0,0.0,1.0,0.0,0.0,0.0,0.0,0.0,0.0,0.0,0.0,0.0,0.0,0.0,0.0,0.0,0.0,0.0,1.0,0.0,0.0,0.0,1.0,-0.25744908844277664,1.0,0.0,0.0,0.0,0.0,0.0,0.0,-1.0835011468167908,-0.8466616577988435,0.0,0.0,0.0,1.0,1.0,-0.5092404147715511,0.4649905549752775,0.10144650383224237,0.10144650383224237,0.16986075984413973,8.5
-0.3861936380470654,1.0,0.0,0.0,0.0,0.0,-1.0774649754946952,1.0,0.0,0.0,-7.44063202444536e-16,0.0,0.0,1.0,0.0,0.0,0.0,0.0,0.0,0.0,0.0,0.0,0.0,0.0,0.0,0.0,0.0,0.0,0.0,1.0,0.0,0.0,0.0,1.0,-0.25744908844277664,1.0,0.0,0.0,0.0,0.0,0.0,0.0,-1.0835011468167908,-0.8466616577988435,0.0,0.0,0.0,1.0,1.0,-0.4797795093738436,0.4649905549752775,0.10144650383224237,0.10144650383224237,0.16986075984413973,6.4
-0.3861936380470654,1.0,0.0,0.0,0.0,0.0,-1.0774649754946952,1.0,0.0,0.0,-7.44063202444536e-16,0.0,0.0,1.0,0.0,0.0,0.0,0.0,0.0,0.0,0.0,0.0,0.0,0.0,0.0,0.0,0.0,0.0,0.0,1.0,0.0,0.0,0.0,1.0,-0.25744908844277664,1.0,0.0,0.0,0.0,0.0,0.0,0.0,-1.0835011468167908,-0.8466616577988435,0.0,1.0,0.0,0.0,1.0,-0.1973014164428828,0.4649905549752775,0.23234521845449066,0.23234521845449066,0.29521925419405826,1.0399999999999991
-0.3861936380470654,1.0,0.0,0.0,0.0,0.0,-1.0774649754946952,1.0,0.0,0.0,-7.44063202444536e-16,0.0,0.0,1.0,0.0,0.0,0.0,0.0,0.0,0.0,0.0,0.0,0.0,0.0,0.0,0.0,0.0,0.0,0.0,1.0,0.0,0.0,0.0,1.0,-0.25744908844277664,1.0,0.0,0.0,0.0,0.0,0.0,0.0,-1.0835011468167908,-0.8466616577988435,0.0,1.0,0.0,0.0,1.0,-0.3307419879501465,0.4649905549752775,0.6250413623212355,0.6250413623212355,0.6712947372438139,2.299999999999999
-0.3861936380470654,1.0,0.0,0.0,0.0,0.0,-1.0774649754946952,1.0,0.0,0.0,-7.44063202444536e-16,0.0,0.0,1.0,0.0,0.0,0.0,0.0,0.0,0.0,0.0,0.0,0.0,0.0,0.0,0.0,0.0,0.0,0.0,1.0,0.0,0.0,0.0,1.0,-0.25744908844277664,1.0,0.0,0.0,0.0,0.0,0.0,0.0,-1.0835011468167908,-0.8466616577988435,0.0,1.0,0.0,0.0,0.0,-0.5005754425957548,0.4649905549752775,-1.0766419277679922,-1.0766419277679922,-0.9583656893051273,4.511807521256509
-0.3861936380470654,1.0,0.0,0.0,0.0,0.0,-1.0774649754946952,1.0,0.0,0.0,-7.44063202444536e-16,0.0,0.0,1.0,0.0,0.0,0.0,0.0,0.0,0.0,0.0,0.0,0.0,0.0,0.0,0.0,0.0,0.0,0.0,1.0,0.0,0.0,0.0,1.0,-0.25744908844277664,1.0,0.0,0.0,0.0,0.0,0.0,0.0,-1.0835011468167908,-0.8466616577988435,0.0,1.0,0.0,0.0,0.0,-0.34633893786657993,0.4649905549752775,-0.7493951412123715,-0.7493951412123715,-0.6449694534303309,1.3199999999999994
0.3310358636375267,1.0,0.0,0.0,0.0,0.0,-0.40503245429180146,1.0,-0.21557245687417037,-0.22357963353565502,-7.44063202444536e-16,0.0,0.0,0.0,0.0,0.0,0.0,1.0,0.0,0.0,0.0,0.0,0.0,0.0,0.0,0.0,0.0,0.0,0.0,1.0,0.0,0.0,0.0,1.0,2.0595927075422122,1.0,0.0,0.0,0.0,0.0,0.0,0.0,-0.48698248581978104,0.04803973917263126,0.0,1.0,0.0,0.0,0.0,-0.36713487108849113,0.4649905549752775,0.10144650383224237,0.10144650383224237,0.16986075984413973,6.56
0.3310358636375267,1.0,0.0,0.0,0.0,0.0,-0.40503245429180146,1.0,-0.21557245687417037,-0.22357963353565502,-7.44063202444536e-16,0.0,0.0,0.0,0.0,0.0,0.0,1.0,0.0,0.0,0.0,0.0,0.0,0.0,0.0,0.0,0.0,0.0,0.0,1.0,0.0,0.0,0.0,1.0,2.0595927075422122,1.0,0.0,0.0,0.0,0.0,0.0,0.0,-0.48698248581978104,0.04803973917263126,0.0,1.0,0.0,0.0,0.0,-0.37060085995880965,-3.0224386073393013,-0.9457432131457438,-0.9457432131457438,-1.2090826780049644,9.82279125646473
0.3310358636375267,1.0,0.0,0.0,0.0,0.0,-0.40503245429180146,1.0,-0.21557245687417037,-0.22357963353565502,-7.44063202444536e-16,0.0,0.0,0.0,0.0,0.0,0.0,1.0,0.0,0.0,0.0,0.0,0.0,0.0,0.0,0.0,0.0,0.0,0.0,1.0,0.0,0.0,0.0,1.0,2.0595927075422122,1.0,0.0,0.0,0.0,0.0,0.0,0.0,-0.48698248581978104,0.04803973917263126,0.0,1.0,0.0,0.0,0.0,-0.37753283769944673,-1.859962219901108,-0.9457432131457438,-0.9457432131457438,-1.0837241836550457,9.092839524734693
0.3310358636375267,1.0,0.0,0.0,0.0,0.0,-0.40503245429180146,1.0,-0.21557245687417037,-0.22357963353565502,-7.44063202444536e-16,0.0,0.0,0.0,0.0,0.0,0.0,1.0,0.0,0.0,0.0,0.0,0.0,0.0,0.0,0.0,0.0,0.0,0.0,1.0,0.0,0.0,0.0,1.0,2.0595927075422122,1.0,0.0,0.0,0.0,0.0,0.0,0.0,-0.48698248581978104,0.04803973917263126,0.0,1.0,0.0,0.0,0.0,-0.3740668488291282,-0.6974858324629155,-0.9457432131457438,-0.9457432131457438,-0.9583656893051273,8.40593061482927
0.3310358636375267,1.0,0.0,0.0,0.0,0.0,-0.40503245429180146,1.0,-0.21557245687417037,-0.22357963353565502,-7.44063202444536e-16,0.0,0.0,0.0,0.0,0.0,0.0,1.0,0.0,0.0,0.0,0.0,0.0,0.0,0.0,0.0,0.0,0.0,0.0,1.0,0.0,0.0,0.0,1.0,2.0595927075422122,1.0,0.0,0.0,0.0,0.0,0.0,0.0,-0.48698248581978104,0.04803973917263126,0.0,1.0,0.0,0.0,0.0,-0.3740668488291282,0.4649905549752775,-0.9457432131457438,-0.9457432131457438,-0.8330071949552087,7.318375893128206
0.3310358636375267,1.0,0.0,0.0,0.0,0.0,-0.40503245429180146,1.0,-0.21557245687417037,-0.22357963353565502,-7.44063202444536e-16,0.0,0.0,0.0,0.0,0.0,0.0,1.0,0.0,0.0,0.0,0.0,0.0,0.0,0.0,0.0,0.0,0.0,0.0,1.0,0.0,0.0,0.0,1.0,2.0595927075422122,1.0,0.0,0.0,0.0,0.0,0.0,0.0,-0.48698248581978104,0.04803973917263126,0.0,1.0,0.0,0.0,0.0,-0.48324549824416213,0.4649905549752775,-0.2912496400345025,-0.2912496400345025,-0.20621472320561596,8.53
0.3310358636375267,1.0,0.0,0.0,0.0,0.0,-0.40503245429180146,1.0,-0.21557245687417037,-0.22357963353565502,-7.44063202444536e-16,0.0,0.0,0.0,0.0,0.0,0.0,1.0,0.0,0.0,0.0,0.0,0.0,0.0,0.0,0.0,0.0,0.0,0.0,1.0,0.0,0.0,0.0,1.0,2.0595927075422122,1.0,0.0,0.0,0.0,0.0,0.0,0.0,-0.48698248581978104,0.04803973917263126,0.0,1.0,0.0,0.0,1.0,0.1804913704218378,0.4649905549752775,0.23234521845449066,0.23234521845449066,0.29521925419405826,8.129999999999999
0.3310358636375267,1.0,0.0,0.0,0.0,0.0,-0.40503245429180146,1.0,-0.21557245687417037,-0.22357963353565502,-7.44063202444536e-16,0.0,0.0,0.0,0.0,0.0,0.0,1.0,0.0,0.0,0.0,0.0,0.0,0.0,0.0,0.0,0.0,0.0,0.0,1.0,0.0,0.0,0.0,1.0,2.0595927075422122,1.0,0.0,0.0,0.0,0.0,0.0,0.0,-0.48698248581978104,0.04803973917263126,0.0,1.0,0.0,0.0,1.0,-0.1799714720912901,-1.859962219901108,0.23234521845449066,0.23234521845449066,-0.4067883141654856,9.43
0.3310358636375267,1.0,0.0,0.0,0.0,0.0,-0.40503245429180146,1.0,-0.21557245687417037,-0.22357963353565502,-7.44063202444536e-16,0.0,0.0,0.0,0.0,0.0,0.0,1.0,0.0,0.0,0.0,0.0,0.0,0.0,0.0,0.0,0.0,0.0,0.0,1.0,0.0,0.0,0.0,1.0,2.0595927075422122,1.0,0.0,0.0,0.0,0.0,0.0,0.0,-0.48698248581978104,0.04803973917263126,0.0,1.0,0.0,0.0,1.0,3.681140129443561,0.4649905549752775,0.23234521845449066,0.23234521845449066,0.29521925419405826,6.669999999999999
0.3310358636375267,1.0,0.0,0.0,0.0,0.0,-0.40503245429180146,1.0,-0.21557245687417037,-0.22357963353565502,-7.44063202444536e-16,0.0,0.0,0.0,0.0,0.0,0.0,1.0,0.0,0.0,0.0,0.0,0.0,0.0,0.0,0.0,0.0,0.0,0.0,1.0,0.0,0.0,0.0,1.0,2.0595927075422122,1.0,0.0,0.0,0.0,0.0,0.0,0.0,-0.48698248581978104,0.04803973917263126,0.0,1.0,0.0,0.0,1.0,2.0088004995148667,0.4649905549752775,3.635711798632946,3.635711798632946,3.554540107291941,7.779999999999999
0.3310358636375267,1.0,0.0,0.0,0.0,0.0,-0.40503245429180146,1.0,-0.21557245687417037,-0.22357963353565502,-7.44063202444536e-16,0.0,0.0,0.0,0.0,0.0,0.0,1.0,0.0,0.0,0.0,0.0,0.0,0.0,0.0,0.0,0.0,0.0,0.0,1.0,0.0,0.0,0.0,1.0,2.0595927075422122,1.0,0.0,0.0,0.0,0.0,0.0,0.0,-0.48698248581978104,0.04803973917263126,0.0,1.0,0.0,0.0,1.0,0.07131272100680387,0.4649905549752775,0.6250413623212355,0.6250413623212355,0.6712947372438139,6.699999999999999
0.3310358636375267,1.0,0.0,0.0,0.0,0.0,-0.40503245429180146,1.0,-0.21557245687417037,-0.22357963353565502,-7.44063202444536e-16,0.0,0.0,0.0,0.0,0.0,0.0,1.0,0.0,0.0,0.0,0.0,0.0,0.0,0.0,0.0,0.0,0.0,0.0,1.0,0.0,0.0,0.0,1.0,2.0595927075422122,1.0,0.0,0.0,0.0,0.0,0.0,0.0,-0.48698248581978104,0.04803973917263126,1.0,0.0,0.0,0.0,1.0,-0.2302283107109089,0.4649905549752775,-0.553047069278999,-0.553047069278999,-0.45693171190545306,7.828576133665235
0.3310358636375267,1.0,0.0,0.0,0.0,0.0,-0.40503245429180146,1.0,-0.21557245687417037,-0.22357963353565502,-7.44063202444536e-16,0.0,0.0,0.0,0.0,0.0,0.0,1.0,0.0,0.0,0.0,0.0,0.0,0.0,0.0,0.0,0.0,0.0,0.0,1.0,0.0,0.0,0.0,1.0,2.0595927075422122,1.0,0.0,0.0,0.0,0.0,0.0,0.0,-0.48698248581978104,0.04803973917263126,0.0,0.0,1.0,0.0,1.0,-0.31687803246887236,0.4649905549752775,0.23234521845449066,0.23234521845449066,0.29521925419405826,8.43
0.3310358636375267,1.0,0.0,0.0,0.0,0.0,-0.40503245429180146,1.0,-0.21557245687417037,-0.22357963353565502,-7.44063202444536e-16,0.0,0.0,0.0,0.0,0.0,0.0,1.0,0.0,0.0,0.0,0.0,0.0,0.0,0.0,0.0,0.0,0.0,0.0,1.0,0.0,0.0,0.0,1.0,2.0595927075422122,1.0,0.0,0.0,0.0,0.0,0.0,0.0,-0.48698248581978104,0.04803973917263126,0.0,0.0,0.0,1.0,1.0,-0.5040414314660734,0.4649905549752775,0.10144650383224237,0.10144650383224237,0.16986075984413973,9.33
0.3310358636375267,1.0,0.0,0.0,0.0,0.0,-0.40503245429180146,1.0,-0.21557245687417037,-0.22357963353565502,-7.44063202444536e-16,0.0,0.0,0.0,0.0,0.0,0.0,1.0,0.0,0.0,0.0,0.0,0.0,0.0,0.0,0.0,0.0,0.0,0.0,1.0,0.0,0.0,0.0,1.0,2.0595927075422122,1.0,0.0,0.0,0.0,0.0,0.0,0.0,-0.48698248581978104,0.04803973917263126,0.0,0.0,0.0,1.0,1.0,-0.5092404147715511,0.4649905549752775,0.10144650383224237,0.10144650383224237,0.16986075984413973,13.43
0.3310358636375267,1.0,0.0,0.0,0.0,0.0,-0.40503245429180146,1.0,-0.21557245687417037,-0.22357963353565502,-7.44063202444536e-16,0.0,0.0,0.0,0.0,0.0,0.0,1.0,0.0,0.0,0.0,0.0,0.0,0.0,0.0,0.0,0.0,0.0,0.0,1.0,0.0,0.0,0.0,1.0,2.0595927075422122,1.0,0.0,0.0,0.0,0.0,0.0,0.0,-0.48698248581978104,0.04803973917263126,0.0,0.0,0.0,1.0,1.0,-0.4797795093738436,0.4649905549752775,0.10144650383224237,0.10144650383224237,0.16986075984413973,11.33
0.3310358636375267,1.0,0.0,0.0,0.0,0.0,-0.40503245429180146,1.0,-0.21557245687417037,-0.22357963353565502,-7.44063202444536e-16,0.0,0.0,0.0,0.0,0.0,0.0,1.0,0.0,0.0,0.0,0.0,0.0,0.0,0.0,0.0,0.0,0.0,0.0,1.0,0.0,0.0,0.0,1.0,2.0595927075422122,1.0,0.0,0.0,0.0,0.0,0.0,0.0,-0.48698248581978104,0.04803973917263126,0.0,1.0,0.0,0.0,1.0,-0.1973014164428828,0.4649905549752775,0.23234521845449066,0.23234521845449066,0.29521925419405826,5.969999999999999
0.3310358636375267,1.0,0.0,0.0,0.0,0.0,-0.40503245429180146,1.0,-0.21557245687417037,-0.22357963353565502,-7.44063202444536e-16,0.0,0.0,0.0,0.0,0.0,0.0,1.0,0.0,0.0,0.0,0.0,0.0,0.0,0.0,0.0,0.0,0.0,0.0,1.0,0.0,0.0,0.0,1.0,2.0595927075422122,1.0,0.0,0.0,0.0,0.0,0.0,0.0,-0.48698248581978104,0.04803973917263126,0.0,1.0,0.0,0.0,1.0,-0.3307419879501465,0.4649905549752775,0.6250413623212355,0.6250413623212355,0.6712947372438139,7.229999999999999
0.3310358636375267,1.0,0.0,0.0,0.0,0.0,-0.40503245429180146,1.0,-0.21557245687417037,-0.22357963353565502,-7.44063202444536e-16,0.0,0.0,0.0,0.0,0.0,0.0,1.0,0.0,0.0,0.0,0.0,0.0,0.0,0.0,0.0,0.0,0.0,0.0,1.0,0.0,0.0,0.0,1.0,2.0595927075422122,1.0,0.0,0.0,0.0,0.0,0.0,0.0,-0.48698248581978104,0.04803973917263126,0.0,1.0,0.0,0.0,0.0,-0.5005754425957548,0.4649905549752775,-1.0766419277679922,-1.0766419277679922,-0.9583656893051273,9.441807521256507
0.3310358636375267,1.0,0.0,0.0,0.0,0.0,-0.40503245429180146,1.0,-0.21557245687417037,-0.22357963353565502,-7.44063202444536e-16,0.0,0.0,0.0,0.0,0.0,0.0,1.0,0.0,0.0,0.0,0.0,0.0,0.0,0.0,0.0,0.0,0.0,0.0,1.0,0.0,0.0,0.0,1.0,2.0595927075422122,1.0,0.0,0.0,0.0,0.0,0.0,0.0,-0.48698248581978104,0.04803973917263126,0.0,1.0,0.0,0.0,0.0,-0.34633893786657993,0.4649905549752775,-0.7493951412123715,-0.7493951412123715,-0.6449694534303309,6.249999999999999
0.3310358636375267,1.0,0.0,0.0,0.0,0.0,-0.40503245429180146,1.0,-0.21557245687417037,-0.22357963353565502,-7.44063202444536e-16,0.0,0.0,0.0,0.0,0.0,1.0,0.0,0.0,0.0,0.0,0.0,0.0,0.0,0.0,0.0,0.0,0.0,0.0,1.0,0.0,0.0,0.0,1.0,4.0870042790290775,1.0,0.0,0.0,0.0,0.0,0.0,0.0,-0.48698248581978104,0.04803973917263126,0.0,1.0,0.0,0.0,0.0,-0.36713487108849113,0.4649905549752775,0.10144650383224237,0.10144650383224237,0.16986075984413973,8.530000000000001
0.3310358636375267,1.0,0.0,0.0,0.0,0.0,-0.40503245429180146,1.0,-0.21557245687417037,-0.22357963353565502,-7.44063202444536e-16,0.0,0.0,0.0,0.0,0.0,1.0,0.0,0.0,0.0,0.0,0.0,0.0,0.0,0.0,0.0,0.0,0.0,0.0,1.0,0.0,0.0,0.0,1.0,4.0870042790290775,1.0,0.0,0.0,0.0,0.0,0.0,0.0,-0.48698248581978104,0.04803973917263126,0.0,1.0,0.0,0.0,0.0,-0.37060085995880965,-3.0224386073393013,-0.9457432131457438,-0.9457432131457438,-1.2090826780049644,11.792791256464731
0.3310358636375267,1.0,0.0,0.0,0.0,0.0,-0.40503245429180146,1.0,-0.21557245687417037,-0.22357963353565502,-7.44063202444536e-16,0.0,0.0,0.0,0.0,0.0,1.0,0.0,0.0,0.0,0.0,0.0,0.0,0.0,0.0,0.0,0.0,0.0,0.0,1.0,0.0,0.0,0.0,1.0,4.0870042790290775,1.0,0.0,0.0,0.0,0.0,0.0,0.0,-0.48698248581978104,0.04803973917263126,0.0,1.0,0.0,0.0,0.0,-0.37753283769944673,-1.859962219901108,-0.9457432131457438,-0.9457432131457438,-1.0837241836550457,11.062839524734695
0.3310358636375267,1.0,0.0,0.0,0.0,0.0,-0.40503245429180146,1.0,-0.21557245687417037,-0.22357963353565502,-7.44063202444536e-16,0.0,0.0,0.0,0.0,0.0,1.0,0.0,0.0,0.0,0.0,0.0,0.0,0.0,0.0,0.0,0.0,0.0,0.0,1.0,0.0,0.0,0.0,1.0,4.0870042790290775,1.0,0.0,0.0,0.0,0.0,0.0,0.0,-0.48698248581978104,0.04803973917263126,0.0,1.0,0.0,0.0,0.0,-0.3740668488291282,-0.6974858324629155,-0.9457432131457438,-0.9457432131457438,-0.9583656893051273,10.375930614829269
0.3310358636375267,1.0,0.0,0.0,0.0,0.0,-0.40503245429180146,1.0,-0.21557245687417037,-0.22357963353565502,-7.44063202444536e-16,0.0,0.0,0.0,0.0,0.0,1.0,0.0,0.0,0.0,0.0,0.0,0.0,0.0,0.0,0.0,0.0,0.0,0.0,1.0,0.0,0.0,0.0,1.0,4.0870042790290775,1.0,0.0,0.0,0.0,0.0,0.0,0.0,-0.48698248581978104,0.04803973917263126,0.0,1.0,0.0,0.0,0.0,-0.3740668488291282,0.4649905549752775,-0.9457432131457438,-0.9457432131457438,-0.8330071949552087,9.288375893128206
0.3310358636375267,1.0,0.0,0.0,0.0,0.0,-0.40503245429180146,1.0,-0.21557245687417037,-0.22357963353565502,-7.44063202444536e-16,0.0,0.0,0.0,0.0,0.0,1.0,0.0,0.0,0.0,0.0,0.0,0.0,0.0,0.0,0.0,0.0,0.0,0.0,1.0,0.0,0.0,0.0,1.0,4.0870042790290775,1.0,0.0,0.0,0.0,0.0,0.0,0.0,-0.48698248581978104,0.04803973917263126,0.0,1.0,0.0,0.0,0.0,-0.48324549824416213,0.4649905549752775,-0.2912496400345025,-0.2912496400345025,-0.20621472320561596,10.5
0.3310358636375267,1.0,0.0,0.0,0.0,0.0,-0.40503245429180146,1.0,-0.21557245687417037,-0.22357963353565502,-7.44063202444536e-16,0.0,0.0,0.0,0.0,0.0,1.0,0.0,0.0,0.0,0.0,0.0,0.0,0.0,0.0,0.0,0.0,0.0,0.0,1.0,0.0,0.0,0.0,1.0,4.0870042790290775,1.0,0.0,0.0,0.0,0.0,0.0,0.0,-0.48698248581978104,0.04803973917263126,0.0,1.0,0.0,0.0,1.0,0.1804913704218378,0.4649905549752775,0.23234521845449066,0.23234521845449066,0.29521925419405826,10.1
0.3310358636375267,1.0,0.0,0.0,0.0,0.0,-0.40503245429180146,1.0,-0.21557245687417037,-0.22357963353565502,-7.44063202444536e-16,0.0,0.0,0.0,0.0,0.0,1.0,0.0,0.0,0.0,0.0,0.0,0.0,0.0,0.0,0.0,0.0,0.0,0.0,1.0,0.0,0.0,0.0,1.0,4.0870042790290775,1.0,0.0,0.0,0.0,0.0,0.0,0.0,-0.48698248581978104,0.04803973917263126,0.0,1.0,0.0,0.0,1.0,-0.1799714720912901,-1.859962219901108,0.23234521845449066,0.23234521845449066,-0.4067883141654856,11.4
0.3310358636375267,1.0,0.0,0.0,0.0,0.0,-0.40503245429180146,1.0,-0.21557245687417037,-0.22357963353565502,-7.44063202444536e-16,0.0,0.0,0.0,0.0,0.0,1.0,0.0,0.0,0.0,0.0,0.0,0.0,0.0,0.0,0.0,0.0,0.0,0.0,1.0,0.0,0.0,0.0,1.0,4.0870042790290775,1.0,0.0,0.0,0.0,0.0,0.0,0.0,-0.48698248581978104,0.04803973917263126,0.0,1.0,0.0,0.0,1.0,3.681140129443561,0.4649905549752775,0.23234521845449066,0.23234521845449066,0.29521925419405826,8.64
0.3310358636375267,1.0,0.0,0.0,0.0,0.0,-0.40503245429180146,1.0,-0.21557245687417037,-0.22357963353565502,-7.44063202444536e-16,0.0,0.0,0.0,0.0,0.0,1.0,0.0,0.0,0.0,0.0,0.0,0.0,0.0,0.0,0.0,0.0,0.0,0.0,1.0,0.0,0.0,0.0,1.0,4.0870042790290775,1.0,0.0,0.0,0.0,0.0,0.0,0.0,-0.48698248581978104,0.04803973917263126,0.0,1.0,0.0,0.0,1.0,2.0088004995148667,0.4649905549752775,3.635711798632946,3.635711798632946,3.554540107291941,9.75
0.3310358636375267,1.0,0.0,0.0,0.0,0.0,-0.40503245429180146,1.0,-0.21557245687417037,-0.22357963353565502,-7.44063202444536e-16,0.0,0.0,0.0,0.0,0.0,1.0,0.0,0.0,0.0,0.0,0.0,0.0,0.0,0.0,0.0,0.0,0.0,0.0,1.0,0.0,0.0,0.0,1.0,4.0870042790290775,1.0,0.0,0.0,0.0,0.0,0.0,0.0,-0.48698248581978104,0.04803973917263126,0.0,1.0,0.0,0.0,1.0,0.07131272100680387,0.4649905549752775,0.6250413623212355,0.6250413623212355,0.6712947372438139,8.67
0.3310358636375267,1.0,0.0,0.0,0.0,0.0,-0.40503245429180146,1.0,-0.21557245687417037,-0.22357963353565502,-7.44063202444536e-16,0.0,0.0,0.0,0.0,0.0,1.0,0.0,0.0,0.0,0.0,0.0,0.0,0.0,0.0,0.0,0.0,0.0,0.0,1.0,0.0,0.0,0.0,1.0,4.0870042790290775,1.0,0.0,0.0,0.0,0.0,0.0,0.0,-0.48698248581978104,0.04803973917263126,1.0,0.0,0.0,0.0,1.0,-0.2302283107109089,0.4649905549752775,-0.553047069278999,-0.553047069278999,-0.45693171190545306,9.798576133665236
0.3310358636375267,1.0,0.0,0.0,0.0,0.0,-0.40503245429180146,1.0,-0.21557245687417037,-0.22357963353565502,-7.44063202444536e-16,0.0,0.0,0.0,0.0,0.0,1.0,0.0,0.0,0.0,0.0,0.0,0.0,0.0,0.0,0.0,0.0,0.0,0.0,1.0,0.0,0.0,0.0,1.0,4.0870042790290775,1.0,0.0,0.0,0.0,0.0,0.0,0.0,-0.48698248581978104,0.04803973917263126,0.0,0.0,1.0,0.0,1.0,-0.31687803246887236,0.4649905549752775,0.23234521845449066,0.23234521845449066,0.29521925419405826,10.4
0.3310358636375267,1.0,0.0,0.0,0.0,0.0,-0.40503245429180146,1.0,-0.21557245687417037,-0.22357963353565502,-7.44063202444536e-16,0.0,0.0,0.0,0.0,0.0,1.0,0.0,0.0,0.0,0.0,0.0,0.0,0.0,0.0,0.0,0.0,0.0,0.0,1.0,0.0,0.0,0.0,1.0,4.0870042790290775,1.0,0.0,0.0,0.0,0.0,0.0,0.0,-0.48698248581978104,0.04803973917263126,0.0,0.0,0.0,1.0,1.0,-0.5040414314660734,0.4649905549752775,0.10144650383224237,0.10144650383224237,0.16986075984413973,11.3
0.3310358636375267,1.0,0.0,0.0,0.0,0.0,-0.40503245429180146,1.0,-0.21557245687417037,-0.22357963353565502,-7.44063202444536e-16,0.0,0.0,0.0,0.0,0.0,1.0,0.0,0.0,0.0,0.0,0.0,0.0,0.0,0.0,0.0,0.0,0.0,0.0,1.0,0.0,0.0,0.0,1.0,4.0870042790290775,1.0,0.0,0.0,0.0,0.0,0.0,0.0,-0.48698248581978104,0.04803973917263126,0.0,0.0,0.0,1.0,1.0,-0.5092404147715511,0.4649905549752775,0.10144650383224237,0.10144650383224237,0.16986075984413973,15.4
0.3310358636375267,1.0,0.0,0.0,0.0,0.0,-0.40503245429180146,1.0,-0.21557245687417037,-0.22357963353565502,-7.44063202444536e-16,0.0,0.0,0.0,0.0,0.0,1.0,0.0,0.0,0.0,0.0,0.0,0.0,0.0,0.0,0.0,0.0,0.0,0.0,1.0,0.0,0.0,0.0,1.0,4.0870042790290775,1.0,0.0,0.0,0.0,0.0,0.0,0.0,-0.48698248581978104,0.04803973917263126,0.0,0.0,0.0,1.0,1.0,-0.4797795093738436,0.4649905549752775,0.10144650383224237,0.10144650383224237,0.16986075984413973,13.3
0.3310358636375267,1.0,0.0,0.0,0.0,0.0,-0.40503245429180146,1.0,-0.21557245687417037,-0.22357963353565502,-7.44063202444536e-16,0.0,0.0,0.0,0.0,0.0,1.0,0.0,0.0,0.0,0.0,0.0,0.0,0.0,0.0,0.0,0.0,0.0,0.0,1.0,0.0,0.0,0.0,1.0,4.0870042790290775,1.0,0.0,0.0,0.0,0.0,0.0,0.0,-0.48698248581978104,0.04803973917263126,0.0,1.0,0.0,0.0,1.0,-0.1973014164428828,0.4649905549752775,0.23234521845449066,0.23234521845449066,0.29521925419405826,7.939999999999999
0.3310358636375267,1.0,0.0,0.0,0.0,0.0,-0.40503245429180146,1.0,-0.21557245687417037,-0.22357963353565502,-7.44063202444536e-16,0.0,0.0,0.0,0.0,0.0,1.0,0.0,0.0,0.0,0.0,0.0,0.0,0.0,0.0,0.0,0.0,0.0,0.0,1.0,0.0,0.0,0.0,1.0,4.0870042790290775,1.0,0.0,0.0,0.0,0.0,0.0,0.0,-0.48698248581978104,0.04803973917263126,0.0,1.0,0.0,0.0,1.0,-0.3307419879501465,0.4649905549752775,0.6250413623212355,0.6250413623212355,0.6712947372438139,9.2
0.3310358636375267,1.0,0.0,0.0,0.0,0.0,-0.40503245429180146,1.0,-0.21557245687417037,-0.22357963353565502,-7.44063202444536e-16,0.0,0.0,0.0,0.0,0.0,1.0,0.0,0.0,0.0,0.0,0.0,0.0,0.0,0.0,0.0,0.0,0.0,0.0,1.0,0.0,0.0,0.0,1.0,4.0870042790290775,1.0,0.0,0.0,0.0,0.0,0.0,0.0,-0.48698248581978104,0.04803973917263126,0.0,1.0,0.0,0.0,0.0,-0.5005754425957548,0.4649905549752775,-1.0766419277679922,-1.0766419277679922,-0.9583656893051273,11.41180752125651
0.3310358636375267,1.0,0.0,0.0,0.0,0.0,-0.40503245429180146,1.0,-0.21557245687417037,-0.22357963353565502,-7.44063202444536e-16,0.0,0.0,0.0,0.0,0.0,1.0,0.0,0.0,0.0,0.0,0.0,0.0,0.0,0.0,0.0,0.0,0.0,0.0,1.0,0.0,0.0,0.0,1.0,4.0870042790290775,1.0,0.0,0.0,0.0,0.0,0.0,0.0,-0.48698248581978104,0.04803973917263126,0.0,1.0,0.0,0.0,0.0,-0.34633893786657993,0.4649905549752775,-0.7493951412123715,-0.7493951412123715,-0.6449694534303309,8.219999999999999
0.3310358636375267,1.0,0.0,0.0,0.0,0.0,-0.8297266782094186,1.0,-0.1827009590254201,-0.22357963353565502,-7.44063202444536e-16,-0.294091967906225,0.0,0.0,0.0,1.0,0.0,0.0,0.0,0.0,0.0,0.0,0.0,0.0,0.0,0.0,0.0,0.0,0.0,1.0,0.0,0.0,0.0,1.0,-0.25744908844277664,1.0,0.0,0.0,0.0,0.0,0.0,0.0,-0.8637311138178924,-0.3915269655830575,0.0,1.0,0.0,0.0,0.0,-0.36713487108849113,0.4649905549752775,0.10144650383224237,0.10144650383224237,0.16986075984413973,21.630000000000003
0.3310358636375267,1.0,0.0,0.0,0.0,0.0,-0.8297266782094186,1.0,-0.1827009590254201,-0.22357963353565502,-7.44063202444536e-16,-0.294091967906225,0.0,0.0,0.0,1.0,0.0,0.0,0.0,0.0,0.0,0.0,0.0,0.0,0.0,0.0,0.0,0.0,0.0,1.0,0.0,0.0,0.0,1.0,-0.25744908844277664,1.0,0.0,0.0,0.0,0.0,0.0,0.0,-0.8637311138178924,-0.3915269655830575,0.0,1.0,0.0,0.0,0.0,-0.37060085995880965,-3.0224386073393013,-0.9457432131457438,-0.9457432131457438,-1.2090826780049644,24.892791256464733
0.3310358636375267,1.0,0.0,0.0,0.0,0.0,-0.8297266782094186,1.0,-0.1827009590254201,-0.22357963353565502,-7.44063202444536e-16,-0.294091967906225,0.0,0.0,0.0,1.0,0.0,0.0,0.0,0.0,0.0,0.0,0.0,0.0,0.0,0.0,0.0,0.0,0.0,1.0,0.0,0.0,0.0,1.0,-0.25744908844277664,1.0,0.0,0.0,0.0,0.0,0.0,0.0,-0.8637311138178924,-0.3915269655830575,0.0,1.0,0.0,0.0,0.0,-0.37753283769944673,-1.859962219901108,-0.9457432131457438,-0.9457432131457438,-1.0837241836550457,24.162839524734697
0.3310358636375267,1.0,0.0,0.0,0.0,0.0,-0.8297266782094186,1.0,-0.1827009590254201,-0.22357963353565502,-7.44063202444536e-16,-0.294091967906225,0.0,0.0,0.0,1.0,0.0,0.0,0.0,0.0,0.0,0.0,0.0,0.0,0.0,0.0,0.0,0.0,0.0,1.0,0.0,0.0,0.0,1.0,-0.25744908844277664,1.0,0.0,0.0,0.0,0.0,0.0,0.0,-0.8637311138178924,-0.3915269655830575,0.0,1.0,0.0,0.0,0.0,-0.3740668488291282,-0.6974858324629155,-0.9457432131457438,-0.9457432131457438,-0.9583656893051273,23.47593061482927
0.3310358636375267,1.0,0.0,0.0,0.0,0.0,-0.8297266782094186,1.0,-0.1827009590254201,-0.22357963353565502,-7.44063202444536e-16,-0.294091967906225,0.0,0.0,0.0,1.0,0.0,0.0,0.0,0.0,0.0,0.0,0.0,0.0,0.0,0.0,0.0,0.0,0.0,1.0,0.0,0.0,0.0,1.0,-0.25744908844277664,1.0,0.0,0.0,0.0,0.0,0.0,0.0,-0.8637311138178924,-0.3915269655830575,0.0,1.0,0.0,0.0,0.0,-0.3740668488291282,0.4649905549752775,-0.9457432131457438,-0.9457432131457438,-0.8330071949552087,22.38837589312821
0.3310358636375267,1.0,0.0,0.0,0.0,0.0,-0.8297266782094186,1.0,-0.1827009590254201,-0.22357963353565502,-7.44063202444536e-16,-0.294091967906225,0.0,0.0,0.0,1.0,0.0,0.0,0.0,0.0,0.0,0.0,0.0,0.0,0.0,0.0,0.0,0.0,0.0,1.0,0.0,0.0,0.0,1.0,-0.25744908844277664,1.0,0.0,0.0,0.0,0.0,0.0,0.0,-0.8637311138178924,-0.3915269655830575,0.0,1.0,0.0,0.0,0.0,-0.48324549824416213,0.4649905549752775,-0.2912496400345025,-0.2912496400345025,-0.20621472320561596,23.6
0.3310358636375267,1.0,0.0,0.0,0.0,0.0,-0.8297266782094186,1.0,-0.1827009590254201,-0.22357963353565502,-7.44063202444536e-16,-0.294091967906225,0.0,0.0,0.0,1.0,0.0,0.0,0.0,0.0,0.0,0.0,0.0,0.0,0.0,0.0,0.0,0.0,0.0,1.0,0.0,0.0,0.0,1.0,-0.25744908844277664,1.0,0.0,0.0,0.0,0.0,0.0,0.0,-0.8637311138178924,-0.3915269655830575,0.0,1.0,0.0,0.0,1.0,0.1804913704218378,0.4649905549752775,0.23234521845449066,0.23234521845449066,0.29521925419405826,23.200000000000003
0.3310358636375267,1.0,0.0,0.0,0.0,0.0,-0.8297266782094186,1.0,-0.1827009590254201,-0.22357963353565502,-7.44063202444536e-16,-0.294091967906225,0.0,0.0,0.0,1.0,0.0,0.0,0.0,0.0,0.0,0.0,0.0,0.0,0.0,0.0,0.0,0.0,0.0,1.0,0.0,0.0,0.0,1.0,-0.25744908844277664,1.0,0.0,0.0,0.0,0.0,0.0,0.0,-0.8637311138178924,-0.3915269655830575,0.0,1.0,0.0,0.0,1.0,-0.1799714720912901,-1.859962219901108,0.23234521845449066,0.23234521845449066,-0.4067883141654856,24.5
0.3310358636375267,1.0,0.0,0.0,0.0,0.0,-0.8297266782094186,1.0,-0.1827009590254201,-0.22357963353565502,-7.44063202444536e-16,-0.294091967906225,0.0,0.0,0.0,1.0,0.0,0.0,0.0,0.0,0.0,0.0,0.0,0.0,0.0,0.0,0.0,0.0,0.0,1.0,0.0,0.0,0.0,1.0,-0.25744908844277664,1.0,0.0,0.0,0.0,0.0,0.0,0.0,-0.8637311138178924,-0.3915269655830575,0.0,1.0,0.0,0.0,1.0,3.681140129443561,0.4649905549752775,0.23234521845449066,0.23234521845449066,0.29521925419405826,21.74
0.3310358636375267,1.0,0.0,0.0,0.0,0.0,-0.8297266782094186,1.0,-0.1827009590254201,-0.22357963353565502,-7.44063202444536e-16,-0.294091967906225,0.0,0.0,0.0,1.0,0.0,0.0,0.0,0.0,0.0,0.0,0.0,0.0,0.0,0.0,0.0,0.0,0.0,1.0,0.0,0.0,0.0,1.0,-0.25744908844277664,1.0,0.0,0.0,0.0,0.0,0.0,0.0,-0.8637311138178924,-0.3915269655830575,0.0,1.0,0.0,0.0,1.0,2.0088004995148667,0.4649905549752775,3.635711798632946,3.635711798632946,3.554540107291941,22.85
0.3310358636375267,1.0,0.0,0.0,0.0,0.0,-0.8297266782094186,1.0,-0.1827009590254201,-0.22357963353565502,-7.44063202444536e-16,-0.294091967906225,0.0,0.0,0.0,1.0,0.0,0.0,0.0,0.0,0.0,0.0,0.0,0.0,0.0,0.0,0.0,0.0,0.0,1.0,0.0,0.0,0.0,1.0,-0.25744908844277664,1.0,0.0,0.0,0.0,0.0,0.0,0.0,-0.8637311138178924,-0.3915269655830575,0.0,1.0,0.0,0.0,1.0,0.07131272100680387,0.4649905549752775,0.6250413623212355,0.6250413623212355,0.6712947372438139,21.770000000000003
0.3310358636375267,1.0,0.0,0.0,0.0,0.0,-0.8297266782094186,1.0,-0.1827009590254201,-0.22357963353565502,-7.44063202444536e-16,-0.294091967906225,0.0,0.0,0.0,1.0,0.0,0.0,0.0,0.0,0.0,0.0,0.0,0.0,0.0,0.0,0.0,0.0,0.0,1.0,0.0,0.0,0.0,1.0,-0.25744908844277664,1.0,0.0,0.0,0.0,0.0,0.0,0.0,-0.8637311138178924,-0.3915269655830575,1.0,0.0,0.0,0.0,1.0,-0.2302283107109089,0.4649905549752775,-0.553047069278999,-0.553047069278999,-0.45693171190545306,22.89857613366524
0.3310358636375267,1.0,0.0,0.0,0.0,0.0,-0.8297266782094186,1.0,-0.1827009590254201,-0.22357963353565502,-7.44063202444536e-16,-0.294091967906225,0.0,0.0,0.0,1.0,0.0,0.0,0.0,0.0,0.0,0.0,0.0,0.0,0.0,0.0,0.0,0.0,0.0,1.0,0.0,0.0,0.0,1.0,-0.25744908844277664,1.0,0.0,0.0,0.0,0.0,0.0,0.0,-0.8637311138178924,-0.3915269655830575,0.0,0.0,1.0,0.0,1.0,-0.31687803246887236,0.4649905549752775,0.23234521845449066,0.23234521845449066,0.29521925419405826,23.5
0.3310358636375267,1.0,0.0,0.0,0.0,0.0,-0.8297266782094186,1.0,-0.1827009590254201,-0.22357963353565502,-7.44063202444536e-16,-0.294091967906225,0.0,0.0,0.0,1.0,0.0,0.0,0.0,0.0,0.0,0.0,0.0,0.0,0.0,0.0,0.0,0.0,0.0,1.0,0.0,0.0,0.0,1.0,-0.25744908844277664,1.0,0.0,0.0,0.0,0.0,0.0,0.0,-0.8637311138178924,-0.3915269655830575,0.0,0.0,0.0,1.0,1.0,-0.5040414314660734,0.4649905549752775,0.10144650383224237,0.10144650383224237,0.16986075984413973,24.4
0.3310358636375267,1.0,0.0,0.0,0.0,0.0,-0.8297266782094186,1.0,-0.1827009590254201,-0.22357963353565502,-7.44063202444536e-16,-0.294091967906225,0.0,0.0,0.0,1.0,0.0,0.0,0.0,0.0,0.0,0.0,0.0,0.0,0.0,0.0,0.0,0.0,0.0,1.0,0.0,0.0,0.0,1.0,-0.25744908844277664,1.0,0.0,0.0,0.0,0.0,0.0,0.0,-0.8637311138178924,-0.3915269655830575,0.0,0.0,0.0,1.0,1.0,-0.5092404147715511,0.4649905549752775,0.10144650383224237,0.10144650383224237,0.16986075984413973,28.5
0.3310358636375267,1.0,0.0,0.0,0.0,0.0,-0.8297266782094186,1.0,-0.1827009590254201,-0.22357963353565502,-7.44063202444536e-16,-0.294091967906225,0.0,0.0,0.0,1.0,0.0,0.0,0.0,0.0,0.0,0.0,0.0,0.0,0.0,0.0,0.0,0.0,0.0,1.0,0.0,0.0,0.0,1.0,-0.25744908844277664,1.0,0.0,0.0,0.0,0.0,0.0,0.0,-0.8637311138178924,-0.3915269655830575,0.0,0.0,0.0,1.0,1.0,-0.4797795093738436,0.4649905549752775,0.10144650383224237,0.10144650383224237,0.16986075984413973,26.4
0.3310358636375267,1.0,0.0,0.0,0.0,0.0,-0.8297266782094186,1.0,-0.1827009590254201,-0.22357963353565502,-7.44063202444536e-16,-0.294091967906225,0.0,0.0,0.0,1.0,0.0,0.0,0.0,0.0,0.0,0.0,0.0,0.0,0.0,0.0,0.0,0.0,0.0,1.0,0.0,0.0,0.0,1.0,-0.25744908844277664,1.0,0.0,0.0,0.0,0.0,0.0,0.0,-0.8637311138178924,-0.3915269655830575,0.0,1.0,0.0,0.0,1.0,-0.1973014164428828,0.4649905549752775,0.23234521845449066,0.23234521845449066,0.29521925419405826,21.04
0.3310358636375267,1.0,0.0,0.0,0.0,0.0,-0.8297266782094186,1.0,-0.1827009590254201,-0.22357963353565502,-7.44063202444536e-16,-0.294091967906225,0.0,0.0,0.0,1.0,0.0,0.0,0.0,0.0,0.0,0.0,0.0,0.0,0.0,0.0,0.0,0.0,0.0,1.0,0.0,0.0,0.0,1.0,-0.25744908844277664,1.0,0.0,0.0,0.0,0.0,0.0,0.0,-0.8637311138178924,-0.3915269655830575,0.0,1.0,0.0,0.0,1.0,-0.3307419879501465,0.4649905549752775,0.6250413623212355,0.6250413623212355,0.6712947372438139,22.3
0.3310358636375267,1.0,0.0,0.0,0.0,0.0,-0.8297266782094186,1.0,-0.1827009590254201,-0.22357963353565502,-7.44063202444536e-16,-0.294091967906225,0.0,0.0,0.0,1.0,0.0,0.0,0.0,0.0,0.0,0.0,0.0,0.0,0.0,0.0,0.0,0.0,0.0,1.0,0.0,0.0,0.0,1.0,-0.25744908844277664,1.0,0.0,0.0,0.0,0.0,0.0,0.0,-0.8637311138178924,-0.3915269655830575,0.0,1.0,0.0,0.0,0.0,-0.5005754425957548,0.4649905549752775,-1.0766419277679922,-1.0766419277679922,-0.9583656893051273,24.51180752125651
0.3310358636375267,1.0,0.0,0.0,0.0,0.0,-0.8297266782094186,1.0,-0.1827009590254201,-0.22357963353565502,-7.44063202444536e-16,-0.294091967906225,0.0,0.0,0.0,1.0,0.0,0.0,0.0,0.0,0.0,0.0,0.0,0.0,0.0,0.0,0.0,0.0,0.0,1.0,0.0,0.0,0.0,1.0,-0.25744908844277664,1.0,0.0,0.0,0.0,0.0,0.0,0.0,-0.8637311138178924,-0.3915269655830575,0.0,1.0,0.0,0.0,0.0,-0.34633893786657993,0.4649905549752775,-0.7493951412123715,-0.7493951412123715,-0.6449694534303309,21.32
-0.13169284712672627,0.0,0.0,0.0,0.0,1.0,0.16122651093168805,0.0,-0.1827009590254201,0.14271040438446064,-7.44063202444536e-16,0.033423560147598404,0.0,0.0,0.0,0.0,0.0,0.0,0.0,0.0,0.0,0.0,0.0,0.0,0.0,1.0,0.0,0.0,0.0,0.0,1.0,1.0,0.0,0.0,-0.25744908844277664,1.0,0.0,0.0,0.0,0.0,0.0,0.0,-0.3613996098204106,-0.3548964068534168,0.0,1.0,0.0,0.0,0.0,-0.36713487108849113,0.4649905549752775,0.10144650383224237,0.10144650383224237,0.16986075984413973,17.293055206813484
-0.13169284712672627,0.0,0.0,0.0,0.0,1.0,0.16122651093168805,0.0,-0.1827009590254201,0.14271040438446064,-7.44063202444536e-16,0.033423560147598404,0.0,0.0,0.0,0.0,0.0,0.0,0.0,0.0,0.0,0.0,0.0,0.0,0.0,1.0,0.0,0.0,0.0,0.0,1.0,1.0,0.0,0.0,-0.25744908844277664,1.0,0.0,0.0,0.0,0.0,0.0,0.0,-0.3613996098204106,-0.3548964068534168,0.0,1.0,0.0,0.0,0.0,-0.37060085995880965,-3.0224386073393013,-0.9457432131457438,-0.9457432131457438,-1.2090826780049644,20.55584646327821
-0.13169284712672627,0.0,0.0,0.0,0.0,1.0,0.16122651093168805,0.0,-0.1827009590254201,0.14271040438446064,-7.44063202444536e-16,0.033423560147598404,0.0,0.0,0.0,0.0,0.0,0.0,0.0,0.0,0.0,0.0,0.0,0.0,0.0,1.0,0.0,0.0,0.0,0.0,1.0,1.0,0.0,0.0,-0.25744908844277664,1.0,0.0,0.0,0.0,0.0,0.0,0.0,-0.3613996098204106,-0.3548964068534168,0.0,1.0,0.0,0.0,0.0,-0.37753283769944673,-1.859962219901108,-0.9457432131457438,-0.9457432131457438,-1.0837241836550457,19.82589473154818
-0.13169284712672627,0.0,0.0,0.0,0.0,1.0,0.16122651093168805,0.0,-0.1827009590254201,0.14271040438446064,-7.44063202444536e-16,0.033423560147598404,0.0,0.0,0.0,0.0,0.0,0.0,0.0,0.0,0.0,0.0,0.0,0.0,0.0,1.0,0.0,0.0,0.0,0.0,1.0,1.0,0.0,0.0,-0.25744908844277664,1.0,0.0,0.0,0.0,0.0,0.0,0.0,-0.3613996098204106,-0.3548964068534168,0.0,1.0,0.0,0.0,0.0,-0.3740668488291282,-0.6974858324629155,-0.9457432131457438,-0.9457432131457438,-0.9583656893051273,19.138985821642752
-0.13169284712672627,0.0,0.0,0.0,0.0,1.0,0.16122651093168805,0.0,-0.1827009590254201,0.14271040438446064,-7.44063202444536e-16,0.033423560147598404,0.0,0.0,0.0,0.0,0.0,0.0,0.0,0.0,0.0,0.0,0.0,0.0,0.0,1.0,0.0,0.0,0.0,0.0,1.0,1.0,0.0,0.0,-0.25744908844277664,1.0,0.0,0.0,0.0,0.0,0.0,0.0,-0.3613996098204106,-0.3548964068534168,0.0,1.0,0.0,0.0,0.0,-0.3740668488291282,0.4649905549752775,-0.9457432131457438,-0.9457432131457438,-0.8330071949552087,18.051431099941688
-0.13169284712672627,0.0,0.0,0.0,0.0,1.0,0.16122651093168805,0.0,-0.1827009590254201,0.14271040438446064,-7.44063202444536e-16,0.033423560147598404,0.0,0.0,0.0,0.0,0.0,0.0,0.0,0.0,0.0,0.0,0.0,0.0,0.0,1.0,0.0,0.0,0.0,0.0,1.0,1.0,0.0,0.0,-0.25744908844277664,1.0,0.0,0.0,0.0,0.0,0.0,0.0,-0.3613996098204106,-0.3548964068534168,0.0,1.0,0.0,0.0,0.0,-0.48324549824416213,0.4649905549752775,-0.2912496400345025,-0.2912496400345025,-0.20621472320561596,19.263055206813483
-0.13169284712672627,0.0,0.0,0.0,0.0,1.0,0.16122651093168805,0.0,-0.1827009590254201,0.14271040438446064,-7.44063202444536e-16,0.033423560147598404,0.0,0.0,0.0,0.0,0.0,0.0,0.0,0.0,0.0,0.0,0.0,0.0,0.0,1.0,0.0,0.0,0.0,0.0,1.0,1.0,0.0,0.0,-0.25744908844277664,1.0,0.0,0.0,0.0,0.0,0.0,0.0,-0.3613996098204106,-0.3548964068534168,0.0,1.0,0.0,0.0,1.0,0.1804913704218378,0.4649905549752775,0.23234521845449066,0.23234521845449066,0.29521925419405826,18.863055206813485
-0.13169284712672627,0.0,0.0,0.0,0.0,1.0,0.16122651093168805,0.0,-0.1827009590254201,0.14271040438446064,-7.44063202444536e-16,0.033423560147598404,0.0,0.0,0.0,0.0,0.0,0.0,0.0,0.0,0.0,0.0,0.0,0.0,0.0,1.0,0.0,0.0,0.0,0.0,1.0,1.0,0.0,0.0,-0.25744908844277664,1.0,0.0,0.0,0.0,0.0,0.0,0.0,-0.3613996098204106,-0.3548964068534168,0.0,1.0,0.0,0.0,1.0,-0.1799714720912901,-1.859962219901108,0.23234521845449066,0.23234521845449066,-0.4067883141654856,20.16305520681348
-0.13169284712672627,0.0,0.0,0.0,0.0,1.0,0.16122651093168805,0.0,-0.1827009590254201,0.14271040438446064,-7.44063202444536e-16,0.033423560147598404,0.0,0.0,0.0,0.0,0.0,0.0,0.0,0.0,0.0,0.0,0.0,0.0,0.0,1.0,0.0,0.0,0.0,0.0,1.0,1.0,0.0,0.0,-0.25744908844277664,1.0,0.0,0.0,0.0,0.0,0.0,0.0,-0.3613996098204106,-0.3548964068534168,0.0,1.0,0.0,0.0,1.0,3.681140129443561,0.4649905549752775,0.23234521845449066,0.23234521845449066,0.29521925419405826,17.403055206813484
-0.13169284712672627,0.0,0.0,0.0,0.0,1.0,0.16122651093168805,0.0,-0.1827009590254201,0.14271040438446064,-7.44063202444536e-16,0.033423560147598404,0.0,0.0,0.0,0.0,0.0,0.0,0.0,0.0,0.0,0.0,0.0,0.0,0.0,1.0,0.0,0.0,0.0,0.0,1.0,1.0,0.0,0.0,-0.25744908844277664,1.0,0.0,0.0,0.0,0.0,0.0,0.0,-0.3613996098204106,-0.3548964068534168,0.0,1.0,0.0,0.0,1.0,2.0088004995148667,0.4649905549752775,3.635711798632946,3.635711798632946,3.554540107291941,18.513055206813483
-0.13169284712672627,0.0,0.0,0.0,0.0,1.0,0.16122651093168805,0.0,-0.1827009590254201,0.14271040438446064,-7.44063202444536e-16,0.033423560147598404,0.0,0.0,0.0,0.0,0.0,0.0,0.0,0.0,0.0,0.0,0.0,0.0,0.0,1.0,0.0,0.0,0.0,0.0,1.0,1.0,0.0,0.0,-0.25744908844277664,1.0,0.0,0.0,0.0,0.0,0.0,0.0,-0.3613996098204106,-0.3548964068534168,0.0,1.0,0.0,0.0,1.0,0.07131272100680387,0.4649905549752775,0.6250413623212355,0.6250413623212355,0.6712947372438139,17.433055206813485
-0.13169284712672627,0.0,0.0,0.0,0.0,1.0,0.16122651093168805,0.0,-0.1827009590254201,0.14271040438446064,-7.44063202444536e-16,0.033423560147598404,0.0,0.0,0.0,0.0,0.0,0.0,0.0,0.0,0.0,0.0,0.0,0.0,0.0,1.0,0.0,0.0,0.0,0.0,1.0,1.0,0.0,0.0,-0.25744908844277664,1.0,0.0,0.0,0.0,0.0,0.0,0.0,-0.3613996098204106,-0.3548964068534168,1.0,0.0,0.0,0.0,1.0,-0.2302283107109089,0.4649905549752775,-0.553047069278999,-0.553047069278999,-0.45693171190545306,18.56163134047872
-0.13169284712672627,0.0,0.0,0.0,0.0,1.0,0.16122651093168805,0.0,-0.1827009590254201,0.14271040438446064,-7.44063202444536e-16,0.033423560147598404,0.0,0.0,0.0,0.0,0.0,0.0,0.0,0.0,0.0,0.0,0.0,0.0,0.0,1.0,0.0,0.0,0.0,0.0,1.0,1.0,0.0,0.0,-0.25744908844277664,1.0,0.0,0.0,0.0,0.0,0.0,0.0,-0.3613996098204106,-0.3548964068534168,0.0,0.0,1.0,0.0,1.0,-0.31687803246887236,0.4649905549752775,0.23234521845449066,0.23234521845449066,0.29521925419405826,19.16305520681348
-0.13169284712672627,0.0,0.0,0.0,0.0,1.0,0.16122651093168805,0.0,-0.1827009590254201,0.14271040438446064,-7.44063202444536e-16,0.033423560147598404,0.0,0.0,0.0,0.0,0.0,0.0,0.0,0.0,0.0,0.0,0.0,0.0,0.0,1.0,0.0,0.0,0.0,0.0,1.0,1.0,0.0,0.0,-0.25744908844277664,1.0,0.0,0.0,0.0,0.0,0.0,0.0,-0.3613996098204106,-0.3548964068534168,0.0,0.0,0.0,1.0,1.0,-0.5040414314660734,0.4649905549752775,0.10144650383224237,0.10144650383224237,0.16986075984413973,20.063055206813484
-0.13169284712672627,0.0,0.0,0.0,0.0,1.0,0.16122651093168805,0.0,-0.1827009590254201,0.14271040438446064,-7.44063202444536e-16,0.033423560147598404,0.0,0.0,0.0,0.0,0.0,0.0,0.0,0.0,0.0,0.0,0.0,0.0,0.0,1.0,0.0,0.0,0.0,0.0,1.0,1.0,0.0,0.0,-0.25744908844277664,1.0,0.0,0.0,0.0,0.0,0.0,0.0,-0.3613996098204106,-0.3548964068534168,0.0,0.0,0.0,1.0,1.0,-0.5092404147715511,0.4649905549752775,0.10144650383224237,0.10144650383224237,0.16986075984413973,24.16305520681348
-0.13169284712672627,0.0,0.0,0.0,0.0,1.0,0.16122651093168805,0.0,-0.1827009590254201,0.14271040438446064,-7.44063202444536e-16,0.033423560147598404,0.0,0.0,0.0,0.0,0.0,0.0,0.0,0.0,0.0,0.0,0.0,0.0,0.0,1.0,0.0,0.0,0.0,0.0,1.0,1.0,0.0,0.0,-0.25744908844277664,1.0,0.0,0.0,0.0,0.0,0.0,0.0,-0.3613996098204106,-0.3548964068534168,0.0,0.0,0.0,1.0,1.0,-0.4797795093738436,0.4649905549752775,0.10144650383224237,0.10144650383224237,0.16986075984413973,22.063055206813484
-0.13169284712672627,0.0,0.0,0.0,0.0,1.0,0.16122651093168805,0.0,-0.1827009590254201,0.14271040438446064,-7.44063202444536e-16,0.033423560147598404,0.0,0.0,0.0,0.0,0.0,0.0,0.0,0.0,0.0,0.0,0.0,0.0,0.0,1.0,0.0,0.0,0.0,0.0,1.0,1.0,0.0,0.0,-0.25744908844277664,1.0,0.0,0.0,0.0,0.0,0.0,0.0,-0.3613996098204106,-0.3548964068534168,0.0,1.0,0.0,0.0,1.0,-0.1973014164428828,0.4649905549752775,0.23234521845449066,0.23234521845449066,0.29521925419405826,16.70305520681348
-0.13169284712672627,0.0,0.0,0.0,0.0,1.0,0.16122651093168805,0.0,-0.1827009590254201,0.14271040438446064,-7.44063202444536e-16,0.033423560147598404,0.0,0.0,0.0,0.0,0.0,0.0,0.0,0.0,0.0,0.0,0.0,0.0,0.0,1.0,0.0,0.0,0.0,0.0,1.0,1.0,0.0,0.0,-0.25744908844277664,1.0,0.0,0.0,0.0,0.0,0.0,0.0,-0.3613996098204106,-0.3548964068534168,0.0,1.0,0.0,0.0,1.0,-0.3307419879501465,0.4649905549752775,0.6250413623212355,0.6250413623212355,0.6712947372438139,17.963055206813483
-0.13169284712672627,0.0,0.0,0.0,0.0,1.0,0.16122651093168805,0.0,-0.1827009590254201,0.14271040438446064,-7.44063202444536e-16,0.033423560147598404,0.0,0.0,0.0,0.0,0.0,0.0,0.0,0.0,0.0,0.0,0.0,0.0,0.0,1.0,0.0,0.0,0.0,0.0,1.0,1.0,0.0,0.0,-0.25744908844277664,1.0,0.0,0.0,0.0,0.0,0.0,0.0,-0.3613996098204106,-0.3548964068534168,0.0,1.0,0.0,0.0,0.0,-0.5005754425957548,0.4649905549752775,-1.0766419277679922,-1.0766419277679922,-0.9583656893051273,20.17486272807
-0.13169284712672627,0.0,0.0,0.0,0.0,1.0,0.16122651093168805,0.0,-0.1827009590254201,0.14271040438446064,-7.44063202444536e-16,0.033423560147598404,0.0,0.0,0.0,0.0,0.0,0.0,0.0,0.0,0.0,0.0,0.0,0.0,0.0,1.0,0.0,0.0,0.0,0.0,1.0,1.0,0.0,0.0,-0.25744908844277664,1.0,0.0,0.0,0.0,0.0,0.0,0.0,-0.3613996098204106,-0.3548964068534168,0.0,1.0,0.0,0.0,0.0,-0.34633893786657993,0.4649905549752775,-0.7493951412123715,-0.7493951412123715,-0.6449694534303309,16.983055206813482
-0.24725841718267694,1.0,0.0,0.0,0.0,0.0,-0.33425008363886527,1.0,-0.1580473356388574,-0.14033189764471962,-7.44063202444536e-16,-0.2934932192260534,1.0,0.0,0.0,0.0,0.0,0.0,0.0,0.0,0.0,0.0,0.0,0.0,0.0,0.0,0.0,0.0,0.0,1.0,0.0,0.0,0.0,1.0,0.6114415850515942,1.0,0.0,0.0,0.0,0.0,0.0,0.0,-0.4241910478200958,-0.5196046885256018,0.0,1.0,0.0,0.0,0.0,-0.36713487108849113,0.4649905549752775,0.10144650383224237,0.10144650383224237,0.16986075984413973,18.03
-0.24725841718267694,1.0,0.0,0.0,0.0,0.0,-0.33425008363886527,1.0,-0.1580473356388574,-0.14033189764471962,-7.44063202444536e-16,-0.2934932192260534,1.0,0.0,0.0,0.0,0.0,0.0,0.0,0.0,0.0,0.0,0.0,0.0,0.0,0.0,0.0,0.0,0.0,1.0,0.0,0.0,0.0,1.0,0.6114415850515942,1.0,0.0,0.0,0.0,0.0,0.0,0.0,-0.4241910478200958,-0.5196046885256018,0.0,1.0,0.0,0.0,0.0,-0.37060085995880965,-3.0224386073393013,-0.9457432131457438,-0.9457432131457438,-1.2090826780049644,21.29279125646473
-0.24725841718267694,1.0,0.0,0.0,0.0,0.0,-0.33425008363886527,1.0,-0.1580473356388574,-0.14033189764471962,-7.44063202444536e-16,-0.2934932192260534,1.0,0.0,0.0,0.0,0.0,0.0,0.0,0.0,0.0,0.0,0.0,0.0,0.0,0.0,0.0,0.0,0.0,1.0,0.0,0.0,0.0,1.0,0.6114415850515942,1.0,0.0,0.0,0.0,0.0,0.0,0.0,-0.4241910478200958,-0.5196046885256018,0.0,1.0,0.0,0.0,0.0,-0.37753283769944673,-1.859962219901108,-0.9457432131457438,-0.9457432131457438,-1.0837241836550457,20.56283952473469
-0.24725841718267694,1.0,0.0,0.0,0.0,0.0,-0.33425008363886527,1.0,-0.1580473356388574,-0.14033189764471962,-7.44063202444536e-16,-0.2934932192260534,1.0,0.0,0.0,0.0,0.0,0.0,0.0,0.0,0.0,0.0,0.0,0.0,0.0,0.0,0.0,0.0,0.0,1.0,0.0,0.0,0.0,1.0,0.6114415850515942,1.0,0.0,0.0,0.0,0.0,0.0,0.0,-0.4241910478200958,-0.5196046885256018,0.0,1.0,0.0,0.0,0.0,-0.3740668488291282,-0.6974858324629155,-0.9457432131457438,-0.9457432131457438,-0.9583656893051273,19.87593061482927
-0.24725841718267694,1.0,0.0,0.0,0.0,0.0,-0.33425008363886527,1.0,-0.1580473356388574,-0.14033189764471962,-7.44063202444536e-16,-0.2934932192260534,1.0,0.0,0.0,0.0,0.0,0.0,0.0,0.0,0.0,0.0,0.0,0.0,0.0,0.0,0.0,0.0,0.0,1.0,0.0,0.0,0.0,1.0,0.6114415850515942,1.0,0.0,0.0,0.0,0.0,0.0,0.0,-0.4241910478200958,-0.5196046885256018,0.0,1.0,0.0,0.0,0.0,-0.3740668488291282,0.4649905549752775,-0.9457432131457438,-0.9457432131457438,-0.8330071949552087,18.788375893128205
-0.24725841718267694,1.0,0.0,0.0,0.0,0.0,-0.33425008363886527,1.0,-0.1580473356388574,-0.14033189764471962,-7.44063202444536e-16,-0.2934932192260534,1.0,0.0,0.0,0.0,0.0,0.0,0.0,0.0,0.0,0.0,0.0,0.0,0.0,0.0,0.0,0.0,0.0,1.0,0.0,0.0,0.0,1.0,0.6114415850515942,1.0,0.0,0.0,0.0,0.0,0.0,0.0,-0.4241910478200958,-0.5196046885256018,0.0,1.0,0.0,0.0,0.0,-0.48324549824416213,0.4649905549752775,-0.2912496400345025,-0.2912496400345025,-0.20621472320561596,20.0
-0.24725841718267694,1.0,0.0,0.0,0.0,0.0,-0.33425008363886527,1.0,-0.1580473356388574,-0.14033189764471962,-7.44063202444536e-16,-0.2934932192260534,1.0,0.0,0.0,0.0,0.0,0.0,0.0,0.0,0.0,0.0,0.0,0.0,0.0,0.0,0.0,0.0,0.0,1.0,0.0,0.0,0.0,1.0,0.6114415850515942,1.0,0.0,0.0,0.0,0.0,0.0,0.0,-0.4241910478200958,-0.5196046885256018,0.0,1.0,0.0,0.0,1.0,0.1804913704218378,0.4649905549752775,0.23234521845449066,0.23234521845449066,0.29521925419405826,19.6
-0.24725841718267694,1.0,0.0,0.0,0.0,0.0,-0.33425008363886527,1.0,-0.1580473356388574,-0.14033189764471962,-7.44063202444536e-16,-0.2934932192260534,1.0,0.0,0.0,0.0,0.0,0.0,0.0,0.0,0.0,0.0,0.0,0.0,0.0,0.0,0.0,0.0,0.0,1.0,0.0,0.0,0.0,1.0,0.6114415850515942,1.0,0.0,0.0,0.0,0.0,0.0,0.0,-0.4241910478200958,-0.5196046885256018,0.0,1.0,0.0,0.0,1.0,-0.1799714720912901,-1.859962219901108,0.23234521845449066,0.23234521845449066,-0.4067883141654856,20.9
-0.24725841718267694,1.0,0.0,0.0,0.0,0.0,-0.33425008363886527,1.0,-0.1580473356388574,-0.14033189764471962,-7.44063202444536e-16,-0.2934932192260534,1.0,0.0,0.0,0.0,0.0,0.0,0.0,0.0,0.0,0.0,0.0,0.0,0.0,0.0,0.0,0.0,0.0,1.0,0.0,0.0,0.0,1.0,0.6114415850515942,1.0,0.0,0.0,0.0,0.0,0.0,0.0,-0.4241910478200958,-0.5196046885256018,0.0,1.0,0.0,0.0,1.0,3.681140129443561,0.4649905549752775,0.23234521845449066,0.23234521845449066,0.29521925419405826,18.14
-0.24725841718267694,1.0,0.0,0.0,0.0,0.0,-0.33425008363886527,1.0,-0.1580473356388574,-0.14033189764471962,-7.44063202444536e-16,-0.2934932192260534,1.0,0.0,0.0,0.0,0.0,0.0,0.0,0.0,0.0,0.0,0.0,0.0,0.0,0.0,0.0,0.0,0.0,1.0,0.0,0.0,0.0,1.0,0.6114415850515942,1.0,0.0,0.0,0.0,0.0,0.0,0.0,-0.4241910478200958,-0.5196046885256018,0.0,1.0,0.0,0.0,1.0,2.0088004995148667,0.4649905549752775,3.635711798632946,3.635711798632946,3.554540107291941,19.25
-0.24725841718267694,1.0,0.0,0.0,0.0,0.0,-0.33425008363886527,1.0,-0.1580473356388574,-0.14033189764471962,-7.44063202444536e-16,-0.2934932192260534,1.0,0.0,0.0,0.0,0.0,0.0,0.0,0.0,0.0,0.0,0.0,0.0,0.0,0.0,0.0,0.0,0.0,1.0,0.0,0.0,0.0,1.0,0.6114415850515942,1.0,0.0,0.0,0.0,0.0,0.0,0.0,-0.4241910478200958,-0.5196046885256018,0.0,1.0,0.0,0.0,1.0,0.07131272100680387,0.4649905549752775,0.6250413623212355,0.6250413623212355,0.6712947372438139,18.17
-0.24725841718267694,1.0,0.0,0.0,0.0,0.0,-0.33425008363886527,1.0,-0.1580473356388574,-0.14033189764471962,-7.44063202444536e-16,-0.2934932192260534,1.0,0.0,0.0,0.0,0.0,0.0,0.0,0.0,0.0,0.0,0.0,0.0,0.0,0.0,0.0,0.0,0.0,1.0,0.0,0.0,0.0,1.0,0.6114415850515942,1.0,0.0,0.0,0.0,0.0,0.0,0.0,-0.4241910478200958,-0.5196046885256018,1.0,0.0,0.0,0.0,1.0,-0.2302283107109089,0.4649905549752775,-0.553047069278999,-0.553047069278999,-0.45693171190545306,19.29857613366524
-0.24725841718267694,1.0,0.0,0.0,0.0,0.0,-0.33425008363886527,1.0,-0.1580473356388574,-0.14033189764471962,-7.44063202444536e-16,-0.2934932192260534,1.0,0.0,0.0,0.0,0.0,0.0,0.0,0.0,0.0,0.0,0.0,0.0,0.0,0.0,0.0,0.0,0.0,1.0,0.0,0.0,0.0,1.0,0.6114415850515942,1.0,0.0,0.0,0.0,0.0,0.0,0.0,-0.4241910478200958,-0.5196046885256018,0.0,0.0,1.0,0.0,1.0,-0.31687803246887236,0.4649905549752775,0.23234521845449066,0.23234521845449066,0.29521925419405826,19.9
-0.24725841718267694,1.0,0.0,0.0,0.0,0.0,-0.33425008363886527,1.0,-0.1580473356388574,-0.14033189764471962,-7.44063202444536e-16,-0.2934932192260534,1.0,0.0,0.0,0.0,0.0,0.0,0.0,0.0,0.0,0.0,0.0,0.0,0.0,0.0,0.0,0.0,0.0,1.0,0.0,0.0,0.0,1.0,0.6114415850515942,1.0,0.0,0.0,0.0,0.0,0.0,0.0,-0.4241910478200958,-0.5196046885256018,0.0,0.0,0.0,1.0,1.0,-0.5040414314660734,0.4649905549752775,0.10144650383224237,0.10144650383224237,0.16986075984413973,20.8
-0.24725841718267694,1.0,0.0,0.0,0.0,0.0,-0.33425008363886527,1.0,-0.1580473356388574,-0.14033189764471962,-7.44063202444536e-16,-0.2934932192260534,1.0,0.0,0.0,0.0,0.0,0.0,0.0,0.0,0.0,0.0,0.0,0.0,0.0,0.0,0.0,0.0,0.0,1.0,0.0,0.0,0.0,1.0,0.6114415850515942,1.0,0.0,0.0,0.0,0.0,0.0,0.0,-0.4241910478200958,-0.5196046885256018,0.0,0.0,0.0,1.0,1.0,-0.5092404147715511,0.4649905549752775,0.10144650383224237,0.10144650383224237,0.16986075984413973,24.9
-0.24725841718267694,1.0,0.0,0.0,0.0,0.0,-0.33425008363886527,1.0,-0.1580473356388574,-0.14033189764471962,-7.44063202444536e-16,-0.2934932192260534,1.0,0.0,0.0,0.0,0.0,0.0,0.0,0.0,0.0,0.0,0.0,0.0,0.0,0.0,0.0,0.0,0.0,1.0,0.0,0.0,0.0,1.0,0.6114415850515942,1.0,0.0,0.0,0.0,0.0,0.0,0.0,-0.4241910478200958,-0.5196046885256018,0.0,0.0,0.0,1.0,1.0,-0.4797795093738436,0.4649905549752775,0.10144650383224237,0.10144650383224237,0.16986075984413973,22.8
-0.24725841718267694,1.0,0.0,0.0,0.0,0.0,-0.33425008363886527,1.0,-0.1580473356388574,-0.14033189764471962,-7.44063202444536e-16,-0.2934932192260534,1.0,0.0,0.0,0.0,0.0,0.0,0.0,0.0,0.0,0.0,0.0,0.0,0.0,0.0,0.0,0.0,0.0,1.0,0.0,0.0,0.0,1.0,0.6114415850515942,1.0,0.0,0.0,0.0,0.0,0.0,0.0,-0.4241910478200958,-0.5196046885256018,0.0,1.0,0.0,0.0,1.0,-0.1973014164428828,0.4649905549752775,0.23234521845449066,0.23234521845449066,0.29521925419405826,17.439999999999998
-0.24725841718267694,1.0,0.0,0.0,0.0,0.0,-0.33425008363886527,1.0,-0.1580473356388574,-0.14033189764471962,-7.44063202444536e-16,-0.2934932192260534,1.0,0.0,0.0,0.0,0.0,0.0,0.0,0.0,0.0,0.0,0.0,0.0,0.0,0.0,0.0,0.0,0.0,1.0,0.0,0.0,0.0,1.0,0.6114415850515942,1.0,0.0,0.0,0.0,0.0,0.0,0.0,-0.4241910478200958,-0.5196046885256018,0.0,1.0,0.0,0.0,1.0,-0.3307419879501465,0.4649905549752775,0.6250413623212355,0.6250413623212355,0.6712947372438139,18.7
-0.24725841718267694,1.0,0.0,0.0,0.0,0.0,-0.33425008363886527,1.0,-0.1580473356388574,-0.14033189764471962,-7.44063202444536e-16,-0.2934932192260534,1.0,0.0,0.0,0.0,0.0,0.0,0.0,0.0,0.0,0.0,0.0,0.0,0.0,0.0,0.0,0.0,0.0,1.0,0.0,0.0,0.0,1.0,0.6114415850515942,1.0,0.0,0.0,0.0,0.0,0.0,0.0,-0.4241910478200958,-0.5196046885256018,0.0,1.0,0.0,0.0,0.0,-0.5005754425957548,0.4649905549752775,-1.0766419277679922,-1.0766419277679922,-0.9583656893051273,20.91180752125651
-0.24725841718267694,1.0,0.0,0.0,0.0,0.0,-0.33425008363886527,1.0,-0.1580473356388574,-0.14033189764471962,-7.44063202444536e-16,-0.2934932192260534,1.0,0.0,0.0,0.0,0.0,0.0,0.0,0.0,0.0,0.0,0.0,0.0,0.0,0.0,0.0,0.0,0.0,1.0,0.0,0.0,0.0,1.0,0.6114415850515942,1.0,0.0,0.0,0.0,0.0,0.0,0.0,-0.4241910478200958,-0.5196046885256018,0.0,1.0,0.0,0.0,0.0,-0.34633893786657993,0.4649905549752775,-0.7493951412123715,-0.7493951412123715,-0.6449694534303309,17.72
-0.5076307727139037,1.0,0.0,0.0,0.0,0.0,-0.971291419515291,1.0,-0.1827009590254201,-0.1569814448229067,-7.44063202444536e-16,0.0,0.0,1.0,0.0,0.0,0.0,0.0,0.0,0.0,0.0,0.0,0.0,0.0,0.0,0.0,0.0,0.0,0.0,1.0,0.0,0.0,0.0,1.0,-0.25744908844277664,1.0,0.0,0.0,0.0,0.0,0.0,0.0,-0.9893139898172628,-0.8700021003629897,0.0,1.0,0.0,0.0,0.0,-0.36713487108849113,0.4649905549752775,0.10144650383224237,0.10144650383224237,0.16986075984413973,2.53
-0.5076307727139037,1.0,0.0,0.0,0.0,0.0,-0.971291419515291,1.0,-0.1827009590254201,-0.1569814448229067,-7.44063202444536e-16,0.0,0.0,1.0,0.0,0.0,0.0,0.0,0.0,0.0,0.0,0.0,0.0,0.0,0.0,0.0,0.0,0.0,0.0,1.0,0.0,0.0,0.0,1.0,-0.25744908844277664,1.0,0.0,0.0,0.0,0.0,0.0,0.0,-0.9893139898172628,-0.8700021003629897,0.0,1.0,0.0,0.0,0.0,-0.37060085995880965,-3.0224386073393013,-0.9457432131457438,-0.9457432131457438,-1.2090826780049644,5.792791256464732
-0.5076307727139037,1.0,0.0,0.0,0.0,0.0,-0.971291419515291,1.0,-0.1827009590254201,-0.1569814448229067,-7.44063202444536e-16,0.0,0.0,1.0,0.0,0.0,0.0,0.0,0.0,0.0,0.0,0.0,0.0,0.0,0.0,0.0,0.0,0.0,0.0,1.0,0.0,0.0,0.0,1.0,-0.25744908844277664,1.0,0.0,0.0,0.0,0.0,0.0,0.0,-0.9893139898172628,-0.8700021003629897,0.0,1.0,0.0,0.0,0.0,-0.37753283769944673,-1.859962219901108,-0.9457432131457438,-0.9457432131457438,-1.0837241836550457,5.062839524734694
-0.5076307727139037,1.0,0.0,0.0,0.0,0.0,-0.971291419515291,1.0,-0.1827009590254201,-0.1569814448229067,-7.44063202444536e-16,0.0,0.0,1.0,0.0,0.0,0.0,0.0,0.0,0.0,0.0,0.0,0.0,0.0,0.0,0.0,0.0,0.0,0.0,1.0,0.0,0.0,0.0,1.0,-0.25744908844277664,1.0,0.0,0.0,0.0,0.0,0.0,0.0,-0.9893139898172628,-0.8700021003629897,0.0,1.0,0.0,0.0,0.0,-0.3740668488291282,-0.6974858324629155,-0.9457432131457438,-0.9457432131457438,-0.9583656893051273,4.37593061482927
-0.5076307727139037,1.0,0.0,0.0,0.0,0.0,-0.971291419515291,1.0,-0.1827009590254201,-0.1569814448229067,-7.44063202444536e-16,0.0,0.0,1.0,0.0,0.0,0.0,0.0,0.0,0.0,0.0,0.0,0.0,0.0,0.0,0.0,0.0,0.0,0.0,1.0,0.0,0.0,0.0,1.0,-0.25744908844277664,1.0,0.0,0.0,0.0,0.0,0.0,0.0,-0.9893139898172628,-0.8700021003629897,0.0,1.0,0.0,0.0,0.0,-0.3740668488291282,0.4649905549752775,-0.9457432131457438,-0.9457432131457438,-0.8330071949552087,3.2883758931282063
-0.5076307727139037,1.0,0.0,0.0,0.0,0.0,-0.971291419515291,1.0,-0.1827009590254201,-0.1569814448229067,-7.44063202444536e-16,0.0,0.0,1.0,0.0,0.0,0.0,0.0,0.0,0.0,0.0,0.0,0.0,0.0,0.0,0.0,0.0,0.0,0.0,1.0,0.0,0.0,0.0,1.0,-0.25744908844277664,1.0,0.0,0.0,0.0,0.0,0.0,0.0,-0.9893139898172628,-0.8700021003629897,0.0,1.0,0.0,0.0,0.0,-0.48324549824416213,0.4649905549752775,-0.2912496400345025,-0.2912496400345025,-0.20621472320561596,4.5
-0.5076307727139037,1.0,0.0,0.0,0.0,0.0,-0.971291419515291,1.0,-0.1827009590254201,-0.1569814448229067,-7.44063202444536e-16,0.0,0.0,1.0,0.0,0.0,0.0,0.0,0.0,0.0,0.0,0.0,0.0,0.0,0.0,0.0,0.0,0.0,0.0,1.0,0.0,0.0,0.0,1.0,-0.25744908844277664,1.0,0.0,0.0,0.0,0.0,0.0,0.0,-0.9893139898172628,-0.8700021003629897,0.0,1.0,0.0,0.0,1.0,0.1804913704218378,0.4649905549752775,0.23234521845449066,0.23234521845449066,0.29521925419405826,4.1
-0.5076307727139037,1.0,0.0,0.0,0.0,0.0,-0.971291419515291,1.0,-0.1827009590254201,-0.1569814448229067,-7.44063202444536e-16,0.0,0.0,1.0,0.0,0.0,0.0,0.0,0.0,0.0,0.0,0.0,0.0,0.0,0.0,0.0,0.0,0.0,0.0,1.0,0.0,0.0,0.0,1.0,-0.25744908844277664,1.0,0.0,0.0,0.0,0.0,0.0,0.0,-0.9893139898172628,-0.8700021003629897,0.0,1.0,0.0,0.0,1.0,-0.1799714720912901,-1.859962219901108,0.23234521845449066,0.23234521845449066,-0.4067883141654856,5.4
-0.5076307727139037,1.0,0.0,0.0,0.0,0.0,-0.971291419515291,1.0,-0.1827009590254201,-0.1569814448229067,-7.44063202444536e-16,0.0,0.0,1.0,0.0,0.0,0.0,0.0,0.0,0.0,0.0,0.0,0.0,0.0,0.0,0.0,0.0,0.0,0.0,1.0,0.0,0.0,0.0,1.0,-0.25744908844277664,1.0,0.0,0.0,0.0,0.0,0.0,0.0,-0.9893139898172628,-0.8700021003629897,0.0,1.0,0.0,0.0,1.0,3.681140129443561,0.4649905549752775,0.23234521845449066,0.23234521845449066,0.29521925419405826,2.64
-0.5076307727139037,1.0,0.0,0.0,0.0,0.0,-0.971291419515291,1.0,-0.1827009590254201,-0.1569814448229067,-7.44063202444536e-16,0.0,0.0,1.0,0.0,0.0,0.0,0.0,0.0,0.0,0.0,0.0,0.0,0.0,0.0,0.0,0.0,0.0,0.0,1.0,0.0,0.0,0.0,1.0,-0.25744908844277664,1.0,0.0,0.0,0.0,0.0,0.0,0.0,-0.9893139898172628,-0.8700021003629897,0.0,1.0,0.0,0.0,1.0,2.0088004995148667,0.4649905549752775,3.635711798632946,3.635711798632946,3.554540107291941,3.75
-0.5076307727139037,1.0,0.0,0.0,0.0,0.0,-0.971291419515291,1.0,-0.1827009590254201,-0.1569814448229067,-7.44063202444536e-16,0.0,0.0,1.0,0.0,0.0,0.0,0.0,0.0,0.0,0.0,0.0,0.0,0.0,0.0,0.0,0.0,0.0,0.0,1.0,0.0,0.0,0.0,1.0,-0.25744908844277664,1.0,0.0,0.0,0.0,0.0,0.0,0.0,-0.9893139898172628,-0.8700021003629897,0.0,1.0,0.0,0.0,1.0,0.07131272100680387,0.4649905549752775,0.6250413623212355,0.6250413623212355,0.6712947372438139,2.67
-0.5076307727139037,1.0,0.0,0.0,0.0,0.0,-0.971291419515291,1.0,-0.1827009590254201,-0.1569814448229067,-7.44063202444536e-16,0.0,0.0,1.0,0.0,0.0,0.0,0.0,0.0,0.0,0.0,0.0,0.0,0.0,0.0,0.0,0.0,0.0,0.0,1.0,0.0,0.0,0.0,1.0,-0.25744908844277664,1.0,0.0,0.0,0.0,0.0,0.0,0.0,-0.9893139898172628,-0.8700021003629897,1.0,0.0,0.0,0.0,1.0,-0.2302283107109089,0.4649905549752775,-0.553047069278999,-0.553047069278999,-0.45693171190545306,3.798576133665236
-0.5076307727139037,1.0,0.0,0.0,0.0,0.0,-0.971291419515291,1.0,-0.1827009590254201,-0.1569814448229067,-7.44063202444536e-16,0.0,0.0,1.0,0.0,0.0,0.0,0.0,0.0,0.0,0.0,0.0,0.0,0.0,0.0,0.0,0.0,0.0,0.0,1.0,0.0,0.0,0.0,1.0,-0.25744908844277664,1.0,0.0,0.0,0.0,0.0,0.0,0.0,-0.9893139898172628,-0.8700021003629897,0.0,0.0,1.0,0.0,1.0,-0.31687803246887236,0.4649905549752775,0.23234521845449066,0.23234521845449066,0.29521925419405826,4.4
-0.5076307727139037,1.0,0.0,0.0,0.0,0.0,-0.971291419515291,1.0,-0.1827009590254201,-0.1569814448229067,-7.44063202444536e-16,0.0,0.0,1.0,0.0,0.0,0.0,0.0,0.0,0.0,0.0,0.0,0.0,0.0,0.0,0.0,0.0,0.0,0.0,1.0,0.0,0.0,0.0,1.0,-0.25744908844277664,1.0,0.0,0.0,0.0,0.0,0.0,0.0,-0.9893139898172628,-0.8700021003629897,0.0,0.0,0.0,1.0,1.0,-0.5040414314660734,0.4649905549752775,0.10144650383224237,0.10144650383224237,0.16986075984413973,5.300000000000001
-0.5076307727139037,1.0,0.0,0.0,0.0,0.0,-0.971291419515291,1.0,-0.1827009590254201,-0.1569814448229067,-7.44063202444536e-16,0.0,0.0,1.0,0.0,0.0,0.0,0.0,0.0,0.0,0.0,0.0,0.0,0.0,0.0,0.0,0.0,0.0,0.0,1.0,0.0,0.0,0.0,1.0,-0.25744908844277664,1.0,0.0,0.0,0.0,0.0,0.0,0.0,-0.9893139898172628,-0.8700021003629897,0.0,0.0,0.0,1.0,1.0,-0.5092404147715511,0.4649905549752775,0.10144650383224237,0.10144650383224237,0.16986075984413973,9.4
-0.5076307727139037,1.0,0.0,0.0,0.0,0.0,-0.971291419515291,1.0,-0.1827009590254201,-0.1569814448229067,-7.44063202444536e-16,0.0,0.0,1.0,0.0,0.0,0.0,0.0,0.0,0.0,0.0,0.0,0.0,0.0,0.0,0.0,0.0,0.0,0.0,1.0,0.0,0.0,0.0,1.0,-0.25744908844277664,1.0,0.0,0.0,0.0,0.0,0.0,0.0,-0.9893139898172628,-0.8700021003629897,0.0,0.0,0.0,1.0,1.0,-0.4797795093738436,0.4649905549752775,0.10144650383224237,0.10144650383224237,0.16986075984413973,7.300000000000001
-0.5076307727139037,1.0,0.0,0.0,0.0,0.0,-0.971291419515291,1.0,-0.1827009590254201,-0.1569814448229067,-7.44063202444536e-16,0.0,0.0,1.0,0.0,0.0,0.0,0.0,0.0,0.0,0.0,0.0,0.0,0.0,0.0,0.0,0.0,0.0,0.0,1.0,0.0,0.0,0.0,1.0,-0.25744908844277664,1.0,0.0,0.0,0.0,0.0,0.0,0.0,-0.9893139898172628,-0.8700021003629897,0.0,1.0,0.0,0.0,1.0,-0.1973014164428828,0.4649905549752775,0.23234521845449066,0.23234521845449066,0.29521925419405826,1.9399999999999995
-0.5076307727139037,1.0,0.0,0.0,0.0,0.0,-0.971291419515291,1.0,-0.1827009590254201,-0.1569814448229067,-7.44063202444536e-16,0.0,0.0,1.0,0.0,0.0,0.0,0.0,0.0,0.0,0.0,0.0,0.0,0.0,0.0,0.0,0.0,0.0,0.0,1.0,0.0,0.0,0.0,1.0,-0.25744908844277664,1.0,0.0,0.0,0.0,0.0,0.0,0.0,-0.9893139898172628,-0.8700021003629897,0.0,1.0,0.0,0.0,1.0,-0.3307419879501465,0.4649905549752775,0.6250413623212355,0.6250413623212355,0.6712947372438139,3.2
-0.5076307727139037,1.0,0.0,0.0,0.0,0.0,-0.971291419515291,1.0,-0.1827009590254201,-0.1569814448229067,-7.44063202444536e-16,0.0,0.0,1.0,0.0,0.0,0.0,0.0,0.0,0.0,0.0,0.0,0.0,0.0,0.0,0.0,0.0,0.0,0.0,1.0,0.0,0.0,0.0,1.0,-0.25744908844277664,1.0,0.0,0.0,0.0,0.0,0.0,0.0,-0.9893139898172628,-0.8700021003629897,0.0,1.0,0.0,0.0,0.0,-0.5005754425957548,0.4649905549752775,-1.0766419277679922,-1.0766419277679922,-0.9583656893051273,5.4118075212565095
-0.5076307727139037,1.0,0.0,0.0,0.0,0.0,-0.971291419515291,1.0,-0.1827009590254201,-0.1569814448229067,-7.44063202444536e-16,0.0,0.0,1.0,0.0,0.0,0.0,0.0,0.0,0.0,0.0,0.0,0.0,0.0,0.0,0.0,0.0,0.0,0.0,1.0,0.0,0.0,0.0,1.0,-0.25744908844277664,1.0,0.0,0.0,0.0,0.0,0.0,0.0,-0.9893139898172628,-0.8700021003629897,0.0,1.0,0.0,0.0,0.0,-0.34633893786657993,0.4649905549752775,-0.7493951412123715,-0.7493951412123715,-0.6449694534303309,2.22
-0.5683843223378566,0.0,0.0,0.0,1.0,0.0,-0.33425008363886527,1.0,-0.20735458241198282,-0.23190440712474855,-7.44063202444536e-16,-0.297834147157297,0.0,1.0,0.0,0.0,0.0,0.0,0.0,0.0,0.0,0.0,0.0,0.0,0.0,0.0,0.0,0.0,0.0,1.0,0.0,0.0,0.0,1.0,-1.415969986435271,0.0,0.0,0.0,0.0,1.0,0.0,0.0,-1.0521054278169482,-0.8961101428136186,0.0,1.0,0.0,0.0,0.0,-0.36713487108849113,0.4649905549752775,0.10144650383224237,0.10144650383224237,0.16986075984413973,-0.3779999999999992
-0.5683843223378566,0.0,0.0,0.0,1.0,0.0,-0.33425008363886527,1.0,-0.20735458241198282,-0.23190440712474855,-7.44063202444536e-16,-0.297834147157297,0.0,1.0,0.0,0.0,0.0,0.0,0.0,0.0,0.0,0.0,0.0,0.0,0.0,0.0,0.0,0.0,0.0,1.0,0.0,0.0,0.0,1.0,-1.415969986435271,0.0,0.0,0.0,0.0,1.0,0.0,0.0,-1.0521054278169482,-0.8961101428136186,0.0,1.0,0.0,0.0,0.0,-0.37060085995880965,-3.0224386073393013,-0.9457432131457438,-0.9457432131457438,-1.2090826780049644,2.884791256464732
-0.5683843223378566,0.0,0.0,0.0,1.0,0.0,-0.33425008363886527,1.0,-0.20735458241198282,-0.23190440712474855,-7.44063202444536e-16,-0.297834147157297,0.0,1.0,0.0,0.0,0.0,0.0,0.0,0.0,0.0,0.0,0.0,0.0,0.0,0.0,0.0,0.0,0.0,1.0,0.0,0.0,0.0,1.0,-1.415969986435271,0.0,0.0,0.0,0.0,1.0,0.0,0.0,-1.0521054278169482,-0.8961101428136186,0.0,1.0,0.0,0.0,0.0,-0.37753283769944673,-1.859962219901108,-0.9457432131457438,-0.9457432131457438,-1.0837241836550457,2.1548395247346948
-0.5683843223378566,0.0,0.0,0.0,1.0,0.0,-0.33425008363886527,1.0,-0.20735458241198282,-0.23190440712474855,-7.44063202444536e-16,-0.297834147157297,0.0,1.0,0.0,0.0,0.0,0.0,0.0,0.0,0.0,0.0,0.0,0.0,0.0,0.0,0.0,0.0,0.0,1.0,0.0,0.0,0.0,1.0,-1.415969986435271,0.0,0.0,0.0,0.0,1.0,0.0,0.0,-1.0521054278169482,-0.8961101428136186,0.0,1.0,0.0,0.0,0.0,-0.3740668488291282,-0.6974858324629155,-0.9457432131457438,-0.9457432131457438,-0.9583656893051273,1.46793061482927
-0.5683843223378566,0.0,0.0,0.0,1.0,0.0,-0.33425008363886527,1.0,-0.20735458241198282,-0.23190440712474855,-7.44063202444536e-16,-0.297834147157297,0.0,1.0,0.0,0.0,0.0,0.0,0.0,0.0,0.0,0.0,0.0,0.0,0.0,0.0,0.0,0.0,0.0,1.0,0.0,0.0,0.0,1.0,-1.415969986435271,0.0,0.0,0.0,0.0,1.0,0.0,0.0,-1.0521054278169482,-0.8961101428136186,0.0,1.0,0.0,0.0,0.0,-0.3740668488291282,0.4649905549752775,-0.9457432131457438,-0.9457432131457438,-0.8330071949552087,0.3803758931282068
-0.5683843223378566,0.0,0.0,0.0,1.0,0.0,-0.33425008363886527,1.0,-0.20735458241198282,-0.23190440712474855,-7.44063202444536e-16,-0.297834147157297,0.0,1.0,0.0,0.0,0.0,0.0,0.0,0.0,0.0,0.0,0.0,0.0,0.0,0.0,0.0,0.0,0.0,1.0,0.0,0.0,0.0,1.0,-1.415969986435271,0.0,0.0,0.0,0.0,1.0,0.0,0.0,-1.0521054278169482,-0.8961101428136186,0.0,1.0,0.0,0.0,0.0,-0.48324549824416213,0.4649905549752775,-0.2912496400345025,-0.2912496400345025,-0.20621472320561596,1.5920000000000003
-0.5683843223378566,0.0,0.0,0.0,1.0,0.0,-0.33425008363886527,1.0,-0.20735458241198282,-0.23190440712474855,-7.44063202444536e-16,-0.297834147157297,0.0,1.0,0.0,0.0,0.0,0.0,0.0,0.0,0.0,0.0,0.0,0.0,0.0,0.0,0.0,0.0,0.0,1.0,0.0,0.0,0.0,1.0,-1.415969986435271,0.0,0.0,0.0,0.0,1.0,0.0,0.0,-1.0521054278169482,-0.8961101428136186,0.0,1.0,0.0,0.0,1.0,0.1804913704218378,0.4649905549752775,0.23234521845449066,0.23234521845449066,0.29521925419405826,1.1920000000000002
-0.5683843223378566,0.0,0.0,0.0,1.0,0.0,-0.33425008363886527,1.0,-0.20735458241198282,-0.23190440712474855,-7.44063202444536e-16,-0.297834147157297,0.0,1.0,0.0,0.0,0.0,0.0,0.0,0.0,0.0,0.0,0.0,0.0,0.0,0.0,0.0,0.0,0.0,1.0,0.0,0.0,0.0,1.0,-1.415969986435271,0.0,0.0,0.0,0.0,1.0,0.0,0.0,-1.0521054278169482,-0.8961101428136186,0.0,1.0,0.0,0.0,1.0,-0.1799714720912901,-1.859962219901108,0.23234521845449066,0.23234521845449066,-0.4067883141654856,2.492000000000001
-0.5683843223378566,0.0,0.0,0.0,1.0,0.0,-0.33425008363886527,1.0,-0.20735458241198282,-0.23190440712474855,-7.44063202444536e-16,-0.297834147157297,0.0,1.0,0.0,0.0,0.0,0.0,0.0,0.0,0.0,0.0,0.0,0.0,0.0,0.0,0.0,0.0,0.0,1.0,0.0,0.0,0.0,1.0,-1.415969986435271,0.0,0.0,0.0,0.0,1.0,0.0,0.0,-1.0521054278169482,-0.8961101428136186,0.0,1.0,0.0,0.0,1.0,3.681140129443561,0.4649905549752775,0.23234521845449066,0.23234521845449066,0.29521925419405826,-0.2679999999999998
-0.5683843223378566,0.0,0.0,0.0,1.0,0.0,-0.33425008363886527,1.0,-0.20735458241198282,-0.23190440712474855,-7.44063202444536e-16,-0.297834147157297,0.0,1.0,0.0,0.0,0.0,0.0,0.0,0.0,0.0,0.0,0.0,0.0,0.0,0.0,0.0,0.0,0.0,1.0,0.0,0.0,0.0,1.0,-1.415969986435271,0.0,0.0,0.0,0.0,1.0,0.0,0.0,-1.0521054278169482,-0.8961101428136186,0.0,1.0,0.0,0.0,1.0,2.0088004995148667,0.4649905549752775,3.635711798632946,3.635711798632946,3.554540107291941,0.8420000000000005
-0.5683843223378566,0.0,0.0,0.0,1.0,0.0,-0.33425008363886527,1.0,-0.20735458241198282,-0.23190440712474855,-7.44063202444536e-16,-0.297834147157297,0.0,1.0,0.0,0.0,0.0,0.0,0.0,0.0,0.0,0.0,0.0,0.0,0.0,0.0,0.0,0.0,0.0,1.0,0.0,0.0,0.0,1.0,-1.415969986435271,0.0,0.0,0.0,0.0,1.0,0.0,0.0,-1.0521054278169482,-0.8961101428136186,0.0,1.0,0.0,0.0,1.0,0.07131272100680387,0.4649905549752775,0.6250413623212355,0.6250413623212355,0.6712947372438139,-0.2379999999999995
-0.5683843223378566,0.0,0.0,0.0,1.0,0.0,-0.33425008363886527,1.0,-0.20735458241198282,-0.23190440712474855,-7.44063202444536e-16,-0.297834147157297,0.0,1.0,0.0,0.0,0.0,0.0,0.0,0.0,0.0,0.0,0.0,0.0,0.0,0.0,0.0,0.0,0.0,1.0,0.0,0.0,0.0,1.0,-1.415969986435271,0.0,0.0,0.0,0.0,1.0,0.0,0.0,-1.0521054278169482,-0.8961101428136186,1.0,0.0,0.0,0.0,1.0,-0.2302283107109089,0.4649905549752775,-0.553047069278999,-0.553047069278999,-0.45693171190545306,0.8905761336652365
-0.5683843223378566,0.0,0.0,0.0,1.0,0.0,-0.33425008363886527,1.0,-0.20735458241198282,-0.23190440712474855,-7.44063202444536e-16,-0.297834147157297,0.0,1.0,0.0,0.0,0.0,0.0,0.0,0.0,0.0,0.0,0.0,0.0,0.0,0.0,0.0,0.0,0.0,1.0,0.0,0.0,0.0,1.0,-1.415969986435271,0.0,0.0,0.0,0.0,1.0,0.0,0.0,-1.0521054278169482,-0.8961101428136186,0.0,0.0,1.0,0.0,1.0,-0.31687803246887236,0.4649905549752775,0.23234521845449066,0.23234521845449066,0.29521925419405826,1.4920000000000004
-0.5683843223378566,0.0,0.0,0.0,1.0,0.0,-0.33425008363886527,1.0,-0.20735458241198282,-0.23190440712474855,-7.44063202444536e-16,-0.297834147157297,0.0,1.0,0.0,0.0,0.0,0.0,0.0,0.0,0.0,0.0,0.0,0.0,0.0,0.0,0.0,0.0,0.0,1.0,0.0,0.0,0.0,1.0,-1.415969986435271,0.0,0.0,0.0,0.0,1.0,0.0,0.0,-1.0521054278169482,-0.8961101428136186,0.0,0.0,0.0,1.0,1.0,-0.5040414314660734,0.4649905549752775,0.10144650383224237,0.10144650383224237,0.16986075984413973,2.392000000000001
-0.5683843223378566,0.0,0.0,0.0,1.0,0.0,-0.33425008363886527,1.0,-0.20735458241198282,-0.23190440712474855,-7.44063202444536e-16,-0.297834147157297,0.0,1.0,0.0,0.0,0.0,0.0,0.0,0.0,0.0,0.0,0.0,0.0,0.0,0.0,0.0,0.0,0.0,1.0,0.0,0.0,0.0,1.0,-1.415969986435271,0.0,0.0,0.0,0.0,1.0,0.0,0.0,-1.0521054278169482,-0.8961101428136186,0.0,0.0,0.0,1.0,1.0,-0.5092404147715511,0.4649905549752775,0.10144650383224237,0.10144650383224237,0.16986075984413973,6.492
-0.5683843223378566,0.0,0.0,0.0,1.0,0.0,-0.33425008363886527,1.0,-0.20735458241198282,-0.23190440712474855,-7.44063202444536e-16,-0.297834147157297,0.0,1.0,0.0,0.0,0.0,0.0,0.0,0.0,0.0,0.0,0.0,0.0,0.0,0.0,0.0,0.0,0.0,1.0,0.0,0.0,0.0,1.0,-1.415969986435271,0.0,0.0,0.0,0.0,1.0,0.0,0.0,-1.0521054278169482,-0.8961101428136186,0.0,0.0,0.0,1.0,1.0,-0.4797795093738436,0.4649905549752775,0.10144650383224237,0.10144650383224237,0.16986075984413973,4.392000000000001
-0.5683843223378566,0.0,0.0,0.0,1.0,0.0,-0.33425008363886527,1.0,-0.20735458241198282,-0.23190440712474855,-7.44063202444536e-16,-0.297834147157297,0.0,1.0,0.0,0.0,0.0,0.0,0.0,0.0,0.0,0.0,0.0,0.0,0.0,0.0,0.0,0.0,0.0,1.0,0.0,0.0,0.0,1.0,-1.415969986435271,0.0,0.0,0.0,0.0,1.0,0.0,0.0,-1.0521054278169482,-0.8961101428136186,0.0,1.0,0.0,0.0,1.0,-0.1973014164428828,0.4649905549752775,0.23234521845449066,0.23234521845449066,0.29521925419405826,-0.968
-0.5683843223378566,0.0,0.0,0.0,1.0,0.0,-0.33425008363886527,1.0,-0.20735458241198282,-0.23190440712474855,-7.44063202444536e-16,-0.297834147157297,0.0,1.0,0.0,0.0,0.0,0.0,0.0,0.0,0.0,0.0,0.0,0.0,0.0,0.0,0.0,0.0,0.0,1.0,0.0,0.0,0.0,1.0,-1.415969986435271,0.0,0.0,0.0,0.0,1.0,0.0,0.0,-1.0521054278169482,-0.8961101428136186,0.0,1.0,0.0,0.0,1.0,-0.3307419879501465,0.4649905549752775,0.6250413623212355,0.6250413623212355,0.6712947372438139,0.2919999999999998
-0.5683843223378566,0.0,0.0,0.0,1.0,0.0,-0.33425008363886527,1.0,-0.20735458241198282,-0.23190440712474855,-7.44063202444536e-16,-0.297834147157297,0.0,1.0,0.0,0.0,0.0,0.0,0.0,0.0,0.0,0.0,0.0,0.0,0.0,0.0,0.0,0.0,0.0,1.0,0.0,0.0,0.0,1.0,-1.415969986435271,0.0,0.0,0.0,0.0,1.0,0.0,0.0,-1.0521054278169482,-0.8961101428136186,0.0,1.0,0.0,0.0,0.0,-0.5005754425957548,0.4649905549752775,-1.0766419277679922,-1.0766419277679922,-0.9583656893051273,2.5038075212565105
-0.5683843223378566,0.0,0.0,0.0,1.0,0.0,-0.33425008363886527,1.0,-0.20735458241198282,-0.23190440712474855,-7.44063202444536e-16,-0.297834147157297,0.0,1.0,0.0,0.0,0.0,0.0,0.0,0.0,0.0,0.0,0.0,0.0,0.0,0.0,0.0,0.0,0.0,1.0,0.0,0.0,0.0,1.0,-1.415969986435271,0.0,0.0,0.0,0.0,1.0,0.0,0.0,-1.0521054278169482,-0.8961101428136186,0.0,1.0,0.0,0.0,0.0,-0.34633893786657993,0.4649905549752775,-0.7493951412123715,-0.7493951412123715,-0.6449694534303309,-0.6879999999999997
6.346509103572815,0.0,0.0,0.0,1.0,0.0,0.4089648082169647,1.0,-0.20735458241198282,-0.23190440712474855,-7.44063202444536e-16,-0.3017739134728256,0.0,1.0,0.0,0.0,0.0,0.0,0.0,0.0,0.0,0.0,0.0,0.0,0.0,0.0,0.0,0.0,0.0,1.0,0.0,0.0,0.0,1.0,-0.8367095374390239,0.0,0.0,0.0,0.0,1.0,0.0,0.0,-0.8637311138178924,2.9418538788142485,0.0,1.0,0.0,0.0,0.0,-0.36713487108849113,0.4649905549752775,0.10144650383224237,0.10144650383224237,0.16986075984413973,5.360000000000002
6.346509103572815,0.0,0.0,0.0,1.0,0.0,0.4089648082169647,1.0,-0.20735458241198282,-0.23190440712474855,-7.44063202444536e-16,-0.3017739134728256,0.0,1.0,0.0,0.0,0.0,0.0,0.0,0.0,0.0,0.0,0.0,0.0,0.0,0.0,0.0,0.0,0.0,1.0,0.0,0.0,0.0,1.0,-0.8367095374390239,0.0,0.0,0.0,0.0,1.0,0.0,0.0,-0.8637311138178924,2.9418538788142485,0.0,1.0,0.0,0.0,0.0,-0.37060085995880965,-3.0224386073393013,-0.9457432131457438,-0.9457432131457438,-1.2090826780049644,8.622791256464733
6.346509103572815,0.0,0.0,0.0,1.0,0.0,0.4089648082169647,1.0,-0.20735458241198282,-0.23190440712474855,-7.44063202444536e-16,-0.3017739134728256,0.0,1.0,0.0,0.0,0.0,0.0,0.0,0.0,0.0,0.0,0.0,0.0,0.0,0.0,0.0,0.0,0.0,1.0,0.0,0.0,0.0,1.0,-0.8367095374390239,0.0,0.0,0.0,0.0,1.0,0.0,0.0,-0.8637311138178924,2.9418538788142485,0.0,1.0,0.0,0.0,0.0,-0.37753283769944673,-1.859962219901108,-0.9457432131457438,-0.9457432131457438,-1.0837241836550457,7.892839524734696
6.346509103572815,0.0,0.0,0.0,1.0,0.0,0.4089648082169647,1.0,-0.20735458241198282,-0.23190440712474855,-7.44063202444536e-16,-0.3017739134728256,0.0,1.0,0.0,0.0,0.0,0.0,0.0,0.0,0.0,0.0,0.0,0.0,0.0,0.0,0.0,0.0,0.0,1.0,0.0,0.0,0.0,1.0,-0.8367095374390239,0.0,0.0,0.0,0.0,1.0,0.0,0.0,-0.8637311138178924,2.9418538788142485,0.0,1.0,0.0,0.0,0.0,-0.3740668488291282,-0.6974858324629155,-0.9457432131457438,-0.9457432131457438,-0.9583656893051273,7.205930614829271
6.346509103572815,0.0,0.0,0.0,1.0,0.0,0.4089648082169647,1.0,-0.20735458241198282,-0.23190440712474855,-7.44063202444536e-16,-0.3017739134728256,0.0,1.0,0.0,0.0,0.0,0.0,0.0,0.0,0.0,0.0,0.0,0.0,0.0,0.0,0.0,0.0,0.0,1.0,0.0,0.0,0.0,1.0,-0.8367095374390239,0.0,0.0,0.0,0.0,1.0,0.0,0.0,-0.8637311138178924,2.9418538788142485,0.0,1.0,0.0,0.0,0.0,-0.3740668488291282,0.4649905549752775,-0.9457432131457438,-0.9457432131457438,-0.8330071949552087,6.118375893128208
6.346509103572815,0.0,0.0,0.0,1.0,0.0,0.4089648082169647,1.0,-0.20735458241198282,-0.23190440712474855,-7.44063202444536e-16,-0.3017739134728256,0.0,1.0,0.0,0.0,0.0,0.0,0.0,0.0,0.0,0.0,0.0,0.0,0.0,0.0,0.0,0.0,0.0,1.0,0.0,0.0,0.0,1.0,-0.8367095374390239,0.0,0.0,0.0,0.0,1.0,0.0,0.0,-0.8637311138178924,2.9418538788142485,0.0,1.0,0.0,0.0,0.0,-0.48324549824416213,0.4649905549752775,-0.2912496400345025,-0.2912496400345025,-0.20621472320561596,7.330000000000002
6.346509103572815,0.0,0.0,0.0,1.0,0.0,0.4089648082169647,1.0,-0.20735458241198282,-0.23190440712474855,-7.44063202444536e-16,-0.3017739134728256,0.0,1.0,0.0,0.0,0.0,0.0,0.0,0.0,0.0,0.0,0.0,0.0,0.0,0.0,0.0,0.0,0.0,1.0,0.0,0.0,0.0,1.0,-0.8367095374390239,0.0,0.0,0.0,0.0,1.0,0.0,0.0,-0.8637311138178924,2.9418538788142485,0.0,1.0,0.0,0.0,1.0,0.1804913704218378,0.4649905549752775,0.23234521845449066,0.23234521845449066,0.29521925419405826,6.9300000000000015
6.346509103572815,0.0,0.0,0.0,1.0,0.0,0.4089648082169647,1.0,-0.20735458241198282,-0.23190440712474855,-7.44063202444536e-16,-0.3017739134728256,0.0,1.0,0.0,0.0,0.0,0.0,0.0,0.0,0.0,0.0,0.0,0.0,0.0,0.0,0.0,0.0,0.0,1.0,0.0,0.0,0.0,1.0,-0.8367095374390239,0.0,0.0,0.0,0.0,1.0,0.0,0.0,-0.8637311138178924,2.9418538788142485,0.0,1.0,0.0,0.0,1.0,-0.1799714720912901,-1.859962219901108,0.23234521845449066,0.23234521845449066,-0.4067883141654856,8.230000000000002
6.346509103572815,0.0,0.0,0.0,1.0,0.0,0.4089648082169647,1.0,-0.20735458241198282,-0.23190440712474855,-7.44063202444536e-16,-0.3017739134728256,0.0,1.0,0.0,0.0,0.0,0.0,0.0,0.0,0.0,0.0,0.0,0.0,0.0,0.0,0.0,0.0,0.0,1.0,0.0,0.0,0.0,1.0,-0.8367095374390239,0.0,0.0,0.0,0.0,1.0,0.0,0.0,-0.8637311138178924,2.9418538788142485,0.0,1.0,0.0,0.0,1.0,3.681140129443561,0.4649905549752775,0.23234521845449066,0.23234521845449066,0.29521925419405826,5.4700000000000015
6.346509103572815,0.0,0.0,0.0,1.0,0.0,0.4089648082169647,1.0,-0.20735458241198282,-0.23190440712474855,-7.44063202444536e-16,-0.3017739134728256,0.0,1.0,0.0,0.0,0.0,0.0,0.0,0.0,0.0,0.0,0.0,0.0,0.0,0.0,0.0,0.0,0.0,1.0,0.0,0.0,0.0,1.0,-0.8367095374390239,0.0,0.0,0.0,0.0,1.0,0.0,0.0,-0.8637311138178924,2.9418538788142485,0.0,1.0,0.0,0.0,1.0,2.0088004995148667,0.4649905549752775,3.635711798632946,3.635711798632946,3.554540107291941,6.580000000000002
6.346509103572815,0.0,0.0,0.0,1.0,0.0,0.4089648082169647,1.0,-0.20735458241198282,-0.23190440712474855,-7.44063202444536e-16,-0.3017739134728256,0.0,1.0,0.0,0.0,0.0,0.0,0.0,0.0,0.0,0.0,0.0,0.0,0.0,0.0,0.0,0.0,0.0,1.0,0.0,0.0,0.0,1.0,-0.8367095374390239,0.0,0.0,0.0,0.0,1.0,0.0,0.0,-0.8637311138178924,2.9418538788142485,0.0,1.0,0.0,0.0,1.0,0.07131272100680387,0.4649905549752775,0.6250413623212355,0.6250413623212355,0.6712947372438139,5.500000000000002
6.346509103572815,0.0,0.0,0.0,1.0,0.0,0.4089648082169647,1.0,-0.20735458241198282,-0.23190440712474855,-7.44063202444536e-16,-0.3017739134728256,0.0,1.0,0.0,0.0,0.0,0.0,0.0,0.0,0.0,0.0,0.0,0.0,0.0,0.0,0.0,0.0,0.0,1.0,0.0,0.0,0.0,1.0,-0.8367095374390239,0.0,0.0,0.0,0.0,1.0,0.0,0.0,-0.8637311138178924,2.9418538788142485,1.0,0.0,0.0,0.0,1.0,-0.2302283107109089,0.4649905549752775,-0.553047069278999,-0.553047069278999,-0.45693171190545306,6.628576133665238
6.346509103572815,0.0,0.0,0.0,1.0,0.0,0.4089648082169647,1.0,-0.20735458241198282,-0.23190440712474855,-7.44063202444536e-16,-0.3017739134728256,0.0,1.0,0.0,0.0,0.0,0.0,0.0,0.0,0.0,0.0,0.0,0.0,0.0,0.0,0.0,0.0,0.0,1.0,0.0,0.0,0.0,1.0,-0.8367095374390239,0.0,0.0,0.0,0.0,1.0,0.0,0.0,-0.8637311138178924,2.9418538788142485,0.0,0.0,1.0,0.0,1.0,-0.31687803246887236,0.4649905549752775,0.23234521845449066,0.23234521845449066,0.29521925419405826,7.230000000000002
6.346509103572815,0.0,0.0,0.0,1.0,0.0,0.4089648082169647,1.0,-0.20735458241198282,-0.23190440712474855,-7.44063202444536e-16,-0.3017739134728256,0.0,1.0,0.0,0.0,0.0,0.0,0.0,0.0,0.0,0.0,0.0,0.0,0.0,0.0,0.0,0.0,0.0,1.0,0.0,0.0,0.0,1.0,-0.8367095374390239,0.0,0.0,0.0,0.0,1.0,0.0,0.0,-0.8637311138178924,2.9418538788142485,0.0,0.0,0.0,1.0,1.0,-0.5040414314660734,0.4649905549752775,0.10144650383224237,0.10144650383224237,0.16986075984413973,8.130000000000003
6.346509103572815,0.0,0.0,0.0,1.0,0.0,0.4089648082169647,1.0,-0.20735458241198282,-0.23190440712474855,-7.44063202444536e-16,-0.3017739134728256,0.0,1.0,0.0,0.0,0.0,0.0,0.0,0.0,0.0,0.0,0.0,0.0,0.0,0.0,0.0,0.0,0.0,1.0,0.0,0.0,0.0,1.0,-0.8367095374390239,0.0,0.0,0.0,0.0,1.0,0.0,0.0,-0.8637311138178924,2.9418538788142485,0.0,0.0,0.0,1.0,1.0,-0.5092404147715511,0.4649905549752775,0.10144650383224237,0.10144650383224237,0.16986075984413973,12.23
6.346509103572815,0.0,0.0,0.0,1.0,0.0,0.4089648082169647,1.0,-0.20735458241198282,-0.23190440712474855,-7.44063202444536e-16,-0.3017739134728256,0.0,1.0,0.0,0.0,0.0,0.0,0.0,0.0,0.0,0.0,0.0,0.0,0.0,0.0,0.0,0.0,0.0,1.0,0.0,0.0,0.0,1.0,-0.8367095374390239,0.0,0.0,0.0,0.0,1.0,0.0,0.0,-0.8637311138178924,2.9418538788142485,0.0,0.0,0.0,1.0,1.0,-0.4797795093738436,0.4649905549752775,0.10144650383224237,0.10144650383224237,0.16986075984413973,10.130000000000004
6.346509103572815,0.0,0.0,0.0,1.0,0.0,0.4089648082169647,1.0,-0.20735458241198282,-0.23190440712474855,-7.44063202444536e-16,-0.3017739134728256,0.0,1.0,0.0,0.0,0.0,0.0,0.0,0.0,0.0,0.0,0.0,0.0,0.0,0.0,0.0,0.0,0.0,1.0,0.0,0.0,0.0,1.0,-0.8367095374390239,0.0,0.0,0.0,0.0,1.0,0.0,0.0,-0.8637311138178924,2.9418538788142485,0.0,1.0,0.0,0.0,1.0,-0.1973014164428828,0.4649905549752775,0.23234521845449066,0.23234521845449066,0.29521925419405826,4.770000000000001
6.346509103572815,0.0,0.0,0.0,1.0,0.0,0.4089648082169647,1.0,-0.20735458241198282,-0.23190440712474855,-7.44063202444536e-16,-0.3017739134728256,0.0,1.0,0.0,0.0,0.0,0.0,0.0,0.0,0.0,0.0,0.0,0.0,0.0,0.0,0.0,0.0,0.0,1.0,0.0,0.0,0.0,1.0,-0.8367095374390239,0.0,0.0,0.0,0.0,1.0,0.0,0.0,-0.8637311138178924,2.9418538788142485,0.0,1.0,0.0,0.0,1.0,-0.3307419879501465,0.4649905549752775,0.6250413623212355,0.6250413623212355,0.6712947372438139,6.030000000000001
6.346509103572815,0.0,0.0,0.0,1.0,0.0,0.4089648082169647,1.0,-0.20735458241198282,-0.23190440712474855,-7.44063202444536e-16,-0.3017739134728256,0.0,1.0,0.0,0.0,0.0,0.0,0.0,0.0,0.0,0.0,0.0,0.0,0.0,0.0,0.0,0.0,0.0,1.0,0.0,0.0,0.0,1.0,-0.8367095374390239,0.0,0.0,0.0,0.0,1.0,0.0,0.0,-0.8637311138178924,2.9418538788142485,0.0,1.0,0.0,0.0,0.0,-0.5005754425957548,0.4649905549752775,-1.0766419277679922,-1.0766419277679922,-0.9583656893051273,8.241807521256511
6.346509103572815,0.0,0.0,0.0,1.0,0.0,0.4089648082169647,1.0,-0.20735458241198282,-0.23190440712474855,-7.44063202444536e-16,-0.3017739134728256,0.0,1.0,0.0,0.0,0.0,0.0,0.0,0.0,0.0,0.0,0.0,0.0,0.0,0.0,0.0,0.0,0.0,1.0,0.0,0.0,0.0,1.0,-0.8367095374390239,0.0,0.0,0.0,0.0,1.0,0.0,0.0,-0.8637311138178924,2.9418538788142485,0.0,1.0,0.0,0.0,0.0,-0.34633893786657993,0.4649905549752775,-0.7493951412123715,-0.7493951412123715,-0.6449694534303309,5.050000000000002
0.09967150825540015,1.0,0.0,0.0,0.0,0.0,2.143132889213901,1.0,0.12136039607552002,0.0677874420826188,-7.44063202444536e-16,-0.11697013333788488,0.0,0.0,0.0,0.0,0.0,0.0,0.0,0.0,0.0,0.0,1.0,0.0,0.0,0.0,0.0,0.0,0.0,0.0,1.0,0.0,1.0,0.0,-0.5470793129409003,0.0,1.0,0.0,0.0,0.0,0.0,0.0,1.7735092821688871,1.7879912788305656,0.0,1.0,0.0,0.0,0.0,-0.36713487108849113,0.4649905549752775,0.10144650383224237,0.10144650383224237,0.16986075984413973,13.170000000000002
0.09967150825540015,1.0,0.0,0.0,0.0,0.0,2.143132889213901,1.0,0.12136039607552002,0.0677874420826188,-7.44063202444536e-16,-0.11697013333788488,0.0,0.0,0.0,0.0,0.0,0.0,0.0,0.0,0.0,0.0,1.0,0.0,0.0,0.0,0.0,0.0,0.0,0.0,1.0,0.0,1.0,0.0,-0.5470793129409003,0.0,1.0,0.0,0.0,0.0,0.0,0.0,1.7735092821688871,1.7879912788305656,0.0,1.0,0.0,0.0,0.0,-0.37060085995880965,-3.0224386073393013,-0.9457432131457438,-0.9457432131457438,-1.2090826780049644,16.432791256464732
0.09967150825540015,1.0,0.0,0.0,0.0,0.0,2.143132889213901,1.0,0.12136039607552002,0.0677874420826188,-7.44063202444536e-16,-0.11697013333788488,0.0,0.0,0.0,0.0,0.0,0.0,0.0,0.0,0.0,0.0,1.0,0.0,0.0,0.0,0.0,0.0,0.0,0.0,1.0,0.0,1.0,0.0,-0.5470793129409003,0.0,1.0,0.0,0.0,0.0,0.0,0.0,1.7735092821688871,1.7879912788305656,0.0,1.0,0.0,0.0,0.0,-0.37753283769944673,-1.859962219901108,-0.9457432131457438,-0.9457432131457438,-1.0837241836550457,15.702839524734696
0.09967150825540015,1.0,0.0,0.0,0.0,0.0,2.143132889213901,1.0,0.12136039607552002,0.0677874420826188,-7.44063202444536e-16,-0.11697013333788488,0.0,0.0,0.0,0.0,0.0,0.0,0.0,0.0,0.0,0.0,1.0,0.0,0.0,0.0,0.0,0.0,0.0,0.0,1.0,0.0,1.0,0.0,-0.5470793129409003,0.0,1.0,0.0,0.0,0.0,0.0,0.0,1.7735092821688871,1.7879912788305656,0.0,1.0,0.0,0.0,0.0,-0.3740668488291282,-0.6974858324629155,-0.9457432131457438,-0.9457432131457438,-0.9583656893051273,15.01593061482927
0.09967150825540015,1.0,0.0,0.0,0.0,0.0,2.143132889213901,1.0,0.12136039607552002,0.0677874420826188,-7.44063202444536e-16,-0.11697013333788488,0.0,0.0,0.0,0.0,0.0,0.0,0.0,0.0,0.0,0.0,1.0,0.0,0.0,0.0,0.0,0.0,0.0,0.0,1.0,0.0,1.0,0.0,-0.5470793129409003,0.0,1.0,0.0,0.0,0.0,0.0,0.0,1.7735092821688871,1.7879912788305656,0.0,1.0,0.0,0.0,0.0,-0.3740668488291282,0.4649905549752775,-0.9457432131457438,-0.9457432131457438,-0.8330071949552087,13.928375893128209
0.09967150825540015,1.0,0.0,0.0,0.0,0.0,2.143132889213901,1.0,0.12136039607552002,0.0677874420826188,-7.44063202444536e-16,-0.11697013333788488,0.0,0.0,0.0,0.0,0.0,0.0,0.0,0.0,0.0,0.0,1.0,0.0,0.0,0.0,0.0,0.0,0.0,0.0,1.0,0.0,1.0,0.0,-0.5470793129409003,0.0,1.0,0.0,0.0,0.0,0.0,0.0,1.7735092821688871,1.7879912788305656,0.0,1.0,0.0,0.0,0.0,-0.48324549824416213,0.4649905549752775,-0.2912496400345025,-0.2912496400345025,-0.20621472320561596,15.14
0.09967150825540015,1.0,0.0,0.0,0.0,0.0,2.143132889213901,1.0,0.12136039607552002,0.0677874420826188,-7.44063202444536e-16,-0.11697013333788488,0.0,0.0,0.0,0.0,0.0,0.0,0.0,0.0,0.0,0.0,1.0,0.0,0.0,0.0,0.0,0.0,0.0,0.0,1.0,0.0,1.0,0.0,-0.5470793129409003,0.0,1.0,0.0,0.0,0.0,0.0,0.0,1.7735092821688871,1.7879912788305656,0.0,1.0,0.0,0.0,1.0,0.1804913704218378,0.4649905549752775,0.23234521845449066,0.23234521845449066,0.29521925419405826,14.74
0.09967150825540015,1.0,0.0,0.0,0.0,0.0,2.143132889213901,1.0,0.12136039607552002,0.0677874420826188,-7.44063202444536e-16,-0.11697013333788488,0.0,0.0,0.0,0.0,0.0,0.0,0.0,0.0,0.0,0.0,1.0,0.0,0.0,0.0,0.0,0.0,0.0,0.0,1.0,0.0,1.0,0.0,-0.5470793129409003,0.0,1.0,0.0,0.0,0.0,0.0,0.0,1.7735092821688871,1.7879912788305656,0.0,1.0,0.0,0.0,1.0,-0.1799714720912901,-1.859962219901108,0.23234521845449066,0.23234521845449066,-0.4067883141654856,16.04
0.09967150825540015,1.0,0.0,0.0,0.0,0.0,2.143132889213901,1.0,0.12136039607552002,0.0677874420826188,-7.44063202444536e-16,-0.11697013333788488,0.0,0.0,0.0,0.0,0.0,0.0,0.0,0.0,0.0,0.0,1.0,0.0,0.0,0.0,0.0,0.0,0.0,0.0,1.0,0.0,1.0,0.0,-0.5470793129409003,0.0,1.0,0.0,0.0,0.0,0.0,0.0,1.7735092821688871,1.7879912788305656,0.0,1.0,0.0,0.0,1.0,3.681140129443561,0.4649905549752775,0.23234521845449066,0.23234521845449066,0.29521925419405826,13.28
0.09967150825540015,1.0,0.0,0.0,0.0,0.0,2.143132889213901,1.0,0.12136039607552002,0.0677874420826188,-7.44063202444536e-16,-0.11697013333788488,0.0,0.0,0.0,0.0,0.0,0.0,0.0,0.0,0.0,0.0,1.0,0.0,0.0,0.0,0.0,0.0,0.0,0.0,1.0,0.0,1.0,0.0,-0.5470793129409003,0.0,1.0,0.0,0.0,0.0,0.0,0.0,1.7735092821688871,1.7879912788305656,0.0,1.0,0.0,0.0,1.0,2.0088004995148667,0.4649905549752775,3.635711798632946,3.635711798632946,3.554540107291941,14.39
0.09967150825540015,1.0,0.0,0.0,0.0,0.0,2.143132889213901,1.0,0.12136039607552002,0.0677874420826188,-7.44063202444536e-16,-0.11697013333788488,0.0,0.0,0.0,0.0,0.0,0.0,0.0,0.0,0.0,0.0,1.0,0.0,0.0,0.0,0.0,0.0,0.0,0.0,1.0,0.0,1.0,0.0,-0.5470793129409003,0.0,1.0,0.0,0.0,0.0,0.0,0.0,1.7735092821688871,1.7879912788305656,0.0,1.0,0.0,0.0,1.0,0.07131272100680387,0.4649905549752775,0.6250413623212355,0.6250413623212355,0.6712947372438139,13.31
0.09967150825540015,1.0,0.0,0.0,0.0,0.0,2.143132889213901,1.0,0.12136039607552002,0.0677874420826188,-7.44063202444536e-16,-0.11697013333788488,0.0,0.0,0.0,0.0,0.0,0.0,0.0,0.0,0.0,0.0,1.0,0.0,0.0,0.0,0.0,0.0,0.0,0.0,1.0,0.0,1.0,0.0,-0.5470793129409003,0.0,1.0,0.0,0.0,0.0,0.0,0.0,1.7735092821688871,1.7879912788305656,1.0,0.0,0.0,0.0,1.0,-0.2302283107109089,0.4649905549752775,-0.553047069278999,-0.553047069278999,-0.45693171190545306,14.438576133665237
0.09967150825540015,1.0,0.0,0.0,0.0,0.0,2.143132889213901,1.0,0.12136039607552002,0.0677874420826188,-7.44063202444536e-16,-0.11697013333788488,0.0,0.0,0.0,0.0,0.0,0.0,0.0,0.0,0.0,0.0,1.0,0.0,0.0,0.0,0.0,0.0,0.0,0.0,1.0,0.0,1.0,0.0,-0.5470793129409003,0.0,1.0,0.0,0.0,0.0,0.0,0.0,1.7735092821688871,1.7879912788305656,0.0,0.0,1.0,0.0,1.0,-0.31687803246887236,0.4649905549752775,0.23234521845449066,0.23234521845449066,0.29521925419405826,15.04
0.09967150825540015,1.0,0.0,0.0,0.0,0.0,2.143132889213901,1.0,0.12136039607552002,0.0677874420826188,-7.44063202444536e-16,-0.11697013333788488,0.0,0.0,0.0,0.0,0.0,0.0,0.0,0.0,0.0,0.0,1.0,0.0,0.0,0.0,0.0,0.0,0.0,0.0,1.0,0.0,1.0,0.0,-0.5470793129409003,0.0,1.0,0.0,0.0,0.0,0.0,0.0,1.7735092821688871,1.7879912788305656,0.0,0.0,0.0,1.0,1.0,-0.5040414314660734,0.4649905549752775,0.10144650383224237,0.10144650383224237,0.16986075984413973,15.94
0.09967150825540015,1.0,0.0,0.0,0.0,0.0,2.143132889213901,1.0,0.12136039607552002,0.0677874420826188,-7.44063202444536e-16,-0.11697013333788488,0.0,0.0,0.0,0.0,0.0,0.0,0.0,0.0,0.0,0.0,1.0,0.0,0.0,0.0,0.0,0.0,0.0,0.0,1.0,0.0,1.0,0.0,-0.5470793129409003,0.0,1.0,0.0,0.0,0.0,0.0,0.0,1.7735092821688871,1.7879912788305656,0.0,0.0,0.0,1.0,1.0,-0.5092404147715511,0.4649905549752775,0.10144650383224237,0.10144650383224237,0.16986075984413973,20.04
0.09967150825540015,1.0,0.0,0.0,0.0,0.0,2.143132889213901,1.0,0.12136039607552002,0.0677874420826188,-7.44063202444536e-16,-0.11697013333788488,0.0,0.0,0.0,0.0,0.0,0.0,0.0,0.0,0.0,0.0,1.0,0.0,0.0,0.0,0.0,0.0,0.0,0.0,1.0,0.0,1.0,0.0,-0.5470793129409003,0.0,1.0,0.0,0.0,0.0,0.0,0.0,1.7735092821688871,1.7879912788305656,0.0,0.0,0.0,1.0,1.0,-0.4797795093738436,0.4649905549752775,0.10144650383224237,0.10144650383224237,0.16986075984413973,17.94
0.09967150825540015,1.0,0.0,0.0,0.0,0.0,2.143132889213901,1.0,0.12136039607552002,0.0677874420826188,-7.44063202444536e-16,-0.11697013333788488,0.0,0.0,0.0,0.0,0.0,0.0,0.0,0.0,0.0,0.0,1.0,0.0,0.0,0.0,0.0,0.0,0.0,0.0,1.0,0.0,1.0,0.0,-0.5470793129409003,0.0,1.0,0.0,0.0,0.0,0.0,0.0,1.7735092821688871,1.7879912788305656,0.0,1.0,0.0,0.0,1.0,-0.1973014164428828,0.4649905549752775,0.23234521845449066,0.23234521845449066,0.29521925419405826,12.58
0.09967150825540015,1.0,0.0,0.0,0.0,0.0,2.143132889213901,1.0,0.12136039607552002,0.0677874420826188,-7.44063202444536e-16,-0.11697013333788488,0.0,0.0,0.0,0.0,0.0,0.0,0.0,0.0,0.0,0.0,1.0,0.0,0.0,0.0,0.0,0.0,0.0,0.0,1.0,0.0,1.0,0.0,-0.5470793129409003,0.0,1.0,0.0,0.0,0.0,0.0,0.0,1.7735092821688871,1.7879912788305656,0.0,1.0,0.0,0.0,1.0,-0.3307419879501465,0.4649905549752775,0.6250413623212355,0.6250413623212355,0.6712947372438139,13.84
0.09967150825540015,1.0,0.0,0.0,0.0,0.0,2.143132889213901,1.0,0.12136039607552002,0.0677874420826188,-7.44063202444536e-16,-0.11697013333788488,0.0,0.0,0.0,0.0,0.0,0.0,0.0,0.0,0.0,0.0,1.0,0.0,0.0,0.0,0.0,0.0,0.0,0.0,1.0,0.0,1.0,0.0,-0.5470793129409003,0.0,1.0,0.0,0.0,0.0,0.0,0.0,1.7735092821688871,1.7879912788305656,0.0,1.0,0.0,0.0,0.0,-0.5005754425957548,0.4649905549752775,-1.0766419277679922,-1.0766419277679922,-0.9583656893051273,16.05180752125651
0.09967150825540015,1.0,0.0,0.0,0.0,0.0,2.143132889213901,1.0,0.12136039607552002,0.0677874420826188,-7.44063202444536e-16,-0.11697013333788488,0.0,0.0,0.0,0.0,0.0,0.0,0.0,0.0,0.0,0.0,1.0,0.0,0.0,0.0,0.0,0.0,0.0,0.0,1.0,0.0,1.0,0.0,-0.5470793129409003,0.0,1.0,0.0,0.0,0.0,0.0,0.0,1.7735092821688871,1.7879912788305656,0.0,1.0,0.0,0.0,0.0,-0.34633893786657993,0.4649905549752775,-0.7493951412123715,-0.7493951412123715,-0.6449694534303309,12.86
0.09967150825540015,1.0,0.0,0.0,0.0,0.0,2.143132889213901,1.0,0.12136039607552002,0.0677874420826188,-7.44063202444536e-16,0.01385046579279127,0.0,0.0,0.0,0.0,0.0,0.0,0.0,0.0,0.0,0.0,1.0,0.0,0.0,0.0,0.0,0.0,0.0,0.0,1.0,0.0,0.0,1.0,-0.25744908844277664,0.0,1.0,0.0,0.0,0.0,0.0,0.0,1.7735092821688871,1.7879912788305656,0.0,1.0,0.0,0.0,0.0,-0.36713487108849113,0.4649905549752775,0.10144650383224237,0.10144650383224237,0.16986075984413973,6.249999999999999
0.09967150825540015,1.0,0.0,0.0,0.0,0.0,2.143132889213901,1.0,0.12136039607552002,0.0677874420826188,-7.44063202444536e-16,0.01385046579279127,0.0,0.0,0.0,0.0,0.0,0.0,0.0,0.0,0.0,0.0,1.0,0.0,0.0,0.0,0.0,0.0,0.0,0.0,1.0,0.0,0.0,1.0,-0.25744908844277664,0.0,1.0,0.0,0.0,0.0,0.0,0.0,1.7735092821688871,1.7879912788305656,0.0,1.0,0.0,0.0,0.0,-0.37060085995880965,-3.0224386073393013,-0.9457432131457438,-0.9457432131457438,-1.2090826780049644,9.51279125646473
0.09967150825540015,1.0,0.0,0.0,0.0,0.0,2.143132889213901,1.0,0.12136039607552002,0.0677874420826188,-7.44063202444536e-16,0.01385046579279127,0.0,0.0,0.0,0.0,0.0,0.0,0.0,0.0,0.0,0.0,1.0,0.0,0.0,0.0,0.0,0.0,0.0,0.0,1.0,0.0,0.0,1.0,-0.25744908844277664,0.0,1.0,0.0,0.0,0.0,0.0,0.0,1.7735092821688871,1.7879912788305656,0.0,1.0,0.0,0.0,0.0,-0.37753283769944673,-1.859962219901108,-0.9457432131457438,-0.9457432131457438,-1.0837241836550457,8.782839524734694
0.09967150825540015,1.0,0.0,0.0,0.0,0.0,2.143132889213901,1.0,0.12136039607552002,0.0677874420826188,-7.44063202444536e-16,0.01385046579279127,0.0,0.0,0.0,0.0,0.0,0.0,0.0,0.0,0.0,0.0,1.0,0.0,0.0,0.0,0.0,0.0,0.0,0.0,1.0,0.0,0.0,1.0,-0.25744908844277664,0.0,1.0,0.0,0.0,0.0,0.0,0.0,1.7735092821688871,1.7879912788305656,0.0,1.0,0.0,0.0,0.0,-0.3740668488291282,-0.6974858324629155,-0.9457432131457438,-0.9457432131457438,-0.9583656893051273,8.095930614829268
0.09967150825540015,1.0,0.0,0.0,0.0,0.0,2.143132889213901,1.0,0.12136039607552002,0.0677874420826188,-7.44063202444536e-16,0.01385046579279127,0.0,0.0,0.0,0.0,0.0,0.0,0.0,0.0,0.0,0.0,1.0,0.0,0.0,0.0,0.0,0.0,0.0,0.0,1.0,0.0,0.0,1.0,-0.25744908844277664,0.0,1.0,0.0,0.0,0.0,0.0,0.0,1.7735092821688871,1.7879912788305656,0.0,1.0,0.0,0.0,0.0,-0.3740668488291282,0.4649905549752775,-0.9457432131457438,-0.9457432131457438,-0.8330071949552087,7.008375893128205
0.09967150825540015,1.0,0.0,0.0,0.0,0.0,2.143132889213901,1.0,0.12136039607552002,0.0677874420826188,-7.44063202444536e-16,0.01385046579279127,0.0,0.0,0.0,0.0,0.0,0.0,0.0,0.0,0.0,0.0,1.0,0.0,0.0,0.0,0.0,0.0,0.0,0.0,1.0,0.0,0.0,1.0,-0.25744908844277664,0.0,1.0,0.0,0.0,0.0,0.0,0.0,1.7735092821688871,1.7879912788305656,0.0,1.0,0.0,0.0,0.0,-0.48324549824416213,0.4649905549752775,-0.2912496400345025,-0.2912496400345025,-0.20621472320561596,8.219999999999999
0.09967150825540015,1.0,0.0,0.0,0.0,0.0,2.143132889213901,1.0,0.12136039607552002,0.0677874420826188,-7.44063202444536e-16,0.01385046579279127,0.0,0.0,0.0,0.0,0.0,0.0,0.0,0.0,0.0,0.0,1.0,0.0,0.0,0.0,0.0,0.0,0.0,0.0,1.0,0.0,0.0,1.0,-0.25744908844277664,0.0,1.0,0.0,0.0,0.0,0.0,0.0,1.7735092821688871,1.7879912788305656,0.0,1.0,0.0,0.0,1.0,0.1804913704218378,0.4649905549752775,0.23234521845449066,0.23234521845449066,0.29521925419405826,7.8199999999999985
0.09967150825540015,1.0,0.0,0.0,0.0,0.0,2.143132889213901,1.0,0.12136039607552002,0.0677874420826188,-7.44063202444536e-16,0.01385046579279127,0.0,0.0,0.0,0.0,0.0,0.0,0.0,0.0,0.0,0.0,1.0,0.0,0.0,0.0,0.0,0.0,0.0,0.0,1.0,0.0,0.0,1.0,-0.25744908844277664,0.0,1.0,0.0,0.0,0.0,0.0,0.0,1.7735092821688871,1.7879912788305656,0.0,1.0,0.0,0.0,1.0,-0.1799714720912901,-1.859962219901108,0.23234521845449066,0.23234521845449066,-0.4067883141654856,9.12
0.09967150825540015,1.0,0.0,0.0,0.0,0.0,2.143132889213901,1.0,0.12136039607552002,0.0677874420826188,-7.44063202444536e-16,0.01385046579279127,0.0,0.0,0.0,0.0,0.0,0.0,0.0,0.0,0.0,0.0,1.0,0.0,0.0,0.0,0.0,0.0,0.0,0.0,1.0,0.0,0.0,1.0,-0.25744908844277664,0.0,1.0,0.0,0.0,0.0,0.0,0.0,1.7735092821688871,1.7879912788305656,0.0,1.0,0.0,0.0,1.0,3.681140129443561,0.4649905549752775,0.23234521845449066,0.23234521845449066,0.29521925419405826,6.359999999999999
0.09967150825540015,1.0,0.0,0.0,0.0,0.0,2.143132889213901,1.0,0.12136039607552002,0.0677874420826188,-7.44063202444536e-16,0.01385046579279127,0.0,0.0,0.0,0.0,0.0,0.0,0.0,0.0,0.0,0.0,1.0,0.0,0.0,0.0,0.0,0.0,0.0,0.0,1.0,0.0,0.0,1.0,-0.25744908844277664,0.0,1.0,0.0,0.0,0.0,0.0,0.0,1.7735092821688871,1.7879912788305656,0.0,1.0,0.0,0.0,1.0,2.0088004995148667,0.4649905549752775,3.635711798632946,3.635711798632946,3.554540107291941,7.469999999999999
0.09967150825540015,1.0,0.0,0.0,0.0,0.0,2.143132889213901,1.0,0.12136039607552002,0.0677874420826188,-7.44063202444536e-16,0.01385046579279127,0.0,0.0,0.0,0.0,0.0,0.0,0.0,0.0,0.0,0.0,1.0,0.0,0.0,0.0,0.0,0.0,0.0,0.0,1.0,0.0,0.0,1.0,-0.25744908844277664,0.0,1.0,0.0,0.0,0.0,0.0,0.0,1.7735092821688871,1.7879912788305656,0.0,1.0,0.0,0.0,1.0,0.07131272100680387,0.4649905549752775,0.6250413623212355,0.6250413623212355,0.6712947372438139,6.389999999999999
0.09967150825540015,1.0,0.0,0.0,0.0,0.0,2.143132889213901,1.0,0.12136039607552002,0.0677874420826188,-7.44063202444536e-16,0.01385046579279127,0.0,0.0,0.0,0.0,0.0,0.0,0.0,0.0,0.0,0.0,1.0,0.0,0.0,0.0,0.0,0.0,0.0,0.0,1.0,0.0,0.0,1.0,-0.25744908844277664,0.0,1.0,0.0,0.0,0.0,0.0,0.0,1.7735092821688871,1.7879912788305656,1.0,0.0,0.0,0.0,1.0,-0.2302283107109089,0.4649905549752775,-0.553047069278999,-0.553047069278999,-0.45693171190545306,7.518576133665235
0.09967150825540015,1.0,0.0,0.0,0.0,0.0,2.143132889213901,1.0,0.12136039607552002,0.0677874420826188,-7.44063202444536e-16,0.01385046579279127,0.0,0.0,0.0,0.0,0.0,0.0,0.0,0.0,0.0,0.0,1.0,0.0,0.0,0.0,0.0,0.0,0.0,0.0,1.0,0.0,0.0,1.0,-0.25744908844277664,0.0,1.0,0.0,0.0,0.0,0.0,0.0,1.7735092821688871,1.7879912788305656,0.0,0.0,1.0,0.0,1.0,-0.31687803246887236,0.4649905549752775,0.23234521845449066,0.23234521845449066,0.29521925419405826,8.12
0.09967150825540015,1.0,0.0,0.0,0.0,0.0,2.143132889213901,1.0,0.12136039607552002,0.0677874420826188,-7.44063202444536e-16,0.01385046579279127,0.0,0.0,0.0,0.0,0.0,0.0,0.0,0.0,0.0,0.0,1.0,0.0,0.0,0.0,0.0,0.0,0.0,0.0,1.0,0.0,0.0,1.0,-0.25744908844277664,0.0,1.0,0.0,0.0,0.0,0.0,0.0,1.7735092821688871,1.7879912788305656,0.0,0.0,0.0,1.0,1.0,-0.5040414314660734,0.4649905549752775,0.10144650383224237,0.10144650383224237,0.16986075984413973,9.02
0.09967150825540015,1.0,0.0,0.0,0.0,0.0,2.143132889213901,1.0,0.12136039607552002,0.0677874420826188,-7.44063202444536e-16,0.01385046579279127,0.0,0.0,0.0,0.0,0.0,0.0,0.0,0.0,0.0,0.0,1.0,0.0,0.0,0.0,0.0,0.0,0.0,0.0,1.0,0.0,0.0,1.0,-0.25744908844277664,0.0,1.0,0.0,0.0,0.0,0.0,0.0,1.7735092821688871,1.7879912788305656,0.0,0.0,0.0,1.0,1.0,-0.5092404147715511,0.4649905549752775,0.10144650383224237,0.10144650383224237,0.16986075984413973,13.119999999999996
0.09967150825540015,1.0,0.0,0.0,0.0,0.0,2.143132889213901,1.0,0.12136039607552002,0.0677874420826188,-7.44063202444536e-16,0.01385046579279127,0.0,0.0,0.0,0.0,0.0,0.0,0.0,0.0,0.0,0.0,1.0,0.0,0.0,0.0,0.0,0.0,0.0,0.0,1.0,0.0,0.0,1.0,-0.25744908844277664,0.0,1.0,0.0,0.0,0.0,0.0,0.0,1.7735092821688871,1.7879912788305656,0.0,0.0,0.0,1.0,1.0,-0.4797795093738436,0.4649905549752775,0.10144650383224237,0.10144650383224237,0.16986075984413973,11.02
0.09967150825540015,1.0,0.0,0.0,0.0,0.0,2.143132889213901,1.0,0.12136039607552002,0.0677874420826188,-7.44063202444536e-16,0.01385046579279127,0.0,0.0,0.0,0.0,0.0,0.0,0.0,0.0,0.0,0.0,1.0,0.0,0.0,0.0,0.0,0.0,0.0,0.0,1.0,0.0,0.0,1.0,-0.25744908844277664,0.0,1.0,0.0,0.0,0.0,0.0,0.0,1.7735092821688871,1.7879912788305656,0.0,1.0,0.0,0.0,1.0,-0.1973014164428828,0.4649905549752775,0.23234521845449066,0.23234521845449066,0.29521925419405826,5.659999999999998
0.09967150825540015,1.0,0.0,0.0,0.0,0.0,2.143132889213901,1.0,0.12136039607552002,0.0677874420826188,-7.44063202444536e-16,0.01385046579279127,0.0,0.0,0.0,0.0,0.0,0.0,0.0,0.0,0.0,0.0,1.0,0.0,0.0,0.0,0.0,0.0,0.0,0.0,1.0,0.0,0.0,1.0,-0.25744908844277664,0.0,1.0,0.0,0.0,0.0,0.0,0.0,1.7735092821688871,1.7879912788305656,0.0,1.0,0.0,0.0,1.0,-0.3307419879501465,0.4649905549752775,0.6250413623212355,0.6250413623212355,0.6712947372438139,6.919999999999998
0.09967150825540015,1.0,0.0,0.0,0.0,0.0,2.143132889213901,1.0,0.12136039607552002,0.0677874420826188,-7.44063202444536e-16,0.01385046579279127,0.0,0.0,0.0,0.0,0.0,0.0,0.0,0.0,0.0,0.0,1.0,0.0,0.0,0.0,0.0,0.0,0.0,0.0,1.0,0.0,0.0,1.0,-0.25744908844277664,0.0,1.0,0.0,0.0,0.0,0.0,0.0,1.7735092821688871,1.7879912788305656,0.0,1.0,0.0,0.0,0.0,-0.5005754425957548,0.4649905549752775,-1.0766419277679922,-1.0766419277679922,-0.9583656893051273,9.131807521256508
0.09967150825540015,1.0,0.0,0.0,0.0,0.0,2.143132889213901,1.0,0.12136039607552002,0.0677874420826188,-7.44063202444536e-16,0.01385046579279127,0.0,0.0,0.0,0.0,0.0,0.0,0.0,0.0,0.0,0.0,1.0,0.0,0.0,0.0,0.0,0.0,0.0,0.0,1.0,0.0,0.0,1.0,-0.25744908844277664,0.0,1.0,0.0,0.0,0.0,0.0,0.0,1.7735092821688871,1.7879912788305656,0.0,1.0,0.0,0.0,0.0,-0.34633893786657993,0.4649905549752775,-0.7493951412123715,-0.7493951412123715,-0.6449694534303309,5.939999999999999
