scaler_0__preclinical_dosage_amount_value(mg/kg),ohe_1__preclinical_dosage_frequency_1 + every 1 day,ohe_1__preclinical_dosage_frequency_1 + every 2 days,ohe_1__preclinical_dosage_frequency_2 + every 1 day,ohe_1__preclinical_dosage_frequency_2 + every 7 days,ohe_1__preclinical_dosage_frequency_5 + every 1 week,scaler_2__preclinical_dosage_duration(days),ohe_3__preclinical_administration_route_subcutaneous,scaler_4__preclinical_animal_age_before_experiment(days),scaler_5__preclinical_animal_age_before_treatment(days),scaler_6__preclinical_animal_weight_before_experiment(grams),scaler_7__preclinical_animal_weight_before_treatment(grams),ohe_8__preclinical_animal_strain_C57BL/6,ohe_8__preclinical_animal_strain_C57BL/6J,ohe_8__preclinical_animal_strain_C57BL/6JRj,ohe_8__preclinical_animal_strain_C57BL/6N,ohe_8__preclinical_animal_strain_C57BL/6NRj,ohe_8__preclinical_animal_strain_C57BL/6NTac,ohe_8__preclinical_animal_strain_Golden Syrian,ohe_8__preclinical_animal_strain_Goto-Kakizaki,ohe_8__preclinical_animal_strain_KKAy,ohe_8__preclinical_animal_strain_Ldlr−/−,ohe_8__preclinical_animal_strain_Sprague–Dawley,ohe_8__preclinical_animal_strain_Unknown,ohe_8__preclinical_animal_strain_Wistar,ohe_8__preclinical_animal_strain_Wistar Kyoto,ohe_8__preclinical_animal_strain_db/db,ohe_9__preclinical_animal_species_cynomolgus monkeys,ohe_9__preclinical_animal_species_hamsters,ohe_9__preclinical_animal_species_mice,ohe_9__preclinical_animal_species_rats,ohe_10__preclinical_animal_sex_Unknown,ohe_10__preclinical_animal_sex_female,ohe_10__preclinical_animal_sex_male,scaler_11__preclinical_animal_subject_size,ohe_12__preclinical_disease_model_diet:high-fat,ohe_12__preclinical_disease_model_diet:high-fat+high-carbohydrate,ohe_12__preclinical_disease_model_diet:high-fat+high-cholesterol,ohe_12__preclinical_disease_model_diet:high-fat+high-fructose,ohe_12__preclinical_disease_model_diet:high-fat+high-sugar,ohe_12__preclinical_disease_model_diet:high-fat+high-sugar+high-cholesterol,ohe_12__preclinical_disease_model_genetic,scaler_13__preclinical_total_doses,scaler_14__preclinical_total_dosage_amount(mg/kg),ohe_15__clinical_age_groups_ADULT,"ohe_15__clinical_age_groups_ADULT,OLDER_ADULT",ohe_15__clinical_age_groups_CHILD,"ohe_15__clinical_age_groups_CHILD,ADULT",ohe_16__clinical_phases_PHASE3,scaler_17__clinical_sample_size,scaler_18__clinical_dosage_amount_value(mg),scaler_19__clinical_dosage_duration(days),scaler_20__clinical_total_doses,scaler_21__clinical_total_dosage_amount(mg),shap_scaler_0__preclinical_dosage_amount_value(mg/kg),shap_ohe_1__preclinical_dosage_frequency_1 + every 1 day,shap_ohe_1__preclinical_dosage_frequency_1 + every 2 days,shap_ohe_1__preclinical_dosage_frequency_2 + every 1 day,shap_ohe_1__preclinical_dosage_frequency_2 + every 7 days,shap_ohe_1__preclinical_dosage_frequency_5 + every 1 week,shap_scaler_2__preclinical_dosage_duration(days),shap_ohe_3__preclinical_administration_route_subcutaneous,shap_scaler_4__preclinical_animal_age_before_experiment(days),shap_scaler_5__preclinical_animal_age_before_treatment(days),shap_scaler_6__preclinical_animal_weight_before_experiment(grams),shap_scaler_7__preclinical_animal_weight_before_treatment(grams),shap_ohe_8__preclinical_animal_strain_C57BL/6,shap_ohe_8__preclinical_animal_strain_C57BL/6J,shap_ohe_8__preclinical_animal_strain_C57BL/6JRj,shap_ohe_8__preclinical_animal_strain_C57BL/6N,shap_ohe_8__preclinical_animal_strain_C57BL/6NRj,shap_ohe_8__preclinical_animal_strain_C57BL/6NTac,shap_ohe_8__preclinical_animal_strain_Golden Syrian,shap_ohe_8__preclinical_animal_strain_Goto-Kakizaki,shap_ohe_8__preclinical_animal_strain_KKAy,shap_ohe_8__preclinical_animal_strain_Ldlr−/−,shap_ohe_8__preclinical_animal_strain_Sprague–Dawley,shap_ohe_8__preclinical_animal_strain_Unknown,shap_ohe_8__preclinical_animal_strain_Wistar,shap_ohe_8__preclinical_animal_strain_Wistar Kyoto,shap_ohe_8__preclinical_animal_strain_db/db,shap_ohe_9__preclinical_animal_species_cynomolgus monkeys,shap_ohe_9__preclinical_animal_species_hamsters,shap_ohe_9__preclinical_animal_species_mice,shap_ohe_9__preclinical_animal_species_rats,shap_ohe_10__preclinical_animal_sex_Unknown,shap_ohe_10__preclinical_animal_sex_female,shap_ohe_10__preclinical_animal_sex_male,shap_scaler_11__preclinical_animal_subject_size,shap_ohe_12__preclinical_disease_model_diet:high-fat,shap_ohe_12__preclinical_disease_model_diet:high-fat+high-carbohydrate,shap_ohe_12__preclinical_disease_model_diet:high-fat+high-cholesterol,shap_ohe_12__preclinical_disease_model_diet:high-fat+high-fructose,shap_ohe_12__preclinical_disease_model_diet:high-fat+high-sugar,shap_ohe_12__preclinical_disease_model_diet:high-fat+high-sugar+high-cholesterol,shap_ohe_12__preclinical_disease_model_genetic,shap_scaler_13__preclinical_total_doses,shap_scaler_14__preclinical_total_dosage_amount(mg/kg),shap_ohe_15__clinical_age_groups_ADULT,"shap_ohe_15__clinical_age_groups_ADULT,OLDER_ADULT",shap_ohe_15__clinical_age_groups_CHILD,"shap_ohe_15__clinical_age_groups_CHILD,ADULT",shap_ohe_16__clinical_phases_PHASE3,shap_scaler_17__clinical_sample_size,shap_scaler_18__clinical_dosage_amount_value(mg),shap_scaler_19__clinical_dosage_duration(days),shap_scaler_20__clinical_total_doses,shap_scaler_21__clinical_total_dosage_amount(mg),shap_base_value,model_prediction
0.2,0.0,0.0,1.0,0.0,0.0,14.0,1.0,77.0,105.0,120.63333333333334,533.1776470588235,0.0,1.0,0.0,0.0,0.0,0.0,0.0,0.0,0.0,0.0,0.0,0.0,0.0,0.0,0.0,0.0,0.0,1.0,0.0,0.0,0.0,1.0,16.0,0.0,0.0,0.0,0.0,1.0,0.0,0.0,28.0,5.6000000000000005,0.0,1.0,0.0,0.0,0.0,96.0,3.0,364.0,364.0,1092.0,-0.04800964,0.120986395,-0.016832693,0.03596302,0.0022342051,-0.004721523,-0.26332375,-0.060537416,1.1902153,-0.60204256,0.15338983,-1.2084744,-0.43297425,0.27896103,0.03381745,-0.1062591,-0.04867318,0.011812371,0.0011988613,0.12049124,0.0004064841,0.0,0.07721697,-0.000113745074,-0.14605027,0.0,-0.039653447,0.0,0.0,0.22784476,0.021624155,0.07436916,-0.030997157,-0.04568874,-2.509932,-0.15083931,0.0,0.0,-0.0035070907,-0.26254496,0.0,-0.00027301934,1.8756139,0.28374365,0.0024004688,-0.23604703,-0.01501409,-0.20498605,-0.18496479,-0.855366,-0.30985934,0.0043421416,0.0,-0.046061136,11.912147,8.595033
0.2,0.0,0.0,1.0,0.0,0.0,14.0,1.0,77.0,105.0,120.63333333333334,533.1776470588235,0.0,1.0,0.0,0.0,0.0,0.0,0.0,0.0,0.0,0.0,0.0,0.0,0.0,0.0,0.0,0.0,0.0,1.0,0.0,0.0,0.0,1.0,16.0,0.0,0.0,0.0,0.0,1.0,0.0,0.0,28.0,5.6000000000000005,0.0,1.0,0.0,0.0,0.0,94.0,1.2,140.0,140.0,168.0,-0.05490253,0.11250629,-0.01666011,0.04687459,0.0024602506,-0.00488132,-0.30384707,-0.05275459,1.2665203,-0.58616906,0.16286477,-1.2268265,-0.42057082,0.29665452,0.04432325,-0.10476681,-0.044863887,0.013683983,0.003620713,0.12104509,0.00043154156,0.0,0.16239989,0.0014580002,-0.14662853,0.0,-0.04442825,0.0,0.0,0.182443,0.0033554777,0.071603246,-0.028487036,-0.045489274,-2.4246895,-0.21325092,0.0,0.0,-0.001241742,-0.41301107,0.0,-0.00065277086,1.8344121,0.28527963,0.0036609964,-0.14747724,-0.007428272,-0.1748272,-0.13462028,0.3129289,1.4538347,-0.09499752,0.0,0.15551472,11.912147,11.756546
0.2,0.0,0.0,1.0,0.0,0.0,14.0,1.0,77.0,105.0,120.63333333333334,533.1776470588235,0.0,1.0,0.0,0.0,0.0,0.0,0.0,0.0,0.0,0.0,0.0,0.0,0.0,0.0,0.0,0.0,0.0,1.0,0.0,0.0,0.0,1.0,16.0,0.0,0.0,0.0,0.0,1.0,0.0,0.0,28.0,5.6000000000000005,0.0,1.0,0.0,0.0,0.0,90.0,1.8,140.0,140.0,252.0,-0.06529569,0.11059063,-0.016441831,0.04550457,0.0022342051,-0.0071589877,-0.31489566,-0.05417632,1.2055031,-0.56659484,0.16680308,-1.2410427,-0.42497632,0.29380706,0.04336315,-0.10471464,-0.052032728,0.01277604,0.0032992377,0.12425412,0.00046127877,0.0,0.10593503,0.0010084298,-0.1459194,0.0,-0.04486395,0.0,0.0,0.20317991,0.011616706,0.07190347,-0.03015552,-0.04813084,-2.541933,-0.21336472,0.0,0.0,-0.0011090336,-0.26499724,0.0,-0.0026268554,1.8979573,0.26524132,0.0036717074,-0.18045147,-0.0063063256,-0.18072471,-0.13477269,0.32206717,0.88802207,-0.08928076,0.0,0.11597191,11.912147,11.075351
0.2,0.0,0.0,1.0,0.0,0.0,14.0,1.0,77.0,105.0,120.63333333333334,533.1776470588235,0.0,1.0,0.0,0.0,0.0,0.0,0.0,0.0,0.0,0.0,0.0,0.0,0.0,0.0,0.0,0.0,0.0,1.0,0.0,0.0,0.0,1.0,16.0,0.0,0.0,0.0,0.0,1.0,0.0,0.0,28.0,5.6000000000000005,0.0,1.0,0.0,0.0,0.0,92.0,2.4,140.0,140.0,336.0,-0.05547791,0.10625403,-0.01701825,0.045735646,0.0022342051,-0.0040887706,-0.30389208,-0.05235326,1.2623831,-0.60722697,0.1627838,-1.2332973,-0.4195092,0.29827687,0.04377567,-0.104816265,-0.049422387,0.012894518,0.0007662276,0.11796085,0.00036967514,0.0,0.13440432,0.0014580002,-0.15129392,0.0,-0.04680523,0.0,0.0,0.22111271,0.0005613599,0.07336449,-0.03155792,-0.04699172,-2.4403343,-0.21801639,0.0,0.0,-0.0013724228,-0.25833294,0.0,-0.0026268554,1.8357441,0.32274857,0.0031252608,-0.1701503,-0.0066514327,-0.19492523,-0.12357344,0.24377847,0.24283947,-0.10077881,0.0,0.17304128,11.912147,10.577246
0.2,0.0,0.0,1.0,0.0,0.0,14.0,1.0,77.0,105.0,120.63333333333334,533.1776470588235,0.0,1.0,0.0,0.0,0.0,0.0,0.0,0.0,0.0,0.0,0.0,0.0,0.0,0.0,0.0,0.0,0.0,1.0,0.0,0.0,0.0,1.0,16.0,0.0,0.0,0.0,0.0,1.0,0.0,0.0,28.0,5.6000000000000005,0.0,1.0,0.0,0.0,0.0,92.0,3.0,140.0,140.0,420.0,-0.05909594,0.11482389,-0.016927171,0.036533955,0.0022342051,-0.004779869,-0.2573947,-0.054744296,1.2827322,-0.58411497,0.15762006,-1.2220995,-0.42924145,0.2991866,0.042453084,-0.10567061,-0.049670912,0.011770769,0.00057462277,0.11918648,0.00036967514,0.0,0.02227211,0.00096585834,-0.14982657,0.0,-0.04673266,0.0,0.0,0.22875437,0.00046983446,0.075206704,-0.031581316,-0.046862543,-2.4520159,-0.20537466,0.0,0.0,-0.0012315066,-0.26108104,0.0,-0.0020059976,1.843037,0.3287033,0.0049774926,-0.23381682,-0.010039654,-0.20263039,-0.114895195,0.15384893,-0.32804787,-0.17251503,0.0,-0.061255146,11.912147,9.534216
0.2,0.0,0.0,1.0,0.0,0.0,14.0,1.0,77.0,105.0,120.63333333333334,533.1776470588235,0.0,1.0,0.0,0.0,0.0,0.0,0.0,0.0,0.0,0.0,0.0,0.0,0.0,0.0,0.0,0.0,0.0,1.0,0.0,0.0,0.0,1.0,16.0,0.0,0.0,0.0,0.0,1.0,0.0,0.0,28.0,5.6000000000000005,0.0,1.0,0.0,0.0,0.0,29.0,3.0,280.0,280.0,840.0,-0.030290259,0.09369789,-0.016984228,0.033544414,0.0022342051,-0.002130319,-0.24046955,-0.05432223,1.1365458,-0.58847594,0.15918374,-1.2397164,-0.43132514,0.2927481,0.044732016,-0.1067596,-0.047909115,0.012000503,0.0013875997,0.12998913,0.00039941235,0.0,0.11993241,0.0012616774,-0.14916576,0.0,-0.04940851,0.0,0.0,0.21027975,0.0022522262,0.07617376,-0.030359956,-0.048274092,-2.5424464,-0.20881715,0.0,0.0,-0.0012315066,-0.24959502,0.0,-0.00034087923,1.8928579,0.27510694,0.004604929,-0.19152367,-0.0074650114,-0.19671592,-0.10241634,0.8975292,-0.22209448,-0.003175646,0.0,-0.016313199,11.912147,10.520882
0.2,0.0,0.0,1.0,0.0,0.0,14.0,1.0,77.0,105.0,120.63333333333334,533.1776470588235,0.0,1.0,0.0,0.0,0.0,0.0,0.0,0.0,0.0,0.0,0.0,0.0,0.0,0.0,0.0,0.0,0.0,1.0,0.0,0.0,0.0,1.0,16.0,0.0,0.0,0.0,0.0,1.0,0.0,0.0,28.0,5.6000000000000005,0.0,1.0,0.0,0.0,1.0,412.0,3.0,392.0,392.0,1176.0,-0.04597579,0.12019169,-0.015974361,0.036988992,0.0022148376,-0.0022071658,-0.34756547,-0.051332477,1.2119586,-0.5876247,0.15725604,-1.1965597,-0.42447853,0.28091875,0.039349914,-0.10622522,-0.046128064,0.013429657,0.0017126546,0.11929538,0.00034813263,0.0,0.09726927,0.0014403107,-0.14544511,0.0,-0.03712333,0.0,0.0,0.28578323,0.028170247,0.078786574,-0.031361215,-0.05109263,-2.4970913,-0.17829119,0.0,0.0,-0.001245338,-0.2824292,0.0,-0.00027301934,1.8313078,0.32094136,0.00066296686,-0.17667215,-0.013682234,-0.19688459,0.07145252,0.17340042,-0.26764047,0.09054673,0.0,-0.04917079,11.912147,10.123096
0.2,0.0,0.0,1.0,0.0,0.0,14.0,1.0,77.0,105.0,120.63333333333334,533.1776470588235,0.0,1.0,0.0,0.0,0.0,0.0,0.0,0.0,0.0,0.0,0.0,0.0,0.0,0.0,0.0,0.0,0.0,1.0,0.0,0.0,0.0,1.0,16.0,0.0,0.0,0.0,0.0,1.0,0.0,0.0,28.0,5.6000000000000005,0.0,1.0,0.0,0.0,1.0,204.0,1.8,392.0,392.0,705.6,-0.06340752,0.09678664,-0.015325541,0.03667643,0.0022148376,-0.0049540172,-0.36533198,-0.0551494,1.2792295,-0.5539697,0.15787257,-1.202656,-0.4178744,0.27680486,0.037058383,-0.106167026,-0.04293723,0.013354476,0.003720194,0.12124384,0.00038305053,0.0,0.17925753,0.0014432297,-0.14187805,0.0,-0.03684804,0.0,0.0,0.23087898,0.027468171,0.07633958,-0.030349387,-0.050476037,-2.4870746,-0.18056817,0.0,0.0,-0.0010146971,-0.35304865,0.0,-0.00038334882,1.8074905,0.29744768,0.005183462,-0.15200846,-0.008411505,-0.1742097,0.13193057,-0.39345184,1.3223673,0.11566862,0.0,-0.010859153,11.912147,11.284612
0.2,0.0,0.0,1.0,0.0,0.0,14.0,1.0,77.0,105.0,120.63333333333334,533.1776470588235,0.0,1.0,0.0,0.0,0.0,0.0,0.0,0.0,0.0,0.0,0.0,0.0,0.0,0.0,0.0,0.0,0.0,1.0,0.0,0.0,0.0,1.0,16.0,0.0,0.0,0.0,0.0,1.0,0.0,0.0,28.0,5.6000000000000005,0.0,1.0,0.0,0.0,1.0,2432.0,3.0,392.0,392.0,1176.0,-0.04729789,0.13270976,-0.016490754,0.037234228,0.0022148376,-0.0024243281,-0.38599825,-0.050141543,1.2505938,-0.58651114,0.15340188,-1.2101498,-0.42351586,0.28144255,0.035614062,-0.11019858,-0.045331128,0.011892436,0.00012933387,0.11777854,0.0003888064,0.0,0.090503156,0.0014403107,-0.14743157,0.0,-0.03675177,0.0,0.0,0.26947793,0.009817046,0.07848021,-0.031641416,-0.05047113,-2.5214057,-0.16072752,0.0,0.0,-0.0024730833,-0.2620065,0.0,-0.00026533625,1.8513846,0.3150867,0.0004992655,-0.20922428,-0.016631326,-0.20269832,0.07755045,-1.0547824,-0.32237357,0.015931845,0.0,-0.044502318,11.912147,8.70427
0.2,0.0,0.0,1.0,0.0,0.0,14.0,1.0,77.0,105.0,120.63333333333334,533.1776470588235,0.0,1.0,0.0,0.0,0.0,0.0,0.0,0.0,0.0,0.0,0.0,0.0,0.0,0.0,0.0,0.0,0.0,1.0,0.0,0.0,0.0,1.0,16.0,0.0,0.0,0.0,0.0,1.0,0.0,0.0,28.0,5.6000000000000005,0.0,1.0,0.0,0.0,1.0,1467.0,3.0,1120.0,1120.0,3360.0,-0.051666398,0.15211135,-0.016506115,0.037080836,0.0022148376,-0.0021174147,-0.35711277,-0.05132022,1.2192527,-0.61292297,0.15742436,-1.1973846,-0.4202881,0.27980575,0.035961676,-0.10967455,-0.048168823,0.010748707,0.0017113823,0.117929734,0.00037742176,0.0,0.09431007,0.0014403107,-0.14521164,0.0,-0.03612592,0.0,0.0,0.25729784,0.015249883,0.08091433,-0.031340577,-0.04797274,-2.5235007,-0.17755887,0.0,0.0,-0.0011317902,-0.26156816,0.0,-0.00027301934,1.8473526,0.31195956,0.0005887873,-0.17984572,-0.015072154,-0.20008084,0.08317758,-0.18984422,-0.2717985,0.2613925,0.0,-0.05418852,11.912147,9.877772
0.2,0.0,0.0,1.0,0.0,0.0,14.0,1.0,77.0,105.0,120.63333333333334,533.1776470588235,0.0,1.0,0.0,0.0,0.0,0.0,0.0,0.0,0.0,0.0,0.0,0.0,0.0,0.0,0.0,0.0,0.0,1.0,0.0,0.0,0.0,1.0,16.0,0.0,0.0,0.0,0.0,1.0,0.0,0.0,28.0,5.6000000000000005,0.0,1.0,0.0,0.0,1.0,349.0,3.0,476.0,476.0,1428.0,-0.069231495,0.12602144,-0.016368128,0.047732193,0.0022148376,-0.0032328023,-0.30251867,-0.05081163,1.2515485,-0.59982747,0.15442888,-1.2026869,-0.42169377,0.27830425,0.03539042,-0.106276914,-0.048019715,0.010730282,0.00097200094,0.117202684,0.000366356,0.0,0.08281047,0.0014432297,-0.14572316,0.0,-0.0367289,0.0,0.0,0.25888416,0.014928815,0.0798045,-0.03155085,-0.047803257,-2.5159986,-0.18575796,0.0,0.0,-0.0015756253,-0.25749838,0.0,-0.00027301934,1.8415967,0.3234975,0.00040936415,-0.22432834,-0.014250112,-0.20056407,0.06857428,-0.8542069,-0.3517676,-0.05109446,0.0,-0.07630576,11.912147,8.792909
0.2,0.0,0.0,1.0,0.0,0.0,14.0,1.0,77.0,105.0,120.63333333333334,533.1776470588235,0.0,1.0,0.0,0.0,0.0,0.0,0.0,0.0,0.0,0.0,0.0,0.0,0.0,0.0,0.0,0.0,0.0,1.0,0.0,0.0,0.0,1.0,16.0,0.0,0.0,0.0,0.0,1.0,0.0,0.0,28.0,5.6000000000000005,1.0,0.0,0.0,0.0,1.0,175.0,3.0,224.0,224.0,672.0,-0.05380526,0.089860536,-0.015778648,0.031205753,0.0022148376,-0.00246465,-0.2990838,-0.05609553,1.3052386,-0.6182934,0.15186633,-1.1875719,-0.41657022,0.27333942,0.037557308,-0.10710313,-0.046816256,0.01149849,0.00095945445,0.11803726,0.00038468535,0.0,0.101333365,0.00234737,-0.14004998,0.0,-0.03948291,0.0,0.0,0.23345149,0.031370047,0.07387694,-0.03223615,-0.050832268,-2.5448825,-0.12541866,0.0,0.0,-0.0012944785,-0.26908767,0.0,-0.0001783321,1.7611176,0.33374766,0.0033400757,0.7040706,-0.01714907,-0.2519379,0.10070501,-0.7810218,-0.27692917,-0.041409355,0.0,-0.018527905,11.912147,9.885646
0.2,0.0,0.0,1.0,0.0,0.0,14.0,1.0,77.0,105.0,120.63333333333334,533.1776470588235,0.0,1.0,0.0,0.0,0.0,0.0,0.0,0.0,0.0,0.0,0.0,0.0,0.0,0.0,0.0,0.0,0.0,1.0,0.0,0.0,0.0,1.0,16.0,0.0,0.0,0.0,0.0,1.0,0.0,0.0,28.0,5.6000000000000005,0.0,0.0,1.0,0.0,1.0,125.0,3.0,392.0,392.0,1176.0,-0.06493291,0.121855155,-0.015097134,0.041655246,0.00053844997,-0.002859596,-0.2629014,-0.053913865,1.2453576,-0.62932545,0.15332842,-1.1922653,-0.41586015,0.26996624,0.03589088,-0.10545543,-0.04523016,0.011064544,0.001377837,0.11660969,0.00041499845,0.0,0.0689521,0.001584005,-0.14145811,0.0,-0.04047983,0.0,0.0,0.26249927,0.01830556,0.074115396,-0.03154379,-0.047284584,-2.5811527,-0.15361786,0.0,0.0,-0.0012063175,-0.29429075,0.0,-0.00016026455,1.8164234,0.32766452,0.023251649,0.76532274,0.20141013,-0.2487016,0.11185508,-0.5565606,-0.25091428,0.05117216,0.0,-0.047128845,11.912147,10.450423
0.2,0.0,0.0,1.0,0.0,0.0,14.0,1.0,77.0,105.0,120.63333333333334,533.1776470588235,0.0,1.0,0.0,0.0,0.0,0.0,0.0,0.0,0.0,0.0,0.0,0.0,0.0,0.0,0.0,0.0,0.0,1.0,0.0,0.0,0.0,1.0,16.0,0.0,0.0,0.0,0.0,1.0,0.0,0.0,28.0,5.6000000000000005,0.0,0.0,0.0,1.0,1.0,17.0,3.0,364.0,364.0,1092.0,-0.043762643,0.08629257,-0.017675202,0.04861384,0.0029810688,-0.001620433,-0.23660555,-0.0425577,1.1402053,-0.6005103,0.16092575,-1.2602628,-0.4224901,0.21221063,0.044143226,-0.08714817,-0.045794725,0.012026268,0.00032945198,0.12616715,0.0004891147,0.0,0.19848841,0.004334772,-0.14513099,0.0,-0.055403095,0.0,0.0,0.25543547,0.02856976,0.06277833,-0.027677624,-0.049537912,-2.5707994,-0.16553067,0.0,0.0,-0.0008520919,-0.22172575,0.0,-0.00017453752,1.7315822,0.3151155,0.004199343,0.3959866,-0.010850742,1.0773448,0.042265363,-0.3177874,-0.1899263,-0.022651764,0.0,-0.018031128,11.912147,11.308129
0.2,0.0,0.0,1.0,0.0,0.0,14.0,1.0,77.0,105.0,120.63333333333334,533.1776470588235,0.0,1.0,0.0,0.0,0.0,0.0,0.0,0.0,0.0,0.0,0.0,0.0,0.0,0.0,0.0,0.0,0.0,1.0,0.0,0.0,0.0,1.0,16.0,0.0,0.0,0.0,0.0,1.0,0.0,0.0,28.0,5.6000000000000005,0.0,0.0,0.0,1.0,1.0,14.0,3.0,364.0,364.0,1092.0,0.054405794,0.055946086,-0.015745996,0.044064518,0.0029810688,-0.0012046944,-0.22217824,-0.041317396,1.1635488,-0.64518124,0.15808624,-1.2331338,-0.36217457,0.14292006,0.0533402,-0.074862555,-0.034234997,0.019556116,0.011462999,0.13712636,0.0042445036,0.0,0.32886872,0.0032416864,-0.13837057,0.0,-0.049290597,0.0,0.0,0.24457638,0.018040387,0.059496246,-0.027677624,-0.047955368,-2.4239175,-0.1691309,0.0,0.0,-0.0008520919,-0.5863361,0.0,-0.00017453752,1.7123674,0.36604926,0.007159409,0.6033871,-0.010517645,1.0993191,0.039818894,3.3136828,-0.12059568,0.0075307,0.0,-0.007591586,11.912147,15.350926
0.2,0.0,0.0,1.0,0.0,0.0,14.0,1.0,77.0,105.0,120.63333333333334,533.1776470588235,0.0,1.0,0.0,0.0,0.0,0.0,0.0,0.0,0.0,0.0,0.0,0.0,0.0,0.0,0.0,0.0,0.0,1.0,0.0,0.0,0.0,1.0,16.0,0.0,0.0,0.0,0.0,1.0,0.0,0.0,28.0,5.6000000000000005,0.0,0.0,0.0,1.0,1.0,31.0,3.0,364.0,364.0,1092.0,-0.018979091,0.05773515,-0.016791794,0.044871133,0.0049643866,-0.0021830355,-0.28543687,-0.043140084,1.1323906,-0.5736537,0.16653572,-1.2604268,-0.41494438,0.21666588,0.047395248,-0.09086444,-0.04604549,0.012342716,0.0014913172,0.13074374,0.00049364445,0.0,0.18212429,0.0014208008,-0.14486423,0.0,-0.05224225,0.0,0.0,0.25844553,0.006986173,0.065105066,-0.027586961,-0.04957744,-2.5853827,-0.18443348,0.0,0.0,-0.0007470841,-0.25896385,0.0,-0.0005067089,1.8065704,0.3094258,0.02435169,0.775214,-0.012129775,1.2515441,0.058725666,0.959222,-0.17172267,0.02723042,0.0,-0.018135564,11.912147,13.195386
0.2,0.0,0.0,1.0,0.0,0.0,14.0,1.0,77.0,105.0,120.63333333333334,533.1776470588235,0.0,1.0,0.0,0.0,0.0,0.0,0.0,0.0,0.0,0.0,0.0,0.0,0.0,0.0,0.0,0.0,0.0,1.0,0.0,0.0,0.0,1.0,16.0,0.0,0.0,0.0,0.0,1.0,0.0,0.0,28.0,5.6000000000000005,0.0,1.0,0.0,0.0,1.0,194.0,3.0,392.0,392.0,1176.0,-0.057505623,0.1205608,-0.018144563,0.037296016,0.0022148376,-0.0061491556,-0.28811038,-0.05512805,1.2260044,-0.5648422,0.15331963,-1.204522,-0.4290418,0.27990538,0.034828413,-0.10659231,-0.05038523,0.01145096,-0.0018497462,0.11888025,0.0003947204,0.0,0.12003504,0.0014432297,-0.14550427,0.0,-0.0377989,0.0,0.0,0.25891018,0.02143383,0.076102145,-0.031204402,-0.050484613,-2.4943018,-0.16216156,0.0,0.0,-0.0020789392,-0.2641102,0.0,-0.00027301934,1.8309176,0.3179372,-0.0014058478,-0.25870338,-0.017622748,-0.20592757,0.05888848,-1.5357771,-0.36687034,-0.00014607725,0.0,-0.095157616,11.912147,8.13087
0.2,0.0,0.0,1.0,0.0,0.0,14.0,1.0,77.0,105.0,120.63333333333334,533.1776470588235,0.0,1.0,0.0,0.0,0.0,0.0,0.0,0.0,0.0,0.0,0.0,0.0,0.0,0.0,0.0,0.0,0.0,1.0,0.0,0.0,0.0,1.0,16.0,0.0,0.0,0.0,0.0,1.0,0.0,0.0,28.0,5.6000000000000005,0.0,1.0,0.0,0.0,1.0,117.0,3.0,476.0,476.0,1428.0,-0.06093232,0.12239649,-0.016013755,0.03752058,0.0022148376,-0.0047868374,-0.2968034,-0.054337654,1.2642586,-0.6096437,0.1540938,-1.2079499,-0.4238496,0.27435514,0.033821974,-0.10656834,-0.04934704,0.010163912,0.0013733255,0.11872318,0.00037802587,0.0,0.08212477,0.0014432297,-0.14548995,0.0,-0.03786428,0.0,0.0,0.25304836,0.013528545,0.07534417,-0.031484634,-0.046078723,-2.5222075,-0.16144012,0.0,0.0,-0.0013139327,-0.27048266,0.0,-0.00027301934,1.8768818,0.32079795,0.0014843725,-0.23225068,-0.015510033,-0.20250624,0.10741711,-0.61359864,-0.31332546,0.11950445,0.0,-0.076178715,11.912147,9.282785
0.2,0.0,0.0,1.0,0.0,0.0,14.0,1.0,77.0,105.0,120.63333333333334,533.1776470588235,0.0,1.0,0.0,0.0,0.0,0.0,0.0,0.0,0.0,0.0,0.0,0.0,0.0,0.0,0.0,0.0,0.0,1.0,0.0,0.0,0.0,1.0,16.0,0.0,0.0,0.0,0.0,1.0,0.0,0.0,28.0,5.6000000000000005,0.0,1.0,0.0,0.0,0.0,19.0,3.0,112.0,112.0,336.0,-0.036106087,0.09587359,-0.014685378,0.055202372,0.002160264,-0.0017193458,-0.22132885,-0.053093307,1.1602877,-0.57025105,0.1590393,-1.210936,-0.43224034,0.2929467,0.044531148,-0.102441095,-0.047851115,0.012453192,0.0039963303,0.130635,0.00039488266,0.0,0.055848315,0.0011007176,-0.14785306,0.0,-0.048907824,0.0,0.0,0.23373516,-0.0054861903,0.07739317,-0.03034077,-0.047441084,-2.5309877,-0.21589272,0.0,0.0,-0.0010265645,-0.25936347,0.0,-0.00034087923,1.8153135,0.21921541,0.0038074877,-0.15947519,-0.0071352585,-0.18900277,-0.08604026,1.0743921,-0.19940832,0.45869756,0.0,0.1508629,11.912147,11.340673
0.2,0.0,0.0,1.0,0.0,0.0,14.0,1.0,77.0,105.0,120.63333333333334,533.1776470588235,0.0,1.0,0.0,0.0,0.0,0.0,0.0,0.0,0.0,0.0,0.0,0.0,0.0,0.0,0.0,0.0,0.0,1.0,0.0,0.0,0.0,1.0,16.0,0.0,0.0,0.0,0.0,1.0,0.0,0.0,28.0,5.6000000000000005,0.0,1.0,0.0,0.0,0.0,108.0,3.0,182.0,182.0,546.0,-0.051084474,0.11650767,-0.017634507,0.03922746,0.0022342051,-0.004780226,-0.2620488,-0.059939805,1.2492416,-0.6085077,0.15172482,-1.2174438,-0.43240562,0.2802119,0.033778757,-0.10718396,-0.050523084,0.011174156,0.0004424539,0.11978968,0.00036967514,0.0,0.036509927,0.00096585834,-0.14470485,0.0,-0.039143916,0.0,0.0,0.23587075,0.013512049,0.075136214,-0.031150721,-0.045764543,-2.5018332,-0.15085387,0.0,0.0,-0.00329905,-0.26108104,0.0,-0.00035155588,1.8746163,0.28035206,0.0045739245,-0.24084584,-0.014153537,-0.20329034,-0.21371809,-0.8676691,-0.32017455,-0.22974427,0.0,-0.060774975,11.912147,8.298278
0.2,0.0,0.0,1.0,0.0,0.0,14.0,1.0,77.0,105.0,120.63333333333334,533.1776470588235,0.0,1.0,0.0,0.0,0.0,0.0,0.0,0.0,0.0,0.0,0.0,0.0,0.0,0.0,0.0,0.0,0.0,1.0,0.0,0.0,0.0,1.0,7.0,1.0,0.0,0.0,0.0,0.0,0.0,0.0,28.0,5.6000000000000005,0.0,1.0,0.0,0.0,0.0,96.0,3.0,364.0,364.0,1092.0,0.07461617,0.12095685,-0.016824435,0.048842046,0.0069622477,-0.00469181,0.027682297,-0.038846597,1.7660227,-0.77116203,0.23825546,-1.0293994,-0.22369519,0.30174324,0.034490425,-0.1052927,-0.016565224,0.014137978,0.0011084841,0.12533106,0.0004565397,0.0,0.12874752,0.00032489412,-0.16226012,0.0,-0.036752034,0.0,0.0,0.48356262,0.023540262,0.090324864,-0.030455051,-0.066633955,1.4414039,0.11702733,0.0,0.0,-0.0035070907,0.043652263,0.0,-0.00027000732,2.2714744,0.45767844,0.0017409091,-0.2381477,-0.020627173,-0.24000123,-0.18506382,-0.88332176,-0.31921065,-0.009021827,0.0,-0.041419864,11.912147,15.289057
0.2,0.0,0.0,1.0,0.0,0.0,14.0,1.0,77.0,105.0,120.63333333333334,533.1776470588235,0.0,1.0,0.0,0.0,0.0,0.0,0.0,0.0,0.0,0.0,0.0,0.0,0.0,0.0,0.0,0.0,0.0,1.0,0.0,0.0,0.0,1.0,7.0,1.0,0.0,0.0,0.0,0.0,0.0,0.0,28.0,5.6000000000000005,0.0,1.0,0.0,0.0,0.0,94.0,1.2,140.0,140.0,168.0,0.105202235,0.12048689,-0.016651852,0.0583205,0.0071882936,-0.004444344,0.012019786,-0.03789738,1.7943293,-0.7183752,0.25869027,-1.0103911,-0.2267565,0.31943676,0.04470114,-0.106404126,-0.016910475,0.015460189,0.003586648,0.1319646,0.00048159715,0.0,0.20736733,0.0018966394,-0.16366075,0.0,-0.040505644,0.0,0.0,0.43696073,0.003526448,0.088036865,-0.027594674,-0.06643448,1.3884934,0.16234086,0.0,0.0,-0.001241742,0.0854848,0.0,-0.0006242444,2.2317116,0.42973477,0.0030939786,-0.15417697,-0.011613661,-0.2113925,-0.11630619,0.32223433,1.57188,-0.09336816,0.0,0.16989052,11.912147,18.861912
0.2,0.0,0.0,1.0,0.0,0.0,14.0,1.0,77.0,105.0,120.63333333333334,533.1776470588235,0.0,1.0,0.0,0.0,0.0,0.0,0.0,0.0,0.0,0.0,0.0,0.0,0.0,0.0,0.0,0.0,0.0,1.0,0.0,0.0,0.0,1.0,7.0,1.0,0.0,0.0,0.0,0.0,0.0,0.0,28.0,5.6000000000000005,0.0,1.0,0.0,0.0,0.0,90.0,1.8,140.0,140.0,252.0,0.079500645,0.12061523,-0.016433574,0.05260923,0.0069622477,-0.0067143436,0.022193206,-0.039319117,1.7348566,-0.7051247,0.25760725,-1.0262457,-0.23116206,0.3165893,0.04371944,-0.104257725,-0.02079148,0.015033402,0.0032651727,0.13299288,0.0005113344,0.0,0.14912389,0.0014470689,-0.16335401,0.0,-0.041765176,0.0,0.0,0.46087313,0.012291936,0.087159716,-0.029613417,-0.06907604,1.4389386,0.16234644,0.0,0.0,-0.0011090336,0.050770544,0.0,-0.0024556564,2.3066072,0.3971903,0.0031001698,-0.18427376,-0.010335759,-0.2169688,-0.11295836,0.33013958,0.93116546,-0.08297284,0.0,0.13489003,11.912147,18.099705
0.2,0.0,0.0,1.0,0.0,0.0,14.0,1.0,77.0,105.0,120.63333333333334,533.1776470588235,0.0,1.0,0.0,0.0,0.0,0.0,0.0,0.0,0.0,0.0,0.0,0.0,0.0,0.0,0.0,0.0,0.0,1.0,0.0,0.0,0.0,1.0,7.0,1.0,0.0,0.0,0.0,0.0,0.0,0.0,28.0,5.6000000000000005,0.0,1.0,0.0,0.0,0.0,92.0,2.4,140.0,140.0,336.0,0.09006247,0.11627861,-0.017009992,0.052840307,0.0069622477,-0.003651796,0.013511808,-0.03749605,1.8125988,-0.74525607,0.25303078,-1.0237049,-0.22569494,0.3210591,0.044257652,-0.10393636,-0.016573977,0.015204481,0.00073216273,0.12254247,0.00041973076,0.0,0.18588199,0.0018966394,-0.16755313,0.0,-0.043397773,0.0,0.0,0.47594213,0.0012365895,0.089295045,-0.03101582,-0.06793694,1.3949769,0.1654244,0.0,0.0,-0.0013724228,0.04319316,0.0,-0.0024556564,2.214507,0.4618212,0.0025537228,-0.17607701,-0.010680866,-0.23165771,-0.10288079,0.22477019,0.21455672,-0.09335524,0.0,0.17209251,11.912147,17.308083
0.2,0.0,0.0,1.0,0.0,0.0,14.0,1.0,77.0,105.0,120.63333333333334,533.1776470588235,0.0,1.0,0.0,0.0,0.0,0.0,0.0,0.0,0.0,0.0,0.0,0.0,0.0,0.0,0.0,0.0,0.0,1.0,0.0,0.0,0.0,1.0,7.0,1.0,0.0,0.0,0.0,0.0,0.0,0.0,28.0,5.6000000000000005,0.0,1.0,0.0,0.0,0.0,92.0,3.0,140.0,140.0,420.0,0.081154585,0.11825892,-0.01691891,0.045484606,0.0069622477,-0.0047501563,0.04676805,-0.03808329,1.8341442,-0.73681337,0.24792586,-1.0186775,-0.2258734,0.32196882,0.043126058,-0.1047907,-0.01657181,0.014096376,0.000540558,0.123768106,0.00041973076,0.0,0.07543042,0.0014044975,-0.1660364,0.0,-0.042890456,0.0,0.0,0.48358247,0.0015553371,0.09077871,-0.031039217,-0.06780776,1.41632,0.15317649,0.0,0.0,-0.0012315066,0.04384747,0.0,-0.0019830212,2.2321384,0.48983878,0.004405955,-0.23589318,-0.016427936,-0.23953693,-0.09926208,0.11758861,-0.33256394,-0.1602625,0.0,-0.0771788,11.912147,16.27223
0.2,0.0,0.0,1.0,0.0,0.0,14.0,1.0,77.0,105.0,120.63333333333334,533.1776470588235,0.0,1.0,0.0,0.0,0.0,0.0,0.0,0.0,0.0,0.0,0.0,0.0,0.0,0.0,0.0,0.0,0.0,1.0,0.0,0.0,0.0,1.0,7.0,1.0,0.0,0.0,0.0,0.0,0.0,0.0,28.0,5.6000000000000005,0.0,1.0,0.0,0.0,0.0,29.0,3.0,280.0,280.0,840.0,0.10507486,0.11873791,-0.016975967,0.0420822,0.0069622477,-0.0020929372,0.069660574,-0.037661225,1.7053565,-0.7570992,0.24989603,-1.032621,-0.22795711,0.31398398,0.045296535,-0.10582456,-0.016290726,0.014262692,0.0012972226,0.13712408,0.00044946795,0.0,0.16968842,0.0017003166,-0.16390745,0.0,-0.045599177,0.0,0.0,0.46655324,0.0031180428,0.09164283,-0.029817848,-0.0692193,1.441506,0.15504643,0.0,0.0,-0.0012315066,0.040675607,0.0,-0.0003179027,2.3128507,0.43507195,0.0014004107,-0.19356418,-0.013853293,-0.23361568,-0.08312926,0.9962139,-0.21699011,-0.021990722,0.0,-0.04231941,11.912147,17.525717
0.2,0.0,0.0,1.0,0.0,0.0,14.0,1.0,77.0,105.0,120.63333333333334,533.1776470588235,0.0,1.0,0.0,0.0,0.0,0.0,0.0,0.0,0.0,0.0,0.0,0.0,0.0,0.0,0.0,0.0,0.0,1.0,0.0,0.0,0.0,1.0,7.0,1.0,0.0,0.0,0.0,0.0,0.0,0.0,28.0,5.6000000000000005,0.0,1.0,0.0,0.0,1.0,412.0,3.0,392.0,392.0,1176.0,0.07762105,0.12108825,-0.01595123,0.045526776,0.0069428803,-0.0021774534,-0.026634239,-0.036600575,1.7989142,-0.7456846,0.24428909,-0.9992361,-0.2150766,0.2998823,0.040319096,-0.105379395,-0.016195606,0.016850453,0.0016222772,0.124768436,0.00039818825,0.0,0.14968303,0.0018789499,-0.16179612,0.0,-0.034335017,0.0,0.0,0.5385715,0.035325807,0.094673075,-0.030819109,-0.072037846,1.4324733,0.1485633,0.0,0.0,-0.001245338,0.045372255,0.0,-0.00027000732,2.245057,0.4972853,3.4076247e-06,-0.17974783,-0.01942936,-0.23189978,0.06568477,0.22226204,-0.27572048,0.08733614,0.0,-0.048707068,11.912147,17.03559
0.2,0.0,0.0,1.0,0.0,0.0,14.0,1.0,77.0,105.0,120.63333333333334,533.1776470588235,0.0,1.0,0.0,0.0,0.0,0.0,0.0,0.0,0.0,0.0,0.0,0.0,0.0,0.0,0.0,0.0,0.0,1.0,0.0,0.0,0.0,1.0,7.0,1.0,0.0,0.0,0.0,0.0,0.0,0.0,28.0,5.6000000000000005,0.0,1.0,0.0,0.0,1.0,204.0,1.8,392.0,392.0,705.6,0.05008817,0.1219013,-0.015317284,0.045578115,0.0069428803,-0.004517041,-0.041292105,-0.038870055,1.8261949,-0.68963253,0.24873967,-0.9960196,-0.21987152,0.2968456,0.03762727,-0.10719017,-0.016933247,0.016759628,0.003549619,0.1271287,0.00043310615,0.0,0.22250187,0.0018818689,-0.15854715,0.0,-0.033943463,0.0,0.0,0.4895201,0.034656562,0.09246805,-0.02980728,-0.071421266,1.4049925,0.14584382,0.0,0.0,-0.0010146971,0.072407335,0.0,-0.00035482235,2.2354388,0.4548684,0.0019834626,-0.15639226,-0.012529189,-0.21101514,0.12405115,-0.3546508,1.4212309,0.10227734,0.0,-0.020844875,11.912147,18.317888
0.2,0.0,0.0,1.0,0.0,0.0,14.0,1.0,77.0,105.0,120.63333333333334,533.1776470588235,0.0,1.0,0.0,0.0,0.0,0.0,0.0,0.0,0.0,0.0,0.0,0.0,0.0,0.0,0.0,0.0,0.0,1.0,0.0,0.0,0.0,1.0,7.0,1.0,0.0,0.0,0.0,0.0,0.0,0.0,28.0,5.6000000000000005,0.0,1.0,0.0,0.0,1.0,2432.0,3.0,392.0,392.0,1176.0,0.07403828,0.13360627,-0.016467622,0.04577201,0.0069428803,-0.0023946157,-0.06665035,-0.03586354,1.8474756,-0.73764664,0.23833919,-1.0249568,-0.21893807,0.3004061,0.036583245,-0.11000716,-0.01493526,0.013714643,3.8956707e-05,0.12261586,0.00043886201,0.0,0.14323997,0.0018789499,-0.16378258,0.0,-0.03396519,0.0,0.0,0.5244101,0.016972613,0.09384936,-0.031099306,-0.071387425,1.44078,0.13177954,0.0,0.0,-0.0024730833,0.0429877,0.0,-0.00026232423,2.2486598,0.49793524,-0.00016029358,-0.21330494,-0.022046072,-0.23770563,0.07178269,-1.0339413,-0.3354192,0.014067427,0.0,-0.044130296,11.912147,15.542918
0.2,0.0,0.0,1.0,0.0,0.0,14.0,1.0,77.0,105.0,120.63333333333334,533.1776470588235,0.0,1.0,0.0,0.0,0.0,0.0,0.0,0.0,0.0,0.0,0.0,0.0,0.0,0.0,0.0,0.0,0.0,1.0,0.0,0.0,0.0,1.0,7.0,1.0,0.0,0.0,0.0,0.0,0.0,0.0,28.0,5.6000000000000005,0.0,1.0,0.0,0.0,1.0,1467.0,3.0,1120.0,1120.0,3360.0,0.075549185,0.15298703,-0.016482983,0.052390262,0.0069428803,-0.0025042482,-0.035202697,-0.03658832,1.800773,-0.7707414,0.24372266,-1.011243,-0.21441899,0.2985819,0.036867246,-0.10857418,-0.016589524,0.01461753,0.001621005,0.12340279,0.00042747738,0.0,0.14719173,0.0018789499,-0.16156265,0.0,-0.03333762,0.0,0.0,0.51008624,0.022515684,0.09821022,-0.030798472,-0.06891795,1.4524226,0.1457907,0.0,0.0,-0.0011317902,0.043117985,0.0,-0.00027000732,2.240186,0.49083638,-6.2785606e-05,-0.18207037,-0.020772303,-0.23509604,0.07791245,-0.13967112,-0.28052196,0.23101477,0.0,-0.05057474,11.912147,16.764044
0.2,0.0,0.0,1.0,0.0,0.0,14.0,1.0,77.0,105.0,120.63333333333334,533.1776470588235,0.0,1.0,0.0,0.0,0.0,0.0,0.0,0.0,0.0,0.0,0.0,0.0,0.0,0.0,0.0,0.0,0.0,1.0,0.0,0.0,0.0,1.0,7.0,1.0,0.0,0.0,0.0,0.0,0.0,0.0,28.0,5.6000000000000005,0.0,1.0,0.0,0.0,1.0,349.0,3.0,476.0,476.0,1428.0,0.057135075,0.12689714,-0.016359871,0.062289365,0.0069428803,-0.0032030898,0.019283596,-0.036079727,1.8137959,-0.7626776,0.23900224,-1.0014417,-0.21514161,0.2981576,0.035999786,-0.105590805,-0.017233703,0.014599105,-0.00011183765,0.12267574,0.0004164116,0.0,0.13307856,0.0018818689,-0.16236387,0.0,-0.033940595,0.0,0.0,0.5145795,0.022999829,0.096712396,-0.031008752,-0.068748474,1.4355016,0.14937219,0.0,0.0,-0.0015756253,0.042010326,0.0,-0.00027000732,2.2424538,0.49703583,-0.00024220896,-0.2268814,-0.019950261,-0.23557925,0.06016334,-0.83802074,-0.35961252,-0.025038637,0.0,-0.07069165,11.912147,15.673361
0.2,0.0,0.0,1.0,0.0,0.0,14.0,1.0,77.0,105.0,120.63333333333334,533.1776470588235,0.0,1.0,0.0,0.0,0.0,0.0,0.0,0.0,0.0,0.0,0.0,0.0,0.0,0.0,0.0,0.0,0.0,1.0,0.0,0.0,0.0,1.0,7.0,1.0,0.0,0.0,0.0,0.0,0.0,0.0,28.0,5.6000000000000005,1.0,0.0,0.0,0.0,1.0,175.0,3.0,224.0,224.0,672.0,0.06988286,0.11547229,-0.01577039,0.044448685,0.0069428803,-0.0025004297,-0.032226942,-0.03826899,1.852655,-0.7653266,0.2403751,-1.0036578,-0.21994866,0.29490212,0.038174175,-0.10845053,-0.018503772,0.013824098,0.00078887923,0.12258648,0.00043474097,0.0,0.15457255,0.0060863295,-0.15664141,0.0,-0.036414787,0.0,0.0,0.47508717,0.03855844,0.089817084,-0.03168326,-0.07177748,1.4516279,0.09998281,0.0,0.0,-0.0012944785,0.045079254,0.0,-0.00017082467,2.1694314,0.52302754,0.010819812,0.70116097,-0.024392499,-0.28506255,0.09648973,-0.8169879,-0.28411043,-0.04762344,0.0,-0.022117166,11.912147,16.591442
0.2,0.0,0.0,1.0,0.0,0.0,14.0,1.0,77.0,105.0,120.63333333333334,533.1776470588235,0.0,1.0,0.0,0.0,0.0,0.0,0.0,0.0,0.0,0.0,0.0,0.0,0.0,0.0,0.0,0.0,0.0,1.0,0.0,0.0,0.0,1.0,7.0,1.0,0.0,0.0,0.0,0.0,0.0,0.0,28.0,5.6000000000000005,0.0,0.0,1.0,0.0,1.0,125.0,3.0,392.0,392.0,1176.0,0.07133418,0.11995364,-0.014872179,0.054534275,0.00678503,-0.002895376,0.018456755,-0.037575323,1.8423747,-0.7909227,0.24141516,-0.99788743,-0.21891907,0.29152894,0.036507748,-0.10706935,-0.016958829,0.013390152,0.0012912365,0.12129146,0.00046505406,0.0,0.12334063,0.0062896293,-0.15819077,0.0,-0.03712694,0.0,0.0,0.50433415,0.025493957,0.09009351,-0.03100169,-0.068229795,1.4261123,0.1135596,0.0,0.0,-0.0012063175,0.05025997,0.0,-0.00015725255,2.2183065,0.49681565,0.01909058,0.7569067,0.29380408,-0.27321827,0.10292934,-0.59302044,-0.2542931,0.04679105,0.0,-0.050785962,11.912147,17.351269
0.2,0.0,0.0,1.0,0.0,0.0,14.0,1.0,77.0,105.0,120.63333333333334,533.1776470588235,0.0,1.0,0.0,0.0,0.0,0.0,0.0,0.0,0.0,0.0,0.0,0.0,0.0,0.0,0.0,0.0,0.0,1.0,0.0,0.0,0.0,1.0,7.0,1.0,0.0,0.0,0.0,0.0,0.0,0.0,28.0,5.6000000000000005,0.0,0.0,0.0,1.0,1.0,17.0,3.0,364.0,364.0,1092.0,0.07624435,0.10027082,-0.017666945,0.043402877,0.007709112,-0.0024588131,0.031059999,-0.031263582,1.7511404,-0.80196065,0.25214598,-1.0538454,-0.23128892,0.21969941,0.044651642,-0.08613499,-0.019292887,0.01405469,0.0002390747,0.13876487,0.0005391703,0.0,0.29663324,0.009040398,-0.15974726,0.0,-0.051304113,0.0,0.0,0.49296373,0.030106863,0.07845237,-0.027866622,-0.07045357,1.539148,0.12007334,0.0,0.0,-0.0008520919,0.037001904,0.0,-0.00016797423,2.1711974,0.537468,0.0048984126,0.36774495,-0.013370475,1.2235037,0.027457612,-0.38039896,-0.1906364,-0.03766755,0.0,-0.022237847,11.912147,18.329136
0.2,0.0,0.0,1.0,0.0,0.0,14.0,1.0,77.0,105.0,120.63333333333334,533.1776470588235,0.0,1.0,0.0,0.0,0.0,0.0,0.0,0.0,0.0,0.0,0.0,0.0,0.0,0.0,0.0,0.0,0.0,1.0,0.0,0.0,0.0,1.0,7.0,1.0,0.0,0.0,0.0,0.0,0.0,0.0,28.0,5.6000000000000005,0.0,0.0,0.0,1.0,1.0,14.0,3.0,364.0,364.0,1092.0,0.20656942,0.05534147,-0.016243584,0.05145669,0.007709112,-0.0020430747,-0.00035651098,-0.030023279,1.82763,-0.83107513,0.23551047,-1.0574864,-0.2044743,0.15040885,0.060698777,-0.07691431,-0.015982736,0.021584533,0.011372621,0.15186362,0.005982296,0.0,0.41843084,0.006862231,-0.15453348,0.0,-0.046695877,0.0,0.0,0.4864241,0.020103356,0.07452029,-0.027866622,-0.06887103,1.3189881,0.12252123,0.0,0.0,-0.0008520919,0.107111596,0.0,-0.00016797423,2.1403134,0.6491072,0.0057175183,0.6757118,-0.013790597,1.2477397,0.025514316,3.3225725,-0.114689544,-0.0038055405,0.0,-0.01907132,11.912147,22.634954
0.2,0.0,0.0,1.0,0.0,0.0,14.0,1.0,77.0,105.0,120.63333333333334,533.1776470588235,0.0,1.0,0.0,0.0,0.0,0.0,0.0,0.0,0.0,0.0,0.0,0.0,0.0,0.0,0.0,0.0,0.0,1.0,0.0,0.0,0.0,1.0,7.0,1.0,0.0,0.0,0.0,0.0,0.0,0.0,28.0,5.6000000000000005,0.0,0.0,0.0,1.0,1.0,31.0,3.0,364.0,364.0,1092.0,0.11043993,0.07307067,-0.016783537,0.04448461,0.00969243,-0.002211146,0.0052028433,-0.03155275,1.7271124,-0.77620983,0.25895926,-1.0615665,-0.22374323,0.23668228,0.04790367,-0.09004049,-0.016112622,0.014604905,0.0014009401,0.14316638,0.0005437,0.0,0.28293583,0.0061264257,-0.15998751,0.0,-0.04811921,0.0,0.0,0.49951187,0.008521052,0.08230016,-0.02777596,-0.070493095,1.5485103,0.13380861,0.0,0.0,-0.0007470841,0.04052459,0.0,-0.0005001456,2.234812,0.5299771,0.020071423,0.76148075,-0.014426106,1.3959869,0.045023557,0.9939547,-0.17057492,0.009820869,0.0,-0.022950634,11.912147,20.444979
0.2,0.0,0.0,1.0,0.0,0.0,14.0,1.0,77.0,105.0,120.63333333333334,533.1776470588235,0.0,1.0,0.0,0.0,0.0,0.0,0.0,0.0,0.0,0.0,0.0,0.0,0.0,0.0,0.0,0.0,0.0,1.0,0.0,0.0,0.0,1.0,7.0,1.0,0.0,0.0,0.0,0.0,0.0,0.0,28.0,5.6000000000000005,0.0,1.0,0.0,0.0,1.0,194.0,3.0,392.0,392.0,1176.0,0.06396861,0.12145737,-0.017797267,0.0458338,0.0069428803,-0.0061194426,0.016702875,-0.03704491,1.7971302,-0.7310243,0.23817675,-1.0179336,-0.22114909,0.30268762,0.035501387,-0.1059062,-0.020251092,0.013776567,-0.0029335849,0.123717785,0.00044477603,0.0,0.17127015,0.0018818689,-0.16185528,0.0,-0.034873854,0.0,0.0,0.51460546,0.028622227,0.091578744,-0.030662298,-0.071429834,1.4251705,0.13325755,0.0,0.0,-0.0020789392,0.043806974,0.0,-0.00027000732,2.2570388,0.49195638,-0.002065407,-0.260795,-0.023369877,-0.24094275,0.049974896,-1.5511013,-0.3742071,-0.009426872,0.0,-0.09362194,11.912147,14.870788
0.2,0.0,0.0,1.0,0.0,0.0,14.0,1.0,77.0,105.0,120.63333333333334,533.1776470588235,0.0,1.0,0.0,0.0,0.0,0.0,0.0,0.0,0.0,0.0,0.0,0.0,0.0,0.0,0.0,0.0,0.0,1.0,0.0,0.0,0.0,1.0,7.0,1.0,0.0,0.0,0.0,0.0,0.0,0.0,28.0,5.6000000000000005,0.0,1.0,0.0,0.0,1.0,117.0,3.0,476.0,476.0,1428.0,0.0658177,0.123272195,-0.0157888,0.057171263,0.0069428803,-0.0047571245,0.008090766,-0.036254514,1.8176463,-0.77524877,0.23866127,-1.0269095,-0.2182706,0.29574192,0.034431335,-0.10587294,-0.01684907,0.012521316,0.0012829483,0.12356071,0.0004280815,0.0,0.13423444,0.0018818689,-0.16184099,0.0,-0.03488446,0.0,0.0,0.5087437,0.02159956,0.09260447,-0.030942533,-0.06702393,1.4367559,0.13179281,0.0,0.0,-0.0013139327,0.044566277,0.0,-0.00027000732,2.257859,0.49130997,0.00083279976,-0.23381911,-0.021703424,-0.23752142,0.09900614,-0.61815435,-0.32302928,0.1515464,0.0,-0.072950065,11.912147,16.06704
0.2,0.0,0.0,1.0,0.0,0.0,14.0,1.0,77.0,105.0,120.63333333333334,533.1776470588235,0.0,1.0,0.0,0.0,0.0,0.0,0.0,0.0,0.0,0.0,0.0,0.0,0.0,0.0,0.0,0.0,0.0,1.0,0.0,0.0,0.0,1.0,7.0,1.0,0.0,0.0,0.0,0.0,0.0,0.0,28.0,5.6000000000000005,0.0,1.0,0.0,0.0,0.0,19.0,3.0,112.0,112.0,336.0,0.10229238,0.108548164,-0.014677121,0.062307026,0.0068883067,-0.001817029,0.09818193,-0.037248995,1.7320397,-0.7393628,0.24899055,-1.0029306,-0.22744605,0.31418258,0.04490468,-0.101506054,-0.01650292,0.014481614,0.0039622653,0.13767718,0.00044493825,0.0,0.1040364,0.0015393568,-0.16259475,0.0,-0.044845346,0.0,0.0,0.4849388,-0.0023868156,0.09416488,-0.029798662,-0.068386294,1.430849,0.16529422,0.0,0.0,-0.0010265645,0.044194326,0.0,-0.0003179027,2.233725,0.37125486,0.0031234876,-0.15614672,-0.013744132,-0.22703706,-0.06446735,1.1387156,-0.18993436,0.47541627,0.0,0.15100652,11.912147,18.38313
0.2,0.0,0.0,1.0,0.0,0.0,14.0,1.0,77.0,105.0,120.63333333333334,533.1776470588235,0.0,1.0,0.0,0.0,0.0,0.0,0.0,0.0,0.0,0.0,0.0,0.0,0.0,0.0,0.0,0.0,0.0,1.0,0.0,0.0,0.0,1.0,7.0,1.0,0.0,0.0,0.0,0.0,0.0,0.0,28.0,5.6000000000000005,0.0,1.0,0.0,0.0,0.0,108.0,3.0,182.0,182.0,546.0,0.07606547,0.1199427,-0.01762625,0.05247039,0.0069622477,-0.004750513,0.016552286,-0.038248982,1.8065934,-0.7820185,0.23717462,-1.0344527,-0.22344606,0.30299413,0.034451727,-0.10621274,-0.017765762,0.013499763,0.00040838908,0.124519564,0.00041973076,0.0,0.087881185,0.0014044975,-0.16091469,0.0,-0.03644121,0.0,0.0,0.4906989,0.015428157,0.09109191,-0.030608615,-0.06670976,1.448786,0.11704673,0.0,0.0,-0.00329905,0.04384747,0.0,-0.00034404846,2.2701173,0.44125828,0.0040069073,-0.24280143,-0.020581257,-0.24019688,-0.21723178,-0.90730613,-0.3241095,-0.23052466,0.0,-0.067935504,11.912147,14.942238
0.2,0.0,0.0,1.0,0.0,0.0,14.0,1.0,98.0,105.0,120.63333333333334,533.1776470588235,0.0,1.0,0.0,0.0,0.0,0.0,0.0,0.0,0.0,0.0,0.0,0.0,0.0,0.0,0.0,0.0,0.0,1.0,0.0,0.0,0.0,1.0,10.0,0.0,0.0,0.0,0.0,1.0,0.0,0.0,28.0,5.6000000000000005,0.0,1.0,0.0,0.0,0.0,96.0,3.0,364.0,364.0,1092.0,-0.032093756,0.13302599,-0.016821416,0.03905951,0.0014103071,-0.004721523,-0.2490112,-0.06044505,1.3197057,-0.46384686,0.15870692,-1.1993338,-0.43297425,0.28053477,0.03490821,-0.10482736,-0.02612829,0.011760616,0.0011988613,0.12085626,0.0004064841,0.0,0.097456425,0.00032489412,-0.14464578,0.0,-0.038506854,0.0,0.0,0.23878522,0.021635015,0.076722965,-0.032472733,-0.04568874,-2.1435182,-0.15070623,0.0,0.0,-0.0035070907,-0.20703106,0.0,-0.00027301934,1.9047393,0.3073274,0.0026492646,-0.24310143,-0.018938033,-0.20460097,-0.18587452,-0.87140274,-0.31723782,-0.00020985788,0.0,-0.043431398,11.912147,9.422012
0.2,0.0,0.0,1.0,0.0,0.0,14.0,1.0,98.0,105.0,120.63333333333334,533.1776470588235,0.0,1.0,0.0,0.0,0.0,0.0,0.0,0.0,0.0,0.0,0.0,0.0,0.0,0.0,0.0,0.0,0.0,1.0,0.0,0.0,0.0,1.0,10.0,0.0,0.0,0.0,0.0,1.0,0.0,0.0,28.0,5.6000000000000005,0.0,1.0,0.0,0.0,0.0,94.0,1.2,140.0,140.0,168.0,-0.03661786,0.12372062,-0.016648833,0.04997108,0.0016363529,-0.00488132,-0.28013206,-0.052662224,1.3931133,-0.4378323,0.16733634,-1.216901,-0.42057082,0.29822826,0.04955332,-0.10357807,-0.026368678,0.013632228,0.003620713,0.12197122,0.00043154156,0.0,0.17830849,0.0018966394,-0.14598046,0.0,-0.043737914,0.0,0.0,0.19367851,0.0033663386,0.073079385,-0.029962616,-0.045489274,-2.0173492,-0.2131948,0.0,0.0,-0.001241742,-0.36428788,0.0,-0.00065277086,1.8737799,0.30540508,0.0039097914,-0.1576929,-0.0087542115,-0.17480016,-0.13231553,0.29964465,1.490498,-0.09183846,0.0,0.15685065,11.912147,12.692286
0.2,0.0,0.0,1.0,0.0,0.0,14.0,1.0,98.0,105.0,120.63333333333334,533.1776470588235,0.0,1.0,0.0,0.0,0.0,0.0,0.0,0.0,0.0,0.0,0.0,0.0,0.0,0.0,0.0,0.0,0.0,1.0,0.0,0.0,0.0,1.0,10.0,0.0,0.0,0.0,0.0,1.0,0.0,0.0,28.0,5.6000000000000005,0.0,1.0,0.0,0.0,0.0,90.0,1.8,140.0,140.0,252.0,-0.047010988,0.12180495,-0.016430553,0.04860106,0.0014103071,-0.0071589877,-0.27725595,-0.054083955,1.3367952,-0.41028538,0.17166623,-1.229945,-0.42497632,0.2953808,0.048571613,-0.10352589,-0.030497001,0.012724284,0.0032992377,0.12518024,0.00046127877,0.0,0.120449364,0.0014470689,-0.14490823,0.0,-0.044173613,0.0,0.0,0.21781376,0.011627567,0.073639475,-0.031631093,-0.04813084,-2.0833828,-0.2133086,0.0,0.0,-0.0011090336,-0.22228186,0.0,-0.0026268554,1.9330239,0.28312844,0.003920503,-0.18720452,-0.0074763075,-0.18069765,-0.13244368,0.32649738,0.97542626,-0.08612168,0.0,0.11730779,11.912147,12.155657
0.2,0.0,0.0,1.0,0.0,0.0,14.0,1.0,98.0,105.0,120.63333333333334,533.1776470588235,0.0,1.0,0.0,0.0,0.0,0.0,0.0,0.0,0.0,0.0,0.0,0.0,0.0,0.0,0.0,0.0,0.0,1.0,0.0,0.0,0.0,1.0,10.0,0.0,0.0,0.0,0.0,1.0,0.0,0.0,28.0,5.6000000000000005,0.0,1.0,0.0,0.0,0.0,92.0,2.4,140.0,140.0,336.0,-0.038657457,0.11746835,-0.017006975,0.048832137,0.0014103071,-0.0040887706,-0.2919119,-0.052260894,1.3903435,-0.46669108,0.16796045,-1.2262907,-0.4195092,0.2998506,0.049109828,-0.10327273,-0.026613144,0.012842762,0.0007662276,0.11888698,0.00036967514,0.0,0.15401883,0.0018966394,-0.14988944,0.0,-0.045658637,0.0,0.0,0.23212682,0.000572221,0.07572918,-0.0330335,-0.04699172,-2.04349,-0.21796027,0.0,0.0,-0.0013724228,-0.20605385,0.0,-0.0026268554,1.8648695,0.34277776,0.0033740562,-0.17694576,-0.007821414,-0.19489817,-0.12538828,0.23862179,0.26931846,-0.09718094,0.0,0.16676715,11.912147,11.474447
0.2,0.0,0.0,1.0,0.0,0.0,14.0,1.0,98.0,105.0,120.63333333333334,533.1776470588235,0.0,1.0,0.0,0.0,0.0,0.0,0.0,0.0,0.0,0.0,0.0,0.0,0.0,0.0,0.0,0.0,0.0,1.0,0.0,0.0,0.0,1.0,10.0,0.0,0.0,0.0,0.0,1.0,0.0,0.0,28.0,5.6000000000000005,0.0,1.0,0.0,0.0,0.0,92.0,3.0,140.0,140.0,420.0,-0.042190157,0.12686351,-0.016915893,0.039630447,0.0014103071,-0.004779869,-0.24346498,-0.05465193,1.4153063,-0.44195625,0.16279672,-1.2142317,-0.42924145,0.30076033,0.04354384,-0.10412707,-0.025912898,0.011719014,0.00057462277,0.12011261,0.00036967514,0.0,0.04301402,0.0014044975,-0.14842209,0.0,-0.04558607,0.0,0.0,0.23976848,0.00048069554,0.077571385,-0.033056896,-0.046862543,-2.080178,-0.20531854,0.0,0.0,-0.0012315066,-0.20880195,0.0,-0.0020059976,1.8721623,0.3487326,0.005226288,-0.24066858,-0.014597816,-0.20224531,-0.11580495,0.14289367,-0.33542642,-0.16891715,0.0,-0.05867854,11.912147,10.381215
0.2,0.0,0.0,1.0,0.0,0.0,14.0,1.0,98.0,105.0,120.63333333333334,533.1776470588235,0.0,1.0,0.0,0.0,0.0,0.0,0.0,0.0,0.0,0.0,0.0,0.0,0.0,0.0,0.0,0.0,0.0,1.0,0.0,0.0,0.0,1.0,10.0,0.0,0.0,0.0,0.0,1.0,0.0,0.0,28.0,5.6000000000000005,0.0,1.0,0.0,0.0,0.0,29.0,3.0,280.0,280.0,840.0,-0.01338449,0.10573754,-0.01697295,0.03664091,0.0014103071,-0.002130319,-0.2128677,-0.054229867,1.2849255,-0.44378173,0.16572309,-1.2271786,-0.43132514,0.29432184,0.045413226,-0.10532786,-0.025209874,0.011948748,0.0013875997,0.13035417,0.00039941235,0.0,0.14090285,0.0017003166,-0.14629315,0.0,-0.048261918,0.0,0.0,0.2228509,0.0022630873,0.07853844,-0.03183553,-0.048274092,-2.1215932,-0.20868407,0.0,0.0,-0.0012315066,-0.1940811,0.0,-0.00034087923,1.9219834,0.2996157,0.0048537245,-0.198359,-0.01202318,-0.19633085,-0.10330183,0.9441324,-0.22564696,-0.0048261657,0.0,-0.013683463,11.912147,11.520074
0.2,0.0,0.0,1.0,0.0,0.0,14.0,1.0,98.0,105.0,120.63333333333334,533.1776470588235,0.0,1.0,0.0,0.0,0.0,0.0,0.0,0.0,0.0,0.0,0.0,0.0,0.0,0.0,0.0,0.0,0.0,1.0,0.0,0.0,0.0,1.0,10.0,0.0,0.0,0.0,0.0,1.0,0.0,0.0,28.0,5.6000000000000005,0.0,1.0,0.0,0.0,1.0,412.0,3.0,392.0,392.0,1176.0,-0.029232,0.13223127,-0.01594821,0.040085483,0.0013909397,-0.0022071658,-0.33913186,-0.051240113,1.34528,-0.44868186,0.16265541,-1.1849954,-0.42447853,0.28129736,0.04044067,-0.10463376,-0.02610924,0.012874503,0.0017126546,0.11966041,0.00034813263,0.0,0.11748037,0.0018789499,-0.1440736,0.0,-0.035744976,0.0,0.0,0.29379407,0.028181106,0.08114956,-0.03283679,-0.05109263,-2.1242876,-0.1781581,0.0,0.0,-0.001245338,-0.22052458,0.0,-0.00027301934,1.8592275,0.34809726,0.0009117628,-0.18509673,-0.017606176,-0.19649951,0.07228387,0.16463223,-0.27515247,0.08947667,0.0,-0.049098868,11.912147,10.968886
0.2,0.0,0.0,1.0,0.0,0.0,14.0,1.0,98.0,105.0,120.63333333333334,533.1776470588235,0.0,1.0,0.0,0.0,0.0,0.0,0.0,0.0,0.0,0.0,0.0,0.0,0.0,0.0,0.0,0.0,0.0,1.0,0.0,0.0,0.0,1.0,10.0,0.0,0.0,0.0,0.0,1.0,0.0,0.0,28.0,5.6000000000000005,0.0,1.0,0.0,0.0,1.0,204.0,1.8,392.0,392.0,705.6,-0.047333017,0.10800095,-0.015314264,0.039772924,0.0013909397,-0.0049540172,-0.33398405,-0.055057034,1.4031249,-0.40772563,0.16295849,-1.1903815,-0.4178744,0.27718347,0.042288452,-0.104874454,-0.026369037,0.012799322,0.003720194,0.12160887,0.00038305053,0.0,0.19340855,0.0018818689,-0.14086689,0.0,-0.035925947,0.0,0.0,0.24471211,0.02747903,0.07807389,-0.03182496,-0.050476037,-2.0351343,-0.18043509,0.0,0.0,-0.0010146971,-0.3032282,0.0,-0.00038334882,1.8413516,0.32460353,0.0054322565,-0.15950267,-0.008947264,-0.17418265,0.1287514,-0.3950509,1.3920295,0.113386,0.0,-0.00930746,11.912147,12.306338
0.2,0.0,0.0,1.0,0.0,0.0,14.0,1.0,98.0,105.0,120.63333333333334,533.1776470588235,0.0,1.0,0.0,0.0,0.0,0.0,0.0,0.0,0.0,0.0,0.0,0.0,0.0,0.0,0.0,0.0,0.0,1.0,0.0,0.0,0.0,1.0,10.0,0.0,0.0,0.0,0.0,1.0,0.0,0.0,28.0,5.6000000000000005,0.0,1.0,0.0,0.0,1.0,2432.0,3.0,392.0,392.0,1176.0,-0.030554092,0.14474939,-0.016464602,0.040330715,0.0013909397,-0.0024243281,-0.3763178,-0.05004918,1.399074,-0.4475682,0.15880126,-1.186406,-0.42351586,0.28182116,0.036704823,-0.10886293,-0.02484889,0.011337282,0.00012933387,0.118143566,0.0003888064,0.0,0.11178885,0.0018789499,-0.14606006,0.0,-0.035373423,0.0,0.0,0.2774888,0.009827907,0.080843195,-0.033116996,-0.05047113,-2.1479204,-0.16059443,0.0,0.0,-0.0024730833,-0.20010184,0.0,-0.00026533625,1.8797616,0.3458819,0.00074806146,-0.21764888,-0.020555269,-0.20231324,0.07838181,-1.0557634,-0.3312455,0.0148617895,0.0,-0.044430397,11.912147,9.591133
0.2,0.0,0.0,1.0,0.0,0.0,14.0,1.0,98.0,105.0,120.63333333333334,533.1776470588235,0.0,1.0,0.0,0.0,0.0,0.0,0.0,0.0,0.0,0.0,0.0,0.0,0.0,0.0,0.0,0.0,0.0,1.0,0.0,0.0,0.0,1.0,10.0,0.0,0.0,0.0,0.0,1.0,0.0,0.0,28.0,5.6000000000000005,0.0,1.0,0.0,0.0,1.0,1467.0,3.0,1120.0,1120.0,3360.0,-0.034894906,0.16415098,-0.016479963,0.04134478,0.0013909397,-0.0021174147,-0.3509752,-0.051279034,1.3482605,-0.47397992,0.16275056,-1.1893815,-0.4202881,0.28018436,0.037052434,-0.1080899,-0.027015116,0.0106415795,0.0017113823,0.11829476,0.00037742176,0.0,0.115167886,0.0018789499,-0.14384013,0.0,-0.034747574,0.0,0.0,0.2653087,0.015260744,0.08327733,-0.03281616,-0.04797274,-2.1383955,-0.17742579,0.0,0.0,-0.0011317902,-0.19966352,0.0,-0.00027301934,1.8755978,0.3430077,0.0008375832,-0.18978384,-0.019566096,-0.19969575,0.08400892,-0.18694343,-0.28019485,0.2512681,0.0,-0.05412977,11.912147,10.732837
0.2,0.0,0.0,1.0,0.0,0.0,14.0,1.0,98.0,105.0,120.63333333333334,533.1776470588235,0.0,1.0,0.0,0.0,0.0,0.0,0.0,0.0,0.0,0.0,0.0,0.0,0.0,0.0,0.0,0.0,0.0,1.0,0.0,0.0,0.0,1.0,10.0,0.0,0.0,0.0,0.0,1.0,0.0,0.0,28.0,5.6000000000000005,0.0,1.0,0.0,0.0,1.0,349.0,3.0,476.0,476.0,1428.0,-0.05352691,0.13806106,-0.016356852,0.051996138,0.0013909397,-0.0032328023,-0.28497368,-0.050770443,1.3813446,-0.46189696,0.15975508,-1.1917955,-0.42169377,0.27868286,0.03648118,-0.10485198,-0.028623497,0.010623155,0.00097200094,0.11756771,0.000366356,0.0,0.10253329,0.0018818689,-0.14435166,0.0,-0.035350554,0.0,0.0,0.269802,0.014939676,0.0821675,-0.03302643,-0.047803257,-2.1404138,-0.18562488,0.0,0.0,-0.0015756253,-0.19559382,0.0,-0.00027301934,1.869842,0.35090643,0.0006581595,-0.23174146,-0.018744057,-0.20017898,0.06940563,-0.8608263,-0.35806763,-0.054955516,0.0,-0.07624702,11.912147,9.649025
0.2,0.0,0.0,1.0,0.0,0.0,14.0,1.0,98.0,105.0,120.63333333333334,533.1776470588235,0.0,1.0,0.0,0.0,0.0,0.0,0.0,0.0,0.0,0.0,0.0,0.0,0.0,0.0,0.0,0.0,0.0,1.0,0.0,0.0,0.0,1.0,10.0,0.0,0.0,0.0,0.0,1.0,0.0,0.0,28.0,5.6000000000000005,1.0,0.0,0.0,0.0,1.0,175.0,3.0,224.0,224.0,672.0,-0.037908994,0.100776695,-0.015767371,0.034302246,0.0013909397,-0.00246465,-0.2851857,-0.056003164,1.4400347,-0.48039755,0.15830402,-1.1796105,-0.41657022,0.27369365,0.038591962,-0.105559595,-0.028246794,0.011446735,0.00095945445,0.11840229,0.00038468535,0.0,0.120711036,0.0060863295,-0.1390271,0.0,-0.038336318,0.0,0.0,0.24435204,0.03138091,0.076239936,-0.033700943,-0.050832268,-2.160254,-0.12528558,0.0,0.0,-0.0012944785,-0.21680853,0.0,-0.0001783321,1.7860146,0.3665175,-0.0054388475,0.71692044,-0.02107301,-0.25155282,0.10152423,-0.79958624,-0.28386602,-0.050217714,0.0,-0.01697621,11.912147,10.738037
0.2,0.0,0.0,1.0,0.0,0.0,14.0,1.0,98.0,105.0,120.63333333333334,533.1776470588235,0.0,1.0,0.0,0.0,0.0,0.0,0.0,0.0,0.0,0.0,0.0,0.0,0.0,0.0,0.0,0.0,0.0,1.0,0.0,0.0,0.0,1.0,10.0,0.0,0.0,0.0,0.0,1.0,0.0,0.0,28.0,5.6000000000000005,0.0,0.0,1.0,0.0,1.0,125.0,3.0,392.0,392.0,1176.0,-0.04298548,0.13291892,-0.01486916,0.044751737,-0.00028544792,-0.002859596,-0.2388899,-0.0538215,1.3829713,-0.49142954,0.15990654,-1.1801038,-0.41586015,0.27032048,0.036925536,-0.10402368,-0.027095364,0.011012789,0.001377837,0.11697472,0.00041499845,0.0,0.08971465,0.0062896293,-0.14046822,0.0,-0.039333235,0.0,0.0,0.27339983,0.01831642,0.07647839,-0.032262344,-0.047284584,-2.1056902,-0.15348478,0.0,0.0,-0.0012063175,-0.23877679,0.0,-0.00016026455,1.8427265,0.35880378,0.02614386,0.78608894,0.26215377,-0.24167354,0.112674296,-0.55398685,-0.24438347,0.04594159,0.0,-0.047056925,11.912147,11.550465
0.2,0.0,0.0,1.0,0.0,0.0,14.0,1.0,98.0,105.0,120.63333333333334,533.1776470588235,0.0,1.0,0.0,0.0,0.0,0.0,0.0,0.0,0.0,0.0,0.0,0.0,0.0,0.0,0.0,0.0,0.0,1.0,0.0,0.0,0.0,1.0,10.0,0.0,0.0,0.0,0.0,1.0,0.0,0.0,28.0,5.6000000000000005,0.0,0.0,0.0,1.0,1.0,17.0,3.0,364.0,364.0,1092.0,-0.03153161,0.09312554,-0.017663924,0.04287695,0.0021571708,-0.001620433,-0.22062789,-0.042465337,1.327569,-0.45604417,0.16786222,-1.2450777,-0.4224901,0.21256487,0.044768337,-0.0854955,-0.028165428,0.011974513,0.00032945198,0.12653217,0.0004891147,0.0,0.2193526,0.009040398,-0.14250836,0.0,-0.054256503,0.0,0.0,0.26448438,0.028580619,0.06515586,-0.029397901,-0.049537912,-2.1731136,-0.16539758,0.0,0.0,-0.0008520919,-0.18770874,0.0,-0.00017453752,1.7588563,0.34495172,0.00709155,0.4183269,-0.012131594,1.0735083,0.04197499,-0.2996491,-0.19549838,-0.02302691,0.0,-0.01625175,11.912147,12.273035
0.2,0.0,0.0,1.0,0.0,0.0,14.0,1.0,98.0,105.0,120.63333333333334,533.1776470588235,0.0,1.0,0.0,0.0,0.0,0.0,0.0,0.0,0.0,0.0,0.0,0.0,0.0,0.0,0.0,0.0,0.0,1.0,0.0,0.0,0.0,1.0,10.0,0.0,0.0,0.0,0.0,1.0,0.0,0.0,28.0,5.6000000000000005,0.0,0.0,0.0,1.0,1.0,14.0,3.0,364.0,364.0,1092.0,0.06211275,0.064050965,-0.01573472,0.045401044,0.0021571708,-0.0012046944,-0.20611979,-0.04122503,1.3143102,-0.49230614,0.16494212,-1.2160634,-0.36217457,0.1432743,0.053743705,-0.07370375,-0.024128547,0.01950436,0.011462999,0.13749139,0.0042445036,0.0,0.34265032,0.006862231,-0.13574794,0.0,-0.049279246,0.0,0.0,0.25362536,0.018051246,0.06122376,-0.029397901,-0.047955368,-1.9700757,-0.16451621,0.0,0.0,-0.0008520919,-0.56016886,0.0,-0.00017453752,1.757655,0.39172718,0.007910657,0.61669177,-0.011798496,1.0977442,0.040031683,3.3509386,-0.12104401,0.0023222817,0.0,-0.005895597,11.912147,16.352695
0.2,0.0,0.0,1.0,0.0,0.0,14.0,1.0,98.0,105.0,120.63333333333334,533.1776470588235,0.0,1.0,0.0,0.0,0.0,0.0,0.0,0.0,0.0,0.0,0.0,0.0,0.0,0.0,0.0,0.0,0.0,1.0,0.0,0.0,0.0,1.0,10.0,0.0,0.0,0.0,0.0,1.0,0.0,0.0,28.0,5.6000000000000005,0.0,0.0,0.0,1.0,1.0,31.0,3.0,364.0,364.0,1092.0,-0.002173557,0.066591635,-0.016780516,0.04620766,0.004140489,-0.0021830355,-0.25826567,-0.04304772,1.2943966,-0.42935583,0.17306146,-1.2494543,-0.41494438,0.21702012,0.04802036,-0.089432694,-0.025058927,0.01229096,0.0014913172,0.13110878,0.00049364445,0.0,0.20233075,0.0061264257,-0.14237319,0.0,-0.05109566,0.0,0.0,0.27097675,0.006997034,0.06746976,-0.029307239,-0.04957744,-2.1784317,-0.1843004,0.0,0.0,-0.0007470841,-0.20344996,0.0,-0.0005067089,1.8331901,0.34044328,0.027243897,0.7954233,-0.013410627,1.2477076,0.05954094,0.97290754,-0.1756384,0.020909764,0.0,-0.016530732,11.912147,14.182173
0.2,0.0,0.0,1.0,0.0,0.0,14.0,1.0,98.0,105.0,120.63333333333334,533.1776470588235,0.0,1.0,0.0,0.0,0.0,0.0,0.0,0.0,0.0,0.0,0.0,0.0,0.0,0.0,0.0,0.0,0.0,1.0,0.0,0.0,0.0,1.0,10.0,0.0,0.0,0.0,0.0,1.0,0.0,0.0,28.0,5.6000000000000005,0.0,1.0,0.0,0.0,1.0,194.0,3.0,392.0,392.0,1176.0,-0.041633997,0.13260038,-0.018133286,0.040392507,0.0013909397,-0.0061491556,-0.27074,-0.055035684,1.3487961,-0.42652598,0.1586367,-1.1964694,-0.4290418,0.28147912,0.03591917,-0.10516057,-0.031139439,0.011399205,-0.0018497462,0.119245276,0.0003947204,0.0,0.13984358,0.0018818689,-0.14413276,0.0,-0.036652304,0.0,0.0,0.26982802,0.02144469,0.07846515,-0.03267998,-0.050484613,-2.122775,-0.16202848,0.0,0.0,-0.0020789392,-0.20859627,0.0,-0.00027301934,1.858637,0.34223416,-0.0011570521,-0.2657486,-0.021546694,-0.20554249,0.05971984,-1.5534065,-0.37317035,-0.005410586,0.0,-0.0950857,11.912147,8.951809
0.2,0.0,0.0,1.0,0.0,0.0,14.0,1.0,98.0,105.0,120.63333333333334,533.1776470588235,0.0,1.0,0.0,0.0,0.0,0.0,0.0,0.0,0.0,0.0,0.0,0.0,0.0,0.0,0.0,0.0,0.0,1.0,0.0,0.0,0.0,1.0,10.0,0.0,0.0,0.0,0.0,1.0,0.0,0.0,28.0,5.6000000000000005,0.0,1.0,0.0,0.0,1.0,117.0,3.0,476.0,476.0,1428.0,-0.044257488,0.13443609,-0.01578578,0.04178453,0.0013909397,-0.0047868374,-0.2782058,-0.054296467,1.3918147,-0.47144803,0.1594056,-1.198277,-0.4238496,0.27592888,0.034912728,-0.105143405,-0.027648186,0.010143954,0.0013733255,0.1190882,0.00037802587,0.0,0.104077294,0.0018818689,-0.14411844,0.0,-0.03671768,0.0,0.0,0.2639662,0.0135394065,0.07769796,-0.03296021,-0.046078723,-2.1383374,-0.16130704,0.0,0.0,-0.0013139327,-0.21496873,0.0,-0.00027301934,1.906333,0.3446347,0.0017331677,-0.23913246,-0.020003976,-0.20212115,0.10824846,-0.61434513,-0.31962547,0.120290264,0.0,-0.07611996,11.912147,10.154085
0.2,0.0,0.0,1.0,0.0,0.0,14.0,1.0,98.0,105.0,120.63333333333334,533.1776470588235,0.0,1.0,0.0,0.0,0.0,0.0,0.0,0.0,0.0,0.0,0.0,0.0,0.0,0.0,0.0,0.0,0.0,1.0,0.0,0.0,0.0,1.0,10.0,0.0,0.0,0.0,0.0,1.0,0.0,0.0,28.0,5.6000000000000005,0.0,1.0,0.0,0.0,0.0,19.0,3.0,112.0,112.0,336.0,-0.020033741,0.10791323,-0.014674102,0.05829886,0.0013363659,-0.0017193458,-0.20333529,-0.053000942,1.3190144,-0.42372516,0.16511202,-1.1995542,-0.43224034,0.29452044,0.04521236,-0.10089756,-0.025877804,0.012401436,0.0039963303,0.13156113,0.00039488266,0.0,0.074852884,0.0015393568,-0.14498045,0.0,-0.04740722,0.0,0.0,0.24326573,-0.0048706103,0.08011297,-0.031816345,-0.047441084,-2.099705,-0.2158366,0.0,0.0,-0.0010265645,-0.21129532,0.0,-0.00034087923,1.8444387,0.24265657,0.0040562833,-0.16639704,-0.011693427,-0.18861768,-0.08783086,1.0989646,-0.20437363,0.5021362,0.0,0.14475459,11.912147,12.34999
0.2,0.0,0.0,1.0,0.0,0.0,14.0,1.0,98.0,105.0,120.63333333333334,533.1776470588235,0.0,1.0,0.0,0.0,0.0,0.0,0.0,0.0,0.0,0.0,0.0,0.0,0.0,0.0,0.0,0.0,0.0,1.0,0.0,0.0,0.0,1.0,10.0,0.0,0.0,0.0,0.0,1.0,0.0,0.0,28.0,5.6000000000000005,0.0,1.0,0.0,0.0,0.0,108.0,3.0,182.0,182.0,546.0,-0.03516857,0.12854728,-0.01762323,0.04232395,0.0014103071,-0.004780226,-0.24744922,-0.05984744,1.4003437,-0.46549678,0.15690148,-1.2095759,-0.43240562,0.28178564,0.03486951,-0.10564043,-0.026940629,0.011122401,0.0004424539,0.12071581,0.00036967514,0.0,0.059074473,0.0014044975,-0.14330037,0.0,-0.037997324,0.0,0.0,0.24688485,0.01352291,0.07749,-0.032626297,-0.045764543,-2.1372085,-0.15072079,0.0,0.0,-0.00329905,-0.20880195,0.0,-0.00035155588,1.9037414,0.30314454,0.00482272,-0.24790023,-0.018077482,-0.20290527,-0.2146278,-0.886703,-0.32755303,-0.21290489,0.0,-0.05819837,11.912147,9.167193
0.4,1.0,0.0,0.0,0.0,0.0,28.0,1.0,56.0,189.0,20.1,55.0,0.0,1.0,0.0,0.0,0.0,0.0,0.0,0.0,0.0,0.0,0.0,0.0,0.0,0.0,0.0,0.0,0.0,1.0,0.0,0.0,0.0,1.0,3.0,1.0,0.0,0.0,0.0,0.0,0.0,0.0,28.0,11.2,0.0,1.0,0.0,0.0,0.0,96.0,3.0,364.0,364.0,1092.0,1.5842619,-0.025404971,-0.013853086,-0.015350505,0.007014873,-0.0045483513,0.3988456,-0.03413494,1.8890288,2.1555102,1.0761095,-0.85743123,-0.17283186,0.1406852,0.10015653,-0.094217606,-0.01676797,0.016406061,0.00082922773,0.121166155,0.00069171685,0.0,0.065047525,0.0011292906,-0.13729069,0.0,-0.03611121,0.0,0.0,0.3921558,0.014101664,0.060141314,-0.027136277,-0.06855352,7.6054325,0.016453534,0.0,0.0,-0.0036828017,0.037727613,0.0,-0.00013162293,2.5889618,0.45618543,0.0039926698,-0.24121358,-0.016159777,-0.19661392,-0.24790658,-0.7941656,-0.33247837,-0.010541181,0.0,-0.05206058,11.912147,27.24559
0.4,1.0,0.0,0.0,0.0,0.0,28.0,1.0,56.0,189.0,20.1,55.0,0.0,1.0,0.0,0.0,0.0,0.0,0.0,0.0,0.0,0.0,0.0,0.0,0.0,0.0,0.0,0.0,0.0,1.0,0.0,0.0,0.0,1.0,3.0,1.0,0.0,0.0,0.0,0.0,0.0,0.0,28.0,11.2,0.0,1.0,0.0,0.0,0.0,94.0,1.2,140.0,140.0,168.0,1.5938138,-0.006826526,-0.013308695,-0.018614946,0.008326027,-0.0032505593,0.48868886,-0.034916416,1.8552712,2.1062555,1.1003518,-0.86978227,-0.17054231,0.15110904,0.119049944,-0.09259495,-0.016959345,0.01741982,0.0018771435,0.1312132,0.0007167743,0.0,0.09329229,0.0019168928,-0.13857663,0.0,-0.039442234,0.0,0.0,0.35980216,-0.0013096194,0.06649263,-0.024955656,-0.06826578,7.4826097,0.02366425,0.0,0.0,-0.0014174526,0.075586036,0.0,-0.00048586002,2.580166,0.47126985,0.004352671,-0.14924538,-0.008371517,-0.15965015,-0.11986739,0.21171817,1.5611777,-0.058967736,0.0,0.18931846,11.912147,30.610249
0.4,1.0,0.0,0.0,0.0,0.0,28.0,1.0,56.0,189.0,20.1,55.0,0.0,1.0,0.0,0.0,0.0,0.0,0.0,0.0,0.0,0.0,0.0,0.0,0.0,0.0,0.0,0.0,0.0,1.0,0.0,0.0,0.0,1.0,3.0,1.0,0.0,0.0,0.0,0.0,0.0,0.0,28.0,11.2,0.0,1.0,0.0,0.0,0.0,90.0,1.8,140.0,140.0,252.0,1.6222271,-0.008192913,-0.013299987,-0.01508408,0.007014873,-0.0037986448,0.49083212,-0.03651459,1.7909564,2.126355,0.9811244,-0.8357895,-0.17153598,0.14618938,0.11598705,-0.092161134,-0.019054227,0.016919117,0.0015556684,0.13230103,0.00074651156,0.0,0.08994482,0.0014673223,-0.13826989,0.0,-0.04066299,0.0,0.0,0.36860472,0.008082054,0.06456146,-0.026750239,-0.07007265,7.5181174,0.025614887,0.0,0.0,-0.0009040012,0.04335469,0.0,-0.00092842,2.584912,0.42390686,0.0046354337,-0.19337527,-0.007941591,-0.16965672,-0.12030319,0.12772991,0.95264184,-0.058319133,0.0,0.1569275,11.912147,29.692232
0.4,1.0,0.0,0.0,0.0,0.0,28.0,1.0,56.0,189.0,20.1,55.0,0.0,1.0,0.0,0.0,0.0,0.0,0.0,0.0,0.0,0.0,0.0,0.0,0.0,0.0,0.0,0.0,0.0,1.0,0.0,0.0,0.0,1.0,3.0,1.0,0.0,0.0,0.0,0.0,0.0,0.0,28.0,11.2,0.0,1.0,0.0,0.0,0.0,92.0,2.4,140.0,140.0,336.0,1.5766802,-0.007960299,-0.014075741,-0.013628395,0.007014873,-0.0026273641,0.4706901,-0.034082532,1.915997,2.1127493,1.0929195,-0.8539948,-0.16931841,0.15195915,0.114978366,-0.09316845,-0.016711796,0.017095363,0.00046839152,0.11804007,0.0006549079,0.0,0.08971794,0.0019168928,-0.14244826,0.0,-0.0419005,0.0,0.0,0.3820254,-0.0028983252,0.062978126,-0.028152643,-0.06898381,7.4819126,0.02315684,0.0,0.0,-0.0011673904,0.03778363,0.0,-0.00092842,2.560684,0.48956147,0.004524775,-0.18711537,-0.008152735,-0.18051976,-0.11721762,0.11175966,0.24831977,-0.06566176,0.0,0.18443981,11.912147,29.119453
0.4,1.0,0.0,0.0,0.0,0.0,28.0,1.0,56.0,189.0,20.1,55.0,0.0,1.0,0.0,0.0,0.0,0.0,0.0,0.0,0.0,0.0,0.0,0.0,0.0,0.0,0.0,0.0,0.0,1.0,0.0,0.0,0.0,1.0,3.0,1.0,0.0,0.0,0.0,0.0,0.0,0.0,28.0,11.2,0.0,1.0,0.0,0.0,0.0,92.0,3.0,140.0,140.0,420.0,1.5569315,-0.007993153,-0.0139846625,-0.010790357,0.007014873,-0.0046066977,0.47520685,-0.03449464,1.9567946,2.1830037,1.0851575,-0.8507896,-0.16949688,0.15617497,0.113582835,-0.09402025,-0.016694654,0.015499139,0.00026130147,0.11851331,0.0006549079,0.0,0.065362334,0.001424751,-0.14131972,0.0,-0.041931503,0.0,0.0,0.383943,-0.002694333,0.06260308,-0.02817604,-0.068967864,7.4942737,0.02484725,0.0,0.0,-0.0010264742,0.03788395,0.0,-0.00045578476,2.5678527,0.4815776,0.004505483,-0.24120355,-0.015532138,-0.1952435,-0.12689707,-0.014612639,-0.33102295,-0.1000694,0.0,-0.071772076,11.912147,28.121414
0.4,1.0,0.0,0.0,0.0,0.0,28.0,1.0,56.0,189.0,20.1,55.0,0.0,1.0,0.0,0.0,0.0,0.0,0.0,0.0,0.0,0.0,0.0,0.0,0.0,0.0,0.0,0.0,0.0,1.0,0.0,0.0,0.0,1.0,3.0,1.0,0.0,0.0,0.0,0.0,0.0,0.0,28.0,11.2,0.0,1.0,0.0,0.0,0.0,29.0,3.0,280.0,280.0,840.0,1.6497613,-0.007619523,-0.013881392,-0.009158192,0.007014873,-0.0018744065,0.4744073,-0.03369007,1.8252848,2.2206213,0.97242165,-0.7844331,-0.17048201,0.14238818,0.11485232,-0.093850836,-0.016408196,0.01609673,0.0010926388,0.1329643,0.0006846451,0.0,0.077400334,0.00172057,-0.1398181,0.0,-0.04464374,0.0,0.0,0.39214528,-0.0018465006,0.061169855,-0.027112093,-0.07040914,7.516975,0.025839098,0.0,0.0,-0.0010264742,0.03635703,0.0,-0.0001795183,2.5994785,0.4265111,0.0028155963,-0.19894437,-0.012330064,-0.18964012,-0.10869874,0.94909483,-0.20835544,-0.012258856,0.0,-0.04544069,11.912147,29.367134
0.4,1.0,0.0,0.0,0.0,0.0,28.0,1.0,56.0,189.0,20.1,55.0,0.0,1.0,0.0,0.0,0.0,0.0,0.0,0.0,0.0,0.0,0.0,0.0,0.0,0.0,0.0,0.0,0.0,1.0,0.0,0.0,0.0,1.0,3.0,1.0,0.0,0.0,0.0,0.0,0.0,0.0,28.0,11.2,0.0,1.0,0.0,0.0,1.0,412.0,3.0,392.0,392.0,1176.0,1.5842822,-0.025157487,-0.0129666105,-0.013472433,0.0069574923,-0.002033995,0.43827868,-0.0326889,1.931275,2.175518,1.0847943,-0.870806,-0.16704969,0.14019229,0.10633221,-0.09459081,-0.016206127,0.016764456,0.0013430208,0.120424196,0.0006219037,0.0,0.077305205,0.0018992034,-0.1373705,0.0,-0.03394127,0.0,0.0,0.39872947,0.036858372,0.060776655,-0.027233785,-0.07221411,7.517449,0.018842384,0.0,0.0,-0.001216701,0.03911517,0.0,-0.00013162293,2.5710094,0.49041575,0.0040205275,-0.16368659,-0.013130493,-0.18644242,0.08423875,0.23434891,-0.27792475,0.09269141,0.0,-0.032142848,11.912147,28.966223
0.4,1.0,0.0,0.0,0.0,0.0,28.0,1.0,56.0,189.0,20.1,55.0,0.0,1.0,0.0,0.0,0.0,0.0,0.0,0.0,0.0,0.0,0.0,0.0,0.0,0.0,0.0,0.0,0.0,1.0,0.0,0.0,0.0,1.0,3.0,1.0,0.0,0.0,0.0,0.0,0.0,0.0,28.0,11.2,0.0,1.0,0.0,0.0,1.0,204.0,1.8,392.0,392.0,705.6,1.551236,-0.023119755,-0.012265715,-0.01414041,0.0069574923,-0.0033232574,0.41976127,-0.03497149,1.8510171,2.0707853,1.0911119,-0.89742494,-0.1682618,0.13767003,0.10569824,-0.09366784,-0.016837953,0.0171195,0.0018401144,0.12807852,0.00064378954,0.0,0.09578933,0.0019021224,-0.13383622,0.0,-0.033557653,0.0,0.0,0.3763778,0.036174566,0.06541557,-0.026204875,-0.07142192,7.628518,0.01787856,0.0,0.0,-0.0009860602,0.06653966,0.0,-0.00021643794,2.5751977,0.49844438,0.0044104704,-0.15220338,-0.008055483,-0.15850621,0.13453355,-0.2793752,1.4284716,0.10632828,0.0,-0.020615757,11.912147,30.181055
0.4,1.0,0.0,0.0,0.0,0.0,28.0,1.0,56.0,189.0,20.1,55.0,0.0,1.0,0.0,0.0,0.0,0.0,0.0,0.0,0.0,0.0,0.0,0.0,0.0,0.0,0.0,0.0,0.0,1.0,0.0,0.0,0.0,1.0,3.0,1.0,0.0,0.0,0.0,0.0,0.0,0.0,28.0,11.2,0.0,1.0,0.0,0.0,1.0,2432.0,3.0,392.0,392.0,1176.0,1.5947232,-0.03293621,-0.013696211,-0.011981712,0.0069574923,-0.0022511573,0.4431763,-0.03221236,1.9398096,2.1486225,1.0788444,-0.8750618,-0.16796662,0.14051957,0.10164499,-0.0958869,-0.014923364,0.01476112,-0.0008750725,0.119567715,0.00066257745,0.0,0.056592997,0.0018992034,-0.13935696,0.0,-0.035359737,0.0,0.0,0.3998829,0.02104596,0.060283873,-0.02759645,-0.0715637,7.4332085,0.014962546,0.0,0.0,-0.0015774805,0.0369512,0.0,-0.00012393983,2.5761168,0.4820683,0.0040813233,-0.20094311,-0.017609939,-0.1944793,0.08722427,-1.1106946,-0.35488015,0.018751938,0.0,-0.029947791,11.912147,27.262579
0.4,1.0,0.0,0.0,0.0,0.0,28.0,1.0,56.0,189.0,20.1,55.0,0.0,1.0,0.0,0.0,0.0,0.0,0.0,0.0,0.0,0.0,0.0,0.0,0.0,0.0,0.0,0.0,0.0,1.0,0.0,0.0,0.0,1.0,3.0,1.0,0.0,0.0,0.0,0.0,0.0,0.0,28.0,11.2,0.0,1.0,0.0,0.0,1.0,1467.0,3.0,1120.0,1120.0,3360.0,1.5786912,-0.053435735,-0.013498365,-0.01699976,0.0069574923,-0.0023607898,0.43628058,-0.032523468,1.927093,2.1668673,1.0839828,-0.8887045,-0.16637716,0.13889186,0.102658704,-0.09461411,-0.017095719,0.015239181,0.0013417486,0.1204805,0.0006511929,0.0,0.061221536,0.0018992034,-0.13713703,0.0,-0.032055482,0.0,0.0,0.3855589,0.024858724,0.06482505,-0.027475365,-0.07071402,7.4391174,0.013404072,0.0,0.0,-0.0011031532,0.037081487,0.0,-0.00013162293,2.5677092,0.47602665,0.0039249165,-0.16512528,-0.014414708,-0.1889397,0.08675458,-0.22447723,-0.2881086,0.08841302,0.0,-0.034480326,11.912147,28.272308
0.4,1.0,0.0,0.0,0.0,0.0,28.0,1.0,56.0,189.0,20.1,55.0,0.0,1.0,0.0,0.0,0.0,0.0,0.0,0.0,0.0,0.0,0.0,0.0,0.0,0.0,0.0,0.0,0.0,1.0,0.0,0.0,0.0,1.0,3.0,1.0,0.0,0.0,0.0,0.0,0.0,0.0,28.0,11.2,0.0,1.0,0.0,0.0,1.0,349.0,3.0,476.0,476.0,1428.0,1.5511905,-0.028498357,-0.013375528,-0.018721687,0.0069574923,-0.0030596314,0.41236442,-0.031974874,1.9444295,2.1557124,1.0792624,-0.8821691,-0.1667448,0.13846757,0.10111749,-0.09474622,-0.01794643,0.015220757,-0.0003910941,0.11852344,0.0006270951,0.0,0.06301503,0.0019021224,-0.13794087,0.0,-0.031072473,0.0,0.0,0.40129182,0.025342869,0.061707955,-0.027479317,-0.070712514,7.5307918,0.019651286,0.0,0.0,-0.0015469883,0.036184993,0.0,-0.00013162293,2.5712743,0.49228197,0.0036030188,-0.21515742,-0.014191227,-0.18922871,0.07582799,-0.90108407,-0.36854818,-0.08555638,0.0,-0.046548154,11.912147,27.372068
0.4,1.0,0.0,0.0,0.0,0.0,28.0,1.0,56.0,189.0,20.1,55.0,0.0,1.0,0.0,0.0,0.0,0.0,0.0,0.0,0.0,0.0,0.0,0.0,0.0,0.0,0.0,0.0,0.0,1.0,0.0,0.0,0.0,1.0,3.0,1.0,0.0,0.0,0.0,0.0,0.0,0.0,28.0,11.2,1.0,0.0,0.0,0.0,1.0,175.0,3.0,224.0,224.0,672.0,1.5785084,-0.021255855,-0.01269794,-0.014035446,0.0069574923,-0.0021614016,0.4425024,-0.034514155,1.967348,2.0833204,1.0809854,-0.8641697,-0.16847867,0.1374996,0.09985297,-0.09384252,-0.01864136,0.015173009,0.0005259323,0.12052899,0.0006736914,0.0,0.077990815,0.006106583,-0.13194463,0.0,-0.035722844,0.0,0.0,0.39091837,0.04013667,0.059514437,-0.028013175,-0.072091684,7.5846457,0.023127899,0.0,0.0,-0.0014622789,0.039115734,0.0,-0.00011637042,2.5323644,0.51807946,-0.025714286,0.7392359,-0.016914198,-0.2129953,0.12422767,-0.7494896,-0.29926747,-0.028489335,0.0,-0.022933826,11.912147,28.726536
0.4,1.0,0.0,0.0,0.0,0.0,28.0,1.0,56.0,189.0,20.1,55.0,0.0,1.0,0.0,0.0,0.0,0.0,0.0,0.0,0.0,0.0,0.0,0.0,0.0,0.0,0.0,0.0,0.0,1.0,0.0,0.0,0.0,1.0,3.0,1.0,0.0,0.0,0.0,0.0,0.0,0.0,28.0,11.2,0.0,0.0,1.0,0.0,1.0,125.0,3.0,392.0,392.0,1176.0,1.570658,-0.024812935,-0.01222381,-0.018064443,0.006799642,-0.002556348,0.42992815,-0.03379998,1.9659824,2.0925775,1.0826275,-0.8574011,-0.16788435,0.13185583,0.1000841,-0.092163146,-0.017077576,0.01473838,0.0007532968,0.11856309,0.0006944407,0.0,0.066207305,0.0063098827,-0.13371865,0.0,-0.036763657,0.0,0.0,0.3961522,0.027072186,0.059662227,-0.027421992,-0.07042626,7.583355,0.02708163,0.0,0.0,-0.0013741178,0.04422347,0.0,-0.000102798294,2.5485218,0.52889395,0.017098762,0.77172387,0.21748218,-0.20371398,0.13220029,-0.5475438,-0.2636847,0.047920424,0.0,-0.047721107,11.912147,29.342852
0.4,1.0,0.0,0.0,0.0,0.0,28.0,1.0,56.0,189.0,20.1,55.0,0.0,1.0,0.0,0.0,0.0,0.0,0.0,0.0,0.0,0.0,0.0,0.0,0.0,0.0,0.0,0.0,0.0,1.0,0.0,0.0,0.0,1.0,3.0,1.0,0.0,0.0,0.0,0.0,0.0,0.0,28.0,11.2,0.0,0.0,0.0,1.0,1.0,17.0,3.0,364.0,364.0,1092.0,1.6438171,0.017451325,-0.014646652,-0.0052674417,0.007723724,-0.0011702213,0.45946166,-0.028228335,1.7651219,2.1007802,1.0054075,-0.86442727,-0.16363065,0.120132156,0.124209195,-0.08135942,-0.01945724,0.015004444,0.0013206792,0.1333853,0.0007781208,0.0,0.114736475,0.009060651,-0.13654822,0.0,-0.050682057,0.0,0.0,0.3853071,0.011646193,0.054373413,-0.025399404,-0.07160511,7.5335793,0.027294395,0.0,0.0,-0.0005788219,0.032354444,0.0,-0.00011351996,2.5760036,0.49249744,0.007376015,0.4178729,-0.010104795,0.9913963,0.05278765,-0.23549351,-0.17409262,-0.014532276,0.0,-0.016641656,11.912147,30.099037
0.4,1.0,0.0,0.0,0.0,0.0,28.0,1.0,56.0,189.0,20.1,55.0,0.0,1.0,0.0,0.0,0.0,0.0,0.0,0.0,0.0,0.0,0.0,0.0,0.0,0.0,0.0,0.0,0.0,1.0,0.0,0.0,0.0,1.0,3.0,1.0,0.0,0.0,0.0,0.0,0.0,0.0,28.0,11.2,0.0,0.0,0.0,1.0,1.0,14.0,3.0,364.0,364.0,1092.0,1.5543957,0.04161207,-0.015724583,-0.009379743,0.007723724,-0.0016747967,0.4774457,-0.027718091,1.8933098,2.079822,0.9996309,-0.90589434,-0.14653438,0.095046945,0.1306883,-0.078887716,-0.016231498,0.023281101,0.012454226,0.16140987,0.015664307,0.0,0.1504794,0.0068824845,-0.13262218,0.0,-0.04595359,0.0,0.0,0.38144624,0.013151117,0.053193986,-0.025399404,-0.07002256,7.1070185,0.027365696,0.0,0.0,-0.0005788219,0.0868001,0.0,-0.00011351996,2.5269263,0.5624166,0.007859649,0.6820624,-0.009877007,1.0049384,0.05375981,3.0986505,-0.12720412,0.017306264,0.0,-0.011215882,11.912147,33.55987
0.4,1.0,0.0,0.0,0.0,0.0,28.0,1.0,56.0,189.0,20.1,55.0,0.0,1.0,0.0,0.0,0.0,0.0,0.0,0.0,0.0,0.0,0.0,0.0,0.0,0.0,0.0,0.0,0.0,1.0,0.0,0.0,0.0,1.0,3.0,1.0,0.0,0.0,0.0,0.0,0.0,0.0,28.0,11.2,0.0,0.0,0.0,1.0,1.0,31.0,3.0,364.0,364.0,1092.0,1.6451573,0.011167749,-0.013408482,-0.008539616,0.009707042,-0.0017970452,0.45598984,-0.02837739,1.7535435,2.0749514,0.98712647,-0.89687836,-0.15680818,0.13819583,0.12697077,-0.08086198,-0.016202997,0.016386097,0.0012126658,0.13741757,0.00078265055,0.0,0.124760576,0.006146679,-0.13606618,0.0,-0.047514837,0.0,0.0,0.38533,0.0050479323,0.057014275,-0.02513116,-0.071644634,7.513622,0.031484857,0.0,0.0,-0.00047381414,0.037368108,0.0,-0.00019843625,2.5871437,0.48935586,0.017279943,0.7596937,-0.010704094,1.1797115,0.06487556,0.99550426,-0.16067475,0.027466832,0.0,-0.013339664,11.912147,31.883932
0.4,1.0,0.0,0.0,0.0,0.0,28.0,1.0,56.0,189.0,20.1,55.0,0.0,1.0,0.0,0.0,0.0,0.0,0.0,0.0,0.0,0.0,0.0,0.0,0.0,0.0,0.0,0.0,0.0,1.0,0.0,0.0,0.0,1.0,3.0,1.0,0.0,0.0,0.0,0.0,0.0,0.0,28.0,11.2,0.0,1.0,0.0,0.0,1.0,194.0,3.0,392.0,392.0,1176.0,1.5732726,-0.027042937,-0.014812923,-0.013724361,0.0069574923,-0.005975984,0.4120972,-0.033093233,1.8927507,2.1747942,1.0772132,-0.87450933,-0.1694222,0.14162958,0.10029185,-0.09511762,-0.020409085,0.015125479,-0.0046769977,0.119553864,0.0006554594,0.0,0.0712847,0.0019021224,-0.13742965,0.0,-0.034301054,0.0,0.0,0.40131783,0.030200459,0.061801028,-0.0270826,-0.07163183,7.5902276,0.018124305,0.0,0.0,-0.002050302,0.03777048,0.0,-0.00013162293,2.5829763,0.48728555,0.0017244943,-0.26233116,-0.017372075,-0.19594601,0.067451194,-1.5308018,-0.3841594,-0.0077351714,0.0,-0.082609035,11.912147,26.766186
0.4,1.0,0.0,0.0,0.0,0.0,28.0,1.0,56.0,189.0,20.1,55.0,0.0,1.0,0.0,0.0,0.0,0.0,0.0,0.0,0.0,0.0,0.0,0.0,0.0,0.0,0.0,0.0,0.0,1.0,0.0,0.0,0.0,1.0,3.0,1.0,0.0,0.0,0.0,0.0,0.0,0.0,28.0,11.2,0.0,1.0,0.0,0.0,1.0,117.0,3.0,476.0,476.0,1428.0,1.54944,-0.026498117,-0.013200326,-0.019108178,0.0069574923,-0.0046136654,0.41109988,-0.032850556,1.9350032,2.1892083,1.0762402,-0.850807,-0.16730946,0.13593751,0.100455634,-0.095028356,-0.01752283,0.014072444,0.0007286991,0.11965661,0.00063876493,0.0,0.062657155,0.0019021224,-0.13740884,0.0,-0.031813394,0.0,0.0,0.39545602,0.023908855,0.061433855,-0.027413096,-0.0697304,7.5806456,0.016659576,0.0,0.0,-0.0014896432,0.038529783,0.0,-0.00013162293,2.581893,0.49280858,0.003789948,-0.23344837,-0.0154017275,-0.19284569,0.13200638,-0.54548115,-0.32890624,0.097864024,0.0,-0.073612325,11.912147,28.05651
0.4,1.0,0.0,0.0,0.0,0.0,28.0,1.0,56.0,189.0,20.1,55.0,0.0,1.0,0.0,0.0,0.0,0.0,0.0,0.0,0.0,0.0,0.0,0.0,0.0,0.0,0.0,0.0,0.0,1.0,0.0,0.0,0.0,1.0,3.0,1.0,0.0,0.0,0.0,0.0,0.0,0.0,28.0,11.2,0.0,1.0,0.0,0.0,0.0,19.0,3.0,112.0,112.0,336.0,1.6587932,-0.006848471,-0.013647649,-0.013813472,0.006940932,-0.0014428825,0.4946017,-0.03335499,1.7970157,2.1960952,0.9725282,-0.8143789,-0.17012152,0.14120133,0.11314523,-0.092588484,-0.01665221,0.016529122,0.0025755921,0.13172275,0.0006801154,0.0,0.068393014,0.0015596102,-0.13866909,0.0,-0.044173736,0.0,0.0,0.39247775,-0.0067867874,0.061570093,-0.027136754,-0.06945708,7.4755764,0.025303926,0.0,0.0,-0.0008215321,0.035627786,0.0,-0.0001795183,2.587519,0.4225196,0.0045685326,-0.1648309,-0.0124603845,-0.1808229,-0.081466034,1.098948,-0.17284162,0.35906902,0.0,0.15765545,11.912147,30.072264
0.4,1.0,0.0,0.0,0.0,0.0,28.0,1.0,56.0,189.0,20.1,55.0,0.0,1.0,0.0,0.0,0.0,0.0,0.0,0.0,0.0,0.0,0.0,0.0,0.0,0.0,0.0,0.0,0.0,1.0,0.0,0.0,0.0,1.0,3.0,1.0,0.0,0.0,0.0,0.0,0.0,0.0,28.0,11.2,0.0,1.0,0.0,0.0,0.0,108.0,3.0,182.0,182.0,546.0,1.5737059,-0.024899382,-0.014654902,-0.016151244,0.007014873,-0.0046070544,0.4015797,-0.03498296,1.8813437,2.157424,1.0744042,-0.8631901,-0.17258275,0.14535756,0.09961934,-0.09543585,-0.01823117,0.014902525,0.00012913268,0.11971267,0.0006549079,0.0,0.06484768,0.001424751,-0.13611634,0.0,-0.035692696,0.0,0.0,0.38975853,0.011730527,0.06240385,-0.026967436,-0.06884566,7.5915003,0.016601473,0.0,0.0,-0.0034747606,0.03788395,0.0,-0.00020566405,2.587641,0.44837508,0.004398544,-0.24406071,-0.016236357,-0.19539714,-0.26961097,-0.87342656,-0.33646336,-0.18361542,0.0,-0.07930682,11.912147,26.890406
0.07,0.0,1.0,0.0,0.0,0.0,63.0,1.0,42.0,168.0,120.63333333333334,533.1776470588235,0.0,1.0,0.0,0.0,0.0,0.0,0.0,0.0,0.0,0.0,0.0,0.0,0.0,0.0,0.0,0.0,0.0,1.0,0.0,0.0,0.0,1.0,8.0,0.0,0.0,0.0,1.0,0.0,0.0,0.0,31.0,2.1700000000000004,0.0,1.0,0.0,0.0,0.0,96.0,3.0,364.0,364.0,1092.0,-0.029051626,0.14848737,0.1658011,-0.012493152,0.007014873,-0.0047382764,0.09889415,-0.03953489,-0.9531021,0.51385546,0.11078075,-0.7976056,-0.23371837,0.18557215,0.05245298,-0.09696317,-0.014245463,0.013547746,0.00181938,0.14190637,0.00044329537,0.0,0.09857722,-0.000114224495,-0.33690467,0.0,-0.04075455,0.0,0.0,0.33719718,0.0038770046,0.11401641,-0.031094728,-0.04644661,0.61654365,-0.025708053,0.0,0.0,0.13168986,0.030495614,0.0,-0.00013162293,2.252899,0.08125727,0.0039856867,-0.22001573,-0.013558116,-0.23981486,-0.17644817,-0.8317721,-0.33596343,-0.028332403,0.0,-0.06460311,11.912147,12.450153
0.07,0.0,1.0,0.0,0.0,0.0,63.0,1.0,42.0,168.0,120.63333333333334,533.1776470588235,0.0,1.0,0.0,0.0,0.0,0.0,0.0,0.0,0.0,0.0,0.0,0.0,0.0,0.0,0.0,0.0,0.0,1.0,0.0,0.0,0.0,1.0,8.0,0.0,0.0,0.0,1.0,0.0,0.0,0.0,31.0,2.1700000000000004,0.0,1.0,0.0,0.0,0.0,94.0,1.2,140.0,140.0,168.0,-0.049832378,0.14752015,0.16424322,-0.010778071,0.008326027,-0.0048016375,0.12564379,-0.038314506,-0.98686254,0.5606037,0.12767822,-0.7695449,-0.24185486,0.28271112,0.06516459,-0.09511328,-0.014379424,0.014786344,0.0044454364,0.14470303,0.00046835284,0.0,0.12361074,0.001159603,-0.3404592,0.0,-0.04687849,0.0,0.0,0.25072485,-0.0024578394,0.13067847,-0.028288879,-0.046075236,0.60292286,-0.030389477,0.0,0.0,0.05371569,0.06324214,0.0,-0.00048586002,2.2537508,0.044954088,0.0039740195,-0.13010189,-0.009485499,-0.20047934,-0.113596596,0.10421373,1.6007679,-0.039577417,0.0,0.18630436,11.912147,15.778703
0.07,0.0,1.0,0.0,0.0,0.0,63.0,1.0,42.0,168.0,120.63333333333334,533.1776470588235,0.0,1.0,0.0,0.0,0.0,0.0,0.0,0.0,0.0,0.0,0.0,0.0,0.0,0.0,0.0,0.0,0.0,1.0,0.0,0.0,0.0,1.0,8.0,0.0,0.0,0.0,1.0,0.0,0.0,0.0,31.0,2.1700000000000004,0.0,1.0,0.0,0.0,0.0,90.0,1.8,140.0,140.0,252.0,-0.057445437,0.14777748,0.16200604,-0.01130514,0.007014873,-0.0071096043,0.11652347,-0.04281654,-0.93317044,0.5462695,0.14266822,-0.7537782,-0.2529901,0.27918944,0.06301699,-0.09624901,-0.016484072,0.013859697,0.0032910372,0.15438703,0.00049809006,0.0,0.10703107,0.0009880944,-0.3290415,0.0,-0.048363157,0.0,0.0,0.29563904,0.005803391,0.12485882,-0.03042306,-0.047427397,0.6330775,-0.030847773,0.0,0.0,0.041631367,0.035085127,0.0,-0.00092842,2.3286614,0.07210324,0.0045079696,-0.15654945,-0.009069826,-0.22352237,-0.11684442,0.2459718,0.86945397,-0.038601648,0.0,0.14058587,11.912147,15.251082
0.07,0.0,1.0,0.0,0.0,0.0,63.0,1.0,42.0,168.0,120.63333333333334,533.1776470588235,0.0,1.0,0.0,0.0,0.0,0.0,0.0,0.0,0.0,0.0,0.0,0.0,0.0,0.0,0.0,0.0,0.0,1.0,0.0,0.0,0.0,1.0,8.0,0.0,0.0,0.0,1.0,0.0,0.0,0.0,31.0,2.1700000000000004,0.0,1.0,0.0,0.0,0.0,92.0,2.4,140.0,140.0,336.0,-0.01909442,0.14501965,0.17471588,-0.013943087,0.007014873,-0.0040392154,0.13567905,-0.03882467,-0.9927725,0.5545411,0.12028592,-0.7947343,-0.24037364,0.2850545,0.060184214,-0.09585247,-0.014168688,0.0140429055,0.0007192189,0.14053978,0.00040648642,0.0,0.10858618,0.001159603,-0.3429439,0.0,-0.049186844,0.0,0.0,0.31310895,-0.0049465555,0.119136125,-0.031568654,-0.046338547,0.58684486,-0.029482588,0.0,0.0,0.07514778,0.030755568,0.0,-0.00092842,2.2342982,0.045063864,0.004537649,-0.1473015,-0.009344417,-0.22569586,-0.11389347,-0.020031704,0.25048107,-0.046361797,0.0,0.1999642,11.912147,14.237611
0.07,0.0,1.0,0.0,0.0,0.0,63.0,1.0,42.0,168.0,120.63333333333334,533.1776470588235,0.0,1.0,0.0,0.0,0.0,0.0,0.0,0.0,0.0,0.0,0.0,0.0,0.0,0.0,0.0,0.0,0.0,1.0,0.0,0.0,0.0,1.0,8.0,0.0,0.0,0.0,1.0,0.0,0.0,0.0,31.0,2.1700000000000004,0.0,1.0,0.0,0.0,0.0,92.0,3.0,140.0,140.0,420.0,-0.010170393,0.1462679,0.18034409,-0.010324075,0.007014873,-0.004796623,0.12406275,-0.039430287,-0.97297084,0.51851124,0.113256946,-0.78954226,-0.24052326,0.28930417,0.059228204,-0.09719895,-0.014166523,0.0137062445,0.00063480117,0.1416644,0.00040648642,0.0,0.0946291,0.0009653789,-0.34175998,0.0,-0.049258605,0.0,0.0,0.31383935,-0.00316941,0.118045226,-0.03159205,-0.046322603,0.60917366,-0.028731659,0.0,0.0,0.05134427,0.03140988,0.0,-0.00045578476,2.2629552,0.028854359,0.0045452802,-0.20552368,-0.012568856,-0.23924358,-0.11689286,-0.12478167,-0.3347279,-0.074809164,0.0,-0.07119623,11.912147,13.162159
0.07,0.0,1.0,0.0,0.0,0.0,63.0,1.0,42.0,168.0,120.63333333333334,533.1776470588235,0.0,1.0,0.0,0.0,0.0,0.0,0.0,0.0,0.0,0.0,0.0,0.0,0.0,0.0,0.0,0.0,0.0,1.0,0.0,0.0,0.0,1.0,8.0,0.0,0.0,0.0,1.0,0.0,0.0,0.0,31.0,2.1700000000000004,0.0,1.0,0.0,0.0,0.0,29.0,3.0,280.0,280.0,840.0,-0.028396282,0.14823908,0.18000159,-0.0099191815,0.007014873,-0.0021472434,0.09619015,-0.040084846,-0.91703945,0.49852714,0.13112172,-0.80330527,-0.24298775,0.27985847,0.05958756,-0.09851479,-0.013897936,0.014039622,0.0017440075,0.15629947,0.00043622364,0.0,0.10707975,0.0012649148,-0.33173233,0.0,-0.051967323,0.0,0.0,0.3280518,-0.0014908446,0.115824744,-0.03073495,-0.047844093,0.642279,-0.031567734,0.0,0.0,0.05134427,0.028400183,0.0,-0.0001795183,2.3824832,0.047977373,0.003835792,-0.16657619,-0.009392488,-0.23458478,-0.099072486,1.0184702,-0.19721025,-0.05582823,0.0,-0.051856857,11.912147,14.745893
0.07,0.0,1.0,0.0,0.0,0.0,63.0,1.0,42.0,168.0,120.63333333333334,533.1776470588235,0.0,1.0,0.0,0.0,0.0,0.0,0.0,0.0,0.0,0.0,0.0,0.0,0.0,0.0,0.0,0.0,0.0,1.0,0.0,0.0,0.0,1.0,8.0,0.0,0.0,0.0,1.0,0.0,0.0,0.0,31.0,2.1700000000000004,0.0,1.0,0.0,0.0,1.0,412.0,3.0,392.0,392.0,1176.0,-0.044947732,0.15232718,0.16374913,-0.01288305,0.0069574923,-0.002161081,0.15270893,-0.039162695,-0.9275247,0.5472977,0.1165979,-0.77617395,-0.23266634,0.18473718,0.056808352,-0.09704986,-0.013787229,0.015463954,0.0023743014,0.14128427,0.0003849439,0.0,0.097754024,0.0014411043,-0.33755952,0.0,-0.039602134,0.0,0.0,0.33645952,0.027597755,0.11190304,-0.031273626,-0.05013672,0.6161939,-0.03900636,0.0,0.0,0.073004,0.031578355,0.0,-0.00013162293,2.2159414,0.06595944,0.0040240493,-0.17217119,-0.010440115,-0.23087901,0.07927433,0.1943157,-0.28632408,0.0857461,0.0,-0.053125292,11.912147,13.9970255
0.07,0.0,1.0,0.0,0.0,0.0,63.0,1.0,42.0,168.0,120.63333333333334,533.1776470588235,0.0,1.0,0.0,0.0,0.0,0.0,0.0,0.0,0.0,0.0,0.0,0.0,0.0,0.0,0.0,0.0,0.0,1.0,0.0,0.0,0.0,1.0,8.0,0.0,0.0,0.0,1.0,0.0,0.0,0.0,31.0,2.1700000000000004,0.0,1.0,0.0,0.0,1.0,204.0,1.8,392.0,392.0,705.6,-0.022569155,0.1536075,0.15831055,-0.0105160475,0.0069574923,-0.00488037,0.12875202,-0.041146096,-0.95874757,0.56179017,0.12348255,-0.7636153,-0.23423147,0.18073748,0.059002608,-0.096953295,-0.014439521,0.015198107,0.00463809,0.14727595,0.0004198618,0.0,0.12332317,0.0014427503,-0.3363097,0.0,-0.0398221,0.0,0.0,0.3151873,0.023330143,0.120244235,-0.030244716,-0.04934453,0.5942197,-0.040231723,0.0,0.0,0.035989285,0.05590346,0.0,-0.00021643794,2.2625618,0.063377835,0.0044657616,-0.1505427,-0.00919556,-0.19980334,0.12738717,-0.33572328,1.451217,0.09830835,0.0,-0.031337623,11.912147,15.35941
0.07,0.0,1.0,0.0,0.0,0.0,63.0,1.0,42.0,168.0,120.63333333333334,533.1776470588235,0.0,1.0,0.0,0.0,0.0,0.0,0.0,0.0,0.0,0.0,0.0,0.0,0.0,0.0,0.0,0.0,0.0,1.0,0.0,0.0,0.0,1.0,8.0,0.0,0.0,0.0,1.0,0.0,0.0,0.0,31.0,2.1700000000000004,0.0,1.0,0.0,0.0,1.0,2432.0,3.0,392.0,392.0,1176.0,-0.057097122,0.16469577,0.17215231,-0.013325097,0.0069574923,-0.0023782433,0.15018871,-0.038413115,-0.9312309,0.53412056,0.1106541,-0.74857724,-0.23590846,0.18506446,0.053435083,-0.09783823,-0.013942671,0.0131319165,-3.5578974e-05,0.14043936,0.00042561768,0.0,0.09511027,0.0014411043,-0.33768567,0.0,-0.03925367,0.0,0.0,0.34982488,0.029291548,0.111704476,-0.031567466,-0.0493129,0.6124366,-0.024658214,0.0,0.0,0.092647925,0.02981672,0.0,-0.00012393983,2.2492995,0.07439821,0.0040848437,-0.2054374,-0.013246279,-0.23701398,0.08120532,-0.97642636,-0.34859464,0.015486021,0.0,-0.052816276,11.912147,12.735276
0.07,0.0,1.0,0.0,0.0,0.0,63.0,1.0,42.0,168.0,120.63333333333334,533.1776470588235,0.0,1.0,0.0,0.0,0.0,0.0,0.0,0.0,0.0,0.0,0.0,0.0,0.0,0.0,0.0,0.0,0.0,1.0,0.0,0.0,0.0,1.0,8.0,0.0,0.0,0.0,1.0,0.0,0.0,0.0,31.0,2.1700000000000004,0.0,1.0,0.0,0.0,1.0,1467.0,3.0,1120.0,1120.0,3360.0,-0.06973145,0.16028146,0.16645692,-0.013929937,0.0069574923,-0.002067083,0.16701394,-0.03901094,-0.93094045,0.5302765,0.11587835,-0.7515678,-0.23314892,0.18456368,0.054448787,-0.09728138,-0.014739326,0.013179666,0.0021674195,0.14118941,0.00041423304,0.0,0.10709126,0.0014411043,-0.33732605,0.0,-0.03591419,0.0,0.0,0.3296989,0.025777197,0.11201076,-0.031439822,-0.049030285,0.61448824,-0.036703087,0.0,0.0,0.056608062,0.03095898,0.0,-0.00013162293,2.2240307,0.051525887,0.003934118,-0.16432108,-0.011628864,-0.23352833,0.08206087,-0.18339555,-0.29201943,0.14064041,0.0,-0.05511172,11.912147,13.652274
0.07,0.0,1.0,0.0,0.0,0.0,63.0,1.0,42.0,168.0,120.63333333333334,533.1776470588235,0.0,1.0,0.0,0.0,0.0,0.0,0.0,0.0,0.0,0.0,0.0,0.0,0.0,0.0,0.0,0.0,0.0,1.0,0.0,0.0,0.0,1.0,8.0,0.0,0.0,0.0,1.0,0.0,0.0,0.0,31.0,2.1700000000000004,0.0,1.0,0.0,0.0,1.0,349.0,3.0,476.0,476.0,1428.0,-0.038459584,0.1582721,0.16995381,-0.0153214745,0.0069574923,-0.002842317,0.13655524,-0.038467336,-0.93224525,0.5303542,0.11105965,-0.771855,-0.23374398,0.18416716,0.053413913,-0.09719805,-0.015840352,0.013176044,0.001633648,0.13927984,0.00040316727,0.0,0.098475024,0.0014427503,-0.33812988,0.0,-0.036769804,0.0,0.0,0.34382737,0.023052774,0.112219475,-0.03151916,-0.049028784,0.6096235,-0.03995008,0.0,0.0,0.07977489,0.02810062,0.0,-0.00013162293,2.222639,0.05884591,0.0036065402,-0.21741219,-0.011432783,-0.23366971,0.071399376,-0.9006603,-0.37011343,-0.06360091,0.0,-0.070619404,11.912147,12.561366
0.07,0.0,1.0,0.0,0.0,0.0,63.0,1.0,42.0,168.0,120.63333333333334,533.1776470588235,0.0,1.0,0.0,0.0,0.0,0.0,0.0,0.0,0.0,0.0,0.0,0.0,0.0,0.0,0.0,0.0,0.0,1.0,0.0,0.0,0.0,1.0,8.0,0.0,0.0,0.0,1.0,0.0,0.0,0.0,31.0,2.1700000000000004,1.0,0.0,0.0,0.0,1.0,175.0,3.0,224.0,224.0,672.0,-0.030269423,0.14724967,0.1644374,-0.014577832,0.0069574923,-0.0024973569,0.08960821,-0.04011525,-0.9626064,0.5912583,0.10959602,-0.7551431,-0.23623188,0.18135379,0.054505922,-0.096413545,-0.015726533,0.013419324,0.0015671198,0.139033,0.00042149663,0.0,0.09094428,0.002346921,-0.34609103,0.0,-0.041806802,0.0,0.0,0.33843488,0.031504687,0.1048161,-0.03192881,-0.049256116,0.6048076,-0.03033425,0.0,0.0,0.06661106,0.031693306,0.0,-0.00011637042,2.2416306,0.08305229,-0.029105106,0.6815476,-0.014412627,-0.26083174,0.111523,-0.7423267,-0.30477643,-0.039920103,0.0,-0.027066989,11.912147,13.728918
0.07,0.0,1.0,0.0,0.0,0.0,63.0,1.0,42.0,168.0,120.63333333333334,533.1776470588235,0.0,1.0,0.0,0.0,0.0,0.0,0.0,0.0,0.0,0.0,0.0,0.0,0.0,0.0,0.0,0.0,0.0,1.0,0.0,0.0,0.0,1.0,8.0,0.0,0.0,0.0,1.0,0.0,0.0,0.0,31.0,2.1700000000000004,0.0,0.0,1.0,0.0,1.0,125.0,3.0,392.0,392.0,1176.0,-0.02725699,0.1515373,0.14261073,-0.014982625,0.006799642,-0.002509156,0.06942091,-0.03942089,-1.0148321,0.5905292,0.11057669,-0.7768284,-0.23371935,0.17804696,0.054544106,-0.095714726,-0.0146284625,0.012846428,0.0014785223,0.13692835,0.00045180973,0.0,0.08621577,0.002428083,-0.3453501,0.0,-0.04291093,0.0,0.0,0.33804068,0.018440202,0.10350085,-0.031461835,-0.04766289,0.5973745,-0.025873873,0.0,0.0,0.06492553,0.03628757,0.0,-0.000102798294,2.2339416,0.08025714,0.03010679,0.7335532,0.18796149,-0.2572607,0.118594535,-0.5724087,-0.28398532,0.044257715,0.0,-0.05032664,11.912147,14.166568
0.07,0.0,1.0,0.0,0.0,0.0,63.0,1.0,42.0,168.0,120.63333333333334,533.1776470588235,0.0,1.0,0.0,0.0,0.0,0.0,0.0,0.0,0.0,0.0,0.0,0.0,0.0,0.0,0.0,0.0,0.0,1.0,0.0,0.0,0.0,1.0,8.0,0.0,0.0,0.0,1.0,0.0,0.0,0.0,31.0,2.1700000000000004,0.0,0.0,0.0,1.0,1.0,17.0,3.0,364.0,364.0,1092.0,-0.035819303,0.12513193,0.17372656,-0.011023807,0.007723724,-0.002487672,0.0885877,-0.03427152,-0.93703765,0.7075917,0.13288945,-0.8088024,-0.2513684,0.31852037,0.071028106,-0.08378378,-0.017212559,0.013058631,0.0021741572,0.15635982,0.00052592595,0.0,0.14091983,0.00304203,-0.3443904,0.0,-0.05687192,0.0,0.0,0.2766954,0.011987571,0.09629908,-0.02903304,-0.04837324,0.64098054,-0.03336978,0.0,0.0,0.04522001,0.026434837,0.0,-0.00011351996,2.2808795,-0.13956235,0.008550211,0.24950607,-0.01052257,1.2213025,0.051717747,-0.3212127,-0.18088937,-0.030697173,0.0,-0.028037649,11.912147,15.358122
0.07,0.0,1.0,0.0,0.0,0.0,63.0,1.0,42.0,168.0,120.63333333333334,533.1776470588235,0.0,1.0,0.0,0.0,0.0,0.0,0.0,0.0,0.0,0.0,0.0,0.0,0.0,0.0,0.0,0.0,0.0,1.0,0.0,0.0,0.0,1.0,8.0,0.0,0.0,0.0,1.0,0.0,0.0,0.0,31.0,2.1700000000000004,0.0,0.0,0.0,1.0,1.0,14.0,3.0,364.0,364.0,1092.0,-0.026653327,0.076734625,0.16181251,-0.0051280786,0.007723724,-0.0033724653,0.13482963,-0.033031214,-0.8973713,0.73666495,0.11932067,-0.77828526,-0.22602902,0.21623354,0.07779455,-0.076343566,-0.01449673,0.023962557,0.013423269,0.16773334,0.0057032825,0.0,0.1794784,0.0026737645,-0.34117106,0.0,-0.05246272,0.0,0.0,0.2677833,0.002659864,0.09791865,-0.02903304,-0.04784207,0.61211586,-0.04020423,0.0,0.0,0.04522001,0.036604103,0.0,-0.00011351996,2.167126,-0.17103162,0.008979751,0.48471513,-0.010198477,1.2933201,0.05280003,3.2853549,-0.11781327,-0.00601611,0.0,-0.02131226,11.912147,19.292912
0.07,0.0,1.0,0.0,0.0,0.0,63.0,1.0,42.0,168.0,120.63333333333334,533.1776470588235,0.0,1.0,0.0,0.0,0.0,0.0,0.0,0.0,0.0,0.0,0.0,0.0,0.0,0.0,0.0,0.0,0.0,1.0,0.0,0.0,0.0,1.0,8.0,0.0,0.0,0.0,1.0,0.0,0.0,0.0,31.0,2.1700000000000004,0.0,0.0,0.0,1.0,1.0,31.0,3.0,364.0,364.0,1092.0,-0.025443707,0.10941706,0.15646924,-0.011551082,0.009707042,-0.002240005,0.123138,-0.03420839,-0.8815428,0.70808387,0.14025433,-0.79372025,-0.24172515,0.3194691,0.075396664,-0.08451946,-0.014297645,0.01441979,0.001741399,0.15904877,0.00053045567,0.0,0.12691583,0.0023468758,-0.34001324,0.0,-0.053733274,0.0,0.0,0.28221333,0.0047862977,0.10150024,-0.02878116,-0.04841277,0.6460962,-0.03859573,0.0,0.0,0.04077468,0.028442144,0.0,-0.00019843625,2.3135781,-0.16984321,0.030381465,0.64855546,-0.011345274,1.4075083,0.06693329,1.0755154,-0.15932144,-0.010468876,0.0,-0.025149312,11.912147,17.530258
0.07,0.0,1.0,0.0,0.0,0.0,63.0,1.0,42.0,168.0,120.63333333333334,533.1776470588235,0.0,1.0,0.0,0.0,0.0,0.0,0.0,0.0,0.0,0.0,0.0,0.0,0.0,0.0,0.0,0.0,0.0,1.0,0.0,0.0,0.0,1.0,8.0,0.0,0.0,0.0,1.0,0.0,0.0,0.0,31.0,2.1700000000000004,0.0,1.0,0.0,0.0,1.0,194.0,3.0,392.0,392.0,1176.0,-0.020456882,0.15435363,0.19726834,-0.014019708,0.0069574923,-0.0057586706,0.1372982,-0.039288584,-0.9445374,0.53150684,0.11067719,-0.78532803,-0.23446497,0.18655156,0.05258828,-0.09757667,-0.018430525,0.013194663,-0.0012707959,0.14029473,0.0004315317,0.0,0.1047663,0.0014427503,-0.33761868,0.0,-0.040430915,0.0,0.0,0.34385338,0.021448024,0.11109296,-0.031122442,-0.049680643,0.6065573,-0.026337884,0.0,0.0,0.08883454,0.03057554,0.0,-0.00013162293,2.2281249,0.0593296,0.0016786611,-0.24553828,-0.014732906,-0.23992306,0.061353613,-1.547129,-0.38701442,-0.012937636,0.0,-0.08692901,11.912147,11.921668
0.07,0.0,1.0,0.0,0.0,0.0,63.0,1.0,42.0,168.0,120.63333333333334,533.1776470588235,0.0,1.0,0.0,0.0,0.0,0.0,0.0,0.0,0.0,0.0,0.0,0.0,0.0,0.0,0.0,0.0,0.0,1.0,0.0,0.0,0.0,1.0,8.0,0.0,0.0,0.0,1.0,0.0,0.0,0.0,31.0,2.1700000000000004,0.0,1.0,0.0,0.0,1.0,117.0,3.0,476.0,476.0,1428.0,-0.011486056,0.15051374,0.15359773,-0.014255933,0.0069574923,-0.0047407527,0.12585534,-0.03891373,-0.9445821,0.5284673,0.11100584,-0.7915831,-0.23375958,0.1835348,0.05275207,-0.097480185,-0.015024576,0.011911304,0.0017599794,0.14012787,0.00041483715,0.0,0.09008577,0.0014427503,-0.3376906,0.0,-0.03796056,0.0,0.0,0.33799157,0.02169818,0.11325507,-0.031452943,-0.04797921,0.6149677,-0.023115482,0.0,0.0,0.07805343,0.030728763,0.0,-0.00013162293,2.2514596,0.061055623,0.0037641504,-0.21001068,-0.012781001,-0.23603813,0.1196378,-0.61957014,-0.32990566,0.11165822,0.0,-0.075281,11.912147,13.101105
0.07,0.0,1.0,0.0,0.0,0.0,63.0,1.0,42.0,168.0,120.63333333333334,533.1776470588235,0.0,1.0,0.0,0.0,0.0,0.0,0.0,0.0,0.0,0.0,0.0,0.0,0.0,0.0,0.0,0.0,0.0,1.0,0.0,0.0,0.0,1.0,8.0,0.0,0.0,0.0,1.0,0.0,0.0,0.0,31.0,2.1700000000000004,0.0,1.0,0.0,0.0,0.0,19.0,3.0,112.0,112.0,336.0,-0.007647369,0.131977,0.16258484,-0.012848853,0.006940932,-0.0018719899,0.074485675,-0.03973168,-0.91595966,0.5059784,0.12934189,-0.79436576,-0.24354278,0.27651858,0.059062734,-0.095395036,-0.014548158,0.014207087,0.0041880924,0.15255821,0.00043169394,0.0,0.098971754,0.0010764789,-0.3314941,0.0,-0.051830973,0.0,0.0,0.3043083,-0.0012924311,0.114736795,-0.030691495,-0.04694876,0.6356335,-0.029996838,0.0,0.0,0.025390722,0.02830689,0.0,-0.0001795183,2.3238127,0.073936336,0.0046452316,-0.124217205,-0.008985732,-0.22559224,-0.07020277,1.2169241,-0.15093373,0.3297858,0.0,0.17743671,11.912147,15.567108
0.07,0.0,1.0,0.0,0.0,0.0,63.0,1.0,42.0,168.0,120.63333333333334,533.1776470588235,0.0,1.0,0.0,0.0,0.0,0.0,0.0,0.0,0.0,0.0,0.0,0.0,0.0,0.0,0.0,0.0,0.0,1.0,0.0,0.0,0.0,1.0,8.0,0.0,0.0,0.0,1.0,0.0,0.0,0.0,31.0,2.1700000000000004,0.0,1.0,0.0,0.0,0.0,108.0,3.0,182.0,182.0,546.0,-0.030492557,0.14792189,0.17512862,-0.012359859,0.007014873,-0.0047969795,0.104061514,-0.040381566,-0.940332,0.5233347,0.10976257,-0.7991925,-0.23392555,0.19015466,0.05182635,-0.09720829,-0.015407604,0.013063603,0.0010247563,0.14074124,0.00040648642,0.0,0.09811378,0.0009653789,-0.33555928,0.0,-0.040448185,0.0,0.0,0.3349825,0.0034802784,0.11642607,-0.03086468,-0.046658546,0.61656016,-0.025722608,0.0,0.0,0.12760237,0.03140988,0.0,-0.00020566405,2.258829,0.08161409,0.004400599,-0.2237118,-0.013584385,-0.23937479,-0.19831218,-0.8880333,-0.34079054,-0.17255457,0.0,-0.08211511,11.912147,12.238946
0.2,0.0,0.0,1.0,0.0,0.0,9.0,1.0,98.0,231.0,120.63333333333334,42.3,0.0,0.0,0.0,0.0,0.0,0.0,0.0,0.0,0.0,0.0,0.0,1.0,0.0,0.0,0.0,0.0,0.0,1.0,0.0,0.0,0.0,1.0,9.0,1.0,0.0,0.0,0.0,0.0,0.0,0.0,18.0,3.6,0.0,1.0,0.0,0.0,0.0,96.0,3.0,364.0,364.0,1092.0,-0.33219394,0.48035246,-0.06266885,0.03191306,0.001597258,-0.0046416624,-0.5193793,-0.058548708,0.8817036,1.063535,0.12861274,-1.4756066,-0.37359372,-0.09280288,0.053971287,-0.41780925,-0.016715221,0.01038874,0.0008254941,0.095544584,0.00041922374,0.0,0.074698016,-0.016369432,-0.11645213,0.0,-0.03811827,0.0,0.0,0.23288853,0.024408478,0.066033944,-0.03038278,-0.037396092,-1.6593866,0.05306831,0.0,0.0,-0.00355394,0.028095242,0.0,-0.00013162293,-3.9374168,0.2243623,-0.009043333,-0.20110394,-0.028335245,-0.2570419,-0.19085567,-0.8470388,-0.3496956,0.0010190832,0.0,-0.04529628,11.912147,4.2440076
0.2,0.0,0.0,1.0,0.0,0.0,9.0,1.0,98.0,231.0,120.63333333333334,42.3,0.0,0.0,0.0,0.0,0.0,0.0,0.0,0.0,0.0,0.0,0.0,1.0,0.0,0.0,0.0,0.0,0.0,1.0,0.0,0.0,0.0,1.0,9.0,1.0,0.0,0.0,0.0,0.0,0.0,0.0,18.0,3.6,0.0,1.0,0.0,0.0,0.0,94.0,1.2,140.0,140.0,168.0,-0.25590968,0.50871354,-0.06590218,0.109671175,0.0018233038,-0.004760277,-0.5131368,-0.050620247,0.87553936,0.9841837,0.13915117,-1.4552456,-0.35327795,-0.14582475,0.054708637,-0.39986867,-0.016905922,0.0110912165,0.0015154502,0.099188216,0.0004442812,0.0,0.12790245,-0.02579152,-0.11351033,0.0,-0.040859398,0.0,0.0,0.17811282,0.0040688617,0.06750747,-0.027901081,-0.03719662,-1.5666666,0.066538155,0.0,0.0,-0.0016630349,0.05798237,0.0,-0.00048586002,-3.756188,0.062410485,0.0040514916,-0.112939134,-0.012198457,-0.23532411,-0.09588212,0.20654266,1.6208667,-0.08963452,0.0,0.10491117,11.912147,7.821379
0.2,0.0,0.0,1.0,0.0,0.0,9.0,1.0,98.0,231.0,120.63333333333334,42.3,0.0,0.0,0.0,0.0,0.0,0.0,0.0,0.0,0.0,0.0,0.0,1.0,0.0,0.0,0.0,0.0,0.0,1.0,0.0,0.0,0.0,1.0,9.0,1.0,0.0,0.0,0.0,0.0,0.0,0.0,18.0,3.6,0.0,1.0,0.0,0.0,0.0,90.0,1.8,140.0,140.0,252.0,-0.30073905,0.5325118,-0.060119923,0.10979136,0.001597258,-0.0056068674,-0.5328894,-0.05434334,0.8519093,1.0224159,0.124455474,-1.4574574,-0.3654748,-0.13025993,0.051782474,-0.4137699,-0.019514177,0.010569072,0.0014337745,0.091571085,0.00047401842,0.0,0.081306115,-0.023206491,-0.113203585,0.0,-0.04207345,0.0,0.0,0.22079906,0.0129562775,0.065809935,-0.029029882,-0.039838187,-1.5606095,0.06813882,0.0,0.0,-0.0015303264,0.032636892,0.0,-0.00092842,-3.8635678,0.024825294,0.0037250908,-0.1468086,-0.011095232,-0.24166732,-0.09748351,0.08585244,0.99393654,-0.0790299,0.0,0.08175351,11.912147,6.7921524
0.2,0.0,0.0,1.0,0.0,0.0,9.0,1.0,98.0,231.0,120.63333333333334,42.3,0.0,0.0,0.0,0.0,0.0,0.0,0.0,0.0,0.0,0.0,0.0,1.0,0.0,0.0,0.0,0.0,0.0,1.0,0.0,0.0,0.0,1.0,9.0,1.0,0.0,0.0,0.0,0.0,0.0,0.0,18.0,3.6,0.0,1.0,0.0,0.0,0.0,92.0,2.4,140.0,140.0,336.0,-0.2774253,0.4654986,-0.061996136,0.09837528,0.001597258,-0.0033141905,-0.49495155,-0.051785246,0.94051325,1.0315198,0.13696747,-1.4683999,-0.3541438,-0.16766736,0.05795536,-0.4122801,-0.016958548,0.010675601,0.00039286012,0.09162462,0.0003824148,0.0,0.10905111,-0.02579152,-0.11740274,0.0,-0.043265276,0.0,0.0,0.2386163,0.001975897,0.06506386,-0.030432286,-0.038699068,-1.5191021,0.0696217,0.0,0.0,-0.0017937155,0.02852304,0.0,-0.00092842,-3.7816668,0.10492439,0.0031786438,-0.13717517,-0.011422714,-0.24883476,-0.10621197,0.24250169,0.24606134,-0.09285509,0.0,0.19498995,11.912147,6.587657
0.2,0.0,0.0,1.0,0.0,0.0,9.0,1.0,98.0,231.0,120.63333333333334,42.3,0.0,0.0,0.0,0.0,0.0,0.0,0.0,0.0,0.0,0.0,0.0,1.0,0.0,0.0,0.0,0.0,0.0,1.0,0.0,0.0,0.0,1.0,9.0,1.0,0.0,0.0,0.0,0.0,0.0,0.0,18.0,3.6,0.0,1.0,0.0,0.0,0.0,92.0,3.0,140.0,140.0,420.0,-0.2832607,0.46977133,-0.05581217,0.08993716,0.001597258,-0.004700009,-0.45639092,-0.05236484,0.96317387,1.0417181,0.1335909,-1.4783509,-0.3643011,-0.16793928,0.056309354,-0.41995734,-0.016243326,0.010347139,0.00020125553,0.092326775,0.0003824148,0.0,0.008873714,-0.023386853,-0.11645475,0.0,-0.043968864,0.0,0.0,0.2462566,0.0018774546,0.06700241,-0.030455682,-0.03856989,-1.5661635,0.07441644,0.0,0.0,-0.0012783561,0.028623361,0.0,-0.00045578476,-3.8114772,0.124407716,0.0033643676,-0.20292951,-0.022327727,-0.2543945,-0.10805659,0.11834632,-0.35702345,-0.15372343,0.0,-0.06300354,11.912147,5.3516855
0.2,0.0,0.0,1.0,0.0,0.0,9.0,1.0,98.0,231.0,120.63333333333334,42.3,0.0,0.0,0.0,0.0,0.0,0.0,0.0,0.0,0.0,0.0,0.0,1.0,0.0,0.0,0.0,0.0,0.0,1.0,0.0,0.0,0.0,1.0,9.0,1.0,0.0,0.0,0.0,0.0,0.0,0.0,18.0,3.6,0.0,1.0,0.0,0.0,0.0,29.0,3.0,280.0,280.0,840.0,-0.3045746,0.46954522,-0.05581612,0.083799064,0.001597258,-0.0020129562,-0.44389874,-0.052820265,0.8882966,1.0242312,0.12008235,-1.4994168,-0.376403,-0.15077053,0.05757659,-0.42813554,-0.015721414,0.010579971,0.0010995236,0.096844055,0.000412152,0.0,0.10788305,-0.031152414,-0.114739515,0.0,-0.046675652,0.0,0.0,0.22788934,0.0030556635,0.06754938,-0.029234316,-0.039981443,-1.5595701,0.076256916,0.0,0.0,-0.0012783561,0.026874052,0.0,-0.0001795183,-3.9000108,0.0703328,0.0040131933,-0.15275018,-0.019409206,-0.24843992,-0.0853299,0.78947455,-0.24744728,0.015092355,0.0,-0.01366352,11.912147,6.235203
0.2,0.0,0.0,1.0,0.0,0.0,9.0,1.0,98.0,231.0,120.63333333333334,42.3,0.0,0.0,0.0,0.0,0.0,0.0,0.0,0.0,0.0,0.0,0.0,1.0,0.0,0.0,0.0,0.0,0.0,1.0,0.0,0.0,0.0,1.0,9.0,1.0,0.0,0.0,0.0,0.0,0.0,0.0,18.0,3.6,0.0,1.0,0.0,0.0,1.0,412.0,3.0,392.0,392.0,1176.0,-0.3367026,0.4910701,-0.061770394,0.02716143,0.0015778906,-0.0021134114,-0.5942299,-0.049378954,0.9148107,1.0932392,0.13191438,-1.5026114,-0.3665445,-0.094226316,0.05982192,-0.41573548,-0.016153147,0.010637742,0.0012163749,0.0933822,0.0003494106,0.0,0.097199135,-0.039085716,-0.1159331,0.0,-0.03452462,0.0,0.0,0.28819892,0.034682486,0.071563296,-0.030703716,-0.04279998,-1.6270243,0.06400998,0.0,0.0,-0.0012651187,0.029721148,0.0,-0.00013162293,-3.8683739,0.24529253,-0.010788704,-0.14066988,-0.024668818,-0.24930112,0.06755603,0.24267069,-0.28902563,0.08729041,0.0,-0.05676537,11.912147,5.994989
0.2,0.0,0.0,1.0,0.0,0.0,9.0,1.0,98.0,231.0,120.63333333333334,42.3,0.0,0.0,0.0,0.0,0.0,0.0,0.0,0.0,0.0,0.0,0.0,1.0,0.0,0.0,0.0,0.0,0.0,1.0,0.0,0.0,0.0,1.0,9.0,1.0,0.0,0.0,0.0,0.0,0.0,0.0,18.0,3.6,0.0,1.0,0.0,0.0,1.0,204.0,1.8,392.0,392.0,705.6,-0.3639564,0.505452,-0.05377059,0.018036451,0.0015778906,-0.00406759,-0.6154697,-0.054848004,0.87746793,1.0472741,0.13058941,-1.4775747,-0.3562067,-0.07110532,0.05318903,-0.38718206,-0.01631061,0.010603209,0.0014920196,0.096742354,0.00037129645,0.0,0.16181508,-0.039140113,-0.11273916,0.0,-0.03502981,0.0,0.0,0.23592715,0.034497216,0.071598016,-0.029691888,-0.042183388,-1.5421444,0.06523718,0.0,0.0,-0.0011080515,0.04809575,0.0,-0.00021643794,-3.731568,0.18076564,-0.0045602745,-0.12350736,-0.014596685,-0.22875236,0.08827186,-0.30630165,1.4926927,0.10129265,0.0,0.0012597371,11.912147,7.524366
0.2,0.0,0.0,1.0,0.0,0.0,9.0,1.0,98.0,231.0,120.63333333333334,42.3,0.0,0.0,0.0,0.0,0.0,0.0,0.0,0.0,0.0,0.0,0.0,1.0,0.0,0.0,0.0,0.0,0.0,1.0,0.0,0.0,0.0,1.0,9.0,1.0,0.0,0.0,0.0,0.0,0.0,0.0,18.0,3.6,0.0,1.0,0.0,0.0,1.0,2432.0,3.0,392.0,392.0,1176.0,-0.34368062,0.503588,-0.06231154,0.029641613,0.0015778906,-0.0022452255,-0.57895154,-0.04864192,0.94777876,1.0913678,0.12768944,-1.4854766,-0.36595374,-0.0956296,0.055377036,-0.41893488,-0.015936859,0.009343035,-0.00024343832,0.09272494,0.00039008437,0.0,0.08921091,-0.039085716,-0.11791955,0.0,-0.03415148,0.0,0.0,0.27131918,0.016827824,0.07037052,-0.030983914,-0.04217848,-1.5812981,0.06782052,0.0,0.0,-0.0024928642,0.027959513,0.0,-0.00012393983,-3.9131608,0.25894874,-0.010952406,-0.17385879,-0.02929622,-0.25860134,0.07365961,-0.9870532,-0.3505351,0.023907306,0.0,-0.0518714,11.912147,4.6300836
0.2,0.0,0.0,1.0,0.0,0.0,9.0,1.0,98.0,231.0,120.63333333333334,42.3,0.0,0.0,0.0,0.0,0.0,0.0,0.0,0.0,0.0,0.0,0.0,1.0,0.0,0.0,0.0,0.0,0.0,1.0,0.0,0.0,0.0,1.0,9.0,1.0,0.0,0.0,0.0,0.0,0.0,0.0,18.0,3.6,0.0,1.0,0.0,0.0,1.0,1467.0,3.0,1120.0,1120.0,3360.0,-0.34224927,0.517628,-0.06222526,0.028100304,0.0015778906,-0.002440206,-0.5941416,-0.049417876,0.9131618,1.0752606,0.13082954,-1.4763604,-0.36230606,-0.09372762,0.055734213,-0.41787142,-0.017077375,0.008843534,0.0013302768,0.09301008,0.00037869974,0.0,0.088206895,-0.039085716,-0.11572184,0.0,-0.03401011,0.0,0.0,0.2595819,0.021872355,0.07381803,-0.03068308,-0.039680086,-1.5990229,0.06118802,0.0,0.0,-0.0011515709,0.02810726,0.0,-0.00013162293,-3.8629284,0.24064654,-0.010853302,-0.1465146,-0.025759121,-0.25249118,0.0799322,-0.10225659,-0.29635844,0.19299604,0.0,-0.060235877,11.912147,5.7496543
0.2,0.0,0.0,1.0,0.0,0.0,9.0,1.0,98.0,231.0,120.63333333333334,42.3,0.0,0.0,0.0,0.0,0.0,0.0,0.0,0.0,0.0,0.0,0.0,1.0,0.0,0.0,0.0,0.0,0.0,1.0,0.0,0.0,0.0,1.0,9.0,1.0,0.0,0.0,0.0,0.0,0.0,0.0,18.0,3.6,0.0,1.0,0.0,0.0,1.0,349.0,3.0,476.0,476.0,1428.0,-0.35598528,0.5009332,-0.06210242,0.037999395,0.0015778906,-0.0031390479,-0.5393053,-0.049126066,0.92937434,1.0479879,0.12863584,-1.4816723,-0.36252257,-0.093601935,0.054779064,-0.41595373,-0.018712629,0.008825109,0.00059089565,0.09228303,0.0003546019,0.0,0.066021845,-0.039140113,-0.116756886,0.0,-0.034613084,0.0,0.0,0.26420686,0.022855034,0.071959384,-0.03089336,-0.039510604,-1.583794,0.07041007,0.0,0.0,-0.001595406,0.02626665,0.0,-0.00013162293,-3.8767047,0.25175136,-0.011032723,-0.1877477,-0.024925798,-0.25297362,0.06520403,-0.79017943,-0.37028012,-0.02731052,0.0,-0.078946844,11.912147,4.7055116
0.2,0.0,0.0,1.0,0.0,0.0,9.0,1.0,98.0,231.0,120.63333333333334,42.3,0.0,0.0,0.0,0.0,0.0,0.0,0.0,0.0,0.0,0.0,0.0,1.0,0.0,0.0,0.0,0.0,0.0,1.0,0.0,0.0,0.0,1.0,9.0,1.0,0.0,0.0,0.0,0.0,0.0,0.0,18.0,3.6,1.0,0.0,0.0,0.0,1.0,175.0,3.0,224.0,224.0,672.0,-0.23740977,0.4955301,-0.062364247,0.024333857,0.0015778906,-0.0024321005,-0.6739822,-0.05460871,0.92225665,1.0810448,0.12547036,-1.492917,-0.3592758,-0.09242949,0.05346844,-0.40384632,-0.018426199,0.009777982,0.00058608735,0.09288316,0.00040119834,0.0,0.10363027,-0.07395817,-0.11364254,0.0,-0.036834385,0.0,0.0,0.2298219,0.038413655,0.06557685,-0.031567864,-0.04253962,-1.5787715,0.044672318,0.0,0.0,-0.0013050669,0.029165272,0.0,-0.00011637042,-3.764376,0.2683518,0.2021679,0.60992,-0.022494927,-0.3198416,0.10038054,-0.65629,-0.2821533,-0.03446854,0.0,-0.015095902,11.912147,6.0404344
0.2,0.0,0.0,1.0,0.0,0.0,9.0,1.0,98.0,231.0,120.63333333333334,42.3,0.0,0.0,0.0,0.0,0.0,0.0,0.0,0.0,0.0,0.0,0.0,1.0,0.0,0.0,0.0,0.0,0.0,1.0,0.0,0.0,0.0,1.0,9.0,1.0,0.0,0.0,0.0,0.0,0.0,0.0,18.0,3.6,0.0,0.0,1.0,0.0,1.0,125.0,3.0,392.0,392.0,1176.0,-0.334274,0.50916344,-0.06146603,0.037931297,0.0014200401,-0.0028270467,-0.6386984,-0.053705838,0.89352244,1.0862455,0.12735003,-1.4513248,-0.358646,-0.091606885,0.053892527,-0.40569833,-0.016979877,0.009342347,0.0010082463,0.09154502,0.0004219476,0.0,0.074833214,-0.07859163,-0.115098946,0.0,-0.037567664,0.0,0.0,0.26328158,0.02534916,0.06584316,-0.030129272,-0.038991936,-1.5500686,0.058072455,0.0,0.0,-0.0012169058,0.033316303,0.0,-0.000102798294,-3.8928118,0.23555937,0.010925184,0.6621016,0.3208855,-0.31505942,0.10766681,-0.4878572,-0.2619049,0.048731077,0.0,-0.047466196,11.912147,6.3584647
0.2,0.0,0.0,1.0,0.0,0.0,9.0,1.0,98.0,231.0,120.63333333333334,42.3,0.0,0.0,0.0,0.0,0.0,0.0,0.0,0.0,0.0,0.0,0.0,1.0,0.0,0.0,0.0,0.0,0.0,1.0,0.0,0.0,0.0,1.0,9.0,1.0,0.0,0.0,0.0,0.0,0.0,0.0,18.0,3.6,0.0,0.0,0.0,1.0,1.0,17.0,3.0,364.0,364.0,1092.0,-0.29052016,0.49573335,-0.044364076,0.16367258,0.0023441217,-0.001486159,-0.5803563,-0.042564943,0.98102814,1.027398,0.1175962,-1.3619343,-0.30150613,-0.15225545,0.05548053,-0.38890573,-0.0172883,0.010045533,4.1375457e-05,0.09290014,0.0005056277,0.0,0.14022367,-0.10363027,-0.11494327,0.0,-0.051441893,0.0,0.0,0.25983077,0.030036595,0.0672067,-0.027451478,-0.041245263,-1.6392881,0.047598604,0.0,0.0,-0.0008626801,0.026263751,0.0,-0.00011351996,-3.7210793,0.13964374,0.0043502906,0.2508747,-0.022197308,1.3485475,0.036210332,-0.33457553,-0.21708846,-0.024926925,0.0,-0.014825513,11.912147,7.714827
0.2,0.0,0.0,1.0,0.0,0.0,9.0,1.0,98.0,231.0,120.63333333333334,42.3,0.0,0.0,0.0,0.0,0.0,0.0,0.0,0.0,0.0,0.0,0.0,1.0,0.0,0.0,0.0,0.0,0.0,1.0,0.0,0.0,0.0,1.0,9.0,1.0,0.0,0.0,0.0,0.0,0.0,0.0,18.0,3.6,0.0,0.0,0.0,1.0,1.0,14.0,3.0,364.0,364.0,1092.0,-0.32730108,0.2946109,-0.04539936,0.17073277,0.0023441217,-0.0010704206,-0.9425327,-0.042054698,1.0025927,0.9893175,0.11435426,-1.3287786,-0.26807618,-0.13946594,0.06109917,-0.3671314,-0.014540507,0.013000299,0.0025916551,0.09712061,0.0045085317,0.0,0.2659675,-0.088623464,-0.11076113,0.0,-0.04559528,0.0,0.0,0.24920568,0.026603619,0.062274773,-0.027451478,-0.03966272,-1.5040642,0.048336953,0.0,0.0,-0.0008626801,0.05919129,0.0,-0.00011351996,-3.8836417,0.08303825,0.0051350174,0.45925656,-0.02186332,1.4312143,0.034781713,3.2531412,-0.15764843,0.0012882911,0.0,-0.0064724055,11.912147,11.280742
0.2,0.0,0.0,1.0,0.0,0.0,9.0,1.0,98.0,231.0,120.63333333333334,42.3,0.0,0.0,0.0,0.0,0.0,0.0,0.0,0.0,0.0,0.0,0.0,1.0,0.0,0.0,0.0,0.0,0.0,1.0,0.0,0.0,0.0,1.0,9.0,1.0,0.0,0.0,0.0,0.0,0.0,0.0,18.0,3.6,0.0,0.0,0.0,1.0,1.0,31.0,3.0,364.0,364.0,1092.0,-0.27899954,0.50094813,-0.0592508,0.083972625,0.0043274397,-0.002112983,-0.5725067,-0.043147326,0.91946,1.0336416,0.12321201,-1.3283025,-0.29396042,-0.15431678,0.058960963,-0.41423464,-0.015456282,0.010625305,0.0012032411,0.097626545,0.00051015744,0.0,0.14858548,-0.074382916,-0.114247575,0.0,-0.04786542,0.0,0.0,0.26701966,0.009051379,0.07104593,-0.027360816,-0.041284792,-1.6110216,0.06366764,0.0,0.0,-0.0007576723,0.025421457,0.0,-0.00019843625,-3.8607686,0.10924536,0.020121159,0.70111525,-0.023328431,1.5129611,0.044022687,0.78863364,-0.1971568,0.022002406,0.0,-0.01221151,11.912147,9.356654
0.2,0.0,0.0,1.0,0.0,0.0,9.0,1.0,98.0,231.0,120.63333333333334,42.3,0.0,0.0,0.0,0.0,0.0,0.0,0.0,0.0,0.0,0.0,0.0,1.0,0.0,0.0,0.0,0.0,0.0,1.0,0.0,0.0,0.0,1.0,9.0,1.0,0.0,0.0,0.0,0.0,0.0,0.0,18.0,3.6,0.0,1.0,0.0,0.0,1.0,194.0,3.0,392.0,392.0,1176.0,-0.34922916,0.47812092,-0.06397741,0.03326187,0.0015778906,-0.006069295,-0.5281836,-0.053174533,0.90601385,1.1004046,0.12786785,-1.4926951,-0.36974058,-0.095289476,0.053949933,-0.41841042,-0.02121022,0.009707394,-0.0022231133,0.09390654,0.00038296633,0.0,0.11863906,-0.039140113,-0.11622609,0.0,-0.0356183,0.0,0.0,0.26423287,0.028477432,0.0680754,-0.030546905,-0.042191964,-1.6256223,0.06929852,0.0,0.0,-0.0020987196,0.028249953,0.0,-0.00013162293,-3.9015262,0.2489253,-0.012842804,-0.22463049,-0.028911537,-0.25834933,0.05501559,-1.5039802,-0.38410583,-0.0067001753,0.0,-0.10022072,11.912147,3.8852115
0.2,0.0,0.0,1.0,0.0,0.0,9.0,1.0,98.0,231.0,120.63333333333334,42.3,0.0,0.0,0.0,0.0,0.0,0.0,0.0,0.0,0.0,0.0,0.0,1.0,0.0,0.0,0.0,0.0,0.0,1.0,0.0,0.0,0.0,1.0,9.0,1.0,0.0,0.0,0.0,0.0,0.0,0.0,18.0,3.6,0.0,1.0,0.0,0.0,1.0,117.0,3.0,476.0,476.0,1428.0,-0.34874102,0.48543483,-0.061621025,0.033808548,0.0015778906,-0.004706977,-0.5476884,-0.052617338,0.93871707,1.0670879,0.12866004,-1.4944842,-0.3641267,-0.0931439,0.05428142,-0.418384,-0.017395345,0.008653355,0.001007361,0.093829766,0.0003662718,0.0,0.071747825,-0.039140113,-0.11623398,0.0,-0.037094787,0.0,0.0,0.25837106,0.021454765,0.06692636,-0.03082714,-0.03778607,-1.614478,0.067833796,0.0,0.0,-0.0013337134,0.029026713,0.0,-0.00013162293,-3.935852,0.259646,-0.0099498425,-0.19923875,-0.02900073,-0.2545621,0.1020781,-0.59501123,-0.33817315,0.14127713,0.0,-0.08187387,11.912147,5.0203404
0.2,0.0,0.0,1.0,0.0,0.0,9.0,1.0,98.0,231.0,120.63333333333334,42.3,0.0,0.0,0.0,0.0,0.0,0.0,0.0,0.0,0.0,0.0,0.0,1.0,0.0,0.0,0.0,0.0,0.0,1.0,0.0,0.0,0.0,1.0,9.0,1.0,0.0,0.0,0.0,0.0,0.0,0.0,18.0,3.6,0.0,1.0,0.0,0.0,0.0,19.0,3.0,112.0,112.0,336.0,-0.34196934,0.4364987,-0.044255666,0.18309076,0.0015233168,-0.0015814321,-0.514324,-0.051591333,0.89720505,1.052498,0.11832362,-1.4915926,-0.37486303,-0.15172927,0.055792492,-0.40170178,-0.016177604,0.010806972,0.0033593993,0.09406637,0.0004076223,0.0,0.043838207,-0.025421401,-0.11340994,0.0,-0.046067607,0.0,0.0,0.24800946,-0.004610032,0.06880174,-0.029215131,-0.03914843,-1.535427,0.07122803,0.0,0.0,-0.001073414,0.027697287,0.0,-0.0001795183,-3.8086102,0.029631747,0.0020578909,-0.11182074,-0.018975819,-0.24092509,-0.07603266,1.1613165,-0.2277874,0.39104584,0.0,0.16887124,11.912147,7.3097305
0.2,0.0,0.0,1.0,0.0,0.0,9.0,1.0,98.0,231.0,120.63333333333334,42.3,0.0,0.0,0.0,0.0,0.0,0.0,0.0,0.0,0.0,0.0,0.0,1.0,0.0,0.0,0.0,0.0,0.0,1.0,0.0,0.0,0.0,1.0,9.0,1.0,0.0,0.0,0.0,0.0,0.0,0.0,18.0,3.6,0.0,1.0,0.0,0.0,0.0,108.0,3.0,182.0,182.0,546.0,-0.3353344,0.47757402,-0.06298419,0.028184228,0.001597258,-0.0047003655,-0.5166153,-0.057951096,0.9256089,1.0635273,0.12684405,-1.4738146,-0.3730251,-0.09450021,0.0534341,-0.41865262,-0.017271057,0.0097505255,6.908642e-05,0.09473976,0.0003824148,0.0,0.03818196,-0.023386853,-0.11480159,0.0,-0.03759355,0.0,0.0,0.24124874,0.015283368,0.06801338,-0.030536342,-0.037471894,-1.639249,0.05308771,0.0,0.0,-0.0033458993,0.028623361,0.0,-0.00020566405,-3.9342813,0.22492523,-0.0068284473,-0.20476128,-0.027483994,-0.25506103,-0.22294667,-0.87017316,-0.35735366,-0.173852,0.0,-0.06122632,11.912147,4.007818
0.1,0.0,1.0,0.0,0.0,0.0,18.0,1.0,56.0,112.0,120.63333333333334,44.0,0.0,1.0,0.0,0.0,0.0,0.0,0.0,0.0,0.0,0.0,0.0,0.0,0.0,0.0,0.0,0.0,0.0,1.0,0.0,0.0,0.0,1.0,8.0,1.0,0.0,0.0,0.0,0.0,0.0,0.0,9.0,0.9,0.0,1.0,0.0,0.0,0.0,96.0,3.0,364.0,364.0,1092.0,-0.22428769,0.24830325,0.6713702,-0.0037409163,0.007014873,-0.0046231467,0.007852103,-0.03888189,0.9976399,-0.30622956,0.13501936,-1.2794071,-0.13858286,0.12945624,0.02626295,-0.37211847,-0.016587436,0.0091553,0.0014487735,0.094565906,0.00039616073,0.0,0.08493419,6.551641e-05,-0.11257095,0.0,-0.0394129,0.0,0.0,0.32740688,0.023532404,0.09434457,-0.028365096,-0.039543476,0.5472359,0.044625163,0.0,0.0,-0.008099514,0.026463103,0.0,-0.00013162293,-4.4958305,-0.511459,0.0008008675,-0.260128,-0.02919246,-0.21279158,-0.1501857,-0.7625273,-0.324506,-0.0023735466,0.0,-0.080161385,11.912147,5.9483037
0.1,0.0,1.0,0.0,0.0,0.0,18.0,1.0,56.0,112.0,120.63333333333334,44.0,0.0,1.0,0.0,0.0,0.0,0.0,0.0,0.0,0.0,0.0,0.0,0.0,0.0,0.0,0.0,0.0,0.0,1.0,0.0,0.0,0.0,1.0,8.0,1.0,0.0,0.0,0.0,0.0,0.0,0.0,9.0,0.9,0.0,1.0,0.0,0.0,0.0,94.0,1.2,140.0,140.0,168.0,-0.29489994,0.25058708,0.7421957,-0.0042342576,0.008326027,-0.003992167,0.033171985,-0.037494414,0.9838365,-0.2792047,0.14275996,-1.2505606,-0.13550279,0.1782366,0.028906146,-0.3656865,-0.016785692,0.010231628,0.0023429354,0.09631188,0.00042121822,0.0,0.13657856,0.0013362581,-0.11264814,0.0,-0.04327096,0.0,0.0,0.2597303,0.004105809,0.096069284,-0.02553314,-0.03934401,0.50964165,0.07119547,0.0,0.0,-0.003187935,0.049119487,0.0,-0.00048586002,-4.5209036,-0.51461923,0.00394696,-0.17889084,-0.014931481,-0.17537689,-0.09833664,0.18162072,1.5382116,-0.08531674,0.0,0.28949594,11.912147,9.329326
0.1,0.0,1.0,0.0,0.0,0.0,18.0,1.0,56.0,112.0,120.63333333333334,44.0,0.0,1.0,0.0,0.0,0.0,0.0,0.0,0.0,0.0,0.0,0.0,0.0,0.0,0.0,0.0,0.0,0.0,1.0,0.0,0.0,0.0,1.0,8.0,1.0,0.0,0.0,0.0,0.0,0.0,0.0,9.0,0.9,0.0,1.0,0.0,0.0,0.0,90.0,1.8,140.0,140.0,252.0,-0.25428647,0.27529612,0.68505377,-0.002949931,0.007014873,-0.0055883517,0.03835853,-0.040995844,0.92952514,-0.2639351,0.12797196,-1.2584095,-0.14733484,0.14120068,0.028628936,-0.38094765,-0.019288303,0.009336766,0.0014283357,0.09401207,0.00043604482,0.0,0.08859654,0.0011647495,-0.112331554,0.0,-0.04461034,0.0,0.0,0.32133546,0.01230663,0.09112355,-0.027012195,-0.04198557,0.5375935,0.072796136,0.0,0.0,-0.0026744837,0.030554032,0.0,-0.00092842,-4.716581,-0.501543,0.0036302458,-0.21446157,-0.01343345,-0.18236977,-0.10209226,0.08417429,0.9355028,-0.08273687,0.0,0.25887036,11.912147,8.271568
0.1,0.0,1.0,0.0,0.0,0.0,18.0,1.0,56.0,112.0,120.63333333333334,44.0,0.0,1.0,0.0,0.0,0.0,0.0,0.0,0.0,0.0,0.0,0.0,0.0,0.0,0.0,0.0,0.0,0.0,1.0,0.0,0.0,0.0,1.0,8.0,1.0,0.0,0.0,0.0,0.0,0.0,0.0,9.0,0.9,0.0,1.0,0.0,0.0,0.0,92.0,2.4,140.0,140.0,336.0,-0.24589144,0.24391383,0.6999613,-0.0074107754,0.007014873,-0.003295675,0.033374812,-0.03871746,1.0082206,-0.25207284,0.13871229,-1.2632587,-0.1343449,0.2027054,0.028551275,-0.36473867,-0.016543211,0.009442162,0.0003486126,0.09179123,0.0003593518,0.0,0.121375,0.0013362581,-0.115091816,0.0,-0.04624479,0.0,0.0,0.3395384,0.0013262505,0.09584547,-0.028414601,-0.040846456,0.51516604,0.07060866,0.0,0.0,-0.004552208,0.026521452,0.0,-0.00092842,-4.4709435,-0.5304456,0.003083799,-0.20757695,-0.013997048,-0.2004746,-0.09963838,0.22052653,0.2402449,-0.087434076,0.0,0.2961942,11.912147,8.135455
0.1,0.0,1.0,0.0,0.0,0.0,18.0,1.0,56.0,112.0,120.63333333333334,44.0,0.0,1.0,0.0,0.0,0.0,0.0,0.0,0.0,0.0,0.0,0.0,0.0,0.0,0.0,0.0,0.0,0.0,1.0,0.0,0.0,0.0,1.0,8.0,1.0,0.0,0.0,0.0,0.0,0.0,0.0,9.0,0.9,0.0,1.0,0.0,0.0,0.0,92.0,3.0,140.0,140.0,420.0,-0.23125207,0.24589412,0.6532632,-0.0006524231,0.007014873,-0.004681493,-0.094262786,-0.038978565,1.0240695,-0.25107032,0.13625215,-1.2799962,-0.13495319,0.20526063,0.027976872,-0.37732023,-0.016541047,0.009113699,0.0002641949,0.09252815,0.0003593518,0.0,0.022045206,0.0011451199,-0.1133121,0.0,-0.046539143,0.0,0.0,0.33943808,0.0013277913,0.093955874,-0.028437998,-0.040717278,0.54705566,0.03705025,0.0,0.0,-0.0033528693,0.026621772,0.0,-0.00045578476,-4.510319,-0.5462445,0.0037115111,-0.2731415,-0.024999311,-0.21200533,-0.089730576,0.08124123,-0.36429185,-0.18308878,0.0,-0.11536105,11.912147,6.4860325
0.1,0.0,1.0,0.0,0.0,0.0,18.0,1.0,56.0,112.0,120.63333333333334,44.0,0.0,1.0,0.0,0.0,0.0,0.0,0.0,0.0,0.0,0.0,0.0,0.0,0.0,0.0,0.0,0.0,0.0,1.0,0.0,0.0,0.0,1.0,8.0,1.0,0.0,0.0,0.0,0.0,0.0,0.0,9.0,0.9,0.0,1.0,0.0,0.0,0.0,29.0,3.0,280.0,280.0,840.0,-0.28033108,0.26887485,0.65711975,0.00095338415,0.007014873,-0.0019944406,0.0017379443,-0.03943399,0.92664933,-0.28079295,0.12284685,-1.2956631,-0.14687698,0.16483116,0.02927732,-0.39307705,-0.016250748,0.009347663,0.0014586921,0.09725307,0.0003741784,0.0,0.12300629,0.0014536476,-0.11118208,0.0,-0.049244203,0.0,0.0,0.34073144,0.0029936791,0.09242142,-0.02721663,-0.042128827,0.5619608,0.039027967,0.0,0.0,-0.0033528693,0.025541715,0.0,-0.0001795183,-4.6728992,-0.53203845,0.0008104286,-0.23935036,-0.021912215,-0.20619638,-0.07361848,0.78430164,-0.2258176,-0.004663304,0.0,-0.080041096,11.912147,7.4278746
0.1,0.0,1.0,0.0,0.0,0.0,18.0,1.0,56.0,112.0,120.63333333333334,44.0,0.0,1.0,0.0,0.0,0.0,0.0,0.0,0.0,0.0,0.0,0.0,0.0,0.0,0.0,0.0,0.0,0.0,1.0,0.0,0.0,0.0,1.0,8.0,1.0,0.0,0.0,0.0,0.0,0.0,0.0,9.0,0.9,0.0,1.0,0.0,0.0,1.0,412.0,3.0,392.0,392.0,1176.0,-0.248834,0.24875821,0.65099704,-0.0037356236,0.0069574923,-0.0020948958,-0.013641455,-0.036671065,1.0424145,-0.2797653,0.14075425,-1.2956772,-0.13346337,0.12798476,0.028333453,-0.3700447,-0.016104454,0.0107722515,0.0020036947,0.094626054,0.0003263476,0.0,0.10576747,0.0016195723,-0.11243075,0.0,-0.03645041,0.0,0.0,0.3323935,0.034773745,0.094005115,-0.02868603,-0.044947367,0.51106423,0.06157345,0.0,0.0,-0.004228247,0.028041491,0.0,-0.00013162293,-4.4689126,-0.53375816,-0.0009445067,-0.20275292,-0.02778826,-0.20470513,0.05625885,0.33239773,-0.27682737,0.09185827,0.0,-0.08885557,11.912147,7.48438
0.1,0.0,1.0,0.0,0.0,0.0,18.0,1.0,56.0,112.0,120.63333333333334,44.0,0.0,1.0,0.0,0.0,0.0,0.0,0.0,0.0,0.0,0.0,0.0,0.0,0.0,0.0,0.0,0.0,0.0,1.0,0.0,0.0,0.0,1.0,8.0,1.0,0.0,0.0,0.0,0.0,0.0,0.0,9.0,0.9,0.0,1.0,0.0,0.0,1.0,204.0,1.8,392.0,392.0,705.6,-0.23152393,0.25204343,0.5748444,0.0004238448,0.0069574923,-0.004049075,-0.01599858,-0.039107352,1.017866,-0.23288889,0.14133753,-1.2858887,-0.13431847,0.099820584,0.027063476,-0.36709335,-0.01678045,0.010737718,0.0025355883,0.097487226,0.00034823344,0.0,0.17060666,0.0016224913,-0.110337414,0.0,-0.03612325,0.0,0.0,0.2896218,0.03458848,0.08924043,-0.027674202,-0.044330776,0.4790297,0.060689036,0.0,0.0,-0.0021184627,0.043769956,0.0,-0.00021643794,-4.5628853,-0.5084127,0.0022970967,-0.17284524,-0.016816257,-0.17829935,0.11736079,-0.26727632,1.436383,0.08624228,0.0,-0.054416835,11.912147,8.645662
0.1,0.0,1.0,0.0,0.0,0.0,18.0,1.0,56.0,112.0,120.63333333333334,44.0,0.0,1.0,0.0,0.0,0.0,0.0,0.0,0.0,0.0,0.0,0.0,0.0,0.0,0.0,0.0,0.0,0.0,1.0,0.0,0.0,0.0,1.0,8.0,1.0,0.0,0.0,0.0,0.0,0.0,0.0,9.0,0.9,0.0,1.0,0.0,0.0,1.0,2432.0,3.0,392.0,392.0,1176.0,-0.2525609,0.2612757,0.6588254,-0.0037930075,0.0069574923,-0.0022267099,-0.04631863,-0.03593403,1.0669042,-0.272534,0.13480434,-1.2990857,-0.13957256,0.13120295,0.026868038,-0.37255925,-0.01586297,0.008499982,0.00021679362,0.09251036,0.00036702136,0.0,0.09707028,0.0016195723,-0.1144172,0.0,-0.035936352,0.0,0.0,0.33341527,0.016919086,0.09379309,-0.028966228,-0.044296958,0.5235733,0.05937737,0.0,0.0,-0.005455992,0.026279856,0.0,-0.00012393983,-4.5182924,-0.5157585,-0.0011082075,-0.2374336,-0.03230271,-0.21420465,0.061513845,-0.96068215,-0.34746468,0.019162642,0.0,-0.085067056,11.912147,5.951344
0.1,0.0,1.0,0.0,0.0,0.0,18.0,1.0,56.0,112.0,120.63333333333334,44.0,0.0,1.0,0.0,0.0,0.0,0.0,0.0,0.0,0.0,0.0,0.0,0.0,0.0,0.0,0.0,0.0,0.0,1.0,0.0,0.0,0.0,1.0,8.0,1.0,0.0,0.0,0.0,0.0,0.0,0.0,9.0,0.9,0.0,1.0,0.0,0.0,1.0,1467.0,3.0,1120.0,1120.0,3360.0,-0.2605025,0.25148246,0.6589301,-0.004782508,0.0069574923,-0.0024216904,0.009977397,-0.036393642,1.0226089,-0.30697867,0.13979174,-1.3023292,-0.13277064,0.12781128,0.027091851,-0.37143305,-0.016517036,0.0089721605,0.0017968131,0.093386255,0.00035563673,0.0,0.09506819,0.0016195723,-0.11221949,0.0,-0.035776783,0.0,0.0,0.31441796,0.021963619,0.094008386,-0.028665394,-0.041827474,0.52785945,0.058751497,0.0,0.0,-0.003308848,0.025596669,0.0,-0.00013162293,-4.470202,-0.5264086,-0.0010011159,-0.2028634,-0.028710963,-0.20790595,0.06332559,-0.033150207,-0.28663763,0.19590598,0.0,-0.09105802,11.912147,7.155831
0.1,0.0,1.0,0.0,0.0,0.0,18.0,1.0,56.0,112.0,120.63333333333334,44.0,0.0,1.0,0.0,0.0,0.0,0.0,0.0,0.0,0.0,0.0,0.0,0.0,0.0,0.0,0.0,0.0,0.0,1.0,0.0,0.0,0.0,1.0,8.0,1.0,0.0,0.0,0.0,0.0,0.0,0.0,9.0,0.9,0.0,1.0,0.0,0.0,1.0,349.0,3.0,476.0,476.0,1428.0,-0.23908967,0.25862148,0.6630466,-0.0061740438,0.0069574923,-0.0031205325,0.0041117254,-0.036101833,1.0286379,-0.3057064,0.13506243,-1.2921774,-0.13349326,0.12671767,0.026522968,-0.37019292,-0.017921772,0.008953736,0.0012630415,0.09192468,0.0003315389,0.0,0.07237865,0.0016224913,-0.113023326,0.0,-0.036502186,0.0,0.0,0.33654588,0.022946294,0.09236604,-0.028875673,-0.04165799,0.5315886,0.062382355,0.0,0.0,-0.004558534,0.024031049,0.0,-0.00013162293,-4.4870777,-0.5291529,-0.0011805394,-0.24913342,-0.027977085,-0.20838459,0.05444917,-0.77484506,-0.37103093,-0.019491512,0.0,-0.108970635,11.912147,6.056639
0.1,0.0,1.0,0.0,0.0,0.0,18.0,1.0,56.0,112.0,120.63333333333334,44.0,0.0,1.0,0.0,0.0,0.0,0.0,0.0,0.0,0.0,0.0,0.0,0.0,0.0,0.0,0.0,0.0,0.0,1.0,0.0,0.0,0.0,1.0,8.0,1.0,0.0,0.0,0.0,0.0,0.0,0.0,9.0,0.9,1.0,0.0,0.0,0.0,1.0,175.0,3.0,224.0,224.0,672.0,-0.2785881,0.24202476,0.6517746,-0.0032726452,0.0069574923,-0.0024135849,-0.00528861,-0.03870016,1.1247172,-0.2264104,0.13212538,-1.2842817,-0.14114755,0.121787705,0.028533304,-0.36406857,-0.018694216,0.008934929,0.0011965134,0.08973386,0.0003722803,0.0,0.10894111,0.002688203,-0.10848117,0.0,-0.038060717,0.0,0.0,0.3156272,0.038550586,0.08642898,-0.029550187,-0.044687007,0.51726884,0.04027299,0.0,0.0,-0.003865663,0.0269052,0.0,-0.00011637042,-4.426748,-0.50686705,0.061132785,0.74914926,-0.027948195,-0.26506084,0.08484619,-0.7631618,-0.27655223,-0.027993271,0.0,-0.044232387,11.912147,7.4259276
0.1,0.0,1.0,0.0,0.0,0.0,18.0,1.0,56.0,112.0,120.63333333333334,44.0,0.0,1.0,0.0,0.0,0.0,0.0,0.0,0.0,0.0,0.0,0.0,0.0,0.0,0.0,0.0,0.0,0.0,1.0,0.0,0.0,0.0,1.0,8.0,1.0,0.0,0.0,0.0,0.0,0.0,0.0,9.0,0.9,0.0,0.0,1.0,0.0,1.0,125.0,3.0,392.0,392.0,1176.0,-0.22175273,0.27535167,0.6211496,-0.008235677,0.006799642,-0.0028085313,0.0421644,-0.038096193,1.1258317,-0.2322378,0.13369136,-1.2839887,-0.14017037,0.11611306,0.028072938,-0.3658559,-0.016886422,0.008506829,0.0011116922,0.08822547,0.00039302954,0.0,0.07720167,0.003833753,-0.108927384,0.0,-0.039103758,0.0,0.0,0.33921218,0.025486093,0.086937875,-0.028868612,-0.04113932,0.5133413,0.048222627,0.0,0.0,-0.0037775019,0.031313844,0.0,-0.000102798294,-4.456113,-0.48084557,0.018017927,0.80122703,0.3899987,-0.252936,0.09185992,-0.54981655,-0.24359873,0.051949415,0.0,-0.08680357,11.912147,8.236098
0.1,0.0,1.0,0.0,0.0,0.0,18.0,1.0,56.0,112.0,120.63333333333334,44.0,0.0,1.0,0.0,0.0,0.0,0.0,0.0,0.0,0.0,0.0,0.0,0.0,0.0,0.0,0.0,0.0,0.0,1.0,0.0,0.0,0.0,1.0,8.0,1.0,0.0,0.0,0.0,0.0,0.0,0.0,9.0,0.9,0.0,0.0,0.0,1.0,1.0,17.0,3.0,364.0,364.0,1092.0,-0.32183698,0.15036616,0.63055146,-0.0024249593,0.007723724,-0.0014676434,0.028852746,-0.03596547,1.092002,-0.28180557,0.12245453,-1.269589,-0.14978734,0.23025009,0.029350052,-0.35621026,-0.018257895,0.009203614,0.0018888415,0.09292964,0.0004329111,0.0,0.17167397,0.0065972283,-0.1084692,0.0,-0.053014155,0.0,0.0,0.309707,0.029974613,0.079652786,-0.025920201,-0.043363098,0.52715755,0.016900495,0.0,0.0,-0.0028598155,0.02459323,0.0,-0.00011351996,-4.5843873,-0.52895635,0.006346547,0.4503496,-0.020922327,1.1081815,0.022570213,-0.41298237,-0.19427428,-0.021172436,0.0,-0.05654476,11.912147,8.571537
0.1,0.0,1.0,0.0,0.0,0.0,18.0,1.0,56.0,112.0,120.63333333333334,44.0,0.0,1.0,0.0,0.0,0.0,0.0,0.0,0.0,0.0,0.0,0.0,0.0,0.0,0.0,0.0,0.0,0.0,1.0,0.0,0.0,0.0,1.0,8.0,1.0,0.0,0.0,0.0,0.0,0.0,0.0,9.0,0.9,0.0,0.0,0.0,1.0,1.0,14.0,3.0,364.0,364.0,1092.0,-0.30882442,0.107697256,0.5977816,-0.000600473,0.007723724,-0.0010519049,-0.05787752,-0.035455223,1.1984059,-0.2843358,0.11518062,-1.2649627,-0.13612677,0.17134745,0.037380625,-0.33596292,-0.016831161,0.014792547,0.0046182815,0.10315816,0.004102511,0.0,0.29919022,0.0044190623,-0.106082566,0.0,-0.04811327,0.0,0.0,0.2882296,0.027217438,0.07376039,-0.025920201,-0.041780554,0.5219116,0.024535028,0.0,0.0,-0.0028598155,0.046597604,0.0,-0.00011351996,-4.546935,-0.54684985,0.007169257,0.68228114,-0.021157613,1.160596,0.021522326,3.3288834,-0.1484718,0.009292466,0.0,-0.051949188,11.912147,12.787686
0.1,0.0,1.0,0.0,0.0,0.0,18.0,1.0,56.0,112.0,120.63333333333334,44.0,0.0,1.0,0.0,0.0,0.0,0.0,0.0,0.0,0.0,0.0,0.0,0.0,0.0,0.0,0.0,0.0,0.0,1.0,0.0,0.0,0.0,1.0,8.0,1.0,0.0,0.0,0.0,0.0,0.0,0.0,9.0,0.9,0.0,0.0,0.0,1.0,1.0,31.0,3.0,364.0,364.0,1092.0,-0.3180552,0.15435788,0.6504477,-0.004829475,0.009707042,-0.0020944674,0.034426946,-0.036254633,1.0382868,-0.25153062,0.12660182,-1.2571977,-0.14314345,0.23208463,0.032322165,-0.3576625,-0.016629517,0.009783386,0.0014560838,0.09542551,0.0004374408,0.0,0.15903892,0.0036832576,-0.10802144,0.0,-0.049278796,0.0,0.0,0.32014632,0.008501717,0.084769286,-0.025829539,-0.043402627,0.5548577,0.03294201,0.0,0.0,-0.002754808,0.025583673,0.0,-0.00019843625,-4.632438,-0.5227054,0.018060774,0.8521149,-0.021977957,1.3336899,0.040099382,0.8813168,-0.17458366,0.016338265,0.0,-0.05621867,11.912147,10.603823
0.1,0.0,1.0,0.0,0.0,0.0,18.0,1.0,56.0,112.0,120.63333333333334,44.0,0.0,1.0,0.0,0.0,0.0,0.0,0.0,0.0,0.0,0.0,0.0,0.0,0.0,0.0,0.0,0.0,0.0,1.0,0.0,0.0,0.0,1.0,8.0,1.0,0.0,0.0,0.0,0.0,0.0,0.0,9.0,0.9,0.0,1.0,0.0,0.0,1.0,194.0,3.0,392.0,392.0,1176.0,-0.24549426,0.24858056,0.6903612,-0.004105245,0.0069574923,-0.0060507795,-0.037941314,-0.0371154,1.028802,-0.26748478,0.13490699,-1.2939116,-0.13579819,0.13048753,0.0260772,-0.37271965,-0.020920493,0.00886434,-0.0023768542,0.092955105,0.00035990332,0.0,0.12880795,0.0016224913,-0.11248991,0.0,-0.037556067,0.0,0.0,0.3365719,0.028614366,0.091160856,-0.02852922,-0.04433935,0.4952994,0.060855374,0.0,0.0,-0.0050618486,0.02650597,0.0,-0.00013162293,-4.510584,-0.5119632,-0.0029986077,-0.28200608,-0.03175052,-0.2137487,0.043714125,-1.4805249,-0.38360816,0.002167122,0.0,-0.13240519,11.912147,5.2942033
0.1,0.0,1.0,0.0,0.0,0.0,18.0,1.0,56.0,112.0,120.63333333333334,44.0,0.0,1.0,0.0,0.0,0.0,0.0,0.0,0.0,0.0,0.0,0.0,0.0,0.0,0.0,0.0,0.0,0.0,1.0,0.0,0.0,0.0,1.0,8.0,1.0,0.0,0.0,0.0,0.0,0.0,0.0,9.0,0.9,0.0,1.0,0.0,0.0,1.0,117.0,3.0,476.0,476.0,1428.0,-0.21741793,0.25313786,0.6430105,-0.005503697,0.0069574923,-0.0046884613,-0.014333699,-0.036241855,1.0271071,-0.30765098,0.13499875,-1.2905143,-0.1326849,0.12738143,0.026270622,-0.37262318,-0.016790248,0.007804418,0.0013893732,0.09279417,0.00034320878,0.0,0.075740285,0.0016224913,-0.11249477,0.0,-0.03815358,0.0,0.0,0.33071008,0.0215917,0.09159198,-0.028809454,-0.039933458,0.55578184,0.059390645,0.0,0.0,-0.004501189,0.026451796,0.0,-0.00013162293,-4.500959,-0.5135991,-9.7658776e-05,-0.2545254,-0.030053206,-0.21031177,0.08921568,-0.55583423,-0.32982272,0.15242258,0.0,-0.114202924,11.912147,6.5059824
0.1,0.0,1.0,0.0,0.0,0.0,18.0,1.0,56.0,112.0,120.63333333333334,44.0,0.0,1.0,0.0,0.0,0.0,0.0,0.0,0.0,0.0,0.0,0.0,0.0,0.0,0.0,0.0,0.0,0.0,1.0,0.0,0.0,0.0,1.0,8.0,1.0,0.0,0.0,0.0,0.0,0.0,0.0,9.0,0.9,0.0,1.0,0.0,0.0,0.0,19.0,3.0,112.0,112.0,336.0,-0.30732122,0.23014717,0.63001865,-0.008635092,0.006940932,-0.0015635715,0.1064613,-0.03902176,0.9470043,-0.27893037,0.12478879,-1.2935858,-0.1467732,0.16266254,0.029475598,-0.38133392,-0.016336666,0.009186293,0.0038244033,0.09656994,0.0003696487,0.0,0.061361514,0.0012570374,-0.112091556,0.0,-0.048730668,0.0,0.0,0.3232137,-0.0015483345,0.092773214,-0.027197445,-0.04129582,0.5675448,0.07240576,0.0,0.0,-0.0018975292,0.026289111,0.0,-0.0001795183,-4.6057286,-0.5010118,0.0024796,-0.20005392,-0.020689093,-0.19468954,-0.055169575,0.9947706,-0.20065023,0.43543583,0.0,0.28272164,11.912147,8.635421
0.1,0.0,1.0,0.0,0.0,0.0,18.0,1.0,56.0,112.0,120.63333333333334,44.0,0.0,1.0,0.0,0.0,0.0,0.0,0.0,0.0,0.0,0.0,0.0,0.0,0.0,0.0,0.0,0.0,0.0,1.0,0.0,0.0,0.0,1.0,8.0,1.0,0.0,0.0,0.0,0.0,0.0,0.0,9.0,0.9,0.0,1.0,0.0,0.0,0.0,108.0,3.0,182.0,182.0,546.0,-0.21890959,0.24737294,0.67567074,-0.003607623,0.007014873,-0.00468185,-0.05477675,-0.03828428,1.0138131,-0.31012338,0.1335844,-1.2763792,-0.13836163,0.13061725,0.026169205,-0.3730385,-0.018077562,0.008517086,0.0006541502,0.09395856,0.0003593518,0.0,0.04698535,0.0011451199,-0.11122554,0.0,-0.0388512,0.0,0.0,0.32509634,0.015420297,0.09481075,-0.028518658,-0.03961928,0.5499132,0.044644564,0.0,0.0,-0.007891473,0.026621772,0.0,-0.00020566405,-4.49832,-0.50792843,0.0031038926,-0.26364025,-0.029152628,-0.21266603,-0.17993413,-0.78020746,-0.3653559,-0.25565556,0.0,-0.0986535,11.912147,5.503556
0.15,1.0,0.0,0.0,0.0,0.0,1.0,0.0,28.0,42.0,120.63333333333334,33.0,0.0,0.0,0.0,0.0,0.0,0.0,0.0,0.0,1.0,0.0,0.0,0.0,0.0,0.0,0.0,0.0,0.0,1.0,0.0,0.0,0.0,1.0,6.0,0.0,0.0,0.0,0.0,0.0,0.0,1.0,1.0,0.15,0.0,1.0,0.0,0.0,0.0,96.0,3.0,364.0,364.0,1092.0,-0.7279442,-0.221514,-0.067063384,-0.049975097,0.0026030918,-0.004570813,-0.9916396,0.2005366,-0.93494374,0.4917238,0.08034953,-1.699397,-0.13926244,-0.098431684,0.024870113,-0.4790209,-0.024210894,0.008212545,0.0007712866,0.20499192,-0.0024078982,0.0,0.06116569,-0.00020053961,-0.17931886,0.0,-0.039390374,0.0,0.0,0.123892,0.020531494,0.08065564,-0.021082118,-0.03023303,0.11621457,-0.095718555,0.0,0.0,-0.0057920646,0.017021751,0.0,0.0012575401,-5.9494295,-2.4498522,-0.010860203,-0.18215002,-0.027116043,-0.24428762,-0.093903854,-0.8171763,-0.32678786,-0.017570559,0.0,-0.054180577,11.912147,-2.638485
0.15,1.0,0.0,0.0,0.0,0.0,1.0,0.0,28.0,42.0,120.63333333333334,33.0,0.0,0.0,0.0,0.0,0.0,0.0,0.0,0.0,1.0,0.0,0.0,0.0,0.0,0.0,0.0,0.0,0.0,1.0,0.0,0.0,0.0,1.0,6.0,0.0,0.0,0.0,0.0,0.0,0.0,1.0,1.0,0.15,0.0,1.0,0.0,0.0,0.0,94.0,1.2,140.0,140.0,168.0,-0.7341068,-0.22335091,-0.07924682,-0.056683347,0.0028291373,-0.004111565,-1.133754,0.1823675,-0.8546157,0.6381966,0.086529605,-1.6445854,-0.13613048,-0.13478051,0.027820513,-0.4877224,-0.024261458,0.008722935,0.0016708097,0.20836999,-0.0026937271,0.0,0.12149494,0.0009735153,-0.17129931,0.0,-0.043771904,0.0,0.0,0.10246596,0.002122862,0.08360926,-0.018956818,-0.030026132,0.06781644,-0.104064696,0.0,0.0,-0.0026085246,0.04174514,0.0,0.0056955377,-6.050681,-2.394605,0.0023349912,-0.098140135,-0.013163331,-0.20348327,-0.0879112,0.05991356,1.7039942,-0.08828744,0.0,0.16680753,11.912147,0.60458654
0.15,1.0,0.0,0.0,0.0,0.0,1.0,0.0,28.0,42.0,120.63333333333334,33.0,0.0,0.0,0.0,0.0,0.0,0.0,0.0,0.0,1.0,0.0,0.0,0.0,0.0,0.0,0.0,0.0,0.0,1.0,0.0,0.0,0.0,1.0,6.0,0.0,0.0,0.0,0.0,0.0,0.0,1.0,1.0,0.15,0.0,1.0,0.0,0.0,0.0,90.0,1.8,140.0,140.0,252.0,-0.746705,-0.23107529,-0.074035406,-0.05442125,0.0026030918,-0.005669748,-1.1435869,0.19097866,-0.84103626,0.6373243,0.08823576,-1.6509627,-0.1546528,-0.118299164,0.027268142,-0.49065366,-0.026702506,0.008294758,0.001589134,0.20760554,-0.0029859587,0.0,0.07203074,0.00088240235,-0.17015691,0.0,-0.044957656,0.0,0.0,0.11392631,0.011039495,0.08339318,-0.020644424,-0.032667696,0.09761684,-0.106478244,0.0,0.0,-0.0022714688,0.025691845,0.0,0.013381812,-6.2252426,-2.3217049,0.0018421577,-0.12605953,-0.012022022,-0.22532584,-0.093337916,0.19396292,0.9254681,-0.08393142,0.0,0.14089885,11.912147,-0.24940374
0.15,1.0,0.0,0.0,0.0,0.0,1.0,0.0,28.0,42.0,120.63333333333334,33.0,0.0,0.0,0.0,0.0,0.0,0.0,0.0,0.0,1.0,0.0,0.0,0.0,0.0,0.0,0.0,0.0,0.0,1.0,0.0,0.0,0.0,1.0,6.0,0.0,0.0,0.0,0.0,0.0,0.0,1.0,1.0,0.15,0.0,1.0,0.0,0.0,0.0,92.0,2.4,140.0,140.0,336.0,-0.71327573,-0.21702373,-0.0743743,-0.055720467,0.0026030918,-0.0034135478,-1.1124864,0.18880686,-0.8888417,0.63572896,0.08230126,-1.6876324,-0.13706513,-0.13690934,0.027945219,-0.48917413,-0.024201427,0.008486762,0.00039496485,0.20504202,-0.0022606624,0.0,0.10017954,0.0009735153,-0.17384638,0.0,-0.04632957,0.0,0.0,0.15055512,5.91141e-05,0.08423437,-0.021337524,-0.031537052,0.08629933,-0.10728721,0.0,0.0,-0.004149193,0.016972745,0.0,0.013381812,-5.9187593,-2.623509,0.0014766732,-0.11760376,-0.013187701,-0.23321813,-0.08525022,0.032768797,0.23648714,-0.088516004,0.0,0.16579545,11.912147,-1.0542684
0.15,1.0,0.0,0.0,0.0,0.0,1.0,0.0,28.0,42.0,120.63333333333334,33.0,0.0,0.0,0.0,0.0,0.0,0.0,0.0,0.0,1.0,0.0,0.0,0.0,0.0,0.0,0.0,0.0,0.0,1.0,0.0,0.0,0.0,1.0,6.0,0.0,0.0,0.0,0.0,0.0,0.0,1.0,1.0,0.15,0.0,1.0,0.0,0.0,0.0,92.0,3.0,140.0,140.0,420.0,-0.71478635,-0.21950108,-0.068120144,-0.054333005,0.0026030918,-0.0046291593,-1.0660235,0.19049382,-0.864294,0.63360196,0.08006113,-1.7022216,-0.13718393,-0.13812707,0.027015517,-0.49336472,-0.024199259,0.008060766,0.00020336027,0.2057789,-0.0022606624,0.0,-0.0034177827,0.00087906374,-0.17226951,0.0,-0.04645608,0.0,0.0,0.15224758,0.00015883689,0.08327572,-0.02136092,-0.031407867,0.12396431,-0.113319114,0.0,0.0,-0.0032490122,0.017073065,0.0,0.0074340245,-5.907797,-2.604082,0.0016623965,-0.18133286,-0.021321231,-0.2406129,-0.07983497,-0.066064484,-0.33528695,-0.15698928,0.0,-0.05820979,11.912147,-2.0853963
0.15,1.0,0.0,0.0,0.0,0.0,1.0,0.0,28.0,42.0,120.63333333333334,33.0,0.0,0.0,0.0,0.0,0.0,0.0,0.0,0.0,1.0,0.0,0.0,0.0,0.0,0.0,0.0,0.0,0.0,1.0,0.0,0.0,0.0,1.0,6.0,0.0,0.0,0.0,0.0,0.0,0.0,1.0,1.0,0.15,0.0,1.0,0.0,0.0,0.0,29.0,3.0,280.0,280.0,840.0,-0.7311269,-0.22215943,-0.068708204,-0.05112541,0.0026030918,-0.0019041046,-1.0651436,0.18697946,-0.82470846,0.6145941,0.08168038,-1.670782,-0.14969355,-0.11993455,0.029185707,-0.49584454,-0.023874208,0.008289085,0.0010453161,0.21103281,-0.002552894,0.0,0.09314942,0.0011966161,-0.1706057,0.0,-0.049112637,0.0,0.0,0.13118844,0.0017157291,0.08304452,-0.02072052,-0.032814957,0.095331535,-0.11481579,0.0,0.0,-0.0032490122,0.018631108,0.0,0.0018642149,-6.090992,-2.4109292,-0.0006212497,-0.14250349,-0.018795323,-0.2349034,-0.061965745,0.9736279,-0.21304287,-0.0405235,0.0,-0.014075448,11.912147,-0.59992075
0.15,1.0,0.0,0.0,0.0,0.0,1.0,0.0,28.0,42.0,120.63333333333334,33.0,0.0,0.0,0.0,0.0,0.0,0.0,0.0,0.0,1.0,0.0,0.0,0.0,0.0,0.0,0.0,0.0,0.0,1.0,0.0,0.0,0.0,1.0,6.0,0.0,0.0,0.0,0.0,0.0,0.0,1.0,1.0,0.15,0.0,1.0,0.0,0.0,1.0,412.0,3.0,392.0,392.0,1176.0,-0.7203646,-0.22157077,-0.064570524,-0.047721148,0.0025837242,-0.0018462546,-1.0846995,0.19256032,-0.9179791,0.56148446,0.08579575,-1.7074549,-0.13592505,-0.096652746,0.028721126,-0.4771259,-0.022314722,0.00887564,0.0010711212,0.20379016,-0.0020817604,0.0,0.08581561,0.0013486642,-0.17843099,0.0,-0.036666602,0.0,0.0,0.15490454,0.025625752,0.08492084,-0.02165973,-0.035364415,0.091524005,-0.10727783,0.0,0.0,-0.004101307,0.014469185,0.0,0.0012575401,-5.9242606,-2.4580612,-0.012607675,-0.119453475,-0.026582537,-0.23617102,0.04828717,0.18836448,-0.28034064,0.076497965,0.0,-0.057387106,11.912147,-1.2286258
0.15,1.0,0.0,0.0,0.0,0.0,1.0,0.0,28.0,42.0,120.63333333333334,33.0,0.0,0.0,0.0,0.0,0.0,0.0,0.0,0.0,1.0,0.0,0.0,0.0,0.0,0.0,0.0,0.0,0.0,1.0,0.0,0.0,0.0,1.0,6.0,0.0,0.0,0.0,0.0,0.0,0.0,1.0,1.0,0.15,0.0,1.0,0.0,0.0,1.0,204.0,1.8,392.0,392.0,705.6,-0.829269,-0.22073202,-0.058505565,-0.048378527,0.0025837242,-0.004009387,-1.0663917,0.20455356,-0.85518086,0.5821722,0.08520403,-1.6955373,-0.13280097,-0.092615,0.02560292,-0.4650116,-0.022941226,0.008938641,0.0015108683,0.203929,-0.0021474177,0.0,0.15914226,0.0013564352,-0.17670612,0.0,-0.036368273,0.0,0.0,0.0889898,0.025443679,0.08618781,-0.020494845,-0.03474349,0.003819634,-0.101752095,0.0,0.0,-0.0019417014,0.029556772,0.0,0.0023277623,-6.024483,-2.3822873,-0.0090906015,-0.0939465,-0.01807251,-0.21632177,0.10125859,-0.37727642,1.4820367,0.09935548,0.0,-0.013343853,11.912147,0.10576925
0.15,1.0,0.0,0.0,0.0,0.0,1.0,0.0,28.0,42.0,120.63333333333334,33.0,0.0,0.0,0.0,0.0,0.0,0.0,0.0,0.0,1.0,0.0,0.0,0.0,0.0,0.0,0.0,0.0,0.0,1.0,0.0,0.0,0.0,1.0,6.0,0.0,0.0,0.0,0.0,0.0,0.0,1.0,1.0,0.15,0.0,1.0,0.0,0.0,1.0,2432.0,3.0,392.0,392.0,1176.0,-0.7376268,-0.23270868,-0.06530039,-0.049597736,0.0025837242,-0.0018918194,-1.033444,0.18947004,-0.8865913,0.5965777,0.0797538,-1.707152,-0.14202155,-0.09805603,0.025892723,-0.48155883,-0.022606486,0.0076488038,-0.00038869205,0.20248923,-0.0022037816,0.0,0.07987711,0.0013486642,-0.17932889,0.0,-0.036168516,0.0,0.0,0.15596782,0.0077710887,0.08467828,-0.02194824,-0.03471401,0.12587304,-0.10319759,0.0,0.0,-0.0053290525,0.013752749,0.0,0.0011615012,-5.946701,-2.4266534,-0.012816728,-0.15198813,-0.031208005,-0.24567196,0.053542167,-0.9904236,-0.34567535,0.024527732,0.0,-0.052454393,11.912147,-2.4803631
0.15,1.0,0.0,0.0,0.0,0.0,1.0,0.0,28.0,42.0,120.63333333333334,33.0,0.0,0.0,0.0,0.0,0.0,0.0,0.0,0.0,1.0,0.0,0.0,0.0,0.0,0.0,0.0,0.0,0.0,1.0,0.0,0.0,0.0,1.0,6.0,0.0,0.0,0.0,0.0,0.0,0.0,1.0,1.0,0.15,0.0,1.0,0.0,0.0,1.0,1467.0,3.0,1120.0,1120.0,3360.0,-0.7282389,-0.2358845,-0.06489118,-0.054921195,0.0025837242,-0.0019012151,-1.081521,0.19161099,-0.93968415,0.54482174,0.084007874,-1.682601,-0.13559811,-0.09641483,0.026116537,-0.48030898,-0.023134554,0.0074094688,0.0011850231,0.20255035,-0.0022394215,0.0,0.08308767,0.0013486642,-0.17822315,0.0,-0.035492506,0.0,0.0,0.13692904,0.01210498,0.09085679,-0.02165241,-0.032154996,0.13178138,-0.102381356,0.0,0.0,-0.0031819078,0.014582946,0.0,0.0012575401,-5.938447,-2.423762,-0.0126667395,-0.11472896,-0.027905503,-0.23898669,0.057073932,-0.18373747,-0.2863311,0.23126934,0.0,-0.060375422,11.912147,-1.45464
0.15,1.0,0.0,0.0,0.0,0.0,1.0,0.0,28.0,42.0,120.63333333333334,33.0,0.0,0.0,0.0,0.0,0.0,0.0,0.0,0.0,1.0,0.0,0.0,0.0,0.0,0.0,0.0,0.0,0.0,1.0,0.0,0.0,0.0,1.0,6.0,0.0,0.0,0.0,0.0,0.0,0.0,1.0,1.0,0.15,0.0,1.0,0.0,0.0,1.0,349.0,3.0,476.0,476.0,1428.0,-0.73866165,-0.22705121,-0.06592795,-0.056312725,0.0025837242,-0.002620237,-1.0158037,0.19003785,-0.88563365,0.54283595,0.0801791,-1.7082126,-0.13500398,-0.096570626,0.02498246,-0.47732565,-0.02339296,0.0073910444,-0.00045677353,0.20176263,-0.0021140287,0.0,0.059667286,0.0013564352,-0.17938457,0.0,-0.03623027,0.0,0.0,0.13333255,0.013292989,0.08573227,-0.021867543,-0.031985514,0.11983223,-0.10822155,0.0,0.0,-0.004431594,0.012327998,0.0,0.0012575401,-5.938341,-2.4440079,-0.012843708,-0.16566105,-0.027619358,-0.23959492,0.04278079,-0.8742735,-0.36609393,-0.012348583,0.0,-0.074423306,11.912147,-2.540915
0.15,1.0,0.0,0.0,0.0,0.0,1.0,0.0,28.0,42.0,120.63333333333334,33.0,0.0,0.0,0.0,0.0,0.0,0.0,0.0,0.0,1.0,0.0,0.0,0.0,0.0,0.0,0.0,0.0,0.0,1.0,0.0,0.0,0.0,1.0,6.0,0.0,0.0,0.0,0.0,0.0,0.0,1.0,1.0,0.15,1.0,0.0,0.0,0.0,1.0,175.0,3.0,224.0,224.0,672.0,-0.634583,-0.20840468,-0.065949574,-0.06720146,0.0025837242,-0.002158628,-1.0854089,0.20057297,-0.99098796,0.5346862,0.07720067,-1.707091,-0.14496955,-0.0957906,0.027570223,-0.46936226,-0.024796652,0.00805069,0.00045168147,0.20001566,-0.0023970744,0.0,0.091996476,0.0017889604,-0.18456435,0.0,-0.038021088,0.0,0.0,0.12239013,0.029405786,0.08056351,-0.022161292,-0.035240646,0.072883494,-0.07876059,0.0,0.0,-0.0037521098,0.017348284,0.0,0.0010911891,-5.78044,-2.524079,0.2211355,0.54318076,-0.024953786,-0.27639598,0.06985987,-0.7537583,-0.27493474,-0.052555848,0.0,-0.012391365,11.912147,-1.3461901
0.15,1.0,0.0,0.0,0.0,0.0,1.0,0.0,28.0,42.0,120.63333333333334,33.0,0.0,0.0,0.0,0.0,0.0,0.0,0.0,0.0,1.0,0.0,0.0,0.0,0.0,0.0,0.0,0.0,0.0,1.0,0.0,0.0,0.0,1.0,6.0,0.0,0.0,0.0,0.0,0.0,0.0,1.0,1.0,0.15,0.0,0.0,1.0,0.0,1.0,125.0,3.0,392.0,392.0,1176.0,-0.70599246,-0.250358,-0.06352455,-0.065072834,0.0024258737,-0.0021704275,-1.034214,0.19701192,-0.97563845,0.5316787,0.07882244,-1.68883,-0.14406645,-0.09167055,0.027100502,-0.47274107,-0.024560273,0.008117674,0.00095026236,0.19841017,-0.0024961312,0.0,0.072238535,0.0025108668,-0.18357527,0.0,-0.03883698,0.0,0.0,0.12565103,0.0163413,0.081403494,-0.021670632,-0.031726252,0.09749418,-0.08304012,0.0,0.0,-0.0036639487,0.018867586,0.0,0.00091927545,-5.9757366,-2.4787748,0.012806305,0.6003038,0.29320714,-0.2735811,0.07844907,-0.5445236,-0.25785476,0.061054982,0.0,-0.04934598,11.912147,-1.0457525
0.15,1.0,0.0,0.0,0.0,0.0,1.0,0.0,28.0,42.0,120.63333333333334,33.0,0.0,0.0,0.0,0.0,0.0,0.0,0.0,0.0,1.0,0.0,0.0,0.0,0.0,0.0,0.0,0.0,0.0,1.0,0.0,0.0,0.0,1.0,6.0,0.0,0.0,0.0,0.0,0.0,0.0,1.0,1.0,0.15,0.0,0.0,0.0,1.0,1.0,17.0,3.0,364.0,364.0,1092.0,-0.74009395,-0.20741859,-0.074579336,-0.07636596,0.0033499554,-0.0013322457,-1.0236297,0.16424517,-0.87475556,0.68681926,0.080954365,-1.6277776,-0.1566427,-0.17039843,0.02946684,-0.4654505,-0.025288366,0.00832666,-1.2832108e-05,0.21042128,-0.0033102052,0.0,0.14802483,0.002712548,-0.17771477,0.0,-0.053956576,0.0,0.0,0.11658839,0.02781981,0.07905979,-0.020533558,-0.03401307,0.030506352,-0.08446235,0.0,0.0,-0.0030957353,0.016058944,0.0,0.0010550832,-6.130644,-2.5399015,0.0034547518,0.1958095,-0.019359175,1.1393476,0.028570272,-0.15410176,-0.18823744,-0.033120625,0.0,-0.018171117,11.912147,-0.019628637
0.15,1.0,0.0,0.0,0.0,0.0,1.0,0.0,28.0,42.0,120.63333333333334,33.0,0.0,0.0,0.0,0.0,0.0,0.0,0.0,0.0,1.0,0.0,0.0,0.0,0.0,0.0,0.0,0.0,0.0,1.0,0.0,0.0,0.0,1.0,6.0,0.0,0.0,0.0,0.0,0.0,0.0,1.0,1.0,0.15,0.0,0.0,0.0,1.0,1.0,14.0,3.0,364.0,364.0,1092.0,-0.77589273,-0.19354984,-0.07084832,-0.056168895,0.0033499554,-0.0007616417,-1.158188,0.16347982,-0.86761606,0.63623,0.08234598,-1.4384059,-0.14375465,-0.14314388,0.034949467,-0.43014544,-0.02424044,0.014129995,0.0024405345,0.21615773,-0.047500893,0.0,0.26200956,0.0024904641,-0.17288509,0.0,-0.049436074,0.0,0.0,0.10443436,0.02636079,0.06627697,-0.020533558,-0.032430526,-0.024732046,-0.10466128,0.0,0.0,-0.0030957353,0.0273804,0.0,0.0010550832,-6.003294,-2.5267315,0.0035815719,0.4299528,-0.019106619,1.2511998,0.027238404,3.5644755,-0.14340001,-0.009809825,0.0,-0.014502267,11.912147,4.3568497
0.15,1.0,0.0,0.0,0.0,0.0,1.0,0.0,28.0,42.0,120.63333333333334,33.0,0.0,0.0,0.0,0.0,0.0,0.0,0.0,0.0,1.0,0.0,0.0,0.0,0.0,0.0,0.0,0.0,0.0,1.0,0.0,0.0,0.0,1.0,6.0,0.0,0.0,0.0,0.0,0.0,0.0,1.0,1.0,0.15,0.0,0.0,0.0,1.0,1.0,31.0,3.0,364.0,364.0,1092.0,-0.7211517,-0.2192891,-0.07550715,-0.06415395,0.0053332737,-0.0019590694,-1.0868065,0.16605322,-0.868392,0.6670759,0.08464269,-1.6372705,-0.14841668,-0.16981584,0.030872757,-0.47695506,-0.024252977,0.008724806,0.0011490335,0.21270812,-0.0033419132,0.0,0.13381954,0.0019248398,-0.1734517,0.0,-0.04958354,0.0,0.0,0.12674412,0.0062339986,0.07993535,-0.020506514,-0.0340526,0.060855128,-0.10082497,0.0,0.0,-0.0030668618,0.016988436,0.0,0.0020515972,-6.1456637,-2.5283475,0.021911055,0.60874903,-0.021229543,1.4392016,0.036526997,1.0568502,-0.17016296,-0.0018574684,0.0,-0.018928863,11.912147,1.9155109
0.15,1.0,0.0,0.0,0.0,0.0,1.0,0.0,28.0,42.0,120.63333333333334,33.0,0.0,0.0,0.0,0.0,0.0,0.0,0.0,0.0,1.0,0.0,0.0,0.0,0.0,0.0,0.0,0.0,0.0,1.0,0.0,0.0,0.0,1.0,6.0,0.0,0.0,0.0,0.0,0.0,0.0,1.0,1.0,0.15,0.0,1.0,0.0,0.0,1.0,194.0,3.0,392.0,392.0,1176.0,-0.7416411,-0.2212866,-0.067550346,-0.048478656,0.0025837242,-0.005457738,-0.9906768,0.19433986,-0.9119058,0.57450974,0.08009219,-1.7186775,-0.1371887,-0.09963864,0.024536695,-0.47980085,-0.026517682,0.008013163,-0.0032707828,0.20337534,-0.002299126,0.0,0.11073351,0.0013564352,-0.17884773,0.0,-0.03749548,0.0,0.0,0.13335857,0.01946957,0.082738586,-0.02133124,-0.034630187,0.09414395,-0.106593914,0.0,0.0,-0.004934909,0.013860522,0.0,0.0012575401,-5.947204,-2.441414,-0.014661776,-0.20481116,-0.031313706,-0.2452262,0.032580644,-1.5209136,-0.37990767,-0.0027281526,0.0,-0.09808172,11.912147,-3.2353878
0.15,1.0,0.0,0.0,0.0,0.0,1.0,0.0,28.0,42.0,120.63333333333334,33.0,0.0,0.0,0.0,0.0,0.0,0.0,0.0,0.0,1.0,0.0,0.0,0.0,0.0,0.0,0.0,0.0,0.0,1.0,0.0,0.0,0.0,1.0,6.0,0.0,0.0,0.0,0.0,0.0,0.0,1.0,1.0,0.15,0.0,1.0,0.0,0.0,1.0,117.0,3.0,476.0,476.0,1428.0,-0.7342067,-0.22447307,-0.06600724,-0.062322855,0.0025837242,-0.0045861127,-1.0164576,0.19216992,-0.89346564,0.54421705,0.080279194,-1.7075471,-0.13451725,-0.09635062,0.024730118,-0.4797559,-0.02429492,0.007352334,0.0009531534,0.20329125,-0.002265737,0.0,0.06413403,0.0013564352,-0.17896493,0.0,-0.03764543,0.0,0.0,0.12749676,0.011858976,0.08141158,-0.021629646,-0.03039756,0.14239046,-0.10337151,0.0,0.0,-0.0043742494,0.014956142,0.0,0.0012575401,-5.9532228,-2.449644,-0.011760827,-0.1757964,-0.027953492,-0.24154748,0.07364395,-0.6276739,-0.32783318,0.15814622,0.0,-0.079938516,11.912147,-2.0736256
0.15,1.0,0.0,0.0,0.0,0.0,1.0,0.0,28.0,42.0,120.63333333333334,33.0,0.0,0.0,0.0,0.0,0.0,0.0,0.0,0.0,1.0,0.0,0.0,0.0,0.0,0.0,0.0,0.0,0.0,1.0,0.0,0.0,0.0,1.0,6.0,0.0,0.0,0.0,0.0,0.0,0.0,1.0,1.0,0.15,0.0,1.0,0.0,0.0,0.0,19.0,3.0,112.0,112.0,336.0,-0.7695251,-0.21454564,-0.06591429,-0.06471047,0.0025291506,-0.0014732355,-1.19086,0.18470885,-0.7996418,0.6216072,0.08103638,-1.6647233,-0.14769012,-0.11543873,0.028397629,-0.48302034,-0.024025254,0.008314281,0.003146136,0.20888087,-0.002521186,0.0,0.030153673,0.00097469025,-0.17149697,0.0,-0.047606606,0.0,0.0,0.11280901,0.0012246593,0.08445021,-0.020705331,-0.03200632,0.11041398,-0.11015519,0.0,0.0,-0.0017936722,0.019407904,0.0,0.0018642149,-6.0610375,-2.3867233,0.00029302333,-0.10634781,-0.017160418,-0.22744584,-0.048129458,1.226747,-0.187173,0.35950547,0.0,0.14351843,11.912147,0.1802589
0.15,1.0,0.0,0.0,0.0,0.0,1.0,0.0,28.0,42.0,120.63333333333334,33.0,0.0,0.0,0.0,0.0,0.0,0.0,0.0,0.0,1.0,0.0,0.0,0.0,0.0,0.0,0.0,0.0,0.0,1.0,0.0,0.0,0.0,1.0,6.0,0.0,0.0,0.0,0.0,0.0,0.0,1.0,1.0,0.15,0.0,1.0,0.0,0.0,0.0,108.0,3.0,182.0,182.0,546.0,-0.73509264,-0.22027971,-0.06735169,-0.052392095,0.0026030918,-0.004629516,-0.99171394,0.2003093,-0.9152581,0.5076887,0.07891458,-1.7003391,-0.13933808,-0.09890869,0.024831418,-0.48023912,-0.025735775,0.0075743278,7.119134e-05,0.20383728,-0.0022606624,0.0,0.024664506,0.00087906374,-0.17766833,0.0,-0.038966507,0.0,0.0,0.13458648,0.012419388,0.081810795,-0.02112514,-0.030235853,0.11503833,-0.09582952,0.0,0.0,-0.005584024,0.017073065,0.0,0.002185316,-5.948952,-2.4374533,-0.008540107,-0.18456385,-0.027133374,-0.24128582,-0.1220539,-0.84018576,-0.33417782,-0.20801286,0.0,-0.060324688,11.912147,-2.8889983
0.15,1.0,0.0,0.0,0.0,0.0,3.0,0.0,28.0,42.0,120.63333333333334,31.2,0.0,0.0,0.0,0.0,0.0,0.0,0.0,0.0,1.0,0.0,0.0,0.0,0.0,0.0,0.0,0.0,0.0,1.0,0.0,0.0,0.0,1.0,6.0,0.0,0.0,0.0,0.0,0.0,0.0,1.0,3.0,0.4499999999999999,0.0,1.0,0.0,0.0,0.0,96.0,3.0,364.0,364.0,1092.0,-0.56046087,-0.14309126,-0.06413704,-0.049769416,0.0026030918,-0.004570186,-0.37932098,0.2028169,-0.7527797,0.6356886,0.08419562,-0.8719314,-0.13739333,-0.09717672,0.025775185,-0.44683972,-0.021418864,0.009197649,0.0007712866,0.2058069,-0.0024078982,0.0,0.085886896,-0.00020053961,-0.17318045,0.0,-0.039069224,0.0,0.0,0.1976935,0.02063099,0.084473744,-0.021082118,-0.03023303,0.21659377,-0.073806286,0.0,0.0,-0.0057920646,0.019880805,0.0,0.0012575401,-5.2778573,-0.8037319,-0.008481874,-0.19336505,-0.02509423,-0.24782024,-0.1325863,-0.8322046,-0.32723412,-0.015069366,0.0,-0.06552102,11.912147,1.9017916
0.15,1.0,0.0,0.0,0.0,0.0,3.0,0.0,28.0,42.0,120.63333333333334,31.2,0.0,0.0,0.0,0.0,0.0,0.0,0.0,0.0,1.0,0.0,0.0,0.0,0.0,0.0,0.0,0.0,0.0,1.0,0.0,0.0,0.0,1.0,6.0,0.0,0.0,0.0,0.0,0.0,0.0,1.0,3.0,0.4499999999999999,0.0,1.0,0.0,0.0,0.0,94.0,1.2,140.0,140.0,168.0,-0.5628275,-0.14492819,-0.076320484,-0.05753464,0.0028291373,-0.004078924,-0.4436472,0.19111814,-0.732488,0.71145016,0.090681106,-0.8831514,-0.13580737,-0.13352555,0.028725585,-0.44266135,-0.02140787,0.00983775,0.0016708097,0.20918281,-0.0026937271,0.0,0.13940804,0.0009735153,-0.16750848,0.0,-0.043450754,0.0,0.0,0.18178806,0.0022223578,0.085630015,-0.018956818,-0.030026132,0.1672953,-0.07683784,0.0,0.0,-0.0026085246,0.044604197,0.0,0.0056955377,-5.2214746,-0.72912174,0.0036368899,-0.10299925,-0.011160496,-0.21742268,-0.098474935,0.1474685,1.5617033,-0.096970856,0.0,0.21479884,11.912147,5.254781
0.15,1.0,0.0,0.0,0.0,0.0,3.0,0.0,28.0,42.0,120.63333333333334,31.2,0.0,0.0,0.0,0.0,0.0,0.0,0.0,0.0,1.0,0.0,0.0,0.0,0.0,0.0,0.0,0.0,0.0,1.0,0.0,0.0,0.0,1.0,6.0,0.0,0.0,0.0,0.0,0.0,0.0,1.0,3.0,0.4499999999999999,0.0,1.0,0.0,0.0,0.0,90.0,1.8,140.0,140.0,252.0,-0.5718546,-0.15265256,-0.070649646,-0.055368572,0.0026030918,-0.0052909357,-0.4409471,0.2036787,-0.7244853,0.7317832,0.09238726,-0.88728124,-0.15432969,-0.1170442,0.028868265,-0.4576133,-0.023910476,0.0093900375,0.001589134,0.20858863,-0.0029859587,0.0,0.08972733,0.00088240235,-0.16636609,0.0,-0.04463651,0.0,0.0,0.19594622,0.0111389905,0.08526966,-0.020644424,-0.032667696,0.19892912,-0.074045695,0.0,0.0,-0.0022714688,0.026160613,0.0,0.013381812,-5.461171,-0.66363627,0.0031440575,-0.13232075,-0.009860917,-0.22572331,-0.1017841,0.15217209,0.95276874,-0.09228729,0.0,0.18346104,11.912147,4.41219
0.15,1.0,0.0,0.0,0.0,0.0,3.0,0.0,28.0,42.0,120.63333333333334,31.2,0.0,0.0,0.0,0.0,0.0,0.0,0.0,0.0,1.0,0.0,0.0,0.0,0.0,0.0,0.0,0.0,0.0,1.0,0.0,0.0,0.0,1.0,6.0,0.0,0.0,0.0,0.0,0.0,0.0,1.0,3.0,0.4499999999999999,0.0,1.0,0.0,0.0,0.0,92.0,2.4,140.0,140.0,336.0,-0.54364926,-0.13860098,-0.07144797,-0.055514783,0.0026030918,-0.0034129212,-0.42171007,0.19108719,-0.7257517,0.72100353,0.08645277,-0.91941136,-0.13493851,-0.13565437,0.028940467,-0.44157028,-0.021409396,0.009582042,0.00039496485,0.20585483,-0.0022606624,0.0,0.12011999,0.0009735153,-0.17005555,0.0,-0.046008416,0.0,0.0,0.22853881,0.0001586098,0.088082865,-0.021337524,-0.031537052,0.18967478,-0.07706273,0.0,0.0,-0.004149193,0.019831799,0.0,0.013381812,-5.1246595,-0.7855099,0.0027785725,-0.12262089,-0.010427378,-0.23652299,-0.09534741,0.12176042,0.24587595,-0.099561386,0.0,0.20717734,11.912147,3.9562922
0.15,1.0,0.0,0.0,0.0,0.0,3.0,0.0,28.0,42.0,120.63333333333334,31.2,0.0,0.0,0.0,0.0,0.0,0.0,0.0,0.0,1.0,0.0,0.0,0.0,0.0,0.0,0.0,0.0,0.0,1.0,0.0,0.0,0.0,1.0,6.0,0.0,0.0,0.0,0.0,0.0,0.0,1.0,3.0,0.4499999999999999,0.0,1.0,0.0,0.0,0.0,92.0,3.0,140.0,140.0,420.0,-0.5405325,-0.14107832,-0.06519381,-0.054127324,0.0026030918,-0.0046285326,-0.40326568,0.19277413,-0.7077776,0.7188766,0.08421264,-0.93559974,-0.13531482,-0.13687211,0.028010765,-0.44925007,-0.021407228,0.009156047,0.00020336027,0.20659171,-0.0022606624,0.0,0.019691782,0.00087906374,-0.1684787,0.0,-0.04613493,0.0,0.0,0.22862905,0.00025833258,0.08789261,-0.02136092,-0.031407867,0.2247928,-0.08309464,0.0,0.0,-0.0032490122,0.01993212,0.0,0.0074340245,-5.167594,-0.8062393,0.0029642961,-0.19148853,-0.019892221,-0.24415848,-0.09321569,0.021916136,-0.33567768,-0.16841681,0.0,-0.06743832,11.912147,2.7238114
0.15,1.0,0.0,0.0,0.0,0.0,3.0,0.0,28.0,42.0,120.63333333333334,31.2,0.0,0.0,0.0,0.0,0.0,0.0,0.0,0.0,1.0,0.0,0.0,0.0,0.0,0.0,0.0,0.0,0.0,1.0,0.0,0.0,0.0,1.0,6.0,0.0,0.0,0.0,0.0,0.0,0.0,1.0,3.0,0.4499999999999999,0.0,1.0,0.0,0.0,0.0,29.0,3.0,280.0,280.0,840.0,-0.55125916,-0.1437367,-0.065322444,-0.04960538,0.0026030918,-0.0018899622,-0.3659215,0.18925977,-0.67537564,0.7038239,0.08583187,-0.8961164,-0.14782444,-0.11867959,0.03078583,-0.46521524,-0.02108218,0.009384366,0.0010453161,0.21201394,-0.002552894,0.0,0.1188631,0.0011966161,-0.1668149,0.0,-0.04879149,0.0,0.0,0.21160613,0.0018152248,0.08766141,-0.02072052,-0.032814957,0.20199369,-0.0792793,0.0,0.0,-0.0032490122,0.019099876,0.0,0.0018642149,-5.414442,-0.77359074,0.0006806487,-0.15267666,-0.016590789,-0.23844898,-0.07823825,0.9340421,-0.21848351,-0.031112464,0.0,-0.022852821,11.912147,3.923033
0.15,1.0,0.0,0.0,0.0,0.0,3.0,0.0,28.0,42.0,120.63333333333334,31.2,0.0,0.0,0.0,0.0,0.0,0.0,0.0,0.0,1.0,0.0,0.0,0.0,0.0,0.0,0.0,0.0,0.0,1.0,0.0,0.0,0.0,1.0,6.0,0.0,0.0,0.0,0.0,0.0,0.0,1.0,3.0,0.4499999999999999,0.0,1.0,0.0,0.0,1.0,412.0,3.0,392.0,392.0,1176.0,-0.5553284,-0.14314802,-0.06235688,-0.047515467,0.0025837242,-0.001845628,-0.44836855,0.19547367,-0.7328634,0.704738,0.0895442,-0.81832397,-0.13306771,-0.09607203,0.030067725,-0.44505247,-0.019522693,0.009769166,0.0010711212,0.20525521,-0.0020817604,0.0,0.10972639,0.0013486642,-0.17271654,0.0,-0.036345452,0.0,0.0,0.23238085,0.025728442,0.089545734,-0.02165973,-0.035364415,0.19250782,-0.08536557,0.0,0.0,-0.004101307,0.021614593,0.0,0.0012575401,-5.2574964,-0.8264826,-0.0051666386,-0.13151284,-0.024094066,-0.23970364,0.058375895,0.21306612,-0.27589226,0.07989638,0.0,-0.07549008,11.912147,3.4791586
0.15,1.0,0.0,0.0,0.0,0.0,3.0,0.0,28.0,42.0,120.63333333333334,31.2,0.0,0.0,0.0,0.0,0.0,0.0,0.0,0.0,1.0,0.0,0.0,0.0,0.0,0.0,0.0,0.0,0.0,1.0,0.0,0.0,0.0,1.0,6.0,0.0,0.0,0.0,0.0,0.0,0.0,1.0,3.0,0.4499999999999999,0.0,1.0,0.0,0.0,1.0,204.0,1.8,392.0,392.0,705.6,-0.6606963,-0.1423093,-0.05564024,-0.049229823,0.0025837242,-0.0039782706,-0.4867331,0.2123178,-0.7156395,0.7306744,0.08865399,-0.81954634,-0.13314065,-0.09136004,0.026655663,-0.43047953,-0.020149197,0.009832165,0.0015108683,0.20474398,-0.0021474177,0.0,0.17805094,0.0013564352,-0.17079166,0.0,-0.036047127,0.0,0.0,0.16646612,0.025543176,0.08790074,-0.020494845,-0.03474349,0.10993896,-0.082837455,0.0,0.0,-0.0019417014,0.03241583,0.0,0.0023277623,-5.3014936,-0.76766735,-0.001649564,-0.10893958,-0.014850916,-0.21648626,0.10064785,-0.39660892,1.4747936,0.10159141,0.0,-0.028362397,11.912147,4.676188
0.15,1.0,0.0,0.0,0.0,0.0,3.0,0.0,28.0,42.0,120.63333333333334,31.2,0.0,0.0,0.0,0.0,0.0,0.0,0.0,0.0,1.0,0.0,0.0,0.0,0.0,0.0,0.0,0.0,0.0,1.0,0.0,0.0,0.0,1.0,6.0,0.0,0.0,0.0,0.0,0.0,0.0,1.0,3.0,0.4499999999999999,0.0,1.0,0.0,0.0,1.0,2432.0,3.0,392.0,392.0,1176.0,-0.5713181,-0.15428592,-0.06308675,-0.04939205,0.0025837242,-0.001977442,-0.42518947,0.1923834,-0.7023333,0.739015,0.08350223,-0.79622275,-0.13694718,-0.09747532,0.027239326,-0.4494854,-0.019194908,0.00854233,-0.00038869205,0.20395428,-0.0022037816,0.0,0.1031018,0.0013486642,-0.17361444,0.0,-0.03571284,0.0,0.0,0.23344414,0.00787378,0.08865366,-0.02194824,-0.03471401,0.22430953,-0.08128533,0.0,0.0,-0.0053290525,0.019852957,0.0,0.0011615012,-5.281235,-0.78990245,-0.005375692,-0.16404752,-0.028725144,-0.24920458,0.06363091,-0.9702504,-0.34122705,0.029438715,0.0,-0.07068779,11.912147,2.2194228
0.15,1.0,0.0,0.0,0.0,0.0,3.0,0.0,28.0,42.0,120.63333333333334,31.2,0.0,0.0,0.0,0.0,0.0,0.0,0.0,0.0,1.0,0.0,0.0,0.0,0.0,0.0,0.0,0.0,0.0,1.0,0.0,0.0,0.0,1.0,6.0,0.0,0.0,0.0,0.0,0.0,0.0,1.0,3.0,0.4499999999999999,0.0,1.0,0.0,0.0,1.0,1467.0,3.0,1120.0,1120.0,3360.0,-0.5613329,-0.15746175,-0.06267753,-0.05154115,0.0025837242,-0.0019005885,-0.44001675,0.19452435,-0.7530957,0.6870104,0.08775632,-0.8147859,-0.13274077,-0.09583411,0.027463136,-0.44823554,-0.020342525,0.00816641,0.0011850231,0.2040154,-0.0022394215,0.0,0.10611971,0.0013486642,-0.1725087,0.0,-0.035171356,0.0,0.0,0.21440536,0.013492824,0.09624896,-0.02165241,-0.032154996,0.23511668,-0.080469094,0.0,0.0,-0.0031819078,0.020683154,0.0,0.0012575401,-5.272642,-0.7845926,-0.010425999,-0.12323336,-0.025629403,-0.24277489,0.061210316,-0.18412778,-0.28171876,0.23073922,0.0,-0.07854425,11.912147,3.2144423
0.15,1.0,0.0,0.0,0.0,0.0,3.0,0.0,28.0,42.0,120.63333333333334,31.2,0.0,0.0,0.0,0.0,0.0,0.0,0.0,0.0,1.0,0.0,0.0,0.0,0.0,0.0,0.0,0.0,0.0,1.0,0.0,0.0,0.0,1.0,6.0,0.0,0.0,0.0,0.0,0.0,0.0,1.0,3.0,0.4499999999999999,0.0,1.0,0.0,0.0,1.0,349.0,3.0,476.0,476.0,1428.0,-0.56734735,-0.14862846,-0.063062616,-0.05293268,0.0025837242,-0.0026196104,-0.39192897,0.1929512,-0.70116496,0.68502456,0.083629064,-0.8249758,-0.1331489,-0.095315665,0.0260352,-0.4452522,-0.020600932,0.008147986,-0.00045677353,0.20255381,-0.0021140287,0.0,0.08177939,0.0013564352,-0.17354639,0.0,-0.035909127,0.0,0.0,0.21080886,0.014640647,0.090114504,-0.021867543,-0.031985514,0.22588912,-0.08630929,0.0,0.0,-0.004431594,0.018428208,0.0,0.0012575401,-5.2725363,-0.83211493,-0.010602969,-0.17688735,-0.025039924,-0.24338312,0.049911212,-0.88670725,-0.36148167,-0.01507691,0.0,-0.09252627,11.912147,2.0873036
0.15,1.0,0.0,0.0,0.0,0.0,3.0,0.0,28.0,42.0,120.63333333333334,31.2,0.0,0.0,0.0,0.0,0.0,0.0,0.0,0.0,1.0,0.0,0.0,0.0,0.0,0.0,0.0,0.0,0.0,1.0,0.0,0.0,0.0,1.0,6.0,0.0,0.0,0.0,0.0,0.0,0.0,1.0,3.0,0.4499999999999999,1.0,0.0,0.0,0.0,1.0,175.0,3.0,224.0,224.0,672.0,-0.46714506,-0.12998192,-0.06308425,-0.06699577,0.0025837242,-0.0021580015,-0.4173427,0.19924694,-0.8063045,0.67867464,0.08046041,-0.9119186,-0.14134416,-0.094535634,0.02835238,-0.43652862,-0.022004623,0.008977276,0.00045168147,0.2010661,-0.0023970744,0.0,0.11384692,0.0017889604,-0.17842594,0.0,-0.03769994,0.0,0.0,0.19753307,0.029505283,0.08530921,-0.022161292,-0.035240646,0.17184037,-0.06498348,0.0,0.0,-0.0037521098,0.02020734,0.0,0.0010911891,-5.094769,-0.8491194,0.18580931,0.5728472,-0.022420349,-0.28425172,0.07510189,-0.7710048,-0.27380252,-0.04739424,0.0,-0.01839474,11.912147,3.301676
0.15,1.0,0.0,0.0,0.0,0.0,3.0,0.0,28.0,42.0,120.63333333333334,31.2,0.0,0.0,0.0,0.0,0.0,0.0,0.0,0.0,1.0,0.0,0.0,0.0,0.0,0.0,0.0,0.0,0.0,1.0,0.0,0.0,0.0,1.0,6.0,0.0,0.0,0.0,0.0,0.0,0.0,1.0,3.0,0.4499999999999999,0.0,0.0,1.0,0.0,1.0,125.0,3.0,392.0,392.0,1176.0,-0.5538411,-0.17193516,-0.06193314,-0.06486715,0.0024258737,-0.002169801,-0.36464328,0.20317928,-0.7962962,0.67323047,0.0824783,-0.8760183,-0.14032473,-0.09107148,0.027882658,-0.43797064,-0.021706745,0.008549176,0.00095026236,0.19943681,-0.0024961312,0.0,0.094026044,0.0025108668,-0.17782497,0.0,-0.03876413,0.0,0.0,0.20370112,0.016440796,0.086546294,-0.021670632,-0.031726252,0.18897681,-0.06926301,0.0,0.0,-0.0036639487,0.024967793,0.0,0.00091927545,-5.2752094,-0.7856618,0.02297772,0.6399552,0.26794833,-0.28143686,0.08966644,-0.52068377,-0.25445452,0.06829424,0.0,-0.06318803,11.912147,3.7083898
0.15,1.0,0.0,0.0,0.0,0.0,3.0,0.0,28.0,42.0,120.63333333333334,31.2,0.0,0.0,0.0,0.0,0.0,0.0,0.0,0.0,1.0,0.0,0.0,0.0,0.0,0.0,0.0,0.0,0.0,1.0,0.0,0.0,0.0,1.0,6.0,0.0,0.0,0.0,0.0,0.0,0.0,1.0,3.0,0.4499999999999999,0.0,0.0,0.0,1.0,1.0,17.0,3.0,364.0,364.0,1092.0,-0.5854922,-0.11816798,-0.07120851,-0.07484593,0.0033499554,-0.0013181034,-0.42812353,0.1665255,-0.68279386,0.77106994,0.08486207,-0.8337867,-0.15302978,-0.16190784,0.030546496,-0.43416867,-0.022496337,0.009311765,-1.2832108e-05,0.21164057,-0.0033102052,0.0,0.17106675,0.002712548,-0.17392395,0.0,-0.05357964,0.0,0.0,0.17543101,0.027919305,0.08128483,-0.020533558,-0.03401307,0.12897913,-0.05706103,0.0,0.0,-0.0030957353,0.01652771,0.0,0.0010550832,-5.291552,-0.84285206,0.0057645147,0.1874875,-0.017928442,1.1609895,0.030331068,-0.230426,-0.18933998,-0.028275635,0.0,-0.01942918,11.912147,4.6463294
0.15,1.0,0.0,0.0,0.0,0.0,3.0,0.0,28.0,42.0,120.63333333333334,31.2,0.0,0.0,0.0,0.0,0.0,0.0,0.0,0.0,1.0,0.0,0.0,0.0,0.0,0.0,0.0,0.0,0.0,1.0,0.0,0.0,0.0,1.0,6.0,0.0,0.0,0.0,0.0,0.0,0.0,1.0,3.0,0.4499999999999999,0.0,0.0,0.0,1.0,1.0,14.0,3.0,364.0,364.0,1092.0,-0.62376136,-0.09630123,-0.067477494,-0.054648872,0.0033499554,-0.00074749935,-0.54862845,0.16576013,-0.6648507,0.69130415,0.08472919,-0.71812946,-0.13847914,-0.14115526,0.036880907,-0.4104572,-0.02144841,0.015115097,0.0024405345,0.21737704,-0.047500893,0.0,0.2902575,0.0024904641,-0.16961676,0.0,-0.04869248,0.0,0.0,0.16163008,0.026460286,0.069128364,-0.020533558,-0.032430526,0.0737407,-0.068056546,0.0,0.0,-0.0030957353,0.026737189,0.0,0.0010550832,-5.1937,-0.8673765,0.005891334,0.44208282,-0.017861389,1.2423879,0.028999195,3.422893,-0.14032133,-0.002367007,0.0,-0.015371987,11.912147,8.80985
0.15,1.0,0.0,0.0,0.0,0.0,3.0,0.0,28.0,42.0,120.63333333333334,31.2,0.0,0.0,0.0,0.0,0.0,0.0,0.0,0.0,1.0,0.0,0.0,0.0,0.0,0.0,0.0,0.0,0.0,1.0,0.0,0.0,0.0,1.0,6.0,0.0,0.0,0.0,0.0,0.0,0.0,1.0,3.0,0.4499999999999999,0.0,0.0,0.0,1.0,1.0,31.0,3.0,364.0,364.0,1092.0,-0.5693323,-0.12636046,-0.07213631,-0.06263392,0.0053332737,-0.0019449274,-0.41750225,0.16833353,-0.6845539,0.7477948,0.08860395,-0.83967334,-0.14479129,-0.16132523,0.032269526,-0.44567326,-0.021460949,0.009820087,0.0011490335,0.21392666,-0.0033419132,0.0,0.15684147,0.0019248398,-0.1696609,0.0,-0.04926239,0.0,0.0,0.1892865,0.0063334946,0.08390461,-0.020506514,-0.0340526,0.15811154,-0.07342364,0.0,0.0,-0.0030668618,0.017457204,0.0,0.0020515972,-5.313412,-0.805868,0.026680095,0.64704263,-0.019282969,1.442101,0.04274673,1.0362406,-0.17122102,0.004466945,0.0,-0.019794665,11.912147,6.764286
0.15,1.0,0.0,0.0,0.0,0.0,3.0,0.0,28.0,42.0,120.63333333333334,31.2,0.0,0.0,0.0,0.0,0.0,0.0,0.0,0.0,1.0,0.0,0.0,0.0,0.0,0.0,0.0,0.0,0.0,1.0,0.0,0.0,0.0,1.0,6.0,0.0,0.0,0.0,0.0,0.0,0.0,1.0,3.0,0.4499999999999999,0.0,1.0,0.0,0.0,1.0,194.0,3.0,392.0,392.0,1176.0,-0.5732332,-0.14286384,-0.064685024,-0.048272975,0.0025837242,-0.005457111,-0.38302895,0.19301383,-0.7301689,0.7151317,0.08354215,-0.8003746,-0.13533361,-0.09838368,0.025589438,-0.4477274,-0.023725651,0.008906689,-0.0032707828,0.20416652,-0.002299126,0.0,0.13269617,0.0013564352,-0.17300954,0.0,-0.03717433,0.0,0.0,0.21083488,0.019569065,0.08695213,-0.02133124,-0.034630187,0.19341949,-0.08468165,0.0,0.0,-0.004934909,0.019960731,0.0,0.0012575401,-5.2814555,-0.8201091,-0.0072207395,-0.21603738,-0.028521903,-0.24875884,0.04913943,-1.4972997,-0.37621891,0.0033689735,0.0,-0.116184704,11.912147,1.4572421
0.15,1.0,0.0,0.0,0.0,0.0,3.0,0.0,28.0,42.0,120.63333333333334,31.2,0.0,0.0,0.0,0.0,0.0,0.0,0.0,0.0,1.0,0.0,0.0,0.0,0.0,0.0,0.0,0.0,0.0,1.0,0.0,0.0,0.0,1.0,6.0,0.0,0.0,0.0,0.0,0.0,0.0,1.0,3.0,0.4499999999999999,0.0,1.0,0.0,0.0,1.0,117.0,3.0,476.0,476.0,1428.0,-0.56392884,-0.14605032,-0.06314192,-0.05894281,0.0025837242,-0.004585486,-0.3966482,0.19833729,-0.7063869,0.68775743,0.08412529,-0.8331343,-0.13266216,-0.09509566,0.02578286,-0.44768247,-0.02150289,0.008044102,0.0009531534,0.20408243,-0.002265737,0.0,0.08666835,0.0013564352,-0.17309408,0.0,-0.037324287,0.0,0.0,0.20497307,0.013206635,0.085793816,-0.021629646,-0.03039756,0.24456081,-0.08145925,0.0,0.0,-0.0043742494,0.02105635,0.0,0.0012575401,-5.285698,-0.8053792,-0.009520088,-0.18702263,-0.025938243,-0.24533567,0.08189456,-0.6286082,-0.32332817,0.15851474,0.0,-0.10126087,11.912147,2.5906992
0.15,1.0,0.0,0.0,0.0,0.0,3.0,0.0,28.0,42.0,120.63333333333334,31.2,0.0,0.0,0.0,0.0,0.0,0.0,0.0,0.0,1.0,0.0,0.0,0.0,0.0,0.0,0.0,0.0,0.0,1.0,0.0,0.0,0.0,1.0,6.0,0.0,0.0,0.0,0.0,0.0,0.0,1.0,3.0,0.4499999999999999,0.0,1.0,0.0,0.0,0.0,19.0,3.0,112.0,112.0,336.0,-0.59111434,-0.1361229,-0.06252851,-0.06319044,0.0025291506,-0.0014590934,-0.43648478,0.1869296,-0.6479882,0.70904875,0.08518789,-0.90540266,-0.14744535,-0.11418377,0.029997753,-0.45239103,-0.021233225,0.009409562,0.003146136,0.20986201,-0.002521186,0.0,0.05323389,0.00097469025,-0.16770616,0.0,-0.047233406,0.0,0.0,0.19482894,0.0025379297,0.090443656,-0.020705331,-0.03200632,0.21331358,-0.07472502,0.0,0.0,-0.0017936722,0.019876672,0.0,0.0018642149,-5.339481,-0.7130626,0.0015949219,-0.10651714,-0.015467567,-0.23099145,-0.061510194,1.198143,-0.19391115,0.36231115,0.0,0.1845081,11.912147,4.884714
0.15,1.0,0.0,0.0,0.0,0.0,3.0,0.0,28.0,42.0,120.63333333333334,31.2,0.0,0.0,0.0,0.0,0.0,0.0,0.0,0.0,1.0,0.0,0.0,0.0,0.0,0.0,0.0,0.0,0.0,1.0,0.0,0.0,0.0,1.0,6.0,0.0,0.0,0.0,0.0,0.0,0.0,1.0,3.0,0.4499999999999999,0.0,1.0,0.0,0.0,0.0,108.0,3.0,182.0,182.0,546.0,-0.5650478,-0.14185695,-0.06442535,-0.052186415,0.0026030918,-0.0046288893,-0.3793956,0.20258963,-0.73309433,0.6512658,0.08276068,-0.8728732,-0.13746896,-0.09765373,0.02573649,-0.44805795,-0.022943744,0.008559432,7.119134e-05,0.20465225,-0.0022606624,0.0,0.04861827,0.00087906374,-0.1715299,0.0,-0.038645357,0.0,0.0,0.20838802,0.012518884,0.0856289,-0.02112514,-0.030235853,0.2154175,-0.07391725,0.0,0.0,-0.005584024,0.01993212,0.0,0.002185316,-5.27738,-0.79803413,-0.0061617764,-0.19577882,-0.02511156,-0.24481843,-0.15784456,-0.85781515,-0.33462414,-0.21113321,0.0,-0.07274481,11.912147,1.6395737
0.3,0.0,0.0,1.0,0.0,0.0,28.0,1.0,42.0,56.0,120.63333333333334,25.0,0.0,0.0,0.0,0.0,0.0,0.0,0.0,0.0,0.0,0.0,0.0,0.0,0.0,0.0,1.0,0.0,0.0,1.0,0.0,0.0,0.0,1.0,14.0,0.0,0.0,0.0,0.0,0.0,0.0,1.0,56.0,16.8,0.0,1.0,0.0,0.0,0.0,96.0,3.0,364.0,364.0,1092.0,3.060454,0.12961707,-0.008562599,0.07637181,0.00232683,-0.0021425884,0.10999624,-0.02821348,-0.42292306,1.1596107,0.074306056,30.487268,-0.17570949,-0.04164419,0.0284038,-0.06294961,-0.018408824,0.014661318,0.00032678415,0.24749719,0.0010901339,0.0,0.062445782,0.00037708244,-0.13682866,0.0,1.5568578,0.0,0.0,0.10308286,0.015290044,0.069268376,-0.019438758,-0.029379837,-0.64734095,-0.024534816,0.0,0.0,-0.0016888501,0.03473625,0.0,0.0012956922,0.85774106,0.20368436,0.005278418,-0.25767985,0.0040131686,-0.14535499,-0.3193831,-0.856007,-0.32172006,0.050609443,0.0,-0.026241655,11.912147,46.722626
0.3,0.0,0.0,1.0,0.0,0.0,28.0,1.0,42.0,56.0,120.63333333333334,25.0,0.0,0.0,0.0,0.0,0.0,0.0,0.0,0.0,0.0,0.0,0.0,0.0,0.0,0.0,1.0,0.0,0.0,1.0,0.0,0.0,0.0,1.0,14.0,0.0,0.0,0.0,0.0,0.0,0.0,1.0,56.0,16.8,0.0,1.0,0.0,0.0,0.0,94.0,1.2,140.0,140.0,168.0,2.9303935,0.09765751,-0.008504928,0.09440675,0.003637984,-0.0033995737,0.16381124,-0.027781215,-0.43662876,1.1618961,0.08324725,29.876703,-0.1755692,-0.045835853,0.046705168,-0.06028863,-0.017996155,0.01624783,0.0014423146,0.25639626,0.0017861811,0.0,0.10132821,0.0011677705,-0.13367589,0.0,1.7532786,0.0,0.0,0.08897863,0.0009274656,0.07481813,-0.018177493,-0.029069284,-0.5824489,-0.021657381,0.0,0.0,-0.00096487603,0.063051075,0.0,0.006056873,0.86998415,0.24487573,0.0050203116,-0.15691029,0.008155471,-0.11932373,-0.2267106,0.25617883,1.4751335,-0.11755891,0.0,0.14799087,11.912147,49.560932
0.3,0.0,0.0,1.0,0.0,0.0,28.0,1.0,42.0,56.0,120.63333333333334,25.0,0.0,0.0,0.0,0.0,0.0,0.0,0.0,0.0,0.0,0.0,0.0,0.0,0.0,0.0,1.0,0.0,0.0,1.0,0.0,0.0,0.0,1.0,14.0,0.0,0.0,0.0,0.0,0.0,0.0,1.0,56.0,16.8,0.0,1.0,0.0,0.0,0.0,90.0,1.8,140.0,140.0,252.0,2.9328883,0.098368265,-0.008314145,0.0920289,0.00232683,-0.0039017184,0.18446317,-0.029938802,-0.41500568,1.2283274,0.0823086,29.754452,-0.17768337,-0.04593839,0.04571484,-0.06121973,-0.01872942,0.015284927,0.0011208396,0.25359702,0.0020191167,0.0,0.09159122,0.0007182,-0.13117366,0.0,1.8036814,0.0,0.0,0.10775061,0.0027797904,0.074700035,-0.018991254,-0.030876163,-0.5524961,-0.024199152,0.0,0.0,-0.00065577216,0.038281895,0.0,0.015550334,0.83812773,0.21180831,0.005749624,-0.18602756,0.008436857,-0.12826633,-0.22668438,0.29749167,0.909065,-0.11712857,0.0,0.11671452,11.912147,48.95027
0.3,0.0,0.0,1.0,0.0,0.0,28.0,1.0,42.0,56.0,120.63333333333334,25.0,0.0,0.0,0.0,0.0,0.0,0.0,0.0,0.0,0.0,0.0,0.0,0.0,0.0,0.0,1.0,0.0,0.0,1.0,0.0,0.0,0.0,1.0,14.0,0.0,0.0,0.0,0.0,0.0,0.0,1.0,56.0,16.8,0.0,1.0,0.0,0.0,0.0,92.0,2.4,140.0,140.0,336.0,2.9172263,0.09530457,-0.00836352,0.091153845,0.00232683,-0.0027780565,0.14950848,-0.026607135,-0.4285491,1.1608945,0.07889549,30.088121,-0.1749406,-0.046704948,0.04129591,-0.06205552,-0.01870975,0.015529212,3.356277e-05,0.24590951,0.0009160632,0.0,0.09293964,0.0011677705,-0.13674457,0.0,1.8631567,0.0,0.0,0.09526103,-0.0018520936,0.06991102,-0.019618608,-0.029787317,-0.5931279,-0.023442147,0.0,0.0,-0.0009191615,0.034841824,0.0,0.015550334,0.85201466,0.22627184,0.0027397259,-0.1915459,0.008250301,-0.12576714,-0.22157976,0.2278667,0.307422,-0.16824105,0.0,0.14749019,11.912147,48.462822
0.3,0.0,0.0,1.0,0.0,0.0,28.0,1.0,42.0,56.0,120.63333333333334,25.0,0.0,0.0,0.0,0.0,0.0,0.0,0.0,0.0,0.0,0.0,0.0,0.0,0.0,0.0,1.0,0.0,0.0,1.0,0.0,0.0,0.0,1.0,14.0,0.0,0.0,0.0,0.0,0.0,0.0,1.0,56.0,16.8,0.0,1.0,0.0,0.0,0.0,92.0,3.0,140.0,140.0,420.0,2.9219875,0.09729119,-0.008753965,0.07779225,0.00232683,-0.0022009346,0.13985881,-0.027829347,-0.4234931,1.1658711,0.07396909,30.154533,-0.17594041,-0.04773983,0.035622463,-0.0628773,-0.018009502,0.013754395,-0.00015804189,0.24627703,0.0009160632,0.0,0.0673276,0.0006725429,-0.1368472,0.0,1.8747482,0.0,0.0,0.096581265,-0.0013844213,0.07049872,-0.019642005,-0.029771369,-0.60858345,-0.02583777,0.0,0.0,-0.0007782454,0.034942146,0.0,0.0077250605,0.8520566,0.21253793,0.0014991437,-0.2444698,0.00456534,-0.14046279,-0.22152944,0.1469221,-0.3634865,-0.22166638,0.0,-0.021523282,11.912147,47.409454
0.3,0.0,0.0,1.0,0.0,0.0,28.0,1.0,42.0,56.0,120.63333333333334,25.0,0.0,0.0,0.0,0.0,0.0,0.0,0.0,0.0,0.0,0.0,0.0,0.0,0.0,0.0,1.0,0.0,0.0,1.0,0.0,0.0,0.0,1.0,14.0,0.0,0.0,0.0,0.0,0.0,0.0,1.0,56.0,16.8,0.0,1.0,0.0,0.0,0.0,29.0,3.0,280.0,280.0,840.0,2.9438212,0.09443637,-0.008600103,0.06631369,0.00232683,-0.001480619,0.15445404,-0.027846565,-0.41641483,1.2165347,0.076782994,29.92554,-0.1766845,-0.048140276,0.037903238,-0.06322586,-0.01761658,0.014431239,0.00059019524,0.25127652,0.0011489987,0.0,0.07907532,0.00095937,-0.13555741,0.0,1.9691007,0.0,0.0,0.120964356,-0.00020478934,0.07279273,-0.019309504,-0.031235466,-0.59793323,-0.029610408,0.0,0.0,-0.0007782454,0.033728145,0.0,0.0021552506,0.86365,0.1925429,0.0032816855,-0.23013015,0.008069497,-0.13493861,-0.21081774,0.95226336,-0.22765529,0.030006394,0.0,-0.0024433744,11.912147,48.64571
0.3,0.0,0.0,1.0,0.0,0.0,28.0,1.0,42.0,56.0,120.63333333333334,25.0,0.0,0.0,0.0,0.0,0.0,0.0,0.0,0.0,0.0,0.0,0.0,0.0,0.0,0.0,1.0,0.0,0.0,1.0,0.0,0.0,0.0,1.0,14.0,0.0,0.0,0.0,0.0,0.0,0.0,1.0,56.0,16.8,0.0,1.0,0.0,0.0,1.0,412.0,3.0,392.0,392.0,1176.0,3.0694807,0.117630616,-0.0077329176,0.097929835,0.0022694494,-0.0014700887,0.1488106,-0.027548945,-0.40264776,1.1650376,0.07847024,30.35004,-0.17375651,-0.042404454,0.033255666,-0.06294117,-0.018943973,0.015738295,0.0008405772,0.24795519,0.00081564294,0.0,0.078843355,0.00081237097,-0.1370119,0.0,1.4636756,0.0,0.0,0.10766581,0.03795621,0.07197332,-0.019528715,-0.03290692,-0.6373772,-0.019933803,0.0,0.0,-0.0010613766,0.036807787,0.0,0.0012956922,0.8260275,0.21139662,0.013387323,-0.19697066,-0.00294245,-0.13441066,0.11346805,-0.11688207,-0.26513445,0.1601481,0.0,-0.07522352,11.912147,47.987072
0.3,0.0,0.0,1.0,0.0,0.0,28.0,1.0,42.0,56.0,120.63333333333334,25.0,0.0,0.0,0.0,0.0,0.0,0.0,0.0,0.0,0.0,0.0,0.0,0.0,0.0,0.0,1.0,0.0,0.0,1.0,0.0,0.0,0.0,1.0,14.0,0.0,0.0,0.0,0.0,0.0,0.0,1.0,56.0,16.8,0.0,1.0,0.0,0.0,1.0,204.0,1.8,392.0,392.0,705.6,3.0073326,0.10316649,-0.008166276,0.110029586,0.0022694494,-0.0034242205,0.16807295,-0.028200302,-0.39949894,1.1746923,0.08441066,30.306393,-0.17306557,-0.04104987,0.039452143,-0.062003054,-0.018711451,0.015957242,0.0014023838,0.25213644,0.0005741814,0.0,0.10424679,0.00082014204,-0.13481614,0.0,1.4598691,0.0,0.0,0.09917966,0.0372901,0.0759563,-0.019004093,-0.03211473,-0.58831817,-0.022613129,0.0,0.0,-0.0008307359,0.050027497,0.0,0.0026890975,0.8529469,0.24160035,0.01581659,-0.17983967,0.008378339,-0.12114132,0.16464752,-0.43988907,1.2215691,0.14267798,0.0,0.002090526,11.912147,49.385155
0.3,0.0,0.0,1.0,0.0,0.0,28.0,1.0,42.0,56.0,120.63333333333334,25.0,0.0,0.0,0.0,0.0,0.0,0.0,0.0,0.0,0.0,0.0,0.0,0.0,0.0,0.0,1.0,0.0,0.0,1.0,0.0,0.0,0.0,1.0,14.0,0.0,0.0,0.0,0.0,0.0,0.0,1.0,56.0,16.8,0.0,1.0,0.0,0.0,1.0,2432.0,3.0,392.0,392.0,1176.0,3.0724647,0.1335098,-0.008468977,0.09791901,0.0022694494,-0.0016019028,0.17231885,-0.02661866,-0.40607387,1.1787275,0.07520788,30.332886,-0.17374738,-0.043762386,0.029929379,-0.064084604,-0.018985862,0.013828941,-0.0013826161,0.24691162,0.0008563167,0.0,0.060585573,0.00081237097,-0.13604946,0.0,1.4561218,0.0,0.0,0.11886727,0.022642337,0.07170435,-0.0200642,-0.032285422,-0.6316992,-0.023493627,0.0,0.0,-0.0014221561,0.03466152,0.0,0.0011996533,0.8715589,0.20629816,0.013450335,-0.228021,-0.007901398,-0.14162724,0.11024612,-1.2899318,-0.32362232,0.0930698,0.0,-0.08894244,11.912147,46.660435
0.3,0.0,0.0,1.0,0.0,0.0,28.0,1.0,42.0,56.0,120.63333333333334,25.0,0.0,0.0,0.0,0.0,0.0,0.0,0.0,0.0,0.0,0.0,0.0,0.0,0.0,0.0,1.0,0.0,0.0,1.0,0.0,0.0,0.0,1.0,14.0,0.0,0.0,0.0,0.0,0.0,0.0,1.0,56.0,16.8,0.0,1.0,0.0,0.0,1.0,1467.0,3.0,1120.0,1120.0,3360.0,3.0878336,0.13827157,-0.00805357,0.09728714,0.0022694494,-0.0014708486,0.1267781,-0.027648676,-0.3873108,1.1675663,0.07906043,30.310278,-0.17407757,-0.042270843,0.031513296,-0.06352187,-0.019420953,0.014072245,0.000839305,0.24718869,0.0008449321,0.0,0.062210947,0.00081237097,-0.1367891,0.0,1.404598,0.0,0.0,0.10559999,0.024691634,0.07280127,-0.019864503,-0.031406824,-0.65685946,-0.01880731,0.0,0.0,-0.00094782887,0.035034474,0.0,0.0012956922,0.84252536,0.21198939,0.008089109,-0.1995256,-0.0039679254,-0.1365745,0.11533986,-0.42174563,-0.2690928,0.115851134,0.0,-0.081542924,11.912147,47.51591
0.3,0.0,0.0,1.0,0.0,0.0,28.0,1.0,42.0,56.0,120.63333333333334,25.0,0.0,0.0,0.0,0.0,0.0,0.0,0.0,0.0,0.0,0.0,0.0,0.0,0.0,0.0,1.0,0.0,0.0,1.0,0.0,0.0,0.0,1.0,14.0,0.0,0.0,0.0,0.0,0.0,0.0,1.0,56.0,16.8,0.0,1.0,0.0,0.0,1.0,349.0,3.0,476.0,476.0,1428.0,3.050691,0.12365671,-0.007865418,0.099823125,0.0022694494,-0.0022418357,0.105096,-0.027222682,-0.36092454,1.1608711,0.07588963,30.494848,-0.17473203,-0.04213114,0.030468328,-0.06315258,-0.020526368,0.014053821,9.992383e-05,0.2452316,0.00055748684,0.0,0.06936107,0.00082014204,-0.13782416,0.0,1.4383796,0.0,0.0,0.10994116,0.02486911,0.072354816,-0.019695636,-0.031405322,-0.6449865,-0.027400585,0.0,0.0,-0.0013916639,0.03314983,0.0,0.0012956922,0.8574321,0.21686806,0.007838227,-0.24136618,0.006569749,-0.13720138,0.09898316,-0.95875067,-0.34844944,-0.12097561,0.0,-0.09139266,11.912147,46.79396
0.3,0.0,0.0,1.0,0.0,0.0,28.0,1.0,42.0,56.0,120.63333333333334,25.0,0.0,0.0,0.0,0.0,0.0,0.0,0.0,0.0,0.0,0.0,0.0,0.0,0.0,0.0,1.0,0.0,0.0,1.0,0.0,0.0,0.0,1.0,14.0,0.0,0.0,0.0,0.0,0.0,0.0,1.0,56.0,16.8,1.0,0.0,0.0,0.0,1.0,175.0,3.0,224.0,224.0,672.0,2.9627347,0.08057881,-0.0077007418,0.1553314,0.0022694494,-0.0016153259,0.16005053,-0.02757055,-0.40358105,1.14428,0.07771009,30.355066,-0.17277457,-0.04092552,0.03132542,-0.060662184,-0.01906353,0.0134227425,0.00022678997,0.24766898,0.0010450234,0.0,0.08291308,0.0012122706,-0.13691503,0.0,1.6107533,0.0,0.0,0.10247126,0.041715637,0.06967008,-0.019791404,-0.032647904,-0.6479049,-0.028504284,0.0,0.0,-0.0011026071,0.03617393,0.0,0.0011862833,0.8256893,0.24066687,-0.11105947,0.6379718,0.010630353,-0.1581936,0.15237314,-0.94818836,-0.30414057,-0.12912716,0.0,0.0048974263,11.912147,47.710712
0.3,0.0,0.0,1.0,0.0,0.0,28.0,1.0,42.0,56.0,120.63333333333334,25.0,0.0,0.0,0.0,0.0,0.0,0.0,0.0,0.0,0.0,0.0,0.0,0.0,0.0,0.0,1.0,0.0,0.0,1.0,0.0,0.0,0.0,1.0,14.0,0.0,0.0,0.0,0.0,0.0,0.0,1.0,56.0,16.8,0.0,0.0,1.0,0.0,1.0,125.0,3.0,392.0,392.0,1176.0,3.0093696,0.08906244,-0.0068911845,0.1482027,0.0021115988,-0.0016271252,0.13752078,-0.027133675,-0.4228443,1.1406372,0.079377554,30.329496,-0.1723101,-0.03807831,0.031042814,-0.06046489,-0.018673193,0.0132387355,0.00023076721,0.24622749,0.0010744865,0.0,0.07100505,0.0016727422,-0.13834079,0.0,1.6479332,0.0,0.0,0.10455701,0.028651144,0.07094,-0.019581044,-0.030949188,-0.6660493,-0.025321178,0.0,0.0,-0.001014446,0.03962694,0.0,0.00095742755,0.8345027,0.23718388,0.040787295,0.7249597,-0.051651455,-0.15869904,0.15854128,-0.66549516,-0.25662944,0.13284783,0.0,-0.09354352,11.912147,48.378605
0.3,0.0,0.0,1.0,0.0,0.0,28.0,1.0,42.0,56.0,120.63333333333334,25.0,0.0,0.0,0.0,0.0,0.0,0.0,0.0,0.0,0.0,0.0,0.0,0.0,0.0,0.0,1.0,0.0,0.0,1.0,0.0,0.0,0.0,1.0,14.0,0.0,0.0,0.0,0.0,0.0,0.0,1.0,56.0,16.8,0.0,0.0,0.0,1.0,1.0,17.0,3.0,364.0,364.0,1092.0,2.8799262,0.05156718,-0.0091933925,0.14912705,0.0030356806,-0.001055175,0.17905045,-0.023631807,-0.49087375,1.2768881,0.08123783,29.660725,-0.1772526,-0.046541005,0.037593246,-0.05643135,-0.018603813,0.013364325,0.0009301106,0.25281993,0.0022168574,0.0,0.08116825,0.0017601356,-0.13868116,0.0,2.216516,0.0,0.0,0.10482768,0.013537281,0.07251617,-0.018387249,-0.03249712,-0.60005105,-0.022809416,0.0,0.0,-0.0005136941,0.031279,0.0,0.0011382182,0.8652949,0.2914905,0.021009875,0.40744594,0.014037462,0.7416078,0.09700446,-0.080004655,-0.18026465,0.053771462,0.0,-0.0022040978,11.912147,49.616047
0.3,0.0,0.0,1.0,0.0,0.0,28.0,1.0,42.0,56.0,120.63333333333334,25.0,0.0,0.0,0.0,0.0,0.0,0.0,0.0,0.0,0.0,0.0,0.0,0.0,0.0,0.0,1.0,0.0,0.0,1.0,0.0,0.0,0.0,1.0,14.0,0.0,0.0,0.0,0.0,0.0,0.0,1.0,56.0,16.8,0.0,0.0,0.0,1.0,1.0,14.0,3.0,364.0,364.0,1092.0,3.0382726,0.06376172,-0.008414359,0.114660375,0.0030356806,-0.0010422913,0.21906033,-0.023121564,-0.51207775,1.2281426,0.08020319,28.844067,-0.15802525,-0.03272704,0.04691413,-0.05408975,-0.016616179,0.0223353,0.0047312,0.2766574,0.028778631,0.0,0.15498091,0.001535011,-0.1374743,0.0,1.9770489,0.0,0.0,0.10790029,0.01459311,0.07216822,-0.018387249,-0.030914575,-0.5902491,-0.020482374,0.0,0.0,-0.0005136941,0.07770873,0.0,0.0011382182,0.91055673,0.543241,0.022305137,0.64963716,0.01455238,0.77011853,0.0872281,3.1974015,-0.13217254,0.09599513,0.0,0.010228284,11.912147,52.854805
0.3,0.0,0.0,1.0,0.0,0.0,28.0,1.0,42.0,56.0,120.63333333333334,25.0,0.0,0.0,0.0,0.0,0.0,0.0,0.0,0.0,0.0,0.0,0.0,0.0,0.0,0.0,1.0,0.0,0.0,1.0,0.0,0.0,0.0,1.0,14.0,0.0,0.0,0.0,0.0,0.0,0.0,1.0,56.0,16.8,0.0,0.0,0.0,1.0,1.0,31.0,3.0,364.0,364.0,1092.0,2.895227,0.05415484,-0.007923908,0.13540123,0.0050189984,-0.0013684474,0.18221371,-0.023716073,-0.43887708,1.2149843,0.0900657,29.60764,-0.17221436,-0.048320334,0.038725972,-0.05496466,-0.017504914,0.014723355,0.00069391273,0.25710344,0.0022493035,0.0,0.07950993,0.0010649818,-0.135576,0.0,2.1022651,0.0,0.0,0.1061339,0.006342873,0.07566949,-0.018119002,-0.03253665,-0.6161838,-0.030519856,0.0,0.0,-0.0004848205,0.034716338,0.0,0.0021347322,0.8830665,0.2781946,0.035490185,0.70741564,0.01312375,0.90054286,0.109491564,1.0472064,-0.17150883,0.08336412,0.0,0.006813722,11.912147,51.113094
0.3,0.0,0.0,1.0,0.0,0.0,28.0,1.0,42.0,56.0,120.63333333333334,25.0,0.0,0.0,0.0,0.0,0.0,0.0,0.0,0.0,0.0,0.0,0.0,0.0,0.0,0.0,1.0,0.0,0.0,1.0,0.0,0.0,0.0,1.0,14.0,0.0,0.0,0.0,0.0,0.0,0.0,1.0,56.0,16.8,0.0,1.0,0.0,0.0,1.0,194.0,3.0,392.0,392.0,1176.0,3.0751011,0.13327342,-0.009874597,0.098410346,0.0022694494,-0.0030329465,0.12544118,-0.02761869,-0.4341484,1.1603197,0.07530854,30.514174,-0.17615478,-0.042471286,0.029337581,-0.06331312,-0.023721764,0.0133752115,-0.00418598,0.2460526,0.0005858513,0.0,0.07218013,0.00082014204,-0.1373049,0.0,1.538669,0.0,0.0,0.10996719,0.03172606,0.07163167,-0.019455492,-0.032450844,-0.6302944,-0.025164649,0.0,0.0,-0.0018949776,0.034816172,0.0,0.0012956922,0.8347158,0.20794258,0.0111715505,-0.28867823,0.0028137497,-0.14435534,0.09547558,-1.6785958,-0.37336344,0.070966855,0.0,-0.12640493,11.912147,46.2275
0.3,0.0,0.0,1.0,0.0,0.0,28.0,1.0,42.0,56.0,120.63333333333334,25.0,0.0,0.0,0.0,0.0,0.0,0.0,0.0,0.0,0.0,0.0,0.0,0.0,0.0,0.0,1.0,0.0,0.0,1.0,0.0,0.0,0.0,1.0,14.0,0.0,0.0,0.0,0.0,0.0,0.0,1.0,56.0,16.8,0.0,1.0,0.0,0.0,1.0,117.0,3.0,476.0,476.0,1428.0,3.035571,0.13059187,-0.007500918,0.10626683,0.0022694494,-0.0021573417,0.10090993,-0.027745489,-0.36357257,1.1498659,0.0759552,30.466444,-0.1747606,-0.039905675,0.030176077,-0.06322621,-0.019608099,0.012825893,0.00022625539,0.24612187,0.0005691568,0.0,0.06460356,0.00082014204,-0.13739082,0.0,1.5344853,0.0,0.0,0.104105376,0.02340183,0.07062042,-0.019656634,-0.030286616,-0.6576651,-0.021942245,0.0,0.0,-0.0011299712,0.03586279,0.0,0.0012956922,0.8744445,0.20578858,0.008028722,-0.25341663,0.0058518206,-0.1415923,0.14112328,-0.65438765,-0.31431156,0.04520761,0.0,-0.11459116,11.912147,47.34076
0.3,0.0,0.0,1.0,0.0,0.0,28.0,1.0,42.0,56.0,120.63333333333334,25.0,0.0,0.0,0.0,0.0,0.0,0.0,0.0,0.0,0.0,0.0,0.0,0.0,0.0,0.0,1.0,0.0,0.0,1.0,0.0,0.0,0.0,1.0,14.0,0.0,0.0,0.0,0.0,0.0,0.0,1.0,56.0,16.8,0.0,1.0,0.0,0.0,0.0,19.0,3.0,112.0,112.0,336.0,2.9458468,0.09353927,-0.007257476,0.0724827,0.0022528889,-0.0012599924,0.17959203,-0.027375726,-0.38628435,1.2431885,0.076056,29.744053,-0.17712946,-0.04790793,0.038644854,-0.061051406,-0.018261893,0.014912715,0.0033383374,0.25101653,0.0011165526,0.0,0.075789355,0.00080658455,-0.13322662,0.0,1.9306114,0.0,0.0,0.12261911,0.00040672644,0.07557188,-0.019334165,-0.030251311,-0.584789,-0.026162773,0.0,0.0,-0.0005733032,0.03761352,0.0,0.0021552506,0.8555095,0.21285483,0.0011484155,-0.19913535,0.008416961,-0.12729667,-0.19290295,1.1784601,-0.2207547,0.38672292,0.0,0.1452943,11.912147,49.35124
0.3,0.0,0.0,1.0,0.0,0.0,28.0,1.0,42.0,56.0,120.63333333333334,25.0,0.0,0.0,0.0,0.0,0.0,0.0,0.0,0.0,0.0,0.0,0.0,0.0,0.0,0.0,1.0,0.0,0.0,1.0,0.0,0.0,0.0,1.0,14.0,0.0,0.0,0.0,0.0,0.0,0.0,1.0,56.0,16.8,0.0,1.0,0.0,0.0,0.0,108.0,3.0,182.0,182.0,546.0,3.0460923,0.103963986,-0.0088779265,0.087051176,0.00232683,-0.0022012913,0.11165451,-0.02855686,-0.40893117,1.1959735,0.072577916,30.351784,-0.17529473,-0.042729087,0.028365105,-0.0631669,-0.018741796,0.01315778,-0.00029021085,0.24731494,0.0009160632,0.0,0.070265815,0.0006725429,-0.13519265,0.0,1.5447552,0.0,0.0,0.102005765,0.013749334,0.07051105,-0.019306883,-0.029342908,-0.6415337,-0.02454937,0.0,0.0,-0.0016121215,0.034942146,0.0,0.0022804101,0.85916466,0.20201963,0.0010289443,-0.25899544,0.004025892,-0.14055657,-0.333437,-0.89925694,-0.3674522,-0.27300096,0.0,-0.025230028,11.912147,46.180492
0.0375126,1.0,0.0,0.0,0.0,0.0,5.0,1.0,49.0,189.0,120.63333333333334,51.92,1.0,0.0,0.0,0.0,0.0,0.0,0.0,0.0,0.0,0.0,0.0,0.0,0.0,0.0,0.0,0.0,0.0,1.0,0.0,0.0,0.0,1.0,8.0,0.0,0.0,0.0,0.0,1.0,0.0,0.0,5.0,0.187563,0.0,1.0,0.0,0.0,0.0,96.0,3.0,364.0,364.0,1092.0,-0.59996563,-0.059020862,-0.06607452,-0.0046167425,0.002563092,-0.00457508,-0.57412475,-0.036107063,1.0308937,0.98432606,0.111126326,-1.3562983,0.8389961,-0.03675805,0.049281735,-0.20310166,-0.01353432,0.008500515,0.0014115538,0.08381583,0.00048926874,0.0,0.061370015,0.00012915726,-0.108742915,0.0,-0.03709751,0.0,0.0,0.26851285,0.018262021,0.067237616,-0.029013226,-0.03748483,0.34149265,-0.036753196,0.0,0.0,-0.0059599513,-0.07989543,0.0,-0.00013162293,-6.251114,-1.3235122,0.0031893938,-0.21099004,-0.022914434,-0.2242438,-0.10488578,-0.8107958,-0.29965273,-0.006582698,0.0,-0.08217844,11.912147,3.157619
0.0375126,1.0,0.0,0.0,0.0,0.0,5.0,1.0,49.0,189.0,120.63333333333334,51.92,1.0,0.0,0.0,0.0,0.0,0.0,0.0,0.0,0.0,0.0,0.0,0.0,0.0,0.0,0.0,0.0,0.0,1.0,0.0,0.0,0.0,1.0,8.0,0.0,0.0,0.0,0.0,1.0,0.0,0.0,5.0,0.187563,0.0,1.0,0.0,0.0,0.0,94.0,1.2,140.0,140.0,168.0,-0.5164181,-0.06004168,-0.077831365,-0.010403547,0.0027891374,-0.003912934,-0.5263912,-0.03529897,1.0013776,0.9090736,0.114056155,-1.3188543,0.821068,-0.046047192,0.049813338,-0.205875,-0.013523119,0.009703791,0.0024782675,0.07933174,0.00051432627,0.0,0.12182448,0.001399899,-0.10736131,0.0,-0.043039534,0.0,0.0,0.20560057,0.0016992282,0.06756357,-0.02618127,-0.03743853,0.31273097,-0.035895985,0.0,0.0,-0.002324542,-0.13723208,0.0,-0.00048586002,-6.289385,-1.1483824,0.005887616,-0.119445324,-0.009743985,-0.19244716,-0.075617425,0.084242046,1.43684,-0.08243403,0.0,0.23468632,11.912147,6.2528157
0.0375126,1.0,0.0,0.0,0.0,0.0,5.0,1.0,49.0,189.0,120.63333333333334,51.92,1.0,0.0,0.0,0.0,0.0,0.0,0.0,0.0,0.0,0.0,0.0,0.0,0.0,0.0,0.0,0.0,0.0,1.0,0.0,0.0,0.0,1.0,8.0,0.0,0.0,0.0,0.0,1.0,0.0,0.0,5.0,0.187563,0.0,1.0,0.0,0.0,0.0,90.0,1.8,140.0,140.0,252.0,-0.5465387,-0.068432204,-0.07200363,-0.009167102,0.002563092,-0.005353319,-0.5448366,-0.03905126,0.949743,0.9063334,0.11599675,-1.3420987,0.87492883,-0.03085424,0.047138564,-0.20440698,-0.015699873,0.008589764,0.0015507574,0.08145715,0.00052915287,0.0,0.07151631,0.0012283904,-0.10827681,0.0,-0.043555256,0.0,0.0,0.25981763,0.010586644,0.06799788,-0.027660327,-0.039113857,0.32762125,-0.038311,0.0,0.0,-0.0021811298,-0.0922661,0.0,-0.00092842,-6.4696865,-1.0776585,0.0053958627,-0.14972429,-0.008420632,-0.1969633,-0.08304162,0.12654613,0.88306856,-0.07605981,0.0,0.1885371,11.912147,5.551003
0.0375126,1.0,0.0,0.0,0.0,0.0,5.0,1.0,49.0,189.0,120.63333333333334,51.92,1.0,0.0,0.0,0.0,0.0,0.0,0.0,0.0,0.0,0.0,0.0,0.0,0.0,0.0,0.0,0.0,0.0,1.0,0.0,0.0,0.0,1.0,8.0,0.0,0.0,0.0,0.0,1.0,0.0,0.0,5.0,0.187563,0.0,1.0,0.0,0.0,0.0,92.0,2.4,140.0,140.0,336.0,-0.5408734,-0.054331154,-0.07369744,-0.013724519,0.002563092,-0.0032312446,-0.5388754,-0.036469646,1.034646,0.8984139,0.11438994,-1.3233743,0.8192495,-0.05411062,0.052856047,-0.19778068,-0.013442478,0.008774731,0.00047103444,0.08055204,0.00045245982,0.0,0.0995148,0.001399899,-0.109815784,0.0,-0.044599336,0.0,0.0,0.28354087,-0.0003937356,0.069614194,-0.029062731,-0.03834943,0.3101328,-0.03859408,0.0,0.0,-0.003991423,-0.0792461,0.0,-0.00092842,-6.253581,-1.2952186,0.00501775,-0.1538611,-0.009483667,-0.21386534,-0.091689095,0.12826392,0.15337737,-0.08333588,0.0,0.2340419,11.912147,4.913491
0.0375126,1.0,0.0,0.0,0.0,0.0,5.0,1.0,49.0,189.0,120.63333333333334,51.92,1.0,0.0,0.0,0.0,0.0,0.0,0.0,0.0,0.0,0.0,0.0,0.0,0.0,0.0,0.0,0.0,0.0,1.0,0.0,0.0,0.0,1.0,8.0,0.0,0.0,0.0,0.0,1.0,0.0,0.0,5.0,0.187563,0.0,1.0,0.0,0.0,0.0,92.0,3.0,140.0,140.0,420.0,-0.5183308,-0.05443408,-0.06735588,-0.006966164,0.002563092,-0.004632532,-0.5186635,-0.036526777,1.0545936,0.9445189,0.11120236,-1.3559413,0.81279784,-0.055328365,0.05204429,-0.19615531,-0.013472209,0.008348736,0.0002943984,0.08126122,0.00045245982,0.0,-0.004320066,0.0012087608,-0.10874553,0.0,-0.045005698,0.0,0.0,0.28363115,-0.00051029865,0.06786793,-0.029086128,-0.03835732,0.3469521,-0.04462598,0.0,0.0,-0.0030912424,-0.07966745,0.0,-0.00045578476,-6.273197,-1.291033,0.0063448064,-0.2091577,-0.01788766,-0.22122261,-0.0839235,0.0271428,-0.29674473,-0.13219643,0.0,-0.07968685,11.912147,3.9266467
0.0375126,1.0,0.0,0.0,0.0,0.0,5.0,1.0,49.0,189.0,120.63333333333334,51.92,1.0,0.0,0.0,0.0,0.0,0.0,0.0,0.0,0.0,0.0,0.0,0.0,0.0,0.0,0.0,0.0,0.0,1.0,0.0,0.0,0.0,1.0,8.0,0.0,0.0,0.0,0.0,1.0,0.0,0.0,5.0,0.187563,0.0,1.0,0.0,0.0,0.0,29.0,3.0,280.0,280.0,840.0,-0.56659144,-0.05726335,-0.06743961,-0.0035522506,0.002563092,-0.0018981976,-0.513427,-0.036982194,0.97140354,0.9417258,0.10948154,-1.3861166,0.87403584,-0.03626982,0.052205205,-0.19607879,-0.013215264,0.008584091,0.0013155936,0.08642999,0.00046728642,0.0,0.09472117,0.0015172885,-0.11029461,0.0,-0.04767948,0.0,0.0,0.2806315,0.0008456228,0.06641987,-0.02786476,-0.03920547,0.3377698,-0.04846937,0.0,0.0,-0.0030912424,-0.078797385,0.0,-0.0001795183,-6.3957267,-1.2191689,0.004136349,-0.17787245,-0.0147383455,-0.21524858,-0.064114794,0.85512584,-0.19626752,-0.009261588,0.0,-0.045824774,11.912147,5.0288844
0.0375126,1.0,0.0,0.0,0.0,0.0,5.0,1.0,49.0,189.0,120.63333333333334,51.92,1.0,0.0,0.0,0.0,0.0,0.0,0.0,0.0,0.0,0.0,0.0,0.0,0.0,0.0,0.0,0.0,0.0,1.0,0.0,0.0,0.0,1.0,8.0,0.0,0.0,0.0,0.0,1.0,0.0,0.0,5.0,0.187563,0.0,1.0,0.0,0.0,1.0,412.0,3.0,392.0,392.0,1176.0,-0.6045219,-0.060135152,-0.06594667,-0.004153532,0.0025437244,-0.0018505217,-0.6525183,-0.035322193,1.0379322,0.9993212,0.11633969,-1.3610504,0.80091834,-0.038085833,0.05183875,-0.20117421,-0.012943661,0.009072031,0.0017565782,0.08193075,0.00041945564,0.0,0.0866503,0.001678361,-0.108029485,0.0,-0.035415698,0.0,0.0,0.27380106,0.015742203,0.06675729,-0.029334158,-0.041325346,0.29479462,-0.048759367,0.0,0.0,-0.003957356,-0.093355626,0.0,-0.00013162293,-6.221916,-1.2771357,0.001415328,-0.15651593,-0.0215899,-0.21613242,0.042932153,0.20665622,-0.2472535,0.088184774,0.0,-0.072969474,11.912147,4.4813066
0.0375126,1.0,0.0,0.0,0.0,0.0,5.0,1.0,49.0,189.0,120.63333333333334,51.92,1.0,0.0,0.0,0.0,0.0,0.0,0.0,0.0,0.0,0.0,0.0,0.0,0.0,0.0,0.0,0.0,0.0,1.0,0.0,0.0,0.0,1.0,8.0,0.0,0.0,0.0,0.0,1.0,0.0,0.0,5.0,0.187563,0.0,1.0,0.0,0.0,1.0,204.0,1.8,392.0,392.0,705.6,-0.5329358,-0.059418313,-0.058429025,5.9349136e-06,0.0025437244,-0.0038225127,-0.6642011,-0.037955083,0.9671719,0.9578759,0.11121961,-1.327212,0.7997937,-0.028261937,0.047072373,-0.20541093,-0.013657405,0.009135032,0.002374706,0.08129085,0.0004413415,0.0,0.15621586,0.001686132,-0.10626179,0.0,-0.036466416,0.0,0.0,0.23001504,0.011809846,0.064522155,-0.028322332,-0.040885087,0.24313219,-0.043758053,0.0,0.0,-0.0018739727,-0.12616262,0.0,-0.00021643794,-6.196893,-1.1996778,0.004083544,-0.1360416,-0.013390954,-0.1915995,0.090195544,-0.30401126,1.4723121,0.10441504,0.0,-0.044853203,11.912147,5.8677382
0.0375126,1.0,0.0,0.0,0.0,0.0,5.0,1.0,49.0,189.0,120.63333333333334,51.92,1.0,0.0,0.0,0.0,0.0,0.0,0.0,0.0,0.0,0.0,0.0,0.0,0.0,0.0,0.0,0.0,0.0,1.0,0.0,0.0,0.0,1.0,8.0,0.0,0.0,0.0,0.0,1.0,0.0,0.0,5.0,0.187563,0.0,1.0,0.0,0.0,1.0,2432.0,3.0,392.0,392.0,1176.0,-0.5922849,-0.06735996,-0.06630571,-0.004036956,0.0025437244,-0.0020676842,-0.6033081,-0.034585163,1.0634925,0.99703985,0.11039187,-1.3582165,0.82224303,-0.038715426,0.049615275,-0.20393354,-0.012601146,0.007845195,9.1155314e-05,0.08145262,0.0004601294,0.0,0.070227444,0.001678361,-0.110015936,0.0,-0.03465584,0.0,0.0,0.27486432,-0.0003062106,0.06662794,-0.029602172,-0.040600497,0.33609557,-0.046641394,0.0,0.0,-0.0045919074,-0.07729335,0.0,-0.00012393983,-6.2735147,-1.2501593,0.0011818028,-0.18449958,-0.026487902,-0.22539583,0.048184764,-0.9927688,-0.31795123,0.034280136,0.0,-0.06941072,11.912147,3.2130277
0.0375126,1.0,0.0,0.0,0.0,0.0,5.0,1.0,49.0,189.0,120.63333333333334,51.92,1.0,0.0,0.0,0.0,0.0,0.0,0.0,0.0,0.0,0.0,0.0,0.0,0.0,0.0,0.0,0.0,0.0,1.0,0.0,0.0,0.0,1.0,8.0,0.0,0.0,0.0,0.0,1.0,0.0,0.0,5.0,0.187563,0.0,1.0,0.0,0.0,1.0,1467.0,3.0,1120.0,1120.0,3360.0,-0.6167031,-0.069123775,-0.06603071,-0.005253345,0.0025437244,-0.0019054821,-0.64381063,-0.035081495,1.0523657,1.0000042,0.11419407,-1.365775,0.7958896,-0.03758713,0.049882103,-0.20265353,-0.013573141,0.0072410475,0.0016648707,0.08151376,0.00044874477,0.0,0.08544717,0.001678361,-0.10781822,0.0,-0.03481851,0.0,0.0,0.25582558,0.0034582906,0.06836375,-0.029301338,-0.03956642,0.32437018,-0.045692235,0.0,0.0,-0.0030379568,-0.077273875,0.0,-0.00013162293,-6.236474,-1.2294222,0.0013435499,-0.14797,-0.023250723,-0.21933325,0.047124803,-0.18013605,-0.25651184,0.18260673,0.0,-0.074513316,11.912147,4.2253647
0.0375126,1.0,0.0,0.0,0.0,0.0,5.0,1.0,49.0,189.0,120.63333333333334,51.92,1.0,0.0,0.0,0.0,0.0,0.0,0.0,0.0,0.0,0.0,0.0,0.0,0.0,0.0,0.0,0.0,0.0,1.0,0.0,0.0,0.0,1.0,8.0,0.0,0.0,0.0,0.0,1.0,0.0,0.0,5.0,0.187563,0.0,1.0,0.0,0.0,1.0,349.0,3.0,476.0,476.0,1428.0,-0.5866123,-0.06562704,-0.06667511,-0.006895637,0.0025437244,-0.0026245038,-0.6199247,-0.034871284,1.0407897,0.9765201,0.11077953,-1.3621073,0.7961424,-0.036947764,0.049552545,-0.2013224,-0.014697722,0.007222623,0.0012180834,0.080726035,0.00042464695,0.0,0.056458943,0.001686132,-0.108604535,0.0,-0.03553999,0.0,0.0,0.27795342,0.004654409,0.06539629,-0.029523801,-0.039658308,0.32932785,-0.049703088,0.0,0.0,-0.0042876434,-0.07110497,0.0,-0.00013162293,-6.25038,-1.2634832,0.0011915691,-0.19674759,-0.02261567,-0.21981189,0.041540205,-0.8573494,-0.3341612,-0.04049679,0.0,-0.09125903,11.912147,3.143109
0.0375126,1.0,0.0,0.0,0.0,0.0,5.0,1.0,49.0,189.0,120.63333333333334,51.92,1.0,0.0,0.0,0.0,0.0,0.0,0.0,0.0,0.0,0.0,0.0,0.0,0.0,0.0,0.0,0.0,0.0,1.0,0.0,0.0,0.0,1.0,8.0,0.0,0.0,0.0,0.0,1.0,0.0,0.0,5.0,0.187563,1.0,0.0,0.0,0.0,1.0,175.0,3.0,224.0,224.0,672.0,-0.67162716,-0.048016667,-0.0668162,-0.0038547781,0.0025437244,-0.0021670356,-0.6537824,-0.03691218,1.0321317,0.9459607,0.10796793,-1.3679731,0.84822154,-0.036801953,0.050707884,-0.20659341,-0.015514386,0.00813919,0.0013187688,0.078688264,0.00046538832,0.0,0.09197401,0.003277695,-0.10727874,0.0,-0.036860716,0.0,0.0,0.25771672,0.015771952,0.06338796,-0.03020294,-0.04078568,0.28053203,-0.02855189,0.0,0.0,-0.0023940138,-0.08084117,0.0,-0.00011637042,-6.2039237,-1.3037751,0.013700813,0.64124846,-0.02442765,-0.25995696,0.07382948,-0.73652464,-0.2671669,-0.01799443,0.0,-0.031410754,11.912147,4.1474566
0.0375126,1.0,0.0,0.0,0.0,0.0,5.0,1.0,49.0,189.0,120.63333333333334,51.92,1.0,0.0,0.0,0.0,0.0,0.0,0.0,0.0,0.0,0.0,0.0,0.0,0.0,0.0,0.0,0.0,0.0,1.0,0.0,0.0,0.0,1.0,8.0,0.0,0.0,0.0,0.0,1.0,0.0,0.0,5.0,0.187563,0.0,0.0,1.0,0.0,1.0,125.0,3.0,392.0,392.0,1176.0,-0.62411547,-0.08865897,-0.06613728,-0.008817807,0.00086733676,-0.002178835,-0.6338389,-0.03780667,1.0573553,0.95543355,0.10940285,-1.3629818,0.83885515,-0.032088216,0.05091217,-0.20390017,-0.013831765,0.007828087,0.00137387,0.07739061,0.00048613752,0.0,0.06639213,0.004867801,-0.10749141,0.0,-0.038193904,0.0,0.0,0.27732825,0.016721008,0.06376977,-0.029516742,-0.038506165,0.30924553,-0.04077869,0.0,0.0,-0.0023220666,-0.09668565,0.0,-0.000102798294,-6.2611203,-1.2824708,0.023218377,0.6940332,0.24273051,-0.25526676,0.08041462,-0.50382775,-0.24020581,0.058656953,0.0,-0.055535544,11.912147,4.8230457
0.0375126,1.0,0.0,0.0,0.0,0.0,5.0,1.0,49.0,189.0,120.63333333333334,51.92,1.0,0.0,0.0,0.0,0.0,0.0,0.0,0.0,0.0,0.0,0.0,0.0,0.0,0.0,0.0,0.0,0.0,1.0,0.0,0.0,0.0,1.0,8.0,0.0,0.0,0.0,0.0,1.0,0.0,0.0,5.0,0.187563,0.0,0.0,0.0,1.0,1.0,17.0,3.0,364.0,364.0,1092.0,-0.5715751,-0.017593624,-0.07242207,-0.016236445,0.0033099556,-0.0013315005,-0.6317523,-0.035284042,1.0238928,0.84393877,0.10878853,-1.3184972,0.9122388,-0.09135894,0.054274578,-0.20282388,-0.013709976,0.008428915,0.00041317046,0.085488535,0.00052601914,0.0,0.13810012,0.006723198,-0.11100037,0.0,-0.051388253,0.0,0.0,0.2507584,0.02598003,0.057743415,-0.026584374,-0.039714344,0.33272767,-0.023530193,0.0,0.0,-0.0019276195,-0.0733865,0.0,-0.00011351996,-6.3191276,-1.3030896,0.0099562565,0.32376608,-0.014850098,1.0021572,0.025362631,-0.20459457,-0.17655997,-0.018692888,0.0,-0.02935534,11.912147,5.760219
0.0375126,1.0,0.0,0.0,0.0,0.0,5.0,1.0,49.0,189.0,120.63333333333334,51.92,1.0,0.0,0.0,0.0,0.0,0.0,0.0,0.0,0.0,0.0,0.0,0.0,0.0,0.0,0.0,0.0,0.0,1.0,0.0,0.0,0.0,1.0,8.0,0.0,0.0,0.0,0.0,1.0,0.0,0.0,5.0,0.187563,0.0,0.0,0.0,1.0,1.0,14.0,3.0,364.0,364.0,1092.0,-0.5694419,0.010772313,-0.07123174,-0.014521011,0.0033099556,-0.0009157618,-0.7717379,-0.034841403,1.0846592,0.8279692,0.10306521,-1.3134643,0.8080415,-0.060634468,0.057372153,-0.18267862,-0.013242987,0.009970529,0.002982105,0.09064978,0.008377259,0.0,0.25327665,0.0050396016,-0.108239405,0.0,-0.04657674,0.0,0.0,0.23177503,0.024155568,0.052507367,-0.026584374,-0.039183173,0.33758104,-0.045020808,0.0,0.0,-0.0019276195,-0.12291536,0.0,-0.00011351996,-6.116871,-1.1732934,0.010778966,0.45644572,-0.014821234,1.2040504,0.024314756,3.3687785,-0.12852731,0.007655147,0.0,-0.025781713,11.912147,10.01311
0.0375126,1.0,0.0,0.0,0.0,0.0,5.0,1.0,49.0,189.0,120.63333333333334,51.92,1.0,0.0,0.0,0.0,0.0,0.0,0.0,0.0,0.0,0.0,0.0,0.0,0.0,0.0,0.0,0.0,0.0,1.0,0.0,0.0,0.0,1.0,8.0,0.0,0.0,0.0,0.0,1.0,0.0,0.0,5.0,0.187563,0.0,0.0,0.0,1.0,1.0,31.0,3.0,364.0,364.0,1092.0,-0.5689372,-0.024115043,-0.074317425,-0.0076811197,0.005293274,-0.0019573031,-0.6123134,-0.035573207,1.0280186,0.81991935,0.11268275,-1.3274331,0.8659126,-0.08871074,0.05692813,-0.21384552,-0.012976337,0.008878861,0.001407941,0.088077106,0.00053054874,0.0,0.13623415,0.0042727496,-0.10869802,0.0,-0.047893267,0.0,0.0,0.2607602,0.0049948115,0.061553113,-0.026493711,-0.039832927,0.36016604,-0.040255103,0.0,0.0,-0.0018226118,-0.07674584,0.0,-0.00019843625,-6.362799,-1.2569685,0.023816215,0.6986795,-0.016720474,1.321086,0.033189557,0.9545964,-0.15878944,0.017544836,0.0,-0.0328957,11.912147,7.638716
0.0375126,1.0,0.0,0.0,0.0,0.0,5.0,1.0,49.0,189.0,120.63333333333334,51.92,1.0,0.0,0.0,0.0,0.0,0.0,0.0,0.0,0.0,0.0,0.0,0.0,0.0,0.0,0.0,0.0,0.0,1.0,0.0,0.0,0.0,1.0,8.0,0.0,0.0,0.0,0.0,1.0,0.0,0.0,5.0,0.187563,0.0,1.0,0.0,0.0,1.0,194.0,3.0,392.0,392.0,1176.0,-0.58921087,-0.05953923,-0.06855008,-0.004911036,0.0025437244,-0.005462005,-0.59130186,-0.035454426,1.0249752,1.01414,0.11088152,-1.3682972,0.8130975,-0.03930011,0.04935552,-0.20384912,-0.017759698,0.0082095545,-0.0015959251,0.08236344,0.0004530113,0.0,0.10828934,0.001686132,-0.10832248,0.0,-0.036360238,0.0,0.0,0.27797943,0.009582825,0.06372533,-0.029177349,-0.040778045,0.29331395,-0.048075456,0.0,0.0,-0.0045595365,-0.07774373,0.0,-0.00013162293,-6.2612343,-1.2865007,-0.000636517,-0.2361319,-0.025960928,-0.22519551,0.03126079,-1.494389,-0.34936658,-0.00040470005,0.0,-0.11204996,11.912147,2.4817524
0.0375126,1.0,0.0,0.0,0.0,0.0,5.0,1.0,49.0,189.0,120.63333333333334,51.92,1.0,0.0,0.0,0.0,0.0,0.0,0.0,0.0,0.0,0.0,0.0,0.0,0.0,0.0,0.0,0.0,0.0,1.0,0.0,0.0,0.0,1.0,8.0,0.0,0.0,0.0,0.0,1.0,0.0,0.0,5.0,0.187563,0.0,1.0,0.0,0.0,1.0,117.0,3.0,476.0,476.0,1428.0,-0.58602846,-0.06186897,-0.06595905,-0.0067362776,0.0025437244,-0.0045903795,-0.6147828,-0.034630075,1.0491016,1.0069216,0.111010134,-1.3729632,0.7982439,-0.036653437,0.049174305,-0.20375264,-0.013674705,0.00711874,0.0016345488,0.082242,0.00043631683,0.0,0.06104831,0.001686132,-0.10835957,0.0,-0.0370365,0.0,0.0,0.2721176,0.0032203947,0.064471744,-0.029457582,-0.03817751,0.36349845,-0.047354016,0.0,0.0,-0.0040366543,-0.08175202,0.0,-0.00013162293,-6.2652097,-1.2977988,0.0022827059,-0.20695609,-0.023531863,-0.22175921,0.07612237,-0.5909577,-0.2938688,0.14080004,0.0,-0.096758775,11.912147,3.661034
0.0375126,1.0,0.0,0.0,0.0,0.0,5.0,1.0,49.0,189.0,120.63333333333334,51.92,1.0,0.0,0.0,0.0,0.0,0.0,0.0,0.0,0.0,0.0,0.0,0.0,0.0,0.0,0.0,0.0,0.0,1.0,0.0,0.0,0.0,1.0,8.0,0.0,0.0,0.0,0.0,1.0,0.0,0.0,5.0,0.187563,0.0,1.0,0.0,0.0,0.0,19.0,3.0,112.0,112.0,336.0,-0.641873,-0.05755413,-0.06455319,-0.023506766,0.0024891507,-0.0014604286,-0.5689708,-0.036569968,0.982703,0.9438861,0.11014134,-1.3778819,0.8687313,-0.03263644,0.051927414,-0.19139776,-0.013207608,0.008400073,0.0039161793,0.08281979,0.00046275673,0.0,0.027218565,0.0013206784,-0.11050337,0.0,-0.04734861,0.0,0.0,0.26288074,-0.0050380733,0.06674128,-0.027845575,-0.038961526,0.34687132,-0.04323187,0.0,0.0,-0.0017010976,-0.07823754,0.0,-0.0001795183,-6.3055954,-1.1923537,0.005375531,-0.12061163,-0.013115457,-0.20678759,-0.047175415,1.1456743,-0.17835999,0.27048272,0.0,0.21267761,11.912147,5.8802085
0.0375126,1.0,0.0,0.0,0.0,0.0,5.0,1.0,49.0,189.0,120.63333333333334,51.92,1.0,0.0,0.0,0.0,0.0,0.0,0.0,0.0,0.0,0.0,0.0,0.0,0.0,0.0,0.0,0.0,0.0,1.0,0.0,0.0,0.0,1.0,8.0,0.0,0.0,0.0,0.0,1.0,0.0,0.0,5.0,0.187563,0.0,1.0,0.0,0.0,0.0,108.0,3.0,182.0,182.0,546.0,-0.5906291,-0.05761564,-0.06684931,-0.0033298507,0.002563092,-0.004633783,-0.56622183,-0.036439333,1.039754,0.98456126,0.109685615,-1.3635185,0.8389278,-0.038365524,0.048655104,-0.20393516,-0.015008727,0.007862298,0.00077640533,0.08264192,0.00045245982,0.0,0.022885036,0.0012087608,-0.10709239,0.0,-0.03661222,0.0,0.0,0.2662023,0.009438304,0.06783534,-0.029166788,-0.037638985,0.33144143,-0.036767747,0.0,0.0,-0.005885137,-0.07966745,0.0,-0.00020566405,-6.2514915,-1.3142,0.0057666292,-0.21325365,-0.0229318,-0.22188559,-0.13241391,-0.83648646,-0.30347085,-0.20270151,0.0,-0.09315237,11.912147,2.8612335
0.0375126,1.0,0.0,0.0,0.0,0.0,22.0,1.0,49.0,189.0,120.63333333333334,51.92,1.0,0.0,0.0,0.0,0.0,0.0,0.0,0.0,0.0,0.0,0.0,0.0,0.0,0.0,0.0,0.0,0.0,1.0,0.0,0.0,0.0,1.0,8.0,0.0,0.0,0.0,0.0,1.0,0.0,0.0,22.0,0.8252772000000002,0.0,1.0,0.0,0.0,0.0,96.0,3.0,364.0,364.0,1092.0,-0.5600056,-0.022955786,-0.016917637,-0.0026231892,0.006974873,-0.004598236,0.48538435,-0.038439486,1.8822707,2.073465,0.20065941,-1.1265794,1.5521623,-0.048225317,0.09328559,-0.067074336,-0.0144046545,0.011025609,0.0017652699,0.12815061,0.0005181583,0.0,0.024347171,0.00012915726,-0.13926397,0.0,-0.040779624,0.0,0.0,0.47598368,0.008610468,0.0739567,-0.031586993,-0.06667717,0.4952717,-0.01607904,0.0,0.0,-0.00595322,-0.11975368,0.0,-0.00013162293,3.3513339,-0.49009615,0.003939302,-0.22537749,-0.016920473,-0.19775729,-0.19204228,-0.8212868,-0.31275433,-0.0050678267,0.0,-0.06345145,11.912147,18.134577
0.0375126,1.0,0.0,0.0,0.0,0.0,22.0,1.0,49.0,189.0,120.63333333333334,51.92,1.0,0.0,0.0,0.0,0.0,0.0,0.0,0.0,0.0,0.0,0.0,0.0,0.0,0.0,0.0,0.0,0.0,1.0,0.0,0.0,0.0,1.0,8.0,0.0,0.0,0.0,0.0,1.0,0.0,0.0,22.0,0.8252772000000002,0.0,1.0,0.0,0.0,0.0,94.0,1.2,140.0,140.0,168.0,-0.4830217,-0.00530104,-0.018596346,-0.003051819,0.008286027,-0.0039371005,0.507166,-0.038277194,1.8486362,1.9226904,0.21303293,-1.0965508,1.5891434,-0.08177881,0.11125369,-0.066238776,-0.014546833,0.012092577,0.004563879,0.13197434,0.0005432159,0.0,0.049322218,0.001399899,-0.1416621,0.0,-0.046799205,0.0,0.0,0.40829197,-0.0023687698,0.08374383,-0.028687848,-0.066516355,0.4839845,-0.01843469,0.0,0.0,-0.0026169682,-0.2178112,0.0,-0.00048586002,3.3644629,-0.4989375,0.0038599456,-0.14122258,-0.008901583,-0.15682408,-0.10860657,0.09363217,1.4562113,-0.060302135,0.0,0.20158702,11.912147,21.09655
0.0375126,1.0,0.0,0.0,0.0,0.0,22.0,1.0,49.0,189.0,120.63333333333334,51.92,1.0,0.0,0.0,0.0,0.0,0.0,0.0,0.0,0.0,0.0,0.0,0.0,0.0,0.0,0.0,0.0,0.0,1.0,0.0,0.0,0.0,1.0,8.0,0.0,0.0,0.0,0.0,1.0,0.0,0.0,22.0,0.8252772000000002,0.0,1.0,0.0,0.0,0.0,90.0,1.8,140.0,140.0,252.0,-0.5111357,-0.0066421456,-0.018254375,-0.0018153725,0.006974873,-0.005245515,0.4978996,-0.04293422,1.702679,1.9240209,0.21603574,-1.0920714,1.6079017,-0.08135656,0.10913544,-0.06606956,-0.016570203,0.010987156,0.0033965693,0.14020956,0.0005580425,0.0,0.043055307,0.0012283904,-0.14135443,0.0,-0.04731475,0.0,0.0,0.45641565,0.006518645,0.083555564,-0.030721502,-0.06735698,0.5137865,-0.02116423,0.0,0.0,-0.0022971607,-0.13597742,0.0,-0.00092842,3.4329402,-0.5014841,0.004389955,-0.17774805,-0.008471656,-0.17350684,-0.10822914,0.22345598,0.92298466,-0.05826691,0.0,0.16376258,11.912147,20.667116
0.0375126,1.0,0.0,0.0,0.0,0.0,22.0,1.0,49.0,189.0,120.63333333333334,51.92,1.0,0.0,0.0,0.0,0.0,0.0,0.0,0.0,0.0,0.0,0.0,0.0,0.0,0.0,0.0,0.0,0.0,1.0,0.0,0.0,0.0,1.0,8.0,0.0,0.0,0.0,0.0,1.0,0.0,0.0,22.0,0.8252772000000002,0.0,1.0,0.0,0.0,0.0,92.0,2.4,140.0,140.0,336.0,-0.47494054,-0.0057751522,-0.01887016,-0.0063727885,0.006974873,-0.0032544013,0.5050368,-0.03911484,1.8707631,1.9047207,0.21175316,-1.1003336,1.579327,-0.08709694,0.107531466,-0.06605859,-0.014312813,0.011163517,0.0008247508,0.124904305,0.00048134945,0.0,0.04856505,0.001399899,-0.14411655,0.0,-0.048359007,0.0,0.0,0.47774965,-0.004461734,0.076627344,-0.0321239,-0.066642836,0.466474,-0.017527804,0.0,0.0,-0.004107454,-0.1199274,0.0,-0.00092842,3.3620481,-0.5396208,0.004399866,-0.17934579,-0.008747472,-0.18287662,-0.112233676,0.061431967,0.20858446,-0.06398063,0.0,0.20611712,11.912147,19.807896
0.0375126,1.0,0.0,0.0,0.0,0.0,22.0,1.0,49.0,189.0,120.63333333333334,51.92,1.0,0.0,0.0,0.0,0.0,0.0,0.0,0.0,0.0,0.0,0.0,0.0,0.0,0.0,0.0,0.0,0.0,1.0,0.0,0.0,0.0,1.0,8.0,0.0,0.0,0.0,0.0,1.0,0.0,0.0,22.0,0.8252772000000002,0.0,1.0,0.0,0.0,0.0,92.0,3.0,140.0,140.0,420.0,-0.46475986,-0.005808007,-0.01876403,0.0003855614,0.006974873,-0.0046556885,0.5183102,-0.03932296,1.910971,1.9549373,0.20471796,-1.1298912,1.5727693,-0.08816563,0.10657133,-0.06650464,-0.014342544,0.010737523,0.00064811466,0.12571341,0.00048134945,0.0,0.026888894,0.0012087608,-0.14316858,0.0,-0.04867409,0.0,0.0,0.47924998,-0.00446711,0.074881084,-0.0321473,-0.06676396,0.48727766,-0.01939857,0.0,0.0,-0.0029081157,-0.12034875,0.0,-0.00045578476,3.3575633,-0.5363741,0.0044667264,-0.22333902,-0.016150933,-0.19643736,-0.111199684,-0.04764791,-0.3132891,-0.10164747,0.0,-0.07067133,11.912147,18.869593
0.0375126,1.0,0.0,0.0,0.0,0.0,22.0,1.0,49.0,189.0,120.63333333333334,51.92,1.0,0.0,0.0,0.0,0.0,0.0,0.0,0.0,0.0,0.0,0.0,0.0,0.0,0.0,0.0,0.0,0.0,1.0,0.0,0.0,0.0,1.0,8.0,0.0,0.0,0.0,0.0,1.0,0.0,0.0,22.0,0.8252772000000002,0.0,1.0,0.0,0.0,0.0,29.0,3.0,280.0,280.0,840.0,-0.49846196,-0.0052904654,-0.018847752,0.0037994767,0.006974873,-0.0019659312,0.52412647,-0.039845034,1.6912422,1.9740192,0.20629637,-1.1296654,1.5828335,-0.083088234,0.107962415,-0.066477716,-0.014085599,0.010981482,0.0015840186,0.14024028,0.000496176,0.0,0.035318214,0.0015172885,-0.14370811,0.0,-0.0513477,0.0,0.0,0.49110788,-0.0032218797,0.07230498,-0.031083357,-0.06766434,0.5250817,-0.023556484,0.0,0.0,-0.0029081157,-0.115470365,0.0,-0.0001795183,3.453063,-0.51989853,0.0039509484,-0.19633521,-0.012586546,-0.191302,-0.09569958,0.93790823,-0.2021471,-0.02690765,0.0,-0.047106635,11.912147,20.0941
0.0375126,1.0,0.0,0.0,0.0,0.0,22.0,1.0,49.0,189.0,120.63333333333334,51.92,1.0,0.0,0.0,0.0,0.0,0.0,0.0,0.0,0.0,0.0,0.0,0.0,0.0,0.0,0.0,0.0,0.0,1.0,0.0,0.0,0.0,1.0,8.0,0.0,0.0,0.0,0.0,1.0,0.0,0.0,22.0,0.8252772000000002,0.0,1.0,0.0,0.0,1.0,412.0,3.0,392.0,392.0,1176.0,-0.5905133,-0.023511726,-0.0167898,-0.0021599792,0.0069174925,-0.0020071473,0.53147453,-0.03790352,1.913911,2.0853047,0.20602697,-1.1330632,1.5110048,-0.048040707,0.09675623,-0.06737951,-0.013854758,0.012495731,0.0022332068,0.12737033,0.00044834526,0.0,0.03953512,0.001678361,-0.13889338,0.0,-0.03967479,0.0,0.0,0.47775188,0.02368316,0.073412985,-0.031684503,-0.06968957,0.48217475,-0.01844798,0.0,0.0,-0.0039322944,-0.13635539,0.0,-0.00013162293,3.326846,-0.48541304,0.003918903,-0.16906132,-0.012984417,-0.18877073,0.069187306,0.17814079,-0.26046902,0.08957029,0.0,-0.056253694,11.912147,19.625002
0.0375126,1.0,0.0,0.0,0.0,0.0,22.0,1.0,49.0,189.0,120.63333333333334,51.92,1.0,0.0,0.0,0.0,0.0,0.0,0.0,0.0,0.0,0.0,0.0,0.0,0.0,0.0,0.0,0.0,0.0,1.0,0.0,0.0,0.0,1.0,8.0,0.0,0.0,0.0,0.0,1.0,0.0,0.0,22.0,0.8252772000000002,0.0,1.0,0.0,0.0,1.0,204.0,1.8,392.0,392.0,705.6,-0.52783376,-0.022144947,-0.016494697,0.0019994872,0.0069174925,-0.003980147,0.5086498,-0.040382713,1.8402532,2.028364,0.20760967,-1.1079398,1.5274968,-0.041704725,0.09772614,-0.06804655,-0.014568501,0.01255873,0.0045832293,0.13451312,0.00047023105,0.0,0.062323313,0.001686132,-0.13701735,0.0,-0.040760275,0.0,0.0,0.45008412,0.019750804,0.079737134,-0.030655598,-0.06907371,0.46863234,-0.017051646,0.0,0.0,-0.0018987329,-0.20491642,0.0,-0.00021643794,3.3255308,-0.4726146,0.004327978,-0.15108371,-0.007904776,-0.15586352,0.1306952,-0.38859573,1.3911579,0.09470201,0.0,-0.031001512,11.912147,20.760159
0.0375126,1.0,0.0,0.0,0.0,0.0,22.0,1.0,49.0,189.0,120.63333333333334,51.92,1.0,0.0,0.0,0.0,0.0,0.0,0.0,0.0,0.0,0.0,0.0,0.0,0.0,0.0,0.0,0.0,0.0,1.0,0.0,0.0,0.0,1.0,8.0,0.0,0.0,0.0,0.0,1.0,0.0,0.0,22.0,0.8252772000000002,0.0,1.0,0.0,0.0,1.0,2432.0,3.0,392.0,392.0,1176.0,-0.5832001,-0.030715767,-0.01714883,-0.002043404,0.0069174925,-0.0022243098,0.53648,-0.037166484,1.9002649,2.0773447,0.2000792,-1.1469666,1.5323297,-0.048624948,0.094957985,-0.06862249,-0.013512242,0.010317445,0.0004448717,0.1265254,0.000489019,0.0,0.026142916,0.001678361,-0.14087984,0.0,-0.039049767,0.0,0.0,0.47881514,0.0076347496,0.07363002,-0.032022737,-0.06896472,0.48629808,-0.015721709,0.0,0.0,-0.004566846,-0.120293126,0.0,-0.00012393983,3.3289511,-0.4545124,0.003906117,-0.20231482,-0.01796169,-0.19865744,0.07136583,-1.0119134,-0.33596984,0.025988678,0.0,-0.05570074,11.912147,18.253828
0.0375126,1.0,0.0,0.0,0.0,0.0,22.0,1.0,49.0,189.0,120.63333333333334,51.92,1.0,0.0,0.0,0.0,0.0,0.0,0.0,0.0,0.0,0.0,0.0,0.0,0.0,0.0,0.0,0.0,0.0,1.0,0.0,0.0,0.0,1.0,8.0,0.0,0.0,0.0,0.0,1.0,0.0,0.0,22.0,0.8252772000000002,0.0,1.0,0.0,0.0,1.0,1467.0,3.0,1120.0,1120.0,3360.0,-0.5995909,-0.030302469,-0.01687383,-0.0032597925,0.0069174925,-0.0019693617,0.5145546,-0.037709482,1.9030097,2.0843484,0.2039284,-1.141108,1.5102664,-0.047542002,0.09523289,-0.06734248,-0.014689526,0.010664748,0.002026325,0.1274013,0.00047763437,0.0,0.04985416,0.001678361,-0.13865991,0.0,-0.036015294,0.0,0.0,0.45977637,0.011564397,0.072380066,-0.031901654,-0.068334214,0.4863666,-0.015380851,0.0,0.0,-0.0030128954,-0.1168456,0.0,-0.00013162293,3.3309257,-0.4707436,0.0037588573,-0.16545583,-0.014561511,-0.1913985,0.07084177,-0.18361378,-0.27111182,0.100585274,0.0,-0.058735427,11.912147,19.232412
0.0375126,1.0,0.0,0.0,0.0,0.0,22.0,1.0,49.0,189.0,120.63333333333334,51.92,1.0,0.0,0.0,0.0,0.0,0.0,0.0,0.0,0.0,0.0,0.0,0.0,0.0,0.0,0.0,0.0,0.0,1.0,0.0,0.0,0.0,1.0,8.0,0.0,0.0,0.0,0.0,1.0,0.0,0.0,22.0,0.8252772000000002,0.0,1.0,0.0,0.0,1.0,349.0,3.0,476.0,476.0,1428.0,-0.5480024,-0.026864016,-0.017518234,-0.0049020834,0.0069174925,-0.0026883832,0.5067046,-0.03724249,1.9013387,2.067683,0.20042092,-1.1311078,1.515144,-0.046792764,0.09418423,-0.0675277,-0.015814109,0.010646324,0.0015795378,0.12549174,0.00045353652,0.0,0.027293935,0.001686132,-0.13944624,0.0,-0.036736768,0.0,0.0,0.4851197,0.012595367,0.07207088,-0.031930037,-0.068594076,0.48812398,-0.019391699,0.0,0.0,-0.004262582,-0.11077632,0.0,-0.00013162293,3.3375256,-0.4872141,0.0034960732,-0.21292447,-0.01453198,-0.19156142,0.06683985,-0.88598645,-0.35179052,-0.05847009,0.0,-0.07296771,11.912147,18.252281
0.0375126,1.0,0.0,0.0,0.0,0.0,22.0,1.0,49.0,189.0,120.63333333333334,51.92,1.0,0.0,0.0,0.0,0.0,0.0,0.0,0.0,0.0,0.0,0.0,0.0,0.0,0.0,0.0,0.0,0.0,1.0,0.0,0.0,0.0,1.0,8.0,0.0,0.0,0.0,0.0,1.0,0.0,0.0,22.0,0.8252772000000002,1.0,0.0,0.0,0.0,1.0,175.0,3.0,224.0,224.0,672.0,-0.56383723,-0.018751182,-0.01718474,-0.001873313,0.0069174925,-0.0023645826,0.5099562,-0.039440267,1.9245964,2.0176153,0.19923837,-1.142291,1.5532366,-0.047737677,0.095287226,-0.06925105,-0.016384719,0.010364956,0.0016724849,0.124994405,0.0004942779,0.0,0.040833596,0.003277695,-0.13463184,0.0,-0.041529365,0.0,0.0,0.47660664,0.02371291,0.06928484,-0.032463893,-0.06915125,0.47440818,-0.02185368,0.0,0.0,-0.0023555658,-0.12219103,0.0,-0.00011637042,3.3004532,-0.49897563,-0.034856528,0.65450954,-0.017567798,-0.21802591,0.10689623,-0.7843123,-0.28955272,-0.017663958,0.0,-0.021658408,11.912147,19.280487
0.0375126,1.0,0.0,0.0,0.0,0.0,22.0,1.0,49.0,189.0,120.63333333333334,51.92,1.0,0.0,0.0,0.0,0.0,0.0,0.0,0.0,0.0,0.0,0.0,0.0,0.0,0.0,0.0,0.0,0.0,1.0,0.0,0.0,0.0,1.0,8.0,0.0,0.0,0.0,0.0,1.0,0.0,0.0,22.0,0.8252772000000002,0.0,0.0,1.0,0.0,1.0,125.0,3.0,392.0,392.0,1176.0,-0.57227856,-0.023012906,-0.016505808,-0.006836345,0.005241105,-0.002376382,0.4909877,-0.040224537,1.9506181,2.0247946,0.200474,-1.1412063,1.5437167,-0.04359028,0.095341675,-0.06751308,-0.014713209,0.0103003355,0.0014525932,0.123202935,0.0005150271,0.0,0.027186653,0.004867801,-0.13551493,0.0,-0.042756557,0.0,0.0,0.47976255,0.024661968,0.069084145,-0.031872712,-0.067984626,0.4764467,-0.019543577,0.0,0.0,-0.0022836186,-0.14045359,0.0,-0.000102798294,3.30262,-0.4706354,0.025707902,0.7085637,0.22879979,-0.20770505,0.11528216,-0.57672447,-0.2512436,0.055622738,0.0,-0.051719096,11.912147,19.950602
0.0375126,1.0,0.0,0.0,0.0,0.0,22.0,1.0,49.0,189.0,120.63333333333334,51.92,1.0,0.0,0.0,0.0,0.0,0.0,0.0,0.0,0.0,0.0,0.0,0.0,0.0,0.0,0.0,0.0,0.0,1.0,0.0,0.0,0.0,1.0,8.0,0.0,0.0,0.0,0.0,1.0,0.0,0.0,22.0,0.8252772000000002,0.0,0.0,0.0,1.0,1.0,17.0,3.0,364.0,364.0,1092.0,-0.49709648,0.021074766,-0.018000685,0.0026636648,0.007683724,-0.0014401551,0.5845804,-0.03740534,1.7465236,1.9103414,0.20798844,-1.0725852,1.613068,-0.11442422,0.121432945,-0.062732734,-0.014580309,0.010304235,0.0020931303,0.14077999,0.00055490865,0.0,0.05806935,0.006723198,-0.14160915,0.0,-0.05590752,0.0,0.0,0.44332018,0.008910339,0.06343867,-0.029370666,-0.068173215,0.54187274,-0.017949037,0.0,0.0,-0.0016524484,-0.110541664,0.0,-0.00011351996,3.3248892,-0.6385516,0.010899758,0.39858913,-0.009770094,0.98127353,0.04596128,-0.1808956,-0.18313286,-0.013638217,0.0,-0.027602619,11.912147,20.868004
0.0375126,1.0,0.0,0.0,0.0,0.0,22.0,1.0,49.0,189.0,120.63333333333334,51.92,1.0,0.0,0.0,0.0,0.0,0.0,0.0,0.0,0.0,0.0,0.0,0.0,0.0,0.0,0.0,0.0,0.0,1.0,0.0,0.0,0.0,1.0,8.0,0.0,0.0,0.0,0.0,1.0,0.0,0.0,22.0,0.8252772000000002,0.0,0.0,0.0,1.0,1.0,14.0,3.0,364.0,364.0,1092.0,-0.5458448,0.06636755,-0.020213446,0.004379099,0.007683724,-0.0010244165,0.67763567,-0.0369627,1.8462716,1.9186074,0.19753094,-1.0829166,1.3894398,-0.082878046,0.11721007,-0.05512927,-0.014113321,0.011409924,0.012560382,0.15371372,0.009846371,0.0,0.108461626,0.0050396016,-0.1363496,0.0,-0.0510857,0.0,0.0,0.43304384,0.007085879,0.058085155,-0.029370666,-0.06764204,0.56157815,-0.027833318,0.0,0.0,-0.0016524484,-0.17328498,0.0,-0.00011351996,3.1528578,-0.42447308,0.011383393,0.51199704,-0.009437968,1.1265799,0.047419637,3.2961414,-0.11844707,0.010376707,0.0,-0.020482691,11.912147,24.75559
0.0375126,1.0,0.0,0.0,0.0,0.0,22.0,1.0,49.0,189.0,120.63333333333334,51.92,1.0,0.0,0.0,0.0,0.0,0.0,0.0,0.0,0.0,0.0,0.0,0.0,0.0,0.0,0.0,0.0,0.0,1.0,0.0,0.0,0.0,1.0,8.0,0.0,0.0,0.0,0.0,1.0,0.0,0.0,22.0,0.8252772000000002,0.0,0.0,0.0,1.0,1.0,31.0,3.0,364.0,364.0,1092.0,-0.49993387,0.016528878,-0.018673033,-0.00034147847,0.009667043,-0.002065958,0.5655175,-0.0375544,1.7730626,1.8823581,0.21507522,-1.079481,1.5652034,-0.111776024,0.1237583,-0.06253581,-0.01384667,0.01146989,0.001676366,0.14345904,0.00055943837,0.0,0.06749765,0.0042727496,-0.13930677,0.0,-0.053101882,0.0,0.0,0.44793695,0.002314303,0.0676614,-0.029102422,-0.068291806,0.5442479,-0.0253204,0.0,0.0,-0.0015474408,-0.11688295,0.0,-0.00019843625,3.3292346,-0.6457826,0.026009668,0.6885551,-0.010668285,1.1967983,0.0580492,0.99374074,-0.16364186,0.020792387,0.0,-0.02521225,11.912147,22.562326
0.0375126,1.0,0.0,0.0,0.0,0.0,22.0,1.0,49.0,189.0,120.63333333333334,51.92,1.0,0.0,0.0,0.0,0.0,0.0,0.0,0.0,0.0,0.0,0.0,0.0,0.0,0.0,0.0,0.0,0.0,1.0,0.0,0.0,0.0,1.0,8.0,0.0,0.0,0.0,0.0,1.0,0.0,0.0,22.0,0.8252772000000002,0.0,1.0,0.0,0.0,1.0,194.0,3.0,392.0,392.0,1176.0,-0.5552743,-0.024704836,-0.019393206,-0.002917483,0.0069174925,-0.0056186304,0.5062229,-0.037995756,1.8910707,2.091096,0.20051669,-1.1387511,1.5267125,-0.049145106,0.09397913,-0.06790632,-0.018670794,0.010681803,-0.0027063654,0.12652215,0.00048190088,0.0,0.033953756,0.001686132,-0.13918638,0.0,-0.04014902,0.0,0.0,0.48514572,0.017523784,0.07039991,-0.03153332,-0.06929421,0.48097688,-0.017155763,0.0,0.0,-0.004534475,-0.12084313,0.0,-0.00013162293,3.3433008,-0.50231755,0.0015860999,-0.24800639,-0.017641013,-0.19791369,0.058005545,-1.5618784,-0.36743838,-0.006595145,0.0,-0.09205806,11.912147,17.519165
0.0375126,1.0,0.0,0.0,0.0,0.0,22.0,1.0,49.0,189.0,120.63333333333334,51.92,1.0,0.0,0.0,0.0,0.0,0.0,0.0,0.0,0.0,0.0,0.0,0.0,0.0,0.0,0.0,0.0,0.0,1.0,0.0,0.0,0.0,1.0,8.0,0.0,0.0,0.0,0.0,1.0,0.0,0.0,22.0,0.8252772000000002,0.0,1.0,0.0,0.0,1.0,117.0,3.0,476.0,476.0,1428.0,-0.54520744,-0.023727082,-0.01680217,-0.0047427258,0.0069174925,-0.0046007126,0.50244355,-0.03773694,1.9012942,2.0895345,0.20063359,-1.1424123,1.5183915,-0.046498436,0.09364933,-0.067809835,-0.014777422,0.00959099,0.0017058693,0.12640071,0.0004652064,0.0,0.024660345,0.001686132,-0.13916555,0.0,-0.037743464,0.0,0.0,0.4792839,0.011161353,0.071146324,-0.031863816,-0.06749789,0.49939007,-0.016434329,0.0,0.0,-0.0040115933,-0.12142336,0.0,-0.00013162293,3.3482163,-0.51105356,0.0037040282,-0.21744664,-0.0156120965,-0.19397579,0.11708425,-0.58800924,-0.31102115,0.11265337,0.0,-0.08124601,11.912147,18.7912
0.0375126,1.0,0.0,0.0,0.0,0.0,22.0,1.0,49.0,189.0,120.63333333333334,51.92,1.0,0.0,0.0,0.0,0.0,0.0,0.0,0.0,0.0,0.0,0.0,0.0,0.0,0.0,0.0,0.0,0.0,1.0,0.0,0.0,0.0,1.0,8.0,0.0,0.0,0.0,0.0,1.0,0.0,0.0,22.0,0.8252772000000002,0.0,1.0,0.0,0.0,0.0,19.0,3.0,112.0,112.0,336.0,-0.60449344,-0.0005937398,-0.017787643,-0.0043463786,0.006900932,-0.0015281622,0.536285,-0.03950996,1.6820954,1.9606044,0.2079353,-1.1220162,1.5886068,-0.07945485,0.108990386,-0.06417132,-0.014077943,0.010757344,0.004399972,0.13724847,0.00049164635,0.0,0.033370744,0.0013206784,-0.14379458,0.0,-0.051045325,0.0,0.0,0.46829906,-0.008793842,0.07099604,-0.031108018,-0.06726956,0.5221614,-0.022480115,0.0,0.0,-0.0015179707,-0.11485171,0.0,-0.0001795183,3.404324,-0.49879104,0.00506985,-0.15111236,-0.012290881,-0.18191475,-0.070404336,1.1304879,-0.171052,0.33062574,0.0,0.18147187,11.912147,20.830004
0.0375126,1.0,0.0,0.0,0.0,0.0,22.0,1.0,49.0,189.0,120.63333333333334,51.92,1.0,0.0,0.0,0.0,0.0,0.0,0.0,0.0,0.0,0.0,0.0,0.0,0.0,0.0,0.0,0.0,0.0,1.0,0.0,0.0,0.0,1.0,8.0,0.0,0.0,0.0,0.0,1.0,0.0,0.0,22.0,0.8252772000000002,0.0,1.0,0.0,0.0,0.0,108.0,3.0,182.0,182.0,546.0,-0.55503005,-0.022591695,-0.017692432,-0.0024898946,0.006974873,-0.0046569393,0.47136244,-0.039701514,1.8796921,2.0764399,0.19921868,-1.1332237,1.5520942,-0.04928113,0.09265896,-0.06790784,-0.015879063,0.010140911,0.0011301215,0.12671266,0.00048134945,0.0,0.02936491,0.0012087608,-0.13761345,0.0,-0.040368017,0.0,0.0,0.47199994,0.0075021307,0.07455441,-0.031418152,-0.06702745,0.49117684,-0.016093595,0.0,0.0,-0.0058784056,-0.12034875,0.0,-0.00020566405,3.3510365,-0.48885113,0.0043777144,-0.2277953,-0.017004417,-0.1965517,-0.20908865,-0.87922174,-0.32130575,-0.20130149,0.0,-0.078050666,11.912147,17.813694
0.0375126,1.0,0.0,0.0,0.0,0.0,42.0,1.0,119.0,287.0,120.63333333333334,533.1776470588235,0.0,1.0,0.0,0.0,0.0,0.0,0.0,0.0,0.0,0.0,0.0,0.0,0.0,0.0,0.0,0.0,0.0,1.0,0.0,0.0,0.0,1.0,8.0,1.0,0.0,0.0,0.0,0.0,0.0,0.0,42.0,1.5755292000000003,0.0,1.0,0.0,0.0,0.0,96.0,3.0,364.0,364.0,1092.0,-0.8823729,-0.03067533,-0.020121174,-0.0066121267,0.0027811923,-0.004641487,-0.031010829,-0.044920128,1.657197,1.5417328,0.20023282,-0.9403338,-0.24031107,0.2006317,0.079399906,-0.066705205,-0.012192403,0.010277257,0.0013293072,0.12761962,0.0005265846,0.0,0.024670182,-9.505648e-05,-0.14608762,0.0,-0.041810144,0.0,0.0,0.46389005,-0.0012382482,0.076562576,-0.032798786,-0.0705506,0.98716193,0.012407094,0.0,0.0,-0.008194354,0.02254461,0.0,-0.00012277097,2.6939943,-0.5261497,0.0035532024,-0.2272901,-0.018421432,-0.20904094,-0.2360769,-0.77734214,-0.32447433,-0.01940959,0.0,-0.06366279,11.912147,15.036007
0.0375126,1.0,0.0,0.0,0.0,0.0,42.0,1.0,119.0,287.0,120.63333333333334,533.1776470588235,0.0,1.0,0.0,0.0,0.0,0.0,0.0,0.0,0.0,0.0,0.0,0.0,0.0,0.0,0.0,0.0,0.0,1.0,0.0,0.0,0.0,1.0,8.0,1.0,0.0,0.0,0.0,0.0,0.0,0.0,42.0,1.5755292000000003,0.0,1.0,0.0,0.0,0.0,94.0,1.2,140.0,140.0,168.0,-0.90487784,-0.029902667,-0.020928638,-0.006214578,0.004092346,-0.005415454,-0.044087425,-0.042572603,1.676441,1.3598744,0.22045615,-0.9155163,-0.2434525,0.25512153,0.091030434,-0.06594384,-0.012317785,0.01112636,0.004024026,0.13361715,0.0005516422,0.0,0.052950654,0.001178771,-0.15310319,0.0,-0.04580916,0.0,0.0,0.39157835,-0.0060075982,0.088253304,-0.032670077,-0.06901115,0.93064,0.017275028,0.0,0.0,-0.0032827756,0.051800463,0.0,-0.0002599778,2.7379675,-0.5200024,0.003354124,-0.15688902,-0.009856926,-0.16798547,-0.1266102,0.13395956,1.5537232,-0.021623004,0.0,0.22055343,11.912147,18.24739
0.0375126,1.0,0.0,0.0,0.0,0.0,42.0,1.0,119.0,287.0,120.63333333333334,533.1776470588235,0.0,1.0,0.0,0.0,0.0,0.0,0.0,0.0,0.0,0.0,0.0,0.0,0.0,0.0,0.0,0.0,0.0,1.0,0.0,0.0,0.0,1.0,8.0,1.0,0.0,0.0,0.0,0.0,0.0,0.0,42.0,1.5755292000000003,0.0,1.0,0.0,0.0,0.0,90.0,1.8,140.0,140.0,252.0,-0.90699893,-0.02935891,-0.020426698,-0.0054578823,0.0027811923,-0.0069886106,-0.055877052,-0.046407584,1.5573572,1.3884903,0.21802963,-0.9038753,-0.24763906,0.25416288,0.08890618,-0.06533022,-0.014542859,0.010712756,0.0028567163,0.14008066,0.0005664688,0.0,0.044096712,0.0010072624,-0.15271468,0.0,-0.04745635,0.0,0.0,0.43507367,0.0029402243,0.08581452,-0.03480426,-0.06985178,0.9822249,0.017588206,0.0,0.0,-0.0027693242,0.027217349,0.0,-0.00070253777,2.7734897,-0.50885195,0.0040925536,-0.18747789,-0.009771121,-0.1850774,-0.1284056,0.15863848,0.9252138,-0.021120947,0.0,0.18700041,11.912147,17.568598
0.0375126,1.0,0.0,0.0,0.0,0.0,42.0,1.0,119.0,287.0,120.63333333333334,533.1776470588235,0.0,1.0,0.0,0.0,0.0,0.0,0.0,0.0,0.0,0.0,0.0,0.0,0.0,0.0,0.0,0.0,0.0,1.0,0.0,0.0,0.0,1.0,8.0,1.0,0.0,0.0,0.0,0.0,0.0,0.0,42.0,1.5755292000000003,0.0,1.0,0.0,0.0,0.0,92.0,2.4,140.0,140.0,336.0,-0.8771709,-0.02796101,-0.0220737,-0.008341268,0.0027811923,-0.0039260625,-0.06293798,-0.043528978,1.6782011,1.3691195,0.21278861,-0.9362448,-0.24242744,0.26560974,0.08788913,-0.06570351,-0.012130603,0.010756774,0.00028489777,0.12452444,0.0004897758,0.0,0.043074243,0.001178771,-0.15559295,0.0,-0.048637144,0.0,0.0,0.45328203,-0.0078097214,0.078815535,-0.032576744,-0.06913763,0.9081866,0.017023513,0.0,0.0,-0.004647048,0.022589194,0.0,-0.00070253777,2.7403955,-0.5526158,0.0039249533,-0.18223566,-0.010045714,-0.19384123,-0.13113269,0.069875784,0.18346442,-0.02839371,0.0,0.22902788,11.912147,16.69563
0.0375126,1.0,0.0,0.0,0.0,0.0,42.0,1.0,119.0,287.0,120.63333333333334,533.1776470588235,0.0,1.0,0.0,0.0,0.0,0.0,0.0,0.0,0.0,0.0,0.0,0.0,0.0,0.0,0.0,0.0,0.0,1.0,0.0,0.0,0.0,1.0,8.0,1.0,0.0,0.0,0.0,0.0,0.0,0.0,42.0,1.5755292000000003,0.0,1.0,0.0,0.0,0.0,92.0,3.0,140.0,140.0,420.0,-0.8429373,-0.027993863,-0.02196757,-0.0042406097,0.0027811923,-0.004698939,-0.06011923,-0.043930613,1.6769698,1.4001952,0.20575966,-0.9308481,-0.24315672,0.2698594,0.086525746,-0.0660649,-0.012113463,0.010435756,0.000108261636,0.12565142,0.0004897758,0.0,0.024656422,0.000984547,-0.154645,0.0,-0.049078237,0.0,0.0,0.45203817,-0.0060325777,0.077341355,-0.032600142,-0.06925876,0.9555239,0.016109815,0.0,0.0,-0.0034477098,0.023243504,0.0,-0.00041203498,2.7378848,-0.53689015,0.003998675,-0.22008306,-0.017606074,-0.2081334,-0.13314416,-0.03309373,-0.32108736,-0.06116336,0.0,-0.067954496,11.912147,15.810007
0.0375126,1.0,0.0,0.0,0.0,0.0,42.0,1.0,119.0,287.0,120.63333333333334,533.1776470588235,0.0,1.0,0.0,0.0,0.0,0.0,0.0,0.0,0.0,0.0,0.0,0.0,0.0,0.0,0.0,0.0,0.0,1.0,0.0,0.0,0.0,1.0,8.0,1.0,0.0,0.0,0.0,0.0,0.0,0.0,42.0,1.5755292000000003,0.0,1.0,0.0,0.0,0.0,29.0,3.0,280.0,280.0,840.0,-0.8357138,-0.027824879,-0.02189132,-0.0059394976,0.0027811923,-0.002041719,-0.0822198,-0.046722557,1.5215693,1.4129059,0.20836477,-0.95627546,-0.24469976,0.255449,0.08788356,-0.06642004,-0.012115795,0.010897509,0.0011480559,0.14017536,0.0005046023,0.0,0.039932545,0.0012840828,-0.15326397,0.0,-0.051723283,0.0,0.0,0.46729937,-0.004781532,0.07574875,-0.032439012,-0.07153777,1.0031071,0.018035034,0.0,0.0,-0.0034477098,0.021173205,0.0,-0.00017066635,2.8380086,-0.5311006,0.0026392834,-0.18858925,-0.014372265,-0.20291494,-0.11708236,0.94436747,-0.19749527,-0.033876415,0.0,-0.048110537,11.912147,17.012657
0.0375126,1.0,0.0,0.0,0.0,0.0,42.0,1.0,119.0,287.0,120.63333333333334,533.1776470588235,0.0,1.0,0.0,0.0,0.0,0.0,0.0,0.0,0.0,0.0,0.0,0.0,0.0,0.0,0.0,0.0,0.0,1.0,0.0,0.0,0.0,1.0,8.0,1.0,0.0,0.0,0.0,0.0,0.0,0.0,42.0,1.5755292000000003,0.0,1.0,0.0,0.0,1.0,412.0,3.0,392.0,392.0,1176.0,-0.8838539,-0.03465854,-0.02020262,-0.005342521,0.0027238117,-0.002127129,0.0051916675,-0.043884348,1.6267246,1.5298507,0.20424542,-0.9248535,-0.23468351,0.19891982,0.08270969,-0.06734543,-0.011940429,0.0134285735,0.0017067034,0.12693162,0.00046823328,0.0,0.030402841,0.0011092203,-0.1452983,0.0,-0.039691754,0.0,0.0,0.46536243,0.014363309,0.07608026,-0.034245297,-0.073563,0.9922638,0.022565098,0.0,0.0,-0.0042458,0.023573983,0.0,-0.00012277097,2.6455493,-0.5657955,0.0035399806,-0.1807885,-0.014970852,-0.20009895,0.07724238,0.16324714,-0.2808207,0.07623776,0.0,-0.062287778,11.912147,16.46577
0.0375126,1.0,0.0,0.0,0.0,0.0,42.0,1.0,119.0,287.0,120.63333333333334,533.1776470588235,0.0,1.0,0.0,0.0,0.0,0.0,0.0,0.0,0.0,0.0,0.0,0.0,0.0,0.0,0.0,0.0,0.0,1.0,0.0,0.0,0.0,1.0,8.0,1.0,0.0,0.0,0.0,0.0,0.0,0.0,42.0,1.5755292000000003,0.0,1.0,0.0,0.0,1.0,204.0,1.8,392.0,392.0,705.6,-0.8343844,-0.035821736,-0.019965336,-0.0011830517,0.0027238117,-0.0048076715,0.0007486922,-0.046593722,1.6604022,1.4776832,0.21357664,-0.921399,-0.23543641,0.18761046,0.0841431,-0.06643786,-0.012350695,0.012813478,0.0041472674,0.13493527,0.00050315115,0.0,0.059837822,0.0011121393,-0.1440156,0.0,-0.03955282,0.0,0.0,0.44709286,0.0063486146,0.08200825,-0.033216383,-0.07294714,0.9449038,0.02320236,0.0,0.0,-0.0021360158,0.047293104,0.0,-0.00019338581,2.6427903,-0.5439171,0.0033093179,-0.16773953,-0.009806075,-0.16762179,0.12216119,-0.3336244,1.4652311,0.081761606,0.0,-0.03507779,11.912147,17.890268
0.0375126,1.0,0.0,0.0,0.0,0.0,42.0,1.0,119.0,287.0,120.63333333333334,533.1776470588235,0.0,1.0,0.0,0.0,0.0,0.0,0.0,0.0,0.0,0.0,0.0,0.0,0.0,0.0,0.0,0.0,0.0,1.0,0.0,0.0,0.0,1.0,8.0,1.0,0.0,0.0,0.0,0.0,0.0,0.0,42.0,1.5755292000000003,0.0,1.0,0.0,0.0,1.0,2432.0,3.0,392.0,392.0,1176.0,-0.8709624,-0.042910047,-0.021636931,-0.005226259,0.0027238117,-0.0023442914,0.007930577,-0.041737325,1.657118,1.5438504,0.19978105,-0.91071874,-0.23923711,0.19897355,0.08024388,-0.06895683,-0.012573641,0.010198065,-0.0006171787,0.1260867,0.000508907,0.0,0.017327486,0.0011092203,-0.14711484,0.0,-0.039122194,0.0,0.0,0.47542122,0.013383105,0.07611753,-0.033145882,-0.070024185,0.9827457,0.012354255,0.0,0.0,-0.0054907235,0.021812348,0.0,-0.00011872986,2.6597686,-0.5427551,0.0035271954,-0.20880072,-0.017848704,-0.20526169,0.079317406,-0.97778744,-0.33918995,0.009642189,0.0,-0.061626606,11.912147,15.226882
0.0375126,1.0,0.0,0.0,0.0,0.0,42.0,1.0,119.0,287.0,120.63333333333334,533.1776470588235,0.0,1.0,0.0,0.0,0.0,0.0,0.0,0.0,0.0,0.0,0.0,0.0,0.0,0.0,0.0,0.0,0.0,1.0,0.0,0.0,0.0,1.0,8.0,1.0,0.0,0.0,0.0,0.0,0.0,0.0,42.0,1.5755292000000003,0.0,1.0,0.0,0.0,1.0,1467.0,3.0,1120.0,1120.0,3360.0,-0.92332876,-0.038935885,-0.020363545,-0.006124403,0.0027238117,-0.0024539237,0.00019681163,-0.043906987,1.6456053,1.5330225,0.20243311,-0.92021966,-0.23467074,0.19780679,0.081186354,-0.06736542,-0.012815053,0.01118231,0.0014998217,0.1268453,0.0004975224,0.0,0.04462763,0.0011092203,-0.14506483,0.0,-0.03590262,0.0,0.0,0.45720947,0.01323411,0.074430205,-0.032961853,-0.072207645,0.9900115,0.01972449,0.0,0.0,-0.0033264013,0.021061143,0.0,-0.00012277097,2.6497889,-0.54269475,0.0033799359,-0.1722054,-0.016427744,-0.20274824,0.0819805,-0.17128697,-0.28907785,0.10383318,0.0,-0.065249875,11.912147,16.15608
0.0375126,1.0,0.0,0.0,0.0,0.0,42.0,1.0,119.0,287.0,120.63333333333334,533.1776470588235,0.0,1.0,0.0,0.0,0.0,0.0,0.0,0.0,0.0,0.0,0.0,0.0,0.0,0.0,0.0,0.0,0.0,1.0,0.0,0.0,0.0,1.0,8.0,1.0,0.0,0.0,0.0,0.0,0.0,0.0,42.0,1.5755292000000003,0.0,1.0,0.0,0.0,1.0,349.0,3.0,476.0,476.0,1428.0,-0.8060196,-0.03799775,-0.021170337,-0.0075159403,0.0027238117,-0.0031527656,-0.0029115388,-0.043439995,1.6389484,1.5297906,0.20031565,-0.92081964,-0.23539653,0.1973825,0.08029852,-0.06738249,-0.013842783,0.011178688,0.0011435751,0.12565699,0.00048645659,0.0,0.020610804,0.0011121393,-0.14586867,0.0,-0.036756787,0.0,0.0,0.47273028,0.010557983,0.074465305,-0.03449083,-0.072467506,0.9781134,0.023374,0.0,0.0,-0.0045760875,0.020096246,0.0,-0.00012277097,2.6582325,-0.5592034,0.0031171518,-0.21648046,-0.016269058,-0.20288269,0.074577495,-0.8629385,-0.36088035,-0.08646416,0.0,-0.07946455,11.912147,15.1985445
0.0375126,1.0,0.0,0.0,0.0,0.0,42.0,1.0,119.0,287.0,120.63333333333334,533.1776470588235,0.0,1.0,0.0,0.0,0.0,0.0,0.0,0.0,0.0,0.0,0.0,0.0,0.0,0.0,0.0,0.0,0.0,1.0,0.0,0.0,0.0,1.0,8.0,1.0,0.0,0.0,0.0,0.0,0.0,0.0,42.0,1.5755292000000003,1.0,0.0,0.0,0.0,1.0,175.0,3.0,224.0,224.0,672.0,-0.8888012,-0.02994184,-0.020727519,-0.009828482,0.0027238117,-0.0024246587,-0.0016875,-0.04551849,1.6756493,1.4908584,0.19943006,-0.903319,-0.24307379,0.19538444,0.08138462,-0.067629986,-0.013727147,0.010010911,0.0011326319,0.12569685,0.00049893087,0.0,0.03162793,0.0026992585,-0.15063375,0.0,-0.040885895,0.0,0.0,0.46195436,0.014477482,0.07295998,-0.033131577,-0.07164605,0.9495935,0.014326965,0.0,0.0,-0.0038832163,0.023526931,0.0,-0.00010751846,2.6453323,-0.5541293,-0.028868625,0.66250634,-0.019169424,-0.23091085,0.12230959,-0.7334717,-0.31114835,-0.0331872,0.0,-0.03298111,11.912147,16.225412
0.0375126,1.0,0.0,0.0,0.0,0.0,42.0,1.0,119.0,287.0,120.63333333333334,533.1776470588235,0.0,1.0,0.0,0.0,0.0,0.0,0.0,0.0,0.0,0.0,0.0,0.0,0.0,0.0,0.0,0.0,0.0,1.0,0.0,0.0,0.0,1.0,8.0,1.0,0.0,0.0,0.0,0.0,0.0,0.0,42.0,1.5755292000000003,0.0,0.0,1.0,0.0,1.0,125.0,3.0,392.0,392.0,1176.0,-0.9273759,-0.03508031,-0.020168277,-0.010942384,0.002565961,-0.0028196047,-0.013669211,-0.04855309,1.6716149,1.5181293,0.20009494,-0.91544276,-0.23981342,0.19176649,0.08141421,-0.06636458,-0.0125836255,0.009555012,0.0010654922,0.123140745,0.0005292439,0.0,0.022357369,0.0038448086,-0.1508465,0.0,-0.042169742,0.0,0.0,0.46400267,0.015426536,0.07163086,-0.034433506,-0.071858056,0.9524714,0.01292646,0.0,0.0,-0.0037950552,0.028203953,0.0,-9.3946335e-05,2.6508222,-0.5471882,0.025328415,0.7171203,0.26596916,-0.22029428,0.13210742,-0.5534119,-0.2725197,0.040775705,0.0,-0.05734999,11.912147,16.868244
0.0375126,1.0,0.0,0.0,0.0,0.0,42.0,1.0,119.0,287.0,120.63333333333334,533.1776470588235,0.0,1.0,0.0,0.0,0.0,0.0,0.0,0.0,0.0,0.0,0.0,0.0,0.0,0.0,0.0,0.0,0.0,1.0,0.0,0.0,0.0,1.0,8.0,1.0,0.0,0.0,0.0,0.0,0.0,0.0,42.0,1.5755292000000003,0.0,0.0,0.0,1.0,1.0,17.0,3.0,364.0,364.0,1092.0,-0.80623955,-0.010588003,-0.019523174,-0.004968269,0.0034900429,-0.0023831688,0.025902284,-0.047236636,1.6253313,1.3768808,0.21034253,-1.0147576,-0.2470104,0.2891763,0.10030697,-0.060625866,-0.0148521215,0.009820535,0.0016657591,0.14053236,0.00055956165,0.0,0.08722757,0.0060522077,-0.15944763,0.0,-0.055472687,0.0,0.0,0.4157861,0.007595811,0.06683472,-0.03314144,-0.06920622,1.0109593,0.017187923,0.0,0.0,-0.002877369,0.020742051,0.0,-0.000104668004,2.6563532,-0.65248185,0.010747174,0.35113248,-0.011784512,1.0409582,0.054975837,-0.20666264,-0.1882477,-0.014603646,0.0,-0.024908792,11.912147,17.795584
0.0375126,1.0,0.0,0.0,0.0,0.0,42.0,1.0,119.0,287.0,120.63333333333334,533.1776470588235,0.0,1.0,0.0,0.0,0.0,0.0,0.0,0.0,0.0,0.0,0.0,0.0,0.0,0.0,0.0,0.0,0.0,1.0,0.0,0.0,0.0,1.0,8.0,1.0,0.0,0.0,0.0,0.0,0.0,0.0,42.0,1.5755292000000003,0.0,0.0,0.0,1.0,1.0,14.0,3.0,364.0,364.0,1092.0,-0.9523261,0.045636505,-0.019631216,-0.0011865204,0.0034900429,0.002285442,0.053269222,-0.046063937,1.641901,1.3894492,0.19829781,-0.96264774,-0.22128557,0.18685624,0.094132446,-0.0530224,-0.0121362945,0.014079231,0.012133013,0.15250187,0.009851024,0.0,0.13097034,0.00422243,-0.15539075,0.0,-0.050507575,0.0,0.0,0.40550974,-0.00090228167,0.061691374,-0.03314144,-0.06867505,1.0020261,0.021152673,0.0,0.0,-0.002877369,0.03304536,0.0,-0.000104668004,2.5540078,-0.6232773,0.011214709,0.5133211,-0.011445178,1.0723188,0.056342106,3.39291,-0.12465655,0.02033219,0.0,-0.018834397,11.912147,21.63698
0.0375126,1.0,0.0,0.0,0.0,0.0,42.0,1.0,119.0,287.0,120.63333333333334,533.1776470588235,0.0,1.0,0.0,0.0,0.0,0.0,0.0,0.0,0.0,0.0,0.0,0.0,0.0,0.0,0.0,0.0,0.0,1.0,0.0,0.0,0.0,1.0,8.0,1.0,0.0,0.0,0.0,0.0,0.0,0.0,42.0,1.5755292000000003,0.0,0.0,0.0,1.0,1.0,31.0,3.0,364.0,364.0,1092.0,-0.8311816,-0.013816191,-0.02051771,-0.007346593,0.005473361,-0.0021344807,0.036095172,-0.045565885,1.5634272,1.3362786,0.21604763,-0.99699694,-0.23953295,0.28990173,0.10361278,-0.06290289,-0.0119372085,0.011139754,0.0012404034,0.14311479,0.0005640913,0.0,0.07322676,0.0036943133,-0.15980613,0.0,-0.05291631,0.0,0.0,0.42048118,0.0009997734,0.07111453,-0.031768873,-0.069324814,1.029927,0.01875061,0.0,0.0,-0.0028496482,0.021215165,0.0,-0.00018958429,2.698804,-0.69385576,0.025883725,0.6882495,-0.012536195,1.2629666,0.067187555,1.0252537,-0.16865996,0.008309985,0.0,-0.023155618,11.912147,19.58812
0.0375126,1.0,0.0,0.0,0.0,0.0,42.0,1.0,119.0,287.0,120.63333333333334,533.1776470588235,0.0,1.0,0.0,0.0,0.0,0.0,0.0,0.0,0.0,0.0,0.0,0.0,0.0,0.0,0.0,0.0,0.0,1.0,0.0,0.0,0.0,1.0,8.0,1.0,0.0,0.0,0.0,0.0,0.0,0.0,42.0,1.5755292000000003,0.0,1.0,0.0,0.0,1.0,194.0,3.0,392.0,392.0,1176.0,-0.86517435,-0.036300234,-0.022964545,-0.0057121417,0.0027238117,-0.0060691196,-0.015247615,-0.044288676,1.6592445,1.5563581,0.20010279,-0.9365969,-0.23705372,0.20158969,0.07954412,-0.067704104,-0.016357573,0.009927203,-0.0027433783,0.12601592,0.000514821,0.0,0.027801929,0.0011121393,-0.14535746,0.0,-0.04012668,0.0,0.0,0.4727563,0.008167908,0.07280733,-0.03409411,-0.07316764,0.9710725,0.014077866,0.0,0.0,-0.005079401,0.022699319,0.0,-0.00012277097,2.6693606,-0.5503415,0.001167947,-0.2524978,-0.019264413,-0.20919733,0.06569634,-1.5413738,-0.37679282,-0.024463497,0.0,-0.0976877,11.912147,14.449116
0.0375126,1.0,0.0,0.0,0.0,0.0,42.0,1.0,119.0,287.0,120.63333333333334,533.1776470588235,0.0,1.0,0.0,0.0,0.0,0.0,0.0,0.0,0.0,0.0,0.0,0.0,0.0,0.0,0.0,0.0,0.0,1.0,0.0,0.0,0.0,1.0,8.0,1.0,0.0,0.0,0.0,0.0,0.0,0.0,42.0,1.5755292000000003,0.0,1.0,0.0,0.0,1.0,117.0,3.0,476.0,476.0,1428.0,-0.8452534,-0.03232445,-0.020502053,-0.0078357635,0.0027238117,-0.0047068014,-0.012661066,-0.04425044,1.6327524,1.5689207,0.20046729,-0.9262007,-0.23536727,0.19610652,0.07976363,-0.06766464,-0.012978843,0.008912461,0.0012699068,0.12608765,0.0004981265,0.0,0.020095965,0.0011121393,-0.14533664,0.0,-0.037727058,0.0,0.0,0.46689448,0.009078298,0.07406213,-0.03442461,-0.07137132,0.987374,0.012613138,0.0,0.0,-0.004518742,0.022645146,0.0,-0.00012277097,2.692896,-0.5604752,0.0033059118,-0.21671535,-0.017614538,-0.20525946,0.13348721,-0.5534534,-0.3196167,0.083515584,0.0,-0.08979812,11.912147,15.770554
0.0375126,1.0,0.0,0.0,0.0,0.0,42.0,1.0,119.0,287.0,120.63333333333334,533.1776470588235,0.0,1.0,0.0,0.0,0.0,0.0,0.0,0.0,0.0,0.0,0.0,0.0,0.0,0.0,0.0,0.0,0.0,1.0,0.0,0.0,0.0,1.0,8.0,1.0,0.0,0.0,0.0,0.0,0.0,0.0,42.0,1.5755292000000003,0.0,1.0,0.0,0.0,0.0,19.0,3.0,112.0,112.0,336.0,-0.9608685,-0.023777606,-0.020390479,-0.009620538,0.002707251,-0.0017595656,-0.11479803,-0.04423201,1.5461103,1.4123884,0.20578544,-0.9537503,-0.24513641,0.24843374,0.088091575,-0.06449446,-0.012246534,0.011394554,0.004208973,0.13634372,0.00050007267,0.0,0.033600952,0.0010956469,-0.15279856,0.0,-0.050856456,0.0,0.0,0.44461522,-0.012666893,0.07367307,-0.031699583,-0.06976436,1.0197585,0.018918186,0.0,0.0,-0.0019923698,0.022086231,0.0,-0.00017066635,2.785854,-0.51034796,0.0046822773,-0.14309296,-0.014169483,-0.19245897,-0.09518247,1.1394297,-0.1643141,0.31456473,0.0,0.20087276,11.912147,17.736683
0.0375126,1.0,0.0,0.0,0.0,0.0,42.0,1.0,119.0,287.0,120.63333333333334,533.1776470588235,0.0,1.0,0.0,0.0,0.0,0.0,0.0,0.0,0.0,0.0,0.0,0.0,0.0,0.0,0.0,0.0,0.0,1.0,0.0,0.0,0.0,1.0,8.0,1.0,0.0,0.0,0.0,0.0,0.0,0.0,42.0,1.5755292000000003,0.0,1.0,0.0,0.0,0.0,108.0,3.0,182.0,182.0,546.0,-0.8784042,-0.030425437,-0.02089597,-0.007559488,0.0027811923,-0.00470019,-0.016179638,-0.043935727,1.6359563,1.5307672,0.19949752,-0.9424251,-0.24044383,0.2052142,0.078798145,-0.06726815,-0.01300079,0.009793115,0.0005902685,0.12652414,0.0004897758,0.0,0.031252954,0.000984547,-0.14474219,0.0,-0.041318875,0.0,0.0,0.46103522,-0.0023465862,0.07747812,-0.031872764,-0.06952225,0.98042655,0.012426499,0.0,0.0,-0.007986314,0.023243504,0.0,-0.00016191427,2.7001398,-0.5205141,0.0033486972,-0.22954549,-0.018482164,-0.20824774,-0.2855715,-0.8783557,-0.33206975,-0.1801265,0.0,-0.08485833,11.912147,14.691943
0.1125378,1.0,0.0,0.0,0.0,0.0,28.0,1.0,119.0,287.0,120.63333333333334,533.1776470588235,0.0,1.0,0.0,0.0,0.0,0.0,0.0,0.0,0.0,0.0,0.0,0.0,0.0,0.0,0.0,0.0,0.0,1.0,0.0,0.0,0.0,1.0,8.0,1.0,0.0,0.0,0.0,0.0,0.0,0.0,28.0,3.1510584000000006,0.0,1.0,0.0,0.0,0.0,96.0,3.0,364.0,364.0,1092.0,1.0438684,-0.031134484,-0.017137827,-0.011851584,0.0027811923,-0.0046449504,0.60789937,-0.042571448,2.536724,2.184452,0.21112464,-0.7642691,-0.2407128,0.32304785,0.10022307,-0.09649926,-0.012777663,0.014530073,0.0011854884,0.13471346,0.00053640327,0.0,0.123631395,0.00011533129,-0.14596069,0.0,-0.037483197,0.0,0.0,0.546576,0.011617431,0.065518074,-0.031854905,-0.069176175,1.307757,0.023980066,0.0,0.0,-0.004369993,0.033057846,0.0,-0.00012277097,3.3078673,1.5068246,0.0021898088,-0.21743676,-0.016121928,-0.24139471,-0.19041684,-0.7141021,-0.3022764,-0.020553568,0.0,-0.08017631,11.912147,22.709322
0.1125378,1.0,0.0,0.0,0.0,0.0,28.0,1.0,119.0,287.0,120.63333333333334,533.1776470588235,0.0,1.0,0.0,0.0,0.0,0.0,0.0,0.0,0.0,0.0,0.0,0.0,0.0,0.0,0.0,0.0,0.0,1.0,0.0,0.0,0.0,1.0,8.0,1.0,0.0,0.0,0.0,0.0,0.0,0.0,28.0,3.1510584000000006,0.0,1.0,0.0,0.0,0.0,94.0,1.2,140.0,140.0,168.0,0.8471471,-0.015547661,-0.017435836,-0.010571014,0.004092346,-0.005457905,0.69558316,-0.039997585,2.502468,2.0798006,0.23613445,-0.7407717,-0.24318202,0.42178795,0.119512536,-0.09534374,-0.012908323,0.015225104,0.0036073402,0.14315401,0.00056146085,0.0,0.1570426,0.0016870765,-0.14843667,0.0,-0.04068715,0.0,0.0,0.45964262,-0.0013075098,0.06997644,-0.029307205,-0.06870418,1.20191,0.047374975,0.0,0.0,-0.002419125,0.07007896,0.0,-0.0002599778,3.337368,1.2463744,0.002640292,-0.13946041,-0.009345779,-0.2054657,-0.092121884,0.09449201,1.4390273,-0.031029584,0.0,0.24652705,11.912147,25.405605
0.1125378,1.0,0.0,0.0,0.0,0.0,28.0,1.0,119.0,287.0,120.63333333333334,533.1776470588235,0.0,1.0,0.0,0.0,0.0,0.0,0.0,0.0,0.0,0.0,0.0,0.0,0.0,0.0,0.0,0.0,0.0,1.0,0.0,0.0,0.0,1.0,8.0,1.0,0.0,0.0,0.0,0.0,0.0,0.0,28.0,3.1510584000000006,0.0,1.0,0.0,0.0,0.0,90.0,1.8,140.0,140.0,252.0,0.9433398,-0.015003905,-0.017057234,-0.010301145,0.0027811923,-0.0070084375,0.7224272,-0.043761354,2.4644284,2.1020095,0.23365198,-0.73467267,-0.24719006,0.41670442,0.116781026,-0.09515685,-0.015290966,0.01463841,0.0032858648,0.14481585,0.0005911981,0.0,0.15557556,0.001237506,-0.14805038,0.0,-0.041332904,0.0,0.0,0.4889921,0.007640314,0.06889326,-0.031340856,-0.07051105,1.2496471,0.047686078,0.0,0.0,-0.0019056736,0.03753991,0.0,-0.00070253777,3.3946657,1.217452,0.0033647344,-0.18110234,-0.006889512,-0.21566221,-0.093668886,0.124470584,0.90632385,-0.022614516,0.0,0.21338932,11.912147,24.995262
0.1125378,1.0,0.0,0.0,0.0,0.0,28.0,1.0,119.0,287.0,120.63333333333334,533.1776470588235,0.0,1.0,0.0,0.0,0.0,0.0,0.0,0.0,0.0,0.0,0.0,0.0,0.0,0.0,0.0,0.0,0.0,1.0,0.0,0.0,0.0,1.0,8.0,1.0,0.0,0.0,0.0,0.0,0.0,0.0,28.0,3.1510584000000006,0.0,1.0,0.0,0.0,0.0,92.0,2.4,140.0,140.0,336.0,0.9978921,-0.013606008,-0.017937558,-0.011313896,0.0027811923,-0.0039458894,0.69765854,-0.040961154,2.540419,2.072069,0.22865069,-0.75425917,-0.24168612,0.42253014,0.116168596,-0.09590697,-0.012704963,0.014809489,0.0007528549,0.13036704,0.0004995944,0.0,0.14683655,0.0016870765,-0.15111837,0.0,-0.042513702,0.0,0.0,0.51323235,-0.0034150335,0.067665294,-0.03226139,-0.06942221,1.1803472,0.04712346,0.0,0.0,-0.0021690628,0.03352331,0.0,-0.00070253777,3.336107,1.35034,0.0032063122,-0.17343348,-0.007164102,-0.22645493,-0.11137467,0.028086985,0.24898756,-0.029075874,0.0,0.24378152,11.912147,24.29625
0.1125378,1.0,0.0,0.0,0.0,0.0,28.0,1.0,119.0,287.0,120.63333333333334,533.1776470588235,0.0,1.0,0.0,0.0,0.0,0.0,0.0,0.0,0.0,0.0,0.0,0.0,0.0,0.0,0.0,0.0,0.0,1.0,0.0,0.0,0.0,1.0,8.0,1.0,0.0,0.0,0.0,0.0,0.0,0.0,28.0,3.1510584000000006,0.0,1.0,0.0,0.0,0.0,92.0,3.0,140.0,140.0,420.0,0.9602693,-0.01363886,-0.017846476,-0.010638664,0.0027811923,-0.004703297,0.67306995,-0.04156677,2.5071113,2.073235,0.22088885,-0.7599007,-0.24259411,0.4267798,0.11368121,-0.09675875,-0.012687823,0.014488471,0.0005612501,0.1315087,0.0004995944,0.0,0.12296185,0.0011949347,-0.15017042,0.0,-0.04349199,0.0,0.0,0.5209682,-0.0034204083,0.06811459,-0.03228479,-0.06940626,1.2287061,0.046231423,0.0,0.0,-0.0013545456,0.034177616,0.0,-0.00041203498,3.3309307,1.3993846,0.0031833742,-0.21234289,-0.015096732,-0.24043743,-0.12323908,-0.08312608,-0.30918297,-0.07196251,0.0,-0.06966098,11.912147,23.166954
0.1125378,1.0,0.0,0.0,0.0,0.0,28.0,1.0,119.0,287.0,120.63333333333334,533.1776470588235,0.0,1.0,0.0,0.0,0.0,0.0,0.0,0.0,0.0,0.0,0.0,0.0,0.0,0.0,0.0,0.0,0.0,1.0,0.0,0.0,0.0,1.0,8.0,1.0,0.0,0.0,0.0,0.0,0.0,0.0,28.0,3.1510584000000006,0.0,1.0,0.0,0.0,0.0,29.0,3.0,280.0,280.0,840.0,0.95668286,-0.0133776935,-0.017743208,-0.010152673,0.0027811923,-0.002046077,0.7099499,-0.04236238,2.38482,2.0835598,0.22333132,-0.79008657,-0.24446696,0.41219482,0.11350783,-0.097401135,-0.012705655,0.015018415,0.001374227,0.14584817,0.00052933156,0.0,0.14110987,0.0014907538,-0.14866641,0.0,-0.046137046,0.0,0.0,0.5113229,-0.0023470775,0.0667315,-0.031351265,-0.071028374,1.2690066,0.04840691,0.0,0.0,-0.0013545456,0.030906864,0.0,-0.00017066635,3.415663,1.3489013,0.0018112544,-0.17708516,-0.012009277,-0.23478955,-0.11012232,0.8562444,-0.1907591,0.0014490689,0.0,-0.047136817,11.912147,24.351488
0.1125378,1.0,0.0,0.0,0.0,0.0,28.0,1.0,119.0,287.0,120.63333333333334,533.1776470588235,0.0,1.0,0.0,0.0,0.0,0.0,0.0,0.0,0.0,0.0,0.0,0.0,0.0,0.0,0.0,0.0,0.0,1.0,0.0,0.0,0.0,1.0,8.0,1.0,0.0,0.0,0.0,0.0,0.0,0.0,28.0,3.1510584000000006,0.0,1.0,0.0,0.0,1.0,412.0,3.0,392.0,392.0,1176.0,0.9314711,-0.031561125,-0.016084183,-0.011087764,0.0027238117,-0.002130593,0.64933425,-0.041090205,2.5208883,2.1367695,0.21523722,-0.7411911,-0.23506325,0.3227078,0.10448434,-0.09704061,-0.012525688,0.017682215,0.0016087414,0.13402708,0.00047805192,0.0,0.119853824,0.0013196081,-0.14567472,0.0,-0.03509242,0.0,0.0,0.5752212,0.036387872,0.06961893,-0.03212585,-0.07284312,1.292845,0.034138065,0.0,0.0,-0.0013510059,0.034087222,0.0,-0.00012277097,3.2828155,1.4606781,0.002233029,-0.1657098,-0.013071277,-0.23246932,0.071701206,0.21808507,-0.24942073,0.0745584,0.0,-0.06917524,11.912147,24.018269
0.1125378,1.0,0.0,0.0,0.0,0.0,28.0,1.0,119.0,287.0,120.63333333333334,533.1776470588235,0.0,1.0,0.0,0.0,0.0,0.0,0.0,0.0,0.0,0.0,0.0,0.0,0.0,0.0,0.0,0.0,0.0,1.0,0.0,0.0,0.0,1.0,8.0,1.0,0.0,0.0,0.0,0.0,0.0,0.0,28.0,3.1510584000000006,0.0,1.0,0.0,0.0,1.0,204.0,1.8,392.0,392.0,705.6,0.89507234,-0.03262055,-0.015469317,-0.008966197,0.0027238117,-0.0048111356,0.705613,-0.043332554,2.5481827,2.1461053,0.2246555,-0.7315797,-0.23644261,0.3202935,0.10616306,-0.09498084,-0.012961206,0.017066294,0.0037068217,0.14100349,0.00051296974,0.0,0.1514488,0.0013225271,-0.14354782,0.0,-0.034865193,0.0,0.0,0.55720335,0.035718624,0.07278887,-0.031096945,-0.07205092,1.2588568,0.034753665,0.0,0.0,-0.0012437602,0.058349337,0.0,-0.00019338581,3.2746654,1.309106,0.0017251328,-0.15514447,-0.007550975,-0.20449197,0.09432109,-0.3464661,1.3700123,0.08015499,0.0,-0.028390812,11.912147,25.11746
0.1125378,1.0,0.0,0.0,0.0,0.0,28.0,1.0,119.0,287.0,120.63333333333334,533.1776470588235,0.0,1.0,0.0,0.0,0.0,0.0,0.0,0.0,0.0,0.0,0.0,0.0,0.0,0.0,0.0,0.0,0.0,1.0,0.0,0.0,0.0,1.0,8.0,1.0,0.0,0.0,0.0,0.0,0.0,0.0,28.0,3.1510584000000006,0.0,1.0,0.0,0.0,1.0,2432.0,3.0,392.0,392.0,1176.0,0.92157185,-0.040015288,-0.016600575,-0.011529836,0.0027238117,-0.0023477555,0.65812147,-0.040173333,2.4949553,2.1685743,0.21076673,-0.7164343,-0.23892473,0.3230351,0.10111106,-0.09870119,-0.012085649,0.014451704,-0.00050953124,0.13314527,0.0005187256,0.0,0.1169397,0.0013196081,-0.14785773,0.0,-0.034564376,0.0,0.0,0.5628741,0.01802352,0.069230616,-0.032309793,-0.07185443,1.2788315,0.024172844,0.0,0.0,-0.0025787514,0.032325584,0.0,-0.00011872986,3.2952766,1.4671423,0.0022938235,-0.19371152,-0.015763221,-0.23801279,0.07473032,-0.9700791,-0.31947756,0.007175988,0.0,-0.06673576,11.912147,22.621078
0.1125378,1.0,0.0,0.0,0.0,0.0,28.0,1.0,119.0,287.0,120.63333333333334,533.1776470588235,0.0,1.0,0.0,0.0,0.0,0.0,0.0,0.0,0.0,0.0,0.0,0.0,0.0,0.0,0.0,0.0,0.0,1.0,0.0,0.0,0.0,1.0,8.0,1.0,0.0,0.0,0.0,0.0,0.0,0.0,28.0,3.1510584000000006,0.0,1.0,0.0,0.0,1.0,1467.0,3.0,1120.0,1120.0,3360.0,0.96799046,-0.038285356,-0.016615937,-0.011708893,0.0027238117,-0.002457388,0.6828196,-0.041188084,2.5409307,2.1387303,0.21470891,-0.72202766,-0.23505048,0.3215948,0.10212477,-0.09711613,-0.013453719,0.015326754,0.001607469,0.13394079,0.00050734106,0.0,0.13356823,0.0013196081,-0.14544125,0.0,-0.03139001,0.0,0.0,0.5466043,0.024317397,0.0699333,-0.03217473,-0.07141385,1.3175113,0.03136547,0.0,0.0,-0.0012374582,0.03247333,0.0,-0.00012277097,3.28829,1.4459755,0.0021430983,-0.15608718,-0.014579433,-0.23511863,0.08472055,-0.041743483,-0.25785288,0.15198804,0.0,-0.07314337,11.912147,23.927147
0.1125378,1.0,0.0,0.0,0.0,0.0,28.0,1.0,119.0,287.0,120.63333333333334,533.1776470588235,0.0,1.0,0.0,0.0,0.0,0.0,0.0,0.0,0.0,0.0,0.0,0.0,0.0,0.0,0.0,0.0,0.0,1.0,0.0,0.0,0.0,1.0,8.0,1.0,0.0,0.0,0.0,0.0,0.0,0.0,28.0,3.1510584000000006,0.0,1.0,0.0,0.0,1.0,349.0,3.0,476.0,476.0,1428.0,0.93324417,-0.03481118,-0.016655488,-0.0131004285,0.0027238117,-0.0031562299,0.6276015,-0.040639494,2.4501338,2.1362722,0.2114679,-0.7400603,-0.23577628,0.3211705,0.10127963,-0.09708009,-0.014484832,0.01530833,0.0009586283,0.13276574,0.0004962753,0.0,0.118453965,0.0013225271,-0.14624509,0.0,-0.032227673,0.0,0.0,0.5777836,0.024801541,0.07022346,-0.03237139,-0.07141235,1.3131584,0.034946967,0.0,0.0,-0.0016812931,0.03144042,0.0,-0.00012277097,3.2877638,1.4630092,0.0018155205,-0.20284918,-0.014371798,-0.23525307,0.06242882,-0.8418334,-0.34488657,-0.11912782,0.0,-0.09781114,11.912147,22.496752
0.1125378,1.0,0.0,0.0,0.0,0.0,28.0,1.0,119.0,287.0,120.63333333333334,533.1776470588235,0.0,1.0,0.0,0.0,0.0,0.0,0.0,0.0,0.0,0.0,0.0,0.0,0.0,0.0,0.0,0.0,0.0,1.0,0.0,0.0,0.0,1.0,8.0,1.0,0.0,0.0,0.0,0.0,0.0,0.0,28.0,3.1510584000000006,1.0,0.0,0.0,0.0,1.0,175.0,3.0,224.0,224.0,672.0,0.86341846,-0.02733761,-0.016333409,-0.011623489,0.0027238117,-0.0024281226,0.67561746,-0.04239099,2.6512797,2.1075685,0.21456262,-0.71561027,-0.23665734,0.31775737,0.10218445,-0.09611963,-0.014854844,0.014250607,0.0009460816,0.1347586,0.00051460456,0.0,0.11781911,0.005526988,-0.1413794,0.0,-0.036614984,0.0,0.0,0.54510736,0.039620504,0.06494638,-0.032650426,-0.07253986,1.3068091,0.029924205,0.0,0.0,-0.001581915,0.035409406,0.0,-0.00010751846,3.1983008,1.5027847,-0.006064399,0.64284223,-0.016877666,-0.25903183,0.11013063,-0.7328947,-0.28515244,-0.024604788,0.0,-0.022009285,11.912147,23.80209
0.1125378,1.0,0.0,0.0,0.0,0.0,28.0,1.0,119.0,287.0,120.63333333333334,533.1776470588235,0.0,1.0,0.0,0.0,0.0,0.0,0.0,0.0,0.0,0.0,0.0,0.0,0.0,0.0,0.0,0.0,0.0,1.0,0.0,0.0,0.0,1.0,8.0,1.0,0.0,0.0,0.0,0.0,0.0,0.0,28.0,3.1510584000000006,0.0,0.0,1.0,0.0,1.0,125.0,3.0,392.0,392.0,1176.0,0.9160817,-0.032069977,-0.015435193,-0.013937789,0.002565961,-0.002823069,0.6183354,-0.042025965,2.616371,2.169009,0.21556348,-0.72400594,-0.23559982,0.3143842,0.10237573,-0.09455206,-0.013179495,0.013824249,0.001093248,0.13231622,0.0005449176,0.0,0.11180101,0.0057302876,-0.14223072,0.0,-0.03765912,0.0,0.0,0.5728431,0.026556015,0.06487575,-0.032314066,-0.07105527,1.2631068,0.03676825,0.0,0.0,-0.0014937539,0.039665554,0.0,-9.3946335e-05,3.2740417,1.4378984,0.021507693,0.6897257,0.22404788,-0.24962027,0.12461668,-0.50190735,-0.24352492,0.032806583,0.0,-0.06317876,11.912147,24.423897
0.1125378,1.0,0.0,0.0,0.0,0.0,28.0,1.0,119.0,287.0,120.63333333333334,533.1776470588235,0.0,1.0,0.0,0.0,0.0,0.0,0.0,0.0,0.0,0.0,0.0,0.0,0.0,0.0,0.0,0.0,0.0,1.0,0.0,0.0,0.0,1.0,8.0,1.0,0.0,0.0,0.0,0.0,0.0,0.0,28.0,3.1510584000000006,0.0,0.0,0.0,1.0,1.0,17.0,3.0,364.0,364.0,1092.0,0.81312,0.008109561,-0.01800651,-0.0028926148,0.0034900429,-0.002386506,0.66114664,-0.036364574,2.4590735,1.9832364,0.22962867,-0.9131829,-0.24058087,0.32331496,0.12560453,-0.08337142,-0.0154210385,0.014070625,0.0017276132,0.14618608,0.000619034,0.0,0.2098965,0.0084810555,-0.14449164,0.0,-0.049852084,0.0,0.0,0.5480119,0.011135561,0.06028787,-0.02996182,-0.071882725,1.3400223,0.0489852,0.0,0.0,-0.0006604964,0.029672168,0.0,-0.000104668004,3.3236172,1.5116208,0.007361288,0.31635594,-0.010591252,1.2246144,0.05494854,-0.35198498,-0.17136784,-0.020126361,0.0,-0.033210803,11.912147,25.180046
0.1125378,1.0,0.0,0.0,0.0,0.0,28.0,1.0,119.0,287.0,120.63333333333334,533.1776470588235,0.0,1.0,0.0,0.0,0.0,0.0,0.0,0.0,0.0,0.0,0.0,0.0,0.0,0.0,0.0,0.0,0.0,1.0,0.0,0.0,0.0,1.0,8.0,1.0,0.0,0.0,0.0,0.0,0.0,0.0,28.0,3.1510584000000006,0.0,0.0,0.0,1.0,1.0,14.0,3.0,364.0,364.0,1092.0,0.8509463,0.05384379,-0.016738934,-0.0054409923,0.0034900429,0.0022821054,0.64641297,-0.03512427,2.4608052,1.9673544,0.21954998,-0.8668763,-0.21393666,0.25703266,0.12043857,-0.07370096,-0.0127052115,0.020721974,0.012861161,0.15723222,0.009978031,0.0,0.24953705,0.0063028894,-0.14008307,0.0,-0.04487582,0.0,0.0,0.5503134,0.0027050734,0.057403155,-0.02996182,-0.07030018,1.3011469,0.05150229,0.0,0.0,-0.0006604964,0.083987236,0.0,-0.000104668004,3.2427082,1.4691118,0.007828822,0.6058966,-0.010356257,1.2396234,0.056314815,3.3741517,-0.1042505,0.014336861,0.0,-0.025300225,11.912147,29.357548
0.1125378,1.0,0.0,0.0,0.0,0.0,28.0,1.0,119.0,287.0,120.63333333333334,533.1776470588235,0.0,1.0,0.0,0.0,0.0,0.0,0.0,0.0,0.0,0.0,0.0,0.0,0.0,0.0,0.0,0.0,0.0,1.0,0.0,0.0,0.0,1.0,8.0,1.0,0.0,0.0,0.0,0.0,0.0,0.0,28.0,3.1510584000000006,0.0,0.0,0.0,1.0,1.0,31.0,3.0,364.0,364.0,1092.0,0.87488586,0.02073873,-0.017115014,-0.0062219547,0.005473361,-0.0021388389,0.6299126,-0.036295526,2.3327281,1.9458953,0.23752034,-0.88493735,-0.23303518,0.3375564,0.12920597,-0.08688858,-0.012506126,0.015404318,0.0014779443,0.15031983,0.00062356365,0.0,0.20773165,0.005567084,-0.14486827,0.0,-0.047256477,0.0,0.0,0.5458915,0.0045395247,0.06264547,-0.029543769,-0.07192225,1.3551744,0.050939377,0.0,0.0,-0.00063277583,0.03189718,0.0,-0.00018958429,3.3625336,1.5097173,0.022841968,0.6683008,-0.011190551,1.401564,0.067160256,0.92608505,-0.15120304,0.011483823,0.0,-0.030623531,11.912147,27.061394
0.1125378,1.0,0.0,0.0,0.0,0.0,28.0,1.0,119.0,287.0,120.63333333333334,533.1776470588235,0.0,1.0,0.0,0.0,0.0,0.0,0.0,0.0,0.0,0.0,0.0,0.0,0.0,0.0,0.0,0.0,0.0,1.0,0.0,0.0,0.0,1.0,8.0,1.0,0.0,0.0,0.0,0.0,0.0,0.0,28.0,3.1510584000000006,0.0,1.0,0.0,0.0,1.0,194.0,3.0,392.0,392.0,1176.0,0.9481346,-0.033554167,-0.018449696,-0.012224424,0.0027238117,-0.006072583,0.62310606,-0.04149454,2.5654502,2.163792,0.21100643,-0.75625896,-0.23757927,0.32399222,0.100453995,-0.09739927,-0.016968105,0.0141800195,-0.0029283247,0.13315263,0.0005246396,0.0,0.119925916,0.0013225271,-0.14573388,0.0,-0.035706826,0.0,0.0,0.5778096,0.029684287,0.06737953,-0.03197467,-0.072260834,1.2760085,0.025650842,0.0,0.0,-0.002184607,0.033212557,0.0,-0.00012277097,3.2941453,1.4587997,-0.00010519844,-0.23848324,-0.017348016,-0.24150643,0.05530473,-1.5218078,-0.3520302,-0.027714318,0.0,-0.11375738,11.912147,21.914238
0.1125378,1.0,0.0,0.0,0.0,0.0,28.0,1.0,119.0,287.0,120.63333333333334,533.1776470588235,0.0,1.0,0.0,0.0,0.0,0.0,0.0,0.0,0.0,0.0,0.0,0.0,0.0,0.0,0.0,0.0,0.0,1.0,0.0,0.0,0.0,1.0,8.0,1.0,0.0,0.0,0.0,0.0,0.0,0.0,28.0,3.1510584000000006,0.0,1.0,0.0,0.0,1.0,117.0,3.0,476.0,476.0,1428.0,0.97855806,-0.0327975,-0.01610219,-0.012914468,0.0027238117,-0.004710265,0.628362,-0.04154994,2.4393404,2.2047007,0.21151833,-0.7479752,-0.23577133,0.31872964,0.10061778,-0.09736222,-0.013595622,0.013042102,0.00108496,0.13322435,0.00050794514,0.0,0.114555135,0.0013225271,-0.14571306,0.0,-0.033225093,0.0,0.0,0.5719478,0.023321856,0.06656512,-0.03230517,-0.070430234,1.3041204,0.024186112,0.0,0.0,-0.0016239481,0.033989318,0.0,-0.00012277097,3.301102,1.462366,0.0019802912,-0.20833673,-0.01569262,-0.23761323,0.12382847,-0.49426374,-0.29901463,0.011214076,0.0,-0.09650261,11.912147,23.147427
0.1125378,1.0,0.0,0.0,0.0,0.0,28.0,1.0,119.0,287.0,120.63333333333334,533.1776470588235,0.0,1.0,0.0,0.0,0.0,0.0,0.0,0.0,0.0,0.0,0.0,0.0,0.0,0.0,0.0,0.0,0.0,1.0,0.0,0.0,0.0,1.0,8.0,1.0,0.0,0.0,0.0,0.0,0.0,0.0,28.0,3.1510584000000006,0.0,1.0,0.0,0.0,0.0,19.0,3.0,112.0,112.0,336.0,0.96394217,-0.0002993386,-0.016254336,-0.012239063,0.002707251,-0.0017701685,0.74573207,-0.041712906,2.46193,2.1076286,0.22470562,-0.75598615,-0.24459983,0.40515128,0.114522345,-0.09496036,-0.012836394,0.016191782,0.003982958,0.14333716,0.0005248019,0.0,0.13700256,0.0013297941,-0.148201,0.0,-0.043632254,0.0,0.0,0.52743304,-0.010054725,0.06677828,-0.031245502,-0.06989548,1.2842355,0.047298793,0.0,0.0,-0.0011496035,0.03208379,0.0,-0.00017066635,3.371866,1.2844937,0.0034638634,-0.13171855,-0.012122718,-0.22677115,-0.075585835,1.036926,-0.1548921,0.45037365,0.0,0.21782327,11.912147,25.477522
0.1125378,1.0,0.0,0.0,0.0,0.0,28.0,1.0,119.0,287.0,120.63333333333334,533.1776470588235,0.0,1.0,0.0,0.0,0.0,0.0,0.0,0.0,0.0,0.0,0.0,0.0,0.0,0.0,0.0,0.0,0.0,1.0,0.0,0.0,0.0,1.0,8.0,1.0,0.0,0.0,0.0,0.0,0.0,0.0,28.0,3.1510584000000006,0.0,1.0,0.0,0.0,0.0,108.0,3.0,182.0,182.0,546.0,1.0502445,-0.030976767,-0.017939642,-0.012769027,0.0027811923,-0.0047036535,0.65849626,-0.04310508,2.5414476,2.171984,0.21005295,-0.76456743,-0.2404916,0.32763034,0.09976884,-0.0976408,-0.013870587,0.013891857,0.00042908118,0.13340999,0.0004995944,0.0,0.1231352,0.0011949347,-0.14461526,0.0,-0.03698215,0.0,0.0,0.5418285,0.011220705,0.06737198,-0.031555638,-0.06928749,1.3119111,0.023999471,0.0,0.0,-0.0041619525,0.034177616,0.0,-0.00016191427,3.3078456,1.5034411,0.0016530412,-0.2195481,-0.016184604,-0.24056864,-0.23760338,-0.8238021,-0.31415504,-0.17504326,0.0,-0.08718277,11.912147,22.42365
0.2,0.0,0.0,1.0,0.0,0.0,26.0,1.0,42.0,126.0,120.63333333333334,195.0,0.0,0.0,0.0,0.0,0.0,0.0,1.0,0.0,0.0,0.0,0.0,0.0,0.0,0.0,0.0,0.0,1.0,0.0,0.0,0.0,0.0,1.0,6.0,0.0,0.0,0.0,0.0,0.0,1.0,0.0,52.0,10.4,0.0,1.0,0.0,0.0,0.0,96.0,3.0,364.0,364.0,1092.0,-0.031423196,0.2086823,-0.015313018,0.12492796,0.0025199964,-0.004597243,0.361301,-0.038195446,-1.0995387,0.060883787,0.13976185,-1.2264937,-0.2748914,-0.0765924,0.044657532,-0.10310386,-0.015812544,0.015272327,-0.008666055,0.14846417,0.00044811337,0.0,0.08379007,-8.538145e-05,-0.38191372,0.0,-0.040275004,0.0,0.0,-0.4535673,0.014327611,0.10002663,-0.03108151,-0.08151735,0.3470445,-0.019068489,0.0,0.0,-0.003471472,0.03274747,0.0,-0.00013162293,1.9378765,0.61704534,0.0017825009,-0.23540959,-0.010653191,-0.23730877,-0.23555744,-0.85164976,-0.3538596,-0.016665101,0.0,-0.054904502,11.912147,10.2519655
0.2,0.0,0.0,1.0,0.0,0.0,26.0,1.0,42.0,126.0,120.63333333333334,195.0,0.0,0.0,0.0,0.0,0.0,0.0,1.0,0.0,0.0,0.0,0.0,0.0,0.0,0.0,0.0,0.0,1.0,0.0,0.0,0.0,0.0,1.0,6.0,0.0,0.0,0.0,0.0,0.0,1.0,0.0,52.0,10.4,0.0,1.0,0.0,0.0,0.0,94.0,1.2,140.0,140.0,168.0,-0.012061888,0.20387529,-0.015771374,0.13324565,0.0038311502,-0.0038149608,0.4273659,-0.036042072,-1.1547841,0.08017341,0.15748592,-1.2722527,-0.27980858,-0.08647461,0.060035076,-0.10109951,-0.016791292,0.016693367,-0.020698486,0.15603407,0.0004731708,0.0,0.12303276,0.0014894495,-0.37802467,0.0,-0.045027755,0.0,0.0,-0.40143964,0.00086561195,0.10706618,-0.02810214,-0.08120337,0.3517644,-0.022171598,0.0,0.0,-0.0012061233,0.070612684,0.0,-0.00048586002,1.8323988,0.61962795,0.002561205,-0.13425873,-0.007384077,-0.20168175,-0.12941699,0.22939155,1.660042,-0.06781782,0.0,0.17151864,11.912147,13.823911
0.2,0.0,0.0,1.0,0.0,0.0,26.0,1.0,42.0,126.0,120.63333333333334,195.0,0.0,0.0,0.0,0.0,0.0,0.0,1.0,0.0,0.0,0.0,0.0,0.0,0.0,0.0,0.0,0.0,1.0,0.0,0.0,0.0,0.0,1.0,6.0,0.0,0.0,0.0,0.0,0.0,1.0,0.0,52.0,10.4,0.0,1.0,0.0,0.0,0.0,90.0,1.8,140.0,140.0,252.0,-0.056657568,0.20624503,-0.015380683,0.1263394,0.0025199964,-0.005726132,0.43541512,-0.041205857,-1.1179782,0.09519202,0.17079996,-1.2487792,-0.2912625,-0.08561779,0.059169784,-0.10159902,-0.020672292,0.016246784,-0.019060066,0.16032036,0.0005029081,0.0,0.107609354,0.001039879,-0.3666168,0.0,-0.04626224,0.0,0.0,-0.42186263,0.009570692,0.1049991,-0.030135797,-0.083010234,0.38439846,-0.024921423,0.0,0.0,-0.0008970195,0.038376525,0.0,-0.00092842,1.8704163,0.6307729,0.0035960553,-0.16559567,-0.00677947,-0.22348692,-0.12944701,0.2689993,0.90575564,-0.06556847,0.0,0.13261954,11.912147,13.073601
0.2,0.0,0.0,1.0,0.0,0.0,26.0,1.0,42.0,126.0,120.63333333333334,195.0,0.0,0.0,0.0,0.0,0.0,0.0,1.0,0.0,0.0,0.0,0.0,0.0,0.0,0.0,0.0,0.0,1.0,0.0,0.0,0.0,0.0,1.0,6.0,0.0,0.0,0.0,0.0,0.0,1.0,0.0,52.0,10.4,0.0,1.0,0.0,0.0,0.0,92.0,2.4,140.0,140.0,336.0,-0.035792623,0.1999325,-0.015485413,0.12776545,0.0025199964,-0.0026574573,0.43386024,-0.037529394,-1.156359,0.13350181,0.14951639,-1.253172,-0.27813128,-0.087626174,0.05904528,-0.10216455,-0.015789023,0.016437655,-0.000908779,0.14744405,0.0004113044,0.0,0.11976513,0.0014894495,-0.38263443,0.0,-0.04772297,0.0,0.0,-0.4457967,-0.0014096868,0.10259058,-0.0315382,-0.0819214,0.3455647,-0.021387422,0.0,0.0,-0.0011604087,0.032835744,0.0,-0.00092842,1.8304014,0.68906564,0.0031857656,-0.1571817,-0.0070684105,-0.22241919,-0.11191912,0.081470996,0.2779562,-0.071537904,0.0,0.18619013,11.912147,12.28286
0.2,0.0,0.0,1.0,0.0,0.0,26.0,1.0,42.0,126.0,120.63333333333334,195.0,0.0,0.0,0.0,0.0,0.0,0.0,1.0,0.0,0.0,0.0,0.0,0.0,0.0,0.0,0.0,0.0,1.0,0.0,0.0,0.0,0.0,1.0,6.0,0.0,0.0,0.0,0.0,0.0,1.0,0.0,52.0,10.4,0.0,1.0,0.0,0.0,0.0,92.0,3.0,140.0,140.0,420.0,-0.040981136,0.20118076,-0.015305468,0.12040976,0.0025199964,-0.0046555893,0.4436768,-0.037941504,-1.1354257,0.085779205,0.14175457,-1.2632775,-0.27830973,-0.08866104,0.05798207,-0.103018895,-0.015750129,0.014984241,0.004079336,0.14816776,0.0004113044,0.0,0.09877539,0.0009942219,-0.38168645,0.0,-0.047323897,0.0,0.0,-0.44894782,-0.0009797516,0.10409694,-0.031641815,-0.081905454,0.34612677,-0.02325355,0.0,0.0,-0.0010194925,0.032936066,0.0,-0.00045578476,1.8505003,0.7067483,0.003155965,-0.22415514,-0.009668905,-0.23639525,-0.114916824,-0.015242827,-0.3512295,-0.1132329,0.0,-0.06867898,11.912147,11.14237
0.2,0.0,0.0,1.0,0.0,0.0,26.0,1.0,42.0,126.0,120.63333333333334,195.0,0.0,0.0,0.0,0.0,0.0,0.0,1.0,0.0,0.0,0.0,0.0,0.0,0.0,0.0,0.0,0.0,1.0,0.0,0.0,0.0,0.0,1.0,6.0,0.0,0.0,0.0,0.0,0.0,1.0,0.0,52.0,10.4,0.0,1.0,0.0,0.0,0.0,29.0,3.0,280.0,280.0,840.0,-0.05600591,0.20337933,-0.015202549,0.11420371,0.0025199964,-0.002004498,0.40838122,-0.03868484,-1.0736527,0.05145936,0.16018546,-1.2480628,-0.28085092,-0.087241285,0.06053188,-0.10407758,-0.015548948,0.015213693,-0.014502708,0.16242278,0.0004410416,0.0,0.094276264,0.0012810491,-0.37096488,0.0,-0.050028957,0.0,0.0,-0.46975666,0.0004664482,0.10345756,-0.030577868,-0.08336955,0.3676974,-0.024948642,0.0,0.0,-0.0010194925,0.031346608,0.0,-0.0001795183,1.9357677,0.6756583,0.0021649254,-0.1949492,-0.0080689415,-0.23524126,-0.099774756,1.0592672,-0.20914021,-0.062060297,0.0,-0.04553346,11.912147,12.540823
0.2,0.0,0.0,1.0,0.0,0.0,26.0,1.0,42.0,126.0,120.63333333333334,195.0,0.0,0.0,0.0,0.0,0.0,0.0,1.0,0.0,0.0,0.0,0.0,0.0,0.0,0.0,0.0,0.0,1.0,0.0,0.0,0.0,0.0,1.0,6.0,0.0,0.0,0.0,0.0,0.0,1.0,0.0,52.0,10.4,0.0,1.0,0.0,0.0,1.0,412.0,3.0,392.0,392.0,1176.0,-0.030693607,0.21220344,-0.014433389,0.121439196,0.0024626157,-0.0020200482,0.44773498,-0.037487146,-1.0441769,0.0697895,0.14566824,-1.2334545,-0.266881,-0.07665121,0.0506915,-0.103190556,-0.015251471,0.016671998,-0.02701484,0.14814043,0.00037830023,0.0,0.091111995,0.0014638222,-0.38332126,0.0,-0.03790545,0.0,0.0,-0.46599454,0.038556546,0.105635725,-0.031179016,-0.08535704,0.34277132,-0.020990541,0.0,0.0,-0.0012097192,0.034989204,0.0,-0.00013162293,1.9201685,0.6549571,0.0018065273,-0.17451626,-0.0071946722,-0.22832367,0.077637546,0.18836878,-0.31046405,0.0834602,0.0,-0.051241126,11.912147,12.019175
0.2,0.0,0.0,1.0,0.0,0.0,26.0,1.0,42.0,126.0,120.63333333333334,195.0,0.0,0.0,0.0,0.0,0.0,0.0,1.0,0.0,0.0,0.0,0.0,0.0,0.0,0.0,0.0,0.0,1.0,0.0,0.0,0.0,0.0,1.0,6.0,0.0,0.0,0.0,0.0,0.0,1.0,0.0,52.0,10.4,0.0,1.0,0.0,0.0,1.0,204.0,1.8,392.0,392.0,705.6,-0.04309002,0.21509568,-0.0144118415,0.120900586,0.0024626157,-0.0035663869,0.3814821,-0.039131213,-1.0634,0.11752614,0.15409297,-1.2607194,-0.27240553,-0.07414775,0.048130725,-0.10128821,-0.016056858,0.016926484,-0.028356116,0.15441301,0.00040018608,0.0,0.11162824,0.0014715933,-0.37917358,0.0,-0.037476484,0.0,0.0,-0.41944215,0.03787274,0.109377,-0.030069891,-0.08456486,0.33267307,-0.019476136,0.0,0.0,-0.0009790784,0.061596572,0.0,-0.00021643794,1.9055791,0.633842,0.0027030027,-0.15320434,-0.006680305,-0.20053308,0.1392273,-0.370437,1.5486887,0.09176897,0.0,-0.036495563,11.912147,13.444688
0.2,0.0,0.0,1.0,0.0,0.0,26.0,1.0,42.0,126.0,120.63333333333334,195.0,0.0,0.0,0.0,0.0,0.0,0.0,1.0,0.0,0.0,0.0,0.0,0.0,0.0,0.0,0.0,0.0,1.0,0.0,0.0,0.0,0.0,1.0,6.0,0.0,0.0,0.0,0.0,0.0,1.0,0.0,52.0,10.4,0.0,1.0,0.0,0.0,1.0,2432.0,3.0,392.0,392.0,1176.0,-0.034576707,0.22457269,-0.015165255,0.118370175,0.0024626157,-0.0022372107,0.45897377,-0.036750108,-1.0651429,0.07758685,0.13971834,-1.2460067,-0.2711017,-0.07685441,0.04741933,-0.10435328,-0.014812477,0.014493711,0.020692661,0.14728394,0.000418974,0.0,0.089415625,0.0014638222,-0.3834474,0.0,-0.037534893,0.0,0.0,-0.4979538,0.020203348,0.105199546,-0.03567075,-0.084706634,0.35124412,-0.017091684,0.0,0.0,-0.0024374647,0.032604653,0.0,-0.00012393983,1.9365339,0.6416451,0.0018673212,-0.20568831,-0.01168962,-0.23637536,0.07977778,-1.0112584,-0.37824747,0.016058825,0.0,-0.04904242,11.912147,10.621885
0.2,0.0,0.0,1.0,0.0,0.0,26.0,1.0,42.0,126.0,120.63333333333334,195.0,0.0,0.0,0.0,0.0,0.0,0.0,1.0,0.0,0.0,0.0,0.0,0.0,0.0,0.0,0.0,0.0,1.0,0.0,0.0,0.0,0.0,1.0,6.0,0.0,0.0,0.0,0.0,0.0,1.0,0.0,52.0,10.4,0.0,1.0,0.0,0.0,1.0,1467.0,3.0,1120.0,1120.0,3360.0,-0.024893887,0.24385992,-0.014888249,0.12522455,0.0024626157,-0.0019822624,0.439215,-0.037586883,-1.065488,0.089347646,0.14479123,-1.2411197,-0.26671875,-0.076048195,0.04774728,-0.10356227,-0.015700975,0.015069242,-0.022128122,0.14819673,0.00040758937,0.0,0.09441787,0.0014638222,-0.38308778,0.0,-0.033845425,0.0,0.0,-0.46191317,0.025746418,0.11099887,-0.03143565,-0.08392778,0.37682343,-0.014738159,0.0,0.0,-0.0010961714,0.03456039,0.0,-0.00013162293,1.9204406,0.63901323,0.0017165961,-0.17640169,-0.008329279,-0.23094076,0.08564305,-0.13897619,-0.31551862,0.18854052,0.0,-0.05450654,11.912147,11.842869
0.2,0.0,0.0,1.0,0.0,0.0,26.0,1.0,42.0,126.0,120.63333333333334,195.0,0.0,0.0,0.0,0.0,0.0,0.0,1.0,0.0,0.0,0.0,0.0,0.0,0.0,0.0,0.0,0.0,1.0,0.0,0.0,0.0,0.0,1.0,6.0,0.0,0.0,0.0,0.0,0.0,1.0,0.0,52.0,10.4,0.0,1.0,0.0,0.0,1.0,349.0,3.0,476.0,476.0,1428.0,-0.04482828,0.21821183,-0.0147466,0.13512363,0.0024626157,-0.0030669228,0.38869578,-0.037038293,-1.0368199,0.08077245,0.14023161,-1.237675,-0.2673138,-0.07590849,0.0461669,-0.10340197,-0.016336389,0.015050817,-0.0005570874,0.14621767,0.00038349154,0.0,0.08476057,0.0014715933,-0.38412282,0.0,-0.0344484,0.0,0.0,-0.47508833,0.026230562,0.10732386,-0.031424556,-0.083926275,0.36565423,-0.021934258,0.0,0.0,-0.0015400065,0.031030744,0.0,-0.00013162293,1.9317014,0.65491575,0.001389018,-0.23165618,-0.00831972,-0.23111439,0.06925554,-0.9043993,-0.4034567,-0.014037362,0.0,-0.059945513,11.912147,10.63596
0.2,0.0,0.0,1.0,0.0,0.0,26.0,1.0,42.0,126.0,120.63333333333334,195.0,0.0,0.0,0.0,0.0,0.0,0.0,1.0,0.0,0.0,0.0,0.0,0.0,0.0,0.0,0.0,0.0,1.0,0.0,0.0,0.0,0.0,1.0,6.0,0.0,0.0,0.0,0.0,0.0,1.0,0.0,52.0,10.4,1.0,0.0,0.0,0.0,1.0,175.0,3.0,224.0,224.0,672.0,-0.03969622,0.20942163,-0.014520518,0.14461501,0.0024626157,-0.0024497018,0.38582247,-0.03874589,-1.074381,0.1654551,0.1404764,-1.2581944,-0.2714869,-0.07575467,0.0478472,-0.1015765,-0.017357806,0.014659117,-0.0045267427,0.1463366,0.00043008797,0.0,0.09514234,0.002375764,-0.3784235,0.0,-0.039976925,0.0,0.0,-0.45022145,0.04183485,0.10097394,-0.03195379,-0.08509802,0.33795968,-0.033795606,0.0,0.0,-0.0012509497,0.034167845,0.0,-0.00011637042,1.8788818,0.6704621,-0.0014941226,0.7580741,-0.011384573,-0.25331718,0.107318826,-0.789326,-0.31667668,-0.05989662,0.0,-0.02766347,11.912147,11.817585
0.2,0.0,0.0,1.0,0.0,0.0,26.0,1.0,42.0,126.0,120.63333333333334,195.0,0.0,0.0,0.0,0.0,0.0,0.0,1.0,0.0,0.0,0.0,0.0,0.0,0.0,0.0,0.0,0.0,1.0,0.0,0.0,0.0,0.0,1.0,6.0,0.0,0.0,0.0,0.0,0.0,1.0,0.0,52.0,10.4,0.0,0.0,1.0,0.0,1.0,125.0,3.0,392.0,392.0,1176.0,-0.06507355,0.21033119,-0.013635627,0.14510801,0.0023047652,-0.0024615012,0.3632284,-0.037900113,-1.1214541,0.17827414,0.1420341,-1.2607589,-0.27072787,-0.07235025,0.046259925,-0.10087025,-0.016103314,0.01458386,-0.006607709,0.14479065,0.00045083722,0.0,0.087862045,0.0029707705,-0.38042927,0.0,-0.041652128,0.0,0.0,-0.45687133,0.028770361,0.10098657,-0.03136723,-0.08339931,0.32017127,-0.03402161,0.0,0.0,-0.0011627886,0.039487787,0.0,-0.000102798294,1.937511,0.6447842,0.021470338,0.8045885,0.13278688,-0.2498382,0.114796445,-0.58329415,-0.30311754,0.053787563,0.0,-0.043663282,11.912147,12.272627
0.2,0.0,0.0,1.0,0.0,0.0,26.0,1.0,42.0,126.0,120.63333333333334,195.0,0.0,0.0,0.0,0.0,0.0,0.0,1.0,0.0,0.0,0.0,0.0,0.0,0.0,0.0,0.0,0.0,1.0,0.0,0.0,0.0,0.0,1.0,6.0,0.0,0.0,0.0,0.0,0.0,1.0,0.0,52.0,10.4,0.0,0.0,0.0,1.0,1.0,17.0,3.0,364.0,364.0,1092.0,-0.08078362,0.17633691,-0.016474262,0.09734293,0.003228847,-0.001495698,0.40458363,-0.033183858,-1.1030622,0.20627631,0.16262303,-1.2830027,-0.28535685,-0.08523901,0.05995108,-0.08362488,-0.019163836,0.0139968535,-0.02270695,0.16060217,0.00053451734,0.0,0.14313675,0.0030581641,-0.36698136,0.0,-0.05632154,0.0,0.0,-0.4320373,0.013832303,0.0941569,-0.028849138,-0.084603816,0.3092972,-0.033773504,0.0,0.0,-0.00057184027,0.02892036,0.0,-0.00011351996,1.881534,0.6670601,0.00657001,0.33096072,-0.007917253,1.213926,0.043906473,-0.3031639,-0.1901298,-0.027285032,0.0,-0.020327663,11.912147,13.367818
0.2,0.0,0.0,1.0,0.0,0.0,26.0,1.0,42.0,126.0,120.63333333333334,195.0,0.0,0.0,0.0,0.0,0.0,0.0,1.0,0.0,0.0,0.0,0.0,0.0,0.0,0.0,0.0,0.0,1.0,0.0,0.0,0.0,0.0,1.0,6.0,0.0,0.0,0.0,0.0,0.0,1.0,0.0,52.0,10.4,0.0,0.0,0.0,1.0,1.0,14.0,3.0,364.0,364.0,1092.0,-0.00012572235,0.15315573,-0.015314546,0.098260395,0.003228847,-0.0010799594,0.410837,-0.032673612,-1.1347295,0.21255468,0.13865063,-1.2637,-0.25368482,-0.05669135,0.078461505,-0.075022824,-0.015853683,0.022015946,-0.1755071,0.16640243,0.005977643,0.0,0.18819031,0.0026898987,-0.3621823,0.0,-0.051019,0.0,0.0,-0.4193295,0.01107513,0.09647505,-0.028849138,-0.083021276,0.10165745,-0.035350785,0.0,0.0,-0.00057184027,0.0885786,0.0,-0.00011351996,1.7884694,0.7486582,0.007010586,0.62809604,-0.0074032666,1.2367808,0.044312205,3.3392234,-0.11532146,0.0016379225,0.0,-0.015583038,11.912147,17.341412
0.2,0.0,0.0,1.0,0.0,0.0,26.0,1.0,42.0,126.0,120.63333333333334,195.0,0.0,0.0,0.0,0.0,0.0,0.0,1.0,0.0,0.0,0.0,0.0,0.0,0.0,0.0,0.0,0.0,1.0,0.0,0.0,0.0,0.0,1.0,6.0,0.0,0.0,0.0,0.0,0.0,1.0,0.0,52.0,10.4,0.0,0.0,0.0,1.0,1.0,31.0,3.0,364.0,364.0,1092.0,-0.053088367,0.17354321,-0.015038995,0.078401364,0.005212165,-0.0021225219,0.4360712,-0.033332918,-1.044575,0.22558646,0.17169984,-1.2926536,-0.27708524,-0.087397836,0.061426222,-0.087530375,-0.015987445,0.015749542,-0.01810286,0.16568142,0.00053904706,0.0,0.1364572,0.00236301,-0.36384982,0.0,-0.05296945,0.0,0.0,-0.44214007,0.0066356715,0.09772408,-0.028580891,-0.08464334,0.31992736,-0.041416608,0.0,0.0,-0.00046683248,0.032357693,0.0,-0.00019843625,1.9378101,0.68067497,0.022149768,0.70824754,-0.008356434,1.3527699,0.058982298,1.0845993,-0.166533,-0.0034027086,0.0,-0.019643,11.912147,15.547644
0.2,0.0,0.0,1.0,0.0,0.0,26.0,1.0,42.0,126.0,120.63333333333334,195.0,0.0,0.0,0.0,0.0,0.0,0.0,1.0,0.0,0.0,0.0,0.0,0.0,0.0,0.0,0.0,0.0,1.0,0.0,0.0,0.0,0.0,1.0,6.0,0.0,0.0,0.0,0.0,0.0,1.0,0.0,52.0,10.4,0.0,1.0,0.0,0.0,1.0,194.0,3.0,392.0,392.0,1176.0,-0.044662736,0.21433005,-0.015593455,0.12191971,0.0024626157,-0.005983276,0.39296457,-0.037536196,-1.0631723,0.08458286,0.13965361,-1.2472274,-0.27279413,-0.07748297,0.045668494,-0.103717364,-0.019429157,0.014858071,0.07311445,0.14701417,0.00041185596,0.0,0.100617,0.0014715933,-0.38361424,0.0,-0.03844866,0.0,0.0,-0.4749797,0.031898633,0.10219021,-0.031027835,-0.08490096,0.3534832,-0.019698324,0.0,0.0,-0.0020433203,0.032827396,0.0,-0.00013162293,1.9286554,0.65199953,-0.0004924692,-0.26594326,-0.011815246,-0.237417,0.06096086,-1.5227704,-0.4185543,-0.008748351,0.0,-0.08179828,11.912147,9.943252
0.2,0.0,0.0,1.0,0.0,0.0,26.0,1.0,42.0,126.0,120.63333333333334,195.0,0.0,0.0,0.0,0.0,0.0,0.0,1.0,0.0,0.0,0.0,0.0,0.0,0.0,0.0,0.0,0.0,1.0,0.0,0.0,0.0,0.0,1.0,6.0,0.0,0.0,0.0,0.0,0.0,1.0,0.0,52.0,10.4,0.0,1.0,0.0,0.0,1.0,117.0,3.0,476.0,476.0,1428.0,-0.03627278,0.21011443,-0.014265203,0.13017903,0.0024626157,-0.0045997193,0.38388842,-0.037558693,-1.062966,0.06602306,0.13992094,-1.236497,-0.270848,-0.074560545,0.04459844,-0.1036841,-0.015986226,0.013995484,-0.0056933933,0.14692223,0.00039516142,0.0,0.08189985,0.0014715933,-0.38368618,0.0,-0.035465,0.0,0.0,-0.45545885,0.024875967,0.10265732,-0.03135834,-0.08280756,0.3691998,-0.016475921,0.0,0.0,-0.0012783139,0.033794098,0.0,-0.00013162293,1.9593391,0.6509754,0.0015729836,-0.22786996,-0.009583603,-0.23353204,0.11501847,-0.60057276,-0.35672167,0.15835282,0.0,-0.0747048,11.912147,11.177227
0.2,0.0,0.0,1.0,0.0,0.0,26.0,1.0,42.0,126.0,120.63333333333334,195.0,0.0,0.0,0.0,0.0,0.0,0.0,1.0,0.0,0.0,0.0,0.0,0.0,0.0,0.0,0.0,0.0,1.0,0.0,0.0,0.0,0.0,1.0,6.0,0.0,0.0,0.0,0.0,0.0,1.0,0.0,52.0,10.4,0.0,1.0,0.0,0.0,0.0,19.0,3.0,112.0,112.0,336.0,-0.049950648,0.19975166,-0.013222358,0.13422799,0.0024460552,-0.001568392,0.42416236,-0.03834976,-1.048499,0.0721856,0.16029052,-1.2548007,-0.2804351,-0.08641407,0.059899945,-0.09972535,-0.015691232,0.015400572,-0.042948827,0.16106646,0.0004365119,0.0,0.09900219,0.0011282635,-0.36976144,0.0,-0.049603473,0.0,0.0,-0.46588776,0.003074099,0.10493842,-0.03060253,-0.0823854,0.35075024,-0.024680857,0.0,0.0,-0.00081455044,0.034131024,0.0,-0.0001795183,1.860169,0.644486,0.003288518,-0.15572475,-0.007948325,-0.22587682,-0.07895533,1.2248985,-0.17062277,0.4080637,0.0,0.15688752,11.912147,13.438183
0.2,0.0,0.0,1.0,0.0,0.0,26.0,1.0,42.0,126.0,120.63333333333334,195.0,0.0,0.0,0.0,0.0,0.0,0.0,1.0,0.0,0.0,0.0,0.0,0.0,0.0,0.0,0.0,0.0,1.0,0.0,0.0,0.0,0.0,1.0,6.0,0.0,0.0,0.0,0.0,0.0,1.0,0.0,52.0,10.4,0.0,1.0,0.0,0.0,0.0,108.0,3.0,182.0,182.0,546.0,-0.033958443,0.20798853,-0.01610151,0.12796636,0.0025199964,-0.004655946,0.37203008,-0.039043467,-1.1058936,0.07258354,0.1380566,-1.2330511,-0.27474892,-0.07773807,0.044618834,-0.10334897,-0.016087055,0.014387629,0.0059767393,0.14674667,0.0004113044,0.0,0.08873539,0.0009942219,-0.3802632,0.0,-0.03985384,0.0,0.0,-0.45037505,0.013930884,0.10305964,-0.03091267,-0.081786685,0.35235658,-0.019179443,0.0,0.0,-0.0032634314,0.032936066,0.0,-0.00020566405,1.9415476,0.61170304,0.001657157,-0.23846683,-0.010704613,-0.23651914,-0.24580541,-0.874497,-0.35818857,-0.20689708,0.0,-0.065065585,11.912147,10.045748
0.1,0.0,0.0,1.0,0.0,0.0,14.0,1.0,42.0,126.0,120.63333333333334,195.0,0.0,0.0,0.0,0.0,0.0,0.0,1.0,0.0,0.0,0.0,0.0,0.0,0.0,0.0,0.0,0.0,1.0,0.0,0.0,0.0,0.0,1.0,8.0,0.0,0.0,0.0,0.0,0.0,1.0,0.0,28.0,2.8000000000000003,0.0,1.0,0.0,0.0,0.0,96.0,3.0,364.0,364.0,1092.0,-0.27409777,0.12951764,-0.017488122,0.020870896,0.0024673713,-0.0047214385,-0.6256734,-0.060929593,-1.112889,-0.5487241,0.12214982,-1.300581,-0.24920338,-0.07901766,0.036925018,-0.10589878,-0.01827993,0.008834407,-0.03643328,0.124229625,0.00043486903,0.0,0.07762468,-3.5704703e-05,-0.3582017,0.0,-0.03764756,0.0,0.0,-1.2863675,0.022090912,0.09603185,-0.030595852,-0.079490125,0.3154329,-0.055160705,0.0,0.0,-0.007903487,0.026576366,0.0,-0.00013162293,1.6166296,-0.7135363,-0.0028791719,-0.20502849,-0.019215142,-0.23821662,-0.14653908,-0.7669684,-0.34614575,-0.00805388,0.0,-0.057040673,11.912147,5.7188683
0.1,0.0,0.0,1.0,0.0,0.0,14.0,1.0,42.0,126.0,120.63333333333334,195.0,0.0,0.0,0.0,0.0,0.0,0.0,1.0,0.0,0.0,0.0,0.0,0.0,0.0,0.0,0.0,0.0,1.0,0.0,0.0,0.0,0.0,1.0,8.0,0.0,0.0,0.0,0.0,0.0,1.0,0.0,28.0,2.8000000000000003,0.0,1.0,0.0,0.0,0.0,94.0,1.2,140.0,140.0,168.0,-0.28899765,0.12940483,-0.019057387,0.023894558,0.002693417,-0.004826614,-0.7256254,-0.043747604,-1.1352017,-0.52064985,0.13728905,-1.3636438,-0.2538305,-0.13785197,0.036182087,-0.107153356,-0.019158931,0.010008267,-0.06593476,0.1239997,0.0004599265,0.0,0.13266918,0.0021176075,-0.35574722,0.0,-0.041883525,0.0,0.0,-1.1283305,0.0038076781,0.10321199,-0.027655257,-0.07929066,0.2864079,-0.07954625,0.0,0.0,-0.0029919078,0.057464033,0.0,-0.00048586002,1.5797198,-0.7110092,0.0021033708,-0.124848954,-0.012677735,-0.19439588,-0.10988127,-0.0046894876,1.7936405,-0.07041887,0.0,0.17693035,11.912147,8.884617
0.1,0.0,0.0,1.0,0.0,0.0,14.0,1.0,42.0,126.0,120.63333333333334,195.0,0.0,0.0,0.0,0.0,0.0,0.0,1.0,0.0,0.0,0.0,0.0,0.0,0.0,0.0,0.0,0.0,1.0,0.0,0.0,0.0,0.0,1.0,8.0,0.0,0.0,0.0,0.0,0.0,1.0,0.0,28.0,2.8000000000000003,0.0,1.0,0.0,0.0,0.0,90.0,1.8,140.0,140.0,252.0,-0.2542875,0.13162747,-0.018826667,0.030847171,0.0024673713,-0.0070722555,-0.7257651,-0.07265897,-1.1197624,-0.49477276,0.15373352,-1.347926,-0.26489863,-0.13699515,0.035536252,-0.104797736,-0.023039931,0.00902793,-0.051364925,0.13347954,0.00048966374,0.0,0.07388698,0.0011394314,-0.34434983,0.0,-0.043243334,0.0,0.0,-1.2760665,0.012008498,0.09865433,-0.029674,-0.08193222,0.3234809,-0.08198154,0.0,0.0,-0.0028591994,0.031732913,0.0,-0.00092842,1.6499436,-0.7587694,0.0024126428,-0.1813081,-0.011399832,-0.21141483,-0.108509295,0.20082214,1.0024587,-0.06762668,0.0,0.12767555,11.912147,8.111338
0.1,0.0,0.0,1.0,0.0,0.0,14.0,1.0,42.0,126.0,120.63333333333334,195.0,0.0,0.0,0.0,0.0,0.0,0.0,1.0,0.0,0.0,0.0,0.0,0.0,0.0,0.0,0.0,0.0,1.0,0.0,0.0,0.0,0.0,1.0,8.0,0.0,0.0,0.0,0.0,0.0,1.0,0.0,28.0,2.8000000000000003,0.0,1.0,0.0,0.0,0.0,92.0,2.4,140.0,140.0,336.0,-0.22772323,0.12497213,-0.018771425,0.041844107,0.0024673713,-0.00400358,-0.745761,-0.0604259,-1.1647838,-0.4590036,0.12941453,-1.3454841,-0.25262403,-0.13898772,0.039623734,-0.10536276,-0.01821076,0.009218801,-0.016909562,0.12345992,0.00039806007,0.0,0.1214999,0.0021176075,-0.3589188,0.0,-0.044651974,0.0,0.0,-1.3404356,0.0010281195,0.100886926,-0.031076403,-0.08079312,0.2801361,-0.082244344,0.0,0.0,-0.0047369236,0.026578046,0.0,-0.00092842,1.5690197,-0.8161796,-0.0029711,-0.14605594,-0.011743302,-0.22950765,-0.10144914,-0.046834126,0.19226326,-0.063453875,0.0,0.20778026,11.912147,6.9648256
0.1,0.0,0.0,1.0,0.0,0.0,14.0,1.0,42.0,126.0,120.63333333333334,195.0,0.0,0.0,0.0,0.0,0.0,0.0,1.0,0.0,0.0,0.0,0.0,0.0,0.0,0.0,0.0,0.0,1.0,0.0,0.0,0.0,0.0,1.0,8.0,0.0,0.0,0.0,0.0,0.0,1.0,0.0,28.0,2.8000000000000003,0.0,1.0,0.0,0.0,0.0,92.0,3.0,140.0,140.0,420.0,-0.23889582,0.12695244,-0.018591475,0.020518096,0.0024673713,-0.004779785,-0.68386984,-0.060819633,-1.1333789,-0.50096345,0.12395272,-1.3567747,-0.25280252,-0.13929348,0.038638946,-0.10595925,-0.018171865,0.0087928055,-0.012018744,0.12417559,0.00039806007,0.0,0.013867213,0.0010438986,-0.3579708,0.0,-0.04488728,0.0,0.0,-1.3422934,0.0009365935,0.09883794,-0.031180019,-0.080663934,0.30326995,-0.072427526,0.0,0.0,-0.003537585,0.026678367,0.0,-0.00045578476,1.5716407,-0.8195401,-0.0010814352,-0.20984158,-0.015027658,-0.2374273,-0.09433828,-0.15385592,-0.36048952,-0.12012502,0.0,-0.07876425,11.912147,5.8240933
0.1,0.0,0.0,1.0,0.0,0.0,14.0,1.0,42.0,126.0,120.63333333333334,195.0,0.0,0.0,0.0,0.0,0.0,0.0,1.0,0.0,0.0,0.0,0.0,0.0,0.0,0.0,0.0,0.0,1.0,0.0,0.0,0.0,0.0,1.0,8.0,0.0,0.0,0.0,0.0,0.0,1.0,0.0,28.0,2.8000000000000003,0.0,1.0,0.0,0.0,0.0,29.0,3.0,280.0,280.0,840.0,-0.28947467,0.12752338,-0.018648531,0.016712122,0.0024673713,-0.0021286933,-0.63668525,-0.07017315,-1.0803419,-0.5473158,0.14261003,-1.3399671,-0.25531882,-0.139614,0.03951714,-0.10641185,-0.018005438,0.009022257,-0.03365539,0.13814346,0.0004277973,0.0,0.10114584,0.0013103795,-0.34659123,0.0,-0.047592334,0.0,0.0,-1.3573192,0.0027131715,0.09890217,-0.029958649,-0.08207548,0.33563054,-0.07625965,0.0,0.0,-0.003537585,0.025198886,0.0,-0.0001795183,1.6813695,-0.82781976,0.0019750835,-0.20217584,-0.013909279,-0.23595707,-0.07670893,0.98437643,-0.22387469,-0.04073532,0.0,-0.03783205,11.912147,7.4809246
0.1,0.0,0.0,1.0,0.0,0.0,14.0,1.0,42.0,126.0,120.63333333333334,195.0,0.0,0.0,0.0,0.0,0.0,0.0,1.0,0.0,0.0,0.0,0.0,0.0,0.0,0.0,0.0,0.0,1.0,0.0,0.0,0.0,0.0,1.0,8.0,0.0,0.0,0.0,0.0,0.0,1.0,0.0,28.0,2.8000000000000003,0.0,1.0,0.0,0.0,1.0,412.0,3.0,392.0,392.0,1176.0,-0.21970302,0.12943715,-0.015001255,0.020619081,0.0024480037,-0.0021442438,-0.7061537,-0.05945651,-1.0619574,-0.5340782,0.12778789,-1.3093642,-0.24536535,-0.07885909,0.04158068,-0.10598548,-0.017718859,0.009562559,-0.05579851,0.12369954,0.0003650559,0.0,0.09932322,0.0015134991,-0.35771054,0.0,-0.035030704,0.0,0.0,-1.2967471,0.028558502,0.09706758,-0.03095991,-0.08489402,0.31216544,-0.077312514,0.0,0.0,-0.0042365673,0.028255641,0.0,-0.00013162293,1.590581,-0.71799713,-0.004624546,-0.15023254,-0.017397707,-0.23011455,0.048814036,0.19636546,-0.3052175,0.08259369,0.0,-0.057513524,11.912147,7.0711794
0.1,0.0,0.0,1.0,0.0,0.0,14.0,1.0,42.0,126.0,120.63333333333334,195.0,0.0,0.0,0.0,0.0,0.0,0.0,1.0,0.0,0.0,0.0,0.0,0.0,0.0,0.0,0.0,0.0,1.0,0.0,0.0,0.0,0.0,1.0,8.0,0.0,0.0,0.0,0.0,0.0,1.0,0.0,28.0,2.8000000000000003,0.0,1.0,0.0,0.0,1.0,204.0,1.8,392.0,392.0,705.6,-0.29375374,0.13048182,-0.015738862,-0.0010448504,0.0024480037,-0.004912509,-0.7020498,-0.061127704,-1.0436127,-0.48313743,0.13374618,-1.3289976,-0.24705255,-0.07643095,0.036011986,-0.10801289,-0.01852871,0.009625561,-0.076221555,0.12639767,0.00038694174,0.0,0.16220495,0.0015212701,-0.35517186,0.0,-0.03465423,0.0,0.0,-1.1549175,0.027874699,0.09165537,-0.029867863,-0.08427744,0.27769542,-0.07230889,0.0,0.0,-0.0021267831,0.052041188,0.0,-0.00021643794,1.5652745,-0.68548447,0.0023733627,-0.12243134,-0.013579995,-0.19371828,0.11652737,-0.3469672,1.580952,0.096498124,0.0,-0.03922088,11.912147,8.730302
0.1,0.0,0.0,1.0,0.0,0.0,14.0,1.0,42.0,126.0,120.63333333333334,195.0,0.0,0.0,0.0,0.0,0.0,0.0,1.0,0.0,0.0,0.0,0.0,0.0,0.0,0.0,0.0,0.0,1.0,0.0,0.0,0.0,0.0,1.0,8.0,0.0,0.0,0.0,0.0,0.0,1.0,0.0,28.0,2.8000000000000003,0.0,1.0,0.0,0.0,1.0,2432.0,3.0,392.0,392.0,1176.0,-0.22193712,0.14093943,-0.015733121,0.022985188,0.0024480037,-0.002361406,-0.71950936,-0.05871947,-1.054605,-0.5196862,0.12183794,-1.3225461,-0.25146186,-0.07910764,0.039345782,-0.11041835,-0.016776301,0.008179088,-0.011410898,0.12240664,0.00040572966,0.0,0.089562416,0.0015134991,-0.359697,0.0,-0.034712642,0.0,0.0,-1.302919,0.010205303,0.09618426,-0.03535413,-0.08424361,0.30561292,-0.0646731,0.0,0.0,-0.0054643126,0.026494006,0.0,-0.00012393983,1.6106566,-0.7044572,-0.004788247,-0.17327529,-0.021817422,-0.2394069,0.055207193,-1.014214,-0.36735573,0.027788611,0.0,-0.05391558,11.912147,5.7432284
0.1,0.0,0.0,1.0,0.0,0.0,14.0,1.0,42.0,126.0,120.63333333333334,195.0,0.0,0.0,0.0,0.0,0.0,0.0,1.0,0.0,0.0,0.0,0.0,0.0,0.0,0.0,0.0,0.0,1.0,0.0,0.0,0.0,0.0,1.0,8.0,0.0,0.0,0.0,0.0,0.0,1.0,0.0,28.0,2.8000000000000003,0.0,1.0,0.0,0.0,1.0,1467.0,3.0,1120.0,1120.0,3360.0,-0.23312423,0.13743216,-0.015456116,0.022873247,0.0024480037,-0.002106458,-0.6981142,-0.059444252,-1.1102151,-0.5511252,0.12675442,-1.3097272,-0.24586287,-0.07836039,0.03952518,-0.10907715,-0.018851662,0.007762467,-0.046604816,0.123282544,0.00039434503,0.0,0.089590825,0.0015134991,-0.35747707,0.0,-0.034533456,0.0,0.0,-1.2474371,0.015748378,0.09719493,-0.030939274,-0.08177412,0.29903573,-0.0730224,0.0,0.0,-0.0033171684,0.027636265,0.0,-0.00013162293,1.6131036,-0.70024765,-0.004690739,-0.15093859,-0.017529583,-0.2333154,0.056188516,-0.1303076,-0.31249458,0.21403322,0.0,-0.059715968,11.912147,6.8707237
0.1,0.0,0.0,1.0,0.0,0.0,14.0,1.0,42.0,126.0,120.63333333333334,195.0,0.0,0.0,0.0,0.0,0.0,0.0,1.0,0.0,0.0,0.0,0.0,0.0,0.0,0.0,0.0,0.0,1.0,0.0,0.0,0.0,0.0,1.0,8.0,0.0,0.0,0.0,0.0,0.0,1.0,0.0,28.0,2.8000000000000003,0.0,1.0,0.0,0.0,1.0,349.0,3.0,476.0,476.0,1428.0,-0.28625667,0.13537107,-0.016073614,0.028477317,0.0024480037,-0.0031911184,-0.65503806,-0.05893566,-1.0520848,-0.5513686,0.122185856,-1.3135043,-0.24645793,-0.07822069,0.03843439,-0.10609377,-0.019976243,0.0077440427,-0.035301533,0.121578395,0.0003702472,0.0,0.07389836,0.0015212701,-0.3585121,0.0,-0.03513643,0.0,0.0,-1.3133429,0.01623252,0.095519185,-0.031149553,-0.081604645,0.30352908,-0.078256235,0.0,0.0,-0.0045668543,0.023970209,0.0,-0.00013162293,1.589859,-0.7396013,-0.004870163,-0.20017831,-0.0182871,-0.23379403,0.047008656,-0.8544523,-0.3998888,-0.024759436,0.0,-0.071458824,11.912147,5.647805
0.1,0.0,0.0,1.0,0.0,0.0,14.0,1.0,42.0,126.0,120.63333333333334,195.0,0.0,0.0,0.0,0.0,0.0,0.0,1.0,0.0,0.0,0.0,0.0,0.0,0.0,0.0,0.0,0.0,1.0,0.0,0.0,0.0,0.0,1.0,8.0,0.0,0.0,0.0,0.0,0.0,1.0,0.0,28.0,2.8000000000000003,1.0,0.0,0.0,0.0,1.0,175.0,3.0,224.0,224.0,672.0,-0.24930604,0.121743314,-0.015847534,0.032814197,0.0024480037,-0.0024931398,-0.6287334,-0.060811188,-1.1626681,-0.4663614,0.11905221,-1.3239954,-0.2529755,-0.07857867,0.040908042,-0.10995935,-0.020413563,0.008614035,-0.032895483,0.12007188,0.00041684363,0.0,0.10190482,0.0024298846,-0.35867196,0.0,-0.037271757,0.0,0.0,-1.2955135,0.031836808,0.097037025,-0.031824064,-0.084633656,0.3066668,-0.06674478,0.0,0.0,-0.0036775458,0.026961796,0.0,-0.00011637042,1.5137378,-0.7356523,0.057744764,0.6420714,-0.023205044,-0.26515648,0.08535981,-0.7336011,-0.30865124,-0.052394927,0.0,-0.03418329,11.912147,6.787631
0.1,0.0,0.0,1.0,0.0,0.0,14.0,1.0,42.0,126.0,120.63333333333334,195.0,0.0,0.0,0.0,0.0,0.0,0.0,1.0,0.0,0.0,0.0,0.0,0.0,0.0,0.0,0.0,0.0,1.0,0.0,0.0,0.0,0.0,1.0,8.0,0.0,0.0,0.0,0.0,0.0,1.0,0.0,28.0,2.8000000000000003,0.0,0.0,1.0,0.0,1.0,125.0,3.0,392.0,392.0,1176.0,-0.25416118,0.12685764,-0.013480693,0.0361528,0.0022901532,-0.002504939,-0.62269855,-0.05995115,-1.1684681,-0.4697888,0.12061315,-1.3202983,-0.25202325,-0.07517425,0.039059777,-0.108585596,-0.0185707,0.008298142,-0.03191094,0.11843174,0.00043759288,0.0,0.076546416,0.003024891,-0.3595549,0.0,-0.0384938,0.0,0.0,-1.3315593,0.018772319,0.09704699,-0.031142492,-0.08108597,0.3025197,-0.061704475,0.0,0.0,-0.0035893847,0.032368325,0.0,-0.000102798294,1.5219628,-0.7032086,0.015029746,0.6923777,0.2905973,-0.2603052,0.091075085,-0.48546708,-0.29559076,0.055500004,0.0,-0.047518708,11.912147,7.464171
0.1,0.0,0.0,1.0,0.0,0.0,14.0,1.0,42.0,126.0,120.63333333333334,195.0,0.0,0.0,0.0,0.0,0.0,0.0,1.0,0.0,0.0,0.0,0.0,0.0,0.0,0.0,0.0,0.0,1.0,0.0,0.0,0.0,0.0,1.0,8.0,0.0,0.0,0.0,0.0,0.0,1.0,0.0,28.0,2.8000000000000003,0.0,0.0,0.0,1.0,1.0,17.0,3.0,364.0,364.0,1092.0,-0.33300793,0.09218016,-0.018617451,0.042235576,0.003214235,-0.0015391359,-0.62841034,-0.064675376,-1.0720131,-0.48889893,0.14234965,-1.3529215,-0.2682189,-0.16881578,0.041322462,-0.092433035,-0.02133403,0.008878207,-0.038519382,0.1399268,0.000521273,0.0,0.17855185,0.0031755005,-0.35024595,0.0,-0.052487552,0.0,0.0,-1.1338006,0.029030705,0.09121168,-0.028007424,-0.08330974,0.3458858,-0.06780277,0.0,0.0,-0.0031127688,0.023257224,0.0,-0.00011351996,1.5321869,-0.89406425,0.004257582,0.27412292,-0.0151594905,1.0940001,0.024997294,-0.24761346,-0.20357461,-0.034968432,0.0,-0.018141113,11.912147,8.301648
0.1,0.0,0.0,1.0,0.0,0.0,14.0,1.0,42.0,126.0,120.63333333333334,195.0,0.0,0.0,0.0,0.0,0.0,0.0,1.0,0.0,0.0,0.0,0.0,0.0,0.0,0.0,0.0,0.0,1.0,0.0,0.0,0.0,0.0,1.0,8.0,0.0,0.0,0.0,0.0,0.0,1.0,0.0,28.0,2.8000000000000003,0.0,0.0,0.0,1.0,1.0,14.0,3.0,364.0,364.0,1092.0,-0.36906707,0.06679429,-0.017236324,0.011190149,0.003214235,-0.0011233974,-0.65578336,-0.06416513,-1.1188474,-0.47219855,0.12550908,-1.3195657,-0.2351606,-0.1196512,0.04747864,-0.082642056,-0.018132407,0.01826676,-0.19417569,0.14338231,0.0056986297,0.0,0.3030764,0.0029534162,-0.34462592,0.0,-0.04729656,0.0,0.0,-1.0421193,0.026273532,0.093102664,-0.028007424,-0.0817272,0.29598674,-0.079532355,0.0,0.0,-0.0031127688,0.03481014,0.0,-0.00011351996,1.4688138,-0.85348314,0.0050372314,0.4856333,-0.014167667,1.1978431,0.023284676,3.2866988,-0.13221635,-0.010533632,0.0,-0.013545527,11.912147,12.23897
0.1,0.0,0.0,1.0,0.0,0.0,14.0,1.0,42.0,126.0,120.63333333333334,195.0,0.0,0.0,0.0,0.0,0.0,0.0,1.0,0.0,0.0,0.0,0.0,0.0,0.0,0.0,0.0,0.0,1.0,0.0,0.0,0.0,0.0,1.0,8.0,0.0,0.0,0.0,0.0,0.0,1.0,0.0,28.0,2.8000000000000003,0.0,0.0,0.0,1.0,1.0,31.0,3.0,364.0,364.0,1092.0,-0.3097104,0.09530416,-0.019171823,0.025185514,0.005197553,-0.0021659597,-0.67888343,-0.06496453,-1.0654534,-0.48028728,0.14711139,-1.3656244,-0.25765517,-0.16649507,0.044040058,-0.09539853,-0.018422993,0.009457979,-0.037261695,0.14298435,0.0005258027,0.0,0.16275269,0.0023877923,-0.347339,0.0,-0.049127612,0.0,0.0,-1.1786925,0.007447119,0.095552154,-0.027916761,-0.083349265,0.3486547,-0.08887202,0.0,0.0,-0.003007761,0.02348781,0.0,-0.00019843625,1.5853231,-0.9356644,0.014852261,0.66510886,-0.016055003,1.377607,0.04251053,1.0162864,-0.18769448,-0.013620026,0.0,-0.020892503,11.912147,10.210003
0.1,0.0,0.0,1.0,0.0,0.0,14.0,1.0,42.0,126.0,120.63333333333334,195.0,0.0,0.0,0.0,0.0,0.0,0.0,1.0,0.0,0.0,0.0,0.0,0.0,0.0,0.0,0.0,0.0,1.0,0.0,0.0,0.0,0.0,1.0,8.0,0.0,0.0,0.0,0.0,0.0,1.0,0.0,28.0,2.8000000000000003,0.0,1.0,0.0,0.0,1.0,194.0,3.0,392.0,392.0,1176.0,-0.29009786,0.12881613,-0.01725951,0.022424495,0.0024480037,-0.0061074714,-0.6637277,-0.059545565,-1.0483634,-0.51164746,0.12203827,-1.3198733,-0.24771878,-0.07990823,0.037935983,-0.106512286,-0.022534901,0.008543447,0.010551026,0.1225866,0.00039861162,0.0,0.12413019,0.0015212701,-0.35800353,0.0,-0.03586206,0.0,0.0,-1.3132342,0.021900587,0.09332332,-0.0308031,-0.084286004,0.30421498,-0.066036075,0.0,0.0,-0.005070169,0.026656292,0.0,-0.00013162293,1.5997347,-0.7374278,-0.006678647,-0.23206325,-0.021970872,-0.23915811,0.036273587,-1.4744487,-0.41150826,-0.0058068344,0.0,-0.0949033,11.912147,5.0849566
0.1,0.0,0.0,1.0,0.0,0.0,14.0,1.0,42.0,126.0,120.63333333333334,195.0,0.0,0.0,0.0,0.0,0.0,0.0,1.0,0.0,0.0,0.0,0.0,0.0,0.0,0.0,0.0,0.0,1.0,0.0,0.0,0.0,0.0,1.0,8.0,0.0,0.0,0.0,0.0,0.0,1.0,0.0,28.0,2.8000000000000003,0.0,1.0,0.0,0.0,1.0,117.0,3.0,476.0,476.0,1428.0,-0.26854986,0.13063373,-0.016453916,0.024811389,0.0024480037,-0.004723915,-0.6572047,-0.058720406,-1.0554955,-0.5618289,0.12215251,-1.3109215,-0.24581976,-0.07816139,0.03686593,-0.1063759,-0.018987725,0.0074835247,-0.03777698,0.12249465,0.00038191708,0.0,0.08423292,0.0015212701,-0.35807848,0.0,-0.036372826,0.0,0.0,-1.2937135,0.014877921,0.093369596,-0.031083334,-0.0798801,0.30963534,-0.06281367,0.0,0.0,-0.004305162,0.026809515,0.0,-0.00013162293,1.603807,-0.73096424,-0.0037872817,-0.20135741,-0.02022127,-0.23573682,0.088472165,-0.52938765,-0.35397765,0.13195431,0.0,-0.081179574,11.912147,6.2700896
0.1,0.0,0.0,1.0,0.0,0.0,14.0,1.0,42.0,126.0,120.63333333333334,195.0,0.0,0.0,0.0,0.0,0.0,0.0,1.0,0.0,0.0,0.0,0.0,0.0,0.0,0.0,0.0,0.0,1.0,0.0,0.0,0.0,0.0,1.0,8.0,0.0,0.0,0.0,0.0,0.0,1.0,0.0,28.0,2.8000000000000003,0.0,1.0,0.0,0.0,0.0,19.0,3.0,112.0,112.0,336.0,-0.26392034,0.07531062,-0.016657714,0.048582025,0.00239343,-0.0016965066,-0.61636615,-0.06976094,-1.0272568,-0.48740247,0.14445065,-1.3481395,-0.25543135,-0.13796557,0.03996988,-0.10184598,-0.018112969,0.008860885,-0.060625225,0.13598593,0.0004232676,0.0,0.04072289,0.0012317192,-0.3468038,0.0,-0.047225717,0.0,0.0,-1.2553622,0.0035918732,0.1017727,-0.029939463,-0.08124247,0.33414128,-0.085230194,0.0,0.0,-0.002082245,0.025009504,0.0,-0.0001795183,1.6021587,-0.7110393,0.0025346105,-0.1302499,-0.01356512,-0.21136075,-0.058710776,1.2783245,-0.20312098,0.4457602,0.0,0.18067776,11.912147,8.802748
0.1,0.0,0.0,1.0,0.0,0.0,14.0,1.0,42.0,126.0,120.63333333333334,195.0,0.0,0.0,0.0,0.0,0.0,0.0,1.0,0.0,0.0,0.0,0.0,0.0,0.0,0.0,0.0,0.0,1.0,0.0,0.0,0.0,0.0,1.0,8.0,0.0,0.0,0.0,0.0,0.0,1.0,0.0,28.0,2.8000000000000003,0.0,1.0,0.0,0.0,0.0,108.0,3.0,182.0,182.0,546.0,-0.23938565,0.12851068,-0.018276613,0.021063672,0.0024673713,-0.0047801416,-0.6284225,-0.060331985,-1.1043677,-0.55689603,0.120444596,-1.3068141,-0.24925408,-0.07928389,0.03683127,-0.10681883,-0.018804228,0.008196192,-0.020658955,0.123060666,0.00039806007,0.0,0.03841068,0.0010438986,-0.3565512,0.0,-0.03712019,0.0,0.0,-1.2821794,0.013978808,0.096759886,-0.030749416,-0.079565935,0.31315786,-0.055175256,0.0,0.0,-0.007695446,0.026678367,0.0,-0.00020566405,1.6156838,-0.7108956,-0.0011000675,-0.20855214,-0.019171638,-0.238088,-0.1735689,-0.77401924,-0.3506828,-0.20964955,0.0,-0.07539431,11.912147,5.454376
0.4,1.0,0.0,0.0,0.0,0.0,84.0,1.0,49.0,56.0,120.63333333333334,31.0,0.0,0.0,0.0,0.0,0.0,0.0,0.0,0.0,1.0,0.0,0.0,0.0,0.0,0.0,0.0,0.0,0.0,1.0,0.0,0.0,0.0,1.0,7.0,1.0,0.0,0.0,0.0,0.0,0.0,0.0,84.0,33.6,0.0,1.0,0.0,0.0,0.0,96.0,3.0,364.0,364.0,1092.0,1.5520878,-0.057445005,-0.013022625,-0.02850838,0.007014873,-0.0021574227,1.0832299,-0.038559664,2.1017113,2.5261688,0.20734973,-0.6425905,-0.19873871,-0.084355,0.03400095,-0.10094727,-0.014027344,0.016082335,0.00036259388,0.7288227,-0.0043313694,0.0,0.07356711,0.0011244622,-0.21459068,0.0,-0.039849207,0.0,0.0,0.37868157,0.00437526,0.07354797,-0.0382068,-0.06886913,1.1227273,0.019666117,0.0,0.0,-0.00368737,0.032937758,0.0,-0.00027000732,1.3556385,0.45391524,0.004403953,-0.25302818,-0.018496573,-0.21973011,-0.20139997,-0.81843615,-0.36266598,-0.03532061,0.0,-0.038422212,11.912147,20.191898
0.4,1.0,0.0,0.0,0.0,0.0,84.0,1.0,49.0,56.0,120.63333333333334,31.0,0.0,0.0,0.0,0.0,0.0,0.0,0.0,0.0,1.0,0.0,0.0,0.0,0.0,0.0,0.0,0.0,0.0,1.0,0.0,0.0,0.0,1.0,7.0,1.0,0.0,0.0,0.0,0.0,0.0,0.0,84.0,33.6,0.0,1.0,0.0,0.0,0.0,94.0,1.2,140.0,140.0,168.0,1.5113462,-0.044882357,-0.011776602,-0.04054578,0.008326027,-0.0035183069,1.1028033,-0.038075637,2.1408985,2.595093,0.22613667,-0.64307106,-0.20184195,-0.09561095,0.04867228,-0.09961881,-0.014039329,0.017169427,0.0014105096,0.7640417,-0.0097259125,0.0,0.111230664,0.0019151503,-0.2193972,0.0,-0.04378675,0.0,0.0,0.35253438,-0.028784452,0.079508446,-0.035400957,-0.068488695,1.0770813,0.024854718,0.0,0.0,-0.0014769654,0.07232195,0.0,-0.0006242444,1.3251466,0.4368294,0.0036914884,-0.1325099,-0.01066943,-0.18223976,-0.124610715,0.109817915,1.6320904,-0.07516985,0.0,0.1701112,11.912147,23.599312
0.4,1.0,0.0,0.0,0.0,0.0,84.0,1.0,49.0,56.0,120.63333333333334,31.0,0.0,0.0,0.0,0.0,0.0,0.0,0.0,0.0,1.0,0.0,0.0,0.0,0.0,0.0,0.0,0.0,0.0,1.0,0.0,0.0,0.0,1.0,7.0,1.0,0.0,0.0,0.0,0.0,0.0,0.0,84.0,33.6,0.0,1.0,0.0,0.0,0.0,90.0,1.8,140.0,140.0,252.0,1.5290912,-0.044735234,-0.011583805,-0.037100527,0.007014873,-0.0040618056,1.076588,-0.040380225,2.023029,2.6143007,0.22458951,-0.6334836,-0.20298916,-0.093455456,0.047900666,-0.09992166,-0.014305245,0.016854348,0.0010890345,0.7662364,-0.010657653,0.0,0.10286734,0.0014655798,-0.21912922,0.0,-0.04416145,0.0,0.0,0.36284745,-0.008716349,0.07793681,-0.037535142,-0.070295565,1.0936241,0.0265957,0.0,0.0,-0.000963514,0.04137434,0.0,-0.0024556564,1.4539759,0.3883747,0.0038064285,-0.1498343,-0.010289526,-0.19281009,-0.12359193,0.2276572,1.0772084,-0.07707414,0.0,0.14361091,11.912147,23.090645
0.4,1.0,0.0,0.0,0.0,0.0,84.0,1.0,49.0,56.0,120.63333333333334,31.0,0.0,0.0,0.0,0.0,0.0,0.0,0.0,0.0,1.0,0.0,0.0,0.0,0.0,0.0,0.0,0.0,0.0,1.0,0.0,0.0,0.0,1.0,7.0,1.0,0.0,0.0,0.0,0.0,0.0,0.0,84.0,33.6,0.0,1.0,0.0,0.0,0.0,92.0,2.4,140.0,140.0,336.0,1.5169785,-0.044954818,-0.013074547,-0.03704271,0.007014873,-0.0028967895,1.0869083,-0.037325684,2.1729252,2.5678334,0.22134237,-0.65907186,-0.20102216,-0.09590407,0.043281473,-0.100706115,-0.014028771,0.016971735,1.7574712e-06,0.7522944,-0.0036350873,0.0,0.105427876,0.0019151503,-0.22487345,0.0,-0.0455543,0.0,0.0,0.37092757,-0.007088662,0.07536838,-0.038680736,-0.06920672,1.0742302,0.026009565,0.0,0.0,-0.0012269032,0.033026032,0.0,-0.0024556564,1.3335077,0.5261721,0.0038693147,-0.15867415,-0.010516659,-0.20354916,-0.11026724,-0.0047396244,0.3582582,-0.08703243,0.0,0.16980974,11.912147,22.202686
0.4,1.0,0.0,0.0,0.0,0.0,84.0,1.0,49.0,56.0,120.63333333333334,31.0,0.0,0.0,0.0,0.0,0.0,0.0,0.0,0.0,1.0,0.0,0.0,0.0,0.0,0.0,0.0,0.0,0.0,1.0,0.0,0.0,0.0,1.0,7.0,1.0,0.0,0.0,0.0,0.0,0.0,0.0,84.0,33.6,0.0,1.0,0.0,0.0,0.0,92.0,3.0,140.0,140.0,420.0,1.5045921,-0.046245728,-0.012983468,-0.026706813,0.007014873,-0.002215769,0.95257455,-0.03773779,2.1834683,2.561556,0.21647483,-0.6236822,-0.20120062,-0.09642363,0.042434786,-0.10156046,-0.0140266055,0.015375515,-0.00020533238,0.7331016,-0.0036350873,0.0,0.086069986,0.0014199227,-0.22492668,0.0,-0.04553001,0.0,0.0,0.37223786,-0.004626694,0.0750618,-0.03870413,-0.06919078,1.0965261,0.027678313,0.0,0.0,-0.0010859871,0.033126354,0.0,-0.0019830212,1.3534204,0.5189329,0.0038500223,-0.23148404,-0.01785659,-0.2184012,-0.113872,-0.077028885,-0.36346555,-0.13076825,0.0,-0.008046892,11.912147,20.983456
0.4,1.0,0.0,0.0,0.0,0.0,84.0,1.0,49.0,56.0,120.63333333333334,31.0,0.0,0.0,0.0,0.0,0.0,0.0,0.0,0.0,1.0,0.0,0.0,0.0,0.0,0.0,0.0,0.0,0.0,1.0,0.0,0.0,0.0,1.0,7.0,1.0,0.0,0.0,0.0,0.0,0.0,0.0,84.0,33.6,0.0,1.0,0.0,0.0,0.0,29.0,3.0,280.0,280.0,840.0,1.5942181,-0.04343748,-0.01291245,-0.023392264,0.007014873,-0.0015368073,0.9327527,-0.03774541,1.9960891,2.5740614,0.21753338,-0.6091012,-0.20212893,-0.09126497,0.045066554,-0.101697706,-0.013615577,0.015777854,0.00057856954,0.74685884,-0.0045668283,0.0,0.09997455,0.0017067499,-0.22651584,0.0,-0.048199937,0.0,0.0,0.3846466,-0.0028726594,0.07582571,-0.03784703,-0.07072475,1.1051435,0.02954401,0.0,0.0,-0.0010859871,0.03164748,0.0,-0.0003179027,1.4234885,0.4598624,0.0030142234,-0.19281289,-0.01435244,-0.21263707,-0.099328116,0.9042492,-0.25957447,-0.03293785,0.0,0.011072394,11.912147,22.231646
0.4,1.0,0.0,0.0,0.0,0.0,84.0,1.0,49.0,56.0,120.63333333333334,31.0,0.0,0.0,0.0,0.0,0.0,0.0,0.0,0.0,1.0,0.0,0.0,0.0,0.0,0.0,0.0,0.0,0.0,1.0,0.0,0.0,0.0,1.0,7.0,1.0,0.0,0.0,0.0,0.0,0.0,0.0,84.0,33.6,0.0,1.0,0.0,0.0,1.0,412.0,3.0,392.0,392.0,1176.0,1.5549284,-0.053331565,-0.012198145,-0.037780516,0.0069574923,-0.0016392793,1.0756181,-0.037390754,2.1437156,2.5439992,0.21304166,-0.6640947,-0.19049859,-0.083548784,0.040004928,-0.10148031,-0.013425865,0.01643991,0.0007841323,0.7290966,0.0011362031,0.0,0.08037546,0.0018938762,-0.22624587,0.0,-0.0375924,0.0,0.0,0.38297516,0.026125714,0.0754929,-0.038425975,-0.07252972,1.1119198,0.022054968,0.0,0.0,-0.0012157923,0.03484224,0.0,-0.00027000732,1.3513653,0.46090946,0.009497553,-0.1883721,-0.015119026,-0.21003525,0.08029651,0.266319,-0.3087266,0.08984598,0.0,-0.081870496,11.912147,21.85599
0.4,1.0,0.0,0.0,0.0,0.0,84.0,1.0,49.0,56.0,120.63333333333334,31.0,0.0,0.0,0.0,0.0,0.0,0.0,0.0,0.0,1.0,0.0,0.0,0.0,0.0,0.0,0.0,0.0,0.0,1.0,0.0,0.0,0.0,1.0,7.0,1.0,0.0,0.0,0.0,0.0,0.0,0.0,84.0,33.6,0.0,1.0,0.0,0.0,1.0,204.0,1.8,392.0,392.0,705.6,1.5124162,-0.047164924,-0.011504678,-0.05025468,0.0069574923,-0.0036973096,1.2562195,-0.039673347,2.0818527,2.572027,0.2181155,-0.61405504,-0.19449042,-0.0827799,0.04195938,-0.100281335,-0.013879403,0.01685463,0.0013734804,0.75335854,-0.00034100574,0.0,0.09554797,0.0018972941,-0.21102674,0.0,-0.038020436,0.0,0.0,0.36685634,-0.0017921427,0.07996638,-0.037356794,-0.07173753,1.0852699,0.01945055,0.0,0.0,-0.0009851514,0.060275063,0.0,-0.00035482235,1.3093294,0.39867225,0.00993191,-0.14219464,-0.010113942,-0.18158117,0.13203421,-0.37170136,1.4565187,0.10797555,0.0,0.012179973,11.912147,23.2842
0.4,1.0,0.0,0.0,0.0,0.0,84.0,1.0,49.0,56.0,120.63333333333334,31.0,0.0,0.0,0.0,0.0,0.0,0.0,0.0,0.0,1.0,0.0,0.0,0.0,0.0,0.0,0.0,0.0,0.0,1.0,0.0,0.0,0.0,1.0,7.0,1.0,0.0,0.0,0.0,0.0,0.0,0.0,84.0,33.6,0.0,1.0,0.0,0.0,1.0,2432.0,3.0,392.0,392.0,1176.0,1.5670214,-0.06369058,-0.014216493,-0.04778872,0.0069574923,-0.0017710933,1.0675565,-0.036569327,2.1441696,2.5633523,0.20709789,-0.66810197,-0.19066045,-0.08490672,0.036300786,-0.102866456,-0.013287173,0.014436571,-0.0009961749,0.7274173,-0.0011874118,0.0,0.06436296,0.0018938762,-0.22528343,0.0,-0.03703782,0.0,0.0,0.39576316,0.028249286,0.075016126,-0.038704775,-0.0717059,1.1248739,0.01977567,0.0,0.0,-0.0015765717,0.03267827,0.0,-0.00026232423,1.3855717,0.4569933,0.009558346,-0.22562866,-0.019825641,-0.21992557,0.08303185,-0.9025003,-0.37549496,0.015037951,0.0,-0.08049158,11.912147,20.51478
0.4,1.0,0.0,0.0,0.0,0.0,84.0,1.0,49.0,56.0,120.63333333333334,31.0,0.0,0.0,0.0,0.0,0.0,0.0,0.0,0.0,1.0,0.0,0.0,0.0,0.0,0.0,0.0,0.0,0.0,1.0,0.0,0.0,0.0,1.0,7.0,1.0,0.0,0.0,0.0,0.0,0.0,0.0,84.0,33.6,0.0,1.0,0.0,0.0,1.0,1467.0,3.0,1120.0,1120.0,3360.0,1.5554321,-0.07107644,-0.012518797,-0.040651977,0.0069574923,-0.0016038163,1.0738614,-0.0371787,2.1407049,2.551508,0.21251571,-0.65826017,-0.18982606,-0.08331087,0.03665754,-0.10152656,-0.013935269,0.015252055,0.0007828601,0.72833014,-0.0012929761,0.0,0.07224221,0.0018938762,-0.22450395,0.0,-0.03320311,0.0,0.0,0.38090935,0.021282552,0.07962567,-0.038577132,-0.071029626,1.1483502,0.0199964,0.0,0.0,-0.0011022445,0.032888472,0.0,-0.00027000732,1.3747915,0.45346802,0.004206525,-0.18473282,-0.015730413,-0.21206523,0.08001009,-0.0803667,-0.3130113,0.15093237,0.0,-0.0844081,11.912147,21.584558
0.4,1.0,0.0,0.0,0.0,0.0,84.0,1.0,49.0,56.0,120.63333333333334,31.0,0.0,0.0,0.0,0.0,0.0,0.0,0.0,0.0,1.0,0.0,0.0,0.0,0.0,0.0,0.0,0.0,0.0,1.0,0.0,0.0,0.0,1.0,7.0,1.0,0.0,0.0,0.0,0.0,0.0,0.0,84.0,33.6,0.0,1.0,0.0,0.0,1.0,349.0,3.0,476.0,476.0,1428.0,1.5336494,-0.056713976,-0.012330646,-0.042373896,0.0069574923,-0.0023205155,1.0635223,-0.03663011,2.1560476,2.54112,0.20737563,-0.67159975,-0.19024168,-0.08318688,0.035573304,-0.10163572,-0.014629738,0.015248433,-0.00085772807,0.7263731,0.00092758826,0.0,0.066088565,0.0018972941,-0.22706075,0.0,-0.03403611,0.0,0.0,0.3855375,0.021853086,0.076013565,-0.03867151,-0.07102812,1.12578,0.02286387,0.0,0.0,-0.0015460795,0.03139544,0.0,-0.00027000732,1.3762836,0.4646176,0.003913058,-0.23699285,-0.0154651785,-0.21269211,0.06915401,-0.8427568,-0.39150757,-0.03841007,0.0,-0.09520175,11.912147,20.42617
0.4,1.0,0.0,0.0,0.0,0.0,84.0,1.0,49.0,56.0,120.63333333333334,31.0,0.0,0.0,0.0,0.0,0.0,0.0,0.0,0.0,1.0,0.0,0.0,0.0,0.0,0.0,0.0,0.0,0.0,1.0,0.0,0.0,0.0,1.0,7.0,1.0,0.0,0.0,0.0,0.0,0.0,0.0,84.0,33.6,1.0,0.0,0.0,0.0,1.0,175.0,3.0,224.0,224.0,672.0,1.5417026,-0.036549084,-0.012192201,-0.068306,0.0069574923,-0.0018100736,1.1040283,-0.038826693,2.235622,2.546907,0.21144168,-0.7257185,-0.19490927,-0.082743645,0.03764474,-0.10005384,-0.015590928,0.014855774,5.9298363e-05,0.72893274,-0.0041056904,0.0,0.08648625,0.0060973107,-0.21850823,0.0,-0.03939447,0.0,0.0,0.37844074,0.027644288,0.074213505,-0.039045513,-0.0723146,1.1142962,0.02594711,0.0,0.0,-0.00146137,0.034358133,0.0,-0.00017082467,1.349638,0.49202803,-0.037082653,0.7058788,-0.019190567,-0.24492167,0.103374876,-0.8021913,-0.30063194,-0.04286982,0.0,0.0032701432,11.912147,21.643387
0.4,1.0,0.0,0.0,0.0,0.0,84.0,1.0,49.0,56.0,120.63333333333334,31.0,0.0,0.0,0.0,0.0,0.0,0.0,0.0,0.0,1.0,0.0,0.0,0.0,0.0,0.0,0.0,0.0,0.0,1.0,0.0,0.0,0.0,1.0,7.0,1.0,0.0,0.0,0.0,0.0,0.0,0.0,84.0,33.6,0.0,0.0,1.0,0.0,1.0,125.0,3.0,392.0,392.0,1176.0,1.5314152,-0.04049203,-0.011502334,-0.06835896,0.006799642,-0.001821873,1.0520564,-0.038136594,2.237238,2.544714,0.21311086,-0.72385144,-0.19448027,-0.0810549,0.035941996,-0.09871608,-0.014326048,0.0142687615,0.00028666286,0.72719353,-0.0043681506,0.0,0.07893547,0.0063277627,-0.23106246,0.0,-0.040311884,0.0,0.0,0.3800176,0.014579803,0.0745979,-0.038614184,-0.07074187,1.1125637,0.028309422,0.0,0.0,-0.001373209,0.038211703,0.0,-0.00015725255,1.3825341,0.4745802,0.023051802,0.7782374,0.24595141,-0.23522182,0.11539293,-0.5959234,-0.26581773,0.05049181,0.0,-0.07180156,11.912147,22.250816
0.4,1.0,0.0,0.0,0.0,0.0,84.0,1.0,49.0,56.0,120.63333333333334,31.0,0.0,0.0,0.0,0.0,0.0,0.0,0.0,0.0,1.0,0.0,0.0,0.0,0.0,0.0,0.0,0.0,0.0,1.0,0.0,0.0,0.0,1.0,7.0,1.0,0.0,0.0,0.0,0.0,0.0,0.0,84.0,33.6,0.0,0.0,0.0,1.0,1.0,17.0,3.0,364.0,364.0,1092.0,1.5642755,-0.021866973,-0.015070205,-0.06101432,0.007723724,-0.0012407954,0.83247566,-0.032198347,1.9320079,2.5402071,0.2221242,-0.6288427,-0.19499908,-0.09083749,0.046019852,-0.089022435,-0.016380528,0.01453528,0.0008066099,0.7460768,-0.008695688,0.0,0.14663757,0.008958824,-0.23169008,0.0,-0.054182813,0.0,0.0,0.36450896,0.008194979,0.07457907,-0.036195375,-0.071744494,1.2060047,0.026409686,0.0,0.0,-0.00058630464,0.02922123,0.0,-0.00016797423,1.4329966,0.47255477,0.0074490225,0.43074775,-0.011784227,1.1340835,0.04378593,-0.41520783,-0.1870774,-0.03673876,0.0,-0.010092379,11.912147,22.98889
0.4,1.0,0.0,0.0,0.0,0.0,84.0,1.0,49.0,56.0,120.63333333333334,31.0,0.0,0.0,0.0,0.0,0.0,0.0,0.0,0.0,1.0,0.0,0.0,0.0,0.0,0.0,0.0,0.0,0.0,1.0,0.0,0.0,0.0,1.0,7.0,1.0,0.0,0.0,0.0,0.0,0.0,0.0,84.0,33.6,0.0,0.0,0.0,1.0,1.0,14.0,3.0,364.0,364.0,1092.0,1.3956709,-0.022005975,-0.014622765,-0.05169042,0.007723724,-0.0012404713,0.74426115,-0.031688098,2.0502515,2.5403347,0.21596847,-0.6190722,-0.1657679,-0.061383583,0.06175891,-0.086188026,-0.0140928095,0.016687421,0.011987592,0.7616222,-0.12600482,0.0,0.20074598,0.0066344766,-0.2026086,0.0,-0.048869926,0.0,0.0,0.3606481,0.009699902,0.06967932,-0.036195375,-0.070161946,1.1567786,0.02710909,0.0,0.0,-0.00058630464,0.100442894,0.0,-0.00016797423,1.5564966,0.7275565,0.0072798287,0.6765998,-0.01151008,1.1517652,0.043811105,3.481989,-0.13827002,0.0006987406,0.0,-0.019011216,11.912147,27.575197
0.4,1.0,0.0,0.0,0.0,0.0,84.0,1.0,49.0,56.0,120.63333333333334,31.0,0.0,0.0,0.0,0.0,0.0,0.0,0.0,0.0,1.0,0.0,0.0,0.0,0.0,0.0,0.0,0.0,0.0,1.0,0.0,0.0,0.0,1.0,7.0,1.0,0.0,0.0,0.0,0.0,0.0,0.0,84.0,33.6,0.0,0.0,0.0,1.0,1.0,31.0,3.0,364.0,364.0,1092.0,1.572425,-0.026059993,-0.01305386,-0.06131802,0.009707042,-0.001474514,0.83327216,-0.032135222,1.954319,2.5133092,0.23135523,-0.6033996,-0.19268283,-0.09134201,0.04630558,-0.08734047,-0.014014999,0.015916932,0.000746032,0.7465816,-0.008922812,0.0,0.15517695,0.006137407,-0.23129517,0.0,-0.051043347,0.0,0.0,0.36513063,0.0009983464,0.077347375,-0.03590928,-0.07178402,1.2154711,0.032822233,0.0,0.0,-0.0005574311,0.032658555,0.0,-0.0005001456,1.4635707,0.5306641,0.017737525,0.76027876,-0.012459017,1.3292176,0.059751213,0.98118985,-0.17008355,0.004406836,0.0,0.00013561481,11.912147,25.163395
0.4,1.0,0.0,0.0,0.0,0.0,84.0,1.0,49.0,56.0,120.63333333333334,31.0,0.0,0.0,0.0,0.0,0.0,0.0,0.0,0.0,1.0,0.0,0.0,0.0,0.0,0.0,0.0,0.0,0.0,1.0,0.0,0.0,0.0,1.0,7.0,1.0,0.0,0.0,0.0,0.0,0.0,0.0,84.0,33.6,0.0,1.0,0.0,0.0,1.0,194.0,3.0,392.0,392.0,1176.0,1.5422733,-0.06105133,-0.014000785,-0.038069956,0.0069574923,-0.0031778167,1.0659893,-0.03779509,2.110092,2.5359282,0.20717144,-0.6085427,-0.19620521,-0.08517934,0.035011917,-0.10200712,-0.017603556,0.014801754,-0.00440818,0.7273755,-0.0028185216,0.0,0.07608941,0.0018972941,-0.22653887,0.0,-0.03811419,0.0,0.0,0.38556352,0.02047452,0.0763522,-0.03827479,-0.07194743,1.1054978,0.021336887,0.0,0.0,-0.0020493933,0.03290101,0.0,-0.00027000732,1.3743896,0.46309122,0.0072127962,-0.27069455,-0.019703258,-0.21912855,0.06845445,-1.4709072,-0.40871415,-0.0062376573,0.0,-0.11771923,11.912147,19.729845
0.4,1.0,0.0,0.0,0.0,0.0,84.0,1.0,49.0,56.0,120.63333333333334,31.0,0.0,0.0,0.0,0.0,0.0,0.0,0.0,0.0,1.0,0.0,0.0,0.0,0.0,0.0,0.0,0.0,0.0,1.0,0.0,0.0,0.0,1.0,7.0,1.0,0.0,0.0,0.0,0.0,0.0,0.0,84.0,33.6,0.0,1.0,0.0,0.0,1.0,117.0,3.0,476.0,476.0,1428.0,1.5293154,-0.058278166,-0.012085834,-0.04758557,0.0069574923,-0.0021598986,1.0462761,-0.03738234,2.1349323,2.5166018,0.20756145,-0.6421016,-0.19406815,-0.08188156,0.033997297,-0.10158454,-0.014271047,0.01410012,0.00026206515,0.72729003,-0.0015499274,0.0,0.07851533,0.0018972941,-0.2265287,0.0,-0.03492803,0.0,0.0,0.3797017,0.020413222,0.07521784,-0.03860529,-0.07004601,1.1314245,0.019872159,0.0,0.0,-0.0014887344,0.033294696,0.0,-0.00027000732,1.3684431,0.45573735,0.0040644007,-0.24231778,-0.016853457,-0.21563603,0.11277378,-0.6114815,-0.36138353,0.13944025,0.0,-0.10257695,11.912147,20.835165
0.4,1.0,0.0,0.0,0.0,0.0,84.0,1.0,49.0,56.0,120.63333333333334,31.0,0.0,0.0,0.0,0.0,0.0,0.0,0.0,0.0,1.0,0.0,0.0,0.0,0.0,0.0,0.0,0.0,0.0,1.0,0.0,0.0,0.0,1.0,7.0,1.0,0.0,0.0,0.0,0.0,0.0,0.0,84.0,33.6,0.0,1.0,0.0,0.0,0.0,19.0,3.0,112.0,112.0,336.0,1.5816494,-0.044809494,-0.012653611,-0.023849437,0.006940932,-0.0013416377,0.93454844,-0.03735375,1.9723082,2.5963457,0.2108903,-0.6239074,-0.2018296,-0.091040775,0.045441616,-0.10039908,-0.013906292,0.016369049,0.0014613881,0.74663717,-0.004339705,0.0,0.09433802,0.0015539643,-0.2223404,0.0,-0.047363553,0.0,0.0,0.38377878,-0.0054615224,0.07771402,-0.03780357,-0.06967999,1.0952636,0.028246395,0.0,0.0,-0.0008810451,0.034431893,0.0,-0.0003179027,1.4431838,0.45577884,0.0038384963,-0.16521409,-0.013813222,-0.20353962,-0.07809941,1.1029822,-0.21239701,0.4444762,0.0,0.17256793,11.912147,23.150545
0.4,1.0,0.0,0.0,0.0,0.0,84.0,1.0,49.0,56.0,120.63333333333334,31.0,0.0,0.0,0.0,0.0,0.0,0.0,0.0,0.0,1.0,0.0,0.0,0.0,0.0,0.0,0.0,0.0,0.0,1.0,0.0,0.0,0.0,1.0,7.0,1.0,0.0,0.0,0.0,0.0,0.0,0.0,84.0,33.6,0.0,1.0,0.0,0.0,0.0,108.0,3.0,182.0,182.0,546.0,1.554675,-0.04697351,-0.013337952,-0.032114673,0.007014873,-0.0022161256,1.0861572,-0.039260153,2.1016302,2.5473242,0.20572168,-0.57874525,-0.19862111,-0.08543988,0.033962257,-0.1013171,-0.015267688,0.014732871,-0.00033750123,0.72798175,-0.0036350873,0.0,0.07934333,0.0014199227,-0.21294016,0.0,-0.039428044,0.0,0.0,0.3780534,0.002004122,0.07489911,-0.03797676,-0.06906857,1.1275008,0.019685522,0.0,0.0,-0.0034793292,0.033126354,0.0,-0.00034404846,1.3554361,0.4507694,0.004809827,-0.24504037,-0.018576369,-0.21854827,-0.22068222,-0.85640275,-0.3707742,-0.17452015,0.0,-0.010192424,11.912147,20.123152
0.1,0.0,0.0,1.0,0.0,0.0,56.0,1.0,28.0,119.0,120.63333333333334,34.0,0.0,1.0,0.0,0.0,0.0,0.0,0.0,0.0,0.0,0.0,0.0,0.0,0.0,0.0,0.0,0.0,0.0,1.0,0.0,1.0,0.0,0.0,6.0,1.0,0.0,0.0,0.0,0.0,0.0,0.0,112.0,11.2,0.0,1.0,0.0,0.0,0.0,96.0,3.0,364.0,364.0,1092.0,-0.33607516,0.09143525,-0.016851462,0.12471991,0.0028840313,-0.0047840327,-0.19402587,-0.0348753,-1.5431541,-0.9605892,0.1120377,-1.8248572,-0.29713538,0.17481686,0.03792493,-0.101827204,-0.02407676,0.012842557,0.0010301961,0.12781875,0.00071613776,0.0,0.023553152,-5.3192027e-05,-0.39370963,0.0,-0.05071935,0.0,0.0,0.13935255,-0.0052858163,-2.2093468,-0.060529947,0.06504803,-0.11229351,0.019627122,0.0,0.0,-0.0037107046,0.018934831,0.0,-0.00013162293,1.0340927,0.115206316,0.0030576137,-0.24147037,-0.012871158,-0.20695738,-0.21472429,-0.87663263,-0.33562738,-0.010550574,0.0,-0.05716539,11.912147,3.8872101
0.1,0.0,0.0,1.0,0.0,0.0,56.0,1.0,28.0,119.0,120.63333333333334,34.0,0.0,1.0,0.0,0.0,0.0,0.0,0.0,0.0,0.0,0.0,0.0,0.0,0.0,0.0,0.0,0.0,0.0,1.0,0.0,1.0,0.0,0.0,6.0,1.0,0.0,0.0,0.0,0.0,0.0,0.0,112.0,11.2,0.0,1.0,0.0,0.0,0.0,94.0,1.2,140.0,140.0,168.0,-0.42743003,0.08824834,-0.016754163,0.14395162,0.0041951854,-0.0055176215,-0.21957166,-0.034941122,-1.592,-0.8838159,0.12428294,-1.8190236,-0.30210546,0.19452381,0.048180487,-0.10033304,-0.024306715,0.014806957,0.0022660824,0.12817562,0.00060393364,0.0,0.05785586,0.002103206,-0.3938325,0.0,-0.054054163,0.0,0.0,0.10944839,-0.032525387,-2.176812,-0.0577241,0.06299187,-0.1214492,0.020472994,0.0,0.0,-0.0012725457,0.037753325,0.0,-0.00048586002,0.9531701,0.08746526,0.0031852208,-0.15613556,-0.007829786,-0.17091635,-0.12107297,0.1548561,1.5931913,-0.08587202,0.0,0.17321412,11.912147,7.1113086
0.1,0.0,0.0,1.0,0.0,0.0,56.0,1.0,28.0,119.0,120.63333333333334,34.0,0.0,1.0,0.0,0.0,0.0,0.0,0.0,0.0,0.0,0.0,0.0,0.0,0.0,0.0,0.0,0.0,0.0,1.0,0.0,1.0,0.0,0.0,6.0,1.0,0.0,0.0,0.0,0.0,0.0,0.0,112.0,11.2,0.0,1.0,0.0,0.0,0.0,90.0,1.8,140.0,140.0,252.0,-0.36750662,0.08848348,-0.016593568,0.1359094,0.0028840313,-0.0077876206,-0.24858083,-0.037236672,-1.5762573,-0.9043567,0.14122516,-1.8018634,-0.31326684,0.18989669,0.046733752,-0.101284295,-0.024505645,0.01449188,0.0010987725,0.1337748,0.0006336709,0.0,0.040833678,0.0011250298,-0.3829508,0.0,-0.05460493,0.0,0.0,0.11976623,-0.005664591,-2.1547647,-0.059858285,0.06684974,-0.1302574,0.022379193,0.0,0.0,-0.0009634419,0.023094518,0.0,-0.00092842,1.0061022,0.06963428,0.003724278,-0.17682616,-0.0074141133,-0.1940205,-0.12504934,0.30792958,0.99661213,-0.08839122,0.0,0.12834972,11.912147,6.672744
0.1,0.0,0.0,1.0,0.0,0.0,56.0,1.0,28.0,119.0,120.63333333333334,34.0,0.0,1.0,0.0,0.0,0.0,0.0,0.0,0.0,0.0,0.0,0.0,0.0,0.0,0.0,0.0,0.0,0.0,1.0,0.0,1.0,0.0,0.0,6.0,1.0,0.0,0.0,0.0,0.0,0.0,0.0,112.0,11.2,0.0,1.0,0.0,0.0,0.0,92.0,2.4,140.0,140.0,336.0,-0.32512325,0.08777094,-0.017103808,0.14414376,0.0028840313,-0.004723701,-0.2095624,-0.034244396,-1.6078452,-0.93305707,0.12067824,-1.8335109,-0.30042815,0.19618565,0.04944763,-0.10054572,-0.024016513,0.014597275,-2.7313119e-05,0.12671877,0.0005420672,0.0,0.055682067,0.002103206,-0.39969158,0.0,-0.057930812,0.0,0.0,0.1313175,-0.010515496,-2.2335892,-0.06100388,0.06470248,-0.12367015,0.019886184,0.0,0.0,-0.0012268311,0.019023104,0.0,-0.00092842,0.9374979,0.12507424,0.003715028,-0.18472305,-0.007704436,-0.19197823,-0.10575872,0.09692007,0.26837495,-0.09688747,0.0,0.1771392,11.912147,5.690755
0.1,0.0,0.0,1.0,0.0,0.0,56.0,1.0,28.0,119.0,120.63333333333334,34.0,0.0,1.0,0.0,0.0,0.0,0.0,0.0,0.0,0.0,0.0,0.0,0.0,0.0,0.0,0.0,0.0,0.0,1.0,0.0,1.0,0.0,0.0,6.0,1.0,0.0,0.0,0.0,0.0,0.0,0.0,112.0,11.2,0.0,1.0,0.0,0.0,0.0,92.0,3.0,140.0,140.0,420.0,-0.31431186,0.08920571,-0.01696645,0.12298594,0.0028840313,-0.004842379,-0.1879388,-0.034656506,-1.5984386,-0.9504374,0.11464509,-1.8263135,-0.3006066,0.1983741,0.048472244,-0.10114221,-0.024014344,0.0130010545,-0.00020394904,0.12565415,0.0005420672,0.0,0.033934183,0.0010264114,-0.39813516,0.0,-0.058265306,0.0,0.0,0.13264745,-0.007418042,-2.2572875,-0.061027274,0.0644873,-0.11161222,0.020807806,0.0,0.0,-0.001085915,0.019123424,0.0,-0.00045578476,0.9828926,0.10980218,0.0037226595,-0.23671715,-0.012041561,-0.20607299,-0.109497085,-0.0036434103,-0.32645112,-0.12489435,0.0,-0.06854626,11.912147,4.6533327
0.1,0.0,0.0,1.0,0.0,0.0,56.0,1.0,28.0,119.0,120.63333333333334,34.0,0.0,1.0,0.0,0.0,0.0,0.0,0.0,0.0,0.0,0.0,0.0,0.0,0.0,0.0,0.0,0.0,0.0,1.0,0.0,1.0,0.0,0.0,6.0,1.0,0.0,0.0,0.0,0.0,0.0,0.0,112.0,11.2,0.0,1.0,0.0,0.0,0.0,29.0,3.0,280.0,280.0,840.0,-0.3568819,0.09126397,-0.01690129,0.11622136,0.0028840313,-0.0021851598,-0.21107551,-0.034704853,-1.5313804,-0.9767362,0.13269278,-1.8042554,-0.30283034,0.19037111,0.049610455,-0.10300924,-0.023644904,0.013403396,0.0009236174,0.13581091,0.00057180447,0.0,0.037339896,0.0012839002,-0.38908657,0.0,-0.060934734,0.0,0.0,0.14215071,-0.0051991353,-2.2625506,-0.060170177,0.06781373,-0.123052545,0.02162296,0.0,0.0,-0.001085915,0.017981615,0.0,-0.0001795183,0.98847234,0.075456314,0.0030188777,-0.21755828,-0.008856963,-0.20125872,-0.09650782,0.95590144,-0.22242984,-0.05751329,0.0,-0.043169543,11.912147,5.843782
0.1,0.0,0.0,1.0,0.0,0.0,56.0,1.0,28.0,119.0,120.63333333333334,34.0,0.0,1.0,0.0,0.0,0.0,0.0,0.0,0.0,0.0,0.0,0.0,0.0,0.0,0.0,0.0,0.0,0.0,1.0,0.0,1.0,0.0,0.0,6.0,1.0,0.0,0.0,0.0,0.0,0.0,0.0,112.0,11.2,0.0,1.0,0.0,0.0,1.0,412.0,3.0,392.0,392.0,1176.0,-0.34883374,0.092073075,-0.016007448,0.1179983,0.0028266506,-0.0021929436,-0.17591554,-0.034271285,-1.5425828,-0.9451504,0.11758144,-1.8545063,-0.28907177,0.17735189,0.041749265,-0.102172956,-0.02357847,0.014057177,0.0014018166,0.12749282,0.00031481675,0.0,0.03559128,0.0015021368,-0.39472663,0.0,-0.048146993,0.0,0.0,0.1410084,-0.002520121,-2.2039945,-0.060708847,0.07343808,-0.11537286,0.022015974,0.0,0.0,-0.0012419375,0.01990916,0.0,-0.00013162293,1.0259999,0.12724143,0.0032400712,-0.18352737,-0.009419483,-0.19656378,0.07768417,0.1583415,-0.27922717,0.10441483,0.0,-0.056419652,11.912147,5.509098
0.1,0.0,0.0,1.0,0.0,0.0,56.0,1.0,28.0,119.0,120.63333333333334,34.0,0.0,1.0,0.0,0.0,0.0,0.0,0.0,0.0,0.0,0.0,0.0,0.0,0.0,0.0,0.0,0.0,0.0,1.0,0.0,1.0,0.0,0.0,6.0,1.0,0.0,0.0,0.0,0.0,0.0,0.0,112.0,11.2,0.0,1.0,0.0,0.0,1.0,204.0,1.8,392.0,392.0,705.6,-0.38111696,0.09149996,-0.015360482,0.13134634,0.0028266506,-0.00552031,-0.22628136,-0.03618653,-1.5615213,-0.8568909,0.12093676,-1.8732691,-0.29462427,0.17188658,0.039144974,-0.10128815,-0.024023252,0.014483889,0.0023222244,0.1328239,0.00066821044,0.0,0.053306673,0.0015037828,-0.39018106,0.0,-0.046106115,0.0,0.0,0.12550363,-0.0310908,-2.1316319,-0.059679944,0.07211303,-0.14540502,0.021153213,0.0,0.0,-0.0010112968,0.0368897,0.0,-0.00021643794,0.9440267,0.12426968,0.0035133173,-0.17122625,-0.0071966164,-0.1710253,0.13697948,-0.39914015,1.5010223,0.10751121,0.0,-0.03819681,11.912147,6.7796893
0.1,0.0,0.0,1.0,0.0,0.0,56.0,1.0,28.0,119.0,120.63333333333334,34.0,0.0,1.0,0.0,0.0,0.0,0.0,0.0,0.0,0.0,0.0,0.0,0.0,0.0,0.0,0.0,0.0,0.0,1.0,0.0,1.0,0.0,0.0,6.0,1.0,0.0,0.0,0.0,0.0,0.0,0.0,112.0,11.2,0.0,1.0,0.0,0.0,1.0,2432.0,3.0,392.0,392.0,1176.0,-0.35197034,0.10444233,-0.018032253,0.11798747,0.0028266506,-0.0023247576,-0.1859937,-0.03344986,-1.5552802,-0.9355137,0.11154254,-1.8657883,-0.29374412,0.17831397,0.039167423,-0.10344538,-0.024314353,0.012053841,-0.00093473156,0.12623137,0.00068699836,0.0,0.029985705,0.0015021368,-0.3948528,0.0,-0.047777634,0.0,0.0,0.15379637,0.0017552823,-2.1944995,-0.061002694,0.07101411,-0.11309758,0.017120317,0.0,0.0,-0.0024696828,0.0185978,0.0,-0.00012393983,1.0568724,0.118063524,0.0033008654,-0.2163618,-0.014231684,-0.20662865,0.079407044,-1.0381854,-0.3460896,0.018039484,0.0,-0.055131014,11.912147,4.113611
0.1,0.0,0.0,1.0,0.0,0.0,56.0,1.0,28.0,119.0,120.63333333333334,34.0,0.0,1.0,0.0,0.0,0.0,0.0,0.0,0.0,0.0,0.0,0.0,0.0,0.0,0.0,0.0,0.0,0.0,1.0,0.0,1.0,0.0,0.0,6.0,1.0,0.0,0.0,0.0,0.0,0.0,0.0,112.0,11.2,0.0,1.0,0.0,0.0,1.0,1467.0,3.0,1120.0,1120.0,3360.0,-0.35977033,0.10000227,-0.016539201,0.116291456,0.0028266506,-0.002519738,-0.16723989,-0.034158524,-1.5631421,-0.93377054,0.11747426,-1.859324,-0.28890952,0.17605148,0.040174432,-0.10243096,-0.02417306,0.012671988,0.0011949347,0.12714417,0.0006756138,0.0,0.03690241,0.0015021368,-0.39297405,0.0,-0.044573747,0.0,0.0,0.13894255,-0.0028246294,-2.229593,-0.06087505,0.06952125,-0.10461811,0.016577665,0.0,0.0,-0.0011283898,0.017897157,0.0,-0.00013162293,1.0380484,0.120741196,0.00315014,-0.18344721,-0.010664729,-0.1990762,0.08072874,-0.17208451,-0.28544128,0.12122138,0.0,-0.058978505,11.912147,5.1534986
0.1,0.0,0.0,1.0,0.0,0.0,56.0,1.0,28.0,119.0,120.63333333333334,34.0,0.0,1.0,0.0,0.0,0.0,0.0,0.0,0.0,0.0,0.0,0.0,0.0,0.0,0.0,0.0,0.0,0.0,1.0,0.0,1.0,0.0,0.0,6.0,1.0,0.0,0.0,0.0,0.0,0.0,0.0,112.0,11.2,0.0,1.0,0.0,0.0,1.0,349.0,3.0,476.0,476.0,1428.0,-0.3357148,0.098093756,-0.016397549,0.12619053,0.0028266506,-0.0028741797,-0.1915648,-0.033609934,-1.5417038,-0.94648314,0.112459056,-1.8455503,-0.2895046,0.17350784,0.03953968,-0.102384366,-0.024614442,0.012668367,-0.0001489976,0.12559204,0.000651516,0.0,0.022195006,0.0015037828,-0.39529437,0.0,-0.04517417,0.0,0.0,0.14595613,-0.0031935363,-2.2277348,-0.060954385,0.07004125,-0.10686315,0.022824876,0.0,0.0,-0.0015722248,0.016270502,0.0,-0.00013162293,1.0466146,0.1285384,0.0026521117,-0.23436119,-0.01041824,-0.2000394,0.06855303,-0.9077653,-0.36893567,-0.026389536,0.0,-0.069498256,11.912147,4.1399493
0.1,0.0,0.0,1.0,0.0,0.0,56.0,1.0,28.0,119.0,120.63333333333334,34.0,0.0,1.0,0.0,0.0,0.0,0.0,0.0,0.0,0.0,0.0,0.0,0.0,0.0,0.0,0.0,0.0,0.0,1.0,0.0,1.0,0.0,0.0,6.0,1.0,0.0,0.0,0.0,0.0,0.0,0.0,112.0,11.2,1.0,0.0,0.0,0.0,1.0,175.0,3.0,224.0,224.0,672.0,-0.35593137,0.08924352,-0.01580807,0.121388964,0.0028266506,-0.002467658,-0.18743317,-0.035408996,-1.6256409,-0.950633,0.11560442,-1.8674861,-0.293916,0.17378646,0.041267224,-0.10078315,-0.02563883,0.012620626,0.0006839108,0.12766877,0.0005608507,0.0,0.036968574,0.0024079534,-0.4048486,0.0,-0.050197713,0.0,0.0,0.13684416,-0.0011672644,-2.1086245,-0.061364036,0.07421661,-0.111565284,0.024991639,0.0,0.0,-0.001283168,0.0196906,0.0,-0.00011637042,1.0537483,0.15019529,-0.025498644,0.75110143,-0.013399926,-0.22317633,0.10315085,-0.7792875,-0.30643186,-0.059959672,0.0,-0.028115388,11.912147,5.3149285
0.1,0.0,0.0,1.0,0.0,0.0,56.0,1.0,28.0,119.0,120.63333333333334,34.0,0.0,1.0,0.0,0.0,0.0,0.0,0.0,0.0,0.0,0.0,0.0,0.0,0.0,0.0,0.0,0.0,0.0,1.0,0.0,1.0,0.0,0.0,6.0,1.0,0.0,0.0,0.0,0.0,0.0,0.0,112.0,11.2,0.0,0.0,1.0,0.0,1.0,125.0,3.0,392.0,392.0,1176.0,-0.33780953,0.089994684,-0.015029542,0.11829652,0.0026688,-0.002479457,-0.22298914,-0.034587298,-1.6696335,-0.94105685,0.11709283,-1.8729824,-0.29310408,0.17047197,0.03961695,-0.10008432,-0.024419405,0.0120418845,0.00069311477,0.12652534,0.0007188616,0.0,0.02747029,0.0024891153,-0.40639085,0.0,-0.051356044,0.0,0.0,0.1410328,-0.0039403206,-2.1107287,-0.060897056,0.069456644,-0.12338901,0.024438273,0.0,0.0,-0.0011950069,0.022541938,0.0,-0.000102798294,1.0642651,0.14578083,0.023111613,0.8058897,0.17525724,-0.21842721,0.11002395,-0.58460706,-0.2823617,0.04992859,0.0,-0.043887906,11.912147,5.850492
0.1,0.0,0.0,1.0,0.0,0.0,56.0,1.0,28.0,119.0,120.63333333333334,34.0,0.0,1.0,0.0,0.0,0.0,0.0,0.0,0.0,0.0,0.0,0.0,0.0,0.0,0.0,0.0,0.0,0.0,1.0,0.0,1.0,0.0,0.0,6.0,1.0,0.0,0.0,0.0,0.0,0.0,0.0,112.0,11.2,0.0,0.0,0.0,1.0,1.0,17.0,3.0,364.0,364.0,1092.0,-0.40298268,0.050240383,-0.017521853,0.072978646,0.0035928818,-0.0015756417,-0.18645942,-0.029529067,-1.531213,-1.0472484,0.13687344,-1.8507411,-0.3019014,0.18285091,0.051391862,-0.08633287,-0.026517155,0.0127073545,0.0014487226,0.14176898,0.00080254185,0.0,0.07479331,0.0030610152,-0.39868802,0.0,-0.0659995,0.0,0.0,0.123149164,0.0024893873,-2.0620918,-0.058468275,0.07079856,-0.25489908,0.023462847,0.0,0.0,-0.00058579125,0.01632078,0.0,-0.00011351996,0.97973967,0.09144318,0.0073740226,0.32657272,-0.00898698,1.0849836,0.039888274,-0.25639504,-0.19814631,-0.016864153,0.0,-0.026698908,11.912147,6.580915
0.1,0.0,0.0,1.0,0.0,0.0,56.0,1.0,28.0,119.0,120.63333333333334,34.0,0.0,1.0,0.0,0.0,0.0,0.0,0.0,0.0,0.0,0.0,0.0,0.0,0.0,0.0,0.0,0.0,0.0,1.0,0.0,1.0,0.0,0.0,6.0,1.0,0.0,0.0,0.0,0.0,0.0,0.0,112.0,11.2,0.0,0.0,0.0,1.0,1.0,14.0,3.0,364.0,364.0,1092.0,-0.52586246,0.041121505,-0.016362136,0.062659435,0.0035928818,-0.0024604348,-0.10436154,-0.029018823,-1.6205547,-0.9905558,0.11994494,-1.6995914,-0.27755988,0.11320559,0.07021003,-0.07833609,-0.023297513,0.017189909,0.0126978345,0.1734208,0.013901925,0.0,0.11460476,0.0026927497,-0.39718476,0.0,-0.05849918,0.0,0.0,0.12693238,-0.0002677862,-1.8813138,-0.058468275,0.06672916,-0.34477752,0.02554363,0.0,0.0,-0.00058579125,0.06553506,0.0,-0.00011351996,0.91712964,0.18849711,0.007161768,0.49833176,-0.00874373,1.0996625,0.040294006,3.6415217,-0.12369026,0.028594527,0.0,-0.021998063,11.912147,11.099716
0.1,0.0,0.0,1.0,0.0,0.0,56.0,1.0,28.0,119.0,120.63333333333334,34.0,0.0,1.0,0.0,0.0,0.0,0.0,0.0,0.0,0.0,0.0,0.0,0.0,0.0,0.0,0.0,0.0,0.0,1.0,0.0,1.0,0.0,0.0,6.0,1.0,0.0,0.0,0.0,0.0,0.0,0.0,112.0,11.2,0.0,0.0,0.0,1.0,1.0,31.0,3.0,364.0,364.0,1092.0,-0.4102128,0.056824658,-0.016463244,0.05012854,0.0055762,-0.0022024657,-0.19408028,-0.029465944,-1.534235,-1.0319558,0.14566454,-1.8183883,-0.29363385,0.18163082,0.0523988,-0.08759923,-0.02350841,0.013690056,0.0010159649,0.14278129,0.00080707145,0.0,0.0627564,0.002365861,-0.39556888,0.0,-0.06265617,0.0,0.0,0.12471771,-0.0047072447,-2.1277397,-0.05821639,0.07082052,-0.24934936,0.026370212,0.0,0.0,-0.00048078346,0.018328086,0.0,-0.00019843625,1.0403088,0.09597313,0.023534108,0.76750606,-0.009586279,1.253995,0.05496637,1.0994625,-0.17865473,0.0038558133,0.0,-0.022177413,11.912147,8.656542
0.1,0.0,0.0,1.0,0.0,0.0,56.0,1.0,28.0,119.0,120.63333333333334,34.0,0.0,1.0,0.0,0.0,0.0,0.0,0.0,0.0,0.0,0.0,0.0,0.0,0.0,0.0,0.0,0.0,0.0,1.0,0.0,1.0,0.0,0.0,6.0,1.0,0.0,0.0,0.0,0.0,0.0,0.0,112.0,11.2,0.0,1.0,0.0,0.0,1.0,194.0,3.0,392.0,392.0,1176.0,-0.33832806,0.09406249,-0.017787203,0.124813564,0.0028266506,-0.005804427,-0.1894954,-0.03432034,-1.5472893,-0.94543546,0.111825496,-1.8498396,-0.29485315,0.17666821,0.039475556,-0.102699764,-0.027756156,0.012419024,-0.0044349,0.12636751,0.0006798803,0.0,0.036633506,0.0015037828,-0.3947858,0.0,-0.04896006,0.0,0.0,0.14598215,-0.008171316,-2.188083,-0.060557667,0.073144615,-0.10948034,0.021297893,0.0,0.0,-0.0020755385,0.018898085,0.0,-0.00013162293,1.054821,0.123573564,0.000770624,-0.25893232,-0.0136965215,-0.20633037,0.05974922,-1.552692,-0.38456297,-0.004969245,0.0,-0.08222715,11.912147,3.4639573
0.1,0.0,0.0,1.0,0.0,0.0,56.0,1.0,28.0,119.0,120.63333333333334,34.0,0.0,1.0,0.0,0.0,0.0,0.0,0.0,0.0,0.0,0.0,0.0,0.0,0.0,0.0,0.0,0.0,0.0,1.0,0.0,1.0,0.0,0.0,6.0,1.0,0.0,0.0,0.0,0.0,0.0,0.0,112.0,11.2,0.0,1.0,0.0,0.0,1.0,117.0,3.0,476.0,476.0,1428.0,-0.32451206,0.09238399,-0.015946167,0.12447878,0.0028266506,-0.004786509,-0.18986355,-0.034006882,-1.5661083,-0.95368475,0.11263059,-1.8508683,-0.29309198,0.16936302,0.037921276,-0.102666505,-0.024220621,0.011528328,0.00097079546,0.12609343,0.00066318584,0.0,0.01958403,0.0015037828,-0.39477536,0.0,-0.04647994,0.0,0.0,0.14012034,-0.0045481324,-2.222331,-0.060888167,0.06867864,-0.098597504,0.019833164,0.0,0.0,-0.0013105322,0.01838092,0.0,-0.00013162293,1.0463319,0.12363489,0.0028360782,-0.23353103,-0.011675096,-0.20318064,0.1108357,-0.64499223,-0.33870754,0.15121044,0.0,-0.06683349,11.912147,4.606218
0.1,0.0,0.0,1.0,0.0,0.0,56.0,1.0,28.0,119.0,120.63333333333334,34.0,0.0,1.0,0.0,0.0,0.0,0.0,0.0,0.0,0.0,0.0,0.0,0.0,0.0,0.0,0.0,0.0,0.0,1.0,0.0,1.0,0.0,0.0,6.0,1.0,0.0,0.0,0.0,0.0,0.0,0.0,112.0,11.2,0.0,1.0,0.0,0.0,0.0,19.0,3.0,112.0,112.0,336.0,-0.34926465,0.08565042,-0.014832299,0.13382116,0.00281009,-0.0017536359,-0.22857939,-0.03428661,-1.534648,-0.9656635,0.12966163,-1.805777,-0.303239,0.18918495,0.049338322,-0.099276975,-0.02374703,0.013578942,0.003757714,0.13382412,0.0005672748,0.0,0.03435979,0.0012134144,-0.38854134,0.0,-0.06026329,0.0,0.0,0.14131717,-0.006106424,-2.171432,-0.06012672,0.06517903,-0.14406767,0.022385664,0.0,0.0,-0.00088097295,0.017967336,0.0,-0.0001795183,0.93336535,0.087639704,0.003985696,-0.16917793,-0.008876484,-0.19300687,-0.075033225,1.1888117,-0.15723182,0.39855298,0.0,0.1441804,11.912147,6.8973074
0.1,0.0,0.0,1.0,0.0,0.0,56.0,1.0,28.0,119.0,120.63333333333334,34.0,0.0,1.0,0.0,0.0,0.0,0.0,0.0,0.0,0.0,0.0,0.0,0.0,0.0,0.0,0.0,0.0,0.0,1.0,0.0,1.0,0.0,0.0,6.0,1.0,0.0,0.0,0.0,0.0,0.0,0.0,112.0,11.2,0.0,1.0,0.0,0.0,0.0,108.0,3.0,182.0,182.0,546.0,-0.33152527,0.090762146,-0.017166788,0.1283783,0.0028840313,-0.004842736,-0.18736082,-0.035427257,-1.5442226,-0.9556486,0.110920735,-1.8252882,-0.29704574,0.17939937,0.037831184,-0.102331385,-0.024912862,0.012358414,0.00027805803,0.12632476,0.0005420672,0.0,0.024988404,0.0010264114,-0.39236423,0.0,-0.050222054,0.0,0.0,0.13754348,-0.005642347,-2.2129924,-0.060299903,0.06496368,-0.10759338,0.019775061,0.0,0.0,-0.003502664,0.019123424,0.0,-0.00020566405,1.033584,0.10749521,0.0034619095,-0.24452764,-0.012919364,-0.20619762,-0.23436892,-0.9087433,-0.33796617,-0.18391101,0.0,-0.07485,11.912147,3.6517055
0.4,1.0,0.0,0.0,0.0,0.0,84.0,1.0,21.0,84.0,120.63333333333334,450.0,0.0,0.0,0.0,0.0,0.0,0.0,0.0,0.0,0.0,0.0,0.0,0.0,1.0,0.0,0.0,0.0,0.0,0.0,1.0,0.0,0.0,1.0,8.0,1.0,0.0,0.0,0.0,0.0,0.0,0.0,84.0,33.6,0.0,1.0,0.0,0.0,0.0,96.0,3.0,364.0,364.0,1092.0,1.4622655,-0.047080737,-0.013496329,-0.018830229,0.0024471905,-0.0046769935,1.219096,-0.04110996,1.438568,2.4433005,0.18206215,-0.8599199,-0.18866652,-0.08172865,0.03919599,-0.10177302,-0.020063855,0.018083045,0.000903618,0.7562715,0.0012153303,0.0,0.13117312,0.00088197144,6.4373293,0.0,-0.030062249,0.0,0.0,-0.40522596,-0.046592914,0.072174884,-0.03824821,-0.08756393,0.99933517,0.014411371,0.0,0.0,-0.0036773158,0.03440358,0.0,-0.00027000732,1.4626591,0.8346747,0.0070604933,-0.2733383,-0.012946005,-0.17546844,-0.13622728,-0.88429403,-0.31739727,0.015582774,0.0,-0.061414953,11.912147,25.635159
0.4,1.0,0.0,0.0,0.0,0.0,84.0,1.0,21.0,84.0,120.63333333333334,450.0,0.0,0.0,0.0,0.0,0.0,0.0,0.0,0.0,0.0,0.0,0.0,0.0,1.0,0.0,0.0,0.0,0.0,0.0,1.0,0.0,0.0,1.0,8.0,1.0,0.0,0.0,0.0,0.0,0.0,0.0,84.0,33.6,0.0,1.0,0.0,0.0,0.0,94.0,1.2,140.0,140.0,168.0,1.4362327,-0.046196457,-0.012518462,-0.020163465,0.0037583443,-0.005013594,1.3135003,-0.038754154,1.0447749,2.4206643,0.20140469,-0.7954528,-0.19342418,-0.09452822,0.060768325,-0.099659465,-0.020092595,0.020209404,0.0018688381,0.7845153,0.0019113779,0.0,0.17932524,0.0015108597,6.3606763,0.0,-0.03502658,0.0,0.0,-0.36862323,-0.008491123,0.08213371,-0.03536215,-0.084560595,1.0024245,0.01910754,0.0,0.0,-0.001466911,0.075660504,0.0,-0.0006242444,1.5166949,0.76100814,0.007708627,-0.15076229,-0.010505086,-0.1601762,-0.13737689,0.14405145,1.4568145,-0.08237726,0.0,0.2464876,11.912147,28.654198
0.4,1.0,0.0,0.0,0.0,0.0,84.0,1.0,21.0,84.0,120.63333333333334,450.0,0.0,0.0,0.0,0.0,0.0,0.0,0.0,0.0,0.0,0.0,0.0,0.0,1.0,0.0,0.0,0.0,0.0,0.0,1.0,0.0,0.0,1.0,8.0,1.0,0.0,0.0,0.0,0.0,0.0,0.0,84.0,33.6,0.0,1.0,0.0,0.0,0.0,90.0,1.8,140.0,140.0,252.0,1.4556457,-0.04416448,-0.012817548,-0.018409746,0.0024471905,-0.005202781,1.3659608,-0.0437982,0.9578519,2.4425287,0.21664064,-0.7375095,-0.20121434,-0.09237273,0.05995473,-0.0998027,-0.020524208,0.019294888,0.001547363,0.78982836,0.0021443132,0.0,0.16571818,0.0010612892,6.1846566,0.0,-0.035421725,0.0,0.0,-0.38904622,-0.010678232,0.08007232,-0.037496332,-0.08628102,1.0398029,0.01944299,0.0,0.0,-0.00095345965,0.042287,0.0,-0.0024556564,1.6320575,0.72568405,0.007841497,-0.17544201,-0.01008391,-0.18191254,-0.13865967,0.21330439,0.83524746,-0.08310959,0.0,0.21413581,11.912147,27.95994
0.4,1.0,0.0,0.0,0.0,0.0,84.0,1.0,21.0,84.0,120.63333333333334,450.0,0.0,0.0,0.0,0.0,0.0,0.0,0.0,0.0,0.0,0.0,0.0,0.0,1.0,0.0,0.0,0.0,0.0,0.0,1.0,0.0,0.0,1.0,8.0,1.0,0.0,0.0,0.0,0.0,0.0,0.0,84.0,33.6,0.0,1.0,0.0,0.0,0.0,92.0,2.4,140.0,140.0,336.0,1.4395779,-0.044689287,-0.013816406,-0.019504946,0.0024471905,-0.004025443,1.2783186,-0.040118825,1.2121354,2.4040842,0.1991439,-0.81175023,-0.19159412,-0.09482134,0.05544576,-0.10113834,-0.020048756,0.019477958,0.00046325778,0.77956796,0.00104126,0.0,0.16280349,0.0015108597,6.548014,0.0,-0.035940137,0.0,0.0,-0.38876876,0.006689355,0.07743442,-0.038641926,-0.08516923,0.9845548,0.01860013,0.0,0.0,-0.0012168488,0.034642767,0.0,-0.0024556564,1.4960655,0.9124415,0.0077515203,-0.17281781,-0.010312682,-0.15942787,-0.118994355,0.015673477,0.41008383,-0.09079669,0.0,0.23694032,11.912147,27.771
0.4,1.0,0.0,0.0,0.0,0.0,84.0,1.0,21.0,84.0,120.63333333333334,450.0,0.0,0.0,0.0,0.0,0.0,0.0,0.0,0.0,0.0,0.0,0.0,0.0,1.0,0.0,0.0,0.0,0.0,0.0,1.0,0.0,0.0,1.0,8.0,1.0,0.0,0.0,0.0,0.0,0.0,0.0,84.0,33.6,0.0,1.0,0.0,0.0,0.0,92.0,3.0,140.0,140.0,420.0,1.4306521,-0.0459802,-0.013436661,-0.015931472,0.0024471905,-0.00473534,1.1380389,-0.040724438,1.2490871,2.3831348,0.18950738,-0.843025,-0.19177258,-0.0953409,0.05454939,-0.10199269,-0.02004659,0.018102325,0.0002793793,0.76049215,0.00104126,0.0,0.14006054,0.0010156321,6.47641,0.0,-0.03591585,0.0,0.0,-0.39189574,-0.014576235,0.078942955,-0.03874554,-0.08515329,1.0054376,0.018450584,0.0,0.0,-0.0010759328,0.035297077,0.0,-0.0019830212,1.5181825,0.9003291,0.0076002157,-0.27039596,-0.014592419,-0.17419834,-0.11648743,-0.07285925,-0.31608015,-0.14127247,0.0,-0.06798457,11.912147,26.204996
0.4,1.0,0.0,0.0,0.0,0.0,84.0,1.0,21.0,84.0,120.63333333333334,450.0,0.0,0.0,0.0,0.0,0.0,0.0,0.0,0.0,0.0,0.0,0.0,0.0,1.0,0.0,0.0,0.0,0.0,0.0,1.0,0.0,0.0,1.0,8.0,1.0,0.0,0.0,0.0,0.0,0.0,0.0,84.0,33.6,0.0,1.0,0.0,0.0,0.0,29.0,3.0,280.0,280.0,840.0,1.5164429,-0.04526398,-0.013803573,-0.014059023,0.0024471905,-0.0020091054,1.1465526,-0.04163875,1.2685964,2.3801172,0.20731421,-0.75802517,-0.19310857,-0.09187522,0.057104133,-0.10157791,-0.019646548,0.018437019,0.0011195934,0.7743671,0.0012741953,0.0,0.16680133,0.0013024593,6.2960243,0.0,-0.038585994,0.0,0.0,-0.41791055,-0.018464122,0.07937796,-0.03788844,-0.08669059,1.0349076,0.020398075,0.0,0.0,-0.0010759328,0.032287996,0.0,-0.0003179027,1.5940328,0.8330299,0.0060889977,-0.22138995,-0.012861288,-0.17278248,-0.101730555,1.0735401,-0.19535717,-0.06720565,0.0,-0.034578558,11.912147,27.735857
0.4,1.0,0.0,0.0,0.0,0.0,84.0,1.0,21.0,84.0,120.63333333333334,450.0,0.0,0.0,0.0,0.0,0.0,0.0,0.0,0.0,0.0,0.0,0.0,0.0,1.0,0.0,0.0,0.0,0.0,0.0,1.0,0.0,0.0,1.0,8.0,1.0,0.0,0.0,0.0,0.0,0.0,0.0,84.0,33.6,0.0,1.0,0.0,0.0,1.0,412.0,3.0,392.0,392.0,1176.0,1.4553103,-0.050301123,-0.012608808,-0.018453602,0.0023898098,-0.00210361,1.2875673,-0.04055145,1.4602257,2.4121268,0.18757625,-0.80639255,-0.1805851,-0.08302978,0.045244426,-0.10214342,-0.019409886,0.020124966,0.00096735166,0.75674343,0.00021372826,0.0,0.12014324,0.0014895856,6.4287186,0.0,-0.027714033,0.0,0.0,-0.4176532,-0.0961436,0.07739151,-0.038467385,-0.103373736,1.0004961,0.023341574,0.0,0.0,-0.0012057377,0.036308054,0.0,-0.00027000732,1.4835625,0.84007615,0.0059565087,-0.20628859,-0.01680789,-0.16580652,0.060518794,0.19908434,-0.2657863,0.11854734,0.0,-0.08625014,11.912147,27.194925
0.4,1.0,0.0,0.0,0.0,0.0,84.0,1.0,21.0,84.0,120.63333333333334,450.0,0.0,0.0,0.0,0.0,0.0,0.0,0.0,0.0,0.0,0.0,0.0,0.0,1.0,0.0,0.0,0.0,0.0,0.0,1.0,0.0,0.0,1.0,8.0,1.0,0.0,0.0,0.0,0.0,0.0,0.0,84.0,33.6,0.0,1.0,0.0,0.0,1.0,204.0,1.8,392.0,392.0,705.6,1.3997016,-0.050191578,-0.011980385,-0.019313773,0.0023898098,-0.004768831,1.4082414,-0.042003397,1.2798827,2.4541261,0.19081809,-0.7726474,-0.18555047,-0.081077866,0.047086176,-0.10094444,-0.019925864,0.020535702,0.0019683198,0.7775693,0.0009478575,0.0,0.14870274,0.0014930035,6.2987185,0.0,-0.028756643,0.0,0.0,-0.3925994,-0.07067127,0.0813218,-0.037317984,-0.10258777,0.9732042,0.024217704,0.0,0.0,-0.000975097,0.06180513,0.0,-0.00035482235,1.4641498,0.75932044,0.007674322,-0.17448112,-0.014649326,-0.15903762,0.12421597,-0.35094473,1.3172603,0.14191009,0.0,-0.029466087,11.912147,28.249157
0.4,1.0,0.0,0.0,0.0,0.0,84.0,1.0,21.0,84.0,120.63333333333334,450.0,0.0,0.0,0.0,0.0,0.0,0.0,0.0,0.0,0.0,0.0,0.0,0.0,1.0,0.0,0.0,0.0,0.0,0.0,1.0,0.0,0.0,1.0,8.0,1.0,0.0,0.0,0.0,0.0,0.0,0.0,84.0,33.6,0.0,1.0,0.0,0.0,1.0,2432.0,3.0,392.0,392.0,1176.0,1.4564013,-0.05802767,-0.01444472,-0.018491982,0.0023898098,-0.0023207725,1.2665424,-0.039730024,1.4753861,2.4045656,0.1815961,-0.8018846,-0.18133432,-0.08323298,0.041540284,-0.1029728,-0.018788341,0.017163387,0.00027633522,0.75506413,0.0009882668,0.0,0.10853774,0.0014895856,6.431963,0.0,-0.02729938,0.0,0.0,-0.44815806,-0.11241876,0.07692349,-0.0428602,-0.09855695,0.99392337,0.014319768,0.0,0.0,-0.0013660756,0.03414409,0.0,-0.00026232423,1.485089,0.83904326,0.006017302,-0.23644198,-0.021303143,-0.17584972,0.059434686,-1.0432947,-0.33030146,0.045956112,0.0,-0.08508589,11.912147,25.66647
0.4,1.0,0.0,0.0,0.0,0.0,84.0,1.0,21.0,84.0,120.63333333333334,450.0,0.0,0.0,0.0,0.0,0.0,0.0,0.0,0.0,0.0,0.0,0.0,0.0,1.0,0.0,0.0,0.0,0.0,0.0,1.0,0.0,0.0,1.0,8.0,1.0,0.0,0.0,0.0,0.0,0.0,0.0,84.0,33.6,0.0,1.0,0.0,0.0,1.0,1467.0,3.0,1120.0,1120.0,3360.0,1.4624993,-0.078649476,-0.01306367,-0.018958986,0.0023898098,-0.002068147,1.2919652,-0.04033939,1.4525689,2.4118185,0.18592152,-0.77540106,-0.18106769,-0.08253107,0.041841604,-0.10245913,-0.020648532,0.018937113,0.00096607936,0.755977,0.00045967428,0.0,0.11484718,0.0014895856,6.399055,0.0,-0.023529347,0.0,0.0,-0.41357186,-0.08369334,0.07762695,-0.038618542,-0.09637046,1.0003201,0.021783978,0.0,0.0,-0.0010921902,0.034274377,0.0,-0.00027000732,1.5036783,0.8219848,0.005385387,-0.20174947,-0.017970854,-0.16819593,0.062465932,-0.14590009,-0.2700205,0.15586141,0.0,-0.087624684,11.912147,26.872461
0.4,1.0,0.0,0.0,0.0,0.0,84.0,1.0,21.0,84.0,120.63333333333334,450.0,0.0,0.0,0.0,0.0,0.0,0.0,0.0,0.0,0.0,0.0,0.0,0.0,1.0,0.0,0.0,0.0,0.0,0.0,1.0,0.0,0.0,1.0,8.0,1.0,0.0,0.0,0.0,0.0,0.0,0.0,84.0,33.6,0.0,1.0,0.0,0.0,1.0,349.0,3.0,476.0,476.0,1428.0,1.4379296,-0.053712066,-0.012940561,-0.020667817,0.0023898098,-0.0031504845,1.2275882,-0.0397908,1.4821954,2.4040883,0.18198507,-0.80632114,-0.18130778,-0.08122406,0.040712915,-0.102298826,-0.021702997,0.01893349,0.00040999916,0.7540193,0.00031356048,0.0,0.11443768,0.0014930035,6.441583,0.0,-0.02436235,0.0,0.0,-0.426747,-0.07526467,0.07762197,-0.03871292,-0.097166434,0.9896652,0.024150476,0.0,0.0,-0.001536025,0.03383968,0.0,-0.00027000732,1.504018,0.8486409,0.00501482,-0.25741088,-0.017668,-0.16846341,0.052994322,-0.8835128,-0.35277778,-0.0066332878,0.0,-0.1087535,11.912147,25.77377
0.4,1.0,0.0,0.0,0.0,0.0,84.0,1.0,21.0,84.0,120.63333333333334,450.0,0.0,0.0,0.0,0.0,0.0,0.0,0.0,0.0,0.0,0.0,0.0,0.0,1.0,0.0,0.0,0.0,0.0,0.0,1.0,0.0,0.0,1.0,8.0,1.0,0.0,0.0,0.0,0.0,0.0,0.0,84.0,33.6,1.0,0.0,0.0,0.0,1.0,175.0,3.0,224.0,224.0,672.0,1.429785,-0.046812203,-0.012667908,-0.019210141,0.0023898098,-0.0024895999,1.2543979,-0.04138449,1.3888664,2.3947947,0.1809012,-0.78587663,-0.18510778,-0.081975184,0.042345643,-0.10082842,-0.02181272,0.017582588,0.00064322667,0.75257623,0.0011380095,0.0,0.124276504,0.0023971742,6.580661,0.0,-0.02959297,0.0,0.0,-0.40069214,-0.09948483,0.07223435,-0.038703788,-0.10305545,0.9996992,0.021698998,0.0,0.0,-0.0014513156,0.036528856,0.0,-0.00017082467,1.4839944,0.85140485,-0.052066904,0.81537634,-0.024522316,-0.20582676,0.09389117,-0.8043979,-0.26077345,-0.06043108,0.0,-0.009048218,11.912147,27.071344
0.4,1.0,0.0,0.0,0.0,0.0,84.0,1.0,21.0,84.0,120.63333333333334,450.0,0.0,0.0,0.0,0.0,0.0,0.0,0.0,0.0,0.0,0.0,0.0,0.0,1.0,0.0,0.0,0.0,0.0,0.0,1.0,0.0,0.0,1.0,8.0,1.0,0.0,0.0,0.0,0.0,0.0,0.0,84.0,33.6,0.0,0.0,1.0,0.0,1.0,125.0,3.0,392.0,392.0,1176.0,1.4436114,-0.050121967,-0.0118880235,-0.021693459,0.0022319593,-0.0025013993,1.2230146,-0.04069013,1.3783188,2.3984437,0.18300442,-0.78001463,-0.18467878,-0.07967148,0.040642895,-0.099823974,-0.020373464,0.016995575,0.00037780372,0.7505765,0.0012801529,0.0,0.11700247,0.0025747763,6.578434,0.0,-0.03013946,0.0,0.0,-0.40652013,-0.060232446,0.071776815,-0.03827246,-0.09274644,0.9934211,0.032261115,0.0,0.0,-0.0013631545,0.040374283,0.0,-0.00015725255,1.5121045,0.8650327,0.02800957,0.8683333,0.23943874,-0.20212887,0.10618967,-0.6078435,-0.24049756,0.073442705,0.0,-0.07567978,11.912147,27.831997
0.4,1.0,0.0,0.0,0.0,0.0,84.0,1.0,21.0,84.0,120.63333333333334,450.0,0.0,0.0,0.0,0.0,0.0,0.0,0.0,0.0,0.0,0.0,0.0,0.0,1.0,0.0,0.0,0.0,0.0,0.0,1.0,0.0,0.0,1.0,8.0,1.0,0.0,0.0,0.0,0.0,0.0,0.0,84.0,33.6,0.0,0.0,0.0,1.0,1.0,17.0,3.0,364.0,364.0,1092.0,1.4761009,-0.026597688,-0.01594564,-0.009747553,0.0027652176,-0.0014604529,1.070438,-0.03551151,1.1082422,2.3167832,0.2095897,-0.70368487,-0.19177428,-0.088778146,0.05811959,-0.08432096,-0.02220091,0.017602459,0.0013103399,0.771594,0.0023098437,0.0,0.2464104,0.0030795743,6.301629,0.0,-0.043952975,0.0,0.0,-0.3778143,-0.058617525,0.06917694,-0.03585365,-0.08927985,1.1551489,0.023315683,0.0,0.0,-0.00057625026,0.029861744,0.0,-0.00016797423,1.6539222,0.7390479,0.01843465,0.42683166,-0.0092922505,0.93922204,0.03785212,-0.07205639,-0.15780775,0.012520477,0.0,-0.013129367,11.912147,28.564877
0.4,1.0,0.0,0.0,0.0,0.0,84.0,1.0,21.0,84.0,120.63333333333334,450.0,0.0,0.0,0.0,0.0,0.0,0.0,0.0,0.0,0.0,0.0,0.0,0.0,1.0,0.0,0.0,0.0,0.0,0.0,1.0,0.0,0.0,1.0,8.0,1.0,0.0,0.0,0.0,0.0,0.0,0.0,84.0,33.6,0.0,0.0,0.0,1.0,1.0,14.0,3.0,364.0,364.0,1092.0,1.2818872,-0.036886923,-0.015476674,-0.013030555,0.0027652176,-0.0014806769,0.93482006,-0.021585487,0.7821874,2.3678937,0.19758417,-0.7538207,-0.1625021,-0.058801237,0.07001296,-0.08086899,-0.020373803,0.020659637,0.011741685,0.7906936,0.035456065,0.0,0.3117699,0.002711309,5.9761953,0.0,-0.04301044,0.0,0.0,-0.38171834,-0.027038334,0.06585744,-0.03585365,-0.087697305,1.1514524,0.025643514,0.0,0.0,-0.00057625026,0.09063196,0.0,-0.00016797423,1.7287302,0.97686446,0.018979365,0.71192163,-0.008941779,0.9635346,0.03848103,3.2980561,-0.12034958,0.054071542,0.0,-0.003289264,11.912147,31.949268
0.4,1.0,0.0,0.0,0.0,0.0,84.0,1.0,21.0,84.0,120.63333333333334,450.0,0.0,0.0,0.0,0.0,0.0,0.0,0.0,0.0,0.0,0.0,0.0,0.0,1.0,0.0,0.0,0.0,0.0,0.0,1.0,0.0,0.0,1.0,8.0,1.0,0.0,0.0,0.0,0.0,0.0,0.0,84.0,33.6,0.0,0.0,0.0,1.0,1.0,31.0,3.0,364.0,364.0,1092.0,1.5066098,-0.02487921,-0.013929295,-0.010890052,0.0032649701,-0.002087277,1.059681,-0.035448384,0.97879726,2.3372688,0.21898828,-0.74786645,-0.18913342,-0.09055917,0.058311794,-0.085399225,-0.020045971,0.0185761,0.0012497619,0.7696406,0.0023422898,0.0,0.2455217,0.0023844203,6.251745,0.0,-0.04140688,0.0,0.0,-0.38030195,-0.036120348,0.07128005,-0.035567556,-0.08931938,1.1587514,0.02569417,0.0,0.0,-0.0005473767,0.03329907,0.0,-0.0005001456,1.6714354,0.82741165,0.028958512,0.8677875,-0.009508025,1.0835965,0.05652991,1.1688794,-0.14605857,0.031316523,0.0,-0.014514677,11.912147,30.417383
0.4,1.0,0.0,0.0,0.0,0.0,84.0,1.0,21.0,84.0,120.63333333333334,450.0,0.0,0.0,0.0,0.0,0.0,0.0,0.0,0.0,0.0,0.0,0.0,0.0,1.0,0.0,0.0,0.0,0.0,0.0,1.0,0.0,0.0,1.0,8.0,1.0,0.0,0.0,0.0,0.0,0.0,0.0,84.0,33.6,0.0,1.0,0.0,0.0,1.0,194.0,3.0,392.0,392.0,1176.0,1.4281461,-0.052140433,-0.014583907,-0.018743036,0.0023898098,-0.0060630264,1.231668,-0.040600505,1.4713554,2.4015698,0.18176818,-0.8178815,-0.18626235,-0.08261646,0.040206958,-0.10267023,-0.024200656,0.017528567,-0.0017935822,0.7548134,0.0011384357,0.0,0.11759577,0.0014930035,6.4325275,0.0,-0.028238166,0.0,0.0,-0.42663836,-0.07401742,0.075018495,-0.0383162,-0.10279145,0.98849785,0.014854338,0.0,0.0,-0.002039339,0.034366835,0.0,-0.00027000732,1.5015976,0.8444948,0.0036316628,-0.29485384,-0.021227244,-0.1748622,0.043059725,-1.5486273,-0.3711704,0.025086498,0.0,-0.13468541,11.912147,24.959661
0.4,1.0,0.0,0.0,0.0,0.0,84.0,1.0,21.0,84.0,120.63333333333334,450.0,0.0,0.0,0.0,0.0,0.0,0.0,0.0,0.0,0.0,0.0,0.0,0.0,1.0,0.0,0.0,0.0,0.0,0.0,1.0,0.0,0.0,1.0,8.0,1.0,0.0,0.0,0.0,0.0,0.0,0.0,84.0,33.6,0.0,1.0,0.0,0.0,1.0,117.0,3.0,476.0,476.0,1428.0,1.4164524,-0.048233494,-0.012577495,-0.019599985,0.0023898098,-0.00467947,1.1988966,-0.0403151,1.4545852,2.3829334,0.18197568,-0.80292284,-0.18510476,-0.08005369,0.039136905,-0.10258096,-0.02085177,0.016826937,0.0005363306,0.7547131,0.00050413876,0.0,0.12334393,0.0014930035,6.436116,0.0,-0.025256617,0.0,0.0,-0.40711752,-0.071076736,0.073528536,-0.0386467,-0.09618432,0.99876297,0.01338961,0.0,0.0,-0.00147868,0.0346806,0.0,-0.00027000732,1.4984664,0.8490583,0.0051461062,-0.26046798,-0.019022351,-0.17137438,0.09841076,-0.64407724,-0.31730926,0.16879414,0.0,-0.114171505,11.912147,26.178904
0.4,1.0,0.0,0.0,0.0,0.0,84.0,1.0,21.0,84.0,120.63333333333334,450.0,0.0,0.0,0.0,0.0,0.0,0.0,0.0,0.0,0.0,0.0,0.0,0.0,1.0,0.0,0.0,0.0,0.0,0.0,1.0,0.0,0.0,1.0,8.0,1.0,0.0,0.0,0.0,0.0,0.0,0.0,84.0,33.6,0.0,1.0,0.0,0.0,0.0,19.0,3.0,112.0,112.0,336.0,1.4814082,-0.04499052,-0.013887353,-0.017549206,0.0024111224,-0.0015729993,1.1505915,-0.041247096,1.1643226,2.4114578,0.20346221,-0.728173,-0.19271767,-0.09081889,0.057517275,-0.10089925,-0.020348301,0.018789511,0.0017219846,0.7735019,0.0012417492,0.0,0.15641665,0.0011496737,6.2619023,0.0,-0.038089324,0.0,0.0,-0.41302317,-0.023824796,0.078780055,-0.037844982,-0.085634194,1.0320817,0.01921367,0.0,0.0,-0.00087099057,0.03293446,0.0,-0.0003179027,1.6136277,0.77021044,0.007913276,-0.18166293,-0.012920101,-0.16510195,-0.08658989,1.2364526,-0.15889391,0.3108169,0.0,0.1713181,11.912147,28.414406
0.4,1.0,0.0,0.0,0.0,0.0,84.0,1.0,21.0,84.0,120.63333333333334,450.0,0.0,0.0,0.0,0.0,0.0,0.0,0.0,0.0,0.0,0.0,0.0,0.0,1.0,0.0,0.0,0.0,0.0,0.0,1.0,0.0,0.0,1.0,8.0,1.0,0.0,0.0,0.0,0.0,0.0,0.0,84.0,33.6,0.0,1.0,0.0,0.0,0.0,108.0,3.0,182.0,182.0,546.0,1.437916,-0.046787422,-0.014298146,-0.019649573,0.0024471905,-0.0047356966,1.2291212,-0.041810453,1.3983032,2.4358265,0.18059406,-0.81591445,-0.18854892,-0.08441794,0.03915729,-0.102313526,-0.021287668,0.017459685,0.0001472105,0.7545873,0.00104126,0.0,0.12427418,0.0010156321,6.395069,0.0,-0.02964108,0.0,0.0,-0.3992966,-0.035455458,0.07390492,-0.03801817,-0.08772926,1.002532,0.014430776,0.0,0.0,-0.0034692748,0.035297077,0.0,-0.00034404846,1.4649973,0.8290695,0.007445846,-0.27469033,-0.016845003,-0.17434542,-0.16285148,-0.8959818,-0.3241251,-0.23678139,0.0,-0.077703156,11.912147,25.259739
0.4,1.0,0.0,0.0,0.0,0.0,84.0,1.0,21.0,84.0,120.63333333333334,365.0,0.0,0.0,0.0,0.0,0.0,0.0,0.0,1.0,0.0,0.0,0.0,0.0,0.0,0.0,0.0,0.0,0.0,0.0,1.0,0.0,0.0,1.0,8.0,1.0,0.0,0.0,0.0,0.0,0.0,0.0,84.0,33.6,0.0,1.0,0.0,0.0,0.0,96.0,3.0,364.0,364.0,1092.0,1.4120746,-0.08978937,-0.013483043,-0.043600842,0.0024116186,-0.004754659,0.19276814,-0.04141208,-0.97073555,0.06962092,0.11588718,-1.88424,-0.19662079,-0.084134296,0.028867904,-0.10236843,-0.03316721,0.011664127,1.6745234e-06,-5.2502003,0.0010039419,0.0,0.05558065,0.00088197144,-0.5125525,0.0,-0.051477313,0.0,0.0,-0.47607285,-0.044427916,0.053846635,-0.038347606,-0.086004496,0.3438212,0.012855269,0.0,0.0,-0.0036773158,0.024542289,0.0,-0.00027000732,0.11637283,0.27211526,-0.0076860734,-0.16134912,-0.037112568,-0.27031952,-0.09487537,-0.8083622,-0.32389894,-0.040259715,0.0,-0.08231691,11.912147,2.872947
0.4,1.0,0.0,0.0,0.0,0.0,84.0,1.0,21.0,84.0,120.63333333333334,365.0,0.0,0.0,0.0,0.0,0.0,0.0,0.0,1.0,0.0,0.0,0.0,0.0,0.0,0.0,0.0,0.0,0.0,0.0,1.0,0.0,0.0,1.0,8.0,1.0,0.0,0.0,0.0,0.0,0.0,0.0,84.0,33.6,0.0,1.0,0.0,0.0,0.0,94.0,1.2,140.0,140.0,168.0,1.3568908,-0.08741525,-0.012262781,-0.044856522,0.0037227725,-0.0050912593,0.10136178,-0.039338134,-1.0698726,0.06288443,0.12820493,-1.8669502,-0.20133106,-0.09539024,0.039815295,-0.10025487,-0.033130724,0.0137713095,0.0010998651,-5.189676,0.0018054972,0.0,0.1102287,0.0015108597,-0.51263285,0.0,-0.056060772,0.0,0.0,-0.4289572,-0.017135689,0.058749113,-0.03546154,-0.08300116,0.34325728,0.015832322,0.0,0.0,-0.001466911,0.03872416,0.0,-0.0006242444,0.12388992,0.25127885,-0.002695956,-0.07947483,-0.017162628,-0.2380929,-0.09384544,0.0731919,1.5287378,-0.0041461964,0.0,0.23651779,11.912147,6.0872974
0.4,1.0,0.0,0.0,0.0,0.0,84.0,1.0,21.0,84.0,120.63333333333334,365.0,0.0,0.0,0.0,0.0,0.0,0.0,0.0,1.0,0.0,0.0,0.0,0.0,0.0,0.0,0.0,0.0,0.0,0.0,1.0,0.0,0.0,1.0,8.0,1.0,0.0,0.0,0.0,0.0,0.0,0.0,84.0,33.6,0.0,1.0,0.0,0.0,0.0,90.0,1.8,140.0,140.0,252.0,1.393085,-0.087268144,-0.012747061,-0.043155912,0.0024116186,-0.0052804463,0.13904539,-0.04438218,-1.0587167,0.08613046,0.14619087,-1.865809,-0.20914091,-0.09323475,0.037863363,-0.100188635,-0.0333099,0.012922477,0.00077839,-5.374399,0.0020384323,0.0,0.09843925,0.0010612892,-0.50179034,0.0,-0.056587383,0.0,0.0,-0.4489159,-0.019322794,0.057431422,-0.037595727,-0.08472158,0.34475884,0.017769279,0.0,0.0,-0.00095345965,0.028562691,0.0,-0.0024556564,0.13635911,0.27082556,-0.0025562528,-0.10529768,-0.0210731,-0.24814186,-0.09512819,0.11329558,0.93848383,-0.00665735,0.0,0.19518296,11.912147,5.3759513
0.4,1.0,0.0,0.0,0.0,0.0,84.0,1.0,21.0,84.0,120.63333333333334,365.0,0.0,0.0,0.0,0.0,0.0,0.0,0.0,1.0,0.0,0.0,0.0,0.0,0.0,0.0,0.0,0.0,0.0,0.0,1.0,0.0,0.0,1.0,8.0,1.0,0.0,0.0,0.0,0.0,0.0,0.0,84.0,33.6,0.0,1.0,0.0,0.0,0.0,92.0,2.4,140.0,140.0,336.0,1.3656603,-0.08743821,-0.013560725,-0.04419801,0.0024116186,-0.0041031083,0.08843028,-0.040420946,-1.0381163,0.0502662,0.125313,-1.8527251,-0.1995207,-0.09568336,0.03882453,-0.10152427,-0.03313389,0.013039863,-0.0003088869,-5.2744684,0.0009353793,0.0,0.10001787,0.0015108597,-0.5191822,0.0,-0.058514956,0.0,0.0,-0.46717086,-0.0019552119,0.05593512,-0.03874132,-0.0836098,0.32673264,0.015324913,0.0,0.0,-0.0012168488,0.024781479,0.0,-0.0024556564,0.071900286,0.35261458,-0.004123301,-0.10535064,-0.021217277,-0.25446215,-0.07313328,-0.06102308,0.2719255,-0.008419952,0.0,0.22423787,11.912147,4.556231
0.4,1.0,0.0,0.0,0.0,0.0,84.0,1.0,21.0,84.0,120.63333333333334,365.0,0.0,0.0,0.0,0.0,0.0,0.0,0.0,1.0,0.0,0.0,0.0,0.0,0.0,0.0,0.0,0.0,0.0,0.0,1.0,0.0,0.0,1.0,8.0,1.0,0.0,0.0,0.0,0.0,0.0,0.0,84.0,33.6,0.0,1.0,0.0,0.0,0.0,92.0,3.0,140.0,140.0,420.0,1.3566868,-0.08872912,-0.013423374,-0.040702086,0.0024116186,-0.004813005,0.06186593,-0.04102656,-1.0161209,0.039545726,0.118640974,-1.8557764,-0.19969916,-0.096202925,0.037928157,-0.10237862,-0.03313172,0.011687872,-0.0004927653,-5.209643,0.0009353793,0.0,0.07739152,0.0010156321,-0.5173677,0.0,-0.05893415,0.0,0.0,-0.47029784,-0.012411232,0.056462497,-0.038844936,-0.08359385,0.34762335,0.017010683,0.0,0.0,-0.0010759328,0.025435787,0.0,-0.0019830212,0.09397936,0.34121177,-0.0042746062,-0.15704814,-0.031336434,-0.26903602,-0.076237395,-0.16002642,-0.32220796,-0.06087579,0.0,-0.051134523,11.912147,3.4831564
0.4,1.0,0.0,0.0,0.0,0.0,84.0,1.0,21.0,84.0,120.63333333333334,365.0,0.0,0.0,0.0,0.0,0.0,0.0,0.0,1.0,0.0,0.0,0.0,0.0,0.0,0.0,0.0,0.0,0.0,0.0,1.0,0.0,0.0,1.0,8.0,1.0,0.0,0.0,0.0,0.0,0.0,0.0,84.0,33.6,0.0,1.0,0.0,0.0,0.0,29.0,3.0,280.0,280.0,840.0,1.4432333,-0.08806182,-0.013799337,-0.038882744,0.0024116186,-0.0020867705,0.055805143,-0.04194087,-0.89235,0.029271845,0.13720387,-1.8293668,-0.20103514,-0.09273724,0.040474266,-0.10184893,-0.032729566,0.012090212,0.0002176501,-5.5601234,0.0011683146,0.0,0.09537919,0.0013024593,-0.5086145,0.0,-0.061571386,0.0,0.0,-0.4972602,-0.01670653,0.057352286,-0.037987836,-0.08513115,0.3502513,0.018940369,0.0,0.0,-0.0010759328,0.023683917,0.0,-0.0003179027,0.102483325,0.31155175,-0.008657566,-0.102626525,-0.031967074,-0.26689586,-0.060378652,0.84027314,-0.2190786,-0.068023756,0.0,-0.03158201,11.912147,4.542402
0.4,1.0,0.0,0.0,0.0,0.0,84.0,1.0,21.0,84.0,120.63333333333334,365.0,0.0,0.0,0.0,0.0,0.0,0.0,0.0,1.0,0.0,0.0,0.0,0.0,0.0,0.0,0.0,0.0,0.0,0.0,1.0,0.0,0.0,1.0,8.0,1.0,0.0,0.0,0.0,0.0,0.0,0.0,84.0,33.6,0.0,1.0,0.0,0.0,1.0,412.0,3.0,392.0,392.0,1176.0,1.4090035,-0.09310908,-0.012614064,-0.043498218,0.002354238,-0.0021812753,0.24356195,-0.04085357,-0.9621675,0.03300764,0.12163444,-1.8686961,-0.18853937,-0.083698615,0.034474038,-0.10273883,-0.031382795,0.012721424,0.00033216673,-5.209802,-0.00018332209,0.0,0.053358197,0.0014895856,-0.5149081,0.0,-0.048738524,0.0,0.0,-0.48928064,-0.0939786,0.058971968,-0.03856678,-0.1018143,0.34351236,0.014016316,0.0,0.0,-0.0012057377,0.02655312,0.0,-0.00027000732,0.11356605,0.2806491,-0.004772838,-0.10246469,-0.04039223,-0.26065752,0.05519499,0.28379425,-0.2736932,0.073566616,0.0,-0.084186785,11.912147,4.3795195
0.4,1.0,0.0,0.0,0.0,0.0,84.0,1.0,21.0,84.0,120.63333333333334,365.0,0.0,0.0,0.0,0.0,0.0,0.0,0.0,1.0,0.0,0.0,0.0,0.0,0.0,0.0,0.0,0.0,0.0,0.0,1.0,0.0,0.0,1.0,8.0,1.0,0.0,0.0,0.0,0.0,0.0,0.0,84.0,33.6,0.0,1.0,0.0,0.0,1.0,204.0,1.8,392.0,392.0,705.6,1.3836044,-0.09146939,-0.011967098,-0.044280827,0.002354238,-0.0048464965,0.24115564,-0.042587377,-1.0226731,0.08765759,0.124922365,-1.9052467,-0.19347705,-0.08292972,0.03129479,-0.10153984,-0.031851772,0.0131574115,0.001069548,-5.2178454,0.0003090811,0.0,0.07792438,0.0014930035,-0.5082876,0.0,-0.0487239,0.0,0.0,-0.4453782,-0.078905374,0.06212261,-0.03741738,-0.10102833,0.3191914,0.01305713,0.0,0.0,-0.000975097,0.036396313,0.0,-0.00035482235,0.11772879,0.24948563,-0.0020817122,-0.09571945,-0.034726113,-0.2369543,0.123421334,-0.28714296,1.3668326,0.090931796,0.0,-0.0071816053,11.912147,5.6206675
0.4,1.0,0.0,0.0,0.0,0.0,84.0,1.0,21.0,84.0,120.63333333333334,365.0,0.0,0.0,0.0,0.0,0.0,0.0,0.0,1.0,0.0,0.0,0.0,0.0,0.0,0.0,0.0,0.0,0.0,0.0,1.0,0.0,0.0,1.0,8.0,1.0,0.0,0.0,0.0,0.0,0.0,0.0,84.0,33.6,0.0,1.0,0.0,0.0,1.0,2432.0,3.0,392.0,392.0,1176.0,1.4099807,-0.10083563,-0.014632412,-0.043536603,0.002354238,-0.0023984376,0.21746418,-0.040032145,-0.93943465,0.026957506,0.115654275,-1.8767681,-0.18928859,-0.083901815,0.030769896,-0.10412497,-0.031131633,0.010718088,-0.0005632404,-5.185071,0.00059121643,0.0,0.041529905,0.0014895856,-0.5150342,0.0,-0.048323873,0.0,0.0,-0.5197854,-0.110253766,0.05824228,-0.042959593,-0.0969975,0.33096507,0.012763668,0.0,0.0,-0.0013660756,0.024389151,0.0,-0.00026232423,0.13257155,0.27729064,-0.0047120443,-0.1325628,-0.04488748,-0.27067918,0.057928562,-0.94812596,-0.34320638,0.0009753747,0.0,-0.082810484,11.912147,2.8911011
0.4,1.0,0.0,0.0,0.0,0.0,84.0,1.0,21.0,84.0,120.63333333333334,365.0,0.0,0.0,0.0,0.0,0.0,0.0,0.0,1.0,0.0,0.0,0.0,0.0,0.0,0.0,0.0,0.0,0.0,0.0,1.0,0.0,0.0,1.0,8.0,1.0,0.0,0.0,0.0,0.0,0.0,0.0,84.0,33.6,0.0,1.0,0.0,0.0,1.0,1467.0,3.0,1120.0,1120.0,3360.0,1.4093795,-0.12152563,-0.013068926,-0.0440036,0.002354238,-0.0021458124,0.23176648,-0.040641513,-0.96972877,0.03345946,0.12106337,-1.8950748,-0.18902196,-0.08319991,0.031071216,-0.10305454,-0.032621443,0.011585441,0.0003308945,-5.198226,6.262396e-05,0.0,0.041593034,0.0014895856,-0.51315546,0.0,-0.044553835,0.0,0.0,-0.48519927,-0.081528336,0.059324283,-0.038717937,-0.09481102,0.33370134,0.011957748,0.0,0.0,-0.0010921902,0.024519442,0.0,-0.00027000732,0.14828019,0.26195195,-0.0045935498,-0.10576774,-0.041555177,-0.2630254,0.057142124,-0.07354166,-0.2803228,0.09600292,0.0,-0.085301615,11.912147,3.9834387
0.4,1.0,0.0,0.0,0.0,0.0,84.0,1.0,21.0,84.0,120.63333333333334,365.0,0.0,0.0,0.0,0.0,0.0,0.0,0.0,1.0,0.0,0.0,0.0,0.0,0.0,0.0,0.0,0.0,0.0,0.0,1.0,0.0,0.0,1.0,8.0,1.0,0.0,0.0,0.0,0.0,0.0,0.0,84.0,33.6,0.0,1.0,0.0,0.0,1.0,349.0,3.0,476.0,476.0,1428.0,1.390881,-0.09658825,-0.012927275,-0.045725517,0.002354238,-0.0032281498,0.1837888,-0.040092923,-0.93746614,0.031003986,0.116307214,-1.8769348,-0.18926205,-0.08307592,0.030383028,-0.10289423,-0.03367591,0.0115818195,-0.00022518584,-5.1640882,-0.0003252159,0.0,0.041898586,0.0014930035,-0.5157122,0.0,-0.045386843,0.0,0.0,-0.4975939,-0.07309966,0.059202418,-0.038812313,-0.095607,0.33154306,0.014825217,0.0,0.0,-0.001536025,0.023026412,0.0,-0.00027000732,0.1298872,0.28743047,-0.005454508,-0.15653068,-0.04138594,-0.26331443,0.04734207,-0.7907177,-0.35873348,-0.04337786,0.0,-0.10244585,11.912147,2.998611
0.4,1.0,0.0,0.0,0.0,0.0,84.0,1.0,21.0,84.0,120.63333333333334,365.0,0.0,0.0,0.0,0.0,0.0,0.0,0.0,1.0,0.0,0.0,0.0,0.0,0.0,0.0,0.0,0.0,0.0,0.0,1.0,0.0,0.0,1.0,8.0,1.0,0.0,0.0,0.0,0.0,0.0,0.0,84.0,33.6,1.0,0.0,0.0,0.0,1.0,175.0,3.0,224.0,224.0,672.0,1.4016584,-0.089620136,-0.012654622,-0.051317897,0.002354238,-0.0025182054,0.18806322,-0.04168661,-1.0744272,-0.037806924,0.113748536,-1.8818437,-0.19324379,-0.082283415,0.031872395,-0.10270598,-0.033767395,0.0111681335,2.5770336e-05,-5.237672,0.0010643393,0.0,0.06975792,0.0023971742,-0.52160436,0.0,-0.050560836,0.0,0.0,-0.47259662,-0.09143951,0.055012178,-0.039186317,-0.10149601,0.34144074,0.016614882,0.0,0.0,-0.0014513156,0.026667569,0.0,-0.00017082467,0.16243197,0.26946375,0.073447384,0.49895707,-0.042777292,-0.28769317,0.077181116,-0.7381721,-0.29431415,-0.045525253,0.0,-0.00796302,11.912147,3.7189753
0.4,1.0,0.0,0.0,0.0,0.0,84.0,1.0,21.0,84.0,120.63333333333334,365.0,0.0,0.0,0.0,0.0,0.0,0.0,0.0,1.0,0.0,0.0,0.0,0.0,0.0,0.0,0.0,0.0,0.0,0.0,1.0,0.0,0.0,1.0,8.0,1.0,0.0,0.0,0.0,0.0,0.0,0.0,84.0,33.6,0.0,0.0,1.0,0.0,1.0,125.0,3.0,392.0,392.0,1176.0,1.4108375,-0.09280181,-0.011874737,-0.050760414,0.0021963874,-0.0025300046,0.15678252,-0.040992253,-1.1084288,-0.02931255,0.115370795,-1.8902727,-0.19284247,-0.08036964,0.031924926,-0.101701535,-0.033476815,0.01068921,7.592402e-05,-5.205559,0.0009882945,0.0,0.06019613,0.0025747763,-0.5234899,0.0,-0.051742513,0.0,0.0,-0.47842458,-0.052187122,0.054876816,-0.03875499,-0.091187,0.33657244,0.015514362,0.0,0.0,-0.0013631545,0.030619351,0.0,-0.00015725255,0.18028648,0.28906506,0.014074913,0.5564244,0.42581677,-0.28400868,0.09135978,-0.542563,-0.268272,0.031550888,0.0,-0.06823732,11.912147,4.488636
0.4,1.0,0.0,0.0,0.0,0.0,84.0,1.0,21.0,84.0,120.63333333333334,365.0,0.0,0.0,0.0,0.0,0.0,0.0,0.0,1.0,0.0,0.0,0.0,0.0,0.0,0.0,0.0,0.0,0.0,0.0,1.0,0.0,0.0,1.0,8.0,1.0,0.0,0.0,0.0,0.0,0.0,0.0,84.0,33.6,0.0,0.0,0.0,1.0,1.0,17.0,3.0,364.0,364.0,1092.0,1.4342912,-0.06939555,-0.015941404,-0.029129008,0.0025758168,-0.0014890581,0.12950902,-0.03581363,-0.98004514,-0.01623405,0.13798577,-1.7628397,-0.20005445,-0.0924603,0.041281257,-0.08588442,-0.035527762,0.011260196,0.00042253523,-5.3943696,0.0021306656,0.0,0.1361013,0.0030795743,-0.49762326,0.0,-0.06697993,0.0,0.0,-0.45849866,-0.05533117,0.04837995,-0.03633618,-0.0877204,0.4152327,0.016506843,0.0,0.0,-0.00057625026,0.021257663,0.0,-0.00016797423,0.121567115,0.30408597,-0.0035110656,0.11427958,-0.033461697,1.4760817,0.02757,-0.2782356,-0.1848134,-0.046534974,0.0,-0.044415575,11.912147,5.8423486
0.4,1.0,0.0,0.0,0.0,0.0,84.0,1.0,21.0,84.0,120.63333333333334,365.0,0.0,0.0,0.0,0.0,0.0,0.0,0.0,1.0,0.0,0.0,0.0,0.0,0.0,0.0,0.0,0.0,0.0,0.0,1.0,0.0,0.0,1.0,8.0,1.0,0.0,0.0,0.0,0.0,0.0,0.0,84.0,33.6,0.0,0.0,0.0,1.0,1.0,14.0,3.0,364.0,364.0,1092.0,1.1679735,-0.079684764,-0.015472437,-0.028576598,0.0025758168,-0.0023738511,0.11312509,-0.03269249,-1.2970942,0.14927927,0.12576778,-1.8100382,-0.17081109,-0.06474282,0.054216314,-0.08312478,-0.033724632,0.014748274,0.0034859728,-5.567601,0.030064741,0.0,0.17918405,0.002711309,-0.45047778,0.0,-0.06436201,0.0,0.0,-0.4448136,-0.042180777,0.048465166,-0.03633618,-0.08613785,0.40771767,0.012383698,0.0,0.0,-0.00057625026,0.082027875,0.0,-0.00016797423,0.13519743,0.55417013,0.00013885407,0.4161201,-0.027211776,1.5003942,0.027689505,3.2407253,-0.13415956,-0.01393058,0.0,-0.023503872,11.912147,9.670515
0.4,1.0,0.0,0.0,0.0,0.0,84.0,1.0,21.0,84.0,120.63333333333334,365.0,0.0,0.0,0.0,0.0,0.0,0.0,0.0,1.0,0.0,0.0,0.0,0.0,0.0,0.0,0.0,0.0,0.0,0.0,1.0,0.0,0.0,1.0,8.0,1.0,0.0,0.0,0.0,0.0,0.0,0.0,84.0,33.6,0.0,0.0,0.0,1.0,1.0,31.0,3.0,364.0,364.0,1092.0,1.4346948,-0.0786941,-0.013925059,-0.021834612,0.00277828,-0.0021158822,0.056850504,-0.035750505,-1.0227929,0.0059523517,0.14560275,-1.8720165,-0.1950162,-0.09296481,0.040591966,-0.087067306,-0.03312899,0.012224828,0.0003619574,-5.5024543,0.0021631117,0.0,0.14133415,0.0023844203,-0.5090386,0.0,-0.06443384,0.0,0.0,-0.46098635,-0.028075023,0.051526815,-0.036050085,-0.08775993,0.41894388,0.020708455,0.0,0.0,-0.0005473767,0.024694994,0.0,-0.0005001456,0.16058993,0.3667319,0.012637918,0.51213205,-0.033674587,1.5944923,0.043514274,0.87116885,-0.1713412,-0.02659193,0.0,-0.047165178,11.912147,7.4102964
0.4,1.0,0.0,0.0,0.0,0.0,84.0,1.0,21.0,84.0,120.63333333333334,365.0,0.0,0.0,0.0,0.0,0.0,0.0,0.0,1.0,0.0,0.0,0.0,0.0,0.0,0.0,0.0,0.0,0.0,0.0,1.0,0.0,0.0,1.0,8.0,1.0,0.0,0.0,0.0,0.0,0.0,0.0,84.0,33.6,0.0,1.0,0.0,0.0,1.0,194.0,3.0,392.0,392.0,1176.0,1.4022093,-0.09494838,-0.014570621,-0.043760594,0.002354238,-0.0061406917,0.19998308,-0.040902626,-0.9488399,0.02825301,0.11582637,-1.8631817,-0.19421662,-0.08446832,0.02987707,-0.103265636,-0.036173563,0.011109648,-0.002428767,-5.201788,0.0004996593,0.0,0.052137963,0.0014930035,-0.51520103,0.0,-0.049651317,0.0,0.0,-0.49748528,-0.07185241,0.0562324,-0.038415596,-0.101232015,0.3347511,0.013298237,0.0,0.0,-0.002039339,0.024611896,0.0,-0.00027000732,0.13178456,0.28328416,-0.009041258,-0.19036613,-0.04494519,-0.26971328,0.037407473,-1.4397459,-0.37610903,-0.02954333,0.0,-0.12936945,11.912147,2.237597
0.4,1.0,0.0,0.0,0.0,0.0,84.0,1.0,21.0,84.0,120.63333333333334,365.0,0.0,0.0,0.0,0.0,0.0,0.0,0.0,1.0,0.0,0.0,0.0,0.0,0.0,0.0,0.0,0.0,0.0,0.0,1.0,0.0,0.0,1.0,8.0,1.0,0.0,0.0,0.0,0.0,0.0,0.0,84.0,33.6,0.0,1.0,0.0,0.0,1.0,117.0,3.0,476.0,476.0,1428.0,1.390535,-0.09101037,-0.012564208,-0.04437729,0.002354238,-0.004757135,0.16743231,-0.04061722,-0.96727175,0.016268507,0.11623054,-1.8597428,-0.19305903,-0.08245933,0.02880702,-0.10317637,-0.033955127,0.0104429,-9.8854274e-05,-5.2170525,-0.0001346377,0.0,0.05714576,0.0014930035,-0.5152568,0.0,-0.046669453,0.0,0.0,-0.47796443,-0.06891172,0.05467757,-0.038746096,-0.094624884,0.3433537,0.0118335085,0.0,0.0,-0.00147868,0.024925666,0.0,-0.00027000732,0.124264285,0.2853676,-0.006111735,-0.15630277,-0.042740297,-0.2662254,0.08358087,-0.58427644,-0.3243846,0.13180088,0.0,-0.10878414,11.912147,3.3796384
0.4,1.0,0.0,0.0,0.0,0.0,84.0,1.0,21.0,84.0,120.63333333333334,365.0,0.0,0.0,0.0,0.0,0.0,0.0,0.0,1.0,0.0,0.0,0.0,0.0,0.0,0.0,0.0,0.0,0.0,0.0,1.0,0.0,0.0,1.0,8.0,1.0,0.0,0.0,0.0,0.0,0.0,0.0,84.0,33.6,0.0,1.0,0.0,0.0,0.0,19.0,3.0,112.0,112.0,336.0,1.4340248,-0.08782865,-0.013816867,-0.043150235,0.0023903933,-0.0016506646,0.12999283,-0.041549217,-0.98996705,0.0334094,0.13226661,-1.7845707,-0.20064424,-0.091680914,0.040887408,-0.10117027,-0.03342728,0.0123938145,0.0011739552,-5.461733,0.0011358685,0.0,0.093124695,0.0011496737,-0.48868135,0.0,-0.061770253,0.0,0.0,-0.49237293,-0.02232873,0.056778654,-0.037944376,-0.08407476,0.35696045,0.017872171,0.0,0.0,-0.00087099057,0.024330381,0.0,-0.0003179027,0.12211665,0.26022494,-0.0022883576,-0.07519077,-0.026180323,-0.25970304,-0.04007374,1.050319,-0.17538427,0.42957768,0.0,0.15507868,11.912147,5.648985
0.4,1.0,0.0,0.0,0.0,0.0,84.0,1.0,21.0,84.0,120.63333333333334,365.0,0.0,0.0,0.0,0.0,0.0,0.0,0.0,1.0,0.0,0.0,0.0,0.0,0.0,0.0,0.0,0.0,0.0,0.0,1.0,0.0,0.0,1.0,8.0,1.0,0.0,0.0,0.0,0.0,0.0,0.0,84.0,33.6,0.0,1.0,0.0,0.0,0.0,108.0,3.0,182.0,182.0,546.0,1.4095426,-0.089496054,-0.014284859,-0.044420186,0.0024116186,-0.004813362,0.20235,-0.042112574,-0.98596215,0.059551544,0.11425996,-1.8851042,-0.1964755,-0.085279964,0.02882921,-0.10290894,-0.0343728,0.011045229,-0.000754733,-5.1951113,0.0009353793,0.0,0.055192836,0.0010156321,-0.510902,0.0,-0.050996087,0.0,0.0,-0.47014353,-0.03329046,0.055826437,-0.038117565,-0.086169824,0.34763405,0.012874673,0.0,0.0,-0.0034692748,0.025435787,0.0,-0.00034404846,0.119208544,0.2711397,-0.006355598,-0.1619188,-0.03595079,-0.26918313,-0.11670308,-0.8517116,-0.33062682,-0.23767377,0.0,-0.058978714,11.912147,2.6857696
0.05,0.0,0.0,1.0,0.0,0.0,32.0,1.0,211.625,300.0,120.63333333333334,45.0,0.0,0.0,0.0,1.0,0.0,0.0,0.0,0.0,0.0,0.0,0.0,0.0,0.0,0.0,0.0,0.0,0.0,1.0,0.0,0.0,0.0,1.0,12.0,1.0,0.0,0.0,0.0,0.0,0.0,0.0,64.0,3.2,0.0,1.0,0.0,0.0,0.0,96.0,3.0,364.0,364.0,1092.0,-0.4106583,0.09567784,-0.010967073,0.033525515,0.0015029323,-0.004579908,-0.046679586,-0.218247,-0.70472634,-0.80727226,0.08544033,-1.3890654,-0.4346552,-0.12390146,0.058641493,0.5748255,-0.018800864,0.0110702915,0.0010929356,0.11192602,0.00041536908,0.0,0.014663247,-0.00028461264,-0.1297007,0.0,-0.045736082,0.0,0.0,0.2245269,-0.028120259,0.07763409,-0.19198564,-0.18970883,-2.0304935,0.011556351,0.0,0.0,-0.0039140712,0.02215424,0.0,-0.00012055823,0.3049042,0.09911849,0.0015091547,-0.22032236,-0.014454884,-0.21746023,-0.2182436,-0.89010197,-0.32277307,-0.016260788,0.0,-0.06659853,11.912147,4.886499
0.05,0.0,0.0,1.0,0.0,0.0,32.0,1.0,211.625,300.0,120.63333333333334,45.0,0.0,0.0,0.0,1.0,0.0,0.0,0.0,0.0,0.0,0.0,0.0,0.0,0.0,0.0,0.0,0.0,0.0,1.0,0.0,0.0,0.0,1.0,12.0,1.0,0.0,0.0,0.0,0.0,0.0,0.0,64.0,3.2,0.0,1.0,0.0,0.0,0.0,94.0,1.2,140.0,140.0,168.0,-0.47758305,0.09699539,-0.011344746,0.04749676,0.0028140862,-0.005002375,-0.034869954,-0.21760967,-0.63091785,-0.7649035,0.10015855,-1.3389288,-0.42175972,-0.17842601,0.08035948,0.5567621,-0.019148558,0.011884025,0.003202858,0.11826483,0.0004070865,0.0,0.027547631,0.0018717853,-0.13472609,0.0,-0.05025268,0.0,0.0,0.16334976,-0.05345977,0.09562515,-0.16640744,-0.19270007,-1.8951086,0.013679356,0.0,0.0,-0.0021495132,0.042865656,0.0,-0.00023446529,0.24682818,-0.062754594,0.0031473092,-0.1236267,-0.011564781,-0.17631169,-0.14271912,0.16691202,1.5916891,-0.1010478,0.0,0.19190264,11.912147,8.262356
0.05,0.0,0.0,1.0,0.0,0.0,32.0,1.0,211.625,300.0,120.63333333333334,45.0,0.0,0.0,0.0,1.0,0.0,0.0,0.0,0.0,0.0,0.0,0.0,0.0,0.0,0.0,0.0,0.0,0.0,1.0,0.0,0.0,0.0,1.0,12.0,1.0,0.0,0.0,0.0,0.0,0.0,0.0,64.0,3.2,0.0,1.0,0.0,0.0,0.0,90.0,1.8,140.0,140.0,252.0,-0.5210652,0.09402388,-0.010593846,0.04049139,0.0015029323,-0.00696242,-0.015792988,-0.21778323,-0.6411826,-0.68287843,0.11435094,-1.3366216,-0.42540798,-0.17871007,0.077995874,0.5617724,-0.021565108,0.0114701595,0.0025236297,0.12149052,0.00043682373,0.0,0.023310237,0.0008936092,-0.1339506,0.0,-0.051780988,0.0,0.0,0.2027253,-0.026570065,0.08942821,-0.19167349,-0.2013227,-1.9663621,0.015552421,0.0,0.0,-0.0020120975,0.022866488,0.0,-0.00053008046,0.29202154,-0.09234005,0.0030192882,-0.13964546,-0.009801198,-0.19320719,-0.15415394,0.3276073,0.92160964,-0.09788064,0.0,0.11640568,11.912147,7.6338487
0.05,0.0,0.0,1.0,0.0,0.0,32.0,1.0,211.625,300.0,120.63333333333334,45.0,0.0,0.0,0.0,1.0,0.0,0.0,0.0,0.0,0.0,0.0,0.0,0.0,0.0,0.0,0.0,0.0,0.0,1.0,0.0,0.0,0.0,1.0,12.0,1.0,0.0,0.0,0.0,0.0,0.0,0.0,64.0,3.2,0.0,1.0,0.0,0.0,0.0,92.0,2.4,140.0,140.0,336.0,-0.41731304,0.09348911,-0.011552427,0.050966654,0.0015029323,-0.0038928958,-0.00174489,-0.21864149,-0.6672145,-0.6961379,0.09761166,-1.3884699,-0.4206033,-0.1834194,0.07726102,0.5695258,-0.019072242,0.011575556,2.9513725e-05,0.11050613,0.0003452201,0.0,0.030780947,0.0018717853,-0.13938528,0.0,-0.052284636,0.0,0.0,0.21512325,-0.031442463,0.082603045,-0.20283732,-0.1927325,-1.8932446,0.013826507,0.0,0.0,-0.0022754867,0.022689393,0.0,-0.00053008046,0.2556451,-0.06439411,0.0028421283,-0.14557214,-0.010074154,-0.19582091,-0.13233961,0.07463212,0.25698164,-0.09841027,0.0,0.23360206,11.912147,6.9261537
0.05,0.0,0.0,1.0,0.0,0.0,32.0,1.0,211.625,300.0,120.63333333333334,45.0,0.0,0.0,0.0,1.0,0.0,0.0,0.0,0.0,0.0,0.0,0.0,0.0,0.0,0.0,0.0,0.0,0.0,1.0,0.0,0.0,0.0,1.0,12.0,1.0,0.0,0.0,0.0,0.0,0.0,0.0,64.0,3.2,0.0,1.0,0.0,0.0,0.0,92.0,3.0,140.0,140.0,420.0,-0.3954194,0.09339604,-0.011363318,0.035281662,0.0015029323,-0.0046366085,-0.004278283,-0.22367045,-0.69557655,-0.6755203,0.09039306,-1.3937007,-0.43102887,-0.18392555,0.06548038,0.57246196,-0.01835702,0.011006759,-8.892066e-05,0.109753445,0.0003452201,0.0,0.01168662,0.0007949908,-0.13824311,0.0,-0.052940045,0.0,0.0,0.21678123,-0.029647203,0.07831207,-0.20286073,-0.19260184,-1.973044,0.014557339,0.0,0.0,-0.0014609693,0.022789715,0.0,-0.0003916704,0.2943565,-0.036261477,0.0012093557,-0.21128614,-0.014276032,-0.21008603,-0.12902589,-0.012411147,-0.33871755,-0.13968435,0.0,-0.043638777,11.912147,5.768115
0.05,0.0,0.0,1.0,0.0,0.0,32.0,1.0,211.625,300.0,120.63333333333334,45.0,0.0,0.0,0.0,1.0,0.0,0.0,0.0,0.0,0.0,0.0,0.0,0.0,0.0,0.0,0.0,0.0,0.0,1.0,0.0,0.0,0.0,1.0,12.0,1.0,0.0,0.0,0.0,0.0,0.0,0.0,64.0,3.2,0.0,1.0,0.0,0.0,0.0,29.0,3.0,280.0,280.0,840.0,-0.48751497,0.08667445,-0.011210239,0.032372475,0.0015029323,-0.0019849944,-0.018992433,-0.2213217,-0.61987096,-0.62687576,0.10628919,-1.3942472,-0.43202245,-0.18035041,0.06456811,0.5831897,-0.018151293,0.011409098,0.0009918631,0.12094563,0.0003749573,0.0,0.018721959,0.0010524796,-0.13691297,0.0,-0.05550997,0.0,0.0,0.22429553,-0.027705308,0.078819916,-0.19487298,-0.2065202,-2.1027067,0.016456364,0.0,0.0,-0.0014609693,0.02115182,0.0,-0.00015030177,0.31538397,-0.059447344,0.0011471371,-0.19039524,-0.010763797,-0.20465702,-0.12439214,1.0118847,-0.20542814,-0.019925443,0.0,-0.03909617,11.912147,7.0168896
0.05,0.0,0.0,1.0,0.0,0.0,32.0,1.0,211.625,300.0,120.63333333333334,45.0,0.0,0.0,0.0,1.0,0.0,0.0,0.0,0.0,0.0,0.0,0.0,0.0,0.0,0.0,0.0,0.0,0.0,1.0,0.0,0.0,0.0,1.0,12.0,1.0,0.0,0.0,0.0,0.0,0.0,0.0,64.0,3.2,0.0,1.0,0.0,0.0,1.0,412.0,3.0,392.0,392.0,1176.0,-0.41985816,0.09338887,-0.0106524015,0.021098599,0.0014455515,-0.0020516566,-0.071398646,-0.21495378,-0.6027895,-0.8667532,0.08840548,-1.396215,-0.4256501,-0.12420735,0.0627935,0.575074,-0.018798236,0.0128293745,0.0015294467,0.110375166,0.00028950788,0.0,0.024818478,0.0009192635,-0.12849838,0.0,-0.04329076,0.0,0.0,0.22835465,-0.0276372,0.08030084,-0.1941894,-0.20505619,-1.9649873,0.0071868943,0.0,0.0,-0.001322618,0.02260418,0.0,-0.00012055823,0.29225275,0.0958867,0.0028779916,-0.17792362,-0.010614507,-0.20881666,0.08225711,0.11576775,-0.2973341,0.1403937,0.0,-0.05853384,11.912147,6.501346
0.05,0.0,0.0,1.0,0.0,0.0,32.0,1.0,211.625,300.0,120.63333333333334,45.0,0.0,0.0,0.0,1.0,0.0,0.0,0.0,0.0,0.0,0.0,0.0,0.0,0.0,0.0,0.0,0.0,0.0,1.0,0.0,0.0,0.0,1.0,12.0,1.0,0.0,0.0,0.0,0.0,0.0,0.0,64.0,3.2,0.0,1.0,0.0,0.0,1.0,204.0,1.8,392.0,392.0,705.6,-0.3785983,0.09530448,-0.010285603,0.012431682,0.0014455515,-0.0040731356,-0.08272916,-0.22963613,-0.48003438,-0.92818844,0.09445688,-1.3576658,-0.41940513,-0.11786536,0.07494459,0.55603194,-0.018570215,0.013097012,0.0033955108,0.11978016,0.0003674418,0.0,0.048491932,0.00092258316,-0.12485697,0.0,-0.044154633,0.0,0.0,0.21351689,-0.05884168,0.08516749,-0.18135722,-0.19819148,-1.8669633,0.0113721555,0.0,0.0,-0.0012153722,0.03576233,0.0,-0.00016787331,0.20394926,0.06563127,0.0016086554,-0.13371345,-0.007974039,-0.17526856,0.13728711,-0.34518597,1.4102635,0.124091186,0.0,-0.01744995,11.912147,8.039075
0.05,0.0,0.0,1.0,0.0,0.0,32.0,1.0,211.625,300.0,120.63333333333334,45.0,0.0,0.0,0.0,1.0,0.0,0.0,0.0,0.0,0.0,0.0,0.0,0.0,0.0,0.0,0.0,0.0,0.0,1.0,0.0,0.0,0.0,1.0,12.0,1.0,0.0,0.0,0.0,0.0,0.0,0.0,64.0,3.2,0.0,1.0,0.0,0.0,1.0,2432.0,3.0,392.0,392.0,1176.0,-0.4160642,0.08910199,-0.01208885,0.023583284,0.0014455515,-0.0021834706,0.074582286,-0.20139709,-0.67447,-0.8413806,0.08603475,-1.4008853,-0.42393813,-0.12556528,0.059282225,0.57717854,-0.020087192,0.011192061,-0.0007809455,0.1099968,0.00038622972,0.0,0.013012748,0.0009192635,-0.1303149,0.0,-0.042936422,0.0,0.0,0.23774338,-0.028065568,0.080114715,-0.19152653,-0.20316514,-1.9208397,0.010336398,0.0,0.0,-0.0025503635,0.022071885,0.0,-0.00011651711,0.31853908,0.101823784,0.00250241,-0.19278726,-0.015856896,-0.21879664,0.08416984,-1.0791744,-0.34018993,0.06526763,0.0,-0.054177217,11.912147,5.342096
0.05,0.0,0.0,1.0,0.0,0.0,32.0,1.0,211.625,300.0,120.63333333333334,45.0,0.0,0.0,0.0,1.0,0.0,0.0,0.0,0.0,0.0,0.0,0.0,0.0,0.0,0.0,0.0,0.0,0.0,1.0,0.0,0.0,0.0,1.0,12.0,1.0,0.0,0.0,0.0,0.0,0.0,0.0,64.0,3.2,0.0,1.0,0.0,0.0,1.0,1467.0,3.0,1120.0,1120.0,3360.0,-0.3931173,0.09618035,-0.010736437,0.02182042,0.0014455515,-0.002031479,-0.062271673,-0.21555476,-0.60893476,-0.8443074,0.08871312,-1.4357743,-0.42083508,-0.12370865,0.06108195,0.57522684,-0.019992692,0.011400206,0.0013344602,0.11002689,0.00037484508,0.0,0.030240592,0.0009192635,-0.12674579,0.0,-0.03971745,0.0,0.0,0.22472069,-0.02373299,0.078946486,-0.19658242,-0.19900838,-1.9441488,0.006378156,0.0,0.0,-0.0012090703,0.02123003,0.0,-0.00012055823,0.31190845,0.06902835,0.0023988753,-0.18322009,-0.012602581,-0.21145086,0.097575486,-0.2373936,-0.31267667,0.2294975,0.0,-0.07898162,11.912147,6.2477417
0.05,0.0,0.0,1.0,0.0,0.0,32.0,1.0,211.625,300.0,120.63333333333334,45.0,0.0,0.0,0.0,1.0,0.0,0.0,0.0,0.0,0.0,0.0,0.0,0.0,0.0,0.0,0.0,0.0,0.0,1.0,0.0,0.0,0.0,1.0,12.0,1.0,0.0,0.0,0.0,0.0,0.0,0.0,64.0,3.2,0.0,1.0,0.0,0.0,1.0,349.0,3.0,476.0,476.0,1428.0,-0.33651105,0.09944836,-0.01090162,0.032042667,0.0014455515,-0.0030772933,-0.049812093,-0.21316063,-0.6260819,-0.8717331,0.086806454,-1.3965796,-0.42224392,-0.12353096,0.060453385,0.57670987,-0.020138312,0.011396584,0.00091909897,0.10956783,0.00035074726,0.0,0.015259331,0.00092258316,-0.12869084,0.0,-0.040668506,0.0,0.0,0.23302743,-0.032597337,0.0779958,-0.1974725,-0.1986607,-1.9533148,0.0135869915,0.0,0.0,-0.0016529053,0.020706177,0.0,-0.00012055823,0.32793385,0.09723889,-0.00021800015,-0.21179502,-0.012253158,-0.21160683,0.0809274,-0.8773349,-0.37221113,-0.06609246,0.0,-0.0873239,11.912147,5.293107
0.05,0.0,0.0,1.0,0.0,0.0,32.0,1.0,211.625,300.0,120.63333333333334,45.0,0.0,0.0,0.0,1.0,0.0,0.0,0.0,0.0,0.0,0.0,0.0,0.0,0.0,0.0,0.0,0.0,0.0,1.0,0.0,0.0,0.0,1.0,12.0,1.0,0.0,0.0,0.0,0.0,0.0,0.0,64.0,3.2,1.0,0.0,0.0,0.0,1.0,175.0,3.0,224.0,224.0,672.0,-0.3244384,0.09583535,-0.010966068,0.044932187,0.0014455515,-0.0023643353,-0.0463093,-0.23102511,-0.76985866,-0.8160561,0.08686083,-1.409235,-0.41727862,-0.12168425,0.06131524,0.5347704,-0.019403005,0.010944896,0.0008792286,0.11022466,0.00036400364,0.0,0.033166476,0.0018222796,-0.13592719,0.0,-0.044547692,0.0,0.0,0.22123244,-0.029976023,0.07533393,-0.2007074,-0.2026625,-2.0299647,0.01206998,0.0,0.0,-0.0013567506,0.023356892,0.0,-0.00010150244,0.3476489,0.121288255,0.052851852,0.6323041,-0.014668221,-0.22980605,0.0970714,-0.82014984,-0.29516894,-0.08055695,0.0,-0.015542264,11.912147,6.208112
0.05,0.0,0.0,1.0,0.0,0.0,32.0,1.0,211.625,300.0,120.63333333333334,45.0,0.0,0.0,0.0,1.0,0.0,0.0,0.0,0.0,0.0,0.0,0.0,0.0,0.0,0.0,0.0,0.0,0.0,1.0,0.0,0.0,0.0,1.0,12.0,1.0,0.0,0.0,0.0,0.0,0.0,0.0,64.0,3.2,0.0,0.0,1.0,0.0,1.0,125.0,3.0,392.0,392.0,1176.0,-0.39518374,0.102238454,-0.009845564,0.045240443,0.0012877011,-0.0027592813,-0.039502263,-0.21899496,-0.74441963,-0.84268934,0.089225784,-1.375721,-0.41499278,-0.121378645,0.060935307,0.5249919,-0.01913659,0.010483151,0.00086708297,0.1089717,0.00041809294,0.0,0.021810673,0.0010805774,-0.1360805,0.0,-0.04656406,0.0,0.0,0.23763242,-0.02902697,0.07471927,-0.19823031,-0.19609332,-2.1164567,0.009876249,0.0,0.0,-0.0012685895,0.027400572,0.0,-9.1733586e-05,0.37139902,0.10690613,0.023159748,0.69096905,0.20542932,-0.23128973,0.13452484,-0.6258388,-0.26915345,0.097092755,0.0,-0.044213437,11.912147,6.779875
0.05,0.0,0.0,1.0,0.0,0.0,32.0,1.0,211.625,300.0,120.63333333333334,45.0,0.0,0.0,0.0,1.0,0.0,0.0,0.0,0.0,0.0,0.0,0.0,0.0,0.0,0.0,0.0,0.0,0.0,1.0,0.0,0.0,0.0,1.0,12.0,1.0,0.0,0.0,0.0,0.0,0.0,0.0,64.0,3.2,0.0,0.0,0.0,1.0,1.0,17.0,3.0,364.0,364.0,1092.0,-0.59913206,0.0011659772,-0.012207752,0.03545312,0.0022117826,-0.0013570248,0.012680417,-0.14787194,-0.51301605,-0.52725285,0.108792394,-1.3666693,-0.42927676,-0.15548466,0.06652842,0.4398427,-0.020944078,0.010651412,0.0011721422,0.11729202,0.0005017731,0.0,0.01382427,0.0036877885,-0.14577761,0.0,-0.058999654,0.0,0.0,0.21966149,-0.020247301,0.06898989,-0.16645949,-0.2073295,-2.0632868,0.011090083,0.0,0.0,-0.0008901411,0.02113318,0.0,-9.945076e-05,0.29904762,-0.021015164,0.0028756189,0.33447802,-0.0111974655,1.0372754,0.0641298,-0.10814121,-0.16370194,-0.011730044,0.0,-0.0011791307,11.912147,8.0313635
0.05,0.0,0.0,1.0,0.0,0.0,32.0,1.0,211.625,300.0,120.63333333333334,45.0,0.0,0.0,0.0,1.0,0.0,0.0,0.0,0.0,0.0,0.0,0.0,0.0,0.0,0.0,0.0,0.0,0.0,1.0,0.0,0.0,0.0,1.0,12.0,1.0,0.0,0.0,0.0,0.0,0.0,0.0,64.0,3.2,0.0,0.0,0.0,1.0,1.0,14.0,3.0,364.0,364.0,1092.0,-0.8263264,-0.042334404,-0.011114529,0.03714873,0.0022117826,0.0033115863,0.1155728,-0.1474293,-0.47751537,-0.53921646,0.10536287,-1.3484136,-0.3643668,-0.12344377,0.068562835,0.3584541,-0.017004851,0.013454301,0.012469103,0.13029829,0.004101851,0.0,0.03963602,0.002448522,-0.14070621,0.0,-0.054531537,0.0,0.0,0.20928489,-0.02427375,0.06878377,-0.16645949,-0.20415822,-1.8431604,0.013934478,0.0,0.0,-0.0008901411,0.054033834,0.0,-9.945076e-05,0.20994884,-0.11451623,0.0055300198,0.5033776,-0.010890264,1.1702358,0.06419359,3.5952022,-0.12703793,0.012285058,0.0,0.001228221,11.912147,12.129332
0.05,0.0,0.0,1.0,0.0,0.0,32.0,1.0,211.625,300.0,120.63333333333334,45.0,0.0,0.0,0.0,1.0,0.0,0.0,0.0,0.0,0.0,0.0,0.0,0.0,0.0,0.0,0.0,0.0,0.0,1.0,0.0,0.0,0.0,1.0,12.0,1.0,0.0,0.0,0.0,0.0,0.0,0.0,64.0,3.2,0.0,0.0,0.0,1.0,1.0,31.0,3.0,364.0,364.0,1092.0,-0.580724,0.011776648,-0.010456646,0.037869662,0.0041951006,-0.0020790105,-0.025933467,-0.14600182,-0.60987383,-0.54655457,0.11744073,-1.3799222,-0.42402318,-0.15153915,0.070281856,0.4625477,-0.018018214,0.011792296,0.0010728076,0.12187231,0.0005063027,0.0,0.008479984,0.0008663723,-0.144816,0.0,-0.05624705,0.0,0.0,0.21886137,-0.026723638,0.07472549,-0.16146263,-0.20736903,-2.0937643,0.018785896,0.0,0.0,-0.00086242054,0.021477526,0.0,-0.00018436703,0.3673909,-0.029073521,0.023170626,0.6850847,-0.01157346,1.2807105,0.077323064,1.133795,-0.14033474,0.01219372,0.0,-0.009135498,11.912147,9.897698
0.05,0.0,0.0,1.0,0.0,0.0,32.0,1.0,211.625,300.0,120.63333333333334,45.0,0.0,0.0,0.0,1.0,0.0,0.0,0.0,0.0,0.0,0.0,0.0,0.0,0.0,0.0,0.0,0.0,0.0,1.0,0.0,0.0,0.0,1.0,12.0,1.0,0.0,0.0,0.0,0.0,0.0,0.0,64.0,3.2,0.0,1.0,0.0,0.0,1.0,194.0,3.0,392.0,392.0,1176.0,-0.40837213,0.0969846,-0.012779908,0.027562797,0.0014455515,-0.006007541,-0.033686936,-0.21968877,-0.6311088,-0.8877589,0.086393945,-1.3983766,-0.4300385,-0.124814935,0.05878571,0.5789523,-0.02271864,0.010720238,-0.002979749,0.110519245,0.00037911168,0.0,0.024603385,0.00092258316,-0.12856813,0.0,-0.04435773,0.0,0.0,0.23339555,-0.03334214,0.07603901,-0.19282678,-0.20381042,-2.004448,0.01206001,0.0,0.0,-0.0021562192,0.02230895,0.0,-0.00012055823,0.3100779,0.09835258,-0.0013776203,-0.23867433,-0.014548799,-0.21795267,0.071102805,-1.6342664,-0.38149786,0.045699716,0.0,-0.09730147,11.912147,4.4048758
0.05,0.0,0.0,1.0,0.0,0.0,32.0,1.0,211.625,300.0,120.63333333333334,45.0,0.0,0.0,0.0,1.0,0.0,0.0,0.0,0.0,0.0,0.0,0.0,0.0,0.0,0.0,0.0,0.0,0.0,1.0,0.0,0.0,0.0,1.0,12.0,1.0,0.0,0.0,0.0,0.0,0.0,0.0,64.0,3.2,0.0,1.0,0.0,0.0,1.0,117.0,3.0,476.0,476.0,1428.0,-0.379281,0.09576337,-0.01025074,0.032125317,0.0014455515,-0.004645223,-0.02120403,-0.21634778,-0.6898128,-0.861235,0.08684868,-1.3987044,-0.42483446,-0.12235819,0.05979909,0.5786007,-0.018957784,0.010066361,0.0010454304,0.11041317,0.00036241714,0.0,0.01628733,0.00092258316,-0.12855077,0.0,-0.04196453,0.0,0.0,0.22719164,-0.03406922,0.075412415,-0.19705354,-0.19468404,-2.064616,0.010595282,0.0,0.0,-0.0013912127,0.022259573,0.0,-0.00012055823,0.319316,0.11360182,0.0001057512,-0.22571434,-0.0135579575,-0.21366276,0.13722694,-0.68733126,-0.33520573,0.12564272,0.0,-0.09569766,11.912147,5.5559287
0.05,0.0,0.0,1.0,0.0,0.0,32.0,1.0,211.625,300.0,120.63333333333334,45.0,0.0,0.0,0.0,1.0,0.0,0.0,0.0,0.0,0.0,0.0,0.0,0.0,0.0,0.0,0.0,0.0,0.0,1.0,0.0,0.0,0.0,1.0,12.0,1.0,0.0,0.0,0.0,0.0,0.0,0.0,64.0,3.2,0.0,1.0,0.0,0.0,0.0,19.0,3.0,112.0,112.0,336.0,-0.51435345,0.06759088,-0.010036969,0.05060966,0.0014289911,-0.001908748,0.014134442,-0.20924234,-0.61157906,-0.6618776,0.102929,-1.3828722,-0.43355933,-0.18128115,0.06479716,0.5567684,-0.018633714,0.011834331,0.0018749862,0.11795864,0.00037042762,0.0,0.012087479,0.0009819937,-0.13582699,0.0,-0.055015177,0.0,0.0,0.2255556,-0.03564734,0.08038428,-0.19520874,-0.1965282,-2.0870779,0.017840987,0.0,0.0,-0.0012560273,0.022027683,0.0,-0.00015030177,0.2985369,-0.09322394,0.0026770625,-0.15409379,-0.010449759,-0.18461242,-0.106795266,1.2131081,-0.19459872,0.25651565,0.0,0.15947819,11.912147,7.7158074
0.05,0.0,0.0,1.0,0.0,0.0,32.0,1.0,211.625,300.0,120.63333333333334,45.0,0.0,0.0,0.0,1.0,0.0,0.0,0.0,0.0,0.0,0.0,0.0,0.0,0.0,0.0,0.0,0.0,0.0,1.0,0.0,0.0,0.0,1.0,12.0,1.0,0.0,0.0,0.0,0.0,0.0,0.0,64.0,3.2,0.0,1.0,0.0,0.0,0.0,108.0,3.0,182.0,182.0,546.0,-0.36377138,0.100990206,-0.011199423,0.038094588,0.0015029323,-0.0046386113,-0.08709045,-0.23024344,-0.7124413,-0.8076617,0.084460616,-1.3811996,-0.43391758,-0.12492942,0.058039732,0.5773183,-0.018980777,0.010586148,0.00029890303,0.11117771,0.0003452201,0.0,0.023819257,0.0007949908,-0.12834027,0.0,-0.045567676,0.0,0.0,0.22167726,-0.029228594,0.07918486,-0.18865262,-0.19254889,-2.0271187,0.011575756,0.0,0.0,-0.00370603,0.022789715,0.0,-0.00015589825,0.298022,0.09847219,0.0014656446,-0.22118446,-0.013797558,-0.2102013,-0.25423616,-0.9387899,-0.33614904,-0.20562945,0.0,-0.027346516,11.912147,4.6540375
0.04,1.0,0.0,0.0,0.0,0.0,70.0,1.0,5840.0,5840.0,12.0,11500.0,0.0,0.0,0.0,0.0,0.0,0.0,0.0,0.0,0.0,0.0,0.0,1.0,0.0,0.0,0.0,1.0,0.0,0.0,0.0,1.0,0.0,0.0,9.0,0.0,0.0,0.0,0.0,1.0,0.0,0.0,70.0,2.8000000000000003,0.0,1.0,0.0,0.0,0.0,96.0,3.0,364.0,364.0,1092.0,-0.392255,-0.049479872,-0.017333165,-0.001950039,0.0011690907,-0.0049294787,0.32732236,-0.2523191,-4.01934,-1.9321867,0.5178718,-1.3804718,-0.4622317,-0.091651075,0.05547891,-0.095265724,-0.015199814,0.009839297,0.0010576268,0.11742633,0.0004868823,0.0,0.020103082,-0.009940644,-0.14183728,0.0,-0.049660586,0.0,0.0,-0.95372313,-0.082336724,-0.8968641,-0.21510386,0.1632821,-2.8279135,-0.013252142,0.0,0.0,-0.006705551,-0.08478217,0.0,-0.00011865591,0.45794648,-0.71587837,-0.0033374908,-0.22711733,-0.024513282,-0.223468,-0.14632207,-0.7980364,-0.3431789,-0.027382221,0.0,-0.049158365,11.912147,-2.9711123
0.04,1.0,0.0,0.0,0.0,0.0,70.0,1.0,5840.0,5840.0,12.0,11500.0,0.0,0.0,0.0,0.0,0.0,0.0,0.0,0.0,0.0,0.0,0.0,1.0,0.0,0.0,0.0,1.0,0.0,0.0,0.0,1.0,0.0,0.0,9.0,0.0,0.0,0.0,0.0,1.0,0.0,0.0,70.0,2.8000000000000003,0.0,1.0,0.0,0.0,0.0,94.0,1.2,140.0,140.0,168.0,-0.463888,-0.04559386,-0.019369856,-0.008859787,0.0024802445,-0.007161855,0.29781634,-0.23911841,-3.9228685,-1.9737338,0.5296393,-1.349768,-0.4610176,-0.1515583,0.060282763,-0.094249845,-0.015696013,0.010491823,0.0018123687,0.1175118,0.0004785998,0.0,0.03958923,-0.0227808,-0.14769255,0.0,-0.056330036,0.0,0.0,-0.7489495,-0.116454765,-0.8804539,-0.18944548,0.16799705,-2.7354918,-0.022821248,0.0,0.0,-0.0030634622,-0.1714205,0.0,-0.00022340295,0.37797272,-0.69831836,0.0001891797,-0.14326087,-0.016622385,-0.17022064,-0.12572758,0.13297087,1.7167252,-0.111112624,0.0,0.17114018,11.912147,0.42597026
0.04,1.0,0.0,0.0,0.0,0.0,70.0,1.0,5840.0,5840.0,12.0,11500.0,0.0,0.0,0.0,0.0,0.0,0.0,0.0,0.0,0.0,0.0,0.0,1.0,0.0,0.0,0.0,1.0,0.0,0.0,0.0,1.0,0.0,0.0,9.0,0.0,0.0,0.0,0.0,1.0,0.0,0.0,70.0,2.8000000000000003,0.0,1.0,0.0,0.0,0.0,90.0,1.8,140.0,140.0,252.0,-0.5254971,-0.04399817,-0.018696796,-0.0030440218,0.0011690907,-0.008476401,0.34609303,-0.26128718,-3.8499694,-2.025674,0.48284245,-1.3571206,-0.4651769,-0.14838514,0.058240533,-0.09414949,-0.016527487,0.010003759,0.0011331404,0.1189046,0.000508337,0.0,0.033382084,-0.017156288,-0.14768256,0.0,-0.05635511,0.0,0.0,-0.84493214,-0.083333105,-0.87582874,-0.21471152,0.17615831,-2.853812,-0.023247167,0.0,0.0,-0.0027216987,-0.09869956,0.0,-0.00049322296,0.35551527,-0.7580361,0.0017872385,-0.1629469,-0.0148588,-0.19097582,-0.12450098,0.2098752,1.0124044,-0.10752354,0.0,0.12548967,11.912147,-0.55016327
0.04,1.0,0.0,0.0,0.0,0.0,70.0,1.0,5840.0,5840.0,12.0,11500.0,0.0,0.0,0.0,0.0,0.0,0.0,0.0,0.0,0.0,0.0,0.0,1.0,0.0,0.0,0.0,1.0,0.0,0.0,0.0,1.0,0.0,0.0,9.0,0.0,0.0,0.0,0.0,1.0,0.0,0.0,70.0,2.8000000000000003,0.0,1.0,0.0,0.0,0.0,92.0,2.4,140.0,140.0,336.0,-0.44598493,-0.04362979,-0.019603163,-0.007382915,0.0011690907,-0.0054060128,0.3484,-0.2548267,-3.9648547,-1.7966367,0.5291943,-1.368955,-0.46051174,-0.15218244,0.06368424,-0.095359884,-0.015663547,0.010112427,-5.7952093e-06,0.11618814,0.00041673335,0.0,0.03863839,-0.0227808,-0.15157123,0.0,-0.057536166,0.0,0.0,-0.9183682,-0.08549522,-0.909071,-0.22587538,0.16162623,-2.7284553,-0.023048662,0.0,0.0,-0.0045994227,-0.08825569,0.0,-0.00049322296,0.39045534,-0.85243785,-0.0016530607,-0.16799209,-0.015133777,-0.20622,-0.111231044,0.11837502,0.26400402,-0.12677974,0.0,0.20802279,11.912147,-1.1655653
0.04,1.0,0.0,0.0,0.0,0.0,70.0,1.0,5840.0,5840.0,12.0,11500.0,0.0,0.0,0.0,0.0,0.0,0.0,0.0,0.0,0.0,0.0,0.0,1.0,0.0,0.0,0.0,1.0,0.0,0.0,0.0,1.0,0.0,0.0,9.0,0.0,0.0,0.0,0.0,1.0,0.0,0.0,70.0,2.8000000000000003,0.0,1.0,0.0,0.0,0.0,92.0,3.0,140.0,140.0,420.0,-0.39767936,-0.045881197,-0.01890958,-0.00037944986,0.0011690907,-0.004976008,0.3433105,-0.2568754,-3.9758368,-1.824261,0.5221152,-1.3688793,-0.46117795,-0.15268858,0.06267073,-0.09594227,-0.01494833,0.009775764,-0.0001242296,0.11636496,0.00041673335,0.0,0.017261343,-0.016958065,-0.15037964,0.0,-0.0582679,0.0,0.0,-0.9075825,-0.08249502,-0.888587,-0.225979,0.16475971,-2.7814982,-0.022092167,0.0,0.0,-0.0034000843,-0.09100378,0.0,-0.00038247887,0.4433508,-0.8481979,-0.0033796409,-0.22676377,-0.023831323,-0.21951433,-0.1142589,0.057118803,-0.35339746,-0.16252753,0.0,-0.026812324,11.912147,-2.1754076
0.04,1.0,0.0,0.0,0.0,0.0,70.0,1.0,5840.0,5840.0,12.0,11500.0,0.0,0.0,0.0,0.0,0.0,0.0,0.0,0.0,0.0,0.0,0.0,1.0,0.0,0.0,0.0,1.0,0.0,0.0,0.0,1.0,0.0,0.0,9.0,0.0,0.0,0.0,0.0,1.0,0.0,0.0,70.0,2.8000000000000003,0.0,1.0,0.0,0.0,0.0,29.0,3.0,280.0,280.0,840.0,-0.4190472,-0.04058008,-0.018825732,0.0037795103,0.0011690907,-0.0023266284,0.2951521,-0.26184136,-3.8368106,-1.8831102,0.47444463,-1.4247333,-0.4629917,-0.145685,0.06249217,-0.09633937,-0.014437993,0.010173874,0.001023134,0.12326222,0.00044647057,0.0,0.034762327,-0.024339125,-0.1487406,0.0,-0.060804468,0.0,0.0,-0.9661394,-0.08057488,-0.8892841,-0.21799122,0.18445416,-2.9308548,-0.023403432,0.0,0.0,-0.0034000843,-0.07869762,0.0,-0.00014111024,0.40316632,-0.8426928,-0.0002918471,-0.21389854,-0.022092104,-0.21789502,-0.09464997,0.8105955,-0.23642583,-0.021580465,0.0,-0.008009186,11.912147,-1.3715657
0.04,1.0,0.0,0.0,0.0,0.0,70.0,1.0,5840.0,5840.0,12.0,11500.0,0.0,0.0,0.0,0.0,0.0,0.0,0.0,0.0,0.0,0.0,0.0,1.0,0.0,0.0,0.0,1.0,0.0,0.0,0.0,1.0,0.0,0.0,9.0,0.0,0.0,0.0,0.0,1.0,0.0,0.0,70.0,2.8000000000000003,0.0,1.0,0.0,0.0,1.0,412.0,3.0,392.0,392.0,1176.0,-0.37688544,-0.053583115,-0.017551018,0.005389384,0.00111171,-0.0024151218,0.31694636,-0.24413994,-3.9769275,-2.0452988,0.52179956,-1.3751351,-0.4604813,-0.09439896,0.060631283,-0.09590059,-0.015481528,0.011380062,0.0014941379,0.11619663,0.00030390467,0.0,0.026606197,-0.021155767,-0.1403716,0.0,-0.04813387,0.0,0.0,-0.95238507,-0.08995722,-0.91510856,-0.21815784,0.19970018,-2.8348517,-0.019652978,0.0,0.0,-0.004160584,-0.08755731,0.0,-0.00011865591,0.46767634,-0.7214006,-7.534308e-05,-0.18796082,-0.022122484,-0.21443535,0.064563096,0.19962274,-0.30723372,0.120369084,0.0,-0.07667903,11.912147,-1.5937783
0.04,1.0,0.0,0.0,0.0,0.0,70.0,1.0,5840.0,5840.0,12.0,11500.0,0.0,0.0,0.0,0.0,0.0,0.0,0.0,0.0,0.0,0.0,0.0,1.0,0.0,0.0,0.0,1.0,0.0,0.0,0.0,1.0,0.0,0.0,9.0,0.0,0.0,0.0,0.0,1.0,0.0,0.0,70.0,2.8000000000000003,0.0,1.0,0.0,0.0,1.0,204.0,1.8,392.0,392.0,705.6,-0.32646728,-0.04816168,-0.016723614,-0.00089153426,0.00111171,-0.0060809045,0.2512351,-0.26331306,-3.8782153,-2.152737,0.5235237,-1.3829758,-0.45878667,-0.09305321,0.05501689,-0.09339039,-0.015218672,0.011425374,0.0020050216,0.11884269,0.00046344873,0.0,0.049175102,-0.02116861,-0.13784713,0.0,-0.049743213,0.0,0.0,-0.8784712,-0.12856275,-0.8574704,-0.20439526,0.19363628,-2.765703,-0.026472665,0.0,0.0,-0.0020507998,-0.15117098,0.0,-0.00015681099,0.34261915,-0.63946027,-0.0015878272,-0.15742518,-0.013235778,-0.16788748,0.12860188,-0.3202052,1.4847199,0.12750715,0.0,-0.0056230854,11.912147,-0.06261982
0.04,1.0,0.0,0.0,0.0,0.0,70.0,1.0,5840.0,5840.0,12.0,11500.0,0.0,0.0,0.0,0.0,0.0,0.0,0.0,0.0,0.0,0.0,0.0,1.0,0.0,0.0,0.0,1.0,0.0,0.0,0.0,1.0,0.0,0.0,9.0,0.0,0.0,0.0,0.0,1.0,0.0,0.0,70.0,2.8000000000000003,0.0,1.0,0.0,0.0,1.0,2432.0,3.0,392.0,392.0,1176.0,-0.37021473,-0.049535003,-0.018015997,0.0049473145,0.00111171,-0.002632284,0.47710052,-0.23667008,-4.037824,-2.047905,0.5190622,-1.3437097,-0.45913932,-0.0944684,0.05712001,-0.09617481,-0.015510985,0.009682982,-0.0008018745,0.11574858,0.0004692046,0.0,0.016445627,-0.021155767,-0.14218813,0.0,-0.047800586,0.0,0.0,-0.97759175,-0.08618035,-0.9153576,-0.21932037,0.18938331,-2.8208802,-0.012854545,0.0,0.0,-0.0053883293,-0.08494548,0.0,-0.0001146148,0.4543157,-0.72573644,-0.00045092497,-0.21136734,-0.025974333,-0.21968119,0.06721091,-1.012852,-0.3590612,0.046523336,0.0,-0.07476726,11.912147,-2.8650005
0.04,1.0,0.0,0.0,0.0,0.0,70.0,1.0,5840.0,5840.0,12.0,11500.0,0.0,0.0,0.0,0.0,0.0,0.0,0.0,0.0,0.0,0.0,0.0,1.0,0.0,0.0,0.0,1.0,0.0,0.0,0.0,1.0,0.0,0.0,9.0,0.0,0.0,0.0,0.0,1.0,0.0,0.0,70.0,2.8000000000000003,0.0,1.0,0.0,0.0,1.0,1467.0,3.0,1120.0,1120.0,3360.0,-0.4333042,-0.058000263,-0.01763505,0.0051376717,0.00111171,-0.0023211238,0.37418443,-0.24298339,-3.9938083,-2.0144804,0.520904,-1.3547076,-0.45565134,-0.093900256,0.0582019,-0.09572967,-0.015850447,0.009768751,0.0012991513,0.11560996,0.00045782,0.0,0.038935985,-0.021155767,-0.13861902,0.0,-0.044564933,0.0,0.0,-0.921592,-0.082328916,-0.9121979,-0.22026227,0.18057242,-2.830374,-0.019301921,0.0,0.0,-0.003241185,-0.08201899,0.0,-0.00011865591,0.44677344,-0.6939995,-0.0005495793,-0.18514876,-0.022749202,-0.21709107,0.07841662,-0.15395546,-0.31612918,0.2568883,0.0,-0.08218673,11.912147,-1.7255459
0.04,1.0,0.0,0.0,0.0,0.0,70.0,1.0,5840.0,5840.0,12.0,11500.0,0.0,0.0,0.0,0.0,0.0,0.0,0.0,0.0,0.0,0.0,0.0,1.0,0.0,0.0,0.0,1.0,0.0,0.0,0.0,1.0,0.0,0.0,9.0,0.0,0.0,0.0,0.0,1.0,0.0,0.0,70.0,2.8000000000000003,0.0,1.0,0.0,0.0,1.0,349.0,3.0,476.0,476.0,1428.0,-0.33917576,-0.055175774,-0.017875662,0.0034164572,0.00111171,-0.0038063966,0.37460443,-0.24058926,-3.9969127,-2.024532,0.52019525,-1.3732256,-0.4570602,-0.09344868,0.056903943,-0.09593765,-0.016995504,0.00976513,0.00088379,0.11497129,0.00044675422,0.0,0.0112428935,-0.02116861,-0.1405092,0.0,-0.045638416,0.0,0.0,-0.9795879,-0.0909069,-0.90095687,-0.22144097,0.18550928,-2.8095899,-0.02711976,0.0,0.0,-0.0044908714,-0.07911951,0.0,-0.00011865591,0.48482183,-0.7340632,-0.0048997668,-0.23006296,-0.023272587,-0.21735688,0.065531544,-0.84617555,-0.3795833,-0.035249934,0.0,-0.10506484,11.912147,-2.869559
0.04,1.0,0.0,0.0,0.0,0.0,70.0,1.0,5840.0,5840.0,12.0,11500.0,0.0,0.0,0.0,0.0,0.0,0.0,0.0,0.0,0.0,0.0,0.0,1.0,0.0,0.0,0.0,1.0,0.0,0.0,0.0,1.0,0.0,0.0,9.0,0.0,0.0,0.0,0.0,1.0,0.0,0.0,70.0,2.8000000000000003,1.0,0.0,0.0,0.0,1.0,175.0,3.0,224.0,224.0,672.0,-0.34892365,-0.043328684,-0.017925892,-0.0017151989,0.00111171,-0.0026872824,0.27689788,-0.26202694,-4.125288,-1.9303852,0.5174413,-1.3765117,-0.46471864,-0.09167817,0.05829825,-0.096346535,-0.016370516,0.009495829,0.00084391964,0.11400503,0.00043174357,0.0,0.027899774,-0.06023707,-0.14642093,0.0,-0.049599037,0.0,0.0,-0.9832862,-0.0898452,-0.8502929,-0.22376907,0.1992477,-2.7403717,-0.014570512,0.0,0.0,-0.0038055715,-0.092846066,0.0,-9.7525306e-05,0.47631544,-0.72953683,0.08327451,0.67090726,-0.024195548,-0.24333715,0.10597728,-0.72194326,-0.3125439,-0.08978843,0.0,0.014692995,11.912147,-1.6854049
0.04,1.0,0.0,0.0,0.0,0.0,70.0,1.0,5840.0,5840.0,12.0,11500.0,0.0,0.0,0.0,0.0,0.0,0.0,0.0,0.0,0.0,0.0,0.0,1.0,0.0,0.0,0.0,1.0,0.0,0.0,0.0,1.0,0.0,0.0,9.0,0.0,0.0,0.0,0.0,1.0,0.0,0.0,70.0,2.8000000000000003,0.0,0.0,1.0,0.0,1.0,125.0,3.0,392.0,392.0,1176.0,-0.38751927,-0.054136522,-0.017430004,-0.0018394694,-0.00056467764,-0.0030822284,0.34423363,-0.2519495,-4.0771055,-1.9715112,0.51974183,-1.3912691,-0.46219832,-0.091610305,0.058299918,-0.09546132,-0.016242452,0.00903993,0.0007829124,0.11259612,0.00049539655,0.0,0.02192334,-0.061329063,-0.14597274,0.0,-0.05177604,0.0,0.0,-0.9812394,-0.09000018,-0.8523957,-0.20903826,0.17772289,-2.6934474,-0.014412449,0.0,0.0,-0.0037174104,-0.1095553,0.0,-8.983127e-05,0.52512854,-0.6942688,0.013966147,0.7117301,0.37175646,-0.23634021,0.11592918,-0.5909939,-0.27464828,0.06520492,0.0,-0.06524044,11.912147,-0.9356846
0.04,1.0,0.0,0.0,0.0,0.0,70.0,1.0,5840.0,5840.0,12.0,11500.0,0.0,0.0,0.0,0.0,0.0,0.0,0.0,0.0,0.0,0.0,0.0,1.0,0.0,0.0,0.0,1.0,0.0,0.0,0.0,1.0,0.0,0.0,9.0,0.0,0.0,0.0,0.0,1.0,0.0,0.0,70.0,2.8000000000000003,0.0,0.0,0.0,1.0,1.0,17.0,3.0,364.0,364.0,1092.0,-0.43553105,-0.031918634,-0.016922077,0.00408914,0.0018779412,-0.0025695814,0.2874949,-0.19023421,-4.0255356,-1.757976,0.4848595,-1.4998035,-0.48704723,-0.17624031,0.06460718,-0.090906434,-0.016696624,0.009227335,0.0012034129,0.11992343,0.00056951295,0.0,0.045946416,-0.08367856,-0.15583117,0.0,-0.06445094,0.0,0.0,-0.74531496,-0.07447471,-0.7770955,-0.19507022,0.18582311,-2.8853621,-0.018940108,0.0,0.0,-0.0031075706,-0.07664134,0.0,-9.590939e-05,0.39082652,-0.8743866,0.002618352,0.37148786,-0.020003753,0.9907451,0.050875966,-0.27023834,-0.19659069,-0.036223315,0.0,-0.0038916422,11.912147,-0.28845337
0.04,1.0,0.0,0.0,0.0,0.0,70.0,1.0,5840.0,5840.0,12.0,11500.0,0.0,0.0,0.0,0.0,0.0,0.0,0.0,0.0,0.0,0.0,0.0,1.0,0.0,0.0,0.0,1.0,0.0,0.0,0.0,1.0,0.0,0.0,9.0,0.0,0.0,0.0,0.0,1.0,0.0,0.0,70.0,2.8000000000000003,0.0,0.0,0.0,1.0,1.0,14.0,3.0,364.0,364.0,1092.0,-0.49833837,0.01410328,-0.015782427,-0.000117486576,0.0018779412,-0.0023454067,0.29331753,-0.18906152,-4.1073003,-2.0144575,0.48422122,-1.4464084,-0.4517262,-0.12536761,0.06539277,-0.08195083,-0.0132744415,0.012915381,0.012500374,0.13126269,0.0054752477,0.0,0.086887516,-0.069261275,-0.14965205,0.0,-0.059045218,0.0,0.0,-0.6520325,-0.08297279,-0.72444725,-0.19507022,0.17766838,-2.648129,-0.013841242,0.0,0.0,-0.0031075706,-0.13095291,0.0,-9.590939e-05,0.2928385,-0.7467074,0.002875203,0.50004673,-0.018356109,1.160583,0.051017527,3.46125,-0.13682349,-0.012383233,0.0,-0.00027351803,11.912147,4.0771003
0.04,1.0,0.0,0.0,0.0,0.0,70.0,1.0,5840.0,5840.0,12.0,11500.0,0.0,0.0,0.0,0.0,0.0,0.0,0.0,0.0,0.0,0.0,0.0,1.0,0.0,0.0,0.0,1.0,0.0,0.0,0.0,1.0,0.0,0.0,9.0,0.0,0.0,0.0,0.0,1.0,0.0,0.0,70.0,2.8000000000000003,0.0,0.0,0.0,1.0,1.0,31.0,3.0,364.0,364.0,1092.0,-0.43921435,-0.033910617,-0.018438233,0.0041271765,0.0038612592,-0.002325906,0.30725217,-0.1883641,-4.0442595,-1.7483255,0.48449537,-1.418267,-0.48179364,-0.17089304,0.068733096,-0.09311059,-0.013770613,0.010338997,0.0011040785,0.12277125,0.0005740426,0.0,0.035985246,-0.060493123,-0.15578587,0.0,-0.06207041,0.0,0.0,-0.76775306,-0.080951035,-0.8082691,-0.18928923,0.18839248,-2.874213,-0.025791233,0.0,0.0,-0.00307985,-0.08011021,0.0,-0.00018082566,0.4523842,-0.93000907,0.016974282,0.7232058,-0.018455114,1.3218704,0.06407636,1.0215392,-0.1698591,-0.018247386,0.0,-0.014230044,11.912147,1.8283762
0.04,1.0,0.0,0.0,0.0,0.0,70.0,1.0,5840.0,5840.0,12.0,11500.0,0.0,0.0,0.0,0.0,0.0,0.0,0.0,0.0,0.0,0.0,0.0,1.0,0.0,0.0,0.0,1.0,0.0,0.0,0.0,1.0,0.0,0.0,9.0,0.0,0.0,0.0,0.0,1.0,0.0,0.0,70.0,2.8000000000000003,0.0,1.0,0.0,0.0,1.0,194.0,3.0,392.0,392.0,1176.0,-0.32973772,-0.05641848,-0.019753953,0.00020747632,0.00111171,-0.0067227497,0.3610807,-0.24887493,-3.9661758,-2.043062,0.5186488,-1.383998,-0.46090543,-0.09485417,0.05562313,-0.09625925,-0.019416912,0.009412121,-0.0025851533,0.115854114,0.0004751186,0.0,0.016501956,-0.02116861,-0.14044136,0.0,-0.049262106,0.0,0.0,-0.9796161,-0.0961492,-0.8800368,-0.21679522,0.19724812,-2.808941,-0.0135075655,0.0,0.0,-0.004994185,-0.08634739,0.0,-0.00011865591,0.48983198,-0.73313785,-0.006127811,-0.2479989,-0.024444282,-0.22366509,0.0498969,-1.505815,-0.3928294,0.022029148,0.0,-0.1111987,11.912147,-3.5212886
0.04,1.0,0.0,0.0,0.0,0.0,70.0,1.0,5840.0,5840.0,12.0,11500.0,0.0,0.0,0.0,0.0,0.0,0.0,0.0,0.0,0.0,0.0,0.0,1.0,0.0,0.0,0.0,1.0,0.0,0.0,0.0,1.0,0.0,0.0,9.0,0.0,0.0,0.0,0.0,1.0,0.0,0.0,70.0,2.8000000000000003,0.0,1.0,0.0,0.0,1.0,117.0,3.0,476.0,476.0,1428.0,-0.39503324,-0.05038965,-0.01770187,-0.001543996,0.00111171,-0.0049947933,0.36410153,-0.24591954,-4.0016522,-2.030157,0.5194802,-1.400082,-0.45547518,-0.08974577,0.05591868,-0.096219786,-0.016056536,0.008397378,0.0010101214,0.11559676,0.0004584241,0.0,0.018001605,-0.02116861,-0.14042054,0.0,-0.046852186,0.0,0.0,-0.95995843,-0.09239197,-0.8859327,-0.22102198,0.16826668,-2.8300536,-0.01278613,0.0,0.0,-0.004433526,-0.08899794,0.0,-0.00011865591,0.47969657,-0.72792023,-0.0047260174,-0.2316526,-0.024601454,-0.21974392,0.11597481,-0.6296545,-0.34516054,0.16678236,0.0,-0.10997147,11.912147,-2.475593
0.04,1.0,0.0,0.0,0.0,0.0,70.0,1.0,5840.0,5840.0,12.0,11500.0,0.0,0.0,0.0,0.0,0.0,0.0,0.0,0.0,0.0,0.0,0.0,1.0,0.0,0.0,0.0,1.0,0.0,0.0,0.0,1.0,0.0,0.0,9.0,0.0,0.0,0.0,0.0,1.0,0.0,0.0,70.0,2.8000000000000003,0.0,1.0,0.0,0.0,0.0,19.0,3.0,112.0,112.0,336.0,-0.5424466,-0.038329974,-0.01776135,0.0021882697,0.0010951495,-0.0022865082,0.3122448,-0.24922258,-3.8114989,-1.9240959,0.47414842,-1.4249711,-0.4641972,-0.14373785,0.061731856,-0.0936175,-0.015066248,0.010590693,0.0016925354,0.12006514,0.00044194088,0.0,0.026572108,-0.019277519,-0.1485188,0.0,-0.05976903,0.0,0.0,-0.85471976,-0.089936376,-0.8398194,-0.218327,0.1787221,-2.8407173,-0.024999494,0.0,0.0,-0.0019447444,-0.08372065,0.0,-0.00014111024,0.3899614,-0.70485514,0.0011781284,-0.17071831,-0.02278911,-0.17997839,-0.07865016,1.2038646,-0.21570927,0.38837996,0.0,0.16252616,11.912147,-0.03427234
0.04,1.0,0.0,0.0,0.0,0.0,70.0,1.0,5840.0,5840.0,12.0,11500.0,0.0,0.0,0.0,0.0,0.0,0.0,0.0,0.0,0.0,0.0,0.0,1.0,0.0,0.0,0.0,1.0,0.0,0.0,0.0,1.0,0.0,0.0,9.0,0.0,0.0,0.0,0.0,1.0,0.0,0.0,70.0,2.8000000000000003,0.0,1.0,0.0,0.0,0.0,108.0,3.0,182.0,182.0,546.0,-0.3709882,-0.04849188,-0.017649641,-0.0036963425,0.0011690907,-0.004988182,0.3170996,-0.262229,-4.03502,-1.9388632,0.51694494,-1.3917941,-0.4617993,-0.092679046,0.05487715,-0.09582586,-0.01566943,0.009355155,0.00026359403,0.116799936,0.00041673335,0.0,0.024531312,-0.016958065,-0.14047685,0.0,-0.049204595,0.0,0.0,-0.9430952,-0.08393779,-0.9010939,-0.21177088,0.16841097,-2.8227487,-0.013266697,0.0,0.0,-0.00649751,-0.09100378,0.0,-0.00015192112,0.45109734,-0.7162702,-0.0043908334,-0.23304658,-0.023903081,-0.21962959,-0.19835894,-0.8824776,-0.35318524,-0.22279654,0.0,-0.020612016,11.912147,-3.3214598
0.05,1.0,0.0,0.0,0.0,0.0,63.0,0.0,211.625,300.0,120.63333333333334,770.0,0.0,0.0,0.0,0.0,0.0,0.0,0.0,0.0,0.0,0.0,1.0,0.0,0.0,0.0,0.0,0.0,0.0,0.0,1.0,0.0,0.0,1.0,11.0,0.0,0.0,0.0,0.0,1.0,0.0,0.0,63.0,3.1500000000000004,0.0,1.0,0.0,0.0,0.0,96.0,3.0,364.0,364.0,1092.0,-0.3740852,0.040276166,-0.015389351,-0.014277881,0.0010316141,-0.0046734973,0.26728886,1.340652,-0.24479888,-0.1277245,0.087444365,-1.2773212,-0.38922274,-0.13033602,0.056447286,-0.09418295,-0.011442696,0.008046095,0.0008724874,0.1039596,0.00037592335,0.0,-0.11503136,0.0008698489,-0.13422602,0.0,-0.042259738,0.0,0.0,-0.49492767,0.022660969,0.06361203,-0.1106105,-0.24593261,-1.2003387,-0.018837068,0.0,0.0,-0.0061396393,-0.08388495,0.0,-9.458194e-05,1.1205478,0.74519706,0.008307586,-0.23820318,-0.011010183,-0.19760442,-0.19566958,-0.7843337,-0.3060969,-0.042455677,0.0,-0.088265404,11.912147,8.780362
0.05,1.0,0.0,0.0,0.0,0.0,63.0,0.0,211.625,300.0,120.63333333333334,770.0,0.0,0.0,0.0,0.0,0.0,0.0,0.0,0.0,0.0,0.0,1.0,0.0,0.0,0.0,0.0,0.0,0.0,0.0,1.0,0.0,0.0,1.0,11.0,0.0,0.0,0.0,0.0,1.0,0.0,0.0,63.0,3.1500000000000004,0.0,1.0,0.0,0.0,0.0,94.0,1.2,140.0,140.0,168.0,-0.2990261,0.04047765,-0.016451776,-0.015548564,0.0013452761,-0.0047142915,0.41295835,1.1434863,-0.113823056,-0.18190093,0.099577874,-1.2802477,-0.3791864,-0.18536611,0.07426995,-0.09261134,-0.011859886,0.008723439,0.0029484513,0.10849992,0.00033288478,0.0,-0.2176352,0.0014003185,-0.14057794,0.0,-0.047033526,0.0,0.0,-0.3933821,0.024303522,0.067562014,-0.09206066,-0.2469745,-1.1426697,-0.028979138,0.0,0.0,-0.0024797036,-0.16988061,0.0,-0.00020848899,1.1417602,0.63863635,0.011534613,-0.14935085,-0.007808654,-0.14583436,-0.15192452,0.10412566,1.4297422,-0.10492177,0.0,0.2624148,11.912147,11.863793
0.05,1.0,0.0,0.0,0.0,0.0,63.0,0.0,211.625,300.0,120.63333333333334,770.0,0.0,0.0,0.0,0.0,0.0,0.0,0.0,0.0,0.0,0.0,1.0,0.0,0.0,0.0,0.0,0.0,0.0,0.0,1.0,0.0,0.0,1.0,11.0,0.0,0.0,0.0,0.0,1.0,0.0,0.0,63.0,3.1500000000000004,0.0,1.0,0.0,0.0,0.0,90.0,1.8,140.0,140.0,252.0,-0.32063007,0.040702265,-0.015814597,-0.014808859,0.0010316141,-0.0066211335,0.3684999,1.2131444,-0.21761048,-0.08304419,0.117091075,-1.2557229,-0.38394326,-0.18556653,0.072908014,-0.092870004,-0.014069663,0.008562501,0.0027014099,0.11334103,0.00034859387,0.0,-0.1948344,0.0012099234,-0.13940467,0.0,-0.047228407,0.0,0.0,-0.38215673,-0.02246261,0.06564743,-0.12000576,-0.25551063,-1.2213397,-0.029085938,0.0,0.0,-0.0023335675,-0.093138404,0.0,-0.00038151423,1.1479475,0.6459436,0.01071448,-0.1866535,-0.0049274787,-0.16317981,-0.1647122,0.3004522,0.7695938,-0.090583086,0.0,0.12216591,11.912147,11.20551
0.05,1.0,0.0,0.0,0.0,0.0,63.0,0.0,211.625,300.0,120.63333333333334,770.0,0.0,0.0,0.0,0.0,0.0,0.0,0.0,0.0,0.0,0.0,1.0,0.0,0.0,0.0,0.0,0.0,0.0,0.0,1.0,0.0,0.0,1.0,11.0,0.0,0.0,0.0,0.0,1.0,0.0,0.0,63.0,3.1500000000000004,0.0,1.0,0.0,0.0,0.0,92.0,2.4,140.0,140.0,336.0,-0.2954297,0.0421286,-0.016363839,-0.015364476,0.0010316141,-0.004035419,0.4137314,1.2613493,-0.14983812,-0.08555722,0.09871259,-1.268182,-0.37856343,-0.19053312,0.07580201,-0.09414004,-0.011509077,0.008465628,0.0006115861,0.105438344,0.0003057744,0.0,-0.19248739,0.0014003185,-0.14451681,0.0,-0.048793864,0.0,0.0,-0.45213714,0.029572142,0.06392922,-0.12064617,-0.24766722,-1.1345026,-0.029206552,0.0,0.0,-0.0025919895,-0.08473977,0.0,-0.00038151423,1.148169,0.666433,0.009877592,-0.17735176,-0.0043656104,-0.16526029,-0.14668271,0.048483066,0.23054658,-0.08799721,0.0,0.27852017,11.912147,10.847808
0.05,1.0,0.0,0.0,0.0,0.0,63.0,0.0,211.625,300.0,120.63333333333334,770.0,0.0,0.0,0.0,0.0,0.0,0.0,0.0,0.0,0.0,0.0,1.0,0.0,0.0,0.0,0.0,0.0,0.0,0.0,1.0,0.0,0.0,1.0,11.0,0.0,0.0,0.0,0.0,1.0,0.0,0.0,63.0,3.1500000000000004,0.0,1.0,0.0,0.0,0.0,92.0,3.0,140.0,140.0,420.0,-0.29764903,0.04057371,-0.015658056,-0.01402501,0.0010316141,-0.0046995324,0.18483704,1.2965163,-0.19797757,-0.042925294,0.09231622,-1.265654,-0.3905279,-0.19144829,0.0639531,-0.094726555,-0.0113681685,0.008012693,0.0005339416,0.10531005,0.0003057744,0.0,-0.1333908,0.0011728131,-0.1429571,0.0,-0.049101125,0.0,0.0,-0.45559824,0.0276882,0.06295308,-0.12074979,-0.24753657,-1.1808649,-0.027847245,0.0,0.0,-0.0017774723,-0.08534715,0.0,-0.00024310418,1.135091,0.6824821,0.010571562,-0.2368051,-0.00990121,-0.18006909,-0.13555291,-0.008054368,-0.3151887,-0.11824849,0.0,0.010919935,11.912147,9.66052
0.05,1.0,0.0,0.0,0.0,0.0,63.0,0.0,211.625,300.0,120.63333333333334,770.0,0.0,0.0,0.0,0.0,0.0,0.0,0.0,0.0,0.0,0.0,1.0,0.0,0.0,0.0,0.0,0.0,0.0,0.0,1.0,0.0,0.0,1.0,11.0,0.0,0.0,0.0,0.0,1.0,0.0,0.0,63.0,3.1500000000000004,0.0,1.0,0.0,0.0,0.0,29.0,3.0,280.0,280.0,840.0,-0.27645507,0.04911246,-0.015645903,-0.013825479,0.0010316141,-0.0019900932,0.29893765,1.2389866,-0.19851257,0.0489895,0.10878786,-1.322656,-0.39240465,-0.18780264,0.06355473,-0.09514524,-0.011304039,0.0084686605,0.00075585546,0.11462499,0.0003214835,0.0,-0.15857656,0.0012378335,-0.14144409,0.0,-0.05092976,0.0,0.0,-0.43951932,0.022048041,0.0635702,-0.11938874,-0.26099446,-1.2743436,-0.028687824,0.0,0.0,-0.0017774723,-0.08025396,0.0,-0.00012432548,1.161905,0.70916605,0.011132701,-0.2279848,-0.010387034,-0.17869021,-0.1385759,0.8722105,-0.19672206,-0.012906566,0.0,0.03324426,11.912147,10.883186
0.05,1.0,0.0,0.0,0.0,0.0,63.0,0.0,211.625,300.0,120.63333333333334,770.0,0.0,0.0,0.0,0.0,0.0,0.0,0.0,0.0,0.0,0.0,1.0,0.0,0.0,0.0,0.0,0.0,0.0,0.0,1.0,0.0,0.0,1.0,11.0,0.0,0.0,0.0,0.0,1.0,0.0,0.0,63.0,3.1500000000000004,0.0,1.0,0.0,0.0,1.0,412.0,3.0,392.0,392.0,1176.0,-0.33245692,0.039748453,-0.015260747,-0.013749266,0.0010066289,-0.0019210728,0.24958771,1.2819963,-0.173121,-0.1238615,0.08910348,-1.2653791,-0.38741258,-0.13059206,0.060506653,-0.09409292,-0.0114794,0.009809194,0.0009853184,0.10392475,0.00027061676,0.0,-0.13498135,0.0012985709,-0.1337104,0.0,-0.03867771,0.0,0.0,-0.50491524,0.023212256,0.06850573,-0.12008548,-0.26179507,-1.139588,-0.025091548,0.0,0.0,-0.0014125524,-0.08775308,0.0,-9.458194e-05,1.1163708,0.7575188,0.00900423,-0.19795683,-0.009820849,-0.18913366,0.055089343,0.23487811,-0.26943123,0.10150264,0.0,-0.13476235,11.912147,10.317929
0.05,1.0,0.0,0.0,0.0,0.0,63.0,0.0,211.625,300.0,120.63333333333334,770.0,0.0,0.0,0.0,0.0,0.0,0.0,0.0,0.0,0.0,0.0,1.0,0.0,0.0,0.0,0.0,0.0,0.0,0.0,1.0,0.0,0.0,1.0,11.0,0.0,0.0,0.0,0.0,1.0,0.0,0.0,63.0,3.1500000000000004,0.0,1.0,0.0,0.0,1.0,204.0,1.8,392.0,392.0,705.6,-0.22195292,0.044314563,-0.014467047,-0.013457416,0.0010066289,-0.004341907,0.2982816,1.3419317,-0.056116603,-0.1807849,0.095142916,-1.2921131,-0.37403995,-0.12481797,0.06948012,-0.091335975,-0.011797121,0.01075842,0.00297907,0.10891418,0.00036436936,0.0,-0.3212599,0.0013004055,-0.13053559,0.0,-0.04104871,0.0,0.0,-0.4642261,0.0427936,0.067743786,-0.10546763,-0.2522478,-1.0820485,-0.03231404,0.0,0.0,-0.0012965453,-0.13231838,0.0,-0.00014189702,1.0967174,0.68524796,0.009153494,-0.15283957,-0.0044718334,-0.14679839,0.10438389,-0.37162277,1.3317301,0.09190303,0.0,0.046436604,11.912147,11.738866
0.05,1.0,0.0,0.0,0.0,0.0,63.0,0.0,211.625,300.0,120.63333333333334,770.0,0.0,0.0,0.0,0.0,0.0,0.0,0.0,0.0,0.0,0.0,1.0,0.0,0.0,0.0,0.0,0.0,0.0,0.0,1.0,0.0,0.0,1.0,11.0,0.0,0.0,0.0,0.0,1.0,0.0,0.0,63.0,3.1500000000000004,0.0,1.0,0.0,0.0,1.0,2432.0,3.0,392.0,392.0,1176.0,-0.38374314,0.04885936,-0.015657263,-0.013871123,0.0010066289,-0.0019815497,0.3831333,1.225543,-0.24268584,-0.14896855,0.08757788,-1.2493227,-0.38436458,-0.13063987,0.057700675,-0.09440565,-0.011543687,0.008188922,-0.00054492283,0.10373756,0.00036733857,0.0,-0.11028317,0.0012985709,-0.13552693,0.0,-0.03984419,0.0,0.0,-0.5301219,0.014167113,0.06849004,-0.12207012,-0.25591105,-1.1244926,-0.01851203,0.0,0.0,-0.0017538856,-0.08318036,0.0,-9.054082e-05,1.1246269,0.7368386,0.008608836,-0.21433388,-0.017162938,-0.19265766,0.07289343,-1.0090322,-0.31698325,0.05792737,0.0,-0.12096276,11.912147,8.942457
0.05,1.0,0.0,0.0,0.0,0.0,63.0,0.0,211.625,300.0,120.63333333333334,770.0,0.0,0.0,0.0,0.0,0.0,0.0,0.0,0.0,0.0,0.0,1.0,0.0,0.0,0.0,0.0,0.0,0.0,0.0,1.0,0.0,0.0,1.0,11.0,0.0,0.0,0.0,0.0,1.0,0.0,0.0,63.0,3.1500000000000004,0.0,1.0,0.0,0.0,1.0,1467.0,3.0,1120.0,1120.0,3360.0,-0.43992612,0.016749866,-0.015294946,-0.014113447,0.0010066289,-0.0019058788,0.23098284,1.2926767,-0.17521662,-0.09246454,0.08900008,-1.2564933,-0.3826022,-0.1304511,0.05822053,-0.09418985,-0.011740543,0.009166826,0.00095329847,0.103724614,0.00036190817,0.0,-0.22780305,0.0012985709,-0.13195783,0.0,-0.034931455,0.0,0.0,-0.49534342,0.0012760554,0.06709472,-0.123244174,-0.24865603,-1.1140101,-0.024791881,0.0,0.0,-0.0012990047,-0.08237216,0.0,-9.458194e-05,1.1438574,0.73084396,0.008860996,-0.19485402,-0.011165866,-0.19251773,0.08825893,-0.16287772,-0.29423434,0.21215382,0.0,-0.14448123,11.912147,9.869598
0.05,1.0,0.0,0.0,0.0,0.0,63.0,0.0,211.625,300.0,120.63333333333334,770.0,0.0,0.0,0.0,0.0,0.0,0.0,0.0,0.0,0.0,0.0,1.0,0.0,0.0,0.0,0.0,0.0,0.0,0.0,1.0,0.0,0.0,1.0,11.0,0.0,0.0,0.0,0.0,1.0,0.0,0.0,63.0,3.1500000000000004,0.0,1.0,0.0,0.0,1.0,349.0,3.0,476.0,476.0,1428.0,-0.24865438,0.036734737,-0.015383834,-0.015834667,0.0010066289,-0.0030941486,0.23600717,1.2831355,-0.21458024,-0.115589015,0.088649966,-1.2755667,-0.3836608,-0.13023229,0.057811394,-0.09414706,-0.012379319,0.009165398,0.000794471,0.10342632,0.0003568069,0.0,-0.11894573,0.0013004055,-0.13383098,0.0,-0.037183408,0.0,0.0,-0.5210506,0.03750904,0.06523527,-0.124422885,-0.24910584,-1.1463987,-0.03255833,0.0,0.0,-0.0014979357,-0.081573665,0.0,-9.458194e-05,1.1539342,0.74506354,0.005700637,-0.23346835,-0.010504237,-0.1929249,0.07093494,-0.8942105,-0.34677717,0.06659443,0.0,-0.17121647,11.912147,9.070619
0.05,1.0,0.0,0.0,0.0,0.0,63.0,0.0,211.625,300.0,120.63333333333334,770.0,0.0,0.0,0.0,0.0,0.0,0.0,0.0,0.0,0.0,0.0,1.0,0.0,0.0,0.0,0.0,0.0,0.0,0.0,1.0,0.0,0.0,1.0,11.0,0.0,0.0,0.0,0.0,1.0,0.0,0.0,63.0,3.1500000000000004,1.0,0.0,0.0,0.0,1.0,175.0,3.0,224.0,224.0,672.0,-0.2658129,0.04106266,-0.0154955285,-0.016072022,0.0010066289,-0.0022464844,0.2477665,1.3853264,-0.31290138,-0.045048073,0.093346216,-1.2719471,-0.37442228,-0.1299886,0.056692857,-0.09166703,-0.012112788,0.008322862,0.00079670263,0.10717705,0.00031416508,0.0,-0.20002623,0.005503832,-0.14144209,0.0,-0.041036785,0.0,0.0,-0.49244353,0.023441205,0.057374846,-0.12335646,-0.25684822,-1.200205,-0.019523866,0.0,0.0,-0.0014067134,-0.089033805,0.0,-8.843652e-05,1.1321999,0.8266261,-0.030865815,0.6362612,-0.015958479,-0.20173317,0.071807526,-0.7612473,-0.2784283,-0.057388633,0.0,0.027363127,11.912147,10.185788
0.05,1.0,0.0,0.0,0.0,0.0,63.0,0.0,211.625,300.0,120.63333333333334,770.0,0.0,0.0,0.0,0.0,0.0,0.0,0.0,0.0,0.0,0.0,1.0,0.0,0.0,0.0,0.0,0.0,0.0,0.0,1.0,0.0,0.0,1.0,11.0,0.0,0.0,0.0,0.0,1.0,0.0,0.0,63.0,3.1500000000000004,0.0,0.0,1.0,0.0,1.0,125.0,3.0,392.0,392.0,1176.0,-0.36989808,0.034419376,-0.015212551,-0.016074564,0.0006114454,-0.002329521,0.24067122,1.3185129,-0.24199878,-0.15118767,0.094591446,-1.2908534,-0.3737613,-0.1298343,0.058273636,-0.09171118,-0.011717436,0.008352622,0.0008119092,0.10504081,0.00038040578,0.0,-0.14951791,0.0056457645,-0.14145766,0.0,-0.04264595,0.0,0.0,-0.5070346,0.020557683,0.057236448,-0.12137935,-0.2536586,-1.2151101,-0.022137562,0.0,0.0,-0.0013672442,-0.094013095,0.0,-7.866767e-05,1.1921176,0.75673217,0.036669265,0.7476876,0.16961518,-0.20605886,0.12742336,-0.5744693,-0.23831403,0.06993595,0.0,-0.1216485,11.912147,10.573965
0.05,1.0,0.0,0.0,0.0,0.0,63.0,0.0,211.625,300.0,120.63333333333334,770.0,0.0,0.0,0.0,0.0,0.0,0.0,0.0,0.0,0.0,0.0,1.0,0.0,0.0,0.0,0.0,0.0,0.0,0.0,1.0,0.0,0.0,1.0,11.0,0.0,0.0,0.0,0.0,1.0,0.0,0.0,63.0,3.1500000000000004,0.0,0.0,0.0,1.0,1.0,17.0,3.0,364.0,364.0,1092.0,-0.31447467,0.049296807,-0.015862986,-0.013108956,0.0017728601,-0.0014765959,0.47383553,0.8870548,-0.24558884,-0.04677267,0.11586525,-1.4046249,-0.39966965,-0.16041712,0.06675991,-0.08643827,-0.013260848,0.0085282335,0.00097149244,0.11234209,0.0004122067,0.0,-0.26044202,0.008217725,-0.1501768,0.0,-0.05383107,0.0,0.0,-0.41219717,-0.0042116726,0.050342195,-0.12091124,-0.26266748,-1.1577882,-0.026673652,0.0,0.0,-0.0008903948,-0.08120471,0.0,-8.638484e-05,1.1557295,0.86831486,0.01574472,0.47085378,-0.012817125,0.98444724,0.044879474,-0.17958178,-0.154441,-0.045633566,0.0,0.0032159677,11.912147,11.605473
0.05,1.0,0.0,0.0,0.0,0.0,63.0,0.0,211.625,300.0,120.63333333333334,770.0,0.0,0.0,0.0,0.0,0.0,0.0,0.0,0.0,0.0,0.0,1.0,0.0,0.0,0.0,0.0,0.0,0.0,0.0,1.0,0.0,0.0,1.0,11.0,0.0,0.0,0.0,0.0,1.0,0.0,0.0,63.0,3.1500000000000004,0.0,0.0,0.0,1.0,1.0,14.0,3.0,364.0,364.0,1092.0,-0.42094243,0.08635236,-0.015399315,-0.0115083875,0.0017728601,-0.00037562955,0.6278864,0.8676666,-0.2184876,-0.06853413,0.11332339,-1.351832,-0.3377877,-0.13286887,0.066056065,-0.08008447,-0.010994767,0.015135824,0.011667042,0.12276106,0.0032368186,0.0,-0.4460346,0.0058673196,-0.1415512,0.0,-0.046907414,0.0,0.0,-0.38067412,-0.0011950696,0.045746118,-0.12091124,-0.25949618,-0.9755814,-0.027067153,0.0,0.0,-0.0008903948,-0.22850186,0.0,-8.638484e-05,1.1080989,0.8109115,0.016737297,0.5623195,-0.013489136,1.100209,0.038365964,3.33084,-0.12346277,-0.027379032,0.0,0.007867144,11.912147,15.412915
0.05,1.0,0.0,0.0,0.0,0.0,63.0,0.0,211.625,300.0,120.63333333333334,770.0,0.0,0.0,0.0,0.0,0.0,0.0,0.0,0.0,0.0,0.0,1.0,0.0,0.0,0.0,0.0,0.0,0.0,0.0,1.0,0.0,0.0,1.0,11.0,0.0,0.0,0.0,0.0,1.0,0.0,0.0,63.0,3.1500000000000004,0.0,0.0,0.0,1.0,1.0,31.0,3.0,364.0,364.0,1092.0,-0.2641896,0.058830753,-0.016315823,-0.011821979,0.003756178,-0.0020350583,0.43277016,0.9021317,-0.33181626,-0.060249943,0.12395393,-1.3152219,-0.39739722,-0.15928863,0.06920917,-0.089394435,-0.011226379,0.009092026,0.00079490675,0.11669004,0.00041469524,0.0,-0.16854043,0.005554677,-0.14974652,0.0,-0.050717417,0.0,0.0,-0.4126432,0.013894514,0.05439334,-0.12046196,-0.262707,-1.2184123,-0.029850995,0.0,0.0,-0.0008626742,-0.08381108,0.0,-0.00013326766,1.1986489,0.88068205,0.037340704,0.7404152,-0.0125552155,1.1357569,0.072439626,1.1812232,-0.13831584,-0.035219625,0.0,0.013778788,11.912147,13.620982
0.05,1.0,0.0,0.0,0.0,0.0,63.0,0.0,211.625,300.0,120.63333333333334,770.0,0.0,0.0,0.0,0.0,0.0,0.0,0.0,0.0,0.0,0.0,1.0,0.0,0.0,0.0,0.0,0.0,0.0,0.0,1.0,0.0,0.0,1.0,11.0,0.0,0.0,0.0,0.0,1.0,0.0,0.0,63.0,3.1500000000000004,0.0,1.0,0.0,0.0,1.0,194.0,3.0,392.0,392.0,1176.0,-0.3517713,0.038947485,-0.015917335,-0.014076533,0.0010066289,-0.0059685665,0.3309534,1.3267105,-0.18250711,-0.1480511,0.08846411,-1.2754141,-0.38603774,-0.13063131,0.057348967,-0.094451584,-0.013121824,0.008100297,-0.0017034755,0.10384999,0.00036962298,0.0,-0.15800816,0.0013004055,-0.13378015,0.0,-0.04092186,0.0,0.0,-0.52114916,0.040630497,0.06319494,-0.11597579,-0.26042306,-1.1933218,-0.018946134,0.0,0.0,-0.0016246969,-0.084548466,0.0,-9.458194e-05,1.1423378,0.74749595,0.003017696,-0.25867146,-0.0130821355,-0.19965841,0.041171867,-1.5258253,-0.35608765,0.021685317,0.0,-0.18448716,11.912147,8.242472
0.05,1.0,0.0,0.0,0.0,0.0,63.0,0.0,211.625,300.0,120.63333333333334,770.0,0.0,0.0,0.0,0.0,0.0,0.0,0.0,0.0,0.0,0.0,1.0,0.0,0.0,0.0,0.0,0.0,0.0,0.0,1.0,0.0,0.0,1.0,11.0,0.0,0.0,0.0,0.0,1.0,0.0,0.0,63.0,3.1500000000000004,0.0,1.0,0.0,0.0,1.0,117.0,3.0,476.0,476.0,1428.0,-0.306716,0.0382644,-0.015249558,-0.014894905,0.0010066289,-0.0047004176,0.30609858,1.3335172,-0.251185,-0.11370344,0.088683665,-1.2899362,-0.38218933,-0.13007298,0.057156216,-0.09443848,-0.01189067,0.007891773,0.0008473361,0.10411561,0.00036206053,0.0,-0.10875637,0.0013004055,-0.13374813,0.0,-0.03881747,0.0,0.0,-0.50142115,0.04184738,0.06161236,-0.12125683,-0.24526575,-1.2498262,-0.018666312,0.0,0.0,-0.0014898673,-0.084916495,0.0,-9.458194e-05,1.1444836,0.7459496,0.006518149,-0.24489047,-0.014502111,-0.1949211,0.12041896,-0.6389434,-0.30298722,0.21314688,0.0,-0.19324268,11.912147,9.4766445
0.05,1.0,0.0,0.0,0.0,0.0,63.0,0.0,211.625,300.0,120.63333333333334,770.0,0.0,0.0,0.0,0.0,0.0,0.0,0.0,0.0,0.0,0.0,1.0,0.0,0.0,0.0,0.0,0.0,0.0,0.0,1.0,0.0,0.0,1.0,11.0,0.0,0.0,0.0,0.0,1.0,0.0,0.0,63.0,3.1500000000000004,0.0,1.0,0.0,0.0,0.0,19.0,3.0,112.0,112.0,336.0,-0.38851938,0.04754329,-0.014588016,-0.016148556,0.000957673,-0.0016906615,0.27941698,1.1685183,-0.2343006,0.025396973,0.10688131,-1.3086598,-0.39273155,-0.1843168,0.062772684,-0.093256414,-0.01148716,0.009582559,0.0018249943,0.1135331,0.00031899495,0.0,-0.14263152,0.0012501054,-0.14172377,0.0,-0.049558546,0.0,0.0,-0.43373272,0.06394513,0.05981015,-0.11941941,-0.25289398,-1.2584802,-0.029255884,0.0,0.0,-0.0015725303,-0.081752636,0.0,-0.00012432548,1.157536,0.6744189,0.013421378,-0.18862127,-0.0114882635,-0.1685432,-0.09626058,1.126633,-0.18729146,0.2619729,0.0,0.21772726,11.912147,11.496555
0.05,1.0,0.0,0.0,0.0,0.0,63.0,0.0,211.625,300.0,120.63333333333334,770.0,0.0,0.0,0.0,0.0,0.0,0.0,0.0,0.0,0.0,0.0,1.0,0.0,0.0,0.0,0.0,0.0,0.0,0.0,1.0,0.0,0.0,1.0,11.0,0.0,0.0,0.0,0.0,1.0,0.0,0.0,63.0,3.1500000000000004,0.0,1.0,0.0,0.0,0.0,108.0,3.0,182.0,182.0,546.0,-0.30056533,0.03796303,-0.015575294,-0.014718819,0.0010316141,-0.00470052,0.150977,1.411996,-0.2826494,-0.077449575,0.0869854,-1.283403,-0.38885647,-0.13137722,0.056314763,-0.0943459,-0.011632433,0.007887123,0.0006699556,0.10367418,0.0003057744,0.0,-0.16543041,0.0011728131,-0.13378349,0.0,-0.0420886,0.0,0.0,-0.49111095,0.026728766,0.06421273,-0.11014282,-0.245085,-1.20358,-0.018845271,0.0,0.0,-0.0059487605,-0.08534715,0.0,-0.00012992196,1.1143558,0.76902646,0.012009058,-0.23045556,-0.006930845,-0.18063368,-0.2518657,-0.825336,-0.3207368,-0.31009966,0.0,0.015264089,11.912147,8.539896
0.0375126,1.0,0.0,0.0,0.0,0.0,9.0,1.0,140.0,154.0,120.63333333333334,533.1776470588235,0.0,0.0,0.0,1.0,0.0,0.0,0.0,0.0,0.0,0.0,0.0,0.0,0.0,0.0,0.0,0.0,0.0,1.0,0.0,0.0,0.0,1.0,8.0,1.0,0.0,0.0,0.0,0.0,0.0,0.0,9.0,0.3376134,0.0,1.0,0.0,0.0,0.0,96.0,3.0,364.0,364.0,1092.0,-1.5307456,-0.05451484,-0.030800099,-0.006754043,0.001597258,-0.004722106,-0.16746771,-0.06022825,0.49165174,0.08302647,0.1140715,-1.2992183,-0.12839355,-0.052071303,0.028736364,1.4236794,-0.013520591,0.009329304,0.0013350811,0.08429851,0.00048709376,0.0,0.08312507,-8.040556e-05,-0.110459596,0.0,-0.037040487,0.0,0.0,0.3034969,0.0193402,0.06912529,-0.0392418,-0.038100496,0.5315078,0.04808244,0.0,0.0,-0.008201086,0.016457707,0.0,-0.00012277097,-4.0559335,-1.1616817,0.0015029822,-0.20720586,-0.018952385,-0.26416877,-0.16119136,-0.77084947,-0.32665405,-0.026472112,0.0,-0.05189271,11.912147,4.596314
0.0375126,1.0,0.0,0.0,0.0,0.0,9.0,1.0,140.0,154.0,120.63333333333334,533.1776470588235,0.0,0.0,0.0,1.0,0.0,0.0,0.0,0.0,0.0,0.0,0.0,0.0,0.0,0.0,0.0,0.0,0.0,1.0,0.0,0.0,0.0,1.0,8.0,1.0,0.0,0.0,0.0,0.0,0.0,0.0,9.0,0.3376134,0.0,1.0,0.0,0.0,0.0,94.0,1.2,140.0,140.0,168.0,-1.5011318,-0.053686447,-0.04492485,-0.01214511,0.0018233038,-0.00467797,-0.18334667,-0.065602936,0.5034735,0.091179125,0.12257094,-1.2934111,-0.12536345,-0.053991765,0.028364629,1.3729715,-0.013476327,0.009711727,0.0022979046,0.08107388,0.0005121512,0.0,0.13832682,0.0011903362,-0.10904046,0.0,-0.041093364,0.0,0.0,0.22075763,0.0018022273,0.070678115,-0.03664002,-0.03787338,0.47105262,0.049968563,0.0,0.0,-0.0029903492,0.031652544,0.0,-0.0002599778,-4.087449,-1.0665555,0.0026172479,-0.107050456,-0.009651374,-0.2346296,-0.09987527,0.21660261,1.5125723,-0.0817063,0.0,0.2519232,11.912147,7.8286967
0.0375126,1.0,0.0,0.0,0.0,0.0,9.0,1.0,140.0,154.0,120.63333333333334,533.1776470588235,0.0,0.0,0.0,1.0,0.0,0.0,0.0,0.0,0.0,0.0,0.0,0.0,0.0,0.0,0.0,0.0,0.0,1.0,0.0,0.0,0.0,1.0,8.0,1.0,0.0,0.0,0.0,0.0,0.0,0.0,9.0,0.3376134,0.0,1.0,0.0,0.0,0.0,90.0,1.8,140.0,140.0,252.0,-1.509997,-0.053142533,-0.039563682,-0.011016497,0.001597258,-0.006297988,-0.22106259,-0.06912936,0.47516426,0.08014088,0.12077341,-1.2943693,-0.12854731,-0.050276306,0.0274099,1.3701283,-0.016702466,0.009117393,0.0013703943,0.081519745,0.0005269778,0.0,0.08638678,0.0010188275,-0.10987734,0.0,-0.041739117,0.0,0.0,0.26035702,0.010063457,0.06945014,-0.040421892,-0.039548706,0.5122712,0.04997621,0.0,0.0,-0.0026532933,0.020144863,0.0,-0.00070253777,-4.2267213,-0.9308016,0.0023483827,-0.13092177,-0.0061269985,-0.23809402,-0.10386292,0.0933631,1.0114594,-0.07336406,0.0,0.2035743,11.912147,7.05537
0.0375126,1.0,0.0,0.0,0.0,0.0,9.0,1.0,140.0,154.0,120.63333333333334,533.1776470588235,0.0,0.0,0.0,1.0,0.0,0.0,0.0,0.0,0.0,0.0,0.0,0.0,0.0,0.0,0.0,0.0,0.0,1.0,0.0,0.0,0.0,1.0,8.0,1.0,0.0,0.0,0.0,0.0,0.0,0.0,9.0,0.3376134,0.0,1.0,0.0,0.0,0.0,92.0,2.4,140.0,140.0,336.0,-1.4866148,-0.049166054,-0.039929915,-0.014667543,0.001597258,-0.004006682,-0.1849652,-0.0669036,0.5159173,0.11890627,0.118622445,-1.3017625,-0.124526925,-0.05679813,0.031502433,1.4062799,-0.013442244,0.009258207,0.00029067113,0.08054482,0.0004502848,0.0,0.11960363,0.0011903362,-0.11153247,0.0,-0.04291991,0.0,0.0,0.29484576,-0.0009918901,0.07098571,-0.041342422,-0.03878428,0.47381932,0.052049685,0.0,0.0,-0.004531017,0.016647799,0.0,-0.00070253777,-4.066056,-1.1478947,0.0017927573,-0.12467272,-0.006695095,-0.25421518,-0.10159955,0.15081413,0.22111489,-0.08165013,0.0,0.22757167,11.912147,6.45958
0.0375126,1.0,0.0,0.0,0.0,0.0,9.0,1.0,140.0,154.0,120.63333333333334,533.1776470588235,0.0,0.0,0.0,1.0,0.0,0.0,0.0,0.0,0.0,0.0,0.0,0.0,0.0,0.0,0.0,0.0,0.0,1.0,0.0,0.0,0.0,1.0,8.0,1.0,0.0,0.0,0.0,0.0,0.0,0.0,9.0,0.3376134,0.0,1.0,0.0,0.0,0.0,92.0,3.0,140.0,140.0,420.0,-1.4678819,-0.051643398,-0.038878698,-0.007909183,0.001597258,-0.004779558,-0.16912392,-0.064136185,0.47122344,0.10120152,0.11544264,-1.2929162,-0.12522537,-0.05801588,0.03042002,1.3982294,-0.013440079,0.0091775255,0.000114035225,0.08184345,0.0004502848,0.0,0.018388726,0.0009991978,-0.110462226,0.0,-0.044122186,0.0,0.0,0.30054396,-0.0011015362,0.069636434,-0.041365817,-0.03879217,0.51621115,0.0551999,0.0,0.0,-0.0036308367,0.017302107,0.0,-0.00041203498,-4.0948434,-1.1456302,0.0036465123,-0.19985089,-0.013957542,-0.261396,-0.100033894,0.06154359,-0.3329826,-0.1235566,0.0,-0.06066107,11.912147,5.2985673
0.0375126,1.0,0.0,0.0,0.0,0.0,9.0,1.0,140.0,154.0,120.63333333333334,533.1776470588235,0.0,0.0,0.0,1.0,0.0,0.0,0.0,0.0,0.0,0.0,0.0,0.0,0.0,0.0,0.0,0.0,0.0,1.0,0.0,0.0,0.0,1.0,8.0,1.0,0.0,0.0,0.0,0.0,0.0,0.0,9.0,0.3376134,0.0,1.0,0.0,0.0,0.0,29.0,3.0,280.0,280.0,840.0,-1.4433153,-0.04878474,-0.039452076,-0.005692017,0.001597258,-0.0020925049,-0.16464157,-0.065272376,0.40287557,0.076409414,0.11498107,-1.3063809,-0.12816006,-0.050839968,0.03125194,1.4302459,-0.013550888,0.009374107,0.0011912747,0.08727958,0.0004651114,0.0,0.11747719,0.0013077257,-0.10940445,0.0,-0.0467266,0.0,0.0,0.2825123,0.0008585686,0.068404734,-0.041013885,-0.039821137,0.51950455,0.05707192,0.0,0.0,-0.0036308367,0.016031666,0.0,-0.00017066635,-4.21428,-1.0413688,0.0016199064,-0.17123507,-0.010830937,-0.25527436,-0.08591231,0.87960225,-0.22659607,-0.00032000436,0.0,-0.034452565,11.912147,6.462987
0.0375126,1.0,0.0,0.0,0.0,0.0,9.0,1.0,140.0,154.0,120.63333333333334,533.1776470588235,0.0,0.0,0.0,1.0,0.0,0.0,0.0,0.0,0.0,0.0,0.0,0.0,0.0,0.0,0.0,0.0,0.0,1.0,0.0,0.0,0.0,1.0,8.0,1.0,0.0,0.0,0.0,0.0,0.0,0.0,9.0,0.3376134,0.0,1.0,0.0,0.0,1.0,412.0,3.0,392.0,392.0,1176.0,-1.5314292,-0.05488426,-0.030672539,-0.0050880434,0.0015778906,-0.0022077486,-0.24209917,-0.05875902,0.45465395,0.12377253,0.11815775,-1.284607,-0.122808315,-0.053278163,0.030339153,1.4155315,-0.013241181,0.010800859,0.0016801055,0.083149984,0.0004287423,0.0,0.10715201,0.0011190192,-0.10949442,0.0,-0.034587864,0.0,0.0,0.33358237,0.022468047,0.06938526,-0.039920185,-0.041941013,0.48781082,0.06628499,0.0,0.0,-0.0042708614,0.017446553,0.0,-0.00012277097,-4.0409007,-1.1554296,-0.00027037205,-0.1617581,-0.01698389,-0.25587416,0.05995386,0.26736495,-0.27469167,0.08206303,0.0,-0.055346467,11.912147,6.0762076
0.0375126,1.0,0.0,0.0,0.0,0.0,9.0,1.0,140.0,154.0,120.63333333333334,533.1776470588235,0.0,0.0,0.0,1.0,0.0,0.0,0.0,0.0,0.0,0.0,0.0,0.0,0.0,0.0,0.0,0.0,0.0,1.0,0.0,0.0,0.0,1.0,8.0,1.0,0.0,0.0,0.0,0.0,0.0,0.0,9.0,0.3376134,0.0,1.0,0.0,0.0,1.0,204.0,1.8,392.0,392.0,705.6,-1.3712319,-0.05124806,-0.029451188,-0.0009285754,0.0015778906,-0.004820991,-0.3085054,-0.06725968,0.43536612,0.116658665,0.11854956,-1.2960715,-0.12258466,-0.048832234,0.026023293,1.3443307,-0.013666394,0.01018494,0.0022982333,0.08306287,0.0004636602,0.0,0.17466798,0.0011267903,-0.10803618,0.0,-0.033889726,0.0,0.0,0.29353476,0.018051712,0.06663218,-0.038908355,-0.041500755,0.4166884,0.06456796,0.0,0.0,-0.002111256,0.028770545,0.0,-0.00019338581,-4.018998,-1.0886089,-0.0049897702,-0.12528753,-0.01020748,-0.23339368,0.08900107,-0.31206113,1.5480402,0.0927651,0.0,-0.060080197,11.912147,7.451644
0.0375126,1.0,0.0,0.0,0.0,0.0,9.0,1.0,140.0,154.0,120.63333333333334,533.1776470588235,0.0,0.0,0.0,1.0,0.0,0.0,0.0,0.0,0.0,0.0,0.0,0.0,0.0,0.0,0.0,0.0,0.0,1.0,0.0,0.0,0.0,1.0,8.0,1.0,0.0,0.0,0.0,0.0,0.0,0.0,9.0,0.3376134,0.0,1.0,0.0,0.0,1.0,2432.0,3.0,392.0,392.0,1176.0,-1.5082375,-0.05131826,-0.0308023,-0.004971468,0.0015778906,-0.002424911,-0.33183298,-0.057842147,0.42802286,0.12371192,0.11368726,-1.3015245,-0.12736192,-0.053409472,0.028907098,1.4350816,-0.01396137,0.009313057,1.8982408e-05,0.082356706,0.00046941606,0.0,0.08948398,0.0011190192,-0.11167744,0.0,-0.03406858,0.0,0.0,0.32101268,0.0040615476,0.06895149,-0.04000947,-0.040877886,0.5032652,0.06283464,0.0,0.0,-0.005515785,0.015684921,0.0,-0.00011872986,-4.0819697,-1.1303056,-0.0004585446,-0.19017622,-0.020437915,-0.2613399,0.066048756,-1.0645025,-0.33065078,-0.001025276,0.0,-0.04993658,11.912147,4.4210014
0.0375126,1.0,0.0,0.0,0.0,0.0,9.0,1.0,140.0,154.0,120.63333333333334,533.1776470588235,0.0,0.0,0.0,1.0,0.0,0.0,0.0,0.0,0.0,0.0,0.0,0.0,0.0,0.0,0.0,0.0,0.0,1.0,0.0,0.0,0.0,1.0,8.0,1.0,0.0,0.0,0.0,0.0,0.0,0.0,9.0,0.3376134,0.0,1.0,0.0,0.0,1.0,1467.0,3.0,1120.0,1120.0,3360.0,-1.5698209,-0.061265636,-0.03075657,-0.0058393674,0.0015778906,-0.0025345432,-0.26483512,-0.058830295,0.45344326,0.10625213,0.11616094,-1.2972453,-0.12211556,-0.05277946,0.029111793,1.4228476,-0.013659773,0.008439514,0.0015883977,0.08260713,0.00045803143,0.0,0.107150555,0.0011190192,-0.10928316,0.0,-0.033914812,0.0,0.0,0.30007443,0.010349279,0.07039853,-0.03969465,-0.040182088,0.5112327,0.06344438,0.0,0.0,-0.0033514625,0.014933716,0.0,-0.00012277097,-4.0447936,-1.1076403,-0.00034215007,-0.15082072,-0.020866817,-0.25908116,0.068112,-0.12798516,-0.28596056,0.20422268,0.0,-0.058459733,11.912147,5.7234936
0.0375126,1.0,0.0,0.0,0.0,0.0,9.0,1.0,140.0,154.0,120.63333333333334,533.1776470588235,0.0,0.0,0.0,1.0,0.0,0.0,0.0,0.0,0.0,0.0,0.0,0.0,0.0,0.0,0.0,0.0,0.0,1.0,0.0,0.0,0.0,1.0,8.0,1.0,0.0,0.0,0.0,0.0,0.0,0.0,9.0,0.3376134,0.0,1.0,0.0,0.0,1.0,349.0,3.0,476.0,476.0,1428.0,-1.4779341,-0.058315817,-0.0314007,-0.0072309035,0.0015778906,-0.003233385,-0.2388499,-0.058620084,0.46089783,0.10184235,0.114225835,-1.2898954,-0.12263617,-0.052261014,0.028838515,1.4168363,-0.01464903,0.0084210895,0.0011416107,0.08226848,0.00044696566,0.0,0.07640005,0.0011267903,-0.11032083,0.0,-0.03463878,0.0,0.0,0.33773476,0.010881714,0.06759728,-0.04010982,-0.040273976,0.51061314,0.06709389,0.0,0.0,-0.004601149,0.013317772,0.0,-0.00012277097,-4.064637,-1.1475308,-0.00049413077,-0.19451018,-0.020235132,-0.2595536,0.05767487,-0.76737463,-0.35829392,-0.08515609,0.0,-0.07569544,11.912147,4.712513
0.0375126,1.0,0.0,0.0,0.0,0.0,9.0,1.0,140.0,154.0,120.63333333333334,533.1776470588235,0.0,0.0,0.0,1.0,0.0,0.0,0.0,0.0,0.0,0.0,0.0,0.0,0.0,0.0,0.0,0.0,0.0,1.0,0.0,0.0,0.0,1.0,8.0,1.0,0.0,0.0,0.0,0.0,0.0,0.0,9.0,0.3376134,1.0,0.0,0.0,0.0,1.0,175.0,3.0,224.0,224.0,672.0,-1.5888906,-0.041421752,-0.03154179,-0.006320709,0.0015778906,-0.0025052782,-0.18504603,-0.06536238,0.47172645,0.10504832,0.11188142,-1.2858144,-0.13122168,-0.049636994,0.03100659,1.4430715,-0.014645905,0.0089710085,0.0011384058,0.07997535,0.00045943997,0.0,0.11644263,0.0027183534,-0.10993547,0.0,-0.035584256,0.0,0.0,0.28728443,0.02195359,0.065586045,-0.04780772,-0.04122053,0.48517963,0.040963084,0.0,0.0,-0.0039216643,0.017482681,0.0,-0.00010751846,-4.0171704,-1.1649367,0.0532891,0.6054378,-0.021855975,-0.30300838,0.0874406,-0.69597965,-0.28290844,-0.007575148,0.0,-0.022494633,11.912147,5.793867
0.0375126,1.0,0.0,0.0,0.0,0.0,9.0,1.0,140.0,154.0,120.63333333333334,533.1776470588235,0.0,0.0,0.0,1.0,0.0,0.0,0.0,0.0,0.0,0.0,0.0,0.0,0.0,0.0,0.0,0.0,0.0,1.0,0.0,0.0,0.0,1.0,8.0,1.0,0.0,0.0,0.0,0.0,0.0,0.0,9.0,0.3376134,0.0,0.0,1.0,0.0,1.0,125.0,3.0,392.0,392.0,1176.0,-1.5583892,-0.083933786,-0.030862857,-0.0112837395,0.0014200401,-0.0029002242,-0.1594364,-0.06583818,0.40945238,0.11580988,0.112813264,-1.287034,-0.12808014,-0.04658142,0.029973436,1.4207832,-0.0139142815,0.008661591,0.0013462588,0.0780942,0.000489753,0.0,0.086351015,0.00430846,-0.10986157,0.0,-0.037004218,0.0,0.0,0.3314405,0.022902643,0.06607262,-0.04737634,-0.039121833,0.50612056,0.051564626,0.0,0.0,-0.0038335032,0.021322627,0.0,-9.3946335e-05,-4.1136556,-1.178383,0.020410636,0.6562796,0.21394362,-0.2981679,0.09666198,-0.4644457,-0.2547783,0.036749907,0.0,-0.04223262,11.912147,6.227909
0.0375126,1.0,0.0,0.0,0.0,0.0,9.0,1.0,140.0,154.0,120.63333333333334,533.1776470588235,0.0,0.0,0.0,1.0,0.0,0.0,0.0,0.0,0.0,0.0,0.0,0.0,0.0,0.0,0.0,0.0,0.0,1.0,0.0,0.0,0.0,1.0,8.0,1.0,0.0,0.0,0.0,0.0,0.0,0.0,9.0,0.3376134,0.0,0.0,0.0,1.0,1.0,17.0,3.0,364.0,364.0,1092.0,-1.3914654,-0.023365417,-0.04573972,-0.009946896,0.0023441217,-0.0024339547,-0.23957138,-0.050617892,0.5745234,0.074646726,0.11334312,-1.3203151,-0.13890716,-0.07740658,0.031105276,1.4358902,-0.015124368,0.009273807,0.00029744356,0.08624027,0.0005200707,0.0,0.17058411,0.0061638565,-0.11011028,0.0,-0.050062507,0.0,0.0,0.28535688,0.026613757,0.06011715,-0.04449146,-0.039986245,0.44740665,0.033644028,0.0,0.0,-0.0031525397,0.0155979525,0.0,-0.000104668004,-3.9711416,-1.2297008,0.006386258,0.23230338,-0.011759616,1.144021,0.029036913,-0.39380375,-0.18890597,-0.02681002,0.0,-0.017189765,11.912147,7.2954483
0.0375126,1.0,0.0,0.0,0.0,0.0,9.0,1.0,140.0,154.0,120.63333333333334,533.1776470588235,0.0,0.0,0.0,1.0,0.0,0.0,0.0,0.0,0.0,0.0,0.0,0.0,0.0,0.0,0.0,0.0,0.0,1.0,0.0,0.0,0.0,1.0,8.0,1.0,0.0,0.0,0.0,0.0,0.0,0.0,9.0,0.3376134,0.0,0.0,0.0,1.0,1.0,14.0,3.0,364.0,364.0,1092.0,-1.3573114,0.011070304,-0.042556588,-0.008287749,0.0023441217,-0.0020182163,-0.46516716,-0.049445193,0.5169155,0.071859404,0.10590224,-1.2538146,-0.1219753,-0.043349776,0.036431305,1.3121785,-0.013697634,0.014172062,0.002914224,0.09261634,0.008119922,0.0,0.29007098,0.00448026,-0.10699908,0.0,-0.04458775,0.0,0.0,0.26637354,0.018115666,0.055438224,-0.04449146,-0.039455075,0.457731,0.041562486,0.0,0.0,-0.0031525397,0.0267331,0.0,-0.000104668004,-3.9532902,-1.2069447,0.007011133,0.4291152,-0.011610703,1.2990284,0.0279621,3.201141,-0.14217305,0.007875834,0.0,-0.012446354,11.912147,11.296431
0.0375126,1.0,0.0,0.0,0.0,0.0,9.0,1.0,140.0,154.0,120.63333333333334,533.1776470588235,0.0,0.0,0.0,1.0,0.0,0.0,0.0,0.0,0.0,0.0,0.0,0.0,0.0,0.0,0.0,0.0,0.0,1.0,0.0,0.0,0.0,1.0,8.0,1.0,0.0,0.0,0.0,0.0,0.0,0.0,9.0,0.3376134,0.0,0.0,0.0,1.0,1.0,31.0,3.0,364.0,364.0,1092.0,-1.431653,-0.027144214,-0.041301627,-0.011217984,0.0043274397,-0.0021852665,-0.2163159,-0.050725978,0.50723654,0.0778602,0.11747409,-1.2981635,-0.13141513,-0.072526224,0.033368755,1.5037713,-0.01349855,0.009671906,0.0013314685,0.08890838,0.0005246004,0.0,0.15010314,0.0037134083,-0.11024662,0.0,-0.046977967,0.0,0.0,0.29397753,0.00503017,0.06400732,-0.043556847,-0.04010483,0.5014242,0.04531726,0.0,0.0,-0.0031248191,0.014294344,0.0,-0.00018958429,-3.965678,-1.2235321,0.022383928,0.66264105,-0.012890738,1.4932755,0.040266767,0.9125123,-0.17004468,-0.004295453,0.0,-0.020061458,11.912147,9.528719
0.0375126,1.0,0.0,0.0,0.0,0.0,9.0,1.0,140.0,154.0,120.63333333333334,533.1776470588235,0.0,0.0,0.0,1.0,0.0,0.0,0.0,0.0,0.0,0.0,0.0,0.0,0.0,0.0,0.0,0.0,0.0,1.0,0.0,0.0,0.0,1.0,8.0,1.0,0.0,0.0,0.0,0.0,0.0,0.0,9.0,0.3376134,0.0,1.0,0.0,0.0,1.0,194.0,3.0,392.0,392.0,1176.0,-1.5312454,-0.054288335,-0.033275664,-0.0058455477,0.0015778906,-0.0061497386,-0.18164168,-0.05920335,0.48049018,0.11868875,0.11383092,-1.2981182,-0.12497334,-0.05461336,0.028411862,1.4336206,-0.017641738,0.009041373,-0.0012734482,0.08266394,0.00047533007,0.0,0.12640786,0.0011267903,-0.10978741,0.0,-0.03525182,0.0,0.0,0.3377608,0.01576446,0.06592632,-0.03976337,-0.041393712,0.48408273,0.064312644,0.0,0.0,-0.0051044626,0.015920848,0.0,-0.00012277097,-4.0709505,-1.1413335,-0.0023297714,-0.23121572,-0.021365983,-0.264925,0.048282493,-1.4433599,-0.3706236,-0.014636938,0.0,-0.096285075,11.912147,4.0838146
0.0375126,1.0,0.0,0.0,0.0,0.0,9.0,1.0,140.0,154.0,120.63333333333334,533.1776470588235,0.0,0.0,0.0,1.0,0.0,0.0,0.0,0.0,0.0,0.0,0.0,0.0,0.0,0.0,0.0,0.0,0.0,1.0,0.0,0.0,0.0,1.0,8.0,1.0,0.0,0.0,0.0,0.0,0.0,0.0,9.0,0.3376134,0.0,1.0,0.0,0.0,1.0,117.0,3.0,476.0,476.0,1428.0,-1.4637187,-0.057432223,-0.030684635,-0.00822126,0.0015778906,-0.0047874204,-0.23903958,-0.058725737,0.44399527,0.09329292,0.114194244,-1.3020095,-0.12225757,-0.051212076,0.02858617,1.4328232,-0.013813126,0.007888296,0.001558076,0.08253146,0.00045863554,0.0,0.08151268,0.0011267903,-0.10979184,0.0,-0.035848238,0.0,0.0,0.331899,0.009402029,0.06667272,-0.040043604,-0.038793176,0.55142796,0.06284792,0.0,0.0,-0.0045438036,0.015866674,0.0,-0.00012277097,-4.066129,-1.1556448,0.0005962941,-0.20151354,-0.02117189,-0.26148874,0.091078356,-0.5564324,-0.32082587,0.06837672,0.0,-0.088404454,11.912147,5.147206
0.0375126,1.0,0.0,0.0,0.0,0.0,9.0,1.0,140.0,154.0,120.63333333333334,533.1776470588235,0.0,0.0,0.0,1.0,0.0,0.0,0.0,0.0,0.0,0.0,0.0,0.0,0.0,0.0,0.0,0.0,0.0,1.0,0.0,0.0,0.0,1.0,8.0,1.0,0.0,0.0,0.0,0.0,0.0,0.0,9.0,0.3376134,0.0,1.0,0.0,0.0,0.0,19.0,3.0,112.0,112.0,336.0,-1.5154011,-0.048864435,-0.038217124,-0.015618695,0.0015233168,-0.0018103515,-0.19347195,-0.062921114,0.47891298,0.09923996,0.114865206,-1.2924043,-0.12810625,-0.048797123,0.030436335,1.4024264,-0.013626884,0.010356744,0.0032998628,0.08345146,0.0004605817,0.0,0.04739164,0.0011111154,-0.10906132,0.0,-0.045751095,0.0,0.0,0.2792555,-0.0065798117,0.06909294,-0.04081941,-0.039396375,0.5071305,0.053660486,0.0,0.0,-0.0021754967,0.017226947,0.0,-0.00017066635,-4.12713,-1.0134661,0.0006405134,-0.11484607,-0.012105357,-0.2407944,-0.07048472,1.101304,-0.20190863,0.43507975,0.0,0.20206621,11.912147,7.4671497
0.0375126,1.0,0.0,0.0,0.0,0.0,9.0,1.0,140.0,154.0,120.63333333333334,533.1776470588235,0.0,0.0,0.0,1.0,0.0,0.0,0.0,0.0,0.0,0.0,0.0,0.0,0.0,0.0,0.0,0.0,0.0,1.0,0.0,0.0,0.0,1.0,8.0,1.0,0.0,0.0,0.0,0.0,0.0,0.0,9.0,0.3376134,0.0,1.0,0.0,0.0,0.0,108.0,3.0,182.0,182.0,546.0,-1.5129855,-0.052305065,-0.031108052,-0.005467151,0.001597258,-0.004780809,-0.20587236,-0.06286569,0.4278947,0.095232084,0.11316304,-1.3008238,-0.12825646,-0.053678773,0.028642619,1.4346608,-0.014704316,0.008691087,0.00059604226,0.083064556,0.0004502848,0.0,0.049382836,0.0009991978,-0.10880907,0.0,-0.03651079,0.0,0.0,0.2993623,0.01051648,0.06959636,-0.039264943,-0.038073834,0.5191983,0.048101842,0.0,0.0,-0.007993045,0.017302107,0.0,-0.00016191427,-4.0541463,-1.1519146,-0.002778722,-0.21034266,-0.018316384,-0.26205242,-0.22017051,-0.8787854,-0.3326335,-0.18353759,0.0,-0.10287857,11.912147,4.0993834
0.1,0.0,0.0,1.0,0.0,0.0,56.0,1.0,28.0,119.0,120.63333333333334,33.25,0.0,1.0,0.0,0.0,0.0,0.0,0.0,0.0,0.0,0.0,0.0,0.0,0.0,0.0,0.0,0.0,0.0,1.0,0.0,0.0,0.0,1.0,6.0,1.0,0.0,0.0,0.0,0.0,0.0,0.0,112.0,11.2,0.0,1.0,0.0,0.0,0.0,96.0,3.0,364.0,364.0,1092.0,-0.13837737,0.19127768,-0.017057445,0.23538019,0.007014873,-0.0045518777,-0.06824302,-0.034387454,-1.4051524,-0.50704545,0.124892004,-0.8603039,-0.29669037,0.17941278,0.038866684,-0.10161148,-0.015761202,0.014074562,0.0010301961,0.14536689,0.00071613776,0.0,0.08200286,-5.3192027e-05,-0.38285252,0.0,-0.04439846,0.0,0.0,0.21587686,0.003117043,0.21544483,-0.060529947,-0.047074907,0.013125736,0.035260793,0.0,0.0,-0.0037107046,0.029689902,0.0,-0.00013162293,1.3633059,0.255943,0.0031952749,-0.23151761,-0.014043824,-0.21355706,-0.18709515,-0.85291106,-0.33516967,-0.029239917,0.0,-0.053020768,11.912147,9.162653
0.1,0.0,0.0,1.0,0.0,0.0,56.0,1.0,28.0,119.0,120.63333333333334,33.25,0.0,1.0,0.0,0.0,0.0,0.0,0.0,0.0,0.0,0.0,0.0,0.0,0.0,0.0,0.0,0.0,0.0,1.0,0.0,0.0,0.0,1.0,6.0,1.0,0.0,0.0,0.0,0.0,0.0,0.0,112.0,11.2,0.0,1.0,0.0,0.0,0.0,94.0,1.2,140.0,140.0,168.0,-0.18983108,0.18947132,-0.016831515,0.25218624,0.008326027,-0.0033075584,-0.091744415,-0.034565825,-1.4144323,-0.47162214,0.13615593,-0.8897277,-0.3011655,0.19911975,0.055093866,-0.10011732,-0.01591231,0.016038962,0.0022660824,0.15280801,0.00060393364,0.0,0.11774932,0.002103206,-0.38331294,0.0,-0.04738771,0.0,0.0,0.17390166,-0.02640855,0.23331495,-0.0577241,-0.04666824,0.013990161,0.03610666,0.0,0.0,-0.0012725457,0.05536506,0.0,-0.00048586002,1.3027457,0.22501008,0.0031661543,-0.13014308,-0.0086215595,-0.17873909,-0.1285011,0.20459034,1.5657519,-0.061779134,0.0,0.14375003,11.912147,12.401455
0.1,0.0,0.0,1.0,0.0,0.0,56.0,1.0,28.0,119.0,120.63333333333334,33.25,0.0,1.0,0.0,0.0,0.0,0.0,0.0,0.0,0.0,0.0,0.0,0.0,0.0,0.0,0.0,0.0,0.0,1.0,0.0,0.0,0.0,1.0,6.0,1.0,0.0,0.0,0.0,0.0,0.0,0.0,112.0,11.2,0.0,1.0,0.0,0.0,0.0,90.0,1.8,140.0,140.0,252.0,-0.1614081,0.18970649,-0.01667092,0.24653418,0.007014873,-0.005577558,-0.11768697,-0.036861375,-1.3958592,-0.47856545,0.15346214,-0.8669443,-0.31232688,0.19449262,0.05364713,-0.10106857,-0.016178224,0.015723884,0.0010987725,0.15836589,0.0006336709,0.0,0.10189061,0.0011250298,-0.37209368,0.0,-0.047938477,0.0,0.0,0.1963289,0.00037119832,0.22570404,-0.059858285,-0.04847512,0.0004116395,0.038012862,0.0,0.0,-0.0009634419,0.034196664,0.0,-0.00092842,1.3633982,0.19291101,0.0036788862,-0.15208358,-0.0084043415,-0.20058729,-0.13248618,0.29440185,0.96161366,-0.062038083,0.0,0.10236967,11.912147,11.854234
0.1,0.0,0.0,1.0,0.0,0.0,56.0,1.0,28.0,119.0,120.63333333333334,33.25,0.0,1.0,0.0,0.0,0.0,0.0,0.0,0.0,0.0,0.0,0.0,0.0,0.0,0.0,0.0,0.0,0.0,1.0,0.0,0.0,0.0,1.0,6.0,1.0,0.0,0.0,0.0,0.0,0.0,0.0,112.0,11.2,0.0,1.0,0.0,0.0,0.0,92.0,2.4,140.0,140.0,336.0,-0.12446023,0.18905993,-0.01730979,0.24942335,0.007014873,-0.002513639,-0.09214467,-0.03380683,-1.4305058,-0.47714236,0.13291518,-0.9085791,-0.29998314,0.20078158,0.05005409,-0.100329995,-0.015700953,0.01582928,-2.7313119e-05,0.14830023,0.0005420672,0.0,0.110293075,0.002103206,-0.38883448,0.0,-0.0502816,0.0,0.0,0.20784181,-0.004501207,0.22251858,-0.06100388,-0.04738627,0.008563384,0.035519853,0.0,0.0,-0.0012268311,0.029778175,0.0,-0.00092842,1.302779,0.24983183,0.0037085651,-0.15557687,-0.0086932825,-0.19855449,-0.12056041,0.09835922,0.26081377,-0.06885406,0.0,0.16853927,11.912147,10.99781
0.1,0.0,0.0,1.0,0.0,0.0,56.0,1.0,28.0,119.0,120.63333333333334,33.25,0.0,1.0,0.0,0.0,0.0,0.0,0.0,0.0,0.0,0.0,0.0,0.0,0.0,0.0,0.0,0.0,0.0,1.0,0.0,0.0,0.0,1.0,6.0,1.0,0.0,0.0,0.0,0.0,0.0,0.0,112.0,11.2,0.0,1.0,0.0,0.0,0.0,92.0,3.0,140.0,140.0,420.0,-0.12452531,0.19049472,-0.017172432,0.23823616,0.007014873,-0.004610224,-0.0549095,-0.03421894,-1.4183191,-0.4892869,0.12698826,-0.9149712,-0.3001616,0.20297001,0.049413998,-0.10092649,-0.015698787,0.014233061,-0.00020394904,0.14873822,0.0005420672,0.0,0.09550365,0.0010264114,-0.38727805,0.0,-0.050445803,0.0,0.0,0.20917176,-0.00228875,0.22156866,-0.061027274,-0.047370322,0.011779982,0.036441475,0.0,0.0,-0.001085915,0.029878495,0.0,-0.00045578476,1.3478091,0.22786583,0.0037161966,-0.21803188,-0.013057404,-0.21264924,-0.12416795,-0.013578019,-0.33241683,-0.096791044,0.0,-0.06768969,11.912147,9.972199
0.1,0.0,0.0,1.0,0.0,0.0,56.0,1.0,28.0,119.0,120.63333333333334,33.25,0.0,1.0,0.0,0.0,0.0,0.0,0.0,0.0,0.0,0.0,0.0,0.0,0.0,0.0,0.0,0.0,0.0,1.0,0.0,0.0,0.0,1.0,6.0,1.0,0.0,0.0,0.0,0.0,0.0,0.0,112.0,11.2,0.0,1.0,0.0,0.0,0.0,29.0,3.0,280.0,280.0,840.0,-0.16976412,0.19110638,-0.017107273,0.23807566,0.007014873,-0.0019530044,-0.07955104,-0.034226555,-1.3406649,-0.5127656,0.14554709,-0.8696665,-0.30238533,0.19496703,0.050552208,-0.102793515,-0.015329347,0.014635401,0.0009236174,0.15885465,0.00057180447,0.0,0.09617777,0.0012839002,-0.37769687,0.0,-0.05311523,0.0,0.0,0.21860974,-2.6180642e-05,0.22061475,-0.060170177,-0.048927106,-0.0018620125,0.038230997,0.0,0.0,-0.001085915,0.028637785,0.0,-0.0001795183,1.3494174,0.19589072,0.002973765,-0.19628431,-0.009872808,-0.20785841,-0.1111673,0.9916722,-0.21765809,-0.05979669,0.0,-0.04215625,11.912147,11.22384
0.1,0.0,0.0,1.0,0.0,0.0,56.0,1.0,28.0,119.0,120.63333333333334,33.25,0.0,1.0,0.0,0.0,0.0,0.0,0.0,0.0,0.0,0.0,0.0,0.0,0.0,0.0,0.0,0.0,0.0,1.0,0.0,0.0,0.0,1.0,6.0,1.0,0.0,0.0,0.0,0.0,0.0,0.0,112.0,11.2,0.0,1.0,0.0,0.0,1.0,412.0,3.0,392.0,392.0,1176.0,-0.18156247,0.19131097,-0.01621343,0.23081706,0.0069574923,-0.0019607882,-0.05866836,-0.033956297,-1.4002897,-0.4889323,0.1303119,-0.9326216,-0.28862676,0.1788882,0.042641066,-0.10169817,-0.015219252,0.015289182,0.0014018166,0.14505564,0.00031481675,0.0,0.08803207,0.0015021368,-0.38386953,0.0,-0.041842185,0.0,0.0,0.2175593,0.020247316,0.21509835,-0.060708847,-0.050914593,0.009840764,0.037649646,0.0,0.0,-0.0012419375,0.031218437,0.0,-0.00013162293,1.3623762,0.253349,0.0032072817,-0.17453277,-0.010985302,-0.2038484,0.070820786,0.11661095,-0.28534982,0.09156329,0.0,-0.040550113,11.912147,10.600486
0.1,0.0,0.0,1.0,0.0,0.0,56.0,1.0,28.0,119.0,120.63333333333334,33.25,0.0,1.0,0.0,0.0,0.0,0.0,0.0,0.0,0.0,0.0,0.0,0.0,0.0,0.0,0.0,0.0,0.0,1.0,0.0,0.0,0.0,1.0,6.0,1.0,0.0,0.0,0.0,0.0,0.0,0.0,112.0,11.2,0.0,1.0,0.0,0.0,1.0,204.0,1.8,392.0,392.0,705.6,-0.18422082,0.19206245,-0.015566463,0.24086852,0.0069574923,-0.0033102476,-0.08773021,-0.035883613,-1.4207273,-0.42505136,0.13315281,-0.912161,-0.2936843,0.17557001,0.046008397,-0.10081336,-0.015652176,0.015715893,0.0023222244,0.15179774,0.00066821044,0.0,0.107931554,0.0015037828,-0.37932396,0.0,-0.0410141,0.0,0.0,0.2020545,-0.0072020013,0.22055323,-0.059679944,-0.050122403,-0.008806721,0.03678688,0.0,0.0,-0.0010112968,0.050301418,0.0,-0.00021643794,1.287964,0.26544094,0.0036383756,-0.14322044,-0.008736821,-0.17761555,0.13116744,-0.4244414,1.4495987,0.09251811,0.0,-0.026049215,11.912147,11.904486
0.1,0.0,0.0,1.0,0.0,0.0,56.0,1.0,28.0,119.0,120.63333333333334,33.25,0.0,1.0,0.0,0.0,0.0,0.0,0.0,0.0,0.0,0.0,0.0,0.0,0.0,0.0,0.0,0.0,0.0,1.0,0.0,0.0,0.0,1.0,6.0,1.0,0.0,0.0,0.0,0.0,0.0,0.0,112.0,11.2,0.0,1.0,0.0,0.0,1.0,2432.0,3.0,392.0,392.0,1176.0,-0.17973289,0.20889527,-0.018238235,0.2412095,0.0069574923,-0.0020926022,-0.06512574,-0.033134874,-1.4154698,-0.4778948,0.12427302,-0.92028904,-0.2936049,0.18190986,0.040059224,-0.10308431,-0.015955139,0.0132858455,-0.00093473156,0.14419915,0.00068699836,0.0,0.08188793,0.0015021368,-0.38399568,0.0,-0.041351914,0.0,0.0,0.23034728,0.019818952,0.21533346,-0.061002694,-0.050090775,0.011816458,0.03275399,0.0,0.0,-0.0024696828,0.02883388,0.0,-0.00012393983,1.3951992,0.24547891,0.0032680759,-0.2073672,-0.015717957,-0.21386887,0.072757445,-1.0606104,-0.3509107,0.0064626555,0.0,-0.03951067,11.912147,9.266504
0.1,0.0,0.0,1.0,0.0,0.0,56.0,1.0,28.0,119.0,120.63333333333334,33.25,0.0,1.0,0.0,0.0,0.0,0.0,0.0,0.0,0.0,0.0,0.0,0.0,0.0,0.0,0.0,0.0,0.0,1.0,0.0,0.0,0.0,1.0,6.0,1.0,0.0,0.0,0.0,0.0,0.0,0.0,112.0,11.2,0.0,1.0,0.0,0.0,1.0,1467.0,3.0,1120.0,1120.0,3360.0,-0.19506264,0.19924021,-0.016745184,0.2346024,0.0069574923,-0.0022875827,-0.055175852,-0.034009404,-1.4187763,-0.48202926,0.12976667,-0.92840254,-0.28846452,0.17758779,0.041066233,-0.10206989,-0.015813846,0.013903995,0.0011949347,0.14511193,0.0006756138,0.0,0.09046525,0.0015021368,-0.3821276,0.0,-0.03826893,0.0,0.0,0.21549344,0.015630342,0.22006512,-0.06087505,-0.049485333,0.038400084,0.03221134,0.0,0.0,-0.0011283898,0.0288536,0.0,-0.00013162293,1.376246,0.24138755,0.0031173504,-0.16789652,-0.012230549,-0.20636082,0.07412336,-0.21912979,-0.2884506,0.14534928,0.0,-0.043053754,11.912147,10.337121
0.1,0.0,0.0,1.0,0.0,0.0,56.0,1.0,28.0,119.0,120.63333333333334,33.25,0.0,1.0,0.0,0.0,0.0,0.0,0.0,0.0,0.0,0.0,0.0,0.0,0.0,0.0,0.0,0.0,0.0,1.0,0.0,0.0,0.0,1.0,6.0,1.0,0.0,0.0,0.0,0.0,0.0,0.0,112.0,11.2,0.0,1.0,0.0,0.0,1.0,349.0,3.0,476.0,476.0,1428.0,-0.17226408,0.1973317,-0.016603531,0.2445015,0.0069574923,-0.0026420243,-0.07143875,-0.033460815,-1.3982123,-0.48959333,0.12475148,-0.9268014,-0.28905958,0.17719127,0.04043148,-0.10190958,-0.016255222,0.013900373,-0.0001489976,0.14315486,0.000651516,0.0,0.0785047,0.0015037828,-0.38444793,0.0,-0.03886936,0.0,0.0,0.22250701,0.016200874,0.21666673,-0.060954385,-0.049483832,0.025472432,0.038458545,0.0,0.0,-0.0015722248,0.027745938,0.0,-0.00013162293,1.3831893,0.25246984,0.0027897723,-0.21702693,-0.011984058,-0.20663911,0.062736645,-0.9357414,-0.37111816,-0.026585666,0.0,-0.05378061,11.912147,9.312533
0.1,0.0,0.0,1.0,0.0,0.0,56.0,1.0,28.0,119.0,120.63333333333334,33.25,0.0,1.0,0.0,0.0,0.0,0.0,0.0,0.0,0.0,0.0,0.0,0.0,0.0,0.0,0.0,0.0,0.0,1.0,0.0,0.0,0.0,1.0,6.0,1.0,0.0,0.0,0.0,0.0,0.0,0.0,112.0,11.2,1.0,0.0,0.0,0.0,1.0,175.0,3.0,224.0,224.0,672.0,-0.19824262,0.18873543,-0.016014053,0.28504053,0.0069574923,-0.0023693936,-0.084224656,-0.03509401,-1.4787165,-0.48972833,0.12614611,-0.8825113,-0.29347098,0.1774699,0.042208977,-0.10030836,-0.017279614,0.013852631,0.0006839108,0.1444095,0.0005608507,0.0,0.09287624,0.0024079534,-0.39306995,0.0,-0.04393245,0.0,0.0,0.21339504,0.021709329,0.21320689,-0.061364036,-0.050562892,0.01266022,0.04159968,0.0,0.0,-0.001283168,0.03044567,0.0,-0.00011637042,1.3758794,0.27917635,-0.025324415,0.68869066,-0.014965744,-0.22975262,0.10310926,-0.7685798,-0.29754657,-0.0476016,0.0,-0.02192152,11.912147,10.419389
0.1,0.0,0.0,1.0,0.0,0.0,56.0,1.0,28.0,119.0,120.63333333333334,33.25,0.0,1.0,0.0,0.0,0.0,0.0,0.0,0.0,0.0,0.0,0.0,0.0,0.0,0.0,0.0,0.0,0.0,1.0,0.0,0.0,0.0,1.0,6.0,1.0,0.0,0.0,0.0,0.0,0.0,0.0,112.0,11.2,0.0,0.0,1.0,0.0,1.0,125.0,3.0,392.0,392.0,1176.0,-0.18372811,0.18987045,-0.015235526,0.2731443,0.006799642,-0.0023811928,-0.125421,-0.034272313,-1.52319,-0.48395866,0.12770809,-0.88556755,-0.29265907,0.17413221,0.040558703,-0.09960953,-0.01606019,0.013273889,0.00069311477,0.1417721,0.0007188616,0.0,0.08301918,0.0024891153,-0.3946122,0.0,-0.045026243,0.0,0.0,0.21758369,0.008644843,0.21280852,-0.060897056,-0.04895687,0.00083647156,0.04007195,0.0,0.0,-0.0011950069,0.03429924,0.0,-0.000102798294,1.3930439,0.2748598,0.023368267,0.7438136,0.19318733,-0.22502694,0.11152837,-0.57049924,-0.27317867,0.042557303,0.0,-0.038592774,11.912147,10.9427595
0.1,0.0,0.0,1.0,0.0,0.0,56.0,1.0,28.0,119.0,120.63333333333334,33.25,0.0,1.0,0.0,0.0,0.0,0.0,0.0,0.0,0.0,0.0,0.0,0.0,0.0,0.0,0.0,0.0,0.0,1.0,0.0,0.0,0.0,1.0,6.0,1.0,0.0,0.0,0.0,0.0,0.0,0.0,112.0,11.2,0.0,0.0,0.0,1.0,1.0,17.0,3.0,364.0,364.0,1092.0,-0.2534929,0.15512502,-0.017640589,0.22724885,0.007723724,-0.0014773773,-0.091484286,-0.029050767,-1.3402642,-0.6159607,0.14703572,-0.76400286,-0.3014564,0.18931909,0.052333616,-0.08632799,-0.0181407,0.013939359,0.0014487226,0.16340315,0.00080254185,0.0,0.13017815,0.0030610152,-0.38626772,0.0,-0.058530524,0.0,0.0,0.20018342,0.009752776,0.20801139,-0.058468275,-0.049985155,-0.13311313,0.039476093,0.0,0.0,-0.00058579125,0.026976947,0.0,-0.00011351996,1.3355567,0.23541117,0.0073529114,0.24824329,-0.010101876,1.0993285,0.053129114,-0.24998023,-0.18790045,-0.02830646,0.0,-0.022196844,11.912147,11.762336
0.1,0.0,0.0,1.0,0.0,0.0,56.0,1.0,28.0,119.0,120.63333333333334,33.25,0.0,1.0,0.0,0.0,0.0,0.0,0.0,0.0,0.0,0.0,0.0,0.0,0.0,0.0,0.0,0.0,0.0,1.0,0.0,0.0,0.0,1.0,6.0,1.0,0.0,0.0,0.0,0.0,0.0,0.0,112.0,11.2,0.0,0.0,0.0,1.0,1.0,14.0,3.0,364.0,364.0,1092.0,-0.38564113,0.14600614,-0.016480872,0.15335175,0.007723724,-0.0014770533,-0.01551763,-0.028540524,-1.4004885,-0.56698656,0.130134,-0.60554624,-0.27713248,0.119673766,0.070722125,-0.07793063,-0.014830544,0.021835841,0.0126978345,0.19378498,0.013901925,0.0,0.17784692,0.0026927497,-0.38413835,0.0,-0.052776232,0.0,0.0,0.20396663,0.0069956025,0.17974673,-0.058468275,-0.04840261,-0.2268792,0.041556876,0.0,0.0,-0.00058579125,0.07619121,0.0,-0.00011351996,1.2903442,0.3559798,0.007140657,0.44454363,-0.00964338,1.1173176,0.053534847,3.5545363,-0.1217485,0.016611042,0.0,-0.017628934,11.912147,16.000021
0.1,0.0,0.0,1.0,0.0,0.0,56.0,1.0,28.0,119.0,120.63333333333334,33.25,0.0,1.0,0.0,0.0,0.0,0.0,0.0,0.0,0.0,0.0,0.0,0.0,0.0,0.0,0.0,0.0,0.0,1.0,0.0,0.0,0.0,1.0,6.0,1.0,0.0,0.0,0.0,0.0,0.0,0.0,112.0,11.2,0.0,0.0,0.0,1.0,1.0,31.0,3.0,364.0,364.0,1092.0,-0.2522258,0.16211209,-0.016205324,0.21066289,0.009707042,-0.0021042011,-0.0889971,-0.028987644,-1.3577381,-0.6010374,0.15649557,-0.77231574,-0.29318884,0.188099,0.053340554,-0.08738351,-0.015192852,0.014922061,0.0010159649,0.16331798,0.00080707145,0.0,0.119545184,0.002365861,-0.38379022,0.0,-0.055304993,0.0,0.0,0.20120332,0.0025561443,0.21589138,-0.05821639,-0.050024685,-0.12741879,0.044031575,0.0,0.0,-0.00048078346,0.028984254,0.0,-0.00019843625,1.3937951,0.23757122,0.023607992,0.68498224,-0.010701178,1.2743214,0.065332234,1.1384203,-0.16651323,-0.007396777,0.0,-0.017533846,11.912147,13.912275
0.1,0.0,0.0,1.0,0.0,0.0,56.0,1.0,28.0,119.0,120.63333333333334,33.25,0.0,1.0,0.0,0.0,0.0,0.0,0.0,0.0,0.0,0.0,0.0,0.0,0.0,0.0,0.0,0.0,0.0,1.0,0.0,0.0,0.0,1.0,6.0,1.0,0.0,0.0,0.0,0.0,0.0,0.0,112.0,11.2,0.0,1.0,0.0,0.0,1.0,194.0,3.0,392.0,392.0,1176.0,-0.16103126,0.1935046,-0.017993186,0.2311241,0.0069574923,-0.005572272,-0.061928507,-0.03400535,-1.4065995,-0.48610142,0.12455599,-0.9349441,-0.29440814,0.18035164,0.04041731,-0.102224976,-0.01939694,0.013651028,-0.0044349,0.14395137,0.0006798803,0.0,0.091780536,0.0015037828,-0.3839287,0.0,-0.042655244,0.0,0.0,0.22253303,0.014596123,0.21294838,-0.060557667,-0.05045852,0.012131714,0.036931563,0.0,0.0,-0.0020755385,0.029653156,0.0,-0.00013162293,1.3933349,0.24553853,0.00090828526,-0.24913952,-0.015262339,-0.21293008,0.053779833,-1.6124301,-0.38674545,-0.017895602,0.0,-0.07559538,11.912147,8.524531
0.1,0.0,0.0,1.0,0.0,0.0,56.0,1.0,28.0,119.0,120.63333333333334,33.25,0.0,1.0,0.0,0.0,0.0,0.0,0.0,0.0,0.0,0.0,0.0,0.0,0.0,0.0,0.0,0.0,0.0,1.0,0.0,0.0,0.0,1.0,6.0,1.0,0.0,0.0,0.0,0.0,0.0,0.0,112.0,11.2,0.0,1.0,0.0,0.0,1.0,117.0,3.0,476.0,476.0,1428.0,-0.14026578,0.192178,-0.016152147,0.24886176,0.0069574923,-0.004554354,-0.059144333,-0.03385776,-1.4251417,-0.49296135,0.1251164,-0.90423495,-0.29264697,0.1758312,0.03886303,-0.10219172,-0.015905062,0.012760333,0.00097079546,0.14398739,0.00066318584,0.0,0.079608195,0.0015037828,-0.38392892,0.0,-0.04017512,0.0,0.0,0.21667123,0.014846277,0.21692652,-0.060888167,-0.048365127,0.03419553,0.035466835,0.0,0.0,-0.0013105322,0.029856356,0.0,-0.00013162293,1.3908823,0.24580693,0.0029737388,-0.22220014,-0.013240914,-0.20978035,0.11208574,-0.64145356,-0.33815086,0.15205011,0.0,-0.061734166,11.912147,9.882791
0.1,0.0,0.0,1.0,0.0,0.0,56.0,1.0,28.0,119.0,120.63333333333334,33.25,0.0,1.0,0.0,0.0,0.0,0.0,0.0,0.0,0.0,0.0,0.0,0.0,0.0,0.0,0.0,0.0,0.0,1.0,0.0,0.0,0.0,1.0,6.0,1.0,0.0,0.0,0.0,0.0,0.0,0.0,112.0,11.2,0.0,1.0,0.0,0.0,0.0,19.0,3.0,112.0,112.0,336.0,-0.15131235,0.18696223,-0.015045225,0.24774262,0.006940932,-0.0015214805,-0.118568316,-0.033834897,-1.3437351,-0.5294473,0.14070646,-0.86753935,-0.30279398,0.19378087,0.050280076,-0.09906125,-0.015431471,0.014992337,0.003757714,0.15686788,0.0005672748,0.0,0.09612471,0.0012134144,-0.37715164,0.0,-0.052325986,0.0,0.0,0.21833594,0.0023970352,0.22042581,-0.06012672,-0.047850266,-0.024256911,0.03801933,0.0,0.0,-0.00088097295,0.03142219,0.0,-0.0001795183,1.2986116,0.20847224,0.003940583,-0.15415515,-0.009884315,-0.19944498,-0.08970641,1.196846,-0.16832387,0.35862118,0.0,0.13632756,11.912147,12.06292
0.1,0.0,0.0,1.0,0.0,0.0,56.0,1.0,28.0,119.0,120.63333333333334,33.25,0.0,1.0,0.0,0.0,0.0,0.0,0.0,0.0,0.0,0.0,0.0,0.0,0.0,0.0,0.0,0.0,0.0,1.0,0.0,0.0,0.0,1.0,6.0,1.0,0.0,0.0,0.0,0.0,0.0,0.0,112.0,11.2,0.0,1.0,0.0,0.0,0.0,108.0,3.0,182.0,182.0,546.0,-0.13647056,0.19205114,-0.01737277,0.24784237,0.007014873,-0.004610581,-0.056306988,-0.035087947,-1.4071645,-0.4931339,0.12326394,-0.8487594,-0.29660073,0.18399529,0.038772937,-0.1018566,-0.0165973,0.013590419,0.00027805803,0.14379738,0.0005420672,0.0,0.085935846,0.0010264114,-0.38150713,0.0,-0.043977298,0.0,0.0,0.21406779,0.0027203173,0.21831945,-0.060299903,-0.04725155,0.019756824,0.03540873,0.0,0.0,-0.003502664,0.029878495,0.0,-0.00020566405,1.3580904,0.24925482,0.0035995704,-0.23457488,-0.014092029,-0.21277387,-0.20678003,-0.883961,-0.33879218,-0.18053035,0.0,-0.06762379,11.912147,8.991519
0.2,0.0,0.0,1.0,0.0,0.0,28.0,1.0,28.0,273.0,120.63333333333334,53.0,1.0,0.0,0.0,0.0,0.0,0.0,0.0,0.0,0.0,0.0,0.0,0.0,0.0,0.0,0.0,0.0,0.0,1.0,0.0,0.0,0.0,1.0,15.0,1.0,0.0,0.0,0.0,0.0,0.0,0.0,56.0,11.2,0.0,1.0,0.0,0.0,0.0,96.0,3.0,364.0,364.0,1092.0,-0.1289432,0.18284267,-0.015214697,0.09359923,0.00232683,-0.0045791916,0.2788393,-0.040874913,-0.70468396,2.0268137,0.09884997,-1.2882668,2.5775318,-0.050516512,0.09022299,-0.09430063,-0.024024118,0.013958156,0.00051281427,0.13732202,0.0006901273,0.0,0.053051583,-0.00023794484,-0.2611287,0.0,-0.039257325,0.0,0.0,0.13834877,0.01229399,0.0897458,-0.031482816,-0.039780576,-0.60774314,0.015896564,0.0,0.0,-0.0015785722,0.036556087,0.0,-0.00013463495,2.5120234,0.25381574,0.0038225513,-0.21812019,-0.012223589,-0.21940523,-0.19034837,-0.8380917,-0.3350271,-0.013707457,0.0,-0.058025863,11.912147,15.313518
0.2,0.0,0.0,1.0,0.0,0.0,28.0,1.0,28.0,273.0,120.63333333333334,53.0,1.0,0.0,0.0,0.0,0.0,0.0,0.0,0.0,0.0,0.0,0.0,0.0,0.0,0.0,0.0,0.0,0.0,1.0,0.0,0.0,0.0,1.0,15.0,1.0,0.0,0.0,0.0,0.0,0.0,0.0,56.0,11.2,0.0,1.0,0.0,0.0,0.0,94.0,1.2,140.0,140.0,168.0,-0.107734516,0.1382785,-0.015049378,0.11948866,0.003637984,-0.005304921,0.28779534,-0.038740776,-0.7688403,1.8607652,0.116491355,-1.3049452,2.5578785,-0.059806548,0.12494705,-0.09233623,-0.027725086,0.01592839,0.001493539,0.14658408,0.0005779232,0.0,0.09638365,0.0013368862,-0.2583127,0.0,-0.04481812,0.0,0.0,0.112499,0.00074313825,0.096060745,-0.02893392,-0.0394666,-0.57982624,0.018077796,0.0,0.0,-0.00083283195,0.07202391,0.0,-0.00051438645,2.4502537,0.3263685,0.004646463,-0.13532272,-0.008301192,-0.18356495,-0.1060857,0.13336466,1.6002328,-0.06946699,0.0,0.20981589,11.912147,18.53189
0.2,0.0,0.0,1.0,0.0,0.0,28.0,1.0,28.0,273.0,120.63333333333334,53.0,1.0,0.0,0.0,0.0,0.0,0.0,0.0,0.0,0.0,0.0,0.0,0.0,0.0,0.0,0.0,0.0,0.0,1.0,0.0,0.0,0.0,1.0,15.0,1.0,0.0,0.0,0.0,0.0,0.0,0.0,56.0,11.2,0.0,1.0,0.0,0.0,0.0,90.0,1.8,140.0,140.0,252.0,-0.1292451,0.14212914,-0.014810593,0.11951696,0.00232683,-0.0058707236,0.301277,-0.041017856,-0.7017992,1.9193708,0.12978886,-1.2773881,2.6212926,-0.057459615,0.12187143,-0.09142504,-0.027193546,0.015407378,0.001172064,0.14782922,0.00060766045,0.0,0.085171685,0.0008873157,-0.24632287,0.0,-0.04605261,0.0,0.0,0.121142685,0.009673019,0.09418648,-0.030617319,-0.041273482,-0.59117067,0.019950861,0.0,0.0,-0.000559951,0.038670927,0.0,-0.0010996191,2.4374197,0.29858664,0.005180695,-0.17055042,-0.007871265,-0.19798616,-0.109765016,0.24082816,0.9710283,-0.0664916,0.0,0.167712,11.912147,18.0692
0.2,0.0,0.0,1.0,0.0,0.0,28.0,1.0,28.0,273.0,120.63333333333334,53.0,1.0,0.0,0.0,0.0,0.0,0.0,0.0,0.0,0.0,0.0,0.0,0.0,0.0,0.0,0.0,0.0,0.0,1.0,0.0,0.0,0.0,1.0,15.0,1.0,0.0,0.0,0.0,0.0,0.0,0.0,56.0,11.2,0.0,1.0,0.0,0.0,0.0,92.0,2.4,140.0,140.0,336.0,-0.12904012,0.13582908,-0.015446529,0.10587058,0.00232683,-0.0038801313,0.27148676,-0.038095783,-0.7663914,1.8738158,0.10900113,-1.2980869,2.546445,-0.061550274,0.12015377,-0.09326341,-0.024341155,0.015512773,8.478686e-05,0.13690935,0.0005160568,0.0,0.090022735,0.0013368862,-0.2622695,0.0,-0.046982326,0.0,0.0,0.13134815,-0.0013073605,0.09171117,-0.032019723,-0.040184632,-0.562544,0.017570388,0.0,0.0,-0.0008116285,0.03661211,0.0,-0.0010996191,2.4455416,0.34277418,0.0052103745,-0.15968388,-0.008144218,-0.20370318,-0.100391135,0.020764641,0.24230841,-0.073459454,0.0,0.20389362,11.912147,16.93649
0.2,0.0,0.0,1.0,0.0,0.0,28.0,1.0,28.0,273.0,120.63333333333334,53.0,1.0,0.0,0.0,0.0,0.0,0.0,0.0,0.0,0.0,0.0,0.0,0.0,0.0,0.0,0.0,0.0,0.0,1.0,0.0,0.0,0.0,1.0,15.0,1.0,0.0,0.0,0.0,0.0,0.0,0.0,56.0,11.2,0.0,1.0,0.0,0.0,0.0,92.0,3.0,140.0,140.0,420.0,-0.13147117,0.13531524,-0.0153091755,0.10330831,0.00232683,-0.004637538,0.2781129,-0.04045786,-0.73922503,1.9021341,0.10118044,-1.2912682,2.5863879,-0.06258515,0.1121022,-0.0941152,-0.024185466,0.013916552,-0.00010681782,0.13736206,0.0005160568,0.0,0.06723539,0.0008416586,-0.26133123,0.0,-0.047197055,0.0,0.0,0.13265847,-0.001294616,0.09420355,-0.032043118,-0.040168684,-0.57920825,0.018301219,0.0,0.0,-0.00067071227,0.036712427,0.0,-0.00047876127,2.450327,0.327561,0.005180574,-0.2075773,-0.011231232,-0.21812236,-0.10891534,-0.0827992,-0.33751768,-0.11298342,0.0,-0.082531214,11.912147,15.890401
0.2,0.0,0.0,1.0,0.0,0.0,28.0,1.0,28.0,273.0,120.63333333333334,53.0,1.0,0.0,0.0,0.0,0.0,0.0,0.0,0.0,0.0,0.0,0.0,0.0,0.0,0.0,0.0,0.0,0.0,1.0,0.0,0.0,0.0,1.0,15.0,1.0,0.0,0.0,0.0,0.0,0.0,0.0,56.0,11.2,0.0,1.0,0.0,0.0,0.0,29.0,3.0,280.0,280.0,840.0,-0.15609768,0.13549381,-0.015140723,0.0968454,0.00232683,-0.0019472579,0.28202993,-0.040143304,-0.6577843,1.9257969,0.11949288,-1.2872362,2.598307,-0.060328167,0.11289761,-0.09349092,-0.023564097,0.014514146,0.0007762253,0.14862037,0.000545794,0.0,0.06922438,0.0011284857,-0.25079027,0.0,-0.049903847,0.0,0.0,0.14187387,-0.00022709748,0.0936583,-0.030979175,-0.041632775,-0.632968,0.020436807,0.0,0.0,-0.00067071227,0.03519031,0.0,-0.00020249482,2.4833062,0.2953793,0.0039037496,-0.17513832,-0.007707985,-0.21292432,-0.09294326,0.99316055,-0.20487146,-0.026359998,0.0,-0.052372895,11.912147,17.371622
0.2,0.0,0.0,1.0,0.0,0.0,28.0,1.0,28.0,273.0,120.63333333333334,53.0,1.0,0.0,0.0,0.0,0.0,0.0,0.0,0.0,0.0,0.0,0.0,0.0,0.0,0.0,0.0,0.0,0.0,1.0,0.0,0.0,0.0,1.0,15.0,1.0,0.0,0.0,0.0,0.0,0.0,0.0,56.0,11.2,0.0,1.0,0.0,0.0,1.0,412.0,3.0,392.0,392.0,1176.0,-0.12040297,0.18444861,-0.014312934,0.097367905,0.0022694494,-0.0019881022,0.3051332,-0.0399439,-0.7127087,2.0468605,0.10129305,-1.3059995,2.5079067,-0.050898522,0.09635875,-0.09401463,-0.024876209,0.015676998,0.0009355612,0.13634713,0.00062031415,0.0,0.06340612,0.0013112588,-0.26237312,0.0,-0.037911054,0.0,0.0,0.14270598,0.029965276,0.09589902,-0.03158032,-0.043620262,-0.5998896,0.012694217,0.0,0.0,-0.0010097402,0.038681153,0.0,-0.00013463495,2.454614,0.2802533,0.0038465778,-0.15772475,-0.008646152,-0.20967625,0.071288735,0.16948481,-0.28918892,0.08601699,0.0,-0.04821114,11.912147,16.802416
0.2,0.0,0.0,1.0,0.0,0.0,28.0,1.0,28.0,273.0,120.63333333333334,53.0,1.0,0.0,0.0,0.0,0.0,0.0,0.0,0.0,0.0,0.0,0.0,0.0,0.0,0.0,0.0,0.0,0.0,1.0,0.0,0.0,0.0,1.0,15.0,1.0,0.0,0.0,0.0,0.0,0.0,0.0,56.0,11.2,0.0,1.0,0.0,0.0,1.0,204.0,1.8,392.0,392.0,705.6,-0.13928819,0.18541533,-0.013640251,0.096916854,0.0022694494,-0.004589514,0.28217617,-0.040028498,-0.7167603,1.9703987,0.11267018,-1.3378212,2.5061076,-0.04780291,0.102174744,-0.09149798,-0.025497911,0.016102886,0.001588414,0.14446981,0.0006422,0.0,0.08733116,0.0013190298,-0.258989,0.0,-0.037809588,0.0,0.0,0.12507123,0.029747177,0.097398005,-0.030551415,-0.04282807,-0.54039514,0.017534042,0.0,0.0,-0.0007996032,0.061771482,0.0,-0.0002449644,2.4580233,0.3193621,0.0044919476,-0.15482086,-0.00844715,-0.18215907,0.11501975,-0.34314334,1.4870507,0.095068686,0.0,-0.043987583,11.912147,18.171158
0.2,0.0,0.0,1.0,0.0,0.0,28.0,1.0,28.0,273.0,120.63333333333334,53.0,1.0,0.0,0.0,0.0,0.0,0.0,0.0,0.0,0.0,0.0,0.0,0.0,0.0,0.0,0.0,0.0,0.0,1.0,0.0,0.0,0.0,1.0,15.0,1.0,0.0,0.0,0.0,0.0,0.0,0.0,56.0,11.2,0.0,1.0,0.0,0.0,1.0,2432.0,3.0,392.0,392.0,1176.0,-0.12375038,0.19820064,-0.015048994,0.094303384,0.0022694494,-0.0022052645,0.3282957,-0.038752966,-0.7094612,2.0244834,0.09734473,-1.3184484,2.5218565,-0.052256454,0.09167152,-0.09504002,-0.025288932,0.013673661,-0.0012876319,0.13612635,0.0006609879,0.0,0.057340566,0.0013112588,-0.26249924,0.0,-0.03742566,0.0,0.0,0.15290724,0.0148220835,0.09564164,-0.031958036,-0.042998765,-0.5905371,0.015852371,0.0,0.0,-0.0013419923,0.036296595,0.0,-0.00012695184,2.4945924,0.26618254,0.0039073722,-0.1939763,-0.013346853,-0.21949863,0.07323086,-1.0384828,-0.35325345,0.010877988,0.0,-0.04592073,11.912147,15.431089
0.2,0.0,0.0,1.0,0.0,0.0,28.0,1.0,28.0,273.0,120.63333333333334,53.0,1.0,0.0,0.0,0.0,0.0,0.0,0.0,0.0,0.0,0.0,0.0,0.0,0.0,0.0,0.0,0.0,0.0,1.0,0.0,0.0,0.0,1.0,15.0,1.0,0.0,0.0,0.0,0.0,0.0,0.0,56.0,11.2,0.0,1.0,0.0,0.0,1.0,1467.0,3.0,1120.0,1120.0,3360.0,-0.11706794,0.21612594,-0.014767795,0.097267866,0.0022694494,-0.0019679246,0.3079163,-0.040043633,-0.69533986,2.0366876,0.10135708,-1.32182,2.5056279,-0.050399818,0.092748836,-0.094348475,-0.02481489,0.013703695,0.000934289,0.13644832,0.0006496034,0.0,0.06554054,0.0013112588,-0.26213962,0.0,-0.03420371,0.0,0.0,0.14064012,0.017044911,0.096729025,-0.031836957,-0.042191003,-0.60972494,0.011885479,0.0,0.0,-0.0008961926,0.03626342,0.0,-0.00013463495,2.473149,0.27401057,0.0037486593,-0.16248782,-0.009899461,-0.21217796,0.078593485,-0.19110394,-0.29888943,0.150013,0.0,-0.05499697,11.912147,16.50155
0.2,0.0,0.0,1.0,0.0,0.0,28.0,1.0,28.0,273.0,120.63333333333334,53.0,1.0,0.0,0.0,0.0,0.0,0.0,0.0,0.0,0.0,0.0,0.0,0.0,0.0,0.0,0.0,0.0,0.0,1.0,0.0,0.0,0.0,1.0,15.0,1.0,0.0,0.0,0.0,0.0,0.0,0.0,56.0,11.2,0.0,1.0,0.0,0.0,1.0,349.0,3.0,476.0,476.0,1428.0,-0.14114147,0.19047785,-0.014644959,0.10716696,0.0022694494,-0.0026693381,0.28278196,-0.039495043,-0.6701204,2.023847,0.098458655,-1.3083436,2.5109448,-0.050260115,0.09123998,-0.09422604,-0.025667215,0.01368527,0.00028595398,0.13449125,0.0006255056,0.0,0.052446954,0.0013190298,-0.26317468,0.0,-0.03493036,0.0,0.0,0.14498131,0.017222382,0.09611323,-0.03182586,-0.0421895,-0.600664,0.019094316,0.0,0.0,-0.0013400274,0.03472269,0.0,-0.00013463495,2.4949434,0.28399876,0.0034210817,-0.20926419,-0.009820984,-0.21246003,0.0627318,-0.9218975,-0.37425593,-0.07001273,0.0,-0.06846357,11.912147,15.392413
0.2,0.0,0.0,1.0,0.0,0.0,28.0,1.0,28.0,273.0,120.63333333333334,53.0,1.0,0.0,0.0,0.0,0.0,0.0,0.0,0.0,0.0,0.0,0.0,0.0,0.0,0.0,0.0,0.0,0.0,1.0,0.0,0.0,0.0,1.0,15.0,1.0,0.0,0.0,0.0,0.0,0.0,0.0,56.0,11.2,1.0,0.0,0.0,0.0,1.0,175.0,3.0,224.0,224.0,672.0,-0.13887012,0.17927848,-0.014460016,0.12054437,0.0022694494,-0.0022955192,0.30833864,-0.04090821,-0.68302983,2.0770848,0.098823674,-1.3300536,2.4917178,-0.050450437,0.08985115,-0.092186585,-0.025536077,0.013582152,0.00027801408,0.13568744,0.0005348403,0.0,0.06474033,0.0017111584,-0.25777125,0.0,-0.04041533,0.0,0.0,0.13643879,0.033709288,0.09101251,-0.032365877,-0.043361254,-0.61439496,0.018502573,0.0,0.0,-0.0009057645,0.037944213,0.0,-0.00012387785,2.4379702,0.2944362,-0.032491855,0.6797564,-0.012764185,-0.23706481,0.10168066,-0.7823452,-0.31495425,-0.0270872,0.0,-0.041258205,11.912147,16.512947
0.2,0.0,0.0,1.0,0.0,0.0,28.0,1.0,28.0,273.0,120.63333333333334,53.0,1.0,0.0,0.0,0.0,0.0,0.0,0.0,0.0,0.0,0.0,0.0,0.0,0.0,0.0,0.0,0.0,0.0,1.0,0.0,0.0,0.0,1.0,15.0,1.0,0.0,0.0,0.0,0.0,0.0,0.0,56.0,11.2,0.0,0.0,1.0,0.0,1.0,125.0,3.0,392.0,392.0,1176.0,-0.13950595,0.18242797,-0.013561801,0.1141385,0.0021115988,-0.0023073184,0.2655656,-0.03857443,-0.72687596,2.0885644,0.10047836,-1.3358073,2.4931278,-0.04703278,0.090125404,-0.09138427,-0.024346944,0.013155794,0.0004205737,0.1329451,0.00069285114,0.0,0.056285966,0.00217163,-0.2595318,0.0,-0.041017506,0.0,0.0,0.14006117,0.020644797,0.09120037,-0.031768534,-0.04166254,-0.6220228,0.021550396,0.0,0.0,-0.0008338176,0.041830033,0.0,-0.0001058103,2.4890385,0.2968898,0.029235488,0.7409898,0.1597684,-0.23567978,0.1150346,-0.5840207,-0.29845533,0.045471806,0.0,-0.039790615,11.912147,17.071785
0.2,0.0,0.0,1.0,0.0,0.0,28.0,1.0,28.0,273.0,120.63333333333334,53.0,1.0,0.0,0.0,0.0,0.0,0.0,0.0,0.0,0.0,0.0,0.0,0.0,0.0,0.0,0.0,0.0,0.0,1.0,0.0,0.0,0.0,1.0,15.0,1.0,0.0,0.0,0.0,0.0,0.0,0.0,56.0,11.2,0.0,0.0,0.0,1.0,1.0,17.0,3.0,364.0,364.0,1092.0,-0.17201896,0.09505846,-0.014984677,0.07875444,0.0030356806,-0.0012908883,0.31190073,-0.032197725,-0.71270025,1.9497325,0.12192636,-1.2386191,2.5360966,-0.059310466,0.12162133,-0.07954358,-0.02522195,0.013848613,0.001128864,0.14608148,0.0007765314,0.0,0.10051688,0.0022590235,-0.24631202,0.0,-0.05624973,0.0,0.0,0.12239435,0.012366979,0.085984774,-0.028519338,-0.042896595,-0.70667756,0.018049903,0.0,0.0,-0.00037196444,0.032764055,0.0,-0.00012008326,2.428723,0.3581455,0.009381383,0.2875447,-0.009494638,1.1197939,0.045290373,-0.1877834,-0.1925982,-0.022154454,0.0,-0.017827807,11.912147,18.068426
0.2,0.0,0.0,1.0,0.0,0.0,28.0,1.0,28.0,273.0,120.63333333333334,53.0,1.0,0.0,0.0,0.0,0.0,0.0,0.0,0.0,0.0,0.0,0.0,0.0,0.0,0.0,0.0,0.0,0.0,1.0,0.0,0.0,0.0,1.0,15.0,1.0,0.0,0.0,0.0,0.0,0.0,0.0,56.0,11.2,0.0,0.0,0.0,1.0,1.0,14.0,3.0,364.0,364.0,1092.0,-0.116496496,0.08768656,-0.0137635255,0.06838342,0.0030356806,0.003377723,0.35152617,-0.03168748,-0.8113483,1.8618795,0.11434072,-1.2217137,2.1802094,-0.050124425,0.12798896,-0.067876585,-0.0228024,0.017074553,0.01226241,0.16254845,0.012453947,0.0,0.13815366,0.0020338988,-0.2407361,0.0,-0.050673243,0.0,0.0,0.117692225,0.008536469,0.08274826,-0.028519338,-0.04131405,-0.63097656,0.01729591,0.0,0.0,-0.00037196444,0.09353426,0.0,-0.00012008326,2.3488896,0.47884208,0.0101092765,0.5447979,-0.009202725,1.1503148,0.045696113,3.4964848,-0.12530638,0.02307094,0.0,-0.013452008,11.912147,21.996618
0.2,0.0,0.0,1.0,0.0,0.0,28.0,1.0,28.0,273.0,120.63333333333334,53.0,1.0,0.0,0.0,0.0,0.0,0.0,0.0,0.0,0.0,0.0,0.0,0.0,0.0,0.0,0.0,0.0,0.0,1.0,0.0,0.0,0.0,1.0,15.0,1.0,0.0,0.0,0.0,0.0,0.0,0.0,56.0,11.2,0.0,0.0,0.0,1.0,1.0,31.0,3.0,364.0,364.0,1092.0,-0.14781985,0.108502544,-0.014910163,0.05564832,0.0050189984,-0.0019972662,0.3012716,-0.03263999,-0.70190924,1.9188017,0.13070744,-1.2389444,2.4864473,-0.0613718,0.12499093,-0.08208487,-0.022965208,0.014803513,0.0008799428,0.14945315,0.000781061,0.0,0.08938054,0.0015638699,-0.24304137,0.0,-0.053145044,0.0,0.0,0.1250354,0.0057709413,0.0902075,-0.028251091,-0.042936124,-0.7210518,0.021774122,0.0,0.0,-0.00026695666,0.036201388,0.0,-0.00020499954,2.4875026,0.3623639,0.030295243,0.671676,-0.01016943,1.3007721,0.05736371,1.0455141,-0.17396829,0.010631552,0.0,-0.014049365,11.912147,19.953775
0.2,0.0,0.0,1.0,0.0,0.0,28.0,1.0,28.0,273.0,120.63333333333334,53.0,1.0,0.0,0.0,0.0,0.0,0.0,0.0,0.0,0.0,0.0,0.0,0.0,0.0,0.0,0.0,0.0,0.0,1.0,0.0,0.0,0.0,1.0,15.0,1.0,0.0,0.0,0.0,0.0,0.0,0.0,56.0,11.2,0.0,1.0,0.0,0.0,1.0,194.0,3.0,392.0,392.0,1176.0,-0.13727115,0.18670116,-0.016291626,0.097848415,0.0022694494,-0.005599586,0.28295565,-0.040100202,-0.72970396,2.0372953,0.09874929,-1.3076329,2.5526052,-0.051407076,0.0909076,-0.09454144,-0.029653998,0.013534622,-0.00399995,0.13587837,0.0006538699,0.0,0.064511046,0.0013190298,-0.2626661,0.0,-0.038532514,0.0,0.0,0.14500733,0.023773067,0.092423856,-0.031429145,-0.043164186,-0.5959545,0.017567335,0.0,0.0,-0.0016119205,0.03651934,0.0,-0.00013463495,2.4733148,0.28980133,0.0015475809,-0.24515937,-0.013349148,-0.21876264,0.054939754,-1.5898871,-0.38981378,-0.012650708,0.0,-0.08179523,11.912147,14.671158
0.2,0.0,0.0,1.0,0.0,0.0,28.0,1.0,28.0,273.0,120.63333333333334,53.0,1.0,0.0,0.0,0.0,0.0,0.0,0.0,0.0,0.0,0.0,0.0,0.0,0.0,0.0,0.0,0.0,0.0,1.0,0.0,0.0,0.0,1.0,15.0,1.0,0.0,0.0,0.0,0.0,0.0,0.0,56.0,11.2,0.0,1.0,0.0,0.0,1.0,117.0,3.0,476.0,476.0,1428.0,-0.13383463,0.18421003,-0.014166882,0.09585943,0.0022694494,-0.004581668,0.28151205,-0.040122695,-0.6888187,2.0336828,0.099541724,-1.314383,2.5434134,-0.04926151,0.09058569,-0.09451746,-0.024490172,0.01245806,0.00041228553,0.13580161,0.0006371754,0.0,0.04843096,0.0013190298,-0.26273802,0.0,-0.036097515,0.0,0.0,0.13914552,0.015867786,0.09107398,-0.03175964,-0.041070797,-0.6231375,0.016102606,0.0,0.0,-0.001042112,0.036833107,0.0,-0.00013463495,2.5319064,0.2920772,0.0036050477,-0.21115616,-0.011188214,-0.2156285,0.11387332,-0.6244999,-0.33124337,0.10122863,0.0,-0.07795178,11.912147,15.952167
0.2,0.0,0.0,1.0,0.0,0.0,28.0,1.0,28.0,273.0,120.63333333333334,53.0,1.0,0.0,0.0,0.0,0.0,0.0,0.0,0.0,0.0,0.0,0.0,0.0,0.0,0.0,0.0,0.0,0.0,1.0,0.0,0.0,0.0,1.0,15.0,1.0,0.0,0.0,0.0,0.0,0.0,0.0,56.0,11.2,0.0,1.0,0.0,0.0,0.0,19.0,3.0,112.0,112.0,336.0,-0.15482263,0.13005696,-0.013103775,0.11104909,0.0022528889,-0.0014902765,0.2930658,-0.038991522,-0.64835876,1.9102132,0.12006237,-1.290266,2.6013157,-0.059500962,0.11198672,-0.090204164,-0.023680486,0.014778029,0.003389562,0.14785664,0.00054126437,0.0,0.07292972,0.00097570027,-0.2496762,0.0,-0.049219787,0.0,0.0,0.14246325,0.00014411006,0.09378964,-0.031003837,-0.040648628,-0.6208258,0.019845944,0.0,0.0,-0.00047694222,0.03556203,0.0,-0.00020249482,2.4113548,0.30950293,0.0053358497,-0.1360064,-0.007727427,-0.20368904,-0.0686332,1.1779287,-0.16244487,0.42196533,0.0,0.17110585,11.912147,18.330645
0.2,0.0,0.0,1.0,0.0,0.0,28.0,1.0,28.0,273.0,120.63333333333334,53.0,1.0,0.0,0.0,0.0,0.0,0.0,0.0,0.0,0.0,0.0,0.0,0.0,0.0,0.0,0.0,0.0,0.0,1.0,0.0,0.0,0.0,1.0,15.0,1.0,0.0,0.0,0.0,0.0,0.0,0.0,56.0,11.2,0.0,1.0,0.0,0.0,0.0,108.0,3.0,182.0,182.0,546.0,-0.14563133,0.18198614,-0.016016513,0.09822909,0.00232683,-0.0046378947,0.27642548,-0.04172294,-0.6966158,2.0069952,0.097106986,-1.2935226,2.571557,-0.05166219,0.0896858,-0.0943228,-0.024845563,0.01331994,-0.00023898674,0.13639323,0.0005160568,0.0,0.054997988,0.0008416586,-0.25947818,0.0,-0.038844727,0.0,0.0,0.13727167,0.011897264,0.09251202,-0.031313978,-0.04004991,-0.62999386,0.01591597,0.0,0.0,-0.0015037581,0.036712427,0.0,-0.00021317149,2.5080185,0.25395444,0.0041800207,-0.21954632,-0.012210864,-0.21825282,-0.20460725,-0.9213678,-0.3432816,-0.19315884,0.0,-0.08210018,11.912147,14.937854
0.2,1.0,0.0,0.0,0.0,0.0,21.0,1.0,211.625,300.0,120.63333333333334,514.9,0.0,0.0,0.0,0.0,0.0,0.0,0.0,0.0,0.0,0.0,1.0,0.0,0.0,0.0,0.0,0.0,0.0,0.0,1.0,0.0,0.0,1.0,10.0,1.0,0.0,0.0,0.0,0.0,0.0,0.0,21.0,4.2,0.0,1.0,0.0,0.0,0.0,96.0,3.0,364.0,364.0,1092.0,-0.46779752,-0.14631741,-0.06382372,-0.013867984,0.0010495586,-0.0045772,-0.28877756,-0.24562271,-0.56200963,-0.6954854,0.079606906,-1.4726682,-0.22732213,-0.15061173,0.0455132,-0.45090345,-0.012422014,0.0077542677,0.00051557604,0.07398478,0.00029490772,0.0,-0.47033823,0.00085846044,-0.113754325,0.0,-0.04283974,0.0,0.0,-0.79026806,-0.042688277,0.030739676,-0.15153117,-0.11605883,-1.571677,0.02024671,0.0,0.0,-0.00355662,0.01756311,0.0,-9.458194e-05,-3.8175752,0.26415297,0.0077419183,-0.21455802,0.009683756,-0.21282548,0.17006963,-1.0313641,-0.32177168,0.09232274,0.0,0.12404762,11.912147,-0.84481514
0.2,1.0,0.0,0.0,0.0,0.0,21.0,1.0,211.625,300.0,120.63333333333334,514.9,0.0,0.0,0.0,0.0,0.0,0.0,0.0,0.0,0.0,0.0,1.0,0.0,0.0,0.0,0.0,0.0,0.0,0.0,1.0,0.0,0.0,1.0,10.0,1.0,0.0,0.0,0.0,0.0,0.0,0.0,21.0,4.2,0.0,1.0,0.0,0.0,0.0,94.0,1.2,140.0,140.0,168.0,-0.54800355,-0.122470975,-0.07495579,-0.023705311,0.0013632206,-0.0046179937,-0.49193054,-0.20382401,-0.6047062,-0.7025204,0.09415594,-1.3969842,-0.20691153,-0.22405916,0.054300092,-0.43046317,-0.013029265,0.008757806,0.0010746423,0.08194124,0.0003014239,0.0,-0.7423931,0.001280054,-0.11248377,0.0,-0.04459044,0.0,0.0,-0.7351923,-0.010976517,0.032732602,-0.12443219,-0.11832463,-1.5356716,0.07205551,0.0,0.0,-0.0013134008,0.052808337,0.0,-0.00020848899,-3.5643773,0.28128073,0.030346312,-0.17350703,-0.009744923,-0.19364467,-0.04159911,0.055727296,2.109617,-0.293917,0.0,0.06838614,11.912147,2.1077173
0.2,1.0,0.0,0.0,0.0,0.0,21.0,1.0,211.625,300.0,120.63333333333334,514.9,0.0,0.0,0.0,0.0,0.0,0.0,0.0,0.0,0.0,0.0,1.0,0.0,0.0,0.0,0.0,0.0,0.0,0.0,1.0,0.0,0.0,1.0,10.0,1.0,0.0,0.0,0.0,0.0,0.0,0.0,21.0,4.2,0.0,1.0,0.0,0.0,0.0,90.0,1.8,140.0,140.0,252.0,-0.6486419,-0.12588549,-0.06889249,-0.02297817,0.0010495586,-0.006522002,-0.53776705,-0.22621992,-0.6079189,-0.7516682,0.0908343,-1.3252176,-0.22176781,-0.20750852,0.052863333,-0.4411675,-0.016916288,0.008579448,0.0009931191,0.07437844,0.00031713303,0.0,-0.54598886,0.0011794969,-0.11131273,0.0,-0.045300882,0.0,0.0,-0.84119415,-0.053773075,0.031847987,-0.13722567,-0.14844622,-1.579324,0.07180924,0.0,0.0,-0.0011672648,0.022530414,0.0,-0.00038151423,-3.7591982,0.20313974,0.01298258,-0.23212756,0.009926167,-0.19339845,-0.100518644,0.35308632,0.8520875,-0.23016837,0.0,-0.12668757,11.912147,0.38446736
0.2,1.0,0.0,0.0,0.0,0.0,21.0,1.0,211.625,300.0,120.63333333333334,514.9,0.0,0.0,0.0,0.0,0.0,0.0,0.0,0.0,0.0,0.0,1.0,0.0,0.0,0.0,0.0,0.0,0.0,0.0,1.0,0.0,0.0,1.0,10.0,1.0,0.0,0.0,0.0,0.0,0.0,0.0,21.0,4.2,0.0,1.0,0.0,0.0,0.0,92.0,2.4,140.0,140.0,336.0,-0.4534357,-0.11090968,-0.07032852,-0.020711258,0.0010495586,-0.003939122,-0.59246355,-0.22620963,-0.6367976,-0.800664,0.08998085,-1.451464,-0.20628862,-0.22549272,0.06090908,-0.45162714,-0.012484455,0.008490941,0.0004030586,0.07487894,0.0002743135,0.0,-0.72929585,0.001280054,-0.116228916,0.0,-0.04627524,0.0,0.0,-0.8439613,0.028673124,0.031507242,-0.1528746,-0.13897136,-1.4959077,0.072373554,0.0,0.0,-0.0014256869,0.017684933,0.0,-0.00038151423,-3.7471702,0.22545731,0.005836536,-0.18488766,0.017789774,-0.18474838,-0.1810553,0.078583404,0.11094656,-0.17428553,0.0,0.104722455,11.912147,-0.41729644
0.2,1.0,0.0,0.0,0.0,0.0,21.0,1.0,211.625,300.0,120.63333333333334,514.9,0.0,0.0,0.0,0.0,0.0,0.0,0.0,0.0,0.0,0.0,1.0,0.0,0.0,0.0,0.0,0.0,0.0,0.0,1.0,0.0,0.0,1.0,10.0,1.0,0.0,0.0,0.0,0.0,0.0,0.0,21.0,4.2,0.0,1.0,0.0,0.0,0.0,92.0,3.0,140.0,140.0,420.0,-0.52186733,-0.12741014,-0.06353532,-0.019332122,0.0010495586,-0.004603235,-0.3797741,-0.23246452,-0.71011627,-0.7174696,0.08606566,-1.4440085,-0.21825306,-0.22573687,0.048781376,-0.45926818,-0.012343546,0.0076767066,0.00032022863,0.07498737,0.0002743135,0.0,-0.20160243,0.0011614247,-0.11466922,0.0,-0.0485571,0.0,0.0,-0.86056167,0.02985416,0.030984895,-0.15297823,-0.13637264,-1.5606548,0.036507007,0.0,0.0,-0.0012847707,0.01782955,0.0,-0.00024310418,-3.7963815,0.22018577,0.04802061,-0.25660306,0.01292415,-0.18336271,-0.053006332,0.12502097,-0.2737262,-0.2984108,0.0,0.04872151,11.912147,-0.3720838
0.2,1.0,0.0,0.0,0.0,0.0,21.0,1.0,211.625,300.0,120.63333333333334,514.9,0.0,0.0,0.0,0.0,0.0,0.0,0.0,0.0,0.0,0.0,1.0,0.0,0.0,0.0,0.0,0.0,0.0,0.0,1.0,0.0,0.0,1.0,10.0,1.0,0.0,0.0,0.0,0.0,0.0,0.0,21.0,4.2,0.0,1.0,0.0,0.0,0.0,29.0,3.0,280.0,280.0,840.0,-0.48451152,-0.07986132,-0.063559726,-0.018672502,0.0010495586,-0.0018909621,-0.52481735,-0.2320863,-0.6183263,-0.599496,0.087252684,-1.3512223,-0.23045905,-0.20800015,0.049260467,-0.46380028,-0.0123560205,0.007799839,0.00056501443,0.07767475,0.00029002264,0.0,-0.6019327,0.0012403155,-0.11324033,0.0,-0.051159006,0.0,0.0,-0.8183309,0.024972,0.032740813,-0.13850339,-0.14918686,-1.5130202,0.036775395,0.0,0.0,-0.0012847707,0.016112758,0.0,-0.00012432548,-3.848587,0.21696846,0.010827406,-0.23782532,-0.0005330567,-0.18163314,-0.034910746,0.6626818,-0.26622984,-0.047768347,0.0,0.2843642,11.912147,0.52939266
0.2,1.0,0.0,0.0,0.0,0.0,21.0,1.0,211.625,300.0,120.63333333333334,514.9,0.0,0.0,0.0,0.0,0.0,0.0,0.0,0.0,0.0,0.0,1.0,0.0,0.0,0.0,0.0,0.0,0.0,0.0,1.0,0.0,0.0,1.0,10.0,1.0,0.0,0.0,0.0,0.0,0.0,0.0,21.0,4.2,0.0,1.0,0.0,0.0,1.0,412.0,3.0,392.0,392.0,1176.0,-0.58240795,-0.1500671,-0.06341183,-0.013595205,0.0010245733,-0.0018247763,-0.41637045,-0.22055896,-0.5669437,-0.76759034,0.08129381,-1.3827442,-0.21698561,-0.15070616,0.05084252,-0.4486318,-0.012271939,0.011505805,0.00062813796,0.07355532,0.00026717756,0.0,-0.44070184,0.0012856973,-0.11307171,0.0,-0.036695685,0.0,0.0,-0.9432775,-0.034965243,0.037511606,-0.15614982,-0.17175804,-1.383987,0.023417354,0.0,0.0,-0.0011944172,0.018057289,0.0,-9.458194e-05,-3.7629225,0.29421127,-0.028906813,-0.14748655,-0.03141758,-0.22073902,-0.031291816,0.53906405,-0.25150892,0.13303946,0.0,-0.09258705,11.912147,0.33498576
0.2,1.0,0.0,0.0,0.0,0.0,21.0,1.0,211.625,300.0,120.63333333333334,514.9,0.0,0.0,0.0,0.0,0.0,0.0,0.0,0.0,0.0,0.0,1.0,0.0,0.0,0.0,0.0,0.0,0.0,0.0,1.0,0.0,0.0,1.0,10.0,1.0,0.0,0.0,0.0,0.0,0.0,0.0,21.0,4.2,0.0,1.0,0.0,0.0,1.0,204.0,1.8,392.0,392.0,705.6,-0.80197626,-0.08443842,-0.055462945,-0.014052972,0.0010245733,-0.004245609,-0.6320075,-0.22912422,-0.7018287,-0.80318314,0.08822631,-1.2347593,-0.2095457,-0.14884804,0.054706234,-0.41135824,-0.012836832,0.012577087,0.0010788279,0.07713899,0.00028335373,0.0,-0.88866645,0.001289017,-0.10991894,0.0,-0.037348755,0.0,0.0,-0.8175296,-0.0700756,0.037996497,-0.14327645,-0.1675693,-1.3628348,0.029527413,0.0,0.0,-0.0009550149,0.04293287,0.0,-0.00014189702,-3.5385082,0.27861074,0.0032528513,-0.097441696,-0.020217177,-0.19101802,-0.14637922,-0.33593506,1.3331203,0.15419328,0.0,0.058731657,11.912147,0.81535244
0.2,1.0,0.0,0.0,0.0,0.0,21.0,1.0,211.625,300.0,120.63333333333334,514.9,0.0,0.0,0.0,0.0,0.0,0.0,0.0,0.0,0.0,0.0,1.0,0.0,0.0,0.0,0.0,0.0,0.0,0.0,1.0,0.0,0.0,1.0,10.0,1.0,0.0,0.0,0.0,0.0,0.0,0.0,21.0,4.2,0.0,1.0,0.0,0.0,1.0,2432.0,3.0,392.0,392.0,1176.0,-0.68494135,-0.14184454,-0.0636018,-0.01370355,0.0010245733,-0.0018852531,-0.7441141,-0.20823243,-0.8633689,-0.805511,0.07976519,-1.4294496,-0.21393757,-0.15079932,0.04686971,-0.44900522,-0.012036694,0.008987061,-0.00071947824,0.07336813,0.00028632293,0.0,-0.5419593,0.0012856973,-0.11525473,0.0,-0.037743445,0.0,0.0,-0.91873604,0.0063698962,0.037370596,-0.15745023,-0.1668915,-1.4233614,0.020088026,0.0,0.0,-0.0015357506,0.01740771,0.0,-9.054082e-05,-3.8022127,0.29628706,-0.032185595,-0.18742211,-0.038274337,-0.21494149,0.06681392,-1.2346537,-0.32722244,0.188249,0.0,6.1248895e-05,11.912147,-2.2267044
0.2,1.0,0.0,0.0,0.0,0.0,21.0,1.0,211.625,300.0,120.63333333333334,514.9,0.0,0.0,0.0,0.0,0.0,0.0,0.0,0.0,0.0,0.0,1.0,0.0,0.0,0.0,0.0,0.0,0.0,0.0,1.0,0.0,0.0,1.0,10.0,1.0,0.0,0.0,0.0,0.0,0.0,0.0,21.0,4.2,0.0,1.0,0.0,0.0,1.0,1467.0,3.0,1120.0,1120.0,3360.0,-0.59685534,-0.18348032,-0.06352849,-0.013934456,0.0010245733,-0.0018982659,-0.3468725,-0.22094089,-0.54875183,-0.6621358,0.07998005,-1.4276372,-0.21217524,-0.15056519,0.0471927,-0.4487253,-0.012571524,0.010928524,0.0006423632,0.07335518,0.00028089248,0.0,-0.52789956,0.0012856973,-0.11286045,0.0,-0.03600793,0.0,0.0,-0.8796178,-0.05303649,0.03957699,-0.1553312,-0.12920746,-1.4769073,0.022723949,0.0,0.0,-0.0010808695,0.017454274,0.0,-9.458194e-05,-3.776597,0.27171347,-0.025412714,-0.16358812,-0.037729435,-0.23767066,0.058241792,0.34548512,-0.3834983,0.30552942,0.0,-0.16143732,11.912147,0.1395126
0.2,1.0,0.0,0.0,0.0,0.0,21.0,1.0,211.625,300.0,120.63333333333334,514.9,0.0,0.0,0.0,0.0,0.0,0.0,0.0,0.0,0.0,0.0,1.0,0.0,0.0,0.0,0.0,0.0,0.0,0.0,1.0,0.0,0.0,1.0,10.0,1.0,0.0,0.0,0.0,0.0,0.0,0.0,21.0,4.2,0.0,1.0,0.0,0.0,1.0,349.0,3.0,476.0,476.0,1428.0,-0.6131701,-0.15383913,-0.063602276,-0.015670823,0.0010245733,-0.002997852,-0.27579272,-0.2180074,-0.7375768,-0.6641762,0.08083067,-1.4102714,-0.21323378,-0.15046667,0.045990042,-0.44868246,-0.013467698,0.010924322,0.00042961587,0.07305689,0.00027579122,0.0,-0.4259209,0.001289017,-0.11323797,0.0,-0.037985392,0.0,0.0,-0.864936,0.0014691656,0.037292384,-0.1582642,-0.12697394,-1.5265552,0.029817453,0.0,0.0,-0.0012798004,0.017249677,0.0,-9.458194e-05,-3.819166,0.2965245,-0.029071445,-0.24687722,-0.024173483,-0.24551,-0.058934875,-0.8327297,-0.42598343,0.27621967,0.0,-0.23694801,11.912147,-1.3710556
0.2,1.0,0.0,0.0,0.0,0.0,21.0,1.0,211.625,300.0,120.63333333333334,514.9,0.0,0.0,0.0,0.0,0.0,0.0,0.0,0.0,0.0,0.0,1.0,0.0,0.0,0.0,0.0,0.0,0.0,0.0,1.0,0.0,0.0,1.0,10.0,1.0,0.0,0.0,0.0,0.0,0.0,0.0,21.0,4.2,1.0,0.0,0.0,0.0,1.0,175.0,3.0,224.0,224.0,672.0,-0.47192,-0.080796674,-0.06412908,-0.016368318,0.0010245733,-0.002139325,-0.4128762,-0.2321982,-0.71110815,-0.75087184,0.08155424,-1.3120831,-0.21003371,-0.15015084,0.04258464,-0.43467107,-0.013472328,0.009173537,0.000455888,0.07533081,0.0002827042,0.0,-0.5763267,0.005494017,-0.11329725,0.0,-0.038816914,0.0,0.0,-0.78373474,-0.075540826,0.032422442,-0.16563052,-0.17822145,-1.5360143,0.017315714,0.0,0.0,-0.0012032471,0.019061334,0.0,-8.843652e-05,-3.6832922,0.3031576,0.31591478,0.51252574,-0.0601439,-0.23136415,-0.07377241,-0.6570926,-0.24374925,-0.097878285,0.0,-0.050720956,11.912147,-0.10126151
0.2,1.0,0.0,0.0,0.0,0.0,21.0,1.0,211.625,300.0,120.63333333333334,514.9,0.0,0.0,0.0,0.0,0.0,0.0,0.0,0.0,0.0,0.0,1.0,0.0,0.0,0.0,0.0,0.0,0.0,0.0,1.0,0.0,0.0,1.0,10.0,1.0,0.0,0.0,0.0,0.0,0.0,0.0,21.0,4.2,0.0,0.0,1.0,0.0,1.0,125.0,3.0,392.0,392.0,1176.0,-0.48411357,-0.18269138,-0.063772246,-0.016616894,0.0009537592,-0.0022223617,-0.32184446,-0.22192864,-0.5472997,-0.7352928,0.08301872,-1.3236572,-0.20975813,-0.1496793,0.044505566,-0.4389115,-0.01270032,0.009209369,0.0005032786,0.07368143,0.00029939014,0.0,-0.42052364,0.00571898,-0.113040246,0.0,-0.039364267,0.0,0.0,-0.86126876,-0.032958187,0.032462586,-0.1465602,-0.1320139,-1.4088328,0.03421062,0.0,0.0,-0.0011637779,0.0202886,0.0,-7.866767e-05,-3.8903387,0.21876138,-0.010525951,0.7087532,0.275468,-0.23358274,0.038945973,-0.19475442,-0.2748093,0.15324168,0.0,-0.10184712,11.912147,1.0400178
0.2,1.0,0.0,0.0,0.0,0.0,21.0,1.0,211.625,300.0,120.63333333333334,514.9,0.0,0.0,0.0,0.0,0.0,0.0,0.0,0.0,0.0,0.0,1.0,0.0,0.0,0.0,0.0,0.0,0.0,0.0,1.0,0.0,0.0,1.0,10.0,1.0,0.0,0.0,0.0,0.0,0.0,0.0,21.0,4.2,0.0,0.0,0.0,1.0,1.0,17.0,3.0,364.0,364.0,1092.0,-0.5608877,-0.112936474,-0.05883095,-0.030059673,0.0017908046,-0.0012228265,-0.86257637,-0.16045639,-0.2845111,-0.5539185,0.08935668,-1.2775625,-0.23735915,-0.20781584,0.0433932,-0.4363799,-0.013073395,0.009347122,0.000720014,0.07530246,0.00033119103,0.0,-0.9973674,0.008236045,-0.11268011,0.0,-0.053602237,0.0,0.0,-0.85472375,-0.09815956,0.028646369,-0.12243254,-0.16048658,-1.3054967,0.031865355,0.0,0.0,-0.00080931914,0.016655192,0.0,-8.638484e-05,-3.6892865,0.15908855,-0.015619894,0.45776802,-0.039383635,1.0619797,-0.17277761,-0.08135694,-0.2417684,-0.11746831,0.0,0.23904735,11.912147,1.2745788
0.2,1.0,0.0,0.0,0.0,0.0,21.0,1.0,211.625,300.0,120.63333333333334,514.9,0.0,0.0,0.0,0.0,0.0,0.0,0.0,0.0,0.0,0.0,1.0,0.0,0.0,0.0,0.0,0.0,0.0,0.0,1.0,0.0,0.0,1.0,10.0,1.0,0.0,0.0,0.0,0.0,0.0,0.0,21.0,4.2,0.0,0.0,0.0,1.0,1.0,14.0,3.0,364.0,364.0,1092.0,-0.4654607,-0.059471104,-0.058330726,-0.028721154,0.0017908046,0.0045184274,-1.1589916,-0.14653037,-0.34154853,-0.4309428,0.088810496,-1.2147968,-0.20965573,-0.19949606,0.04831244,-0.41239622,-0.012096408,0.015214191,0.0036525403,0.07804377,0.0020324686,0.0,-1.669201,0.0059169484,-0.105246924,0.0,-0.046524003,0.0,0.0,-0.8232974,-0.0723918,0.03149661,-0.12243254,-0.14069498,-1.183895,0.030817024,0.0,0.0,-0.00080931914,0.07201473,0.0,-8.638484e-05,-3.555221,0.0882421,-0.007313031,0.75561315,-0.05499163,1.1143582,-0.23621692,3.6091197,-0.21462147,-0.13171169,0.0,0.18710531,11.912147,4.9461126
0.2,1.0,0.0,0.0,0.0,0.0,21.0,1.0,211.625,300.0,120.63333333333334,514.9,0.0,0.0,0.0,0.0,0.0,0.0,0.0,0.0,0.0,0.0,1.0,0.0,0.0,0.0,0.0,0.0,0.0,0.0,1.0,0.0,0.0,1.0,10.0,1.0,0.0,0.0,0.0,0.0,0.0,0.0,21.0,4.2,0.0,0.0,0.0,1.0,1.0,31.0,3.0,364.0,364.0,1092.0,-0.514026,-0.102291286,-0.06729563,-0.017489819,0.0037741226,-0.0019250641,-0.6891102,-0.1650602,-0.2934613,-0.5911254,0.098811045,-1.304481,-0.23279463,-0.20935538,0.04863421,-0.45113236,-0.012270789,0.00959851,0.00060804037,0.08155065,0.00033367958,0.0,-0.8929572,0.005554731,-0.11199815,0.0,-0.050007906,0.0,0.0,-0.8727074,-0.016820077,0.029114371,-0.12156004,-0.16052611,-1.4250288,0.04350177,0.0,0.0,-0.0007815985,0.01725316,0.0,-0.00013326766,-3.8946288,0.14889483,0.0032257442,0.71976304,-0.05305837,1.2060987,-0.10046605,1.18074,-0.23277357,-0.29019526,0.0,0.13481446,11.912147,2.7689536
0.2,1.0,0.0,0.0,0.0,0.0,21.0,1.0,211.625,300.0,120.63333333333334,514.9,0.0,0.0,0.0,0.0,0.0,0.0,0.0,0.0,0.0,0.0,1.0,0.0,0.0,0.0,0.0,0.0,0.0,0.0,1.0,0.0,0.0,1.0,10.0,1.0,0.0,0.0,0.0,0.0,0.0,0.0,21.0,4.2,0.0,1.0,0.0,0.0,1.0,194.0,3.0,392.0,392.0,1176.0,-0.5674705,-0.14710443,-0.064135775,-0.013726205,0.0010245733,-0.005872269,-0.57646424,-0.22621602,-0.669154,-0.7927264,0.08062341,-1.3448668,-0.22156633,-0.15090828,0.045577366,-0.45113856,-0.0141936485,0.009002756,-0.0021739071,0.07349029,0.00028860735,0.0,-0.65678555,0.001289017,-0.11314147,0.0,-0.039074734,0.0,0.0,-0.8650346,-0.01672044,0.03388151,-0.15431717,-0.16801278,-1.4499815,0.02052132,0.0,0.0,-0.0014065618,0.017626202,0.0,-9.458194e-05,-3.7852395,0.29603055,-0.029602539,-0.24559288,-0.028674047,-0.22981915,-0.09993851,-1.5068846,-0.36526245,0.16573945,0.0,-0.20566887,11.912147,-2.5517263
0.2,1.0,0.0,0.0,0.0,0.0,21.0,1.0,211.625,300.0,120.63333333333334,514.9,0.0,0.0,0.0,0.0,0.0,0.0,0.0,0.0,0.0,0.0,1.0,0.0,0.0,0.0,0.0,0.0,0.0,0.0,1.0,0.0,0.0,1.0,10.0,1.0,0.0,0.0,0.0,0.0,0.0,0.0,21.0,4.2,0.0,1.0,0.0,0.0,1.0,117.0,3.0,476.0,476.0,1428.0,-0.47663772,-0.14943378,-0.06353457,-0.014248669,0.0010245733,-0.0046041203,-0.452862,-0.21345259,-0.8069769,-0.6319275,0.08083014,-1.3297648,-0.21771029,-0.15026239,0.04549152,-0.45112202,-0.012760484,0.00878051,0.000482481,0.07399182,0.00028104483,0.0,-0.4079031,0.001289017,-0.11313166,0.0,-0.03971894,0.0,0.0,-0.8453065,0.0058075064,0.031809118,-0.15784521,-0.11872231,-1.6508336,0.020183932,0.0,0.0,-0.0012717322,0.017768838,0.0,-9.458194e-05,-3.8567474,0.3003681,-0.010657589,-0.29464155,-0.041648727,-0.23929524,-0.105757795,-0.6315535,-0.3681138,0.33594716,0.0,-0.29589182,11.912147,-1.3182304
0.2,1.0,0.0,0.0,0.0,0.0,21.0,1.0,211.625,300.0,120.63333333333334,514.9,0.0,0.0,0.0,0.0,0.0,0.0,0.0,0.0,0.0,0.0,1.0,0.0,0.0,0.0,0.0,0.0,0.0,0.0,1.0,0.0,0.0,1.0,10.0,1.0,0.0,0.0,0.0,0.0,0.0,0.0,21.0,4.2,0.0,1.0,0.0,0.0,0.0,19.0,3.0,112.0,112.0,336.0,-0.73054385,-0.10724466,-0.060978863,-0.032421157,0.00097561756,-0.0015455224,-0.44014764,-0.21868815,-0.8208098,-0.7650424,0.08882404,-1.252518,-0.23058608,-0.20452712,0.044001166,-0.4510421,-0.012499373,0.010245937,0.0012483302,0.07815324,0.0002875341,0.0,-0.43881363,0.0012215921,-0.11210394,0.0,-0.049263515,0.0,0.0,-0.8581639,0.064985014,0.033714388,-0.13851929,-0.14067437,-1.5453552,0.07201121,0.0,0.0,-0.0010798286,0.01661988,0.0,-0.00012432548,-3.8433707,0.2436437,0.009401159,-0.24703377,-0.0023564543,-0.18109255,-0.023381023,0.55285996,-0.22301024,0.77506745,0.0,0.15255381,11.912147,0.925024
0.2,1.0,0.0,0.0,0.0,0.0,21.0,1.0,211.625,300.0,120.63333333333334,514.9,0.0,0.0,0.0,0.0,0.0,0.0,0.0,0.0,0.0,0.0,1.0,0.0,0.0,0.0,0.0,0.0,0.0,0.0,1.0,0.0,0.0,1.0,10.0,1.0,0.0,0.0,0.0,0.0,0.0,0.0,21.0,4.2,0.0,1.0,0.0,0.0,0.0,108.0,3.0,182.0,182.0,546.0,-0.5276545,-0.12973595,-0.06400967,-0.014298802,0.0010495586,-0.0046042227,-0.24880347,-0.230901,-0.7177349,-0.6647614,0.07915816,-1.3094468,-0.22693387,-0.15089507,0.045430023,-0.45117694,-0.012665506,0.0075601926,0.00033153387,0.07374112,0.0002743135,0.0,-0.2834249,0.0011614247,-0.11331178,0.0,-0.040265743,0.0,0.0,-0.82432765,-0.0042812144,0.032330256,-0.15412255,-0.11676923,-1.6430384,0.020257644,0.0,0.0,-0.0033657416,0.01782955,0.0,-0.00012992196,-3.806553,0.2643054,0.057265475,-0.20057109,0.012507871,-0.19716889,-0.08725753,-0.55209196,-0.2747794,-0.547573,0.0,0.12997235,11.912147,-0.9473313
0.2,1.0,0.0,0.0,0.0,0.0,21.0,1.0,211.625,300.0,120.63333333333334,514.9,0.0,0.0,0.0,0.0,0.0,0.0,0.0,0.0,0.0,0.0,1.0,0.0,0.0,0.0,0.0,0.0,0.0,0.0,1.0,0.0,0.0,1.0,10.0,1.0,0.0,0.0,0.0,0.0,0.0,0.0,21.0,4.2,0.0,1.0,0.0,0.0,0.0,96.0,3.0,364.0,364.0,1092.0,-0.46779752,-0.14631741,-0.06382372,-0.013867984,0.0010495586,-0.0045772,-0.28877756,-0.24562271,-0.56200963,-0.6954854,0.079606906,-1.4726682,-0.22732213,-0.15061173,0.0455132,-0.45090345,-0.012422014,0.0077542677,0.00051557604,0.07398478,0.00029490772,0.0,-0.47033823,0.00085846044,-0.113754325,0.0,-0.04283974,0.0,0.0,-0.79026806,-0.042688277,0.030739676,-0.15153117,-0.11605883,-1.571677,0.02024671,0.0,0.0,-0.00355662,0.01756311,0.0,-9.458194e-05,-3.8175752,0.26415297,0.0077419183,-0.21455802,0.009683756,-0.21282548,0.17006963,-1.0313641,-0.32177168,0.09232274,0.0,0.12404762,11.912147,-0.84481514
0.2,1.0,0.0,0.0,0.0,0.0,21.0,1.0,211.625,300.0,120.63333333333334,514.9,0.0,0.0,0.0,0.0,0.0,0.0,0.0,0.0,0.0,0.0,1.0,0.0,0.0,0.0,0.0,0.0,0.0,0.0,1.0,0.0,0.0,1.0,10.0,1.0,0.0,0.0,0.0,0.0,0.0,0.0,21.0,4.2,0.0,1.0,0.0,0.0,0.0,94.0,1.2,140.0,140.0,168.0,-0.54800355,-0.122470975,-0.07495579,-0.023705311,0.0013632206,-0.0046179937,-0.49193054,-0.20382401,-0.6047062,-0.7025204,0.09415594,-1.3969842,-0.20691153,-0.22405916,0.054300092,-0.43046317,-0.013029265,0.008757806,0.0010746423,0.08194124,0.0003014239,0.0,-0.7423931,0.001280054,-0.11248377,0.0,-0.04459044,0.0,0.0,-0.7351923,-0.010976517,0.032732602,-0.12443219,-0.11832463,-1.5356716,0.07205551,0.0,0.0,-0.0013134008,0.052808337,0.0,-0.00020848899,-3.5643773,0.28128073,0.030346312,-0.17350703,-0.009744923,-0.19364467,-0.04159911,0.055727296,2.109617,-0.293917,0.0,0.06838614,11.912147,2.1077173
0.2,1.0,0.0,0.0,0.0,0.0,21.0,1.0,211.625,300.0,120.63333333333334,514.9,0.0,0.0,0.0,0.0,0.0,0.0,0.0,0.0,0.0,0.0,1.0,0.0,0.0,0.0,0.0,0.0,0.0,0.0,1.0,0.0,0.0,1.0,10.0,1.0,0.0,0.0,0.0,0.0,0.0,0.0,21.0,4.2,0.0,1.0,0.0,0.0,0.0,90.0,1.8,140.0,140.0,252.0,-0.6486419,-0.12588549,-0.06889249,-0.02297817,0.0010495586,-0.006522002,-0.53776705,-0.22621992,-0.6079189,-0.7516682,0.0908343,-1.3252176,-0.22176781,-0.20750852,0.052863333,-0.4411675,-0.016916288,0.008579448,0.0009931191,0.07437844,0.00031713303,0.0,-0.54598886,0.0011794969,-0.11131273,0.0,-0.045300882,0.0,0.0,-0.84119415,-0.053773075,0.031847987,-0.13722567,-0.14844622,-1.579324,0.07180924,0.0,0.0,-0.0011672648,0.022530414,0.0,-0.00038151423,-3.7591982,0.20313974,0.01298258,-0.23212756,0.009926167,-0.19339845,-0.100518644,0.35308632,0.8520875,-0.23016837,0.0,-0.12668757,11.912147,0.38446736
0.2,1.0,0.0,0.0,0.0,0.0,21.0,1.0,211.625,300.0,120.63333333333334,514.9,0.0,0.0,0.0,0.0,0.0,0.0,0.0,0.0,0.0,0.0,1.0,0.0,0.0,0.0,0.0,0.0,0.0,0.0,1.0,0.0,0.0,1.0,10.0,1.0,0.0,0.0,0.0,0.0,0.0,0.0,21.0,4.2,0.0,1.0,0.0,0.0,0.0,92.0,2.4,140.0,140.0,336.0,-0.4534357,-0.11090968,-0.07032852,-0.020711258,0.0010495586,-0.003939122,-0.59246355,-0.22620963,-0.6367976,-0.800664,0.08998085,-1.451464,-0.20628862,-0.22549272,0.06090908,-0.45162714,-0.012484455,0.008490941,0.0004030586,0.07487894,0.0002743135,0.0,-0.72929585,0.001280054,-0.116228916,0.0,-0.04627524,0.0,0.0,-0.8439613,0.028673124,0.031507242,-0.1528746,-0.13897136,-1.4959077,0.072373554,0.0,0.0,-0.0014256869,0.017684933,0.0,-0.00038151423,-3.7471702,0.22545731,0.005836536,-0.18488766,0.017789774,-0.18474838,-0.1810553,0.078583404,0.11094656,-0.17428553,0.0,0.104722455,11.912147,-0.41729644
0.2,1.0,0.0,0.0,0.0,0.0,21.0,1.0,211.625,300.0,120.63333333333334,514.9,0.0,0.0,0.0,0.0,0.0,0.0,0.0,0.0,0.0,0.0,1.0,0.0,0.0,0.0,0.0,0.0,0.0,0.0,1.0,0.0,0.0,1.0,10.0,1.0,0.0,0.0,0.0,0.0,0.0,0.0,21.0,4.2,0.0,1.0,0.0,0.0,0.0,92.0,3.0,140.0,140.0,420.0,-0.52186733,-0.12741014,-0.06353532,-0.019332122,0.0010495586,-0.004603235,-0.3797741,-0.23246452,-0.71011627,-0.7174696,0.08606566,-1.4440085,-0.21825306,-0.22573687,0.048781376,-0.45926818,-0.012343546,0.0076767066,0.00032022863,0.07498737,0.0002743135,0.0,-0.20160243,0.0011614247,-0.11466922,0.0,-0.0485571,0.0,0.0,-0.86056167,0.02985416,0.030984895,-0.15297823,-0.13637264,-1.5606548,0.036507007,0.0,0.0,-0.0012847707,0.01782955,0.0,-0.00024310418,-3.7963815,0.22018577,0.04802061,-0.25660306,0.01292415,-0.18336271,-0.053006332,0.12502097,-0.2737262,-0.2984108,0.0,0.04872151,11.912147,-0.3720838
0.2,1.0,0.0,0.0,0.0,0.0,21.0,1.0,211.625,300.0,120.63333333333334,514.9,0.0,0.0,0.0,0.0,0.0,0.0,0.0,0.0,0.0,0.0,1.0,0.0,0.0,0.0,0.0,0.0,0.0,0.0,1.0,0.0,0.0,1.0,10.0,1.0,0.0,0.0,0.0,0.0,0.0,0.0,21.0,4.2,0.0,1.0,0.0,0.0,0.0,29.0,3.0,280.0,280.0,840.0,-0.48451152,-0.07986132,-0.063559726,-0.018672502,0.0010495586,-0.0018909621,-0.52481735,-0.2320863,-0.6183263,-0.599496,0.087252684,-1.3512223,-0.23045905,-0.20800015,0.049260467,-0.46380028,-0.0123560205,0.007799839,0.00056501443,0.07767475,0.00029002264,0.0,-0.6019327,0.0012403155,-0.11324033,0.0,-0.051159006,0.0,0.0,-0.8183309,0.024972,0.032740813,-0.13850339,-0.14918686,-1.5130202,0.036775395,0.0,0.0,-0.0012847707,0.016112758,0.0,-0.00012432548,-3.848587,0.21696846,0.010827406,-0.23782532,-0.0005330567,-0.18163314,-0.034910746,0.6626818,-0.26622984,-0.047768347,0.0,0.2843642,11.912147,0.52939266
0.2,1.0,0.0,0.0,0.0,0.0,21.0,1.0,211.625,300.0,120.63333333333334,514.9,0.0,0.0,0.0,0.0,0.0,0.0,0.0,0.0,0.0,0.0,1.0,0.0,0.0,0.0,0.0,0.0,0.0,0.0,1.0,0.0,0.0,1.0,10.0,1.0,0.0,0.0,0.0,0.0,0.0,0.0,21.0,4.2,0.0,1.0,0.0,0.0,1.0,412.0,3.0,392.0,392.0,1176.0,-0.58240795,-0.1500671,-0.06341183,-0.013595205,0.0010245733,-0.0018247763,-0.41637045,-0.22055896,-0.5669437,-0.76759034,0.08129381,-1.3827442,-0.21698561,-0.15070616,0.05084252,-0.4486318,-0.012271939,0.011505805,0.00062813796,0.07355532,0.00026717756,0.0,-0.44070184,0.0012856973,-0.11307171,0.0,-0.036695685,0.0,0.0,-0.9432775,-0.034965243,0.037511606,-0.15614982,-0.17175804,-1.383987,0.023417354,0.0,0.0,-0.0011944172,0.018057289,0.0,-9.458194e-05,-3.7629225,0.29421127,-0.028906813,-0.14748655,-0.03141758,-0.22073902,-0.031291816,0.53906405,-0.25150892,0.13303946,0.0,-0.09258705,11.912147,0.33498576
0.2,1.0,0.0,0.0,0.0,0.0,21.0,1.0,211.625,300.0,120.63333333333334,514.9,0.0,0.0,0.0,0.0,0.0,0.0,0.0,0.0,0.0,0.0,1.0,0.0,0.0,0.0,0.0,0.0,0.0,0.0,1.0,0.0,0.0,1.0,10.0,1.0,0.0,0.0,0.0,0.0,0.0,0.0,21.0,4.2,0.0,1.0,0.0,0.0,1.0,204.0,1.8,392.0,392.0,705.6,-0.80197626,-0.08443842,-0.055462945,-0.014052972,0.0010245733,-0.004245609,-0.6320075,-0.22912422,-0.7018287,-0.80318314,0.08822631,-1.2347593,-0.2095457,-0.14884804,0.054706234,-0.41135824,-0.012836832,0.012577087,0.0010788279,0.07713899,0.00028335373,0.0,-0.88866645,0.001289017,-0.10991894,0.0,-0.037348755,0.0,0.0,-0.8175296,-0.0700756,0.037996497,-0.14327645,-0.1675693,-1.3628348,0.029527413,0.0,0.0,-0.0009550149,0.04293287,0.0,-0.00014189702,-3.5385082,0.27861074,0.0032528513,-0.097441696,-0.020217177,-0.19101802,-0.14637922,-0.33593506,1.3331203,0.15419328,0.0,0.058731657,11.912147,0.81535244
0.2,1.0,0.0,0.0,0.0,0.0,21.0,1.0,211.625,300.0,120.63333333333334,514.9,0.0,0.0,0.0,0.0,0.0,0.0,0.0,0.0,0.0,0.0,1.0,0.0,0.0,0.0,0.0,0.0,0.0,0.0,1.0,0.0,0.0,1.0,10.0,1.0,0.0,0.0,0.0,0.0,0.0,0.0,21.0,4.2,0.0,1.0,0.0,0.0,1.0,2432.0,3.0,392.0,392.0,1176.0,-0.68494135,-0.14184454,-0.0636018,-0.01370355,0.0010245733,-0.0018852531,-0.7441141,-0.20823243,-0.8633689,-0.805511,0.07976519,-1.4294496,-0.21393757,-0.15079932,0.04686971,-0.44900522,-0.012036694,0.008987061,-0.00071947824,0.07336813,0.00028632293,0.0,-0.5419593,0.0012856973,-0.11525473,0.0,-0.037743445,0.0,0.0,-0.91873604,0.0063698962,0.037370596,-0.15745023,-0.1668915,-1.4233614,0.020088026,0.0,0.0,-0.0015357506,0.01740771,0.0,-9.054082e-05,-3.8022127,0.29628706,-0.032185595,-0.18742211,-0.038274337,-0.21494149,0.06681392,-1.2346537,-0.32722244,0.188249,0.0,6.1248895e-05,11.912147,-2.2267044
0.2,1.0,0.0,0.0,0.0,0.0,21.0,1.0,211.625,300.0,120.63333333333334,514.9,0.0,0.0,0.0,0.0,0.0,0.0,0.0,0.0,0.0,0.0,1.0,0.0,0.0,0.0,0.0,0.0,0.0,0.0,1.0,0.0,0.0,1.0,10.0,1.0,0.0,0.0,0.0,0.0,0.0,0.0,21.0,4.2,0.0,1.0,0.0,0.0,1.0,1467.0,3.0,1120.0,1120.0,3360.0,-0.59685534,-0.18348032,-0.06352849,-0.013934456,0.0010245733,-0.0018982659,-0.3468725,-0.22094089,-0.54875183,-0.6621358,0.07998005,-1.4276372,-0.21217524,-0.15056519,0.0471927,-0.4487253,-0.012571524,0.010928524,0.0006423632,0.07335518,0.00028089248,0.0,-0.52789956,0.0012856973,-0.11286045,0.0,-0.03600793,0.0,0.0,-0.8796178,-0.05303649,0.03957699,-0.1553312,-0.12920746,-1.4769073,0.022723949,0.0,0.0,-0.0010808695,0.017454274,0.0,-9.458194e-05,-3.776597,0.27171347,-0.025412714,-0.16358812,-0.037729435,-0.23767066,0.058241792,0.34548512,-0.3834983,0.30552942,0.0,-0.16143732,11.912147,0.1395126
0.2,1.0,0.0,0.0,0.0,0.0,21.0,1.0,211.625,300.0,120.63333333333334,514.9,0.0,0.0,0.0,0.0,0.0,0.0,0.0,0.0,0.0,0.0,1.0,0.0,0.0,0.0,0.0,0.0,0.0,0.0,1.0,0.0,0.0,1.0,10.0,1.0,0.0,0.0,0.0,0.0,0.0,0.0,21.0,4.2,0.0,1.0,0.0,0.0,1.0,349.0,3.0,476.0,476.0,1428.0,-0.6131701,-0.15383913,-0.063602276,-0.015670823,0.0010245733,-0.002997852,-0.27579272,-0.2180074,-0.7375768,-0.6641762,0.08083067,-1.4102714,-0.21323378,-0.15046667,0.045990042,-0.44868246,-0.013467698,0.010924322,0.00042961587,0.07305689,0.00027579122,0.0,-0.4259209,0.001289017,-0.11323797,0.0,-0.037985392,0.0,0.0,-0.864936,0.0014691656,0.037292384,-0.1582642,-0.12697394,-1.5265552,0.029817453,0.0,0.0,-0.0012798004,0.017249677,0.0,-9.458194e-05,-3.819166,0.2965245,-0.029071445,-0.24687722,-0.024173483,-0.24551,-0.058934875,-0.8327297,-0.42598343,0.27621967,0.0,-0.23694801,11.912147,-1.3710556
0.2,1.0,0.0,0.0,0.0,0.0,21.0,1.0,211.625,300.0,120.63333333333334,514.9,0.0,0.0,0.0,0.0,0.0,0.0,0.0,0.0,0.0,0.0,1.0,0.0,0.0,0.0,0.0,0.0,0.0,0.0,1.0,0.0,0.0,1.0,10.0,1.0,0.0,0.0,0.0,0.0,0.0,0.0,21.0,4.2,1.0,0.0,0.0,0.0,1.0,175.0,3.0,224.0,224.0,672.0,-0.47192,-0.080796674,-0.06412908,-0.016368318,0.0010245733,-0.002139325,-0.4128762,-0.2321982,-0.71110815,-0.75087184,0.08155424,-1.3120831,-0.21003371,-0.15015084,0.04258464,-0.43467107,-0.013472328,0.009173537,0.000455888,0.07533081,0.0002827042,0.0,-0.5763267,0.005494017,-0.11329725,0.0,-0.038816914,0.0,0.0,-0.78373474,-0.075540826,0.032422442,-0.16563052,-0.17822145,-1.5360143,0.017315714,0.0,0.0,-0.0012032471,0.019061334,0.0,-8.843652e-05,-3.6832922,0.3031576,0.31591478,0.51252574,-0.0601439,-0.23136415,-0.07377241,-0.6570926,-0.24374925,-0.097878285,0.0,-0.050720956,11.912147,-0.10126151
0.2,1.0,0.0,0.0,0.0,0.0,21.0,1.0,211.625,300.0,120.63333333333334,514.9,0.0,0.0,0.0,0.0,0.0,0.0,0.0,0.0,0.0,0.0,1.0,0.0,0.0,0.0,0.0,0.0,0.0,0.0,1.0,0.0,0.0,1.0,10.0,1.0,0.0,0.0,0.0,0.0,0.0,0.0,21.0,4.2,0.0,0.0,1.0,0.0,1.0,125.0,3.0,392.0,392.0,1176.0,-0.48411357,-0.18269138,-0.063772246,-0.016616894,0.0009537592,-0.0022223617,-0.32184446,-0.22192864,-0.5472997,-0.7352928,0.08301872,-1.3236572,-0.20975813,-0.1496793,0.044505566,-0.4389115,-0.01270032,0.009209369,0.0005032786,0.07368143,0.00029939014,0.0,-0.42052364,0.00571898,-0.113040246,0.0,-0.039364267,0.0,0.0,-0.86126876,-0.032958187,0.032462586,-0.1465602,-0.1320139,-1.4088328,0.03421062,0.0,0.0,-0.0011637779,0.0202886,0.0,-7.866767e-05,-3.8903387,0.21876138,-0.010525951,0.7087532,0.275468,-0.23358274,0.038945973,-0.19475442,-0.2748093,0.15324168,0.0,-0.10184712,11.912147,1.0400178
0.2,1.0,0.0,0.0,0.0,0.0,21.0,1.0,211.625,300.0,120.63333333333334,514.9,0.0,0.0,0.0,0.0,0.0,0.0,0.0,0.0,0.0,0.0,1.0,0.0,0.0,0.0,0.0,0.0,0.0,0.0,1.0,0.0,0.0,1.0,10.0,1.0,0.0,0.0,0.0,0.0,0.0,0.0,21.0,4.2,0.0,0.0,0.0,1.0,1.0,17.0,3.0,364.0,364.0,1092.0,-0.5608877,-0.112936474,-0.05883095,-0.030059673,0.0017908046,-0.0012228265,-0.86257637,-0.16045639,-0.2845111,-0.5539185,0.08935668,-1.2775625,-0.23735915,-0.20781584,0.0433932,-0.4363799,-0.013073395,0.009347122,0.000720014,0.07530246,0.00033119103,0.0,-0.9973674,0.008236045,-0.11268011,0.0,-0.053602237,0.0,0.0,-0.85472375,-0.09815956,0.028646369,-0.12243254,-0.16048658,-1.3054967,0.031865355,0.0,0.0,-0.00080931914,0.016655192,0.0,-8.638484e-05,-3.6892865,0.15908855,-0.015619894,0.45776802,-0.039383635,1.0619797,-0.17277761,-0.08135694,-0.2417684,-0.11746831,0.0,0.23904735,11.912147,1.2745788
0.2,1.0,0.0,0.0,0.0,0.0,21.0,1.0,211.625,300.0,120.63333333333334,514.9,0.0,0.0,0.0,0.0,0.0,0.0,0.0,0.0,0.0,0.0,1.0,0.0,0.0,0.0,0.0,0.0,0.0,0.0,1.0,0.0,0.0,1.0,10.0,1.0,0.0,0.0,0.0,0.0,0.0,0.0,21.0,4.2,0.0,0.0,0.0,1.0,1.0,14.0,3.0,364.0,364.0,1092.0,-0.4654607,-0.059471104,-0.058330726,-0.028721154,0.0017908046,0.0045184274,-1.1589916,-0.14653037,-0.34154853,-0.4309428,0.088810496,-1.2147968,-0.20965573,-0.19949606,0.04831244,-0.41239622,-0.012096408,0.015214191,0.0036525403,0.07804377,0.0020324686,0.0,-1.669201,0.0059169484,-0.105246924,0.0,-0.046524003,0.0,0.0,-0.8232974,-0.0723918,0.03149661,-0.12243254,-0.14069498,-1.183895,0.030817024,0.0,0.0,-0.00080931914,0.07201473,0.0,-8.638484e-05,-3.555221,0.0882421,-0.007313031,0.75561315,-0.05499163,1.1143582,-0.23621692,3.6091197,-0.21462147,-0.13171169,0.0,0.18710531,11.912147,4.9461126
0.2,1.0,0.0,0.0,0.0,0.0,21.0,1.0,211.625,300.0,120.63333333333334,514.9,0.0,0.0,0.0,0.0,0.0,0.0,0.0,0.0,0.0,0.0,1.0,0.0,0.0,0.0,0.0,0.0,0.0,0.0,1.0,0.0,0.0,1.0,10.0,1.0,0.0,0.0,0.0,0.0,0.0,0.0,21.0,4.2,0.0,0.0,0.0,1.0,1.0,31.0,3.0,364.0,364.0,1092.0,-0.514026,-0.102291286,-0.06729563,-0.017489819,0.0037741226,-0.0019250641,-0.6891102,-0.1650602,-0.2934613,-0.5911254,0.098811045,-1.304481,-0.23279463,-0.20935538,0.04863421,-0.45113236,-0.012270789,0.00959851,0.00060804037,0.08155065,0.00033367958,0.0,-0.8929572,0.005554731,-0.11199815,0.0,-0.050007906,0.0,0.0,-0.8727074,-0.016820077,0.029114371,-0.12156004,-0.16052611,-1.4250288,0.04350177,0.0,0.0,-0.0007815985,0.01725316,0.0,-0.00013326766,-3.8946288,0.14889483,0.0032257442,0.71976304,-0.05305837,1.2060987,-0.10046605,1.18074,-0.23277357,-0.29019526,0.0,0.13481446,11.912147,2.7689536
0.2,1.0,0.0,0.0,0.0,0.0,21.0,1.0,211.625,300.0,120.63333333333334,514.9,0.0,0.0,0.0,0.0,0.0,0.0,0.0,0.0,0.0,0.0,1.0,0.0,0.0,0.0,0.0,0.0,0.0,0.0,1.0,0.0,0.0,1.0,10.0,1.0,0.0,0.0,0.0,0.0,0.0,0.0,21.0,4.2,0.0,1.0,0.0,0.0,1.0,194.0,3.0,392.0,392.0,1176.0,-0.5674705,-0.14710443,-0.064135775,-0.013726205,0.0010245733,-0.005872269,-0.57646424,-0.22621602,-0.669154,-0.7927264,0.08062341,-1.3448668,-0.22156633,-0.15090828,0.045577366,-0.45113856,-0.0141936485,0.009002756,-0.0021739071,0.07349029,0.00028860735,0.0,-0.65678555,0.001289017,-0.11314147,0.0,-0.039074734,0.0,0.0,-0.8650346,-0.01672044,0.03388151,-0.15431717,-0.16801278,-1.4499815,0.02052132,0.0,0.0,-0.0014065618,0.017626202,0.0,-9.458194e-05,-3.7852395,0.29603055,-0.029602539,-0.24559288,-0.028674047,-0.22981915,-0.09993851,-1.5068846,-0.36526245,0.16573945,0.0,-0.20566887,11.912147,-2.5517263
0.2,1.0,0.0,0.0,0.0,0.0,21.0,1.0,211.625,300.0,120.63333333333334,514.9,0.0,0.0,0.0,0.0,0.0,0.0,0.0,0.0,0.0,0.0,1.0,0.0,0.0,0.0,0.0,0.0,0.0,0.0,1.0,0.0,0.0,1.0,10.0,1.0,0.0,0.0,0.0,0.0,0.0,0.0,21.0,4.2,0.0,1.0,0.0,0.0,1.0,117.0,3.0,476.0,476.0,1428.0,-0.47663772,-0.14943378,-0.06353457,-0.014248669,0.0010245733,-0.0046041203,-0.452862,-0.21345259,-0.8069769,-0.6319275,0.08083014,-1.3297648,-0.21771029,-0.15026239,0.04549152,-0.45112202,-0.012760484,0.00878051,0.000482481,0.07399182,0.00028104483,0.0,-0.4079031,0.001289017,-0.11313166,0.0,-0.03971894,0.0,0.0,-0.8453065,0.0058075064,0.031809118,-0.15784521,-0.11872231,-1.6508336,0.020183932,0.0,0.0,-0.0012717322,0.017768838,0.0,-9.458194e-05,-3.8567474,0.3003681,-0.010657589,-0.29464155,-0.041648727,-0.23929524,-0.105757795,-0.6315535,-0.3681138,0.33594716,0.0,-0.29589182,11.912147,-1.3182304
0.2,1.0,0.0,0.0,0.0,0.0,21.0,1.0,211.625,300.0,120.63333333333334,514.9,0.0,0.0,0.0,0.0,0.0,0.0,0.0,0.0,0.0,0.0,1.0,0.0,0.0,0.0,0.0,0.0,0.0,0.0,1.0,0.0,0.0,1.0,10.0,1.0,0.0,0.0,0.0,0.0,0.0,0.0,21.0,4.2,0.0,1.0,0.0,0.0,0.0,19.0,3.0,112.0,112.0,336.0,-0.73054385,-0.10724466,-0.060978863,-0.032421157,0.00097561756,-0.0015455224,-0.44014764,-0.21868815,-0.8208098,-0.7650424,0.08882404,-1.252518,-0.23058608,-0.20452712,0.044001166,-0.4510421,-0.012499373,0.010245937,0.0012483302,0.07815324,0.0002875341,0.0,-0.43881363,0.0012215921,-0.11210394,0.0,-0.049263515,0.0,0.0,-0.8581639,0.064985014,0.033714388,-0.13851929,-0.14067437,-1.5453552,0.07201121,0.0,0.0,-0.0010798286,0.01661988,0.0,-0.00012432548,-3.8433707,0.2436437,0.009401159,-0.24703377,-0.0023564543,-0.18109255,-0.023381023,0.55285996,-0.22301024,0.77506745,0.0,0.15255381,11.912147,0.925024
0.2,1.0,0.0,0.0,0.0,0.0,21.0,1.0,211.625,300.0,120.63333333333334,514.9,0.0,0.0,0.0,0.0,0.0,0.0,0.0,0.0,0.0,0.0,1.0,0.0,0.0,0.0,0.0,0.0,0.0,0.0,1.0,0.0,0.0,1.0,10.0,1.0,0.0,0.0,0.0,0.0,0.0,0.0,21.0,4.2,0.0,1.0,0.0,0.0,0.0,108.0,3.0,182.0,182.0,546.0,-0.5276545,-0.12973595,-0.06400967,-0.014298802,0.0010495586,-0.0046042227,-0.24880347,-0.230901,-0.7177349,-0.6647614,0.07915816,-1.3094468,-0.22693387,-0.15089507,0.045430023,-0.45117694,-0.012665506,0.0075601926,0.00033153387,0.07374112,0.0002743135,0.0,-0.2834249,0.0011614247,-0.11331178,0.0,-0.040265743,0.0,0.0,-0.82432765,-0.0042812144,0.032330256,-0.15412255,-0.11676923,-1.6430384,0.020257644,0.0,0.0,-0.0033657416,0.01782955,0.0,-0.00012992196,-3.806553,0.2643054,0.057265475,-0.20057109,0.012507871,-0.19716889,-0.08725753,-0.55209196,-0.2747794,-0.547573,0.0,0.12997235,11.912147,-0.9473313
0.2,1.0,0.0,0.0,0.0,0.0,63.0,1.0,42.0,112.0,120.63333333333334,425.0,0.0,0.0,0.0,0.0,0.0,0.0,0.0,0.0,0.0,0.0,1.0,0.0,0.0,0.0,0.0,0.0,0.0,0.0,1.0,0.0,0.0,1.0,8.0,1.0,0.0,0.0,0.0,0.0,0.0,0.0,63.0,12.6,0.0,1.0,0.0,0.0,0.0,96.0,3.0,364.0,364.0,1092.0,-0.2048039,-0.0985601,-0.016462035,-0.044793542,0.0024811244,-0.004685046,-0.07434795,-0.040755723,-1.2426432,-0.7518411,0.124742664,-1.5108887,-0.2402306,-0.08276936,0.03295837,-0.10543972,-0.02281152,0.012386188,0.0006232016,0.12579829,0.0006685485,0.0,-0.44392666,0.0006522783,-0.407457,0.0,-0.045566738,0.0,0.0,-0.581401,-0.05289493,0.06571956,-0.06131945,-0.08759302,0.33334446,0.017158287,0.0,0.0,-0.0034289905,0.029181838,0.0,-0.00010564665,1.358814,0.3066474,0.0040877634,-0.24320321,-0.014874189,-0.20451786,-0.14142767,-0.85325444,-0.34199584,-0.033376057,0.0,-0.02225513,11.912147,6.347783
0.2,1.0,0.0,0.0,0.0,0.0,63.0,1.0,42.0,112.0,120.63333333333334,425.0,0.0,0.0,0.0,0.0,0.0,0.0,0.0,0.0,0.0,0.0,1.0,0.0,0.0,0.0,0.0,0.0,0.0,0.0,1.0,0.0,0.0,1.0,8.0,1.0,0.0,0.0,0.0,0.0,0.0,0.0,63.0,12.6,0.0,1.0,0.0,0.0,0.0,94.0,1.2,140.0,140.0,168.0,-0.17905419,-0.09723905,-0.017273748,-0.046390932,0.0027947864,-0.004429591,0.04877233,-0.038109157,-1.3032162,-0.68722093,0.1393558,-1.4994731,-0.24434577,-0.09357529,0.038418557,-0.10403881,-0.023802197,0.013840063,0.0014975836,0.13623069,0.0006887333,0.0,-0.6803131,0.0010750944,-0.40776634,0.0,-0.048593372,0.0,0.0,-0.4667467,-0.03505736,0.06896342,-0.058433384,-0.08457168,0.31406525,0.023790302,0.0,0.0,-0.0011857711,0.059244867,0.0,-0.0004598837,1.308937,0.28564423,0.0069108396,-0.14298344,-0.010672872,-0.17018974,-0.13487977,0.112337746,1.6944523,-0.070640855,0.0,0.14496832,11.912147,9.663469
0.2,1.0,0.0,0.0,0.0,0.0,63.0,1.0,42.0,112.0,120.63333333333334,425.0,0.0,0.0,0.0,0.0,0.0,0.0,0.0,0.0,0.0,0.0,1.0,0.0,0.0,0.0,0.0,0.0,0.0,0.0,1.0,0.0,0.0,1.0,8.0,1.0,0.0,0.0,0.0,0.0,0.0,0.0,63.0,12.6,0.0,1.0,0.0,0.0,0.0,90.0,1.8,140.0,140.0,252.0,-0.20708042,-0.097721644,-0.016819695,-0.045893047,0.0024811244,-0.006495696,-0.048718266,-0.043153204,-1.2523476,-0.7046386,0.15445286,-1.4993103,-0.2557661,-0.091738895,0.037648134,-0.1046662,-0.025782067,0.013596739,0.0011188284,0.1410414,0.0007044425,0.0,-0.59080034,0.00097453734,-0.3962392,0.0,-0.050170653,0.0,0.0,-0.51661825,-0.0766329,0.06347215,-0.060567573,-0.0862921,0.35200825,0.023869697,0.0,0.0,-0.00086794706,0.033599526,0.0,-0.0007798538,1.3997973,0.29673392,0.0063733864,-0.18650244,-0.009275957,-0.1923047,-0.13538651,0.28620148,0.8292027,-0.06378982,0.0,0.06420766,11.912147,8.853268
0.2,1.0,0.0,0.0,0.0,0.0,63.0,1.0,42.0,112.0,120.63333333333334,425.0,0.0,0.0,0.0,0.0,0.0,0.0,0.0,0.0,0.0,0.0,1.0,0.0,0.0,0.0,0.0,0.0,0.0,0.0,1.0,0.0,0.0,1.0,8.0,1.0,0.0,0.0,0.0,0.0,0.0,0.0,63.0,12.6,0.0,1.0,0.0,0.0,0.0,92.0,2.4,140.0,140.0,336.0,-0.1698349,-0.09672213,-0.017167209,-0.045947865,0.0024811244,-0.003912364,0.026595432,-0.039764587,-1.3069947,-0.7439078,0.13328487,-1.4848391,-0.24321285,-0.093907654,0.037512276,-0.104662105,-0.022785136,0.013508231,0.0004700679,0.12953839,0.0004944779,0.0,-0.59453714,0.0010750944,-0.41413018,0.0,-0.05206766,0.0,0.0,-0.54444116,-0.024598153,0.067789026,-0.061713163,-0.08518032,0.30142242,0.023282893,0.0,0.0,-0.0011263692,0.02923516,0.0,-0.0007798538,1.2966352,0.3691126,0.006023682,-0.17244203,-0.008728438,-0.1897963,-0.11649261,0.015672002,0.252587,-0.04578201,0.0,0.16956566,11.912147,8.102957
0.2,1.0,0.0,0.0,0.0,0.0,63.0,1.0,42.0,112.0,120.63333333333334,425.0,0.0,0.0,0.0,0.0,0.0,0.0,0.0,0.0,0.0,0.0,1.0,0.0,0.0,0.0,0.0,0.0,0.0,0.0,1.0,0.0,0.0,1.0,8.0,1.0,0.0,0.0,0.0,0.0,0.0,0.0,63.0,12.6,0.0,1.0,0.0,0.0,0.0,92.0,3.0,140.0,140.0,420.0,-0.18996225,-0.09731653,-0.017040148,-0.0443799,0.0024811244,-0.004711843,-0.14775196,-0.0403702,-1.2981524,-0.74895096,0.128026,-1.4828424,-0.24376005,-0.09485458,0.03689794,-0.105518915,-0.022785151,0.012401577,0.0003192532,0.12972495,0.0004944779,0.0,-0.52180177,0.0009552426,-0.41219595,0.0,-0.0522194,0.0,0.0,-0.54760677,-0.026506651,0.06861672,-0.061816778,-0.085164376,0.33303887,0.02210188,0.0,0.0,-0.0009854529,0.029379778,0.0,-0.00030721852,1.2921486,0.36018056,0.008414433,-0.22717111,-0.0116582,-0.20293747,-0.1032738,-0.063387595,-0.32776675,-0.07062761,0.0,-0.049679473,11.912147,7.0338244
0.2,1.0,0.0,0.0,0.0,0.0,63.0,1.0,42.0,112.0,120.63333333333334,425.0,0.0,0.0,0.0,0.0,0.0,0.0,0.0,0.0,0.0,0.0,1.0,0.0,0.0,0.0,0.0,0.0,0.0,0.0,1.0,0.0,0.0,1.0,8.0,1.0,0.0,0.0,0.0,0.0,0.0,0.0,63.0,12.6,0.0,1.0,0.0,0.0,0.0,29.0,3.0,280.0,280.0,840.0,-0.17327157,-0.096863635,-0.017099936,-0.044089157,0.0024811244,-0.0020000217,-0.06543475,-0.041284513,-1.2247094,-0.77734214,0.14683242,-1.4935303,-0.24604534,-0.091834955,0.03940185,-0.10643611,-0.022509666,0.012845945,0.00059818255,0.1420445,0.0005101871,0.0,-0.54424214,0.001030132,-0.4032143,0.0,-0.054927554,0.0,0.0,-0.57000476,-0.036102675,0.069740154,-0.060959686,-0.08670169,0.36669135,0.022687526,0.0,0.0,-0.0009854529,0.027947353,0.0,-0.00015354203,1.3967234,0.34360498,0.008178482,-0.2054797,-0.012960889,-0.20201057,-0.099179104,0.954883,-0.2052786,-0.032386474,0.0,-0.0132558495,11.912147,8.518058
0.2,1.0,0.0,0.0,0.0,0.0,63.0,1.0,42.0,112.0,120.63333333333334,425.0,0.0,0.0,0.0,0.0,0.0,0.0,0.0,0.0,0.0,0.0,1.0,0.0,0.0,0.0,0.0,0.0,0.0,0.0,1.0,0.0,0.0,1.0,8.0,1.0,0.0,0.0,0.0,0.0,0.0,0.0,63.0,12.6,0.0,1.0,0.0,0.0,1.0,412.0,3.0,392.0,392.0,1176.0,-0.1613957,-0.09993052,-0.016078066,-0.045078404,0.002456139,-0.0019097992,-0.050931238,-0.04016375,-1.2137526,-0.7292677,0.12868604,-1.5006644,-0.23175856,-0.082959354,0.038161844,-0.1054435,-0.021068834,0.013606735,0.0007542445,0.12597266,0.00027692775,0.0,-0.44380608,0.001429196,-0.40893865,0.0,-0.041964453,0.0,0.0,-0.5936402,-0.12827386,0.072036766,-0.06149835,-0.103453875,0.33353677,0.018519137,0.0,0.0,-0.0011440747,0.03133764,0.0,-0.00010564665,1.3669723,0.3358715,0.004388425,-0.17614667,-0.017450737,-0.19599834,0.037940707,0.27358678,-0.29249638,0.051063325,0.0,-0.0561848,11.912147,7.9272428
0.2,1.0,0.0,0.0,0.0,0.0,63.0,1.0,42.0,112.0,120.63333333333334,425.0,0.0,0.0,0.0,0.0,0.0,0.0,0.0,0.0,0.0,0.0,1.0,0.0,0.0,0.0,0.0,0.0,0.0,0.0,1.0,0.0,0.0,1.0,8.0,1.0,0.0,0.0,0.0,0.0,0.0,0.0,63.0,12.6,0.0,1.0,0.0,0.0,1.0,204.0,1.8,392.0,392.0,705.6,-0.20520169,-0.098716035,-0.016107451,-0.045805324,0.002456139,-0.0043447055,-0.0020478591,-0.041351456,-1.2057921,-0.67329764,0.13622113,-1.530016,-0.23599684,-0.08232323,0.03649204,-0.10400398,-0.021769531,0.014993898,0.0015017692,0.13120392,0.0006348401,0.0,-0.5930088,0.0014326138,-0.40370777,0.0,-0.04147729,0.0,0.0,-0.5474963,-0.12088127,0.06874881,-0.06038923,-0.102667905,0.3029987,0.019679608,0.0,0.0,-0.0009046723,0.04983182,0.0,-0.00019046164,1.3641316,0.3331994,0.0064604226,-0.16169922,-0.016990494,-0.17026852,0.10637318,-0.43702266,1.5431607,0.062516205,0.0,-0.0051154573,11.912147,9.165586
0.2,1.0,0.0,0.0,0.0,0.0,63.0,1.0,42.0,112.0,120.63333333333334,425.0,0.0,0.0,0.0,0.0,0.0,0.0,0.0,0.0,0.0,0.0,1.0,0.0,0.0,0.0,0.0,0.0,0.0,0.0,1.0,0.0,0.0,1.0,8.0,1.0,0.0,0.0,0.0,0.0,0.0,0.0,63.0,12.6,0.0,1.0,0.0,0.0,1.0,2432.0,3.0,392.0,392.0,1176.0,-0.29815266,-0.10294684,-0.016594276,-0.045202937,0.002456139,-0.001970276,-0.08002897,-0.039342325,-1.2469099,-0.7344521,0.12387848,-1.499986,-0.23354271,-0.08300717,0.034819476,-0.106272876,-0.021045843,0.011976124,-0.00075590704,0.12518339,0.00064910954,0.0,-0.47975326,0.001429196,-0.4090648,0.0,-0.042535197,0.0,0.0,-0.624145,-0.13731901,0.071864605,-0.06589118,-0.09863709,0.31503242,0.017407224,0.0,0.0,-0.001485408,0.028971655,0.0,-9.796354e-05,1.390581,0.33052677,0.005942486,-0.20704326,-0.025951756,-0.20354864,0.05523729,-1.0613894,-0.36436632,0.0066536013,0.0,-0.04246611,11.912147,6.1608562
0.2,1.0,0.0,0.0,0.0,0.0,63.0,1.0,42.0,112.0,120.63333333333334,425.0,0.0,0.0,0.0,0.0,0.0,0.0,0.0,0.0,0.0,0.0,1.0,0.0,0.0,0.0,0.0,0.0,0.0,0.0,1.0,0.0,0.0,1.0,8.0,1.0,0.0,0.0,0.0,0.0,0.0,0.0,63.0,12.6,0.0,1.0,0.0,0.0,1.0,1467.0,3.0,1120.0,1120.0,3360.0,-0.23512502,-0.14658557,-0.016194724,-0.045693092,0.002456139,-0.0019680036,-0.08040208,-0.040211726,-1.2439291,-0.7297045,0.12851833,-1.5005975,-0.23226069,-0.0828184,0.03514541,-0.10559733,-0.021914078,0.013089584,0.00075657456,0.1253995,0.00064367906,0.0,-0.47887808,0.001429196,-0.40718606,0.0,-0.038045064,0.0,0.0,-0.58785874,-0.12541373,0.07291503,-0.06164951,-0.097568244,0.32167244,0.016559122,0.0,0.0,-0.0010305269,0.029165795,0.0,-0.00010564665,1.3991729,0.31131196,0.00648161,-0.17757434,-0.018279139,-0.19875017,0.06418488,-0.1463967,-0.3161317,0.094878234,0.0,-0.05944676,11.912147,7.3386126
0.2,1.0,0.0,0.0,0.0,0.0,63.0,1.0,42.0,112.0,120.63333333333334,425.0,0.0,0.0,0.0,0.0,0.0,0.0,0.0,0.0,0.0,0.0,1.0,0.0,0.0,0.0,0.0,0.0,0.0,0.0,1.0,0.0,0.0,1.0,8.0,1.0,0.0,0.0,0.0,0.0,0.0,0.0,63.0,12.6,0.0,1.0,0.0,0.0,1.0,349.0,3.0,476.0,476.0,1428.0,-0.19404241,-0.10448783,-0.016252762,-0.04741501,0.002456139,-0.0030176858,-0.13616318,-0.039663136,-1.2086415,-0.73896116,0.12496265,-1.4864622,-0.23250549,-0.08277358,0.034319643,-0.10565041,-0.02267753,0.0130881565,0.0005253461,0.12444068,0.0006272776,0.0,-0.40692955,0.0014326138,-0.4095153,0.0,-0.039851394,0.0,0.0,-0.6028517,-0.11985683,0.071936004,-0.06174389,-0.09836422,0.32456928,0.019328037,0.0,0.0,-0.0012294579,0.028670503,0.0,-0.00010564665,1.3667393,0.33862203,0.004325459,-0.2310636,-0.018023672,-0.19978568,0.048376776,-0.9299627,-0.3878352,0.08316066,0.0,-0.07141787,11.912147,6.5024815
0.2,1.0,0.0,0.0,0.0,0.0,63.0,1.0,42.0,112.0,120.63333333333334,425.0,0.0,0.0,0.0,0.0,0.0,0.0,0.0,0.0,0.0,0.0,1.0,0.0,0.0,0.0,0.0,0.0,0.0,0.0,1.0,0.0,0.0,1.0,8.0,1.0,0.0,0.0,0.0,0.0,0.0,0.0,63.0,12.6,1.0,0.0,0.0,0.0,1.0,175.0,3.0,224.0,224.0,672.0,-0.1890608,-0.09703175,-0.016313413,-0.055068567,0.002456139,-0.0022444308,-0.04629355,-0.04122088,-1.2765104,-0.73934656,0.12733413,-1.4442765,-0.23640458,-0.08289342,0.03452319,-0.10289738,-0.022417117,0.012596222,0.0005213481,0.1277407,0.00050742493,0.0,-0.45855862,0.002340194,-0.41712704,0.0,-0.04510846,0.0,0.0,-0.58034825,-0.14038588,0.0661851,-0.062158167,-0.103135586,0.32875094,0.01925447,0.0,0.0,-0.0011453335,0.030611563,0.0,-0.000103304505,1.3387343,0.35656732,-0.056735065,0.6941059,-0.025938004,-0.2241586,0.06582242,-0.8020654,-0.30889997,-0.014936253,0.0,-0.014928419,11.912147,7.5124907
0.2,1.0,0.0,0.0,0.0,0.0,63.0,1.0,42.0,112.0,120.63333333333334,425.0,0.0,0.0,0.0,0.0,0.0,0.0,0.0,0.0,0.0,0.0,1.0,0.0,0.0,0.0,0.0,0.0,0.0,0.0,1.0,0.0,0.0,1.0,8.0,1.0,0.0,0.0,0.0,0.0,0.0,0.0,63.0,12.6,0.0,0.0,1.0,0.0,1.0,125.0,3.0,392.0,392.0,1176.0,-0.2079182,-0.10028154,-0.015964359,-0.052237544,0.0023853248,-0.002248206,-0.15581328,-0.04013043,-1.3280416,-0.7337749,0.12816298,-1.4879311,-0.23612241,-0.082288116,0.034227084,-0.10317643,-0.022894323,0.012600835,0.0005831564,0.12528071,0.00066709425,0.0,-0.4374022,0.0025177961,-0.41738224,0.0,-0.045599584,0.0,0.0,-0.5840099,-0.09780329,0.066530034,-0.061686564,-0.092826575,0.32127854,0.022450682,0.0,0.0,-0.0011058643,0.031755846,0.0,-8.973238e-05,1.4059514,0.38461792,0.031662907,0.7874936,0.21703885,-0.21931724,0.10103874,-0.57458556,-0.2944706,0.025695479,0.0,-0.043403074,11.912147,8.175579
0.2,1.0,0.0,0.0,0.0,0.0,63.0,1.0,42.0,112.0,120.63333333333334,425.0,0.0,0.0,0.0,0.0,0.0,0.0,0.0,0.0,0.0,0.0,1.0,0.0,0.0,0.0,0.0,0.0,0.0,0.0,1.0,0.0,0.0,1.0,8.0,1.0,0.0,0.0,0.0,0.0,0.0,0.0,63.0,12.6,0.0,0.0,0.0,1.0,1.0,17.0,3.0,364.0,364.0,1092.0,-0.26473644,-0.08135949,-0.01732583,-0.032923013,0.0032223703,-0.0014229612,0.043408647,-0.03515727,-1.2835718,-0.82724893,0.14918682,-1.4603804,-0.24709801,-0.09069979,0.041218914,-0.08987228,-0.0250734,0.012242682,0.0010195056,0.1375471,0.00069957215,0.0,-0.8399661,0.0028848425,-0.40916115,0.0,-0.060157083,0.0,0.0,-0.52251637,-0.07294042,0.05558621,-0.05927382,-0.089302294,0.35204217,0.022458792,0.0,0.0,-0.00052063825,0.026564624,0.0,-0.000100454046,1.3953705,0.32924947,0.011379068,0.37188673,-0.016928766,1.0827724,0.020865897,-0.30165276,-0.19100687,-0.047419127,0.0,-0.0072192037,11.912147,8.896713
0.2,1.0,0.0,0.0,0.0,0.0,63.0,1.0,42.0,112.0,120.63333333333334,425.0,0.0,0.0,0.0,0.0,0.0,0.0,0.0,0.0,0.0,0.0,1.0,0.0,0.0,0.0,0.0,0.0,0.0,0.0,1.0,0.0,0.0,1.0,8.0,1.0,0.0,0.0,0.0,0.0,0.0,0.0,63.0,12.6,0.0,0.0,0.0,1.0,1.0,14.0,3.0,364.0,364.0,1092.0,-0.19324343,-0.09001295,-0.016845578,-0.028208256,0.0032223703,-0.0014309628,0.25890955,-0.03203613,-1.3379962,-0.81328404,0.13535982,-1.5097853,-0.21801686,-0.06502197,0.057080638,-0.08491565,-0.022881897,0.020545768,0.011641998,0.15576205,0.012034114,0.0,-1.0925689,0.0024905193,-0.4020741,0.0,-0.05536328,0.0,0.0,-0.50880295,-0.07768628,0.059710685,-0.05927382,-0.087719746,0.3297887,0.022791028,0.0,0.0,-0.00052063825,0.0875101,0.0,-0.000100454046,1.2916337,0.40704212,0.012506351,0.65686667,-0.017615981,1.0988126,0.015689313,3.5353017,-0.1336774,-0.016676875,0.0,0.0005083715,11.912147,13.221591
0.2,1.0,0.0,0.0,0.0,0.0,63.0,1.0,42.0,112.0,120.63333333333334,425.0,0.0,0.0,0.0,0.0,0.0,0.0,0.0,0.0,0.0,0.0,1.0,0.0,0.0,0.0,0.0,0.0,0.0,0.0,1.0,0.0,0.0,1.0,8.0,1.0,0.0,0.0,0.0,0.0,0.0,0.0,63.0,12.6,0.0,0.0,0.0,1.0,1.0,31.0,3.0,364.0,364.0,1092.0,-0.21773206,-0.09154532,-0.017674226,-0.024797121,0.005205688,-0.0020401345,0.024437444,-0.035094146,-1.2246547,-0.80060333,0.15748025,-1.5054138,-0.24225673,-0.09244622,0.040841546,-0.09268491,-0.02302529,0.013402576,0.0006628259,0.14170206,0.00071187667,0.0,-0.79099333,0.0023480582,-0.4040303,0.0,-0.056739796,0.0,0.0,-0.52889216,-0.050301768,0.056996696,-0.059021935,-0.08934182,0.34981787,0.024692938,0.0,0.0,-0.00041563046,0.02910852,0.0,-0.00014733688,1.4188143,0.34801695,0.033136692,0.73052067,-0.018606374,1.2355405,0.05043437,1.1806504,-0.17566517,-0.03417845,0.0,0.010856783,11.912147,11.189219
0.2,1.0,0.0,0.0,0.0,0.0,63.0,1.0,42.0,112.0,120.63333333333334,425.0,0.0,0.0,0.0,0.0,0.0,0.0,0.0,0.0,0.0,0.0,1.0,0.0,0.0,0.0,0.0,0.0,0.0,0.0,1.0,0.0,0.0,1.0,8.0,1.0,0.0,0.0,0.0,0.0,0.0,0.0,63.0,12.6,0.0,1.0,0.0,0.0,1.0,194.0,3.0,392.0,392.0,1176.0,-0.2295802,-0.10044764,-0.016784744,-0.04518142,0.002456139,-0.005892103,-0.04418946,-0.040436897,-1.2291657,-0.735294,0.12469063,-1.5057515,-0.23672864,-0.08303897,0.03437227,-0.10597031,-0.023573263,0.012390338,-0.0019947218,0.12533423,0.00064009376,0.0,-0.4795403,0.0014326138,-0.40923163,0.0,-0.043628126,0.0,0.0,-0.6028134,-0.1110394,0.06837659,-0.06134717,-0.10287159,0.32545188,0.017801056,0.0,0.0,-0.0013562193,0.02917583,0.0,-0.00010564665,1.3781993,0.3385,0.0014570828,-0.26050797,-0.023765977,-0.20521943,0.018828591,-1.5696061,-0.3991423,-0.02938021,0.0,-0.0930186,11.912147,5.594655
0.2,1.0,0.0,0.0,0.0,0.0,63.0,1.0,42.0,112.0,120.63333333333334,425.0,0.0,0.0,0.0,0.0,0.0,0.0,0.0,0.0,0.0,0.0,1.0,0.0,0.0,0.0,0.0,0.0,0.0,0.0,1.0,0.0,0.0,1.0,8.0,1.0,0.0,0.0,0.0,0.0,0.0,0.0,63.0,12.6,0.0,1.0,0.0,0.0,1.0,117.0,3.0,476.0,476.0,1428.0,-0.18151502,-0.10064923,-0.016209818,-0.04593007,0.002456139,-0.004689143,-0.10163683,-0.04001543,-1.2379001,-0.758202,0.12511894,-1.4994311,-0.23679799,-0.08283649,0.03275031,-0.10593255,-0.02350236,0.01203221,0.0005782112,0.12561356,0.00063253124,0.0,-0.3950468,0.0014326138,-0.40920278,0.0,-0.04130888,0.0,0.0,-0.5832222,-0.115691714,0.06718745,-0.061677672,-0.097382106,0.3319522,0.01746367,0.0,0.0,-0.0012213896,0.029220195,0.0,-0.00010564665,1.3525109,0.3431152,0.0040423395,-0.2388181,-0.022461552,-0.20181933,0.086557366,-0.63867307,-0.34628856,0.22672236,0.0,-0.07857234,11.912147,7.0047975
0.2,1.0,0.0,0.0,0.0,0.0,63.0,1.0,42.0,112.0,120.63333333333334,425.0,0.0,0.0,0.0,0.0,0.0,0.0,0.0,0.0,0.0,0.0,1.0,0.0,0.0,0.0,0.0,0.0,0.0,0.0,1.0,0.0,0.0,1.0,8.0,1.0,0.0,0.0,0.0,0.0,0.0,0.0,63.0,12.6,0.0,1.0,0.0,0.0,0.0,19.0,3.0,112.0,112.0,336.0,-0.24282356,-0.09666694,-0.015615478,-0.046206336,0.0024071832,-0.0015920227,-0.1714785,-0.04089374,-1.2231466,-0.77564704,0.14187242,-1.5019796,-0.24575073,-0.09110752,0.038568802,-0.104096584,-0.022591589,0.013616657,0.0030590317,0.1431798,0.0004978826,0.0,-0.6196313,0.0010147194,-0.40240306,0.0,-0.05394052,0.0,0.0,-0.5608467,-0.046575774,0.06907755,-0.06091623,-0.08564528,0.35728693,0.023430051,0.0,0.0,-0.0007805109,0.028887467,0.0,-0.00015354203,1.3848011,0.2705719,0.009616243,-0.1716313,-0.011018825,-0.19393738,-0.060212143,1.2547657,-0.16626942,0.26755026,0.0,0.16683497,11.912147,9.0756235
0.2,1.0,0.0,0.0,0.0,0.0,63.0,1.0,42.0,112.0,120.63333333333334,425.0,0.0,0.0,0.0,0.0,0.0,0.0,0.0,0.0,0.0,0.0,1.0,0.0,0.0,0.0,0.0,0.0,0.0,0.0,1.0,0.0,0.0,1.0,8.0,1.0,0.0,0.0,0.0,0.0,0.0,0.0,63.0,12.6,0.0,1.0,0.0,0.0,0.0,108.0,3.0,182.0,182.0,546.0,-0.2031437,-0.09812376,-0.017133316,-0.046333265,0.0024811244,-0.004712069,-0.15398297,-0.041456215,-1.2360361,-0.7527054,0.12372026,-1.5023283,-0.24016838,-0.08387011,0.032943115,-0.10556861,-0.023434963,0.012227218,0.00042474165,0.12531635,0.0004944779,0.0,-0.45053962,0.0009552426,-0.4067244,0.0,-0.04514557,0.0,0.0,-0.58218706,-0.05113593,0.06727494,-0.061089408,-0.08775833,0.3369682,0.01716922,0.0,0.0,-0.0032381117,0.029379778,0.0,-0.00017968778,1.3552543,0.30479163,0.008747325,-0.23722056,-0.010991916,-0.20382647,-0.1665841,-0.845194,-0.34115478,-0.2638219,0.0,-0.056299474,11.912147,6.0082088
0.4,1.0,0.0,0.0,0.0,0.0,63.0,1.0,42.0,112.0,120.63333333333334,425.0,0.0,0.0,0.0,0.0,0.0,0.0,0.0,0.0,0.0,0.0,1.0,0.0,0.0,0.0,0.0,0.0,0.0,0.0,1.0,0.0,0.0,1.0,8.0,1.0,0.0,0.0,0.0,0.0,0.0,0.0,63.0,25.200000000000003,0.0,1.0,0.0,0.0,0.0,96.0,3.0,364.0,364.0,1092.0,1.3560826,-0.089990176,-0.01309615,-0.044634935,0.0024811244,-0.004662482,-0.18225935,-0.040755723,-1.2490815,-0.7542228,0.12477102,-1.6608896,-0.23993422,-0.08271966,0.032438774,-0.10131187,-0.022834754,0.013098957,0.0005854935,0.125988,0.00068405643,0.0,-0.43255982,0.0008307442,-0.4078703,0.0,-0.04557749,0.0,0.0,-0.5722543,-0.062917575,0.06548598,-0.06131945,-0.08756393,0.33552897,0.016087472,0.0,0.0,-0.0034200237,0.029175293,0.0,-0.00010564665,0.051050726,0.29098606,0.003143381,-0.24102798,-0.014828885,-0.2010232,-0.13971247,-0.85457015,-0.33338195,-0.022461247,0.0,-0.022463914,11.912147,6.3711147
0.4,1.0,0.0,0.0,0.0,0.0,63.0,1.0,42.0,112.0,120.63333333333334,425.0,0.0,0.0,0.0,0.0,0.0,0.0,0.0,0.0,0.0,0.0,1.0,0.0,0.0,0.0,0.0,0.0,0.0,0.0,1.0,0.0,0.0,1.0,8.0,1.0,0.0,0.0,0.0,0.0,0.0,0.0,63.0,25.200000000000003,0.0,1.0,0.0,0.0,0.0,94.0,1.2,140.0,140.0,168.0,1.3022709,-0.08866912,-0.012960893,-0.045828205,0.0027947864,-0.0042376732,-0.0763312,-0.038109157,-1.3104733,-0.6875941,0.13938415,-1.6397829,-0.24384528,-0.093525596,0.03526384,-0.09986482,-0.02382623,0.014295153,0.0014753607,0.13642043,0.00070424133,0.0,-0.6893226,0.0010842568,-0.4102319,0.0,-0.04860497,0.0,0.0,-0.45501712,-0.035690427,0.06872985,-0.058433384,-0.084560595,0.31633383,0.021168562,0.0,0.0,-0.0011768041,0.059238322,0.0,-0.0004598837,0.029494265,0.27012438,0.005283291,-0.138959,-0.010290093,-0.16699241,-0.13417387,0.06557781,1.6580297,-0.051249754,0.0,0.14869757,11.912147,9.538303
0.4,1.0,0.0,0.0,0.0,0.0,63.0,1.0,42.0,112.0,120.63333333333334,425.0,0.0,0.0,0.0,0.0,0.0,0.0,0.0,0.0,0.0,0.0,1.0,0.0,0.0,0.0,0.0,0.0,0.0,0.0,1.0,0.0,0.0,1.0,8.0,1.0,0.0,0.0,0.0,0.0,0.0,0.0,63.0,25.200000000000003,0.0,1.0,0.0,0.0,0.0,90.0,1.8,140.0,140.0,252.0,1.3183671,-0.08915172,-0.012876733,-0.04533032,0.0024811244,-0.0045818645,-0.17644338,-0.043153204,-1.2623167,-0.70506424,0.15448122,-1.636503,-0.2522513,-0.0916892,0.03449341,-0.09935011,-0.025806101,0.014051829,0.0010966056,0.14123113,0.0007199504,0.0,-0.6020682,0.0009836996,-0.39870474,0.0,-0.05018225,0.0,0.0,-0.50488865,-0.07726597,0.063238576,-0.060567573,-0.08628102,0.3542493,0.021292396,0.0,0.0,-0.00085898006,0.03359298,0.0,-0.0007798538,0.09736699,0.28138095,0.004230458,-0.18228441,-0.008887676,-0.18835415,-0.13468064,0.26990175,0.83322585,-0.04548002,0.0,0.11599019,11.912147,8.868719
0.4,1.0,0.0,0.0,0.0,0.0,63.0,1.0,42.0,112.0,120.63333333333334,425.0,0.0,0.0,0.0,0.0,0.0,0.0,0.0,0.0,0.0,0.0,1.0,0.0,0.0,0.0,0.0,0.0,0.0,0.0,1.0,0.0,0.0,1.0,8.0,1.0,0.0,0.0,0.0,0.0,0.0,0.0,63.0,25.200000000000003,0.0,1.0,0.0,0.0,0.0,92.0,2.4,140.0,140.0,336.0,1.3098539,-0.08815221,-0.01322425,-0.045385137,0.0024811244,-0.0038898003,-0.10777816,-0.039764587,-1.2991635,-0.7445191,0.13331322,-1.6252899,-0.24291646,-0.09385796,0.034357555,-0.100540675,-0.02280837,0.01403417,0.00044784497,0.12972812,0.00050998596,0.0,-0.6081849,0.0010842568,-0.41660017,0.0,-0.052078407,0.0,0.0,-0.5291625,-0.02523122,0.06755546,-0.061713163,-0.08516923,0.30357936,0.020661153,0.0,0.0,-0.0011174022,0.029228615,0.0,-0.0007798538,0.01584511,0.3534282,0.0043096435,-0.16829498,-0.008278347,-0.18584575,-0.114892125,-0.031847756,0.20766887,-0.029612737,0.0,0.18745843,11.912147,7.981594
0.4,1.0,0.0,0.0,0.0,0.0,63.0,1.0,42.0,112.0,120.63333333333334,425.0,0.0,0.0,0.0,0.0,0.0,0.0,0.0,0.0,0.0,0.0,1.0,0.0,0.0,0.0,0.0,0.0,0.0,0.0,1.0,0.0,0.0,1.0,8.0,1.0,0.0,0.0,0.0,0.0,0.0,0.0,63.0,25.200000000000003,0.0,1.0,0.0,0.0,0.0,92.0,3.0,140.0,140.0,420.0,1.32201,-0.08874661,-0.013097193,-0.043817174,0.0024811244,-0.004689279,-0.29508567,-0.0403702,-1.2902426,-0.7495166,0.12805435,-1.6263132,-0.24346367,-0.09480488,0.033743218,-0.10139749,-0.022808384,0.012927515,0.0002815451,0.12991467,0.00050998596,0.0,-0.50715554,0.0009644049,-0.41466594,0.0,-0.052230146,0.0,0.0,-0.5323281,-0.027139716,0.06838314,-0.061816778,-0.08515329,0.33519584,0.020227266,0.0,0.0,-0.00097648596,0.029373232,0.0,-0.00030721852,0.0113590285,0.34485206,0.0069776946,-0.22360215,-0.011944619,-0.19896695,-0.10256845,-0.1183882,-0.32000178,-0.058462266,0.0,-0.05027707,11.912147,6.9790645
0.4,1.0,0.0,0.0,0.0,0.0,63.0,1.0,42.0,112.0,120.63333333333334,425.0,0.0,0.0,0.0,0.0,0.0,0.0,0.0,0.0,0.0,0.0,1.0,0.0,0.0,0.0,0.0,0.0,0.0,0.0,1.0,0.0,0.0,1.0,8.0,1.0,0.0,0.0,0.0,0.0,0.0,0.0,63.0,25.200000000000003,0.0,1.0,0.0,0.0,0.0,29.0,3.0,280.0,280.0,840.0,1.3362651,-0.08829371,-0.013156975,-0.04352643,0.0024811244,-0.0019023854,-0.19855249,-0.041284513,-1.2275954,-0.7777809,0.14686078,-1.6122737,-0.24486123,-0.09178526,0.036247127,-0.10116617,-0.022532899,0.013371883,0.00051303883,0.14223424,0.00052569504,0.0,-0.61783284,0.0010392943,-0.4056843,0.0,-0.054938305,0.0,0.0,-0.5599321,-0.036735743,0.069506586,-0.060959686,-0.08669059,0.36884832,0.020857355,0.0,0.0,-0.00097648596,0.027940808,0.0,-0.00015354203,0.08756751,0.32789597,0.003879633,-0.194393,-0.013247309,-0.19777986,-0.09847375,0.96474934,-0.19243118,-0.085649,0.0,-0.01544832,11.912147,8.376899
0.4,1.0,0.0,0.0,0.0,0.0,63.0,1.0,42.0,112.0,120.63333333333334,425.0,0.0,0.0,0.0,0.0,0.0,0.0,0.0,0.0,0.0,0.0,1.0,0.0,0.0,0.0,0.0,0.0,0.0,0.0,1.0,0.0,0.0,1.0,8.0,1.0,0.0,0.0,0.0,0.0,0.0,0.0,63.0,25.200000000000003,0.0,1.0,0.0,0.0,1.0,412.0,3.0,392.0,392.0,1176.0,1.3657473,-0.09135659,-0.01271218,-0.044919796,0.002456139,-0.0018886119,-0.15346444,-0.04016375,-1.2341048,-0.73058134,0.12864643,-1.6525651,-0.23141848,-0.08290966,0.037642248,-0.101312846,-0.021092067,0.014135595,0.0007165364,0.1261624,0.000254044,0.0,-0.46575522,0.0014383583,-0.40935194,0.0,-0.04268753,0.0,0.0,-0.5844935,-0.1289405,0.072130576,-0.06149835,-0.103373736,0.3348347,0.017448323,0.0,0.0,-0.0011351077,0.031110508,0.0,-0.00010564665,0.059209164,0.32277274,0.003371482,-0.17366348,-0.017295893,-0.19217086,0.037370108,0.24155045,-0.28438342,0.063024014,0.0,-0.059343018,11.912147,7.8494854
0.4,1.0,0.0,0.0,0.0,0.0,63.0,1.0,42.0,112.0,120.63333333333334,425.0,0.0,0.0,0.0,0.0,0.0,0.0,0.0,0.0,0.0,0.0,1.0,0.0,0.0,0.0,0.0,0.0,0.0,0.0,1.0,0.0,0.0,1.0,8.0,1.0,0.0,0.0,0.0,0.0,0.0,0.0,63.0,25.200000000000003,0.0,1.0,0.0,0.0,1.0,204.0,1.8,392.0,392.0,705.6,1.3264701,-0.09014211,-0.012741567,-0.045646716,0.002456139,-0.004154165,-0.07319869,-0.041351456,-1.2363904,-0.6734556,0.13618152,-1.6763644,-0.23537655,-0.082273535,0.035972442,-0.09982719,-0.021793565,0.015451911,0.0014795463,0.13139364,0.00061195635,0.0,-0.60861593,0.0014417762,-0.40411663,0.0,-0.04148889,0.0,0.0,-0.54189867,-0.1215479,0.06884057,-0.06038923,-0.10258777,0.30464783,0.018608794,0.0,0.0,-0.0008957054,0.049825273,0.0,-0.00019046164,0.057344936,0.32007623,0.0052105887,-0.15901221,-0.016320832,-0.16646104,0.104859665,-0.39255467,1.4811162,0.075015515,0.0,-0.002344435,11.912147,9.13801
0.4,1.0,0.0,0.0,0.0,0.0,63.0,1.0,42.0,112.0,120.63333333333334,425.0,0.0,0.0,0.0,0.0,0.0,0.0,0.0,0.0,0.0,0.0,1.0,0.0,0.0,0.0,0.0,0.0,0.0,0.0,1.0,0.0,0.0,1.0,8.0,1.0,0.0,0.0,0.0,0.0,0.0,0.0,63.0,25.200000000000003,0.0,1.0,0.0,0.0,1.0,2432.0,3.0,392.0,392.0,1176.0,1.3253568,-0.09437291,-0.013221927,-0.04504433,0.002456139,-0.0019490888,-0.18899259,-0.039342325,-1.251305,-0.73617387,0.12383888,-1.6523471,-0.23259105,-0.08295748,0.03444052,-0.10214222,-0.021062871,0.012504985,-0.0006784471,0.12537313,0.0006262258,0.0,-0.42621115,0.0014383583,-0.4094781,0.0,-0.042545952,0.0,0.0,-0.61499834,-0.15010734,0.07183757,-0.06589118,-0.09855695,0.31683296,0.01633641,0.0,0.0,-0.0012954455,0.02896511,0.0,-9.796354e-05,0.08174278,0.31996873,0.0049255434,-0.20456009,-0.025799835,-0.20030104,0.0697225,-0.9945188,-0.35664362,0.018123668,0.0,-0.04559148,11.912147,6.367866
0.4,1.0,0.0,0.0,0.0,0.0,63.0,1.0,42.0,112.0,120.63333333333334,425.0,0.0,0.0,0.0,0.0,0.0,0.0,0.0,0.0,0.0,0.0,1.0,0.0,0.0,0.0,0.0,0.0,0.0,0.0,1.0,0.0,0.0,1.0,8.0,1.0,0.0,0.0,0.0,0.0,0.0,0.0,63.0,25.200000000000003,0.0,1.0,0.0,0.0,1.0,1467.0,3.0,1120.0,1120.0,3360.0,1.3908578,-0.13693076,-0.01282884,-0.045534484,0.002456139,-0.0019468163,-0.18346158,-0.040211726,-1.2456615,-0.7311312,0.12847872,-1.657268,-0.2319206,-0.0827687,0.034625806,-0.10146667,-0.02197022,0.013618445,0.0007188665,0.12558922,0.00063981017,0.0,-0.42338228,0.0014383583,-0.40759936,0.0,-0.038807575,0.0,0.0,-0.5787121,-0.12226716,0.072887994,-0.06164951,-0.09637046,0.32297036,0.015488308,0.0,0.0,-0.0010215599,0.02915925,0.0,-0.00010564665,0.08999773,0.30590153,0.005344921,-0.17510352,-0.018423881,-0.19468819,0.06357287,-0.10054173,-0.30185378,0.1242765,0.0,-0.060365885,11.912147,7.566179
0.4,1.0,0.0,0.0,0.0,0.0,63.0,1.0,42.0,112.0,120.63333333333334,425.0,0.0,0.0,0.0,0.0,0.0,0.0,0.0,0.0,0.0,0.0,1.0,0.0,0.0,0.0,0.0,0.0,0.0,0.0,1.0,0.0,0.0,1.0,8.0,1.0,0.0,0.0,0.0,0.0,0.0,0.0,63.0,25.200000000000003,0.0,1.0,0.0,0.0,1.0,349.0,3.0,476.0,476.0,1428.0,1.3242279,-0.09483301,-0.012886878,-0.047256403,0.002456139,-0.0029964987,-0.23045343,-0.039663136,-1.2093598,-0.73936826,0.12492305,-1.6396757,-0.2320893,-0.082723886,0.033800047,-0.101519756,-0.022733672,0.013617017,0.00048763803,0.12463039,0.00060439383,0.0,-0.43563497,0.0014417762,-0.4099286,0.0,-0.039862145,0.0,0.0,-0.593705,-0.11671025,0.07202777,-0.06174389,-0.097166434,0.32609728,0.018257223,0.0,0.0,-0.0012204909,0.028663957,0.0,-0.00010564665,0.058975894,0.33274943,0.0033085148,-0.22802,-0.018068008,-0.19572368,0.04776476,-0.89464337,-0.37971923,0.016826434,0.0,-0.07248357,11.912147,6.4427166
0.4,1.0,0.0,0.0,0.0,0.0,63.0,1.0,42.0,112.0,120.63333333333334,425.0,0.0,0.0,0.0,0.0,0.0,0.0,0.0,0.0,0.0,0.0,1.0,0.0,0.0,0.0,0.0,0.0,0.0,0.0,1.0,0.0,0.0,1.0,8.0,1.0,0.0,0.0,0.0,0.0,0.0,0.0,63.0,25.200000000000003,1.0,0.0,0.0,0.0,1.0,175.0,3.0,224.0,224.0,672.0,1.3566188,-0.08845782,-0.012887634,-0.05490996,0.002456139,-0.0022218672,-0.1359629,-0.04122088,-1.2957923,-0.7398252,0.12735866,-1.5934725,-0.2360321,-0.08284372,0.035465144,-0.09876758,-0.022440065,0.012977501,0.00049994956,0.12793042,0.0005229329,0.0,-0.45611638,0.0023493564,-0.41757873,0.0,-0.044399917,0.0,0.0,-0.57476044,-0.14105251,0.06626227,-0.062158167,-0.10305545,0.33090466,0.018735025,0.0,0.0,-0.0011363665,0.030605018,0.0,-0.000103304505,0.07026489,0.33780015,-0.022183973,0.7016226,-0.025653059,-0.21794759,0.065178655,-0.7857218,-0.3006841,-0.073601,0.0,-0.013272945,11.912147,7.5554433
0.4,1.0,0.0,0.0,0.0,0.0,63.0,1.0,42.0,112.0,120.63333333333334,425.0,0.0,0.0,0.0,0.0,0.0,0.0,0.0,0.0,0.0,0.0,1.0,0.0,0.0,0.0,0.0,0.0,0.0,0.0,1.0,0.0,0.0,1.0,8.0,1.0,0.0,0.0,0.0,0.0,0.0,0.0,63.0,25.200000000000003,0.0,0.0,1.0,0.0,1.0,125.0,3.0,392.0,392.0,1176.0,1.3558686,-0.09170761,-0.012538082,-0.052078936,0.0023853248,-0.0022256423,-0.24788511,-0.04013043,-1.3391336,-0.73424244,0.1281849,-1.6294327,-0.23582603,-0.08223842,0.033632267,-0.099046625,-0.02291727,0.012979194,0.00056175794,0.12547043,0.00068260217,0.0,-0.43009436,0.0025269585,-0.41783392,0.0,-0.04561033,0.0,0.0,-0.5741033,-0.098469906,0.066322416,-0.061686564,-0.09274644,0.32322884,0.021701865,0.0,0.0,-0.0010968973,0.0317493,0.0,-8.973238e-05,0.09784891,0.36087236,0.02464921,0.779959,0.21808706,-0.2119479,0.10045923,-0.5610692,-0.28327486,0.03561824,0.0,-0.04757289,11.912147,8.219936
0.4,1.0,0.0,0.0,0.0,0.0,63.0,1.0,42.0,112.0,120.63333333333334,425.0,0.0,0.0,0.0,0.0,0.0,0.0,0.0,0.0,0.0,0.0,1.0,0.0,0.0,0.0,0.0,0.0,0.0,0.0,1.0,0.0,0.0,1.0,8.0,1.0,0.0,0.0,0.0,0.0,0.0,0.0,63.0,25.200000000000003,0.0,0.0,0.0,1.0,1.0,17.0,3.0,364.0,364.0,1092.0,1.3892958,-0.07177119,-0.014591413,-0.03298291,0.0032223703,-0.0013253249,-0.09331885,-0.03515727,-1.3052579,-0.8281627,0.14909805,-1.5676824,-0.24591391,-0.0906501,0.037988972,-0.08672915,-0.025109349,0.012624927,0.0008090162,0.13773684,0.00071508007,0.0,-0.7577646,0.0028940048,-0.41166952,0.0,-0.060157716,0.0,0.0,-0.5121372,-0.07358051,0.05536245,-0.05927382,-0.08927985,0.35325515,0.02117999,0.0,0.0,-0.00051167136,0.026558079,0.0,-0.000100454046,0.15095602,0.27201128,0.0061249174,0.35437226,-0.016498838,1.0602186,0.019567138,-0.2016072,-0.17060488,-0.04117193,0.0,-0.01072146,11.912147,9.162404
0.4,1.0,0.0,0.0,0.0,0.0,63.0,1.0,42.0,112.0,120.63333333333334,425.0,0.0,0.0,0.0,0.0,0.0,0.0,0.0,0.0,0.0,0.0,1.0,0.0,0.0,0.0,0.0,0.0,0.0,0.0,1.0,0.0,0.0,1.0,8.0,1.0,0.0,0.0,0.0,0.0,0.0,0.0,63.0,25.200000000000003,0.0,0.0,0.0,1.0,1.0,14.0,3.0,364.0,364.0,1092.0,1.2182153,-0.079395734,-0.014131741,-0.027645526,0.0032223703,-0.0013333265,0.124171205,-0.03203613,-1.3524915,-0.8100704,0.135441,-1.6496065,-0.21686614,-0.063295834,0.052236475,-0.083456434,-0.022917846,0.02367703,0.011478943,0.15923989,0.012541332,0.0,-1.0260555,0.0024996817,-0.40458667,0.0,-0.05537403,0.0,0.0,-0.49050868,-0.09006878,0.059486926,-0.05927382,-0.087697305,0.3446,0.021512227,0.0,0.0,-0.00051167136,0.08750356,0.0,-0.000100454046,0.17168339,0.36637703,0.0072522,0.61940765,-0.01719199,1.082601,0.014391272,3.3806114,-0.13092743,-0.012261655,0.0,-0.002993874,11.912147,13.079495
0.4,1.0,0.0,0.0,0.0,0.0,63.0,1.0,42.0,112.0,120.63333333333334,425.0,0.0,0.0,0.0,0.0,0.0,0.0,0.0,0.0,0.0,0.0,1.0,0.0,0.0,0.0,0.0,0.0,0.0,0.0,1.0,0.0,0.0,1.0,8.0,1.0,0.0,0.0,0.0,0.0,0.0,0.0,63.0,25.200000000000003,0.0,0.0,0.0,1.0,1.0,31.0,3.0,364.0,364.0,1092.0,1.3535063,-0.08195702,-0.014136173,-0.024234394,0.005205688,-0.0019424983,-0.11706127,-0.035094146,-1.2338061,-0.8021366,0.15750216,-1.6155916,-0.24107262,-0.09239653,0.037611604,-0.08778663,-0.023048237,0.013780932,0.00064142735,0.14189179,0.0007273846,0.0,-0.7955054,0.0023572205,-0.40653867,0.0,-0.056750543,0.0,0.0,-0.51599604,-0.050941862,0.056763124,-0.059021935,-0.08931938,0.35192657,0.023414137,0.0,0.0,-0.00040666357,0.029101975,0.0,-0.00014733688,0.14760531,0.31554243,0.02259507,0.7217394,-0.018176446,1.2130173,0.04990884,1.2223067,-0.16161443,-0.02413602,0.0,0.0073043485,11.912147,11.237775
0.4,1.0,0.0,0.0,0.0,0.0,63.0,1.0,42.0,112.0,120.63333333333334,425.0,0.0,0.0,0.0,0.0,0.0,0.0,0.0,0.0,0.0,0.0,1.0,0.0,0.0,0.0,0.0,0.0,0.0,0.0,1.0,0.0,0.0,1.0,8.0,1.0,0.0,0.0,0.0,0.0,0.0,0.0,63.0,25.200000000000003,0.0,1.0,0.0,0.0,1.0,194.0,3.0,392.0,392.0,1176.0,1.360375,-0.09187371,-0.01341886,-0.04502281,0.002456139,-0.005869539,-0.1481501,-0.040436897,-1.2596498,-0.7356853,0.12471514,-1.6563097,-0.23635615,-0.082989275,0.033852674,-0.101839654,-0.023596495,0.012919199,-0.0020324297,0.12552395,0.0006556017,0.0,-0.45766777,0.0014417762,-0.40964493,0.0,-0.043638878,0.0,0.0,-0.59366673,-0.11170602,0.06847972,-0.06134717,-0.10279145,0.32756427,0.016730241,0.0,0.0,-0.0013472523,0.029169284,0.0,-0.00010564665,0.0704359,0.3268742,0.00064333365,-0.2574133,-0.023611134,-0.20139195,0.018194634,-1.5373579,-0.39099845,-0.020266224,0.0,-0.095427215,11.912147,5.68057
0.4,1.0,0.0,0.0,0.0,0.0,63.0,1.0,42.0,112.0,120.63333333333334,425.0,0.0,0.0,0.0,0.0,0.0,0.0,0.0,0.0,0.0,0.0,1.0,0.0,0.0,0.0,0.0,0.0,0.0,0.0,1.0,0.0,0.0,1.0,8.0,1.0,0.0,0.0,0.0,0.0,0.0,0.0,63.0,25.200000000000003,0.0,1.0,0.0,0.0,1.0,117.0,3.0,476.0,476.0,1428.0,1.3043278,-0.09111277,-0.012843438,-0.04577146,0.002456139,-0.004666579,-0.20367242,-0.04001543,-1.2304305,-0.75854224,0.12514085,-1.6492524,-0.2365016,-0.08278679,0.032230712,-0.10180189,-0.023558501,0.012558147,0.0005405031,0.12580328,0.00064803916,0.0,-0.44463488,0.0014417762,-0.40961608,0.0,-0.04131963,0.0,0.0,-0.5740755,-0.11252232,0.066979825,-0.061677672,-0.09618432,0.33393613,0.016392855,0.0,0.0,-0.0012124226,0.02921365,0.0,-0.00010564665,0.044747733,0.33705926,0.0032285901,-0.23576915,-0.022375789,-0.1982422,0.08583888,-0.6351001,-0.33816847,0.16331741,0.0,-0.079638034,11.912147,6.866413
0.4,1.0,0.0,0.0,0.0,0.0,63.0,1.0,42.0,112.0,120.63333333333334,425.0,0.0,0.0,0.0,0.0,0.0,0.0,0.0,0.0,0.0,0.0,1.0,0.0,0.0,0.0,0.0,0.0,0.0,0.0,1.0,0.0,0.0,1.0,8.0,1.0,0.0,0.0,0.0,0.0,0.0,0.0,63.0,25.200000000000003,0.0,1.0,0.0,0.0,0.0,19.0,3.0,112.0,112.0,336.0,1.3667451,-0.08809701,-0.012927642,-0.045643613,0.0024071832,-0.0014943863,-0.31318337,-0.04089374,-1.254542,-0.77628946,0.14190078,-1.6186445,-0.24456662,-0.09105782,0.03541408,-0.100367285,-0.023081942,0.014142595,0.0014053857,0.14336954,0.0005133905,0.0,-0.5952712,0.0010238816,-0.40487304,0.0,-0.053951267,0.0,0.0,-0.548085,-0.047208846,0.068843976,-0.06091623,-0.085634194,0.35956335,0.02085275,0.0,0.0,-0.0007715439,0.028880922,0.0,-0.00015354203,0.11165917,0.24466252,0.0049626096,-0.16180983,-0.011305246,-0.18970668,-0.059506796,1.2335159,-0.15653741,0.31696022,0.0,0.17048536,11.912147,9.192936
0.4,1.0,0.0,0.0,0.0,0.0,63.0,1.0,42.0,112.0,120.63333333333334,425.0,0.0,0.0,0.0,0.0,0.0,0.0,0.0,0.0,0.0,0.0,1.0,0.0,0.0,0.0,0.0,0.0,0.0,0.0,1.0,0.0,0.0,1.0,8.0,1.0,0.0,0.0,0.0,0.0,0.0,0.0,63.0,25.200000000000003,0.0,1.0,0.0,0.0,0.0,108.0,3.0,182.0,182.0,546.0,1.3560044,-0.08955383,-0.013767433,-0.046174657,0.0024811244,-0.004689505,-0.26120293,-0.041456215,-1.2424663,-0.75524884,0.12374861,-1.6539327,-0.239872,-0.08382042,0.032423522,-0.10143795,-0.023458196,0.012753155,0.00038703362,0.12550609,0.00050998596,0.0,-0.4421638,0.0009644049,-0.4071377,0.0,-0.045156322,0.0,0.0,-0.5730403,-0.051780123,0.06704137,-0.061089408,-0.08772926,0.3391527,0.016098406,0.0,0.0,-0.003229145,0.029373232,0.0,-0.00017968778,0.047491107,0.28954712,0.008173013,-0.23476441,-0.01081651,-0.2003318,-0.16486889,-0.84508336,-0.33311006,-0.2599997,0.0,-0.055582535,11.912147,6.030661
0.4,1.0,0.0,0.0,0.0,0.0,28.0,1.0,63.0,105.0,329.8,487.6,0.0,0.0,0.0,0.0,0.0,0.0,0.0,0.0,0.0,0.0,0.0,0.0,1.0,0.0,0.0,0.0,0.0,0.0,1.0,0.0,0.0,1.0,5.0,1.0,0.0,0.0,0.0,0.0,0.0,0.0,28.0,11.2,0.0,1.0,0.0,0.0,0.0,96.0,3.0,364.0,364.0,1092.0,1.4452854,-0.08939554,-0.012462215,-0.013681581,0.0025199964,-0.004620098,-0.16462776,-0.0430824,-0.48173493,-1.3231795,-5.949242,-1.4635252,-0.2648652,-0.123051226,0.03040631,-0.10875543,-0.021961313,0.013888099,0.00032078617,0.12466242,0.00061700516,0.0,0.073140085,0.0007320791,1.9954665,0.0,-0.050320853,0.0,0.0,-1.0014877,-0.099786945,0.060782075,-0.03163082,-0.2688128,-0.55227727,0.016189162,0.0,0.0,-0.0036727472,0.021328775,0.0,-0.00027000732,0.53010565,0.3043174,-0.0002158655,-0.21477804,-0.022051813,-0.23531535,-0.15382752,-0.829852,-0.3500148,-0.03897599,0.0,-0.042583525,11.912147,2.5718503
0.4,1.0,0.0,0.0,0.0,0.0,28.0,1.0,63.0,105.0,329.8,487.6,0.0,0.0,0.0,0.0,0.0,0.0,0.0,0.0,0.0,0.0,0.0,0.0,1.0,0.0,0.0,0.0,0.0,0.0,1.0,0.0,0.0,1.0,5.0,1.0,0.0,0.0,0.0,0.0,0.0,0.0,28.0,11.2,0.0,1.0,0.0,0.0,0.0,94.0,1.2,140.0,140.0,168.0,1.4334984,-0.08811212,-0.012862906,-0.015199143,0.0038311502,-0.0045494363,-0.12527767,-0.0402014,-0.48214367,-1.2697284,-6.30678,-1.4112991,-0.26778618,-0.13620192,0.046447814,-0.11075879,-0.022145817,0.015535549,0.0013643008,0.13553508,0.00064206263,0.0,0.11321266,0.0013578816,1.9794065,0.0,-0.055068698,0.0,0.0,-0.88932884,-0.053428452,0.066304915,-0.028651454,-0.26590222,-0.5636255,0.020288475,0.0,0.0,-0.0014073981,0.040056773,0.0,-0.0006242444,0.4889982,0.34553954,0.00039996623,-0.11930145,-0.013202736,-0.19986904,-0.1038581,0.100437015,1.6766657,-0.07689192,0.0,0.16525432,11.912147,5.8827176
0.4,1.0,0.0,0.0,0.0,0.0,28.0,1.0,63.0,105.0,329.8,487.6,0.0,0.0,0.0,0.0,0.0,0.0,0.0,0.0,0.0,0.0,0.0,0.0,1.0,0.0,0.0,0.0,0.0,0.0,1.0,0.0,0.0,1.0,5.0,1.0,0.0,0.0,0.0,0.0,0.0,0.0,28.0,11.2,0.0,1.0,0.0,0.0,0.0,90.0,1.8,140.0,140.0,252.0,1.4558746,-0.08681186,-0.013309341,-0.011587533,0.0025199964,-0.004732566,-0.09792523,-0.04535635,-0.43276674,-1.3006854,-6.3146753,-1.3661121,-0.268774,-0.13449135,0.046151955,-0.10715297,-0.024382373,0.015108761,0.0010428258,0.13825728,0.0006717999,0.0,0.10565736,0.00090831117,1.9667822,0.0,-0.056452166,0.0,0.0,-0.9434862,-0.08828409,0.061300587,-0.03068511,-0.26762265,-0.5190022,0.02064402,0.0,0.0,-0.00089394674,0.025806695,0.0,-0.0024556564,0.45263606,0.37657002,0.0007233251,-0.16420507,-0.01259813,-0.20751113,-0.10521806,0.19832148,0.98731196,-0.07799847,0.0,0.12913959,11.912147,5.2124004
0.4,1.0,0.0,0.0,0.0,0.0,28.0,1.0,63.0,105.0,329.8,487.6,0.0,0.0,0.0,0.0,0.0,0.0,0.0,0.0,0.0,0.0,0.0,0.0,1.0,0.0,0.0,0.0,0.0,0.0,1.0,0.0,0.0,1.0,5.0,1.0,0.0,0.0,0.0,0.0,0.0,0.0,28.0,11.2,0.0,1.0,0.0,0.0,0.0,92.0,2.4,140.0,140.0,336.0,1.4182532,-0.085060745,-0.012959279,-0.012886749,0.0025199964,-0.0035612863,-0.14841124,-0.0417865,-0.45081568,-1.338615,-6.3604207,-1.4253453,-0.2665402,-0.13562863,0.04230555,-0.10829562,-0.02197007,0.015350688,-4.005019e-05,0.12272469,0.0005801962,0.0,0.10188786,0.0013578816,2.0216918,0.0,-0.05708261,0.0,0.0,-0.95317554,-0.032845896,0.061539713,-0.03208751,-0.26651087,-0.5669799,0.01822574,0.0,0.0,-0.0011573359,0.021521488,0.0,-0.0024556564,0.46455693,0.4324541,0.0004586549,-0.14342242,-0.0128269,-0.22724923,-0.09256513,0.07215325,0.30340073,-0.08292414,0.0,0.15363833,11.912147,4.2831483
0.4,1.0,0.0,0.0,0.0,0.0,28.0,1.0,63.0,105.0,329.8,487.6,0.0,0.0,0.0,0.0,0.0,0.0,0.0,0.0,0.0,0.0,0.0,0.0,1.0,0.0,0.0,0.0,0.0,0.0,1.0,0.0,0.0,1.0,5.0,1.0,0.0,0.0,0.0,0.0,0.0,0.0,28.0,11.2,0.0,1.0,0.0,0.0,0.0,92.0,3.0,140.0,140.0,420.0,1.414044,-0.08628949,-0.012593791,-0.009190007,0.0025199964,-0.0046784445,-0.14330575,-0.042392116,-0.4172955,-1.363683,-6.1746397,-1.4355022,-0.26671863,-0.13666348,0.041228097,-0.10913932,-0.021967903,0.013758454,-0.00024714012,0.1238316,0.0005801962,0.0,0.08217131,0.00086573977,2.012152,0.0,-0.057255294,0.0,0.0,-0.95713377,-0.03923081,0.062348165,-0.032191124,-0.26649493,-0.638743,0.018083144,0.0,0.0,-0.0010164197,0.022175796,0.0,-0.0019830212,0.49883848,0.4112859,0.00030734955,-0.21462132,-0.020859348,-0.2339928,-0.091742665,-0.018387472,-0.35035217,-0.1253924,0.0,-0.038107056,11.912147,3.3045297
0.4,1.0,0.0,0.0,0.0,0.0,28.0,1.0,63.0,105.0,329.8,487.6,0.0,0.0,0.0,0.0,0.0,0.0,0.0,0.0,0.0,0.0,0.0,0.0,1.0,0.0,0.0,0.0,0.0,0.0,1.0,0.0,0.0,1.0,5.0,1.0,0.0,0.0,0.0,0.0,0.0,0.0,28.0,11.2,0.0,1.0,0.0,0.0,0.0,29.0,3.0,280.0,280.0,840.0,1.4028194,-0.08582664,-0.012955825,-0.0059419093,0.0025199964,-0.0019461531,-0.13594471,-0.043094598,-0.44993424,-1.3845214,-6.155844,-1.5164329,-0.2677038,-0.13153014,0.043863922,-0.10840623,-0.021614736,0.014237225,0.00058419723,0.13843504,0.0006099334,0.0,0.116461754,0.0011615588,1.990955,0.0,-0.05968612,0.0,0.0,-0.9712812,-0.043424495,0.062469993,-0.03112718,-0.2679395,-0.6073482,0.018983005,0.0,0.0,-0.0010164197,0.019901134,0.0,-0.0003179027,0.4805274,0.39731953,0.0007186142,-0.16410843,-0.019128216,-0.23180887,-0.07690775,0.86166924,-0.25522274,-0.014616928,0.0,-0.0068579395,11.912147,4.392896
0.4,1.0,0.0,0.0,0.0,0.0,28.0,1.0,63.0,105.0,329.8,487.6,0.0,0.0,0.0,0.0,0.0,0.0,0.0,0.0,0.0,0.0,0.0,0.0,1.0,0.0,0.0,0.0,0.0,0.0,1.0,0.0,0.0,1.0,5.0,1.0,0.0,0.0,0.0,0.0,0.0,0.0,28.0,11.2,0.0,1.0,0.0,0.0,1.0,412.0,3.0,392.0,392.0,1176.0,1.4440562,-0.08917151,-0.01155105,-0.011422985,0.0024626157,-0.0021057418,-0.100273475,-0.041601602,-0.42277542,-1.312865,-6.023606,-1.4143658,-0.25579685,-0.12295629,0.036286995,-0.10912864,-0.021483865,0.01623022,0.0006865677,0.12408426,0.00055865373,0.0,0.06591624,0.0010033811,1.9776736,0.0,-0.048080012,0.0,0.0,-1.0191736,-0.1744603,0.065334804,-0.031728324,-0.28462267,-0.5785539,0.025119357,0.0,0.0,-0.0012066466,0.023424711,0.0,-0.00027000732,0.49465874,0.32924438,-0.00035706116,-0.14604181,-0.0257976,-0.22559175,0.06279331,0.18299583,-0.3048911,0.051753778,0.0,-0.05411589,11.912147,3.9824383
0.4,1.0,0.0,0.0,0.0,0.0,28.0,1.0,63.0,105.0,329.8,487.6,0.0,0.0,0.0,0.0,0.0,0.0,0.0,0.0,0.0,0.0,0.0,0.0,1.0,0.0,0.0,0.0,0.0,0.0,1.0,0.0,0.0,1.0,5.0,1.0,0.0,0.0,0.0,0.0,0.0,0.0,28.0,11.2,0.0,1.0,0.0,0.0,1.0,204.0,1.8,392.0,392.0,705.6,1.3867325,-0.09040294,-0.011520554,-0.01213952,0.0024626157,-0.004324954,-0.14696637,-0.04334168,-0.46266598,-1.2403388,-6.065537,-1.3758786,-0.26031128,-0.120994665,0.037818395,-0.11125298,-0.022091338,0.016264515,0.0013272717,0.13013914,0.00059357163,0.0,0.09747894,0.0010111522,1.9464481,0.0,-0.049186897,0.0,0.0,-0.985762,-0.17572641,0.066444136,-0.030619204,-0.28383672,-0.5140885,0.027543867,0.0,0.0,-0.00097600574,0.026327502,0.0,-0.00035482235,0.45033813,0.33599317,0.0004088754,-0.12391378,-0.019683855,-0.19910435,0.10891962,-0.38755995,1.3827161,0.091706544,0.0,0.0084741535,11.912147,5.2927146
0.4,1.0,0.0,0.0,0.0,0.0,28.0,1.0,63.0,105.0,329.8,487.6,0.0,0.0,0.0,0.0,0.0,0.0,0.0,0.0,0.0,0.0,0.0,0.0,1.0,0.0,0.0,0.0,0.0,0.0,1.0,0.0,0.0,1.0,5.0,1.0,0.0,0.0,0.0,0.0,0.0,0.0,28.0,11.2,0.0,1.0,0.0,0.0,1.0,2432.0,3.0,392.0,392.0,1176.0,1.4365419,-0.09695023,-0.012060984,-0.011461365,0.0024626157,-0.002322904,-0.034878694,-0.040864564,-0.43942627,-1.3104006,-5.931449,-1.4420866,-0.25618684,-0.12315949,0.0319326,-0.11093333,-0.020137114,0.013268643,-0.0015171458,0.12240499,0.0005993275,0.0,0.05465566,0.0010033811,2.0116146,0.0,-0.047553588,0.0,0.0,-1.0268246,-0.13736823,0.064693406,-0.036205012,-0.27997923,-0.57252353,0.013541455,0.0,0.0,-0.0013669843,0.02127847,0.0,-0.00026232423,0.5291343,0.32848546,-0.00029626684,-0.18332161,-0.030554073,-0.23527047,0.06628285,-0.89663625,-0.36388987,-0.0036318863,0.0,-0.052036613,11.912147,2.9084926
0.4,1.0,0.0,0.0,0.0,0.0,28.0,1.0,63.0,105.0,329.8,487.6,0.0,0.0,0.0,0.0,0.0,0.0,0.0,0.0,0.0,0.0,0.0,0.0,1.0,0.0,0.0,0.0,0.0,0.0,1.0,0.0,0.0,1.0,5.0,1.0,0.0,0.0,0.0,0.0,0.0,0.0,28.0,11.2,0.0,1.0,0.0,0.0,1.0,1467.0,3.0,1120.0,1120.0,3360.0,1.4365776,-0.118545376,-0.012005911,-0.017468812,0.0024626157,-0.0024325366,-0.057701,-0.041436173,-0.4521208,-1.3061688,-5.9654427,-1.4094377,-0.25512427,-0.12235328,0.032884177,-0.10944435,-0.022352315,0.014975964,0.00068529544,0.123433724,0.00058794295,0.0,0.061672103,0.0010033811,1.9755771,0.0,-0.043683086,0.0,0.0,-0.99270415,-0.13557656,0.066340946,-0.031969912,-0.2776194,-0.5648955,0.01973041,0.0,0.0,-0.0010930988,0.021391029,0.0,-0.00027000732,0.51508653,0.30238453,0.00012148905,-0.14007393,-0.02600797,-0.22811057,0.065770626,-0.07618812,-0.30709693,0.073433235,0.0,-0.056088634,11.912147,3.8528526
0.4,1.0,0.0,0.0,0.0,0.0,28.0,1.0,63.0,105.0,329.8,487.6,0.0,0.0,0.0,0.0,0.0,0.0,0.0,0.0,0.0,0.0,0.0,0.0,1.0,0.0,0.0,0.0,0.0,0.0,1.0,0.0,0.0,1.0,5.0,1.0,0.0,0.0,0.0,0.0,0.0,0.0,28.0,11.2,0.0,1.0,0.0,0.0,1.0,349.0,3.0,476.0,476.0,1428.0,1.4134315,-0.093608,-0.0118828025,-0.019177644,0.0024626157,-0.0034970168,-0.13972273,-0.040887583,-0.3989444,-1.30428,-5.9433813,-1.4204886,-0.2554919,-0.12103055,0.031923234,-0.10928404,-0.02322417,0.01495754,-0.00096325774,0.12217594,0.0005768772,0.0,0.07263285,0.0010111522,1.9912981,0.0,-0.0446372,0.0,0.0,-1.0283799,-0.13255276,0.065961786,-0.03197386,-0.27841538,-0.5615918,0.025928259,0.0,0.0,-0.0015369338,0.020956332,0.0,-0.00027000732,0.4945373,0.3334762,-0.00027750898,-0.20757887,-0.025871117,-0.22837804,0.05421285,-0.80581206,-0.39065474,-0.054449443,0.0,-0.07422543,11.912147,2.8052206
0.4,1.0,0.0,0.0,0.0,0.0,28.0,1.0,63.0,105.0,329.8,487.6,0.0,0.0,0.0,0.0,0.0,0.0,0.0,0.0,0.0,0.0,0.0,0.0,1.0,0.0,0.0,0.0,0.0,0.0,1.0,0.0,0.0,1.0,5.0,1.0,0.0,0.0,0.0,0.0,0.0,0.0,28.0,11.2,1.0,0.0,0.0,0.0,1.0,175.0,3.0,224.0,224.0,672.0,1.4109699,-0.0859423,-0.011581935,-0.011695357,0.0024626157,-0.0024903985,-0.2879792,-0.043216772,-0.47790828,-1.28443,-5.91011,-1.395581,-0.26032838,-0.122527964,0.03358939,-0.10957177,-0.024022935,0.013435104,0.00020615553,0.12136664,0.0005952064,0.0,0.07730353,0.0013909773,1.9239095,0.0,-0.04809704,0.0,0.0,-1.0010127,-0.17464012,0.06290393,-0.032124586,-0.28439707,-0.48246297,0.02354597,0.0,0.0,-0.0014522244,0.023407582,0.0,-0.00017082467,0.46763414,0.32504526,0.011843065,0.7171176,-0.033165406,-0.26565596,0.0950611,-0.7803536,-0.2970354,-0.046811674,0.0,0.0047659976,11.912147,3.7539346
0.4,1.0,0.0,0.0,0.0,0.0,28.0,1.0,63.0,105.0,329.8,487.6,0.0,0.0,0.0,0.0,0.0,0.0,0.0,0.0,0.0,0.0,0.0,0.0,1.0,0.0,0.0,0.0,0.0,0.0,1.0,0.0,0.0,1.0,5.0,1.0,0.0,0.0,0.0,0.0,0.0,0.0,28.0,11.2,0.0,0.0,1.0,0.0,1.0,125.0,3.0,392.0,392.0,1176.0,1.4184958,-0.08952698,-0.011107805,-0.01596577,0.0023047652,-0.0028853444,-0.31463292,-0.042537354,-0.4328505,-1.2755216,-5.978988,-1.3748956,-0.2597341,-0.11895847,0.031886645,-0.107892394,-0.02227092,0.012950989,0.00014832008,0.118871994,0.0006255195,0.0,0.063232034,0.0020388335,1.932673,0.0,-0.048459314,0.0,0.0,-1.0084182,-0.13538776,0.063521646,-0.0315334,-0.27399534,-0.48535326,0.035435632,0.0,0.0,-0.0013640634,0.02678232,0.0,-0.00015725255,0.48165452,0.33652493,0.017444711,0.76713294,0.32599157,-0.25598767,0.10837324,-0.5771277,-0.25769365,0.014332186,0.0,-0.06252945,11.912147,4.486794
0.4,1.0,0.0,0.0,0.0,0.0,28.0,1.0,63.0,105.0,329.8,487.6,0.0,0.0,0.0,0.0,0.0,0.0,0.0,0.0,0.0,0.0,0.0,0.0,1.0,0.0,0.0,0.0,0.0,0.0,1.0,0.0,0.0,1.0,5.0,1.0,0.0,0.0,0.0,0.0,0.0,0.0,28.0,11.2,0.0,0.0,0.0,1.0,1.0,17.0,3.0,364.0,364.0,1092.0,1.3738768,-0.0756698,-0.015642276,-0.0062082093,0.003228847,-0.0014311026,-0.27065662,-0.03687912,-0.25885916,-1.3923305,-6.257664,-1.5345975,-0.27060446,-0.100385,0.04342031,-0.09297215,-0.024394924,0.013354559,0.000806872,0.13708013,0.0006996358,0.0,0.15009665,0.004345044,1.9409719,0.0,-0.064255714,0.0,0.0,-0.9416072,-0.08161458,0.052283917,-0.029031353,-0.27070498,-0.5679953,0.02212385,0.0,0.0,-0.00056876754,0.020032955,0.0,-0.00016797423,0.4524061,0.36802036,0.0064137406,0.43107706,-0.018749384,1.1969317,0.031281456,-0.3896267,-0.21495743,-0.049284913,0.0,-0.025105914,11.912147,5.168633
0.4,1.0,0.0,0.0,0.0,0.0,28.0,1.0,63.0,105.0,329.8,487.6,0.0,0.0,0.0,0.0,0.0,0.0,0.0,0.0,0.0,0.0,0.0,0.0,1.0,0.0,0.0,0.0,0.0,0.0,1.0,0.0,0.0,1.0,5.0,1.0,0.0,0.0,0.0,0.0,0.0,0.0,28.0,11.2,0.0,0.0,0.0,1.0,1.0,14.0,3.0,364.0,364.0,1092.0,1.1602194,-0.07972921,-0.014879403,-0.0129024135,0.003228847,-0.001071109,-0.21813498,-0.022953097,-0.23079045,-1.4506044,-5.548904,-1.5304241,-0.23791227,-0.07263246,0.061656334,-0.0899702,-0.021169182,0.021528699,0.004578333,0.14906292,0.011964544,0.0,0.17503011,0.0021668775,1.9139681,0.0,-0.058527384,0.0,0.0,-0.94857436,-0.0713029,0.04899094,-0.029031353,-0.26912245,-0.75720125,0.022058254,0.0,0.0,-0.00056876754,0.07464491,0.0,-0.00016797423,0.42862895,0.46886036,0.0063425177,0.66639405,-0.018392973,1.2057543,0.032211848,3.5897064,-0.15641424,-0.01765258,0.0,-0.022610461,11.912147,10.077496
0.4,1.0,0.0,0.0,0.0,0.0,28.0,1.0,63.0,105.0,329.8,487.6,0.0,0.0,0.0,0.0,0.0,0.0,0.0,0.0,0.0,0.0,0.0,0.0,1.0,0.0,0.0,0.0,0.0,0.0,1.0,0.0,0.0,1.0,5.0,1.0,0.0,0.0,0.0,0.0,0.0,0.0,28.0,11.2,0.0,0.0,0.0,1.0,1.0,31.0,3.0,364.0,364.0,1092.0,1.3937918,-0.05968847,-0.013105678,-0.009112591,0.005212165,-0.0020579265,-0.28976238,-0.037028175,-0.21700487,-1.3536793,-6.426206,-1.5180058,-0.26330626,-0.10092384,0.04509899,-0.0933048,-0.021436341,0.014736213,0.00069885864,0.13945782,0.00070416555,0.0,0.14943366,0.0014310733,1.9109886,0.0,-0.060660474,0.0,0.0,-0.94144773,-0.06278169,0.054494034,-0.02876311,-0.27074453,-0.5624745,0.02556894,0.0,0.0,-0.00046375976,0.020912211,0.0,-0.0005001456,0.457113,0.373443,0.016729984,0.7615865,-0.01896516,1.3656926,0.046932135,0.8218354,-0.20672755,-0.0078064855,0.0,-0.021524964,11.912147,6.930522
0.4,1.0,0.0,0.0,0.0,0.0,28.0,1.0,63.0,105.0,329.8,487.6,0.0,0.0,0.0,0.0,0.0,0.0,0.0,0.0,0.0,0.0,0.0,0.0,1.0,0.0,0.0,0.0,0.0,0.0,1.0,0.0,0.0,1.0,5.0,1.0,0.0,0.0,0.0,0.0,0.0,0.0,28.0,11.2,0.0,1.0,0.0,0.0,1.0,194.0,3.0,392.0,392.0,1176.0,1.416908,-0.09101081,-0.013418732,-0.011712421,0.0024626157,-0.0064133694,-0.16192007,-0.04200593,-0.4506772,-1.3058895,-5.9321012,-1.4206228,-0.26145548,-0.123388104,0.031417277,-0.10965545,-0.025686823,0.0133364,-0.005249162,0.12309041,0.0006052415,0.0,0.07017687,0.0010111522,1.9814826,0.0,-0.048510965,0.0,0.0,-1.0283384,-0.14857356,0.06277256,-0.031577144,-0.2840404,-0.5561982,0.016632129,0.0,0.0,-0.0020402477,0.021483487,0.0,-0.00027000732,0.50546825,0.3349514,-0.0012729334,-0.24120077,-0.030319722,-0.23464744,0.0473693,-1.5083835,-0.40636566,-0.03899856,0.0,-0.09233453,11.912147,1.9270382
0.4,1.0,0.0,0.0,0.0,0.0,28.0,1.0,63.0,105.0,329.8,487.6,0.0,0.0,0.0,0.0,0.0,0.0,0.0,0.0,0.0,0.0,0.0,0.0,1.0,0.0,0.0,0.0,0.0,0.0,1.0,0.0,0.0,1.0,5.0,1.0,0.0,0.0,0.0,0.0,0.0,0.0,28.0,11.2,0.0,1.0,0.0,0.0,1.0,117.0,3.0,476.0,476.0,1428.0,1.3897969,-0.09145948,-0.011797276,-0.019897385,0.0024626157,-0.0046854126,-0.14241824,-0.04179802,-0.41041753,-1.3237777,-5.947782,-1.413297,-0.25934276,-0.120557494,0.030347228,-0.10956618,-0.022716176,0.01276139,0.00015653539,0.12303839,0.00058854703,0.0,0.06979029,0.0010111522,1.9817498,0.0,-0.045530807,0.0,0.0,-1.0087503,-0.12838764,0.06181363,-0.031907644,-0.27743325,-0.56786555,0.015167398,0.0,0.0,-0.0014795888,0.02224279,0.0,-0.00027000732,0.5053338,0.3383469,-0.00011063545,-0.20740652,-0.027117908,-0.23154712,0.0991449,-0.5414909,-0.34791055,0.116456226,0.0,-0.07642963,11.912147,3.2692058
0.4,1.0,0.0,0.0,0.0,0.0,28.0,1.0,63.0,105.0,329.8,487.6,0.0,0.0,0.0,0.0,0.0,0.0,0.0,0.0,0.0,0.0,0.0,0.0,1.0,0.0,0.0,0.0,0.0,0.0,1.0,0.0,0.0,1.0,5.0,1.0,0.0,0.0,0.0,0.0,0.0,0.0,28.0,11.2,0.0,1.0,0.0,0.0,0.0,19.0,3.0,112.0,112.0,336.0,1.3598161,-0.086424485,-0.012986331,-0.011539684,0.0024460552,-0.0015100472,-0.13615336,-0.04275952,-0.45599374,-1.3510935,-6.045859,-1.5099554,-0.26734325,-0.13118078,0.04626808,-0.10714133,-0.022300646,0.014720793,0.0020170596,0.13768996,0.00060540374,0.0,0.10249915,0.001000599,1.9816074,0.0,-0.05822886,0.0,0.0,-0.96597433,-0.021361804,0.06532891,-0.031151844,-0.2669758,-0.623779,0.01844783,0.0,0.0,-0.00081147766,0.02146978,0.0,-0.0003179027,0.48058525,0.3668238,0.0014844817,-0.1356581,-0.01925041,-0.21657075,-0.061790306,0.9939772,-0.21165936,0.66564137,0.0,0.123370126,11.912147,5.502177
0.4,1.0,0.0,0.0,0.0,0.0,28.0,1.0,63.0,105.0,329.8,487.6,0.0,0.0,0.0,0.0,0.0,0.0,0.0,0.0,0.0,0.0,0.0,0.0,1.0,0.0,0.0,0.0,0.0,0.0,1.0,0.0,0.0,1.0,5.0,1.0,0.0,0.0,0.0,0.0,0.0,0.0,28.0,11.2,0.0,1.0,0.0,0.0,0.0,108.0,3.0,182.0,182.0,546.0,1.4182559,-0.08888994,-0.01326403,-0.014530879,0.0025199964,-0.004678801,-0.1555307,-0.043930426,-0.4966066,-1.3274937,-5.889802,-1.4223015,-0.26461607,-0.12574051,0.030367617,-0.10997368,-0.02350442,0.013161841,-0.000379309,0.12328963,0.0005801962,0.0,0.07014377,0.00086573977,1.9712477,0.0,-0.04990234,0.0,0.0,-0.99784595,-0.0886495,0.061909195,-0.031461976,-0.2690709,-0.5614184,0.0163371,0.0,0.0,-0.0034647065,0.022175796,0.0,-0.00034404846,0.52901804,0.29914293,0.0001529801,-0.21755004,-0.023138432,-0.23413987,-0.18432413,-0.85911775,-0.35656434,-0.21805619,0.0,-0.04172847,11.912147,2.3532975
0.2,1.0,0.0,0.0,0.0,0.0,28.0,1.0,42.0,161.0,120.63333333333334,45.0,0.0,0.0,1.0,0.0,0.0,0.0,0.0,0.0,0.0,0.0,0.0,0.0,0.0,0.0,0.0,0.0,0.0,1.0,0.0,0.0,0.0,1.0,10.0,1.0,0.0,0.0,0.0,0.0,0.0,0.0,28.0,5.6000000000000005,0.0,1.0,0.0,0.0,0.0,96.0,3.0,364.0,364.0,1092.0,-0.07067547,-0.07170175,-0.015759071,-0.04395777,0.00232683,-0.004616927,0.13749745,-0.04491656,-0.88312143,0.47148737,0.10422828,-1.2951924,-0.44736528,-0.08233336,-0.60073954,-0.10611328,-0.03519302,0.012006194,0.0011630985,0.13664174,0.00044858246,0.0,0.044950206,-0.0004010474,-0.27262583,0.0,-0.04297953,0.0,0.0,0.15543912,0.011309154,0.066505425,-0.0336071,-0.039679896,-1.32546,0.017029691,0.0,0.0,-0.003703118,0.03206455,0.0,-0.00013463495,1.887362,0.15752323,0.0033052915,-0.19582114,-0.017691648,-0.2339502,-0.23737726,-0.8328411,-0.35212168,-0.01464591,0.0,-0.054252386,11.912147,7.7944584
0.2,1.0,0.0,0.0,0.0,0.0,28.0,1.0,42.0,161.0,120.63333333333334,45.0,0.0,0.0,1.0,0.0,0.0,0.0,0.0,0.0,0.0,0.0,0.0,0.0,0.0,0.0,0.0,0.0,0.0,1.0,0.0,0.0,0.0,1.0,10.0,1.0,0.0,0.0,0.0,0.0,0.0,0.0,28.0,5.6000000000000005,0.0,1.0,0.0,0.0,0.0,94.0,1.2,140.0,140.0,168.0,-0.061893556,-0.066805184,-0.016852835,-0.044634324,0.003637984,-0.0040833745,0.112829626,-0.042145625,-0.96912843,0.5552185,0.120073825,-1.2813447,-0.4416739,-0.09395696,-0.7364938,-0.10581957,-0.034987967,0.014350278,0.0032598916,0.14351562,0.00047363996,0.0,0.06861713,0.0011706979,-0.2693061,0.0,-0.046590496,0.0,0.0,0.11955632,-0.0015990733,0.070795216,-0.031058205,-0.039388735,-1.2500597,0.019211968,0.0,0.0,-0.0014377693,0.069929756,0.0,-0.00051438645,1.8695629,0.16265444,0.004141621,-0.09611528,-0.009988225,-0.19742745,-0.12714942,0.14905499,1.65588,-0.061972544,0.0,0.17879146,11.912147,11.202443
0.2,1.0,0.0,0.0,0.0,0.0,28.0,1.0,42.0,161.0,120.63333333333334,45.0,0.0,0.0,1.0,0.0,0.0,0.0,0.0,0.0,0.0,0.0,0.0,0.0,0.0,0.0,0.0,0.0,0.0,1.0,0.0,0.0,0.0,1.0,10.0,1.0,0.0,0.0,0.0,0.0,0.0,0.0,28.0,5.6000000000000005,0.0,1.0,0.0,0.0,0.0,90.0,1.8,140.0,140.0,252.0,-0.08948737,-0.06702812,-0.01694081,-0.042850178,0.00232683,-0.0063589793,0.101696275,-0.044422705,-0.92473525,0.5487942,0.13530457,-1.2730914,-0.45234454,-0.09226681,-0.7220666,-0.106028706,-0.037306156,0.013455416,0.0032138946,0.1441662,0.00050337723,0.0,0.058260016,0.00072112744,-0.25714314,0.0,-0.04782499,0.0,0.0,0.13167506,0.0066017485,0.06941934,-0.0327416,-0.041195616,-1.3096838,0.021085033,0.0,0.0,-0.00092431786,0.03772868,0.0,-0.0010996191,1.9309832,0.15843159,0.005137177,-0.1282163,-0.009358668,-0.21943642,-0.12958428,0.20545197,0.9371299,-0.057942357,0.0,0.14769638,11.912147,10.461848
0.2,1.0,0.0,0.0,0.0,0.0,28.0,1.0,42.0,161.0,120.63333333333334,45.0,0.0,0.0,1.0,0.0,0.0,0.0,0.0,0.0,0.0,0.0,0.0,0.0,0.0,0.0,0.0,0.0,0.0,1.0,0.0,0.0,0.0,1.0,10.0,1.0,0.0,0.0,0.0,0.0,0.0,0.0,28.0,5.6000000000000005,0.0,1.0,0.0,0.0,0.0,92.0,2.4,140.0,140.0,336.0,-0.072674975,-0.06623826,-0.016579315,-0.04440779,0.00232683,-0.003289455,0.12789717,-0.04150063,-0.9832315,0.53751814,0.11467992,-1.2896253,-0.4396594,-0.0933405,-0.74003816,-0.105549894,-0.03542137,0.013560813,0.0007304647,0.1367276,0.00041177354,0.0,0.06673609,0.0011706979,-0.27324998,0.0,-0.049811434,0.0,0.0,0.1457774,-0.0043786312,0.07042854,-0.034144003,-0.040106766,-1.2680374,0.01870456,0.0,0.0,-0.0011877071,0.03215282,0.0,-0.0010996191,1.8456995,0.20300193,0.005166857,-0.11787557,-0.01060985,-0.21661359,-0.11505351,0.016104002,0.29231805,-0.054341316,0.0,0.19045438,11.912147,9.615649
0.2,1.0,0.0,0.0,0.0,0.0,28.0,1.0,42.0,161.0,120.63333333333334,45.0,0.0,0.0,1.0,0.0,0.0,0.0,0.0,0.0,0.0,0.0,0.0,0.0,0.0,0.0,0.0,0.0,0.0,1.0,0.0,0.0,0.0,1.0,10.0,1.0,0.0,0.0,0.0,0.0,0.0,0.0,28.0,5.6000000000000005,0.0,1.0,0.0,0.0,0.0,92.0,3.0,140.0,140.0,420.0,-0.07559806,-0.068938255,-0.016488234,-0.040606946,0.00232683,-0.0046752733,0.14482012,-0.043862704,-0.9631262,0.54375994,0.10685923,-1.2986848,-0.4493916,-0.09440199,-0.71796805,-0.10640423,-0.034721125,0.011964592,0.00053886,0.13718732,0.00041177354,0.0,0.04782537,0.00067855604,-0.27235138,0.0,-0.04995067,0.0,0.0,0.14786622,-0.0044152793,0.071040064,-0.034167398,-0.040090818,-1.2841636,0.019457053,0.0,0.0,-0.0010467909,0.032253142,0.0,-0.00047876127,1.8448418,0.2055405,0.0051370556,-0.19120073,-0.015295001,-0.23018113,-0.11278865,-0.07830255,-0.3517091,-0.09102878,0.0,-0.061784375,11.912147,8.5008335
0.2,1.0,0.0,0.0,0.0,0.0,28.0,1.0,42.0,161.0,120.63333333333334,45.0,0.0,0.0,1.0,0.0,0.0,0.0,0.0,0.0,0.0,0.0,0.0,0.0,0.0,0.0,0.0,0.0,0.0,1.0,0.0,0.0,0.0,1.0,10.0,1.0,0.0,0.0,0.0,0.0,0.0,0.0,28.0,5.6000000000000005,0.0,1.0,0.0,0.0,0.0,29.0,3.0,280.0,280.0,840.0,-0.09759393,-0.06373344,-0.01687664,-0.038389776,0.00232683,-0.0020236596,0.110070154,-0.04354815,-0.8938406,0.53556055,0.1254524,-1.2875252,-0.45167217,-0.090963855,-0.75080144,-0.107425995,-0.034187965,0.012562185,0.001364231,0.14828058,0.00044151075,0.0,0.05099788,0.0009743751,-0.26162976,0.0,-0.05266061,0.0,0.0,0.15422592,-0.002711567,0.06974119,-0.03310346,-0.041532096,-1.3257972,0.021569936,0.0,0.0,-0.0010467909,0.03069877,0.0,-0.00020249482,1.9318559,0.17522998,0.0036636763,-0.14835714,-0.013243149,-0.22538242,-0.1020208,0.96722156,-0.21584469,-0.011222389,0.0,-0.028860975,11.912147,9.912185
0.2,1.0,0.0,0.0,0.0,0.0,28.0,1.0,42.0,161.0,120.63333333333334,45.0,0.0,0.0,1.0,0.0,0.0,0.0,0.0,0.0,0.0,0.0,0.0,0.0,0.0,0.0,0.0,0.0,0.0,1.0,0.0,0.0,0.0,1.0,10.0,1.0,0.0,0.0,0.0,0.0,0.0,0.0,28.0,5.6000000000000005,0.0,1.0,0.0,0.0,1.0,412.0,3.0,392.0,392.0,1176.0,-0.07801114,-0.07125158,-0.014860626,-0.04387228,0.0022694494,-0.002025838,0.17947237,-0.04310735,-0.8624538,0.51151085,0.10811611,-1.3153172,-0.44041193,-0.08322279,-0.68383646,-0.10620619,-0.03433397,0.0131296255,0.0016768918,0.13455674,0.00037876933,0.0,0.052466173,0.0011481564,-0.27217865,0.0,-0.04070884,0.0,0.0,0.16219898,0.035568222,0.07143149,-0.0337046,-0.04334684,-1.325398,0.013827349,0.0,0.0,-0.0012370177,0.03418962,0.0,-0.00013463495,1.8448876,0.19565149,0.0033133978,-0.13976465,-0.014072598,-0.22496217,0.08349433,0.19542682,-0.30556342,0.07353537,0.0,-0.05239255,11.912147,9.398021
0.2,1.0,0.0,0.0,0.0,0.0,28.0,1.0,42.0,161.0,120.63333333333334,45.0,0.0,0.0,1.0,0.0,0.0,0.0,0.0,0.0,0.0,0.0,0.0,0.0,0.0,0.0,0.0,0.0,0.0,1.0,0.0,0.0,0.0,1.0,10.0,1.0,0.0,0.0,0.0,0.0,0.0,0.0,28.0,5.6000000000000005,0.0,1.0,0.0,0.0,1.0,204.0,1.8,392.0,392.0,705.6,-0.09972187,-0.06379159,-0.014858616,-0.043521922,0.0022694494,-0.0040860632,0.09752876,-0.043614868,-0.8530165,0.5022812,0.11631362,-1.3206197,-0.43477443,-0.08248736,-0.63151145,-0.10695541,-0.034414485,0.013647527,0.0033593732,0.1399253,0.00040065518,0.0,0.06992577,0.0011559274,-0.26882103,0.0,-0.039343946,0.0,0.0,0.13825198,0.03535012,0.07243373,-0.0326757,-0.04255465,-1.2633172,0.01864551,0.0,0.0,-0.0010063768,0.060796984,0.0,-0.0002449644,1.8514785,0.17429936,0.0037746301,-0.109027356,-0.0095305145,-0.19601642,0.14029852,-0.33607575,1.5123391,0.08962144,0.0,-0.023421152,11.912147,10.900838
0.2,1.0,0.0,0.0,0.0,0.0,28.0,1.0,42.0,161.0,120.63333333333334,45.0,0.0,0.0,1.0,0.0,0.0,0.0,0.0,0.0,0.0,0.0,0.0,0.0,0.0,0.0,0.0,0.0,0.0,1.0,0.0,0.0,0.0,1.0,10.0,1.0,0.0,0.0,0.0,0.0,0.0,0.0,28.0,5.6000000000000005,0.0,1.0,0.0,0.0,1.0,2432.0,3.0,392.0,392.0,1176.0,-0.07469862,-0.07897813,-0.015596686,-0.043865032,0.0022694494,-0.002157652,0.20019369,-0.041916415,-0.8994153,0.4844107,0.10425985,-1.3239174,-0.44268686,-0.08458073,-0.6312099,-0.10727471,-0.03437225,0.011218302,-0.00011455929,0.13431065,0.0004194431,0.0,0.05040721,0.0011481564,-0.27416512,0.0,-0.040113613,0.0,0.0,0.16116703,0.017702406,0.07097482,-0.034067273,-0.042725347,-1.3193059,0.017222468,0.0,0.0,-0.0024647631,0.031805053,0.0,-0.00012695184,1.8629123,0.20044519,0.003374192,-0.17234643,-0.018773297,-0.23485859,0.08568118,-1.0206587,-0.37614256,0.009726993,0.0,-0.050427355,11.912147,7.9948363
0.2,1.0,0.0,0.0,0.0,0.0,28.0,1.0,42.0,161.0,120.63333333333334,45.0,0.0,0.0,1.0,0.0,0.0,0.0,0.0,0.0,0.0,0.0,0.0,0.0,0.0,0.0,0.0,0.0,0.0,1.0,0.0,0.0,0.0,1.0,10.0,1.0,0.0,0.0,0.0,0.0,0.0,0.0,28.0,5.6000000000000005,0.0,1.0,0.0,0.0,1.0,1467.0,3.0,1120.0,1120.0,3360.0,-0.07396346,-0.09034537,-0.015315488,-0.0441155,0.0022694494,-0.0020056604,0.18071122,-0.042941917,-0.87232167,0.49456996,0.107966416,-1.3117712,-0.44015527,-0.08272409,-0.64160186,-0.10669947,-0.03428583,0.011887815,0.0016756195,0.13458772,0.00040805846,0.0,0.06123895,0.0011481564,-0.27194518,0.0,-0.036316983,0.0,0.0,0.14902839,0.023387507,0.07194766,-0.03394619,-0.04191758,-1.3267201,0.01301861,0.0,0.0,-0.0011234699,0.03177188,0.0,-0.00013463495,1.862437,0.18329671,0.00321548,-0.14061321,-0.015351744,-0.22757924,0.08866829,-0.13610734,-0.31732616,0.12367741,0.0,-0.059378285,11.912147,9.092349
0.2,1.0,0.0,0.0,0.0,0.0,28.0,1.0,42.0,161.0,120.63333333333334,45.0,0.0,0.0,1.0,0.0,0.0,0.0,0.0,0.0,0.0,0.0,0.0,0.0,0.0,0.0,0.0,0.0,0.0,1.0,0.0,0.0,0.0,1.0,10.0,1.0,0.0,0.0,0.0,0.0,0.0,0.0,28.0,5.6000000000000005,0.0,1.0,0.0,0.0,1.0,349.0,3.0,476.0,476.0,1428.0,-0.08998407,-0.074608095,-0.015192651,-0.045837417,0.0022694494,-0.002707074,0.15148553,-0.042393327,-0.8362134,0.48613998,0.10497096,-1.3131973,-0.4409407,-0.08258438,-0.6206501,-0.1063616,-0.035640925,0.0118693905,0.0009362383,0.13335487,0.00038396064,0.0,0.0423442,0.0011559274,-0.27298284,0.0,-0.03717259,0.0,0.0,0.16457514,0.02356498,0.07170964,-0.03395014,-0.041916076,-1.3314172,0.020227447,0.0,0.0,-0.001567305,0.030442318,0.0,-0.00013463495,1.859338,0.19448623,0.0028879023,-0.18352206,-0.015273267,-0.22775286,0.074937396,-0.8731912,-0.39252412,-0.07603593,0.0,-0.072453745,11.912147,8.02302
0.2,1.0,0.0,0.0,0.0,0.0,28.0,1.0,42.0,161.0,120.63333333333334,45.0,0.0,0.0,1.0,0.0,0.0,0.0,0.0,0.0,0.0,0.0,0.0,0.0,0.0,0.0,0.0,0.0,0.0,1.0,0.0,0.0,0.0,1.0,10.0,1.0,0.0,0.0,0.0,0.0,0.0,0.0,28.0,5.6000000000000005,1.0,0.0,0.0,0.0,1.0,175.0,3.0,224.0,224.0,672.0,-0.0817224,-0.061995406,-0.014979893,-0.049926616,0.0022694494,-0.0023772626,0.14704855,-0.04449458,-0.9109005,0.471329,0.10446389,-1.3212124,-0.4329424,-0.08150689,-0.67503554,-0.10467858,-0.03501511,0.011494138,0.0009236919,0.1358696,0.0004305571,0.0,0.054753374,0.0020645421,-0.27316096,0.0,-0.0431374,0.0,0.0,0.15276773,0.035303574,0.06596262,-0.034483995,-0.043224424,-1.3302321,0.019635702,0.0,0.0,-0.0014825956,0.03348493,0.0,-0.00012387785,1.729968,0.20824806,-0.024530603,0.597371,-0.018210454,-0.2432445,0.10834842,-0.7864648,-0.31342995,-0.018547725,0.0,-0.013060167,11.912147,8.833764
0.2,1.0,0.0,0.0,0.0,0.0,28.0,1.0,42.0,161.0,120.63333333333334,45.0,0.0,0.0,1.0,0.0,0.0,0.0,0.0,0.0,0.0,0.0,0.0,0.0,0.0,0.0,0.0,0.0,0.0,1.0,0.0,0.0,0.0,1.0,10.0,1.0,0.0,0.0,0.0,0.0,0.0,0.0,28.0,5.6000000000000005,0.0,0.0,1.0,0.0,1.0,125.0,3.0,392.0,392.0,1176.0,-0.082787685,-0.07182123,-0.014081678,-0.051531803,0.0021115988,-0.002389062,0.13962929,-0.0421608,-0.99026966,0.50289637,0.10613311,-1.3063347,-0.4323126,-0.078089245,-0.6534086,-0.10357584,-0.03545767,0.011069468,0.0010708581,0.13473849,0.00045130632,0.0,0.04668386,0.0026595485,-0.27389178,0.0,-0.04326743,0.0,0.0,0.15993235,0.022239083,0.06651959,-0.03313579,-0.041558996,-1.2931037,0.022683524,0.0,0.0,-0.0013944345,0.037338495,0.0,-0.0001058103,1.7977369,0.19393688,0.03552345,0.66676754,0.21854456,-0.24065866,0.12084512,-0.5390229,-0.2832981,0.040155,0.0,-0.04422103,11.912147,9.583934
0.2,1.0,0.0,0.0,0.0,0.0,28.0,1.0,42.0,161.0,120.63333333333334,45.0,0.0,0.0,1.0,0.0,0.0,0.0,0.0,0.0,0.0,0.0,0.0,0.0,0.0,0.0,0.0,0.0,0.0,1.0,0.0,0.0,0.0,1.0,10.0,1.0,0.0,0.0,0.0,0.0,0.0,0.0,28.0,5.6000000000000005,0.0,0.0,0.0,1.0,1.0,17.0,3.0,364.0,364.0,1092.0,-0.12699258,-0.05282931,-0.018354548,-0.028485296,0.0030356806,-0.001411298,0.15901235,-0.035147287,-1.0235106,0.55109084,0.12765196,-1.2852706,-0.44302827,-0.089130096,-0.78144014,-0.088278376,-0.037715,0.011378728,0.0017176174,0.1426777,0.0005349865,0.0,0.07552218,0.0028394964,-0.25958437,0.0,-0.058426578,0.0,0.0,0.14999568,0.010934687,0.060744636,-0.030904362,-0.042759757,-1.4165742,0.017638816,0.0,0.0,-0.0005991387,0.02827251,0.0,-0.00012008326,1.7804774,0.260047,0.010216516,0.21878327,-0.013405891,1.2296851,0.045474656,-0.34482577,-0.19353941,-0.026580548,0.0,-0.020516586,11.912147,10.380452
0.2,1.0,0.0,0.0,0.0,0.0,28.0,1.0,42.0,161.0,120.63333333333334,45.0,0.0,0.0,1.0,0.0,0.0,0.0,0.0,0.0,0.0,0.0,0.0,0.0,0.0,0.0,0.0,0.0,0.0,1.0,0.0,0.0,0.0,1.0,10.0,1.0,0.0,0.0,0.0,0.0,0.0,0.0,28.0,5.6000000000000005,0.0,0.0,0.0,1.0,1.0,14.0,3.0,364.0,364.0,1092.0,-0.056152448,-0.047252808,-0.019351665,-0.029763663,0.0030356806,-0.0019158735,0.19249354,-0.03463704,-1.0744954,0.48454866,0.1245877,-1.2742459,-0.37558237,-0.06342656,-1.0230497,-0.076807894,-0.034163915,0.01707887,0.012851164,0.15351377,0.0057877363,0.0,0.107785664,0.002617412,-0.2555137,0.0,-0.052948695,0.0,0.0,0.14710191,0.007307521,0.06429236,-0.030904362,-0.041177213,-1.2569871,0.010746345,0.0,0.0,-0.0005991387,0.07250144,0.0,-0.00012008326,1.7131977,0.29940256,0.010657092,0.46962893,-0.013172162,1.2454556,0.046161275,3.550561,-0.12516811,0.0022100015,0.0,-0.012121089,11.912147,14.756116
0.2,1.0,0.0,0.0,0.0,0.0,28.0,1.0,42.0,161.0,120.63333333333334,45.0,0.0,0.0,1.0,0.0,0.0,0.0,0.0,0.0,0.0,0.0,0.0,0.0,0.0,0.0,0.0,0.0,0.0,1.0,0.0,0.0,0.0,1.0,10.0,1.0,0.0,0.0,0.0,0.0,0.0,0.0,28.0,5.6000000000000005,0.0,0.0,0.0,1.0,1.0,31.0,3.0,364.0,364.0,1092.0,-0.10536182,-0.04980762,-0.01662158,-0.0255626,0.0050189984,-0.0021176757,0.16087513,-0.03558956,-0.9293491,0.59576136,0.1367672,-1.2843025,-0.4324686,-0.091191426,-0.81923234,-0.089132346,-0.03459389,0.012715498,0.0014679484,0.1461004,0.0005395161,0.0,0.07073887,0.0020517881,-0.25424135,0.0,-0.055246387,0.0,0.0,0.15084851,0.0031570373,0.06317257,-0.030636119,-0.042799287,-1.4211112,0.020762533,0.0,0.0,-0.0004941309,0.031709842,0.0,-0.00020499954,1.8368431,0.261253,0.037056264,0.60678947,-0.014080682,1.4132938,0.060580976,1.0458933,-0.17256337,0.0073358286,0.0,-0.017986903,11.912147,12.658182
0.2,1.0,0.0,0.0,0.0,0.0,28.0,1.0,42.0,161.0,120.63333333333334,45.0,0.0,0.0,1.0,0.0,0.0,0.0,0.0,0.0,0.0,0.0,0.0,0.0,0.0,0.0,0.0,0.0,0.0,1.0,0.0,0.0,0.0,1.0,10.0,1.0,0.0,0.0,0.0,0.0,0.0,0.0,28.0,5.6000000000000005,0.0,1.0,0.0,0.0,1.0,194.0,3.0,392.0,392.0,1176.0,-0.084491774,-0.07309089,-0.01706762,-0.04411069,0.0022694494,-0.005637321,0.15025489,-0.043686572,-0.8797276,0.48811573,0.1040974,-1.3112868,-0.4444115,-0.08322393,-0.62069994,-0.106733,-0.03939105,0.011582661,-0.003349665,0.13499612,0.00041232505,0.0,0.054401044,0.0011559274,-0.27247164,0.0,-0.041140147,0.0,0.0,0.16460116,0.029376011,0.06856598,-0.03355342,-0.042764556,-1.321018,0.018700466,0.0,0.0,-0.0020706188,0.0320278,0.0,-0.00013463495,1.8431369,0.19268753,0.0010144016,-0.21801661,-0.018775593,-0.23405549,0.06712144,-1.5767609,-0.40797442,-0.018471295,0.0,-0.09040524,11.912147,7.242145
0.2,1.0,0.0,0.0,0.0,0.0,28.0,1.0,42.0,161.0,120.63333333333334,45.0,0.0,0.0,1.0,0.0,0.0,0.0,0.0,0.0,0.0,0.0,0.0,0.0,0.0,0.0,0.0,0.0,0.0,1.0,0.0,0.0,0.0,1.0,10.0,1.0,0.0,0.0,0.0,0.0,0.0,0.0,28.0,5.6000000000000005,0.0,1.0,0.0,0.0,1.0,117.0,3.0,476.0,476.0,1428.0,-0.080588415,-0.072514005,-0.014711254,-0.044705477,0.0022694494,-0.0046194033,0.14975075,-0.0434439,-0.8513142,0.48822263,0.10465178,-1.3082284,-0.4429222,-0.08107836,-0.6029451,-0.10665302,-0.035837557,0.01072935,0.0010625698,0.13486914,0.00039563052,0.0,0.040731866,0.0011559274,-0.27252746,0.0,-0.03774548,0.0,0.0,0.15873936,0.022130966,0.06706641,-0.03388392,-0.04093396,-1.3291187,0.017235735,0.0,0.0,-0.0015099599,0.032341573,0.0,-0.00013463495,1.8956677,0.19441494,0.0030718683,-0.18961106,-0.016640497,-0.23016869,0.119480535,-0.5864347,-0.35408875,0.094958395,0.0,-0.07816194,11.912147,8.590572
0.2,1.0,0.0,0.0,0.0,0.0,28.0,1.0,42.0,161.0,120.63333333333334,45.0,0.0,0.0,1.0,0.0,0.0,0.0,0.0,0.0,0.0,0.0,0.0,0.0,0.0,0.0,0.0,0.0,0.0,1.0,0.0,0.0,0.0,1.0,10.0,1.0,0.0,0.0,0.0,0.0,0.0,0.0,28.0,5.6000000000000005,0.0,1.0,0.0,0.0,0.0,19.0,3.0,112.0,112.0,336.0,-0.087413594,-0.06460873,-0.015362673,-0.04307986,0.0022528889,-0.0015666785,0.14281496,-0.042396374,-0.86959636,0.5018079,0.12739517,-1.2974122,-0.45273793,-0.08658329,-0.73514616,-0.10462045,-0.034696445,0.013043347,0.0037834782,0.14774826,0.00043698106,0.0,0.04783068,0.00081341533,-0.26030016,0.0,-0.051939275,0.0,0.0,0.15582551,-0.002126679,0.06973755,-0.033128116,-0.040580034,-1.3160824,0.021001779,0.0,0.0,-0.0008418488,0.030001776,0.0,-0.00020249482,1.8850687,0.12226838,0.0051536364,-0.11208293,-0.011791628,-0.21646793,-0.08378248,1.1501825,-0.17853862,0.42235583,0.0,0.16261233,11.912147,10.781192
0.2,1.0,0.0,0.0,0.0,0.0,28.0,1.0,42.0,161.0,120.63333333333334,45.0,0.0,0.0,1.0,0.0,0.0,0.0,0.0,0.0,0.0,0.0,0.0,0.0,0.0,0.0,0.0,0.0,0.0,1.0,0.0,0.0,0.0,1.0,10.0,1.0,0.0,0.0,0.0,0.0,0.0,0.0,28.0,5.6000000000000005,0.0,1.0,0.0,0.0,0.0,108.0,3.0,182.0,182.0,546.0,-0.075076275,-0.070174545,-0.016074397,-0.043794554,0.00232683,-0.00467563,0.1311631,-0.045764584,-0.8720646,0.47884494,0.10247078,-1.2957245,-0.44709355,-0.08347903,-0.5993945,-0.107336335,-0.036091413,0.0113679785,0.00040669116,0.13592531,0.00041177354,0.0,0.048507784,0.00067855604,-0.27097532,0.0,-0.042558372,0.0,0.0,0.15247943,0.010912428,0.06850117,-0.033438254,-0.039972045,-1.3205926,0.017049097,0.0,0.0,-0.0034950774,0.032253142,0.0,-0.00021317149,1.8850349,0.15762465,0.0036751775,-0.19976398,-0.017746039,-0.23036554,-0.2524241,-0.879472,-0.3602857,-0.1972813,0.0,-0.06364532,11.912147,7.5428095
0.2,1.0,0.0,0.0,0.0,0.0,28.0,1.0,42.0,336.0,120.63333333333334,53.0,0.0,0.0,1.0,0.0,0.0,0.0,0.0,0.0,0.0,0.0,0.0,0.0,0.0,0.0,0.0,0.0,0.0,1.0,0.0,0.0,0.0,1.0,10.0,1.0,0.0,0.0,0.0,0.0,0.0,0.0,28.0,5.6000000000000005,0.0,1.0,0.0,0.0,0.0,96.0,3.0,364.0,364.0,1092.0,-0.12817547,-0.10013038,-0.015550137,-0.044975713,0.00232683,-0.004650137,0.055631813,-0.14416295,-0.8796333,-2.4404683,0.080403484,-1.4981414,-0.49587172,-0.083140105,-1.271791,-0.0984355,-0.032611396,0.011897727,0.0010514944,0.10983704,0.0004066154,0.0,0.019327112,-0.0004010474,-0.2703803,0.0,-0.05401706,0.0,0.0,0.15102024,-0.04362221,0.046457138,-0.09241882,-0.1849303,-2.361843,0.016261518,0.0,0.0,-0.003703118,0.02421688,0.0,-0.00013463495,1.8690221,0.07802276,0.0011416231,-0.23050407,-0.01403154,-0.22753374,-0.17028807,-0.8061774,-0.35558257,-0.013696554,0.0,-0.059767835,11.912147,2.252401
0.2,1.0,0.0,0.0,0.0,0.0,28.0,1.0,42.0,336.0,120.63333333333334,53.0,0.0,0.0,1.0,0.0,0.0,0.0,0.0,0.0,0.0,0.0,0.0,0.0,0.0,0.0,0.0,0.0,0.0,1.0,0.0,0.0,0.0,1.0,10.0,1.0,0.0,0.0,0.0,0.0,0.0,0.0,28.0,5.6000000000000005,0.0,1.0,0.0,0.0,0.0,94.0,1.2,140.0,140.0,168.0,-0.11488794,-0.08962045,-0.016290879,-0.045873895,0.003637984,-0.0061173635,0.035922214,-0.123204894,-0.9652897,-2.387418,0.096720435,-1.4684464,-0.49994433,-0.0947637,-1.5524073,-0.0977724,-0.033049416,0.013867961,0.0017931071,0.11778979,0.0004316729,0.0,0.078859836,0.0011706979,-0.2670605,0.0,-0.057168018,0.0,0.0,0.115221605,-0.058929157,0.051808834,-0.081110075,-0.18789032,-2.227552,0.01832368,0.0,0.0,-0.0014377693,0.059302337,0.0,-0.00051438645,1.8322219,0.071705125,0.003952048,-0.107176445,-0.008828531,-0.19038679,-0.109940894,0.13577989,1.6099182,-0.06974303,0.0,0.19427809,11.912147,5.492025
0.2,1.0,0.0,0.0,0.0,0.0,28.0,1.0,42.0,336.0,120.63333333333334,53.0,0.0,0.0,1.0,0.0,0.0,0.0,0.0,0.0,0.0,0.0,0.0,0.0,0.0,0.0,0.0,0.0,0.0,1.0,0.0,0.0,0.0,1.0,10.0,1.0,0.0,0.0,0.0,0.0,0.0,0.0,28.0,5.6000000000000005,0.0,1.0,0.0,0.0,0.0,90.0,1.8,140.0,140.0,252.0,-0.15225661,-0.090631224,-0.015664201,-0.043263927,0.00232683,-0.007659689,0.058271307,-0.1317218,-0.92417705,-2.4874382,0.1108373,-1.4552708,-0.51061505,-0.091915786,-1.5046095,-0.097484805,-0.03531933,0.01334695,0.0017471102,0.11453241,0.00046141012,0.0,0.079600096,0.00072112744,-0.25489753,0.0,-0.05832909,0.0,0.0,0.12732033,-0.04880391,0.04985285,-0.087361276,-0.20399116,-2.3568544,0.020196743,0.0,0.0,-0.00092431786,0.029474601,0.0,-0.0010996191,1.8327489,0.06408312,0.0045458064,-0.14273152,-0.0083736535,-0.21545401,-0.112523034,0.09726474,0.8847786,-0.065093234,0.0,0.17222686,11.912147,4.472017
0.2,1.0,0.0,0.0,0.0,0.0,28.0,1.0,42.0,336.0,120.63333333333334,53.0,0.0,0.0,1.0,0.0,0.0,0.0,0.0,0.0,0.0,0.0,0.0,0.0,0.0,0.0,0.0,0.0,0.0,1.0,0.0,0.0,0.0,1.0,10.0,1.0,0.0,0.0,0.0,0.0,0.0,0.0,28.0,5.6000000000000005,0.0,1.0,0.0,0.0,0.0,92.0,2.4,140.0,140.0,336.0,-0.1349553,-0.089841366,-0.016385987,-0.044978097,0.00232683,-0.0045915353,0.09636985,-0.12153417,-0.9827051,-2.34966,0.09132652,-1.5022454,-0.49796137,-0.09414724,-1.5411628,-0.09790977,-0.03285473,0.013452346,0.0006188605,0.11143893,0.00036980648,0.0,0.08132558,0.0011706979,-0.2710044,0.0,-0.060359247,0.0,0.0,0.14135852,-0.05504325,0.05065691,-0.08851911,-0.19426166,-2.231579,0.018411124,0.0,0.0,-0.0011877071,0.024272896,0.0,-0.0010996191,1.8206476,0.10648594,0.004556748,-0.13145392,-0.00878002,-0.20904261,-0.08948964,0.008853363,0.32941023,-0.07369095,0.0,0.1895974,11.912147,4.0783525
0.2,1.0,0.0,0.0,0.0,0.0,28.0,1.0,42.0,336.0,120.63333333333334,53.0,0.0,0.0,1.0,0.0,0.0,0.0,0.0,0.0,0.0,0.0,0.0,0.0,0.0,0.0,0.0,0.0,0.0,1.0,0.0,0.0,0.0,1.0,10.0,1.0,0.0,0.0,0.0,0.0,0.0,0.0,28.0,5.6000000000000005,0.0,1.0,0.0,0.0,0.0,92.0,3.0,140.0,140.0,420.0,-0.14021751,-0.091345474,-0.01625879,-0.043745343,0.00232683,-0.0047068372,0.10288971,-0.13178203,-0.95359194,-2.4074295,0.08357109,-1.5067426,-0.49789804,-0.095208734,-1.5060147,-0.09876156,-0.032139506,0.011856124,0.00042725564,0.11067481,0.00036980648,0.0,0.023601538,0.00067855604,-0.2701058,0.0,-0.060681354,0.0,0.0,0.14344734,-0.055530526,0.050457396,-0.088542506,-0.19128205,-2.3364863,0.01916362,0.0,0.0,-0.0010467909,0.024373218,0.0,-0.00047876127,1.8254592,0.09798252,0.0027858724,-0.22283061,-0.012843986,-0.2229312,-0.09986863,-0.086896,-0.3584956,-0.09940061,0.0,-0.07239181,11.912147,2.7065587
0.2,1.0,0.0,0.0,0.0,0.0,28.0,1.0,42.0,336.0,120.63333333333334,53.0,0.0,0.0,1.0,0.0,0.0,0.0,0.0,0.0,0.0,0.0,0.0,0.0,0.0,0.0,0.0,0.0,0.0,1.0,0.0,0.0,0.0,1.0,10.0,1.0,0.0,0.0,0.0,0.0,0.0,0.0,28.0,5.6000000000000005,0.0,1.0,0.0,0.0,0.0,29.0,3.0,280.0,280.0,840.0,-0.16823576,-0.089027114,-0.016151858,-0.04147594,0.00232683,-0.0020552229,0.06388547,-0.13805941,-0.8867947,-2.4757953,0.10154348,-1.5009285,-0.50017864,-0.09061283,-1.5149009,-0.09860093,-0.0316077,0.012453717,0.0013192064,0.11710579,0.0003995437,0.0,0.032384567,0.0009743751,-0.25950316,0.0,-0.06356436,0.0,0.0,0.14980528,-0.053885367,0.04979569,-0.087832876,-0.20679599,-2.450106,0.021260725,0.0,0.0,-0.0010467909,0.022957712,0.0,-0.00020249482,1.866257,0.07233084,0.0013308144,-0.18418449,-0.009583043,-0.21843065,-0.08426309,0.8820272,-0.2200121,-0.005782911,0.0,-0.023006255,11.912147,3.8876805
0.2,1.0,0.0,0.0,0.0,0.0,28.0,1.0,42.0,336.0,120.63333333333334,53.0,0.0,0.0,1.0,0.0,0.0,0.0,0.0,0.0,0.0,0.0,0.0,0.0,0.0,0.0,0.0,0.0,0.0,1.0,0.0,0.0,0.0,1.0,10.0,1.0,0.0,0.0,0.0,0.0,0.0,0.0,28.0,5.6000000000000005,0.0,1.0,0.0,0.0,1.0,412.0,3.0,392.0,392.0,1176.0,-0.13551867,-0.1023164,-0.014648372,-0.04379922,0.0022694494,-0.0020590473,0.11916654,-0.14236957,-0.8755273,-2.5322876,0.08404696,-1.515433,-0.48891836,-0.08332607,-1.3635927,-0.098528415,-0.03220999,0.013021158,0.0014747471,0.107779816,0.00033680227,0.0,0.04289996,0.0011481564,-0.2699331,0.0,-0.051329065,0.0,0.0,0.15778008,-0.033993028,0.05217324,-0.08723329,-0.21033055,-2.3524628,0.01189206,0.0,0.0,-0.0012370177,0.025215017,0.0,-0.00013463495,1.8383124,0.11601912,0.003059265,-0.17338783,-0.011494913,-0.21854798,0.054544624,0.15257376,-0.30548838,0.06438605,0.0,-0.056017917,11.912147,3.5581205
0.2,1.0,0.0,0.0,0.0,0.0,28.0,1.0,42.0,336.0,120.63333333333334,53.0,0.0,0.0,1.0,0.0,0.0,0.0,0.0,0.0,0.0,0.0,0.0,0.0,0.0,0.0,0.0,0.0,0.0,1.0,0.0,0.0,0.0,1.0,10.0,1.0,0.0,0.0,0.0,0.0,0.0,0.0,28.0,5.6000000000000005,0.0,1.0,0.0,0.0,1.0,204.0,1.8,392.0,392.0,705.6,-0.1513806,-0.09498223,-0.013989697,-0.04350179,0.0022694494,-0.004747684,0.032875713,-0.1437546,-0.87036777,-2.562078,0.09157055,-1.4987267,-0.49303648,-0.08259064,-1.3272355,-0.09745342,-0.032346163,0.013539059,0.0018925888,0.11401832,0.00035868812,0.0,0.04733188,0.0011559274,-0.26657543,0.0,-0.050413396,0.0,0.0,0.13391726,-0.04019,0.052538093,-0.08988401,-0.20423755,-2.2027898,0.01611537,0.0,0.0,-0.0010063768,0.050176345,0.0,-0.0002449644,1.8238685,0.10822709,0.0016297009,-0.12982002,-0.007986034,-0.1887291,0.11227846,-0.37502784,1.4576076,0.08072624,0.0,-0.035806008,11.912147,5.0453386
0.2,1.0,0.0,0.0,0.0,0.0,28.0,1.0,42.0,336.0,120.63333333333334,53.0,0.0,0.0,1.0,0.0,0.0,0.0,0.0,0.0,0.0,0.0,0.0,0.0,0.0,0.0,0.0,0.0,0.0,1.0,0.0,0.0,0.0,1.0,10.0,1.0,0.0,0.0,0.0,0.0,0.0,0.0,28.0,5.6000000000000005,0.0,1.0,0.0,0.0,1.0,2432.0,3.0,392.0,392.0,1176.0,-0.13484342,-0.1107184,-0.015384433,-0.043792285,0.0022694494,-0.0022762096,0.12591274,-0.13015628,-0.9111582,-2.513156,0.0801907,-1.5318903,-0.49097568,-0.08468401,-1.2996224,-0.09967227,-0.032248273,0.011109835,-0.00022616367,0.10710962,0.00037747604,0.0,0.039453372,0.0011481564,-0.27191958,0.0,-0.050970323,0.0,0.0,0.15634681,-0.051858842,0.051956285,-0.08759596,-0.20962495,-2.330971,0.015287181,0.0,0.0,-0.0024647631,0.023957385,0.0,-0.00012695184,1.8553939,0.119319886,0.0031200591,-0.19777285,-0.016195612,-0.22788161,0.056731474,-1.0249412,-0.3659304,0.0051732697,0.0,-0.05424329,11.912147,2.273703
0.2,1.0,0.0,0.0,0.0,0.0,28.0,1.0,42.0,336.0,120.63333333333334,53.0,0.0,0.0,1.0,0.0,0.0,0.0,0.0,0.0,0.0,0.0,0.0,0.0,0.0,0.0,0.0,0.0,0.0,1.0,0.0,0.0,0.0,1.0,10.0,1.0,0.0,0.0,0.0,0.0,0.0,0.0,28.0,5.6000000000000005,0.0,1.0,0.0,0.0,1.0,1467.0,3.0,1120.0,1120.0,3360.0,-0.12931995,-0.13083749,-0.015103234,-0.044042442,0.0022694494,-0.0020388695,0.08847734,-0.1457366,-0.883578,-2.479354,0.08412988,-1.5684772,-0.4886617,-0.08282737,-1.3082879,-0.098682836,-0.032298602,0.0115878945,0.0014734749,0.10743155,0.0003660914,0.0,0.038390703,0.0011481564,-0.26969963,0.0,-0.047294345,0.0,0.0,0.14460951,-0.03683823,0.05292911,-0.087474875,-0.20448725,-2.348525,0.011083322,0.0,0.0,-0.0011234699,0.023924211,0.0,-0.00013463495,1.8601519,0.10258376,0.0029613476,-0.17410055,-0.0127740605,-0.22116506,0.06332855,-0.13289073,-0.31749797,0.13991582,0.0,-0.07628492,11.912147,3.3093715
0.2,1.0,0.0,0.0,0.0,0.0,28.0,1.0,42.0,336.0,120.63333333333334,53.0,0.0,0.0,1.0,0.0,0.0,0.0,0.0,0.0,0.0,0.0,0.0,0.0,0.0,0.0,0.0,0.0,0.0,1.0,0.0,0.0,0.0,1.0,10.0,1.0,0.0,0.0,0.0,0.0,0.0,0.0,28.0,5.6000000000000005,0.0,1.0,0.0,0.0,1.0,349.0,3.0,476.0,476.0,1428.0,-0.14823332,-0.10567292,-0.014980397,-0.04576436,0.0022694494,-0.002740283,0.04635659,-0.1424716,-0.8426152,-2.508093,0.08113442,-1.516633,-0.48944715,-0.08268766,-1.287234,-0.09868382,-0.0336537,0.01156947,0.000824634,0.10662286,0.00034199358,0.0,0.030749477,0.0011559274,-0.2707373,0.0,-0.048369274,0.0,0.0,0.16015625,-0.045996264,0.05210252,-0.08747883,-0.2037654,-2.3580236,0.018292159,0.0,0.0,-0.001567305,0.022594646,0.0,-0.00013463495,1.8492378,0.11377327,0.0007242348,-0.21844581,-0.012695582,-0.22133175,0.05328562,-0.8823936,-0.3828529,-0.07186266,0.0,-0.077915855,11.912147,2.260857
0.2,1.0,0.0,0.0,0.0,0.0,28.0,1.0,42.0,336.0,120.63333333333334,53.0,0.0,0.0,1.0,0.0,0.0,0.0,0.0,0.0,0.0,0.0,0.0,0.0,0.0,0.0,0.0,0.0,0.0,1.0,0.0,0.0,0.0,1.0,10.0,1.0,0.0,0.0,0.0,0.0,0.0,0.0,28.0,5.6000000000000005,1.0,0.0,0.0,0.0,1.0,175.0,3.0,224.0,224.0,672.0,-0.14108889,-0.09253131,-0.014795455,-0.052557547,0.0022694494,-0.0023664641,0.09292975,-0.1441639,-0.92270786,-2.3593793,0.08277835,-1.5330352,-0.49118522,-0.08300798,-1.3018267,-0.0970008,-0.032480627,0.011385671,0.0008120877,0.109510735,0.00038859004,0.0,0.027756808,0.0020645421,-0.27094293,0.0,-0.053080134,0.0,0.0,0.14834885,-0.034257665,0.04750959,-0.091692306,-0.2096668,-2.2522407,0.017091526,0.0,0.0,-0.0014825956,0.025605004,0.0,-0.00012387785,1.7209139,0.1292973,0.03302803,0.6945985,-0.014591954,-0.23631893,0.09543752,-0.78422195,-0.29903206,-0.039693616,0.0,-0.015610556,11.912147,3.582791
0.2,1.0,0.0,0.0,0.0,0.0,28.0,1.0,42.0,336.0,120.63333333333334,53.0,0.0,0.0,1.0,0.0,0.0,0.0,0.0,0.0,0.0,0.0,0.0,0.0,0.0,0.0,0.0,0.0,0.0,1.0,0.0,0.0,0.0,1.0,10.0,1.0,0.0,0.0,0.0,0.0,0.0,0.0,28.0,5.6000000000000005,0.0,0.0,1.0,0.0,1.0,125.0,3.0,392.0,392.0,1176.0,-0.14734392,-0.10287685,-0.01389724,-0.051295713,0.0021115988,-0.0023782633,0.029501183,-0.13274053,-1.0155079,-2.3858085,0.08442572,-1.536152,-0.49055544,-0.07959033,-1.3106318,-0.095898055,-0.03292318,0.010959313,0.0009592538,0.109307736,0.00040933926,0.0,0.026465049,0.0026595485,-0.27167374,0.0,-0.05434674,0.0,0.0,0.15551345,-0.047322158,0.047561806,-0.08666448,-0.2043882,-2.22156,0.020139348,0.0,0.0,-0.0013944345,0.028464364,0.0,-0.0001058103,1.7826914,0.13939872,0.033359777,0.7701496,0.16522497,-0.2358587,0.10975553,-0.53291374,-0.27220714,0.045229938,0.0,-0.053916357,11.912147,4.0964823
0.2,1.0,0.0,0.0,0.0,0.0,28.0,1.0,42.0,336.0,120.63333333333334,53.0,0.0,0.0,1.0,0.0,0.0,0.0,0.0,0.0,0.0,0.0,0.0,0.0,0.0,0.0,0.0,0.0,0.0,1.0,0.0,0.0,0.0,1.0,10.0,1.0,0.0,0.0,0.0,0.0,0.0,0.0,28.0,5.6000000000000005,0.0,0.0,0.0,1.0,1.0,17.0,3.0,364.0,364.0,1092.0,-0.21384722,-0.07340498,-0.01681279,-0.026848016,0.0030356806,-0.0013832455,0.10283189,-0.091232635,-1.0280371,-2.3925962,0.106427506,-1.4122587,-0.45932958,-0.090304755,-1.6747836,-0.08577358,-0.034102317,0.01127026,0.0016725928,0.11561567,0.00049301947,0.0,0.054012004,0.0028394964,-0.25786743,0.0,-0.06939136,0.0,0.0,0.14557505,-0.042215828,0.04302556,-0.06495893,-0.21759109,-2.4887478,0.016430821,0.0,0.0,-0.0005991387,0.020531455,0.0,-0.00012008326,1.6791018,0.16907157,0.007999271,0.3157145,-0.010626959,1.1534213,0.04264275,-0.31488323,-0.18684286,-0.033374365,0.0,-0.020215876,11.912147,4.5957108
0.2,1.0,0.0,0.0,0.0,0.0,28.0,1.0,42.0,336.0,120.63333333333334,53.0,0.0,0.0,1.0,0.0,0.0,0.0,0.0,0.0,0.0,0.0,0.0,0.0,0.0,0.0,0.0,0.0,0.0,1.0,0.0,0.0,0.0,1.0,10.0,1.0,0.0,0.0,0.0,0.0,0.0,0.0,28.0,5.6000000000000005,0.0,0.0,0.0,1.0,1.0,14.0,3.0,364.0,364.0,1092.0,-0.12754355,-0.069174334,-0.016093297,-0.026981864,0.0030356806,0.0032853656,0.16517735,-0.09072239,-1.0975276,-2.3789184,0.10456303,-1.395281,-0.41172493,-0.06475479,-1.7627578,-0.07614625,-0.030648895,0.013453323,0.01280614,0.12727809,0.004384269,0.0,0.08182547,0.002617412,-0.25341403,0.0,-0.0631651,0.0,0.0,0.14268127,-0.04584299,0.048256855,-0.06495893,-0.19779949,-2.2837665,0.008563682,0.0,0.0,-0.0005991387,0.064760394,0.0,-0.00012008326,1.640871,0.21571328,0.008439845,0.5869624,-0.010393231,1.1709719,0.04221571,3.6611204,-0.13080026,-0.00079246674,0.0,-0.017037539,11.912147,9.404164
0.2,1.0,0.0,0.0,0.0,0.0,28.0,1.0,42.0,336.0,120.63333333333334,53.0,0.0,0.0,1.0,0.0,0.0,0.0,0.0,0.0,0.0,0.0,0.0,0.0,0.0,0.0,0.0,0.0,0.0,1.0,0.0,0.0,0.0,1.0,10.0,1.0,0.0,0.0,0.0,0.0,0.0,0.0,28.0,5.6000000000000005,0.0,0.0,0.0,1.0,1.0,31.0,3.0,364.0,364.0,1092.0,-0.18902783,-0.07272226,-0.015921295,-0.023982488,0.0050189984,-0.0021052312,0.09270709,-0.09403313,-0.9386688,-2.4361115,0.115061976,-1.4197422,-0.4487699,-0.092366084,-1.738492,-0.0871666,-0.030915467,0.0126070315,0.001422924,0.1189401,0.0004975491,0.0,0.057339415,0.0020517881,-0.2525392,0.0,-0.066241436,0.0,0.0,0.14642787,-0.049837224,0.04451159,-0.06490153,-0.21763064,-2.4932199,0.019554537,0.0,0.0,-0.0004941309,0.023968786,0.0,-0.00020499954,1.7330846,0.17226534,0.034723405,0.7009087,-0.011301749,1.3347178,0.05473067,0.98213816,-0.16464898,0.0016879038,0.0,-0.017531643,11.912147,6.6379385
0.2,1.0,0.0,0.0,0.0,0.0,28.0,1.0,42.0,336.0,120.63333333333334,53.0,0.0,0.0,1.0,0.0,0.0,0.0,0.0,0.0,0.0,0.0,0.0,0.0,0.0,0.0,0.0,0.0,0.0,1.0,0.0,0.0,0.0,1.0,10.0,1.0,0.0,0.0,0.0,0.0,0.0,0.0,28.0,5.6000000000000005,0.0,1.0,0.0,0.0,1.0,194.0,3.0,392.0,392.0,1176.0,-0.14029317,-0.104352385,-0.01685869,-0.044037633,0.0022694494,-0.005670531,0.09512052,-0.1402324,-0.88711095,-2.5296645,0.08015241,-1.5148182,-0.49291793,-0.08403067,-1.2832925,-0.09905522,-0.037267067,0.011474193,-0.0034612697,0.10821926,0.000370358,0.0,0.028562395,0.0011559274,-0.2702261,0.0,-0.051816393,0.0,0.0,0.16018227,-0.040185235,0.04897187,-0.08708212,-0.20600069,-2.3563578,0.016765177,0.0,0.0,-0.0020706188,0.024180133,0.0,-0.00013463495,1.8330752,0.112242,-0.0011492661,-0.2544517,-0.015157098,-0.22763437,0.042135723,-1.5952612,-0.40136796,-0.020565804,0.0,-0.092926554,11.912147,1.4715735
0.2,1.0,0.0,0.0,0.0,0.0,28.0,1.0,42.0,336.0,120.63333333333334,53.0,0.0,0.0,1.0,0.0,0.0,0.0,0.0,0.0,0.0,0.0,0.0,0.0,0.0,0.0,0.0,0.0,0.0,1.0,0.0,0.0,0.0,1.0,10.0,1.0,0.0,0.0,0.0,0.0,0.0,0.0,28.0,5.6000000000000005,0.0,1.0,0.0,0.0,1.0,117.0,3.0,476.0,476.0,1428.0,-0.13823287,-0.10119733,-0.014502321,-0.04434977,0.0022694494,-0.0046526133,0.02785165,-0.1419688,-0.8593761,-2.5046794,0.0809394,-1.5165097,-0.49142864,-0.0818851,-1.278488,-0.09897524,-0.0333927,0.010429431,0.0009509656,0.108124696,0.00035366346,0.0,0.013420961,0.0011559274,-0.2702819,0.0,-0.04920399,0.0,0.0,0.15432046,-0.047430277,0.047134094,-0.087412626,-0.19410968,-2.3646736,0.015300449,0.0,0.0,-0.0015099599,0.0244939,0.0,-0.00013463495,1.881243,0.11304232,0.00090820045,-0.22591044,-0.013022003,-0.22375223,0.106709324,-0.5927542,-0.3522353,0.0967616,0.0,-0.085441515,11.912147,2.7800457
0.2,1.0,0.0,0.0,0.0,0.0,28.0,1.0,42.0,336.0,120.63333333333334,53.0,0.0,0.0,1.0,0.0,0.0,0.0,0.0,0.0,0.0,0.0,0.0,0.0,0.0,0.0,0.0,0.0,0.0,1.0,0.0,0.0,0.0,1.0,10.0,1.0,0.0,0.0,0.0,0.0,0.0,0.0,28.0,5.6000000000000005,0.0,1.0,0.0,0.0,0.0,19.0,3.0,112.0,112.0,336.0,-0.1531892,-0.08641618,-0.014672033,-0.043562323,0.0022528889,-0.0019789764,0.13449083,-0.1368517,-0.86045754,-2.4543586,0.1040229,-1.5067974,-0.5012807,-0.08623226,-1.4928892,-0.09627196,-0.03213115,0.012934879,0.0037384534,0.11675801,0.000395014,0.0,0.06911968,0.00081341533,-0.25817353,0.0,-0.06239405,0.0,0.0,0.15140489,-0.0533288,0.051009107,-0.08784073,-0.19585131,-2.4425924,0.020708343,0.0,0.0,-0.0008418488,0.02222847,0.0,-0.00020249482,1.8202053,0.03136074,0.0046774657,-0.15494579,-0.0088898465,-0.20946017,-0.06410799,1.0861512,-0.19533373,0.4608455,0.0,0.16679014,11.912147,4.971005
0.2,1.0,0.0,0.0,0.0,0.0,28.0,1.0,42.0,336.0,120.63333333333334,53.0,0.0,0.0,1.0,0.0,0.0,0.0,0.0,0.0,0.0,0.0,0.0,0.0,0.0,0.0,0.0,0.0,0.0,1.0,0.0,0.0,0.0,1.0,10.0,1.0,0.0,0.0,0.0,0.0,0.0,0.0,28.0,5.6000000000000005,0.0,1.0,0.0,0.0,0.0,108.0,3.0,182.0,182.0,546.0,-0.14040484,-0.09871409,-0.016351953,-0.04589316,0.00232683,-0.00470884,0.019072782,-0.15115368,-0.8690529,-2.4573238,0.07918262,-1.5073683,-0.4956,-0.08428577,-1.2619709,-0.09969366,-0.033156045,0.011259511,0.00029508694,0.109108225,0.00036980648,0.0,0.023264471,0.00067855604,-0.26872978,0.0,-0.0534424,0.0,0.0,0.14806056,-0.04401893,0.048502926,-0.090646565,-0.18900743,-2.3729804,0.016280923,0.0,0.0,-0.0034950774,0.024373218,0.0,-0.00021317149,1.8712397,0.076058455,0.0015115091,-0.23367673,-0.014085926,-0.22343998,-0.18364885,-0.890553,-0.36398163,-0.19776428,0.0,-0.06925291,11.912147,1.8791183
0.2,1.0,0.0,0.0,0.0,0.0,112.0,1.0,56.0,56.0,120.63333333333334,24.0,0.0,0.0,0.0,0.0,0.0,0.0,0.0,0.0,0.0,1.0,0.0,0.0,0.0,0.0,0.0,0.0,0.0,1.0,0.0,0.0,0.0,1.0,9.0,0.0,0.0,1.0,0.0,0.0,0.0,0.0,112.0,22.4,0.0,1.0,0.0,0.0,0.0,96.0,3.0,364.0,364.0,1092.0,-2.2087243,-0.057052262,-0.010644862,-0.031412058,0.006963813,-0.002217675,0.5034331,-0.037321642,0.68320805,1.2572193,0.09805171,25.492968,-0.18122302,-0.046480663,0.03050419,-0.06645336,-0.017906915,0.013614007,0.00033350184,0.28318885,0.0010963604,0.0,0.05212597,0.00032006582,-0.12998617,0.0,-0.041923106,0.0,0.0,0.1416828,0.0017327489,0.069185935,-0.026317859,-0.03475444,-0.8376228,-0.033317447,0.0,0.0,-0.0037076867,0.0350252,0.0,-0.00027000732,1.0052236,0.22694366,0.0058046686,-0.28256637,-0.0028013755,-0.13259211,-0.30773234,-0.82184225,-0.33451134,0.05530205,0.0,-0.05154399,11.912147,36.175175
0.2,1.0,0.0,0.0,0.0,0.0,112.0,1.0,56.0,56.0,120.63333333333334,24.0,0.0,0.0,0.0,0.0,0.0,0.0,0.0,0.0,0.0,1.0,0.0,0.0,0.0,0.0,0.0,0.0,0.0,1.0,0.0,0.0,0.0,1.0,9.0,0.0,0.0,1.0,0.0,0.0,0.0,0.0,112.0,22.4,0.0,1.0,0.0,0.0,0.0,94.0,1.2,140.0,140.0,168.0,-2.0292664,-0.04250198,-0.010316391,-0.044355083,0.0072043417,-0.0036397448,0.48703215,-0.035081346,0.72249,1.3028795,0.10860272,25.131021,-0.1772996,-0.051853642,0.041187122,-0.064449504,-0.0176519,0.016300568,0.0014490323,0.30126202,0.0017924078,0.0,0.07868229,0.0018948968,-0.12998454,0.0,-0.044930857,0.0,0.0,0.11931678,-0.028915288,0.072963,-0.025149897,-0.034370583,-0.79966146,-0.045255035,0.0,0.0,-0.0014972822,0.07456925,0.0,-0.0006242444,1.0049118,0.2530958,0.0047313464,-0.1732208,0.0052614324,-0.10506392,-0.17377041,0.2624099,1.537263,-0.13415052,0.0,0.1721138,11.912147,39.447617
0.2,1.0,0.0,0.0,0.0,0.0,112.0,1.0,56.0,56.0,120.63333333333334,24.0,0.0,0.0,0.0,0.0,0.0,0.0,0.0,0.0,0.0,1.0,0.0,0.0,0.0,0.0,0.0,0.0,0.0,1.0,0.0,0.0,0.0,1.0,9.0,0.0,0.0,1.0,0.0,0.0,0.0,0.0,112.0,22.4,0.0,1.0,0.0,0.0,0.0,90.0,1.8,140.0,140.0,252.0,-2.047835,-0.041493855,-0.010064023,-0.042697404,0.006963813,-0.0058790315,0.48730072,-0.03763452,0.7070197,1.3257124,0.104209766,25.129477,-0.18024029,-0.050657522,0.04041551,-0.06608769,-0.01816514,0.015383693,0.0011275574,0.2972009,0.002025343,0.0,0.071996935,0.0014453264,-0.13084853,0.0,-0.045305565,0.0,0.0,0.12643899,-0.01051471,0.07127889,-0.026303394,-0.036177464,-0.82459503,-0.04744832,0.0,0.0,-0.0009838308,0.04346606,0.0,-0.0024556564,1.0538143,0.21659759,0.005625146,-0.19613451,0.005641337,-0.11227177,-0.16772887,0.22927994,0.9997674,-0.133251,0.0,0.14896403,11.912147,38.768562
0.2,1.0,0.0,0.0,0.0,0.0,112.0,1.0,56.0,56.0,120.63333333333334,24.0,0.0,0.0,0.0,0.0,0.0,0.0,0.0,0.0,0.0,1.0,0.0,0.0,0.0,0.0,0.0,0.0,0.0,1.0,0.0,0.0,0.0,1.0,9.0,0.0,0.0,1.0,0.0,0.0,0.0,0.0,112.0,22.4,0.0,1.0,0.0,0.0,0.0,92.0,2.4,140.0,140.0,336.0,-2.0513442,-0.041907873,-0.01078235,-0.042639587,0.006963813,-0.0028531433,0.4827355,-0.0337982,0.69603926,1.282692,0.10372354,25.312449,-0.1763372,-0.052056734,0.03634266,-0.06608727,-0.018207842,0.015547321,4.02804e-05,0.28900078,0.0009222899,0.0,0.068347566,0.0018948968,-0.13544852,0.0,-0.04795247,0.0,0.0,0.1343586,-0.007723762,0.0711798,-0.026673941,-0.035088614,-0.80348283,-0.0470398,0.0,0.0,-0.00124722,0.035113472,0.0,-0.0024556564,1.0051717,0.23729402,0.0023754148,-0.19826612,0.0054247007,-0.11466872,-0.1667156,0.23853804,0.2888149,-0.184522,0.0,0.17029552,11.912147,38.13015
0.2,1.0,0.0,0.0,0.0,0.0,112.0,1.0,56.0,56.0,120.63333333333334,24.0,0.0,0.0,0.0,0.0,0.0,0.0,0.0,0.0,0.0,1.0,0.0,0.0,0.0,0.0,0.0,0.0,0.0,1.0,0.0,0.0,0.0,1.0,9.0,0.0,0.0,1.0,0.0,0.0,0.0,0.0,112.0,22.4,0.0,1.0,0.0,0.0,0.0,92.0,3.0,140.0,140.0,420.0,-2.0636363,-0.044675533,-0.011172796,-0.0312865,0.006963813,-0.0022760213,0.46819028,-0.03591857,0.70279795,1.2827305,0.09879714,25.422323,-0.17665501,-0.052576303,0.035467297,-0.06690903,-0.017507594,0.013772506,-0.00015132425,0.28613782,0.0009222899,0.0,0.051715318,0.0013996692,-0.13550176,0.0,-0.04803304,0.0,0.0,0.13550761,-0.0053136647,0.070648305,-0.026697338,-0.035072666,-0.80346954,-0.048666313,0.0,0.0,-0.0011063039,0.035213795,0.0,-0.0019830212,1.0060377,0.23838753,0.0023456141,-0.25982413,-0.0021537347,-0.12896442,-0.16396593,0.15064052,-0.37068942,-0.23854885,0.0,-0.003927581,11.912147,37.145496
0.2,1.0,0.0,0.0,0.0,0.0,112.0,1.0,56.0,56.0,120.63333333333334,24.0,0.0,0.0,0.0,0.0,0.0,0.0,0.0,0.0,0.0,1.0,0.0,0.0,0.0,0.0,0.0,0.0,0.0,1.0,0.0,0.0,0.0,1.0,9.0,0.0,0.0,1.0,0.0,0.0,0.0,0.0,112.0,22.4,0.0,1.0,0.0,0.0,0.0,29.0,3.0,280.0,280.0,840.0,-2.0535529,-0.036693227,-0.011101778,-0.027422018,0.006963813,-0.0016720234,0.43617657,-0.0366099,0.70011616,1.3141917,0.09845562,25.407932,-0.17763925,-0.049237847,0.038099058,-0.06751824,-0.017052026,0.014254098,0.00059691287,0.29083282,0.0011552252,0.0,0.057441197,0.0016864964,-0.13530602,0.0,-0.050703615,0.0,0.0,0.14657432,-0.0035108863,0.07110735,-0.02657168,-0.036606636,-0.81661284,-0.050865058,0.0,0.0,-0.0011063039,0.03368997,0.0,-0.0003179027,1.0173542,0.21601598,0.005157142,-0.24792117,0.0013504219,-0.12278202,-0.14947821,0.7861026,-0.25186473,0.051750828,0.0,0.009387396,11.912147,38.246418
0.2,1.0,0.0,0.0,0.0,0.0,112.0,1.0,56.0,56.0,120.63333333333334,24.0,0.0,0.0,0.0,0.0,0.0,0.0,0.0,0.0,0.0,1.0,0.0,0.0,0.0,0.0,0.0,0.0,0.0,1.0,0.0,0.0,0.0,1.0,9.0,0.0,0.0,1.0,0.0,0.0,0.0,0.0,112.0,22.4,0.0,1.0,0.0,0.0,1.0,412.0,3.0,392.0,392.0,1176.0,-2.1863854,-0.05040936,-0.009820382,-0.035721943,0.0069434615,-0.0017623698,0.54851544,-0.035479687,0.75106496,1.2859633,0.101974666,25.354624,-0.17615418,-0.0465353,0.036508173,-0.06698639,-0.016939612,0.0147346435,0.00075504015,0.28282705,-9.090369e-05,0.0,0.05345084,0.0018736228,-0.13222617,0.0,-0.039521154,0.0,0.0,0.1459764,0.02495843,0.07094133,-0.026278509,-0.03842138,-0.83425164,-0.028716432,0.0,0.0,-0.0012361088,0.03734655,0.0,-0.00027000732,0.9865141,0.22986104,0.010894436,-0.20703217,-0.009738686,-0.12291497,0.12214559,0.11660773,-0.26540816,0.17749996,0.0,-0.15564191,11.912147,37.786205
0.2,1.0,0.0,0.0,0.0,0.0,112.0,1.0,56.0,56.0,120.63333333333334,24.0,0.0,0.0,0.0,0.0,0.0,0.0,0.0,0.0,0.0,1.0,0.0,0.0,0.0,0.0,0.0,0.0,0.0,1.0,0.0,0.0,0.0,1.0,9.0,0.0,0.0,1.0,0.0,0.0,0.0,0.0,112.0,22.4,0.0,1.0,0.0,0.0,1.0,204.0,1.8,392.0,392.0,705.6,-2.1798947,-0.03807693,-0.009627599,-0.048166152,0.0069434615,-0.0038428397,0.5315947,-0.035947997,0.7437441,1.2994999,0.108883865,25.319265,-0.17544323,-0.045856446,0.037916273,-0.0666235,-0.016864747,0.015349762,0.0014091015,0.29194432,0.00040149962,0.0,0.07064887,0.0018770406,-0.12648712,0.0,-0.038628258,0.0,0.0,0.1294783,-0.0031169243,0.07298866,-0.025713611,-0.03762919,-0.7976842,-0.03139577,0.0,0.0,-0.001005468,0.06271864,0.0,-0.00035482235,0.9762365,0.24933286,0.011880854,-0.17847154,0.005870847,-0.104585044,0.18846956,-0.39685693,1.2686929,0.16635887,0.0,0.025420167,11.912147,39.136814
0.2,1.0,0.0,0.0,0.0,0.0,112.0,1.0,56.0,56.0,120.63333333333334,24.0,0.0,0.0,0.0,0.0,0.0,0.0,0.0,0.0,0.0,1.0,0.0,0.0,0.0,0.0,0.0,0.0,0.0,1.0,0.0,0.0,0.0,1.0,9.0,0.0,0.0,1.0,0.0,0.0,0.0,0.0,112.0,22.4,0.0,1.0,0.0,0.0,1.0,2432.0,3.0,392.0,392.0,1176.0,-2.1949635,-0.060820535,-0.01184519,-0.03576033,0.0069434615,-0.0018941838,0.5296452,-0.03465826,0.72662824,1.3088837,0.09769706,25.342445,-0.1778008,-0.047893234,0.032153767,-0.06834372,-0.016649999,0.012825291,-0.0013758983,0.28178355,0.00068363495,0.0,0.048317503,0.0018736228,-0.13126373,0.0,-0.03901687,0.0,0.0,0.15717784,0.024530062,0.07067441,-0.026715074,-0.03771379,-0.82475835,-0.032430004,0.0,0.0,-0.0024638544,0.03496199,0.0,-0.00026232423,1.0231779,0.22652152,0.010955229,-0.24392828,-0.014587964,-0.13280962,0.12409598,-1.0788366,-0.32879096,0.0969717,0.0,-0.17034489,11.912147,36.35519
0.2,1.0,0.0,0.0,0.0,0.0,112.0,1.0,56.0,56.0,120.63333333333334,24.0,0.0,0.0,0.0,0.0,0.0,0.0,0.0,0.0,0.0,1.0,0.0,0.0,0.0,0.0,0.0,0.0,0.0,1.0,0.0,0.0,0.0,1.0,9.0,0.0,0.0,1.0,0.0,0.0,0.0,0.0,112.0,22.4,0.0,1.0,0.0,0.0,1.0,1467.0,3.0,1120.0,1120.0,3360.0,-2.2126982,-0.06815423,-0.010141035,-0.035868287,0.0069434615,-0.0016683717,0.5418445,-0.03526763,0.7355315,1.290485,0.10174157,25.290577,-0.17554796,-0.04640169,0.033160776,-0.067032635,-0.017737754,0.013546792,0.00075376796,0.28206056,0.00015504248,0.0,0.064335585,0.0018736228,-0.13048428,0.0,-0.03540293,0.0,0.0,0.14391054,0.02004444,0.07182401,-0.026508816,-0.03699212,-0.8405685,-0.025625918,0.0,0.0,-0.0011225613,0.036997642,0.0,-0.00027000732,0.99213314,0.22373006,0.0056011006,-0.20769383,-0.010352122,-0.12494937,0.12187804,-0.24492699,-0.27142426,0.13460416,0.0,-0.15827638,11.912147,37.240795
0.2,1.0,0.0,0.0,0.0,0.0,112.0,1.0,56.0,56.0,120.63333333333334,24.0,0.0,0.0,0.0,0.0,0.0,0.0,0.0,0.0,0.0,1.0,0.0,0.0,0.0,0.0,0.0,0.0,0.0,1.0,0.0,0.0,0.0,1.0,9.0,0.0,0.0,1.0,0.0,0.0,0.0,0.0,112.0,22.4,0.0,1.0,0.0,0.0,1.0,349.0,3.0,476.0,476.0,1428.0,-2.232313,-0.053791773,-0.009952883,-0.037590206,0.0069434615,-0.0027880063,0.52527684,-0.03471904,0.7347796,1.2828144,0.098326415,25.456993,-0.17646585,-0.0462777,0.03207654,-0.06714179,-0.019174669,0.01354317,0.00010664153,0.2801035,-0.00023279738,0.0,0.035213917,0.0018770406,-0.13304105,0.0,-0.03612578,0.0,0.0,0.14853872,0.020614974,0.07132167,-0.02644543,-0.036990616,-0.8258345,-0.03618322,0.0,0.0,-0.0015663961,0.033679165,0.0,-0.00027000732,1.007969,0.23271655,0.0053019547,-0.2547816,0.0003515496,-0.12557626,0.108371444,-0.8067984,-0.34469855,-0.0527261,0.0,-0.17470449,11.912147,36.472904
0.2,1.0,0.0,0.0,0.0,0.0,112.0,1.0,56.0,56.0,120.63333333333334,24.0,0.0,0.0,0.0,0.0,0.0,0.0,0.0,0.0,0.0,1.0,0.0,0.0,0.0,0.0,0.0,0.0,0.0,1.0,0.0,0.0,0.0,1.0,9.0,0.0,0.0,1.0,0.0,0.0,0.0,0.0,112.0,22.4,1.0,0.0,0.0,0.0,1.0,175.0,3.0,224.0,224.0,672.0,-2.147456,-0.027490208,-0.009817494,-0.06475314,0.0069434615,-0.0018904035,0.5065017,-0.036691956,0.78096104,1.2770662,0.101165935,25.314802,-0.17424466,-0.044869315,0.034213208,-0.065334335,-0.019029686,0.013392076,0.0002335076,0.2844825,0.0010512499,0.0,0.06140839,0.006077057,-0.12877607,0.0,-0.041799974,0.0,0.0,0.14022915,0.026501583,0.069436476,-0.026378337,-0.03820627,-0.8203974,-0.03243115,0.0,0.0,-0.0014816867,0.036445577,0.0,-0.00017082467,0.9884323,0.2696959,-0.11039353,0.6632421,-0.002682911,-0.1560569,0.16695684,-0.79319495,-0.30963448,-0.117205776,0.0,0.019328708,11.912147,37.51034
0.2,1.0,0.0,0.0,0.0,0.0,112.0,1.0,56.0,56.0,120.63333333333334,24.0,0.0,0.0,0.0,0.0,0.0,0.0,0.0,0.0,0.0,1.0,0.0,0.0,0.0,0.0,0.0,0.0,0.0,1.0,0.0,0.0,0.0,1.0,9.0,0.0,0.0,1.0,0.0,0.0,0.0,0.0,112.0,22.4,0.0,0.0,1.0,0.0,1.0,125.0,3.0,392.0,392.0,1176.0,-2.183485,-0.038065273,-0.009128985,-0.06483605,0.006785611,-0.0022853499,0.52685976,-0.035056528,0.77388054,1.2746098,0.10282185,25.268646,-0.17378019,-0.04318055,0.03255357,-0.06399657,-0.01817157,0.0128133325,0.00023748484,0.2826964,0.0010807131,0.0,0.055783946,0.0063075093,-0.13189586,0.0,-0.04261392,0.0,0.0,0.14341573,0.013437095,0.070407495,-0.026037034,-0.036633536,-0.81023395,-0.040340725,0.0,0.0,-0.0013935256,0.041593898,0.0,-0.00015725255,1.0212693,0.26167354,0.04660204,0.8170114,0.035741623,-0.1488127,0.15539035,-0.60597014,-0.24324064,0.1326287,0.0,-0.16521055,11.912147,38.11187
0.2,1.0,0.0,0.0,0.0,0.0,112.0,1.0,56.0,56.0,120.63333333333334,24.0,0.0,0.0,0.0,0.0,0.0,0.0,0.0,0.0,0.0,1.0,0.0,0.0,0.0,0.0,0.0,0.0,0.0,1.0,0.0,0.0,0.0,1.0,9.0,0.0,0.0,1.0,0.0,0.0,0.0,0.0,112.0,22.4,0.0,0.0,0.0,1.0,1.0,17.0,3.0,364.0,364.0,1092.0,-2.0260363,-0.017107287,-0.011016737,-0.055733893,0.007709693,-0.0013719973,0.51480925,-0.032556042,0.708441,1.3582197,0.10294786,25.20212,-0.17423171,-0.047788575,0.03805246,-0.059610315,-0.017608074,0.013155217,0.00093682826,0.294884,0.0022230842,0.0,0.07308545,0.0089385705,-0.13626482,0.0,-0.05617177,0.0,0.0,0.13177608,0.007544915,0.070689894,-0.025809523,-0.03774664,-0.830044,-0.03387694,0.0,0.0,-0.0006066213,0.031258132,0.0,-0.00016797423,1.0452496,0.27653733,0.020909697,0.48502734,0.004113497,0.66278386,0.09155288,-0.36029014,-0.19397908,0.053287618,0.0,-0.008979426,11.912147,38.991413
0.2,1.0,0.0,0.0,0.0,0.0,112.0,1.0,56.0,56.0,120.63333333333334,24.0,0.0,0.0,0.0,0.0,0.0,0.0,0.0,0.0,0.0,1.0,0.0,0.0,0.0,0.0,0.0,0.0,0.0,1.0,0.0,0.0,0.0,1.0,9.0,0.0,0.0,1.0,0.0,0.0,0.0,0.0,112.0,22.4,0.0,0.0,0.0,1.0,1.0,14.0,3.0,364.0,364.0,1092.0,-1.9718267,-0.008146145,-0.010680078,-0.052267548,0.007709693,-0.0015029798,0.49195388,-0.032045797,0.83962005,1.3569448,0.10407177,24.384516,-0.15497097,-0.037282456,0.047877096,-0.048803285,-0.015723728,0.015669439,0.0047379183,0.31771833,0.032748878,0.0,0.14948419,0.006614223,-0.123428605,0.0,-0.051124323,0.0,0.0,0.12745659,0.0057880585,0.068488106,-0.025809523,-0.036164097,-0.74761224,-0.029027408,0.0,0.0,-0.0006066213,0.08716754,0.0,-0.00016797423,1.1521478,0.48445183,0.021312408,0.7433127,0.0043935836,0.679201,0.091668844,3.3197074,-0.13029513,0.09774704,0.0,0.002084956,11.912147,43.07927
0.2,1.0,0.0,0.0,0.0,0.0,112.0,1.0,56.0,56.0,120.63333333333334,24.0,0.0,0.0,0.0,0.0,0.0,0.0,0.0,0.0,0.0,1.0,0.0,0.0,0.0,0.0,0.0,0.0,0.0,1.0,0.0,0.0,0.0,1.0,9.0,0.0,0.0,1.0,0.0,0.0,0.0,0.0,112.0,22.4,0.0,0.0,0.0,1.0,1.0,31.0,3.0,364.0,364.0,1092.0,-2.020571,-0.019804334,-0.010250542,-0.06208262,0.009693011,-0.0016057161,0.45995593,-0.03255515,0.68694216,1.3172021,0.10985978,25.153656,-0.17198014,-0.049650695,0.038338184,-0.058544092,-0.016830282,0.014540758,0.00070063036,0.2956129,0.0022555303,0.0,0.06382846,0.0061171534,-0.1373556,0.0,-0.053601697,0.0,0.0,0.13264264,0.0003505075,0.07308384,-0.025523437,-0.03778617,-0.83817375,-0.046543404,0.0,0.0,-0.00057774776,0.034695465,0.0,-0.0005001456,1.0534364,0.27988815,0.042001966,0.8159373,0.0032257077,0.8694567,0.10405457,0.8128818,-0.17951076,0.09512008,0.0,0.0006178498,11.912147,40.624817
0.2,1.0,0.0,0.0,0.0,0.0,112.0,1.0,56.0,56.0,120.63333333333334,24.0,0.0,0.0,0.0,0.0,0.0,0.0,0.0,0.0,0.0,1.0,0.0,0.0,0.0,0.0,0.0,0.0,0.0,1.0,0.0,0.0,0.0,1.0,9.0,0.0,0.0,1.0,0.0,0.0,0.0,0.0,112.0,22.4,0.0,1.0,0.0,0.0,1.0,194.0,3.0,392.0,392.0,1176.0,-2.2322168,-0.058129124,-0.011962061,-0.03601138,0.0069434615,-0.0036453076,0.5326443,-0.036093716,0.7182233,1.2810142,0.097797744,25.454662,-0.1772399,-0.047305,0.03205482,-0.067513205,-0.021717403,0.013190473,-0.0034438102,0.2817415,0.0005920778,0.0,0.053690534,0.0018770406,-0.13251917,0.0,-0.040157817,0.0,0.0,0.14856474,0.019307232,0.07182833,-0.026205286,-0.037839092,-0.827623,-0.03394728,0.0,0.0,-0.00206971,0.035184737,0.0,-0.00027000732,1.0279664,0.23292643,0.008606717,-0.30014503,-0.0038797155,-0.13200828,0.10672035,-1.5498338,-0.37143376,0.06969678,0.0,-0.21967342,11.912147,35.73452
0.2,1.0,0.0,0.0,0.0,0.0,112.0,1.0,56.0,56.0,120.63333333333334,24.0,0.0,0.0,0.0,0.0,0.0,0.0,0.0,0.0,0.0,1.0,0.0,0.0,0.0,0.0,0.0,0.0,0.0,1.0,0.0,0.0,0.0,1.0,9.0,0.0,0.0,1.0,0.0,0.0,0.0,0.0,112.0,22.4,0.0,1.0,0.0,0.0,1.0,117.0,3.0,476.0,476.0,1428.0,-2.2045312,-0.057756003,-0.00970943,-0.04133753,0.0069434615,-0.0022829892,0.5031897,-0.035680957,0.7096456,1.2625871,0.09859169,25.436842,-0.17560714,-0.04478407,0.030500533,-0.06709062,-0.018557882,0.012497113,0.00023297302,0.28165597,-4.221918e-05,0.0,0.049952235,0.0018770406,-0.13250151,0.0,-0.037185226,0.0,0.0,0.14270294,0.019175112,0.07082007,-0.026406428,-0.0360085,-0.8292806,-0.03072488,0.0,0.0,-0.0015090511,0.03667689,0.0,-0.00027000732,1.0193005,0.23856176,0.005450334,-0.26867038,-0.00054957037,-0.12848476,0.14910588,-0.57856077,-0.32182956,0.13903302,0.0,-0.2020604,11.912147,36.876087
0.2,1.0,0.0,0.0,0.0,0.0,112.0,1.0,56.0,56.0,120.63333333333334,24.0,0.0,0.0,0.0,0.0,0.0,0.0,0.0,0.0,0.0,1.0,0.0,0.0,0.0,0.0,0.0,0.0,0.0,1.0,0.0,0.0,0.0,1.0,9.0,0.0,0.0,1.0,0.0,0.0,0.0,0.0,112.0,22.4,0.0,1.0,0.0,0.0,0.0,19.0,3.0,112.0,112.0,336.0,-2.0629478,-0.041265044,-0.009757515,-0.026562924,0.0068898723,-0.0014768539,0.4131239,-0.03608248,0.7043601,1.3358041,0.093247816,25.239264,-0.1787662,-0.049013663,0.038502805,-0.06551486,-0.017622175,0.014845292,0.0031313335,0.291265,0.0011227791,0.0,0.06263948,0.0015337109,-0.13113058,0.0,-0.04976637,0.0,0.0,0.14870615,-0.006110065,0.073389925,-0.026528226,-0.035561882,-0.789064,-0.04735078,0.0,0.0,-0.0009013617,0.036474384,0.0,-0.0003179027,1.0302571,0.21462421,0.0024872078,-0.21050897,0.002099824,-0.1136849,-0.1342141,1.0141627,-0.24138202,0.35022652,0.0,0.17470708,11.912147,38.889492
0.2,1.0,0.0,0.0,0.0,0.0,112.0,1.0,56.0,56.0,120.63333333333334,24.0,0.0,0.0,0.0,0.0,0.0,0.0,0.0,0.0,0.0,1.0,0.0,0.0,0.0,0.0,0.0,0.0,0.0,1.0,0.0,0.0,0.0,1.0,9.0,0.0,0.0,1.0,0.0,0.0,0.0,0.0,112.0,22.4,0.0,1.0,0.0,0.0,0.0,108.0,3.0,182.0,182.0,546.0,-2.1937366,-0.045403317,-0.01096019,-0.0349884,0.006963813,-0.002276378,0.49837372,-0.037391644,0.6871452,1.2807435,0.09638017,25.387865,-0.18048905,-0.04756556,0.030465495,-0.066823184,-0.018582454,0.013129864,-0.00028349325,0.28293106,0.0009222899,0.0,0.0594687,0.0013996692,-0.12835017,0.0,-0.04150459,0.0,0.0,0.14049219,0.0013360227,0.070709266,-0.025873806,-0.034953896,-0.82182795,-0.033331998,0.0,0.0,-0.0034996457,0.035213795,0.0,-0.00034404846,1.0002593,0.22506718,0.001570692,-0.27185708,-0.0028787293,-0.12908831,-0.32708842,-0.83837223,-0.37820873,-0.278353,0.0,-0.004213509,11.912147,35.77435
0.09,1.0,0.0,0.0,0.0,0.0,7.0,1.0,211.625,300.0,120.63333333333334,533.1776470588235,0.0,1.0,0.0,0.0,0.0,0.0,0.0,0.0,0.0,0.0,0.0,0.0,0.0,0.0,0.0,0.0,0.0,1.0,0.0,0.0,0.0,1.0,8.0,1.0,0.0,0.0,0.0,0.0,0.0,0.0,7.0,0.63,0.0,1.0,0.0,0.0,0.0,96.0,3.0,364.0,364.0,1092.0,-0.5821733,-0.06351478,-0.07785233,-0.008712433,0.001597258,-0.0046619545,-0.15701458,-0.1673845,-0.3951805,-0.34468699,0.094810195,-1.3050157,-0.13008146,0.18314408,0.043218344,-0.43658316,-0.011652016,0.009309469,0.0013468513,0.07853059,0.0003781634,0.0,0.090212256,-0.00014698565,-0.109541446,0.0,-0.041295424,0.0,0.0,0.32298514,0.005735586,0.06259855,-0.12887903,-0.06464197,0.68540764,0.04593924,0.0,0.0,-0.008214696,0.013924501,0.0,-0.00011865591,-5.209521,-0.7861134,0.009731854,-0.19605276,-0.020325486,-0.23192903,-0.14676979,-0.8303921,-0.30382904,-0.009771038,0.0,0.030527769,11.912147,1.8194867
0.09,1.0,0.0,0.0,0.0,0.0,7.0,1.0,211.625,300.0,120.63333333333334,533.1776470588235,0.0,1.0,0.0,0.0,0.0,0.0,0.0,0.0,0.0,0.0,0.0,0.0,0.0,0.0,0.0,0.0,0.0,1.0,0.0,0.0,0.0,1.0,8.0,1.0,0.0,0.0,0.0,0.0,0.0,0.0,7.0,0.63,0.0,1.0,0.0,0.0,0.0,94.0,1.2,140.0,140.0,168.0,-0.63303006,-0.06211818,-0.089814626,-0.016240345,0.0018233038,-0.006031753,-0.28992894,-0.15535243,-0.34395275,-0.32309926,0.10362897,-1.3030533,-0.12618726,0.24519399,0.043976005,-0.41845477,-0.011871412,0.009542131,0.0019485124,0.076437525,0.00041943562,0.0,0.17384589,0.001123756,-0.10984993,0.0,-0.045637082,0.0,0.0,0.24218555,-0.0122082345,0.07035405,-0.0957712,-0.07128911,0.69295824,0.0616151,0.0,0.0,-0.0030039605,0.031328164,0.0,-0.00022340295,-5.1795425,-0.79648906,0.011962985,-0.11587005,-0.0114129,-0.20466961,-0.09636345,0.12250311,1.5964476,-0.09171711,0.0,0.14337364,11.912147,4.929633
0.09,1.0,0.0,0.0,0.0,0.0,7.0,1.0,211.625,300.0,120.63333333333334,533.1776470588235,0.0,1.0,0.0,0.0,0.0,0.0,0.0,0.0,0.0,0.0,0.0,0.0,0.0,0.0,0.0,0.0,0.0,1.0,0.0,0.0,0.0,1.0,8.0,1.0,0.0,0.0,0.0,0.0,0.0,0.0,7.0,0.63,0.0,1.0,0.0,0.0,0.0,90.0,1.8,140.0,140.0,252.0,-0.548768,-0.06876184,-0.08383884,-0.014170492,0.001597258,-0.0068505295,-0.33490935,-0.15420392,-0.26559216,-0.31947792,0.10343414,-1.2770653,-0.13804694,0.21100129,0.042258438,-0.430602,-0.015982417,0.008949558,0.0013115277,0.077128746,0.0004342622,0.0,0.13143274,0.0009522474,-0.109463625,0.0,-0.046209596,0.0,0.0,0.28525466,-0.0031212321,0.06432755,-0.11465378,-0.094002955,0.6919163,0.061620668,0.0,0.0,-0.002701425,0.015987456,0.0,-0.00049322296,-5.2989526,-0.68596363,0.0041859155,-0.15148307,-0.006385428,-0.20790717,-0.10026999,0.26350445,0.96798724,-0.09084,0.0,0.12623066,11.912147,4.4009457
0.09,1.0,0.0,0.0,0.0,0.0,7.0,1.0,211.625,300.0,120.63333333333334,533.1776470588235,0.0,1.0,0.0,0.0,0.0,0.0,0.0,0.0,0.0,0.0,0.0,0.0,0.0,0.0,0.0,0.0,0.0,1.0,0.0,0.0,0.0,1.0,8.0,1.0,0.0,0.0,0.0,0.0,0.0,0.0,7.0,0.63,0.0,1.0,0.0,0.0,0.0,92.0,2.4,140.0,140.0,336.0,-0.5072789,-0.059543993,-0.08558325,-0.017851897,0.001597258,-0.004603353,-0.29264736,-0.15831098,-0.43735448,-0.36404264,0.100530416,-1.2945254,-0.12573871,0.2577161,0.04722558,-0.43321204,-0.011594,0.009126515,0.0002834294,0.07574642,0.0003575692,0.0,0.16226882,0.001123756,-0.111110464,0.0,-0.046659123,0.0,0.0,0.31433403,-0.014176577,0.06579851,-0.13030268,-0.084551066,0.65281695,0.062117472,0.0,0.0,-0.004579149,0.013861731,0.0,-0.00049322296,-5.223515,-0.7627197,0.003620731,-0.14612745,-0.0069375345,-0.21772909,-0.103080556,0.18942146,0.22262804,-0.11100864,0.0,0.18964198,11.912147,3.5270886
0.09,1.0,0.0,0.0,0.0,0.0,7.0,1.0,211.625,300.0,120.63333333333334,533.1776470588235,0.0,1.0,0.0,0.0,0.0,0.0,0.0,0.0,0.0,0.0,0.0,0.0,0.0,0.0,0.0,0.0,0.0,1.0,0.0,0.0,0.0,1.0,8.0,1.0,0.0,0.0,0.0,0.0,0.0,0.0,7.0,0.63,0.0,1.0,0.0,0.0,0.0,92.0,3.0,140.0,140.0,420.0,-0.43047756,-0.061664887,-0.07877834,-0.013568959,0.001597258,-0.004718655,-0.23345698,-0.1609448,-0.46043113,-0.32330877,0.09721131,-1.2905109,-0.1264394,0.25889927,0.046161916,-0.4378599,-0.011576859,0.009045834,0.00016499501,0.076060966,0.0003575692,0.0,0.025493918,0.00093261775,-0.10989839,0.0,-0.0483838,0.0,0.0,0.3200322,-0.014293139,0.06303093,-0.13032609,-0.08195234,0.707906,0.06526767,0.0,0.0,-0.0036789684,0.014516039,0.0,-0.00038247887,-5.2376037,-0.77085966,0.0025142294,-0.20108461,-0.015080873,-0.22565766,-0.10502828,0.123061575,-0.32468617,-0.17630307,0.0,0.0012430393,11.912147,2.6466873
0.09,1.0,0.0,0.0,0.0,0.0,7.0,1.0,211.625,300.0,120.63333333333334,533.1776470588235,0.0,1.0,0.0,0.0,0.0,0.0,0.0,0.0,0.0,0.0,0.0,0.0,0.0,0.0,0.0,0.0,0.0,1.0,0.0,0.0,0.0,1.0,8.0,1.0,0.0,0.0,0.0,0.0,0.0,0.0,7.0,0.63,0.0,1.0,0.0,0.0,0.0,29.0,3.0,280.0,280.0,840.0,-0.45091316,-0.062906355,-0.078881495,-0.012270829,0.001597258,-0.0019874717,-0.26463875,-0.15096201,-0.3126097,-0.29252288,0.0978344,-1.2947828,-0.13854133,0.21467628,0.04658889,-0.44941428,-0.011669604,0.009206272,0.001324551,0.08177175,0.00037239582,0.0,0.12347959,0.0012411455,-0.10818076,0.0,-0.05098532,0.0,0.0,0.30601594,-0.0132288225,0.06180487,-0.11585129,-0.09301937,0.6793079,0.06713763,0.0,0.0,-0.0036789684,0.012280028,0.0,-0.00014111024,-5.384454,-0.75537616,-0.0005361855,-0.1635916,-0.012369466,-0.21956295,-0.08816277,1.0322908,-0.19366832,-0.0052962434,0.0,0.030680781,11.912147,3.9495542
0.09,1.0,0.0,0.0,0.0,0.0,7.0,1.0,211.625,300.0,120.63333333333334,533.1776470588235,0.0,1.0,0.0,0.0,0.0,0.0,0.0,0.0,0.0,0.0,0.0,0.0,0.0,0.0,0.0,0.0,0.0,1.0,0.0,0.0,0.0,1.0,8.0,1.0,0.0,0.0,0.0,0.0,0.0,0.0,7.0,0.63,0.0,1.0,0.0,0.0,1.0,412.0,3.0,392.0,392.0,1176.0,-0.44139645,-0.06383486,-0.07576248,-0.0069969273,0.0015778906,-0.0020141276,-0.1660185,-0.1624529,-0.27023926,-0.4007742,0.099786595,-1.316923,-0.12460492,0.18434542,0.04629725,-0.4349613,-0.011335667,0.010146068,0.0016681247,0.07691588,0.00034134035,0.0,0.12703443,0.0010586025,-0.108179025,0.0,-0.03860129,0.0,0.0,0.35271654,0.012500385,0.06341645,-0.13349769,-0.09099204,0.6180581,0.051352143,0.0,0.0,-0.0042844727,0.0143518895,0.0,-0.00011865591,-5.1845202,-0.7875338,0.005870235,-0.15660296,-0.021382954,-0.22383708,0.053265512,0.261213,-0.25754437,0.15413788,0.0,-0.056454208,11.912147,3.5073366
0.09,1.0,0.0,0.0,0.0,0.0,7.0,1.0,211.625,300.0,120.63333333333334,533.1776470588235,0.0,1.0,0.0,0.0,0.0,0.0,0.0,0.0,0.0,0.0,0.0,0.0,0.0,0.0,0.0,0.0,0.0,1.0,0.0,0.0,0.0,1.0,8.0,1.0,0.0,0.0,0.0,0.0,0.0,0.0,7.0,0.63,0.0,1.0,0.0,0.0,1.0,204.0,1.8,392.0,392.0,705.6,-0.3060745,-0.05916176,-0.06818754,-0.004799141,0.0015778906,-0.00462737,-0.2716084,-0.1762106,-0.11703821,-0.4897257,0.10005133,-1.345106,-0.12459523,0.1699262,0.04172171,-0.4057208,-0.011946553,0.010165103,0.0020182529,0.07786016,0.00035472983,0.0,0.17599604,0.0010602102,-0.10744172,0.0,-0.03887437,0.0,0.0,0.31496274,0.011834567,0.061957005,-0.120704524,-0.08679709,0.578991,0.05121385,0.0,0.0,-0.0021248674,0.02564078,0.0,-0.00015681099,-5.0534186,-0.8309554,0.004556108,-0.1319214,-0.009814668,-0.20430773,0.063363984,-0.35778564,1.4912819,0.1469209,0.0,-0.012840124,11.912147,4.9016566
0.09,1.0,0.0,0.0,0.0,0.0,7.0,1.0,211.625,300.0,120.63333333333334,533.1776470588235,0.0,1.0,0.0,0.0,0.0,0.0,0.0,0.0,0.0,0.0,0.0,0.0,0.0,0.0,0.0,0.0,0.0,1.0,0.0,0.0,0.0,1.0,8.0,1.0,0.0,0.0,0.0,0.0,0.0,0.0,7.0,0.63,0.0,1.0,0.0,0.0,1.0,2432.0,3.0,392.0,392.0,1176.0,-0.46935815,-0.060285676,-0.076272674,-0.006880666,0.0015778906,-0.0022312899,-0.45415097,-0.15748475,-0.6704814,-0.45040378,0.09531611,-1.3247848,-0.1281039,0.18486924,0.044282213,-0.43578935,-0.0102928085,0.009293223,0.000117737516,0.07666264,0.0003604857,0.0,0.12534817,0.0010586025,-0.110362045,0.0,-0.038362436,0.0,0.0,0.33969718,-0.005852816,0.063180305,-0.13068408,-0.08991925,0.6188866,0.047901798,0.0,0.0,-0.005512218,0.013819592,0.0,-0.0001146148,-5.2180467,-0.7692004,0.0009823983,-0.19449419,-0.024624422,-0.22875138,0.059194837,-1.446115,-0.31766018,0.060751196,0.0,-0.020096363,11.912147,0.8091304
0.09,1.0,0.0,0.0,0.0,0.0,7.0,1.0,211.625,300.0,120.63333333333334,533.1776470588235,0.0,1.0,0.0,0.0,0.0,0.0,0.0,0.0,0.0,0.0,0.0,0.0,0.0,0.0,0.0,0.0,0.0,1.0,0.0,0.0,0.0,1.0,8.0,1.0,0.0,0.0,0.0,0.0,0.0,0.0,7.0,0.63,0.0,1.0,0.0,0.0,1.0,1467.0,3.0,1120.0,1120.0,3360.0,-0.60135347,-0.071206205,-0.076294236,-0.0074266153,0.0015778906,-0.0024336684,-0.2843628,-0.16405484,-0.3623175,-0.36373135,0.09836683,-1.3184365,-0.12379445,0.1832324,0.044617224,-0.4352547,-0.011659247,0.008388787,0.0015883124,0.076314636,0.00034910106,0.0,0.11491862,0.0010586025,-0.107967764,0.0,-0.038044117,0.0,0.0,0.31909305,0.0029969525,0.06454323,-0.13267905,-0.08213913,0.67157793,0.048579548,0.0,0.0,-0.0033650738,0.0138757825,0.0,-0.00011865591,-5.1813755,-0.7398293,1.7775747e-06,-0.151001,-0.025399676,-0.22705047,0.07375003,-0.18123725,-0.27797958,0.335964,0.0,-0.040579747,11.912147,2.96185
0.09,1.0,0.0,0.0,0.0,0.0,7.0,1.0,211.625,300.0,120.63333333333334,533.1776470588235,0.0,1.0,0.0,0.0,0.0,0.0,0.0,0.0,0.0,0.0,0.0,0.0,0.0,0.0,0.0,0.0,0.0,1.0,0.0,0.0,0.0,1.0,8.0,1.0,0.0,0.0,0.0,0.0,0.0,0.0,7.0,0.63,0.0,1.0,0.0,0.0,1.0,349.0,3.0,476.0,476.0,1428.0,-0.5458456,-0.06724951,-0.07658328,-0.009091925,0.0015778906,-0.0031325102,-0.18463919,-0.16113265,-0.40607396,-0.39199772,0.09592568,-1.3198317,-0.12431506,0.18256499,0.044075087,-0.43499833,-0.012710585,0.008370362,0.0011652764,0.07593312,0.0003380353,0.0,0.100803286,0.0010602102,-0.10834936,0.0,-0.03897088,0.0,0.0,0.35688093,-0.0003997822,0.061180286,-0.13561206,-0.07910815,0.6694895,0.052161045,0.0,0.0,-0.0046147597,0.013258095,0.0,-0.00011865591,-5.2117195,-0.7834425,-0.0042451303,-0.19229978,-0.0244729,-0.22751604,0.051380362,-0.89089197,-0.34979624,-0.05489598,0.0,-0.08631825,11.912147,1.6979373
0.09,1.0,0.0,0.0,0.0,0.0,7.0,1.0,211.625,300.0,120.63333333333334,533.1776470588235,0.0,1.0,0.0,0.0,0.0,0.0,0.0,0.0,0.0,0.0,0.0,0.0,0.0,0.0,0.0,0.0,0.0,1.0,0.0,0.0,0.0,1.0,8.0,1.0,0.0,0.0,0.0,0.0,0.0,0.0,7.0,0.63,1.0,0.0,0.0,0.0,1.0,175.0,3.0,224.0,224.0,672.0,-0.46693528,-0.05271256,-0.07661076,-0.010291337,0.0015778906,-0.0022707356,-0.218053,-0.17523739,-0.36389676,-0.39302558,0.09455132,-1.2955788,-0.13265055,0.18121007,0.045464404,-0.4281908,-0.013469959,0.009092126,0.0011331443,0.07475406,0.00036672436,0.0,0.11945854,0.002125922,-0.1095526,0.0,-0.03877412,0.0,0.0,0.30673084,0.015736444,0.05747894,-0.14297839,-0.089744575,0.6532058,0.028070161,0.0,0.0,-0.0039377613,0.014696611,0.0,-9.7525306e-05,-5.160367,-0.8016575,0.12766103,0.6465247,-0.019805262,-0.27882242,0.073852696,-0.803958,-0.26442367,-0.10405498,0.0,-0.011965572,11.912147,2.9067743
0.09,1.0,0.0,0.0,0.0,0.0,7.0,1.0,211.625,300.0,120.63333333333334,533.1776470588235,0.0,1.0,0.0,0.0,0.0,0.0,0.0,0.0,0.0,0.0,0.0,0.0,0.0,0.0,0.0,0.0,0.0,1.0,0.0,0.0,0.0,1.0,8.0,1.0,0.0,0.0,0.0,0.0,0.0,0.0,7.0,0.63,0.0,0.0,1.0,0.0,1.0,125.0,3.0,392.0,392.0,1176.0,-0.5634,-0.096430965,-0.07573032,-0.0115895085,0.0014200401,-0.0026656818,-0.22017403,-0.16566284,-0.40818414,-0.4255865,0.096272945,-1.302125,-0.12990385,0.17900097,0.045546327,-0.42979175,-0.012052456,0.008662338,0.0013227251,0.07357696,0.0003808227,0.0,0.096289225,0.0032005766,-0.108719885,0.0,-0.04087073,0.0,0.0,0.3604591,0.002671957,0.057941746,-0.13706858,-0.069244966,0.58015776,0.03711785,0.0,0.0,-0.0038496004,0.019480988,0.0,-8.983127e-05,-5.271246,-0.801712,0.026307587,0.70512915,0.19156025,-0.27733025,0.102647044,-0.5698045,-0.25029653,0.12538931,0.0,-0.05659756,11.912147,3.1965544
0.09,1.0,0.0,0.0,0.0,0.0,7.0,1.0,211.625,300.0,120.63333333333334,533.1776470588235,0.0,1.0,0.0,0.0,0.0,0.0,0.0,0.0,0.0,0.0,0.0,0.0,0.0,0.0,0.0,0.0,0.0,1.0,0.0,0.0,0.0,1.0,8.0,1.0,0.0,0.0,0.0,0.0,0.0,0.0,7.0,0.63,0.0,0.0,0.0,1.0,1.0,17.0,3.0,364.0,364.0,1092.0,-0.5374201,-0.037582405,-0.08012608,-0.021116676,0.0023441217,-0.002271371,-0.40591034,-0.1082578,-0.3181215,-0.22365382,0.09888468,-1.32088,-0.14700884,0.2840558,0.043475654,-0.41522926,-0.0131645305,0.009344306,9.329538e-05,0.0814166,0.00041114044,0.0,0.1730724,0.006034947,-0.108985946,0.0,-0.054101966,0.0,0.0,0.30875054,0.01289933,0.052081104,-0.10652843,-0.094724,0.5425611,0.04227872,0.0,0.0,-0.0032123106,0.011560567,0.0,-9.590939e-05,-5.289741,-0.92652184,0.0025265648,0.2716488,-0.014843257,1.0942359,0.040741824,-0.16777398,-0.17353328,-0.049135976,0.0,0.015359812,11.912147,4.3859854
0.09,1.0,0.0,0.0,0.0,0.0,7.0,1.0,211.625,300.0,120.63333333333334,533.1776470588235,0.0,1.0,0.0,0.0,0.0,0.0,0.0,0.0,0.0,0.0,0.0,0.0,0.0,0.0,0.0,0.0,0.0,1.0,0.0,0.0,0.0,1.0,8.0,1.0,0.0,0.0,0.0,0.0,0.0,0.0,7.0,0.63,0.0,0.0,0.0,1.0,1.0,14.0,3.0,364.0,364.0,1092.0,-0.59856015,-0.0025794571,-0.075211674,-0.018025486,0.0023441217,0.003317554,-0.5633657,-0.107017495,-0.46895808,-0.2745258,0.09007829,-1.2549437,-0.13153076,0.22237195,0.05086574,-0.39094073,-0.011835454,0.016095472,0.0027100758,0.087374285,0.0037140413,0.0,0.29144135,0.0038567812,-0.105704434,0.0,-0.048736464,0.0,0.0,0.28976715,0.0044688415,0.05010334,-0.10652843,-0.09155272,0.5464694,0.050002474,0.0,0.0,-0.0032123106,0.02158374,0.0,-9.590939e-05,-5.1635656,-0.9507113,0.0031514375,0.4889399,-0.014827444,1.207142,0.039277058,3.3711963,-0.13634756,-0.032250375,0.0,0.00875085,11.912147,8.216144
0.09,1.0,0.0,0.0,0.0,0.0,7.0,1.0,211.625,300.0,120.63333333333334,533.1776470588235,0.0,1.0,0.0,0.0,0.0,0.0,0.0,0.0,0.0,0.0,0.0,0.0,0.0,0.0,0.0,0.0,0.0,1.0,0.0,0.0,0.0,1.0,8.0,1.0,0.0,0.0,0.0,0.0,0.0,0.0,7.0,0.63,0.0,0.0,0.0,1.0,1.0,31.0,3.0,364.0,364.0,1092.0,-0.55386037,-0.041052207,-0.081895344,-0.013375731,0.0043274397,-0.002039312,-0.3337185,-0.11072413,-0.30803135,-0.23931064,0.10253448,-1.3073347,-0.13944855,0.28480953,0.05006893,-0.4293618,-0.011468599,0.0096450215,0.0014054956,0.08401396,0.0004156701,0.0,0.1648211,0.0031209767,-0.109270595,0.0,-0.050036926,0.0,0.0,0.31717986,-0.007966179,0.0557836,-0.10565593,-0.094763525,0.5949844,0.054144945,0.0,0.0,-0.00318459,0.010542706,0.0,-0.00018082566,-5.330864,-0.9212934,0.021599706,0.698547,-0.015447708,1.368692,0.04874331,1.1086918,-0.15146239,-0.025842477,0.0,0.009534768,11.912147,6.518164
0.09,1.0,0.0,0.0,0.0,0.0,7.0,1.0,211.625,300.0,120.63333333333334,533.1776470588235,0.0,1.0,0.0,0.0,0.0,0.0,0.0,0.0,0.0,0.0,0.0,0.0,0.0,0.0,0.0,0.0,0.0,1.0,0.0,0.0,0.0,1.0,8.0,1.0,0.0,0.0,0.0,0.0,0.0,0.0,7.0,0.63,0.0,1.0,0.0,0.0,1.0,194.0,3.0,392.0,392.0,1176.0,-0.4483402,-0.06372756,-0.078377485,-0.007653859,0.0015778906,-0.005956118,-0.18460308,-0.16581748,-0.34263605,-0.44655967,0.09565743,-1.330505,-0.12694283,0.18677218,0.043197,-0.43746805,-0.015188704,0.009021537,-0.0012616775,0.076927,0.0003663997,0.0,0.13137703,0.0010602102,-0.108203486,0.0,-0.039709315,0.0,0.0,0.35724908,0.0058002244,0.06018626,-0.13166502,-0.08724679,0.6199074,0.0493798,0.0,0.0,-0.0051180744,0.0140792085,0.0,-0.00011865591,-5.2247005,-0.77513015,0.0018990443,-0.2422838,-0.023136279,-0.23286147,0.040702775,-1.5858463,-0.35957932,0.06739444,0.0,-0.09570571,11.912147,1.1083579
0.09,1.0,0.0,0.0,0.0,0.0,7.0,1.0,211.625,300.0,120.63333333333334,533.1776470588235,0.0,1.0,0.0,0.0,0.0,0.0,0.0,0.0,0.0,0.0,0.0,0.0,0.0,0.0,0.0,0.0,0.0,1.0,0.0,0.0,0.0,1.0,8.0,1.0,0.0,0.0,0.0,0.0,0.0,0.0,7.0,0.63,0.0,1.0,0.0,0.0,1.0,117.0,3.0,476.0,476.0,1428.0,-0.53727597,-0.06639352,-0.0767403,-0.008484365,0.0015778906,-0.0047400924,-0.24623351,-0.15167011,-0.4467722,-0.38786152,0.09581997,-1.317661,-0.12396355,0.18150961,0.043696843,-0.4374286,-0.011787912,0.007837567,0.0015817416,0.07699873,0.00034970517,0.0,0.08969471,0.0010602102,-0.10820791,0.0,-0.039273027,0.0,0.0,0.35104513,-0.0018848474,0.06006088,-0.13519306,-0.07371046,0.7156459,0.04791507,0.0,0.0,-0.004557415,0.014764414,0.0,-0.00011865591,-5.225831,-0.77688324,-0.0031471278,-0.2049286,-0.023645423,-0.22945967,0.097680315,-0.6590656,-0.3165463,0.115302764,0.0,-0.09319747,11.912147,2.102027
0.09,1.0,0.0,0.0,0.0,0.0,7.0,1.0,211.625,300.0,120.63333333333334,533.1776470588235,0.0,1.0,0.0,0.0,0.0,0.0,0.0,0.0,0.0,0.0,0.0,0.0,0.0,0.0,0.0,0.0,0.0,1.0,0.0,0.0,0.0,1.0,8.0,1.0,0.0,0.0,0.0,0.0,0.0,0.0,7.0,0.63,0.0,1.0,0.0,0.0,0.0,19.0,3.0,112.0,112.0,336.0,-0.41286197,-0.058196556,-0.07628735,-0.030245788,0.0015233168,-0.002092953,-0.4238627,-0.1497085,-0.42504627,-0.36283877,0.09819494,-1.253646,-0.13801762,0.20763278,0.043329794,-0.436335,-0.011774043,0.0101794265,0.0016434516,0.0782605,0.00036786613,0.0,0.08979417,0.0010445353,-0.10797945,0.0,-0.049413845,0.0,0.0,0.30241325,-0.021274367,0.063075,-0.11586716,-0.0886654,0.70042723,0.062405765,0.0,0.0,-0.0022236283,0.013222451,0.0,-0.00014111024,-5.3072853,-0.7012142,-0.0019451808,-0.13117425,-0.015705377,-0.21012434,-0.07045834,1.1556286,-0.19519156,0.47188672,0.0,0.15428703,11.912147,4.5678873
0.09,1.0,0.0,0.0,0.0,0.0,7.0,1.0,211.625,300.0,120.63333333333334,533.1776470588235,0.0,1.0,0.0,0.0,0.0,0.0,0.0,0.0,0.0,0.0,0.0,0.0,0.0,0.0,0.0,0.0,0.0,1.0,0.0,0.0,0.0,1.0,8.0,1.0,0.0,0.0,0.0,0.0,0.0,0.0,7.0,0.63,0.0,1.0,0.0,0.0,0.0,108.0,3.0,182.0,182.0,546.0,-0.53464234,-0.06418499,-0.07814178,-0.010253301,0.001597258,-0.0047206576,-0.20538153,-0.16481924,-0.4465076,-0.34671786,0.09461118,-1.3457845,-0.12986024,0.18645933,0.042616583,-0.4377219,-0.012759623,0.008671252,0.00055281876,0.077310726,0.0003575692,0.0,0.05419124,0.00093261775,-0.10824523,0.0,-0.039870642,0.0,0.0,0.31885055,-0.002376518,0.06324473,-0.1314704,-0.067130364,0.7329446,0.045958642,0.0,0.0,-0.008006657,0.014516039,0.0,-0.00015192112,-5.2097135,-0.78163373,0.0055358424,-0.21794179,-0.019602073,-0.22632492,-0.18934591,-0.906757,-0.32274166,-0.23809808,0.0,-0.047571264,11.912147,1.2620182
0.4,1.0,0.0,0.0,0.0,0.0,26.0,1.0,28.0,112.0,120.63333333333334,533.1776470588235,0.0,0.0,0.0,0.0,0.0,1.0,0.0,0.0,0.0,0.0,0.0,0.0,0.0,0.0,0.0,0.0,0.0,1.0,0.0,0.0,0.0,1.0,16.0,1.0,0.0,0.0,0.0,0.0,0.0,0.0,26.0,10.4,0.0,1.0,0.0,0.0,0.0,96.0,3.0,364.0,364.0,1092.0,1.4294096,-0.057127774,-0.012408535,-0.043360706,0.00232683,-0.004671312,0.009215418,-0.045351498,-0.8617603,-0.71192586,0.10360608,-1.3815241,-0.4372051,-0.08156049,0.036915872,-0.10498486,-0.06899481,-0.43175903,0.0008469526,0.12967181,0.00046981042,0.0,0.059255425,0.0003819386,-0.28755456,0.0,-0.04760044,0.0,0.0,0.19969139,0.011433771,0.077553585,-0.031816244,-0.039672915,-1.6813134,0.03496709,0.0,0.0,-0.0036828017,0.034945384,0.0,-0.00013463495,0.6242416,0.114563994,0.0038894285,-0.21967302,-0.01591445,-0.22737925,-0.20693548,-0.8633104,-0.34320873,-0.022077499,0.0,-0.046484847,11.912147,6.5061383
0.4,1.0,0.0,0.0,0.0,0.0,26.0,1.0,28.0,112.0,120.63333333333334,533.1776470588235,0.0,0.0,0.0,0.0,0.0,1.0,0.0,0.0,0.0,0.0,0.0,0.0,0.0,0.0,0.0,0.0,0.0,1.0,0.0,0.0,0.0,1.0,16.0,1.0,0.0,0.0,0.0,0.0,0.0,0.0,26.0,10.4,0.0,1.0,0.0,0.0,0.0,94.0,1.2,140.0,140.0,168.0,1.4116484,-0.054175355,-0.012581089,-0.043945905,0.003637984,-0.0045954473,0.064253286,-0.042636897,-0.93561,-0.7459058,0.120718464,-1.353161,-0.43128043,-0.093167536,0.056408703,-0.10504508,-0.065998934,-0.46462864,0.0018385559,0.13892454,0.0004948679,0.0,0.10785318,0.0011695409,-0.28517967,0.0,-0.05174942,0.0,0.0,0.13374735,-0.0015640418,0.08267446,-0.02926735,-0.039385185,-1.6606225,0.039727204,0.0,0.0,-0.0014174526,0.0721715,0.0,-0.00051438645,0.62747496,0.16101244,0.0042269905,-0.13060002,-0.012193205,-0.19103475,-0.12754889,0.2063699,1.6535774,-0.07151628,0.0,0.14431438,11.912147,9.989061
0.4,1.0,0.0,0.0,0.0,0.0,26.0,1.0,28.0,112.0,120.63333333333334,533.1776470588235,0.0,0.0,0.0,0.0,0.0,1.0,0.0,0.0,0.0,0.0,0.0,0.0,0.0,0.0,0.0,0.0,0.0,1.0,0.0,0.0,0.0,1.0,16.0,1.0,0.0,0.0,0.0,0.0,0.0,0.0,26.0,10.4,0.0,1.0,0.0,0.0,0.0,90.0,1.8,140.0,140.0,252.0,1.4271326,-0.05248026,-0.013256613,-0.042161763,0.00232683,-0.005149137,0.040547427,-0.04490584,-0.90441483,-0.7326394,0.1336206,-1.3789847,-0.43896943,-0.09145696,0.05542618,-0.10280965,-0.07310607,-0.44902697,0.0015170808,0.14012386,0.00052460516,0.0,0.09693214,0.0007199705,-0.27356657,0.0,-0.053029377,0.0,0.0,0.15962026,0.0069087395,0.08125321,-0.030950751,-0.041192066,-1.7665753,0.039840437,0.0,0.0,-0.0009040012,0.03712452,0.0,-0.0010996191,0.65370524,0.12305938,0.0043643788,-0.16040242,-0.011720027,-0.21306859,-0.12875934,0.22333735,0.88575006,-0.069785394,0.0,0.10117054,11.912147,9.046736
0.4,1.0,0.0,0.0,0.0,0.0,26.0,1.0,28.0,112.0,120.63333333333334,533.1776470588235,0.0,0.0,0.0,0.0,0.0,1.0,0.0,0.0,0.0,0.0,0.0,0.0,0.0,0.0,0.0,0.0,0.0,1.0,0.0,0.0,0.0,1.0,16.0,1.0,0.0,0.0,0.0,0.0,0.0,0.0,26.0,10.4,0.0,1.0,0.0,0.0,0.0,92.0,2.4,140.0,140.0,336.0,1.3978702,-0.050720833,-0.012677462,-0.04346098,0.00232683,-0.003972252,0.054963734,-0.041888222,-0.9410391,-0.77692014,0.11282965,-1.3737723,-0.42949924,-0.09259426,0.051620796,-0.104338996,-0.069744006,-0.45585847,0.0004298041,0.1287217,0.0004330015,0.0,0.08795712,0.0011695409,-0.2895132,0.0,-0.054664217,0.0,0.0,0.1726937,-0.004146608,0.080712944,-0.032353148,-0.040103216,-1.6613908,0.039219797,0.0,0.0,-0.0011673904,0.035184573,0.0,-0.0010996191,0.6038571,0.18198532,0.004441822,-0.15137568,-0.011948797,-0.21053131,-0.115716614,0.06540047,0.2368989,-0.080626436,0.0,0.16771539,11.912147,8.2874565
0.4,1.0,0.0,0.0,0.0,0.0,26.0,1.0,28.0,112.0,120.63333333333334,533.1776470588235,0.0,0.0,0.0,0.0,0.0,1.0,0.0,0.0,0.0,0.0,0.0,0.0,0.0,0.0,0.0,0.0,0.0,1.0,0.0,0.0,0.0,1.0,16.0,1.0,0.0,0.0,0.0,0.0,0.0,0.0,26.0,10.4,0.0,1.0,0.0,0.0,0.0,92.0,3.0,140.0,140.0,420.0,1.3914555,-0.05285243,-0.01254011,-0.03960576,0.00232683,-0.0047296584,0.059235662,-0.04429764,-0.9166952,-0.74373,0.10609251,-1.3651326,-0.4392315,-0.09362912,0.050373353,-0.105278,-0.069992535,-0.42787397,0.00022271405,0.1300098,0.0004330015,0.0,0.06728887,0.0006773991,-0.2880062,0.0,-0.05459165,0.0,0.0,0.17478251,-0.0041450663,0.08172527,-0.032376546,-0.040087268,-1.6609142,0.0386133,0.0,0.0,-0.0010264742,0.035838883,0.0,-0.00047876127,0.5999246,0.19287331,0.0044225296,-0.20657405,-0.015281844,-0.22397773,-0.10676799,-0.027977403,-0.3462371,-0.12773362,0.0,-0.055565014,11.912147,7.3411126
0.4,1.0,0.0,0.0,0.0,0.0,26.0,1.0,28.0,112.0,120.63333333333334,533.1776470588235,0.0,0.0,0.0,0.0,0.0,1.0,0.0,0.0,0.0,0.0,0.0,0.0,0.0,0.0,0.0,0.0,0.0,1.0,0.0,0.0,0.0,1.0,16.0,1.0,0.0,0.0,0.0,0.0,0.0,0.0,26.0,10.4,0.0,1.0,0.0,0.0,0.0,29.0,3.0,280.0,280.0,840.0,1.3857446,-0.047693424,-0.012916073,-0.037388593,0.00232683,-0.0020029722,0.022495192,-0.043942228,-0.850684,-0.7456567,0.12423637,-1.4919287,-0.44065705,-0.09018875,0.05295607,-0.10463636,-0.06823074,-0.42824504,0.0011103636,0.1412352,0.0004627387,0.0,0.09616663,0.0009732182,-0.27847973,0.0,-0.057305254,0.0,0.0,0.18275204,-0.0024733657,0.08077707,-0.031312604,-0.041528545,-1.7042979,0.040679414,0.0,0.0,-0.0010264742,0.033460744,0.0,-0.00020249482,0.643988,0.16033295,0.002811941,-0.1642348,-0.0117893545,-0.21919504,-0.09601047,0.94284457,-0.2143264,-0.02809114,0.0,-0.021444822,11.912147,8.591611
0.4,1.0,0.0,0.0,0.0,0.0,26.0,1.0,28.0,112.0,120.63333333333334,533.1776470588235,0.0,0.0,0.0,0.0,0.0,1.0,0.0,0.0,0.0,0.0,0.0,0.0,0.0,0.0,0.0,0.0,0.0,1.0,0.0,0.0,0.0,1.0,16.0,1.0,0.0,0.0,0.0,0.0,0.0,0.0,26.0,10.4,0.0,1.0,0.0,0.0,1.0,412.0,3.0,392.0,392.0,1176.0,1.4418404,-0.05715441,-0.01152524,-0.04322419,0.0022694494,-0.0020941175,0.031447474,-0.04350709,-0.892503,-0.69817626,0.107782155,-1.3709141,-0.42880192,-0.08310685,0.04249841,-0.105237484,-0.06630123,-0.46755522,0.0012696994,0.12912427,0.00041145895,0.0,0.06172853,0.00081610924,-0.28682038,0.0,-0.044968586,0.0,0.0,0.20655446,0.028143652,0.082185954,-0.031913746,-0.043333508,-1.700783,0.032879982,0.0,0.0,-0.001216701,0.036849864,0.0,-0.00013463495,0.5870558,0.15432556,0.0041746907,-0.15397182,-0.012094349,-0.21840644,0.07650436,0.20652711,-0.30608854,0.08222941,0.0,-0.039041284,11.912147,8.119889
0.4,1.0,0.0,0.0,0.0,0.0,26.0,1.0,28.0,112.0,120.63333333333334,533.1776470588235,0.0,0.0,0.0,0.0,0.0,1.0,0.0,0.0,0.0,0.0,0.0,0.0,0.0,0.0,0.0,0.0,0.0,1.0,0.0,0.0,0.0,1.0,16.0,1.0,0.0,0.0,0.0,0.0,0.0,0.0,26.0,10.4,0.0,1.0,0.0,0.0,1.0,204.0,1.8,392.0,392.0,705.6,1.4191139,-0.05315351,-0.01150808,-0.04292821,0.0022694494,-0.004644053,0.010189977,-0.04412053,-0.87678677,-0.67117375,0.1173425,-1.363813,-0.4223429,-0.08232824,0.044271413,-0.10539755,-0.06324258,-0.48138976,0.0019380375,0.13644536,0.00044637686,0.0,0.09660845,0.0008238803,-0.2837232,0.0,-0.044099156,0.0,0.0,0.18347171,0.027441576,0.08422426,-0.030884845,-0.042541318,-1.7044326,0.039804254,0.0,0.0,-0.0009860602,0.060103796,0.0,-0.0002449644,0.5869962,0.15202911,0.0045866105,-0.14002268,-0.010987486,-0.1895576,0.15290366,-0.34974435,1.4902292,0.10812482,0.0,-0.011990701,11.912147,9.599468
0.4,1.0,0.0,0.0,0.0,0.0,26.0,1.0,28.0,112.0,120.63333333333334,533.1776470588235,0.0,0.0,0.0,0.0,0.0,1.0,0.0,0.0,0.0,0.0,0.0,0.0,0.0,0.0,0.0,0.0,0.0,1.0,0.0,0.0,0.0,1.0,16.0,1.0,0.0,0.0,0.0,0.0,0.0,0.0,26.0,10.4,0.0,1.0,0.0,0.0,1.0,2432.0,3.0,392.0,392.0,1176.0,1.4501966,-0.064880975,-0.012072404,-0.043262575,0.0022694494,-0.0023112798,0.07086066,-0.04231616,-0.90389615,-0.7059601,0.10383383,-1.3514609,-0.4292047,-0.08331005,0.03852619,-0.10616604,-0.065698594,-0.41409993,-0.0009340138,0.12808073,0.00045213272,0.0,0.04779343,0.00081610924,-0.28880686,0.0,-0.044577334,0.0,0.0,0.20552249,0.012660187,0.08163355,-0.032276418,-0.042712014,-1.6774218,0.03609246,0.0,0.0,-0.0015774805,0.03468589,0.0,-0.00012695184,0.59660375,0.15103206,0.004235485,-0.19024663,-0.014793788,-0.22483745,0.079471484,-0.94091403,-0.36555886,0.007074481,0.0,-0.03687031,11.912147,6.8776927
0.4,1.0,0.0,0.0,0.0,0.0,26.0,1.0,28.0,112.0,120.63333333333334,533.1776470588235,0.0,0.0,0.0,0.0,0.0,1.0,0.0,0.0,0.0,0.0,0.0,0.0,0.0,0.0,0.0,0.0,0.0,1.0,0.0,0.0,0.0,1.0,16.0,1.0,0.0,0.0,0.0,0.0,0.0,0.0,26.0,10.4,0.0,1.0,0.0,0.0,1.0,1467.0,3.0,1120.0,1120.0,3360.0,1.4411683,-0.08540088,-0.0119801015,-0.04346741,0.0022694494,-0.0020739397,0.03648813,-0.043341663,-0.8867022,-0.7126938,0.1080067,-1.3507826,-0.42854527,-0.08260815,0.039541375,-0.105807744,-0.06833255,-0.4274421,0.0012684272,0.12844424,0.0004407481,0.0,0.056907438,0.00081610924,-0.2865869,0.0,-0.040982436,0.0,0.0,0.19338387,0.016033769,0.08230809,-0.032155335,-0.04183342,-1.7044841,0.03208802,0.0,0.0,-0.0011031532,0.034652717,0.0,-0.00013463495,0.60248274,0.13880105,0.004071093,-0.1497772,-0.012247103,-0.22104065,0.078277536,-0.17575876,-0.30920294,0.15616445,0.0,-0.044358645,11.912147,7.7969136
0.4,1.0,0.0,0.0,0.0,0.0,26.0,1.0,28.0,112.0,120.63333333333334,533.1776470588235,0.0,0.0,0.0,0.0,0.0,1.0,0.0,0.0,0.0,0.0,0.0,0.0,0.0,0.0,0.0,0.0,0.0,1.0,0.0,0.0,0.0,1.0,16.0,1.0,0.0,0.0,0.0,0.0,0.0,0.0,26.0,10.4,0.0,1.0,0.0,0.0,1.0,349.0,3.0,476.0,476.0,1428.0,1.4073353,-0.06039844,-0.011842116,-0.04518933,0.0022694494,-0.0027753534,0.009315306,-0.042793073,-0.8464848,-0.70104676,0.105108276,-1.3751346,-0.4289757,-0.08246844,0.038496405,-0.10523317,-0.0676502,-0.4270401,0.0006200923,0.1264872,0.00042968232,0.0,0.063385196,0.0008238803,-0.28762457,0.0,-0.041685227,0.0,0.0,0.20882979,0.0157127,0.082462065,-0.032159284,-0.041831918,-1.7025687,0.03928008,0.0,0.0,-0.0015469883,0.03332315,0.0,-0.00013463495,0.59855866,0.1515846,0.0037491973,-0.20622008,-0.012174944,-0.22119275,0.06794228,-0.8921063,-0.38978854,-0.0819692,0.0,-0.06269991,11.912147,6.6971235
0.4,1.0,0.0,0.0,0.0,0.0,26.0,1.0,28.0,112.0,120.63333333333334,533.1776470588235,0.0,0.0,0.0,0.0,0.0,1.0,0.0,0.0,0.0,0.0,0.0,0.0,0.0,0.0,0.0,0.0,0.0,1.0,0.0,0.0,0.0,1.0,16.0,1.0,0.0,0.0,0.0,0.0,0.0,0.0,26.0,10.4,1.0,0.0,0.0,0.0,1.0,175.0,3.0,224.0,224.0,672.0,1.4262046,-0.048546422,-0.011569463,-0.0493159,0.0022694494,-0.0023985028,0.009545469,-0.044829316,-0.9171596,-0.7106138,0.10442129,-1.3260545,-0.4224272,-0.08140435,0.04054774,-0.10555628,-0.065695375,-0.41326597,0.0006238555,0.12901443,0.0004480117,0.0,0.059262913,0.0012204526,-0.28743112,0.0,-0.047416206,0.0,0.0,0.19779572,0.03138913,0.07691272,-0.03275287,-0.04321109,-1.6886891,0.039227538,0.0,0.0,-0.0014622789,0.037070666,0.0,-0.00012387785,0.5435275,0.161371,-0.03224577,0.680475,-0.01627133,-0.24356967,0.10025113,-0.7538644,-0.31766716,-0.020125696,0.0,-0.008175442,11.912147,7.86188
0.4,1.0,0.0,0.0,0.0,0.0,26.0,1.0,28.0,112.0,120.63333333333334,533.1776470588235,0.0,0.0,0.0,0.0,0.0,1.0,0.0,0.0,0.0,0.0,0.0,0.0,0.0,0.0,0.0,0.0,0.0,1.0,0.0,0.0,0.0,1.0,16.0,1.0,0.0,0.0,0.0,0.0,0.0,0.0,26.0,10.4,0.0,0.0,1.0,0.0,1.0,125.0,3.0,392.0,392.0,1176.0,1.4284675,-0.058366034,-0.010847767,-0.050921086,0.0021115988,-0.0024103022,0.01735858,-0.0425303,-0.94306934,-0.6965707,0.10594418,-1.3256388,-0.42207214,-0.07799993,0.03884499,-0.10361038,-0.06560702,-0.408667,0.0008883526,0.12712353,0.00047832474,0.0,0.05397954,0.0016809241,-0.28786048,0.0,-0.047425948,0.0,0.0,0.20359199,0.018324638,0.07729581,-0.03210196,-0.041545667,-1.6756834,0.04991035,0.0,0.0,-0.0013741178,0.040916096,0.0,-0.0001058103,0.56649595,0.15685865,0.03038576,0.7432752,0.2136298,-0.24292059,0.11058067,-0.5590251,-0.2958252,0.041695874,0.0,-0.037668258,11.912147,8.512135
0.4,1.0,0.0,0.0,0.0,0.0,26.0,1.0,28.0,112.0,120.63333333333334,533.1776470588235,0.0,0.0,0.0,0.0,0.0,1.0,0.0,0.0,0.0,0.0,0.0,0.0,0.0,0.0,0.0,0.0,0.0,1.0,0.0,0.0,0.0,1.0,16.0,1.0,0.0,0.0,0.0,0.0,0.0,0.0,26.0,10.4,0.0,0.0,0.0,1.0,1.0,17.0,3.0,364.0,364.0,1092.0,1.3854349,-0.042056676,-0.015602524,-0.030696325,0.0030356806,-0.001501241,0.06700926,-0.03535712,-0.9553355,-0.7557679,0.1268574,-1.4963577,-0.43740666,-0.09145718,0.052404936,-0.088426545,-0.06725416,-0.4015484,0.0013384039,0.13612525,0.00055244105,0.0,0.120223485,0.0018608721,-0.2752489,0.0,-0.06338907,0.0,0.0,0.17814445,0.010122878,0.06580789,-0.029038643,-0.04275404,-1.7515411,0.03986968,0.0,0.0,-0.0005788219,0.031034477,0.0,-0.00012008326,0.6142469,0.23830609,0.00865544,0.2548451,-0.01313369,1.199226,0.044649042,-0.31348386,-0.19753201,-0.033385176,0.0,-0.017243398,11.912147,9.335682
0.4,1.0,0.0,0.0,0.0,0.0,26.0,1.0,28.0,112.0,120.63333333333334,533.1776470588235,0.0,0.0,0.0,0.0,0.0,1.0,0.0,0.0,0.0,0.0,0.0,0.0,0.0,0.0,0.0,0.0,0.0,1.0,0.0,0.0,0.0,1.0,16.0,1.0,0.0,0.0,0.0,0.0,0.0,0.0,26.0,10.4,0.0,0.0,0.0,1.0,1.0,14.0,3.0,364.0,364.0,1092.0,1.1207918,-0.036766507,-0.014831158,-0.02947601,0.0030356806,-0.0010855024,0.1085177,-0.034116816,-1.0399384,-0.7375247,0.12193836,-1.4735996,-0.37003332,-0.061878566,0.07038002,-0.08521871,-0.05618023,-0.4711164,0.01247195,0.15521951,0.0060074204,0.0,0.14849275,0.0017819286,-0.26796567,0.0,-0.059045162,0.0,0.0,0.17421593,0.0046804375,0.06716123,-0.029038643,-0.041171495,-1.6608227,0.036134157,0.0,0.0,-0.0005788219,0.09069271,0.0,-0.00012008326,0.58779526,0.33002082,0.0093723,0.5236078,-0.0128850015,1.2162328,0.046421256,3.4477952,-0.1439433,-0.0026597148,0.0,-0.008413581,11.912147,13.556504
0.4,1.0,0.0,0.0,0.0,0.0,26.0,1.0,28.0,112.0,120.63333333333334,533.1776470588235,0.0,0.0,0.0,0.0,0.0,1.0,0.0,0.0,0.0,0.0,0.0,0.0,0.0,0.0,0.0,0.0,0.0,1.0,0.0,0.0,0.0,1.0,16.0,1.0,0.0,0.0,0.0,0.0,0.0,0.0,26.0,10.4,0.0,0.0,0.0,1.0,1.0,31.0,3.0,364.0,364.0,1092.0,1.3555558,-0.030861778,-0.013065927,-0.02521178,0.0050189984,-0.0020638437,0.059680864,-0.035799395,-0.8952875,-0.7216807,0.13622326,-1.4586912,-0.42684698,-0.09108665,0.054177143,-0.08945387,-0.06691757,-0.442102,0.0012303907,0.14033525,0.0005569707,0.0,0.113899186,0.0010731639,-0.27045777,0.0,-0.060160752,0.0,0.0,0.17822234,0.00292847,0.06815123,-0.0287704,-0.04279357,-1.7569866,0.041526448,0.0,0.0,-0.00047381414,0.03447181,0.0,-0.00020499954,0.6245652,0.26553217,0.030215068,0.6710589,-0.0138084795,1.381287,0.05877354,1.0588826,-0.18451332,0.00076472946,0.0,-0.013779093,11.912147,11.525259
0.4,1.0,0.0,0.0,0.0,0.0,26.0,1.0,28.0,112.0,120.63333333333334,533.1776470588235,0.0,0.0,0.0,0.0,0.0,1.0,0.0,0.0,0.0,0.0,0.0,0.0,0.0,0.0,0.0,0.0,0.0,1.0,0.0,0.0,0.0,1.0,16.0,1.0,0.0,0.0,0.0,0.0,0.0,0.0,26.0,10.4,0.0,1.0,0.0,0.0,1.0,194.0,3.0,392.0,392.0,1176.0,1.4270964,-0.05899372,-0.0134854615,-0.043513626,0.0022694494,-0.005691706,0.011953789,-0.04408632,-0.91630244,-0.6922757,0.103479065,-1.3769001,-0.4342921,-0.08245106,0.037926838,-0.105604574,-0.070558384,-0.4205652,-0.003665811,0.12802623,0.00045804674,0.0,0.059609067,0.0008238803,-0.28711337,0.0,-0.045791212,0.0,0.0,0.20885581,0.021452907,0.079750404,-0.031762566,-0.04275122,-1.6889595,0.03663786,0.0,0.0,-0.002050302,0.034908637,0.0,-0.00013463495,0.5844462,0.14967595,0.0018385653,-0.24071579,-0.016832499,-0.22746213,0.06006812,-1.5730463,-0.40634507,-0.017038824,0.0,-0.08021723,11.912147,5.9328156
0.4,1.0,0.0,0.0,0.0,0.0,26.0,1.0,28.0,112.0,120.63333333333334,533.1776470588235,0.0,0.0,0.0,0.0,0.0,1.0,0.0,0.0,0.0,0.0,0.0,0.0,0.0,0.0,0.0,0.0,0.0,1.0,0.0,0.0,0.0,1.0,16.0,1.0,0.0,0.0,0.0,0.0,0.0,0.0,26.0,10.4,0.0,1.0,0.0,0.0,1.0,117.0,3.0,476.0,476.0,1428.0,1.4023503,-0.058188915,-0.01153724,-0.044108413,0.0022694494,-0.0046737883,0.008200932,-0.04387841,-0.84866446,-0.7112411,0.10468085,-1.3735917,-0.43268177,-0.08030549,0.0369204,-0.1055246,-0.07017634,-0.39397568,0.00074642384,0.12802394,0.0004413522,0.0,0.05989125,0.0008238803,-0.2871692,0.0,-0.04280224,0.0,0.0,0.202994,0.0142786885,0.0782373,-0.032093067,-0.0408498,-1.7036048,0.035173133,0.0,0.0,-0.0014896432,0.035222404,0.0,-0.00013463495,0.63067627,0.15291259,0.003916071,-0.2123153,-0.013560158,-0.223611,0.1112731,-0.6280835,-0.35191214,0.11022466,0.0,-0.06528511,11.912147,7.2499423
0.4,1.0,0.0,0.0,0.0,0.0,26.0,1.0,28.0,112.0,120.63333333333334,533.1776470588235,0.0,0.0,0.0,0.0,0.0,1.0,0.0,0.0,0.0,0.0,0.0,0.0,0.0,0.0,0.0,0.0,0.0,1.0,0.0,0.0,0.0,1.0,16.0,1.0,0.0,0.0,0.0,0.0,0.0,0.0,26.0,10.4,0.0,1.0,0.0,0.0,0.0,19.0,3.0,112.0,112.0,336.0,1.3731334,-0.050299585,-0.0129336035,-0.04238185,0.0022528889,-0.0015919991,0.0531306,-0.042790454,-0.8612257,-0.7665394,0.123800874,-1.4624137,-0.44244322,-0.08894642,0.052849393,-0.10399143,-0.0699643,-0.44174755,0.0025370044,0.14143702,0.00045820902,0.0,0.08103186,0.0008122584,-0.27738252,0.0,-0.056606434,0.0,0.0,0.18356219,0.000116228766,0.08312111,-0.031337265,-0.040576484,-1.6937044,0.03934142,0.0,0.0,-0.0008215321,0.038051005,0.0,-0.00020249482,0.63474107,0.1595666,0.00444303,-0.13927254,-0.011814376,-0.21070896,-0.07931742,1.0789504,-0.17285831,0.5061315,0.0,0.13492,11.912147,9.504656
0.4,1.0,0.0,0.0,0.0,0.0,26.0,1.0,28.0,112.0,120.63333333333334,533.1776470588235,0.0,0.0,0.0,0.0,0.0,1.0,0.0,0.0,0.0,0.0,0.0,0.0,0.0,0.0,0.0,0.0,0.0,1.0,0.0,0.0,0.0,1.0,16.0,1.0,0.0,0.0,0.0,0.0,0.0,0.0,26.0,10.4,0.0,1.0,0.0,0.0,0.0,108.0,3.0,182.0,182.0,546.0,1.4204329,-0.05546193,-0.013210352,-0.04319749,0.00232683,-0.004730015,-0.001179777,-0.04619952,-0.8427477,-0.70454764,0.10201717,-1.3838341,-0.43693337,-0.08270616,0.036877174,-0.106207915,-0.07118727,-0.40607238,9.054507e-05,0.12891433,0.0004330015,0.0,0.059747905,0.0006773991,-0.28590405,0.0,-0.047179274,0.0,0.0,0.1968452,0.009567751,0.07919865,-0.0316474,-0.039965063,-1.6842754,0.034986492,0.0,0.0,-0.0034747606,0.035838883,0.0,-0.00021317149,0.622071,0.11385842,0.0042636404,-0.2234194,-0.015942758,-0.2241248,-0.21575579,-0.907387,-0.35315624,-0.2161603,0.0,-0.05962554,11.912147,6.2538466
0.4,1.0,0.0,0.0,0.0,0.0,26.0,1.0,28.0,112.0,120.63333333333334,533.1776470588235,0.0,0.0,0.0,0.0,1.0,0.0,0.0,0.0,0.0,0.0,0.0,0.0,0.0,0.0,0.0,0.0,0.0,1.0,0.0,0.0,0.0,1.0,23.0,1.0,0.0,0.0,0.0,0.0,0.0,0.0,26.0,10.4,0.0,1.0,0.0,0.0,0.0,96.0,3.0,364.0,364.0,1092.0,1.4528186,-0.008372044,-0.012408535,-0.042361498,0.00232683,-0.004671312,0.07041105,-0.045121733,-0.7656894,-0.66316986,0.10670304,-1.3245566,-0.43577975,-0.08156049,0.040251717,-0.10225195,0.62599367,0.021400291,0.0011851398,0.13324924,0.00046981042,0.0,0.0995675,0.00057239144,-0.2754326,0.0,-0.04509527,0.0,0.0,0.21062191,0.011949195,0.08168926,-0.031816244,-0.039672915,-1.4585721,0.035455704,0.0,0.0,-0.0036828017,0.04027565,0.0,-0.00013463495,0.6626392,0.18636495,0.0034237239,-0.21861549,-0.013616915,-0.22811316,-0.20584507,-0.86866647,-0.34193218,-0.018018028,0.0,-0.046280272,11.912147,8.418081
0.4,1.0,0.0,0.0,0.0,0.0,26.0,1.0,28.0,112.0,120.63333333333334,533.1776470588235,0.0,0.0,0.0,0.0,1.0,0.0,0.0,0.0,0.0,0.0,0.0,0.0,0.0,0.0,0.0,0.0,0.0,1.0,0.0,0.0,0.0,1.0,23.0,1.0,0.0,0.0,0.0,0.0,0.0,0.0,26.0,10.4,0.0,1.0,0.0,0.0,0.0,94.0,1.2,140.0,140.0,168.0,1.4346343,-0.0054196212,-0.012581089,-0.042946696,0.003637984,-0.0045954473,0.11421437,-0.042407133,-0.83961844,-0.70360535,0.12375704,-1.2957085,-0.4291428,-0.093167536,0.059744548,-0.10176991,0.5804427,0.02202109,0.002141854,0.1423052,0.0004948679,0.0,0.14873253,0.0013599938,-0.27305773,0.0,-0.04944149,0.0,0.0,0.14467789,-0.0015537349,0.08607618,-0.02926735,-0.039385185,-1.487087,0.039945018,0.0,0.0,-0.0014174526,0.07750177,0.0,-0.00051438645,0.6618687,0.24106194,0.0037612892,-0.123807825,-0.010059677,-0.19189642,-0.11819693,0.2048487,1.6322702,-0.069306985,0.0,0.14515287,11.912147,11.816838
0.4,1.0,0.0,0.0,0.0,0.0,26.0,1.0,28.0,112.0,120.63333333333334,533.1776470588235,0.0,0.0,0.0,0.0,1.0,0.0,0.0,0.0,0.0,0.0,0.0,0.0,0.0,0.0,0.0,0.0,0.0,1.0,0.0,0.0,0.0,1.0,23.0,1.0,0.0,0.0,0.0,0.0,0.0,0.0,26.0,10.4,0.0,1.0,0.0,0.0,0.0,90.0,1.8,140.0,140.0,252.0,1.451508,-0.0037245275,-0.013256613,-0.041162558,0.00232683,-0.005149137,0.09854305,-0.044676077,-0.8103506,-0.68541694,0.1366592,-1.3208525,-0.4368318,-0.09145696,0.058762025,-0.100492395,0.6321312,0.021113064,0.0018203785,0.14408715,0.00052460516,0.0,0.13726887,0.0009104233,-0.26144466,0.0,-0.05019762,0.0,0.0,0.17055078,0.0069190464,0.08486817,-0.030950751,-0.041192066,-1.5765088,0.040268257,0.0,0.0,-0.0009040012,0.04174834,0.0,-0.0010996191,0.6917248,0.20310883,0.003898676,-0.15299287,-0.009422491,-0.2138025,-0.11983456,0.25100428,0.9171734,-0.06830576,0.0,0.10200903,11.912147,11.031047
0.4,1.0,0.0,0.0,0.0,0.0,26.0,1.0,28.0,112.0,120.63333333333334,533.1776470588235,0.0,0.0,0.0,0.0,1.0,0.0,0.0,0.0,0.0,0.0,0.0,0.0,0.0,0.0,0.0,0.0,0.0,1.0,0.0,0.0,0.0,1.0,23.0,1.0,0.0,0.0,0.0,0.0,0.0,0.0,26.0,10.4,0.0,1.0,0.0,0.0,0.0,92.0,2.4,140.0,140.0,336.0,1.4185467,-0.0019651058,-0.012677462,-0.042461775,0.00232683,-0.003972252,0.10392988,-0.041658457,-0.84429,-0.7286321,0.115868226,-1.3173336,-0.4273616,-0.09259426,0.05495664,-0.10162296,0.6315023,0.02135499,0.0007331017,0.13204904,0.0004330015,0.0,0.1322407,0.0013599938,-0.27739125,0.0,-0.05215904,0.0,0.0,0.18362422,-0.004136301,0.08484863,-0.032353148,-0.040103216,-1.4350837,0.03943761,0.0,0.0,-0.0011673904,0.04051483,0.0,-0.0010996191,0.642162,0.26203486,0.0039761197,-0.14440764,-0.0096512595,-0.21126522,-0.10395939,0.072354406,0.265901,-0.07812652,0.0,0.1649529,11.912147,10.281781
0.4,1.0,0.0,0.0,0.0,0.0,26.0,1.0,28.0,112.0,120.63333333333334,533.1776470588235,0.0,0.0,0.0,0.0,1.0,0.0,0.0,0.0,0.0,0.0,0.0,0.0,0.0,0.0,0.0,0.0,0.0,1.0,0.0,0.0,0.0,1.0,23.0,1.0,0.0,0.0,0.0,0.0,0.0,0.0,26.0,10.4,0.0,1.0,0.0,0.0,0.0,92.0,3.0,140.0,140.0,420.0,1.4121321,-0.004096703,-0.01254011,-0.03860655,0.00232683,-0.0047296584,0.11224309,-0.044067875,-0.8199818,-0.69391125,0.10913109,-1.306537,-0.43835104,-0.09362912,0.053709198,-0.102561966,0.62759566,0.020246886,0.00056090107,0.13338163,0.0004330015,0.0,0.108490095,0.0008678519,-0.2758842,0.0,-0.052086476,0.0,0.0,0.18571305,-0.0041347593,0.08586095,-0.032376546,-0.040087268,-1.4348679,0.039101914,0.0,0.0,-0.0010264742,0.04116914,0.0,-0.00047876127,0.63822955,0.26527768,0.003956827,-0.20551652,-0.012984308,-0.22471164,-0.10567755,-0.02415961,-0.34434333,-0.12484846,0.0,-0.06396989,11.912147,9.2464075
0.4,1.0,0.0,0.0,0.0,0.0,26.0,1.0,28.0,112.0,120.63333333333334,533.1776470588235,0.0,0.0,0.0,0.0,1.0,0.0,0.0,0.0,0.0,0.0,0.0,0.0,0.0,0.0,0.0,0.0,0.0,1.0,0.0,0.0,0.0,1.0,23.0,1.0,0.0,0.0,0.0,0.0,0.0,0.0,26.0,10.4,0.0,1.0,0.0,0.0,0.0,29.0,3.0,280.0,280.0,840.0,1.4052881,0.0010623065,-0.012916073,-0.036389384,0.00232683,-0.0020029722,0.07160671,-0.043712463,-0.75589836,-0.69679105,0.12733328,-1.4370071,-0.4397766,-0.09018875,0.056291915,-0.10212236,0.613971,0.020413201,0.0014485508,0.1446301,0.0004627387,0.0,0.13619462,0.001163671,-0.26635778,0.0,-0.054846466,0.0,0.0,0.19368257,-0.0024630588,0.08491275,-0.031312604,-0.041528545,-1.483975,0.041190784,0.0,0.0,-0.0010264742,0.038084567,0.0,-0.00020249482,0.6825448,0.23273718,0.0023462388,-0.1627358,-0.009491815,-0.21992895,-0.09534726,0.92900157,-0.21923754,-0.02439747,0.0,-0.029146027,11.912147,10.440037
0.4,1.0,0.0,0.0,0.0,0.0,26.0,1.0,28.0,112.0,120.63333333333334,533.1776470588235,0.0,0.0,0.0,0.0,1.0,0.0,0.0,0.0,0.0,0.0,0.0,0.0,0.0,0.0,0.0,0.0,0.0,1.0,0.0,0.0,0.0,1.0,23.0,1.0,0.0,0.0,0.0,0.0,0.0,0.0,26.0,10.4,0.0,1.0,0.0,0.0,1.0,412.0,3.0,392.0,392.0,1176.0,1.4631294,-0.015622968,-0.01152524,-0.04222498,0.0022694494,-0.0020941175,0.09866623,-0.043277327,-0.8054797,-0.6525147,0.110503584,-1.3007623,-0.42753276,-0.08310685,0.04621644,-0.10254092,0.5929745,0.02392561,0.0016260542,0.1328026,0.00041145895,0.0,0.10100991,0.0013374521,-0.27552447,0.0,-0.042651746,0.0,0.0,0.21748498,0.02815396,0.086183876,-0.031913746,-0.043333508,-1.4841421,0.040022507,0.0,0.0,-0.001216701,0.04218013,0.0,-0.00013463495,0.6264483,0.2269854,0.003471638,-0.15416498,-0.009916983,-0.21914035,0.070039466,0.21437955,-0.29919815,0.085012704,0.0,-0.034358494,11.912147,10.045003
0.4,1.0,0.0,0.0,0.0,0.0,26.0,1.0,28.0,112.0,120.63333333333334,533.1776470588235,0.0,0.0,0.0,0.0,1.0,0.0,0.0,0.0,0.0,0.0,0.0,0.0,0.0,0.0,0.0,0.0,0.0,1.0,0.0,0.0,0.0,1.0,23.0,1.0,0.0,0.0,0.0,0.0,0.0,0.0,26.0,10.4,0.0,1.0,0.0,0.0,1.0,204.0,1.8,392.0,392.0,705.6,1.4427124,-0.01162206,-0.01150808,-0.041929003,0.0022694494,-0.004644053,0.07808523,-0.043890767,-0.7907704,-0.6320291,0.12050253,-1.2961035,-0.42161864,-0.08232824,0.04760726,-0.10286139,0.5616429,0.023763938,0.0022943926,0.14009565,0.00044637686,0.0,0.13072433,0.0013452232,-0.27242732,0.0,-0.04179285,0.0,0.0,0.19440225,0.027451884,0.08770147,-0.030884845,-0.042541318,-1.5314623,0.04667598,0.0,0.0,-0.0009860602,0.06543407,0.0,-0.0002449644,0.6210326,0.22473077,0.003883558,-0.13844037,-0.008810123,-0.19029151,0.13203971,-0.33670193,1.4535275,0.111886546,0.0,-0.020362463,11.912147,11.378152
0.4,1.0,0.0,0.0,0.0,0.0,26.0,1.0,28.0,112.0,120.63333333333334,533.1776470588235,0.0,0.0,0.0,0.0,1.0,0.0,0.0,0.0,0.0,0.0,0.0,0.0,0.0,0.0,0.0,0.0,0.0,1.0,0.0,0.0,0.0,1.0,23.0,1.0,0.0,0.0,0.0,0.0,0.0,0.0,26.0,10.4,0.0,1.0,0.0,0.0,1.0,2432.0,3.0,392.0,392.0,1176.0,1.4700705,-0.023349512,-0.012072404,-0.042263366,0.0022694494,-0.0023112798,0.1323789,-0.042086396,-0.8220373,-0.6602985,0.10660628,-1.2932626,-0.42740235,-0.08331005,0.04186204,-0.104630746,0.58053696,0.020695098,-0.0005776587,0.13175905,0.00045213272,0.0,0.086784706,0.0013374521,-0.27751094,0.0,-0.042260494,0.0,0.0,0.21645303,0.012670495,0.085631475,-0.032276418,-0.042712014,-1.46881,0.036581073,0.0,0.0,-0.0015774805,0.040016156,0.0,-0.00012695184,0.63180184,0.22366019,0.0035324334,-0.19043979,-0.012726677,-0.22557136,0.073006585,-1.0027872,-0.35973403,0.00997328,0.0,-0.03218751,11.912147,8.617898
0.4,1.0,0.0,0.0,0.0,0.0,26.0,1.0,28.0,112.0,120.63333333333334,533.1776470588235,0.0,0.0,0.0,0.0,1.0,0.0,0.0,0.0,0.0,0.0,0.0,0.0,0.0,0.0,0.0,0.0,0.0,1.0,0.0,0.0,0.0,1.0,23.0,1.0,0.0,0.0,0.0,0.0,0.0,0.0,26.0,10.4,0.0,1.0,0.0,0.0,1.0,1467.0,3.0,1120.0,1120.0,3360.0,1.4671589,-0.043869406,-0.0119801015,-0.0424682,0.0022694494,-0.0020739397,0.1038295,-0.043111898,-0.7986329,-0.6659014,0.110630855,-1.2846673,-0.42666507,-0.08260815,0.042877227,-0.10311118,0.6163204,0.02124466,0.001624782,0.13191026,0.0004407481,0.0,0.09393802,0.0013374521,-0.275291,0.0,-0.038597275,0.0,0.0,0.20431441,0.016044075,0.08630601,-0.032155335,-0.04183342,-1.4836222,0.039230544,0.0,0.0,-0.0011031532,0.039982982,0.0,-0.00013463495,0.64389616,0.21142918,0.0033680408,-0.14997038,-0.011205334,-0.22177456,0.07181264,-0.1669561,-0.30289316,0.14146662,0.0,-0.03967585,11.912147,9.6932745
0.4,1.0,0.0,0.0,0.0,0.0,26.0,1.0,28.0,112.0,120.63333333333334,533.1776470588235,0.0,0.0,0.0,0.0,1.0,0.0,0.0,0.0,0.0,0.0,0.0,0.0,0.0,0.0,0.0,0.0,0.0,1.0,0.0,0.0,0.0,1.0,23.0,1.0,0.0,0.0,0.0,0.0,0.0,0.0,26.0,10.4,0.0,1.0,0.0,0.0,1.0,349.0,3.0,476.0,476.0,1428.0,1.4333258,-0.018867003,-0.011842116,-0.04419012,0.0022694494,-0.0027753534,0.076548636,-0.042563308,-0.7617518,-0.6542543,0.10768141,-1.3097959,-0.4270955,-0.08246844,0.041832253,-0.10250026,0.6469069,0.021226235,0.00097644696,0.12995319,0.00042968232,0.0,0.100613296,0.0013452232,-0.27632865,0.0,-0.039300073,0.0,0.0,0.21976031,0.015723009,0.08645999,-0.032159284,-0.041831918,-1.4776998,0.046422604,0.0,0.0,-0.0015469883,0.03865342,0.0,-0.00013463495,0.64412093,0.22286133,0.0030461433,-0.20572478,-0.011133175,-0.22192666,0.061477367,-0.85382,-0.3797324,-0.09698549,0.0,-0.053977687,11.912147,8.663369
0.4,1.0,0.0,0.0,0.0,0.0,26.0,1.0,28.0,112.0,120.63333333333334,533.1776470588235,0.0,0.0,0.0,0.0,1.0,0.0,0.0,0.0,0.0,0.0,0.0,0.0,0.0,0.0,0.0,0.0,0.0,1.0,0.0,0.0,0.0,1.0,23.0,1.0,0.0,0.0,0.0,0.0,0.0,0.0,26.0,10.4,1.0,0.0,0.0,0.0,1.0,175.0,3.0,224.0,224.0,672.0,1.4482294,-0.007014965,-0.011569463,-0.04831669,0.0022694494,-0.0023985028,0.06303644,-0.04459955,-0.83113277,-0.66359556,0.10745603,-1.2683121,-0.42170295,-0.08140435,0.04432844,-0.10152299,0.65315926,0.020054668,0.0009802103,0.1323863,0.0004480117,0.0,0.099074714,0.0017417955,-0.2761352,0.0,-0.044739243,0.0,0.0,0.20872624,0.031399436,0.08091065,-0.03275287,-0.04321109,-1.4754707,0.03971615,0.0,0.0,-0.0014622789,0.04240093,0.0,-0.00012387785,0.5894434,0.2330464,-0.020550584,0.654739,-0.014052474,-0.24430358,0.09517421,-0.7492977,-0.3055202,-0.02787745,0.0,-0.016159844,11.912147,9.727639
0.4,1.0,0.0,0.0,0.0,0.0,26.0,1.0,28.0,112.0,120.63333333333334,533.1776470588235,0.0,0.0,0.0,0.0,1.0,0.0,0.0,0.0,0.0,0.0,0.0,0.0,0.0,0.0,0.0,0.0,0.0,1.0,0.0,0.0,0.0,1.0,23.0,1.0,0.0,0.0,0.0,0.0,0.0,0.0,26.0,10.4,0.0,0.0,1.0,0.0,1.0,125.0,3.0,392.0,392.0,1176.0,1.4485995,-0.009610312,-0.010847767,-0.049921878,0.0021115988,-0.0024103022,0.07796185,-0.042300534,-0.8477057,-0.6495442,0.1090373,-1.2673069,-0.42080298,-0.07799993,0.04225485,-0.10088303,0.6131434,0.019681832,0.0011273763,0.13054352,0.00047832474,0.0,0.08978229,0.002202267,-0.27573854,0.0,-0.04515521,0.0,0.0,0.21452251,0.018334944,0.08129374,-0.03210196,-0.041545667,-1.4749832,0.050398964,0.0,0.0,-0.0013741178,0.046246354,0.0,-0.0001058103,0.6048935,0.22846979,0.029646767,0.7175393,0.18566331,-0.2436545,0.10757802,-0.56957847,-0.28737143,0.04334707,0.0,-0.033104796,11.912147,10.292954
0.4,1.0,0.0,0.0,0.0,0.0,26.0,1.0,28.0,112.0,120.63333333333334,533.1776470588235,0.0,0.0,0.0,0.0,1.0,0.0,0.0,0.0,0.0,0.0,0.0,0.0,0.0,0.0,0.0,0.0,0.0,1.0,0.0,0.0,0.0,1.0,23.0,1.0,0.0,0.0,0.0,0.0,0.0,0.0,26.0,10.4,0.0,0.0,0.0,1.0,1.0,17.0,3.0,364.0,364.0,1092.0,1.4062374,0.00798422,-0.015602524,-0.029697116,0.0030356806,-0.001501241,0.104223035,-0.035127357,-0.85897845,-0.7053004,0.12971452,-1.437861,-0.433927,-0.09145718,0.055814795,-0.08601067,0.6468974,0.019959835,0.001639744,0.13927598,0.00055244105,0.0,0.15946117,0.002382215,-0.26298982,0.0,-0.060380872,0.0,0.0,0.18931334,0.0101331845,0.06975141,-0.029038643,-0.04275404,-1.5521923,0.04038105,0.0,0.0,-0.0005788219,0.035658307,0.0,-0.00012008326,0.659996,0.30998158,0.008189738,0.2531297,-0.010836153,1.203448,0.04302861,-0.32950187,-0.19596176,-0.03027349,0.0,-0.013340325,11.912147,11.188906
0.4,1.0,0.0,0.0,0.0,0.0,26.0,1.0,28.0,112.0,120.63333333333334,533.1776470588235,0.0,0.0,0.0,0.0,1.0,0.0,0.0,0.0,0.0,0.0,0.0,0.0,0.0,0.0,0.0,0.0,0.0,1.0,0.0,0.0,0.0,1.0,23.0,1.0,0.0,0.0,0.0,0.0,0.0,0.0,26.0,10.4,0.0,0.0,0.0,1.0,1.0,14.0,3.0,364.0,364.0,1092.0,1.1638288,0.013274389,-0.014831158,-0.027921608,0.0030356806,-0.0010855024,0.14543761,-0.03388705,-0.9261616,-0.6791302,0.1263414,-1.4021536,-0.36960122,-0.061878566,0.07385934,-0.08280284,0.55443436,0.036067985,0.012773289,0.15771994,0.0060074204,0.0,0.18315907,0.0023032716,-0.2557066,0.0,-0.056458086,0.0,0.0,0.18538482,0.0046907444,0.073920496,-0.029038643,-0.041171495,-1.5093604,0.036645528,0.0,0.0,-0.0005788219,0.095316544,0.0,-0.00012008326,0.6265464,0.400735,0.008906597,0.5561541,-0.010587465,1.220409,0.044460963,3.4139163,-0.14378773,0.001109998,0.0,-0.007546245,11.912147,15.4047785
0.4,1.0,0.0,0.0,0.0,0.0,26.0,1.0,28.0,112.0,120.63333333333334,533.1776470588235,0.0,0.0,0.0,0.0,1.0,0.0,0.0,0.0,0.0,0.0,0.0,0.0,0.0,0.0,0.0,0.0,0.0,1.0,0.0,0.0,0.0,1.0,23.0,1.0,0.0,0.0,0.0,0.0,0.0,0.0,26.0,10.4,0.0,0.0,0.0,1.0,1.0,31.0,3.0,364.0,364.0,1092.0,1.3753699,0.01789395,-0.013065927,-0.024212573,0.0050189984,-0.0020638437,0.11509202,-0.03556963,-0.8004498,-0.67065537,0.13908039,-1.403321,-0.42557782,-0.09108665,0.057587,-0.087037995,0.6041091,0.02094905,0.0015317308,0.14393571,0.0005569707,0.0,0.15165454,0.0015945069,-0.2583358,0.0,-0.0577036,0.0,0.0,0.18915288,0.002938777,0.07228692,-0.0287704,-0.04279357,-1.5457834,0.04203782,0.0,0.0,-0.00047381414,0.03909564,0.0,-0.00020499954,0.6633163,0.33781078,0.029749366,0.667673,-0.011510944,1.3827034,0.057153117,1.041283,-0.18291461,0.005765872,0.0,-0.009876013,11.912147,13.38608
0.4,1.0,0.0,0.0,0.0,0.0,26.0,1.0,28.0,112.0,120.63333333333334,533.1776470588235,0.0,0.0,0.0,0.0,1.0,0.0,0.0,0.0,0.0,0.0,0.0,0.0,0.0,0.0,0.0,0.0,0.0,1.0,0.0,0.0,0.0,1.0,23.0,1.0,0.0,0.0,0.0,0.0,0.0,0.0,26.0,10.4,0.0,1.0,0.0,0.0,1.0,194.0,3.0,392.0,392.0,1176.0,1.4483854,-0.017462276,-0.0134854615,-0.042514417,0.0022694494,-0.005691706,0.073466,-0.043856554,-0.82693404,-0.646614,0.10657217,-1.320116,-0.43302295,-0.08245106,0.041262686,-0.102871664,0.6950052,0.020253623,-0.0033094562,0.13160363,0.00045804674,0.0,0.10385329,0.0013452232,-0.27581745,0.0,-0.043287665,0.0,0.0,0.21978633,0.021463215,0.08374833,-0.031762566,-0.04275122,-1.4664979,0.037126474,0.0,0.0,-0.002050302,0.040238902,0.0,-0.00013463495,0.6289385,0.22095269,0.0011355134,-0.231013,-0.01465513,-0.22819604,0.05360321,-1.509568,-0.3943015,-0.009356053,0.0,-0.07200168,11.912147,7.9838867
0.4,1.0,0.0,0.0,0.0,0.0,26.0,1.0,28.0,112.0,120.63333333333334,533.1776470588235,0.0,0.0,0.0,0.0,1.0,0.0,0.0,0.0,0.0,0.0,0.0,0.0,0.0,0.0,0.0,0.0,0.0,1.0,0.0,0.0,0.0,1.0,23.0,1.0,0.0,0.0,0.0,0.0,0.0,0.0,26.0,10.4,0.0,1.0,0.0,0.0,1.0,117.0,3.0,476.0,476.0,1428.0,1.427728,-0.009433191,-0.01153724,-0.043109205,0.0022694494,-0.0046737883,0.06904248,-0.043648645,-0.75386536,-0.6613542,0.10737665,-1.3174715,-0.43080157,-0.08030549,0.040256243,-0.10279169,0.6368244,0.018833665,0.0011027785,0.13147071,0.0004413522,0.0,0.096051626,0.0013452232,-0.27504724,0.0,-0.04036089,0.0,0.0,0.21392453,0.014288995,0.08237298,-0.032093067,-0.0408498,-1.4798777,0.035661746,0.0,0.0,-0.0014896432,0.04055267,0.0,-0.00013463495,0.67095846,0.22418934,0.0032130168,-0.21182002,-0.012518389,-0.2243449,0.10688247,-0.6328106,-0.34515107,0.093723506,0.0,-0.060721662,11.912147,9.114444
0.4,1.0,0.0,0.0,0.0,0.0,26.0,1.0,28.0,112.0,120.63333333333334,533.1776470588235,0.0,0.0,0.0,0.0,1.0,0.0,0.0,0.0,0.0,0.0,0.0,0.0,0.0,0.0,0.0,0.0,0.0,1.0,0.0,0.0,0.0,1.0,23.0,1.0,0.0,0.0,0.0,0.0,0.0,0.0,26.0,10.4,0.0,1.0,0.0,0.0,0.0,19.0,3.0,112.0,112.0,336.0,1.4017798,-0.00025868678,-0.0129336035,-0.041382644,0.0022528889,-0.0015919991,0.09742902,-0.04256069,-0.7706083,-0.7181417,0.12683944,-1.4024706,-0.43958515,-0.08894642,0.056185238,-0.10147742,0.6180739,0.021114932,0.0028403024,0.14486882,0.00045820902,0.0,0.120365545,0.0010027112,-0.2652606,0.0,-0.05415314,0.0,0.0,0.19473107,0.00012653568,0.0872568,-0.031337265,-0.040576484,-1.4730123,0.03985279,0.0,0.0,-0.0008215321,0.042674836,0.0,-0.00020249482,0.67382413,0.2319708,0.0039773285,-0.1383398,-0.009516839,-0.21144287,-0.07118612,1.0708816,-0.17770709,0.5214381,0.0,0.13215755,11.912147,11.410728
0.4,1.0,0.0,0.0,0.0,0.0,26.0,1.0,28.0,112.0,120.63333333333334,533.1776470588235,0.0,0.0,0.0,0.0,1.0,0.0,0.0,0.0,0.0,0.0,0.0,0.0,0.0,0.0,0.0,0.0,0.0,1.0,0.0,0.0,0.0,1.0,23.0,1.0,0.0,0.0,0.0,0.0,0.0,0.0,26.0,10.4,0.0,1.0,0.0,0.0,0.0,108.0,3.0,182.0,182.0,546.0,1.4411094,-0.006706199,-0.013210352,-0.04140775,0.00232683,-0.004730015,0.052163526,-0.045969754,-0.74671584,-0.65349084,0.10505575,-1.3252386,-0.43605292,-0.08270616,0.04021302,-0.10299919,0.6463099,0.01965027,0.0009622446,0.13228619,0.0004330015,0.0,0.10030651,0.0008678519,-0.27378207,0.0,-0.044674102,0.0,0.0,0.20777574,0.009578057,0.08333433,-0.0316474,-0.039965063,-1.4622394,0.035475105,0.0,0.0,-0.0034747606,0.04116914,0.0,-0.00021317149,0.6628872,0.18565941,0.0037979383,-0.22236189,-0.0136452215,-0.22485872,-0.21355207,-0.9060583,-0.351781,-0.21239576,0.0,-0.062195316,11.912147,8.161436
0.4,1.0,0.0,0.0,0.0,0.0,14.0,1.0,56.0,112.0,120.63333333333334,42.0,0.0,0.0,0.0,1.0,0.0,0.0,0.0,0.0,0.0,0.0,0.0,0.0,0.0,0.0,0.0,0.0,0.0,1.0,0.0,0.0,0.0,1.0,8.0,1.0,0.0,0.0,0.0,0.0,0.0,0.0,14.0,5.6000000000000005,0.0,1.0,0.0,0.0,0.0,96.0,3.0,364.0,364.0,1092.0,5.9259768,-0.026259914,-0.019617071,-0.014019817,0.0069622477,-0.0046043876,0.18749367,-0.036330663,1.7318609,-0.17926246,0.16943285,-1.2396208,-0.15370685,-0.06285947,0.02927841,2.5639946,-0.01623861,0.014513777,0.00082106,0.10017477,0.0005364773,0.0,0.10953226,0.0011380017,-0.1435985,0.0,-0.03700447,0.0,0.0,0.3961871,0.024021536,0.071025476,-0.02901441,-0.05823364,0.944121,0.053380903,0.0,0.0,-0.0037184204,0.038191408,0.0,-0.00013162293,0.56545776,0.65290236,0.007999361,-0.24588093,-0.015353699,-0.21838346,-0.14608017,-0.82257575,-0.3202333,-0.002112347,0.0,-0.043791573,11.912147,21.668514
0.4,1.0,0.0,0.0,0.0,0.0,14.0,1.0,56.0,112.0,120.63333333333334,42.0,0.0,0.0,0.0,1.0,0.0,0.0,0.0,0.0,0.0,0.0,0.0,0.0,0.0,0.0,0.0,0.0,0.0,1.0,0.0,0.0,0.0,1.0,8.0,1.0,0.0,0.0,0.0,0.0,0.0,0.0,14.0,5.6000000000000005,0.0,1.0,0.0,0.0,0.0,94.0,1.2,140.0,140.0,168.0,5.83873,-0.021909982,-0.022024954,-0.015763985,0.0071882936,-0.0038488023,0.17596,-0.035430722,1.7403296,-0.11648371,0.1792613,-1.1996008,-0.1507547,-0.074445836,0.039163142,2.470615,-0.01645329,0.01534541,0.0015265014,0.10622707,0.00056153483,0.0,0.18534058,0.001925604,-0.14147457,0.0,-0.040507637,0.0,0.0,0.3790138,0.0033926282,0.07023065,-0.026182454,-0.058060415,0.89414567,0.060900178,0.0,0.0,-0.0014530714,0.067237414,0.0,-0.00048586002,0.5572369,0.6675676,0.010297123,-0.15511845,-0.008332552,-0.18426439,-0.10794058,0.2426405,1.5691463,-0.097653314,0.0,0.14826743,11.912147,24.86621
0.4,1.0,0.0,0.0,0.0,0.0,14.0,1.0,56.0,112.0,120.63333333333334,42.0,0.0,0.0,0.0,1.0,0.0,0.0,0.0,0.0,0.0,0.0,0.0,0.0,0.0,0.0,0.0,0.0,0.0,1.0,0.0,0.0,0.0,1.0,8.0,1.0,0.0,0.0,0.0,0.0,0.0,0.0,14.0,5.6000000000000005,0.0,1.0,0.0,0.0,0.0,90.0,1.8,140.0,140.0,252.0,5.921153,-0.023282915,-0.021455998,-0.013979837,0.0069622477,-0.00431872,0.1766978,-0.03769102,1.7036006,-0.11086311,0.16457832,-1.1885334,-0.15208662,-0.07059029,0.038330067,2.517039,-0.019226909,0.014786495,0.0014448257,0.09858119,0.0005912721,0.0,0.13325815,0.0014760335,-0.14116782,0.0,-0.04172169,0.0,0.0,0.40642124,0.011593448,0.06883152,-0.027661512,-0.06070198,0.91761106,0.06273562,0.0,0.0,-0.0011160152,0.04199988,0.0,-0.00092842,0.46277714,0.62570274,0.009573095,-0.19000968,-0.0070546456,-0.1905285,-0.10583803,0.20525333,0.99938655,-0.09123961,0.0,0.11544214,11.912147,24.117971
0.4,1.0,0.0,0.0,0.0,0.0,14.0,1.0,56.0,112.0,120.63333333333334,42.0,0.0,0.0,0.0,1.0,0.0,0.0,0.0,0.0,0.0,0.0,0.0,0.0,0.0,0.0,0.0,0.0,0.0,1.0,0.0,0.0,0.0,1.0,8.0,1.0,0.0,0.0,0.0,0.0,0.0,0.0,14.0,5.6000000000000005,0.0,1.0,0.0,0.0,0.0,92.0,2.4,140.0,140.0,336.0,5.883616,-0.020660704,-0.021190567,-0.015279055,0.0069622477,-0.0032769158,0.1781036,-0.034915503,1.7741491,-0.13205826,0.17711762,-1.2258617,-0.14917658,-0.07601158,0.0389616,2.5073485,-0.016203713,0.014962737,0.0004039112,0.09777441,0.00049966836,0.0,0.16974035,0.001925604,-0.14536698,0.0,-0.043405842,0.0,0.0,0.39879116,0.0006130693,0.07153131,-0.029063916,-0.059562862,0.8823566,0.06272541,0.0,0.0,-0.0013794044,0.037581384,0.0,-0.00092842,0.5442636,0.7080662,0.00928764,-0.18461916,-0.0070812013,-0.20388569,-0.09756598,0.15965053,0.22420259,-0.097068965,0.0,0.1604799,11.912147,23.458698
0.4,1.0,0.0,0.0,0.0,0.0,14.0,1.0,56.0,112.0,120.63333333333334,42.0,0.0,0.0,0.0,1.0,0.0,0.0,0.0,0.0,0.0,0.0,0.0,0.0,0.0,0.0,0.0,0.0,0.0,1.0,0.0,0.0,0.0,1.0,8.0,1.0,0.0,0.0,0.0,0.0,0.0,0.0,14.0,5.6000000000000005,0.0,1.0,0.0,0.0,0.0,92.0,3.0,140.0,140.0,420.0,5.8732977,-0.023213502,-0.020296931,-0.011423831,0.0069622477,-0.004662734,0.20177352,-0.03517661,1.7942119,-0.12956813,0.17480364,-1.2414323,-0.1498137,-0.0762835,0.037653606,2.545811,-0.016201546,0.013606854,0.00019682139,0.098419376,0.00049966836,0.0,0.059171893,0.0014334621,-0.14385025,0.0,-0.04306582,0.0,0.0,0.4007088,0.00050342246,0.071875684,-0.029087313,-0.059433684,0.9207012,0.062017992,0.0,0.0,-0.0012384882,0.037681706,0.0,-0.00045578476,0.53940254,0.7306025,0.010926104,-0.24714269,-0.013988274,-0.21539874,-0.095487796,0.06686107,-0.33511272,-0.15965164,0.0,-0.06298349,11.912147,22.446293
0.4,1.0,0.0,0.0,0.0,0.0,14.0,1.0,56.0,112.0,120.63333333333334,42.0,0.0,0.0,0.0,1.0,0.0,0.0,0.0,0.0,0.0,0.0,0.0,0.0,0.0,0.0,0.0,0.0,0.0,1.0,0.0,0.0,0.0,1.0,8.0,1.0,0.0,0.0,0.0,0.0,0.0,0.0,14.0,5.6000000000000005,0.0,1.0,0.0,0.0,0.0,29.0,3.0,280.0,280.0,840.0,6.0200596,-0.020607572,-0.020845313,-0.009206664,0.0069622477,-0.0019209811,0.22858065,-0.0347954,1.6877859,-0.15892622,0.1612194,-1.1995478,-0.15166913,-0.07065559,0.0398312,2.5743012,-0.016182259,0.013840818,0.0010950896,0.10287586,0.0005294056,0.0,0.16157371,0.0017292812,-0.1417213,0.0,-0.04577403,0.0,0.0,0.41743955,0.0022800015,0.071819454,-0.027865944,-0.06082242,0.9016661,0.06423049,0.0,0.0,-0.0012384882,0.036441,0.0,-0.0001795183,0.44750255,0.6735694,0.0083721,-0.1987861,-0.011088851,-0.20945354,-0.07796488,0.9405052,-0.2248617,0.0027569942,0.0,-0.025478285,11.912147,23.769508
0.4,1.0,0.0,0.0,0.0,0.0,14.0,1.0,56.0,112.0,120.63333333333334,42.0,0.0,0.0,0.0,1.0,0.0,0.0,0.0,0.0,0.0,0.0,0.0,0.0,0.0,0.0,0.0,0.0,0.0,1.0,0.0,0.0,0.0,1.0,8.0,1.0,0.0,0.0,0.0,0.0,0.0,0.0,14.0,5.6000000000000005,0.0,1.0,0.0,0.0,1.0,412.0,3.0,392.0,392.0,1176.0,5.9229226,-0.028360065,-0.018737443,-0.013883303,0.0069428803,-0.0020761369,0.13776423,-0.034119837,1.7559212,-0.14695753,0.1751247,-1.2591966,-0.14457327,-0.063748896,0.034078762,2.5501268,-0.015820771,0.015233162,0.0013348531,0.10018771,0.0004666642,0.0,0.13927244,0.0019030625,-0.14307009,0.0,-0.034452595,0.0,0.0,0.42931816,0.03396216,0.075969204,-0.029335344,-0.06345842,0.8995025,0.07714769,0.0,0.0,-0.0012523197,0.0401755,0.0,-0.00013162293,0.5149964,0.6756115,0.006254871,-0.1868078,-0.013518578,-0.21006554,0.05657615,0.24051769,-0.2737605,0.099560976,0.0,-0.04783429,11.912147,23.17186
0.4,1.0,0.0,0.0,0.0,0.0,14.0,1.0,56.0,112.0,120.63333333333334,42.0,0.0,0.0,0.0,1.0,0.0,0.0,0.0,0.0,0.0,0.0,0.0,0.0,0.0,0.0,0.0,0.0,0.0,1.0,0.0,0.0,0.0,1.0,8.0,1.0,0.0,0.0,0.0,0.0,0.0,0.0,14.0,5.6000000000000005,0.0,1.0,0.0,0.0,1.0,204.0,1.8,392.0,392.0,705.6,5.8015924,-0.021334466,-0.017751634,-0.0135873305,0.0069428803,-0.003906919,0.12900862,-0.03655613,1.7558397,-0.09457892,0.17326483,-1.2422254,-0.14874122,-0.060890757,0.031060813,2.4312494,-0.016290566,0.015319271,0.0016259829,0.10241159,0.00048855005,0.0,0.20976236,0.0019108335,-0.1399092,0.0,-0.03405389,0.0,0.0,0.3874479,0.03377689,0.07519116,-0.028323516,-0.06284185,0.8476201,0.07385123,0.0,0.0,-0.0010216789,0.05888254,0.0,-0.00021643794,0.5682013,0.6224685,0.008064453,-0.15844874,-0.008298951,-0.18313858,0.11346329,-0.3495147,1.3898422,0.11736026,0.0,-0.012044233,11.912147,24.235123
0.4,1.0,0.0,0.0,0.0,0.0,14.0,1.0,56.0,112.0,120.63333333333334,42.0,0.0,0.0,0.0,1.0,0.0,0.0,0.0,0.0,0.0,0.0,0.0,0.0,0.0,0.0,0.0,0.0,0.0,1.0,0.0,0.0,0.0,1.0,8.0,1.0,0.0,0.0,0.0,0.0,0.0,0.0,14.0,5.6000000000000005,0.0,1.0,0.0,0.0,1.0,2432.0,3.0,392.0,392.0,1176.0,5.9357386,-0.03613232,-0.019290015,-0.014049716,0.0069428803,-0.002207951,0.13845564,-0.0333828,1.7918999,-0.14031635,0.16917479,-1.2533787,-0.14586212,-0.06515218,0.030342916,2.5721874,-0.01638143,0.013055595,-0.0002462015,0.09803513,0.000507338,0.0,0.11428779,0.0019030625,-0.14505655,0.0,-0.03406061,0.0,0.0,0.4304716,0.01897723,0.07499349,-0.029610688,-0.062808014,0.917083,0.06813313,0.0,0.0,-0.0016130991,0.038011532,0.0,-0.00012393983,0.46646607,0.67803895,0.006091171,-0.2203571,-0.018144187,-0.21954861,0.06262981,-1.0369587,-0.34382322,0.029203746,0.0,-0.042942636,11.912147,21.693329
0.4,1.0,0.0,0.0,0.0,0.0,14.0,1.0,56.0,112.0,120.63333333333334,42.0,0.0,0.0,0.0,1.0,0.0,0.0,0.0,0.0,0.0,0.0,0.0,0.0,0.0,0.0,0.0,0.0,0.0,1.0,0.0,0.0,0.0,1.0,8.0,1.0,0.0,0.0,0.0,0.0,0.0,0.0,14.0,5.6000000000000005,0.0,1.0,0.0,0.0,1.0,1467.0,3.0,1120.0,1120.0,3360.0,5.92629,-0.049644537,-0.019192303,-0.014488739,0.0069428803,-0.0024029315,0.1620336,-0.034094576,1.7623314,-0.17668019,0.17431861,-1.2333348,-0.14388055,-0.0632502,0.030637963,2.5619228,-0.016788082,0.013630407,0.0013335809,0.09894791,0.00049595337,0.0,0.113949776,0.0019030625,-0.14285882,0.0,-0.033460744,0.0,0.0,0.4161476,0.02196251,0.07831693,-0.029309854,-0.060267717,0.9157846,0.07432574,0.0,0.0,-0.0011387719,0.03814182,0.0,-0.00013162293,0.5161666,0.66193724,0.0061965953,-0.1927092,-0.014751575,-0.2132544,0.065358005,-0.10647236,-0.28487337,0.15002115,0.0,-0.049077068,11.912147,22.829184
0.4,1.0,0.0,0.0,0.0,0.0,14.0,1.0,56.0,112.0,120.63333333333334,42.0,0.0,0.0,0.0,1.0,0.0,0.0,0.0,0.0,0.0,0.0,0.0,0.0,0.0,0.0,0.0,0.0,0.0,1.0,0.0,0.0,0.0,1.0,8.0,1.0,0.0,0.0,0.0,0.0,0.0,0.0,14.0,5.6000000000000005,0.0,1.0,0.0,0.0,1.0,349.0,3.0,476.0,476.0,1428.0,5.903301,-0.033840522,-0.01905065,-0.016210662,0.0069428803,-0.0031017736,0.18574525,-0.033802766,1.7829344,-0.17961822,0.16959818,-1.2483157,-0.14424819,-0.063110486,0.029609667,2.555444,-0.017979525,0.013611983,0.00059419975,0.0974996,0.0004718555,0.0,0.11162311,0.0019108335,-0.1438965,0.0,-0.03416354,0.0,0.0,0.4053261,0.022945188,0.07642208,-0.029524988,-0.06009823,0.9274103,0.0779566,0.0,0.0,-0.0015826069,0.03664879,0.0,-0.00013162293,0.5229422,0.67084295,0.0060188384,-0.23229292,-0.014065005,-0.21374375,0.05421902,-0.8241538,-0.35961387,-0.045542005,0.0,-0.06743362,11.912147,21.786648
0.4,1.0,0.0,0.0,0.0,0.0,14.0,1.0,56.0,112.0,120.63333333333334,42.0,0.0,0.0,0.0,1.0,0.0,0.0,0.0,0.0,0.0,0.0,0.0,0.0,0.0,0.0,0.0,0.0,0.0,1.0,0.0,0.0,0.0,1.0,8.0,1.0,0.0,0.0,0.0,0.0,0.0,0.0,14.0,5.6000000000000005,1.0,0.0,0.0,0.0,1.0,175.0,3.0,224.0,224.0,672.0,5.8480153,-0.026535077,-0.018949773,-0.011767707,0.0069428803,-0.002394826,0.18882512,-0.03599834,1.8396133,-0.10001064,0.1710068,-1.2550577,-0.14900424,-0.061808158,0.032238755,2.5024633,-0.017482711,0.013467485,0.0005979629,0.09703511,0.0005184519,0.0,0.14739531,0.0061152936,-0.13822801,0.0,-0.036722228,0.0,0.0,0.40376773,0.037739,0.07024289,-0.030204125,-0.06333465,0.8997646,0.0697548,0.0,0.0,-0.0015058077,0.038913492,0.0,-0.00011637042,0.44072592,0.67006814,-0.03296699,0.7536692,-0.017557956,-0.25564894,0.09091933,-0.78188777,-0.27669835,-0.028900927,0.0,-0.0103815,11.912147,22.888796
0.4,1.0,0.0,0.0,0.0,0.0,14.0,1.0,56.0,112.0,120.63333333333334,42.0,0.0,0.0,0.0,1.0,0.0,0.0,0.0,0.0,0.0,0.0,0.0,0.0,0.0,0.0,0.0,0.0,0.0,1.0,0.0,0.0,0.0,1.0,8.0,1.0,0.0,0.0,0.0,0.0,0.0,0.0,14.0,5.6000000000000005,0.0,0.0,1.0,0.0,1.0,125.0,3.0,392.0,392.0,1176.0,5.843158,-0.05428314,-0.018050201,-0.016760662,0.00678503,-0.002789772,0.2191377,-0.03539438,1.8413934,-0.111636065,0.17284827,-1.2515631,-0.14869408,-0.058615357,0.031344313,2.4996054,-0.016544774,0.012900629,0.0010201219,0.09574527,0.00053920114,0.0,0.10985611,0.00676315,-0.1395481,0.0,-0.038123675,0.0,0.0,0.40058523,0.024674507,0.07091284,-0.029517926,-0.05982027,0.92438745,0.07511382,0.0,0.0,-0.0014176467,0.043990504,0.0,-0.000102798294,0.42273718,0.6653772,0.015618707,0.78126776,0.16376394,-0.24578208,0.09863349,-0.57481694,-0.24760655,0.057551067,0.0,-0.049557857,11.912147,23.397236
0.4,1.0,0.0,0.0,0.0,0.0,14.0,1.0,56.0,112.0,120.63333333333334,42.0,0.0,0.0,0.0,1.0,0.0,0.0,0.0,0.0,0.0,0.0,0.0,0.0,0.0,0.0,0.0,0.0,0.0,1.0,0.0,0.0,0.0,1.0,8.0,1.0,0.0,0.0,0.0,0.0,0.0,0.0,14.0,5.6000000000000005,0.0,0.0,0.0,1.0,1.0,17.0,3.0,364.0,364.0,1092.0,5.843195,0.0030381794,-0.023509845,-0.00842423,0.007709112,-0.001394184,0.2520126,-0.030075213,1.6144001,-0.21239187,0.1616357,-1.1014384,-0.14962204,-0.073747344,0.039082717,2.3968575,-0.018631944,0.0136123225,-8.84046e-05,0.104587406,0.00062288134,0.0,0.2530142,0.009069362,-0.13836764,0.0,-0.05142741,0.0,0.0,0.4052625,0.0292631,0.07011443,-0.026585558,-0.06201837,1.0138209,0.061837927,0.0,0.0,-0.00085907354,0.034343623,0.0,-0.00011351996,0.45292193,0.7894084,0.010094417,0.39743274,-0.009454207,1.0715954,0.026890526,-0.29011264,-0.17838907,-0.021849167,0.0,-0.020050263,11.912147,24.555412
0.4,1.0,0.0,0.0,0.0,0.0,14.0,1.0,56.0,112.0,120.63333333333334,42.0,0.0,0.0,0.0,1.0,0.0,0.0,0.0,0.0,0.0,0.0,0.0,0.0,0.0,0.0,0.0,0.0,0.0,1.0,0.0,0.0,0.0,1.0,8.0,1.0,0.0,0.0,0.0,0.0,0.0,0.0,14.0,5.6000000000000005,0.0,0.0,0.0,1.0,1.0,14.0,3.0,364.0,364.0,1092.0,5.423483,0.02237885,-0.02338945,-0.013095215,0.007709112,-0.0009784454,0.20289503,-0.02956497,1.7171458,-0.19156387,0.15694533,-1.1178195,-0.13316417,-0.06252841,0.055325538,2.2641852,-0.01720521,0.023689428,0.003307329,0.12609547,0.009724732,0.0,0.3928074,0.006891195,-0.13585232,0.0,-0.04613362,0.0,0.0,0.39649016,0.030768026,0.06767982,-0.026585558,-0.060435824,1.0017377,0.067566335,0.0,0.0,-0.00085907354,0.1044533,0.0,-0.00011351996,0.2271023,0.8787996,0.010917125,0.7155506,-0.0099290395,1.095565,0.025256598,3.2456698,-0.13242969,0.015484487,0.0,-0.017550405,11.912147,28.188555
0.4,1.0,0.0,0.0,0.0,0.0,14.0,1.0,56.0,112.0,120.63333333333334,42.0,0.0,0.0,0.0,1.0,0.0,0.0,0.0,0.0,0.0,0.0,0.0,0.0,0.0,0.0,0.0,0.0,0.0,1.0,0.0,0.0,0.0,1.0,8.0,1.0,0.0,0.0,0.0,0.0,0.0,0.0,14.0,5.6000000000000005,0.0,0.0,0.0,1.0,1.0,31.0,3.0,364.0,364.0,1092.0,5.8078966,-0.005070855,-0.021789536,-0.010654583,0.00969243,-0.002021008,0.2516154,-0.03036438,1.5705504,-0.19163536,0.16731782,-1.1045535,-0.14206176,-0.075808674,0.041273326,2.3776648,-0.016666798,0.014183031,0.0012151166,0.10857948,0.00062741106,0.0,0.24928689,0.00615539,-0.13788787,0.0,-0.0480392,0.0,0.0,0.40422788,0.0076795146,0.071657814,-0.026494896,-0.062057897,1.0381287,0.07426635,0.0,0.0,-0.00075406575,0.03628998,0.0,-0.00019843625,0.40368077,0.775661,0.016511718,0.7932417,-0.01058533,1.2795085,0.04478202,0.94843996,-0.16512391,0.025842793,0.0,-0.016593225,11.912147,26.369759
0.4,1.0,0.0,0.0,0.0,0.0,14.0,1.0,56.0,112.0,120.63333333333334,42.0,0.0,0.0,0.0,1.0,0.0,0.0,0.0,0.0,0.0,0.0,0.0,0.0,0.0,0.0,0.0,0.0,0.0,1.0,0.0,0.0,0.0,1.0,8.0,1.0,0.0,0.0,0.0,0.0,0.0,0.0,14.0,5.6000000000000005,0.0,1.0,0.0,0.0,1.0,194.0,3.0,392.0,392.0,1176.0,5.9189925,-0.025238067,-0.020925622,-0.014172737,0.0069428803,-0.0060320203,0.18990421,-0.034564167,1.7374198,-0.14091752,0.16930196,-1.2566185,-0.1502319,-0.063750036,0.029092664,2.5734954,-0.020423515,0.013419954,-0.0022275473,0.098530024,0.0005002199,0.0,0.15417174,0.0019108335,-0.14336309,0.0,-0.0350414,0.0,0.0,0.40535212,0.02780278,0.07321853,-0.029178534,-0.062724195,0.8939496,0.06961112,0.0,0.0,-0.0020859207,0.038234275,0.0,-0.00013162293,0.51708186,0.66734165,0.0042020134,-0.2679795,-0.01790945,-0.21912073,0.043948457,-1.511715,-0.37291136,0.0049080336,0.0,-0.09241896,11.912147,21.061802
0.4,1.0,0.0,0.0,0.0,0.0,14.0,1.0,56.0,112.0,120.63333333333334,42.0,0.0,0.0,0.0,1.0,0.0,0.0,0.0,0.0,0.0,0.0,0.0,0.0,0.0,0.0,0.0,0.0,0.0,1.0,0.0,0.0,0.0,1.0,8.0,1.0,0.0,0.0,0.0,0.0,0.0,0.0,14.0,5.6000000000000005,0.0,1.0,0.0,0.0,1.0,117.0,3.0,476.0,476.0,1428.0,5.9013867,-0.028410438,-0.018567896,-0.0151297385,0.0069428803,-0.004669702,0.17463186,-0.03394279,1.7948135,-0.1811568,0.16956861,-1.2396553,-0.1477253,-0.06160447,0.029230367,2.5714307,-0.016996149,0.012424458,0.0009955241,0.09840304,0.0004835254,0.0,0.11477817,0.0019108335,-0.14336751,0.0,-0.035148423,0.0,0.0,0.3994903,0.021511175,0.07188595,-0.029458769,-0.058510285,0.9528917,0.06814639,0.0,0.0,-0.0015252619,0.03899358,0.0,-0.00013162293,0.5183198,0.66557825,0.007102963,-0.2402851,-0.01620956,-0.21570745,0.094399355,-0.5826601,-0.3228927,0.13738836,0.0,-0.070929945,11.912147,22.300169
0.4,1.0,0.0,0.0,0.0,0.0,14.0,1.0,56.0,112.0,120.63333333333334,42.0,0.0,0.0,0.0,1.0,0.0,0.0,0.0,0.0,0.0,0.0,0.0,0.0,0.0,0.0,0.0,0.0,0.0,1.0,0.0,0.0,0.0,1.0,8.0,1.0,0.0,0.0,0.0,0.0,0.0,0.0,14.0,5.6000000000000005,0.0,1.0,0.0,0.0,0.0,19.0,3.0,112.0,112.0,336.0,5.9008536,-0.022446265,-0.021191057,-0.01546708,0.0068883067,-0.001489457,0.24072273,-0.034383174,1.6695839,-0.16619278,0.16168922,-1.1996706,-0.15065211,-0.06711559,0.040524542,2.5816648,-0.016370345,0.0140729975,0.0024608765,0.10361845,0.00052487594,0.0,0.08625135,0.0015683214,-0.14096048,0.0,-0.045106772,0.0,0.0,0.4107838,-0.0006309136,0.07438491,-0.02784676,-0.060021497,0.9119215,0.064757295,0.0,0.0,-0.0010335462,0.03925481,0.0,-0.0001795183,0.4172789,0.6166579,0.009239068,-0.17370427,-0.010835915,-0.20257863,-0.059359144,1.0498714,-0.20421226,0.40419728,0.0,0.14203319,11.912147,24.241495
0.4,1.0,0.0,0.0,0.0,0.0,14.0,1.0,56.0,112.0,120.63333333333334,42.0,0.0,0.0,0.0,1.0,0.0,0.0,0.0,0.0,0.0,0.0,0.0,0.0,0.0,0.0,0.0,0.0,0.0,1.0,0.0,0.0,0.0,1.0,8.0,1.0,0.0,0.0,0.0,0.0,0.0,0.0,14.0,5.6000000000000005,0.0,1.0,0.0,0.0,0.0,108.0,3.0,182.0,182.0,546.0,5.9151974,-0.023923874,-0.019932397,-0.013856607,0.0069622477,-0.0046630907,0.17893262,-0.03573305,1.7512095,-0.18381228,0.16772763,-1.2347947,-0.15308997,-0.06321556,0.029239716,2.5770037,-0.01746578,0.01301024,6.465248e-05,0.099359445,0.00049966836,0.0,0.07188828,0.0014334621,-0.14194797,0.0,-0.03669365,0.0,0.0,0.40466857,0.014599359,0.07285246,-0.029167973,-0.058332257,0.9361755,0.053400304,0.0,0.0,-0.0035103792,0.037681706,0.0,-0.00020566405,0.56592834,0.6376467,0.010318487,-0.24923,-0.015376092,-0.21606608,-0.1740403,-0.84915715,-0.32641917,-0.20715356,0.0,-0.059920162,11.912147,21.34024
0.2,0.0,0.0,0.0,0.0,1.0,42.0,0.0,56.0,420.0,120.63333333333334,589.0,0.0,0.0,0.0,0.0,0.0,0.0,0.0,0.0,0.0,0.0,0.0,0.0,0.0,1.0,0.0,0.0,0.0,0.0,1.0,1.0,0.0,0.0,8.0,1.0,0.0,0.0,0.0,0.0,0.0,0.0,30.0,6.0,0.0,1.0,0.0,0.0,0.0,96.0,3.0,364.0,364.0,1092.0,0.29346883,0.1449718,-0.015723687,-0.0012365779,0.0016283467,0.108335465,0.095932685,0.6441473,2.06615,0.77400756,0.20700033,-0.91500837,-0.23983493,-0.07228528,0.10025427,-0.09492917,-0.012204977,0.016564896,0.0010652342,0.115569964,0.0004266197,0.0,0.0948237,0.0011300917,-0.16867107,0.0,-0.041083198,0.0,0.0,-0.5403154,0.06629937,-0.6415495,-0.038312588,0.5387118,1.370634,0.01696972,0.0,0.0,-0.002160121,0.027562916,0.0,-0.00013162293,2.7561493,0.6781372,-0.004012662,-0.20704058,-0.019264296,-0.23092695,-0.19052984,-0.7890244,-0.31305018,-0.004855577,0.0,-0.09063151,11.912147,17.399305
0.2,0.0,0.0,0.0,0.0,1.0,42.0,0.0,56.0,420.0,120.63333333333334,589.0,0.0,0.0,0.0,0.0,0.0,0.0,0.0,0.0,0.0,0.0,0.0,0.0,0.0,1.0,0.0,0.0,0.0,0.0,1.0,1.0,0.0,0.0,8.0,1.0,0.0,0.0,0.0,0.0,0.0,0.0,30.0,6.0,0.0,1.0,0.0,0.0,0.0,94.0,1.2,140.0,140.0,168.0,0.23797198,0.1404084,-0.01642135,-0.010839052,0.0029395004,0.1362939,0.17094886,0.5117729,2.0698183,0.5601855,0.23216061,-0.8878314,-0.24643776,-0.082167484,0.12483305,-0.09260809,-0.0124927685,0.018489039,0.001989725,0.12619035,0.00045167722,0.0,0.14791685,0.0019251979,-0.17347516,0.0,-0.045193356,0.0,0.0,-0.46574327,0.055851687,-0.63459873,-0.033949196,0.5345036,1.3190941,0.04072089,0.0,0.0,-0.0011642623,0.06359389,0.0,-0.00048586002,2.660153,0.7290609,0.0019888275,-0.14675789,-0.011656401,-0.18821368,-0.099274315,0.22790892,1.4856703,-0.07558924,0.0,0.22797707,11.912147,20.518068
0.2,0.0,0.0,0.0,0.0,1.0,42.0,0.0,56.0,420.0,120.63333333333334,589.0,0.0,0.0,0.0,0.0,0.0,0.0,0.0,0.0,0.0,0.0,0.0,0.0,0.0,1.0,0.0,0.0,0.0,0.0,1.0,1.0,0.0,0.0,8.0,1.0,0.0,0.0,0.0,0.0,0.0,0.0,30.0,6.0,0.0,1.0,0.0,0.0,0.0,90.0,1.8,140.0,140.0,252.0,0.22594371,0.14231311,-0.015794674,-0.005986022,0.0016283467,0.16711614,0.19482487,0.55468595,1.9862741,0.61062056,0.22686404,-0.8991839,-0.24847719,-0.079299144,0.121741906,-0.09303479,-0.014459361,0.01794837,0.0016682496,0.12751111,0.00048141443,0.0,0.14476122,0.0014756274,-0.1731662,0.0,-0.0457202,0.0,0.0,-0.47324857,0.01627808,-0.6243202,-0.03830448,0.57237875,1.4007709,0.04101532,0.0,0.0,-0.0006508109,0.03180703,0.0,-0.00092842,2.6884782,0.6484206,0.0027593717,-0.19059584,-0.011415408,-0.20168406,-0.09819725,0.22965635,0.75808966,-0.0699107,0.0,0.21868472,11.912147,19.761969
0.2,0.0,0.0,0.0,0.0,1.0,42.0,0.0,56.0,420.0,120.63333333333334,589.0,0.0,0.0,0.0,0.0,0.0,0.0,0.0,0.0,0.0,0.0,0.0,0.0,0.0,1.0,0.0,0.0,0.0,0.0,1.0,1.0,0.0,0.0,8.0,1.0,0.0,0.0,0.0,0.0,0.0,0.0,30.0,6.0,0.0,1.0,0.0,0.0,0.0,92.0,2.4,140.0,140.0,336.0,0.25265765,0.13485537,-0.01655954,-0.0075720646,0.0016283467,0.121329755,0.18017887,0.501878,2.0668142,0.649819,0.22510651,-0.89989734,-0.24574514,-0.08331905,0.12263307,-0.09400855,-0.012132278,0.01811945,0.00063260045,0.11505693,0.0003898108,0.0,0.13754292,0.0019251979,-0.17812929,0.0,-0.04836259,0.0,0.0,-0.5043465,0.096158236,-0.6311716,-0.037637617,0.5491414,1.3092893,0.040808335,0.0,0.0,-0.0009142001,0.027549246,0.0,-0.00092842,2.6910384,0.7513588,0.002005424,-0.16499574,-0.011690384,-0.2096564,-0.085854135,0.15951231,0.18552886,-0.08764995,0.0,0.2089383,11.912147,19.143478
0.2,0.0,0.0,0.0,0.0,1.0,42.0,0.0,56.0,420.0,120.63333333333334,589.0,0.0,0.0,0.0,0.0,0.0,0.0,0.0,0.0,0.0,0.0,0.0,0.0,0.0,1.0,0.0,0.0,0.0,0.0,1.0,1.0,0.0,0.0,8.0,1.0,0.0,0.0,0.0,0.0,0.0,0.0,30.0,6.0,0.0,1.0,0.0,0.0,0.0,92.0,3.0,140.0,140.0,420.0,0.22385736,0.13360314,-0.016432337,-0.0001800867,0.0016283467,0.10931139,0.15755656,0.5286645,2.1046832,0.7401338,0.21737364,-0.8895496,-0.2449104,-0.08435392,0.12015171,-0.09486034,-0.012115137,0.01677101,0.00044099585,0.11448226,0.0003898108,0.0,0.103065096,0.0014330561,-0.1769233,0.0,-0.047987547,0.0,0.0,-0.5059236,0.06777577,-0.6535097,-0.037741233,0.5419013,1.362111,0.03991166,0.0,0.0,-0.000773284,0.028203556,0.0,-0.00045578476,2.707235,0.7900414,0.00010253368,-0.20883797,-0.01780157,-0.22378631,-0.11003701,0.07281582,-0.32623497,-0.12878148,0.0,-0.06561549,11.912147,18.248981
0.2,0.0,0.0,0.0,0.0,1.0,42.0,0.0,56.0,420.0,120.63333333333334,589.0,0.0,0.0,0.0,0.0,0.0,0.0,0.0,0.0,0.0,0.0,0.0,0.0,0.0,1.0,0.0,0.0,0.0,0.0,1.0,1.0,0.0,0.0,8.0,1.0,0.0,0.0,0.0,0.0,0.0,0.0,30.0,6.0,0.0,1.0,0.0,0.0,0.0,29.0,3.0,280.0,280.0,840.0,0.25186473,0.14129521,-0.016325407,0.0033357714,0.0016283467,0.053898938,0.11570254,0.55326307,1.9715879,0.83737606,0.21711716,-0.95719916,-0.24688435,-0.078923635,0.12165851,-0.09504731,-0.011840684,0.017105702,0.001346956,0.1285832,0.00041954799,0.0,0.12764826,0.0017288751,-0.17554273,0.0,-0.049928255,0.0,0.0,-0.5229661,0.066631705,-0.66819,-0.039127022,0.57873166,1.4479954,0.04084376,0.0,0.0,-0.000773284,0.025506081,0.0,-0.0001795183,2.7561383,0.7221443,0.00035918737,-0.18431298,-0.016154291,-0.22206703,-0.08555489,0.9039284,-0.18601416,-0.008814769,0.0,-0.030378956,11.912147,19.40376
0.2,0.0,0.0,0.0,0.0,1.0,42.0,0.0,56.0,420.0,120.63333333333334,589.0,0.0,0.0,0.0,0.0,0.0,0.0,0.0,0.0,0.0,0.0,0.0,0.0,0.0,1.0,0.0,0.0,0.0,0.0,1.0,1.0,0.0,0.0,8.0,1.0,0.0,0.0,0.0,0.0,0.0,0.0,30.0,6.0,0.0,1.0,0.0,0.0,1.0,412.0,3.0,392.0,392.0,1176.0,0.2514162,0.15876652,-0.014670187,0.003537486,0.001570966,0.06340002,0.15952876,0.62946683,2.1231222,0.70948607,0.21274005,-0.89142406,-0.23396154,-0.07509956,0.10679782,-0.09501587,-0.011937323,0.01935674,0.001488487,0.11524519,0.00036826823,0.0,0.101666555,0.0019026564,-0.16918133,0.0,-0.039699733,0.0,0.0,-0.5526849,0.08011131,-0.7059949,-0.037904277,0.6209282,1.3795494,0.02553176,0.0,0.0,-0.001097608,0.028479138,0.0,-0.00013162293,2.7283952,0.716167,0.0004832048,-0.16763774,-0.016888695,-0.22185504,0.06753179,0.1756158,-0.26163822,0.10781333,0.0,-0.10403423,11.912147,18.901754
0.2,0.0,0.0,0.0,0.0,1.0,42.0,0.0,56.0,420.0,120.63333333333334,589.0,0.0,0.0,0.0,0.0,0.0,0.0,0.0,0.0,0.0,0.0,0.0,0.0,0.0,1.0,0.0,0.0,0.0,0.0,1.0,1.0,0.0,0.0,8.0,1.0,0.0,0.0,0.0,0.0,0.0,0.0,30.0,6.0,0.0,1.0,0.0,0.0,1.0,204.0,1.8,392.0,392.0,705.6,0.13845652,0.1649551,-0.014173901,-0.0027478815,0.001570966,0.14891192,0.12963608,0.6678161,2.0770786,0.53660256,0.21958171,-0.89277345,-0.2386377,-0.07137516,0.10428851,-0.092723146,-0.012596445,0.019266743,0.0020892066,0.122073986,0.00040318613,0.0,0.13346264,0.0019104275,-0.16595276,0.0,-0.03952667,0.0,0.0,-0.50577164,0.083843775,-0.67990214,-0.037414886,0.60822505,1.2964206,0.025813038,0.0,0.0,-0.00086696714,0.05305598,0.0,-0.00021643794,2.6821322,0.6734472,-0.0029736008,-0.17399003,-0.013084192,-0.186939,0.12207446,-0.36252484,1.3342496,0.13269944,0.0,-0.019461988,11.912147,19.878563
0.2,0.0,0.0,0.0,0.0,1.0,42.0,0.0,56.0,420.0,120.63333333333334,589.0,0.0,0.0,0.0,0.0,0.0,0.0,0.0,0.0,0.0,0.0,0.0,0.0,0.0,1.0,0.0,0.0,0.0,0.0,1.0,1.0,0.0,0.0,8.0,1.0,0.0,0.0,0.0,0.0,0.0,0.0,30.0,6.0,0.0,1.0,0.0,0.0,1.0,2432.0,3.0,392.0,392.0,1176.0,0.2456416,0.1726179,-0.01651256,0.0050256634,0.001570966,0.068177596,0.14775139,0.60328275,2.1162379,0.697888,0.20679626,-0.86917657,-0.23465325,-0.075169,0.102110595,-0.09587377,-0.010975091,0.016126232,-0.0006297855,0.11388836,0.000408942,0.0,0.10051819,0.0019026564,-0.16930746,0.0,-0.03988739,0.0,0.0,-0.57940274,0.06069676,-0.70448524,-0.042365227,0.602316,1.3765186,0.016509961,0.0,0.0,-0.0014389413,0.027434954,0.0,-0.00012393983,2.7309449,0.70641446,0.0005439993,-0.20549786,-0.019589532,-0.22600782,0.06641066,-1.109483,-0.33081886,0.03073778,0.0,-0.10241693,11.912147,17.296808
0.2,0.0,0.0,0.0,0.0,1.0,42.0,0.0,56.0,420.0,120.63333333333334,589.0,0.0,0.0,0.0,0.0,0.0,0.0,0.0,0.0,0.0,0.0,0.0,0.0,0.0,1.0,0.0,0.0,0.0,0.0,1.0,1.0,0.0,0.0,8.0,1.0,0.0,0.0,0.0,0.0,0.0,0.0,30.0,6.0,0.0,1.0,0.0,0.0,1.0,1467.0,3.0,1120.0,1120.0,3360.0,0.2576191,0.19637759,-0.015125047,0.0034462216,0.001570966,0.062134497,0.16098139,0.6308735,2.107131,0.7269197,0.21112168,-0.85785294,-0.23394877,-0.07460085,0.103124306,-0.09492878,-0.012811947,0.017078334,0.0014872147,0.11468385,0.00039755736,0.0,0.10919488,0.0019026564,-0.16894786,0.0,-0.036043584,0.0,0.0,-0.54860365,0.019244412,-0.7148831,-0.038126122,0.5774025,1.383705,0.023751637,0.0,0.0,-0.0009840603,0.027565245,0.0,-0.00013162293,2.7115421,0.7040277,0.00046791832,-0.16999544,-0.018025523,-0.22449362,0.07231165,-0.144332,-0.26791984,0.13853377,0.0,-0.106384106,11.912147,18.548607
0.2,0.0,0.0,0.0,0.0,1.0,42.0,0.0,56.0,420.0,120.63333333333334,589.0,0.0,0.0,0.0,0.0,0.0,0.0,0.0,0.0,0.0,0.0,0.0,0.0,0.0,1.0,0.0,0.0,0.0,0.0,1.0,1.0,0.0,0.0,8.0,1.0,0.0,0.0,0.0,0.0,0.0,0.0,30.0,6.0,0.0,1.0,0.0,0.0,1.0,349.0,3.0,476.0,476.0,1428.0,0.2252698,0.1670661,-0.015164601,0.0017242994,0.001570966,0.11749227,0.08682884,0.6172335,2.1108098,0.72653806,0.20745175,-0.8848079,-0.23467138,-0.07324619,0.101538636,-0.095222816,-0.01406583,0.017074712,0.0008383742,0.113205165,0.0003864916,0.0,0.099290684,0.0019104275,-0.16998555,0.0,-0.037346255,0.0,0.0,-0.54796827,0.0893466,-0.709583,-0.038205463,0.5784165,1.3688656,0.026340662,0.0,0.0,-0.0014278953,0.0260203,0.0,-0.00013162293,2.7393346,0.71332425,-0.004391808,-0.21460783,-0.018027047,-0.22477016,0.063294664,-0.90794104,-0.3319604,-0.05619287,0.0,-0.13323383,11.912147,17.400364
0.2,0.0,0.0,0.0,0.0,1.0,42.0,0.0,56.0,420.0,120.63333333333334,589.0,0.0,0.0,0.0,0.0,0.0,0.0,0.0,0.0,0.0,0.0,0.0,0.0,0.0,1.0,0.0,0.0,0.0,0.0,1.0,1.0,0.0,0.0,8.0,1.0,0.0,0.0,0.0,0.0,0.0,0.0,30.0,6.0,1.0,0.0,0.0,0.0,1.0,175.0,3.0,224.0,224.0,672.0,0.19248533,0.15012881,-0.014979658,-0.0016317823,0.001570966,0.06785403,0.14415123,0.64895254,2.109776,0.7294183,0.21193923,-0.9084456,-0.23972607,-0.073356785,0.09947528,-0.09389355,-0.014459138,0.016390579,0.0008258277,0.115327716,0.000404821,0.0,0.0940661,0.0061148875,-0.17020148,0.0,-0.041043993,0.0,0.0,-0.53591025,0.054496907,-0.6673675,-0.039040655,0.633908,1.3301408,0.02152329,0.0,0.0,-0.0013431859,0.029435338,0.0,-0.00011637042,2.633992,0.752134,0.06883134,0.6253789,-0.020977799,-0.24906652,0.10757852,-0.8204314,-0.3017965,-0.046956096,0.0,-0.0054009706,11.912147,18.51231
0.2,0.0,0.0,0.0,0.0,1.0,42.0,0.0,56.0,420.0,120.63333333333334,589.0,0.0,0.0,0.0,0.0,0.0,0.0,0.0,0.0,0.0,0.0,0.0,0.0,0.0,1.0,0.0,0.0,0.0,0.0,1.0,1.0,0.0,0.0,8.0,1.0,0.0,0.0,0.0,0.0,0.0,0.0,30.0,6.0,0.0,0.0,1.0,0.0,1.0,125.0,3.0,392.0,392.0,1176.0,0.21864732,0.15263103,-0.014201131,-0.0025775942,0.0014131155,0.07184622,0.13512495,0.6106396,2.1061041,0.6606659,0.21289478,-0.9127518,-0.23886177,-0.07023051,0.09966656,-0.092695564,-0.0126609085,0.01581015,0.00097299396,0.11446257,0.00043513405,0.0,0.092534475,0.006762744,-0.1715873,0.0,-0.04283023,0.0,0.0,-0.5402762,0.06035932,-0.66463304,-0.037920807,0.58423716,1.3321272,0.03379139,0.0,0.0,-0.0012550248,0.033821043,0.0,-0.000102798294,2.6969666,0.70492834,0.015380154,0.6816068,0.266712,-0.24446137,0.11754524,-0.64340544,-0.2671444,0.06566181,0.0,-0.08276408,11.912147,18.965532
0.2,0.0,0.0,0.0,0.0,1.0,42.0,0.0,56.0,420.0,120.63333333333334,589.0,0.0,0.0,0.0,0.0,0.0,0.0,0.0,0.0,0.0,0.0,0.0,0.0,0.0,1.0,0.0,0.0,0.0,0.0,1.0,1.0,0.0,0.0,8.0,1.0,0.0,0.0,0.0,0.0,0.0,0.0,30.0,6.0,0.0,0.0,0.0,1.0,1.0,17.0,3.0,364.0,364.0,1092.0,0.18489374,0.11623206,-0.017551111,0.007499637,0.0023371973,0.040964633,0.21624717,0.39350787,1.879205,0.67434925,0.22404997,-1.042654,-0.2448376,-0.08082013,0.12991208,-0.08209318,-0.014854747,0.0160312,0.0017003424,0.13270158,0.0005092503,0.0,0.21513091,0.009068956,-0.18369931,0.0,-0.056383878,0.0,0.0,-0.48220354,0.015548426,-0.5929287,-0.033601835,0.6111055,1.5697957,0.044061236,0.0,0.0,-0.00053680845,0.023079827,0.0,-0.00011351996,2.6812706,0.76444703,0.004578908,0.3760398,-0.01269237,1.1853744,0.043379452,-0.3296239,-0.18241215,-0.01976896,0.0,-0.03779985,11.912147,20.060595
0.2,0.0,0.0,0.0,0.0,1.0,42.0,0.0,56.0,420.0,120.63333333333334,589.0,0.0,0.0,0.0,0.0,0.0,0.0,0.0,0.0,0.0,0.0,0.0,0.0,0.0,1.0,0.0,0.0,0.0,0.0,1.0,1.0,0.0,0.0,8.0,1.0,0.0,0.0,0.0,0.0,0.0,0.0,30.0,6.0,0.0,0.0,0.0,1.0,1.0,14.0,3.0,364.0,364.0,1092.0,0.2307894,0.07609663,-0.01578188,0.00046293047,0.0023371973,0.023486119,0.22694151,0.37261882,1.9825222,0.38658434,0.20896576,-1.0377911,-0.21296738,-0.0524234,0.13535462,-0.07367786,-0.012267825,0.021546265,0.0128338905,0.1458066,0.005293569,0.0,0.25194147,0.006890789,-0.17854999,0.0,-0.05144225,0.0,0.0,-0.4623218,0.01625431,-0.57400006,-0.033601835,0.56021285,1.4790922,0.048830476,0.0,0.0,-0.00053680845,0.09318954,0.0,-0.00011351996,2.6078956,0.82200813,0.005166686,0.6471868,-0.012334362,1.2091993,0.04303326,3.4922063,-0.11732201,0.01081178,0.0,-0.034092825,11.912147,24.168478
0.2,0.0,0.0,0.0,0.0,1.0,42.0,0.0,56.0,420.0,120.63333333333334,589.0,0.0,0.0,0.0,0.0,0.0,0.0,0.0,0.0,0.0,0.0,0.0,0.0,0.0,1.0,0.0,0.0,0.0,0.0,1.0,1.0,0.0,0.0,8.0,1.0,0.0,0.0,0.0,0.0,0.0,0.0,30.0,6.0,0.0,0.0,0.0,1.0,1.0,31.0,3.0,364.0,364.0,1092.0,0.22089334,0.085067265,-0.016534617,0.006752505,0.0043205153,0.05170196,0.19880651,0.40248337,1.8369564,0.6674705,0.23259987,-1.0009421,-0.2372919,-0.08044959,0.1333984,-0.085322954,-0.011593979,0.017392362,0.0014506736,0.13691807,0.00051378,0.0,0.20557989,0.006154984,-0.18114814,0.0,-0.05312434,0.0,0.0,-0.49065852,0.035160363,-0.6055723,-0.035414707,0.61112744,1.5718116,0.048175354,0.0,0.0,-0.00043180067,0.026517158,0.0,-0.00019843625,2.7316895,0.7684335,0.019262653,0.6700669,-0.013060529,1.3333387,0.05555512,1.0450484,-0.15951394,0.019354733,0.0,-0.028804425,11.912147,22.056091
0.2,0.0,0.0,0.0,0.0,1.0,42.0,0.0,56.0,420.0,120.63333333333334,589.0,0.0,0.0,0.0,0.0,0.0,0.0,0.0,0.0,0.0,0.0,0.0,0.0,0.0,1.0,0.0,0.0,0.0,0.0,1.0,1.0,0.0,0.0,8.0,1.0,0.0,0.0,0.0,0.0,0.0,0.0,30.0,6.0,0.0,1.0,0.0,0.0,1.0,194.0,3.0,392.0,392.0,1176.0,0.2256189,0.1655762,-0.01704289,-0.00047238087,0.001570966,0.17329857,0.108928174,0.6190484,2.0886924,0.72369266,0.20676509,-0.9002043,-0.23978196,-0.074610315,0.100389585,-0.09554268,-0.016580623,0.01618898,-0.0034475294,0.11412457,0.000414856,0.0,0.0970876,0.0019104275,-0.16947433,0.0,-0.040530335,0.0,0.0,-0.5478596,0.1022375,-0.6882074,-0.037581418,0.6194955,1.3614206,0.017044527,0.0,0.0,-0.0019312091,0.027605783,0.0,-0.00013162293,2.7395716,0.712565,-0.0063196863,-0.22933264,-0.021421993,-0.23103516,0.054824304,-1.5365139,-0.3543394,0.0075125657,0.0,-0.13205561,11.912147,16.853308
0.2,0.0,0.0,0.0,0.0,1.0,42.0,0.0,56.0,420.0,120.63333333333334,589.0,0.0,0.0,0.0,0.0,0.0,0.0,0.0,0.0,0.0,0.0,0.0,0.0,0.0,1.0,0.0,0.0,0.0,0.0,1.0,1.0,0.0,0.0,8.0,1.0,0.0,0.0,0.0,0.0,0.0,0.0,30.0,6.0,0.0,1.0,0.0,0.0,1.0,117.0,3.0,476.0,476.0,1428.0,0.26331034,0.15016611,-0.014806212,-0.00045867715,0.001570966,0.10856717,0.102101125,0.62210995,2.0635424,0.7245429,0.20733026,-0.9122495,-0.238335,-0.07001276,0.10055337,-0.09550495,-0.012991418,0.0149115,0.0009647059,0.113797665,0.00039816147,0.0,0.088876106,0.0019104275,-0.169457,0.0,-0.03823236,0.0,0.0,-0.5421493,0.09320201,-0.6580604,-0.037967566,0.5678534,1.3695174,0.015579797,0.0,0.0,-0.0013705502,0.028365087,0.0,-0.00013162293,2.7670367,0.7119624,-0.004234197,-0.20281245,-0.019282825,-0.22715023,0.111000106,-0.57944196,-0.30600554,0.13134211,0.0,-0.113539115,11.912147,18.028463
0.2,0.0,0.0,0.0,0.0,1.0,42.0,0.0,56.0,420.0,120.63333333333334,589.0,0.0,0.0,0.0,0.0,0.0,0.0,0.0,0.0,0.0,0.0,0.0,0.0,0.0,1.0,0.0,0.0,0.0,0.0,1.0,1.0,0.0,0.0,8.0,1.0,0.0,0.0,0.0,0.0,0.0,0.0,30.0,6.0,0.0,1.0,0.0,0.0,0.0,19.0,3.0,112.0,112.0,336.0,0.21012454,0.12977014,-0.014838639,0.002661995,0.0015544055,0.04909287,0.1398065,0.55146736,1.9849294,0.7787725,0.21553847,-0.9589992,-0.24652965,-0.078867756,0.12048103,-0.092386425,-0.012499446,0.017661544,0.003955687,0.12516925,0.0004150183,0.0,0.12902194,0.0015679153,-0.17375153,0.0,-0.0501014,0.0,0.0,-0.51610535,0.10961676,-0.65600395,-0.03849831,0.55143,1.4439373,0.040962353,0.0,0.0,-0.00056834193,0.025074298,0.0,-0.0001795183,2.7238488,0.67319894,0.0028649396,-0.14977397,-0.015819803,-0.2129631,-0.05388694,1.0510141,-0.15153459,0.36759007,0.0,0.21412273,11.912147,20.154493
0.2,0.0,0.0,0.0,0.0,1.0,42.0,0.0,56.0,420.0,120.63333333333334,589.0,0.0,0.0,0.0,0.0,0.0,0.0,0.0,0.0,0.0,0.0,0.0,0.0,0.0,1.0,0.0,0.0,0.0,0.0,1.0,1.0,0.0,0.0,8.0,1.0,0.0,0.0,0.0,0.0,0.0,0.0,30.0,6.0,0.0,1.0,0.0,0.0,0.0,108.0,3.0,182.0,182.0,546.0,0.24948356,0.14418055,-0.016525503,-0.0021540208,0.0016283467,0.10933341,0.11760278,0.6701492,2.0736344,0.78618544,0.20662048,-0.9093875,-0.23942047,-0.07343094,0.099800035,-0.09570113,-0.013297901,0.016128367,0.00030882703,0.114267476,0.0003898108,0.0,0.09309728,0.0014330561,-0.16702053,0.0,-0.040508725,0.0,0.0,-0.540504,0.067927964,-0.66089267,-0.037976522,0.5341331,1.3778679,0.016989125,0.0,0.0,-0.0019520802,0.028203556,0.0,-0.00020566405,2.748384,0.6715698,-0.0045896918,-0.20922041,-0.019318692,-0.22391677,-0.2076538,-0.8809482,-0.32708663,-0.20047666,0.0,-0.06797086,11.912147,17.101313
0.1500504,1.0,0.0,0.0,0.0,0.0,28.0,1.0,77.0,182.0,120.63333333333334,43.0,1.0,0.0,0.0,0.0,0.0,0.0,0.0,0.0,0.0,0.0,0.0,0.0,0.0,0.0,0.0,0.0,0.0,1.0,0.0,0.0,0.0,1.0,11.0,1.0,0.0,0.0,0.0,0.0,0.0,0.0,28.0,4.201411200000001,0.0,1.0,0.0,0.0,0.0,96.0,3.0,364.0,364.0,1092.0,0.05557021,-0.024205757,-0.01569353,-0.009373608,0.00232683,-0.0046206885,0.32394668,-0.04634211,1.3577272,2.312056,0.15261288,-1.1706613,2.698489,-0.098558135,0.10173093,-0.097093835,-0.022638319,0.0129241645,0.0011812897,0.13205503,0.00044858246,0.0,0.056039825,0.00033360522,-0.14072588,0.0,-0.037767936,0.0,0.0,0.18839371,0.011654725,0.063026085,-0.031816244,-0.04761528,-1.3305159,0.021023333,0.0,0.0,-0.0016383819,0.03659213,0.0,-0.00013463495,3.1365087,0.36657098,0.003628098,-0.23345749,-0.016250487,-0.24359,-0.21745685,-0.8152444,-0.33083668,-0.0134369405,0.0,-0.06467303,11.912147,17.932644
0.1500504,1.0,0.0,0.0,0.0,0.0,28.0,1.0,77.0,182.0,120.63333333333334,43.0,1.0,0.0,0.0,0.0,0.0,0.0,0.0,0.0,0.0,0.0,0.0,0.0,0.0,0.0,0.0,0.0,0.0,1.0,0.0,0.0,0.0,1.0,11.0,1.0,0.0,0.0,0.0,0.0,0.0,0.0,28.0,4.201411200000001,0.0,1.0,0.0,0.0,0.0,94.0,1.2,140.0,140.0,168.0,0.08398564,-0.020904481,-0.016155628,-0.012014879,0.003637984,-0.0039999112,0.3185494,-0.043087017,1.365894,2.086287,0.17482689,-1.1576366,2.6266341,-0.10949253,0.13637754,-0.09478572,-0.022242775,0.0152682485,0.0036077483,0.14227474,0.00047363996,0.0,0.10059794,0.0019053505,-0.14161113,0.0,-0.042161144,0.0,0.0,0.1510995,-0.0012847736,0.068511076,-0.02926735,-0.047324117,-1.209144,0.0286719,0.0,0.0,-0.0008926416,0.072080724,0.0,-0.00051438645,3.1651223,0.4002253,0.0044455295,-0.14713201,-0.008162124,-0.20601521,-0.11127713,0.23443739,1.5789028,-0.07374319,0.0,0.20098738,11.912147,21.37811
0.1500504,1.0,0.0,0.0,0.0,0.0,28.0,1.0,77.0,182.0,120.63333333333334,43.0,1.0,0.0,0.0,0.0,0.0,0.0,0.0,0.0,0.0,0.0,0.0,0.0,0.0,0.0,0.0,0.0,0.0,1.0,0.0,0.0,0.0,1.0,11.0,1.0,0.0,0.0,0.0,0.0,0.0,0.0,28.0,4.201411200000001,0.0,1.0,0.0,0.0,0.0,90.0,1.8,140.0,140.0,252.0,0.07972177,-0.02109425,-0.016243607,-0.012404248,0.00232683,-0.00528518,0.32290912,-0.0445527,1.2701324,2.1246226,0.17232795,-1.1503074,2.644846,-0.10801206,0.13332064,-0.09600786,-0.024419282,0.014373386,0.0032862728,0.14093295,0.00050337723,0.0,0.09617537,0.00145578,-0.14053796,0.0,-0.043375198,0.0,0.0,0.14778854,0.0069160466,0.066311754,-0.030950751,-0.049131,-1.2518635,0.030544963,0.0,0.0,-0.00057283393,0.038645245,0.0,-0.0010996191,3.1884596,0.37796122,0.005170253,-0.18512209,-0.007557517,-0.2157215,-0.111091435,0.19700177,0.9821182,-0.068121515,0.0,0.17560394,11.912147,20.552132
0.1500504,1.0,0.0,0.0,0.0,0.0,28.0,1.0,77.0,182.0,120.63333333333334,43.0,1.0,0.0,0.0,0.0,0.0,0.0,0.0,0.0,0.0,0.0,0.0,0.0,0.0,0.0,0.0,0.0,0.0,1.0,0.0,0.0,0.0,1.0,11.0,1.0,0.0,0.0,0.0,0.0,0.0,0.0,28.0,4.201411200000001,0.0,1.0,0.0,0.0,0.0,92.0,2.4,140.0,140.0,336.0,0.07650835,-0.02033755,-0.016513772,-0.01098942,0.00232683,-0.0032932167,0.3000444,-0.042704932,1.3993602,2.1198523,0.169102,-1.1680956,2.6149483,-0.109468214,0.13230595,-0.09634025,-0.022898722,0.014478782,0.0007532625,0.12981948,0.00041177354,0.0,0.09509325,0.0019053505,-0.14552908,0.0,-0.044619117,0.0,0.0,0.17131461,-0.004064332,0.06446516,-0.032353148,-0.04804215,-1.23159,0.029422795,0.0,0.0,-0.0008245114,0.036668908,0.0,-0.0010996191,3.137993,0.44532126,0.005011831,-0.17537405,-0.007830469,-0.22678876,-0.109190695,0.15835579,0.23756978,-0.07686142,0.0,0.21066302,11.912147,19.87104
0.1500504,1.0,0.0,0.0,0.0,0.0,28.0,1.0,77.0,182.0,120.63333333333334,43.0,1.0,0.0,0.0,0.0,0.0,0.0,0.0,0.0,0.0,0.0,0.0,0.0,0.0,0.0,0.0,0.0,0.0,1.0,0.0,0.0,0.0,1.0,11.0,1.0,0.0,0.0,0.0,0.0,0.0,0.0,28.0,4.201411200000001,0.0,1.0,0.0,0.0,0.0,92.0,3.0,140.0,140.0,420.0,0.0711704,-0.02304304,-0.01642269,-0.007277377,0.00232683,-0.004679035,0.31761947,-0.04506701,1.4241546,2.159039,0.1612813,-1.1750932,2.6548915,-0.1105369,0.12426114,-0.09719203,-0.022666667,0.012882561,0.00056165777,0.13037111,0.00041177354,0.0,0.0729936,0.0014132087,-0.14463049,0.0,-0.04477954,0.0,0.0,0.17897454,-0.0040697074,0.06513518,-0.032376546,-0.0480262,-1.2644745,0.030175291,0.0,0.0,-0.0006835952,0.036769226,0.0,-0.00047876127,3.1304712,0.45392093,0.0049820305,-0.23105697,-0.01532524,-0.24026027,-0.1129678,0.05562091,-0.33471146,-0.1191578,0.0,-0.07304124,11.912147,18.833559
0.1500504,1.0,0.0,0.0,0.0,0.0,28.0,1.0,77.0,182.0,120.63333333333334,43.0,1.0,0.0,0.0,0.0,0.0,0.0,0.0,0.0,0.0,0.0,0.0,0.0,0.0,0.0,0.0,0.0,0.0,1.0,0.0,0.0,0.0,1.0,11.0,1.0,0.0,0.0,0.0,0.0,0.0,0.0,28.0,4.201411200000001,0.0,1.0,0.0,0.0,0.0,29.0,3.0,280.0,280.0,840.0,0.06007322,-0.014940067,-0.016811097,-0.00506021,0.00232683,-0.0019887555,0.29754683,-0.044752453,1.2757901,2.1690416,0.16382876,-1.1617724,2.664306,-0.10472507,0.12511614,-0.09775044,-0.022120316,0.013480154,0.0013700281,0.14147428,0.00044151075,0.0,0.0784,0.0017090277,-0.14318803,0.0,-0.04748948,0.0,0.0,0.1702806,-0.002396956,0.06385026,-0.031312604,-0.049467478,-1.3155998,0.032326657,0.0,0.0,-0.0006835952,0.035164636,0.0,-0.00020249482,3.1722867,0.4029183,0.0045640413,-0.19369626,-0.011801988,-0.23418352,-0.09699617,0.8961068,-0.22164978,0.016256267,0.0,-0.04141824,11.912147,19.840796
0.1500504,1.0,0.0,0.0,0.0,0.0,28.0,1.0,77.0,182.0,120.63333333333334,43.0,1.0,0.0,0.0,0.0,0.0,0.0,0.0,0.0,0.0,0.0,0.0,0.0,0.0,0.0,0.0,0.0,0.0,1.0,0.0,0.0,0.0,1.0,11.0,1.0,0.0,0.0,0.0,0.0,0.0,0.0,28.0,4.201411200000001,0.0,1.0,0.0,0.0,1.0,412.0,3.0,392.0,392.0,1176.0,0.06074685,-0.022347517,-0.0147950845,-0.010431371,0.0022694494,-0.0020924378,0.3598525,-0.044096936,1.3886269,2.3467665,0.15474117,-1.1854624,2.6169577,-0.099500075,0.10744956,-0.09709434,-0.021837767,0.014911938,0.001695083,0.12988707,0.00037876933,0.0,0.06574832,0.001882809,-0.14035529,0.0,-0.03668979,0.0,0.0,0.21713457,0.035959464,0.0678315,-0.031913746,-0.05128222,-1.3100483,0.017820993,0.0,0.0,-0.001022623,0.03896911,0.0,-0.00013463495,3.0969265,0.39438692,0.0036521242,-0.16933922,-0.012631441,-0.2346563,0.08253249,0.24209024,-0.2814547,0.08865587,0.0,-0.05646816,11.912147,19.626373
0.1500504,1.0,0.0,0.0,0.0,0.0,28.0,1.0,77.0,182.0,120.63333333333334,43.0,1.0,0.0,0.0,0.0,0.0,0.0,0.0,0.0,0.0,0.0,0.0,0.0,0.0,0.0,0.0,0.0,0.0,1.0,0.0,0.0,0.0,1.0,11.0,1.0,0.0,0.0,0.0,0.0,0.0,0.0,28.0,4.201411200000001,0.0,1.0,0.0,0.0,1.0,204.0,1.8,392.0,392.0,705.6,0.031322625,-0.014887536,-0.014161411,-0.009073313,0.0022694494,-0.0040266914,0.3035594,-0.044814404,1.3692055,2.2628906,0.1643442,-1.1882383,2.6153975,-0.09817249,0.113738745,-0.095705226,-0.022238905,0.015068894,0.0037026233,0.13835755,0.00040065518,0.0,0.09250085,0.00189058,-0.13697124,0.0,-0.036329027,0.0,0.0,0.19874607,0.035741366,0.07152621,-0.030884845,-0.05049003,-1.2204311,0.021380847,0.0,0.0,-0.0008124861,0.06194759,0.0,-0.0002449644,3.1143765,0.37481612,0.004113358,-0.16328286,-0.007436306,-0.20435062,0.12863451,-0.31732038,1.429922,0.10410139,0.0,-0.025597895,11.912147,20.886637
0.1500504,1.0,0.0,0.0,0.0,0.0,28.0,1.0,77.0,182.0,120.63333333333334,43.0,1.0,0.0,0.0,0.0,0.0,0.0,0.0,0.0,0.0,0.0,0.0,0.0,0.0,0.0,0.0,0.0,0.0,1.0,0.0,0.0,0.0,1.0,11.0,1.0,0.0,0.0,0.0,0.0,0.0,0.0,28.0,4.201411200000001,0.0,1.0,0.0,0.0,1.0,2432.0,3.0,392.0,392.0,1176.0,0.06351546,-0.03012625,-0.015342423,-0.01042412,0.0022694494,-0.002224252,0.38589737,-0.042906,1.363451,2.3307836,0.1508849,-1.1901678,2.6098,-0.10085801,0.10276234,-0.09804515,-0.021119285,0.012639671,-0.00052810996,0.129641,0.0004194431,0.0,0.061526343,0.001882809,-0.14234175,0.0,-0.03630419,0.0,0.0,0.20078783,0.020816267,0.06715844,-0.032276418,-0.050660726,-1.313692,0.021216111,0.0,0.0,-0.0013548752,0.036584552,0.0,-0.00012695184,3.120181,0.40472174,0.0037129186,-0.20599936,-0.017334074,-0.2445527,0.08556791,-0.9878675,-0.35223898,0.016493034,0.0,-0.054502945,11.912147,18.153873
0.1500504,1.0,0.0,0.0,0.0,0.0,28.0,1.0,77.0,182.0,120.63333333333334,43.0,1.0,0.0,0.0,0.0,0.0,0.0,0.0,0.0,0.0,0.0,0.0,0.0,0.0,0.0,0.0,0.0,0.0,1.0,0.0,0.0,0.0,1.0,11.0,1.0,0.0,0.0,0.0,0.0,0.0,0.0,28.0,4.201411200000001,0.0,1.0,0.0,0.0,1.0,1467.0,3.0,1120.0,1120.0,3360.0,0.06635504,-0.041441318,-0.015249946,-0.01072752,0.0022694494,-0.0020722602,0.36458096,-0.043931503,1.3786814,2.3472393,0.15466464,-1.180017,2.5868711,-0.09900137,0.104493886,-0.09737218,-0.022233462,0.012861156,0.0016938107,0.12991805,0.00040805846,0.0,0.07588472,0.001882809,-0.14012182,0.0,-0.032501705,0.0,0.0,0.18864919,0.02377875,0.06834766,-0.032155335,-0.049852964,-1.3287091,0.017012255,0.0,0.0,-0.00090907555,0.03655138,0.0,-0.00013463495,3.1238413,0.38066468,0.003554206,-0.17426614,-0.013910588,-0.23727335,0.088555016,-0.12249229,-0.29270884,0.12986262,0.0,-0.06265555,11.912147,19.201035
0.1500504,1.0,0.0,0.0,0.0,0.0,28.0,1.0,77.0,182.0,120.63333333333334,43.0,1.0,0.0,0.0,0.0,0.0,0.0,0.0,0.0,0.0,0.0,0.0,0.0,0.0,0.0,0.0,0.0,0.0,1.0,0.0,0.0,0.0,1.0,11.0,1.0,0.0,0.0,0.0,0.0,0.0,0.0,28.0,4.201411200000001,0.0,1.0,0.0,0.0,1.0,349.0,3.0,476.0,476.0,1428.0,0.04524918,-0.025704034,-0.015127109,-0.012449443,0.0022694494,-0.0031180745,0.33832225,-0.043382913,1.4054402,2.3308988,0.15166916,-1.1812713,2.59653,-0.098861665,0.10340972,-0.09724975,-0.02386872,0.012842732,0.0009544295,0.128743,0.00038396064,0.0,0.05730097,0.00189058,-0.1411595,0.0,-0.03335078,0.0,0.0,0.2194099,0.02395622,0.068113185,-0.032159284,-0.04985146,-1.3246889,0.02422109,0.0,0.0,-0.0013529103,0.03522181,0.0,-0.00013463495,3.1181343,0.39325398,0.003226628,-0.22008358,-0.01383211,-0.23744698,0.07397555,-0.8815847,-0.3678574,-0.09735417,0.0,-0.08064186,11.912147,18.065035
0.1500504,1.0,0.0,0.0,0.0,0.0,28.0,1.0,77.0,182.0,120.63333333333334,43.0,1.0,0.0,0.0,0.0,0.0,0.0,0.0,0.0,0.0,0.0,0.0,0.0,0.0,0.0,0.0,0.0,0.0,1.0,0.0,0.0,0.0,1.0,11.0,1.0,0.0,0.0,0.0,0.0,0.0,0.0,28.0,4.201411200000001,1.0,0.0,0.0,0.0,1.0,175.0,3.0,224.0,224.0,672.0,0.053276222,-0.017928712,-0.014914352,-0.0075453823,0.0022694494,-0.002405116,0.34139064,-0.04590535,1.4980488,2.2894616,0.1549759,-1.1810936,2.607437,-0.096924536,0.10140051,-0.09609575,-0.024759555,0.012548161,0.0009464895,0.1315343,0.0004305571,0.0,0.0716502,0.00609504,-0.13512653,0.0,-0.039169665,0.0,0.0,0.1867368,0.039657798,0.06264474,-0.03275287,-0.051159803,-1.3129939,0.021918923,0.0,0.0,-0.00096557423,0.038001016,0.0,-0.00012387785,3.023623,0.41234702,-0.02670465,0.689912,-0.01679226,-0.26068273,0.11379338,-0.77701026,-0.30441946,-0.008424528,0.0,-0.018456565,11.912147,19.299904
0.1500504,1.0,0.0,0.0,0.0,0.0,28.0,1.0,77.0,182.0,120.63333333333334,43.0,1.0,0.0,0.0,0.0,0.0,0.0,0.0,0.0,0.0,0.0,0.0,0.0,0.0,0.0,0.0,0.0,0.0,1.0,0.0,0.0,0.0,1.0,11.0,1.0,0.0,0.0,0.0,0.0,0.0,0.0,28.0,4.201411200000001,0.0,0.0,1.0,0.0,1.0,125.0,3.0,392.0,392.0,1176.0,0.045413334,-0.024727816,-0.014016137,-0.012538329,0.0021115988,-0.0028000625,0.3409831,-0.043703176,1.4500701,2.298948,0.15664507,-1.1403803,2.6042917,-0.09538308,0.1016585,-0.09446399,-0.022961142,0.012123492,0.0010890493,0.12946793,0.00045130632,0.0,0.05736188,0.0067428965,-0.13696465,0.0,-0.039873887,0.0,0.0,0.2144725,0.02659331,0.06291105,-0.03210196,-0.04949438,-1.2744712,0.025374923,0.0,0.0,-0.0008936273,0.042503074,0.0,-0.0001058103,3.0812027,0.38289833,0.029072275,0.7494387,0.2160243,-0.25330573,0.12543397,-0.5644372,-0.26485407,0.04025112,0.0,-0.05159735,11.912147,19.996614
0.1500504,1.0,0.0,0.0,0.0,0.0,28.0,1.0,77.0,182.0,120.63333333333334,43.0,1.0,0.0,0.0,0.0,0.0,0.0,0.0,0.0,0.0,0.0,0.0,0.0,0.0,0.0,0.0,0.0,0.0,1.0,0.0,0.0,0.0,1.0,11.0,1.0,0.0,0.0,0.0,0.0,0.0,0.0,28.0,4.201411200000001,0.0,0.0,0.0,1.0,1.0,17.0,3.0,364.0,364.0,1092.0,0.10216613,0.014737374,-0.017769719,-0.005318923,0.0030356806,-0.0013763937,0.34280708,-0.03654729,1.3162054,2.0522084,0.16645755,-1.0527848,2.576438,-0.07866416,0.13346942,-0.08944438,-0.023753665,0.01243275,0.0017226667,0.13859563,0.0005349865,0.0,0.08678967,0.009049108,-0.14046198,0.0,-0.05325019,0.0,0.0,0.20619233,0.011085683,0.06335347,-0.029038643,-0.05069514,-1.3601246,0.025522614,0.0,0.0,-0.00038484737,0.032717615,0.0,-0.00012008326,3.0738406,0.48488995,0.009287538,0.39794374,-0.010056556,1.2540649,0.043934252,-0.39297765,-0.19777696,-0.028049475,0.0,-0.027526487,11.912147,20.875504
0.1500504,1.0,0.0,0.0,0.0,0.0,28.0,1.0,77.0,182.0,120.63333333333334,43.0,1.0,0.0,0.0,0.0,0.0,0.0,0.0,0.0,0.0,0.0,0.0,0.0,0.0,0.0,0.0,0.0,0.0,1.0,0.0,0.0,0.0,1.0,11.0,1.0,0.0,0.0,0.0,0.0,0.0,0.0,28.0,4.201411200000001,0.0,0.0,0.0,1.0,1.0,14.0,3.0,364.0,364.0,1092.0,0.18247688,0.017278872,-0.018766837,-0.009989904,0.0030356806,-0.0018809692,0.40804493,-0.036037043,1.3929567,2.006373,0.16128066,-1.0548575,2.207285,-0.06822486,0.13766924,-0.07748005,-0.02181991,0.015289724,0.012856212,0.14975356,0.0057877363,0.0,0.12843142,0.0068709417,-0.13535185,0.0,-0.047845714,0.0,0.0,0.19791804,0.007423351,0.059233006,-0.029038643,-0.049112596,-1.2919055,0.023109283,0.0,0.0,-0.00038484737,0.103905946,0.0,-0.00012008326,2.917072,0.5611405,0.009771173,0.6166781,-0.009822829,1.2743747,0.044904858,3.4118297,-0.12830709,0.002014436,0.0,-0.019917943,11.912147,24.97604
0.1500504,1.0,0.0,0.0,0.0,0.0,28.0,1.0,77.0,182.0,120.63333333333334,43.0,1.0,0.0,0.0,0.0,0.0,0.0,0.0,0.0,0.0,0.0,0.0,0.0,0.0,0.0,0.0,0.0,0.0,1.0,0.0,0.0,0.0,1.0,11.0,1.0,0.0,0.0,0.0,0.0,0.0,0.0,28.0,4.201411200000001,0.0,0.0,0.0,1.0,1.0,31.0,3.0,364.0,364.0,1092.0,0.14382045,0.008259135,-0.016556038,-0.008591095,0.0050189984,-0.0020827716,0.34212834,-0.036989562,1.3276957,2.071139,0.17419584,-1.0340878,2.5306268,-0.07798407,0.13723466,-0.08930731,-0.021527296,0.013769521,0.0014737456,0.14300275,0.0005395161,0.0,0.084766015,0.0061351364,-0.13948904,0.0,-0.049921334,0.0,0.0,0.20429896,0.0038844114,0.06578139,-0.0287704,-0.05073467,-1.3735136,0.029810568,0.0,0.0,-0.0002798396,0.036154952,0.0,-0.00020499954,3.1300526,0.48405498,0.030263262,0.72852945,-0.010731347,1.4441489,0.05904058,0.92484415,-0.1767053,0.014626988,0.0,-0.021376811,11.912147,22.91859
0.1500504,1.0,0.0,0.0,0.0,0.0,28.0,1.0,77.0,182.0,120.63333333333334,43.0,1.0,0.0,0.0,0.0,0.0,0.0,0.0,0.0,0.0,0.0,0.0,0.0,0.0,0.0,0.0,0.0,0.0,1.0,0.0,0.0,0.0,1.0,11.0,1.0,0.0,0.0,0.0,0.0,0.0,0.0,28.0,4.201411200000001,0.0,1.0,0.0,0.0,1.0,194.0,3.0,392.0,392.0,1176.0,0.042648982,-0.023774633,-0.017002078,-0.010720806,0.0022694494,-0.0060483213,0.3371388,-0.04488611,1.3728166,2.3393333,0.152482,-1.1856484,2.6610231,-0.0994487,0.10241555,-0.09762115,-0.026894845,0.012500631,-0.0033314736,0.13040893,0.00041232505,0.0,0.065992095,0.00189058,-0.14064829,0.0,-0.03730451,0.0,0.0,0.21943592,0.029721582,0.06508639,-0.031762566,-0.05069993,-1.3103111,0.022694109,0.0,0.0,-0.0016248034,0.03674684,0.0,-0.00013463495,3.095327,0.39947706,0.0013531273,-0.25631556,-0.017334439,-0.2437496,0.06615959,-1.5445248,-0.3839788,-0.013811717,0.0,-0.09535828,11.912147,17.426552
0.1500504,1.0,0.0,0.0,0.0,0.0,28.0,1.0,77.0,182.0,120.63333333333334,43.0,1.0,0.0,0.0,0.0,0.0,0.0,0.0,0.0,0.0,0.0,0.0,0.0,0.0,0.0,0.0,0.0,0.0,1.0,0.0,0.0,0.0,1.0,11.0,1.0,0.0,0.0,0.0,0.0,0.0,0.0,28.0,4.201411200000001,0.0,1.0,0.0,0.0,1.0,117.0,3.0,476.0,476.0,1428.0,0.05134677,-0.025018018,-0.014645713,-0.010752211,0.0022694494,-0.004686003,0.33792183,-0.044643436,1.3963269,2.3397667,0.15304163,-1.180411,2.63094,-0.09770186,0.102747865,-0.09754117,-0.023014687,0.011615521,0.001080761,0.13028196,0.00039563052,0.0,0.054879308,0.00189058,-0.14062747,0.0,-0.03438651,0.0,0.0,0.21357411,0.022476539,0.06358681,-0.032093067,-0.04886934,-1.331238,0.021229379,0.0,0.0,-0.0011019217,0.037506144,0.0,-0.00013463495,3.1490989,0.40567034,0.003410594,-0.22622474,-0.015222305,-0.23980851,0.12484012,-0.5616437,-0.3271825,0.08603085,0.0,-0.08311214,11.912147,18.714022
0.1500504,1.0,0.0,0.0,0.0,0.0,28.0,1.0,77.0,182.0,120.63333333333334,43.0,1.0,0.0,0.0,0.0,0.0,0.0,0.0,0.0,0.0,0.0,0.0,0.0,0.0,0.0,0.0,0.0,0.0,1.0,0.0,0.0,0.0,1.0,11.0,1.0,0.0,0.0,0.0,0.0,0.0,0.0,28.0,4.201411200000001,0.0,1.0,0.0,0.0,0.0,19.0,3.0,112.0,112.0,336.0,0.07342789,-0.0077875913,-0.015297131,-0.009750293,0.0022528889,-0.0015317742,0.3327287,-0.043600675,1.2880497,2.150637,0.16440019,-1.1680338,2.6676028,-0.10271272,0.12381426,-0.09489515,-0.022106104,0.013770182,0.003983365,0.13960372,0.00043698106,0.0,0.07716924,0.0015480679,-0.14185844,0.0,-0.045737397,0.0,0.0,0.18607685,-0.009669841,0.063818835,-0.031337265,-0.048515417,-1.2852705,0.031301513,0.0,0.0,-0.00048982515,0.03553635,0.0,-0.00020249482,3.1259236,0.42808035,0.0047380617,-0.15677866,-0.011821865,-0.22571884,-0.07284517,1.0709265,-0.1854749,0.4992779,0.0,0.18697223,11.912147,20.902792
0.1500504,1.0,0.0,0.0,0.0,0.0,28.0,1.0,77.0,182.0,120.63333333333334,43.0,1.0,0.0,0.0,0.0,0.0,0.0,0.0,0.0,0.0,0.0,0.0,0.0,0.0,0.0,0.0,0.0,0.0,1.0,0.0,0.0,0.0,1.0,11.0,1.0,0.0,0.0,0.0,0.0,0.0,0.0,28.0,4.201411200000001,0.0,1.0,0.0,0.0,0.0,108.0,3.0,182.0,182.0,546.0,0.055261597,-0.025573093,-0.016008854,-0.009210397,0.00232683,-0.0046793916,0.31449956,-0.047190133,1.3690125,2.3283973,0.15085538,-1.1723205,2.6946352,-0.09961394,0.10119373,-0.097910345,-0.024036959,0.012285949,0.00042948892,0.1313966,0.00041177354,0.0,0.06102457,0.0014132087,-0.13907534,0.0,-0.03744126,0.0,0.0,0.18358774,0.011257999,0.06500554,-0.0316474,-0.047907427,-1.3250158,0.021042738,0.0,0.0,-0.0015635678,0.036769226,0.0,-0.00021317149,3.1372755,0.36123595,0.003981477,-0.23621362,-0.016327841,-0.24039073,-0.23899543,-0.86195785,-0.33979526,-0.1988369,0.0,-0.0741732,11.912147,17.669357
0.0375126,1.0,0.0,0.0,0.0,0.0,10.0,1.0,56.0,168.0,120.63333333333334,533.1776470588235,0.0,1.0,0.0,0.0,0.0,0.0,0.0,0.0,0.0,0.0,0.0,0.0,0.0,0.0,0.0,0.0,0.0,1.0,0.0,0.0,0.0,1.0,8.0,1.0,0.0,0.0,0.0,0.0,0.0,0.0,10.0,0.375126,0.0,1.0,0.0,0.0,0.0,96.0,3.0,364.0,364.0,1092.0,-0.74053186,-0.05604327,-0.07839933,-0.007232186,0.0026030918,-0.0047236597,-0.27077037,-0.039614577,0.91767704,0.16584754,0.11103768,-1.3279887,-0.13169953,0.09978185,0.038808838,-0.22115898,-0.015874496,0.009784905,0.001338303,0.08693298,0.00049769506,0.0,0.06627272,0.00012044616,-0.110864446,0.0,-0.03836379,0.0,0.0,0.296628,0.019398818,0.06951646,-0.029013226,-0.03748483,0.5153543,0.034123156,0.0,0.0,-0.00813599,0.014650251,0.0,-0.00013162293,-5.4834604,-1.3344387,0.0027735082,-0.20433527,-0.026021449,-0.2591681,-0.15953936,-0.86218923,-0.30549192,-0.018333789,0.0,-0.07611317,11.912147,2.518175
0.0375126,1.0,0.0,0.0,0.0,0.0,10.0,1.0,56.0,168.0,120.63333333333334,533.1776470588235,0.0,1.0,0.0,0.0,0.0,0.0,0.0,0.0,0.0,0.0,0.0,0.0,0.0,0.0,0.0,0.0,0.0,1.0,0.0,0.0,0.0,1.0,8.0,1.0,0.0,0.0,0.0,0.0,0.0,0.0,10.0,0.375126,0.0,1.0,0.0,0.0,0.0,94.0,1.2,140.0,140.0,168.0,-0.7933975,-0.055296727,-0.09068432,-0.012623259,0.0028291373,-0.00471086,-0.29913187,-0.038119633,0.899751,0.21397395,0.11979695,-1.3323299,-0.1281407,0.1345711,0.04138885,-0.21933113,-0.015869109,0.010503274,0.0023011267,0.08376941,0.0005227526,0.0,0.12366243,0.0013911879,-0.10968134,0.0,-0.042594418,0.0,0.0,0.21571943,0.0018677638,0.070805565,-0.02618127,-0.03743853,0.4594789,0.036344577,0.0,0.0,-0.0032244106,0.03002943,0.0,-0.00048586002,-5.545179,-1.204352,0.0054367566,-0.11375402,-0.012335629,-0.22981957,-0.096770205,0.18296626,1.4476001,-0.08262892,0.0,0.23573726,11.912147,5.738516
0.0375126,1.0,0.0,0.0,0.0,0.0,10.0,1.0,56.0,168.0,120.63333333333334,533.1776470588235,0.0,1.0,0.0,0.0,0.0,0.0,0.0,0.0,0.0,0.0,0.0,0.0,0.0,0.0,0.0,0.0,0.0,1.0,0.0,0.0,0.0,1.0,8.0,1.0,0.0,0.0,0.0,0.0,0.0,0.0,10.0,0.375126,0.0,1.0,0.0,0.0,0.0,90.0,1.8,140.0,140.0,252.0,-0.7705389,-0.061143998,-0.08532316,-0.012107841,0.0026030918,-0.006299542,-0.31837937,-0.04197218,0.8834018,0.20676692,0.11799941,-1.302183,-0.14002532,0.09781534,0.03870806,-0.22390334,-0.018752936,0.009669791,0.0013736164,0.084239535,0.0005375792,0.0,0.072110936,0.0012196793,-0.11059777,0.0,-0.043979272,0.0,0.0,0.27050295,0.010128994,0.06956207,-0.027660327,-0.039113857,0.48251328,0.03635222,0.0,0.0,-0.0028873547,0.0204845,0.0,-0.00092842,-5.7193236,-1.0904466,0.0051582023,-0.1333144,-0.011057725,-0.2332774,-0.10722393,0.13463889,0.86529994,-0.07645118,0.0,0.18942562,11.912147,4.9357705
0.0375126,1.0,0.0,0.0,0.0,0.0,10.0,1.0,56.0,168.0,120.63333333333334,533.1776470588235,0.0,1.0,0.0,0.0,0.0,0.0,0.0,0.0,0.0,0.0,0.0,0.0,0.0,0.0,0.0,0.0,0.0,1.0,0.0,0.0,0.0,1.0,8.0,1.0,0.0,0.0,0.0,0.0,0.0,0.0,10.0,0.375126,0.0,1.0,0.0,0.0,0.0,92.0,2.4,140.0,140.0,336.0,-0.7521974,-0.051411778,-0.08587971,-0.0151456855,0.0026030918,-0.0040082363,-0.3069902,-0.03929942,0.94128877,0.22867341,0.11569433,-1.3320888,-0.1291694,0.13852672,0.04233405,-0.20878696,-0.015786821,0.009713808,0.00029389327,0.08315878,0.00046088616,0.0,0.10137315,0.0013911879,-0.112120174,0.0,-0.045117155,0.0,0.0,0.29559943,-0.00092635374,0.07109764,-0.029062731,-0.03834943,0.4647708,0.038090404,0.0,0.0,-0.0047650784,0.014752161,0.0,-0.00092842,-5.454867,-1.3186113,0.0046025775,-0.13163176,-0.011389706,-0.24940373,-0.10832606,0.21690783,0.17797399,-0.08608992,0.0,0.23128834,11.912147,4.5603895
0.0375126,1.0,0.0,0.0,0.0,0.0,10.0,1.0,56.0,168.0,120.63333333333334,533.1776470588235,0.0,1.0,0.0,0.0,0.0,0.0,0.0,0.0,0.0,0.0,0.0,0.0,0.0,0.0,0.0,0.0,0.0,1.0,0.0,0.0,0.0,1.0,8.0,1.0,0.0,0.0,0.0,0.0,0.0,0.0,10.0,0.375126,0.0,1.0,0.0,0.0,0.0,92.0,3.0,140.0,140.0,420.0,-0.724992,-0.053964578,-0.07968069,-0.008387329,0.0026030918,-0.004781112,-0.27089846,-0.03955006,0.9419272,0.1944912,0.11250675,-1.3165294,-0.12913835,0.14108196,0.041305546,-0.20716418,-0.015784655,0.009633127,0.00011725737,0.08445562,0.00046088616,0.0,0.00043443893,0.0012000496,-0.111172184,0.0,-0.04527916,0.0,0.0,0.29549912,-0.0010429169,0.06995681,-0.029086128,-0.03835732,0.50342685,0.041240614,0.0,0.0,-0.0035657403,0.01540647,0.0,-0.00045578476,-5.4808493,-1.2976351,0.005929635,-0.19817945,-0.02205828,-0.2564808,-0.09995734,0.12008172,-0.30130172,-0.13201585,0.0,-0.07339476,11.912147,3.552204
0.0375126,1.0,0.0,0.0,0.0,0.0,10.0,1.0,56.0,168.0,120.63333333333334,533.1776470588235,0.0,1.0,0.0,0.0,0.0,0.0,0.0,0.0,0.0,0.0,0.0,0.0,0.0,0.0,0.0,0.0,0.0,1.0,0.0,0.0,0.0,1.0,8.0,1.0,0.0,0.0,0.0,0.0,0.0,0.0,10.0,0.375126,0.0,1.0,0.0,0.0,0.0,29.0,3.0,280.0,280.0,840.0,-0.7375976,-0.05670704,-0.080230996,-0.008204519,0.0026030918,-0.002094059,-0.24605459,-0.03996462,0.88752085,0.17457712,0.11135642,-1.3087626,-0.1407265,0.10067948,0.041183997,-0.21510153,-0.015553149,0.0099265035,0.001242343,0.08976891,0.00047571276,0.0,0.099460125,0.0015085774,-0.11011682,0.0,-0.047991034,0.0,0.0,0.2927067,0.00092405325,0.06872186,-0.02786476,-0.03920547,0.4931895,0.04311264,0.0,0.0,-0.0035657403,0.016186958,0.0,-0.0001795183,-5.6737404,-1.2119966,0.0028714275,-0.16223523,-0.019453883,-0.2503811,-0.07993999,0.8600211,-0.20091316,-0.016184554,0.0,-0.038066417,11.912147,4.4773517
0.0375126,1.0,0.0,0.0,0.0,0.0,10.0,1.0,56.0,168.0,120.63333333333334,533.1776470588235,0.0,1.0,0.0,0.0,0.0,0.0,0.0,0.0,0.0,0.0,0.0,0.0,0.0,0.0,0.0,0.0,0.0,1.0,0.0,0.0,0.0,1.0,8.0,1.0,0.0,0.0,0.0,0.0,0.0,0.0,10.0,0.375126,0.0,1.0,0.0,0.0,1.0,412.0,3.0,392.0,392.0,1176.0,-0.74625796,-0.057036806,-0.07813407,-0.005954069,0.0025837242,-0.0022093027,-0.346389,-0.038145345,0.92570597,0.20583217,0.11663341,-1.316586,-0.12723763,0.10174642,0.0413481,-0.21939844,-0.015327076,0.010919822,0.0016833276,0.085637674,0.00043934365,0.0,0.092132695,0.0016745019,-0.110282935,0.0,-0.035451904,0.0,0.0,0.30191618,0.022480994,0.0688998,-0.029334158,-0.041325346,0.4826933,0.05232571,0.0,0.0,-0.004264722,0.012987484,0.0,-0.00013162293,-5.453923,-1.3356806,0.0010073147,-0.15238754,-0.024140697,-0.25106898,0.059209354,0.2417584,-0.25636828,0.08180655,0.0,-0.077729985,11.912147,4.098805
0.0375126,1.0,0.0,0.0,0.0,0.0,10.0,1.0,56.0,168.0,120.63333333333334,533.1776470588235,0.0,1.0,0.0,0.0,0.0,0.0,0.0,0.0,0.0,0.0,0.0,0.0,0.0,0.0,0.0,0.0,0.0,1.0,0.0,0.0,0.0,1.0,8.0,1.0,0.0,0.0,0.0,0.0,0.0,0.0,10.0,0.375126,0.0,1.0,0.0,0.0,1.0,204.0,1.8,392.0,392.0,705.6,-0.70110416,-0.053577527,-0.07144948,-0.001794602,0.0025837242,-0.0048225448,-0.3602748,-0.04100842,0.87524724,0.21124168,0.115703724,-1.3271571,-0.12404361,0.095043756,0.03787826,-0.22550838,-0.016013378,0.010637511,0.0023014555,0.085505575,0.00047426156,0.0,0.15838824,0.0016774209,-0.10862385,0.0,-0.035573352,0.0,0.0,0.25638106,0.01806466,0.0659286,-0.028322332,-0.040885087,0.4176179,0.050943967,0.0,0.0,-0.0021549377,0.027091237,0.0,-0.00021643794,-5.482784,-1.2680075,0.0036385015,-0.12700084,-0.01326806,-0.22887594,0.11434578,-0.29953346,1.4885732,0.10151846,0.0,-0.044183847,11.912147,5.4467483
0.0375126,1.0,0.0,0.0,0.0,0.0,10.0,1.0,56.0,168.0,120.63333333333334,533.1776470588235,0.0,1.0,0.0,0.0,0.0,0.0,0.0,0.0,0.0,0.0,0.0,0.0,0.0,0.0,0.0,0.0,0.0,1.0,0.0,0.0,0.0,1.0,8.0,1.0,0.0,0.0,0.0,0.0,0.0,0.0,10.0,0.375126,0.0,1.0,0.0,0.0,1.0,2432.0,3.0,392.0,392.0,1176.0,-0.7466282,-0.06479774,-0.07831067,-0.0058374936,0.0025837242,-0.002426465,-0.372165,-0.037408307,0.9605049,0.20213784,0.11068349,-1.3305317,-0.13179122,0.10199666,0.039124623,-0.2216845,-0.014699729,0.009432022,2.2204435e-05,0.084344774,0.00048001742,0.0,0.071636304,0.0016745019,-0.11226939,0.0,-0.03493004,0.0,0.0,0.30293795,0.0040744953,0.06840093,-0.029602172,-0.040600497,0.50457144,0.048875365,0.0,0.0,-0.0055096457,0.011225849,0.0,-0.00012393983,-5.501632,-1.3078347,0.0008191424,-0.18152562,-0.02686991,-0.2566371,0.06445632,-1.0557108,-0.31980962,0.018648086,0.0,-0.074206166,11.912147,2.5672379
0.0375126,1.0,0.0,0.0,0.0,0.0,10.0,1.0,56.0,168.0,120.63333333333334,533.1776470588235,0.0,1.0,0.0,0.0,0.0,0.0,0.0,0.0,0.0,0.0,0.0,0.0,0.0,0.0,0.0,0.0,0.0,1.0,0.0,0.0,0.0,1.0,8.0,1.0,0.0,0.0,0.0,0.0,0.0,0.0,10.0,0.375126,0.0,1.0,0.0,0.0,1.0,1467.0,3.0,1120.0,1120.0,3360.0,-0.77342767,-0.065977976,-0.078295,-0.0070009558,0.0025837242,-0.0025360973,-0.3462226,-0.037904646,0.95161074,0.18712723,0.11478482,-1.3288995,-0.12654488,0.100633375,0.03939145,-0.22109318,-0.01574567,0.008489564,0.0015916198,0.08509482,0.0004686328,0.0,0.09144099,0.0016745019,-0.110071674,0.0,-0.034776058,0.0,0.0,0.28394064,0.010362227,0.06969936,-0.029301338,-0.03956642,0.5071228,0.049485095,0.0,0.0,-0.0033453233,0.010474644,0.0,-0.00013162293,-5.4566746,-1.2799447,0.00093553663,-0.14197674,-0.025740217,-0.25427592,0.06380328,-0.1696053,-0.264186,0.2116173,0.0,-0.07862097,11.912147,3.812617
0.0375126,1.0,0.0,0.0,0.0,0.0,10.0,1.0,56.0,168.0,120.63333333333334,533.1776470588235,0.0,1.0,0.0,0.0,0.0,0.0,0.0,0.0,0.0,0.0,0.0,0.0,0.0,0.0,0.0,0.0,0.0,1.0,0.0,0.0,0.0,1.0,8.0,1.0,0.0,0.0,0.0,0.0,0.0,0.0,10.0,0.375126,0.0,1.0,0.0,0.0,1.0,349.0,3.0,476.0,476.0,1428.0,-0.7372626,-0.0624162,-0.07910178,-0.0083924895,0.0025837242,-0.0032349394,-0.31120646,-0.037694436,0.9278334,0.18590079,0.111223415,-1.3188927,-0.12607834,0.09953976,0.03907965,-0.21954663,-0.017002933,0.00847114,0.0011448328,0.08430711,0.00045756702,0.0,0.06059261,0.0016774209,-0.11087551,0.0,-0.035504065,0.0,0.0,0.30606854,0.010894662,0.06717374,-0.029523801,-0.039658308,0.5047992,0.053134613,0.0,0.0,-0.0045950096,0.008977041,0.0,-0.00013162293,-5.47477,-1.3172102,0.0007835556,-0.19017266,-0.024968294,-0.2547484,0.05780947,-0.8450616,-0.34128934,-0.04760929,0.0,-0.095454864,11.912147,2.7121985
0.0375126,1.0,0.0,0.0,0.0,0.0,10.0,1.0,56.0,168.0,120.63333333333334,533.1776470588235,0.0,1.0,0.0,0.0,0.0,0.0,0.0,0.0,0.0,0.0,0.0,0.0,0.0,0.0,0.0,0.0,0.0,1.0,0.0,0.0,0.0,1.0,8.0,1.0,0.0,0.0,0.0,0.0,0.0,0.0,10.0,0.375126,1.0,0.0,0.0,0.0,1.0,175.0,3.0,224.0,224.0,672.0,-0.84537,-0.044759873,-0.078866154,-0.006857318,0.0025837242,-0.0025068324,-0.37317935,-0.042147264,0.93501323,0.21562284,0.10844941,-1.3124914,-0.13677458,0.09840128,0.04020945,-0.22524002,-0.017710822,0.009423581,0.0011416279,0.08197787,0.00047004133,0.0,0.09549173,0.003268984,-0.10950321,0.0,-0.037261046,0.0,0.0,0.2761893,0.022012208,0.06509092,-0.03020294,-0.04078568,0.4580019,0.027355565,0.0,0.0,-0.0039100484,0.015689898,0.0,-0.00011637042,-5.441795,-1.3482064,0.02122197,0.6162547,-0.026526274,-0.30866465,0.08818218,-0.7446502,-0.26721868,-0.01491271,0.0,-0.026568525,11.912147,3.607975
0.0375126,1.0,0.0,0.0,0.0,0.0,10.0,1.0,56.0,168.0,120.63333333333334,533.1776470588235,0.0,1.0,0.0,0.0,0.0,0.0,0.0,0.0,0.0,0.0,0.0,0.0,0.0,0.0,0.0,0.0,0.0,1.0,0.0,0.0,0.0,1.0,8.0,1.0,0.0,0.0,0.0,0.0,0.0,0.0,10.0,0.375126,0.0,0.0,1.0,0.0,1.0,125.0,3.0,392.0,392.0,1176.0,-0.800822,-0.08647656,-0.07818723,-0.011820349,0.0024258737,-0.0029017786,-0.31945163,-0.04307652,0.9500828,0.2258801,0.109413266,-1.3171179,-0.1333489,0.08990585,0.040397488,-0.22223262,-0.016257495,0.009114166,0.0013494807,0.08058874,0.00050035433,0.0,0.06683121,0.0044145337,-0.10948971,0.0,-0.038400535,0.0,0.0,0.2997743,0.022961264,0.06559608,-0.029516742,-0.038506165,0.48757455,0.037957102,0.0,0.0,-0.0038218873,0.016956598,0.0,-0.000102798294,-5.5029187,-1.3610294,0.022183051,0.66538966,0.30800155,-0.2987421,0.09367953,-0.53612244,-0.2312363,0.047665533,0.0,-0.06678929,11.912147,4.31242
0.0375126,1.0,0.0,0.0,0.0,0.0,10.0,1.0,56.0,168.0,120.63333333333334,533.1776470588235,0.0,1.0,0.0,0.0,0.0,0.0,0.0,0.0,0.0,0.0,0.0,0.0,0.0,0.0,0.0,0.0,0.0,1.0,0.0,0.0,0.0,1.0,8.0,1.0,0.0,0.0,0.0,0.0,0.0,0.0,10.0,0.375126,0.0,0.0,0.0,1.0,1.0,17.0,3.0,364.0,364.0,1092.0,-0.7363559,-0.029081373,-0.08166648,-0.022485346,0.0033499554,-0.0024355089,-0.39769298,-0.03948514,0.9570631,0.27220455,0.11002699,-1.3307463,-0.15194637,0.16702652,0.041669313,-0.20686738,-0.017557735,0.009823174,0.00034851203,0.088776395,0.0005306721,0.0,0.15318379,0.0067144874,-0.109578006,0.0,-0.051714312,0.0,0.0,0.25364986,0.026679242,0.06024979,-0.026584374,-0.039714344,0.4620591,0.020134006,0.0,0.0,-0.0031409238,0.015053023,0.0,-0.00011351996,-5.6031446,-1.2913959,0.00851398,0.25133374,-0.017943544,1.2087475,0.029302051,-0.31272742,-0.1776691,-0.032513887,0.0,-0.02233982,11.912147,5.3536816
0.0375126,1.0,0.0,0.0,0.0,0.0,10.0,1.0,56.0,168.0,120.63333333333334,533.1776470588235,0.0,1.0,0.0,0.0,0.0,0.0,0.0,0.0,0.0,0.0,0.0,0.0,0.0,0.0,0.0,0.0,0.0,1.0,0.0,0.0,0.0,1.0,8.0,1.0,0.0,0.0,0.0,0.0,0.0,0.0,10.0,0.375126,0.0,0.0,0.0,1.0,1.0,14.0,3.0,364.0,364.0,1092.0,-0.8221172,0.007329069,-0.079928055,-0.0188674,0.0033499554,-0.0020197704,-0.534881,-0.038312443,0.9835892,0.24619664,0.1042707,-1.2723422,-0.13700606,0.115253285,0.04839102,-0.18672214,-0.016131004,0.014733145,0.0030779522,0.0960004,0.008381912,0.0,0.2783351,0.005030891,-0.10672059,0.0,-0.04670398,0.0,0.0,0.23466648,0.018284252,0.055570863,-0.026584374,-0.039183173,0.4650126,0.026417747,0.0,0.0,-0.0031409238,0.028310897,0.0,-0.00011351996,-5.4385114,-1.3143959,0.009333086,0.4448889,-0.01818164,1.2942204,0.028227242,3.4963121,-0.13055432,0.00022368692,0.0,-0.017940661,11.912147,9.677204
0.0375126,1.0,0.0,0.0,0.0,0.0,10.0,1.0,56.0,168.0,120.63333333333334,533.1776470588235,0.0,1.0,0.0,0.0,0.0,0.0,0.0,0.0,0.0,0.0,0.0,0.0,0.0,0.0,0.0,0.0,0.0,1.0,0.0,0.0,0.0,1.0,8.0,1.0,0.0,0.0,0.0,0.0,0.0,0.0,10.0,0.375126,0.0,0.0,0.0,1.0,1.0,31.0,3.0,364.0,364.0,1092.0,-0.75397724,-0.02625847,-0.08419329,-0.013736847,0.0053332737,-0.0021868206,-0.3787748,-0.039774306,0.926478,0.28953636,0.114008136,-1.3183646,-0.14445433,0.16775197,0.045843314,-0.21960305,-0.015931921,0.010221275,0.0013346904,0.091463245,0.00053520175,0.0,0.13768296,0.004264039,-0.10968212,0.0,-0.04823297,0.0,0.0,0.26365164,0.0050887894,0.06413997,-0.026493711,-0.039832927,0.4954156,0.031709734,0.0,0.0,-0.0030359162,0.014552492,0.0,-0.00019843625,-5.6582994,-1.2822905,0.02289407,0.6747161,-0.018999174,1.5256909,0.04018416,0.9426566,-0.1597785,0.0013260473,0.0,-0.02639703,11.912147,7.4181256
0.0375126,1.0,0.0,0.0,0.0,0.0,10.0,1.0,56.0,168.0,120.63333333333334,533.1776470588235,0.0,1.0,0.0,0.0,0.0,0.0,0.0,0.0,0.0,0.0,0.0,0.0,0.0,0.0,0.0,0.0,0.0,1.0,0.0,0.0,0.0,1.0,8.0,1.0,0.0,0.0,0.0,0.0,0.0,0.0,10.0,0.375126,0.0,1.0,0.0,0.0,1.0,194.0,3.0,392.0,392.0,1176.0,-0.7335129,-0.056831103,-0.08087821,-0.006323691,0.0025837242,-0.0061512925,-0.27832246,-0.03858968,0.9156814,0.2027458,0.11082316,-1.3249099,-0.12841548,0.103453115,0.03833331,-0.22207335,-0.019995641,0.009493945,-0.0016691759,0.085346706,0.00048593138,0.0,0.11038593,0.0016774209,-0.11034209,0.0,-0.0365576,0.0,0.0,0.30609456,0.01582308,0.065502785,-0.029177349,-0.040778045,0.46756417,0.050353367,0.0,0.0,-0.0050983233,0.011451964,0.0,-0.00013162293,-5.487646,-1.3117168,-0.0010592451,-0.22732204,-0.028061373,-0.2601198,0.047530062,-1.5179274,-0.3564897,-0.008031014,0.0,-0.11894703,11.912147,2.0204
0.0375126,1.0,0.0,0.0,0.0,0.0,10.0,1.0,56.0,168.0,120.63333333333334,533.1776470588235,0.0,1.0,0.0,0.0,0.0,0.0,0.0,0.0,0.0,0.0,0.0,0.0,0.0,0.0,0.0,0.0,0.0,1.0,0.0,0.0,0.0,1.0,8.0,1.0,0.0,0.0,0.0,0.0,0.0,0.0,10.0,0.375126,0.0,1.0,0.0,0.0,1.0,117.0,3.0,476.0,476.0,1428.0,-0.73541766,-0.05984407,-0.078296036,-0.008994967,0.0025837242,-0.0047889743,-0.2990773,-0.03780009,0.9385256,0.19348727,0.11115979,-1.3323816,-0.1256997,0.098439075,0.038701408,-0.22197686,-0.01616703,0.008041359,0.0015612982,0.085182674,0.0004692369,0.0,0.06443674,0.0016774209,-0.11034652,0.0,-0.037155464,0.0,0.0,0.30023274,0.009460648,0.06680781,-0.029457582,-0.03817751,0.5280957,0.04888864,0.0,0.0,-0.0045376644,0.01139779,0.0,-0.00013162293,-5.486905,-1.3199698,0.0018668203,-0.19982338,-0.026804646,-0.2566835,0.08971765,-0.615742,-0.3019886,0.13464524,0.0,-0.10404565,11.912147,3.1953127
0.0375126,1.0,0.0,0.0,0.0,0.0,10.0,1.0,56.0,168.0,120.63333333333334,533.1776470588235,0.0,1.0,0.0,0.0,0.0,0.0,0.0,0.0,0.0,0.0,0.0,0.0,0.0,0.0,0.0,0.0,0.0,1.0,0.0,0.0,0.0,1.0,8.0,1.0,0.0,0.0,0.0,0.0,0.0,0.0,10.0,0.375126,0.0,1.0,0.0,0.0,0.0,19.0,3.0,112.0,112.0,336.0,-0.8393051,-0.058790576,-0.07720204,-0.02815904,0.0025291506,-0.0018119056,-0.24189563,-0.039552394,0.8955911,0.17465891,0.11580003,-1.3047822,-0.13934985,0.09139367,0.04056118,-0.21047021,-0.016163606,0.009785628,0.0037390373,0.08714842,0.00047118307,0.0,0.031095065,0.0013119673,-0.10965142,0.0,-0.047759887,0.0,0.0,0.2749559,-0.004782518,0.06902853,-0.027845575,-0.038961526,0.5086691,0.0397012,0.0,0.0,-0.0021104002,0.01708924,0.0,-0.0001795183,-5.5601916,-1.171914,0.004541216,-0.10577231,-0.01854062,-0.24211791,-0.06534472,1.1384726,-0.17695357,0.36265758,0.0,0.20964535,11.912147,5.461386
0.0375126,1.0,0.0,0.0,0.0,0.0,10.0,1.0,56.0,168.0,120.63333333333334,533.1776470588235,0.0,1.0,0.0,0.0,0.0,0.0,0.0,0.0,0.0,0.0,0.0,0.0,0.0,0.0,0.0,0.0,0.0,1.0,0.0,0.0,0.0,1.0,8.0,1.0,0.0,0.0,0.0,0.0,0.0,0.0,10.0,0.375126,0.0,1.0,0.0,0.0,0.0,108.0,3.0,182.0,182.0,546.0,-0.734036,-0.054628845,-0.07917412,-0.007098893,0.0026030918,-0.004782363,-0.26643237,-0.039946854,0.9372895,0.17099985,0.11022714,-1.3321154,-0.13199762,0.1031463,0.038182206,-0.22247355,-0.017321168,0.009146689,0.0005992643,0.085757256,0.00046088616,0.0,0.028299935,0.0012000496,-0.10951903,0.0,-0.037897483,0.0,0.0,0.29431745,0.010575099,0.06993225,-0.029166788,-0.037638985,0.50747937,0.034142558,0.0,0.0,-0.007927949,0.01540647,0.0,-0.00020566405,-5.4859037,-1.3228852,0.005313715,-0.2075567,-0.026029514,-0.25714377,-0.18850134,-0.89026153,-0.30866912,-0.204659,0.0,-0.08965651,11.912147,2.2435985
0.01125378,0.0,0.0,0.0,1.0,0.0,28.0,1.0,35.0,105.0,120.63333333333334,35.75,0.0,1.0,0.0,0.0,0.0,0.0,0.0,0.0,0.0,0.0,0.0,0.0,0.0,0.0,0.0,0.0,0.0,1.0,0.0,0.0,0.0,1.0,4.0,0.0,0.0,0.0,0.0,1.0,0.0,0.0,8.0,0.09003024,0.0,1.0,0.0,0.0,0.0,96.0,3.0,364.0,364.0,1092.0,-0.67702115,0.22384088,-0.07833339,-0.045027956,-0.039188206,-0.0046095527,-0.02111875,-0.034386173,-0.60960406,-0.5006581,0.08638589,-1.7102073,-0.14718482,0.074202776,0.029149558,-0.24605946,-0.018458297,0.0098673925,0.0012933603,0.09369263,0.00039616073,0.0,0.012426946,-0.00017375119,-0.16976643,0.0,-0.04686317,0.0,0.0,0.18292367,0.009032092,0.1366761,-0.028848339,-0.030739741,-0.05591249,-0.027362766,0.0,0.0,-0.008100371,-0.09036838,0.0,-0.00027000732,-4.5520167,-2.1266413,0.0019673097,-0.21614006,-0.02009769,-0.24970596,-0.15870568,-0.8289747,-0.33874986,-0.021589288,0.0,-0.06868829,11.912147,-0.3975703
0.01125378,0.0,0.0,0.0,1.0,0.0,28.0,1.0,35.0,105.0,120.63333333333334,35.75,0.0,1.0,0.0,0.0,0.0,0.0,0.0,0.0,0.0,0.0,0.0,0.0,0.0,0.0,0.0,0.0,0.0,1.0,0.0,0.0,0.0,1.0,4.0,0.0,0.0,0.0,0.0,1.0,0.0,0.0,8.0,0.09003024,0.0,1.0,0.0,0.0,0.0,94.0,1.2,140.0,140.0,168.0,-0.6999339,0.22205329,-0.090781435,-0.050392266,-0.045738213,-0.0041399198,0.0060796165,-0.033364348,-0.5858486,-0.4840531,0.08802766,-1.6862996,-0.14693996,0.08705178,0.036593225,-0.25600332,-0.018384203,0.010637652,0.0023124965,0.09464992,0.00042121822,0.0,0.0260668,0.0010969905,-0.16420661,0.0,-0.05204755,0.0,0.0,0.11770345,-0.0010412359,0.14463127,-0.025977608,-0.03047911,-0.07241293,-0.027274046,0.0,0.0,-0.003188792,-0.15205352,0.0,-0.0006242444,-4.653614,-1.9707063,0.003928947,-0.10192422,-0.010581867,-0.21287943,-0.11323322,0.08796846,1.6294161,-0.062842265,0.0,0.22414432,11.912147,2.9379652
0.01125378,0.0,0.0,0.0,1.0,0.0,28.0,1.0,35.0,105.0,120.63333333333334,35.75,0.0,1.0,0.0,0.0,0.0,0.0,0.0,0.0,0.0,0.0,0.0,0.0,0.0,0.0,0.0,0.0,0.0,1.0,0.0,0.0,0.0,1.0,4.0,0.0,0.0,0.0,0.0,1.0,0.0,0.0,8.0,0.09003024,0.0,1.0,0.0,0.0,0.0,90.0,1.8,140.0,140.0,252.0,-0.7063512,0.24690965,-0.0852603,-0.049138192,-0.039188206,-0.005734729,-0.0035927594,-0.036902286,-0.61032045,-0.51350605,0.09329073,-1.7108077,-0.16542692,0.050295975,0.035605446,-0.25082836,-0.020571055,0.010205582,0.001384986,0.0999917,0.00043604482,0.0,0.020587068,0.0009254819,-0.16289714,0.0,-0.05258353,0.0,0.0,0.16460836,0.007875397,0.145493,-0.027471578,-0.031319752,-0.03753721,-0.030003585,0.0,0.0,-0.0026753405,-0.10719451,0.0,-0.0024556564,-4.842062,-1.9383373,0.004161165,-0.12924042,-0.009757132,-0.23836856,-0.11473291,0.18490393,0.9435933,-0.061212633,0.0,0.19258973,11.912147,2.129531
0.01125378,0.0,0.0,0.0,1.0,0.0,28.0,1.0,35.0,105.0,120.63333333333334,35.75,0.0,1.0,0.0,0.0,0.0,0.0,0.0,0.0,0.0,0.0,0.0,0.0,0.0,0.0,0.0,0.0,0.0,1.0,0.0,0.0,0.0,1.0,4.0,0.0,0.0,0.0,0.0,1.0,0.0,0.0,8.0,0.09003024,0.0,1.0,0.0,0.0,0.0,92.0,2.4,140.0,140.0,336.0,-0.6920482,0.21552722,-0.085976824,-0.052176036,-0.039188206,-0.0034359246,-0.006250219,-0.034442976,-0.6046703,-0.5215674,0.088346384,-1.7132374,-0.14519563,0.11306306,0.032015074,-0.24532472,-0.018448828,0.010381943,0.00030526283,0.093741216,0.0003593518,0.0,0.02415601,0.0010969905,-0.1667135,0.0,-0.05375621,0.0,0.0,0.18930805,-0.0031049843,0.14047275,-0.028873984,-0.030605588,-0.038014945,-0.026367158,0.0,0.0,-0.0045530642,-0.090677574,0.0,-0.0024556564,-4.592912,-2.213427,0.0041816663,-0.12302932,-0.010781629,-0.2420025,-0.105097674,0.07025611,0.2537996,-0.06879147,0.0,0.22131352,11.912147,1.4073437
0.01125378,0.0,0.0,0.0,1.0,0.0,28.0,1.0,35.0,105.0,120.63333333333334,35.75,0.0,1.0,0.0,0.0,0.0,0.0,0.0,0.0,0.0,0.0,0.0,0.0,0.0,0.0,0.0,0.0,0.0,1.0,0.0,0.0,0.0,1.0,4.0,0.0,0.0,0.0,0.0,1.0,0.0,0.0,8.0,0.09003024,0.0,1.0,0.0,0.0,0.0,92.0,3.0,140.0,140.0,420.0,-0.6679835,0.21677548,-0.07963526,-0.046434864,-0.039188206,-0.004667005,-0.0010900737,-0.034518488,-0.5955877,-0.53638774,0.085886225,-1.7231078,-0.14562134,0.11892441,0.031318013,-0.24369994,-0.018446662,0.009715613,0.00012862681,0.09432059,0.0003593518,0.0,0.010097125,0.00090585224,-0.16489394,0.0,-0.054026462,0.0,0.0,0.18939829,-0.002894073,0.13800478,-0.02889738,-0.03072671,-0.08399855,-0.028237926,0.0,0.0,-0.0033537261,-0.09109892,0.0,-0.0019830212,-4.580438,-2.1881084,0.003626691,-0.2059702,-0.019294351,-0.24882111,-0.090716235,-0.021725848,-0.32465562,-0.11578103,0.0,-0.072562724,11.912147,0.31705478
0.01125378,0.0,0.0,0.0,1.0,0.0,28.0,1.0,35.0,105.0,120.63333333333334,35.75,0.0,1.0,0.0,0.0,0.0,0.0,0.0,0.0,0.0,0.0,0.0,0.0,0.0,0.0,0.0,0.0,0.0,1.0,0.0,0.0,0.0,1.0,4.0,0.0,0.0,0.0,0.0,1.0,0.0,0.0,8.0,0.09003024,0.0,1.0,0.0,0.0,0.0,29.0,3.0,280.0,280.0,840.0,-0.71343917,0.2412294,-0.080050685,-0.04526163,-0.039188206,-0.0019860796,-0.0076256846,-0.03504056,-0.62253976,-0.5513215,0.08766762,-1.7103354,-0.15740635,0.07469826,0.03257914,-0.2421001,-0.018092293,0.010323199,0.0011973999,0.09992545,0.0003741784,0.0,0.018573258,0.00121438,-0.16526642,0.0,-0.05669692,0.0,0.0,0.19496275,-0.0012701602,0.13762616,-0.027833434,-0.031726908,-0.08556484,-0.030050587,0.0,0.0,-0.0033537261,-0.09009339,0.0,-0.0003179027,-4.7671947,-2.005237,0.0029194523,-0.17028782,-0.015850104,-0.24340309,-0.07739956,0.96051085,-0.21441528,-0.035447463,0.0,-0.044025075,11.912147,1.4861265
0.01125378,0.0,0.0,0.0,1.0,0.0,28.0,1.0,35.0,105.0,120.63333333333334,35.75,0.0,1.0,0.0,0.0,0.0,0.0,0.0,0.0,0.0,0.0,0.0,0.0,0.0,0.0,0.0,0.0,0.0,1.0,0.0,0.0,0.0,1.0,4.0,0.0,0.0,0.0,0.0,1.0,0.0,0.0,8.0,0.09003024,0.0,1.0,0.0,0.0,1.0,412.0,3.0,392.0,392.0,1176.0,-0.6987504,0.2243977,-0.07824495,-0.04301118,-0.03890935,-0.0020184633,0.0075288564,-0.033939864,-0.63790476,-0.488315,0.09205869,-1.727719,-0.1430256,0.0708833,0.03079086,-0.24401242,-0.017815698,0.011328237,0.0017419399,0.093290605,0.0003263476,0.0,0.025981382,0.0013803047,-0.16972509,0.0,-0.04394775,0.0,0.0,0.1846919,0.01751701,0.13574684,-0.028902723,-0.03392489,-0.10014491,-0.029731713,0.0,0.0,-0.004229103,-0.103612304,0.0,-0.00027000732,-4.53797,-2.1194239,0.001946912,-0.15756527,-0.016376724,-0.24074256,0.06252754,0.22046949,-0.29707474,0.07167712,0.0,-0.06124147,11.912147,1.0678796
0.01125378,0.0,0.0,0.0,1.0,0.0,28.0,1.0,35.0,105.0,120.63333333333334,35.75,0.0,1.0,0.0,0.0,0.0,0.0,0.0,0.0,0.0,0.0,0.0,0.0,0.0,0.0,0.0,0.0,0.0,1.0,0.0,0.0,0.0,1.0,4.0,0.0,0.0,0.0,0.0,1.0,0.0,0.0,8.0,0.09003024,0.0,1.0,0.0,0.0,1.0,204.0,1.8,392.0,392.0,705.6,-0.6539509,0.22974795,-0.07136966,-0.039828517,-0.03890935,-0.004181596,-0.0031296853,-0.036502447,-0.6605359,-0.4278558,0.08824077,-1.7184125,-0.14452285,0.041794963,0.03389061,-0.2500468,-0.018379107,0.011391236,0.0022992266,0.09699643,0.00034823344,0.0,0.04423734,0.0013832237,-0.1676109,0.0,-0.04464894,0.0,0.0,0.1567008,0.013584654,0.14016695,-0.027873814,-0.03330903,-0.06532009,-0.028335378,0.0,0.0,-0.002119319,-0.13663556,0.0,-0.00035482235,-4.564377,-2.0436473,0.0030058548,-0.11146303,-0.010767127,-0.22516595,0.14282368,-0.2858517,1.5742726,0.081144534,0.0,-0.04405777,11.912147,2.715015
0.01125378,0.0,0.0,0.0,1.0,0.0,28.0,1.0,35.0,105.0,120.63333333333334,35.75,0.0,1.0,0.0,0.0,0.0,0.0,0.0,0.0,0.0,0.0,0.0,0.0,0.0,0.0,0.0,0.0,0.0,1.0,0.0,0.0,0.0,1.0,4.0,0.0,0.0,0.0,0.0,1.0,0.0,0.0,8.0,0.09003024,0.0,1.0,0.0,0.0,1.0,2432.0,3.0,392.0,392.0,1176.0,-0.68296844,0.23677182,-0.07860398,-0.04306857,-0.03890935,-0.0021502774,0.008748366,-0.033202834,-0.64457726,-0.49683332,0.08601882,-1.7338384,-0.14780885,0.07209969,0.028657867,-0.24556914,-0.017756505,0.009149952,-0.00068196765,0.09162288,0.00036702136,0.0,0.014394041,0.0013803047,-0.17171155,0.0,-0.043426447,0.0,0.0,0.18575516,-0.00040210236,0.13645639,-0.029256001,-0.033200044,-0.067807734,-0.025043163,0.0,0.0,-0.005474027,-0.08755003,0.0,-0.00026232423,-4.56224,-2.1002042,0.0019341264,-0.19081874,-0.021307081,-0.25086358,0.064706065,-0.9643485,-0.36792508,0.007779801,0.0,-0.060589634,11.912147,-0.2904116
0.01125378,0.0,0.0,0.0,1.0,0.0,28.0,1.0,35.0,105.0,120.63333333333334,35.75,0.0,1.0,0.0,0.0,0.0,0.0,0.0,0.0,0.0,0.0,0.0,0.0,0.0,0.0,0.0,0.0,0.0,1.0,0.0,0.0,0.0,1.0,4.0,0.0,0.0,0.0,0.0,1.0,0.0,0.0,8.0,0.09003024,0.0,1.0,0.0,0.0,1.0,1467.0,3.0,1120.0,1120.0,3360.0,-0.7475058,0.22377728,-0.07840587,-0.049860664,-0.03890935,-0.0019806775,0.006743454,-0.033745825,-0.64846635,-0.49129856,0.089873224,-1.7183647,-0.14269866,0.06958287,0.029549254,-0.2440957,-0.01863553,0.009528146,0.001535058,0.092498794,0.00035563673,0.0,0.03251247,0.0013803047,-0.16951382,0.0,-0.040081292,0.0,0.0,0.1667164,0.004658591,0.13928653,-0.029134916,-0.032569543,-0.058151398,-0.024702307,0.0,0.0,-0.0033097046,-0.0841025,0.0,-0.00027000732,-4.5581565,-2.080636,0.0017964498,-0.14671151,-0.01783846,-0.24337035,0.065877505,-0.11676337,-0.3023469,0.15572521,0.0,-0.06364637,11.912147,0.818269
0.01125378,0.0,0.0,0.0,1.0,0.0,28.0,1.0,35.0,105.0,120.63333333333334,35.75,0.0,1.0,0.0,0.0,0.0,0.0,0.0,0.0,0.0,0.0,0.0,0.0,0.0,0.0,0.0,0.0,0.0,1.0,0.0,0.0,0.0,1.0,4.0,0.0,0.0,0.0,0.0,1.0,0.0,0.0,8.0,0.09003024,0.0,1.0,0.0,0.0,1.0,349.0,3.0,476.0,476.0,1428.0,-0.67240065,0.23112929,-0.07903147,-0.051502958,-0.03890935,-0.0026996995,-0.0067965556,-0.033495616,-0.6297567,-0.48673818,0.086387,-1.7198116,-0.14329372,0.06841701,0.02927082,-0.24416061,-0.018893937,0.009509722,0.00011416637,0.09126311,0.0003315389,0.0,0.009663998,0.0013832237,-0.17006631,0.0,-0.040939506,0.0,0.0,0.1920597,0.0056895637,0.13456576,-0.029148255,-0.032829408,-0.060536355,-0.03067543,0.0,0.0,-0.0045593907,-0.07814988,0.0,-0.00027000732,-4.559341,-2.1070113,0.0015336671,-0.20054162,-0.01766869,-0.24353327,0.059848092,-0.8158093,-0.38378918,-0.06055993,0.0,-0.07412479,11.912147,-0.20373411
0.01125378,0.0,0.0,0.0,1.0,0.0,28.0,1.0,35.0,105.0,120.63333333333334,35.75,0.0,1.0,0.0,0.0,0.0,0.0,0.0,0.0,0.0,0.0,0.0,0.0,0.0,0.0,0.0,0.0,0.0,1.0,0.0,0.0,0.0,1.0,4.0,0.0,0.0,0.0,0.0,1.0,0.0,0.0,8.0,0.09003024,1.0,0.0,0.0,0.0,1.0,175.0,3.0,224.0,224.0,672.0,-0.75363904,0.2198406,-0.078786336,-0.04925212,-0.03890935,-0.0023717582,0.0036659208,-0.035864353,-0.68771815,-0.4583274,0.08427944,-1.7319406,-0.15169439,0.06918786,0.031199547,-0.24551234,-0.02027425,0.009443947,0.0010164864,0.09045255,0.0003722803,0.0,0.02540033,0.001896319,-0.17358632,0.0,-0.045579948,0.0,0.0,0.1764292,0.017546762,0.13238733,-0.02967749,-0.03324999,-0.010359554,-0.029698066,0.0,0.0,-0.0038665195,-0.0929412,0.0,-0.00017082467,-4.5207806,-2.144815,0.007503566,0.670844,-0.017925587,-0.28174886,0.09103855,-0.7358536,-0.2865296,-0.026669249,0.0,-0.027962739,11.912147,0.828946
0.01125378,0.0,0.0,0.0,1.0,0.0,28.0,1.0,35.0,105.0,120.63333333333334,35.75,0.0,1.0,0.0,0.0,0.0,0.0,0.0,0.0,0.0,0.0,0.0,0.0,0.0,0.0,0.0,0.0,0.0,1.0,0.0,0.0,0.0,1.0,4.0,0.0,0.0,0.0,0.0,1.0,0.0,0.0,8.0,0.09003024,0.0,0.0,1.0,0.0,1.0,125.0,3.0,392.0,392.0,1176.0,-0.6893418,0.24799298,-0.078187846,-0.049850587,-0.03710164,-0.0023835574,-0.030549843,-0.035166405,-0.7041587,-0.44868687,0.08569655,-1.7270942,-0.148349,0.061297767,0.030745983,-0.24280314,-0.018754909,0.009143807,0.0009806834,0.088663064,0.00039302954,0.0,0.01493802,0.0021736692,-0.17292824,0.0,-0.04675639,0.0,0.0,0.18199389,0.018495817,0.13280813,-0.029090932,-0.031936694,-0.018615922,-0.029045098,0.0,0.0,-0.0037783585,-0.10585127,0.0,-0.00015725255,-4.5337195,-2.1095257,0.028374417,0.7358537,0.23785459,-0.27633286,0.09697931,-0.53812283,-0.25991973,0.03662432,0.0,-0.053210486,11.912147,1.5017366
0.01125378,0.0,0.0,0.0,1.0,0.0,28.0,1.0,35.0,105.0,120.63333333333334,35.75,0.0,1.0,0.0,0.0,0.0,0.0,0.0,0.0,0.0,0.0,0.0,0.0,0.0,0.0,0.0,0.0,0.0,1.0,0.0,0.0,0.0,1.0,4.0,0.0,0.0,0.0,0.0,1.0,0.0,0.0,8.0,0.09003024,0.0,0.0,0.0,1.0,1.0,17.0,3.0,364.0,364.0,1092.0,-0.7409319,0.18738428,-0.0818543,-0.06313903,-0.049636588,-0.001456163,-0.018425902,-0.03135713,-0.67495215,-0.52536726,0.08796778,-1.7128367,-0.164492,0.14137977,0.032936893,-0.22977363,-0.020129818,0.0092990585,0.0017151034,0.09701968,0.0004329111,0.0,0.009459073,0.0027475886,-0.17159502,0.0,-0.061054047,0.0,0.0,0.16864257,0.009981385,0.12741181,-0.026759498,-0.03227193,-0.022333017,-0.031489555,0.0,0.0,-0.0028606723,-0.08294912,0.0,-0.00016797423,-4.7608085,-2.0179029,0.008192947,0.23497555,-0.015146496,1.2084212,0.032953385,-0.3024216,-0.1902054,-0.023168858,0.0,-0.030289317,11.912147,2.1872911
0.01125378,0.0,0.0,0.0,1.0,0.0,28.0,1.0,35.0,105.0,120.63333333333334,35.75,0.0,1.0,0.0,0.0,0.0,0.0,0.0,0.0,0.0,0.0,0.0,0.0,0.0,0.0,0.0,0.0,0.0,1.0,0.0,0.0,0.0,1.0,4.0,0.0,0.0,0.0,0.0,1.0,0.0,0.0,8.0,0.09003024,0.0,0.0,0.0,1.0,1.0,14.0,3.0,364.0,364.0,1092.0,-0.6958886,0.15159559,-0.0786671,-0.042464525,-0.049636588,-0.0019607386,0.07056943,-0.030914487,-0.5959979,-0.5375501,0.08167449,-1.5572128,-0.15074646,0.09087315,0.040581144,-0.20879984,-0.018193167,0.016240573,0.0044445437,0.10744275,0.004102511,0.0,0.038255647,0.0025930374,-0.16922866,0.0,-0.056388583,0.0,0.0,0.15649933,0.0071566068,0.11533155,-0.026759498,-0.031740762,-0.19731097,-0.05043064,0.0,0.0,-0.0028606723,-0.12436787,0.0,-0.00016797423,-4.5683584,-1.9046978,0.007980691,0.44000426,-0.014851253,1.3214519,0.03422761,3.3935952,-0.14684103,-0.0011773759,0.0,-0.02539943,11.912147,6.7081504
0.01125378,0.0,0.0,0.0,1.0,0.0,28.0,1.0,35.0,105.0,120.63333333333334,35.75,0.0,1.0,0.0,0.0,0.0,0.0,0.0,0.0,0.0,0.0,0.0,0.0,0.0,0.0,0.0,0.0,0.0,1.0,0.0,0.0,0.0,1.0,4.0,0.0,0.0,0.0,0.0,1.0,0.0,0.0,8.0,0.09003024,0.0,0.0,0.0,1.0,1.0,31.0,3.0,364.0,364.0,1092.0,-0.73760027,0.19334258,-0.08332759,-0.05024503,-0.07740304,-0.0020819658,-0.020229584,-0.031506184,-0.5954987,-0.5008785,0.091671,-1.671835,-0.15398599,0.14107475,0.034137443,-0.24057119,-0.018471062,0.010565124,0.0012897474,0.09881398,0.0004374408,0.0,0.009368688,0.0020231737,-0.16684154,0.0,-0.056725636,0.0,0.0,0.17447788,0.0027847541,0.13260466,-0.026491255,-0.032390516,0.012000258,-0.03884075,0.0,0.0,-0.0027556648,-0.09160813,0.0,-0.0005001456,-4.8148456,-2.0149891,0.02919637,0.69701654,-0.016485045,1.4605372,0.048045147,1.0291504,-0.16733304,-0.0012543453,0.0,-0.02980998,11.912147,4.4361777
0.01125378,0.0,0.0,0.0,1.0,0.0,28.0,1.0,35.0,105.0,120.63333333333334,35.75,0.0,1.0,0.0,0.0,0.0,0.0,0.0,0.0,0.0,0.0,0.0,0.0,0.0,0.0,0.0,0.0,0.0,1.0,0.0,0.0,0.0,1.0,4.0,0.0,0.0,0.0,0.0,1.0,0.0,0.0,8.0,0.09003024,0.0,1.0,0.0,0.0,1.0,194.0,3.0,392.0,392.0,1176.0,-0.6684747,0.22429457,-0.08046886,-0.043380804,-0.03890935,-0.005629947,-0.013108158,-0.033988923,-0.64223176,-0.48534828,0.08626498,-1.7291598,-0.14523321,0.075252,0.028825052,-0.24668732,-0.02201866,0.00951431,-0.0041717375,0.092268854,0.00035990332,0.0,0.024678506,0.0013832237,-0.16978425,0.0,-0.045060813,0.0,0.0,0.19208571,0.011357632,0.13258934,-0.028751539,-0.033655744,-0.07792584,-0.02843949,0.0,0.0,-0.0050627044,-0.088216685,0.0,-0.00027000732,-4.565383,-2.0931427,-0.00038588984,-0.23701662,-0.020571902,-0.24988551,0.051037665,-1.5166587,-0.4007901,-0.020745177,0.0,-0.09626963,11.912147,-0.99477124
0.01125378,0.0,0.0,0.0,1.0,0.0,28.0,1.0,35.0,105.0,120.63333333333334,35.75,0.0,1.0,0.0,0.0,0.0,0.0,0.0,0.0,0.0,0.0,0.0,0.0,0.0,0.0,0.0,0.0,0.0,1.0,0.0,0.0,0.0,1.0,4.0,0.0,0.0,0.0,0.0,1.0,0.0,0.0,8.0,0.09003024,0.0,1.0,0.0,0.0,1.0,117.0,3.0,476.0,476.0,1428.0,-0.6651283,0.22545207,-0.07829666,-0.052593343,-0.03890935,-0.004612029,-0.010083759,-0.033946894,-0.6310033,-0.4974928,0.086365275,-1.7261544,-0.14245588,0.06665427,0.029018477,-0.24659084,-0.018553428,0.008463664,0.0012339597,0.09210794,0.00034320878,0.0,8.246652e-05,0.0013832237,-0.16988409,0.0,-0.04266406,0.0,0.0,0.18622391,0.0043349667,0.134079,-0.029082036,-0.03159662,-0.046791535,-0.027718054,0.0,0.0,-0.0045020455,-0.08879692,0.0,-0.00027000732,-4.5717034,-2.1109865,0.0017416218,-0.20803903,-0.01878027,-0.2459292,0.09878914,-0.61436033,-0.3461122,0.12320809,0.0,-0.08672178,11.912147,0.18186815
0.01125378,0.0,0.0,0.0,1.0,0.0,28.0,1.0,35.0,105.0,120.63333333333334,35.75,0.0,1.0,0.0,0.0,0.0,0.0,0.0,0.0,0.0,0.0,0.0,0.0,0.0,0.0,0.0,0.0,0.0,1.0,0.0,0.0,0.0,1.0,4.0,0.0,0.0,0.0,0.0,1.0,0.0,0.0,8.0,0.09003024,0.0,1.0,0.0,0.0,0.0,19.0,3.0,112.0,112.0,336.0,-0.7689147,0.22665602,-0.07714979,-0.06513148,-0.03815303,-0.0015483106,0.027429985,-0.03470548,-0.612479,-0.54498506,0.09084835,-1.7145032,-0.15800008,0.07141372,0.03238518,-0.23717263,-0.018243337,0.010363153,0.0037504064,0.09816217,0.0003696487,0.0,0.011327016,0.0010177698,-0.16622451,0.0,-0.0564297,0.0,0.0,0.17297003,-0.0007243892,0.13797182,-0.027858095,-0.031189831,-0.10336731,-0.03131947,0.0,0.0,-0.001898386,-0.09134846,0.0,-0.0003179027,-4.6708155,-1.9968573,0.0038979482,-0.12605882,-0.014273112,-0.23601544,-0.060686883,1.2691342,-0.18575445,0.3342754,0.0,0.19634467,11.912147,2.52834
0.01125378,0.0,0.0,0.0,1.0,0.0,28.0,1.0,35.0,105.0,120.63333333333334,35.75,0.0,1.0,0.0,0.0,0.0,0.0,0.0,0.0,0.0,0.0,0.0,0.0,0.0,0.0,0.0,0.0,0.0,1.0,0.0,0.0,0.0,1.0,4.0,0.0,0.0,0.0,0.0,1.0,0.0,0.0,8.0,0.09003024,0.0,1.0,0.0,0.0,0.0,108.0,3.0,182.0,182.0,546.0,-0.66895556,0.22337827,-0.0786217,-0.045871466,-0.039188206,-0.004668256,-0.022794783,-0.0356482,-0.6104598,-0.5073403,0.08494517,-1.7078543,-0.14777975,0.078785285,0.029055813,-0.24707583,-0.019983178,0.009229178,0.00061063387,0.09252418,0.0003593518,0.0,0.01652164,0.00090585224,-0.16859208,0.0,-0.046442993,0.0,0.0,0.17950235,0.007923753,0.13651018,-0.028679496,-0.0309902,-0.065260276,-0.02747372,0.0,0.0,-0.007892329,-0.09109892,0.0,-0.00034404846,-4.554372,-2.1176348,0.0024192499,-0.21903957,-0.020143954,-0.24893059,-0.18325038,-0.88020325,-0.34396988,-0.20012634,0.0,-0.08516241,11.912147,-0.68103105
3.0,0.0,0.0,0.0,1.0,0.0,49.0,1.0,35.0,105.0,120.63333333333334,29.17,0.0,1.0,0.0,0.0,0.0,0.0,0.0,0.0,0.0,0.0,0.0,0.0,0.0,0.0,0.0,0.0,0.0,1.0,0.0,0.0,0.0,1.0,6.0,0.0,0.0,0.0,0.0,1.0,0.0,0.0,14.0,42.0,0.0,1.0,0.0,0.0,0.0,96.0,3.0,364.0,364.0,1092.0,0.9780306,0.15355796,-0.05004287,-0.10197025,-0.039145596,-0.0021518543,-0.27899173,-0.032767784,-1.2045633,-0.3877054,0.10055242,-1.3024464,-0.16757298,0.10673818,0.029247098,-0.3974609,-0.01838205,0.01361335,0.00036766674,0.109683454,0.0004992599,0.0,0.042149235,0.0007134073,-0.3033704,0.0,-0.04689715,0.0,0.0,0.18062136,0.004160593,0.11821237,-0.029004771,-0.038775265,0.27801386,-0.028085887,0.0,0.0,-0.0036828017,-0.21101329,0.0,-0.00027000732,-2.4829514,0.2758668,0.001360945,-0.18719955,-0.019597203,-0.2592924,-0.18342277,-0.81386745,-0.3496775,-0.020709142,0.0,-0.058183547,11.912147,5.286334
3.0,0.0,0.0,0.0,1.0,0.0,49.0,1.0,35.0,105.0,120.63333333333334,29.17,0.0,1.0,0.0,0.0,0.0,0.0,0.0,0.0,0.0,0.0,0.0,0.0,0.0,0.0,0.0,0.0,0.0,1.0,0.0,0.0,0.0,1.0,6.0,0.0,0.0,0.0,0.0,1.0,0.0,0.0,14.0,42.0,0.0,1.0,0.0,0.0,0.0,94.0,1.2,140.0,140.0,168.0,1.0025396,0.15240572,-0.049374074,-0.115213595,-0.04504579,-0.0034852966,-0.28193438,-0.03246497,-1.2356656,-0.3561043,0.10060006,-1.2733996,-0.16640791,0.1340866,0.043849345,-0.38028586,-0.018336942,0.014739114,0.0010428854,0.11344222,0.0009645979,0.0,0.08049211,0.0015010098,-0.3010317,0.0,-0.05235986,0.0,0.0,0.14230627,-0.00326074,0.12433152,-0.026227344,-0.038372025,0.24430075,-0.02970305,0.0,0.0,-0.0014174526,-0.3299887,0.0,-0.0006242444,-2.3324764,0.26082006,0.0037228982,-0.10186842,-0.0094491355,-0.23037489,-0.13072814,0.16400291,1.5304811,-0.0568227,0.0,0.16959059,11.912147,8.594944
3.0,0.0,0.0,0.0,1.0,0.0,49.0,1.0,35.0,105.0,120.63333333333334,29.17,0.0,1.0,0.0,0.0,0.0,0.0,0.0,0.0,0.0,0.0,0.0,0.0,0.0,0.0,0.0,0.0,0.0,1.0,0.0,0.0,0.0,1.0,6.0,0.0,0.0,0.0,0.0,1.0,0.0,0.0,14.0,42.0,0.0,1.0,0.0,0.0,0.0,90.0,1.8,140.0,140.0,252.0,1.0719723,0.17729536,-0.04818572,-0.11238154,-0.039145596,-0.0038794917,-0.31270257,-0.034760524,-1.2434808,-0.36323157,0.10276523,-1.3182003,-0.17597103,0.09705061,0.04298321,-0.38715,-0.020429278,0.0143451365,0.00096120976,0.11424521,0.0009943353,0.0,0.073463865,0.0010514392,-0.28961462,0.0,-0.0528499,0.0,0.0,0.15652469,0.0056558913,0.123487175,-0.027821839,-0.040178906,0.26282874,-0.03226451,0.0,0.0,-0.0009040012,-0.22806136,0.0,-0.0024556564,-2.5092735,0.25139675,0.0035376423,-0.12853804,-0.00906923,-0.24945265,-0.12666205,0.13337131,0.97222227,-0.056711517,0.0,0.1398256,11.912147,7.844747
3.0,0.0,0.0,0.0,1.0,0.0,49.0,1.0,35.0,105.0,120.63333333333334,29.17,0.0,1.0,0.0,0.0,0.0,0.0,0.0,0.0,0.0,0.0,0.0,0.0,0.0,0.0,0.0,0.0,0.0,1.0,0.0,0.0,0.0,1.0,6.0,0.0,0.0,0.0,0.0,1.0,0.0,0.0,14.0,42.0,0.0,1.0,0.0,0.0,0.0,92.0,2.4,140.0,140.0,336.0,0.92418975,0.14544944,-0.05012834,-0.11171053,-0.039145596,-0.002891221,-0.29527658,-0.03171203,-1.1991421,-0.3780083,0.101129845,-1.3478063,-0.16464746,0.15940355,0.03868402,-0.38516468,-0.01837258,0.014600282,0.00014624294,0.10876433,0.00046245093,0.0,0.07074982,0.0015010098,-0.30498475,0.0,-0.053906627,0.0,0.0,0.17014772,-0.0050190883,0.12119894,-0.028967438,-0.039090056,0.25160626,-0.0285279,0.0,0.0,-0.0011673904,-0.21152101,0.0,-0.0024556564,-2.3802714,0.31369147,0.0036150836,-0.124825306,-0.009286072,-0.24998137,-0.11060772,0.09114999,0.25181165,-0.062606245,0.0,0.17264953,11.912147,7.2158747
3.0,0.0,0.0,0.0,1.0,0.0,49.0,1.0,35.0,105.0,120.63333333333334,29.17,0.0,1.0,0.0,0.0,0.0,0.0,0.0,0.0,0.0,0.0,0.0,0.0,0.0,0.0,0.0,0.0,0.0,1.0,0.0,0.0,0.0,1.0,6.0,0.0,0.0,0.0,0.0,1.0,0.0,0.0,14.0,42.0,0.0,1.0,0.0,0.0,0.0,92.0,3.0,140.0,140.0,420.0,0.8742855,0.1466977,-0.043944366,-0.101374626,-0.039145596,-0.0022102005,-0.2891486,-0.031991515,-1.1861016,-0.38654378,0.10034406,-1.3043156,-0.16528457,0.16361937,0.03762103,-0.3928444,-0.018370414,0.012906528,-6.0847007e-05,0.10923707,0.00046245093,0.0,0.05282738,0.0010088679,-0.30503795,0.0,-0.05394138,0.0,0.0,0.17223789,-0.0030256563,0.12091334,-0.028990835,-0.039074108,0.2861395,-0.031167772,0.0,0.0,-0.0010264742,-0.21194236,0.0,-0.0019830212,-2.3867292,0.2968181,0.0019292828,-0.17928039,-0.018942514,-0.25836205,-0.1137574,0.01171853,-0.33537585,-0.108011775,0.0,-0.07477835,11.912147,6.188154
3.0,0.0,0.0,0.0,1.0,0.0,49.0,1.0,35.0,105.0,120.63333333333334,29.17,0.0,1.0,0.0,0.0,0.0,0.0,0.0,0.0,0.0,0.0,0.0,0.0,0.0,0.0,0.0,0.0,0.0,1.0,0.0,0.0,0.0,1.0,6.0,0.0,0.0,0.0,0.0,1.0,0.0,0.0,14.0,42.0,0.0,1.0,0.0,0.0,0.0,29.0,3.0,280.0,280.0,840.0,1.0332382,0.1713343,-0.043873344,-0.099369764,-0.039145596,-0.001519145,-0.31924102,-0.03199913,-1.1626921,-0.38341916,0.10030269,-1.3192414,-0.16891837,0.11927637,0.04019521,-0.39622954,-0.01802916,0.013310928,0.00061530113,0.1146923,0.0004921882,0.0,0.06710238,0.001304687,-0.295485,0.0,-0.05661162,0.0,0.0,0.18013495,-0.0015794559,0.12172248,-0.028133733,-0.040630896,0.28339455,-0.033560857,0.0,0.0,-0.0010264742,-0.20709288,0.0,-0.0003179027,-2.5629244,0.25925785,9.007343e-05,-0.1369583,-0.015759537,-0.2530797,-0.10112064,0.95488197,-0.20883527,-0.04438675,0.0,-0.057104703,11.912147,7.345207
3.0,0.0,0.0,0.0,1.0,0.0,49.0,1.0,35.0,105.0,120.63333333333334,29.17,0.0,1.0,0.0,0.0,0.0,0.0,0.0,0.0,0.0,0.0,0.0,0.0,0.0,0.0,0.0,0.0,0.0,1.0,0.0,0.0,0.0,1.0,6.0,0.0,0.0,0.0,0.0,1.0,0.0,0.0,14.0,42.0,0.0,1.0,0.0,0.0,1.0,412.0,3.0,392.0,392.0,1176.0,0.98273236,0.15201448,-0.049249325,-0.1048533,-0.038887385,-0.0016337109,-0.24236785,-0.03233663,-1.208207,-0.36753157,0.10612563,-1.3088893,-0.15969065,0.10580397,0.03404745,-0.39554694,-0.017739452,0.013876938,0.0007904135,0.109801345,4.5860652e-05,0.0,0.0539733,0.0014845931,-0.30236703,0.0,-0.044040818,0.0,0.0,0.1874208,0.0188326,0.11867765,-0.029140545,-0.042608604,0.2387767,-0.030454831,0.0,0.0,-0.001216701,-0.22832619,0.0,-0.00027000732,-2.475168,0.29478738,0.0064373943,-0.12826617,-0.016337525,-0.24957365,0.07767631,0.22962186,-0.299404,0.08618288,0.0,-0.050025735,11.912147,6.9071245
3.0,0.0,0.0,0.0,1.0,0.0,49.0,1.0,35.0,105.0,120.63333333333334,29.17,0.0,1.0,0.0,0.0,0.0,0.0,0.0,0.0,0.0,0.0,0.0,0.0,0.0,0.0,0.0,0.0,0.0,1.0,0.0,0.0,0.0,1.0,6.0,0.0,0.0,0.0,0.0,1.0,0.0,0.0,14.0,42.0,0.0,1.0,0.0,0.0,1.0,204.0,1.8,392.0,392.0,705.6,0.9978401,0.15438783,-0.041959453,-0.11732749,-0.038887385,-0.0036642998,-0.26480934,-0.034390513,-1.2669643,-0.3411807,0.10191966,-1.2747763,-0.16443412,0.07856208,0.03578332,-0.37572172,-0.018309252,0.014330334,0.0008664438,0.115706615,-0.00019560091,0.0,0.07290622,0.0014862391,-0.29950204,0.0,-0.04444768,0.0,0.0,0.16481239,0.0150489705,0.12273215,-0.028111637,-0.041816413,0.19830051,-0.029326763,0.0,0.0,-0.0009860602,-0.28099287,0.0,-0.00035482235,-2.3648546,0.29507557,0.008533896,-0.10654917,-0.0092945555,-0.22910528,0.13493183,-0.32538646,1.5431505,0.10198497,0.0,-0.041195843,11.912147,8.325961
3.0,0.0,0.0,0.0,1.0,0.0,49.0,1.0,35.0,105.0,120.63333333333334,29.17,0.0,1.0,0.0,0.0,0.0,0.0,0.0,0.0,0.0,0.0,0.0,0.0,0.0,0.0,0.0,0.0,0.0,1.0,0.0,0.0,0.0,1.0,6.0,0.0,0.0,0.0,0.0,1.0,0.0,0.0,14.0,42.0,0.0,1.0,0.0,0.0,1.0,2432.0,3.0,392.0,392.0,1176.0,0.9775112,0.167893,-0.051265817,-0.10489197,-0.038887385,-0.001765525,-0.25273067,-0.031515207,-1.2152104,-0.37628797,0.100147575,-1.2878428,-0.16021173,0.10882563,0.03034331,-0.39717823,-0.017351786,0.0119675845,-0.001080682,0.10812207,8.653442e-05,0.0,0.03812902,0.0014845931,-0.3043535,0.0,-0.04348451,0.0,0.0,0.18861572,0.020956172,0.11945813,-0.029434387,-0.041784786,0.26179293,-0.026852634,0.0,0.0,-0.0015774805,-0.20999902,0.0,-0.00026232423,-2.5010128,0.29076692,0.006498188,-0.16552266,-0.021265501,-0.25947353,0.08065635,-0.98359084,-0.36971465,0.012680942,0.0,-0.048715424,11.912147,5.4948196
3.0,0.0,0.0,0.0,1.0,0.0,49.0,1.0,35.0,105.0,120.63333333333334,29.17,0.0,1.0,0.0,0.0,0.0,0.0,0.0,0.0,0.0,0.0,0.0,0.0,0.0,0.0,0.0,0.0,0.0,1.0,0.0,0.0,0.0,1.0,6.0,0.0,0.0,0.0,0.0,1.0,0.0,0.0,14.0,42.0,0.0,1.0,0.0,0.0,1.0,1467.0,3.0,1120.0,1120.0,3360.0,0.98498505,0.1765763,-0.049781084,-0.10933226,-0.038887385,-0.0015959251,-0.24059975,-0.032124575,-1.2139384,-0.37049282,0.10527987,-1.320107,-0.1593637,0.10450354,0.030655676,-0.3955932,-0.018561224,0.012689085,0.00078914134,0.109034866,0.00017554447,0.0,0.038565233,0.0014845931,-0.30215922,0.0,-0.039806947,0.0,0.0,0.17425022,0.016667835,0.12382544,-0.02930674,-0.04110851,0.2782182,-0.026154658,0.0,0.0,-0.0011031532,-0.21116738,0.0,-0.00027000732,-2.4795039,0.2909465,0.0011510694,-0.12876831,-0.016596371,-0.2516038,0.080582716,-0.111104034,-0.30256253,0.16274835,0.0,-0.05262818,11.912147,6.661058
3.0,0.0,0.0,0.0,1.0,0.0,49.0,1.0,35.0,105.0,120.63333333333334,29.17,0.0,1.0,0.0,0.0,0.0,0.0,0.0,0.0,0.0,0.0,0.0,0.0,0.0,0.0,0.0,0.0,0.0,1.0,0.0,0.0,0.0,1.0,6.0,0.0,0.0,0.0,0.0,1.0,0.0,0.0,14.0,42.0,0.0,1.0,0.0,0.0,1.0,349.0,3.0,476.0,476.0,1428.0,0.95855147,0.16196144,-0.04959293,-0.111304946,-0.038887385,-0.002314947,-0.2575476,-0.03179276,-1.1869977,-0.36907503,0.10053928,-1.3380505,-0.15965177,0.10302982,0.029578352,-0.39570236,-0.018878687,0.012685463,-0.0008526552,0.10707781,-0.00021229539,0.0,0.038024582,0.0014862391,-0.3027117,0.0,-0.040639944,0.0,0.0,0.18998313,0.014441949,0.12050378,-0.029386077,-0.04110701,0.27714035,-0.031398553,0.0,0.0,-0.0015469883,-0.2066558,0.0,-0.00027000732,-2.47839,0.2989754,0.0008291713,-0.17849006,-0.016329123,-0.2522307,0.063545674,-0.8881984,-0.3827756,-0.075626485,0.0,-0.06336059,11.912147,5.440524
3.0,0.0,0.0,0.0,1.0,0.0,49.0,1.0,35.0,105.0,120.63333333333334,29.17,0.0,1.0,0.0,0.0,0.0,0.0,0.0,0.0,0.0,0.0,0.0,0.0,0.0,0.0,0.0,0.0,0.0,1.0,0.0,0.0,0.0,1.0,6.0,0.0,0.0,0.0,0.0,1.0,0.0,0.0,14.0,42.0,1.0,0.0,0.0,0.0,1.0,175.0,3.0,224.0,224.0,672.0,1.0697184,0.14280401,-0.04911533,-0.14352672,-0.038887385,-0.0018045052,-0.2608312,-0.033431668,-1.2959918,-0.3550463,0.10157587,-1.3390087,-0.16466053,0.102477014,0.031669013,-0.38206702,-0.020209989,0.012386788,0.00020378371,0.10834624,0.0005197053,0.0,0.052339,0.002394854,-0.315259,0.0,-0.045663655,0.0,0.0,0.1796891,0.023238068,0.11742692,-0.029795732,-0.042256903,0.25686327,-0.043940593,0.0,0.0,-0.0014622789,-0.21994896,0.0,-0.00017082467,-2.4104502,0.309029,0.061440077,0.6447158,-0.013484959,-0.2867462,0.09802541,-0.75550556,-0.29136318,-0.032653205,0.0,-0.027299974,11.912147,6.626427
3.0,0.0,0.0,0.0,1.0,0.0,49.0,1.0,35.0,105.0,120.63333333333334,29.17,0.0,1.0,0.0,0.0,0.0,0.0,0.0,0.0,0.0,0.0,0.0,0.0,0.0,0.0,0.0,0.0,0.0,1.0,0.0,0.0,0.0,1.0,6.0,0.0,0.0,0.0,0.0,1.0,0.0,0.0,14.0,42.0,0.0,0.0,1.0,0.0,1.0,125.0,3.0,392.0,392.0,1176.0,1.0828829,0.17334743,-0.048425462,-0.14019193,-0.036372803,-0.0018163044,-0.25747314,-0.03273443,-1.3223717,-0.3553059,0.10333981,-1.3184898,-0.16406621,0.0991393,0.031162975,-0.38347384,-0.018680751,0.011799774,0.00028795938,0.10638731,0.00041190692,0.0,0.04331489,0.002476016,-0.31521004,0.0,-0.04697974,0.0,0.0,0.18475462,0.01017358,0.11732457,-0.029328754,-0.040650878,0.24311922,-0.052830942,0.0,0.0,-0.0013741178,-0.23494402,0.0,-0.00015725255,-2.4531083,0.29567778,0.024033356,0.6851662,0.2183669,-0.281966,0.109897025,-0.5452868,-0.2721409,0.043636225,0.0,-0.03534572,11.912147,7.1101217
3.0,0.0,0.0,0.0,1.0,0.0,49.0,1.0,35.0,105.0,120.63333333333334,29.17,0.0,1.0,0.0,0.0,0.0,0.0,0.0,0.0,0.0,0.0,0.0,0.0,0.0,0.0,0.0,0.0,0.0,1.0,0.0,0.0,0.0,1.0,6.0,0.0,0.0,0.0,0.0,1.0,0.0,0.0,14.0,42.0,0.0,0.0,0.0,1.0,1.0,17.0,3.0,364.0,364.0,1092.0,1.1373469,0.1298359,-0.049967397,-0.13157132,-0.049614623,-0.0012231331,-0.3048312,-0.02756171,-1.2226956,-0.47495678,0.10153284,-1.2863235,-0.16914958,0.13979837,0.038789734,-0.37478462,-0.020849667,0.012063175,0.00082987046,0.11426619,0.00060717075,0.0,0.08143481,0.0031698083,-0.3040335,0.0,-0.06212704,0.0,0.0,0.17180042,0.011020451,0.1139746,-0.027086617,-0.041686777,0.1212927,-0.044667058,0.0,0.0,-0.0005788219,-0.17460889,0.0,-0.00016797423,-2.3216739,0.23765908,0.005448795,0.1825516,-0.015495869,1.4365935,0.04555214,-0.37745842,-0.18671659,-0.028088989,0.0,-0.030621503,11.912147,8.269176
3.0,0.0,0.0,0.0,1.0,0.0,49.0,1.0,35.0,105.0,120.63333333333334,29.17,0.0,1.0,0.0,0.0,0.0,0.0,0.0,0.0,0.0,0.0,0.0,0.0,0.0,0.0,0.0,0.0,0.0,1.0,0.0,0.0,0.0,1.0,6.0,0.0,0.0,0.0,0.0,1.0,0.0,0.0,14.0,42.0,0.0,0.0,0.0,1.0,1.0,14.0,3.0,364.0,364.0,1092.0,0.73997855,0.097452074,-0.049526848,-0.097783774,-0.049614623,-0.001222809,-0.23513004,-0.027051466,-1.1786326,-0.49960658,0.09472489,-1.0651534,-0.15430729,0.119146995,0.049699865,-0.36133847,-0.018878536,0.023146667,0.004273039,0.1244027,0.009156421,0.0,0.13134599,0.0029477242,-0.30320582,0.0,-0.057225894,0.0,0.0,0.16774087,0.012316568,0.1044391,-0.027086617,-0.040104233,0.066785425,-0.0540969,0.0,0.0,-0.0005788219,-0.45968488,0.0,-0.00016797423,-2.25745,0.40415707,0.0054610497,0.4470247,-0.015212367,1.4589752,0.04529332,3.1750062,-0.13877408,-0.0058769532,0.0,-0.02523416,11.912147,12.0726795
3.0,0.0,0.0,0.0,1.0,0.0,49.0,1.0,35.0,105.0,120.63333333333334,29.17,0.0,1.0,0.0,0.0,0.0,0.0,0.0,0.0,0.0,0.0,0.0,0.0,0.0,0.0,0.0,0.0,0.0,1.0,0.0,0.0,0.0,1.0,6.0,0.0,0.0,0.0,0.0,1.0,0.0,0.0,14.0,42.0,0.0,0.0,0.0,1.0,1.0,31.0,3.0,364.0,364.0,1092.0,1.196031,0.12988591,-0.047740154,-0.11863564,-0.07738107,-0.0014568517,-0.29752424,-0.027498586,-1.1448457,-0.43154445,0.10700181,-1.2651372,-0.15954418,0.1453069,0.040189464,-0.37004057,-0.018407647,0.013450007,0.00078276376,0.117369324,0.00062866445,0.0,0.089595504,0.0023821,-0.29977447,0.0,-0.058176685,0.0,0.0,0.17353772,0.0038238186,0.116787,-0.026834741,-0.041726306,0.15009625,-0.052430604,0.0,0.0,-0.00047381414,-0.21482894,0.0,-0.0005001456,-2.3654733,0.30831695,0.018225385,0.64421713,-0.01646055,1.5921766,0.061561767,1.0101763,-0.17252265,-0.007814065,0.0,-0.024516337,11.912147,10.592401
3.0,0.0,0.0,0.0,1.0,0.0,49.0,1.0,35.0,105.0,120.63333333333334,29.17,0.0,1.0,0.0,0.0,0.0,0.0,0.0,0.0,0.0,0.0,0.0,0.0,0.0,0.0,0.0,0.0,0.0,1.0,0.0,0.0,0.0,1.0,6.0,0.0,0.0,0.0,0.0,1.0,0.0,0.0,14.0,42.0,0.0,1.0,0.0,0.0,1.0,194.0,3.0,392.0,392.0,1176.0,0.9766823,0.15472192,-0.051030323,-0.10510522,-0.038887385,-0.0031722484,-0.26322696,-0.03238569,-1.2345611,-0.3705482,0.10039559,-1.2246693,-0.16541587,0.10767705,0.029061351,-0.39822188,-0.02194241,0.012332767,-0.0051385583,0.10808356,-5.022681e-06,0.0,0.05158568,0.0014862391,-0.3024262,0.0,-0.0450508,0.0,0.0,0.19000915,0.013181406,0.12010387,-0.028989362,-0.04215253,0.25139463,-0.029162614,0.0,0.0,-0.002050302,-0.21210276,0.0,-0.00027000732,-2.4924245,0.2982368,0.004141362,-0.20763321,-0.020598562,-0.25866714,0.06704204,-1.4835733,-0.40025726,-0.0066865664,0.0,-0.077152915,11.912147,4.8747754
3.0,0.0,0.0,0.0,1.0,0.0,49.0,1.0,35.0,105.0,120.63333333333334,29.17,0.0,1.0,0.0,0.0,0.0,0.0,0.0,0.0,0.0,0.0,0.0,0.0,0.0,0.0,0.0,0.0,0.0,1.0,0.0,0.0,0.0,1.0,6.0,0.0,0.0,0.0,0.0,1.0,0.0,0.0,14.0,42.0,0.0,1.0,0.0,0.0,1.0,117.0,3.0,476.0,476.0,1428.0,0.9611614,0.1585393,-0.04914019,-0.11622833,-0.038887385,-0.0021543303,-0.2585475,-0.032189712,-1.2068232,-0.37946734,0.10077433,-1.2798219,-0.16284768,0.10082062,0.029199056,-0.3977993,-0.01853818,0.011631133,0.00026713792,0.107965514,-2.1717162e-05,0.0,0.03430468,0.0014862391,-0.30252376,0.0,-0.042116627,0.0,0.0,0.18414734,0.013012616,0.12026667,-0.029319858,-0.039988305,0.2995262,-0.028441176,0.0,0.0,-0.0014896432,-0.2168114,0.0,-0.00027000732,-2.494391,0.29128575,0.0010161002,-0.17839456,-0.017829495,-0.25516084,0.104690194,-0.6231032,-0.3493897,0.10559548,0.0,-0.06206278,11.912147,5.954077
3.0,0.0,0.0,0.0,1.0,0.0,49.0,1.0,35.0,105.0,120.63333333333334,29.17,0.0,1.0,0.0,0.0,0.0,0.0,0.0,0.0,0.0,0.0,0.0,0.0,0.0,0.0,0.0,0.0,0.0,1.0,0.0,0.0,0.0,1.0,6.0,0.0,0.0,0.0,0.0,1.0,0.0,0.0,14.0,42.0,0.0,1.0,0.0,0.0,0.0,19.0,3.0,112.0,112.0,336.0,0.9062934,0.17202312,-0.049493734,-0.110116065,-0.03811042,-0.0013239754,-0.3101004,-0.03160747,-1.161394,-0.36938703,0.09566211,-1.2732189,-0.16819079,0.11785864,0.040164303,-0.39848447,-0.018728869,0.013896946,0.0017903999,0.11396675,0.00047069447,0.0,0.058843844,0.0011437272,-0.29315418,0.0,-0.055807788,0.0,0.0,0.17979728,-0.0007566416,0.12296685,-0.028090278,-0.039554052,0.25860915,-0.031543788,0.0,0.0,-0.0008215321,-0.21053906,0.0,-0.0003179027,-2.5747952,0.251881,0.0016979615,-0.10842015,-0.014520306,-0.24607506,-0.079226844,1.1482146,-0.17139417,0.36135614,0.0,0.17248017,11.912147,8.146091
3.0,0.0,0.0,0.0,1.0,0.0,49.0,1.0,35.0,105.0,120.63333333333334,29.17,0.0,1.0,0.0,0.0,0.0,0.0,0.0,0.0,0.0,0.0,0.0,0.0,0.0,0.0,0.0,0.0,0.0,1.0,0.0,0.0,0.0,1.0,6.0,0.0,0.0,0.0,0.0,1.0,0.0,0.0,14.0,42.0,0.0,1.0,0.0,0.0,0.0,108.0,3.0,182.0,182.0,546.0,0.9664984,0.14837967,-0.050358202,-0.10557655,-0.039145596,-0.0022105572,-0.27411327,-0.033468276,-1.2046773,-0.3986132,0.09889212,-1.2721227,-0.16762072,0.11141055,0.029208403,-0.3982075,-0.01990693,0.012263885,-0.0001930159,0.108309604,0.00046245093,0.0,0.044272617,0.0010088679,-0.302025,0.0,-0.04646984,0.0,0.0,0.1782241,0.0017894558,0.119620636,-0.028774723,-0.038951907,0.27960846,-0.028196841,0.0,0.0,-0.0034747606,-0.21194236,0.0,-0.00034404846,-2.4850097,0.27206,0.0017803467,-0.19137582,-0.019639323,-0.25850916,-0.20327973,-0.86339283,-0.35460168,-0.18288057,0.0,-0.076666504,11.912147,5.0241895
0.3,1.0,0.0,0.0,0.0,0.0,98.0,1.0,315.0,357.0,120.63333333333334,337.82,0.0,0.0,0.0,0.0,0.0,0.0,0.0,0.0,0.0,0.0,1.0,0.0,0.0,0.0,0.0,0.0,0.0,0.0,1.0,0.0,1.0,0.0,7.0,0.0,1.0,0.0,0.0,0.0,0.0,0.0,98.0,29.4,0.0,1.0,0.0,0.0,0.0,96.0,3.0,364.0,364.0,1092.0,1.4944309,-0.0359232,-0.011823855,-0.012114483,0.0015301382,-0.004516174,0.05591989,-0.08480044,0.24120298,-0.5429308,0.1404788,-0.8478863,-0.22710666,-0.124857925,0.05782759,-0.09071569,-0.009928518,0.0108813625,0.00048464412,0.12498329,0.00043145867,0.0,-0.2626866,0.0010307871,-0.21426773,0.0,-0.039358806,0.0,0.0,-0.6299233,0.04434694,0.03899728,1.3449631,0.55461985,1.4532143,-0.019737644,0.0,0.0,-0.0020260601,0.01778633,0.0,-9.267962e-05,0.3039585,0.37746343,-0.0021972673,-0.24611081,-0.011237644,-0.18728177,-0.20239441,-0.8355383,-0.33164278,-0.017955577,0.0,-0.019740468,11.912147,13.161909
0.3,1.0,0.0,0.0,0.0,0.0,98.0,1.0,315.0,357.0,120.63333333333334,337.82,0.0,0.0,0.0,0.0,0.0,0.0,0.0,0.0,0.0,0.0,1.0,0.0,0.0,0.0,0.0,0.0,0.0,0.0,1.0,0.0,1.0,0.0,7.0,0.0,1.0,0.0,0.0,0.0,0.0,0.0,98.0,29.4,0.0,1.0,0.0,0.0,0.0,94.0,1.2,140.0,140.0,168.0,1.506347,-0.033454508,-0.011993926,-0.016220193,0.0016311712,-0.003165688,0.3549848,-0.0876572,0.28827113,-0.603596,0.15817934,-0.7927987,-0.2321218,-0.13568331,0.07209209,-0.088522,-0.010184821,0.0119985,0.0008653121,0.15643065,0.00055556506,0.0,-0.45710623,0.0012842999,-0.21893486,0.0,-0.042698182,0.0,0.0,-0.57347155,0.0554323,0.040861525,1.0509931,0.55046415,1.4400823,-0.034864474,0.0,0.0,-0.001052331,0.051228933,0.0,-0.00019742668,0.2627873,0.4231586,0.004274953,-0.123173416,-0.006900948,-0.13725659,-0.17614882,-0.07292513,1.6052744,-0.10473915,0.0,0.25025305,11.912147,16.234728
0.3,1.0,0.0,0.0,0.0,0.0,98.0,1.0,315.0,357.0,120.63333333333334,337.82,0.0,0.0,0.0,0.0,0.0,0.0,0.0,0.0,0.0,0.0,1.0,0.0,0.0,0.0,0.0,0.0,0.0,0.0,1.0,0.0,1.0,0.0,7.0,0.0,1.0,0.0,0.0,0.0,0.0,0.0,98.0,29.4,0.0,1.0,0.0,0.0,0.0,90.0,1.8,140.0,140.0,252.0,1.511088,-0.034045313,-0.011749729,-0.015103053,0.0015301382,-0.003350016,0.40466902,-0.09030912,0.34222436,-0.57884616,0.16871503,-0.80614346,-0.23386514,-0.13359119,0.07069071,-0.08796176,-0.010667386,0.011862674,0.0007837891,0.15441674,0.00057127414,0.0,-0.49254975,0.0011837428,-0.21890387,0.0,-0.04264529,0.0,0.0,-0.59347475,0.04013682,0.03957698,1.1655529,0.59370196,1.4796112,-0.035489645,0.0,0.0,-0.0009061949,0.022736086,0.0,-0.0003446567,0.19877747,0.41888338,0.0037603306,-0.15031433,-0.004017828,-0.1500526,-0.14283338,0.21373639,0.8595804,-0.089325614,0.0,0.20542617,11.912147,15.894866
0.3,1.0,0.0,0.0,0.0,0.0,98.0,1.0,315.0,357.0,120.63333333333334,337.82,0.0,0.0,0.0,0.0,0.0,0.0,0.0,0.0,0.0,0.0,1.0,0.0,0.0,0.0,0.0,0.0,0.0,0.0,1.0,0.0,1.0,0.0,7.0,0.0,1.0,0.0,0.0,0.0,0.0,0.0,98.0,29.4,0.0,1.0,0.0,0.0,0.0,92.0,2.4,140.0,140.0,336.0,1.4460909,-0.03282094,-0.012223717,-0.012607417,0.0015301382,-0.002656169,0.3497915,-0.08124405,0.37105328,-0.50881475,0.15246478,-0.8819224,-0.23179607,-0.13601567,0.073569536,-0.090526655,-0.009906285,0.0117892455,0.00039242074,0.14660498,0.00036130965,0.0,-0.5051583,0.0012842999,-0.2246079,0.0,-0.044685192,0.0,0.0,-0.6196461,0.054425336,0.04205385,1.3422699,0.5654681,1.4152207,-0.035355996,0.0,0.0,-0.001164617,0.017887387,0.0,-0.0003446567,0.2976918,0.45898622,0.0016095296,-0.16042726,-0.0033925143,-0.15659037,-0.147628,-0.03780987,0.2424039,-0.08737764,0.0,0.23250395,11.912147,15.112879
0.3,1.0,0.0,0.0,0.0,0.0,98.0,1.0,315.0,357.0,120.63333333333334,337.82,0.0,0.0,0.0,0.0,0.0,0.0,0.0,0.0,0.0,0.0,1.0,0.0,0.0,0.0,0.0,0.0,0.0,0.0,1.0,0.0,1.0,0.0,7.0,0.0,1.0,0.0,0.0,0.0,0.0,0.0,98.0,29.4,0.0,1.0,0.0,0.0,0.0,92.0,3.0,140.0,140.0,420.0,1.449615,-0.03289908,-0.011523404,-0.011606292,0.0015301382,-0.004542209,0.013430258,-0.08175587,0.31075656,-0.49263337,0.14615303,-0.88265544,-0.23208353,-0.13691533,0.072339706,-0.091371015,-0.009900942,0.010661131,0.0003095908,0.12622105,0.00036130965,0.0,-0.3650638,0.0011644479,-0.22299883,0.0,-0.045592144,0.0,0.0,-0.6226884,0.049623236,0.04041861,1.3428917,0.56221646,1.4517536,-0.035531964,0.0,0.0,-0.0010237009,0.018032005,0.0,-0.00023391265,0.32524016,0.4533399,0.0025433672,-0.23797381,-0.010053954,-0.17058252,-0.14670403,-0.08071459,-0.33970004,-0.118614756,0.0,-0.032180794,11.912147,13.87321
0.3,1.0,0.0,0.0,0.0,0.0,98.0,1.0,315.0,357.0,120.63333333333334,337.82,0.0,0.0,0.0,0.0,0.0,0.0,0.0,0.0,0.0,0.0,1.0,0.0,0.0,0.0,0.0,0.0,0.0,0.0,1.0,0.0,1.0,0.0,7.0,0.0,1.0,0.0,0.0,0.0,0.0,0.0,98.0,29.4,0.0,1.0,0.0,0.0,0.0,29.0,3.0,280.0,280.0,840.0,1.4365299,-0.03292956,-0.011511253,-0.011048587,0.0015301382,-0.0017570993,0.18076418,-0.08863542,0.33161637,-0.4188319,0.16346888,-0.75747216,-0.23307341,-0.13294776,0.07343967,-0.09061399,-0.009856299,0.0111170905,0.00053456746,0.1339357,0.00037701876,0.0,-0.392599,0.0012393374,-0.22169116,0.0,-0.04815171,0.0,0.0,-0.6482358,0.04766093,0.041319747,1.1793636,0.6038722,1.4737968,-0.036587466,0.0,0.0,-0.0010237009,0.016535584,0.0,-0.00011513396,0.20940647,0.4374059,0.0010270693,-0.22484466,-0.011056063,-0.16871709,-0.11472143,0.92441976,-0.23654972,-0.059249323,0.0,0.016565984,11.912147,15.245858
0.3,1.0,0.0,0.0,0.0,0.0,98.0,1.0,315.0,357.0,120.63333333333334,337.82,0.0,0.0,0.0,0.0,0.0,0.0,0.0,0.0,0.0,0.0,1.0,0.0,0.0,0.0,0.0,0.0,0.0,0.0,1.0,0.0,1.0,0.0,7.0,0.0,1.0,0.0,0.0,0.0,0.0,0.0,98.0,29.4,0.0,1.0,0.0,0.0,1.0,412.0,3.0,392.0,392.0,1176.0,1.5440989,-0.037633125,-0.011453547,-0.011382073,0.0015186802,-0.0017651276,0.004013694,-0.089200936,0.40897468,-0.6317956,0.14376599,-0.91723436,-0.22070628,-0.124788426,0.063402295,-0.09088382,-0.009638356,0.012029783,0.00058953144,0.12472666,0.00017432039,0.0,-0.29998913,0.0012902056,-0.22495683,0.0,-0.03809736,0.0,0.0,-0.6468172,0.06869854,0.04591841,1.3870322,0.64831823,1.4052256,-0.020976173,0.0,0.0,-0.0010674447,0.017512413,0.0,-9.267962e-05,0.3256598,0.4084485,0.0030634592,-0.19274268,-0.010562693,-0.17902464,0.041692633,0.23119158,-0.28401002,0.1305334,0.0,-0.13031021,11.912147,14.754895
0.3,1.0,0.0,0.0,0.0,0.0,98.0,1.0,315.0,357.0,120.63333333333334,337.82,0.0,0.0,0.0,0.0,0.0,0.0,0.0,0.0,0.0,0.0,1.0,0.0,0.0,0.0,0.0,0.0,0.0,0.0,1.0,0.0,1.0,0.0,7.0,0.0,1.0,0.0,0.0,0.0,0.0,0.0,98.0,29.4,0.0,1.0,0.0,0.0,1.0,204.0,1.8,392.0,392.0,705.6,1.4744923,-0.036898404,-0.010659354,-0.012286171,0.0015186802,-0.0027946797,0.4175887,-0.097913355,0.38144016,-0.69374907,0.15127382,-0.79778343,-0.22509581,-0.12415142,0.05956993,-0.08751712,-0.0099625625,0.013220761,0.00082030136,0.15114363,0.00028548762,0.0,-0.4121435,0.0012920402,-0.20927468,0.0,-0.037902806,0.0,0.0,-0.6070359,0.08368468,0.044949085,1.2635851,0.62956923,1.4042863,-0.02064534,0.0,0.0,-0.00082804257,0.041037563,0.0,-0.0001308347,0.25109908,0.43922395,0.00036287995,-0.13863784,-0.0041932394,-0.14125188,0.095389575,-0.4033958,1.3399779,0.11395225,0.0,0.038491335,11.912147,16.236149
0.3,1.0,0.0,0.0,0.0,0.0,98.0,1.0,315.0,357.0,120.63333333333334,337.82,0.0,0.0,0.0,0.0,0.0,0.0,0.0,0.0,0.0,0.0,1.0,0.0,0.0,0.0,0.0,0.0,0.0,0.0,1.0,0.0,1.0,0.0,7.0,0.0,1.0,0.0,0.0,0.0,0.0,0.0,98.0,29.4,0.0,1.0,0.0,0.0,1.0,2432.0,3.0,392.0,392.0,1176.0,1.4555041,-0.028629284,-0.011771824,-0.011210303,0.0015186802,-0.0018256045,0.13049549,-0.082889885,0.22094567,-0.62332535,0.14042485,-0.90725034,-0.22085617,-0.12483625,0.059423,-0.09132342,-0.009552203,0.010621103,-0.0008229843,0.12440728,0.0003396204,0.0,-0.24270314,0.0012902056,-0.22677335,0.0,-0.038008403,0.0,0.0,-0.65203595,0.032270547,0.04579776,1.3767074,0.62075573,1.3930702,-0.019309426,0.0,0.0,-0.0012277825,0.016907545,0.0,-8.863851e-05,0.31498924,0.41003954,0.0042547253,-0.21750765,-0.01961907,-0.1855415,0.06485173,-1.0938044,-0.34809905,0.07698324,0.0,-0.110549204,11.912147,13.144179
0.3,1.0,0.0,0.0,0.0,0.0,98.0,1.0,315.0,357.0,120.63333333333334,337.82,0.0,0.0,0.0,0.0,0.0,0.0,0.0,0.0,0.0,0.0,1.0,0.0,0.0,0.0,0.0,0.0,0.0,0.0,1.0,0.0,1.0,0.0,7.0,0.0,1.0,0.0,0.0,0.0,0.0,0.0,98.0,29.4,0.0,1.0,0.0,0.0,1.0,1467.0,3.0,1120.0,1120.0,3360.0,1.5490555,-0.0678205,-0.011570207,-0.012464749,0.0015186802,-0.001764797,0.0046049487,-0.08888492,0.34774813,-0.6411249,0.14347468,-0.9404448,-0.21995364,-0.12461063,0.059738602,-0.09072277,-0.0098245125,0.011669968,0.0006037568,0.12456243,0.00021960103,0.0,-0.23687309,0.0012902056,-0.22320424,0.0,-0.03447302,0.0,0.0,-0.63733816,0.026125908,0.049909156,1.365572,0.6101939,1.4521353,-0.017959574,0.0,0.0,-0.0009538972,0.01894302,0.0,-9.267962e-05,0.32184285,0.38939676,0.0046587843,-0.19496995,-0.011677989,-0.18175307,0.062434006,-0.105227046,-0.30422464,0.17574276,0.0,-0.15220287,11.912147,14.323449
0.3,1.0,0.0,0.0,0.0,0.0,98.0,1.0,315.0,357.0,120.63333333333334,337.82,0.0,0.0,0.0,0.0,0.0,0.0,0.0,0.0,0.0,0.0,1.0,0.0,0.0,0.0,0.0,0.0,0.0,0.0,1.0,0.0,1.0,0.0,7.0,0.0,1.0,0.0,0.0,0.0,0.0,0.0,98.0,29.4,0.0,1.0,0.0,0.0,1.0,349.0,3.0,476.0,476.0,1428.0,1.3931987,-0.039204415,-0.01161307,-0.014201116,0.0015186802,-0.0029382033,0.07157798,-0.0850367,0.27402127,-0.60109484,0.14139964,-0.8832447,-0.22032917,-0.124517664,0.058447216,-0.09093451,-0.010412289,0.011668541,0.00020000598,0.12425269,0.00014432137,0.0,-0.21713023,0.0012920402,-0.22510087,0.0,-0.03559618,0.0,0.0,-0.6560335,0.06485489,0.045667477,1.3983009,0.6080379,1.4392225,-0.021919893,0.0,0.0,-0.0011528279,0.016749514,0.0,-9.267962e-05,0.33732975,0.41374505,-0.0031295272,-0.23915906,-0.010743186,-0.18278608,0.055571917,-0.9001737,-0.37107137,0.03756577,0.0,-0.16119754,11.912147,13.298097
0.3,1.0,0.0,0.0,0.0,0.0,98.0,1.0,315.0,357.0,120.63333333333334,337.82,0.0,0.0,0.0,0.0,0.0,0.0,0.0,0.0,0.0,0.0,1.0,0.0,0.0,0.0,0.0,0.0,0.0,0.0,1.0,0.0,1.0,0.0,7.0,0.0,1.0,0.0,0.0,0.0,0.0,0.0,98.0,29.4,1.0,0.0,0.0,0.0,1.0,175.0,3.0,224.0,224.0,672.0,1.4837189,-0.033979062,-0.011605388,-0.014877697,0.0015186802,-0.0021650677,0.05139549,-0.095185935,0.3006347,-0.52254087,0.1475629,-0.9361964,-0.22604135,-0.12439302,0.05650568,-0.088061646,-0.010733035,0.010760012,0.00039605369,0.12648305,0.00038432318,0.0,-0.35224676,0.0054954668,-0.21894693,0.0,-0.038647905,0.0,0.0,-0.6344173,0.05602939,0.040463593,1.442061,0.65755105,1.4290142,-0.022830946,0.0,0.0,-0.0010762747,0.019263789,0.0,-8.445939e-05,0.34414652,0.44037527,0.06949675,0.6566771,-0.017277904,-0.1902182,0.085475795,-0.8205069,-0.28650343,-0.15015054,0.0,0.0074174707,11.912147,14.546289
0.3,1.0,0.0,0.0,0.0,0.0,98.0,1.0,315.0,357.0,120.63333333333334,337.82,0.0,0.0,0.0,0.0,0.0,0.0,0.0,0.0,0.0,0.0,1.0,0.0,0.0,0.0,0.0,0.0,0.0,0.0,1.0,0.0,1.0,0.0,7.0,0.0,1.0,0.0,0.0,0.0,0.0,0.0,98.0,29.4,0.0,0.0,1.0,0.0,1.0,125.0,3.0,392.0,392.0,1176.0,1.5146794,-0.037363656,-0.011274337,-0.014686576,0.0014478661,-0.002248105,-0.07773561,-0.08692965,0.31019637,-0.5812984,0.14887814,-0.9420327,-0.22575918,-0.12423872,0.05680958,-0.08836489,-0.010082171,0.010764016,0.00047099162,0.124289475,0.00041334413,0.0,-0.30089328,0.0056373994,-0.23012602,0.0,-0.04131158,0.0,0.0,-0.6411182,0.06522205,0.04041015,1.4188904,0.6059547,1.3692609,-0.02927396,0.0,0.0,-0.0010368054,0.020612752,0.0,-7.6765355e-05,0.4061208,0.44198883,0.008416136,0.74549955,0.17791653,-0.19416088,0.123365834,-0.6107728,-0.2519235,0.09690889,0.0,-0.10986136,11.912147,14.993732
0.3,1.0,0.0,0.0,0.0,0.0,98.0,1.0,315.0,357.0,120.63333333333334,337.82,0.0,0.0,0.0,0.0,0.0,0.0,0.0,0.0,0.0,0.0,1.0,0.0,0.0,0.0,0.0,0.0,0.0,0.0,1.0,0.0,1.0,0.0,7.0,0.0,1.0,0.0,0.0,0.0,0.0,0.0,98.0,29.4,0.0,0.0,0.0,1.0,1.0,17.0,3.0,364.0,364.0,1092.0,1.5315629,-0.016774323,-0.012895454,-0.0112294555,0.0022849115,-0.0012552858,0.22023521,-0.06836608,0.403622,-0.36049202,0.17020147,-0.7483901,-0.23294643,-0.10239397,0.07286295,-0.08359662,-0.010619584,0.010421951,0.00068956707,0.13169195,0.00047254888,0.0,-0.60520947,0.008219229,-0.22241291,0.0,-0.0519302,0.0,0.0,-0.59239984,0.021274706,0.03558193,1.0712384,0.62901825,1.3254911,-0.035586946,0.0,0.0,-0.0007594263,0.017098779,0.0,-8.284347e-05,0.25604877,0.46056962,0.00038254878,0.45351547,-0.012401928,0.9433243,0.03374202,-0.16715576,-0.16475101,-0.017000055,0.0,0.017976122,11.912147,16.211018
0.3,1.0,0.0,0.0,0.0,0.0,98.0,1.0,315.0,357.0,120.63333333333334,337.82,0.0,0.0,0.0,0.0,0.0,0.0,0.0,0.0,0.0,0.0,1.0,0.0,0.0,0.0,0.0,0.0,0.0,0.0,1.0,0.0,1.0,0.0,7.0,0.0,1.0,0.0,0.0,0.0,0.0,0.0,98.0,29.4,0.0,0.0,0.0,1.0,1.0,14.0,3.0,364.0,364.0,1092.0,1.7248919,-0.008010571,-0.0125735095,-0.010651229,0.0022849115,-0.00015431942,0.29738992,-0.065244935,0.3109758,-0.5769343,0.16141145,-0.82346904,-0.2059856,-0.074747786,0.080580786,-0.08111572,-0.009629492,0.011336105,0.011377154,0.15498044,0.004877112,0.0,-0.81817406,0.0058688233,-0.18778566,0.0,-0.046089057,0.0,0.0,-0.5635973,0.00491591,0.035195895,1.0712384,0.57812554,1.2092903,-0.03736292,0.0,0.0,-0.0007594263,0.07269372,0.0,-8.284347e-05,0.37619647,0.539503,0.0016045077,0.6899817,-0.01326681,1.0319858,0.028966954,3.2557302,-0.13181238,-0.0010301565,0.0,0.0066920836,11.912147,19.91176
0.3,1.0,0.0,0.0,0.0,0.0,98.0,1.0,315.0,357.0,120.63333333333334,337.82,0.0,0.0,0.0,0.0,0.0,0.0,0.0,0.0,0.0,0.0,1.0,0.0,0.0,0.0,0.0,0.0,0.0,0.0,1.0,0.0,1.0,0.0,7.0,0.0,1.0,0.0,0.0,0.0,0.0,0.0,98.0,29.4,0.0,0.0,0.0,1.0,1.0,31.0,3.0,364.0,364.0,1092.0,1.497281,-0.026820369,-0.012623575,-0.009528925,0.0042682295,-0.0018779697,0.11625017,-0.07071175,0.28469488,-0.3664584,0.17711708,-0.7819184,-0.23085149,-0.1043891,0.07476901,-0.085155934,-0.009749536,0.01152917,0.0005948428,0.13521348,0.0004848534,0.0,-0.5719888,0.0055561806,-0.22313671,0.0,-0.049806945,0.0,0.0,-0.59242237,0.03938814,0.036511425,1.062298,0.62939787,1.3560051,-0.03982335,0.0,0.0,-0.00073170563,0.01769675,0.0,-0.0001297263,0.30942094,0.48555416,0.010667007,0.7525,-0.012140018,1.1006925,0.05891493,1.0818186,-0.14620948,0.00960475,0.0,0.042358447,11.912147,17.876255
0.3,1.0,0.0,0.0,0.0,0.0,98.0,1.0,315.0,357.0,120.63333333333334,337.82,0.0,0.0,0.0,0.0,0.0,0.0,0.0,0.0,0.0,0.0,1.0,0.0,0.0,0.0,0.0,0.0,0.0,0.0,1.0,0.0,1.0,0.0,7.0,0.0,1.0,0.0,0.0,0.0,0.0,0.0,98.0,29.4,0.0,1.0,0.0,0.0,1.0,194.0,3.0,392.0,392.0,1176.0,1.5241034,-0.039428394,-0.012077788,-0.011513071,0.0015186802,-0.0058112433,0.09859872,-0.08720132,0.33364302,-0.6121023,0.14134349,-0.92235714,-0.2256752,-0.12515323,0.058164798,-0.091242485,-0.011204648,0.0107017085,-0.0022979402,0.124531046,0.00032913295,0.0,-0.28870282,0.0012920402,-0.22502658,0.0,-0.03903588,0.0,0.0,-0.6561321,0.08607189,0.042302053,1.3781079,0.638398,1.4186106,-0.019683955,0.0,0.0,-0.0012795893,0.017891912,0.0,-9.267962e-05,0.35115182,0.41232696,-0.0047656796,-0.26136637,-0.0138924215,-0.18910961,0.024607882,-1.5157858,-0.37740228,0.049608007,0.0,-0.17563006,11.912147,12.711477
0.3,1.0,0.0,0.0,0.0,0.0,98.0,1.0,315.0,357.0,120.63333333333334,337.82,0.0,0.0,0.0,0.0,0.0,0.0,0.0,0.0,0.0,0.0,1.0,0.0,0.0,0.0,0.0,0.0,0.0,0.0,1.0,0.0,1.0,0.0,7.0,0.0,1.0,0.0,0.0,0.0,0.0,0.0,98.0,29.4,0.0,1.0,0.0,0.0,1.0,117.0,3.0,476.0,476.0,1428.0,1.4053233,-0.03675116,-0.011571146,-0.013238592,0.0015186802,-0.0045430944,0.058758296,-0.08282159,0.31549457,-0.5736662,0.14151423,-0.8656703,-0.22478688,-0.124370895,0.05779204,-0.091216646,-0.01004759,0.010603562,0.00045154899,0.1250407,0.0001879667,0.0,-0.28464487,0.0012920402,-0.22499087,0.0,-0.036758717,0.0,0.0,-0.63640404,0.069200136,0.04032262,1.3956039,0.59673804,1.4677504,-0.018941702,0.0,0.0,-0.0011447596,0.018155275,0.0,-9.267962e-05,0.32638213,0.41723308,-0.0031149427,-0.24358834,-0.014971741,-0.1856487,0.10970806,-0.5889708,-0.34013864,0.18967675,0.0,-0.1704112,11.912147,13.872387
0.3,1.0,0.0,0.0,0.0,0.0,98.0,1.0,315.0,357.0,120.63333333333334,337.82,0.0,0.0,0.0,0.0,0.0,0.0,0.0,0.0,0.0,0.0,1.0,0.0,0.0,0.0,0.0,0.0,0.0,0.0,1.0,0.0,1.0,0.0,7.0,0.0,1.0,0.0,0.0,0.0,0.0,0.0,98.0,29.4,0.0,1.0,0.0,0.0,0.0,19.0,3.0,112.0,112.0,336.0,1.537083,-0.032155197,-0.011251529,-0.012865706,0.001456197,-0.0014371168,0.12516272,-0.086691566,0.3704206,-0.49944714,0.15935312,-0.7869,-0.23290943,-0.1327318,0.07049239,-0.09026581,-0.0099390745,0.011798841,0.0014733237,0.13426018,0.00036471424,0.0,-0.38462424,0.0012239248,-0.21926202,0.0,-0.046307266,0.0,0.0,-0.63902116,0.08609653,0.04087747,1.1786674,0.57497615,1.4650993,-0.035970677,0.0,0.0,-0.00081875897,0.017042706,0.0,-0.00011513396,0.25392535,0.36616227,0.002653818,-0.18763691,-0.011641793,-0.15937231,-0.07517706,1.1544675,-0.2286701,0.22555612,0.0,0.24039535,11.912147,16.04594
0.3,1.0,0.0,0.0,0.0,0.0,98.0,1.0,315.0,357.0,120.63333333333334,337.82,0.0,0.0,0.0,0.0,0.0,0.0,0.0,0.0,0.0,0.0,1.0,0.0,0.0,0.0,0.0,0.0,0.0,0.0,1.0,0.0,1.0,0.0,7.0,0.0,1.0,0.0,0.0,0.0,0.0,0.0,98.0,29.4,0.0,1.0,0.0,0.0,0.0,108.0,3.0,182.0,182.0,546.0,1.5050291,-0.03556303,-0.012009799,-0.012749088,0.0015301382,-0.004543197,-0.03654196,-0.091610044,0.24945374,-0.5292618,0.14002736,-0.8251496,-0.22674757,-0.12593085,0.05774441,-0.09085169,-0.010196999,0.0105355615,0.000320896,0.124544844,0.00036130965,0.0,-0.29020065,0.0011644479,-0.2138252,0.0,-0.039213367,0.0,0.0,-0.63024753,0.051409457,0.04098777,1.3490188,0.5552358,1.5106856,-0.019745843,0.0,0.0,-0.0018351817,0.018032005,0.0,-0.00012594483,0.298894,0.37761247,0.0024914488,-0.22711803,-0.0076748403,-0.17147389,-0.25193945,-0.8220647,-0.34573805,-0.3059282,0.0,-0.008188045,11.912147,12.870756
0.3,1.0,0.0,0.0,0.0,0.0,98.0,1.0,315.0,357.0,120.63333333333334,556.31,0.0,0.0,0.0,0.0,0.0,0.0,0.0,0.0,0.0,0.0,1.0,0.0,0.0,0.0,0.0,0.0,0.0,0.0,1.0,0.0,0.0,1.0,8.0,0.0,1.0,0.0,0.0,0.0,0.0,0.0,98.0,29.4,0.0,1.0,0.0,0.0,0.0,96.0,3.0,364.0,364.0,1092.0,1.4160626,-0.042266466,-0.011817136,-0.01128856,0.0015301382,-0.0046709133,-0.19103234,-0.20226754,-0.71471375,-1.292181,0.13820355,-1.6795596,-0.22711273,-0.12464475,0.0578111,-0.09070655,-0.009976209,0.011799876,0.0005212646,0.12095939,0.00045184087,0.0,-0.4985513,0.0010307871,-0.26198584,0.0,-0.04439721,0.0,0.0,-0.95592254,0.013221161,0.03738443,-0.19260591,-0.4472517,1.1387861,-0.025734294,0.0,0.0,-0.0020260601,0.018481987,0.0,-9.267962e-05,-0.08749428,0.3112162,6.1310864e-05,-0.22995086,-0.018609103,-0.19500104,-0.09461857,-0.841042,-0.3174589,-0.02626463,0.0,-0.018407606,11.912147,6.3200154
0.3,1.0,0.0,0.0,0.0,0.0,98.0,1.0,315.0,357.0,120.63333333333334,556.31,0.0,0.0,0.0,0.0,0.0,0.0,0.0,0.0,0.0,0.0,1.0,0.0,0.0,0.0,0.0,0.0,0.0,0.0,1.0,0.0,0.0,1.0,8.0,0.0,1.0,0.0,0.0,0.0,0.0,0.0,98.0,29.4,0.0,1.0,0.0,0.0,0.0,94.0,1.2,140.0,140.0,168.0,1.4101573,-0.0403387,-0.0119872065,-0.015404473,0.0016311712,-0.0045423545,0.015230394,-0.1973691,-0.5276469,-1.3214309,0.1560371,-1.7481115,-0.23211731,-0.13547015,0.072085984,-0.08845627,-0.010234574,0.012885493,0.00088163867,0.14051148,0.0005759472,0.0,-0.7539383,0.0012842999,-0.26665297,0.0,-0.04832765,0.0,0.0,-0.8658697,0.031990677,0.038093716,-0.16085842,-0.4512813,1.1327322,-0.0644739,0.0,0.0,-0.001052331,0.05231132,0.0,-0.00019742668,-0.12910587,0.36489674,0.0029344056,-0.13649072,-0.012061155,-0.16008548,-0.118638635,0.13042328,1.6502719,-0.087959595,0.0,0.19622812,11.912147,9.7332115
0.3,1.0,0.0,0.0,0.0,0.0,98.0,1.0,315.0,357.0,120.63333333333334,556.31,0.0,0.0,0.0,0.0,0.0,0.0,0.0,0.0,0.0,0.0,1.0,0.0,0.0,0.0,0.0,0.0,0.0,0.0,1.0,0.0,0.0,1.0,8.0,0.0,1.0,0.0,0.0,0.0,0.0,0.0,98.0,29.4,0.0,1.0,0.0,0.0,0.0,90.0,1.8,140.0,140.0,252.0,1.4054601,-0.040595677,-0.011743009,-0.014676818,0.0015301382,-0.0047266833,0.10072272,-0.19645892,-0.55252844,-1.3641688,0.16657278,-1.7434077,-0.23386066,-0.13337803,0.0706846,-0.08795262,-0.010717139,0.01271235,0.00080011564,0.13775203,0.0005916563,0.0,-0.7553501,0.0011837428,-0.26662198,0.0,-0.04974569,0.0,0.0,-0.8858729,0.017905628,0.036800455,-0.19221357,-0.4747078,1.1476383,-0.064666934,0.0,0.0,-0.0009061949,0.023256607,0.0,-0.0003446567,-0.23582566,0.36002126,0.0020841155,-0.1661328,-0.009178036,-0.1728953,-0.115710445,0.28643188,0.82349056,-0.079190515,0.0,0.1650832,11.912147,8.809294
0.3,1.0,0.0,0.0,0.0,0.0,98.0,1.0,315.0,357.0,120.63333333333334,556.31,0.0,0.0,0.0,0.0,0.0,0.0,0.0,0.0,0.0,0.0,1.0,0.0,0.0,0.0,0.0,0.0,0.0,0.0,1.0,0.0,0.0,1.0,8.0,0.0,1.0,0.0,0.0,0.0,0.0,0.0,98.0,29.4,0.0,1.0,0.0,0.0,0.0,92.0,2.4,140.0,140.0,336.0,1.3512512,-0.039344206,-0.012216997,-0.012181181,0.0015301382,-0.004032836,0.044396527,-0.1985396,-0.6557398,-1.2231447,0.15032251,-1.7348386,-0.23180214,-0.1358025,0.07356342,-0.09051751,-0.009948171,0.012639672,0.0004087472,0.13074638,0.00038169185,0.0,-0.72953194,0.0012842999,-0.272326,0.0,-0.051060855,0.0,0.0,-0.9115465,0.03379154,0.03918867,-0.2033774,-0.45479512,1.0796032,-0.06496542,0.0,0.0,-0.001164617,0.018583046,0.0,-0.0003446567,-0.113604456,0.4007243,0.0013563712,-0.171764,-0.008554359,-0.17943305,-0.094887935,0.009668423,0.16423166,-0.07196287,0.0,0.21084142,11.912147,7.9592338
0.3,1.0,0.0,0.0,0.0,0.0,98.0,1.0,315.0,357.0,120.63333333333334,556.31,0.0,0.0,0.0,0.0,0.0,0.0,0.0,0.0,0.0,0.0,1.0,0.0,0.0,0.0,0.0,0.0,0.0,0.0,1.0,0.0,0.0,1.0,8.0,0.0,1.0,0.0,0.0,0.0,0.0,0.0,98.0,29.4,0.0,1.0,0.0,0.0,0.0,92.0,3.0,140.0,140.0,420.0,1.3649534,-0.03942235,-0.011516685,-0.011097458,0.0015301382,-0.0046969485,-0.20958444,-0.20177868,-0.7294627,-1.1984388,0.14401081,-1.6639997,-0.2320896,-0.13670217,0.0723232,-0.09136187,-0.009942828,0.011579643,0.00032591718,0.12345862,0.00038169185,0.0,-0.59102064,0.0011644479,-0.27071688,0.0,-0.05222235,0.0,0.0,-0.9149865,0.02940873,0.038797535,-0.20348102,-0.45466447,1.1409585,-0.06459779,0.0,0.0,-0.0010237009,0.018727664,0.0,-0.00023391265,-0.08562518,0.38616273,0.0022902093,-0.2227977,-0.015762445,-0.19240159,-0.09736337,-0.041336827,-0.31866756,-0.09866837,0.0,-0.049177684,11.912147,7.0333753
0.3,1.0,0.0,0.0,0.0,0.0,98.0,1.0,315.0,357.0,120.63333333333334,556.31,0.0,0.0,0.0,0.0,0.0,0.0,0.0,0.0,0.0,0.0,1.0,0.0,0.0,0.0,0.0,0.0,0.0,0.0,1.0,0.0,0.0,1.0,8.0,0.0,1.0,0.0,0.0,0.0,0.0,0.0,98.0,29.4,0.0,1.0,0.0,0.0,0.0,29.0,3.0,280.0,280.0,840.0,1.3656228,-0.039241537,-0.011504534,-0.0106121525,0.0015301382,-0.0019118382,-0.079297505,-0.1972988,-0.59278345,-1.1937488,0.15996829,-1.7298665,-0.23307948,-0.13291536,0.07342318,-0.09060485,-0.00990399,0.012023404,0.000571188,0.13113314,0.00039740096,0.0,-0.69550645,0.0012393374,-0.2691512,0.0,-0.054805443,0.0,0.0,-0.94053394,0.02695096,0.039721094,-0.19549327,-0.47935706,1.1623623,-0.06559448,0.0,0.0,-0.0010237009,0.017056104,0.0,-0.00011513396,-0.20178616,0.37164915,0.00013739572,-0.20596169,-0.017068354,-0.19086796,-0.08341667,0.8719646,-0.2126219,-0.07232286,0.0,-0.0100056585,11.912147,8.129503
0.3,1.0,0.0,0.0,0.0,0.0,98.0,1.0,315.0,357.0,120.63333333333334,556.31,0.0,0.0,0.0,0.0,0.0,0.0,0.0,0.0,0.0,0.0,1.0,0.0,0.0,0.0,0.0,0.0,0.0,0.0,1.0,0.0,0.0,1.0,8.0,0.0,1.0,0.0,0.0,0.0,0.0,0.0,98.0,29.4,0.0,1.0,0.0,0.0,1.0,412.0,3.0,392.0,392.0,1176.0,1.4599624,-0.043129247,-0.011415903,-0.01094564,0.0015186802,-0.0019198664,-0.10753548,-0.2000749,-0.6284584,-1.4004834,0.14151126,-1.6238718,-0.22065488,-0.124756016,0.06338579,-0.09087468,-0.009716301,0.013166657,0.0006261521,0.1207326,0.00022871018,0.0,-0.47683433,0.0012902056,-0.26339218,0.0,-0.043033738,0.0,0.0,-0.9728164,-0.008861412,0.044312555,-0.19565988,-0.49576288,1.0917796,-0.038349077,0.0,0.0,-0.0010674447,0.018208072,0.0,-9.267962e-05,-0.06759772,0.34221065,0.0020356132,-0.1762102,-0.022747364,-0.1876103,0.01605791,0.21504615,-0.2649427,0.13467373,0.0,-0.071444176,11.912147,7.818635
0.3,1.0,0.0,0.0,0.0,0.0,98.0,1.0,315.0,357.0,120.63333333333334,556.31,0.0,0.0,0.0,0.0,0.0,0.0,0.0,0.0,0.0,0.0,1.0,0.0,0.0,0.0,0.0,0.0,0.0,0.0,1.0,0.0,0.0,1.0,8.0,0.0,1.0,0.0,0.0,0.0,0.0,0.0,98.0,29.4,0.0,1.0,0.0,0.0,1.0,204.0,1.8,392.0,392.0,705.6,1.380435,-0.04273734,-0.010652634,-0.01180712,0.0015186802,-0.004171347,0.18156728,-0.2111238,-0.5628319,-1.5180675,0.1490191,-1.7526599,-0.224993,-0.12411902,0.059553448,-0.08750798,-0.0100356275,0.014289546,0.0008858242,0.13400677,0.00037974078,0.0,-0.61910856,0.0012920402,-0.25699273,0.0,-0.04262168,0.0,0.0,-0.93258685,0.0044844486,0.04218511,-0.18189728,-0.48208207,1.0647522,-0.038561817,0.0,0.0,-0.00082804257,0.04173322,0.0,-0.0001308347,-0.14397307,0.38198522,0.0019204773,-0.16747051,-0.01590557,-0.16151385,0.06827401,-0.40231603,1.3343027,0.10065662,0.0,-0.005571788,11.912147,8.863122
0.3,1.0,0.0,0.0,0.0,0.0,98.0,1.0,315.0,357.0,120.63333333333334,556.31,0.0,0.0,0.0,0.0,0.0,0.0,0.0,0.0,0.0,0.0,1.0,0.0,0.0,0.0,0.0,0.0,0.0,0.0,1.0,0.0,0.0,1.0,8.0,0.0,1.0,0.0,0.0,0.0,0.0,0.0,98.0,29.4,0.0,1.0,0.0,0.0,1.0,2432.0,3.0,392.0,392.0,1176.0,1.3615923,-0.033764627,-0.011703237,-0.010773869,0.0015186802,-0.0019803431,0.012310692,-0.19260505,-0.7791163,-1.3945385,0.13817015,-1.611062,-0.22080477,-0.12480384,0.05940651,-0.09121623,-0.009567323,0.011604227,-0.0007477756,0.120413214,0.0003940102,0.0,-0.44164985,0.0012902056,-0.26520875,0.0,-0.042994626,0.0,0.0,-0.9984339,-0.03002827,0.044210993,-0.19717579,-0.483835,1.0672584,-0.02530608,0.0,0.0,-0.0012277825,0.017603202,0.0,-8.863851e-05,-0.07781914,0.3443144,0.0032268795,-0.20152059,-0.030007932,-0.1903152,0.049151093,-1.0758222,-0.32756677,0.08677843,0.0,-0.054467626,11.912147,6.3052387
0.3,1.0,0.0,0.0,0.0,0.0,98.0,1.0,315.0,357.0,120.63333333333334,556.31,0.0,0.0,0.0,0.0,0.0,0.0,0.0,0.0,0.0,0.0,1.0,0.0,0.0,0.0,0.0,0.0,0.0,0.0,1.0,0.0,0.0,1.0,8.0,0.0,1.0,0.0,0.0,0.0,0.0,0.0,98.0,29.4,0.0,1.0,0.0,0.0,1.0,1467.0,3.0,1120.0,1120.0,3360.0,1.4550408,-0.073923714,-0.011532564,-0.011284889,0.0015186802,-0.0019195358,-0.12774819,-0.20155127,-0.6633314,-1.3663256,0.14123853,-1.6178063,-0.22003709,-0.12461506,0.059722114,-0.09071362,-0.010011275,0.012680063,0.00064037734,0.12053723,0.00027399082,0.0,-0.44945922,0.0012902056,-0.2616396,0.0,-0.039409395,0.0,0.0,-0.9633374,-0.03040092,0.04464576,-0.19811769,-0.47995913,1.122509,-0.03611972,0.0,0.0,-0.0009538972,0.019638676,0.0,-9.267962e-05,-0.072188094,0.32315895,0.0036309385,-0.17306884,-0.02364602,-0.19091891,0.048923668,-0.12775706,-0.28165126,0.23165588,0.0,-0.076676704,11.912147,7.573051
0.3,1.0,0.0,0.0,0.0,0.0,98.0,1.0,315.0,357.0,120.63333333333334,556.31,0.0,0.0,0.0,0.0,0.0,0.0,0.0,0.0,0.0,0.0,1.0,0.0,0.0,0.0,0.0,0.0,0.0,0.0,1.0,0.0,0.0,1.0,8.0,0.0,1.0,0.0,0.0,0.0,0.0,0.0,98.0,29.4,0.0,1.0,0.0,0.0,1.0,349.0,3.0,476.0,476.0,1428.0,1.297239,-0.044674516,-0.011606351,-0.013021258,0.0015186802,-0.0030929423,-0.08343984,-0.19770302,-0.75242466,-1.3570906,0.13916351,-1.6497433,-0.22041261,-0.12452209,0.058430735,-0.090925366,-0.010574185,0.012678635,0.00043530436,0.12022749,0.00023857453,0.0,-0.44259208,0.0012920402,-0.26353624,0.0,-0.040532567,0.0,0.0,-0.9820327,0.0052801133,0.044011187,-0.198943,-0.47389466,1.1221915,-0.039292797,0.0,0.0,-0.0011528279,0.01744517,0.0,-9.267962e-05,-0.057158932,0.34756908,-0.00032316783,-0.22606403,-0.023007458,-0.19137171,0.033732273,-0.94414735,-0.35232732,0.021354951,0.0,-0.10019889,11.912147,6.2390532
0.3,1.0,0.0,0.0,0.0,0.0,98.0,1.0,315.0,357.0,120.63333333333334,556.31,0.0,0.0,0.0,0.0,0.0,0.0,0.0,0.0,0.0,0.0,1.0,0.0,0.0,0.0,0.0,0.0,0.0,0.0,1.0,0.0,0.0,1.0,8.0,0.0,1.0,0.0,0.0,0.0,0.0,0.0,98.0,29.4,1.0,0.0,0.0,0.0,1.0,175.0,3.0,224.0,224.0,672.0,1.3958044,-0.040823285,-0.011598668,-0.014009159,0.0015186802,-0.0022757917,-0.07503059,-0.20769468,-0.75559753,-1.3318267,0.14542067,-1.6506622,-0.22604741,-0.124179855,0.056447405,-0.088052504,-0.010703738,0.011678524,0.00046157654,0.12292828,0.0003946388,0.0,-0.48189366,0.0054954668,-0.26894423,0.0,-0.04358429,0.0,0.0,-0.95986825,-0.021136248,0.0390139,-0.20127109,-0.48888224,1.1290681,-0.028827598,0.0,0.0,-0.0010762747,0.019959448,0.0,-8.445939e-05,-0.04851744,0.37358576,0.06792281,0.65270954,-0.029590258,-0.21203882,0.055096712,-0.8172509,-0.29579553,-0.12771706,0.0,-0.0049054506,11.912147,7.419766
0.3,1.0,0.0,0.0,0.0,0.0,98.0,1.0,315.0,357.0,120.63333333333334,556.31,0.0,0.0,0.0,0.0,0.0,0.0,0.0,0.0,0.0,0.0,1.0,0.0,0.0,0.0,0.0,0.0,0.0,0.0,1.0,0.0,0.0,1.0,8.0,0.0,1.0,0.0,0.0,0.0,0.0,0.0,98.0,29.4,0.0,0.0,1.0,0.0,1.0,125.0,3.0,392.0,392.0,1176.0,1.428416,-0.0445535,-0.011267617,-0.013860656,0.0014478661,-0.0023588284,-0.23066473,-0.19949643,-0.7400837,-1.3651487,0.1470174,-1.6237558,-0.22574265,-0.12402556,0.056751307,-0.08835575,-0.0101601165,0.011682529,0.0005076122,0.120720714,0.0004503866,0.0,-0.4694898,0.0056373994,-0.27057025,0.0,-0.04585934,0.0,0.0,-0.9671173,0.021446396,0.03897001,-0.1997008,-0.46818224,1.0310316,-0.05705506,0.0,0.0,-0.0010368054,0.021308409,0.0,-7.6765355e-05,0.012948586,0.40087917,0.011076293,0.7081003,0.2905404,-0.20197262,0.09869889,-0.60097206,-0.26277614,0.07708068,0.0,-0.059299596,11.912147,8.113272
0.3,1.0,0.0,0.0,0.0,0.0,98.0,1.0,315.0,357.0,120.63333333333334,556.31,0.0,0.0,0.0,0.0,0.0,0.0,0.0,0.0,0.0,0.0,1.0,0.0,0.0,0.0,0.0,0.0,0.0,0.0,1.0,0.0,0.0,1.0,8.0,0.0,1.0,0.0,0.0,0.0,0.0,0.0,98.0,29.4,0.0,0.0,0.0,1.0,1.0,17.0,3.0,364.0,364.0,1092.0,1.4298606,-0.034330346,-0.012888734,-0.010793021,0.0022849115,-0.0022405006,0.041847304,-0.13832553,-0.5311355,-1.0922973,0.16668269,-1.7825047,-0.23295249,-0.102887355,0.0718242,-0.083587475,-0.010666063,0.011380112,0.0007261876,0.12934452,0.0004828645,0.0,-0.9332938,0.008219229,-0.2573131,0.0,-0.058571827,0.0,0.0,-0.9023057,-0.0054123476,0.03454597,-0.17932029,-0.48820582,1.0326167,-0.06552242,0.0,0.0,-0.0007594263,0.0176193,0.0,-8.284347e-05,-0.13722688,0.36937732,-0.0005602503,0.37957034,-0.019377995,1.049881,0.017884517,-0.15953621,-0.17812209,-0.058413476,0.0,-0.0013875791,11.912147,9.196275
0.3,1.0,0.0,0.0,0.0,0.0,98.0,1.0,315.0,357.0,120.63333333333334,556.31,0.0,0.0,0.0,0.0,0.0,0.0,0.0,0.0,0.0,0.0,1.0,0.0,0.0,0.0,0.0,0.0,0.0,0.0,1.0,0.0,0.0,1.0,8.0,0.0,1.0,0.0,0.0,0.0,0.0,0.0,98.0,29.4,0.0,0.0,0.0,1.0,1.0,14.0,3.0,364.0,364.0,1092.0,1.5941942,-0.015201152,-0.012518406,-0.010018184,0.0022849115,-0.0011395344,0.088499114,-0.124399506,-0.6252568,-1.2273257,0.15868522,-1.7552339,-0.20599167,-0.07524117,0.0805225,-0.08110658,-0.009784665,0.015168714,0.011413774,0.15126656,0.0048874277,0.0,-1.1162528,0.0058688233,-0.20700702,0.0,-0.051885348,0.0,0.0,-0.8735032,0.0018827674,0.034159925,-0.17932029,-0.46841422,0.96119785,-0.068008006,0.0,0.0,-0.0007594263,0.07321424,0.0,-8.284347e-05,-0.020247148,0.41884366,0.0004431011,0.6605477,-0.020076,1.1328477,0.010861531,3.4772117,-0.14379953,-0.040062997,0.0,-0.00037310686,11.912147,13.463139
0.3,1.0,0.0,0.0,0.0,0.0,98.0,1.0,315.0,357.0,120.63333333333334,556.31,0.0,0.0,0.0,0.0,0.0,0.0,0.0,0.0,0.0,0.0,1.0,0.0,0.0,0.0,0.0,0.0,0.0,0.0,1.0,0.0,0.0,1.0,8.0,0.0,1.0,0.0,0.0,0.0,0.0,0.0,98.0,29.4,0.0,0.0,0.0,1.0,1.0,31.0,3.0,364.0,364.0,1092.0,1.4100958,-0.023123346,-0.012616855,-0.00909249,0.0042682295,-0.0019886938,-0.11233684,-0.13431789,-0.5989849,-1.0989047,0.17484184,-1.7294376,-0.23085755,-0.10435669,0.07471073,-0.08514679,-0.009797228,0.012435483,0.0006314633,0.13286605,0.000495169,0.0,-0.9006931,0.0055561806,-0.2759283,0.0,-0.056458354,0.0,0.0,-0.90223527,0.012693839,0.035091046,-0.1735393,-0.48888913,1.0596505,-0.06883038,0.0,0.0,-0.00073170563,0.01821727,0.0,-0.0001297263,-0.08499471,0.40660924,0.00988464,0.7042734,-0.019116087,1.2013197,0.046217926,1.1817933,-0.15770967,-0.027191754,0.0,0.021321703,11.912147,11.117713
0.3,1.0,0.0,0.0,0.0,0.0,98.0,1.0,315.0,357.0,120.63333333333334,556.31,0.0,0.0,0.0,0.0,0.0,0.0,0.0,0.0,0.0,0.0,1.0,0.0,0.0,0.0,0.0,0.0,0.0,0.0,1.0,0.0,0.0,1.0,8.0,0.0,1.0,0.0,0.0,0.0,0.0,0.0,98.0,29.4,0.0,1.0,0.0,0.0,1.0,194.0,3.0,392.0,392.0,1176.0,1.4458151,-0.044064812,-0.012139847,-0.011076638,0.0015186802,-0.0059659826,-0.021665057,-0.20168273,-0.67765266,-1.3756561,0.1390888,-1.6289439,-0.22565867,-0.12494005,0.058148317,-0.09123334,-0.011257726,0.011620222,-0.0020626415,0.12051225,0.0004233861,0.0,-0.46109432,0.0012920402,-0.26346195,0.0,-0.04397227,0.0,0.0,-0.9821313,0.00851194,0.04070479,-0.19429724,-0.48003832,1.1061136,-0.025680609,0.0,0.0,-0.0012795893,0.018587569,0.0,-9.267962e-05,-0.04151213,0.34615102,-0.0029754355,-0.24827139,-0.026888398,-0.19682887,0.0010673903,-1.4986613,-0.3576621,0.029745407,0.0,-0.11454715,11.912147,5.8680534
0.3,1.0,0.0,0.0,0.0,0.0,98.0,1.0,315.0,357.0,120.63333333333334,556.31,0.0,0.0,0.0,0.0,0.0,0.0,0.0,0.0,0.0,0.0,1.0,0.0,0.0,0.0,0.0,0.0,0.0,0.0,1.0,0.0,0.0,1.0,8.0,0.0,1.0,0.0,0.0,0.0,0.0,0.0,98.0,29.4,0.0,1.0,0.0,0.0,1.0,117.0,3.0,476.0,476.0,1428.0,1.3274376,-0.043151647,-0.011564426,-0.011669246,0.0015186802,-0.0046978337,-0.11775457,-0.20104815,-0.70345205,-1.3381488,0.13925755,-1.657096,-0.22490521,-0.12430883,0.057775553,-0.091207504,-0.010234353,0.011436572,0.00048816964,0.12066988,0.00028221984,0.0,-0.48846,0.0012920402,-0.2634262,0.0,-0.041695103,0.0,0.0,-0.96240324,0.009625357,0.038659345,-0.19852398,-0.4619666,1.1494683,-0.024938356,0.0,0.0,-0.0011447596,0.018850932,0.0,-9.267962e-05,-0.06756334,0.35126728,-0.00085636525,-0.2294799,-0.027763218,-0.19336797,0.08198514,-0.63150394,-0.3206852,0.18124953,0.0,-0.10687148,11.912147,6.8434286
0.3,1.0,0.0,0.0,0.0,0.0,98.0,1.0,315.0,357.0,120.63333333333334,556.31,0.0,0.0,0.0,0.0,0.0,0.0,0.0,0.0,0.0,0.0,1.0,0.0,0.0,0.0,0.0,0.0,0.0,0.0,1.0,0.0,0.0,1.0,8.0,0.0,1.0,0.0,0.0,0.0,0.0,0.0,98.0,29.4,0.0,1.0,0.0,0.0,0.0,19.0,3.0,112.0,112.0,336.0,1.4534601,-0.0385735,-0.011244809,-0.012439472,0.001456197,-0.001747471,-0.12381698,-0.19664393,-0.57924837,-1.2261347,0.15588121,-1.7010958,-0.23291549,-0.13267763,0.070293404,-0.09025667,-0.010008806,0.012719365,0.0014896501,0.1298604,0.00038509644,0.0,-0.67965305,0.0012239248,-0.24908872,0.0,-0.053700376,0.0,0.0,-0.93176913,0.065480255,0.03927346,-0.19582905,-0.46761763,1.1529257,-0.06497768,0.0,0.0,-0.00081875897,0.017563226,0.0,-0.00011513396,-0.15745065,0.29570714,0.0016037126,-0.17338994,-0.017339755,-0.1811914,-0.045760866,1.2183475,-0.20255518,0.27611315,0.0,0.20656057,11.912147,9.234427
0.3,1.0,0.0,0.0,0.0,0.0,98.0,1.0,315.0,357.0,120.63333333333334,556.31,0.0,0.0,0.0,0.0,0.0,0.0,0.0,0.0,0.0,0.0,1.0,0.0,0.0,0.0,0.0,0.0,0.0,0.0,1.0,0.0,0.0,1.0,8.0,0.0,1.0,0.0,0.0,0.0,0.0,0.0,98.0,29.4,0.0,1.0,0.0,0.0,0.0,108.0,3.0,182.0,182.0,546.0,1.4215716,-0.0420863,-0.012003079,-0.01188055,0.0015301382,-0.004697936,-0.23170167,-0.20912436,-0.75135976,-1.2915629,0.13788512,-1.6928068,-0.22675364,-0.12571768,0.05772792,-0.090842545,-0.010238884,0.011454074,0.00033722242,0.120534904,0.00038169185,0.0,-0.50172627,0.0011644479,-0.26154327,0.0,-0.044152077,0.0,0.0,-0.95569855,0.020414086,0.039359804,-0.1892729,-0.45001847,1.1942691,-0.025742497,0.0,0.0,-0.0018351817,0.018727664,0.0,-0.00012594483,-0.092558764,0.31080756,0.0036117572,-0.22388457,-0.014563422,-0.19329295,-0.1495798,-0.8421977,-0.32513198,-0.28324977,0.0,-0.054374162,11.912147,5.9421983
