preclinical_dosage_duration(days),preclinical_animal_age_before_treatment(days),preclinical_animal_weight_before_treatment(grams),preclinical_animal_subject_size,clinical_arm_id,NCT Number,clinical_sample_size,dose_translation_ratio,cumulative_dose_translation_ratio,duration_ratio,frequency_ratio,is_route_match,preclinical_administration_route_intraperitoneal,preclinical_administration_route_oral,preclinical_administration_route_subcutaneous,preclinical_administration_route_unknown,preclinical_animal_strain_Ay,preclinical_animal_strain_C57BL/6,preclinical_animal_strain_CD-1,preclinical_animal_strain_DIO-prone Sprague–Dawley,preclinical_animal_strain_Golden Syrian,preclinical_animal_strain_Goto-Kakizaki,preclinical_animal_strain_ICR,preclinical_animal_strain_KKAy,preclinical_animal_strain_Ldlr−/−,preclinical_animal_strain_Ldlr−/−.Leiden,preclinical_animal_strain_Long-Evans,preclinical_animal_strain_SDT fatty,preclinical_animal_strain_Sprague-Dawley,preclinical_animal_strain_Unknown,preclinical_animal_strain_Wistar,preclinical_animal_strain_Zucker fatty,preclinical_animal_strain_db/db,preclinical_animal_strain_ob/ob,preclinical_animal_species_cynomolgus monkeys,preclinical_animal_species_hamsters,preclinical_animal_species_mice,preclinical_animal_species_rats,preclinical_animal_sex_Unknown,preclinical_animal_sex_both,preclinical_animal_sex_female,preclinical_animal_sex_male,preclinical_disease_model_diet-induced,preclinical_disease_model_genetic,preclinical_disease_model_genetic+diet,clinical_age_groups_ADULT,"clinical_age_groups_ADULT,OLDER_ADULT",clinical_age_groups_CHILD,"clinical_age_groups_CHILD,ADULT","clinical_age_groups_CHILD,ADULT,OLDER_ADULT",clinical_phases_PHASE2,clinical_phases_PHASE3,clinical_phases_PHASE4,clinical_phases_Unknown,clinical_administration_route_oral,clinical_administration_route_subcutaneous,intervention,translation_outcome
7,133.0,40.1,8.0,16,NCT03611582,407,0.4938271604938272,4.797178130511463,68.0,0.14285714285714285,0,1,0,0,0,0,1,0,0,0,0,0,0,0,0,0,0,0,0,0,0,0,0,0,0,1,0,0,0,0,1,1,0,0,0,1,0,0,0,0,1,0,0,0,1,semaglutide,10.943890274314212
7,133.0,40.1,8.0,28,NCT02453711,92,0.010288065843621401,0.5349794238683127,52.0,1.0,0,1,0,0,0,0,1,0,0,0,0,0,0,0,0,0,0,0,0,0,0,0,0,0,0,1,0,0,0,0,1,1,0,0,0,1,0,0,0,1,0,0,0,0,1,semaglutide,18.74389027431421
7,133.0,40.1,8.0,29,NCT02453711,96,0.020576131687242802,1.0699588477366253,52.0,1.0,0,1,0,0,0,0,1,0,0,0,0,0,0,0,0,0,0,0,0,0,0,0,0,0,0,1,0,0,0,0,1,1,0,0,0,1,0,0,0,1,0,0,0,0,1,semaglutide,16.113890274314215
7,133.0,40.1,8.0,30,NCT02453711,94,0.041152263374485604,2.1399176954732506,52.0,1.0,0,1,0,0,0,0,1,0,0,0,0,0,0,0,0,0,0,0,0,0,0,0,0,0,0,1,0,0,0,0,1,1,0,0,0,1,0,0,0,1,0,0,0,0,1,semaglutide,13.133890274314217
7,133.0,40.1,8.0,31,NCT02453711,95,0.0617283950617284,3.209876543209876,52.0,1.0,0,1,0,0,0,0,1,0,0,0,0,0,0,0,0,0,0,0,0,0,0,0,0,0,0,1,0,0,0,0,1,1,0,0,0,1,0,0,0,1,0,0,0,0,1,semaglutide,13.563890274314216
7,133.0,40.1,8.0,32,NCT02453711,100,0.08230452674897121,4.279835390946501,52.0,1.0,0,1,0,0,0,0,1,0,0,0,0,0,0,0,0,0,0,0,0,0,0,0,0,0,0,1,0,0,0,0,1,1,0,0,0,1,0,0,0,1,0,0,0,0,1,semaglutide,10.893890274314211
7,133.0,40.1,8.0,33,NCT02453711,95,0.0617283950617284,3.209876543209876,52.0,1.0,0,1,0,0,0,0,1,0,0,0,0,0,0,0,0,0,0,0,0,0,0,0,0,0,0,1,0,0,0,0,1,1,0,0,0,1,0,0,0,1,0,0,0,0,1,semaglutide,13.353890274314214
7,133.0,40.1,8.0,34,NCT02453711,100,0.08230452674897121,4.279835390946501,52.0,1.0,0,1,0,0,0,0,1,0,0,0,0,0,0,0,0,0,0,0,0,0,0,0,0,0,0,1,0,0,0,0,1,1,0,0,0,1,0,0,0,1,0,0,0,0,1,semaglutide,8.443890274314214
7,133.0,40.1,8.0,44,NCT04788511,246,0.4938271604938272,3.6684303350970016,52.0,0.14285714285714285,0,1,0,0,0,0,1,0,0,0,0,0,0,0,0,0,0,0,0,0,0,0,0,0,0,1,0,0,0,0,1,1,0,0,0,1,0,0,0,0,1,0,0,0,1,semaglutide,11.043890274314212
7,133.0,40.1,8.0,62,NCT03574597,7474,0.4938271604938272,7.336860670194003,104.0,0.14285714285714285,0,1,0,0,0,0,1,0,0,0,0,0,0,0,0,0,0,0,0,0,0,0,0,0,0,1,0,0,0,0,1,1,0,0,0,1,0,0,0,0,1,0,0,0,1,semaglutide,13.923890274314212
7,133.0,40.1,8.0,63,NCT03811574,98,0.3497942386831276,3.398001175778953,68.0,0.14285714285714285,0,1,0,0,0,0,1,0,0,0,0,0,0,0,0,0,0,0,0,0,0,0,0,0,0,1,0,0,0,0,1,1,0,0,0,1,0,0,0,0,1,0,0,0,1,semaglutide,14.443890274314214
7,133.0,40.1,8.0,64,NCT03811574,193,0.4938271604938272,4.797178130511463,68.0,0.14285714285714285,0,1,0,0,0,0,1,0,0,0,0,0,0,0,0,0,0,0,0,0,0,0,0,0,0,1,0,0,0,0,1,1,0,0,0,1,0,0,0,0,1,0,0,0,1,semaglutide,10.943890274314214
7,133.0,40.1,8.0,99,NCT03548987,535,0.4938271604938272,3.386243386243386,48.0,0.14285714285714285,0,1,0,0,0,0,1,0,0,0,0,0,0,0,0,0,0,0,0,0,0,0,0,0,0,1,0,0,0,0,1,1,0,0,0,1,0,0,0,0,1,0,0,0,1,semaglutide,7.543890274314213
7,133.0,40.1,8.0,101,NCT03548987,520,0.4938271604938272,3.386243386243386,48.0,0.14285714285714285,0,1,0,0,0,0,1,0,0,0,0,0,0,0,0,0,0,0,0,0,0,0,0,0,0,1,0,0,0,0,1,1,0,0,0,1,0,0,0,0,1,0,0,0,1,semaglutide,10.143890274314217
7,133.0,40.1,8.0,104,NCT04251156,238,0.4938271604938272,3.10405643738977,44.0,0.14285714285714285,0,1,0,0,0,0,1,0,0,0,0,0,0,0,0,0,0,0,0,0,0,0,0,0,0,1,0,0,0,0,1,1,0,0,0,1,0,0,0,0,1,0,0,0,1,semaglutide,13.543890274314212
7,133.0,40.1,8.0,114,NCT04102189,131,0.4938271604938272,4.797178130511463,68.0,0.14285714285714285,0,1,0,0,0,0,1,0,0,0,0,0,0,0,0,0,0,0,0,0,0,0,0,0,0,1,0,0,0,0,1,1,0,0,0,0,1,0,0,0,1,0,0,0,1,semaglutide,5.343890274314212
7,133.0,40.1,8.0,115,NCT03693430,144,0.4938271604938272,7.336860670194003,104.0,0.14285714285714285,0,1,0,0,0,0,1,0,0,0,0,0,0,0,0,0,0,0,0,0,0,0,0,0,0,1,0,0,0,0,1,1,0,0,0,0,0,0,1,0,1,0,0,0,1,semaglutide,10.843890274314212
7,133.0,40.1,8.0,117,NCT03693430,149,0.4938271604938272,3.6684303350970016,52.0,0.14285714285714285,0,1,0,0,0,0,1,0,0,0,0,0,0,0,0,0,0,0,0,0,0,0,0,0,0,1,0,0,0,0,1,1,0,0,0,0,0,0,1,0,1,0,0,0,1,semaglutide,9.943890274314214
7,133.0,40.1,8.0,135,NCT04074161,117,0.4938271604938272,4.797178130511463,68.0,0.14285714285714285,0,1,0,0,0,0,1,0,0,0,0,0,0,0,0,0,0,0,0,0,0,0,0,0,0,1,0,0,0,0,1,1,0,0,0,1,0,0,0,0,1,0,0,0,1,semaglutide,7.643890274314215
84,133.0,20.5,8.0,16,NCT03611582,407,2.4009249251153766,1.9436058917600667,5.666666666666667,0.14285714285714285,0,1,0,0,0,0,1,0,0,0,0,0,0,0,0,0,0,0,0,0,0,0,0,0,0,1,0,0,0,0,1,1,0,0,0,1,0,0,0,0,1,0,0,0,1,semaglutide,54.75000000000003
84,133.0,20.5,8.0,28,NCT02453711,92,0.050019269273237014,0.21675016685069373,4.333333333333333,1.0,0,1,0,0,0,0,1,0,0,0,0,0,0,0,0,0,0,0,0,0,0,0,0,0,0,1,0,0,0,0,1,1,0,0,0,1,0,0,0,1,0,0,0,0,1,semaglutide,62.550000000000026
84,133.0,20.5,8.0,29,NCT02453711,96,0.10003853854647403,0.43350033370138746,4.333333333333333,1.0,0,1,0,0,0,0,1,0,0,0,0,0,0,0,0,0,0,0,0,0,0,0,0,0,0,1,0,0,0,0,1,1,0,0,0,1,0,0,0,1,0,0,0,0,1,semaglutide,59.92000000000003
84,133.0,20.5,8.0,30,NCT02453711,94,0.20007707709294806,0.8670006674027749,4.333333333333333,1.0,0,1,0,0,0,0,1,0,0,0,0,0,0,0,0,0,0,0,0,0,0,0,0,0,0,1,0,0,0,0,1,1,0,0,0,1,0,0,0,1,0,0,0,0,1,semaglutide,56.940000000000026
84,133.0,20.5,8.0,31,NCT02453711,95,0.3001156156394221,1.3005010011041624,4.333333333333333,1.0,0,1,0,0,0,0,1,0,0,0,0,0,0,0,0,0,0,0,0,0,0,0,0,0,0,1,0,0,0,0,1,1,0,0,0,1,0,0,0,1,0,0,0,0,1,semaglutide,57.37000000000003
84,133.0,20.5,8.0,32,NCT02453711,100,0.4001541541858961,1.7340013348055499,4.333333333333333,1.0,0,1,0,0,0,0,1,0,0,0,0,0,0,0,0,0,0,0,0,0,0,0,0,0,0,1,0,0,0,0,1,1,0,0,0,1,0,0,0,1,0,0,0,0,1,semaglutide,54.70000000000003
84,133.0,20.5,8.0,33,NCT02453711,95,0.3001156156394221,1.3005010011041624,4.333333333333333,1.0,0,1,0,0,0,0,1,0,0,0,0,0,0,0,0,0,0,0,0,0,0,0,0,0,0,1,0,0,0,0,1,1,0,0,0,1,0,0,0,1,0,0,0,0,1,semaglutide,57.160000000000025
84,133.0,20.5,8.0,34,NCT02453711,100,0.4001541541858961,1.7340013348055499,4.333333333333333,1.0,0,1,0,0,0,0,1,0,0,0,0,0,0,0,0,0,0,0,0,0,0,0,0,0,0,1,0,0,0,0,1,1,0,0,0,1,0,0,0,1,0,0,0,0,1,semaglutide,52.25000000000003
84,133.0,20.5,8.0,44,NCT04788511,246,2.4009249251153766,1.486286858404757,4.333333333333333,0.14285714285714285,0,1,0,0,0,0,1,0,0,0,0,0,0,0,0,0,0,0,0,0,0,0,0,0,0,1,0,0,0,0,1,1,0,0,0,1,0,0,0,0,1,0,0,0,1,semaglutide,54.85000000000003
84,133.0,20.5,8.0,62,NCT03574597,7474,2.4009249251153766,2.972573716809514,8.666666666666666,0.14285714285714285,0,1,0,0,0,0,1,0,0,0,0,0,0,0,0,0,0,0,0,0,0,0,0,0,0,1,0,0,0,0,1,1,0,0,0,1,0,0,0,0,1,0,0,0,1,semaglutide,57.730000000000025
84,133.0,20.5,8.0,63,NCT03811574,98,1.7006551552900584,1.376720839996714,5.666666666666667,0.14285714285714285,0,1,0,0,0,0,1,0,0,0,0,0,0,0,0,0,0,0,0,0,0,0,0,0,0,1,0,0,0,0,1,1,0,0,0,1,0,0,0,0,1,0,0,0,1,semaglutide,58.25000000000003
84,133.0,20.5,8.0,64,NCT03811574,193,2.4009249251153766,1.9436058917600667,5.666666666666667,0.14285714285714285,0,1,0,0,0,0,1,0,0,0,0,0,0,0,0,0,0,0,0,0,0,0,0,0,0,1,0,0,0,0,1,1,0,0,0,1,0,0,0,0,1,0,0,0,1,semaglutide,54.75000000000003
84,133.0,20.5,8.0,99,NCT03548987,535,2.4009249251153766,1.3719571000659296,4.0,0.14285714285714285,0,1,0,0,0,0,1,0,0,0,0,0,0,0,0,0,0,0,0,0,0,0,0,0,0,1,0,0,0,0,1,1,0,0,0,1,0,0,0,0,1,0,0,0,1,semaglutide,51.35000000000003
84,133.0,20.5,8.0,101,NCT03548987,520,2.4009249251153766,1.3719571000659296,4.0,0.14285714285714285,0,1,0,0,0,0,1,0,0,0,0,0,0,0,0,0,0,0,0,0,0,0,0,0,0,1,0,0,0,0,1,1,0,0,0,1,0,0,0,0,1,0,0,0,1,semaglutide,53.95000000000003
84,133.0,20.5,8.0,104,NCT04251156,238,2.4009249251153766,1.257627341727102,3.6666666666666665,0.14285714285714285,0,1,0,0,0,0,1,0,0,0,0,0,0,0,0,0,0,0,0,0,0,0,0,0,0,1,0,0,0,0,1,1,0,0,0,1,0,0,0,0,1,0,0,0,1,semaglutide,57.35000000000003
84,133.0,20.5,8.0,114,NCT04102189,131,2.4009249251153766,1.9436058917600667,5.666666666666667,0.14285714285714285,0,1,0,0,0,0,1,0,0,0,0,0,0,0,0,0,0,0,0,0,0,0,0,0,0,1,0,0,0,0,1,1,0,0,0,0,1,0,0,0,1,0,0,0,1,semaglutide,49.15000000000003
84,133.0,20.5,8.0,115,NCT03693430,144,2.4009249251153766,2.972573716809514,8.666666666666666,0.14285714285714285,0,1,0,0,0,0,1,0,0,0,0,0,0,0,0,0,0,0,0,0,0,0,0,0,0,1,0,0,0,0,1,1,0,0,0,0,0,0,1,0,1,0,0,0,1,semaglutide,54.65000000000003
84,133.0,20.5,8.0,117,NCT03693430,149,2.4009249251153766,1.486286858404757,4.333333333333333,0.14285714285714285,0,1,0,0,0,0,1,0,0,0,0,0,0,0,0,0,0,0,0,0,0,0,0,0,0,1,0,0,0,0,1,1,0,0,0,0,0,0,1,0,1,0,0,0,1,semaglutide,53.75000000000003
84,133.0,20.5,8.0,135,NCT04074161,117,2.4009249251153766,1.9436058917600667,5.666666666666667,0.14285714285714285,0,1,0,0,0,0,1,0,0,0,0,0,0,0,0,0,0,0,0,0,0,0,0,0,0,1,0,0,0,0,1,1,0,0,0,1,0,0,0,0,1,0,0,0,1,semaglutide,51.45000000000003
84,126.0,20.2,8.0,16,NCT03611582,407,2.4009249251153766,1.9436058917600667,5.666666666666667,0.14285714285714285,0,1,0,0,0,0,1,0,0,0,0,0,0,0,0,0,0,0,0,0,0,0,0,0,0,1,0,0,0,0,1,1,0,0,0,1,0,0,0,0,1,0,0,0,1,semaglutide,52.85643564356435
84,126.0,20.2,8.0,28,NCT02453711,92,0.050019269273237014,0.21675016685069373,4.333333333333333,1.0,0,1,0,0,0,0,1,0,0,0,0,0,0,0,0,0,0,0,0,0,0,0,0,0,0,1,0,0,0,0,1,1,0,0,0,1,0,0,0,1,0,0,0,0,1,semaglutide,60.65643564356435
84,126.0,20.2,8.0,29,NCT02453711,96,0.10003853854647403,0.43350033370138746,4.333333333333333,1.0,0,1,0,0,0,0,1,0,0,0,0,0,0,0,0,0,0,0,0,0,0,0,0,0,0,1,0,0,0,0,1,1,0,0,0,1,0,0,0,1,0,0,0,0,1,semaglutide,58.02643564356436
84,126.0,20.2,8.0,30,NCT02453711,94,0.20007707709294806,0.8670006674027749,4.333333333333333,1.0,0,1,0,0,0,0,1,0,0,0,0,0,0,0,0,0,0,0,0,0,0,0,0,0,0,1,0,0,0,0,1,1,0,0,0,1,0,0,0,1,0,0,0,0,1,semaglutide,55.04643564356435
84,126.0,20.2,8.0,31,NCT02453711,95,0.3001156156394221,1.3005010011041624,4.333333333333333,1.0,0,1,0,0,0,0,1,0,0,0,0,0,0,0,0,0,0,0,0,0,0,0,0,0,0,1,0,0,0,0,1,1,0,0,0,1,0,0,0,1,0,0,0,0,1,semaglutide,55.47643564356436
84,126.0,20.2,8.0,32,NCT02453711,100,0.4001541541858961,1.7340013348055499,4.333333333333333,1.0,0,1,0,0,0,0,1,0,0,0,0,0,0,0,0,0,0,0,0,0,0,0,0,0,0,1,0,0,0,0,1,1,0,0,0,1,0,0,0,1,0,0,0,0,1,semaglutide,52.80643564356436
84,126.0,20.2,8.0,33,NCT02453711,95,0.3001156156394221,1.3005010011041624,4.333333333333333,1.0,0,1,0,0,0,0,1,0,0,0,0,0,0,0,0,0,0,0,0,0,0,0,0,0,0,1,0,0,0,0,1,1,0,0,0,1,0,0,0,1,0,0,0,0,1,semaglutide,55.26643564356435
84,126.0,20.2,8.0,34,NCT02453711,100,0.4001541541858961,1.7340013348055499,4.333333333333333,1.0,0,1,0,0,0,0,1,0,0,0,0,0,0,0,0,0,0,0,0,0,0,0,0,0,0,1,0,0,0,0,1,1,0,0,0,1,0,0,0,1,0,0,0,0,1,semaglutide,50.35643564356435
84,126.0,20.2,8.0,44,NCT04788511,246,2.4009249251153766,1.486286858404757,4.333333333333333,0.14285714285714285,0,1,0,0,0,0,1,0,0,0,0,0,0,0,0,0,0,0,0,0,0,0,0,0,0,1,0,0,0,0,1,1,0,0,0,1,0,0,0,0,1,0,0,0,1,semaglutide,52.95643564356436
84,126.0,20.2,8.0,62,NCT03574597,7474,2.4009249251153766,2.972573716809514,8.666666666666666,0.14285714285714285,0,1,0,0,0,0,1,0,0,0,0,0,0,0,0,0,0,0,0,0,0,0,0,0,0,1,0,0,0,0,1,1,0,0,0,1,0,0,0,0,1,0,0,0,1,semaglutide,55.83643564356435
84,126.0,20.2,8.0,63,NCT03811574,98,1.7006551552900584,1.376720839996714,5.666666666666667,0.14285714285714285,0,1,0,0,0,0,1,0,0,0,0,0,0,0,0,0,0,0,0,0,0,0,0,0,0,1,0,0,0,0,1,1,0,0,0,1,0,0,0,0,1,0,0,0,1,semaglutide,56.35643564356435
84,126.0,20.2,8.0,64,NCT03811574,193,2.4009249251153766,1.9436058917600667,5.666666666666667,0.14285714285714285,0,1,0,0,0,0,1,0,0,0,0,0,0,0,0,0,0,0,0,0,0,0,0,0,0,1,0,0,0,0,1,1,0,0,0,1,0,0,0,0,1,0,0,0,1,semaglutide,52.85643564356435
84,126.0,20.2,8.0,99,NCT03548987,535,2.4009249251153766,1.3719571000659296,4.0,0.14285714285714285,0,1,0,0,0,0,1,0,0,0,0,0,0,0,0,0,0,0,0,0,0,0,0,0,0,1,0,0,0,0,1,1,0,0,0,1,0,0,0,0,1,0,0,0,1,semaglutide,49.45643564356436
84,126.0,20.2,8.0,101,NCT03548987,520,2.4009249251153766,1.3719571000659296,4.0,0.14285714285714285,0,1,0,0,0,0,1,0,0,0,0,0,0,0,0,0,0,0,0,0,0,0,0,0,0,1,0,0,0,0,1,1,0,0,0,1,0,0,0,0,1,0,0,0,1,semaglutide,52.05643564356436
84,126.0,20.2,8.0,104,NCT04251156,238,2.4009249251153766,1.257627341727102,3.6666666666666665,0.14285714285714285,0,1,0,0,0,0,1,0,0,0,0,0,0,0,0,0,0,0,0,0,0,0,0,0,0,1,0,0,0,0,1,1,0,0,0,1,0,0,0,0,1,0,0,0,1,semaglutide,55.45643564356436
84,126.0,20.2,8.0,114,NCT04102189,131,2.4009249251153766,1.9436058917600667,5.666666666666667,0.14285714285714285,0,1,0,0,0,0,1,0,0,0,0,0,0,0,0,0,0,0,0,0,0,0,0,0,0,1,0,0,0,0,1,1,0,0,0,0,1,0,0,0,1,0,0,0,1,semaglutide,47.25643564356435
84,126.0,20.2,8.0,115,NCT03693430,144,2.4009249251153766,2.972573716809514,8.666666666666666,0.14285714285714285,0,1,0,0,0,0,1,0,0,0,0,0,0,0,0,0,0,0,0,0,0,0,0,0,0,1,0,0,0,0,1,1,0,0,0,0,0,0,1,0,1,0,0,0,1,semaglutide,52.75643564356435
84,126.0,20.2,8.0,117,NCT03693430,149,2.4009249251153766,1.486286858404757,4.333333333333333,0.14285714285714285,0,1,0,0,0,0,1,0,0,0,0,0,0,0,0,0,0,0,0,0,0,0,0,0,0,1,0,0,0,0,1,1,0,0,0,0,0,0,1,0,1,0,0,0,1,semaglutide,51.85643564356435
84,126.0,20.2,8.0,135,NCT04074161,117,2.4009249251153766,1.9436058917600667,5.666666666666667,0.14285714285714285,0,1,0,0,0,0,1,0,0,0,0,0,0,0,0,0,0,0,0,0,0,0,0,0,0,1,0,0,0,0,1,1,0,0,0,1,0,0,0,0,1,0,0,0,1,semaglutide,49.55643564356436
36,126.0,21.49,10.0,111,NCT00752726,54,0.01582779360557138,0.22158911047799934,4.666666666666667,1.0,1,0,1,0,0,0,0,0,0,0,0,1,0,0,0,0,0,0,0,0,0,0,0,0,0,1,0,0,1,0,0,1,0,0,1,0,0,0,0,0,0,1,0,1,0,orlistat,22.27818655981187
14,105.0,42.3,16.0,35,NCT02453711,96,1.8518518518518514,24.07407407407407,26.0,1.0,1,0,0,1,0,0,1,0,0,0,0,0,0,0,0,0,0,0,0,0,0,0,0,0,0,1,0,0,0,0,1,1,0,0,0,1,0,0,0,1,0,0,0,0,1,liraglutide,8.530000000000001
14,105.0,42.3,16.0,51,NCT00422058,94,0.7407407407407406,3.7037037037037033,10.0,1.0,1,0,0,1,0,0,1,0,0,0,0,0,0,0,0,0,0,0,0,0,0,0,0,0,0,1,0,0,0,0,1,1,0,0,0,1,0,0,0,1,0,0,0,0,1,liraglutide,11.792791256464731
14,105.0,42.3,16.0,52,NCT00422058,90,1.111111111111111,5.5555555555555545,10.0,1.0,1,0,0,1,0,0,1,0,0,0,0,0,0,0,0,0,0,0,0,0,0,0,0,0,0,1,0,0,0,0,1,1,0,0,0,1,0,0,0,1,0,0,0,0,1,liraglutide,11.062839524734695
14,105.0,42.3,16.0,53,NCT00422058,92,1.4814814814814812,7.4074074074074066,10.0,1.0,1,0,0,1,0,0,1,0,0,0,0,0,0,0,0,0,0,0,0,0,0,0,0,0,0,1,0,0,0,0,1,1,0,0,0,1,0,0,0,1,0,0,0,0,1,liraglutide,10.375930614829269
14,105.0,42.3,16.0,54,NCT00422058,92,1.8518518518518514,9.259259259259258,10.0,1.0,1,0,0,1,0,0,1,0,0,0,0,0,0,0,0,0,0,0,0,0,0,0,0,0,0,1,0,0,0,0,1,1,0,0,0,1,0,0,0,1,0,0,0,0,1,liraglutide,9.288375893128206
14,105.0,42.3,16.0,61,NCT03158805,29,1.8518518518518514,18.518518518518515,20.0,1.0,1,0,0,1,0,0,1,0,0,0,0,0,0,0,0,0,0,0,0,0,0,0,0,0,0,1,0,0,0,0,1,1,0,0,0,1,0,0,0,1,0,0,0,0,1,liraglutide,10.5
14,105.0,42.3,16.0,102,NCT01272232,412,1.8518518518518514,25.925925925925924,28.0,1.0,1,0,0,1,0,0,1,0,0,0,0,0,0,0,0,0,0,0,0,0,0,0,0,0,0,1,0,0,0,0,1,1,0,0,0,1,0,0,0,0,1,0,0,0,1,liraglutide,10.1
14,105.0,42.3,16.0,103,NCT01272232,204,1.111111111111111,15.555555555555554,28.0,1.0,1,0,0,1,0,0,1,0,0,0,0,0,0,0,0,0,0,0,0,0,0,0,0,0,0,1,0,0,0,0,1,1,0,0,0,1,0,0,0,0,1,0,0,0,1,liraglutide,11.4
14,105.0,42.3,16.0,106,NCT01272219,2432,1.8518518518518514,25.925925925925924,28.0,1.0,1,0,0,1,0,0,1,0,0,0,0,0,0,0,0,0,0,0,0,0,0,0,0,0,0,1,0,0,0,0,1,1,0,0,0,1,0,0,0,0,1,0,0,0,1,liraglutide,8.64
14,105.0,42.3,16.0,107,NCT01272219,1467,1.8518518518518514,74.07407407407406,80.0,1.0,1,0,0,1,0,0,1,0,0,0,0,0,0,0,0,0,0,0,0,0,0,0,0,0,0,1,0,0,0,0,1,1,0,0,0,1,0,0,0,0,1,0,0,0,1,liraglutide,9.75
14,105.0,42.3,16.0,108,NCT01272219,349,1.8518518518518514,31.481481481481477,34.0,1.0,1,0,0,1,0,0,1,0,0,0,0,0,0,0,0,0,0,0,0,0,0,0,0,0,0,1,0,0,0,0,1,1,0,0,0,1,0,0,0,0,1,0,0,0,1,liraglutide,8.67
14,105.0,42.3,16.0,112,NCT01557166,175,1.8518518518518514,14.814814814814813,16.0,1.0,1,0,0,1,0,0,1,0,0,0,0,0,0,0,0,0,0,0,0,0,0,0,0,0,0,1,0,0,0,0,1,1,0,0,1,0,0,0,0,0,1,0,0,0,1,liraglutide,9.798576133665236
14,105.0,42.3,16.0,120,NCT02918279,125,1.8518518518518514,25.925925925925924,28.0,1.0,1,0,0,1,0,0,1,0,0,0,0,0,0,0,0,0,0,0,0,0,0,0,0,0,0,1,0,0,0,0,1,1,0,0,0,0,1,0,0,0,1,0,0,0,1,liraglutide,10.4
14,105.0,42.3,16.0,127,NCT02527200,17,1.8518518518518514,24.07407407407407,26.0,1.0,1,0,0,1,0,0,1,0,0,0,0,0,0,0,0,0,0,0,0,0,0,0,0,0,0,1,0,0,0,0,1,1,0,0,0,0,0,1,0,0,1,0,0,0,1,liraglutide,11.3
14,105.0,42.3,16.0,128,NCT02527200,14,1.8518518518518514,24.07407407407407,26.0,1.0,1,0,0,1,0,0,1,0,0,0,0,0,0,0,0,0,0,0,0,0,0,0,0,0,0,1,0,0,0,0,1,1,0,0,0,0,0,1,0,0,1,0,0,0,1,liraglutide,15.4
14,105.0,42.3,16.0,129,NCT02527200,31,1.8518518518518514,24.07407407407407,26.0,1.0,1,0,0,1,0,0,1,0,0,0,0,0,0,0,0,0,0,0,0,0,0,0,0,0,0,1,0,0,0,0,1,1,0,0,0,0,0,1,0,0,1,0,0,0,1,liraglutide,13.3
14,105.0,42.3,16.0,130,NCT00781937,194,1.8518518518518514,25.925925925925924,28.0,1.0,1,0,0,1,0,0,1,0,0,0,0,0,0,0,0,0,0,0,0,0,0,0,0,0,0,1,0,0,0,0,1,1,0,0,0,1,0,0,0,0,1,0,0,0,1,liraglutide,7.939999999999999
14,105.0,42.3,16.0,136,NCT04074161,117,1.8518518518518514,31.481481481481477,34.0,1.0,1,0,0,1,0,0,1,0,0,0,0,0,0,0,0,0,0,0,0,0,0,0,0,0,0,1,0,0,0,0,1,1,0,0,0,1,0,0,0,0,1,0,0,0,1,liraglutide,9.2
14,105.0,42.3,16.0,150,NCT02647944,19,1.8518518518518514,7.4074074074074066,8.0,1.0,1,0,0,1,0,0,1,0,0,0,0,0,0,0,0,0,0,0,0,0,0,0,0,0,0,1,0,0,0,0,1,1,0,0,0,1,0,0,0,1,0,0,0,0,1,liraglutide,11.41180752125651
14,105.0,42.3,16.0,155,NCT03486392,108,1.8518518518518514,12.037037037037035,13.0,1.0,1,0,0,1,0,0,1,0,0,0,0,0,0,0,0,0,0,0,0,0,0,0,0,0,0,1,0,0,0,0,1,1,0,0,0,1,0,0,0,1,0,0,0,0,1,liraglutide,8.219999999999999
14,105.0,42.3,7.0,35,NCT02453711,96,1.8518518518518514,24.07407407407407,26.0,1.0,1,0,0,1,0,0,1,0,0,0,0,0,0,0,0,0,0,0,0,0,0,0,0,0,0,1,0,0,0,0,1,1,0,0,0,1,0,0,0,1,0,0,0,0,1,liraglutide,15.53
14,105.0,42.3,7.0,51,NCT00422058,94,0.7407407407407406,3.7037037037037033,10.0,1.0,1,0,0,1,0,0,1,0,0,0,0,0,0,0,0,0,0,0,0,0,0,0,0,0,0,1,0,0,0,0,1,1,0,0,0,1,0,0,0,1,0,0,0,0,1,liraglutide,18.79279125646473
14,105.0,42.3,7.0,52,NCT00422058,90,1.111111111111111,5.5555555555555545,10.0,1.0,1,0,0,1,0,0,1,0,0,0,0,0,0,0,0,0,0,0,0,0,0,0,0,0,0,1,0,0,0,0,1,1,0,0,0,1,0,0,0,1,0,0,0,0,1,liraglutide,18.06283952473469
14,105.0,42.3,7.0,53,NCT00422058,92,1.4814814814814812,7.4074074074074066,10.0,1.0,1,0,0,1,0,0,1,0,0,0,0,0,0,0,0,0,0,0,0,0,0,0,0,0,0,1,0,0,0,0,1,1,0,0,0,1,0,0,0,1,0,0,0,0,1,liraglutide,17.37593061482927
14,105.0,42.3,7.0,54,NCT00422058,92,1.8518518518518514,9.259259259259258,10.0,1.0,1,0,0,1,0,0,1,0,0,0,0,0,0,0,0,0,0,0,0,0,0,0,0,0,0,1,0,0,0,0,1,1,0,0,0,1,0,0,0,1,0,0,0,0,1,liraglutide,16.288375893128205
14,105.0,42.3,7.0,61,NCT03158805,29,1.8518518518518514,18.518518518518515,20.0,1.0,1,0,0,1,0,0,1,0,0,0,0,0,0,0,0,0,0,0,0,0,0,0,0,0,0,1,0,0,0,0,1,1,0,0,0,1,0,0,0,1,0,0,0,0,1,liraglutide,17.5
14,105.0,42.3,7.0,102,NCT01272232,412,1.8518518518518514,25.925925925925924,28.0,1.0,1,0,0,1,0,0,1,0,0,0,0,0,0,0,0,0,0,0,0,0,0,0,0,0,0,1,0,0,0,0,1,1,0,0,0,1,0,0,0,0,1,0,0,0,1,liraglutide,17.1
14,105.0,42.3,7.0,103,NCT01272232,204,1.111111111111111,15.555555555555554,28.0,1.0,1,0,0,1,0,0,1,0,0,0,0,0,0,0,0,0,0,0,0,0,0,0,0,0,0,1,0,0,0,0,1,1,0,0,0,1,0,0,0,0,1,0,0,0,1,liraglutide,18.4
14,105.0,42.3,7.0,106,NCT01272219,2432,1.8518518518518514,25.925925925925924,28.0,1.0,1,0,0,1,0,0,1,0,0,0,0,0,0,0,0,0,0,0,0,0,0,0,0,0,0,1,0,0,0,0,1,1,0,0,0,1,0,0,0,0,1,0,0,0,1,liraglutide,15.64
14,105.0,42.3,7.0,107,NCT01272219,1467,1.8518518518518514,74.07407407407406,80.0,1.0,1,0,0,1,0,0,1,0,0,0,0,0,0,0,0,0,0,0,0,0,0,0,0,0,0,1,0,0,0,0,1,1,0,0,0,1,0,0,0,0,1,0,0,0,1,liraglutide,16.75
14,105.0,42.3,7.0,108,NCT01272219,349,1.8518518518518514,31.481481481481477,34.0,1.0,1,0,0,1,0,0,1,0,0,0,0,0,0,0,0,0,0,0,0,0,0,0,0,0,0,1,0,0,0,0,1,1,0,0,0,1,0,0,0,0,1,0,0,0,1,liraglutide,15.67
14,105.0,42.3,7.0,112,NCT01557166,175,1.8518518518518514,14.814814814814813,16.0,1.0,1,0,0,1,0,0,1,0,0,0,0,0,0,0,0,0,0,0,0,0,0,0,0,0,0,1,0,0,0,0,1,1,0,0,1,0,0,0,0,0,1,0,0,0,1,liraglutide,16.798576133665236
14,105.0,42.3,7.0,120,NCT02918279,125,1.8518518518518514,25.925925925925924,28.0,1.0,1,0,0,1,0,0,1,0,0,0,0,0,0,0,0,0,0,0,0,0,0,0,0,0,0,1,0,0,0,0,1,1,0,0,0,0,1,0,0,0,1,0,0,0,1,liraglutide,17.4
14,105.0,42.3,7.0,127,NCT02527200,17,1.8518518518518514,24.07407407407407,26.0,1.0,1,0,0,1,0,0,1,0,0,0,0,0,0,0,0,0,0,0,0,0,0,0,0,0,0,1,0,0,0,0,1,1,0,0,0,0,0,1,0,0,1,0,0,0,1,liraglutide,18.3
14,105.0,42.3,7.0,128,NCT02527200,14,1.8518518518518514,24.07407407407407,26.0,1.0,1,0,0,1,0,0,1,0,0,0,0,0,0,0,0,0,0,0,0,0,0,0,0,0,0,1,0,0,0,0,1,1,0,0,0,0,0,1,0,0,1,0,0,0,1,liraglutide,22.4
14,105.0,42.3,7.0,129,NCT02527200,31,1.8518518518518514,24.07407407407407,26.0,1.0,1,0,0,1,0,0,1,0,0,0,0,0,0,0,0,0,0,0,0,0,0,0,0,0,0,1,0,0,0,0,1,1,0,0,0,0,0,1,0,0,1,0,0,0,1,liraglutide,20.3
14,105.0,42.3,7.0,130,NCT00781937,194,1.8518518518518514,25.925925925925924,28.0,1.0,1,0,0,1,0,0,1,0,0,0,0,0,0,0,0,0,0,0,0,0,0,0,0,0,0,1,0,0,0,0,1,1,0,0,0,1,0,0,0,0,1,0,0,0,1,liraglutide,14.94
14,105.0,42.3,7.0,136,NCT04074161,117,1.8518518518518514,31.481481481481477,34.0,1.0,1,0,0,1,0,0,1,0,0,0,0,0,0,0,0,0,0,0,0,0,0,0,0,0,0,1,0,0,0,0,1,1,0,0,0,1,0,0,0,0,1,0,0,0,1,liraglutide,16.2
14,105.0,42.3,7.0,150,NCT02647944,19,1.8518518518518514,7.4074074074074066,8.0,1.0,1,0,0,1,0,0,1,0,0,0,0,0,0,0,0,0,0,0,0,0,0,0,0,0,0,1,0,0,0,0,1,1,0,0,0,1,0,0,0,1,0,0,0,0,1,liraglutide,18.41180752125651
14,105.0,42.3,7.0,155,NCT03486392,108,1.8518518518518514,12.037037037037035,13.0,1.0,1,0,0,1,0,0,1,0,0,0,0,0,0,0,0,0,0,0,0,0,0,0,0,0,0,1,0,0,0,0,1,1,0,0,0,1,0,0,0,1,0,0,0,0,1,liraglutide,15.22
14,105.0,42.3,10.0,35,NCT02453711,96,1.8518518518518514,24.07407407407407,26.0,1.0,1,0,0,1,0,0,1,0,0,0,0,0,0,0,0,0,0,0,0,0,0,0,0,0,0,1,0,0,0,0,1,1,0,0,0,1,0,0,0,1,0,0,0,0,1,liraglutide,9.53
14,105.0,42.3,10.0,51,NCT00422058,94,0.7407407407407406,3.7037037037037033,10.0,1.0,1,0,0,1,0,0,1,0,0,0,0,0,0,0,0,0,0,0,0,0,0,0,0,0,0,1,0,0,0,0,1,1,0,0,0,1,0,0,0,1,0,0,0,0,1,liraglutide,12.792791256464731
14,105.0,42.3,10.0,52,NCT00422058,90,1.111111111111111,5.5555555555555545,10.0,1.0,1,0,0,1,0,0,1,0,0,0,0,0,0,0,0,0,0,0,0,0,0,0,0,0,0,1,0,0,0,0,1,1,0,0,0,1,0,0,0,1,0,0,0,0,1,liraglutide,12.062839524734695
14,105.0,42.3,10.0,53,NCT00422058,92,1.4814814814814812,7.4074074074074066,10.0,1.0,1,0,0,1,0,0,1,0,0,0,0,0,0,0,0,0,0,0,0,0,0,0,0,0,0,1,0,0,0,0,1,1,0,0,0,1,0,0,0,1,0,0,0,0,1,liraglutide,11.375930614829269
14,105.0,42.3,10.0,54,NCT00422058,92,1.8518518518518514,9.259259259259258,10.0,1.0,1,0,0,1,0,0,1,0,0,0,0,0,0,0,0,0,0,0,0,0,0,0,0,0,0,1,0,0,0,0,1,1,0,0,0,1,0,0,0,1,0,0,0,0,1,liraglutide,10.288375893128206
14,105.0,42.3,10.0,61,NCT03158805,29,1.8518518518518514,18.518518518518515,20.0,1.0,1,0,0,1,0,0,1,0,0,0,0,0,0,0,0,0,0,0,0,0,0,0,0,0,0,1,0,0,0,0,1,1,0,0,0,1,0,0,0,1,0,0,0,0,1,liraglutide,11.5
14,105.0,42.3,10.0,102,NCT01272232,412,1.8518518518518514,25.925925925925924,28.0,1.0,1,0,0,1,0,0,1,0,0,0,0,0,0,0,0,0,0,0,0,0,0,0,0,0,0,1,0,0,0,0,1,1,0,0,0,1,0,0,0,0,1,0,0,0,1,liraglutide,11.1
14,105.0,42.3,10.0,103,NCT01272232,204,1.111111111111111,15.555555555555554,28.0,1.0,1,0,0,1,0,0,1,0,0,0,0,0,0,0,0,0,0,0,0,0,0,0,0,0,0,1,0,0,0,0,1,1,0,0,0,1,0,0,0,0,1,0,0,0,1,liraglutide,12.4
14,105.0,42.3,10.0,106,NCT01272219,2432,1.8518518518518514,25.925925925925924,28.0,1.0,1,0,0,1,0,0,1,0,0,0,0,0,0,0,0,0,0,0,0,0,0,0,0,0,0,1,0,0,0,0,1,1,0,0,0,1,0,0,0,0,1,0,0,0,1,liraglutide,9.64
14,105.0,42.3,10.0,107,NCT01272219,1467,1.8518518518518514,74.07407407407406,80.0,1.0,1,0,0,1,0,0,1,0,0,0,0,0,0,0,0,0,0,0,0,0,0,0,0,0,0,1,0,0,0,0,1,1,0,0,0,1,0,0,0,0,1,0,0,0,1,liraglutide,10.75
14,105.0,42.3,10.0,108,NCT01272219,349,1.8518518518518514,31.481481481481477,34.0,1.0,1,0,0,1,0,0,1,0,0,0,0,0,0,0,0,0,0,0,0,0,0,0,0,0,0,1,0,0,0,0,1,1,0,0,0,1,0,0,0,0,1,0,0,0,1,liraglutide,9.67
14,105.0,42.3,10.0,112,NCT01557166,175,1.8518518518518514,14.814814814814813,16.0,1.0,1,0,0,1,0,0,1,0,0,0,0,0,0,0,0,0,0,0,0,0,0,0,0,0,0,1,0,0,0,0,1,1,0,0,1,0,0,0,0,0,1,0,0,0,1,liraglutide,10.798576133665236
14,105.0,42.3,10.0,120,NCT02918279,125,1.8518518518518514,25.925925925925924,28.0,1.0,1,0,0,1,0,0,1,0,0,0,0,0,0,0,0,0,0,0,0,0,0,0,0,0,0,1,0,0,0,0,1,1,0,0,0,0,1,0,0,0,1,0,0,0,1,liraglutide,11.4
14,105.0,42.3,10.0,127,NCT02527200,17,1.8518518518518514,24.07407407407407,26.0,1.0,1,0,0,1,0,0,1,0,0,0,0,0,0,0,0,0,0,0,0,0,0,0,0,0,0,1,0,0,0,0,1,1,0,0,0,0,0,1,0,0,1,0,0,0,1,liraglutide,12.3
14,105.0,42.3,10.0,128,NCT02527200,14,1.8518518518518514,24.07407407407407,26.0,1.0,1,0,0,1,0,0,1,0,0,0,0,0,0,0,0,0,0,0,0,0,0,0,0,0,0,1,0,0,0,0,1,1,0,0,0,0,0,1,0,0,1,0,0,0,1,liraglutide,16.4
14,105.0,42.3,10.0,129,NCT02527200,31,1.8518518518518514,24.07407407407407,26.0,1.0,1,0,0,1,0,0,1,0,0,0,0,0,0,0,0,0,0,0,0,0,0,0,0,0,0,1,0,0,0,0,1,1,0,0,0,0,0,1,0,0,1,0,0,0,1,liraglutide,14.3
14,105.0,42.3,10.0,130,NCT00781937,194,1.8518518518518514,25.925925925925924,28.0,1.0,1,0,0,1,0,0,1,0,0,0,0,0,0,0,0,0,0,0,0,0,0,0,0,0,0,1,0,0,0,0,1,1,0,0,0,1,0,0,0,0,1,0,0,0,1,liraglutide,8.94
14,105.0,42.3,10.0,136,NCT04074161,117,1.8518518518518514,31.481481481481477,34.0,1.0,1,0,0,1,0,0,1,0,0,0,0,0,0,0,0,0,0,0,0,0,0,0,0,0,0,1,0,0,0,0,1,1,0,0,0,1,0,0,0,0,1,0,0,0,1,liraglutide,10.2
14,105.0,42.3,10.0,150,NCT02647944,19,1.8518518518518514,7.4074074074074066,8.0,1.0,1,0,0,1,0,0,1,0,0,0,0,0,0,0,0,0,0,0,0,0,0,0,0,0,0,1,0,0,0,0,1,1,0,0,0,1,0,0,0,1,0,0,0,0,1,liraglutide,12.41180752125651
14,105.0,42.3,10.0,155,NCT03486392,108,1.8518518518518514,12.037037037037035,13.0,1.0,1,0,0,1,0,0,1,0,0,0,0,0,0,0,0,0,0,0,0,0,0,0,0,0,0,1,0,0,0,0,1,1,0,0,0,1,0,0,0,1,0,0,0,0,1,liraglutide,9.22
42,112.0,35.0,12.0,151,NCT00005669,53,1.646090534979424,15873.015873015871,4.285714285714286,1.0,0,0,0,0,1,0,1,0,0,0,0,0,0,0,0,0,0,0,0,0,0,0,0,0,0,1,0,0,0,0,1,1,0,0,0,0,1,0,0,1,0,0,0,1,0,metformin,13.01200957649065
84,266.0,48.0,15.0,16,NCT03611582,407,2.4691358024691357,1.9988242210464433,5.666666666666667,0.14285714285714285,1,0,0,1,0,0,0,0,0,0,0,0,0,0,1,0,0,0,0,0,0,0,0,0,0,1,0,0,0,0,1,0,1,0,0,1,0,0,0,0,1,0,0,0,1,semaglutide,16.625
84,266.0,48.0,15.0,28,NCT02453711,92,0.051440329218107,0.22290809327846364,4.333333333333333,1.0,1,0,0,1,0,0,0,0,0,0,0,0,0,0,1,0,0,0,0,0,0,0,0,0,0,1,0,0,0,0,1,0,1,0,0,1,0,0,0,1,0,0,0,0,1,semaglutide,24.425
84,266.0,48.0,15.0,29,NCT02453711,96,0.102880658436214,0.4458161865569273,4.333333333333333,1.0,1,0,0,1,0,0,0,0,0,0,0,0,0,0,1,0,0,0,0,0,0,0,0,0,0,1,0,0,0,0,1,0,1,0,0,1,0,0,0,1,0,0,0,0,1,semaglutide,21.795
84,266.0,48.0,15.0,30,NCT02453711,94,0.205761316872428,0.8916323731138546,4.333333333333333,1.0,1,0,0,1,0,0,0,0,0,0,0,0,0,0,1,0,0,0,0,0,0,0,0,0,0,1,0,0,0,0,1,0,1,0,0,1,0,0,0,1,0,0,0,0,1,semaglutide,18.815
84,266.0,48.0,15.0,31,NCT02453711,95,0.30864197530864196,1.337448559670782,4.333333333333333,1.0,1,0,0,1,0,0,0,0,0,0,0,0,0,0,1,0,0,0,0,0,0,0,0,0,0,1,0,0,0,0,1,0,1,0,0,1,0,0,0,1,0,0,0,0,1,semaglutide,19.245
84,266.0,48.0,15.0,32,NCT02453711,100,0.411522633744856,1.7832647462277091,4.333333333333333,1.0,1,0,0,1,0,0,0,0,0,0,0,0,0,0,1,0,0,0,0,0,0,0,0,0,0,1,0,0,0,0,1,0,1,0,0,1,0,0,0,1,0,0,0,0,1,semaglutide,16.575
84,266.0,48.0,15.0,33,NCT02453711,95,0.30864197530864196,1.337448559670782,4.333333333333333,1.0,1,0,0,1,0,0,0,0,0,0,0,0,0,0,1,0,0,0,0,0,0,0,0,0,0,1,0,0,0,0,1,0,1,0,0,1,0,0,0,1,0,0,0,0,1,semaglutide,19.035
84,266.0,48.0,15.0,34,NCT02453711,100,0.411522633744856,1.7832647462277091,4.333333333333333,1.0,1,0,0,1,0,0,0,0,0,0,0,0,0,0,1,0,0,0,0,0,0,0,0,0,0,1,0,0,0,0,1,0,1,0,0,1,0,0,0,1,0,0,0,0,1,semaglutide,14.125
84,266.0,48.0,15.0,44,NCT04788511,246,2.4691358024691357,1.5285126396237507,4.333333333333333,0.14285714285714285,1,0,0,1,0,0,0,0,0,0,0,0,0,0,1,0,0,0,0,0,0,0,0,0,0,1,0,0,0,0,1,0,1,0,0,1,0,0,0,0,1,0,0,0,1,semaglutide,16.725
84,266.0,48.0,15.0,62,NCT03574597,7474,2.4691358024691357,3.0570252792475014,8.666666666666666,0.14285714285714285,1,0,0,1,0,0,0,0,0,0,0,0,0,0,1,0,0,0,0,0,0,0,0,0,0,1,0,0,0,0,1,0,1,0,0,1,0,0,0,0,1,0,0,0,1,semaglutide,19.605
84,266.0,48.0,15.0,63,NCT03811574,98,1.7489711934156378,1.4158338232412306,5.666666666666667,0.14285714285714285,1,0,0,1,0,0,0,0,0,0,0,0,0,0,1,0,0,0,0,0,0,0,0,0,0,1,0,0,0,0,1,0,1,0,0,1,0,0,0,0,1,0,0,0,1,semaglutide,20.125
84,266.0,48.0,15.0,64,NCT03811574,193,2.4691358024691357,1.9988242210464433,5.666666666666667,0.14285714285714285,1,0,0,1,0,0,0,0,0,0,0,0,0,0,1,0,0,0,0,0,0,0,0,0,0,1,0,0,0,0,1,0,1,0,0,1,0,0,0,0,1,0,0,0,1,semaglutide,16.625
84,266.0,48.0,15.0,99,NCT03548987,535,2.4691358024691357,1.4109347442680777,4.0,0.14285714285714285,1,0,0,1,0,0,0,0,0,0,0,0,0,0,1,0,0,0,0,0,0,0,0,0,0,1,0,0,0,0,1,0,1,0,0,1,0,0,0,0,1,0,0,0,1,semaglutide,13.225
84,266.0,48.0,15.0,101,NCT03548987,520,2.4691358024691357,1.4109347442680777,4.0,0.14285714285714285,1,0,0,1,0,0,0,0,0,0,0,0,0,0,1,0,0,0,0,0,0,0,0,0,0,1,0,0,0,0,1,0,1,0,0,1,0,0,0,0,1,0,0,0,1,semaglutide,15.825
84,266.0,48.0,15.0,104,NCT04251156,238,2.4691358024691357,1.2933568489124045,3.6666666666666665,0.14285714285714285,1,0,0,1,0,0,0,0,0,0,0,0,0,0,1,0,0,0,0,0,0,0,0,0,0,1,0,0,0,0,1,0,1,0,0,1,0,0,0,0,1,0,0,0,1,semaglutide,19.225
84,266.0,48.0,15.0,114,NCT04102189,131,2.4691358024691357,1.9988242210464433,5.666666666666667,0.14285714285714285,1,0,0,1,0,0,0,0,0,0,0,0,0,0,1,0,0,0,0,0,0,0,0,0,0,1,0,0,0,0,1,0,1,0,0,0,1,0,0,0,1,0,0,0,1,semaglutide,11.025
84,266.0,48.0,15.0,115,NCT03693430,144,2.4691358024691357,3.0570252792475014,8.666666666666666,0.14285714285714285,1,0,0,1,0,0,0,0,0,0,0,0,0,0,1,0,0,0,0,0,0,0,0,0,0,1,0,0,0,0,1,0,1,0,0,0,0,0,1,0,1,0,0,0,1,semaglutide,16.525
84,266.0,48.0,15.0,117,NCT03693430,149,2.4691358024691357,1.5285126396237507,4.333333333333333,0.14285714285714285,1,0,0,1,0,0,0,0,0,0,0,0,0,0,1,0,0,0,0,0,0,0,0,0,0,1,0,0,0,0,1,0,1,0,0,0,0,0,1,0,1,0,0,0,1,semaglutide,15.625
84,266.0,48.0,15.0,135,NCT04074161,117,2.4691358024691357,1.9988242210464433,5.666666666666667,0.14285714285714285,1,0,0,1,0,0,0,0,0,0,0,0,0,0,1,0,0,0,0,0,0,0,0,0,0,1,0,0,0,0,1,0,1,0,0,1,0,0,0,0,1,0,0,0,1,semaglutide,13.325
42,77.0,48.0,10.0,16,NCT03611582,407,5.925925925925925,9.594356261022925,11.333333333333334,0.14285714285714285,1,0,0,1,0,0,0,0,0,0,0,0,0,0,0,0,0,0,0,0,0,1,0,0,0,1,0,0,0,0,1,0,1,0,0,1,0,0,0,0,1,0,0,0,1,semaglutide,-2.5000000000000018
42,77.0,48.0,10.0,28,NCT02453711,92,0.12345679012345677,1.0699588477366253,8.666666666666666,1.0,1,0,0,1,0,0,0,0,0,0,0,0,0,0,0,0,0,0,0,0,0,1,0,0,0,1,0,0,0,0,1,0,1,0,0,1,0,0,0,1,0,0,0,0,1,semaglutide,5.3
42,77.0,48.0,10.0,29,NCT02453711,96,0.24691358024691354,2.1399176954732506,8.666666666666666,1.0,1,0,0,1,0,0,0,0,0,0,0,0,0,0,0,0,0,0,0,0,0,1,0,0,0,1,0,0,0,0,1,0,1,0,0,1,0,0,0,1,0,0,0,0,1,semaglutide,2.670000000000001
42,77.0,48.0,10.0,30,NCT02453711,94,0.4938271604938271,4.279835390946501,8.666666666666666,1.0,1,0,0,1,0,0,0,0,0,0,0,0,0,0,0,0,0,0,0,0,0,1,0,0,0,1,0,0,0,0,1,0,1,0,0,1,0,0,0,1,0,0,0,0,1,semaglutide,-0.3099999999999987
42,77.0,48.0,10.0,31,NCT02453711,95,0.7407407407407406,6.419753086419752,8.666666666666666,1.0,1,0,0,1,0,0,0,0,0,0,0,0,0,0,0,0,0,0,0,0,0,1,0,0,0,1,0,0,0,0,1,0,1,0,0,1,0,0,0,1,0,0,0,0,1,semaglutide,0.120000000000001
42,77.0,48.0,10.0,32,NCT02453711,100,0.9876543209876542,8.559670781893002,8.666666666666666,1.0,1,0,0,1,0,0,0,0,0,0,0,0,0,0,0,0,0,0,0,0,0,1,0,0,0,1,0,0,0,0,1,0,1,0,0,1,0,0,0,1,0,0,0,0,1,semaglutide,-2.5500000000000007
42,77.0,48.0,10.0,33,NCT02453711,95,0.7407407407407406,6.419753086419752,8.666666666666666,1.0,1,0,0,1,0,0,0,0,0,0,0,0,0,0,0,0,0,0,0,0,0,1,0,0,0,1,0,0,0,0,1,0,1,0,0,1,0,0,0,1,0,0,0,0,1,semaglutide,-0.0899999999999998
42,77.0,48.0,10.0,34,NCT02453711,100,0.9876543209876542,8.559670781893002,8.666666666666666,1.0,1,0,0,1,0,0,0,0,0,0,0,0,0,0,0,0,0,0,0,0,0,1,0,0,0,1,0,0,0,0,1,0,1,0,0,1,0,0,0,1,0,0,0,0,1,semaglutide,-5.0
42,77.0,48.0,10.0,44,NCT04788511,246,5.925925925925925,7.336860670194003,8.666666666666666,0.14285714285714285,1,0,0,1,0,0,0,0,0,0,0,0,0,0,0,0,0,0,0,0,0,1,0,0,0,1,0,0,0,0,1,0,1,0,0,1,0,0,0,0,1,0,0,0,1,semaglutide,-2.4000000000000004
42,77.0,48.0,10.0,62,NCT03574597,7474,5.925925925925925,14.673721340388006,17.333333333333332,0.14285714285714285,1,0,0,1,0,0,0,0,0,0,0,0,0,0,0,0,0,0,0,0,0,1,0,0,0,1,0,0,0,0,1,0,1,0,0,1,0,0,0,0,1,0,0,0,1,semaglutide,0.4799999999999986
42,77.0,48.0,10.0,63,NCT03811574,98,4.19753086419753,6.796002351557906,11.333333333333334,0.14285714285714285,1,0,0,1,0,0,0,0,0,0,0,0,0,0,0,0,0,0,0,0,0,1,0,0,0,1,0,0,0,0,1,0,1,0,0,1,0,0,0,0,1,0,0,0,1,semaglutide,1.0
42,77.0,48.0,10.0,64,NCT03811574,193,5.925925925925925,9.594356261022925,11.333333333333334,0.14285714285714285,1,0,0,1,0,0,0,0,0,0,0,0,0,0,0,0,0,0,0,0,0,1,0,0,0,1,0,0,0,0,1,0,1,0,0,1,0,0,0,0,1,0,0,0,1,semaglutide,-2.5
42,77.0,48.0,10.0,99,NCT03548987,535,5.925925925925925,6.772486772486772,8.0,0.14285714285714285,1,0,0,1,0,0,0,0,0,0,0,0,0,0,0,0,0,0,0,0,0,1,0,0,0,1,0,0,0,0,1,0,1,0,0,1,0,0,0,0,1,0,0,0,1,semaglutide,-5.9
42,77.0,48.0,10.0,101,NCT03548987,520,5.925925925925925,6.772486772486772,8.0,0.14285714285714285,1,0,0,1,0,0,0,0,0,0,0,0,0,0,0,0,0,0,0,0,0,1,0,0,0,1,0,0,0,0,1,0,1,0,0,1,0,0,0,0,1,0,0,0,1,semaglutide,-3.299999999999999
42,77.0,48.0,10.0,104,NCT04251156,238,5.925925925925925,6.20811287477954,7.333333333333333,0.14285714285714285,1,0,0,1,0,0,0,0,0,0,0,0,0,0,0,0,0,0,0,0,0,1,0,0,0,1,0,0,0,0,1,0,1,0,0,1,0,0,0,0,1,0,0,0,1,semaglutide,0.0999999999999996
42,77.0,48.0,10.0,114,NCT04102189,131,5.925925925925925,9.594356261022925,11.333333333333334,0.14285714285714285,1,0,0,1,0,0,0,0,0,0,0,0,0,0,0,0,0,0,0,0,0,1,0,0,0,1,0,0,0,0,1,0,1,0,0,0,1,0,0,0,1,0,0,0,1,semaglutide,-8.100000000000001
42,77.0,48.0,10.0,115,NCT03693430,144,5.925925925925925,14.673721340388006,17.333333333333332,0.14285714285714285,1,0,0,1,0,0,0,0,0,0,0,0,0,0,0,0,0,0,0,0,0,1,0,0,0,1,0,0,0,0,1,0,1,0,0,0,0,0,1,0,1,0,0,0,1,semaglutide,-2.6000000000000014
42,77.0,48.0,10.0,117,NCT03693430,149,5.925925925925925,7.336860670194003,8.666666666666666,0.14285714285714285,1,0,0,1,0,0,0,0,0,0,0,0,0,0,0,0,0,0,0,0,0,1,0,0,0,1,0,0,0,0,1,0,1,0,0,0,0,0,1,0,1,0,0,0,1,semaglutide,-3.5
42,77.0,48.0,10.0,135,NCT04074161,117,5.925925925925925,9.594356261022925,11.333333333333334,0.14285714285714285,1,0,0,1,0,0,0,0,0,0,0,0,0,0,0,0,0,0,0,0,0,1,0,0,0,1,0,0,0,0,1,0,1,0,0,1,0,0,0,0,1,0,0,0,1,semaglutide,-5.799999999999999
21,154.0,650.0,5.0,16,NCT03611582,407,5.925925925925925,19.18871252204585,22.666666666666668,0.14285714285714285,1,0,0,1,0,0,0,0,0,0,0,0,0,0,0,0,0,1,0,0,0,0,0,0,0,0,1,0,0,0,1,1,0,0,0,1,0,0,0,0,1,0,0,0,1,semaglutide,-2.5000000000000018
21,154.0,650.0,5.0,28,NCT02453711,92,0.12345679012345677,2.1399176954732506,17.333333333333332,1.0,1,0,0,1,0,0,0,0,0,0,0,0,0,0,0,0,0,1,0,0,0,0,0,0,0,0,1,0,0,0,1,1,0,0,0,1,0,0,0,1,0,0,0,0,1,semaglutide,5.3
21,154.0,650.0,5.0,29,NCT02453711,96,0.24691358024691354,4.279835390946501,17.333333333333332,1.0,1,0,0,1,0,0,0,0,0,0,0,0,0,0,0,0,0,1,0,0,0,0,0,0,0,0,1,0,0,0,1,1,0,0,0,1,0,0,0,1,0,0,0,0,1,semaglutide,2.670000000000001
21,154.0,650.0,5.0,30,NCT02453711,94,0.4938271604938271,8.559670781893002,17.333333333333332,1.0,1,0,0,1,0,0,0,0,0,0,0,0,0,0,0,0,0,1,0,0,0,0,0,0,0,0,1,0,0,0,1,1,0,0,0,1,0,0,0,1,0,0,0,0,1,semaglutide,-0.3099999999999987
21,154.0,650.0,5.0,31,NCT02453711,95,0.7407407407407406,12.839506172839505,17.333333333333332,1.0,1,0,0,1,0,0,0,0,0,0,0,0,0,0,0,0,0,1,0,0,0,0,0,0,0,0,1,0,0,0,1,1,0,0,0,1,0,0,0,1,0,0,0,0,1,semaglutide,0.120000000000001
21,154.0,650.0,5.0,32,NCT02453711,100,0.9876543209876542,17.119341563786005,17.333333333333332,1.0,1,0,0,1,0,0,0,0,0,0,0,0,0,0,0,0,0,1,0,0,0,0,0,0,0,0,1,0,0,0,1,1,0,0,0,1,0,0,0,1,0,0,0,0,1,semaglutide,-2.5500000000000007
21,154.0,650.0,5.0,33,NCT02453711,95,0.7407407407407406,12.839506172839505,17.333333333333332,1.0,1,0,0,1,0,0,0,0,0,0,0,0,0,0,0,0,0,1,0,0,0,0,0,0,0,0,1,0,0,0,1,1,0,0,0,1,0,0,0,1,0,0,0,0,1,semaglutide,-0.0899999999999998
21,154.0,650.0,5.0,34,NCT02453711,100,0.9876543209876542,17.119341563786005,17.333333333333332,1.0,1,0,0,1,0,0,0,0,0,0,0,0,0,0,0,0,0,1,0,0,0,0,0,0,0,0,1,0,0,0,1,1,0,0,0,1,0,0,0,1,0,0,0,0,1,semaglutide,-5.0
21,154.0,650.0,5.0,44,NCT04788511,246,5.925925925925925,14.673721340388006,17.333333333333332,0.14285714285714285,1,0,0,1,0,0,0,0,0,0,0,0,0,0,0,0,0,1,0,0,0,0,0,0,0,0,1,0,0,0,1,1,0,0,0,1,0,0,0,0,1,0,0,0,1,semaglutide,-2.4000000000000004
21,154.0,650.0,5.0,62,NCT03574597,7474,5.925925925925925,29.347442680776012,34.666666666666664,0.14285714285714285,1,0,0,1,0,0,0,0,0,0,0,0,0,0,0,0,0,1,0,0,0,0,0,0,0,0,1,0,0,0,1,1,0,0,0,1,0,0,0,0,1,0,0,0,1,semaglutide,0.4799999999999986
21,154.0,650.0,5.0,63,NCT03811574,98,4.19753086419753,13.592004703115812,22.666666666666668,0.14285714285714285,1,0,0,1,0,0,0,0,0,0,0,0,0,0,0,0,0,1,0,0,0,0,0,0,0,0,1,0,0,0,1,1,0,0,0,1,0,0,0,0,1,0,0,0,1,semaglutide,1.0
21,154.0,650.0,5.0,64,NCT03811574,193,5.925925925925925,19.18871252204585,22.666666666666668,0.14285714285714285,1,0,0,1,0,0,0,0,0,0,0,0,0,0,0,0,0,1,0,0,0,0,0,0,0,0,1,0,0,0,1,1,0,0,0,1,0,0,0,0,1,0,0,0,1,semaglutide,-2.5
21,154.0,650.0,5.0,99,NCT03548987,535,5.925925925925925,13.544973544973544,16.0,0.14285714285714285,1,0,0,1,0,0,0,0,0,0,0,0,0,0,0,0,0,1,0,0,0,0,0,0,0,0,1,0,0,0,1,1,0,0,0,1,0,0,0,0,1,0,0,0,1,semaglutide,-5.9
21,154.0,650.0,5.0,101,NCT03548987,520,5.925925925925925,13.544973544973544,16.0,0.14285714285714285,1,0,0,1,0,0,0,0,0,0,0,0,0,0,0,0,0,1,0,0,0,0,0,0,0,0,1,0,0,0,1,1,0,0,0,1,0,0,0,0,1,0,0,0,1,semaglutide,-3.299999999999999
21,154.0,650.0,5.0,104,NCT04251156,238,5.925925925925925,12.41622574955908,14.666666666666666,0.14285714285714285,1,0,0,1,0,0,0,0,0,0,0,0,0,0,0,0,0,1,0,0,0,0,0,0,0,0,1,0,0,0,1,1,0,0,0,1,0,0,0,0,1,0,0,0,1,semaglutide,0.0999999999999996
21,154.0,650.0,5.0,114,NCT04102189,131,5.925925925925925,19.18871252204585,22.666666666666668,0.14285714285714285,1,0,0,1,0,0,0,0,0,0,0,0,0,0,0,0,0,1,0,0,0,0,0,0,0,0,1,0,0,0,1,1,0,0,0,0,1,0,0,0,1,0,0,0,1,semaglutide,-8.100000000000001
21,154.0,650.0,5.0,115,NCT03693430,144,5.925925925925925,29.347442680776012,34.666666666666664,0.14285714285714285,1,0,0,1,0,0,0,0,0,0,0,0,0,0,0,0,0,1,0,0,0,0,0,0,0,0,1,0,0,0,1,1,0,0,0,0,0,0,1,0,1,0,0,0,1,semaglutide,-2.6000000000000014
21,154.0,650.0,5.0,117,NCT03693430,149,5.925925925925925,14.673721340388006,17.333333333333332,0.14285714285714285,1,0,0,1,0,0,0,0,0,0,0,0,0,0,0,0,0,1,0,0,0,0,0,0,0,0,1,0,0,0,1,1,0,0,0,0,0,0,1,0,1,0,0,0,1,semaglutide,-3.5
21,154.0,650.0,5.0,135,NCT04074161,117,5.925925925925925,19.18871252204585,22.666666666666668,0.14285714285714285,1,0,0,1,0,0,0,0,0,0,0,0,0,0,0,0,0,1,0,0,0,0,0,0,0,0,1,0,0,0,1,1,0,0,0,1,0,0,0,0,1,0,0,0,1,semaglutide,-5.799999999999999
28,154.0,45.5,9.0,16,NCT03611582,407,7.20277477534613,8.7462265129203,17.0,0.14285714285714285,1,0,0,1,0,0,1,0,0,0,0,0,0,0,0,0,0,0,0,0,0,0,0,0,0,1,0,0,0,0,1,1,0,0,0,1,0,0,0,0,1,0,0,0,1,semaglutide,5.499999999999998
28,154.0,45.5,9.0,28,NCT02453711,92,0.15005780781971106,0.9753757508281218,13.0,1.0,1,0,0,1,0,0,1,0,0,0,0,0,0,0,0,0,0,0,0,0,0,0,0,0,0,1,0,0,0,0,1,1,0,0,0,1,0,0,0,1,0,0,0,0,1,semaglutide,13.3
28,154.0,45.5,9.0,29,NCT02453711,96,0.30011561563942213,1.9507515016562436,13.0,1.0,1,0,0,1,0,0,1,0,0,0,0,0,0,0,0,0,0,0,0,0,0,0,0,0,0,1,0,0,0,0,1,1,0,0,0,1,0,0,0,1,0,0,0,0,1,semaglutide,10.670000000000002
28,154.0,45.5,9.0,30,NCT02453711,94,0.6002312312788443,3.901503003312487,13.0,1.0,1,0,0,1,0,0,1,0,0,0,0,0,0,0,0,0,0,0,0,0,0,0,0,0,0,1,0,0,0,0,1,1,0,0,0,1,0,0,0,1,0,0,0,0,1,semaglutide,7.690000000000001
28,154.0,45.5,9.0,31,NCT02453711,95,0.9003468469182663,5.852254504968731,13.0,1.0,1,0,0,1,0,0,1,0,0,0,0,0,0,0,0,0,0,0,0,0,0,0,0,0,0,1,0,0,0,0,1,1,0,0,0,1,0,0,0,1,0,0,0,0,1,semaglutide,8.120000000000001
28,154.0,45.5,9.0,32,NCT02453711,100,1.2004624625576885,7.803006006624974,13.0,1.0,1,0,0,1,0,0,1,0,0,0,0,0,0,0,0,0,0,0,0,0,0,0,0,0,0,1,0,0,0,0,1,1,0,0,0,1,0,0,0,1,0,0,0,0,1,semaglutide,5.449999999999999
28,154.0,45.5,9.0,33,NCT02453711,95,0.9003468469182663,5.852254504968731,13.0,1.0,1,0,0,1,0,0,1,0,0,0,0,0,0,0,0,0,0,0,0,0,0,0,0,0,0,1,0,0,0,0,1,1,0,0,0,1,0,0,0,1,0,0,0,0,1,semaglutide,7.91
28,154.0,45.5,9.0,34,NCT02453711,100,1.2004624625576885,7.803006006624974,13.0,1.0,1,0,0,1,0,0,1,0,0,0,0,0,0,0,0,0,0,0,0,0,0,0,0,0,0,1,0,0,0,0,1,1,0,0,0,1,0,0,0,1,0,0,0,0,1,semaglutide,3.0
28,154.0,45.5,9.0,44,NCT04788511,246,7.20277477534613,6.688290862821407,13.0,0.14285714285714285,1,0,0,1,0,0,1,0,0,0,0,0,0,0,0,0,0,0,0,0,0,0,0,0,0,1,0,0,0,0,1,1,0,0,0,1,0,0,0,0,1,0,0,0,1,semaglutide,5.6
28,154.0,45.5,9.0,62,NCT03574597,7474,7.20277477534613,13.376581725642813,26.0,0.14285714285714285,1,0,0,1,0,0,1,0,0,0,0,0,0,0,0,0,0,0,0,0,0,0,0,0,0,1,0,0,0,0,1,1,0,0,0,1,0,0,0,0,1,0,0,0,1,semaglutide,8.479999999999999
28,154.0,45.5,9.0,63,NCT03811574,98,5.101965465870175,6.195243779985213,17.0,0.14285714285714285,1,0,0,1,0,0,1,0,0,0,0,0,0,0,0,0,0,0,0,0,0,0,0,0,0,1,0,0,0,0,1,1,0,0,0,1,0,0,0,0,1,0,0,0,1,semaglutide,9.0
28,154.0,45.5,9.0,64,NCT03811574,193,7.20277477534613,8.7462265129203,17.0,0.14285714285714285,1,0,0,1,0,0,1,0,0,0,0,0,0,0,0,0,0,0,0,0,0,0,0,0,0,1,0,0,0,0,1,1,0,0,0,1,0,0,0,0,1,0,0,0,1,semaglutide,5.5
28,154.0,45.5,9.0,99,NCT03548987,535,7.20277477534613,6.173806950296684,12.0,0.14285714285714285,1,0,0,1,0,0,1,0,0,0,0,0,0,0,0,0,0,0,0,0,0,0,0,0,0,1,0,0,0,0,1,1,0,0,0,1,0,0,0,0,1,0,0,0,1,semaglutide,2.1
28,154.0,45.5,9.0,101,NCT03548987,520,7.20277477534613,6.173806950296684,12.0,0.14285714285714285,1,0,0,1,0,0,1,0,0,0,0,0,0,0,0,0,0,0,0,0,0,0,0,0,0,1,0,0,0,0,1,1,0,0,0,1,0,0,0,0,1,0,0,0,1,semaglutide,4.700000000000001
28,154.0,45.5,9.0,104,NCT04251156,238,7.20277477534613,5.659323037771959,11.0,0.14285714285714285,1,0,0,1,0,0,1,0,0,0,0,0,0,0,0,0,0,0,0,0,0,0,0,0,0,1,0,0,0,0,1,1,0,0,0,1,0,0,0,0,1,0,0,0,1,semaglutide,8.1
28,154.0,45.5,9.0,114,NCT04102189,131,7.20277477534613,8.7462265129203,17.0,0.14285714285714285,1,0,0,1,0,0,1,0,0,0,0,0,0,0,0,0,0,0,0,0,0,0,0,0,0,1,0,0,0,0,1,1,0,0,0,0,1,0,0,0,1,0,0,0,1,semaglutide,-0.1000000000000014
28,154.0,45.5,9.0,115,NCT03693430,144,7.20277477534613,13.376581725642813,26.0,0.14285714285714285,1,0,0,1,0,0,1,0,0,0,0,0,0,0,0,0,0,0,0,0,0,0,0,0,0,1,0,0,0,0,1,1,0,0,0,0,0,0,1,0,1,0,0,0,1,semaglutide,5.399999999999999
28,154.0,45.5,9.0,117,NCT03693430,149,7.20277477534613,6.688290862821407,13.0,0.14285714285714285,1,0,0,1,0,0,1,0,0,0,0,0,0,0,0,0,0,0,0,0,0,0,0,0,0,1,0,0,0,0,1,1,0,0,0,0,0,0,1,0,1,0,0,0,1,semaglutide,4.5
28,154.0,45.5,9.0,135,NCT04074161,117,7.20277477534613,8.7462265129203,17.0,0.14285714285714285,1,0,0,1,0,0,1,0,0,0,0,0,0,0,0,0,0,0,0,0,0,0,0,0,0,1,0,0,0,0,1,1,0,0,0,1,0,0,0,0,1,0,0,0,1,semaglutide,2.200000000000001
28,189.0,55.0,3.0,35,NCT02453711,96,0.9259259259259257,12.037037037037036,13.0,1.0,1,0,0,1,0,0,1,0,0,0,0,0,0,0,0,0,0,0,0,0,0,0,0,0,0,1,0,0,0,0,1,1,0,0,0,1,0,0,0,1,0,0,0,0,1,liraglutide,27.257272727272728
28,189.0,55.0,3.0,51,NCT00422058,94,0.3703703703703703,1.8518518518518519,5.0,1.0,1,0,0,1,0,0,1,0,0,0,0,0,0,0,0,0,0,0,0,0,0,0,0,0,0,1,0,0,0,0,1,1,0,0,0,1,0,0,0,1,0,0,0,0,1,liraglutide,30.520063983737455
28,189.0,55.0,3.0,52,NCT00422058,90,0.5555555555555555,2.7777777777777777,5.0,1.0,1,0,0,1,0,0,1,0,0,0,0,0,0,0,0,0,0,0,0,0,0,0,0,0,0,1,0,0,0,0,1,1,0,0,0,1,0,0,0,1,0,0,0,0,1,liraglutide,29.79011225200742
28,189.0,55.0,3.0,53,NCT00422058,92,0.7407407407407406,3.7037037037037037,5.0,1.0,1,0,0,1,0,0,1,0,0,0,0,0,0,0,0,0,0,0,0,0,0,0,0,0,0,1,0,0,0,0,1,1,0,0,0,1,0,0,0,1,0,0,0,0,1,liraglutide,29.103203342101995
28,189.0,55.0,3.0,54,NCT00422058,92,0.9259259259259257,4.62962962962963,5.0,1.0,1,0,0,1,0,0,1,0,0,0,0,0,0,0,0,0,0,0,0,0,0,0,0,0,0,1,0,0,0,0,1,1,0,0,0,1,0,0,0,1,0,0,0,0,1,liraglutide,28.01564862040093
28,189.0,55.0,3.0,61,NCT03158805,29,0.9259259259259257,9.25925925925926,10.0,1.0,1,0,0,1,0,0,1,0,0,0,0,0,0,0,0,0,0,0,0,0,0,0,0,0,0,1,0,0,0,0,1,1,0,0,0,1,0,0,0,1,0,0,0,0,1,liraglutide,29.227272727272727
28,189.0,55.0,3.0,102,NCT01272232,412,0.9259259259259257,12.962962962962964,14.0,1.0,1,0,0,1,0,0,1,0,0,0,0,0,0,0,0,0,0,0,0,0,0,0,0,0,0,1,0,0,0,0,1,1,0,0,0,1,0,0,0,0,1,0,0,0,1,liraglutide,28.827272727272728
28,189.0,55.0,3.0,103,NCT01272232,204,0.5555555555555555,7.777777777777779,14.0,1.0,1,0,0,1,0,0,1,0,0,0,0,0,0,0,0,0,0,0,0,0,0,0,0,0,0,1,0,0,0,0,1,1,0,0,0,1,0,0,0,0,1,0,0,0,1,liraglutide,30.127272727272725
28,189.0,55.0,3.0,106,NCT01272219,2432,0.9259259259259257,12.962962962962964,14.0,1.0,1,0,0,1,0,0,1,0,0,0,0,0,0,0,0,0,0,0,0,0,0,0,0,0,0,1,0,0,0,0,1,1,0,0,0,1,0,0,0,0,1,0,0,0,1,liraglutide,27.367272727272727
28,189.0,55.0,3.0,107,NCT01272219,1467,0.9259259259259257,37.03703703703704,40.0,1.0,1,0,0,1,0,0,1,0,0,0,0,0,0,0,0,0,0,0,0,0,0,0,0,0,0,1,0,0,0,0,1,1,0,0,0,1,0,0,0,0,1,0,0,0,1,liraglutide,28.477272727272727
28,189.0,55.0,3.0,108,NCT01272219,349,0.9259259259259257,15.74074074074074,17.0,1.0,1,0,0,1,0,0,1,0,0,0,0,0,0,0,0,0,0,0,0,0,0,0,0,0,0,1,0,0,0,0,1,1,0,0,0,1,0,0,0,0,1,0,0,0,1,liraglutide,27.39727272727273
28,189.0,55.0,3.0,112,NCT01557166,175,0.9259259259259257,7.407407407407407,8.0,1.0,1,0,0,1,0,0,1,0,0,0,0,0,0,0,0,0,0,0,0,0,0,0,0,0,0,1,0,0,0,0,1,1,0,0,1,0,0,0,0,0,1,0,0,0,1,liraglutide,28.525848860937963
28,189.0,55.0,3.0,120,NCT02918279,125,0.9259259259259257,12.962962962962964,14.0,1.0,1,0,0,1,0,0,1,0,0,0,0,0,0,0,0,0,0,0,0,0,0,0,0,0,0,1,0,0,0,0,1,1,0,0,0,0,1,0,0,0,1,0,0,0,1,liraglutide,29.127272727272725
28,189.0,55.0,3.0,127,NCT02527200,17,0.9259259259259257,12.037037037037036,13.0,1.0,1,0,0,1,0,0,1,0,0,0,0,0,0,0,0,0,0,0,0,0,0,0,0,0,0,1,0,0,0,0,1,1,0,0,0,0,0,1,0,0,1,0,0,0,1,liraglutide,30.027272727272727
28,189.0,55.0,3.0,128,NCT02527200,14,0.9259259259259257,12.037037037037036,13.0,1.0,1,0,0,1,0,0,1,0,0,0,0,0,0,0,0,0,0,0,0,0,0,0,0,0,0,1,0,0,0,0,1,1,0,0,0,0,0,1,0,0,1,0,0,0,1,liraglutide,34.127272727272725
28,189.0,55.0,3.0,129,NCT02527200,31,0.9259259259259257,12.037037037037036,13.0,1.0,1,0,0,1,0,0,1,0,0,0,0,0,0,0,0,0,0,0,0,0,0,0,0,0,0,1,0,0,0,0,1,1,0,0,0,0,0,1,0,0,1,0,0,0,1,liraglutide,32.027272727272724
28,189.0,55.0,3.0,130,NCT00781937,194,0.9259259259259257,12.962962962962964,14.0,1.0,1,0,0,1,0,0,1,0,0,0,0,0,0,0,0,0,0,0,0,0,0,0,0,0,0,1,0,0,0,0,1,1,0,0,0,1,0,0,0,0,1,0,0,0,1,liraglutide,26.667272727272724
28,189.0,55.0,3.0,136,NCT04074161,117,0.9259259259259257,15.74074074074074,17.0,1.0,1,0,0,1,0,0,1,0,0,0,0,0,0,0,0,0,0,0,0,0,0,0,0,0,0,1,0,0,0,0,1,1,0,0,0,1,0,0,0,0,1,0,0,0,1,liraglutide,27.92727272727273
28,189.0,55.0,3.0,150,NCT02647944,19,0.9259259259259257,3.7037037037037037,4.0,1.0,1,0,0,1,0,0,1,0,0,0,0,0,0,0,0,0,0,0,0,0,0,0,0,0,0,1,0,0,0,0,1,1,0,0,0,1,0,0,0,1,0,0,0,0,1,liraglutide,30.13908024852924
28,189.0,55.0,3.0,155,NCT03486392,108,0.9259259259259257,6.018518518518518,6.5,1.0,1,0,0,1,0,0,1,0,0,0,0,0,0,0,0,0,0,0,0,0,0,0,0,0,0,1,0,0,0,0,1,1,0,0,0,1,0,0,0,1,0,0,0,0,1,liraglutide,26.947272727272725
28,189.0,55.0,3.0,16,NCT03611582,407,4.938271604938271,11.992945326278658,17.0,0.14285714285714285,1,0,0,1,0,0,1,0,0,0,0,0,0,0,0,0,0,0,0,0,0,0,0,0,0,1,0,0,0,0,1,1,0,0,0,1,0,0,0,0,1,0,0,0,1,semaglutide,19.409090909090907
28,189.0,55.0,3.0,28,NCT02453711,92,0.102880658436214,1.3374485596707817,13.0,1.0,1,0,0,1,0,0,1,0,0,0,0,0,0,0,0,0,0,0,0,0,0,0,0,0,0,1,0,0,0,0,1,1,0,0,0,1,0,0,0,1,0,0,0,0,1,semaglutide,27.209090909090907
28,189.0,55.0,3.0,29,NCT02453711,96,0.205761316872428,2.6748971193415634,13.0,1.0,1,0,0,1,0,0,1,0,0,0,0,0,0,0,0,0,0,0,0,0,0,0,0,0,0,1,0,0,0,0,1,1,0,0,0,1,0,0,0,1,0,0,0,0,1,semaglutide,24.579090909090908
28,189.0,55.0,3.0,30,NCT02453711,94,0.411522633744856,5.349794238683127,13.0,1.0,1,0,0,1,0,0,1,0,0,0,0,0,0,0,0,0,0,0,0,0,0,0,0,0,0,1,0,0,0,0,1,1,0,0,0,1,0,0,0,1,0,0,0,0,1,semaglutide,21.599090909090908
28,189.0,55.0,3.0,31,NCT02453711,95,0.6172839506172839,8.024691358024691,13.0,1.0,1,0,0,1,0,0,1,0,0,0,0,0,0,0,0,0,0,0,0,0,0,0,0,0,0,1,0,0,0,0,1,1,0,0,0,1,0,0,0,1,0,0,0,0,1,semaglutide,22.029090909090908
28,189.0,55.0,3.0,32,NCT02453711,100,0.823045267489712,10.699588477366254,13.0,1.0,1,0,0,1,0,0,1,0,0,0,0,0,0,0,0,0,0,0,0,0,0,0,0,0,0,1,0,0,0,0,1,1,0,0,0,1,0,0,0,1,0,0,0,0,1,semaglutide,19.359090909090902
28,189.0,55.0,3.0,33,NCT02453711,95,0.6172839506172839,8.024691358024691,13.0,1.0,1,0,0,1,0,0,1,0,0,0,0,0,0,0,0,0,0,0,0,0,0,0,0,0,0,1,0,0,0,0,1,1,0,0,0,1,0,0,0,1,0,0,0,0,1,semaglutide,21.819090909090907
28,189.0,55.0,3.0,34,NCT02453711,100,0.823045267489712,10.699588477366254,13.0,1.0,1,0,0,1,0,0,1,0,0,0,0,0,0,0,0,0,0,0,0,0,0,0,0,0,0,1,0,0,0,0,1,1,0,0,0,1,0,0,0,1,0,0,0,0,1,semaglutide,16.909090909090907
28,189.0,55.0,3.0,44,NCT04788511,246,4.938271604938271,9.171075837742503,13.0,0.14285714285714285,1,0,0,1,0,0,1,0,0,0,0,0,0,0,0,0,0,0,0,0,0,0,0,0,0,1,0,0,0,0,1,1,0,0,0,1,0,0,0,0,1,0,0,0,1,semaglutide,19.509090909090908
28,189.0,55.0,3.0,62,NCT03574597,7474,4.938271604938271,18.342151675485006,26.0,0.14285714285714285,1,0,0,1,0,0,1,0,0,0,0,0,0,0,0,0,0,0,0,0,0,0,0,0,0,1,0,0,0,0,1,1,0,0,0,1,0,0,0,0,1,0,0,0,1,semaglutide,22.389090909090903
28,189.0,55.0,3.0,63,NCT03811574,98,3.4979423868312756,8.495002939447383,17.0,0.14285714285714285,1,0,0,1,0,0,1,0,0,0,0,0,0,0,0,0,0,0,0,0,0,0,0,0,0,1,0,0,0,0,1,1,0,0,0,1,0,0,0,0,1,0,0,0,1,semaglutide,22.909090909090907
28,189.0,55.0,3.0,64,NCT03811574,193,4.938271604938271,11.992945326278658,17.0,0.14285714285714285,1,0,0,1,0,0,1,0,0,0,0,0,0,0,0,0,0,0,0,0,0,0,0,0,0,1,0,0,0,0,1,1,0,0,0,1,0,0,0,0,1,0,0,0,1,semaglutide,19.409090909090907
28,189.0,55.0,3.0,99,NCT03548987,535,4.938271604938271,8.465608465608465,12.0,0.14285714285714285,1,0,0,1,0,0,1,0,0,0,0,0,0,0,0,0,0,0,0,0,0,0,0,0,0,1,0,0,0,0,1,1,0,0,0,1,0,0,0,0,1,0,0,0,1,semaglutide,16.009090909090908
28,189.0,55.0,3.0,101,NCT03548987,520,4.938271604938271,8.465608465608465,12.0,0.14285714285714285,1,0,0,1,0,0,1,0,0,0,0,0,0,0,0,0,0,0,0,0,0,0,0,0,0,1,0,0,0,0,1,1,0,0,0,1,0,0,0,0,1,0,0,0,1,semaglutide,18.60909090909091
28,189.0,55.0,3.0,104,NCT04251156,238,4.938271604938271,7.760141093474426,11.0,0.14285714285714285,1,0,0,1,0,0,1,0,0,0,0,0,0,0,0,0,0,0,0,0,0,0,0,0,0,1,0,0,0,0,1,1,0,0,0,1,0,0,0,0,1,0,0,0,1,semaglutide,22.009090909090908
28,189.0,55.0,3.0,114,NCT04102189,131,4.938271604938271,11.992945326278658,17.0,0.14285714285714285,1,0,0,1,0,0,1,0,0,0,0,0,0,0,0,0,0,0,0,0,0,0,0,0,0,1,0,0,0,0,1,1,0,0,0,0,1,0,0,0,1,0,0,0,1,semaglutide,13.809090909090903
28,189.0,55.0,3.0,115,NCT03693430,144,4.938271604938271,18.342151675485006,26.0,0.14285714285714285,1,0,0,1,0,0,1,0,0,0,0,0,0,0,0,0,0,0,0,0,0,0,0,0,0,1,0,0,0,0,1,1,0,0,0,0,0,0,1,0,1,0,0,0,1,semaglutide,19.309090909090905
28,189.0,55.0,3.0,117,NCT03693430,149,4.938271604938271,9.171075837742503,13.0,0.14285714285714285,1,0,0,1,0,0,1,0,0,0,0,0,0,0,0,0,0,0,0,0,0,0,0,0,0,1,0,0,0,0,1,1,0,0,0,0,0,0,1,0,1,0,0,0,1,semaglutide,18.409090909090907
28,189.0,55.0,3.0,135,NCT04074161,117,4.938271604938271,11.992945326278658,17.0,0.14285714285714285,1,0,0,1,0,0,1,0,0,0,0,0,0,0,0,0,0,0,0,0,0,0,0,0,0,1,0,0,0,0,1,1,0,0,0,1,0,0,0,0,1,0,0,0,1,semaglutide,16.10909090909091
3,231.0,32.0,6.0,16,NCT03611582,407,1.288244766505636,29.200214707461075,158.66666666666666,0.14285714285714285,0,0,1,0,0,0,1,0,0,0,0,0,0,0,0,0,0,0,0,0,0,0,0,0,0,1,0,0,0,0,1,1,0,0,0,1,0,0,0,0,1,0,0,0,1,semaglutide,-6.954545454545456
3,231.0,32.0,6.0,28,NCT02453711,92,0.026838432635534086,3.256396493111468,121.33333333333333,1.0,0,0,1,0,0,0,1,0,0,0,0,0,0,0,0,0,0,0,0,0,0,0,0,0,0,1,0,0,0,0,1,1,0,0,0,1,0,0,0,1,0,0,0,0,1,semaglutide,0.8454545454545457
3,231.0,32.0,6.0,29,NCT02453711,96,0.05367686527106817,6.512792986222936,121.33333333333333,1.0,0,0,1,0,0,0,1,0,0,0,0,0,0,0,0,0,0,0,0,0,0,0,0,0,0,1,0,0,0,0,1,1,0,0,0,1,0,0,0,1,0,0,0,0,1,semaglutide,-1.784545454545453
3,231.0,32.0,6.0,30,NCT02453711,94,0.10735373054213634,13.025585972445873,121.33333333333333,1.0,0,0,1,0,0,0,1,0,0,0,0,0,0,0,0,0,0,0,0,0,0,0,0,0,0,1,0,0,0,0,1,1,0,0,0,1,0,0,0,1,0,0,0,0,1,semaglutide,-4.764545454545453
3,231.0,32.0,6.0,31,NCT02453711,95,0.1610305958132045,19.538378958668808,121.33333333333333,1.0,0,0,1,0,0,0,1,0,0,0,0,0,0,0,0,0,0,0,0,0,0,0,0,0,0,1,0,0,0,0,1,1,0,0,0,1,0,0,0,1,0,0,0,0,1,semaglutide,-4.334545454545453
3,231.0,32.0,6.0,32,NCT02453711,100,0.2147074610842727,26.051171944891745,121.33333333333333,1.0,0,0,1,0,0,0,1,0,0,0,0,0,0,0,0,0,0,0,0,0,0,0,0,0,0,1,0,0,0,0,1,1,0,0,0,1,0,0,0,1,0,0,0,0,1,semaglutide,-7.004545454545455
3,231.0,32.0,6.0,33,NCT02453711,95,0.1610305958132045,19.538378958668808,121.33333333333333,1.0,0,0,1,0,0,0,1,0,0,0,0,0,0,0,0,0,0,0,0,0,0,0,0,0,0,1,0,0,0,0,1,1,0,0,0,1,0,0,0,1,0,0,0,0,1,semaglutide,-4.544545454545454
3,231.0,32.0,6.0,34,NCT02453711,100,0.2147074610842727,26.051171944891745,121.33333333333333,1.0,0,0,1,0,0,0,1,0,0,0,0,0,0,0,0,0,0,0,0,0,0,0,0,0,0,1,0,0,0,0,1,1,0,0,0,1,0,0,0,1,0,0,0,0,1,semaglutide,-9.454545454545451
3,231.0,32.0,6.0,44,NCT04788511,246,1.288244766505636,22.32957595276435,121.33333333333333,0.14285714285714285,0,0,1,0,0,0,1,0,0,0,0,0,0,0,0,0,0,0,0,0,0,0,0,0,0,1,0,0,0,0,1,1,0,0,0,1,0,0,0,0,1,0,0,0,1,semaglutide,-6.854545454545455
3,231.0,32.0,6.0,62,NCT03574597,7474,1.288244766505636,44.6591519055287,242.66666666666666,0.14285714285714285,0,0,1,0,0,0,1,0,0,0,0,0,0,0,0,0,0,0,0,0,0,0,0,0,0,1,0,0,0,0,1,1,0,0,0,1,0,0,0,0,1,0,0,0,1,semaglutide,-3.974545454545456
3,231.0,32.0,6.0,63,NCT03811574,98,0.9125067096081588,20.68348541778493,158.66666666666666,0.14285714285714285,0,0,1,0,0,0,1,0,0,0,0,0,0,0,0,0,0,0,0,0,0,0,0,0,0,1,0,0,0,0,1,1,0,0,0,1,0,0,0,0,1,0,0,0,1,semaglutide,-3.454545454545454
3,231.0,32.0,6.0,64,NCT03811574,193,1.288244766505636,29.200214707461075,158.66666666666666,0.14285714285714285,0,0,1,0,0,0,1,0,0,0,0,0,0,0,0,0,0,0,0,0,0,0,0,0,0,1,0,0,0,0,1,1,0,0,0,1,0,0,0,0,1,0,0,0,1,semaglutide,-6.954545454545454
3,231.0,32.0,6.0,99,NCT03548987,535,1.288244766505636,20.611916264090173,112.0,0.14285714285714285,0,0,1,0,0,0,1,0,0,0,0,0,0,0,0,0,0,0,0,0,0,0,0,0,0,1,0,0,0,0,1,1,0,0,0,1,0,0,0,0,1,0,0,0,1,semaglutide,-10.354545454545455
3,231.0,32.0,6.0,101,NCT03548987,520,1.288244766505636,20.611916264090173,112.0,0.14285714285714285,0,0,1,0,0,0,1,0,0,0,0,0,0,0,0,0,0,0,0,0,0,0,0,0,0,1,0,0,0,0,1,1,0,0,0,1,0,0,0,0,1,0,0,0,1,semaglutide,-7.754545454545453
3,231.0,32.0,6.0,104,NCT04251156,238,1.288244766505636,18.89425657541599,102.66666666666667,0.14285714285714285,0,0,1,0,0,0,1,0,0,0,0,0,0,0,0,0,0,0,0,0,0,0,0,0,0,1,0,0,0,0,1,1,0,0,0,1,0,0,0,0,1,0,0,0,1,semaglutide,-4.354545454545455
3,231.0,32.0,6.0,114,NCT04102189,131,1.288244766505636,29.200214707461075,158.66666666666666,0.14285714285714285,0,0,1,0,0,0,1,0,0,0,0,0,0,0,0,0,0,0,0,0,0,0,0,0,0,1,0,0,0,0,1,1,0,0,0,0,1,0,0,0,1,0,0,0,1,semaglutide,-12.554545454545456
3,231.0,32.0,6.0,115,NCT03693430,144,1.288244766505636,44.6591519055287,242.66666666666666,0.14285714285714285,0,0,1,0,0,0,1,0,0,0,0,0,0,0,0,0,0,0,0,0,0,0,0,0,0,1,0,0,0,0,1,1,0,0,0,0,0,0,1,0,1,0,0,0,1,semaglutide,-7.054545454545456
3,231.0,32.0,6.0,117,NCT03693430,149,1.288244766505636,22.32957595276435,121.33333333333333,0.14285714285714285,0,0,1,0,0,0,1,0,0,0,0,0,0,0,0,0,0,0,0,0,0,0,0,0,0,1,0,0,0,0,1,1,0,0,0,0,0,0,1,0,1,0,0,0,1,semaglutide,-7.954545454545454
3,231.0,32.0,6.0,135,NCT04074161,117,1.288244766505636,29.200214707461075,158.66666666666666,0.14285714285714285,0,0,1,0,0,0,1,0,0,0,0,0,0,0,0,0,0,0,0,0,0,0,0,0,0,1,0,0,0,0,1,1,0,0,0,1,0,0,0,0,1,0,0,0,1,semaglutide,-10.254545454545454
3,252.0,32.0,6.0,16,NCT03611582,407,0.42328042328042326,9.594356261022925,158.66666666666666,0.14285714285714285,0,0,1,0,0,0,1,0,0,0,0,0,0,0,0,0,0,0,0,0,0,0,0,0,0,1,0,0,0,0,1,1,0,0,0,1,0,0,0,0,1,0,0,0,1,semaglutide,-6.227272727272732
3,252.0,32.0,6.0,28,NCT02453711,92,0.008818342151675486,1.0699588477366253,121.33333333333333,1.0,0,0,1,0,0,0,1,0,0,0,0,0,0,0,0,0,0,0,0,0,0,0,0,0,0,1,0,0,0,0,1,1,0,0,0,1,0,0,0,1,0,0,0,0,1,semaglutide,1.5727272727272696
3,252.0,32.0,6.0,29,NCT02453711,96,0.017636684303350973,2.1399176954732506,121.33333333333333,1.0,0,0,1,0,0,0,1,0,0,0,0,0,0,0,0,0,0,0,0,0,0,0,0,0,0,1,0,0,0,0,1,1,0,0,0,1,0,0,0,1,0,0,0,0,1,semaglutide,-1.0572727272727294
3,252.0,32.0,6.0,30,NCT02453711,94,0.035273368606701945,4.279835390946501,121.33333333333333,1.0,0,0,1,0,0,0,1,0,0,0,0,0,0,0,0,0,0,0,0,0,0,0,0,0,0,1,0,0,0,0,1,1,0,0,0,1,0,0,0,1,0,0,0,0,1,semaglutide,-4.037272727272729
3,252.0,32.0,6.0,31,NCT02453711,95,0.05291005291005291,6.419753086419752,121.33333333333333,1.0,0,0,1,0,0,0,1,0,0,0,0,0,0,0,0,0,0,0,0,0,0,0,0,0,0,1,0,0,0,0,1,1,0,0,0,1,0,0,0,1,0,0,0,0,1,semaglutide,-3.607272727272729
3,252.0,32.0,6.0,32,NCT02453711,100,0.07054673721340389,8.559670781893002,121.33333333333333,1.0,0,0,1,0,0,0,1,0,0,0,0,0,0,0,0,0,0,0,0,0,0,0,0,0,0,1,0,0,0,0,1,1,0,0,0,1,0,0,0,1,0,0,0,0,1,semaglutide,-6.277272727272731
3,252.0,32.0,6.0,33,NCT02453711,95,0.05291005291005291,6.419753086419752,121.33333333333333,1.0,0,0,1,0,0,0,1,0,0,0,0,0,0,0,0,0,0,0,0,0,0,0,0,0,0,1,0,0,0,0,1,1,0,0,0,1,0,0,0,1,0,0,0,0,1,semaglutide,-3.81727272727273
3,252.0,32.0,6.0,34,NCT02453711,100,0.07054673721340389,8.559670781893002,121.33333333333333,1.0,0,0,1,0,0,0,1,0,0,0,0,0,0,0,0,0,0,0,0,0,0,0,0,0,0,1,0,0,0,0,1,1,0,0,0,1,0,0,0,1,0,0,0,0,1,semaglutide,-8.72727272727273
3,252.0,32.0,6.0,44,NCT04788511,246,0.42328042328042326,7.336860670194003,121.33333333333333,0.14285714285714285,0,0,1,0,0,0,1,0,0,0,0,0,0,0,0,0,0,0,0,0,0,0,0,0,0,1,0,0,0,0,1,1,0,0,0,1,0,0,0,0,1,0,0,0,1,semaglutide,-6.1272727272727305
3,252.0,32.0,6.0,62,NCT03574597,7474,0.42328042328042326,14.673721340388006,242.66666666666666,0.14285714285714285,0,0,1,0,0,0,1,0,0,0,0,0,0,0,0,0,0,0,0,0,0,0,0,0,0,1,0,0,0,0,1,1,0,0,0,1,0,0,0,0,1,0,0,0,1,semaglutide,-3.2472727272727315
3,252.0,32.0,6.0,63,NCT03811574,98,0.2998236331569665,6.796002351557906,158.66666666666666,0.14285714285714285,0,0,1,0,0,0,1,0,0,0,0,0,0,0,0,0,0,0,0,0,0,0,0,0,0,1,0,0,0,0,1,1,0,0,0,1,0,0,0,0,1,0,0,0,1,semaglutide,-2.72727272727273
3,252.0,32.0,6.0,64,NCT03811574,193,0.42328042328042326,9.594356261022925,158.66666666666666,0.14285714285714285,0,0,1,0,0,0,1,0,0,0,0,0,0,0,0,0,0,0,0,0,0,0,0,0,0,1,0,0,0,0,1,1,0,0,0,1,0,0,0,0,1,0,0,0,1,semaglutide,-6.22727272727273
3,252.0,32.0,6.0,99,NCT03548987,535,0.42328042328042326,6.772486772486772,112.0,0.14285714285714285,0,0,1,0,0,0,1,0,0,0,0,0,0,0,0,0,0,0,0,0,0,0,0,0,0,1,0,0,0,0,1,1,0,0,0,1,0,0,0,0,1,0,0,0,1,semaglutide,-9.62727272727273
3,252.0,32.0,6.0,101,NCT03548987,520,0.42328042328042326,6.772486772486772,112.0,0.14285714285714285,0,0,1,0,0,0,1,0,0,0,0,0,0,0,0,0,0,0,0,0,0,0,0,0,0,1,0,0,0,0,1,1,0,0,0,1,0,0,0,0,1,0,0,0,1,semaglutide,-7.027272727272729
3,252.0,32.0,6.0,104,NCT04251156,238,0.42328042328042326,6.20811287477954,102.66666666666667,0.14285714285714285,0,0,1,0,0,0,1,0,0,0,0,0,0,0,0,0,0,0,0,0,0,0,0,0,0,1,0,0,0,0,1,1,0,0,0,1,0,0,0,0,1,0,0,0,1,semaglutide,-3.6272727272727305
3,252.0,32.0,6.0,114,NCT04102189,131,0.42328042328042326,9.594356261022925,158.66666666666666,0.14285714285714285,0,0,1,0,0,0,1,0,0,0,0,0,0,0,0,0,0,0,0,0,0,0,0,0,0,1,0,0,0,0,1,1,0,0,0,0,1,0,0,0,1,0,0,0,1,semaglutide,-11.827272727272732
3,252.0,32.0,6.0,115,NCT03693430,144,0.42328042328042326,14.673721340388006,242.66666666666666,0.14285714285714285,0,0,1,0,0,0,1,0,0,0,0,0,0,0,0,0,0,0,0,0,0,0,0,0,0,1,0,0,0,0,1,1,0,0,0,0,0,0,1,0,1,0,0,0,1,semaglutide,-6.327272727272732
3,252.0,32.0,6.0,117,NCT03693430,149,0.42328042328042326,7.336860670194003,121.33333333333333,0.14285714285714285,0,0,1,0,0,0,1,0,0,0,0,0,0,0,0,0,0,0,0,0,0,0,0,0,0,1,0,0,0,0,1,1,0,0,0,0,0,0,1,0,1,0,0,0,1,semaglutide,-7.22727272727273
3,252.0,32.0,6.0,135,NCT04074161,117,0.42328042328042326,9.594356261022925,158.66666666666666,0.14285714285714285,0,0,1,0,0,0,1,0,0,0,0,0,0,0,0,0,0,0,0,0,0,0,0,0,0,1,0,0,0,0,1,1,0,0,0,1,0,0,0,0,1,0,0,0,1,semaglutide,-9.52727272727273
63,168.0,42.3,8.0,35,NCT02453711,96,5.29100529100529,62.12664277180404,5.777777777777778,2.0,1,0,0,1,0,0,1,0,0,0,0,0,0,0,0,0,0,0,0,0,0,0,0,0,0,1,0,0,0,0,1,1,0,0,0,1,0,0,0,1,0,0,0,0,1,liraglutide,12.53
63,168.0,42.3,8.0,51,NCT00422058,94,2.1164021164021163,9.557945041816007,2.2222222222222223,2.0,1,0,0,1,0,0,1,0,0,0,0,0,0,0,0,0,0,0,0,0,0,0,0,0,0,1,0,0,0,0,1,1,0,0,0,1,0,0,0,1,0,0,0,0,1,liraglutide,15.792791256464731
63,168.0,42.3,8.0,52,NCT00422058,90,3.1746031746031744,14.33691756272401,2.2222222222222223,2.0,1,0,0,1,0,0,1,0,0,0,0,0,0,0,0,0,0,0,0,0,0,0,0,0,0,1,0,0,0,0,1,1,0,0,0,1,0,0,0,1,0,0,0,0,1,liraglutide,15.062839524734695
63,168.0,42.3,8.0,53,NCT00422058,92,4.232804232804233,19.115890083632014,2.2222222222222223,2.0,1,0,0,1,0,0,1,0,0,0,0,0,0,0,0,0,0,0,0,0,0,0,0,0,0,1,0,0,0,0,1,1,0,0,0,1,0,0,0,1,0,0,0,0,1,liraglutide,14.375930614829269
63,168.0,42.3,8.0,54,NCT00422058,92,5.29100529100529,23.894862604540016,2.2222222222222223,2.0,1,0,0,1,0,0,1,0,0,0,0,0,0,0,0,0,0,0,0,0,0,0,0,0,0,1,0,0,0,0,1,1,0,0,0,1,0,0,0,1,0,0,0,0,1,liraglutide,13.288375893128206
63,168.0,42.3,8.0,61,NCT03158805,29,5.29100529100529,47.78972520908003,4.444444444444445,2.0,1,0,0,1,0,0,1,0,0,0,0,0,0,0,0,0,0,0,0,0,0,0,0,0,0,1,0,0,0,0,1,1,0,0,0,1,0,0,0,1,0,0,0,0,1,liraglutide,14.5
63,168.0,42.3,8.0,102,NCT01272232,412,5.29100529100529,66.90561529271204,6.222222222222222,2.0,1,0,0,1,0,0,1,0,0,0,0,0,0,0,0,0,0,0,0,0,0,0,0,0,0,1,0,0,0,0,1,1,0,0,0,1,0,0,0,0,1,0,0,0,1,liraglutide,14.1
63,168.0,42.3,8.0,103,NCT01272232,204,3.1746031746031744,40.14336917562723,6.222222222222222,2.0,1,0,0,1,0,0,1,0,0,0,0,0,0,0,0,0,0,0,0,0,0,0,0,0,0,1,0,0,0,0,1,1,0,0,0,1,0,0,0,0,1,0,0,0,1,liraglutide,15.4
63,168.0,42.3,8.0,106,NCT01272219,2432,5.29100529100529,66.90561529271204,6.222222222222222,2.0,1,0,0,1,0,0,1,0,0,0,0,0,0,0,0,0,0,0,0,0,0,0,0,0,0,1,0,0,0,0,1,1,0,0,0,1,0,0,0,0,1,0,0,0,1,liraglutide,12.64
63,168.0,42.3,8.0,107,NCT01272219,1467,5.29100529100529,191.15890083632013,17.77777777777778,2.0,1,0,0,1,0,0,1,0,0,0,0,0,0,0,0,0,0,0,0,0,0,0,0,0,0,1,0,0,0,0,1,1,0,0,0,1,0,0,0,0,1,0,0,0,1,liraglutide,13.75
63,168.0,42.3,8.0,108,NCT01272219,349,5.29100529100529,81.24253285543605,7.555555555555555,2.0,1,0,0,1,0,0,1,0,0,0,0,0,0,0,0,0,0,0,0,0,0,0,0,0,0,1,0,0,0,0,1,1,0,0,0,1,0,0,0,0,1,0,0,0,1,liraglutide,12.67
63,168.0,42.3,8.0,112,NCT01557166,175,5.29100529100529,38.23178016726403,3.5555555555555554,2.0,1,0,0,1,0,0,1,0,0,0,0,0,0,0,0,0,0,0,0,0,0,0,0,0,0,1,0,0,0,0,1,1,0,0,1,0,0,0,0,0,1,0,0,0,1,liraglutide,13.798576133665236
63,168.0,42.3,8.0,120,NCT02918279,125,5.29100529100529,66.90561529271204,6.222222222222222,2.0,1,0,0,1,0,0,1,0,0,0,0,0,0,0,0,0,0,0,0,0,0,0,0,0,0,1,0,0,0,0,1,1,0,0,0,0,1,0,0,0,1,0,0,0,1,liraglutide,14.4
63,168.0,42.3,8.0,127,NCT02527200,17,5.29100529100529,62.12664277180404,5.777777777777778,2.0,1,0,0,1,0,0,1,0,0,0,0,0,0,0,0,0,0,0,0,0,0,0,0,0,0,1,0,0,0,0,1,1,0,0,0,0,0,1,0,0,1,0,0,0,1,liraglutide,15.3
63,168.0,42.3,8.0,128,NCT02527200,14,5.29100529100529,62.12664277180404,5.777777777777778,2.0,1,0,0,1,0,0,1,0,0,0,0,0,0,0,0,0,0,0,0,0,0,0,0,0,0,1,0,0,0,0,1,1,0,0,0,0,0,1,0,0,1,0,0,0,1,liraglutide,19.4
63,168.0,42.3,8.0,129,NCT02527200,31,5.29100529100529,62.12664277180404,5.777777777777778,2.0,1,0,0,1,0,0,1,0,0,0,0,0,0,0,0,0,0,0,0,0,0,0,0,0,0,1,0,0,0,0,1,1,0,0,0,0,0,1,0,0,1,0,0,0,1,liraglutide,17.3
63,168.0,42.3,8.0,130,NCT00781937,194,5.29100529100529,66.90561529271204,6.222222222222222,2.0,1,0,0,1,0,0,1,0,0,0,0,0,0,0,0,0,0,0,0,0,0,0,0,0,0,1,0,0,0,0,1,1,0,0,0,1,0,0,0,0,1,0,0,0,1,liraglutide,11.94
63,168.0,42.3,8.0,136,NCT04074161,117,5.29100529100529,81.24253285543605,7.555555555555555,2.0,1,0,0,1,0,0,1,0,0,0,0,0,0,0,0,0,0,0,0,0,0,0,0,0,0,1,0,0,0,0,1,1,0,0,0,1,0,0,0,0,1,0,0,0,1,liraglutide,13.2
63,168.0,42.3,8.0,150,NCT02647944,19,5.29100529100529,19.115890083632014,1.7777777777777777,2.0,1,0,0,1,0,0,1,0,0,0,0,0,0,0,0,0,0,0,0,0,0,0,0,0,0,1,0,0,0,0,1,1,0,0,0,1,0,0,0,1,0,0,0,0,1,liraglutide,15.41180752125651
63,168.0,42.3,8.0,155,NCT03486392,108,5.29100529100529,31.06332138590202,2.888888888888889,2.0,1,0,0,1,0,0,1,0,0,0,0,0,0,0,0,0,0,0,0,0,0,0,0,0,0,1,0,0,0,0,1,1,0,0,0,1,0,0,0,1,0,0,0,0,1,liraglutide,12.22
1,112.0,513.4,11.0,15,NCT02160990,10,0.10288065843621398,6.1728395061728385,30.0,1.0,0,1,0,0,0,0,0,0,0,0,0,0,0,0,0,0,0,1,0,0,0,0,0,0,0,0,1,0,0,0,1,1,0,0,0,1,0,0,0,0,0,1,0,0,1,exenatide,0.3022860329906806
1,112.0,513.4,11.0,71,NCT00856609,31,0.20576131687242796,14.40329218106996,35.0,1.0,0,1,0,0,0,0,0,0,0,0,0,0,0,0,0,0,0,1,0,0,0,0,0,0,0,0,1,0,0,0,1,1,0,0,1,0,0,0,0,0,1,0,0,0,1,exenatide,-0.5477402877816347
42,70.0,21.9,8.0,151,NCT00005669,53,0.823045267489712,7.054673721340388,4.285714285714286,1.0,1,0,1,0,0,0,1,0,0,0,0,0,0,0,0,0,0,0,0,0,0,0,0,0,0,1,0,0,0,0,1,1,0,0,0,0,1,0,0,1,0,0,0,1,0,metformin,64.36230311856502
70,28.0,33.0,6.0,151,NCT00005669,53,0.823045267489712,4.232804232804233,2.5714285714285716,1.0,1,0,1,0,0,0,0,0,0,0,0,0,0,0,0,0,0,0,0,0,0,0,1,0,0,1,0,0,0,0,1,0,1,0,0,0,1,0,0,1,0,0,0,1,0,metformin,1.5834381479192237
9,224.0,38.4,6.0,151,NCT00005669,53,0.823045267489712,32.92181069958848,20.0,1.0,1,0,1,0,0,0,1,0,0,0,0,0,0,0,0,0,0,0,0,0,0,0,0,0,0,1,0,1,0,0,0,1,0,0,0,0,1,0,0,1,0,0,0,1,0,metformin,1.858735766966852
9,231.0,42.3,9.0,35,NCT02453711,96,1.8518518518518514,37.44855967078189,40.44444444444444,1.0,1,0,0,1,0,0,0,0,0,0,0,0,0,0,0,0,0,0,1,0,0,0,0,0,0,1,0,0,0,0,1,1,0,0,0,1,0,0,0,1,0,0,0,0,1,liraglutide,4.505062344139652
9,231.0,42.3,9.0,51,NCT00422058,94,0.7407407407407406,5.761316872427983,15.555555555555555,1.0,1,0,0,1,0,0,0,0,0,0,0,0,0,0,0,0,0,0,1,0,0,0,0,0,0,1,0,0,0,0,1,1,0,0,0,1,0,0,0,1,0,0,0,0,1,liraglutide,7.767853600604383
9,231.0,42.3,9.0,52,NCT00422058,90,1.111111111111111,8.641975308641975,15.555555555555555,1.0,1,0,0,1,0,0,0,0,0,0,0,0,0,0,0,0,0,0,1,0,0,0,0,0,0,1,0,0,0,0,1,1,0,0,0,1,0,0,0,1,0,0,0,0,1,liraglutide,7.0379018688743455
9,231.0,42.3,9.0,53,NCT00422058,92,1.4814814814814812,11.522633744855966,15.555555555555555,1.0,1,0,0,1,0,0,0,0,0,0,0,0,0,0,0,0,0,0,1,0,0,0,0,0,0,1,0,0,0,0,1,1,0,0,0,1,0,0,0,1,0,0,0,0,1,liraglutide,6.350992958968921
9,231.0,42.3,9.0,54,NCT00422058,92,1.8518518518518514,14.403292181069958,15.555555555555555,1.0,1,0,0,1,0,0,0,0,0,0,0,0,0,0,0,0,0,0,1,0,0,0,0,0,0,1,0,0,0,0,1,1,0,0,0,1,0,0,0,1,0,0,0,0,1,liraglutide,5.263438237267858
9,231.0,42.3,9.0,61,NCT03158805,29,1.8518518518518514,28.806584362139915,31.11111111111111,1.0,1,0,0,1,0,0,0,0,0,0,0,0,0,0,0,0,0,0,1,0,0,0,0,0,0,1,0,0,0,0,1,1,0,0,0,1,0,0,0,1,0,0,0,0,1,liraglutide,6.475062344139651
9,231.0,42.3,9.0,102,NCT01272232,412,1.8518518518518514,40.32921810699588,43.55555555555556,1.0,1,0,0,1,0,0,0,0,0,0,0,0,0,0,0,0,0,0,1,0,0,0,0,0,0,1,0,0,0,0,1,1,0,0,0,1,0,0,0,0,1,0,0,0,1,liraglutide,6.075062344139651
9,231.0,42.3,9.0,103,NCT01272232,204,1.111111111111111,24.197530864197528,43.55555555555556,1.0,1,0,0,1,0,0,0,0,0,0,0,0,0,0,0,0,0,0,1,0,0,0,0,0,0,1,0,0,0,0,1,1,0,0,0,1,0,0,0,0,1,0,0,0,1,liraglutide,7.375062344139652
9,231.0,42.3,9.0,106,NCT01272219,2432,1.8518518518518514,40.32921810699588,43.55555555555556,1.0,1,0,0,1,0,0,0,0,0,0,0,0,0,0,0,0,0,0,1,0,0,0,0,0,0,1,0,0,0,0,1,1,0,0,0,1,0,0,0,0,1,0,0,0,1,liraglutide,4.615062344139651
9,231.0,42.3,9.0,107,NCT01272219,1467,1.8518518518518514,115.22633744855966,124.44444444444444,1.0,1,0,0,1,0,0,0,0,0,0,0,0,0,0,0,0,0,0,1,0,0,0,0,0,0,1,0,0,0,0,1,1,0,0,0,1,0,0,0,0,1,0,0,0,1,liraglutide,5.725062344139651
9,231.0,42.3,9.0,108,NCT01272219,349,1.8518518518518514,48.971193415637856,52.888888888888886,1.0,1,0,0,1,0,0,0,0,0,0,0,0,0,0,0,0,0,0,1,0,0,0,0,0,0,1,0,0,0,0,1,1,0,0,0,1,0,0,0,0,1,0,0,0,1,liraglutide,4.645062344139651
9,231.0,42.3,9.0,112,NCT01557166,175,1.8518518518518514,23.045267489711932,24.88888888888889,1.0,1,0,0,1,0,0,0,0,0,0,0,0,0,0,0,0,0,0,1,0,0,0,0,0,0,1,0,0,0,0,1,1,0,0,1,0,0,0,0,0,1,0,0,0,1,liraglutide,5.773638477804887
9,231.0,42.3,9.0,120,NCT02918279,125,1.8518518518518514,40.32921810699588,43.55555555555556,1.0,1,0,0,1,0,0,0,0,0,0,0,0,0,0,0,0,0,0,1,0,0,0,0,0,0,1,0,0,0,0,1,1,0,0,0,0,1,0,0,0,1,0,0,0,1,liraglutide,6.375062344139652
9,231.0,42.3,9.0,127,NCT02527200,17,1.8518518518518514,37.44855967078189,40.44444444444444,1.0,1,0,0,1,0,0,0,0,0,0,0,0,0,0,0,0,0,0,1,0,0,0,0,0,0,1,0,0,0,0,1,1,0,0,0,0,0,1,0,0,1,0,0,0,1,liraglutide,7.275062344139652
9,231.0,42.3,9.0,128,NCT02527200,14,1.8518518518518514,37.44855967078189,40.44444444444444,1.0,1,0,0,1,0,0,0,0,0,0,0,0,0,0,0,0,0,0,1,0,0,0,0,0,0,1,0,0,0,0,1,1,0,0,0,0,0,1,0,0,1,0,0,0,1,liraglutide,11.37506234413965
9,231.0,42.3,9.0,129,NCT02527200,31,1.8518518518518514,37.44855967078189,40.44444444444444,1.0,1,0,0,1,0,0,0,0,0,0,0,0,0,0,0,0,0,0,1,0,0,0,0,0,0,1,0,0,0,0,1,1,0,0,0,0,0,1,0,0,1,0,0,0,1,liraglutide,9.275062344139652
9,231.0,42.3,9.0,130,NCT00781937,194,1.8518518518518514,40.32921810699588,43.55555555555556,1.0,1,0,0,1,0,0,0,0,0,0,0,0,0,0,0,0,0,0,1,0,0,0,0,0,0,1,0,0,0,0,1,1,0,0,0,1,0,0,0,0,1,0,0,0,1,liraglutide,3.915062344139651
9,231.0,42.3,9.0,136,NCT04074161,117,1.8518518518518514,48.971193415637856,52.888888888888886,1.0,1,0,0,1,0,0,0,0,0,0,0,0,0,0,0,0,0,0,1,0,0,0,0,0,0,1,0,0,0,0,1,1,0,0,0,1,0,0,0,0,1,0,0,0,1,liraglutide,5.175062344139651
9,231.0,42.3,9.0,150,NCT02647944,19,1.8518518518518514,11.522633744855966,12.444444444444445,1.0,1,0,0,1,0,0,0,0,0,0,0,0,0,0,0,0,0,0,1,0,0,0,0,0,0,1,0,0,0,0,1,1,0,0,0,1,0,0,0,1,0,0,0,0,1,liraglutide,7.386869865396161
9,231.0,42.3,9.0,155,NCT03486392,108,1.8518518518518514,18.724279835390945,20.22222222222222,1.0,1,0,0,1,0,0,0,0,0,0,0,0,0,0,0,0,0,0,1,0,0,0,0,0,0,1,0,0,0,0,1,1,0,0,0,1,0,0,0,1,0,0,0,0,1,liraglutide,4.195062344139651
56,308.0,39.0,8.0,16,NCT03611582,407,2.4009249251153766,2.9154088376401,8.5,0.14285714285714285,1,0,0,1,0,0,1,0,0,0,0,0,0,0,0,0,0,0,0,0,0,0,0,0,0,1,0,0,0,0,1,1,0,0,0,1,0,0,0,0,1,0,0,0,1,semaglutide,4.397435897435884
56,308.0,39.0,8.0,28,NCT02453711,92,0.050019269273237014,0.3251252502760406,6.5,1.0,1,0,0,1,0,0,1,0,0,0,0,0,0,0,0,0,0,0,0,0,0,0,0,0,0,1,0,0,0,0,1,1,0,0,0,1,0,0,0,1,0,0,0,0,1,semaglutide,12.197435897435884
56,308.0,39.0,8.0,29,NCT02453711,96,0.10003853854647403,0.6502505005520812,6.5,1.0,1,0,0,1,0,0,1,0,0,0,0,0,0,0,0,0,0,0,0,0,0,0,0,0,0,1,0,0,0,0,1,1,0,0,0,1,0,0,0,1,0,0,0,0,1,semaglutide,9.567435897435884
56,308.0,39.0,8.0,30,NCT02453711,94,0.20007707709294806,1.3005010011041624,6.5,1.0,1,0,0,1,0,0,1,0,0,0,0,0,0,0,0,0,0,0,0,0,0,0,0,0,0,1,0,0,0,0,1,1,0,0,0,1,0,0,0,1,0,0,0,0,1,semaglutide,6.587435897435887
56,308.0,39.0,8.0,31,NCT02453711,95,0.3001156156394221,1.9507515016562438,6.5,1.0,1,0,0,1,0,0,1,0,0,0,0,0,0,0,0,0,0,0,0,0,0,0,0,0,0,1,0,0,0,0,1,1,0,0,0,1,0,0,0,1,0,0,0,0,1,semaglutide,7.017435897435886
56,308.0,39.0,8.0,32,NCT02453711,100,0.4001541541858961,2.601002002208325,6.5,1.0,1,0,0,1,0,0,1,0,0,0,0,0,0,0,0,0,0,0,0,0,0,0,0,0,0,1,0,0,0,0,1,1,0,0,0,1,0,0,0,1,0,0,0,0,1,semaglutide,4.347435897435885
56,308.0,39.0,8.0,33,NCT02453711,95,0.3001156156394221,1.9507515016562438,6.5,1.0,1,0,0,1,0,0,1,0,0,0,0,0,0,0,0,0,0,0,0,0,0,0,0,0,0,1,0,0,0,0,1,1,0,0,0,1,0,0,0,1,0,0,0,0,1,semaglutide,6.8074358974358855
56,308.0,39.0,8.0,34,NCT02453711,100,0.4001541541858961,2.601002002208325,6.5,1.0,1,0,0,1,0,0,1,0,0,0,0,0,0,0,0,0,0,0,0,0,0,0,0,0,0,1,0,0,0,0,1,1,0,0,0,1,0,0,0,1,0,0,0,0,1,semaglutide,1.8974358974358851
56,308.0,39.0,8.0,44,NCT04788511,246,2.4009249251153766,2.2294302876071357,6.5,0.14285714285714285,1,0,0,1,0,0,1,0,0,0,0,0,0,0,0,0,0,0,0,0,0,0,0,0,0,1,0,0,0,0,1,1,0,0,0,1,0,0,0,0,1,0,0,0,1,semaglutide,4.497435897435885
56,308.0,39.0,8.0,62,NCT03574597,7474,2.4009249251153766,4.458860575214271,13.0,0.14285714285714285,1,0,0,1,0,0,1,0,0,0,0,0,0,0,0,0,0,0,0,0,0,0,0,0,0,1,0,0,0,0,1,1,0,0,0,1,0,0,0,0,1,0,0,0,1,semaglutide,7.377435897435884
56,308.0,39.0,8.0,63,NCT03811574,98,1.7006551552900584,2.065081259995071,8.5,0.14285714285714285,1,0,0,1,0,0,1,0,0,0,0,0,0,0,0,0,0,0,0,0,0,0,0,0,0,1,0,0,0,0,1,1,0,0,0,1,0,0,0,0,1,0,0,0,1,semaglutide,7.897435897435885
56,308.0,39.0,8.0,64,NCT03811574,193,2.4009249251153766,2.9154088376401,8.5,0.14285714285714285,1,0,0,1,0,0,1,0,0,0,0,0,0,0,0,0,0,0,0,0,0,0,0,0,0,1,0,0,0,0,1,1,0,0,0,1,0,0,0,0,1,0,0,0,1,semaglutide,4.397435897435885
56,308.0,39.0,8.0,99,NCT03548987,535,2.4009249251153766,2.0579356500988943,6.0,0.14285714285714285,1,0,0,1,0,0,1,0,0,0,0,0,0,0,0,0,0,0,0,0,0,0,0,0,0,1,0,0,0,0,1,1,0,0,0,1,0,0,0,0,1,0,0,0,1,semaglutide,0.997435897435885
56,308.0,39.0,8.0,101,NCT03548987,520,2.4009249251153766,2.0579356500988943,6.0,0.14285714285714285,1,0,0,1,0,0,1,0,0,0,0,0,0,0,0,0,0,0,0,0,0,0,0,0,0,1,0,0,0,0,1,1,0,0,0,1,0,0,0,0,1,0,0,0,1,semaglutide,3.5974358974358864
56,308.0,39.0,8.0,104,NCT04251156,238,2.4009249251153766,1.8864410125906532,5.5,0.14285714285714285,1,0,0,1,0,0,1,0,0,0,0,0,0,0,0,0,0,0,0,0,0,0,0,0,0,1,0,0,0,0,1,1,0,0,0,1,0,0,0,0,1,0,0,0,1,semaglutide,6.997435897435885
56,308.0,39.0,8.0,114,NCT04102189,131,2.4009249251153766,2.9154088376401,8.5,0.14285714285714285,1,0,0,1,0,0,1,0,0,0,0,0,0,0,0,0,0,0,0,0,0,0,0,0,0,1,0,0,0,0,1,1,0,0,0,0,1,0,0,0,1,0,0,0,1,semaglutide,-1.202564102564116
56,308.0,39.0,8.0,115,NCT03693430,144,2.4009249251153766,4.458860575214271,13.0,0.14285714285714285,1,0,0,1,0,0,1,0,0,0,0,0,0,0,0,0,0,0,0,0,0,0,0,0,0,1,0,0,0,0,1,1,0,0,0,0,0,0,1,0,1,0,0,0,1,semaglutide,4.297435897435884
56,308.0,39.0,8.0,117,NCT03693430,149,2.4009249251153766,2.2294302876071357,6.5,0.14285714285714285,1,0,0,1,0,0,1,0,0,0,0,0,0,0,0,0,0,0,0,0,0,0,0,0,0,1,0,0,0,0,1,1,0,0,0,0,0,0,1,0,1,0,0,0,1,semaglutide,3.3974358974358854
56,308.0,39.0,8.0,135,NCT04074161,117,2.4009249251153766,2.9154088376401,8.5,0.14285714285714285,1,0,0,1,0,0,1,0,0,0,0,0,0,0,0,0,0,0,0,0,0,0,0,0,0,1,0,0,0,0,1,1,0,0,0,1,0,0,0,0,1,0,0,0,1,semaglutide,1.0974358974358864
28,98.0,29.8,9.0,111,NCT00752726,54,0.4748338081671415,8.547008547008547,6.0,1.0,1,0,1,0,0,0,1,0,0,0,0,0,0,0,0,0,0,0,0,0,0,0,0,0,0,1,0,0,0,0,1,1,0,0,1,0,0,0,0,0,0,1,0,1,0,orlistat,21.34807649510856
14,168.0,49.9,9.0,16,NCT03611582,407,2.4691358024691357,11.992945326278658,34.0,0.14285714285714285,1,0,0,1,0,0,1,0,0,0,0,0,0,0,0,0,0,0,0,0,0,0,0,0,0,1,0,0,0,0,1,1,0,0,0,1,0,0,0,0,1,0,0,0,1,semaglutide,7.666666666666673
14,168.0,49.9,9.0,28,NCT02453711,92,0.051440329218107,1.3374485596707817,26.0,1.0,1,0,0,1,0,0,1,0,0,0,0,0,0,0,0,0,0,0,0,0,0,0,0,0,0,1,0,0,0,0,1,1,0,0,0,1,0,0,0,1,0,0,0,0,1,semaglutide,15.466666666666676
14,168.0,49.9,9.0,29,NCT02453711,96,0.102880658436214,2.6748971193415634,26.0,1.0,1,0,0,1,0,0,1,0,0,0,0,0,0,0,0,0,0,0,0,0,0,0,0,0,0,1,0,0,0,0,1,1,0,0,0,1,0,0,0,1,0,0,0,0,1,semaglutide,12.836666666666677
14,168.0,49.9,9.0,30,NCT02453711,94,0.205761316872428,5.349794238683127,26.0,1.0,1,0,0,1,0,0,1,0,0,0,0,0,0,0,0,0,0,0,0,0,0,0,0,0,0,1,0,0,0,0,1,1,0,0,0,1,0,0,0,1,0,0,0,0,1,semaglutide,9.856666666666676
14,168.0,49.9,9.0,31,NCT02453711,95,0.30864197530864196,8.024691358024691,26.0,1.0,1,0,0,1,0,0,1,0,0,0,0,0,0,0,0,0,0,0,0,0,0,0,0,0,0,1,0,0,0,0,1,1,0,0,0,1,0,0,0,1,0,0,0,0,1,semaglutide,10.286666666666676
14,168.0,49.9,9.0,32,NCT02453711,100,0.411522633744856,10.699588477366254,26.0,1.0,1,0,0,1,0,0,1,0,0,0,0,0,0,0,0,0,0,0,0,0,0,0,0,0,0,1,0,0,0,0,1,1,0,0,0,1,0,0,0,1,0,0,0,0,1,semaglutide,7.616666666666674
14,168.0,49.9,9.0,33,NCT02453711,95,0.30864197530864196,8.024691358024691,26.0,1.0,1,0,0,1,0,0,1,0,0,0,0,0,0,0,0,0,0,0,0,0,0,0,0,0,0,1,0,0,0,0,1,1,0,0,0,1,0,0,0,1,0,0,0,0,1,semaglutide,10.076666666666677
14,168.0,49.9,9.0,34,NCT02453711,100,0.411522633744856,10.699588477366254,26.0,1.0,1,0,0,1,0,0,1,0,0,0,0,0,0,0,0,0,0,0,0,0,0,0,0,0,0,1,0,0,0,0,1,1,0,0,0,1,0,0,0,1,0,0,0,0,1,semaglutide,5.166666666666675
14,168.0,49.9,9.0,44,NCT04788511,246,2.4691358024691357,9.171075837742503,26.0,0.14285714285714285,1,0,0,1,0,0,1,0,0,0,0,0,0,0,0,0,0,0,0,0,0,0,0,0,0,1,0,0,0,0,1,1,0,0,0,1,0,0,0,0,1,0,0,0,1,semaglutide,7.766666666666675
14,168.0,49.9,9.0,62,NCT03574597,7474,2.4691358024691357,18.342151675485006,52.0,0.14285714285714285,1,0,0,1,0,0,1,0,0,0,0,0,0,0,0,0,0,0,0,0,0,0,0,0,0,1,0,0,0,0,1,1,0,0,0,1,0,0,0,0,1,0,0,0,1,semaglutide,10.646666666666674
14,168.0,49.9,9.0,63,NCT03811574,98,1.7489711934156378,8.495002939447383,34.0,0.14285714285714285,1,0,0,1,0,0,1,0,0,0,0,0,0,0,0,0,0,0,0,0,0,0,0,0,0,1,0,0,0,0,1,1,0,0,0,1,0,0,0,0,1,0,0,0,1,semaglutide,11.166666666666677
14,168.0,49.9,9.0,64,NCT03811574,193,2.4691358024691357,11.992945326278658,34.0,0.14285714285714285,1,0,0,1,0,0,1,0,0,0,0,0,0,0,0,0,0,0,0,0,0,0,0,0,0,1,0,0,0,0,1,1,0,0,0,1,0,0,0,0,1,0,0,0,1,semaglutide,7.666666666666675
14,168.0,49.9,9.0,99,NCT03548987,535,2.4691358024691357,8.465608465608465,24.0,0.14285714285714285,1,0,0,1,0,0,1,0,0,0,0,0,0,0,0,0,0,0,0,0,0,0,0,0,0,1,0,0,0,0,1,1,0,0,0,1,0,0,0,0,1,0,0,0,1,semaglutide,4.266666666666675
14,168.0,49.9,9.0,101,NCT03548987,520,2.4691358024691357,8.465608465608465,24.0,0.14285714285714285,1,0,0,1,0,0,1,0,0,0,0,0,0,0,0,0,0,0,0,0,0,0,0,0,0,1,0,0,0,0,1,1,0,0,0,1,0,0,0,0,1,0,0,0,1,semaglutide,6.866666666666676
14,168.0,49.9,9.0,104,NCT04251156,238,2.4691358024691357,7.760141093474426,22.0,0.14285714285714285,1,0,0,1,0,0,1,0,0,0,0,0,0,0,0,0,0,0,0,0,0,0,0,0,0,1,0,0,0,0,1,1,0,0,0,1,0,0,0,0,1,0,0,0,1,semaglutide,10.266666666666676
14,168.0,49.9,9.0,114,NCT04102189,131,2.4691358024691357,11.992945326278658,34.0,0.14285714285714285,1,0,0,1,0,0,1,0,0,0,0,0,0,0,0,0,0,0,0,0,0,0,0,0,0,1,0,0,0,0,1,1,0,0,0,0,1,0,0,0,1,0,0,0,1,semaglutide,2.066666666666673
14,168.0,49.9,9.0,115,NCT03693430,144,2.4691358024691357,18.342151675485006,52.0,0.14285714285714285,1,0,0,1,0,0,1,0,0,0,0,0,0,0,0,0,0,0,0,0,0,0,0,0,0,1,0,0,0,0,1,1,0,0,0,0,0,0,1,0,1,0,0,0,1,semaglutide,7.5666666666666735
14,168.0,49.9,9.0,117,NCT03693430,149,2.4691358024691357,9.171075837742503,26.0,0.14285714285714285,1,0,0,1,0,0,1,0,0,0,0,0,0,0,0,0,0,0,0,0,0,0,0,0,0,1,0,0,0,0,1,1,0,0,0,0,0,0,1,0,1,0,0,0,1,semaglutide,6.666666666666675
14,168.0,49.9,9.0,135,NCT04074161,117,2.4691358024691357,11.992945326278658,34.0,0.14285714285714285,1,0,0,1,0,0,1,0,0,0,0,0,0,0,0,0,0,0,0,0,0,0,0,0,0,1,0,0,0,0,1,1,0,0,0,1,0,0,0,0,1,0,0,0,1,semaglutide,4.366666666666676
18,112.0,44.0,8.0,151,NCT00005669,53,1.2345679012345678,49.38271604938271,10.0,2.0,1,0,1,0,0,0,1,0,0,0,0,0,0,0,0,0,0,0,0,0,0,0,0,0,0,1,0,0,0,0,1,1,0,0,0,0,1,0,0,1,0,0,0,1,0,metformin,1.5509706154516891
18,112.0,44.0,8.0,35,NCT02453711,96,3.703703703703703,149.79423868312756,20.22222222222222,2.0,1,0,0,1,0,0,1,0,0,0,0,0,0,0,0,0,0,0,0,0,0,0,0,0,0,1,0,0,0,0,1,1,0,0,0,1,0,0,0,1,0,0,0,0,1,liraglutide,5.893636363636365
18,112.0,44.0,8.0,51,NCT00422058,94,1.4814814814814812,23.045267489711932,7.777777777777778,2.0,1,0,0,1,0,0,1,0,0,0,0,0,0,0,0,0,0,0,0,0,0,0,0,0,0,1,0,0,0,0,1,1,0,0,0,1,0,0,0,1,0,0,0,0,1,liraglutide,9.156427620101097
18,112.0,44.0,8.0,52,NCT00422058,90,2.222222222222222,34.5679012345679,7.777777777777778,2.0,1,0,0,1,0,0,1,0,0,0,0,0,0,0,0,0,0,0,0,0,0,0,0,0,0,1,0,0,0,0,1,1,0,0,0,1,0,0,0,1,0,0,0,0,1,liraglutide,8.426475888371058
18,112.0,44.0,8.0,53,NCT00422058,92,2.9629629629629624,46.090534979423865,7.777777777777778,2.0,1,0,0,1,0,0,1,0,0,0,0,0,0,0,0,0,0,0,0,0,0,0,0,0,0,1,0,0,0,0,1,1,0,0,0,1,0,0,0,1,0,0,0,0,1,liraglutide,7.739566978465635
18,112.0,44.0,8.0,54,NCT00422058,92,3.703703703703703,57.61316872427983,7.777777777777778,2.0,1,0,0,1,0,0,1,0,0,0,0,0,0,0,0,0,0,0,0,0,0,0,0,0,0,1,0,0,0,0,1,1,0,0,0,1,0,0,0,1,0,0,0,0,1,liraglutide,6.652012256764571
18,112.0,44.0,8.0,61,NCT03158805,29,3.703703703703703,115.22633744855966,15.555555555555555,2.0,1,0,0,1,0,0,1,0,0,0,0,0,0,0,0,0,0,0,0,0,0,0,0,0,0,1,0,0,0,0,1,1,0,0,0,1,0,0,0,1,0,0,0,0,1,liraglutide,7.863636363636365
18,112.0,44.0,8.0,102,NCT01272232,412,3.703703703703703,161.31687242798353,21.77777777777778,2.0,1,0,0,1,0,0,1,0,0,0,0,0,0,0,0,0,0,0,0,0,0,0,0,0,0,1,0,0,0,0,1,1,0,0,0,1,0,0,0,0,1,0,0,0,1,liraglutide,7.463636363636365
18,112.0,44.0,8.0,103,NCT01272232,204,2.222222222222222,96.79012345679011,21.77777777777778,2.0,1,0,0,1,0,0,1,0,0,0,0,0,0,0,0,0,0,0,0,0,0,0,0,0,0,1,0,0,0,0,1,1,0,0,0,1,0,0,0,0,1,0,0,0,1,liraglutide,8.763636363636365
18,112.0,44.0,8.0,106,NCT01272219,2432,3.703703703703703,161.31687242798353,21.77777777777778,2.0,1,0,0,1,0,0,1,0,0,0,0,0,0,0,0,0,0,0,0,0,0,0,0,0,0,1,0,0,0,0,1,1,0,0,0,1,0,0,0,0,1,0,0,0,1,liraglutide,6.003636363636365
18,112.0,44.0,8.0,107,NCT01272219,1467,3.703703703703703,460.90534979423865,62.22222222222222,2.0,1,0,0,1,0,0,1,0,0,0,0,0,0,0,0,0,0,0,0,0,0,0,0,0,0,1,0,0,0,0,1,1,0,0,0,1,0,0,0,0,1,0,0,0,1,liraglutide,7.113636363636365
18,112.0,44.0,8.0,108,NCT01272219,349,3.703703703703703,195.88477366255142,26.444444444444443,2.0,1,0,0,1,0,0,1,0,0,0,0,0,0,0,0,0,0,0,0,0,0,0,0,0,0,1,0,0,0,0,1,1,0,0,0,1,0,0,0,0,1,0,0,0,1,liraglutide,6.033636363636365
18,112.0,44.0,8.0,112,NCT01557166,175,3.703703703703703,92.18106995884773,12.444444444444445,2.0,1,0,0,1,0,0,1,0,0,0,0,0,0,0,0,0,0,0,0,0,0,0,0,0,0,1,0,0,0,0,1,1,0,0,1,0,0,0,0,0,1,0,0,0,1,liraglutide,7.162212497301601
18,112.0,44.0,8.0,120,NCT02918279,125,3.703703703703703,161.31687242798353,21.77777777777778,2.0,1,0,0,1,0,0,1,0,0,0,0,0,0,0,0,0,0,0,0,0,0,0,0,0,0,1,0,0,0,0,1,1,0,0,0,0,1,0,0,0,1,0,0,0,1,liraglutide,7.763636363636365
18,112.0,44.0,8.0,127,NCT02527200,17,3.703703703703703,149.79423868312756,20.22222222222222,2.0,1,0,0,1,0,0,1,0,0,0,0,0,0,0,0,0,0,0,0,0,0,0,0,0,0,1,0,0,0,0,1,1,0,0,0,0,0,1,0,0,1,0,0,0,1,liraglutide,8.663636363636366
18,112.0,44.0,8.0,128,NCT02527200,14,3.703703703703703,149.79423868312756,20.22222222222222,2.0,1,0,0,1,0,0,1,0,0,0,0,0,0,0,0,0,0,0,0,0,0,0,0,0,0,1,0,0,0,0,1,1,0,0,0,0,0,1,0,0,1,0,0,0,1,liraglutide,12.763636363636364
18,112.0,44.0,8.0,129,NCT02527200,31,3.703703703703703,149.79423868312756,20.22222222222222,2.0,1,0,0,1,0,0,1,0,0,0,0,0,0,0,0,0,0,0,0,0,0,0,0,0,0,1,0,0,0,0,1,1,0,0,0,0,0,1,0,0,1,0,0,0,1,liraglutide,10.663636363636366
18,112.0,44.0,8.0,130,NCT00781937,194,3.703703703703703,161.31687242798353,21.77777777777778,2.0,1,0,0,1,0,0,1,0,0,0,0,0,0,0,0,0,0,0,0,0,0,0,0,0,0,1,0,0,0,0,1,1,0,0,0,1,0,0,0,0,1,0,0,0,1,liraglutide,5.303636363636365
18,112.0,44.0,8.0,136,NCT04074161,117,3.703703703703703,195.88477366255142,26.444444444444443,2.0,1,0,0,1,0,0,1,0,0,0,0,0,0,0,0,0,0,0,0,0,0,0,0,0,0,1,0,0,0,0,1,1,0,0,0,1,0,0,0,0,1,0,0,0,1,liraglutide,6.563636363636364
18,112.0,44.0,8.0,150,NCT02647944,19,3.703703703703703,46.090534979423865,6.222222222222222,2.0,1,0,0,1,0,0,1,0,0,0,0,0,0,0,0,0,0,0,0,0,0,0,0,0,0,1,0,0,0,0,1,1,0,0,0,1,0,0,0,1,0,0,0,0,1,liraglutide,8.775443884892875
18,112.0,44.0,8.0,155,NCT03486392,108,3.703703703703703,74.89711934156378,10.11111111111111,2.0,1,0,0,1,0,0,1,0,0,0,0,0,0,0,0,0,0,0,0,0,0,0,0,0,0,1,0,0,0,0,1,1,0,0,0,1,0,0,0,1,0,0,0,0,1,liraglutide,5.583636363636365
16,112.0,487.6,11.0,15,NCT02160990,10,0.00205761316872428,0.00771604938271605,1.875,1.0,0,0,0,0,1,0,0,0,0,0,0,0,0,0,0,1,0,0,0,0,0,0,0,0,0,0,1,0,0,0,1,1,0,0,0,1,0,0,0,0,0,1,0,0,1,exenatide,11.081600407747196
16,112.0,487.6,11.0,71,NCT00856609,31,0.00411522633744856,0.018004115226337453,2.1875,1.0,0,0,0,0,1,0,0,0,0,0,0,0,0,0,0,1,0,0,0,0,0,0,0,0,0,0,1,0,0,0,1,1,0,0,1,0,0,0,0,0,1,0,0,0,1,exenatide,10.23157408697488
1,42.0,33.0,6.0,35,NCT02453711,96,2.469135802469136,898.7654320987656,364.0,1.0,0,1,0,0,0,0,0,0,0,0,0,0,1,0,0,0,0,0,0,0,0,0,0,0,0,1,0,0,0,0,1,0,1,0,0,1,0,0,0,1,0,0,0,0,1,liraglutide,-2.7509667673716054
1,42.0,33.0,6.0,51,NCT00422058,94,0.9876543209876544,138.27160493827162,140.0,1.0,0,1,0,0,0,0,0,0,0,0,0,0,1,0,0,0,0,0,0,0,0,0,0,0,0,1,0,0,0,0,1,0,1,0,0,1,0,0,0,1,0,0,0,0,1,liraglutide,0.5118244890931258
1,42.0,33.0,6.0,52,NCT00422058,90,1.4814814814814816,207.40740740740742,140.0,1.0,0,1,0,0,0,0,0,0,0,0,0,0,1,0,0,0,0,0,0,0,0,0,0,0,0,1,0,0,0,0,1,0,1,0,0,1,0,0,0,1,0,0,0,0,1,liraglutide,-0.2181272426369114
1,42.0,33.0,6.0,53,NCT00422058,92,1.9753086419753088,276.54320987654324,140.0,1.0,0,1,0,0,0,0,0,0,0,0,0,0,1,0,0,0,0,0,0,0,0,0,0,0,0,1,0,0,0,0,1,0,1,0,0,1,0,0,0,1,0,0,0,0,1,liraglutide,-0.905036152542336
1,42.0,33.0,6.0,54,NCT00422058,92,2.469135802469136,345.67901234567904,140.0,1.0,0,1,0,0,0,0,0,0,0,0,0,0,1,0,0,0,0,0,0,0,0,0,0,0,0,1,0,0,0,0,1,0,1,0,0,1,0,0,0,1,0,0,0,0,1,liraglutide,-1.9925908742433995
1,42.0,33.0,6.0,61,NCT03158805,29,2.469135802469136,691.3580246913581,280.0,1.0,0,1,0,0,0,0,0,0,0,0,0,0,1,0,0,0,0,0,0,0,0,0,0,0,0,1,0,0,0,0,1,0,1,0,0,1,0,0,0,1,0,0,0,0,1,liraglutide,-0.7809667673716056
1,42.0,33.0,6.0,102,NCT01272232,412,2.469135802469136,967.9012345679014,392.0,1.0,0,1,0,0,0,0,0,0,0,0,0,0,1,0,0,0,0,0,0,0,0,0,0,0,0,1,0,0,0,0,1,0,1,0,0,1,0,0,0,0,1,0,0,0,1,liraglutide,-1.180966767371606
1,42.0,33.0,6.0,103,NCT01272232,204,1.4814814814814816,580.7407407407409,392.0,1.0,0,1,0,0,0,0,0,0,0,0,0,0,1,0,0,0,0,0,0,0,0,0,0,0,0,1,0,0,0,0,1,0,1,0,0,1,0,0,0,0,1,0,0,0,1,liraglutide,0.1190332326283947
1,42.0,33.0,6.0,106,NCT01272219,2432,2.469135802469136,967.9012345679014,392.0,1.0,0,1,0,0,0,0,0,0,0,0,0,0,1,0,0,0,0,0,0,0,0,0,0,0,0,1,0,0,0,0,1,0,1,0,0,1,0,0,0,0,1,0,0,0,1,liraglutide,-2.640966767371606
1,42.0,33.0,6.0,107,NCT01272219,1467,2.469135802469136,2765.4320987654323,1120.0,1.0,0,1,0,0,0,0,0,0,0,0,0,0,1,0,0,0,0,0,0,0,0,0,0,0,0,1,0,0,0,0,1,0,1,0,0,1,0,0,0,0,1,0,0,0,1,liraglutide,-1.5309667673716056
1,42.0,33.0,6.0,108,NCT01272219,349,2.469135802469136,1175.3086419753088,476.0,1.0,0,1,0,0,0,0,0,0,0,0,0,0,1,0,0,0,0,0,0,0,0,0,0,0,0,1,0,0,0,0,1,0,1,0,0,1,0,0,0,0,1,0,0,0,1,liraglutide,-2.6109667673716057
1,42.0,33.0,6.0,112,NCT01557166,175,2.469135802469136,553.0864197530865,224.0,1.0,0,1,0,0,0,0,0,0,0,0,0,0,1,0,0,0,0,0,0,0,0,0,0,0,0,1,0,0,0,0,1,0,1,0,1,0,0,0,0,0,1,0,0,0,1,liraglutide,-1.4823906337063697
1,42.0,33.0,6.0,120,NCT02918279,125,2.469135802469136,967.9012345679014,392.0,1.0,0,1,0,0,0,0,0,0,0,0,0,0,1,0,0,0,0,0,0,0,0,0,0,0,0,1,0,0,0,0,1,0,1,0,0,0,1,0,0,0,1,0,0,0,1,liraglutide,-0.8809667673716057
1,42.0,33.0,6.0,127,NCT02527200,17,2.469135802469136,898.7654320987656,364.0,1.0,0,1,0,0,0,0,0,0,0,0,0,0,1,0,0,0,0,0,0,0,0,0,0,0,0,1,0,0,0,0,1,0,1,0,0,0,0,1,0,0,1,0,0,0,1,liraglutide,0.0190332326283946
1,42.0,33.0,6.0,128,NCT02527200,14,2.469135802469136,898.7654320987656,364.0,1.0,0,1,0,0,0,0,0,0,0,0,0,0,1,0,0,0,0,0,0,0,0,0,0,0,0,1,0,0,0,0,1,0,1,0,0,0,0,1,0,0,1,0,0,0,1,liraglutide,4.119033232628394
1,42.0,33.0,6.0,129,NCT02527200,31,2.469135802469136,898.7654320987656,364.0,1.0,0,1,0,0,0,0,0,0,0,0,0,0,1,0,0,0,0,0,0,0,0,0,0,0,0,1,0,0,0,0,1,0,1,0,0,0,0,1,0,0,1,0,0,0,1,liraglutide,2.019033232628394
1,42.0,33.0,6.0,130,NCT00781937,194,2.469135802469136,967.9012345679014,392.0,1.0,0,1,0,0,0,0,0,0,0,0,0,0,1,0,0,0,0,0,0,0,0,0,0,0,0,1,0,0,0,0,1,0,1,0,0,1,0,0,0,0,1,0,0,0,1,liraglutide,-3.340966767371606
1,42.0,33.0,6.0,136,NCT04074161,117,2.469135802469136,1175.3086419753088,476.0,1.0,0,1,0,0,0,0,0,0,0,0,0,0,1,0,0,0,0,0,0,0,0,0,0,0,0,1,0,0,0,0,1,0,1,0,0,1,0,0,0,0,1,0,0,0,1,liraglutide,-2.0809667673716064
1,42.0,33.0,6.0,150,NCT02647944,19,2.469135802469136,276.54320987654324,112.0,1.0,0,1,0,0,0,0,0,0,0,0,0,0,1,0,0,0,0,0,0,0,0,0,0,0,0,1,0,0,0,0,1,0,1,0,0,1,0,0,0,1,0,0,0,0,1,liraglutide,0.1308407538849043
1,42.0,33.0,6.0,155,NCT03486392,108,2.469135802469136,449.3827160493828,182.0,1.0,0,1,0,0,0,0,0,0,0,0,0,0,1,0,0,0,0,0,0,0,0,0,0,0,0,1,0,0,0,0,1,0,1,0,0,1,0,0,0,1,0,0,0,0,1,liraglutide,-3.060966767371606
3,42.0,31.2,6.0,35,NCT02453711,96,2.469135802469136,299.5884773662552,121.33333333333333,1.0,0,1,0,0,0,0,0,0,0,0,0,0,1,0,0,0,0,0,0,0,0,0,0,0,0,1,0,0,0,0,1,0,1,0,0,1,0,0,0,1,0,0,0,0,1,liraglutide,1.9834161490683175
3,42.0,31.2,6.0,51,NCT00422058,94,0.9876543209876544,46.09053497942387,46.666666666666664,1.0,0,1,0,0,0,0,0,0,0,0,0,0,1,0,0,0,0,0,0,0,0,0,0,0,0,1,0,0,0,0,1,0,1,0,0,1,0,0,0,1,0,0,0,0,1,liraglutide,5.246207405533049
3,42.0,31.2,6.0,52,NCT00422058,90,1.4814814814814816,69.13580246913581,46.666666666666664,1.0,0,1,0,0,0,0,0,0,0,0,0,0,1,0,0,0,0,0,0,0,0,0,0,0,0,1,0,0,0,0,1,0,1,0,0,1,0,0,0,1,0,0,0,0,1,liraglutide,4.516255673803012
3,42.0,31.2,6.0,53,NCT00422058,92,1.9753086419753088,92.18106995884774,46.666666666666664,1.0,0,1,0,0,0,0,0,0,0,0,0,0,1,0,0,0,0,0,0,0,0,0,0,0,0,1,0,0,0,0,1,0,1,0,0,1,0,0,0,1,0,0,0,0,1,liraglutide,3.829346763897587
3,42.0,31.2,6.0,54,NCT00422058,92,2.469135802469136,115.22633744855969,46.666666666666664,1.0,0,1,0,0,0,0,0,0,0,0,0,0,1,0,0,0,0,0,0,0,0,0,0,0,0,1,0,0,0,0,1,0,1,0,0,1,0,0,0,1,0,0,0,0,1,liraglutide,2.741792042196524
3,42.0,31.2,6.0,61,NCT03158805,29,2.469135802469136,230.45267489711938,93.33333333333333,1.0,0,1,0,0,0,0,0,0,0,0,0,0,1,0,0,0,0,0,0,0,0,0,0,0,0,1,0,0,0,0,1,0,1,0,0,1,0,0,0,1,0,0,0,0,1,liraglutide,3.9534161490683175
3,42.0,31.2,6.0,102,NCT01272232,412,2.469135802469136,322.6337448559671,130.66666666666666,1.0,0,1,0,0,0,0,0,0,0,0,0,0,1,0,0,0,0,0,0,0,0,0,0,0,0,1,0,0,0,0,1,0,1,0,0,1,0,0,0,0,1,0,0,0,1,liraglutide,3.553416149068317
3,42.0,31.2,6.0,103,NCT01272232,204,1.4814814814814816,193.58024691358028,130.66666666666666,1.0,0,1,0,0,0,0,0,0,0,0,0,0,1,0,0,0,0,0,0,0,0,0,0,0,0,1,0,0,0,0,1,0,1,0,0,1,0,0,0,0,1,0,0,0,1,liraglutide,4.853416149068318
3,42.0,31.2,6.0,106,NCT01272219,2432,2.469135802469136,322.6337448559671,130.66666666666666,1.0,0,1,0,0,0,0,0,0,0,0,0,0,1,0,0,0,0,0,0,0,0,0,0,0,0,1,0,0,0,0,1,0,1,0,0,1,0,0,0,0,1,0,0,0,1,liraglutide,2.093416149068317
3,42.0,31.2,6.0,107,NCT01272219,1467,2.469135802469136,921.8106995884775,373.3333333333333,1.0,0,1,0,0,0,0,0,0,0,0,0,0,1,0,0,0,0,0,0,0,0,0,0,0,0,1,0,0,0,0,1,0,1,0,0,1,0,0,0,0,1,0,0,0,1,liraglutide,3.203416149068317
3,42.0,31.2,6.0,108,NCT01272219,349,2.469135802469136,391.7695473251029,158.66666666666666,1.0,0,1,0,0,0,0,0,0,0,0,0,0,1,0,0,0,0,0,0,0,0,0,0,0,0,1,0,0,0,0,1,0,1,0,0,1,0,0,0,0,1,0,0,0,1,liraglutide,2.123416149068317
3,42.0,31.2,6.0,112,NCT01557166,175,2.469135802469136,184.3621399176955,74.66666666666667,1.0,0,1,0,0,0,0,0,0,0,0,0,0,1,0,0,0,0,0,0,0,0,0,0,0,0,1,0,0,0,0,1,0,1,0,1,0,0,0,0,0,1,0,0,0,1,liraglutide,3.251992282733553
3,42.0,31.2,6.0,120,NCT02918279,125,2.469135802469136,322.6337448559671,130.66666666666666,1.0,0,1,0,0,0,0,0,0,0,0,0,0,1,0,0,0,0,0,0,0,0,0,0,0,0,1,0,0,0,0,1,0,1,0,0,0,1,0,0,0,1,0,0,0,1,liraglutide,3.853416149068317
3,42.0,31.2,6.0,127,NCT02527200,17,2.469135802469136,299.5884773662552,121.33333333333333,1.0,0,1,0,0,0,0,0,0,0,0,0,0,1,0,0,0,0,0,0,0,0,0,0,0,0,1,0,0,0,0,1,0,1,0,0,0,0,1,0,0,1,0,0,0,1,liraglutide,4.753416149068318
3,42.0,31.2,6.0,128,NCT02527200,14,2.469135802469136,299.5884773662552,121.33333333333333,1.0,0,1,0,0,0,0,0,0,0,0,0,0,1,0,0,0,0,0,0,0,0,0,0,0,0,1,0,0,0,0,1,0,1,0,0,0,0,1,0,0,1,0,0,0,1,liraglutide,8.853416149068316
3,42.0,31.2,6.0,129,NCT02527200,31,2.469135802469136,299.5884773662552,121.33333333333333,1.0,0,1,0,0,0,0,0,0,0,0,0,0,1,0,0,0,0,0,0,0,0,0,0,0,0,1,0,0,0,0,1,0,1,0,0,0,0,1,0,0,1,0,0,0,1,liraglutide,6.753416149068318
3,42.0,31.2,6.0,130,NCT00781937,194,2.469135802469136,322.6337448559671,130.66666666666666,1.0,0,1,0,0,0,0,0,0,0,0,0,0,1,0,0,0,0,0,0,0,0,0,0,0,0,1,0,0,0,0,1,0,1,0,0,1,0,0,0,0,1,0,0,0,1,liraglutide,1.393416149068317
3,42.0,31.2,6.0,136,NCT04074161,117,2.469135802469136,391.7695473251029,158.66666666666666,1.0,0,1,0,0,0,0,0,0,0,0,0,0,1,0,0,0,0,0,0,0,0,0,0,0,0,1,0,0,0,0,1,0,1,0,0,1,0,0,0,0,1,0,0,0,1,liraglutide,2.653416149068317
3,42.0,31.2,6.0,150,NCT02647944,19,2.469135802469136,92.18106995884774,37.333333333333336,1.0,0,1,0,0,0,0,0,0,0,0,0,0,1,0,0,0,0,0,0,0,0,0,0,0,0,1,0,0,0,0,1,0,1,0,0,1,0,0,0,1,0,0,0,0,1,liraglutide,4.865223670324827
3,42.0,31.2,6.0,155,NCT03486392,108,2.469135802469136,149.7942386831276,60.666666666666664,1.0,0,1,0,0,0,0,0,0,0,0,0,0,1,0,0,0,0,0,0,0,0,0,0,0,0,1,0,0,0,0,1,0,1,0,0,1,0,0,0,1,0,0,0,0,1,liraglutide,1.6734161490683173
30,357.0,404.0,9.0,111,NCT00752726,54,0.18518518518518517,1.5555555555555556,5.6,1.0,1,0,1,0,0,0,0,0,0,0,0,0,0,0,0,0,0,0,0,1,0,0,0,0,0,0,1,0,0,1,0,1,0,0,1,0,0,0,0,0,0,1,0,1,0,orlistat,0.4115427786454289
28,56.0,25.0,14.0,35,NCT02453711,96,1.234567901234568,8.024691358024691,13.0,1.0,1,0,0,1,0,0,0,0,0,0,0,0,0,0,0,0,0,0,0,0,0,1,0,0,0,1,0,0,0,0,1,0,1,0,0,1,0,0,0,1,0,0,0,0,1,liraglutide,46.530000000000015
28,56.0,25.0,14.0,51,NCT00422058,94,0.4938271604938272,1.2345679012345678,5.0,1.0,1,0,0,1,0,0,0,0,0,0,0,0,0,0,0,0,0,0,0,0,0,1,0,0,0,1,0,0,0,0,1,0,1,0,0,1,0,0,0,1,0,0,0,0,1,liraglutide,49.792791256464746
28,56.0,25.0,14.0,52,NCT00422058,90,0.7407407407407408,1.8518518518518516,5.0,1.0,1,0,0,1,0,0,0,0,0,0,0,0,0,0,0,0,0,0,0,0,0,1,0,0,0,1,0,0,0,0,1,0,1,0,0,1,0,0,0,1,0,0,0,0,1,liraglutide,49.06283952473471
28,56.0,25.0,14.0,53,NCT00422058,92,0.9876543209876544,2.4691358024691357,5.0,1.0,1,0,0,1,0,0,0,0,0,0,0,0,0,0,0,0,0,0,0,0,0,1,0,0,0,1,0,0,0,0,1,0,1,0,0,1,0,0,0,1,0,0,0,0,1,liraglutide,48.37593061482929
28,56.0,25.0,14.0,54,NCT00422058,92,1.234567901234568,3.0864197530864192,5.0,1.0,1,0,0,1,0,0,0,0,0,0,0,0,0,0,0,0,0,0,0,0,0,1,0,0,0,1,0,0,0,0,1,0,1,0,0,1,0,0,0,1,0,0,0,0,1,liraglutide,47.28837589312822
28,56.0,25.0,14.0,61,NCT03158805,29,1.234567901234568,6.1728395061728385,10.0,1.0,1,0,0,1,0,0,0,0,0,0,0,0,0,0,0,0,0,0,0,0,0,1,0,0,0,1,0,0,0,0,1,0,1,0,0,1,0,0,0,1,0,0,0,0,1,liraglutide,48.500000000000014
28,56.0,25.0,14.0,102,NCT01272232,412,1.234567901234568,8.641975308641975,14.0,1.0,1,0,0,1,0,0,0,0,0,0,0,0,0,0,0,0,0,0,0,0,0,1,0,0,0,1,0,0,0,0,1,0,1,0,0,1,0,0,0,0,1,0,0,0,1,liraglutide,48.100000000000016
28,56.0,25.0,14.0,103,NCT01272232,204,0.7407407407407408,5.185185185185185,14.0,1.0,1,0,0,1,0,0,0,0,0,0,0,0,0,0,0,0,0,0,0,0,0,1,0,0,0,1,0,0,0,0,1,0,1,0,0,1,0,0,0,0,1,0,0,0,1,liraglutide,49.40000000000001
28,56.0,25.0,14.0,106,NCT01272219,2432,1.234567901234568,8.641975308641975,14.0,1.0,1,0,0,1,0,0,0,0,0,0,0,0,0,0,0,0,0,0,0,0,0,1,0,0,0,1,0,0,0,0,1,0,1,0,0,1,0,0,0,0,1,0,0,0,1,liraglutide,46.640000000000015
28,56.0,25.0,14.0,107,NCT01272219,1467,1.234567901234568,24.691358024691354,40.0,1.0,1,0,0,1,0,0,0,0,0,0,0,0,0,0,0,0,0,0,0,0,0,1,0,0,0,1,0,0,0,0,1,0,1,0,0,1,0,0,0,0,1,0,0,0,1,liraglutide,47.750000000000014
28,56.0,25.0,14.0,108,NCT01272219,349,1.234567901234568,10.493827160493826,17.0,1.0,1,0,0,1,0,0,0,0,0,0,0,0,0,0,0,0,0,0,0,0,0,1,0,0,0,1,0,0,0,0,1,0,1,0,0,1,0,0,0,0,1,0,0,0,1,liraglutide,46.670000000000016
28,56.0,25.0,14.0,112,NCT01557166,175,1.234567901234568,4.938271604938271,8.0,1.0,1,0,0,1,0,0,0,0,0,0,0,0,0,0,0,0,0,0,0,0,0,1,0,0,0,1,0,0,0,0,1,0,1,0,1,0,0,0,0,0,1,0,0,0,1,liraglutide,47.79857613366525
28,56.0,25.0,14.0,120,NCT02918279,125,1.234567901234568,8.641975308641975,14.0,1.0,1,0,0,1,0,0,0,0,0,0,0,0,0,0,0,0,0,0,0,0,0,1,0,0,0,1,0,0,0,0,1,0,1,0,0,0,1,0,0,0,1,0,0,0,1,liraglutide,48.40000000000001
28,56.0,25.0,14.0,127,NCT02527200,17,1.234567901234568,8.024691358024691,13.0,1.0,1,0,0,1,0,0,0,0,0,0,0,0,0,0,0,0,0,0,0,0,0,1,0,0,0,1,0,0,0,0,1,0,1,0,0,0,0,1,0,0,1,0,0,0,1,liraglutide,49.30000000000001
28,56.0,25.0,14.0,128,NCT02527200,14,1.234567901234568,8.024691358024691,13.0,1.0,1,0,0,1,0,0,0,0,0,0,0,0,0,0,0,0,0,0,0,0,0,1,0,0,0,1,0,0,0,0,1,0,1,0,0,0,0,1,0,0,1,0,0,0,1,liraglutide,53.40000000000001
28,56.0,25.0,14.0,129,NCT02527200,31,1.234567901234568,8.024691358024691,13.0,1.0,1,0,0,1,0,0,0,0,0,0,0,0,0,0,0,0,0,0,0,0,0,1,0,0,0,1,0,0,0,0,1,0,1,0,0,0,0,1,0,0,1,0,0,0,1,liraglutide,51.30000000000001
28,56.0,25.0,14.0,130,NCT00781937,194,1.234567901234568,8.641975308641975,14.0,1.0,1,0,0,1,0,0,0,0,0,0,0,0,0,0,0,0,0,0,0,0,0,1,0,0,0,1,0,0,0,0,1,0,1,0,0,1,0,0,0,0,1,0,0,0,1,liraglutide,45.94000000000001
28,56.0,25.0,14.0,136,NCT04074161,117,1.234567901234568,10.493827160493826,17.0,1.0,1,0,0,1,0,0,0,0,0,0,0,0,0,0,0,0,0,0,0,0,0,1,0,0,0,1,0,0,0,0,1,0,1,0,0,1,0,0,0,0,1,0,0,0,1,liraglutide,47.20000000000002
28,56.0,25.0,14.0,150,NCT02647944,19,1.234567901234568,2.4691358024691357,4.0,1.0,1,0,0,1,0,0,0,0,0,0,0,0,0,0,0,0,0,0,0,0,0,1,0,0,0,1,0,0,0,0,1,0,1,0,0,1,0,0,0,1,0,0,0,0,1,liraglutide,49.41180752125653
28,56.0,25.0,14.0,155,NCT03486392,108,1.234567901234568,4.012345679012346,6.5,1.0,1,0,0,1,0,0,0,0,0,0,0,0,0,0,0,0,0,0,0,0,0,1,0,0,0,1,0,0,0,0,1,0,1,0,0,1,0,0,0,1,0,0,0,0,1,liraglutide,46.22000000000001
5,189.0,51.92,8.0,35,NCT02453711,96,9.873225806005726,718.7708386772168,72.8,1.0,1,0,0,1,0,0,1,0,0,0,0,0,0,0,0,0,0,0,0,0,0,0,0,0,0,1,0,0,0,0,1,1,0,0,0,1,0,0,0,1,0,0,0,0,1,liraglutide,3.0238366718027647
5,189.0,51.92,8.0,51,NCT00422058,94,3.94929032240229,110.58012902726412,28.0,1.0,1,0,0,1,0,0,1,0,0,0,0,0,0,0,0,0,0,0,0,0,0,0,0,0,0,1,0,0,0,0,1,1,0,0,0,1,0,0,0,1,0,0,0,0,1,liraglutide,6.286627928267496
5,189.0,51.92,8.0,52,NCT00422058,90,5.923935483603436,165.8701935408962,28.0,1.0,1,0,0,1,0,0,1,0,0,0,0,0,0,0,0,0,0,0,0,0,0,0,0,0,0,1,0,0,0,0,1,1,0,0,0,1,0,0,0,1,0,0,0,0,1,liraglutide,5.556676196537459
5,189.0,51.92,8.0,53,NCT00422058,92,7.89858064480458,221.16025805452824,28.0,1.0,1,0,0,1,0,0,1,0,0,0,0,0,0,0,0,0,0,0,0,0,0,0,0,0,0,1,0,0,0,0,1,1,0,0,0,1,0,0,0,1,0,0,0,0,1,liraglutide,4.869767286632034
5,189.0,51.92,8.0,54,NCT00422058,92,9.873225806005726,276.4503225681603,28.0,1.0,1,0,0,1,0,0,1,0,0,0,0,0,0,0,0,0,0,0,0,0,0,0,0,0,0,1,0,0,0,0,1,1,0,0,0,1,0,0,0,1,0,0,0,0,1,liraglutide,3.782212564930971
5,189.0,51.92,8.0,61,NCT03158805,29,9.873225806005726,552.9006451363206,56.0,1.0,1,0,0,1,0,0,1,0,0,0,0,0,0,0,0,0,0,0,0,0,0,0,0,0,0,1,0,0,0,0,1,1,0,0,0,1,0,0,0,1,0,0,0,0,1,liraglutide,4.9938366718027645
5,189.0,51.92,8.0,102,NCT01272232,412,9.873225806005726,774.0609031908489,78.4,1.0,1,0,0,1,0,0,1,0,0,0,0,0,0,0,0,0,0,0,0,0,0,0,0,0,0,1,0,0,0,0,1,1,0,0,0,1,0,0,0,0,1,0,0,0,1,liraglutide,4.593836671802764
5,189.0,51.92,8.0,103,NCT01272232,204,5.923935483603436,464.43654191450935,78.4,1.0,1,0,0,1,0,0,1,0,0,0,0,0,0,0,0,0,0,0,0,0,0,0,0,0,0,1,0,0,0,0,1,1,0,0,0,1,0,0,0,0,1,0,0,0,1,liraglutide,5.893836671802765
5,189.0,51.92,8.0,106,NCT01272219,2432,9.873225806005726,774.0609031908489,78.4,1.0,1,0,0,1,0,0,1,0,0,0,0,0,0,0,0,0,0,0,0,0,0,0,0,0,0,1,0,0,0,0,1,1,0,0,0,1,0,0,0,0,1,0,0,0,1,liraglutide,3.133836671802764
5,189.0,51.92,8.0,107,NCT01272219,1467,9.873225806005726,2211.6025805452823,224.0,1.0,1,0,0,1,0,0,1,0,0,0,0,0,0,0,0,0,0,0,0,0,0,0,0,0,0,1,0,0,0,0,1,1,0,0,0,1,0,0,0,0,1,0,0,0,1,liraglutide,4.2438366718027645
5,189.0,51.92,8.0,108,NCT01272219,349,9.873225806005726,939.931096731745,95.2,1.0,1,0,0,1,0,0,1,0,0,0,0,0,0,0,0,0,0,0,0,0,0,0,0,0,0,1,0,0,0,0,1,1,0,0,0,1,0,0,0,0,1,0,0,0,1,liraglutide,3.1638366718027644
5,189.0,51.92,8.0,112,NCT01557166,175,9.873225806005726,442.3205161090565,44.8,1.0,1,0,0,1,0,0,1,0,0,0,0,0,0,0,0,0,0,0,0,0,0,0,0,0,0,1,0,0,0,0,1,1,0,0,1,0,0,0,0,0,1,0,0,0,1,liraglutide,4.292412805468
5,189.0,51.92,8.0,120,NCT02918279,125,9.873225806005726,774.0609031908489,78.4,1.0,1,0,0,1,0,0,1,0,0,0,0,0,0,0,0,0,0,0,0,0,0,0,0,0,0,1,0,0,0,0,1,1,0,0,0,0,1,0,0,0,1,0,0,0,1,liraglutide,4.893836671802765
5,189.0,51.92,8.0,127,NCT02527200,17,9.873225806005726,718.7708386772168,72.8,1.0,1,0,0,1,0,0,1,0,0,0,0,0,0,0,0,0,0,0,0,0,0,0,0,0,0,1,0,0,0,0,1,1,0,0,0,0,0,1,0,0,1,0,0,0,1,liraglutide,5.793836671802765
5,189.0,51.92,8.0,128,NCT02527200,14,9.873225806005726,718.7708386772168,72.8,1.0,1,0,0,1,0,0,1,0,0,0,0,0,0,0,0,0,0,0,0,0,0,0,0,0,0,1,0,0,0,0,1,1,0,0,0,0,0,1,0,0,1,0,0,0,1,liraglutide,9.893836671802765
5,189.0,51.92,8.0,129,NCT02527200,31,9.873225806005726,718.7708386772168,72.8,1.0,1,0,0,1,0,0,1,0,0,0,0,0,0,0,0,0,0,0,0,0,0,0,0,0,0,1,0,0,0,0,1,1,0,0,0,0,0,1,0,0,1,0,0,0,1,liraglutide,7.793836671802765
5,189.0,51.92,8.0,130,NCT00781937,194,9.873225806005726,774.0609031908489,78.4,1.0,1,0,0,1,0,0,1,0,0,0,0,0,0,0,0,0,0,0,0,0,0,0,0,0,0,1,0,0,0,0,1,1,0,0,0,1,0,0,0,0,1,0,0,0,1,liraglutide,2.433836671802764
5,189.0,51.92,8.0,136,NCT04074161,117,9.873225806005726,939.931096731745,95.2,1.0,1,0,0,1,0,0,1,0,0,0,0,0,0,0,0,0,0,0,0,0,0,0,0,0,0,1,0,0,0,0,1,1,0,0,0,1,0,0,0,0,1,0,0,0,1,liraglutide,3.693836671802764
5,189.0,51.92,8.0,150,NCT02647944,19,9.873225806005726,221.16025805452824,22.4,1.0,1,0,0,1,0,0,1,0,0,0,0,0,0,0,0,0,0,0,0,0,0,0,0,0,0,1,0,0,0,0,1,1,0,0,0,1,0,0,0,1,0,0,0,0,1,liraglutide,5.905644193059274
5,189.0,51.92,8.0,155,NCT03486392,108,9.873225806005726,359.3854193386084,36.4,1.0,1,0,0,1,0,0,1,0,0,0,0,0,0,0,0,0,0,0,0,0,0,0,0,0,0,1,0,0,0,0,1,1,0,0,0,1,0,0,0,1,0,0,0,0,1,liraglutide,2.713836671802764
22,189.0,51.92,8.0,35,NCT02453711,96,9.873225806005726,163.3570087902765,16.545454545454547,1.0,1,0,0,1,0,0,1,0,0,0,0,0,0,0,0,0,0,0,0,0,0,0,0,0,0,1,0,0,0,0,1,1,0,0,0,1,0,0,0,1,0,0,0,0,1,liraglutide,18.066209553158707
22,189.0,51.92,8.0,51,NCT00422058,94,3.94929032240229,25.131847506196383,6.363636363636363,1.0,1,0,0,1,0,0,1,0,0,0,0,0,0,0,0,0,0,0,0,0,0,0,0,0,0,1,0,0,0,0,1,1,0,0,0,1,0,0,0,1,0,0,0,0,1,liraglutide,21.32900080962344
22,189.0,51.92,8.0,52,NCT00422058,90,5.923935483603436,37.697771259294576,6.363636363636363,1.0,1,0,0,1,0,0,1,0,0,0,0,0,0,0,0,0,0,0,0,0,0,0,0,0,0,1,0,0,0,0,1,1,0,0,0,1,0,0,0,1,0,0,0,0,1,liraglutide,20.5990490778934
22,189.0,51.92,8.0,53,NCT00422058,92,7.89858064480458,50.263695012392766,6.363636363636363,1.0,1,0,0,1,0,0,1,0,0,0,0,0,0,0,0,0,0,0,0,0,0,0,0,0,0,1,0,0,0,0,1,1,0,0,0,1,0,0,0,1,0,0,0,0,1,liraglutide,19.91214016798797
22,189.0,51.92,8.0,54,NCT00422058,92,9.873225806005726,62.82961876549096,6.363636363636363,1.0,1,0,0,1,0,0,1,0,0,0,0,0,0,0,0,0,0,0,0,0,0,0,0,0,0,1,0,0,0,0,1,1,0,0,0,1,0,0,0,1,0,0,0,0,1,liraglutide,18.82458544628691
22,189.0,51.92,8.0,61,NCT03158805,29,9.873225806005726,125.65923753098193,12.727272727272727,1.0,1,0,0,1,0,0,1,0,0,0,0,0,0,0,0,0,0,0,0,0,0,0,0,0,0,1,0,0,0,0,1,1,0,0,0,1,0,0,0,1,0,0,0,0,1,liraglutide,20.036209553158702
22,189.0,51.92,8.0,102,NCT01272232,412,9.873225806005726,175.92293254337469,17.818181818181817,1.0,1,0,0,1,0,0,1,0,0,0,0,0,0,0,0,0,0,0,0,0,0,0,0,0,0,1,0,0,0,0,1,1,0,0,0,1,0,0,0,0,1,0,0,0,1,liraglutide,19.636209553158707
22,189.0,51.92,8.0,103,NCT01272232,204,5.923935483603436,105.55375952602482,17.818181818181817,1.0,1,0,0,1,0,0,1,0,0,0,0,0,0,0,0,0,0,0,0,0,0,0,0,0,0,1,0,0,0,0,1,1,0,0,0,1,0,0,0,0,1,0,0,0,1,liraglutide,20.936209553158704
22,189.0,51.92,8.0,106,NCT01272219,2432,9.873225806005726,175.92293254337469,17.818181818181817,1.0,1,0,0,1,0,0,1,0,0,0,0,0,0,0,0,0,0,0,0,0,0,0,0,0,0,1,0,0,0,0,1,1,0,0,0,1,0,0,0,0,1,0,0,0,1,liraglutide,18.176209553158703
22,189.0,51.92,8.0,107,NCT01272219,1467,9.873225806005726,502.6369501239277,50.90909090909091,1.0,1,0,0,1,0,0,1,0,0,0,0,0,0,0,0,0,0,0,0,0,0,0,0,0,0,1,0,0,0,0,1,1,0,0,0,1,0,0,0,0,1,0,0,0,1,liraglutide,19.286209553158702
22,189.0,51.92,8.0,108,NCT01272219,349,9.873225806005726,213.62070380266925,21.636363636363637,1.0,1,0,0,1,0,0,1,0,0,0,0,0,0,0,0,0,0,0,0,0,0,0,0,0,0,1,0,0,0,0,1,1,0,0,0,1,0,0,0,0,1,0,0,0,1,liraglutide,18.206209553158708
22,189.0,51.92,8.0,112,NCT01557166,175,9.873225806005726,100.52739002478553,10.181818181818182,1.0,1,0,0,1,0,0,1,0,0,0,0,0,0,0,0,0,0,0,0,0,0,0,0,0,0,1,0,0,0,0,1,1,0,0,1,0,0,0,0,0,1,0,0,0,1,liraglutide,19.334785686823945
22,189.0,51.92,8.0,120,NCT02918279,125,9.873225806005726,175.92293254337469,17.818181818181817,1.0,1,0,0,1,0,0,1,0,0,0,0,0,0,0,0,0,0,0,0,0,0,0,0,0,0,1,0,0,0,0,1,1,0,0,0,0,1,0,0,0,1,0,0,0,1,liraglutide,19.936209553158704
22,189.0,51.92,8.0,127,NCT02527200,17,9.873225806005726,163.3570087902765,16.545454545454547,1.0,1,0,0,1,0,0,1,0,0,0,0,0,0,0,0,0,0,0,0,0,0,0,0,0,0,1,0,0,0,0,1,1,0,0,0,0,0,1,0,0,1,0,0,0,1,liraglutide,20.836209553158707
22,189.0,51.92,8.0,128,NCT02527200,14,9.873225806005726,163.3570087902765,16.545454545454547,1.0,1,0,0,1,0,0,1,0,0,0,0,0,0,0,0,0,0,0,0,0,0,0,0,0,0,1,0,0,0,0,1,1,0,0,0,0,0,1,0,0,1,0,0,0,1,liraglutide,24.936209553158704
22,189.0,51.92,8.0,129,NCT02527200,31,9.873225806005726,163.3570087902765,16.545454545454547,1.0,1,0,0,1,0,0,1,0,0,0,0,0,0,0,0,0,0,0,0,0,0,0,0,0,0,1,0,0,0,0,1,1,0,0,0,0,0,1,0,0,1,0,0,0,1,liraglutide,22.836209553158707
22,189.0,51.92,8.0,130,NCT00781937,194,9.873225806005726,175.92293254337469,17.818181818181817,1.0,1,0,0,1,0,0,1,0,0,0,0,0,0,0,0,0,0,0,0,0,0,0,0,0,0,1,0,0,0,0,1,1,0,0,0,1,0,0,0,0,1,0,0,0,1,liraglutide,17.476209553158704
22,189.0,51.92,8.0,136,NCT04074161,117,9.873225806005726,213.62070380266925,21.636363636363637,1.0,1,0,0,1,0,0,1,0,0,0,0,0,0,0,0,0,0,0,0,0,0,0,0,0,0,1,0,0,0,0,1,1,0,0,0,1,0,0,0,0,1,0,0,0,1,liraglutide,18.736209553158705
22,189.0,51.92,8.0,150,NCT02647944,19,9.873225806005726,50.263695012392766,5.090909090909091,1.0,1,0,0,1,0,0,1,0,0,0,0,0,0,0,0,0,0,0,0,0,0,0,0,0,0,1,0,0,0,0,1,1,0,0,0,1,0,0,0,1,0,0,0,0,1,liraglutide,20.948017074415212
22,189.0,51.92,8.0,155,NCT03486392,108,9.873225806005726,81.67850439513825,8.272727272727273,1.0,1,0,0,1,0,0,1,0,0,0,0,0,0,0,0,0,0,0,0,0,0,0,0,0,0,1,0,0,0,0,1,1,0,0,0,1,0,0,0,1,0,0,0,0,1,liraglutide,17.756209553158705
30,140.0,34.0,4.0,111,NCT00752726,54,0.14814814814814814,2.488888888888889,5.6,1.0,1,0,1,0,0,0,1,0,0,0,0,0,0,0,0,0,0,0,0,0,0,0,0,0,0,1,0,0,0,0,1,1,0,0,1,0,0,0,0,0,0,1,0,1,0,orlistat,12.394652854358885
42,287.0,42.3,8.0,35,NCT02453711,96,9.873225806005726,85.56795698538292,8.666666666666666,1.0,1,0,0,1,0,0,1,0,0,0,0,0,0,0,0,0,0,0,0,0,0,0,0,0,0,1,0,0,0,0,1,1,0,0,0,1,0,0,0,1,0,0,0,0,1,liraglutide,14.93
42,287.0,42.3,8.0,51,NCT00422058,94,3.94929032240229,13.164301074674295,3.3333333333333335,1.0,1,0,0,1,0,0,1,0,0,0,0,0,0,0,0,0,0,0,0,0,0,0,0,0,0,1,0,0,0,0,1,1,0,0,0,1,0,0,0,1,0,0,0,0,1,liraglutide,18.19279125646473
42,287.0,42.3,8.0,52,NCT00422058,90,5.923935483603436,19.746451612011445,3.3333333333333335,1.0,1,0,0,1,0,0,1,0,0,0,0,0,0,0,0,0,0,0,0,0,0,0,0,0,0,1,0,0,0,0,1,1,0,0,0,1,0,0,0,1,0,0,0,0,1,liraglutide,17.462839524734694
42,287.0,42.3,8.0,53,NCT00422058,92,7.89858064480458,26.32860214934859,3.3333333333333335,1.0,1,0,0,1,0,0,1,0,0,0,0,0,0,0,0,0,0,0,0,0,0,0,0,0,0,1,0,0,0,0,1,1,0,0,0,1,0,0,0,1,0,0,0,0,1,liraglutide,16.775930614829267
42,287.0,42.3,8.0,54,NCT00422058,92,9.873225806005726,32.91075268668574,3.3333333333333335,1.0,1,0,0,1,0,0,1,0,0,0,0,0,0,0,0,0,0,0,0,0,0,0,0,0,0,1,0,0,0,0,1,1,0,0,0,1,0,0,0,1,0,0,0,0,1,liraglutide,15.688375893128203
42,287.0,42.3,8.0,61,NCT03158805,29,9.873225806005726,65.82150537337148,6.666666666666667,1.0,1,0,0,1,0,0,1,0,0,0,0,0,0,0,0,0,0,0,0,0,0,0,0,0,0,1,0,0,0,0,1,1,0,0,0,1,0,0,0,1,0,0,0,0,1,liraglutide,16.9
42,287.0,42.3,8.0,102,NCT01272232,412,9.873225806005726,92.15010752272006,9.333333333333334,1.0,1,0,0,1,0,0,1,0,0,0,0,0,0,0,0,0,0,0,0,0,0,0,0,0,0,1,0,0,0,0,1,1,0,0,0,1,0,0,0,0,1,0,0,0,1,liraglutide,16.5
42,287.0,42.3,8.0,103,NCT01272232,204,5.923935483603436,55.290064513632046,9.333333333333334,1.0,1,0,0,1,0,0,1,0,0,0,0,0,0,0,0,0,0,0,0,0,0,0,0,0,0,1,0,0,0,0,1,1,0,0,0,1,0,0,0,0,1,0,0,0,1,liraglutide,17.799999999999997
42,287.0,42.3,8.0,106,NCT01272219,2432,9.873225806005726,92.15010752272006,9.333333333333334,1.0,1,0,0,1,0,0,1,0,0,0,0,0,0,0,0,0,0,0,0,0,0,0,0,0,0,1,0,0,0,0,1,1,0,0,0,1,0,0,0,0,1,0,0,0,1,liraglutide,15.04
42,287.0,42.3,8.0,107,NCT01272219,1467,9.873225806005726,263.2860214934859,26.666666666666668,1.0,1,0,0,1,0,0,1,0,0,0,0,0,0,0,0,0,0,0,0,0,0,0,0,0,0,1,0,0,0,0,1,1,0,0,0,1,0,0,0,0,1,0,0,0,1,liraglutide,16.15
42,287.0,42.3,8.0,108,NCT01272219,349,9.873225806005726,111.89655913473152,11.333333333333334,1.0,1,0,0,1,0,0,1,0,0,0,0,0,0,0,0,0,0,0,0,0,0,0,0,0,0,1,0,0,0,0,1,1,0,0,0,1,0,0,0,0,1,0,0,0,1,liraglutide,15.07
42,287.0,42.3,8.0,112,NCT01557166,175,9.873225806005726,52.65720429869718,5.333333333333333,1.0,1,0,0,1,0,0,1,0,0,0,0,0,0,0,0,0,0,0,0,0,0,0,0,0,0,1,0,0,0,0,1,1,0,0,1,0,0,0,0,0,1,0,0,0,1,liraglutide,16.198576133665235
42,287.0,42.3,8.0,120,NCT02918279,125,9.873225806005726,92.15010752272006,9.333333333333334,1.0,1,0,0,1,0,0,1,0,0,0,0,0,0,0,0,0,0,0,0,0,0,0,0,0,0,1,0,0,0,0,1,1,0,0,0,0,1,0,0,0,1,0,0,0,1,liraglutide,16.799999999999997
42,287.0,42.3,8.0,127,NCT02527200,17,9.873225806005726,85.56795698538292,8.666666666666666,1.0,1,0,0,1,0,0,1,0,0,0,0,0,0,0,0,0,0,0,0,0,0,0,0,0,0,1,0,0,0,0,1,1,0,0,0,0,0,1,0,0,1,0,0,0,1,liraglutide,17.7
42,287.0,42.3,8.0,128,NCT02527200,14,9.873225806005726,85.56795698538292,8.666666666666666,1.0,1,0,0,1,0,0,1,0,0,0,0,0,0,0,0,0,0,0,0,0,0,0,0,0,0,1,0,0,0,0,1,1,0,0,0,0,0,1,0,0,1,0,0,0,1,liraglutide,21.8
42,287.0,42.3,8.0,129,NCT02527200,31,9.873225806005726,85.56795698538292,8.666666666666666,1.0,1,0,0,1,0,0,1,0,0,0,0,0,0,0,0,0,0,0,0,0,0,0,0,0,0,1,0,0,0,0,1,1,0,0,0,0,0,1,0,0,1,0,0,0,1,liraglutide,19.7
42,287.0,42.3,8.0,130,NCT00781937,194,9.873225806005726,92.15010752272006,9.333333333333334,1.0,1,0,0,1,0,0,1,0,0,0,0,0,0,0,0,0,0,0,0,0,0,0,0,0,0,1,0,0,0,0,1,1,0,0,0,1,0,0,0,0,1,0,0,0,1,liraglutide,14.339999999999998
42,287.0,42.3,8.0,136,NCT04074161,117,9.873225806005726,111.89655913473152,11.333333333333334,1.0,1,0,0,1,0,0,1,0,0,0,0,0,0,0,0,0,0,0,0,0,0,0,0,0,0,1,0,0,0,0,1,1,0,0,0,1,0,0,0,0,1,0,0,0,1,liraglutide,15.599999999999998
42,287.0,42.3,8.0,150,NCT02647944,19,9.873225806005726,26.32860214934859,2.6666666666666665,1.0,1,0,0,1,0,0,1,0,0,0,0,0,0,0,0,0,0,0,0,0,0,0,0,0,0,1,0,0,0,0,1,1,0,0,0,1,0,0,0,1,0,0,0,0,1,liraglutide,17.811807521256508
42,287.0,42.3,8.0,155,NCT03486392,108,9.873225806005726,42.78397849269146,4.333333333333333,1.0,1,0,0,1,0,0,1,0,0,0,0,0,0,0,0,0,0,0,0,0,0,0,0,0,0,1,0,0,0,0,1,1,0,0,0,1,0,0,0,1,0,0,0,0,1,liraglutide,14.619999999999996
28,287.0,42.3,8.0,35,NCT02453711,96,3.291075268668575,42.78397849269146,13.0,1.0,1,0,0,1,0,0,1,0,0,0,0,0,0,0,0,0,0,0,0,0,0,0,0,0,0,1,0,0,0,0,1,1,0,0,0,1,0,0,0,1,0,0,0,0,1,liraglutide,22.53
28,287.0,42.3,8.0,51,NCT00422058,94,1.31643010746743,6.582150537337148,5.0,1.0,1,0,0,1,0,0,1,0,0,0,0,0,0,0,0,0,0,0,0,0,0,0,0,0,0,1,0,0,0,0,1,1,0,0,0,1,0,0,0,1,0,0,0,0,1,liraglutide,25.79279125646473
28,287.0,42.3,8.0,52,NCT00422058,90,1.9746451612011453,9.873225806005722,5.0,1.0,1,0,0,1,0,0,1,0,0,0,0,0,0,0,0,0,0,0,0,0,0,0,0,0,0,1,0,0,0,0,1,1,0,0,0,1,0,0,0,1,0,0,0,0,1,liraglutide,25.06283952473469
28,287.0,42.3,8.0,53,NCT00422058,92,2.63286021493486,13.164301074674295,5.0,1.0,1,0,0,1,0,0,1,0,0,0,0,0,0,0,0,0,0,0,0,0,0,0,0,0,0,1,0,0,0,0,1,1,0,0,0,1,0,0,0,1,0,0,0,0,1,liraglutide,24.37593061482927
28,287.0,42.3,8.0,54,NCT00422058,92,3.291075268668575,16.45537634334287,5.0,1.0,1,0,0,1,0,0,1,0,0,0,0,0,0,0,0,0,0,0,0,0,0,0,0,0,0,1,0,0,0,0,1,1,0,0,0,1,0,0,0,1,0,0,0,0,1,liraglutide,23.288375893128205
28,287.0,42.3,8.0,61,NCT03158805,29,3.291075268668575,32.91075268668574,10.0,1.0,1,0,0,1,0,0,1,0,0,0,0,0,0,0,0,0,0,0,0,0,0,0,0,0,0,1,0,0,0,0,1,1,0,0,0,1,0,0,0,1,0,0,0,0,1,liraglutide,24.5
28,287.0,42.3,8.0,102,NCT01272232,412,3.291075268668575,46.07505376136003,14.0,1.0,1,0,0,1,0,0,1,0,0,0,0,0,0,0,0,0,0,0,0,0,0,0,0,0,0,1,0,0,0,0,1,1,0,0,0,1,0,0,0,0,1,0,0,0,1,liraglutide,24.1
28,287.0,42.3,8.0,103,NCT01272232,204,1.9746451612011453,27.645032256816023,14.0,1.0,1,0,0,1,0,0,1,0,0,0,0,0,0,0,0,0,0,0,0,0,0,0,0,0,0,1,0,0,0,0,1,1,0,0,0,1,0,0,0,0,1,0,0,0,1,liraglutide,25.4
28,287.0,42.3,8.0,106,NCT01272219,2432,3.291075268668575,46.07505376136003,14.0,1.0,1,0,0,1,0,0,1,0,0,0,0,0,0,0,0,0,0,0,0,0,0,0,0,0,0,1,0,0,0,0,1,1,0,0,0,1,0,0,0,0,1,0,0,0,1,liraglutide,22.64
28,287.0,42.3,8.0,107,NCT01272219,1467,3.291075268668575,131.64301074674296,40.0,1.0,1,0,0,1,0,0,1,0,0,0,0,0,0,0,0,0,0,0,0,0,0,0,0,0,0,1,0,0,0,0,1,1,0,0,0,1,0,0,0,0,1,0,0,0,1,liraglutide,23.75
28,287.0,42.3,8.0,108,NCT01272219,349,3.291075268668575,55.94827956736576,17.0,1.0,1,0,0,1,0,0,1,0,0,0,0,0,0,0,0,0,0,0,0,0,0,0,0,0,0,1,0,0,0,0,1,1,0,0,0,1,0,0,0,0,1,0,0,0,1,liraglutide,22.67
28,287.0,42.3,8.0,112,NCT01557166,175,3.291075268668575,26.32860214934859,8.0,1.0,1,0,0,1,0,0,1,0,0,0,0,0,0,0,0,0,0,0,0,0,0,0,0,0,0,1,0,0,0,0,1,1,0,0,1,0,0,0,0,0,1,0,0,0,1,liraglutide,23.79857613366524
28,287.0,42.3,8.0,120,NCT02918279,125,3.291075268668575,46.07505376136003,14.0,1.0,1,0,0,1,0,0,1,0,0,0,0,0,0,0,0,0,0,0,0,0,0,0,0,0,0,1,0,0,0,0,1,1,0,0,0,0,1,0,0,0,1,0,0,0,1,liraglutide,24.4
28,287.0,42.3,8.0,127,NCT02527200,17,3.291075268668575,42.78397849269146,13.0,1.0,1,0,0,1,0,0,1,0,0,0,0,0,0,0,0,0,0,0,0,0,0,0,0,0,0,1,0,0,0,0,1,1,0,0,0,0,0,1,0,0,1,0,0,0,1,liraglutide,25.3
28,287.0,42.3,8.0,128,NCT02527200,14,3.291075268668575,42.78397849269146,13.0,1.0,1,0,0,1,0,0,1,0,0,0,0,0,0,0,0,0,0,0,0,0,0,0,0,0,0,1,0,0,0,0,1,1,0,0,0,0,0,1,0,0,1,0,0,0,1,liraglutide,29.4
28,287.0,42.3,8.0,129,NCT02527200,31,3.291075268668575,42.78397849269146,13.0,1.0,1,0,0,1,0,0,1,0,0,0,0,0,0,0,0,0,0,0,0,0,0,0,0,0,0,1,0,0,0,0,1,1,0,0,0,0,0,1,0,0,1,0,0,0,1,liraglutide,27.3
28,287.0,42.3,8.0,130,NCT00781937,194,3.291075268668575,46.07505376136003,14.0,1.0,1,0,0,1,0,0,1,0,0,0,0,0,0,0,0,0,0,0,0,0,0,0,0,0,0,1,0,0,0,0,1,1,0,0,0,1,0,0,0,0,1,0,0,0,1,liraglutide,21.94
28,287.0,42.3,8.0,136,NCT04074161,117,3.291075268668575,55.94827956736576,17.0,1.0,1,0,0,1,0,0,1,0,0,0,0,0,0,0,0,0,0,0,0,0,0,0,0,0,0,1,0,0,0,0,1,1,0,0,0,1,0,0,0,0,1,0,0,0,1,liraglutide,23.2
28,287.0,42.3,8.0,150,NCT02647944,19,3.291075268668575,13.164301074674295,4.0,1.0,1,0,0,1,0,0,1,0,0,0,0,0,0,0,0,0,0,0,0,0,0,0,0,0,0,1,0,0,0,0,1,1,0,0,0,1,0,0,0,1,0,0,0,0,1,liraglutide,25.41180752125651
28,287.0,42.3,8.0,155,NCT03486392,108,3.291075268668575,21.39198924634573,6.5,1.0,1,0,0,1,0,0,1,0,0,0,0,0,0,0,0,0,0,0,0,0,0,0,0,0,0,1,0,0,0,0,1,1,0,0,0,1,0,0,0,1,0,0,0,0,1,liraglutide,22.22
26,126.0,195.0,6.0,35,NCT02453711,96,1.111111111111111,7.777777777777778,14.0,1.0,1,0,0,1,0,0,0,0,0,1,0,0,0,0,0,0,0,0,0,0,0,0,0,0,1,0,0,0,0,0,1,1,0,0,0,1,0,0,0,1,0,0,0,0,1,liraglutide,10.53
26,126.0,195.0,6.0,51,NCT00422058,94,0.4444444444444444,1.1965811965811965,5.384615384615385,1.0,1,0,0,1,0,0,0,0,0,1,0,0,0,0,0,0,0,0,0,0,0,0,0,0,1,0,0,0,0,0,1,1,0,0,0,1,0,0,0,1,0,0,0,0,1,liraglutide,13.792791256464731
26,126.0,195.0,6.0,52,NCT00422058,90,0.6666666666666666,1.7948717948717947,5.384615384615385,1.0,1,0,0,1,0,0,0,0,0,1,0,0,0,0,0,0,0,0,0,0,0,0,0,0,1,0,0,0,0,0,1,1,0,0,0,1,0,0,0,1,0,0,0,0,1,liraglutide,13.062839524734695
26,126.0,195.0,6.0,53,NCT00422058,92,0.8888888888888888,2.393162393162393,5.384615384615385,1.0,1,0,0,1,0,0,0,0,0,1,0,0,0,0,0,0,0,0,0,0,0,0,0,0,1,0,0,0,0,0,1,1,0,0,0,1,0,0,0,1,0,0,0,0,1,liraglutide,12.375930614829269
26,126.0,195.0,6.0,54,NCT00422058,92,1.111111111111111,2.9914529914529915,5.384615384615385,1.0,1,0,0,1,0,0,0,0,0,1,0,0,0,0,0,0,0,0,0,0,0,0,0,0,1,0,0,0,0,0,1,1,0,0,0,1,0,0,0,1,0,0,0,0,1,liraglutide,11.288375893128206
26,126.0,195.0,6.0,61,NCT03158805,29,1.111111111111111,5.982905982905983,10.76923076923077,1.0,1,0,0,1,0,0,0,0,0,1,0,0,0,0,0,0,0,0,0,0,0,0,0,0,1,0,0,0,0,0,1,1,0,0,0,1,0,0,0,1,0,0,0,0,1,liraglutide,12.5
26,126.0,195.0,6.0,102,NCT01272232,412,1.111111111111111,8.376068376068377,15.076923076923077,1.0,1,0,0,1,0,0,0,0,0,1,0,0,0,0,0,0,0,0,0,0,0,0,0,0,1,0,0,0,0,0,1,1,0,0,0,1,0,0,0,0,1,0,0,0,1,liraglutide,12.1
26,126.0,195.0,6.0,103,NCT01272232,204,0.6666666666666666,5.0256410256410255,15.076923076923077,1.0,1,0,0,1,0,0,0,0,0,1,0,0,0,0,0,0,0,0,0,0,0,0,0,0,1,0,0,0,0,0,1,1,0,0,0,1,0,0,0,0,1,0,0,0,1,liraglutide,13.4
26,126.0,195.0,6.0,106,NCT01272219,2432,1.111111111111111,8.376068376068377,15.076923076923077,1.0,1,0,0,1,0,0,0,0,0,1,0,0,0,0,0,0,0,0,0,0,0,0,0,0,1,0,0,0,0,0,1,1,0,0,0,1,0,0,0,0,1,0,0,0,1,liraglutide,10.64
26,126.0,195.0,6.0,107,NCT01272219,1467,1.111111111111111,23.931623931623932,43.07692307692308,1.0,1,0,0,1,0,0,0,0,0,1,0,0,0,0,0,0,0,0,0,0,0,0,0,0,1,0,0,0,0,0,1,1,0,0,0,1,0,0,0,0,1,0,0,0,1,liraglutide,11.75
26,126.0,195.0,6.0,108,NCT01272219,349,1.111111111111111,10.17094017094017,18.307692307692307,1.0,1,0,0,1,0,0,0,0,0,1,0,0,0,0,0,0,0,0,0,0,0,0,0,0,1,0,0,0,0,0,1,1,0,0,0,1,0,0,0,0,1,0,0,0,1,liraglutide,10.67
26,126.0,195.0,6.0,112,NCT01557166,175,1.111111111111111,4.786324786324786,8.615384615384615,1.0,1,0,0,1,0,0,0,0,0,1,0,0,0,0,0,0,0,0,0,0,0,0,0,0,1,0,0,0,0,0,1,1,0,0,1,0,0,0,0,0,1,0,0,0,1,liraglutide,11.798576133665236
26,126.0,195.0,6.0,120,NCT02918279,125,1.111111111111111,8.376068376068377,15.076923076923077,1.0,1,0,0,1,0,0,0,0,0,1,0,0,0,0,0,0,0,0,0,0,0,0,0,0,1,0,0,0,0,0,1,1,0,0,0,0,1,0,0,0,1,0,0,0,1,liraglutide,12.4
26,126.0,195.0,6.0,127,NCT02527200,17,1.111111111111111,7.777777777777778,14.0,1.0,1,0,0,1,0,0,0,0,0,1,0,0,0,0,0,0,0,0,0,0,0,0,0,0,1,0,0,0,0,0,1,1,0,0,0,0,0,1,0,0,1,0,0,0,1,liraglutide,13.3
26,126.0,195.0,6.0,128,NCT02527200,14,1.111111111111111,7.777777777777778,14.0,1.0,1,0,0,1,0,0,0,0,0,1,0,0,0,0,0,0,0,0,0,0,0,0,0,0,1,0,0,0,0,0,1,1,0,0,0,0,0,1,0,0,1,0,0,0,1,liraglutide,17.4
26,126.0,195.0,6.0,129,NCT02527200,31,1.111111111111111,7.777777777777778,14.0,1.0,1,0,0,1,0,0,0,0,0,1,0,0,0,0,0,0,0,0,0,0,0,0,0,0,1,0,0,0,0,0,1,1,0,0,0,0,0,1,0,0,1,0,0,0,1,liraglutide,15.3
26,126.0,195.0,6.0,130,NCT00781937,194,1.111111111111111,8.376068376068377,15.076923076923077,1.0,1,0,0,1,0,0,0,0,0,1,0,0,0,0,0,0,0,0,0,0,0,0,0,0,1,0,0,0,0,0,1,1,0,0,0,1,0,0,0,0,1,0,0,0,1,liraglutide,9.94
26,126.0,195.0,6.0,136,NCT04074161,117,1.111111111111111,10.17094017094017,18.307692307692307,1.0,1,0,0,1,0,0,0,0,0,1,0,0,0,0,0,0,0,0,0,0,0,0,0,0,1,0,0,0,0,0,1,1,0,0,0,1,0,0,0,0,1,0,0,0,1,liraglutide,11.2
26,126.0,195.0,6.0,150,NCT02647944,19,1.111111111111111,2.393162393162393,4.3076923076923075,1.0,1,0,0,1,0,0,0,0,0,1,0,0,0,0,0,0,0,0,0,0,0,0,0,0,1,0,0,0,0,0,1,1,0,0,0,1,0,0,0,1,0,0,0,0,1,liraglutide,13.41180752125651
26,126.0,195.0,6.0,155,NCT03486392,108,1.111111111111111,3.888888888888889,7.0,1.0,1,0,0,1,0,0,0,0,0,1,0,0,0,0,0,0,0,0,0,0,0,0,0,0,1,0,0,0,0,0,1,1,0,0,0,1,0,0,0,1,0,0,0,0,1,liraglutide,10.22
14,126.0,195.0,8.0,35,NCT02453711,96,2.222222222222222,28.888888888888886,26.0,1.0,1,0,0,1,0,0,0,0,0,1,0,0,0,0,0,0,0,0,0,0,0,0,0,0,1,0,0,0,0,0,1,1,0,0,0,1,0,0,0,1,0,0,0,0,1,liraglutide,5.53
14,126.0,195.0,8.0,51,NCT00422058,94,0.8888888888888888,4.444444444444444,10.0,1.0,1,0,0,1,0,0,0,0,0,1,0,0,0,0,0,0,0,0,0,0,0,0,0,0,1,0,0,0,0,0,1,1,0,0,0,1,0,0,0,1,0,0,0,0,1,liraglutide,8.792791256464731
14,126.0,195.0,8.0,52,NCT00422058,90,1.3333333333333333,6.666666666666666,10.0,1.0,1,0,0,1,0,0,0,0,0,1,0,0,0,0,0,0,0,0,0,0,0,0,0,0,1,0,0,0,0,0,1,1,0,0,0,1,0,0,0,1,0,0,0,0,1,liraglutide,8.062839524734695
14,126.0,195.0,8.0,53,NCT00422058,92,1.7777777777777777,8.888888888888888,10.0,1.0,1,0,0,1,0,0,0,0,0,1,0,0,0,0,0,0,0,0,0,0,0,0,0,0,1,0,0,0,0,0,1,1,0,0,0,1,0,0,0,1,0,0,0,0,1,liraglutide,7.37593061482927
14,126.0,195.0,8.0,54,NCT00422058,92,2.222222222222222,11.11111111111111,10.0,1.0,1,0,0,1,0,0,0,0,0,1,0,0,0,0,0,0,0,0,0,0,0,0,0,0,1,0,0,0,0,0,1,1,0,0,0,1,0,0,0,1,0,0,0,0,1,liraglutide,6.288375893128206
14,126.0,195.0,8.0,61,NCT03158805,29,2.222222222222222,22.22222222222222,20.0,1.0,1,0,0,1,0,0,0,0,0,1,0,0,0,0,0,0,0,0,0,0,0,0,0,0,1,0,0,0,0,0,1,1,0,0,0,1,0,0,0,1,0,0,0,0,1,liraglutide,7.5
14,126.0,195.0,8.0,102,NCT01272232,412,2.222222222222222,31.111111111111107,28.0,1.0,1,0,0,1,0,0,0,0,0,1,0,0,0,0,0,0,0,0,0,0,0,0,0,0,1,0,0,0,0,0,1,1,0,0,0,1,0,0,0,0,1,0,0,0,1,liraglutide,7.1
14,126.0,195.0,8.0,103,NCT01272232,204,1.3333333333333333,18.666666666666664,28.0,1.0,1,0,0,1,0,0,0,0,0,1,0,0,0,0,0,0,0,0,0,0,0,0,0,0,1,0,0,0,0,0,1,1,0,0,0,1,0,0,0,0,1,0,0,0,1,liraglutide,8.4
14,126.0,195.0,8.0,106,NCT01272219,2432,2.222222222222222,31.111111111111107,28.0,1.0,1,0,0,1,0,0,0,0,0,1,0,0,0,0,0,0,0,0,0,0,0,0,0,0,1,0,0,0,0,0,1,1,0,0,0,1,0,0,0,0,1,0,0,0,1,liraglutide,5.64
14,126.0,195.0,8.0,107,NCT01272219,1467,2.222222222222222,88.88888888888889,80.0,1.0,1,0,0,1,0,0,0,0,0,1,0,0,0,0,0,0,0,0,0,0,0,0,0,0,1,0,0,0,0,0,1,1,0,0,0,1,0,0,0,0,1,0,0,0,1,liraglutide,6.75
14,126.0,195.0,8.0,108,NCT01272219,349,2.222222222222222,37.77777777777777,34.0,1.0,1,0,0,1,0,0,0,0,0,1,0,0,0,0,0,0,0,0,0,0,0,0,0,0,1,0,0,0,0,0,1,1,0,0,0,1,0,0,0,0,1,0,0,0,1,liraglutide,5.67
14,126.0,195.0,8.0,112,NCT01557166,175,2.222222222222222,17.777777777777775,16.0,1.0,1,0,0,1,0,0,0,0,0,1,0,0,0,0,0,0,0,0,0,0,0,0,0,0,1,0,0,0,0,0,1,1,0,0,1,0,0,0,0,0,1,0,0,0,1,liraglutide,6.798576133665236
14,126.0,195.0,8.0,120,NCT02918279,125,2.222222222222222,31.111111111111107,28.0,1.0,1,0,0,1,0,0,0,0,0,1,0,0,0,0,0,0,0,0,0,0,0,0,0,0,1,0,0,0,0,0,1,1,0,0,0,0,1,0,0,0,1,0,0,0,1,liraglutide,7.4
14,126.0,195.0,8.0,127,NCT02527200,17,2.222222222222222,28.888888888888886,26.0,1.0,1,0,0,1,0,0,0,0,0,1,0,0,0,0,0,0,0,0,0,0,0,0,0,0,1,0,0,0,0,0,1,1,0,0,0,0,0,1,0,0,1,0,0,0,1,liraglutide,8.3
14,126.0,195.0,8.0,128,NCT02527200,14,2.222222222222222,28.888888888888886,26.0,1.0,1,0,0,1,0,0,0,0,0,1,0,0,0,0,0,0,0,0,0,0,0,0,0,0,1,0,0,0,0,0,1,1,0,0,0,0,0,1,0,0,1,0,0,0,1,liraglutide,12.4
14,126.0,195.0,8.0,129,NCT02527200,31,2.222222222222222,28.888888888888886,26.0,1.0,1,0,0,1,0,0,0,0,0,1,0,0,0,0,0,0,0,0,0,0,0,0,0,0,1,0,0,0,0,0,1,1,0,0,0,0,0,1,0,0,1,0,0,0,1,liraglutide,10.3
14,126.0,195.0,8.0,130,NCT00781937,194,2.222222222222222,31.111111111111107,28.0,1.0,1,0,0,1,0,0,0,0,0,1,0,0,0,0,0,0,0,0,0,0,0,0,0,0,1,0,0,0,0,0,1,1,0,0,0,1,0,0,0,0,1,0,0,0,1,liraglutide,4.94
14,126.0,195.0,8.0,136,NCT04074161,117,2.222222222222222,37.77777777777777,34.0,1.0,1,0,0,1,0,0,0,0,0,1,0,0,0,0,0,0,0,0,0,0,0,0,0,0,1,0,0,0,0,0,1,1,0,0,0,1,0,0,0,0,1,0,0,0,1,liraglutide,6.199999999999999
14,126.0,195.0,8.0,150,NCT02647944,19,2.222222222222222,8.888888888888888,8.0,1.0,1,0,0,1,0,0,0,0,0,1,0,0,0,0,0,0,0,0,0,0,0,0,0,0,1,0,0,0,0,0,1,1,0,0,0,1,0,0,0,1,0,0,0,0,1,liraglutide,8.41180752125651
14,126.0,195.0,8.0,155,NCT03486392,108,2.222222222222222,14.444444444444443,13.0,1.0,1,0,0,1,0,0,0,0,0,1,0,0,0,0,0,0,0,0,0,0,0,0,0,0,1,0,0,0,0,0,1,1,0,0,0,1,0,0,0,1,0,0,0,0,1,liraglutide,5.22
56,147.0,490.0,10.0,151,NCT00005669,53,0.6172839506172839,3.9682539682539684,3.2142857142857144,1.0,1,0,1,0,0,0,0,0,0,0,0,0,0,0,0,0,0,0,0,1,0,0,0,0,0,0,1,0,0,0,1,1,0,0,0,0,1,0,0,1,0,0,0,1,0,metformin,11.1752748826131
14,182.0,47.3,12.0,15,NCT02160990,10,0.0205761316872428,0.04409171075837742,2.142857142857143,1.0,1,0,0,1,0,0,1,0,0,0,0,0,0,0,0,0,0,0,0,0,0,0,0,0,0,1,0,0,0,0,1,1,0,0,0,1,0,0,0,0,0,1,0,0,1,exenatide,4.888154318952281
14,182.0,47.3,12.0,71,NCT00856609,31,0.0411522633744856,0.102880658436214,2.5,1.0,1,0,0,1,0,0,1,0,0,0,0,0,0,0,0,0,0,0,0,0,0,0,0,0,0,1,0,0,0,0,1,1,0,0,1,0,0,0,0,0,1,0,0,0,1,exenatide,4.038127998179966
14,147.0,38.0,8.0,15,NCT02160990,10,0.0205761316872428,0.08818342151675485,2.142857142857143,1.0,1,0,0,1,0,0,1,0,0,0,0,0,0,0,0,0,0,0,0,0,0,0,0,0,0,1,0,0,0,0,1,1,0,0,0,1,0,0,0,0,0,1,0,0,1,exenatide,4.3447583024840455
14,147.0,38.0,8.0,71,NCT00856609,31,0.0411522633744856,0.205761316872428,2.5,1.0,1,0,0,1,0,0,1,0,0,0,0,0,0,0,0,0,0,0,0,0,0,0,0,0,0,1,0,0,0,0,1,1,0,0,1,0,0,0,0,0,1,0,0,0,1,exenatide,3.4947319817117304
98,28.0,19.1,10.0,151,NCT00005669,53,24.691358024691358,90.70294784580499,1.836734693877551,1.0,1,0,1,0,0,0,1,0,0,0,0,0,0,0,0,0,0,0,0,0,0,0,0,0,0,1,0,0,0,0,1,1,0,0,0,0,1,0,0,1,0,0,0,1,0,metformin,33.889985766966866
98,28.0,19.1,10.0,151,NCT00005669,53,4.938271604938271,18.140589569160998,1.836734693877551,1.0,1,0,1,0,0,0,1,0,0,0,0,0,0,0,0,0,0,0,0,0,0,0,0,0,0,1,0,0,0,0,1,1,0,0,0,0,1,0,0,1,0,0,0,1,0,metformin,51.5983191003002
14,112.0,700.0,6.0,15,NCT02160990,10,0.10288065843621398,0.44091710758377417,2.142857142857143,1.0,1,0,0,1,0,0,0,0,0,0,0,0,0,0,0,0,0,1,0,0,0,0,0,0,0,0,1,0,0,0,1,1,0,0,0,1,0,0,0,0,0,1,0,0,1,exenatide,4.081600407747197
14,112.0,700.0,6.0,71,NCT00856609,31,0.20576131687242796,1.02880658436214,2.5,1.0,1,0,0,1,0,0,0,0,0,0,0,0,0,0,0,0,0,1,0,0,0,0,0,0,0,0,1,0,0,0,1,1,0,0,1,0,0,0,0,0,1,0,0,0,1,exenatide,3.2315740869748817
56,77.0,30.4,8.0,111,NCT00752726,54,0.14814814814814814,1.8666666666666667,3.0,1.0,1,0,1,0,0,0,1,0,0,0,0,0,0,0,0,0,0,0,0,0,0,0,0,0,0,1,0,0,0,0,1,1,0,0,1,0,0,0,0,0,0,1,0,1,0,orlistat,29.492049189942307
28,63.0,42.3,10.0,151,NCT00005669,53,0.9876543209876543,12.698412698412698,6.428571428571429,1.0,0,0,0,0,1,0,0,0,0,0,0,0,0,0,0,0,0,0,0,0,0,0,1,0,0,1,0,0,0,0,1,0,1,0,0,0,1,0,0,1,0,0,0,1,0,metformin,-2.060847566366492
84,56.0,31.0,7.0,35,NCT02453711,96,0.9259259259259257,4.012345679012346,4.333333333333333,1.0,1,0,0,1,0,0,0,0,0,0,0,0,1,0,0,0,0,0,0,0,0,0,0,0,0,1,0,0,0,0,1,0,1,0,0,1,0,0,0,1,0,0,0,0,1,liraglutide,20.336451612903225
84,56.0,31.0,7.0,51,NCT00422058,94,0.3703703703703703,0.6172839506172839,1.6666666666666667,1.0,1,0,0,1,0,0,0,0,0,0,0,0,1,0,0,0,0,0,0,0,0,0,0,0,0,1,0,0,0,0,1,0,1,0,0,1,0,0,0,1,0,0,0,0,1,liraglutide,23.59924286936796
84,56.0,31.0,7.0,52,NCT00422058,90,0.5555555555555555,0.9259259259259258,1.6666666666666667,1.0,1,0,0,1,0,0,0,0,0,0,0,0,1,0,0,0,0,0,0,0,0,0,0,0,0,1,0,0,0,0,1,0,1,0,0,1,0,0,0,1,0,0,0,0,1,liraglutide,22.86929113763792
84,56.0,31.0,7.0,53,NCT00422058,92,0.7407407407407406,1.2345679012345678,1.6666666666666667,1.0,1,0,0,1,0,0,0,0,0,0,0,0,1,0,0,0,0,0,0,0,0,0,0,0,0,1,0,0,0,0,1,0,1,0,0,1,0,0,0,1,0,0,0,0,1,liraglutide,22.182382227732493
84,56.0,31.0,7.0,54,NCT00422058,92,0.9259259259259257,1.5432098765432096,1.6666666666666667,1.0,1,0,0,1,0,0,0,0,0,0,0,0,1,0,0,0,0,0,0,0,0,0,0,0,0,1,0,0,0,0,1,0,1,0,0,1,0,0,0,1,0,0,0,0,1,liraglutide,21.09482750603143
84,56.0,31.0,7.0,61,NCT03158805,29,0.9259259259259257,3.0864197530864192,3.3333333333333335,1.0,1,0,0,1,0,0,0,0,0,0,0,0,1,0,0,0,0,0,0,0,0,0,0,0,0,1,0,0,0,0,1,0,1,0,0,1,0,0,0,1,0,0,0,0,1,liraglutide,22.306451612903224
84,56.0,31.0,7.0,102,NCT01272232,412,0.9259259259259257,4.320987654320987,4.666666666666667,1.0,1,0,0,1,0,0,0,0,0,0,0,0,1,0,0,0,0,0,0,0,0,0,0,0,0,1,0,0,0,0,1,0,1,0,0,1,0,0,0,0,1,0,0,0,1,liraglutide,21.906451612903226
84,56.0,31.0,7.0,103,NCT01272232,204,0.5555555555555555,2.5925925925925926,4.666666666666667,1.0,1,0,0,1,0,0,0,0,0,0,0,0,1,0,0,0,0,0,0,0,0,0,0,0,0,1,0,0,0,0,1,0,1,0,0,1,0,0,0,0,1,0,0,0,1,liraglutide,23.206451612903223
84,56.0,31.0,7.0,106,NCT01272219,2432,0.9259259259259257,4.320987654320987,4.666666666666667,1.0,1,0,0,1,0,0,0,0,0,0,0,0,1,0,0,0,0,0,0,0,0,0,0,0,0,1,0,0,0,0,1,0,1,0,0,1,0,0,0,0,1,0,0,0,1,liraglutide,20.446451612903225
84,56.0,31.0,7.0,107,NCT01272219,1467,0.9259259259259257,12.345679012345677,13.333333333333334,1.0,1,0,0,1,0,0,0,0,0,0,0,0,1,0,0,0,0,0,0,0,0,0,0,0,0,1,0,0,0,0,1,0,1,0,0,1,0,0,0,0,1,0,0,0,1,liraglutide,21.556451612903224
84,56.0,31.0,7.0,108,NCT01272219,349,0.9259259259259257,5.246913580246913,5.666666666666667,1.0,1,0,0,1,0,0,0,0,0,0,0,0,1,0,0,0,0,0,0,0,0,0,0,0,0,1,0,0,0,0,1,0,1,0,0,1,0,0,0,0,1,0,0,0,1,liraglutide,20.476451612903222
84,56.0,31.0,7.0,112,NCT01557166,175,0.9259259259259257,2.4691358024691357,2.6666666666666665,1.0,1,0,0,1,0,0,0,0,0,0,0,0,1,0,0,0,0,0,0,0,0,0,0,0,0,1,0,0,0,0,1,0,1,0,1,0,0,0,0,0,1,0,0,0,1,liraglutide,21.60502774656846
84,56.0,31.0,7.0,120,NCT02918279,125,0.9259259259259257,4.320987654320987,4.666666666666667,1.0,1,0,0,1,0,0,0,0,0,0,0,0,1,0,0,0,0,0,0,0,0,0,0,0,0,1,0,0,0,0,1,0,1,0,0,0,1,0,0,0,1,0,0,0,1,liraglutide,22.206451612903223
84,56.0,31.0,7.0,127,NCT02527200,17,0.9259259259259257,4.012345679012346,4.333333333333333,1.0,1,0,0,1,0,0,0,0,0,0,0,0,1,0,0,0,0,0,0,0,0,0,0,0,0,1,0,0,0,0,1,0,1,0,0,0,0,1,0,0,1,0,0,0,1,liraglutide,23.106451612903225
84,56.0,31.0,7.0,128,NCT02527200,14,0.9259259259259257,4.012345679012346,4.333333333333333,1.0,1,0,0,1,0,0,0,0,0,0,0,0,1,0,0,0,0,0,0,0,0,0,0,0,0,1,0,0,0,0,1,0,1,0,0,0,0,1,0,0,1,0,0,0,1,liraglutide,27.206451612903223
84,56.0,31.0,7.0,129,NCT02527200,31,0.9259259259259257,4.012345679012346,4.333333333333333,1.0,1,0,0,1,0,0,0,0,0,0,0,0,1,0,0,0,0,0,0,0,0,0,0,0,0,1,0,0,0,0,1,0,1,0,0,0,0,1,0,0,1,0,0,0,1,liraglutide,25.106451612903225
84,56.0,31.0,7.0,130,NCT00781937,194,0.9259259259259257,4.320987654320987,4.666666666666667,1.0,1,0,0,1,0,0,0,0,0,0,0,0,1,0,0,0,0,0,0,0,0,0,0,0,0,1,0,0,0,0,1,0,1,0,0,1,0,0,0,0,1,0,0,0,1,liraglutide,19.746451612903225
84,56.0,31.0,7.0,136,NCT04074161,117,0.9259259259259257,5.246913580246913,5.666666666666667,1.0,1,0,0,1,0,0,0,0,0,0,0,0,1,0,0,0,0,0,0,0,0,0,0,0,0,1,0,0,0,0,1,0,1,0,0,1,0,0,0,0,1,0,0,0,1,liraglutide,21.006451612903223
84,56.0,31.0,7.0,150,NCT02647944,19,0.9259259259259257,1.2345679012345678,1.3333333333333333,1.0,1,0,0,1,0,0,0,0,0,0,0,0,1,0,0,0,0,0,0,0,0,0,0,0,0,1,0,0,0,0,1,0,1,0,0,1,0,0,0,1,0,0,0,0,1,liraglutide,23.218259134159734
84,56.0,31.0,7.0,155,NCT03486392,108,0.9259259259259257,2.006172839506173,2.1666666666666665,1.0,1,0,0,1,0,0,0,0,0,0,0,0,1,0,0,0,0,0,0,0,0,0,0,0,0,1,0,0,0,0,1,0,1,0,0,1,0,0,0,1,0,0,0,0,1,liraglutide,20.026451612903223
28,84.0,28.0,13.0,151,NCT00005669,53,1.646090534979424,21.164021164021165,6.428571428571429,1.0,0,1,0,0,0,0,1,0,0,0,0,0,0,0,0,0,0,0,0,0,0,0,0,0,0,1,0,0,0,0,1,1,0,0,0,0,1,0,0,1,0,0,0,1,0,metformin,6.583438147919221
28,56.0,27.5,8.0,111,NCT00752726,54,0.7407407407407407,13.333333333333334,6.0,1.0,1,0,1,0,0,0,1,0,0,0,0,0,0,0,0,0,0,0,0,0,0,0,0,0,0,1,0,0,0,0,1,1,0,0,1,0,0,0,0,0,0,1,0,1,0,orlistat,8.799881612528818
28,56.0,28.0,8.0,45,NCT00650806,95,0.4115226337448559,1.2345679012345678,3.0,1.0,1,0,1,0,0,0,1,0,0,0,0,0,0,0,0,0,0,0,0,0,0,0,0,0,0,1,0,0,0,0,1,1,0,0,0,1,0,0,0,1,0,0,0,1,0,canagliflozin,10.21111111111111
28,56.0,28.0,8.0,46,NCT00650806,85,0.8230452674897119,2.4691358024691357,3.0,1.0,1,0,1,0,0,0,1,0,0,0,0,0,0,0,0,0,0,0,0,0,0,0,0,0,0,1,0,0,0,0,1,1,0,0,0,1,0,0,0,1,0,0,0,1,0,canagliflozin,9.411111111111111
28,56.0,28.0,8.0,47,NCT00650806,93,2.4691358024691357,7.4074074074074066,3.0,1.0,1,0,1,0,0,0,1,0,0,0,0,0,0,0,0,0,0,0,0,0,0,0,0,0,0,1,0,0,0,0,1,1,0,0,0,1,0,0,0,1,0,0,0,1,0,canagliflozin,9.71111111111111
28,56.0,28.0,8.0,68,NCT02243202,78,2.4691358024691357,16.04938271604938,6.5,1.0,1,0,1,0,0,0,1,0,0,0,0,0,0,0,0,0,0,0,0,0,0,0,0,0,0,1,0,0,0,0,1,1,0,0,0,1,0,0,0,1,0,0,0,1,0,canagliflozin,9.81111111111111
28,56.0,28.0,8.0,45,NCT00650806,95,0.10288065843621398,0.30864197530864196,3.0,1.0,1,0,1,0,0,0,1,0,0,0,0,0,0,0,0,0,0,0,0,0,0,0,0,0,0,1,0,0,0,0,1,1,0,0,0,1,0,0,0,1,0,0,0,1,0,canagliflozin,13.914814814814813
28,56.0,28.0,8.0,46,NCT00650806,85,0.20576131687242796,0.6172839506172839,3.0,1.0,1,0,1,0,0,0,1,0,0,0,0,0,0,0,0,0,0,0,0,0,0,0,0,0,0,1,0,0,0,0,1,1,0,0,0,1,0,0,0,1,0,0,0,1,0,canagliflozin,13.114814814814814
28,56.0,28.0,8.0,47,NCT00650806,93,0.6172839506172839,1.8518518518518516,3.0,1.0,1,0,1,0,0,0,1,0,0,0,0,0,0,0,0,0,0,0,0,0,0,0,0,0,0,1,0,0,0,0,1,1,0,0,0,1,0,0,0,1,0,0,0,1,0,canagliflozin,13.414814814814813
28,56.0,28.0,8.0,68,NCT02243202,78,0.6172839506172839,4.012345679012345,6.5,1.0,1,0,1,0,0,0,1,0,0,0,0,0,0,0,0,0,0,0,0,0,0,0,0,0,0,1,0,0,0,0,1,1,0,0,0,1,0,0,0,1,0,0,0,1,0,canagliflozin,13.514814814814812
56,119.0,34.0,6.0,35,NCT02453711,96,3.703703703703703,12.037037037037036,6.5,1.0,1,0,0,1,0,0,1,0,0,0,0,0,0,0,0,0,0,0,0,0,0,0,0,0,0,1,0,1,0,0,0,1,0,0,0,1,0,0,0,1,0,0,0,0,1,liraglutide,3.905
56,119.0,34.0,6.0,51,NCT00422058,94,1.4814814814814812,1.8518518518518519,2.5,1.0,1,0,0,1,0,0,1,0,0,0,0,0,0,0,0,0,0,0,0,0,0,0,0,0,0,1,0,1,0,0,0,1,0,0,0,1,0,0,0,1,0,0,0,0,1,liraglutide,7.167791256464732
56,119.0,34.0,6.0,52,NCT00422058,90,2.222222222222222,2.7777777777777777,2.5,1.0,1,0,0,1,0,0,1,0,0,0,0,0,0,0,0,0,0,0,0,0,0,0,0,0,0,1,0,1,0,0,0,1,0,0,0,1,0,0,0,1,0,0,0,0,1,liraglutide,6.437839524734694
56,119.0,34.0,6.0,53,NCT00422058,92,2.9629629629629624,3.7037037037037037,2.5,1.0,1,0,0,1,0,0,1,0,0,0,0,0,0,0,0,0,0,0,0,0,0,0,0,0,0,1,0,1,0,0,0,1,0,0,0,1,0,0,0,1,0,0,0,0,1,liraglutide,5.75093061482927
56,119.0,34.0,6.0,54,NCT00422058,92,3.703703703703703,4.62962962962963,2.5,1.0,1,0,0,1,0,0,1,0,0,0,0,0,0,0,0,0,0,0,0,0,0,0,0,0,0,1,0,1,0,0,0,1,0,0,0,1,0,0,0,1,0,0,0,0,1,liraglutide,4.663375893128206
56,119.0,34.0,6.0,61,NCT03158805,29,3.703703703703703,9.25925925925926,5.0,1.0,1,0,0,1,0,0,1,0,0,0,0,0,0,0,0,0,0,0,0,0,0,0,0,0,0,1,0,1,0,0,0,1,0,0,0,1,0,0,0,1,0,0,0,0,1,liraglutide,5.875
56,119.0,34.0,6.0,102,NCT01272232,412,3.703703703703703,12.962962962962964,7.0,1.0,1,0,0,1,0,0,1,0,0,0,0,0,0,0,0,0,0,0,0,0,0,0,0,0,0,1,0,1,0,0,0,1,0,0,0,1,0,0,0,0,1,0,0,0,1,liraglutide,5.475
56,119.0,34.0,6.0,103,NCT01272232,204,2.222222222222222,7.777777777777779,7.0,1.0,1,0,0,1,0,0,1,0,0,0,0,0,0,0,0,0,0,0,0,0,0,0,0,0,0,1,0,1,0,0,0,1,0,0,0,1,0,0,0,0,1,0,0,0,1,liraglutide,6.775
56,119.0,34.0,6.0,106,NCT01272219,2432,3.703703703703703,12.962962962962964,7.0,1.0,1,0,0,1,0,0,1,0,0,0,0,0,0,0,0,0,0,0,0,0,0,0,0,0,0,1,0,1,0,0,0,1,0,0,0,1,0,0,0,0,1,0,0,0,1,liraglutide,4.015
56,119.0,34.0,6.0,107,NCT01272219,1467,3.703703703703703,37.03703703703704,20.0,1.0,1,0,0,1,0,0,1,0,0,0,0,0,0,0,0,0,0,0,0,0,0,0,0,0,0,1,0,1,0,0,0,1,0,0,0,1,0,0,0,0,1,0,0,0,1,liraglutide,5.125
56,119.0,34.0,6.0,108,NCT01272219,349,3.703703703703703,15.74074074074074,8.5,1.0,1,0,0,1,0,0,1,0,0,0,0,0,0,0,0,0,0,0,0,0,0,0,0,0,0,1,0,1,0,0,0,1,0,0,0,1,0,0,0,0,1,0,0,0,1,liraglutide,4.045
56,119.0,34.0,6.0,112,NCT01557166,175,3.703703703703703,7.407407407407407,4.0,1.0,1,0,0,1,0,0,1,0,0,0,0,0,0,0,0,0,0,0,0,0,0,0,0,0,0,1,0,1,0,0,0,1,0,0,1,0,0,0,0,0,1,0,0,0,1,liraglutide,5.173576133665236
56,119.0,34.0,6.0,120,NCT02918279,125,3.703703703703703,12.962962962962964,7.0,1.0,1,0,0,1,0,0,1,0,0,0,0,0,0,0,0,0,0,0,0,0,0,0,0,0,0,1,0,1,0,0,0,1,0,0,0,0,1,0,0,0,1,0,0,0,1,liraglutide,5.775
56,119.0,34.0,6.0,127,NCT02527200,17,3.703703703703703,12.037037037037036,6.5,1.0,1,0,0,1,0,0,1,0,0,0,0,0,0,0,0,0,0,0,0,0,0,0,0,0,0,1,0,1,0,0,0,1,0,0,0,0,0,1,0,0,1,0,0,0,1,liraglutide,6.675000000000001
56,119.0,34.0,6.0,128,NCT02527200,14,3.703703703703703,12.037037037037036,6.5,1.0,1,0,0,1,0,0,1,0,0,0,0,0,0,0,0,0,0,0,0,0,0,0,0,0,0,1,0,1,0,0,0,1,0,0,0,0,0,1,0,0,1,0,0,0,1,liraglutide,10.775
56,119.0,34.0,6.0,129,NCT02527200,31,3.703703703703703,12.037037037037036,6.5,1.0,1,0,0,1,0,0,1,0,0,0,0,0,0,0,0,0,0,0,0,0,0,0,0,0,0,1,0,1,0,0,0,1,0,0,0,0,0,1,0,0,1,0,0,0,1,liraglutide,8.675
56,119.0,34.0,6.0,130,NCT00781937,194,3.703703703703703,12.962962962962964,7.0,1.0,1,0,0,1,0,0,1,0,0,0,0,0,0,0,0,0,0,0,0,0,0,0,0,0,0,1,0,1,0,0,0,1,0,0,0,1,0,0,0,0,1,0,0,0,1,liraglutide,3.3149999999999995
56,119.0,34.0,6.0,136,NCT04074161,117,3.703703703703703,15.74074074074074,8.5,1.0,1,0,0,1,0,0,1,0,0,0,0,0,0,0,0,0,0,0,0,0,0,0,0,0,0,1,0,1,0,0,0,1,0,0,0,1,0,0,0,0,1,0,0,0,1,liraglutide,4.574999999999999
56,119.0,34.0,6.0,150,NCT02647944,19,3.703703703703703,3.7037037037037037,2.0,1.0,1,0,0,1,0,0,1,0,0,0,0,0,0,0,0,0,0,0,0,0,0,0,0,0,0,1,0,1,0,0,0,1,0,0,0,1,0,0,0,1,0,0,0,0,1,liraglutide,6.7868075212565095
56,119.0,34.0,6.0,155,NCT03486392,108,3.703703703703703,6.018518518518518,3.25,1.0,1,0,0,1,0,0,1,0,0,0,0,0,0,0,0,0,0,0,0,0,0,0,0,0,0,1,0,1,0,0,0,1,0,0,0,1,0,0,0,1,0,0,0,0,1,liraglutide,3.595
98,70.0,42.3,8.0,151,NCT00005669,53,0.9876543209876543,3.6281179138321997,1.836734693877551,1.0,1,0,1,0,0,0,0,0,0,0,0,0,0,1,0,0,0,0,0,0,0,0,0,0,0,1,0,0,0,0,1,0,1,0,0,0,1,0,0,1,0,0,0,1,0,metformin,-10.130847566366493
56,112.0,42.3,8.0,151,NCT00005669,53,0.9876543209876543,6.349206349206349,3.2142857142857144,1.0,1,0,1,0,0,0,0,0,0,0,0,0,0,1,0,0,0,0,0,0,0,0,0,0,0,1,0,0,0,0,1,0,1,0,0,0,1,0,0,1,0,0,0,1,0,metformin,5.869152433633508
84,84.0,450.0,8.0,35,NCT02453711,96,0.46296296296296285,2.006172839506173,4.333333333333333,1.0,1,0,0,1,0,0,0,0,0,0,0,0,0,0,0,0,0,0,0,1,0,0,0,0,0,0,1,0,0,0,1,1,0,0,0,1,0,0,0,1,0,0,0,0,1,liraglutide,25.641111111111112
84,84.0,450.0,8.0,51,NCT00422058,94,0.18518518518518515,0.30864197530864196,1.6666666666666667,1.0,1,0,0,1,0,0,0,0,0,0,0,0,0,0,0,0,0,0,0,1,0,0,0,0,0,0,1,0,0,0,1,1,0,0,0,1,0,0,0,1,0,0,0,0,1,liraglutide,28.90390236757584
84,84.0,450.0,8.0,52,NCT00422058,90,0.27777777777777773,0.4629629629629629,1.6666666666666667,1.0,1,0,0,1,0,0,0,0,0,0,0,0,0,0,0,0,0,0,0,1,0,0,0,0,0,0,1,0,0,0,1,1,0,0,0,1,0,0,0,1,0,0,0,0,1,liraglutide,28.17395063584581
84,84.0,450.0,8.0,53,NCT00422058,92,0.3703703703703703,0.6172839506172839,1.6666666666666667,1.0,1,0,0,1,0,0,0,0,0,0,0,0,0,0,0,0,0,0,0,1,0,0,0,0,0,0,1,0,0,0,1,1,0,0,0,1,0,0,0,1,0,0,0,0,1,liraglutide,27.48704172594038
84,84.0,450.0,8.0,54,NCT00422058,92,0.46296296296296285,0.7716049382716048,1.6666666666666667,1.0,1,0,0,1,0,0,0,0,0,0,0,0,0,0,0,0,0,0,0,1,0,0,0,0,0,0,1,0,0,0,1,1,0,0,0,1,0,0,0,1,0,0,0,0,1,liraglutide,26.39948700423932
84,84.0,450.0,8.0,61,NCT03158805,29,0.46296296296296285,1.5432098765432096,3.3333333333333335,1.0,1,0,0,1,0,0,0,0,0,0,0,0,0,0,0,0,0,0,0,1,0,0,0,0,0,0,1,0,0,0,1,1,0,0,0,1,0,0,0,1,0,0,0,0,1,liraglutide,27.61111111111111
84,84.0,450.0,8.0,102,NCT01272232,412,0.46296296296296285,2.1604938271604937,4.666666666666667,1.0,1,0,0,1,0,0,0,0,0,0,0,0,0,0,0,0,0,0,0,1,0,0,0,0,0,0,1,0,0,0,1,1,0,0,0,1,0,0,0,0,1,0,0,0,1,liraglutide,27.21111111111111
84,84.0,450.0,8.0,103,NCT01272232,204,0.27777777777777773,1.2962962962962963,4.666666666666667,1.0,1,0,0,1,0,0,0,0,0,0,0,0,0,0,0,0,0,0,0,1,0,0,0,0,0,0,1,0,0,0,1,1,0,0,0,1,0,0,0,0,1,0,0,0,1,liraglutide,28.511111111111116
84,84.0,450.0,8.0,106,NCT01272219,2432,0.46296296296296285,2.1604938271604937,4.666666666666667,1.0,1,0,0,1,0,0,0,0,0,0,0,0,0,0,0,0,0,0,0,1,0,0,0,0,0,0,1,0,0,0,1,1,0,0,0,1,0,0,0,0,1,0,0,0,1,liraglutide,25.75111111111111
84,84.0,450.0,8.0,107,NCT01272219,1467,0.46296296296296285,6.1728395061728385,13.333333333333334,1.0,1,0,0,1,0,0,0,0,0,0,0,0,0,0,0,0,0,0,0,1,0,0,0,0,0,0,1,0,0,0,1,1,0,0,0,1,0,0,0,0,1,0,0,0,1,liraglutide,26.86111111111111
84,84.0,450.0,8.0,108,NCT01272219,349,0.46296296296296285,2.6234567901234565,5.666666666666667,1.0,1,0,0,1,0,0,0,0,0,0,0,0,0,0,0,0,0,0,0,1,0,0,0,0,0,0,1,0,0,0,1,1,0,0,0,1,0,0,0,0,1,0,0,0,1,liraglutide,25.78111111111111
84,84.0,450.0,8.0,112,NCT01557166,175,0.46296296296296285,1.2345679012345678,2.6666666666666665,1.0,1,0,0,1,0,0,0,0,0,0,0,0,0,0,0,0,0,0,0,1,0,0,0,0,0,0,1,0,0,0,1,1,0,0,1,0,0,0,0,0,1,0,0,0,1,liraglutide,26.909687244776347
84,84.0,450.0,8.0,120,NCT02918279,125,0.46296296296296285,2.1604938271604937,4.666666666666667,1.0,1,0,0,1,0,0,0,0,0,0,0,0,0,0,0,0,0,0,0,1,0,0,0,0,0,0,1,0,0,0,1,1,0,0,0,0,1,0,0,0,1,0,0,0,1,liraglutide,27.51111111111111
84,84.0,450.0,8.0,127,NCT02527200,17,0.46296296296296285,2.006172839506173,4.333333333333333,1.0,1,0,0,1,0,0,0,0,0,0,0,0,0,0,0,0,0,0,0,1,0,0,0,0,0,0,1,0,0,0,1,1,0,0,0,0,0,1,0,0,1,0,0,0,1,liraglutide,28.41111111111111
84,84.0,450.0,8.0,128,NCT02527200,14,0.46296296296296285,2.006172839506173,4.333333333333333,1.0,1,0,0,1,0,0,0,0,0,0,0,0,0,0,0,0,0,0,0,1,0,0,0,0,0,0,1,0,0,0,1,1,0,0,0,0,0,1,0,0,1,0,0,0,1,liraglutide,32.51111111111111
84,84.0,450.0,8.0,129,NCT02527200,31,0.46296296296296285,2.006172839506173,4.333333333333333,1.0,1,0,0,1,0,0,0,0,0,0,0,0,0,0,0,0,0,0,0,1,0,0,0,0,0,0,1,0,0,0,1,1,0,0,0,0,0,1,0,0,1,0,0,0,1,liraglutide,30.41111111111111
84,84.0,450.0,8.0,130,NCT00781937,194,0.46296296296296285,2.1604938271604937,4.666666666666667,1.0,1,0,0,1,0,0,0,0,0,0,0,0,0,0,0,0,0,0,0,1,0,0,0,0,0,0,1,0,0,0,1,1,0,0,0,1,0,0,0,0,1,0,0,0,1,liraglutide,25.051111111111112
84,84.0,450.0,8.0,136,NCT04074161,117,0.46296296296296285,2.6234567901234565,5.666666666666667,1.0,1,0,0,1,0,0,0,0,0,0,0,0,0,0,0,0,0,0,0,1,0,0,0,0,0,0,1,0,0,0,1,1,0,0,0,1,0,0,0,0,1,0,0,0,1,liraglutide,26.31111111111111
84,84.0,450.0,8.0,150,NCT02647944,19,0.46296296296296285,0.6172839506172839,1.3333333333333333,1.0,1,0,0,1,0,0,0,0,0,0,0,0,0,0,0,0,0,0,0,1,0,0,0,0,0,0,1,0,0,0,1,1,0,0,0,1,0,0,0,1,0,0,0,0,1,liraglutide,28.52291863236762
84,84.0,450.0,8.0,155,NCT03486392,108,0.46296296296296285,1.0030864197530864,2.1666666666666665,1.0,1,0,0,1,0,0,0,0,0,0,0,0,0,0,0,0,0,0,0,1,0,0,0,0,0,0,1,0,0,0,1,1,0,0,0,1,0,0,0,1,0,0,0,0,1,liraglutide,25.33111111111111
84,84.0,365.0,8.0,35,NCT02453711,96,0.46296296296296285,2.006172839506173,4.333333333333333,1.0,1,0,0,1,0,0,0,0,0,0,1,0,0,0,0,0,0,0,0,0,0,0,0,0,0,0,1,0,0,0,1,0,1,0,0,1,0,0,0,1,0,0,0,0,1,liraglutide,2.74917808219178
84,84.0,365.0,8.0,51,NCT00422058,94,0.18518518518518515,0.30864197530864196,1.6666666666666667,1.0,1,0,0,1,0,0,0,0,0,0,1,0,0,0,0,0,0,0,0,0,0,0,0,0,0,0,1,0,0,0,1,0,1,0,0,1,0,0,0,1,0,0,0,0,1,liraglutide,6.011969338656511
84,84.0,365.0,8.0,52,NCT00422058,90,0.27777777777777773,0.4629629629629629,1.6666666666666667,1.0,1,0,0,1,0,0,0,0,0,0,1,0,0,0,0,0,0,0,0,0,0,0,0,0,0,0,1,0,0,0,1,0,1,0,0,1,0,0,0,1,0,0,0,0,1,liraglutide,5.282017606926474
84,84.0,365.0,8.0,53,NCT00422058,92,0.3703703703703703,0.6172839506172839,1.6666666666666667,1.0,1,0,0,1,0,0,0,0,0,0,1,0,0,0,0,0,0,0,0,0,0,0,0,0,0,0,1,0,0,0,1,0,1,0,0,1,0,0,0,1,0,0,0,0,1,liraglutide,4.5951086970210495
84,84.0,365.0,8.0,54,NCT00422058,92,0.46296296296296285,0.7716049382716048,1.6666666666666667,1.0,1,0,0,1,0,0,0,0,0,0,1,0,0,0,0,0,0,0,0,0,0,0,0,0,0,0,1,0,0,0,1,0,1,0,0,1,0,0,0,1,0,0,0,0,1,liraglutide,3.5075539753199863
84,84.0,365.0,8.0,61,NCT03158805,29,0.46296296296296285,1.5432098765432096,3.3333333333333335,1.0,1,0,0,1,0,0,0,0,0,0,1,0,0,0,0,0,0,0,0,0,0,0,0,0,0,0,1,0,0,0,1,0,1,0,0,1,0,0,0,1,0,0,0,0,1,liraglutide,4.71917808219178
84,84.0,365.0,8.0,102,NCT01272232,412,0.46296296296296285,2.1604938271604937,4.666666666666667,1.0,1,0,0,1,0,0,0,0,0,0,1,0,0,0,0,0,0,0,0,0,0,0,0,0,0,0,1,0,0,0,1,0,1,0,0,1,0,0,0,0,1,0,0,0,1,liraglutide,4.31917808219178
84,84.0,365.0,8.0,103,NCT01272232,204,0.27777777777777773,1.2962962962962963,4.666666666666667,1.0,1,0,0,1,0,0,0,0,0,0,1,0,0,0,0,0,0,0,0,0,0,0,0,0,0,0,1,0,0,0,1,0,1,0,0,1,0,0,0,0,1,0,0,0,1,liraglutide,5.61917808219178
84,84.0,365.0,8.0,106,NCT01272219,2432,0.46296296296296285,2.1604938271604937,4.666666666666667,1.0,1,0,0,1,0,0,0,0,0,0,1,0,0,0,0,0,0,0,0,0,0,0,0,0,0,0,1,0,0,0,1,0,1,0,0,1,0,0,0,0,1,0,0,0,1,liraglutide,2.85917808219178
84,84.0,365.0,8.0,107,NCT01272219,1467,0.46296296296296285,6.1728395061728385,13.333333333333334,1.0,1,0,0,1,0,0,0,0,0,0,1,0,0,0,0,0,0,0,0,0,0,0,0,0,0,0,1,0,0,0,1,0,1,0,0,1,0,0,0,0,1,0,0,0,1,liraglutide,3.96917808219178
84,84.0,365.0,8.0,108,NCT01272219,349,0.46296296296296285,2.6234567901234565,5.666666666666667,1.0,1,0,0,1,0,0,0,0,0,0,1,0,0,0,0,0,0,0,0,0,0,0,0,0,0,0,1,0,0,0,1,0,1,0,0,1,0,0,0,0,1,0,0,0,1,liraglutide,2.88917808219178
84,84.0,365.0,8.0,112,NCT01557166,175,0.46296296296296285,1.2345679012345678,2.6666666666666665,1.0,1,0,0,1,0,0,0,0,0,0,1,0,0,0,0,0,0,0,0,0,0,0,0,0,0,0,1,0,0,0,1,0,1,0,1,0,0,0,0,0,1,0,0,0,1,liraglutide,4.017754215857016
84,84.0,365.0,8.0,120,NCT02918279,125,0.46296296296296285,2.1604938271604937,4.666666666666667,1.0,1,0,0,1,0,0,0,0,0,0,1,0,0,0,0,0,0,0,0,0,0,0,0,0,0,0,1,0,0,0,1,0,1,0,0,0,1,0,0,0,1,0,0,0,1,liraglutide,4.61917808219178
84,84.0,365.0,8.0,127,NCT02527200,17,0.46296296296296285,2.006172839506173,4.333333333333333,1.0,1,0,0,1,0,0,0,0,0,0,1,0,0,0,0,0,0,0,0,0,0,0,0,0,0,0,1,0,0,0,1,0,1,0,0,0,0,1,0,0,1,0,0,0,1,liraglutide,5.519178082191781
84,84.0,365.0,8.0,128,NCT02527200,14,0.46296296296296285,2.006172839506173,4.333333333333333,1.0,1,0,0,1,0,0,0,0,0,0,1,0,0,0,0,0,0,0,0,0,0,0,0,0,0,0,1,0,0,0,1,0,1,0,0,0,0,1,0,0,1,0,0,0,1,liraglutide,9.61917808219178
84,84.0,365.0,8.0,129,NCT02527200,31,0.46296296296296285,2.006172839506173,4.333333333333333,1.0,1,0,0,1,0,0,0,0,0,0,1,0,0,0,0,0,0,0,0,0,0,0,0,0,0,0,1,0,0,0,1,0,1,0,0,0,0,1,0,0,1,0,0,0,1,liraglutide,7.519178082191781
84,84.0,365.0,8.0,130,NCT00781937,194,0.46296296296296285,2.1604938271604937,4.666666666666667,1.0,1,0,0,1,0,0,0,0,0,0,1,0,0,0,0,0,0,0,0,0,0,0,0,0,0,0,1,0,0,0,1,0,1,0,0,1,0,0,0,0,1,0,0,0,1,liraglutide,2.1591780821917794
84,84.0,365.0,8.0,136,NCT04074161,117,0.46296296296296285,2.6234567901234565,5.666666666666667,1.0,1,0,0,1,0,0,0,0,0,0,1,0,0,0,0,0,0,0,0,0,0,0,0,0,0,0,1,0,0,0,1,0,1,0,0,1,0,0,0,0,1,0,0,0,1,liraglutide,3.419178082191779
84,84.0,365.0,8.0,150,NCT02647944,19,0.46296296296296285,0.6172839506172839,1.3333333333333333,1.0,1,0,0,1,0,0,0,0,0,0,1,0,0,0,0,0,0,0,0,0,0,0,0,0,0,0,1,0,0,0,1,0,1,0,0,1,0,0,0,1,0,0,0,0,1,liraglutide,5.6309856034482895
84,84.0,365.0,8.0,155,NCT03486392,108,0.46296296296296285,1.0030864197530864,2.1666666666666665,1.0,1,0,0,1,0,0,0,0,0,0,1,0,0,0,0,0,0,0,0,0,0,0,0,0,0,0,1,0,0,0,1,0,1,0,0,1,0,0,0,1,0,0,0,0,1,liraglutide,2.43917808219178
32,133.0,45.0,12.0,35,NCT02453711,96,7.407407407407406,42.12962962962962,11.375,1.0,1,0,0,1,0,0,1,0,0,0,0,0,0,0,0,0,0,0,0,0,0,0,0,0,0,1,0,0,0,0,1,1,0,0,0,1,0,0,0,1,0,0,0,0,1,liraglutide,5.03
32,133.0,45.0,12.0,51,NCT00422058,94,2.9629629629629624,6.48148148148148,4.375,1.0,1,0,0,1,0,0,1,0,0,0,0,0,0,0,0,0,0,0,0,0,0,0,0,0,0,1,0,0,0,0,1,1,0,0,0,1,0,0,0,1,0,0,0,0,1,liraglutide,8.292791256464731
32,133.0,45.0,12.0,52,NCT00422058,90,4.444444444444444,9.72222222222222,4.375,1.0,1,0,0,1,0,0,1,0,0,0,0,0,0,0,0,0,0,0,0,0,0,0,0,0,0,1,0,0,0,0,1,1,0,0,0,1,0,0,0,1,0,0,0,0,1,liraglutide,7.562839524734694
32,133.0,45.0,12.0,53,NCT00422058,92,5.925925925925925,12.96296296296296,4.375,1.0,1,0,0,1,0,0,1,0,0,0,0,0,0,0,0,0,0,0,0,0,0,0,0,0,0,1,0,0,0,0,1,1,0,0,0,1,0,0,0,1,0,0,0,0,1,liraglutide,6.87593061482927
32,133.0,45.0,12.0,54,NCT00422058,92,7.407407407407406,16.2037037037037,4.375,1.0,1,0,0,1,0,0,1,0,0,0,0,0,0,0,0,0,0,0,0,0,0,0,0,0,0,1,0,0,0,0,1,1,0,0,0,1,0,0,0,1,0,0,0,0,1,liraglutide,5.788375893128206
32,133.0,45.0,12.0,61,NCT03158805,29,7.407407407407406,32.4074074074074,8.75,1.0,1,0,0,1,0,0,1,0,0,0,0,0,0,0,0,0,0,0,0,0,0,0,0,0,0,1,0,0,0,0,1,1,0,0,0,1,0,0,0,1,0,0,0,0,1,liraglutide,7.0
32,133.0,45.0,12.0,102,NCT01272232,412,7.407407407407406,45.37037037037036,12.25,1.0,1,0,0,1,0,0,1,0,0,0,0,0,0,0,0,0,0,0,0,0,0,0,0,0,0,1,0,0,0,0,1,1,0,0,0,1,0,0,0,0,1,0,0,0,1,liraglutide,6.6
32,133.0,45.0,12.0,103,NCT01272232,204,4.444444444444444,27.222222222222218,12.25,1.0,1,0,0,1,0,0,1,0,0,0,0,0,0,0,0,0,0,0,0,0,0,0,0,0,0,1,0,0,0,0,1,1,0,0,0,1,0,0,0,0,1,0,0,0,1,liraglutide,7.9
32,133.0,45.0,12.0,106,NCT01272219,2432,7.407407407407406,45.37037037037036,12.25,1.0,1,0,0,1,0,0,1,0,0,0,0,0,0,0,0,0,0,0,0,0,0,0,0,0,0,1,0,0,0,0,1,1,0,0,0,1,0,0,0,0,1,0,0,0,1,liraglutide,5.14
32,133.0,45.0,12.0,107,NCT01272219,1467,7.407407407407406,129.6296296296296,35.0,1.0,1,0,0,1,0,0,1,0,0,0,0,0,0,0,0,0,0,0,0,0,0,0,0,0,0,1,0,0,0,0,1,1,0,0,0,1,0,0,0,0,1,0,0,0,1,liraglutide,6.25
32,133.0,45.0,12.0,108,NCT01272219,349,7.407407407407406,55.09259259259258,14.875,1.0,1,0,0,1,0,0,1,0,0,0,0,0,0,0,0,0,0,0,0,0,0,0,0,0,0,1,0,0,0,0,1,1,0,0,0,1,0,0,0,0,1,0,0,0,1,liraglutide,5.17
32,133.0,45.0,12.0,112,NCT01557166,175,7.407407407407406,25.92592592592592,7.0,1.0,1,0,0,1,0,0,1,0,0,0,0,0,0,0,0,0,0,0,0,0,0,0,0,0,0,1,0,0,0,0,1,1,0,0,1,0,0,0,0,0,1,0,0,0,1,liraglutide,6.298576133665236
32,133.0,45.0,12.0,120,NCT02918279,125,7.407407407407406,45.37037037037036,12.25,1.0,1,0,0,1,0,0,1,0,0,0,0,0,0,0,0,0,0,0,0,0,0,0,0,0,0,1,0,0,0,0,1,1,0,0,0,0,1,0,0,0,1,0,0,0,1,liraglutide,6.9
32,133.0,45.0,12.0,127,NCT02527200,17,7.407407407407406,42.12962962962962,11.375,1.0,1,0,0,1,0,0,1,0,0,0,0,0,0,0,0,0,0,0,0,0,0,0,0,0,0,1,0,0,0,0,1,1,0,0,0,0,0,1,0,0,1,0,0,0,1,liraglutide,7.800000000000001
32,133.0,45.0,12.0,128,NCT02527200,14,7.407407407407406,42.12962962962962,11.375,1.0,1,0,0,1,0,0,1,0,0,0,0,0,0,0,0,0,0,0,0,0,0,0,0,0,0,1,0,0,0,0,1,1,0,0,0,0,0,1,0,0,1,0,0,0,1,liraglutide,11.9
32,133.0,45.0,12.0,129,NCT02527200,31,7.407407407407406,42.12962962962962,11.375,1.0,1,0,0,1,0,0,1,0,0,0,0,0,0,0,0,0,0,0,0,0,0,0,0,0,0,1,0,0,0,0,1,1,0,0,0,0,0,1,0,0,1,0,0,0,1,liraglutide,9.8
32,133.0,45.0,12.0,130,NCT00781937,194,7.407407407407406,45.37037037037036,12.25,1.0,1,0,0,1,0,0,1,0,0,0,0,0,0,0,0,0,0,0,0,0,0,0,0,0,0,1,0,0,0,0,1,1,0,0,0,1,0,0,0,0,1,0,0,0,1,liraglutide,4.44
32,133.0,45.0,12.0,136,NCT04074161,117,7.407407407407406,55.09259259259258,14.875,1.0,1,0,0,1,0,0,1,0,0,0,0,0,0,0,0,0,0,0,0,0,0,0,0,0,0,1,0,0,0,0,1,1,0,0,0,1,0,0,0,0,1,0,0,0,1,liraglutide,5.699999999999999
32,133.0,45.0,12.0,150,NCT02647944,19,7.407407407407406,12.96296296296296,3.5,1.0,1,0,0,1,0,0,1,0,0,0,0,0,0,0,0,0,0,0,0,0,0,0,0,0,0,1,0,0,0,0,1,1,0,0,0,1,0,0,0,1,0,0,0,0,1,liraglutide,7.911807521256509
32,133.0,45.0,12.0,155,NCT03486392,108,7.407407407407406,21.06481481481481,5.6875,1.0,1,0,0,1,0,0,1,0,0,0,0,0,0,0,0,0,0,0,0,0,0,0,0,0,0,1,0,0,0,0,1,1,0,0,0,1,0,0,0,1,0,0,0,0,1,liraglutide,4.72
70,5840.0,11500.0,9.0,35,NCT02453711,96,2.314814814814815,12.037037037037035,5.2,1.0,1,0,0,1,0,0,0,0,0,0,0,0,0,0,0,0,0,0,1,0,0,0,0,1,0,0,0,1,0,0,0,1,0,0,0,1,0,0,0,1,0,0,0,0,1,liraglutide,-2.97
70,5840.0,11500.0,9.0,51,NCT00422058,94,0.9259259259259258,1.8518518518518516,2.0,1.0,1,0,0,1,0,0,0,0,0,0,0,0,0,0,0,0,0,0,1,0,0,0,0,1,0,0,0,1,0,0,0,1,0,0,0,1,0,0,0,1,0,0,0,0,1,liraglutide,0.2927912564647315
70,5840.0,11500.0,9.0,52,NCT00422058,90,1.3888888888888888,2.7777777777777772,2.0,1.0,1,0,0,1,0,0,0,0,0,0,0,0,0,0,0,0,0,0,1,0,0,0,0,1,0,0,0,1,0,0,0,1,0,0,0,1,0,0,0,1,0,0,0,0,1,liraglutide,-0.4371604752653057
70,5840.0,11500.0,9.0,53,NCT00422058,92,1.8518518518518516,3.7037037037037033,2.0,1.0,1,0,0,1,0,0,0,0,0,0,0,0,0,0,0,0,0,0,1,0,0,0,0,1,0,0,0,1,0,0,0,1,0,0,0,1,0,0,0,1,0,0,0,0,1,liraglutide,-1.1240693851707304
70,5840.0,11500.0,9.0,54,NCT00422058,92,2.314814814814815,4.629629629629629,2.0,1.0,1,0,0,1,0,0,0,0,0,0,0,0,0,0,0,0,0,0,1,0,0,0,0,1,0,0,0,1,0,0,0,1,0,0,0,1,0,0,0,1,0,0,0,0,1,liraglutide,-2.2116241068717937
70,5840.0,11500.0,9.0,61,NCT03158805,29,2.314814814814815,9.259259259259258,4.0,1.0,1,0,0,1,0,0,0,0,0,0,0,0,0,0,0,0,0,0,1,0,0,0,0,1,0,0,0,1,0,0,0,1,0,0,0,1,0,0,0,1,0,0,0,0,1,liraglutide,-1.0
70,5840.0,11500.0,9.0,102,NCT01272232,412,2.314814814814815,12.962962962962962,5.6,1.0,1,0,0,1,0,0,0,0,0,0,0,0,0,0,0,0,0,0,1,0,0,0,0,1,0,0,0,1,0,0,0,1,0,0,0,1,0,0,0,0,1,0,0,0,1,liraglutide,-1.4000000000000004
70,5840.0,11500.0,9.0,103,NCT01272232,204,1.3888888888888888,7.777777777777777,5.6,1.0,1,0,0,1,0,0,0,0,0,0,0,0,0,0,0,0,0,0,1,0,0,0,0,1,0,0,0,1,0,0,0,1,0,0,0,1,0,0,0,0,1,0,0,0,1,liraglutide,-0.0999999999999996
70,5840.0,11500.0,9.0,106,NCT01272219,2432,2.314814814814815,12.962962962962962,5.6,1.0,1,0,0,1,0,0,0,0,0,0,0,0,0,0,0,0,0,0,1,0,0,0,0,1,0,0,0,1,0,0,0,1,0,0,0,1,0,0,0,0,1,0,0,0,1,liraglutide,-2.8600000000000003
70,5840.0,11500.0,9.0,107,NCT01272219,1467,2.314814814814815,37.03703703703703,16.0,1.0,1,0,0,1,0,0,0,0,0,0,0,0,0,0,0,0,0,0,1,0,0,0,0,1,0,0,0,1,0,0,0,1,0,0,0,1,0,0,0,0,1,0,0,0,1,liraglutide,-1.75
70,5840.0,11500.0,9.0,108,NCT01272219,349,2.314814814814815,15.740740740740739,6.8,1.0,1,0,0,1,0,0,0,0,0,0,0,0,0,0,0,0,0,0,1,0,0,0,0,1,0,0,0,1,0,0,0,1,0,0,0,1,0,0,0,0,1,0,0,0,1,liraglutide,-2.83
70,5840.0,11500.0,9.0,112,NCT01557166,175,2.314814814814815,7.4074074074074066,3.2,1.0,1,0,0,1,0,0,0,0,0,0,0,0,0,0,0,0,0,0,1,0,0,0,0,1,0,0,0,1,0,0,0,1,0,0,1,0,0,0,0,0,1,0,0,0,1,liraglutide,-1.701423866334764
70,5840.0,11500.0,9.0,120,NCT02918279,125,2.314814814814815,12.962962962962962,5.6,1.0,1,0,0,1,0,0,0,0,0,0,0,0,0,0,0,0,0,0,1,0,0,0,0,1,0,0,0,1,0,0,0,1,0,0,0,0,1,0,0,0,1,0,0,0,1,liraglutide,-1.1
70,5840.0,11500.0,9.0,127,NCT02527200,17,2.314814814814815,12.037037037037035,5.2,1.0,1,0,0,1,0,0,0,0,0,0,0,0,0,0,0,0,0,0,1,0,0,0,0,1,0,0,0,1,0,0,0,1,0,0,0,0,0,1,0,0,1,0,0,0,1,liraglutide,-0.1999999999999997
70,5840.0,11500.0,9.0,128,NCT02527200,14,2.314814814814815,12.037037037037035,5.2,1.0,1,0,0,1,0,0,0,0,0,0,0,0,0,0,0,0,0,0,1,0,0,0,0,1,0,0,0,1,0,0,0,1,0,0,0,0,0,1,0,0,1,0,0,0,1,liraglutide,3.9
70,5840.0,11500.0,9.0,129,NCT02527200,31,2.314814814814815,12.037037037037035,5.2,1.0,1,0,0,1,0,0,0,0,0,0,0,0,0,0,0,0,0,0,1,0,0,0,0,1,0,0,0,1,0,0,0,1,0,0,0,0,0,1,0,0,1,0,0,0,1,liraglutide,1.8000000000000005
70,5840.0,11500.0,9.0,130,NCT00781937,194,2.314814814814815,12.962962962962962,5.6,1.0,1,0,0,1,0,0,0,0,0,0,0,0,0,0,0,0,0,0,1,0,0,0,0,1,0,0,0,1,0,0,0,1,0,0,0,1,0,0,0,0,1,0,0,0,1,liraglutide,-3.5600000000000005
70,5840.0,11500.0,9.0,136,NCT04074161,117,2.314814814814815,15.740740740740739,6.8,1.0,1,0,0,1,0,0,0,0,0,0,0,0,0,0,0,0,0,0,1,0,0,0,0,1,0,0,0,1,0,0,0,1,0,0,0,1,0,0,0,0,1,0,0,0,1,liraglutide,-2.3000000000000007
70,5840.0,11500.0,9.0,150,NCT02647944,19,2.314814814814815,3.7037037037037033,1.6,1.0,1,0,0,1,0,0,0,0,0,0,0,0,0,0,0,0,0,0,1,0,0,0,0,1,0,0,0,1,0,0,0,1,0,0,0,1,0,0,0,1,0,0,0,0,1,liraglutide,-0.08819247874349
70,5840.0,11500.0,9.0,155,NCT03486392,108,2.314814814814815,6.018518518518517,2.6,1.0,1,0,0,1,0,0,0,0,0,0,0,0,0,0,0,0,0,0,1,0,0,0,0,1,0,0,0,1,0,0,0,1,0,0,0,1,0,0,0,1,0,0,0,0,1,liraglutide,-3.28
14,133.0,42.5,6.0,151,NCT00005669,53,2.4691358024691357,63.492063492063494,12.857142857142858,1.0,0,1,0,0,0,0,0,1,0,0,0,0,0,0,0,0,0,0,0,0,0,0,0,0,0,1,0,0,0,0,1,1,0,0,0,0,1,0,0,1,0,0,0,1,0,metformin,12.339740668927623
84,35.0,16.8,14.0,151,NCT00005669,53,1.2345679012345678,15873.015873015871,2.142857142857143,1.0,1,0,1,0,0,0,1,0,0,0,0,0,0,0,0,0,0,0,0,0,0,0,0,0,0,1,0,0,0,0,1,1,0,0,0,0,1,0,0,1,0,0,0,1,0,metformin,31.58343814791923
35,77.0,35.0,5.0,151,NCT00005669,53,1.646090534979424,16.93121693121693,5.142857142857143,1.0,1,0,1,0,0,0,1,0,0,0,0,0,0,0,0,0,0,0,0,0,0,0,0,0,0,1,0,0,0,0,1,1,0,0,0,0,1,0,0,1,0,0,0,1,0,metformin,4.440581005062079
56,273.0,590.0,6.0,151,NCT00005669,53,1.2345679012345678,7.936507936507937,3.2142857142857144,1.0,1,0,1,0,0,0,0,0,0,0,0,0,0,0,0,0,0,0,0,1,0,0,0,0,0,0,1,0,0,0,1,1,0,0,0,0,1,0,0,1,0,0,0,1,0,metformin,-0.8008475663664925
30,28.0,22.19,8.0,111,NCT00752726,54,0.12345679012345677,666.6666666666665,5.6,1.0,1,0,1,0,0,0,1,0,0,0,0,0,0,0,0,0,0,0,0,0,0,0,0,0,0,1,0,0,0,0,1,1,0,0,1,0,0,0,0,0,0,1,0,1,0,orlistat,23.215912717658163
56,98.0,33.0,8.0,151,NCT00005669,53,2.05761316872428,13.227513227513226,3.2142857142857144,1.0,0,1,0,0,0,0,1,0,0,0,0,0,0,0,0,0,0,0,0,0,0,0,0,0,0,1,0,0,0,0,1,1,0,0,0,0,1,0,0,1,0,0,0,1,0,metformin,17.08127364575472
20,133.0,21.5,5.0,111,NCT00752726,54,0.4938271604938271,12.444444444444445,8.4,1.0,1,0,1,0,0,0,1,0,0,0,0,0,0,0,0,0,0,0,0,0,0,0,0,0,0,1,0,0,0,0,1,1,0,0,1,0,0,0,0,0,0,1,0,1,0,orlistat,6.991096082813052
14,70.0,365.3,8.0,151,NCT00005669,53,0.411522633744856,10.582010582010582,12.857142857142858,1.0,1,0,1,0,0,0,0,0,0,0,0,0,0,0,0,0,0,0,0,0,1,0,0,0,0,0,1,0,0,0,1,0,1,0,0,0,1,0,0,1,0,0,0,1,0,metformin,-6.340340201391049
14,126.0,528.1,8.0,151,NCT00005669,53,0.411522633744856,10.582010582010582,12.857142857142858,1.0,1,0,1,0,0,0,0,0,0,0,0,0,0,0,0,0,0,1,0,0,0,0,0,0,0,0,1,0,0,0,1,1,0,0,0,0,1,0,0,1,0,0,0,1,0,metformin,5.536197458226777
63,112.0,770.0,11.0,35,NCT02453711,96,3.703703703703703,21.399176954732507,5.777777777777778,1.0,0,1,0,0,0,0,0,0,0,0,0,0,0,0,0,0,0,1,0,0,0,0,0,0,0,0,1,0,0,0,1,1,0,0,0,1,0,0,0,1,0,0,0,0,1,liraglutide,8.815714285714286
63,112.0,770.0,11.0,51,NCT00422058,94,1.4814814814814812,3.2921810699588474,2.2222222222222223,1.0,0,1,0,0,0,0,0,0,0,0,0,0,0,0,0,0,0,1,0,0,0,0,0,0,0,0,1,0,0,0,1,1,0,0,0,1,0,0,0,1,0,0,0,0,1,liraglutide,12.078505542179016
63,112.0,770.0,11.0,52,NCT00422058,90,2.222222222222222,4.93827160493827,2.2222222222222223,1.0,0,1,0,0,0,0,0,0,0,0,0,0,0,0,0,0,0,1,0,0,0,0,0,0,0,0,1,0,0,0,1,1,0,0,0,1,0,0,0,1,0,0,0,0,1,liraglutide,11.34855381044898
63,112.0,770.0,11.0,53,NCT00422058,92,2.9629629629629624,6.584362139917695,2.2222222222222223,1.0,0,1,0,0,0,0,0,0,0,0,0,0,0,0,0,0,0,1,0,0,0,0,0,0,0,0,1,0,0,0,1,1,0,0,0,1,0,0,0,1,0,0,0,0,1,liraglutide,10.661644900543552
63,112.0,770.0,11.0,54,NCT00422058,92,3.703703703703703,8.230452674897117,2.2222222222222223,1.0,0,1,0,0,0,0,0,0,0,0,0,0,0,0,0,0,0,1,0,0,0,0,0,0,0,0,1,0,0,0,1,1,0,0,0,1,0,0,0,1,0,0,0,0,1,liraglutide,9.574090178842493
63,112.0,770.0,11.0,61,NCT03158805,29,3.703703703703703,16.460905349794235,4.444444444444445,1.0,0,1,0,0,0,0,0,0,0,0,0,0,0,0,0,0,0,1,0,0,0,0,0,0,0,0,1,0,0,0,1,1,0,0,0,1,0,0,0,1,0,0,0,0,1,liraglutide,10.785714285714285
63,112.0,770.0,11.0,102,NCT01272232,412,3.703703703703703,23.04526748971193,6.222222222222222,1.0,0,1,0,0,0,0,0,0,0,0,0,0,0,0,0,0,0,1,0,0,0,0,0,0,0,0,1,0,0,0,1,1,0,0,0,1,0,0,0,0,1,0,0,0,1,liraglutide,10.385714285714284
63,112.0,770.0,11.0,103,NCT01272232,204,2.222222222222222,13.827160493827158,6.222222222222222,1.0,0,1,0,0,0,0,0,0,0,0,0,0,0,0,0,0,0,1,0,0,0,0,0,0,0,0,1,0,0,0,1,1,0,0,0,1,0,0,0,0,1,0,0,0,1,liraglutide,11.685714285714283
63,112.0,770.0,11.0,106,NCT01272219,2432,3.703703703703703,23.04526748971193,6.222222222222222,1.0,0,1,0,0,0,0,0,0,0,0,0,0,0,0,0,0,0,1,0,0,0,0,0,0,0,0,1,0,0,0,1,1,0,0,0,1,0,0,0,0,1,0,0,0,1,liraglutide,8.925714285714285
63,112.0,770.0,11.0,107,NCT01272219,1467,3.703703703703703,65.84362139917694,17.77777777777778,1.0,0,1,0,0,0,0,0,0,0,0,0,0,0,0,0,0,0,1,0,0,0,0,0,0,0,0,1,0,0,0,1,1,0,0,0,1,0,0,0,0,1,0,0,0,1,liraglutide,10.035714285714285
63,112.0,770.0,11.0,108,NCT01272219,349,3.703703703703703,27.9835390946502,7.555555555555555,1.0,0,1,0,0,0,0,0,0,0,0,0,0,0,0,0,0,0,1,0,0,0,0,0,0,0,0,1,0,0,0,1,1,0,0,0,1,0,0,0,0,1,0,0,0,1,liraglutide,8.955714285714285
63,112.0,770.0,11.0,112,NCT01557166,175,3.703703703703703,13.16872427983539,3.5555555555555554,1.0,0,1,0,0,0,0,0,0,0,0,0,0,0,0,0,0,0,1,0,0,0,0,0,0,0,0,1,0,0,0,1,1,0,0,1,0,0,0,0,0,1,0,0,0,1,liraglutide,10.08429041937952
63,112.0,770.0,11.0,120,NCT02918279,125,3.703703703703703,23.04526748971193,6.222222222222222,1.0,0,1,0,0,0,0,0,0,0,0,0,0,0,0,0,0,0,1,0,0,0,0,0,0,0,0,1,0,0,0,1,1,0,0,0,0,1,0,0,0,1,0,0,0,1,liraglutide,10.685714285714283
63,112.0,770.0,11.0,127,NCT02527200,17,3.703703703703703,21.399176954732507,5.777777777777778,1.0,0,1,0,0,0,0,0,0,0,0,0,0,0,0,0,0,0,1,0,0,0,0,0,0,0,0,1,0,0,0,1,1,0,0,0,0,0,1,0,0,1,0,0,0,1,liraglutide,11.585714285714284
63,112.0,770.0,11.0,128,NCT02527200,14,3.703703703703703,21.399176954732507,5.777777777777778,1.0,0,1,0,0,0,0,0,0,0,0,0,0,0,0,0,0,0,1,0,0,0,0,0,0,0,0,1,0,0,0,1,1,0,0,0,0,0,1,0,0,1,0,0,0,1,liraglutide,15.685714285714283
63,112.0,770.0,11.0,129,NCT02527200,31,3.703703703703703,21.399176954732507,5.777777777777778,1.0,0,1,0,0,0,0,0,0,0,0,0,0,0,0,0,0,0,1,0,0,0,0,0,0,0,0,1,0,0,0,1,1,0,0,0,0,0,1,0,0,1,0,0,0,1,liraglutide,13.585714285714284
63,112.0,770.0,11.0,130,NCT00781937,194,3.703703703703703,23.04526748971193,6.222222222222222,1.0,0,1,0,0,0,0,0,0,0,0,0,0,0,0,0,0,0,1,0,0,0,0,0,0,0,0,1,0,0,0,1,1,0,0,0,1,0,0,0,0,1,0,0,0,1,liraglutide,8.225714285714284
63,112.0,770.0,11.0,136,NCT04074161,117,3.703703703703703,27.9835390946502,7.555555555555555,1.0,0,1,0,0,0,0,0,0,0,0,0,0,0,0,0,0,0,1,0,0,0,0,0,0,0,0,1,0,0,0,1,1,0,0,0,1,0,0,0,0,1,0,0,0,1,liraglutide,9.485714285714284
63,112.0,770.0,11.0,150,NCT02647944,19,3.703703703703703,6.584362139917695,1.7777777777777777,1.0,0,1,0,0,0,0,0,0,0,0,0,0,0,0,0,0,0,1,0,0,0,0,0,0,0,0,1,0,0,0,1,1,0,0,0,1,0,0,0,1,0,0,0,0,1,liraglutide,11.697521806970794
63,112.0,770.0,11.0,155,NCT03486392,108,3.703703703703703,10.699588477366254,2.888888888888889,1.0,0,1,0,0,0,0,0,0,0,0,0,0,0,0,0,0,0,1,0,0,0,0,0,0,0,0,1,0,0,0,1,1,0,0,0,1,0,0,0,1,0,0,0,0,1,liraglutide,8.505714285714284
9,154.0,42.3,8.0,35,NCT02453711,96,9.873225806005726,399.3171325984538,40.44444444444444,1.0,1,0,0,1,0,0,1,0,0,0,0,0,0,0,0,0,0,0,0,0,0,0,0,0,0,1,0,0,0,0,1,1,0,0,0,1,0,0,0,1,0,0,0,0,1,liraglutide,4.54
9,154.0,42.3,8.0,51,NCT00422058,94,3.94929032240229,61.43340501514674,15.555555555555555,1.0,1,0,0,1,0,0,1,0,0,0,0,0,0,0,0,0,0,0,0,0,0,0,0,0,0,1,0,0,0,0,1,1,0,0,0,1,0,0,0,1,0,0,0,0,1,liraglutide,7.802791256464731
9,154.0,42.3,8.0,52,NCT00422058,90,5.923935483603436,92.1501075227201,15.555555555555555,1.0,1,0,0,1,0,0,1,0,0,0,0,0,0,0,0,0,0,0,0,0,0,0,0,0,0,1,0,0,0,0,1,1,0,0,0,1,0,0,0,1,0,0,0,0,1,liraglutide,7.072839524734694
9,154.0,42.3,8.0,53,NCT00422058,92,7.89858064480458,122.86681003029348,15.555555555555555,1.0,1,0,0,1,0,0,1,0,0,0,0,0,0,0,0,0,0,0,0,0,0,0,0,0,0,1,0,0,0,0,1,1,0,0,0,1,0,0,0,1,0,0,0,0,1,liraglutide,6.385930614829269
9,154.0,42.3,8.0,54,NCT00422058,92,9.873225806005726,153.58351253786685,15.555555555555555,1.0,1,0,0,1,0,0,1,0,0,0,0,0,0,0,0,0,0,0,0,0,0,0,0,0,0,1,0,0,0,0,1,1,0,0,0,1,0,0,0,1,0,0,0,0,1,liraglutide,5.298375893128206
9,154.0,42.3,8.0,61,NCT03158805,29,9.873225806005726,307.1670250757337,31.11111111111111,1.0,1,0,0,1,0,0,1,0,0,0,0,0,0,0,0,0,0,0,0,0,0,0,0,0,0,1,0,0,0,0,1,1,0,0,0,1,0,0,0,1,0,0,0,0,1,liraglutide,6.51
9,154.0,42.3,8.0,102,NCT01272232,412,9.873225806005726,430.03383510602714,43.55555555555556,1.0,1,0,0,1,0,0,1,0,0,0,0,0,0,0,0,0,0,0,0,0,0,0,0,0,0,1,0,0,0,0,1,1,0,0,0,1,0,0,0,0,1,0,0,0,1,liraglutide,6.109999999999999
9,154.0,42.3,8.0,103,NCT01272232,204,5.923935483603436,258.02030106361633,43.55555555555556,1.0,1,0,0,1,0,0,1,0,0,0,0,0,0,0,0,0,0,0,0,0,0,0,0,0,0,1,0,0,0,0,1,1,0,0,0,1,0,0,0,0,1,0,0,0,1,liraglutide,7.41
9,154.0,42.3,8.0,106,NCT01272219,2432,9.873225806005726,430.03383510602714,43.55555555555556,1.0,1,0,0,1,0,0,1,0,0,0,0,0,0,0,0,0,0,0,0,0,0,0,0,0,0,1,0,0,0,0,1,1,0,0,0,1,0,0,0,0,1,0,0,0,1,liraglutide,4.65
9,154.0,42.3,8.0,107,NCT01272219,1467,9.873225806005726,1228.6681003029348,124.44444444444444,1.0,1,0,0,1,0,0,1,0,0,0,0,0,0,0,0,0,0,0,0,0,0,0,0,0,0,1,0,0,0,0,1,1,0,0,0,1,0,0,0,0,1,0,0,0,1,liraglutide,5.76
9,154.0,42.3,8.0,108,NCT01272219,349,9.873225806005726,522.1839426287472,52.888888888888886,1.0,1,0,0,1,0,0,1,0,0,0,0,0,0,0,0,0,0,0,0,0,0,0,0,0,0,1,0,0,0,0,1,1,0,0,0,1,0,0,0,0,1,0,0,0,1,liraglutide,4.68
9,154.0,42.3,8.0,112,NCT01557166,175,9.873225806005726,245.73362006058696,24.88888888888889,1.0,1,0,0,1,0,0,1,0,0,0,0,0,0,0,0,0,0,0,0,0,0,0,0,0,0,1,0,0,0,0,1,1,0,0,1,0,0,0,0,0,1,0,0,0,1,liraglutide,5.808576133665236
9,154.0,42.3,8.0,120,NCT02918279,125,9.873225806005726,430.03383510602714,43.55555555555556,1.0,1,0,0,1,0,0,1,0,0,0,0,0,0,0,0,0,0,0,0,0,0,0,0,0,0,1,0,0,0,0,1,1,0,0,0,0,1,0,0,0,1,0,0,0,1,liraglutide,6.41
9,154.0,42.3,8.0,127,NCT02527200,17,9.873225806005726,399.3171325984538,40.44444444444444,1.0,1,0,0,1,0,0,1,0,0,0,0,0,0,0,0,0,0,0,0,0,0,0,0,0,0,1,0,0,0,0,1,1,0,0,0,0,0,1,0,0,1,0,0,0,1,liraglutide,7.31
9,154.0,42.3,8.0,128,NCT02527200,14,9.873225806005726,399.3171325984538,40.44444444444444,1.0,1,0,0,1,0,0,1,0,0,0,0,0,0,0,0,0,0,0,0,0,0,0,0,0,0,1,0,0,0,0,1,1,0,0,0,0,0,1,0,0,1,0,0,0,1,liraglutide,11.41
9,154.0,42.3,8.0,129,NCT02527200,31,9.873225806005726,399.3171325984538,40.44444444444444,1.0,1,0,0,1,0,0,1,0,0,0,0,0,0,0,0,0,0,0,0,0,0,0,0,0,0,1,0,0,0,0,1,1,0,0,0,0,0,1,0,0,1,0,0,0,1,liraglutide,9.31
9,154.0,42.3,8.0,130,NCT00781937,194,9.873225806005726,430.03383510602714,43.55555555555556,1.0,1,0,0,1,0,0,1,0,0,0,0,0,0,0,0,0,0,0,0,0,0,0,0,0,0,1,0,0,0,0,1,1,0,0,0,1,0,0,0,0,1,0,0,0,1,liraglutide,3.9499999999999993
9,154.0,42.3,8.0,136,NCT04074161,117,9.873225806005726,522.1839426287472,52.888888888888886,1.0,1,0,0,1,0,0,1,0,0,0,0,0,0,0,0,0,0,0,0,0,0,0,0,0,0,1,0,0,0,0,1,1,0,0,0,1,0,0,0,0,1,0,0,0,1,liraglutide,5.209999999999999
9,154.0,42.3,8.0,150,NCT02647944,19,9.873225806005726,122.86681003029348,12.444444444444445,1.0,1,0,0,1,0,0,1,0,0,0,0,0,0,0,0,0,0,0,0,0,0,0,0,0,0,1,0,0,0,0,1,1,0,0,0,1,0,0,0,1,0,0,0,0,1,liraglutide,7.421807521256509
9,154.0,42.3,8.0,155,NCT03486392,108,9.873225806005726,199.6585662992269,20.22222222222222,1.0,1,0,0,1,0,0,1,0,0,0,0,0,0,0,0,0,0,0,0,0,0,0,0,0,0,1,0,0,0,0,1,1,0,0,0,1,0,0,0,1,0,0,0,0,1,liraglutide,4.23
56,119.0,33.25,6.0,35,NCT02453711,96,3.703703703703703,12.037037037037036,6.5,1.0,1,0,0,1,0,0,1,0,0,0,0,0,0,0,0,0,0,0,0,0,0,0,0,0,0,1,0,0,0,0,1,1,0,0,0,1,0,0,0,1,0,0,0,0,1,liraglutide,9.206691729323303
56,119.0,33.25,6.0,51,NCT00422058,94,1.4814814814814812,1.8518518518518519,2.5,1.0,1,0,0,1,0,0,1,0,0,0,0,0,0,0,0,0,0,0,0,0,0,0,0,0,0,1,0,0,0,0,1,1,0,0,0,1,0,0,0,1,0,0,0,0,1,liraglutide,12.469482985788035
56,119.0,33.25,6.0,52,NCT00422058,90,2.222222222222222,2.7777777777777777,2.5,1.0,1,0,0,1,0,0,1,0,0,0,0,0,0,0,0,0,0,0,0,0,0,0,0,0,0,1,0,0,0,0,1,1,0,0,0,1,0,0,0,1,0,0,0,0,1,liraglutide,11.739531254057995
56,119.0,33.25,6.0,53,NCT00422058,92,2.9629629629629624,3.7037037037037037,2.5,1.0,1,0,0,1,0,0,1,0,0,0,0,0,0,0,0,0,0,0,0,0,0,0,0,0,0,1,0,0,0,0,1,1,0,0,0,1,0,0,0,1,0,0,0,0,1,liraglutide,11.052622344152574
56,119.0,33.25,6.0,54,NCT00422058,92,3.703703703703703,4.62962962962963,2.5,1.0,1,0,0,1,0,0,1,0,0,0,0,0,0,0,0,0,0,0,0,0,0,0,0,0,0,1,0,0,0,0,1,1,0,0,0,1,0,0,0,1,0,0,0,0,1,liraglutide,9.96506762245151
56,119.0,33.25,6.0,61,NCT03158805,29,3.703703703703703,9.25925925925926,5.0,1.0,1,0,0,1,0,0,1,0,0,0,0,0,0,0,0,0,0,0,0,0,0,0,0,0,0,1,0,0,0,0,1,1,0,0,0,1,0,0,0,1,0,0,0,0,1,liraglutide,11.176691729323304
56,119.0,33.25,6.0,102,NCT01272232,412,3.703703703703703,12.962962962962964,7.0,1.0,1,0,0,1,0,0,1,0,0,0,0,0,0,0,0,0,0,0,0,0,0,0,0,0,0,1,0,0,0,0,1,1,0,0,0,1,0,0,0,0,1,0,0,0,1,liraglutide,10.776691729323304
56,119.0,33.25,6.0,103,NCT01272232,204,2.222222222222222,7.777777777777779,7.0,1.0,1,0,0,1,0,0,1,0,0,0,0,0,0,0,0,0,0,0,0,0,0,0,0,0,0,1,0,0,0,0,1,1,0,0,0,1,0,0,0,0,1,0,0,0,1,liraglutide,12.076691729323304
56,119.0,33.25,6.0,106,NCT01272219,2432,3.703703703703703,12.962962962962964,7.0,1.0,1,0,0,1,0,0,1,0,0,0,0,0,0,0,0,0,0,0,0,0,0,0,0,0,0,1,0,0,0,0,1,1,0,0,0,1,0,0,0,0,1,0,0,0,1,liraglutide,9.316691729323304
56,119.0,33.25,6.0,107,NCT01272219,1467,3.703703703703703,37.03703703703704,20.0,1.0,1,0,0,1,0,0,1,0,0,0,0,0,0,0,0,0,0,0,0,0,0,0,0,0,0,1,0,0,0,0,1,1,0,0,0,1,0,0,0,0,1,0,0,0,1,liraglutide,10.426691729323304
56,119.0,33.25,6.0,108,NCT01272219,349,3.703703703703703,15.74074074074074,8.5,1.0,1,0,0,1,0,0,1,0,0,0,0,0,0,0,0,0,0,0,0,0,0,0,0,0,0,1,0,0,0,0,1,1,0,0,0,1,0,0,0,0,1,0,0,0,1,liraglutide,9.346691729323304
56,119.0,33.25,6.0,112,NCT01557166,175,3.703703703703703,7.407407407407407,4.0,1.0,1,0,0,1,0,0,1,0,0,0,0,0,0,0,0,0,0,0,0,0,0,0,0,0,0,1,0,0,0,0,1,1,0,0,1,0,0,0,0,0,1,0,0,0,1,liraglutide,10.47526786298854
56,119.0,33.25,6.0,120,NCT02918279,125,3.703703703703703,12.962962962962964,7.0,1.0,1,0,0,1,0,0,1,0,0,0,0,0,0,0,0,0,0,0,0,0,0,0,0,0,0,1,0,0,0,0,1,1,0,0,0,0,1,0,0,0,1,0,0,0,1,liraglutide,11.076691729323304
56,119.0,33.25,6.0,127,NCT02527200,17,3.703703703703703,12.037037037037036,6.5,1.0,1,0,0,1,0,0,1,0,0,0,0,0,0,0,0,0,0,0,0,0,0,0,0,0,0,1,0,0,0,0,1,1,0,0,0,0,0,1,0,0,1,0,0,0,1,liraglutide,11.976691729323305
56,119.0,33.25,6.0,128,NCT02527200,14,3.703703703703703,12.037037037037036,6.5,1.0,1,0,0,1,0,0,1,0,0,0,0,0,0,0,0,0,0,0,0,0,0,0,0,0,0,1,0,0,0,0,1,1,0,0,0,0,0,1,0,0,1,0,0,0,1,liraglutide,16.076691729323304
56,119.0,33.25,6.0,129,NCT02527200,31,3.703703703703703,12.037037037037036,6.5,1.0,1,0,0,1,0,0,1,0,0,0,0,0,0,0,0,0,0,0,0,0,0,0,0,0,0,1,0,0,0,0,1,1,0,0,0,0,0,1,0,0,1,0,0,0,1,liraglutide,13.976691729323305
56,119.0,33.25,6.0,130,NCT00781937,194,3.703703703703703,12.962962962962964,7.0,1.0,1,0,0,1,0,0,1,0,0,0,0,0,0,0,0,0,0,0,0,0,0,0,0,0,0,1,0,0,0,0,1,1,0,0,0,1,0,0,0,0,1,0,0,0,1,liraglutide,8.616691729323303
56,119.0,33.25,6.0,136,NCT04074161,117,3.703703703703703,15.74074074074074,8.5,1.0,1,0,0,1,0,0,1,0,0,0,0,0,0,0,0,0,0,0,0,0,0,0,0,0,0,1,0,0,0,0,1,1,0,0,0,1,0,0,0,0,1,0,0,0,1,liraglutide,9.876691729323303
56,119.0,33.25,6.0,150,NCT02647944,19,3.703703703703703,3.7037037037037037,2.0,1.0,1,0,0,1,0,0,1,0,0,0,0,0,0,0,0,0,0,0,0,0,0,0,0,0,0,1,0,0,0,0,1,1,0,0,0,1,0,0,0,1,0,0,0,0,1,liraglutide,12.088499250579812
56,119.0,33.25,6.0,155,NCT03486392,108,3.703703703703703,6.018518518518518,3.25,1.0,1,0,0,1,0,0,1,0,0,0,0,0,0,0,0,0,0,0,0,0,0,0,0,0,0,1,0,0,0,0,1,1,0,0,0,1,0,0,0,1,0,0,0,0,1,liraglutide,8.896691729323305
84,70.0,34.0,7.0,111,NCT00752726,54,0.14814814814814814,2.074074074074074,2.0,1.0,1,0,1,0,0,0,1,0,0,0,0,0,0,0,0,0,0,0,0,0,0,0,0,0,0,1,0,1,0,0,0,1,0,0,1,0,0,0,0,0,0,1,0,1,0,orlistat,-2.3112294985822937
28,273.0,53.0,15.0,35,NCT02453711,96,1.8518518518518514,12.037037037037036,13.0,1.0,1,0,0,1,0,0,1,0,0,0,0,0,0,0,0,0,0,0,0,0,0,0,0,0,0,1,0,0,0,0,1,1,0,0,0,1,0,0,0,1,0,0,0,0,1,liraglutide,15.284716981132078
28,273.0,53.0,15.0,51,NCT00422058,94,0.7407407407407406,1.8518518518518519,5.0,1.0,1,0,0,1,0,0,1,0,0,0,0,0,0,0,0,0,0,0,0,0,0,0,0,0,0,1,0,0,0,0,1,1,0,0,0,1,0,0,0,1,0,0,0,0,1,liraglutide,18.54750823759681
28,273.0,53.0,15.0,52,NCT00422058,90,1.111111111111111,2.7777777777777777,5.0,1.0,1,0,0,1,0,0,1,0,0,0,0,0,0,0,0,0,0,0,0,0,0,0,0,0,0,1,0,0,0,0,1,1,0,0,0,1,0,0,0,1,0,0,0,0,1,liraglutide,17.817556505866772
28,273.0,53.0,15.0,53,NCT00422058,92,1.4814814814814812,3.7037037037037037,5.0,1.0,1,0,0,1,0,0,1,0,0,0,0,0,0,0,0,0,0,0,0,0,0,0,0,0,0,1,0,0,0,0,1,1,0,0,0,1,0,0,0,1,0,0,0,0,1,liraglutide,17.130647595961346
28,273.0,53.0,15.0,54,NCT00422058,92,1.8518518518518514,4.62962962962963,5.0,1.0,1,0,0,1,0,0,1,0,0,0,0,0,0,0,0,0,0,0,0,0,0,0,0,0,0,1,0,0,0,0,1,1,0,0,0,1,0,0,0,1,0,0,0,0,1,liraglutide,16.04309287426028
28,273.0,53.0,15.0,61,NCT03158805,29,1.8518518518518514,9.25925925925926,10.0,1.0,1,0,0,1,0,0,1,0,0,0,0,0,0,0,0,0,0,0,0,0,0,0,0,0,0,1,0,0,0,0,1,1,0,0,0,1,0,0,0,1,0,0,0,0,1,liraglutide,17.254716981132077
28,273.0,53.0,15.0,102,NCT01272232,412,1.8518518518518514,12.962962962962964,14.0,1.0,1,0,0,1,0,0,1,0,0,0,0,0,0,0,0,0,0,0,0,0,0,0,0,0,0,1,0,0,0,0,1,1,0,0,0,1,0,0,0,0,1,0,0,0,1,liraglutide,16.85471698113208
28,273.0,53.0,15.0,103,NCT01272232,204,1.111111111111111,7.777777777777779,14.0,1.0,1,0,0,1,0,0,1,0,0,0,0,0,0,0,0,0,0,0,0,0,0,0,0,0,0,1,0,0,0,0,1,1,0,0,0,1,0,0,0,0,1,0,0,0,1,liraglutide,18.15471698113208
28,273.0,53.0,15.0,106,NCT01272219,2432,1.8518518518518514,12.962962962962964,14.0,1.0,1,0,0,1,0,0,1,0,0,0,0,0,0,0,0,0,0,0,0,0,0,0,0,0,0,1,0,0,0,0,1,1,0,0,0,1,0,0,0,0,1,0,0,0,1,liraglutide,15.394716981132078
28,273.0,53.0,15.0,107,NCT01272219,1467,1.8518518518518514,37.03703703703704,40.0,1.0,1,0,0,1,0,0,1,0,0,0,0,0,0,0,0,0,0,0,0,0,0,0,0,0,0,1,0,0,0,0,1,1,0,0,0,1,0,0,0,0,1,0,0,0,1,liraglutide,16.504716981132077
28,273.0,53.0,15.0,108,NCT01272219,349,1.8518518518518514,15.74074074074074,17.0,1.0,1,0,0,1,0,0,1,0,0,0,0,0,0,0,0,0,0,0,0,0,0,0,0,0,0,1,0,0,0,0,1,1,0,0,0,1,0,0,0,0,1,0,0,0,1,liraglutide,15.424716981132075
28,273.0,53.0,15.0,112,NCT01557166,175,1.8518518518518514,7.407407407407407,8.0,1.0,1,0,0,1,0,0,1,0,0,0,0,0,0,0,0,0,0,0,0,0,0,0,0,0,0,1,0,0,0,0,1,1,0,0,1,0,0,0,0,0,1,0,0,0,1,liraglutide,16.553293114797313
28,273.0,53.0,15.0,120,NCT02918279,125,1.8518518518518514,12.962962962962964,14.0,1.0,1,0,0,1,0,0,1,0,0,0,0,0,0,0,0,0,0,0,0,0,0,0,0,0,0,1,0,0,0,0,1,1,0,0,0,0,1,0,0,0,1,0,0,0,1,liraglutide,17.154716981132076
28,273.0,53.0,15.0,127,NCT02527200,17,1.8518518518518514,12.037037037037036,13.0,1.0,1,0,0,1,0,0,1,0,0,0,0,0,0,0,0,0,0,0,0,0,0,0,0,0,0,1,0,0,0,0,1,1,0,0,0,0,0,1,0,0,1,0,0,0,1,liraglutide,18.05471698113208
28,273.0,53.0,15.0,128,NCT02527200,14,1.8518518518518514,12.037037037037036,13.0,1.0,1,0,0,1,0,0,1,0,0,0,0,0,0,0,0,0,0,0,0,0,0,0,0,0,0,1,0,0,0,0,1,1,0,0,0,0,0,1,0,0,1,0,0,0,1,liraglutide,22.15471698113208
28,273.0,53.0,15.0,129,NCT02527200,31,1.8518518518518514,12.037037037037036,13.0,1.0,1,0,0,1,0,0,1,0,0,0,0,0,0,0,0,0,0,0,0,0,0,0,0,0,0,1,0,0,0,0,1,1,0,0,0,0,0,1,0,0,1,0,0,0,1,liraglutide,20.05471698113208
28,273.0,53.0,15.0,130,NCT00781937,194,1.8518518518518514,12.962962962962964,14.0,1.0,1,0,0,1,0,0,1,0,0,0,0,0,0,0,0,0,0,0,0,0,0,0,0,0,0,1,0,0,0,0,1,1,0,0,0,1,0,0,0,0,1,0,0,0,1,liraglutide,14.694716981132077
28,273.0,53.0,15.0,136,NCT04074161,117,1.8518518518518514,15.74074074074074,17.0,1.0,1,0,0,1,0,0,1,0,0,0,0,0,0,0,0,0,0,0,0,0,0,0,0,0,0,1,0,0,0,0,1,1,0,0,0,1,0,0,0,0,1,0,0,0,1,liraglutide,15.954716981132076
28,273.0,53.0,15.0,150,NCT02647944,19,1.8518518518518514,3.7037037037037037,4.0,1.0,1,0,0,1,0,0,1,0,0,0,0,0,0,0,0,0,0,0,0,0,0,0,0,0,0,1,0,0,0,0,1,1,0,0,0,1,0,0,0,1,0,0,0,0,1,liraglutide,18.166524502388587
28,273.0,53.0,15.0,155,NCT03486392,108,1.8518518518518514,6.018518518518518,6.5,1.0,1,0,0,1,0,0,1,0,0,0,0,0,0,0,0,0,0,0,0,0,0,0,0,0,0,1,0,0,0,0,1,1,0,0,0,1,0,0,0,1,0,0,0,0,1,liraglutide,14.974716981132076
56,203.0,41.0,6.0,151,NCT00005669,53,1.2345679012345678,7.936507936507937,3.2142857142857144,1.0,1,0,1,0,0,0,1,0,0,0,0,0,0,0,0,0,0,0,0,0,0,0,0,0,0,1,0,0,0,1,0,1,0,0,0,0,1,0,0,1,0,0,0,1,0,metformin,6.869152433633502
30,420.0,160.0,6.0,111,NCT00752726,54,0.030864197530864192,0.5185185185185185,5.6,1.0,1,0,1,0,0,0,0,0,0,0,0,0,0,0,0,0,0,0,0,1,0,0,0,0,0,0,1,1,0,0,0,1,0,0,1,0,0,0,0,0,0,1,0,1,0,orlistat,28.938770501417707
21,112.0,514.9,10.0,35,NCT02453711,96,0.9259259259259257,16.049382716049383,17.333333333333332,1.0,1,0,0,1,0,0,0,0,0,0,0,0,0,0,0,0,0,1,0,0,0,0,0,0,0,0,1,0,0,0,1,1,0,0,0,1,0,0,0,1,0,0,0,0,1,liraglutide,-5.47
21,112.0,514.9,10.0,51,NCT00422058,94,0.3703703703703703,2.4691358024691357,6.666666666666667,1.0,1,0,0,1,0,0,0,0,0,0,0,0,0,0,0,0,0,1,0,0,0,0,0,0,0,0,1,0,0,0,1,1,0,0,0,1,0,0,0,1,0,0,0,0,1,liraglutide,-2.2072087435352685
21,112.0,514.9,10.0,52,NCT00422058,90,0.5555555555555555,3.7037037037037033,6.666666666666667,1.0,1,0,0,1,0,0,0,0,0,0,0,0,0,0,0,0,0,1,0,0,0,0,0,0,0,0,1,0,0,0,1,1,0,0,0,1,0,0,0,1,0,0,0,0,1,liraglutide,-2.9371604752653058
21,112.0,514.9,10.0,53,NCT00422058,92,0.7407407407407406,4.938271604938271,6.666666666666667,1.0,1,0,0,1,0,0,0,0,0,0,0,0,0,0,0,0,0,1,0,0,0,0,0,0,0,0,1,0,0,0,1,1,0,0,0,1,0,0,0,1,0,0,0,0,1,liraglutide,-3.6240693851707295
21,112.0,514.9,10.0,54,NCT00422058,92,0.9259259259259257,6.1728395061728385,6.666666666666667,1.0,1,0,0,1,0,0,0,0,0,0,0,0,0,0,0,0,0,1,0,0,0,0,0,0,0,0,1,0,0,0,1,1,0,0,0,1,0,0,0,1,0,0,0,0,1,liraglutide,-4.711624106871794
21,112.0,514.9,10.0,61,NCT03158805,29,0.9259259259259257,12.345679012345677,13.333333333333334,1.0,1,0,0,1,0,0,0,0,0,0,0,0,0,0,0,0,0,1,0,0,0,0,0,0,0,0,1,0,0,0,1,1,0,0,0,1,0,0,0,1,0,0,0,0,1,liraglutide,-3.5
21,112.0,514.9,10.0,102,NCT01272232,412,0.9259259259259257,17.28395061728395,18.666666666666668,1.0,1,0,0,1,0,0,0,0,0,0,0,0,0,0,0,0,0,1,0,0,0,0,0,0,0,0,1,0,0,0,1,1,0,0,0,1,0,0,0,0,1,0,0,0,1,liraglutide,-3.9
21,112.0,514.9,10.0,103,NCT01272232,204,0.5555555555555555,10.37037037037037,18.666666666666668,1.0,1,0,0,1,0,0,0,0,0,0,0,0,0,0,0,0,0,1,0,0,0,0,0,0,0,0,1,0,0,0,1,1,0,0,0,1,0,0,0,0,1,0,0,0,1,liraglutide,-2.6
21,112.0,514.9,10.0,106,NCT01272219,2432,0.9259259259259257,17.28395061728395,18.666666666666668,1.0,1,0,0,1,0,0,0,0,0,0,0,0,0,0,0,0,0,1,0,0,0,0,0,0,0,0,1,0,0,0,1,1,0,0,0,1,0,0,0,0,1,0,0,0,1,liraglutide,-5.36
21,112.0,514.9,10.0,107,NCT01272219,1467,0.9259259259259257,49.38271604938271,53.333333333333336,1.0,1,0,0,1,0,0,0,0,0,0,0,0,0,0,0,0,0,1,0,0,0,0,0,0,0,0,1,0,0,0,1,1,0,0,0,1,0,0,0,0,1,0,0,0,1,liraglutide,-4.25
21,112.0,514.9,10.0,108,NCT01272219,349,0.9259259259259257,20.98765432098765,22.666666666666668,1.0,1,0,0,1,0,0,0,0,0,0,0,0,0,0,0,0,0,1,0,0,0,0,0,0,0,0,1,0,0,0,1,1,0,0,0,1,0,0,0,0,1,0,0,0,1,liraglutide,-5.33
21,112.0,514.9,10.0,112,NCT01557166,175,0.9259259259259257,9.876543209876543,10.666666666666666,1.0,1,0,0,1,0,0,0,0,0,0,0,0,0,0,0,0,0,1,0,0,0,0,0,0,0,0,1,0,0,0,1,1,0,0,1,0,0,0,0,0,1,0,0,0,1,liraglutide,-4.201423866334764
21,112.0,514.9,10.0,120,NCT02918279,125,0.9259259259259257,17.28395061728395,18.666666666666668,1.0,1,0,0,1,0,0,0,0,0,0,0,0,0,0,0,0,0,1,0,0,0,0,0,0,0,0,1,0,0,0,1,1,0,0,0,0,1,0,0,0,1,0,0,0,1,liraglutide,-3.6
21,112.0,514.9,10.0,127,NCT02527200,17,0.9259259259259257,16.049382716049383,17.333333333333332,1.0,1,0,0,1,0,0,0,0,0,0,0,0,0,0,0,0,0,1,0,0,0,0,0,0,0,0,1,0,0,0,1,1,0,0,0,0,0,1,0,0,1,0,0,0,1,liraglutide,-2.7
21,112.0,514.9,10.0,128,NCT02527200,14,0.9259259259259257,16.049382716049383,17.333333333333332,1.0,1,0,0,1,0,0,0,0,0,0,0,0,0,0,0,0,0,1,0,0,0,0,0,0,0,0,1,0,0,0,1,1,0,0,0,0,0,1,0,0,1,0,0,0,1,liraglutide,1.3999999999999997
21,112.0,514.9,10.0,129,NCT02527200,31,0.9259259259259257,16.049382716049383,17.333333333333332,1.0,1,0,0,1,0,0,0,0,0,0,0,0,0,0,0,0,0,1,0,0,0,0,0,0,0,0,1,0,0,0,1,1,0,0,0,0,0,1,0,0,1,0,0,0,1,liraglutide,-0.6999999999999997
21,112.0,514.9,10.0,130,NCT00781937,194,0.9259259259259257,17.28395061728395,18.666666666666668,1.0,1,0,0,1,0,0,0,0,0,0,0,0,0,0,0,0,0,1,0,0,0,0,0,0,0,0,1,0,0,0,1,1,0,0,0,1,0,0,0,0,1,0,0,0,1,liraglutide,-6.0600000000000005
21,112.0,514.9,10.0,136,NCT04074161,117,0.9259259259259257,20.98765432098765,22.666666666666668,1.0,1,0,0,1,0,0,0,0,0,0,0,0,0,0,0,0,0,1,0,0,0,0,0,0,0,0,1,0,0,0,1,1,0,0,0,1,0,0,0,0,1,0,0,0,1,liraglutide,-4.800000000000001
21,112.0,514.9,10.0,150,NCT02647944,19,0.9259259259259257,4.938271604938271,5.333333333333333,1.0,1,0,0,1,0,0,0,0,0,0,0,0,0,0,0,0,0,1,0,0,0,0,0,0,0,0,1,0,0,0,1,1,0,0,0,1,0,0,0,1,0,0,0,0,1,liraglutide,-2.58819247874349
21,112.0,514.9,10.0,155,NCT03486392,108,0.9259259259259257,8.024691358024691,8.666666666666666,1.0,1,0,0,1,0,0,0,0,0,0,0,0,0,0,0,0,0,1,0,0,0,0,0,0,0,0,1,0,0,0,1,1,0,0,0,1,0,0,0,1,0,0,0,0,1,liraglutide,-5.78
21,112.0,514.9,10.0,35,NCT02453711,96,0.9259259259259257,16.049382716049383,17.333333333333332,1.0,1,0,0,1,0,0,0,0,0,0,0,0,0,0,0,0,0,1,0,0,0,0,0,0,0,0,1,0,0,0,1,1,0,0,0,1,0,0,0,1,0,0,0,0,1,liraglutide,2.2984987376189547
21,112.0,514.9,10.0,51,NCT00422058,94,0.3703703703703703,2.4691358024691357,6.666666666666667,1.0,1,0,0,1,0,0,0,0,0,0,0,0,0,0,0,0,0,1,0,0,0,0,0,0,0,0,1,0,0,0,1,1,0,0,0,1,0,0,0,1,0,0,0,0,1,liraglutide,5.561289994083686
21,112.0,514.9,10.0,52,NCT00422058,90,0.5555555555555555,3.7037037037037033,6.666666666666667,1.0,1,0,0,1,0,0,0,0,0,0,0,0,0,0,0,0,0,1,0,0,0,0,0,0,0,0,1,0,0,0,1,1,0,0,0,1,0,0,0,1,0,0,0,0,1,liraglutide,4.831338262353649
21,112.0,514.9,10.0,53,NCT00422058,92,0.7407407407407406,4.938271604938271,6.666666666666667,1.0,1,0,0,1,0,0,0,0,0,0,0,0,0,0,0,0,0,1,0,0,0,0,0,0,0,0,1,0,0,0,1,1,0,0,0,1,0,0,0,1,0,0,0,0,1,liraglutide,4.144429352448224
21,112.0,514.9,10.0,54,NCT00422058,92,0.9259259259259257,6.1728395061728385,6.666666666666667,1.0,1,0,0,1,0,0,0,0,0,0,0,0,0,0,0,0,0,1,0,0,0,0,0,0,0,0,1,0,0,0,1,1,0,0,0,1,0,0,0,1,0,0,0,0,1,liraglutide,3.056874630747161
21,112.0,514.9,10.0,61,NCT03158805,29,0.9259259259259257,12.345679012345677,13.333333333333334,1.0,1,0,0,1,0,0,0,0,0,0,0,0,0,0,0,0,0,1,0,0,0,0,0,0,0,0,1,0,0,0,1,1,0,0,0,1,0,0,0,1,0,0,0,0,1,liraglutide,4.2684987376189545
21,112.0,514.9,10.0,102,NCT01272232,412,0.9259259259259257,17.28395061728395,18.666666666666668,1.0,1,0,0,1,0,0,0,0,0,0,0,0,0,0,0,0,0,1,0,0,0,0,0,0,0,0,1,0,0,0,1,1,0,0,0,1,0,0,0,0,1,0,0,0,1,liraglutide,3.868498737618954
21,112.0,514.9,10.0,103,NCT01272232,204,0.5555555555555555,10.37037037037037,18.666666666666668,1.0,1,0,0,1,0,0,0,0,0,0,0,0,0,0,0,0,0,1,0,0,0,0,0,0,0,0,1,0,0,0,1,1,0,0,0,1,0,0,0,0,1,0,0,0,1,liraglutide,5.168498737618955
21,112.0,514.9,10.0,106,NCT01272219,2432,0.9259259259259257,17.28395061728395,18.666666666666668,1.0,1,0,0,1,0,0,0,0,0,0,0,0,0,0,0,0,0,1,0,0,0,0,0,0,0,0,1,0,0,0,1,1,0,0,0,1,0,0,0,0,1,0,0,0,1,liraglutide,2.408498737618954
21,112.0,514.9,10.0,107,NCT01272219,1467,0.9259259259259257,49.38271604938271,53.333333333333336,1.0,1,0,0,1,0,0,0,0,0,0,0,0,0,0,0,0,0,1,0,0,0,0,0,0,0,0,1,0,0,0,1,1,0,0,0,1,0,0,0,0,1,0,0,0,1,liraglutide,3.5184987376189545
21,112.0,514.9,10.0,108,NCT01272219,349,0.9259259259259257,20.98765432098765,22.666666666666668,1.0,1,0,0,1,0,0,0,0,0,0,0,0,0,0,0,0,0,1,0,0,0,0,0,0,0,0,1,0,0,0,1,1,0,0,0,1,0,0,0,0,1,0,0,0,1,liraglutide,2.4384987376189544
21,112.0,514.9,10.0,112,NCT01557166,175,0.9259259259259257,9.876543209876543,10.666666666666666,1.0,1,0,0,1,0,0,0,0,0,0,0,0,0,0,0,0,0,1,0,0,0,0,0,0,0,0,1,0,0,0,1,1,0,0,1,0,0,0,0,0,1,0,0,0,1,liraglutide,3.5670748712841904
21,112.0,514.9,10.0,120,NCT02918279,125,0.9259259259259257,17.28395061728395,18.666666666666668,1.0,1,0,0,1,0,0,0,0,0,0,0,0,0,0,0,0,0,1,0,0,0,0,0,0,0,0,1,0,0,0,1,1,0,0,0,0,1,0,0,0,1,0,0,0,1,liraglutide,4.168498737618954
21,112.0,514.9,10.0,127,NCT02527200,17,0.9259259259259257,16.049382716049383,17.333333333333332,1.0,1,0,0,1,0,0,0,0,0,0,0,0,0,0,0,0,0,1,0,0,0,0,0,0,0,0,1,0,0,0,1,1,0,0,0,0,0,1,0,0,1,0,0,0,1,liraglutide,5.068498737618954
21,112.0,514.9,10.0,128,NCT02527200,14,0.9259259259259257,16.049382716049383,17.333333333333332,1.0,1,0,0,1,0,0,0,0,0,0,0,0,0,0,0,0,0,1,0,0,0,0,0,0,0,0,1,0,0,0,1,1,0,0,0,0,0,1,0,0,1,0,0,0,1,liraglutide,9.168498737618954
21,112.0,514.9,10.0,129,NCT02527200,31,0.9259259259259257,16.049382716049383,17.333333333333332,1.0,1,0,0,1,0,0,0,0,0,0,0,0,0,0,0,0,0,1,0,0,0,0,0,0,0,0,1,0,0,0,1,1,0,0,0,0,0,1,0,0,1,0,0,0,1,liraglutide,7.068498737618954
21,112.0,514.9,10.0,130,NCT00781937,194,0.9259259259259257,17.28395061728395,18.666666666666668,1.0,1,0,0,1,0,0,0,0,0,0,0,0,0,0,0,0,0,1,0,0,0,0,0,0,0,0,1,0,0,0,1,1,0,0,0,1,0,0,0,0,1,0,0,0,1,liraglutide,1.708498737618954
21,112.0,514.9,10.0,136,NCT04074161,117,0.9259259259259257,20.98765432098765,22.666666666666668,1.0,1,0,0,1,0,0,0,0,0,0,0,0,0,0,0,0,0,1,0,0,0,0,0,0,0,0,1,0,0,0,1,1,0,0,0,1,0,0,0,0,1,0,0,0,1,liraglutide,2.9684987376189538
21,112.0,514.9,10.0,150,NCT02647944,19,0.9259259259259257,4.938271604938271,5.333333333333333,1.0,1,0,0,1,0,0,0,0,0,0,0,0,0,0,0,0,0,1,0,0,0,0,0,0,0,0,1,0,0,0,1,1,0,0,0,1,0,0,0,1,0,0,0,0,1,liraglutide,5.180306258875465
21,112.0,514.9,10.0,155,NCT03486392,108,0.9259259259259257,8.024691358024691,8.666666666666666,1.0,1,0,0,1,0,0,0,0,0,0,0,0,0,0,0,0,0,1,0,0,0,0,0,0,0,0,1,0,0,0,1,1,0,0,0,1,0,0,0,1,0,0,0,0,1,liraglutide,1.9884987376189545
56,70.0,30.0,10.0,151,NCT00005669,53,1.2345679012345678,18.51851851851852,3.2142857142857144,1.0,1,0,1,0,0,0,1,0,0,0,0,0,0,0,0,0,0,0,0,0,0,0,0,0,0,1,0,0,0,0,1,1,0,0,0,0,1,0,0,1,0,0,0,1,0,metformin,23.20248576696685
12,126.0,50.0,6.0,16,NCT03611582,407,7.4074074074074066,41.97530864197531,39.666666666666664,0.14285714285714285,1,0,0,1,0,0,1,0,0,0,0,0,0,0,0,0,0,0,0,0,0,0,0,0,0,1,0,0,0,0,1,1,0,0,0,1,0,0,0,0,1,0,0,0,1,semaglutide,-0.5000000000000018
12,126.0,50.0,6.0,28,NCT02453711,92,0.15432098765432098,4.681069958847736,30.333333333333332,1.0,1,0,0,1,0,0,1,0,0,0,0,0,0,0,0,0,0,0,0,0,0,0,0,0,0,1,0,0,0,0,1,1,0,0,0,1,0,0,0,1,0,0,0,0,1,semaglutide,7.3
12,126.0,50.0,6.0,29,NCT02453711,96,0.30864197530864196,9.362139917695472,30.333333333333332,1.0,1,0,0,1,0,0,1,0,0,0,0,0,0,0,0,0,0,0,0,0,0,0,0,0,0,1,0,0,0,0,1,1,0,0,0,1,0,0,0,1,0,0,0,0,1,semaglutide,4.670000000000001
12,126.0,50.0,6.0,30,NCT02453711,94,0.6172839506172839,18.724279835390945,30.333333333333332,1.0,1,0,0,1,0,0,1,0,0,0,0,0,0,0,0,0,0,0,0,0,0,0,0,0,0,1,0,0,0,0,1,1,0,0,0,1,0,0,0,1,0,0,0,0,1,semaglutide,1.6900000000000013
12,126.0,50.0,6.0,31,NCT02453711,95,0.9259259259259258,28.08641975308642,30.333333333333332,1.0,1,0,0,1,0,0,1,0,0,0,0,0,0,0,0,0,0,0,0,0,0,0,0,0,0,1,0,0,0,0,1,1,0,0,0,1,0,0,0,1,0,0,0,0,1,semaglutide,2.120000000000001
12,126.0,50.0,6.0,32,NCT02453711,100,1.2345679012345678,37.44855967078189,30.333333333333332,1.0,1,0,0,1,0,0,1,0,0,0,0,0,0,0,0,0,0,0,0,0,0,0,0,0,0,1,0,0,0,0,1,1,0,0,0,1,0,0,0,1,0,0,0,0,1,semaglutide,-0.5500000000000007
12,126.0,50.0,6.0,33,NCT02453711,95,0.9259259259259258,28.08641975308642,30.333333333333332,1.0,1,0,0,1,0,0,1,0,0,0,0,0,0,0,0,0,0,0,0,0,0,0,0,0,0,1,0,0,0,0,1,1,0,0,0,1,0,0,0,1,0,0,0,0,1,semaglutide,1.91
12,126.0,50.0,6.0,34,NCT02453711,100,1.2345679012345678,37.44855967078189,30.333333333333332,1.0,1,0,0,1,0,0,1,0,0,0,0,0,0,0,0,0,0,0,0,0,0,0,0,0,0,1,0,0,0,0,1,1,0,0,0,1,0,0,0,1,0,0,0,0,1,semaglutide,-3.0
12,126.0,50.0,6.0,44,NCT04788511,246,7.4074074074074066,32.098765432098766,30.333333333333332,0.14285714285714285,1,0,0,1,0,0,1,0,0,0,0,0,0,0,0,0,0,0,0,0,0,0,0,0,0,1,0,0,0,0,1,1,0,0,0,1,0,0,0,0,1,0,0,0,1,semaglutide,-0.4000000000000003
12,126.0,50.0,6.0,62,NCT03574597,7474,7.4074074074074066,64.19753086419753,60.666666666666664,0.14285714285714285,1,0,0,1,0,0,1,0,0,0,0,0,0,0,0,0,0,0,0,0,0,0,0,0,0,1,0,0,0,0,1,1,0,0,0,1,0,0,0,0,1,0,0,0,1,semaglutide,2.479999999999998
12,126.0,50.0,6.0,63,NCT03811574,98,5.246913580246913,29.732510288065843,39.666666666666664,0.14285714285714285,1,0,0,1,0,0,1,0,0,0,0,0,0,0,0,0,0,0,0,0,0,0,0,0,0,1,0,0,0,0,1,1,0,0,0,1,0,0,0,0,1,0,0,0,1,semaglutide,3.0
12,126.0,50.0,6.0,64,NCT03811574,193,7.4074074074074066,41.97530864197531,39.666666666666664,0.14285714285714285,1,0,0,1,0,0,1,0,0,0,0,0,0,0,0,0,0,0,0,0,0,0,0,0,0,1,0,0,0,0,1,1,0,0,0,1,0,0,0,0,1,0,0,0,1,semaglutide,-0.5
12,126.0,50.0,6.0,99,NCT03548987,535,7.4074074074074066,29.62962962962963,28.0,0.14285714285714285,1,0,0,1,0,0,1,0,0,0,0,0,0,0,0,0,0,0,0,0,0,0,0,0,0,1,0,0,0,0,1,1,0,0,0,1,0,0,0,0,1,0,0,0,1,semaglutide,-3.9
12,126.0,50.0,6.0,101,NCT03548987,520,7.4074074074074066,29.62962962962963,28.0,0.14285714285714285,1,0,0,1,0,0,1,0,0,0,0,0,0,0,0,0,0,0,0,0,0,0,0,0,0,1,0,0,0,0,1,1,0,0,0,1,0,0,0,0,1,0,0,0,1,semaglutide,-1.299999999999999
12,126.0,50.0,6.0,104,NCT04251156,238,7.4074074074074066,27.160493827160494,25.666666666666668,0.14285714285714285,1,0,0,1,0,0,1,0,0,0,0,0,0,0,0,0,0,0,0,0,0,0,0,0,0,1,0,0,0,0,1,1,0,0,0,1,0,0,0,0,1,0,0,0,1,semaglutide,2.1
12,126.0,50.0,6.0,114,NCT04102189,131,7.4074074074074066,41.97530864197531,39.666666666666664,0.14285714285714285,1,0,0,1,0,0,1,0,0,0,0,0,0,0,0,0,0,0,0,0,0,0,0,0,0,1,0,0,0,0,1,1,0,0,0,0,1,0,0,0,1,0,0,0,1,semaglutide,-6.100000000000001
12,126.0,50.0,6.0,115,NCT03693430,144,7.4074074074074066,64.19753086419753,60.666666666666664,0.14285714285714285,1,0,0,1,0,0,1,0,0,0,0,0,0,0,0,0,0,0,0,0,0,0,0,0,0,1,0,0,0,0,1,1,0,0,0,0,0,0,1,0,1,0,0,0,1,semaglutide,-0.6000000000000014
12,126.0,50.0,6.0,117,NCT03693430,149,7.4074074074074066,32.098765432098766,30.333333333333332,0.14285714285714285,1,0,0,1,0,0,1,0,0,0,0,0,0,0,0,0,0,0,0,0,0,0,0,0,0,1,0,0,0,0,1,1,0,0,0,0,0,0,1,0,1,0,0,0,1,semaglutide,-1.5
12,126.0,50.0,6.0,135,NCT04074161,117,7.4074074074074066,41.97530864197531,39.666666666666664,0.14285714285714285,1,0,0,1,0,0,1,0,0,0,0,0,0,0,0,0,0,0,0,0,0,0,0,0,0,1,0,0,0,0,1,1,0,0,0,1,0,0,0,0,1,0,0,0,1,semaglutide,-3.799999999999999
84,28.0,36.0,10.0,151,NCT00005669,53,0.8818342151675485,3.7792894935752077,2.142857142857143,1.0,1,0,1,0,0,0,0,0,0,0,0,0,0,0,0,0,0,0,0,0,0,1,0,0,0,1,0,0,0,0,1,0,1,0,0,0,1,0,0,1,0,0,0,1,0,metformin,6.980263544744618
56,42.0,38.0,10.0,45,NCT00650806,95,0.20576131687242796,0.30864197530864196,1.5,1.0,1,0,1,0,0,0,0,0,0,0,0,0,0,0,0,0,0,0,0,0,0,1,0,0,0,1,0,0,0,0,1,0,1,0,0,1,0,0,0,1,0,0,0,1,0,canagliflozin,-19.321052631578944
56,42.0,38.0,10.0,46,NCT00650806,85,0.4115226337448559,0.6172839506172839,1.5,1.0,1,0,1,0,0,0,0,0,0,0,0,0,0,0,0,0,0,0,0,0,0,1,0,0,0,1,0,0,0,0,1,0,1,0,0,1,0,0,0,1,0,0,0,1,0,canagliflozin,-20.121052631578944
56,42.0,38.0,10.0,47,NCT00650806,93,1.2345679012345678,1.8518518518518516,1.5,1.0,1,0,1,0,0,0,0,0,0,0,0,0,0,0,0,0,0,0,0,0,0,1,0,0,0,1,0,0,0,0,1,0,1,0,0,1,0,0,0,1,0,0,0,1,0,canagliflozin,-19.821052631578944
56,42.0,38.0,10.0,68,NCT02243202,78,1.2345679012345678,4.012345679012345,3.25,1.0,1,0,1,0,0,0,0,0,0,0,0,0,0,0,0,0,0,0,0,0,0,1,0,0,0,1,0,0,0,0,1,0,1,0,0,1,0,0,0,1,0,0,0,1,0,canagliflozin,-19.721052631578942
56,42.0,40.0,10.0,45,NCT00650806,95,0.20576131687242796,0.30864197530864196,1.5,1.0,1,0,1,0,0,0,0,0,0,0,0,0,0,0,0,0,0,0,0,0,0,1,0,0,0,1,0,0,0,0,1,0,1,0,0,1,0,0,0,1,0,0,0,1,0,canagliflozin,-10.9
56,42.0,40.0,10.0,46,NCT00650806,85,0.4115226337448559,0.6172839506172839,1.5,1.0,1,0,1,0,0,0,0,0,0,0,0,0,0,0,0,0,0,0,0,0,0,1,0,0,0,1,0,0,0,0,1,0,1,0,0,1,0,0,0,1,0,0,0,1,0,canagliflozin,-11.7
56,42.0,40.0,10.0,47,NCT00650806,93,1.2345679012345678,1.8518518518518516,1.5,1.0,1,0,1,0,0,0,0,0,0,0,0,0,0,0,0,0,0,0,0,0,0,1,0,0,0,1,0,0,0,0,1,0,1,0,0,1,0,0,0,1,0,0,0,1,0,canagliflozin,-11.4
56,42.0,40.0,10.0,68,NCT02243202,78,1.2345679012345678,4.012345679012345,3.25,1.0,1,0,1,0,0,0,0,0,0,0,0,0,0,0,0,0,0,0,0,0,0,1,0,0,0,1,0,0,0,0,1,0,1,0,0,1,0,0,0,1,0,0,0,1,0,canagliflozin,-11.3
63,112.0,425.0,8.0,35,NCT02453711,96,0.9259259259259257,5.349794238683128,5.777777777777778,1.0,1,0,0,1,0,0,0,0,0,0,0,0,0,0,0,0,0,1,0,0,0,0,0,0,0,0,1,0,0,0,1,1,0,0,0,1,0,0,0,1,0,0,0,0,1,liraglutide,6.2947058823529405
63,112.0,425.0,8.0,51,NCT00422058,94,0.3703703703703703,0.823045267489712,2.2222222222222223,1.0,1,0,0,1,0,0,0,0,0,0,0,0,0,0,0,0,0,1,0,0,0,0,0,0,0,0,1,0,0,0,1,1,0,0,0,1,0,0,0,1,0,0,0,0,1,liraglutide,9.557497138817672
63,112.0,425.0,8.0,52,NCT00422058,90,0.5555555555555555,1.2345679012345678,2.2222222222222223,1.0,1,0,0,1,0,0,0,0,0,0,0,0,0,0,0,0,0,1,0,0,0,0,0,0,0,0,1,0,0,0,1,1,0,0,0,1,0,0,0,1,0,0,0,0,1,liraglutide,8.827545407087634
63,112.0,425.0,8.0,53,NCT00422058,92,0.7407407407407406,1.646090534979424,2.2222222222222223,1.0,1,0,0,1,0,0,0,0,0,0,0,0,0,0,0,0,0,1,0,0,0,0,0,0,0,0,1,0,0,0,1,1,0,0,0,1,0,0,0,1,0,0,0,0,1,liraglutide,8.14063649718221
63,112.0,425.0,8.0,54,NCT00422058,92,0.9259259259259257,2.05761316872428,2.2222222222222223,1.0,1,0,0,1,0,0,0,0,0,0,0,0,0,0,0,0,0,1,0,0,0,0,0,0,0,0,1,0,0,0,1,1,0,0,0,1,0,0,0,1,0,0,0,0,1,liraglutide,7.053081775481147
63,112.0,425.0,8.0,61,NCT03158805,29,0.9259259259259257,4.11522633744856,4.444444444444445,1.0,1,0,0,1,0,0,0,0,0,0,0,0,0,0,0,0,0,1,0,0,0,0,0,0,0,0,1,0,0,0,1,1,0,0,0,1,0,0,0,1,0,0,0,0,1,liraglutide,8.26470588235294
63,112.0,425.0,8.0,102,NCT01272232,412,0.9259259259259257,5.761316872427983,6.222222222222222,1.0,1,0,0,1,0,0,0,0,0,0,0,0,0,0,0,0,0,1,0,0,0,0,0,0,0,0,1,0,0,0,1,1,0,0,0,1,0,0,0,0,1,0,0,0,1,liraglutide,7.86470588235294
63,112.0,425.0,8.0,103,NCT01272232,204,0.5555555555555555,3.4567901234567904,6.222222222222222,1.0,1,0,0,1,0,0,0,0,0,0,0,0,0,0,0,0,0,1,0,0,0,0,0,0,0,0,1,0,0,0,1,1,0,0,0,1,0,0,0,0,1,0,0,0,1,liraglutide,9.16470588235294
63,112.0,425.0,8.0,106,NCT01272219,2432,0.9259259259259257,5.761316872427983,6.222222222222222,1.0,1,0,0,1,0,0,0,0,0,0,0,0,0,0,0,0,0,1,0,0,0,0,0,0,0,0,1,0,0,0,1,1,0,0,0,1,0,0,0,0,1,0,0,0,1,liraglutide,6.40470588235294
63,112.0,425.0,8.0,107,NCT01272219,1467,0.9259259259259257,16.46090534979424,17.77777777777778,1.0,1,0,0,1,0,0,0,0,0,0,0,0,0,0,0,0,0,1,0,0,0,0,0,0,0,0,1,0,0,0,1,1,0,0,0,1,0,0,0,0,1,0,0,0,1,liraglutide,7.51470588235294
63,112.0,425.0,8.0,108,NCT01272219,349,0.9259259259259257,6.995884773662551,7.555555555555555,1.0,1,0,0,1,0,0,0,0,0,0,0,0,0,0,0,0,0,1,0,0,0,0,0,0,0,0,1,0,0,0,1,1,0,0,0,1,0,0,0,0,1,0,0,0,1,liraglutide,6.43470588235294
63,112.0,425.0,8.0,112,NCT01557166,175,0.9259259259259257,3.292181069958848,3.5555555555555554,1.0,1,0,0,1,0,0,0,0,0,0,0,0,0,0,0,0,0,1,0,0,0,0,0,0,0,0,1,0,0,0,1,1,0,0,1,0,0,0,0,0,1,0,0,0,1,liraglutide,7.563282016018176
63,112.0,425.0,8.0,120,NCT02918279,125,0.9259259259259257,5.761316872427983,6.222222222222222,1.0,1,0,0,1,0,0,0,0,0,0,0,0,0,0,0,0,0,1,0,0,0,0,0,0,0,0,1,0,0,0,1,1,0,0,0,0,1,0,0,0,1,0,0,0,1,liraglutide,8.16470588235294
63,112.0,425.0,8.0,127,NCT02527200,17,0.9259259259259257,5.349794238683128,5.777777777777778,1.0,1,0,0,1,0,0,0,0,0,0,0,0,0,0,0,0,0,1,0,0,0,0,0,0,0,0,1,0,0,0,1,1,0,0,0,0,0,1,0,0,1,0,0,0,1,liraglutide,9.06470588235294
63,112.0,425.0,8.0,128,NCT02527200,14,0.9259259259259257,5.349794238683128,5.777777777777778,1.0,1,0,0,1,0,0,0,0,0,0,0,0,0,0,0,0,0,1,0,0,0,0,0,0,0,0,1,0,0,0,1,1,0,0,0,0,0,1,0,0,1,0,0,0,1,liraglutide,13.16470588235294
63,112.0,425.0,8.0,129,NCT02527200,31,0.9259259259259257,5.349794238683128,5.777777777777778,1.0,1,0,0,1,0,0,0,0,0,0,0,0,0,0,0,0,0,1,0,0,0,0,0,0,0,0,1,0,0,0,1,1,0,0,0,0,0,1,0,0,1,0,0,0,1,liraglutide,11.06470588235294
63,112.0,425.0,8.0,130,NCT00781937,194,0.9259259259259257,5.761316872427983,6.222222222222222,1.0,1,0,0,1,0,0,0,0,0,0,0,0,0,0,0,0,0,1,0,0,0,0,0,0,0,0,1,0,0,0,1,1,0,0,0,1,0,0,0,0,1,0,0,0,1,liraglutide,5.70470588235294
63,112.0,425.0,8.0,136,NCT04074161,117,0.9259259259259257,6.995884773662551,7.555555555555555,1.0,1,0,0,1,0,0,0,0,0,0,0,0,0,0,0,0,0,1,0,0,0,0,0,0,0,0,1,0,0,0,1,1,0,0,0,1,0,0,0,0,1,0,0,0,1,liraglutide,6.96470588235294
63,112.0,425.0,8.0,150,NCT02647944,19,0.9259259259259257,1.646090534979424,1.7777777777777777,1.0,1,0,0,1,0,0,0,0,0,0,0,0,0,0,0,0,0,1,0,0,0,0,0,0,0,0,1,0,0,0,1,1,0,0,0,1,0,0,0,1,0,0,0,0,1,liraglutide,9.17651340360945
63,112.0,425.0,8.0,155,NCT03486392,108,0.9259259259259257,2.674897119341564,2.888888888888889,1.0,1,0,0,1,0,0,0,0,0,0,0,0,0,0,0,0,0,1,0,0,0,0,0,0,0,0,1,0,0,0,1,1,0,0,0,1,0,0,0,1,0,0,0,0,1,liraglutide,5.98470588235294
63,112.0,425.0,8.0,35,NCT02453711,96,0.46296296296296285,2.6748971193415634,5.777777777777778,1.0,1,0,0,1,0,0,0,0,0,0,0,0,0,0,0,0,0,1,0,0,0,0,0,0,0,0,1,0,0,0,1,1,0,0,0,1,0,0,0,1,0,0,0,0,1,liraglutide,6.2947058823529405
63,112.0,425.0,8.0,51,NCT00422058,94,0.18518518518518515,0.4115226337448559,2.2222222222222223,1.0,1,0,0,1,0,0,0,0,0,0,0,0,0,0,0,0,0,1,0,0,0,0,0,0,0,0,1,0,0,0,1,1,0,0,0,1,0,0,0,1,0,0,0,0,1,liraglutide,9.557497138817672
63,112.0,425.0,8.0,52,NCT00422058,90,0.27777777777777773,0.6172839506172838,2.2222222222222223,1.0,1,0,0,1,0,0,0,0,0,0,0,0,0,0,0,0,0,1,0,0,0,0,0,0,0,0,1,0,0,0,1,1,0,0,0,1,0,0,0,1,0,0,0,0,1,liraglutide,8.827545407087634
63,112.0,425.0,8.0,53,NCT00422058,92,0.3703703703703703,0.8230452674897119,2.2222222222222223,1.0,1,0,0,1,0,0,0,0,0,0,0,0,0,0,0,0,0,1,0,0,0,0,0,0,0,0,1,0,0,0,1,1,0,0,0,1,0,0,0,1,0,0,0,0,1,liraglutide,8.14063649718221
63,112.0,425.0,8.0,54,NCT00422058,92,0.46296296296296285,1.0288065843621397,2.2222222222222223,1.0,1,0,0,1,0,0,0,0,0,0,0,0,0,0,0,0,0,1,0,0,0,0,0,0,0,0,1,0,0,0,1,1,0,0,0,1,0,0,0,1,0,0,0,0,1,liraglutide,7.053081775481147
63,112.0,425.0,8.0,61,NCT03158805,29,0.46296296296296285,2.0576131687242794,4.444444444444445,1.0,1,0,0,1,0,0,0,0,0,0,0,0,0,0,0,0,0,1,0,0,0,0,0,0,0,0,1,0,0,0,1,1,0,0,0,1,0,0,0,1,0,0,0,0,1,liraglutide,8.26470588235294
63,112.0,425.0,8.0,102,NCT01272232,412,0.46296296296296285,2.880658436213991,6.222222222222222,1.0,1,0,0,1,0,0,0,0,0,0,0,0,0,0,0,0,0,1,0,0,0,0,0,0,0,0,1,0,0,0,1,1,0,0,0,1,0,0,0,0,1,0,0,0,1,liraglutide,7.86470588235294
63,112.0,425.0,8.0,103,NCT01272232,204,0.27777777777777773,1.7283950617283947,6.222222222222222,1.0,1,0,0,1,0,0,0,0,0,0,0,0,0,0,0,0,0,1,0,0,0,0,0,0,0,0,1,0,0,0,1,1,0,0,0,1,0,0,0,0,1,0,0,0,1,liraglutide,9.16470588235294
63,112.0,425.0,8.0,106,NCT01272219,2432,0.46296296296296285,2.880658436213991,6.222222222222222,1.0,1,0,0,1,0,0,0,0,0,0,0,0,0,0,0,0,0,1,0,0,0,0,0,0,0,0,1,0,0,0,1,1,0,0,0,1,0,0,0,0,1,0,0,0,1,liraglutide,6.40470588235294
63,112.0,425.0,8.0,107,NCT01272219,1467,0.46296296296296285,8.230452674897117,17.77777777777778,1.0,1,0,0,1,0,0,0,0,0,0,0,0,0,0,0,0,0,1,0,0,0,0,0,0,0,0,1,0,0,0,1,1,0,0,0,1,0,0,0,0,1,0,0,0,1,liraglutide,7.51470588235294
63,112.0,425.0,8.0,108,NCT01272219,349,0.46296296296296285,3.497942386831275,7.555555555555555,1.0,1,0,0,1,0,0,0,0,0,0,0,0,0,0,0,0,0,1,0,0,0,0,0,0,0,0,1,0,0,0,1,1,0,0,0,1,0,0,0,0,1,0,0,0,1,liraglutide,6.43470588235294
63,112.0,425.0,8.0,112,NCT01557166,175,0.46296296296296285,1.6460905349794237,3.5555555555555554,1.0,1,0,0,1,0,0,0,0,0,0,0,0,0,0,0,0,0,1,0,0,0,0,0,0,0,0,1,0,0,0,1,1,0,0,1,0,0,0,0,0,1,0,0,0,1,liraglutide,7.563282016018176
63,112.0,425.0,8.0,120,NCT02918279,125,0.46296296296296285,2.880658436213991,6.222222222222222,1.0,1,0,0,1,0,0,0,0,0,0,0,0,0,0,0,0,0,1,0,0,0,0,0,0,0,0,1,0,0,0,1,1,0,0,0,0,1,0,0,0,1,0,0,0,1,liraglutide,8.16470588235294
63,112.0,425.0,8.0,127,NCT02527200,17,0.46296296296296285,2.6748971193415634,5.777777777777778,1.0,1,0,0,1,0,0,0,0,0,0,0,0,0,0,0,0,0,1,0,0,0,0,0,0,0,0,1,0,0,0,1,1,0,0,0,0,0,1,0,0,1,0,0,0,1,liraglutide,9.06470588235294
63,112.0,425.0,8.0,128,NCT02527200,14,0.46296296296296285,2.6748971193415634,5.777777777777778,1.0,1,0,0,1,0,0,0,0,0,0,0,0,0,0,0,0,0,1,0,0,0,0,0,0,0,0,1,0,0,0,1,1,0,0,0,0,0,1,0,0,1,0,0,0,1,liraglutide,13.16470588235294
63,112.0,425.0,8.0,129,NCT02527200,31,0.46296296296296285,2.6748971193415634,5.777777777777778,1.0,1,0,0,1,0,0,0,0,0,0,0,0,0,0,0,0,0,1,0,0,0,0,0,0,0,0,1,0,0,0,1,1,0,0,0,0,0,1,0,0,1,0,0,0,1,liraglutide,11.06470588235294
63,112.0,425.0,8.0,130,NCT00781937,194,0.46296296296296285,2.880658436213991,6.222222222222222,1.0,1,0,0,1,0,0,0,0,0,0,0,0,0,0,0,0,0,1,0,0,0,0,0,0,0,0,1,0,0,0,1,1,0,0,0,1,0,0,0,0,1,0,0,0,1,liraglutide,5.70470588235294
63,112.0,425.0,8.0,136,NCT04074161,117,0.46296296296296285,3.497942386831275,7.555555555555555,1.0,1,0,0,1,0,0,0,0,0,0,0,0,0,0,0,0,0,1,0,0,0,0,0,0,0,0,1,0,0,0,1,1,0,0,0,1,0,0,0,0,1,0,0,0,1,liraglutide,6.96470588235294
63,112.0,425.0,8.0,150,NCT02647944,19,0.46296296296296285,0.8230452674897119,1.7777777777777777,1.0,1,0,0,1,0,0,0,0,0,0,0,0,0,0,0,0,0,1,0,0,0,0,0,0,0,0,1,0,0,0,1,1,0,0,0,1,0,0,0,1,0,0,0,0,1,liraglutide,9.17651340360945
63,112.0,425.0,8.0,155,NCT03486392,108,0.46296296296296285,1.3374485596707817,2.888888888888889,1.0,1,0,0,1,0,0,0,0,0,0,0,0,0,0,0,0,0,1,0,0,0,0,0,0,0,0,1,0,0,0,1,1,0,0,0,1,0,0,0,1,0,0,0,0,1,liraglutide,5.98470588235294
28,105.0,487.6,5.0,35,NCT02453711,96,0.46296296296296285,6.018518518518518,13.0,1.0,1,0,0,1,0,0,0,0,0,0,0,0,0,0,0,0,0,0,0,1,0,0,0,0,0,0,1,0,0,0,1,1,0,0,0,1,0,0,0,1,0,0,0,0,1,liraglutide,2.53
28,105.0,487.6,5.0,51,NCT00422058,94,0.18518518518518515,0.9259259259259259,5.0,1.0,1,0,0,1,0,0,0,0,0,0,0,0,0,0,0,0,0,0,0,1,0,0,0,0,0,0,1,0,0,0,1,1,0,0,0,1,0,0,0,1,0,0,0,0,1,liraglutide,5.792791256464732
28,105.0,487.6,5.0,52,NCT00422058,90,0.27777777777777773,1.3888888888888888,5.0,1.0,1,0,0,1,0,0,0,0,0,0,0,0,0,0,0,0,0,0,0,1,0,0,0,0,0,0,1,0,0,0,1,1,0,0,0,1,0,0,0,1,0,0,0,0,1,liraglutide,5.062839524734694
28,105.0,487.6,5.0,53,NCT00422058,92,0.3703703703703703,1.8518518518518519,5.0,1.0,1,0,0,1,0,0,0,0,0,0,0,0,0,0,0,0,0,0,0,1,0,0,0,0,0,0,1,0,0,0,1,1,0,0,0,1,0,0,0,1,0,0,0,0,1,liraglutide,4.37593061482927
28,105.0,487.6,5.0,54,NCT00422058,92,0.46296296296296285,2.314814814814815,5.0,1.0,1,0,0,1,0,0,0,0,0,0,0,0,0,0,0,0,0,0,0,1,0,0,0,0,0,0,1,0,0,0,1,1,0,0,0,1,0,0,0,1,0,0,0,0,1,liraglutide,3.2883758931282063
28,105.0,487.6,5.0,61,NCT03158805,29,0.46296296296296285,4.62962962962963,10.0,1.0,1,0,0,1,0,0,0,0,0,0,0,0,0,0,0,0,0,0,0,1,0,0,0,0,0,0,1,0,0,0,1,1,0,0,0,1,0,0,0,1,0,0,0,0,1,liraglutide,4.5
28,105.0,487.6,5.0,102,NCT01272232,412,0.46296296296296285,6.481481481481482,14.0,1.0,1,0,0,1,0,0,0,0,0,0,0,0,0,0,0,0,0,0,0,1,0,0,0,0,0,0,1,0,0,0,1,1,0,0,0,1,0,0,0,0,1,0,0,0,1,liraglutide,4.1
28,105.0,487.6,5.0,103,NCT01272232,204,0.27777777777777773,3.8888888888888893,14.0,1.0,1,0,0,1,0,0,0,0,0,0,0,0,0,0,0,0,0,0,0,1,0,0,0,0,0,0,1,0,0,0,1,1,0,0,0,1,0,0,0,0,1,0,0,0,1,liraglutide,5.4
28,105.0,487.6,5.0,106,NCT01272219,2432,0.46296296296296285,6.481481481481482,14.0,1.0,1,0,0,1,0,0,0,0,0,0,0,0,0,0,0,0,0,0,0,1,0,0,0,0,0,0,1,0,0,0,1,1,0,0,0,1,0,0,0,0,1,0,0,0,1,liraglutide,2.64
28,105.0,487.6,5.0,107,NCT01272219,1467,0.46296296296296285,18.51851851851852,40.0,1.0,1,0,0,1,0,0,0,0,0,0,0,0,0,0,0,0,0,0,0,1,0,0,0,0,0,0,1,0,0,0,1,1,0,0,0,1,0,0,0,0,1,0,0,0,1,liraglutide,3.75
28,105.0,487.6,5.0,108,NCT01272219,349,0.46296296296296285,7.87037037037037,17.0,1.0,1,0,0,1,0,0,0,0,0,0,0,0,0,0,0,0,0,0,0,1,0,0,0,0,0,0,1,0,0,0,1,1,0,0,0,1,0,0,0,0,1,0,0,0,1,liraglutide,2.67
28,105.0,487.6,5.0,112,NCT01557166,175,0.46296296296296285,3.7037037037037037,8.0,1.0,1,0,0,1,0,0,0,0,0,0,0,0,0,0,0,0,0,0,0,1,0,0,0,0,0,0,1,0,0,0,1,1,0,0,1,0,0,0,0,0,1,0,0,0,1,liraglutide,3.798576133665236
28,105.0,487.6,5.0,120,NCT02918279,125,0.46296296296296285,6.481481481481482,14.0,1.0,1,0,0,1,0,0,0,0,0,0,0,0,0,0,0,0,0,0,0,1,0,0,0,0,0,0,1,0,0,0,1,1,0,0,0,0,1,0,0,0,1,0,0,0,1,liraglutide,4.4
28,105.0,487.6,5.0,127,NCT02527200,17,0.46296296296296285,6.018518518518518,13.0,1.0,1,0,0,1,0,0,0,0,0,0,0,0,0,0,0,0,0,0,0,1,0,0,0,0,0,0,1,0,0,0,1,1,0,0,0,0,0,1,0,0,1,0,0,0,1,liraglutide,5.300000000000001
28,105.0,487.6,5.0,128,NCT02527200,14,0.46296296296296285,6.018518518518518,13.0,1.0,1,0,0,1,0,0,0,0,0,0,0,0,0,0,0,0,0,0,0,1,0,0,0,0,0,0,1,0,0,0,1,1,0,0,0,0,0,1,0,0,1,0,0,0,1,liraglutide,9.4
28,105.0,487.6,5.0,129,NCT02527200,31,0.46296296296296285,6.018518518518518,13.0,1.0,1,0,0,1,0,0,0,0,0,0,0,0,0,0,0,0,0,0,0,1,0,0,0,0,0,0,1,0,0,0,1,1,0,0,0,0,0,1,0,0,1,0,0,0,1,liraglutide,7.300000000000001
28,105.0,487.6,5.0,130,NCT00781937,194,0.46296296296296285,6.481481481481482,14.0,1.0,1,0,0,1,0,0,0,0,0,0,0,0,0,0,0,0,0,0,0,1,0,0,0,0,0,0,1,0,0,0,1,1,0,0,0,1,0,0,0,0,1,0,0,0,1,liraglutide,1.9399999999999995
28,105.0,487.6,5.0,136,NCT04074161,117,0.46296296296296285,7.87037037037037,17.0,1.0,1,0,0,1,0,0,0,0,0,0,0,0,0,0,0,0,0,0,0,1,0,0,0,0,0,0,1,0,0,0,1,1,0,0,0,1,0,0,0,0,1,0,0,0,1,liraglutide,3.1999999999999997
28,105.0,487.6,5.0,150,NCT02647944,19,0.46296296296296285,1.8518518518518519,4.0,1.0,1,0,0,1,0,0,0,0,0,0,0,0,0,0,0,0,0,0,0,1,0,0,0,0,0,0,1,0,0,0,1,1,0,0,0,1,0,0,0,1,0,0,0,0,1,liraglutide,5.4118075212565095
28,105.0,487.6,5.0,155,NCT03486392,108,0.46296296296296285,3.009259259259259,6.5,1.0,1,0,0,1,0,0,0,0,0,0,0,0,0,0,0,0,0,0,0,1,0,0,0,0,0,0,1,0,0,0,1,1,0,0,0,1,0,0,0,1,0,0,0,0,1,liraglutide,2.22
42,112.0,254.4,6.0,111,NCT00752726,54,0.37037037037037035,4.444444444444444,4.0,1.0,1,0,1,0,0,0,0,0,0,0,0,0,0,0,0,0,0,1,0,0,0,0,0,0,0,0,1,0,0,0,1,1,0,0,1,0,0,0,0,0,0,1,0,1,0,orlistat,28.51314326127433
28,161.0,45.0,10.0,35,NCT02453711,96,1.8518518518518514,24.07407407407407,13.0,1.0,1,0,0,1,0,0,1,0,0,0,0,0,0,0,0,0,0,0,0,0,0,0,0,0,0,1,0,0,0,0,1,1,0,0,0,1,0,0,0,1,0,0,0,0,1,liraglutide,7.863333333333334
28,161.0,45.0,10.0,51,NCT00422058,94,0.7407407407407406,3.7037037037037033,5.0,1.0,1,0,0,1,0,0,1,0,0,0,0,0,0,0,0,0,0,0,0,0,0,0,0,0,0,1,0,0,0,0,1,1,0,0,0,1,0,0,0,1,0,0,0,0,1,liraglutide,11.126124589798064
28,161.0,45.0,10.0,52,NCT00422058,90,1.111111111111111,5.5555555555555545,5.0,1.0,1,0,0,1,0,0,1,0,0,0,0,0,0,0,0,0,0,0,0,0,0,0,0,0,0,1,0,0,0,0,1,1,0,0,0,1,0,0,0,1,0,0,0,0,1,liraglutide,10.396172858068027
28,161.0,45.0,10.0,53,NCT00422058,92,1.4814814814814812,7.4074074074074066,5.0,1.0,1,0,0,1,0,0,1,0,0,0,0,0,0,0,0,0,0,0,0,0,0,0,0,0,0,1,0,0,0,0,1,1,0,0,0,1,0,0,0,1,0,0,0,0,1,liraglutide,9.709263948162604
28,161.0,45.0,10.0,54,NCT00422058,92,1.8518518518518514,9.259259259259258,5.0,1.0,1,0,0,1,0,0,1,0,0,0,0,0,0,0,0,0,0,0,0,0,0,0,0,0,0,1,0,0,0,0,1,1,0,0,0,1,0,0,0,1,0,0,0,0,1,liraglutide,8.62170922646154
28,161.0,45.0,10.0,61,NCT03158805,29,1.8518518518518514,18.518518518518515,10.0,1.0,1,0,0,1,0,0,1,0,0,0,0,0,0,0,0,0,0,0,0,0,0,0,0,0,0,1,0,0,0,0,1,1,0,0,0,1,0,0,0,1,0,0,0,0,1,liraglutide,9.833333333333334
28,161.0,45.0,10.0,102,NCT01272232,412,1.8518518518518514,25.925925925925924,14.0,1.0,1,0,0,1,0,0,1,0,0,0,0,0,0,0,0,0,0,0,0,0,0,0,0,0,0,1,0,0,0,0,1,1,0,0,0,1,0,0,0,0,1,0,0,0,1,liraglutide,9.433333333333334
28,161.0,45.0,10.0,103,NCT01272232,204,1.111111111111111,15.555555555555554,14.0,1.0,1,0,0,1,0,0,1,0,0,0,0,0,0,0,0,0,0,0,0,0,0,0,0,0,0,1,0,0,0,0,1,1,0,0,0,1,0,0,0,0,1,0,0,0,1,liraglutide,10.733333333333334
28,161.0,45.0,10.0,106,NCT01272219,2432,1.8518518518518514,25.925925925925924,14.0,1.0,1,0,0,1,0,0,1,0,0,0,0,0,0,0,0,0,0,0,0,0,0,0,0,0,0,1,0,0,0,0,1,1,0,0,0,1,0,0,0,0,1,0,0,0,1,liraglutide,7.973333333333334
28,161.0,45.0,10.0,107,NCT01272219,1467,1.8518518518518514,74.07407407407406,40.0,1.0,1,0,0,1,0,0,1,0,0,0,0,0,0,0,0,0,0,0,0,0,0,0,0,0,0,1,0,0,0,0,1,1,0,0,0,1,0,0,0,0,1,0,0,0,1,liraglutide,9.083333333333334
28,161.0,45.0,10.0,108,NCT01272219,349,1.8518518518518514,31.481481481481477,17.0,1.0,1,0,0,1,0,0,1,0,0,0,0,0,0,0,0,0,0,0,0,0,0,0,0,0,0,1,0,0,0,0,1,1,0,0,0,1,0,0,0,0,1,0,0,0,1,liraglutide,8.003333333333334
28,161.0,45.0,10.0,112,NCT01557166,175,1.8518518518518514,14.814814814814813,8.0,1.0,1,0,0,1,0,0,1,0,0,0,0,0,0,0,0,0,0,0,0,0,0,0,0,0,0,1,0,0,0,0,1,1,0,0,1,0,0,0,0,0,1,0,0,0,1,liraglutide,9.13190946699857
28,161.0,45.0,10.0,120,NCT02918279,125,1.8518518518518514,25.925925925925924,14.0,1.0,1,0,0,1,0,0,1,0,0,0,0,0,0,0,0,0,0,0,0,0,0,0,0,0,0,1,0,0,0,0,1,1,0,0,0,0,1,0,0,0,1,0,0,0,1,liraglutide,9.733333333333334
28,161.0,45.0,10.0,127,NCT02527200,17,1.8518518518518514,24.07407407407407,13.0,1.0,1,0,0,1,0,0,1,0,0,0,0,0,0,0,0,0,0,0,0,0,0,0,0,0,0,1,0,0,0,0,1,1,0,0,0,0,0,1,0,0,1,0,0,0,1,liraglutide,10.633333333333336
28,161.0,45.0,10.0,128,NCT02527200,14,1.8518518518518514,24.07407407407407,13.0,1.0,1,0,0,1,0,0,1,0,0,0,0,0,0,0,0,0,0,0,0,0,0,0,0,0,0,1,0,0,0,0,1,1,0,0,0,0,0,1,0,0,1,0,0,0,1,liraglutide,14.733333333333334
28,161.0,45.0,10.0,129,NCT02527200,31,1.8518518518518514,24.07407407407407,13.0,1.0,1,0,0,1,0,0,1,0,0,0,0,0,0,0,0,0,0,0,0,0,0,0,0,0,0,1,0,0,0,0,1,1,0,0,0,0,0,1,0,0,1,0,0,0,1,liraglutide,12.633333333333336
28,161.0,45.0,10.0,130,NCT00781937,194,1.8518518518518514,25.925925925925924,14.0,1.0,1,0,0,1,0,0,1,0,0,0,0,0,0,0,0,0,0,0,0,0,0,0,0,0,0,1,0,0,0,0,1,1,0,0,0,1,0,0,0,0,1,0,0,0,1,liraglutide,7.273333333333333
28,161.0,45.0,10.0,136,NCT04074161,117,1.8518518518518514,31.481481481481477,17.0,1.0,1,0,0,1,0,0,1,0,0,0,0,0,0,0,0,0,0,0,0,0,0,0,0,0,0,1,0,0,0,0,1,1,0,0,0,1,0,0,0,0,1,0,0,0,1,liraglutide,8.533333333333333
28,161.0,45.0,10.0,150,NCT02647944,19,1.8518518518518514,7.4074074074074066,4.0,1.0,1,0,0,1,0,0,1,0,0,0,0,0,0,0,0,0,0,0,0,0,0,0,0,0,0,1,0,0,0,0,1,1,0,0,0,1,0,0,0,1,0,0,0,0,1,liraglutide,10.745140854589843
28,161.0,45.0,10.0,155,NCT03486392,108,1.8518518518518514,12.037037037037035,6.5,1.0,1,0,0,1,0,0,1,0,0,0,0,0,0,0,0,0,0,0,0,0,0,0,0,0,0,1,0,0,0,0,1,1,0,0,0,1,0,0,0,1,0,0,0,0,1,liraglutide,7.553333333333334
28,336.0,53.0,10.0,35,NCT02453711,96,1.8518518518518514,24.07407407407407,13.0,1.0,1,0,0,1,0,0,1,0,0,0,0,0,0,0,0,0,0,0,0,0,0,0,0,0,0,1,0,0,0,0,1,1,0,0,0,1,0,0,0,1,0,0,0,0,1,liraglutide,2.077169811320756
28,336.0,53.0,10.0,51,NCT00422058,94,0.7407407407407406,3.7037037037037033,5.0,1.0,1,0,0,1,0,0,1,0,0,0,0,0,0,0,0,0,0,0,0,0,0,0,0,0,0,1,0,0,0,0,1,1,0,0,0,1,0,0,0,1,0,0,0,0,1,liraglutide,5.339961067785487
28,336.0,53.0,10.0,52,NCT00422058,90,1.111111111111111,5.5555555555555545,5.0,1.0,1,0,0,1,0,0,1,0,0,0,0,0,0,0,0,0,0,0,0,0,0,0,0,0,0,1,0,0,0,0,1,1,0,0,0,1,0,0,0,1,0,0,0,0,1,liraglutide,4.61000933605545
28,336.0,53.0,10.0,53,NCT00422058,92,1.4814814814814812,7.4074074074074066,5.0,1.0,1,0,0,1,0,0,1,0,0,0,0,0,0,0,0,0,0,0,0,0,0,0,0,0,0,1,0,0,0,0,1,1,0,0,0,1,0,0,0,1,0,0,0,0,1,liraglutide,3.923100426150025
28,336.0,53.0,10.0,54,NCT00422058,92,1.8518518518518514,9.259259259259258,5.0,1.0,1,0,0,1,0,0,1,0,0,0,0,0,0,0,0,0,0,0,0,0,0,0,0,0,0,1,0,0,0,0,1,1,0,0,0,1,0,0,0,1,0,0,0,0,1,liraglutide,2.835545704448962
28,336.0,53.0,10.0,61,NCT03158805,29,1.8518518518518514,18.518518518518515,10.0,1.0,1,0,0,1,0,0,1,0,0,0,0,0,0,0,0,0,0,0,0,0,0,0,0,0,0,1,0,0,0,0,1,1,0,0,0,1,0,0,0,1,0,0,0,0,1,liraglutide,4.047169811320756
28,336.0,53.0,10.0,102,NCT01272232,412,1.8518518518518514,25.925925925925924,14.0,1.0,1,0,0,1,0,0,1,0,0,0,0,0,0,0,0,0,0,0,0,0,0,0,0,0,0,1,0,0,0,0,1,1,0,0,0,1,0,0,0,0,1,0,0,0,1,liraglutide,3.6471698113207554
28,336.0,53.0,10.0,103,NCT01272232,204,1.111111111111111,15.555555555555554,14.0,1.0,1,0,0,1,0,0,1,0,0,0,0,0,0,0,0,0,0,0,0,0,0,0,0,0,0,1,0,0,0,0,1,1,0,0,0,1,0,0,0,0,1,0,0,0,1,liraglutide,4.947169811320756
28,336.0,53.0,10.0,106,NCT01272219,2432,1.8518518518518514,25.925925925925924,14.0,1.0,1,0,0,1,0,0,1,0,0,0,0,0,0,0,0,0,0,0,0,0,0,0,0,0,0,1,0,0,0,0,1,1,0,0,0,1,0,0,0,0,1,0,0,0,1,liraglutide,2.1871698113207554
28,336.0,53.0,10.0,107,NCT01272219,1467,1.8518518518518514,74.07407407407406,40.0,1.0,1,0,0,1,0,0,1,0,0,0,0,0,0,0,0,0,0,0,0,0,0,0,0,0,0,1,0,0,0,0,1,1,0,0,0,1,0,0,0,0,1,0,0,0,1,liraglutide,3.297169811320756
28,336.0,53.0,10.0,108,NCT01272219,349,1.8518518518518514,31.481481481481477,17.0,1.0,1,0,0,1,0,0,1,0,0,0,0,0,0,0,0,0,0,0,0,0,0,0,0,0,0,1,0,0,0,0,1,1,0,0,0,1,0,0,0,0,1,0,0,0,1,liraglutide,2.217169811320756
28,336.0,53.0,10.0,112,NCT01557166,175,1.8518518518518514,14.814814814814813,8.0,1.0,1,0,0,1,0,0,1,0,0,0,0,0,0,0,0,0,0,0,0,0,0,0,0,0,0,1,0,0,0,0,1,1,0,0,1,0,0,0,0,0,1,0,0,0,1,liraglutide,3.345745944985992
28,336.0,53.0,10.0,120,NCT02918279,125,1.8518518518518514,25.925925925925924,14.0,1.0,1,0,0,1,0,0,1,0,0,0,0,0,0,0,0,0,0,0,0,0,0,0,0,0,0,1,0,0,0,0,1,1,0,0,0,0,1,0,0,0,1,0,0,0,1,liraglutide,3.947169811320756
28,336.0,53.0,10.0,127,NCT02527200,17,1.8518518518518514,24.07407407407407,13.0,1.0,1,0,0,1,0,0,1,0,0,0,0,0,0,0,0,0,0,0,0,0,0,0,0,0,0,1,0,0,0,0,1,1,0,0,0,0,0,1,0,0,1,0,0,0,1,liraglutide,4.847169811320756
28,336.0,53.0,10.0,128,NCT02527200,14,1.8518518518518514,24.07407407407407,13.0,1.0,1,0,0,1,0,0,1,0,0,0,0,0,0,0,0,0,0,0,0,0,0,0,0,0,0,1,0,0,0,0,1,1,0,0,0,0,0,1,0,0,1,0,0,0,1,liraglutide,8.947169811320755
28,336.0,53.0,10.0,129,NCT02527200,31,1.8518518518518514,24.07407407407407,13.0,1.0,1,0,0,1,0,0,1,0,0,0,0,0,0,0,0,0,0,0,0,0,0,0,0,0,0,1,0,0,0,0,1,1,0,0,0,0,0,1,0,0,1,0,0,0,1,liraglutide,6.847169811320756
28,336.0,53.0,10.0,130,NCT00781937,194,1.8518518518518514,25.925925925925924,14.0,1.0,1,0,0,1,0,0,1,0,0,0,0,0,0,0,0,0,0,0,0,0,0,0,0,0,0,1,0,0,0,0,1,1,0,0,0,1,0,0,0,0,1,0,0,0,1,liraglutide,1.4871698113207552
28,336.0,53.0,10.0,136,NCT04074161,117,1.8518518518518514,31.481481481481477,17.0,1.0,1,0,0,1,0,0,1,0,0,0,0,0,0,0,0,0,0,0,0,0,0,0,0,0,0,1,0,0,0,0,1,1,0,0,0,1,0,0,0,0,1,0,0,0,1,liraglutide,2.747169811320755
28,336.0,53.0,10.0,150,NCT02647944,19,1.8518518518518514,7.4074074074074066,4.0,1.0,1,0,0,1,0,0,1,0,0,0,0,0,0,0,0,0,0,0,0,0,0,0,0,0,0,1,0,0,0,0,1,1,0,0,0,1,0,0,0,1,0,0,0,0,1,liraglutide,4.958977332577266
28,336.0,53.0,10.0,155,NCT03486392,108,1.8518518518518514,12.037037037037035,6.5,1.0,1,0,0,1,0,0,1,0,0,0,0,0,0,0,0,0,0,0,0,0,0,0,0,0,0,1,0,0,0,0,1,1,0,0,0,1,0,0,0,1,0,0,0,0,1,liraglutide,1.7671698113207557
42,126.0,180.8,6.0,111,NCT00752726,54,0.7407407407407407,8.888888888888888,4.0,1.0,1,0,1,0,0,0,0,0,0,0,0,0,0,0,0,0,0,0,0,1,0,0,0,0,0,0,1,0,0,0,1,1,0,0,1,0,0,0,0,0,0,1,0,1,0,orlistat,92.8120581726506
35,112.0,28.0,8.0,111,NCT00752726,54,0.7407407407407407,10.666666666666666,4.8,1.0,1,0,1,0,0,0,1,0,0,0,0,0,0,0,0,0,0,0,0,0,0,0,0,0,0,1,0,0,0,0,1,1,0,0,1,0,0,0,0,0,0,1,0,1,0,orlistat,16.188770501417704
35,112.0,28.0,8.0,111,NCT00752726,54,0.37037037037037035,5.333333333333333,4.8,1.0,1,0,1,0,0,0,1,0,0,0,0,0,0,0,0,0,0,0,0,0,0,0,0,0,0,1,0,0,0,0,1,1,0,0,1,0,0,0,0,0,0,1,0,1,0,orlistat,23.83162764427485
150,360.0,410.0,6.0,151,NCT00005669,53,0.49382716049382713,5.079365079365079,1.2,1.0,1,0,1,0,0,0,0,0,0,0,0,0,0,0,0,0,0,0,0,1,0,0,0,0,0,0,1,0,0,1,0,1,0,0,0,0,1,0,0,1,0,0,0,1,0,metformin,15.381347555584728
56,168.0,49.0,10.0,151,NCT00005669,53,2.4691358024691357,15.873015873015873,3.2142857142857144,1.0,1,0,1,0,0,0,1,0,0,0,0,0,0,0,0,0,0,0,0,0,0,0,0,0,0,1,0,0,0,0,1,1,0,0,0,0,1,0,0,1,0,0,0,1,0,metformin,16.27731569893963
28,154.0,33.2,6.0,111,NCT00752726,54,0.2962962962962963,5.333333333333333,6.0,1.0,1,0,1,0,0,0,1,0,0,0,0,0,0,0,0,0,0,0,0,0,0,0,0,0,0,1,0,0,0,0,1,1,0,0,1,0,0,0,0,0,0,1,0,1,0,orlistat,-2.6097369612688444
42,119.0,45.0,15.0,151,NCT00005669,53,0.823045267489712,7.054673721340388,4.285714285714286,1.0,1,0,1,0,0,0,1,0,0,0,0,0,0,0,0,0,0,0,0,0,0,0,0,0,0,1,0,0,0,0,1,1,0,0,0,0,1,0,0,1,0,0,0,1,0,metformin,15.869152433633507
42,126.0,42.3,4.0,151,NCT00005669,53,2.4691358024691357,21.164021164021165,4.285714285714286,1.0,1,0,1,0,0,0,1,0,0,0,0,0,0,0,0,0,0,0,0,0,0,0,0,0,0,1,0,0,0,0,1,1,0,0,0,0,1,0,0,1,0,0,0,1,0,metformin,10.869152433633507
42,126.0,42.3,4.0,151,NCT00005669,53,2.4691358024691357,21.164021164021165,4.285714285714286,1.0,1,0,1,0,0,0,1,0,0,0,0,0,0,0,0,0,0,0,0,0,0,0,0,0,0,1,0,0,0,0,1,1,0,0,0,0,1,0,0,1,0,0,0,1,0,metformin,9.869152433633507
112,56.0,24.0,9.0,35,NCT02453711,96,1.8518518518518514,6.018518518518518,3.25,1.0,1,0,0,1,0,0,0,0,0,0,0,0,0,1,0,0,0,0,0,0,0,0,0,0,0,1,0,0,0,0,1,0,1,0,0,1,0,0,0,1,0,0,0,0,1,liraglutide,36.196666666666665
112,56.0,24.0,9.0,51,NCT00422058,94,0.7407407407407406,0.9259259259259259,1.25,1.0,1,0,0,1,0,0,0,0,0,0,0,0,0,1,0,0,0,0,0,0,0,0,0,0,0,1,0,0,0,0,1,0,1,0,0,1,0,0,0,1,0,0,0,0,1,liraglutide,39.4594579231314
112,56.0,24.0,9.0,52,NCT00422058,90,1.111111111111111,1.3888888888888888,1.25,1.0,1,0,0,1,0,0,0,0,0,0,0,0,0,1,0,0,0,0,0,0,0,0,0,0,0,1,0,0,0,0,1,0,1,0,0,1,0,0,0,1,0,0,0,0,1,liraglutide,38.72950619140136
112,56.0,24.0,9.0,53,NCT00422058,92,1.4814814814814812,1.8518518518518519,1.25,1.0,1,0,0,1,0,0,0,0,0,0,0,0,0,1,0,0,0,0,0,0,0,0,0,0,0,1,0,0,0,0,1,0,1,0,0,1,0,0,0,1,0,0,0,0,1,liraglutide,38.04259728149594
112,56.0,24.0,9.0,54,NCT00422058,92,1.8518518518518514,2.314814814814815,1.25,1.0,1,0,0,1,0,0,0,0,0,0,0,0,0,1,0,0,0,0,0,0,0,0,0,0,0,1,0,0,0,0,1,0,1,0,0,1,0,0,0,1,0,0,0,0,1,liraglutide,36.95504255979487
112,56.0,24.0,9.0,61,NCT03158805,29,1.8518518518518514,4.62962962962963,2.5,1.0,1,0,0,1,0,0,0,0,0,0,0,0,0,1,0,0,0,0,0,0,0,0,0,0,0,1,0,0,0,0,1,0,1,0,0,1,0,0,0,1,0,0,0,0,1,liraglutide,38.16666666666666
112,56.0,24.0,9.0,102,NCT01272232,412,1.8518518518518514,6.481481481481482,3.5,1.0,1,0,0,1,0,0,0,0,0,0,0,0,0,1,0,0,0,0,0,0,0,0,0,0,0,1,0,0,0,0,1,0,1,0,0,1,0,0,0,0,1,0,0,0,1,liraglutide,37.766666666666666
112,56.0,24.0,9.0,103,NCT01272232,204,1.111111111111111,3.8888888888888893,3.5,1.0,1,0,0,1,0,0,0,0,0,0,0,0,0,1,0,0,0,0,0,0,0,0,0,0,0,1,0,0,0,0,1,0,1,0,0,1,0,0,0,0,1,0,0,0,1,liraglutide,39.06666666666666
112,56.0,24.0,9.0,106,NCT01272219,2432,1.8518518518518514,6.481481481481482,3.5,1.0,1,0,0,1,0,0,0,0,0,0,0,0,0,1,0,0,0,0,0,0,0,0,0,0,0,1,0,0,0,0,1,0,1,0,0,1,0,0,0,0,1,0,0,0,1,liraglutide,36.306666666666665
112,56.0,24.0,9.0,107,NCT01272219,1467,1.8518518518518514,18.51851851851852,10.0,1.0,1,0,0,1,0,0,0,0,0,0,0,0,0,1,0,0,0,0,0,0,0,0,0,0,0,1,0,0,0,0,1,0,1,0,0,1,0,0,0,0,1,0,0,0,1,liraglutide,37.41666666666666
112,56.0,24.0,9.0,108,NCT01272219,349,1.8518518518518514,7.87037037037037,4.25,1.0,1,0,0,1,0,0,0,0,0,0,0,0,0,1,0,0,0,0,0,0,0,0,0,0,0,1,0,0,0,0,1,0,1,0,0,1,0,0,0,0,1,0,0,0,1,liraglutide,36.336666666666666
112,56.0,24.0,9.0,112,NCT01557166,175,1.8518518518518514,3.7037037037037037,2.0,1.0,1,0,0,1,0,0,0,0,0,0,0,0,0,1,0,0,0,0,0,0,0,0,0,0,0,1,0,0,0,0,1,0,1,0,1,0,0,0,0,0,1,0,0,0,1,liraglutide,37.4652428003319
112,56.0,24.0,9.0,120,NCT02918279,125,1.8518518518518514,6.481481481481482,3.5,1.0,1,0,0,1,0,0,0,0,0,0,0,0,0,1,0,0,0,0,0,0,0,0,0,0,0,1,0,0,0,0,1,0,1,0,0,0,1,0,0,0,1,0,0,0,1,liraglutide,38.06666666666666
112,56.0,24.0,9.0,127,NCT02527200,17,1.8518518518518514,6.018518518518518,3.25,1.0,1,0,0,1,0,0,0,0,0,0,0,0,0,1,0,0,0,0,0,0,0,0,0,0,0,1,0,0,0,0,1,0,1,0,0,0,0,1,0,0,1,0,0,0,1,liraglutide,38.96666666666666
112,56.0,24.0,9.0,128,NCT02527200,14,1.8518518518518514,6.018518518518518,3.25,1.0,1,0,0,1,0,0,0,0,0,0,0,0,0,1,0,0,0,0,0,0,0,0,0,0,0,1,0,0,0,0,1,0,1,0,0,0,0,1,0,0,1,0,0,0,1,liraglutide,43.06666666666666
112,56.0,24.0,9.0,129,NCT02527200,31,1.8518518518518514,6.018518518518518,3.25,1.0,1,0,0,1,0,0,0,0,0,0,0,0,0,1,0,0,0,0,0,0,0,0,0,0,0,1,0,0,0,0,1,0,1,0,0,0,0,1,0,0,1,0,0,0,1,liraglutide,40.96666666666666
112,56.0,24.0,9.0,130,NCT00781937,194,1.8518518518518514,6.481481481481482,3.5,1.0,1,0,0,1,0,0,0,0,0,0,0,0,0,1,0,0,0,0,0,0,0,0,0,0,0,1,0,0,0,0,1,0,1,0,0,1,0,0,0,0,1,0,0,0,1,liraglutide,35.60666666666666
112,56.0,24.0,9.0,136,NCT04074161,117,1.8518518518518514,7.87037037037037,4.25,1.0,1,0,0,1,0,0,0,0,0,0,0,0,0,1,0,0,0,0,0,0,0,0,0,0,0,1,0,0,0,0,1,0,1,0,0,1,0,0,0,0,1,0,0,0,1,liraglutide,36.86666666666666
112,56.0,24.0,9.0,150,NCT02647944,19,1.8518518518518514,1.8518518518518519,1.0,1.0,1,0,0,1,0,0,0,0,0,0,0,0,0,1,0,0,0,0,0,0,0,0,0,0,0,1,0,0,0,0,1,0,1,0,0,1,0,0,0,1,0,0,0,0,1,liraglutide,39.07847418792318
112,56.0,24.0,9.0,155,NCT03486392,108,1.8518518518518514,3.009259259259259,1.625,1.0,1,0,0,1,0,0,0,0,0,0,0,0,0,1,0,0,0,0,0,0,0,0,0,0,0,1,0,0,0,0,1,0,1,0,0,1,0,0,0,1,0,0,0,0,1,liraglutide,35.88666666666666
40,112.0,57.2,6.0,111,NCT00752726,54,0.009259259259259259,0.11666666666666667,4.2,1.0,1,0,1,0,0,0,0,0,0,0,0,0,0,0,0,0,0,0,0,0,0,0,1,0,0,1,0,0,0,0,1,0,0,1,1,0,0,0,0,0,0,1,0,1,0,orlistat,7.653805466452677
42,357.0,416.38,10.0,141,NCT00793780,10,1.5432098765432098,2.05761316872428,1.3333333333333333,1.0,0,1,0,0,0,0,0,0,0,0,0,0,0,0,0,0,0,0,0,1,0,0,0,0,0,0,1,0,0,1,0,1,0,0,0,1,0,0,0,0,0,0,1,1,0,naltrexone,-4.508676220970163
42,126.0,40.0,8.0,111,NCT00752726,54,0.09259259259259259,1.111111111111111,4.0,1.0,0,0,0,0,1,0,1,0,0,0,0,0,0,0,0,0,0,0,0,0,0,0,0,0,0,1,0,0,0,0,1,1,0,0,1,0,0,0,0,0,0,1,0,1,0,orlistat,27.688770501417707
15,112.0,24.82,11.0,151,NCT00005669,53,0.5715592135345221,13.717421124828531,12.0,1.0,1,0,1,0,0,0,1,0,0,0,0,0,0,0,0,0,0,0,0,0,0,0,0,0,0,1,0,0,0,1,0,1,0,0,0,0,1,0,0,1,0,0,0,1,0,metformin,15.706424808681929
28,357.0,150.0,6.0,24,NCT00563368,104,0.06613756613756613,0.4629629629629629,7.0,1.0,0,1,0,0,0,0,0,0,0,0,0,0,0,0,0,0,0,0,0,1,0,0,0,0,0,0,1,0,0,1,0,1,0,0,0,1,0,0,0,0,1,0,0,1,0,phentermine,9.533333333333331
28,357.0,150.0,6.0,26,NCT00563368,106,0.13227513227513227,0.9259259259259258,7.0,1.0,0,1,0,0,0,0,0,0,0,0,0,0,0,0,0,0,0,0,0,1,0,0,0,0,0,0,1,0,0,1,0,1,0,0,0,1,0,0,0,0,1,0,0,1,0,phentermine,8.93333333333333
28,357.0,150.0,6.0,67,NCT02243202,76,0.13227513227513227,0.8597883597883598,6.5,1.0,0,1,0,0,0,0,0,0,0,0,0,0,0,0,0,0,0,0,0,1,0,0,0,0,0,0,1,0,0,1,0,1,0,0,0,1,0,0,0,1,0,0,0,1,0,phentermine,9.83333333333333
14,56.0,260.0,8.0,151,NCT00005669,53,1.2345679012345678,31.746031746031747,12.857142857142858,1.0,1,0,1,0,0,0,0,0,0,0,0,0,0,0,0,0,0,1,0,0,0,0,0,0,0,0,1,0,0,0,1,1,0,0,0,0,1,0,0,1,0,0,0,1,0,metformin,13.176844741325814
7,133.0,42.3,8.0,35,NCT02453711,96,4.11522633744856,213.9917695473251,52.0,1.0,1,0,0,1,0,0,1,0,0,0,0,0,0,0,0,0,0,0,0,0,0,0,0,0,0,1,0,0,0,0,1,1,0,0,0,1,0,0,0,1,0,0,0,0,1,liraglutide,1.63
7,133.0,42.3,8.0,51,NCT00422058,94,1.646090534979424,32.92181069958848,20.0,1.0,1,0,0,1,0,0,1,0,0,0,0,0,0,0,0,0,0,0,0,0,0,0,0,0,0,1,0,0,0,0,1,1,0,0,0,1,0,0,0,1,0,0,0,0,1,liraglutide,4.892791256464731
7,133.0,42.3,8.0,52,NCT00422058,90,2.469135802469136,49.382716049382715,20.0,1.0,1,0,0,1,0,0,1,0,0,0,0,0,0,0,0,0,0,0,0,0,0,0,0,0,0,1,0,0,0,0,1,1,0,0,0,1,0,0,0,1,0,0,0,0,1,liraglutide,4.162839524734694
7,133.0,42.3,8.0,53,NCT00422058,92,3.292181069958848,65.84362139917695,20.0,1.0,1,0,0,1,0,0,1,0,0,0,0,0,0,0,0,0,0,0,0,0,0,0,0,0,0,1,0,0,0,0,1,1,0,0,0,1,0,0,0,1,0,0,0,0,1,liraglutide,3.475930614829269
7,133.0,42.3,8.0,54,NCT00422058,92,4.11522633744856,82.3045267489712,20.0,1.0,1,0,0,1,0,0,1,0,0,0,0,0,0,0,0,0,0,0,0,0,0,0,0,0,0,1,0,0,0,0,1,1,0,0,0,1,0,0,0,1,0,0,0,0,1,liraglutide,2.388375893128206
7,133.0,42.3,8.0,61,NCT03158805,29,4.11522633744856,164.6090534979424,40.0,1.0,1,0,0,1,0,0,1,0,0,0,0,0,0,0,0,0,0,0,0,0,0,0,0,0,0,1,0,0,0,0,1,1,0,0,0,1,0,0,0,1,0,0,0,0,1,liraglutide,3.6
7,133.0,42.3,8.0,102,NCT01272232,412,4.11522633744856,230.45267489711935,56.0,1.0,1,0,0,1,0,0,1,0,0,0,0,0,0,0,0,0,0,0,0,0,0,0,0,0,0,1,0,0,0,0,1,1,0,0,0,1,0,0,0,0,1,0,0,0,1,liraglutide,3.1999999999999997
7,133.0,42.3,8.0,103,NCT01272232,204,2.469135802469136,138.27160493827162,56.0,1.0,1,0,0,1,0,0,1,0,0,0,0,0,0,0,0,0,0,0,0,0,0,0,0,0,0,1,0,0,0,0,1,1,0,0,0,1,0,0,0,0,1,0,0,0,1,liraglutide,4.5
7,133.0,42.3,8.0,106,NCT01272219,2432,4.11522633744856,230.45267489711935,56.0,1.0,1,0,0,1,0,0,1,0,0,0,0,0,0,0,0,0,0,0,0,0,0,0,0,0,0,1,0,0,0,0,1,1,0,0,0,1,0,0,0,0,1,0,0,0,1,liraglutide,1.739999999999999
7,133.0,42.3,8.0,107,NCT01272219,1467,4.11522633744856,658.4362139917696,160.0,1.0,1,0,0,1,0,0,1,0,0,0,0,0,0,0,0,0,0,0,0,0,0,0,0,0,0,1,0,0,0,0,1,1,0,0,0,1,0,0,0,0,1,0,0,0,1,liraglutide,2.85
7,133.0,42.3,8.0,108,NCT01272219,349,4.11522633744856,279.83539094650206,68.0,1.0,1,0,0,1,0,0,1,0,0,0,0,0,0,0,0,0,0,0,0,0,0,0,0,0,0,1,0,0,0,0,1,1,0,0,0,1,0,0,0,0,1,0,0,0,1,liraglutide,1.7699999999999996
7,133.0,42.3,8.0,112,NCT01557166,175,4.11522633744856,131.6872427983539,32.0,1.0,1,0,0,1,0,0,1,0,0,0,0,0,0,0,0,0,0,0,0,0,0,0,0,0,0,1,0,0,0,0,1,1,0,0,1,0,0,0,0,0,1,0,0,0,1,liraglutide,2.898576133665236
7,133.0,42.3,8.0,120,NCT02918279,125,4.11522633744856,230.45267489711935,56.0,1.0,1,0,0,1,0,0,1,0,0,0,0,0,0,0,0,0,0,0,0,0,0,0,0,0,0,1,0,0,0,0,1,1,0,0,0,0,1,0,0,0,1,0,0,0,1,liraglutide,3.5
7,133.0,42.3,8.0,127,NCT02527200,17,4.11522633744856,213.9917695473251,52.0,1.0,1,0,0,1,0,0,1,0,0,0,0,0,0,0,0,0,0,0,0,0,0,0,0,0,0,1,0,0,0,0,1,1,0,0,0,0,0,1,0,0,1,0,0,0,1,liraglutide,4.4
7,133.0,42.3,8.0,128,NCT02527200,14,4.11522633744856,213.9917695473251,52.0,1.0,1,0,0,1,0,0,1,0,0,0,0,0,0,0,0,0,0,0,0,0,0,0,0,0,0,1,0,0,0,0,1,1,0,0,0,0,0,1,0,0,1,0,0,0,1,liraglutide,8.5
7,133.0,42.3,8.0,129,NCT02527200,31,4.11522633744856,213.9917695473251,52.0,1.0,1,0,0,1,0,0,1,0,0,0,0,0,0,0,0,0,0,0,0,0,0,0,0,0,0,1,0,0,0,0,1,1,0,0,0,0,0,1,0,0,1,0,0,0,1,liraglutide,6.4
7,133.0,42.3,8.0,130,NCT00781937,194,4.11522633744856,230.45267489711935,56.0,1.0,1,0,0,1,0,0,1,0,0,0,0,0,0,0,0,0,0,0,0,0,0,0,0,0,0,1,0,0,0,0,1,1,0,0,0,1,0,0,0,0,1,0,0,0,1,liraglutide,1.0399999999999991
7,133.0,42.3,8.0,136,NCT04074161,117,4.11522633744856,279.83539094650206,68.0,1.0,1,0,0,1,0,0,1,0,0,0,0,0,0,0,0,0,0,0,0,0,0,0,0,0,0,1,0,0,0,0,1,1,0,0,0,1,0,0,0,0,1,0,0,0,1,liraglutide,2.299999999999999
7,133.0,42.3,8.0,150,NCT02647944,19,4.11522633744856,65.84362139917695,16.0,1.0,1,0,0,1,0,0,1,0,0,0,0,0,0,0,0,0,0,0,0,0,0,0,0,0,0,1,0,0,0,0,1,1,0,0,0,1,0,0,0,1,0,0,0,0,1,liraglutide,4.511807521256509
7,133.0,42.3,8.0,155,NCT03486392,108,4.11522633744856,106.99588477366255,26.0,1.0,1,0,0,1,0,0,1,0,0,0,0,0,0,0,0,0,0,0,0,0,0,0,0,0,0,1,0,0,0,0,1,1,0,0,0,1,0,0,0,1,0,0,0,0,1,liraglutide,1.3199999999999994
26,112.0,42.3,16.0,35,NCT02453711,96,0.9259259259259257,12.962962962962962,14.0,1.0,1,0,0,1,0,0,1,0,0,0,0,0,0,0,0,0,0,0,0,0,0,0,0,0,0,1,0,0,0,0,1,1,0,0,0,1,0,0,0,1,0,0,0,0,1,liraglutide,6.56
26,112.0,42.3,16.0,51,NCT00422058,94,0.3703703703703703,1.9943019943019942,5.384615384615385,1.0,1,0,0,1,0,0,1,0,0,0,0,0,0,0,0,0,0,0,0,0,0,0,0,0,0,1,0,0,0,0,1,1,0,0,0,1,0,0,0,1,0,0,0,0,1,liraglutide,9.82279125646473
26,112.0,42.3,16.0,52,NCT00422058,90,0.5555555555555555,2.991452991452991,5.384615384615385,1.0,1,0,0,1,0,0,1,0,0,0,0,0,0,0,0,0,0,0,0,0,0,0,0,0,0,1,0,0,0,0,1,1,0,0,0,1,0,0,0,1,0,0,0,0,1,liraglutide,9.092839524734693
26,112.0,42.3,16.0,53,NCT00422058,92,0.7407407407407406,3.9886039886039883,5.384615384615385,1.0,1,0,0,1,0,0,1,0,0,0,0,0,0,0,0,0,0,0,0,0,0,0,0,0,0,1,0,0,0,0,1,1,0,0,0,1,0,0,0,1,0,0,0,0,1,liraglutide,8.40593061482927
26,112.0,42.3,16.0,54,NCT00422058,92,0.9259259259259257,4.985754985754985,5.384615384615385,1.0,1,0,0,1,0,0,1,0,0,0,0,0,0,0,0,0,0,0,0,0,0,0,0,0,0,1,0,0,0,0,1,1,0,0,0,1,0,0,0,1,0,0,0,0,1,liraglutide,7.318375893128206
26,112.0,42.3,16.0,61,NCT03158805,29,0.9259259259259257,9.97150997150997,10.76923076923077,1.0,1,0,0,1,0,0,1,0,0,0,0,0,0,0,0,0,0,0,0,0,0,0,0,0,0,1,0,0,0,0,1,1,0,0,0,1,0,0,0,1,0,0,0,0,1,liraglutide,8.53
26,112.0,42.3,16.0,102,NCT01272232,412,0.9259259259259257,13.960113960113958,15.076923076923077,1.0,1,0,0,1,0,0,1,0,0,0,0,0,0,0,0,0,0,0,0,0,0,0,0,0,0,1,0,0,0,0,1,1,0,0,0,1,0,0,0,0,1,0,0,0,1,liraglutide,8.129999999999999
26,112.0,42.3,16.0,103,NCT01272232,204,0.5555555555555555,8.376068376068375,15.076923076923077,1.0,1,0,0,1,0,0,1,0,0,0,0,0,0,0,0,0,0,0,0,0,0,0,0,0,0,1,0,0,0,0,1,1,0,0,0,1,0,0,0,0,1,0,0,0,1,liraglutide,9.43
26,112.0,42.3,16.0,106,NCT01272219,2432,0.9259259259259257,13.960113960113958,15.076923076923077,1.0,1,0,0,1,0,0,1,0,0,0,0,0,0,0,0,0,0,0,0,0,0,0,0,0,0,1,0,0,0,0,1,1,0,0,0,1,0,0,0,0,1,0,0,0,1,liraglutide,6.669999999999999
26,112.0,42.3,16.0,107,NCT01272219,1467,0.9259259259259257,39.88603988603988,43.07692307692308,1.0,1,0,0,1,0,0,1,0,0,0,0,0,0,0,0,0,0,0,0,0,0,0,0,0,0,1,0,0,0,0,1,1,0,0,0,1,0,0,0,0,1,0,0,0,1,liraglutide,7.779999999999999
26,112.0,42.3,16.0,108,NCT01272219,349,0.9259259259259257,16.95156695156695,18.307692307692307,1.0,1,0,0,1,0,0,1,0,0,0,0,0,0,0,0,0,0,0,0,0,0,0,0,0,0,1,0,0,0,0,1,1,0,0,0,1,0,0,0,0,1,0,0,0,1,liraglutide,6.699999999999999
26,112.0,42.3,16.0,112,NCT01557166,175,0.9259259259259257,7.977207977207977,8.615384615384615,1.0,1,0,0,1,0,0,1,0,0,0,0,0,0,0,0,0,0,0,0,0,0,0,0,0,0,1,0,0,0,0,1,1,0,0,1,0,0,0,0,0,1,0,0,0,1,liraglutide,7.828576133665235
26,112.0,42.3,16.0,120,NCT02918279,125,0.9259259259259257,13.960113960113958,15.076923076923077,1.0,1,0,0,1,0,0,1,0,0,0,0,0,0,0,0,0,0,0,0,0,0,0,0,0,0,1,0,0,0,0,1,1,0,0,0,0,1,0,0,0,1,0,0,0,1,liraglutide,8.43
26,112.0,42.3,16.0,127,NCT02527200,17,0.9259259259259257,12.962962962962962,14.0,1.0,1,0,0,1,0,0,1,0,0,0,0,0,0,0,0,0,0,0,0,0,0,0,0,0,0,1,0,0,0,0,1,1,0,0,0,0,0,1,0,0,1,0,0,0,1,liraglutide,9.33
26,112.0,42.3,16.0,128,NCT02527200,14,0.9259259259259257,12.962962962962962,14.0,1.0,1,0,0,1,0,0,1,0,0,0,0,0,0,0,0,0,0,0,0,0,0,0,0,0,0,1,0,0,0,0,1,1,0,0,0,0,0,1,0,0,1,0,0,0,1,liraglutide,13.43
26,112.0,42.3,16.0,129,NCT02527200,31,0.9259259259259257,12.962962962962962,14.0,1.0,1,0,0,1,0,0,1,0,0,0,0,0,0,0,0,0,0,0,0,0,0,0,0,0,0,1,0,0,0,0,1,1,0,0,0,0,0,1,0,0,1,0,0,0,1,liraglutide,11.33
26,112.0,42.3,16.0,130,NCT00781937,194,0.9259259259259257,13.960113960113958,15.076923076923077,1.0,1,0,0,1,0,0,1,0,0,0,0,0,0,0,0,0,0,0,0,0,0,0,0,0,0,1,0,0,0,0,1,1,0,0,0,1,0,0,0,0,1,0,0,0,1,liraglutide,5.969999999999999
26,112.0,42.3,16.0,136,NCT04074161,117,0.9259259259259257,16.95156695156695,18.307692307692307,1.0,1,0,0,1,0,0,1,0,0,0,0,0,0,0,0,0,0,0,0,0,0,0,0,0,0,1,0,0,0,0,1,1,0,0,0,1,0,0,0,0,1,0,0,0,1,liraglutide,7.229999999999999
26,112.0,42.3,16.0,150,NCT02647944,19,0.9259259259259257,3.9886039886039883,4.3076923076923075,1.0,1,0,0,1,0,0,1,0,0,0,0,0,0,0,0,0,0,0,0,0,0,0,0,0,0,1,0,0,0,0,1,1,0,0,0,1,0,0,0,1,0,0,0,0,1,liraglutide,9.441807521256507
26,112.0,42.3,16.0,155,NCT03486392,108,0.9259259259259257,6.481481481481481,7.0,1.0,1,0,0,1,0,0,1,0,0,0,0,0,0,0,0,0,0,0,0,0,0,0,0,0,0,1,0,0,0,0,1,1,0,0,0,1,0,0,0,1,0,0,0,0,1,liraglutide,6.249999999999999
26,112.0,42.3,23.0,35,NCT02453711,96,0.9259259259259257,12.962962962962962,14.0,1.0,1,0,0,1,0,0,1,0,0,0,0,0,0,0,0,0,0,0,0,0,0,0,0,0,0,1,0,0,0,0,1,1,0,0,0,1,0,0,0,1,0,0,0,0,1,liraglutide,8.530000000000001
26,112.0,42.3,23.0,51,NCT00422058,94,0.3703703703703703,1.9943019943019942,5.384615384615385,1.0,1,0,0,1,0,0,1,0,0,0,0,0,0,0,0,0,0,0,0,0,0,0,0,0,0,1,0,0,0,0,1,1,0,0,0,1,0,0,0,1,0,0,0,0,1,liraglutide,11.792791256464731
26,112.0,42.3,23.0,52,NCT00422058,90,0.5555555555555555,2.991452991452991,5.384615384615385,1.0,1,0,0,1,0,0,1,0,0,0,0,0,0,0,0,0,0,0,0,0,0,0,0,0,0,1,0,0,0,0,1,1,0,0,0,1,0,0,0,1,0,0,0,0,1,liraglutide,11.062839524734695
26,112.0,42.3,23.0,53,NCT00422058,92,0.7407407407407406,3.9886039886039883,5.384615384615385,1.0,1,0,0,1,0,0,1,0,0,0,0,0,0,0,0,0,0,0,0,0,0,0,0,0,0,1,0,0,0,0,1,1,0,0,0,1,0,0,0,1,0,0,0,0,1,liraglutide,10.375930614829269
26,112.0,42.3,23.0,54,NCT00422058,92,0.9259259259259257,4.985754985754985,5.384615384615385,1.0,1,0,0,1,0,0,1,0,0,0,0,0,0,0,0,0,0,0,0,0,0,0,0,0,0,1,0,0,0,0,1,1,0,0,0,1,0,0,0,1,0,0,0,0,1,liraglutide,9.288375893128206
26,112.0,42.3,23.0,61,NCT03158805,29,0.9259259259259257,9.97150997150997,10.76923076923077,1.0,1,0,0,1,0,0,1,0,0,0,0,0,0,0,0,0,0,0,0,0,0,0,0,0,0,1,0,0,0,0,1,1,0,0,0,1,0,0,0,1,0,0,0,0,1,liraglutide,10.5
26,112.0,42.3,23.0,102,NCT01272232,412,0.9259259259259257,13.960113960113958,15.076923076923077,1.0,1,0,0,1,0,0,1,0,0,0,0,0,0,0,0,0,0,0,0,0,0,0,0,0,0,1,0,0,0,0,1,1,0,0,0,1,0,0,0,0,1,0,0,0,1,liraglutide,10.1
26,112.0,42.3,23.0,103,NCT01272232,204,0.5555555555555555,8.376068376068375,15.076923076923077,1.0,1,0,0,1,0,0,1,0,0,0,0,0,0,0,0,0,0,0,0,0,0,0,0,0,0,1,0,0,0,0,1,1,0,0,0,1,0,0,0,0,1,0,0,0,1,liraglutide,11.4
26,112.0,42.3,23.0,106,NCT01272219,2432,0.9259259259259257,13.960113960113958,15.076923076923077,1.0,1,0,0,1,0,0,1,0,0,0,0,0,0,0,0,0,0,0,0,0,0,0,0,0,0,1,0,0,0,0,1,1,0,0,0,1,0,0,0,0,1,0,0,0,1,liraglutide,8.64
26,112.0,42.3,23.0,107,NCT01272219,1467,0.9259259259259257,39.88603988603988,43.07692307692308,1.0,1,0,0,1,0,0,1,0,0,0,0,0,0,0,0,0,0,0,0,0,0,0,0,0,0,1,0,0,0,0,1,1,0,0,0,1,0,0,0,0,1,0,0,0,1,liraglutide,9.75
26,112.0,42.3,23.0,108,NCT01272219,349,0.9259259259259257,16.95156695156695,18.307692307692307,1.0,1,0,0,1,0,0,1,0,0,0,0,0,0,0,0,0,0,0,0,0,0,0,0,0,0,1,0,0,0,0,1,1,0,0,0,1,0,0,0,0,1,0,0,0,1,liraglutide,8.67
26,112.0,42.3,23.0,112,NCT01557166,175,0.9259259259259257,7.977207977207977,8.615384615384615,1.0,1,0,0,1,0,0,1,0,0,0,0,0,0,0,0,0,0,0,0,0,0,0,0,0,0,1,0,0,0,0,1,1,0,0,1,0,0,0,0,0,1,0,0,0,1,liraglutide,9.798576133665236
26,112.0,42.3,23.0,120,NCT02918279,125,0.9259259259259257,13.960113960113958,15.076923076923077,1.0,1,0,0,1,0,0,1,0,0,0,0,0,0,0,0,0,0,0,0,0,0,0,0,0,0,1,0,0,0,0,1,1,0,0,0,0,1,0,0,0,1,0,0,0,1,liraglutide,10.4
26,112.0,42.3,23.0,127,NCT02527200,17,0.9259259259259257,12.962962962962962,14.0,1.0,1,0,0,1,0,0,1,0,0,0,0,0,0,0,0,0,0,0,0,0,0,0,0,0,0,1,0,0,0,0,1,1,0,0,0,0,0,1,0,0,1,0,0,0,1,liraglutide,11.3
26,112.0,42.3,23.0,128,NCT02527200,14,0.9259259259259257,12.962962962962962,14.0,1.0,1,0,0,1,0,0,1,0,0,0,0,0,0,0,0,0,0,0,0,0,0,0,0,0,0,1,0,0,0,0,1,1,0,0,0,0,0,1,0,0,1,0,0,0,1,liraglutide,15.4
26,112.0,42.3,23.0,129,NCT02527200,31,0.9259259259259257,12.962962962962962,14.0,1.0,1,0,0,1,0,0,1,0,0,0,0,0,0,0,0,0,0,0,0,0,0,0,0,0,0,1,0,0,0,0,1,1,0,0,0,0,0,1,0,0,1,0,0,0,1,liraglutide,13.3
26,112.0,42.3,23.0,130,NCT00781937,194,0.9259259259259257,13.960113960113958,15.076923076923077,1.0,1,0,0,1,0,0,1,0,0,0,0,0,0,0,0,0,0,0,0,0,0,0,0,0,0,1,0,0,0,0,1,1,0,0,0,1,0,0,0,0,1,0,0,0,1,liraglutide,7.939999999999999
26,112.0,42.3,23.0,136,NCT04074161,117,0.9259259259259257,16.95156695156695,18.307692307692307,1.0,1,0,0,1,0,0,1,0,0,0,0,0,0,0,0,0,0,0,0,0,0,0,0,0,0,1,0,0,0,0,1,1,0,0,0,1,0,0,0,0,1,0,0,0,1,liraglutide,9.2
26,112.0,42.3,23.0,150,NCT02647944,19,0.9259259259259257,3.9886039886039883,4.3076923076923075,1.0,1,0,0,1,0,0,1,0,0,0,0,0,0,0,0,0,0,0,0,0,0,0,0,0,0,1,0,0,0,0,1,1,0,0,0,1,0,0,0,1,0,0,0,0,1,liraglutide,11.41180752125651
26,112.0,42.3,23.0,155,NCT03486392,108,0.9259259259259257,6.481481481481481,7.0,1.0,1,0,0,1,0,0,1,0,0,0,0,0,0,0,0,0,0,0,0,0,0,0,0,0,0,1,0,0,0,0,1,1,0,0,0,1,0,0,0,1,0,0,0,0,1,liraglutide,8.219999999999999
56,105.0,30.0,20.0,111,NCT00752726,54,0.061728395061728385,0.5555555555555555,3.0,1.0,1,0,1,0,0,0,1,0,0,0,0,0,0,0,0,0,0,0,0,0,0,0,0,0,0,1,0,0,0,0,1,1,0,0,1,0,0,0,0,0,0,1,0,1,0,orlistat,14.355437168084372
28,105.0,31.5,8.0,111,NCT00752726,54,0.07407407407407407,1.3333333333333333,6.0,1.0,1,0,1,0,0,0,1,0,0,0,0,0,0,0,0,0,0,0,0,0,0,0,0,0,0,1,0,0,0,0,1,1,0,0,1,0,0,0,0,0,0,1,0,1,0,orlistat,7.21258002522723
42,105.0,228.4,6.0,111,NCT00752726,54,0.37037037037037035,4.444444444444444,4.0,1.0,1,0,1,0,0,0,0,0,0,0,0,0,0,0,0,0,0,1,0,0,0,0,0,0,0,0,1,0,0,0,1,1,0,0,1,0,0,0,0,0,0,1,0,1,0,orlistat,23.728157809951632
56,119.0,49.0,8.0,151,NCT00005669,53,0.9876543209876543,6.349206349206349,3.2142857142857144,1.0,1,0,1,0,0,0,0,0,0,0,0,1,0,0,0,0,0,0,0,0,0,0,0,0,0,1,0,0,0,0,1,1,0,0,0,0,1,0,0,1,0,0,0,1,0,metformin,10.418332761502365
14,35.0,133.0,8.0,45,NCT00650806,95,0.30864197530864196,1.8518518518518519,6.0,1.0,1,0,1,0,0,0,0,0,0,0,0,0,0,0,0,0,1,0,0,0,0,0,0,0,0,0,1,0,0,0,1,0,1,0,0,1,0,0,0,1,0,0,0,1,0,canagliflozin,1.3388059701492492
14,35.0,133.0,8.0,46,NCT00650806,85,0.6172839506172839,3.7037037037037037,6.0,1.0,1,0,1,0,0,0,0,0,0,0,0,0,0,0,0,0,1,0,0,0,0,0,0,0,0,0,1,0,0,0,1,0,1,0,0,1,0,0,0,1,0,0,0,1,0,canagliflozin,0.5388059701492494
14,35.0,133.0,8.0,47,NCT00650806,93,1.8518518518518519,11.11111111111111,6.0,1.0,1,0,1,0,0,0,0,0,0,0,0,0,0,0,0,0,1,0,0,0,0,0,0,0,0,0,1,0,0,0,1,0,1,0,0,1,0,0,0,1,0,0,0,1,0,canagliflozin,0.8388059701492492
14,35.0,133.0,8.0,68,NCT02243202,78,1.8518518518518519,24.074074074074073,13.0,1.0,1,0,1,0,0,0,0,0,0,0,0,0,0,0,0,0,1,0,0,0,0,0,0,0,0,0,1,0,0,0,1,0,1,0,0,1,0,0,0,1,0,0,0,1,0,canagliflozin,0.9388059701492492
56,126.0,42.3,6.0,151,NCT00005669,53,1.646090534979424,10.582010582010582,3.2142857142857144,1.0,0,1,0,0,0,0,1,0,0,0,0,0,0,0,0,0,0,0,0,0,0,0,0,0,0,1,0,0,0,0,1,1,0,0,0,0,1,0,0,1,0,0,0,1,0,metformin,5.869152433633508
28,133.0,37.6,10.0,151,NCT00005669,53,0.9876543209876543,12.698412698412698,6.428571428571429,1.0,1,0,1,0,0,0,1,0,0,0,0,0,0,0,0,0,0,0,0,0,0,0,0,0,0,1,0,0,0,0,1,1,0,0,0,0,1,0,0,1,0,0,0,1,0,metformin,1.188301369803721
84,126.0,40.0,8.0,16,NCT03611582,407,2.4009249251153766,1.9436058917600667,5.666666666666667,0.14285714285714285,1,0,0,1,0,0,1,0,0,0,0,0,0,0,0,0,0,0,0,0,0,0,0,0,0,1,0,0,0,0,1,1,0,0,0,1,0,0,0,0,1,0,0,0,1,semaglutide,18.5
84,126.0,40.0,8.0,28,NCT02453711,92,0.050019269273237014,0.21675016685069373,4.333333333333333,1.0,1,0,0,1,0,0,1,0,0,0,0,0,0,0,0,0,0,0,0,0,0,0,0,0,0,1,0,0,0,0,1,1,0,0,0,1,0,0,0,1,0,0,0,0,1,semaglutide,26.300000000000004
84,126.0,40.0,8.0,29,NCT02453711,96,0.10003853854647403,0.43350033370138746,4.333333333333333,1.0,1,0,0,1,0,0,1,0,0,0,0,0,0,0,0,0,0,0,0,0,0,0,0,0,0,1,0,0,0,0,1,1,0,0,0,1,0,0,0,1,0,0,0,0,1,semaglutide,23.670000000000005
84,126.0,40.0,8.0,30,NCT02453711,94,0.20007707709294806,0.8670006674027749,4.333333333333333,1.0,1,0,0,1,0,0,1,0,0,0,0,0,0,0,0,0,0,0,0,0,0,0,0,0,0,1,0,0,0,0,1,1,0,0,0,1,0,0,0,1,0,0,0,0,1,semaglutide,20.690000000000005
84,126.0,40.0,8.0,31,NCT02453711,95,0.3001156156394221,1.3005010011041624,4.333333333333333,1.0,1,0,0,1,0,0,1,0,0,0,0,0,0,0,0,0,0,0,0,0,0,0,0,0,0,1,0,0,0,0,1,1,0,0,0,1,0,0,0,1,0,0,0,0,1,semaglutide,21.120000000000005
84,126.0,40.0,8.0,32,NCT02453711,100,0.4001541541858961,1.7340013348055499,4.333333333333333,1.0,1,0,0,1,0,0,1,0,0,0,0,0,0,0,0,0,0,0,0,0,0,0,0,0,0,1,0,0,0,0,1,1,0,0,0,1,0,0,0,1,0,0,0,0,1,semaglutide,18.450000000000003
84,126.0,40.0,8.0,33,NCT02453711,95,0.3001156156394221,1.3005010011041624,4.333333333333333,1.0,1,0,0,1,0,0,1,0,0,0,0,0,0,0,0,0,0,0,0,0,0,0,0,0,0,1,0,0,0,0,1,1,0,0,0,1,0,0,0,1,0,0,0,0,1,semaglutide,20.910000000000004
84,126.0,40.0,8.0,34,NCT02453711,100,0.4001541541858961,1.7340013348055499,4.333333333333333,1.0,1,0,0,1,0,0,1,0,0,0,0,0,0,0,0,0,0,0,0,0,0,0,0,0,0,1,0,0,0,0,1,1,0,0,0,1,0,0,0,1,0,0,0,0,1,semaglutide,16.000000000000004
84,126.0,40.0,8.0,44,NCT04788511,246,2.4009249251153766,1.486286858404757,4.333333333333333,0.14285714285714285,1,0,0,1,0,0,1,0,0,0,0,0,0,0,0,0,0,0,0,0,0,0,0,0,0,1,0,0,0,0,1,1,0,0,0,1,0,0,0,0,1,0,0,0,1,semaglutide,18.6
84,126.0,40.0,8.0,62,NCT03574597,7474,2.4009249251153766,2.972573716809514,8.666666666666666,0.14285714285714285,1,0,0,1,0,0,1,0,0,0,0,0,0,0,0,0,0,0,0,0,0,0,0,0,0,1,0,0,0,0,1,1,0,0,0,1,0,0,0,0,1,0,0,0,1,semaglutide,21.480000000000004
84,126.0,40.0,8.0,63,NCT03811574,98,1.7006551552900584,1.376720839996714,5.666666666666667,0.14285714285714285,1,0,0,1,0,0,1,0,0,0,0,0,0,0,0,0,0,0,0,0,0,0,0,0,0,1,0,0,0,0,1,1,0,0,0,1,0,0,0,0,1,0,0,0,1,semaglutide,22.000000000000004
84,126.0,40.0,8.0,64,NCT03811574,193,2.4009249251153766,1.9436058917600667,5.666666666666667,0.14285714285714285,1,0,0,1,0,0,1,0,0,0,0,0,0,0,0,0,0,0,0,0,0,0,0,0,0,1,0,0,0,0,1,1,0,0,0,1,0,0,0,0,1,0,0,0,1,semaglutide,18.500000000000004
84,126.0,40.0,8.0,99,NCT03548987,535,2.4009249251153766,1.3719571000659296,4.0,0.14285714285714285,1,0,0,1,0,0,1,0,0,0,0,0,0,0,0,0,0,0,0,0,0,0,0,0,0,1,0,0,0,0,1,1,0,0,0,1,0,0,0,0,1,0,0,0,1,semaglutide,15.100000000000003
84,126.0,40.0,8.0,101,NCT03548987,520,2.4009249251153766,1.3719571000659296,4.0,0.14285714285714285,1,0,0,1,0,0,1,0,0,0,0,0,0,0,0,0,0,0,0,0,0,0,0,0,0,1,0,0,0,0,1,1,0,0,0,1,0,0,0,0,1,0,0,0,1,semaglutide,17.700000000000003
84,126.0,40.0,8.0,104,NCT04251156,238,2.4009249251153766,1.257627341727102,3.6666666666666665,0.14285714285714285,1,0,0,1,0,0,1,0,0,0,0,0,0,0,0,0,0,0,0,0,0,0,0,0,0,1,0,0,0,0,1,1,0,0,0,1,0,0,0,0,1,0,0,0,1,semaglutide,21.1
84,126.0,40.0,8.0,114,NCT04102189,131,2.4009249251153766,1.9436058917600667,5.666666666666667,0.14285714285714285,1,0,0,1,0,0,1,0,0,0,0,0,0,0,0,0,0,0,0,0,0,0,0,0,0,1,0,0,0,0,1,1,0,0,0,0,1,0,0,0,1,0,0,0,1,semaglutide,12.900000000000002
84,126.0,40.0,8.0,115,NCT03693430,144,2.4009249251153766,2.972573716809514,8.666666666666666,0.14285714285714285,1,0,0,1,0,0,1,0,0,0,0,0,0,0,0,0,0,0,0,0,0,0,0,0,0,1,0,0,0,0,1,1,0,0,0,0,0,0,1,0,1,0,0,0,1,semaglutide,18.4
84,126.0,40.0,8.0,117,NCT03693430,149,2.4009249251153766,1.486286858404757,4.333333333333333,0.14285714285714285,1,0,0,1,0,0,1,0,0,0,0,0,0,0,0,0,0,0,0,0,0,0,0,0,0,1,0,0,0,0,1,1,0,0,0,0,0,0,1,0,1,0,0,0,1,semaglutide,17.500000000000004
84,126.0,40.0,8.0,135,NCT04074161,117,2.4009249251153766,1.9436058917600667,5.666666666666667,0.14285714285714285,1,0,0,1,0,0,1,0,0,0,0,0,0,0,0,0,0,0,0,0,0,0,0,0,0,1,0,0,0,0,1,1,0,0,0,1,0,0,0,0,1,0,0,0,1,semaglutide,15.200000000000005
30,154.0,42.3,11.0,0,NCT04667377,76,5.8344418772900175,8.946144211844695,10.733333333333333,0.14285714285714285,1,0,0,1,0,0,1,0,0,0,0,0,0,0,0,0,0,0,0,0,0,0,0,0,0,1,0,0,0,0,1,1,0,0,0,1,0,0,0,1,0,0,0,0,1,survodutide,7.629999999999999
30,154.0,42.3,11.0,1,NCT04667377,78,23.33776750916007,20.226065174605395,6.066666666666666,0.14285714285714285,1,0,0,1,0,0,1,0,0,0,0,0,0,0,0,0,0,0,0,0,0,0,0,0,0,1,0,0,0,0,1,1,0,0,0,1,0,0,0,1,0,0,0,0,1,survodutide,1.3100000000000005
30,154.0,42.3,11.0,2,NCT04667377,76,35.0066512637401,30.339097761908093,6.066666666666666,0.14285714285714285,1,0,0,1,0,0,1,0,0,0,0,0,0,0,0,0,0,0,0,0,0,0,0,0,0,1,0,0,0,0,1,1,0,0,0,1,0,0,0,1,0,0,0,0,1,survodutide,0.5999999999999996
30,154.0,42.3,11.0,3,NCT04667377,76,46.67553501832014,40.45213034921079,6.066666666666666,0.14285714285714285,1,0,0,1,0,0,1,0,0,0,0,0,0,0,0,0,0,0,0,0,0,0,0,0,0,1,0,0,0,0,1,1,0,0,0,1,0,0,0,1,0,0,0,0,1,survodutide,-1.1199999999999992
30,154.0,42.3,11.0,0,NCT04667377,76,1.7503325631870053,2.6838432635534084,10.733333333333333,0.14285714285714285,1,0,0,1,0,0,1,0,0,0,0,0,0,0,0,0,0,0,0,0,0,0,0,0,0,1,0,0,0,0,1,1,0,0,0,1,0,0,0,1,0,0,0,0,1,survodutide,11.63
30,154.0,42.3,11.0,1,NCT04667377,78,7.001330252748021,6.067819552381619,6.066666666666666,0.14285714285714285,1,0,0,1,0,0,1,0,0,0,0,0,0,0,0,0,0,0,0,0,0,0,0,0,0,1,0,0,0,0,1,1,0,0,0,1,0,0,0,1,0,0,0,0,1,survodutide,5.3100000000000005
30,154.0,42.3,11.0,2,NCT04667377,76,10.501995379122032,9.101729328572427,6.066666666666666,0.14285714285714285,1,0,0,1,0,0,1,0,0,0,0,0,0,0,0,0,0,0,0,0,0,0,0,0,0,1,0,0,0,0,1,1,0,0,0,1,0,0,0,1,0,0,0,0,1,survodutide,4.6
30,154.0,42.3,11.0,3,NCT04667377,76,14.002660505496042,12.135639104763237,6.066666666666666,0.14285714285714285,1,0,0,1,0,0,1,0,0,0,0,0,0,0,0,0,0,0,0,0,0,0,0,0,0,1,0,0,0,0,1,1,0,0,0,1,0,0,0,1,0,0,0,0,1,survodutide,2.880000000000001
30,154.0,42.3,11.0,0,NCT04667377,76,0.8751662815935026,1.3419216317767042,10.733333333333333,0.14285714285714285,1,0,0,1,0,0,1,0,0,0,0,0,0,0,0,0,0,0,0,0,0,0,0,0,0,1,0,0,0,0,1,1,0,0,0,1,0,0,0,1,0,0,0,0,1,survodutide,19.63
30,154.0,42.3,11.0,1,NCT04667377,78,3.5006651263740105,3.0339097761908094,6.066666666666666,0.14285714285714285,1,0,0,1,0,0,1,0,0,0,0,0,0,0,0,0,0,0,0,0,0,0,0,0,0,1,0,0,0,0,1,1,0,0,0,1,0,0,0,1,0,0,0,0,1,survodutide,13.31
30,154.0,42.3,11.0,2,NCT04667377,76,5.250997689561016,4.550864664286213,6.066666666666666,0.14285714285714285,1,0,0,1,0,0,1,0,0,0,0,0,0,0,0,0,0,0,0,0,0,0,0,0,0,1,0,0,0,0,1,1,0,0,0,1,0,0,0,1,0,0,0,0,1,survodutide,12.6
30,154.0,42.3,11.0,3,NCT04667377,76,7.001330252748021,6.067819552381619,6.066666666666666,0.14285714285714285,1,0,0,1,0,0,1,0,0,0,0,0,0,0,0,0,0,0,0,0,0,0,0,0,0,1,0,0,0,0,1,1,0,0,0,1,0,0,0,1,0,0,0,0,1,survodutide,10.88
30,154.0,42.3,11.0,0,NCT04667377,76,0.5834441877290019,0.8946144211844692,10.733333333333333,0.14285714285714285,1,0,0,1,0,0,1,0,0,0,0,0,0,0,0,0,0,0,0,0,0,0,0,0,0,1,0,0,0,0,1,1,0,0,0,1,0,0,0,1,0,0,0,0,1,survodutide,28.63
30,154.0,42.3,11.0,1,NCT04667377,78,2.3337767509160074,2.022606517460539,6.066666666666666,0.14285714285714285,1,0,0,1,0,0,1,0,0,0,0,0,0,0,0,0,0,0,0,0,0,0,0,0,0,1,0,0,0,0,1,1,0,0,0,1,0,0,0,1,0,0,0,0,1,survodutide,22.31
30,154.0,42.3,11.0,2,NCT04667377,76,3.5006651263740114,3.0339097761908085,6.066666666666666,0.14285714285714285,1,0,0,1,0,0,1,0,0,0,0,0,0,0,0,0,0,0,0,0,0,0,0,0,0,1,0,0,0,0,1,1,0,0,0,1,0,0,0,1,0,0,0,0,1,survodutide,21.6
30,154.0,42.3,11.0,3,NCT04667377,76,4.667553501832015,4.045213034921078,6.066666666666666,0.14285714285714285,1,0,0,1,0,0,1,0,0,0,0,0,0,0,0,0,0,0,0,0,0,0,0,0,0,1,0,0,0,0,1,1,0,0,0,1,0,0,0,1,0,0,0,0,1,survodutide,19.880000000000003
30,154.0,42.3,11.0,16,NCT03611582,407,3.601387387673065,8.16314474539228,15.866666666666667,0.14285714285714285,1,0,0,1,0,0,1,0,0,0,0,0,0,0,0,0,0,0,0,0,0,0,0,0,0,1,0,0,0,0,1,1,0,0,0,1,0,0,0,0,1,0,0,0,1,semaglutide,13.499999999999998
30,154.0,42.3,11.0,28,NCT02453711,92,0.07502890390985553,0.9103507007729137,12.133333333333333,1.0,1,0,0,1,0,0,1,0,0,0,0,0,0,0,0,0,0,0,0,0,0,0,0,0,0,1,0,0,0,0,1,1,0,0,0,1,0,0,0,1,0,0,0,0,1,semaglutide,21.3
30,154.0,42.3,11.0,29,NCT02453711,96,0.15005780781971106,1.8207014015458274,12.133333333333333,1.0,1,0,0,1,0,0,1,0,0,0,0,0,0,0,0,0,0,0,0,0,0,0,0,0,0,1,0,0,0,0,1,1,0,0,0,1,0,0,0,1,0,0,0,0,1,semaglutide,18.67
30,154.0,42.3,11.0,30,NCT02453711,94,0.30011561563942213,3.6414028030916548,12.133333333333333,1.0,1,0,0,1,0,0,1,0,0,0,0,0,0,0,0,0,0,0,0,0,0,0,0,0,0,1,0,0,0,0,1,1,0,0,0,1,0,0,0,1,0,0,0,0,1,semaglutide,15.69
30,154.0,42.3,11.0,31,NCT02453711,95,0.45017342345913314,5.462104204637482,12.133333333333333,1.0,1,0,0,1,0,0,1,0,0,0,0,0,0,0,0,0,0,0,0,0,0,0,0,0,0,1,0,0,0,0,1,1,0,0,0,1,0,0,0,1,0,0,0,0,1,semaglutide,16.12
30,154.0,42.3,11.0,32,NCT02453711,100,0.6002312312788443,7.2828056061833095,12.133333333333333,1.0,1,0,0,1,0,0,1,0,0,0,0,0,0,0,0,0,0,0,0,0,0,0,0,0,0,1,0,0,0,0,1,1,0,0,0,1,0,0,0,1,0,0,0,0,1,semaglutide,13.45
30,154.0,42.3,11.0,33,NCT02453711,95,0.45017342345913314,5.462104204637482,12.133333333333333,1.0,1,0,0,1,0,0,1,0,0,0,0,0,0,0,0,0,0,0,0,0,0,0,0,0,0,1,0,0,0,0,1,1,0,0,0,1,0,0,0,1,0,0,0,0,1,semaglutide,15.91
30,154.0,42.3,11.0,34,NCT02453711,100,0.6002312312788443,7.2828056061833095,12.133333333333333,1.0,1,0,0,1,0,0,1,0,0,0,0,0,0,0,0,0,0,0,0,0,0,0,0,0,0,1,0,0,0,0,1,1,0,0,0,1,0,0,0,1,0,0,0,0,1,semaglutide,11.0
30,154.0,42.3,11.0,44,NCT04788511,246,3.601387387673065,6.242404805299979,12.133333333333333,0.14285714285714285,1,0,0,1,0,0,1,0,0,0,0,0,0,0,0,0,0,0,0,0,0,0,0,0,0,1,0,0,0,0,1,1,0,0,0,1,0,0,0,0,1,0,0,0,1,semaglutide,13.6
30,154.0,42.3,11.0,62,NCT03574597,7474,3.601387387673065,12.484809610599958,24.266666666666666,0.14285714285714285,1,0,0,1,0,0,1,0,0,0,0,0,0,0,0,0,0,0,0,0,0,0,0,0,0,1,0,0,0,0,1,1,0,0,0,1,0,0,0,0,1,0,0,0,1,semaglutide,16.479999999999997
30,154.0,42.3,11.0,63,NCT03811574,98,2.5509827329350876,5.7822275279861985,15.866666666666667,0.14285714285714285,1,0,0,1,0,0,1,0,0,0,0,0,0,0,0,0,0,0,0,0,0,0,0,0,0,1,0,0,0,0,1,1,0,0,0,1,0,0,0,0,1,0,0,0,1,semaglutide,17.0
30,154.0,42.3,11.0,64,NCT03811574,193,3.601387387673065,8.16314474539228,15.866666666666667,0.14285714285714285,1,0,0,1,0,0,1,0,0,0,0,0,0,0,0,0,0,0,0,0,0,0,0,0,0,1,0,0,0,0,1,1,0,0,0,1,0,0,0,0,1,0,0,0,1,semaglutide,13.5
30,154.0,42.3,11.0,99,NCT03548987,535,3.601387387673065,5.762219820276904,11.2,0.14285714285714285,1,0,0,1,0,0,1,0,0,0,0,0,0,0,0,0,0,0,0,0,0,0,0,0,0,1,0,0,0,0,1,1,0,0,0,1,0,0,0,0,1,0,0,0,1,semaglutide,10.1
30,154.0,42.3,11.0,101,NCT03548987,520,3.601387387673065,5.762219820276904,11.2,0.14285714285714285,1,0,0,1,0,0,1,0,0,0,0,0,0,0,0,0,0,0,0,0,0,0,0,0,0,1,0,0,0,0,1,1,0,0,0,1,0,0,0,0,1,0,0,0,1,semaglutide,12.7
30,154.0,42.3,11.0,104,NCT04251156,238,3.601387387673065,5.282034835253829,10.266666666666667,0.14285714285714285,1,0,0,1,0,0,1,0,0,0,0,0,0,0,0,0,0,0,0,0,0,0,0,0,0,1,0,0,0,0,1,1,0,0,0,1,0,0,0,0,1,0,0,0,1,semaglutide,16.1
30,154.0,42.3,11.0,114,NCT04102189,131,3.601387387673065,8.16314474539228,15.866666666666667,0.14285714285714285,1,0,0,1,0,0,1,0,0,0,0,0,0,0,0,0,0,0,0,0,0,0,0,0,0,1,0,0,0,0,1,1,0,0,0,0,1,0,0,0,1,0,0,0,1,semaglutide,7.899999999999999
30,154.0,42.3,11.0,115,NCT03693430,144,3.601387387673065,12.484809610599958,24.266666666666666,0.14285714285714285,1,0,0,1,0,0,1,0,0,0,0,0,0,0,0,0,0,0,0,0,0,0,0,0,0,1,0,0,0,0,1,1,0,0,0,0,0,0,1,0,1,0,0,0,1,semaglutide,13.4
30,154.0,42.3,11.0,117,NCT03693430,149,3.601387387673065,6.242404805299979,12.133333333333333,0.14285714285714285,1,0,0,1,0,0,1,0,0,0,0,0,0,0,0,0,0,0,0,0,0,0,0,0,0,1,0,0,0,0,1,1,0,0,0,0,0,0,1,0,1,0,0,0,1,semaglutide,12.5
30,154.0,42.3,11.0,135,NCT04074161,117,3.601387387673065,8.16314474539228,15.866666666666667,0.14285714285714285,1,0,0,1,0,0,1,0,0,0,0,0,0,0,0,0,0,0,0,0,0,0,0,0,0,1,0,0,0,0,1,1,0,0,0,1,0,0,0,0,1,0,0,0,1,semaglutide,10.2
30,154.0,42.3,11.0,16,NCT03611582,407,0.720277477534613,1.6326289490784562,15.866666666666667,0.14285714285714285,1,0,0,1,0,0,1,0,0,0,0,0,0,0,0,0,0,0,0,0,0,0,0,0,0,1,0,0,0,0,1,1,0,0,0,1,0,0,0,0,1,0,0,0,1,semaglutide,15.499999999999998
30,154.0,42.3,11.0,28,NCT02453711,92,0.015005780781971107,0.18207014015458275,12.133333333333333,1.0,1,0,0,1,0,0,1,0,0,0,0,0,0,0,0,0,0,0,0,0,0,0,0,0,0,1,0,0,0,0,1,1,0,0,0,1,0,0,0,1,0,0,0,0,1,semaglutide,23.3
30,154.0,42.3,11.0,29,NCT02453711,96,0.030011561563942215,0.3641402803091655,12.133333333333333,1.0,1,0,0,1,0,0,1,0,0,0,0,0,0,0,0,0,0,0,0,0,0,0,0,0,0,1,0,0,0,0,1,1,0,0,0,1,0,0,0,1,0,0,0,0,1,semaglutide,20.67
30,154.0,42.3,11.0,30,NCT02453711,94,0.06002312312788443,0.728280560618331,12.133333333333333,1.0,1,0,0,1,0,0,1,0,0,0,0,0,0,0,0,0,0,0,0,0,0,0,0,0,0,1,0,0,0,0,1,1,0,0,0,1,0,0,0,1,0,0,0,0,1,semaglutide,17.69
30,154.0,42.3,11.0,31,NCT02453711,95,0.09003468469182663,1.0924208409274965,12.133333333333333,1.0,1,0,0,1,0,0,1,0,0,0,0,0,0,0,0,0,0,0,0,0,0,0,0,0,0,1,0,0,0,0,1,1,0,0,0,1,0,0,0,1,0,0,0,0,1,semaglutide,18.12
30,154.0,42.3,11.0,32,NCT02453711,100,0.12004624625576886,1.456561121236662,12.133333333333333,1.0,1,0,0,1,0,0,1,0,0,0,0,0,0,0,0,0,0,0,0,0,0,0,0,0,0,1,0,0,0,0,1,1,0,0,0,1,0,0,0,1,0,0,0,0,1,semaglutide,15.45
30,154.0,42.3,11.0,33,NCT02453711,95,0.09003468469182663,1.0924208409274965,12.133333333333333,1.0,1,0,0,1,0,0,1,0,0,0,0,0,0,0,0,0,0,0,0,0,0,0,0,0,0,1,0,0,0,0,1,1,0,0,0,1,0,0,0,1,0,0,0,0,1,semaglutide,17.91
30,154.0,42.3,11.0,34,NCT02453711,100,0.12004624625576886,1.456561121236662,12.133333333333333,1.0,1,0,0,1,0,0,1,0,0,0,0,0,0,0,0,0,0,0,0,0,0,0,0,0,0,1,0,0,0,0,1,1,0,0,0,1,0,0,0,1,0,0,0,0,1,semaglutide,13.0
30,154.0,42.3,11.0,44,NCT04788511,246,0.720277477534613,1.248480961059996,12.133333333333333,0.14285714285714285,1,0,0,1,0,0,1,0,0,0,0,0,0,0,0,0,0,0,0,0,0,0,0,0,0,1,0,0,0,0,1,1,0,0,0,1,0,0,0,0,1,0,0,0,1,semaglutide,15.6
30,154.0,42.3,11.0,62,NCT03574597,7474,0.720277477534613,2.496961922119992,24.266666666666666,0.14285714285714285,1,0,0,1,0,0,1,0,0,0,0,0,0,0,0,0,0,0,0,0,0,0,0,0,0,1,0,0,0,0,1,1,0,0,0,1,0,0,0,0,1,0,0,0,1,semaglutide,18.48
30,154.0,42.3,11.0,63,NCT03811574,98,0.5101965465870176,1.1564455055972398,15.866666666666667,0.14285714285714285,1,0,0,1,0,0,1,0,0,0,0,0,0,0,0,0,0,0,0,0,0,0,0,0,0,1,0,0,0,0,1,1,0,0,0,1,0,0,0,0,1,0,0,0,1,semaglutide,19.0
30,154.0,42.3,11.0,64,NCT03811574,193,0.720277477534613,1.6326289490784562,15.866666666666667,0.14285714285714285,1,0,0,1,0,0,1,0,0,0,0,0,0,0,0,0,0,0,0,0,0,0,0,0,0,1,0,0,0,0,1,1,0,0,0,1,0,0,0,0,1,0,0,0,1,semaglutide,15.5
30,154.0,42.3,11.0,99,NCT03548987,535,0.720277477534613,1.152443964055381,11.2,0.14285714285714285,1,0,0,1,0,0,1,0,0,0,0,0,0,0,0,0,0,0,0,0,0,0,0,0,0,1,0,0,0,0,1,1,0,0,0,1,0,0,0,0,1,0,0,0,1,semaglutide,12.1
30,154.0,42.3,11.0,101,NCT03548987,520,0.720277477534613,1.152443964055381,11.2,0.14285714285714285,1,0,0,1,0,0,1,0,0,0,0,0,0,0,0,0,0,0,0,0,0,0,0,0,0,1,0,0,0,0,1,1,0,0,0,1,0,0,0,0,1,0,0,0,1,semaglutide,14.7
30,154.0,42.3,11.0,104,NCT04251156,238,0.720277477534613,1.0564069670507659,10.266666666666667,0.14285714285714285,1,0,0,1,0,0,1,0,0,0,0,0,0,0,0,0,0,0,0,0,0,0,0,0,0,1,0,0,0,0,1,1,0,0,0,1,0,0,0,0,1,0,0,0,1,semaglutide,18.1
30,154.0,42.3,11.0,114,NCT04102189,131,0.720277477534613,1.6326289490784562,15.866666666666667,0.14285714285714285,1,0,0,1,0,0,1,0,0,0,0,0,0,0,0,0,0,0,0,0,0,0,0,0,0,1,0,0,0,0,1,1,0,0,0,0,1,0,0,0,1,0,0,0,1,semaglutide,9.9
30,154.0,42.3,11.0,115,NCT03693430,144,0.720277477534613,2.496961922119992,24.266666666666666,0.14285714285714285,1,0,0,1,0,0,1,0,0,0,0,0,0,0,0,0,0,0,0,0,0,0,0,0,0,1,0,0,0,0,1,1,0,0,0,0,0,0,1,0,1,0,0,0,1,semaglutide,15.4
30,154.0,42.3,11.0,117,NCT03693430,149,0.720277477534613,1.248480961059996,12.133333333333333,0.14285714285714285,1,0,0,1,0,0,1,0,0,0,0,0,0,0,0,0,0,0,0,0,0,0,0,0,0,1,0,0,0,0,1,1,0,0,0,0,0,0,1,0,1,0,0,0,1,semaglutide,14.5
30,154.0,42.3,11.0,135,NCT04074161,117,0.720277477534613,1.6326289490784562,15.866666666666667,0.14285714285714285,1,0,0,1,0,0,1,0,0,0,0,0,0,0,0,0,0,0,0,0,0,0,0,0,0,1,0,0,0,0,1,1,0,0,0,1,0,0,0,0,1,0,0,0,1,semaglutide,12.2
10,112.0,42.3,11.0,0,NCT04667377,76,2.3337767509160074,10.735373054213634,32.2,0.14285714285714285,1,0,0,1,0,0,1,0,0,0,0,0,0,0,0,0,0,0,0,0,0,0,0,0,0,1,0,0,0,0,1,1,0,0,0,1,0,0,0,1,0,0,0,0,1,survodutide,4.629999999999999
10,112.0,42.3,11.0,1,NCT04667377,78,9.33510700366403,24.271278209526475,18.2,0.14285714285714285,1,0,0,1,0,0,1,0,0,0,0,0,0,0,0,0,0,0,0,0,0,0,0,0,0,1,0,0,0,0,1,1,0,0,0,1,0,0,0,1,0,0,0,0,1,survodutide,-1.6899999999999995
10,112.0,42.3,11.0,2,NCT04667377,76,14.002660505496046,36.40691731428971,18.2,0.14285714285714285,1,0,0,1,0,0,1,0,0,0,0,0,0,0,0,0,0,0,0,0,0,0,0,0,0,1,0,0,0,0,1,1,0,0,0,1,0,0,0,1,0,0,0,0,1,survodutide,-2.4000000000000004
10,112.0,42.3,11.0,3,NCT04667377,76,18.67021400732806,48.54255641905295,18.2,0.14285714285714285,1,0,0,1,0,0,1,0,0,0,0,0,0,0,0,0,0,0,0,0,0,0,0,0,0,1,0,0,0,0,1,1,0,0,0,1,0,0,0,1,0,0,0,0,1,survodutide,-4.119999999999999
10,112.0,42.3,11.0,16,NCT03611582,407,7.20277477534613,48.97886847235368,47.6,0.14285714285714285,1,0,0,1,0,0,1,0,0,0,0,0,0,0,0,0,0,0,0,0,0,0,0,0,0,1,0,0,0,0,1,1,0,0,0,1,0,0,0,0,1,0,0,0,1,semaglutide,-1.5000000000000018
10,112.0,42.3,11.0,28,NCT02453711,92,0.15005780781971106,5.462104204637481,36.4,1.0,1,0,0,1,0,0,1,0,0,0,0,0,0,0,0,0,0,0,0,0,0,0,0,0,0,1,0,0,0,0,1,1,0,0,0,1,0,0,0,1,0,0,0,0,1,semaglutide,6.3
10,112.0,42.3,11.0,29,NCT02453711,96,0.30011561563942213,10.924208409274963,36.4,1.0,1,0,0,1,0,0,1,0,0,0,0,0,0,0,0,0,0,0,0,0,0,0,0,0,0,1,0,0,0,0,1,1,0,0,0,1,0,0,0,1,0,0,0,0,1,semaglutide,3.670000000000001
10,112.0,42.3,11.0,30,NCT02453711,94,0.6002312312788443,21.848416818549925,36.4,1.0,1,0,0,1,0,0,1,0,0,0,0,0,0,0,0,0,0,0,0,0,0,0,0,0,0,1,0,0,0,0,1,1,0,0,0,1,0,0,0,1,0,0,0,0,1,semaglutide,0.6900000000000013
10,112.0,42.3,11.0,31,NCT02453711,95,0.9003468469182663,32.77262522782489,36.4,1.0,1,0,0,1,0,0,1,0,0,0,0,0,0,0,0,0,0,0,0,0,0,0,0,0,0,1,0,0,0,0,1,1,0,0,0,1,0,0,0,1,0,0,0,0,1,semaglutide,1.120000000000001
10,112.0,42.3,11.0,32,NCT02453711,100,1.2004624625576885,43.69683363709985,36.4,1.0,1,0,0,1,0,0,1,0,0,0,0,0,0,0,0,0,0,0,0,0,0,0,0,0,0,1,0,0,0,0,1,1,0,0,0,1,0,0,0,1,0,0,0,0,1,semaglutide,-1.5500000000000007
10,112.0,42.3,11.0,33,NCT02453711,95,0.9003468469182663,32.77262522782489,36.4,1.0,1,0,0,1,0,0,1,0,0,0,0,0,0,0,0,0,0,0,0,0,0,0,0,0,0,1,0,0,0,0,1,1,0,0,0,1,0,0,0,1,0,0,0,0,1,semaglutide,0.91
10,112.0,42.3,11.0,34,NCT02453711,100,1.2004624625576885,43.69683363709985,36.4,1.0,1,0,0,1,0,0,1,0,0,0,0,0,0,0,0,0,0,0,0,0,0,0,0,0,0,1,0,0,0,0,1,1,0,0,0,1,0,0,0,1,0,0,0,0,1,semaglutide,-4.0
10,112.0,42.3,11.0,44,NCT04788511,246,7.20277477534613,37.45442883179987,36.4,0.14285714285714285,1,0,0,1,0,0,1,0,0,0,0,0,0,0,0,0,0,0,0,0,0,0,0,0,0,1,0,0,0,0,1,1,0,0,0,1,0,0,0,0,1,0,0,0,1,semaglutide,-1.4000000000000004
10,112.0,42.3,11.0,62,NCT03574597,7474,7.20277477534613,74.90885766359975,72.8,0.14285714285714285,1,0,0,1,0,0,1,0,0,0,0,0,0,0,0,0,0,0,0,0,0,0,0,0,0,1,0,0,0,0,1,1,0,0,0,1,0,0,0,0,1,0,0,0,1,semaglutide,1.4799999999999986
10,112.0,42.3,11.0,63,NCT03811574,98,5.101965465870175,34.69336516791719,47.6,0.14285714285714285,1,0,0,1,0,0,1,0,0,0,0,0,0,0,0,0,0,0,0,0,0,0,0,0,0,1,0,0,0,0,1,1,0,0,0,1,0,0,0,0,1,0,0,0,1,semaglutide,2.0
10,112.0,42.3,11.0,64,NCT03811574,193,7.20277477534613,48.97886847235368,47.6,0.14285714285714285,1,0,0,1,0,0,1,0,0,0,0,0,0,0,0,0,0,0,0,0,0,0,0,0,0,1,0,0,0,0,1,1,0,0,0,1,0,0,0,0,1,0,0,0,1,semaglutide,-1.5
10,112.0,42.3,11.0,99,NCT03548987,535,7.20277477534613,34.573318921661425,33.6,0.14285714285714285,1,0,0,1,0,0,1,0,0,0,0,0,0,0,0,0,0,0,0,0,0,0,0,0,0,1,0,0,0,0,1,1,0,0,0,1,0,0,0,0,1,0,0,0,1,semaglutide,-4.9
10,112.0,42.3,11.0,101,NCT03548987,520,7.20277477534613,34.573318921661425,33.6,0.14285714285714285,1,0,0,1,0,0,1,0,0,0,0,0,0,0,0,0,0,0,0,0,0,0,0,0,0,1,0,0,0,0,1,1,0,0,0,1,0,0,0,0,1,0,0,0,1,semaglutide,-2.299999999999999
10,112.0,42.3,11.0,104,NCT04251156,238,7.20277477534613,31.69220901152297,30.8,0.14285714285714285,1,0,0,1,0,0,1,0,0,0,0,0,0,0,0,0,0,0,0,0,0,0,0,0,0,1,0,0,0,0,1,1,0,0,0,1,0,0,0,0,1,0,0,0,1,semaglutide,1.0999999999999996
10,112.0,42.3,11.0,114,NCT04102189,131,7.20277477534613,48.97886847235368,47.6,0.14285714285714285,1,0,0,1,0,0,1,0,0,0,0,0,0,0,0,0,0,0,0,0,0,0,0,0,0,1,0,0,0,0,1,1,0,0,0,0,1,0,0,0,1,0,0,0,1,semaglutide,-7.100000000000001
10,112.0,42.3,11.0,115,NCT03693430,144,7.20277477534613,74.90885766359975,72.8,0.14285714285714285,1,0,0,1,0,0,1,0,0,0,0,0,0,0,0,0,0,0,0,0,0,0,0,0,0,1,0,0,0,0,1,1,0,0,0,0,0,0,1,0,1,0,0,0,1,semaglutide,-1.6000000000000014
10,112.0,42.3,11.0,117,NCT03693430,149,7.20277477534613,37.45442883179987,36.4,0.14285714285714285,1,0,0,1,0,0,1,0,0,0,0,0,0,0,0,0,0,0,0,0,0,0,0,0,0,1,0,0,0,0,1,1,0,0,0,0,0,0,1,0,1,0,0,0,1,semaglutide,-2.5
10,112.0,42.3,11.0,135,NCT04074161,117,7.20277477534613,48.97886847235368,47.6,0.14285714285714285,1,0,0,1,0,0,1,0,0,0,0,0,0,0,0,0,0,0,0,0,0,0,0,0,0,1,0,0,0,0,1,1,0,0,0,1,0,0,0,0,1,0,0,0,1,semaglutide,-4.799999999999999
31,133.0,35.0,6.0,151,NCT00005669,53,0.9876543209876543,11.469534050179211,5.806451612903226,1.0,1,0,1,0,0,1,0,0,0,0,0,0,0,0,0,0,0,0,0,0,0,0,0,0,0,1,0,0,0,0,1,0,1,0,0,0,1,0,0,1,0,0,0,1,0,metformin,8.085368649849713
84,133.0,21.0,8.0,16,NCT03611582,407,2.4009249251153766,1.9436058917600667,5.666666666666667,0.14285714285714285,0,1,0,0,0,0,1,0,0,0,0,0,0,0,0,0,0,0,0,0,0,0,0,0,0,1,0,0,0,0,1,1,0,0,0,1,0,0,0,0,1,0,0,0,1,semaglutide,47.95945945945946
84,133.0,21.0,8.0,28,NCT02453711,92,0.050019269273237014,0.21675016685069373,4.333333333333333,1.0,0,1,0,0,0,0,1,0,0,0,0,0,0,0,0,0,0,0,0,0,0,0,0,0,0,1,0,0,0,0,1,1,0,0,0,1,0,0,0,1,0,0,0,0,1,semaglutide,55.75945945945946
84,133.0,21.0,8.0,29,NCT02453711,96,0.10003853854647403,0.43350033370138746,4.333333333333333,1.0,0,1,0,0,0,0,1,0,0,0,0,0,0,0,0,0,0,0,0,0,0,0,0,0,0,1,0,0,0,0,1,1,0,0,0,1,0,0,0,1,0,0,0,0,1,semaglutide,53.12945945945946
84,133.0,21.0,8.0,30,NCT02453711,94,0.20007707709294806,0.8670006674027749,4.333333333333333,1.0,0,1,0,0,0,0,1,0,0,0,0,0,0,0,0,0,0,0,0,0,0,0,0,0,0,1,0,0,0,0,1,1,0,0,0,1,0,0,0,1,0,0,0,0,1,semaglutide,50.14945945945946
84,133.0,21.0,8.0,31,NCT02453711,95,0.3001156156394221,1.3005010011041624,4.333333333333333,1.0,0,1,0,0,0,0,1,0,0,0,0,0,0,0,0,0,0,0,0,0,0,0,0,0,0,1,0,0,0,0,1,1,0,0,0,1,0,0,0,1,0,0,0,0,1,semaglutide,50.57945945945946
84,133.0,21.0,8.0,32,NCT02453711,100,0.4001541541858961,1.7340013348055499,4.333333333333333,1.0,0,1,0,0,0,0,1,0,0,0,0,0,0,0,0,0,0,0,0,0,0,0,0,0,0,1,0,0,0,0,1,1,0,0,0,1,0,0,0,1,0,0,0,0,1,semaglutide,47.909459459459455
84,133.0,21.0,8.0,33,NCT02453711,95,0.3001156156394221,1.3005010011041624,4.333333333333333,1.0,0,1,0,0,0,0,1,0,0,0,0,0,0,0,0,0,0,0,0,0,0,0,0,0,0,1,0,0,0,0,1,1,0,0,0,1,0,0,0,1,0,0,0,0,1,semaglutide,50.36945945945946
84,133.0,21.0,8.0,34,NCT02453711,100,0.4001541541858961,1.7340013348055499,4.333333333333333,1.0,0,1,0,0,0,0,1,0,0,0,0,0,0,0,0,0,0,0,0,0,0,0,0,0,0,1,0,0,0,0,1,1,0,0,0,1,0,0,0,1,0,0,0,0,1,semaglutide,45.45945945945946
84,133.0,21.0,8.0,44,NCT04788511,246,2.4009249251153766,1.486286858404757,4.333333333333333,0.14285714285714285,0,1,0,0,0,0,1,0,0,0,0,0,0,0,0,0,0,0,0,0,0,0,0,0,0,1,0,0,0,0,1,1,0,0,0,1,0,0,0,0,1,0,0,0,1,semaglutide,48.05945945945946
84,133.0,21.0,8.0,62,NCT03574597,7474,2.4009249251153766,2.972573716809514,8.666666666666666,0.14285714285714285,0,1,0,0,0,0,1,0,0,0,0,0,0,0,0,0,0,0,0,0,0,0,0,0,0,1,0,0,0,0,1,1,0,0,0,1,0,0,0,0,1,0,0,0,1,semaglutide,50.93945945945946
84,133.0,21.0,8.0,63,NCT03811574,98,1.7006551552900584,1.376720839996714,5.666666666666667,0.14285714285714285,0,1,0,0,0,0,1,0,0,0,0,0,0,0,0,0,0,0,0,0,0,0,0,0,0,1,0,0,0,0,1,1,0,0,0,1,0,0,0,0,1,0,0,0,1,semaglutide,51.45945945945946
84,133.0,21.0,8.0,64,NCT03811574,193,2.4009249251153766,1.9436058917600667,5.666666666666667,0.14285714285714285,0,1,0,0,0,0,1,0,0,0,0,0,0,0,0,0,0,0,0,0,0,0,0,0,0,1,0,0,0,0,1,1,0,0,0,1,0,0,0,0,1,0,0,0,1,semaglutide,47.95945945945946
84,133.0,21.0,8.0,99,NCT03548987,535,2.4009249251153766,1.3719571000659296,4.0,0.14285714285714285,0,1,0,0,0,0,1,0,0,0,0,0,0,0,0,0,0,0,0,0,0,0,0,0,0,1,0,0,0,0,1,1,0,0,0,1,0,0,0,0,1,0,0,0,1,semaglutide,44.55945945945946
84,133.0,21.0,8.0,101,NCT03548987,520,2.4009249251153766,1.3719571000659296,4.0,0.14285714285714285,0,1,0,0,0,0,1,0,0,0,0,0,0,0,0,0,0,0,0,0,0,0,0,0,0,1,0,0,0,0,1,1,0,0,0,1,0,0,0,0,1,0,0,0,1,semaglutide,47.15945945945946
84,133.0,21.0,8.0,104,NCT04251156,238,2.4009249251153766,1.257627341727102,3.6666666666666665,0.14285714285714285,0,1,0,0,0,0,1,0,0,0,0,0,0,0,0,0,0,0,0,0,0,0,0,0,0,1,0,0,0,0,1,1,0,0,0,1,0,0,0,0,1,0,0,0,1,semaglutide,50.55945945945946
84,133.0,21.0,8.0,114,NCT04102189,131,2.4009249251153766,1.9436058917600667,5.666666666666667,0.14285714285714285,0,1,0,0,0,0,1,0,0,0,0,0,0,0,0,0,0,0,0,0,0,0,0,0,0,1,0,0,0,0,1,1,0,0,0,0,1,0,0,0,1,0,0,0,1,semaglutide,42.35945945945946
84,133.0,21.0,8.0,115,NCT03693430,144,2.4009249251153766,2.972573716809514,8.666666666666666,0.14285714285714285,0,1,0,0,0,0,1,0,0,0,0,0,0,0,0,0,0,0,0,0,0,0,0,0,0,1,0,0,0,0,1,1,0,0,0,0,0,0,1,0,1,0,0,0,1,semaglutide,47.85945945945946
84,133.0,21.0,8.0,117,NCT03693430,149,2.4009249251153766,1.486286858404757,4.333333333333333,0.14285714285714285,0,1,0,0,0,0,1,0,0,0,0,0,0,0,0,0,0,0,0,0,0,0,0,0,0,1,0,0,0,0,1,1,0,0,0,0,0,0,1,0,1,0,0,0,1,semaglutide,46.95945945945946
84,133.0,21.0,8.0,135,NCT04074161,117,2.4009249251153766,1.9436058917600667,5.666666666666667,0.14285714285714285,0,1,0,0,0,0,1,0,0,0,0,0,0,0,0,0,0,0,0,0,0,0,0,0,0,1,0,0,0,0,1,1,0,0,0,1,0,0,0,0,1,0,0,0,1,semaglutide,44.65945945945946
56,42.0,18.0,6.0,111,NCT00752726,54,0.2962962962962963,2.6666666666666665,3.0,1.0,1,0,1,0,0,0,1,0,0,0,0,0,0,0,0,0,0,0,0,0,0,0,0,0,0,1,0,0,0,0,1,1,0,0,1,0,0,0,0,0,0,1,0,1,0,orlistat,19.91099272363994
56,28.0,30.0,8.0,15,NCT02160990,10,0.003086419753086419,0.0066137566137566125,0.5357142857142857,1.0,1,0,0,1,0,0,0,0,0,0,0,0,0,0,0,0,0,0,0,0,0,1,0,0,0,1,0,0,0,0,1,0,1,0,0,1,0,0,0,0,0,1,0,0,1,exenatide,-20.41839959225281
56,28.0,30.0,8.0,71,NCT00856609,31,0.006172839506172838,0.015432098765432098,0.625,1.0,1,0,0,1,0,0,0,0,0,0,0,0,0,0,0,0,0,0,0,0,0,1,0,0,0,1,0,0,0,0,1,0,1,0,1,0,0,0,0,0,1,0,0,0,1,exenatide,-21.268425913025126
28,133.0,55.0,8.0,16,NCT03611582,407,36.01387387673108,87.46226512920303,17.0,0.14285714285714285,1,0,0,1,0,0,1,0,0,0,0,0,0,0,0,0,0,0,0,0,0,0,0,0,0,1,0,0,0,0,1,1,0,0,0,1,0,0,0,0,1,0,0,0,1,semaglutide,3.2899999999999974
28,133.0,55.0,8.0,28,NCT02453711,92,0.7502890390985643,9.753757508281222,13.0,1.0,1,0,0,1,0,0,1,0,0,0,0,0,0,0,0,0,0,0,0,0,0,0,0,0,0,1,0,0,0,0,1,1,0,0,0,1,0,0,0,1,0,0,0,0,1,semaglutide,11.09
28,133.0,55.0,8.0,29,NCT02453711,96,1.5005780781971285,19.507515016562444,13.0,1.0,1,0,0,1,0,0,1,0,0,0,0,0,0,0,0,0,0,0,0,0,0,0,0,0,0,1,0,0,0,0,1,1,0,0,0,1,0,0,0,1,0,0,0,0,1,semaglutide,8.46
28,133.0,55.0,8.0,30,NCT02453711,94,3.001156156394257,39.01503003312489,13.0,1.0,1,0,0,1,0,0,1,0,0,0,0,0,0,0,0,0,0,0,0,0,0,0,0,0,0,1,0,0,0,0,1,1,0,0,0,1,0,0,0,1,0,0,0,0,1,semaglutide,5.48
28,133.0,55.0,8.0,31,NCT02453711,95,4.501734234591385,58.52254504968733,13.0,1.0,1,0,0,1,0,0,1,0,0,0,0,0,0,0,0,0,0,0,0,0,0,0,0,0,0,1,0,0,0,0,1,1,0,0,0,1,0,0,0,1,0,0,0,0,1,semaglutide,5.91
28,133.0,55.0,8.0,32,NCT02453711,100,6.002312312788514,78.03006006624977,13.0,1.0,1,0,0,1,0,0,1,0,0,0,0,0,0,0,0,0,0,0,0,0,0,0,0,0,0,1,0,0,0,0,1,1,0,0,0,1,0,0,0,1,0,0,0,0,1,semaglutide,3.2399999999999984
28,133.0,55.0,8.0,33,NCT02453711,95,4.501734234591385,58.52254504968733,13.0,1.0,1,0,0,1,0,0,1,0,0,0,0,0,0,0,0,0,0,0,0,0,0,0,0,0,0,1,0,0,0,0,1,1,0,0,0,1,0,0,0,1,0,0,0,0,1,semaglutide,5.699999999999999
28,133.0,55.0,8.0,34,NCT02453711,100,6.002312312788514,78.03006006624977,13.0,1.0,1,0,0,1,0,0,1,0,0,0,0,0,0,0,0,0,0,0,0,0,0,0,0,0,0,1,0,0,0,0,1,1,0,0,0,1,0,0,0,1,0,0,0,0,1,semaglutide,0.7899999999999991
28,133.0,55.0,8.0,44,NCT04788511,246,36.01387387673108,66.88290862821408,13.0,0.14285714285714285,1,0,0,1,0,0,1,0,0,0,0,0,0,0,0,0,0,0,0,0,0,0,0,0,0,1,0,0,0,0,1,1,0,0,0,1,0,0,0,0,1,0,0,0,1,semaglutide,3.389999999999999
28,133.0,55.0,8.0,62,NCT03574597,7474,36.01387387673108,133.76581725642816,26.0,0.14285714285714285,1,0,0,1,0,0,1,0,0,0,0,0,0,0,0,0,0,0,0,0,0,0,0,0,0,1,0,0,0,0,1,1,0,0,0,1,0,0,0,0,1,0,0,0,1,semaglutide,6.269999999999998
28,133.0,55.0,8.0,63,NCT03811574,98,25.509827329351182,61.95243779985215,17.0,0.14285714285714285,1,0,0,1,0,0,1,0,0,0,0,0,0,0,0,0,0,0,0,0,0,0,0,0,0,1,0,0,0,0,1,1,0,0,0,1,0,0,0,0,1,0,0,0,1,semaglutide,6.789999999999999
28,133.0,55.0,8.0,64,NCT03811574,193,36.01387387673108,87.46226512920303,17.0,0.14285714285714285,1,0,0,1,0,0,1,0,0,0,0,0,0,0,0,0,0,0,0,0,0,0,0,0,0,1,0,0,0,0,1,1,0,0,0,1,0,0,0,0,1,0,0,0,1,semaglutide,3.289999999999999
28,133.0,55.0,8.0,99,NCT03548987,535,36.01387387673108,61.73806950296685,12.0,0.14285714285714285,1,0,0,1,0,0,1,0,0,0,0,0,0,0,0,0,0,0,0,0,0,0,0,0,0,1,0,0,0,0,1,1,0,0,0,1,0,0,0,0,1,0,0,0,1,semaglutide,-0.1100000000000012
28,133.0,55.0,8.0,101,NCT03548987,520,36.01387387673108,61.73806950296685,12.0,0.14285714285714285,1,0,0,1,0,0,1,0,0,0,0,0,0,0,0,0,0,0,0,0,0,0,0,0,0,1,0,0,0,0,1,1,0,0,0,1,0,0,0,0,1,0,0,0,1,semaglutide,2.49
28,133.0,55.0,8.0,104,NCT04251156,238,36.01387387673108,56.593230377719614,11.0,0.14285714285714285,1,0,0,1,0,0,1,0,0,0,0,0,0,0,0,0,0,0,0,0,0,0,0,0,0,1,0,0,0,0,1,1,0,0,0,1,0,0,0,0,1,0,0,0,1,semaglutide,5.889999999999999
28,133.0,55.0,8.0,114,NCT04102189,131,36.01387387673108,87.46226512920303,17.0,0.14285714285714285,1,0,0,1,0,0,1,0,0,0,0,0,0,0,0,0,0,0,0,0,0,0,0,0,0,1,0,0,0,0,1,1,0,0,0,0,1,0,0,0,1,0,0,0,1,semaglutide,-2.3100000000000023
28,133.0,55.0,8.0,115,NCT03693430,144,36.01387387673108,133.76581725642816,26.0,0.14285714285714285,1,0,0,1,0,0,1,0,0,0,0,0,0,0,0,0,0,0,0,0,0,0,0,0,0,1,0,0,0,0,1,1,0,0,0,0,0,0,1,0,1,0,0,0,1,semaglutide,3.1899999999999977
28,133.0,55.0,8.0,117,NCT03693430,149,36.01387387673108,66.88290862821408,13.0,0.14285714285714285,1,0,0,1,0,0,1,0,0,0,0,0,0,0,0,0,0,0,0,0,0,0,0,0,0,1,0,0,0,0,1,1,0,0,0,0,0,0,1,0,1,0,0,0,1,semaglutide,2.289999999999999
28,133.0,55.0,8.0,135,NCT04074161,117,36.01387387673108,87.46226512920303,17.0,0.14285714285714285,1,0,0,1,0,0,1,0,0,0,0,0,0,0,0,0,0,0,0,0,0,0,0,0,0,1,0,0,0,0,1,1,0,0,0,1,0,0,0,0,1,0,0,0,1,semaglutide,-0.0099999999999997
14,112.0,42.0,8.0,35,NCT02453711,96,0.9259259259259257,24.07407407407407,26.0,1.0,1,0,0,1,0,0,1,0,0,0,0,0,0,0,0,0,0,0,0,0,0,0,0,0,0,1,0,0,0,0,1,1,0,0,0,1,0,0,0,1,0,0,0,0,1,liraglutide,21.630000000000003
14,112.0,42.0,8.0,51,NCT00422058,94,0.3703703703703703,3.7037037037037033,10.0,1.0,1,0,0,1,0,0,1,0,0,0,0,0,0,0,0,0,0,0,0,0,0,0,0,0,0,1,0,0,0,0,1,1,0,0,0,1,0,0,0,1,0,0,0,0,1,liraglutide,24.892791256464733
14,112.0,42.0,8.0,52,NCT00422058,90,0.5555555555555555,5.5555555555555545,10.0,1.0,1,0,0,1,0,0,1,0,0,0,0,0,0,0,0,0,0,0,0,0,0,0,0,0,0,1,0,0,0,0,1,1,0,0,0,1,0,0,0,1,0,0,0,0,1,liraglutide,24.162839524734697
14,112.0,42.0,8.0,53,NCT00422058,92,0.7407407407407406,7.4074074074074066,10.0,1.0,1,0,0,1,0,0,1,0,0,0,0,0,0,0,0,0,0,0,0,0,0,0,0,0,0,1,0,0,0,0,1,1,0,0,0,1,0,0,0,1,0,0,0,0,1,liraglutide,23.47593061482927
14,112.0,42.0,8.0,54,NCT00422058,92,0.9259259259259257,9.259259259259258,10.0,1.0,1,0,0,1,0,0,1,0,0,0,0,0,0,0,0,0,0,0,0,0,0,0,0,0,0,1,0,0,0,0,1,1,0,0,0,1,0,0,0,1,0,0,0,0,1,liraglutide,22.38837589312821
14,112.0,42.0,8.0,61,NCT03158805,29,0.9259259259259257,18.518518518518515,20.0,1.0,1,0,0,1,0,0,1,0,0,0,0,0,0,0,0,0,0,0,0,0,0,0,0,0,0,1,0,0,0,0,1,1,0,0,0,1,0,0,0,1,0,0,0,0,1,liraglutide,23.6
14,112.0,42.0,8.0,102,NCT01272232,412,0.9259259259259257,25.925925925925924,28.0,1.0,1,0,0,1,0,0,1,0,0,0,0,0,0,0,0,0,0,0,0,0,0,0,0,0,0,1,0,0,0,0,1,1,0,0,0,1,0,0,0,0,1,0,0,0,1,liraglutide,23.200000000000003
14,112.0,42.0,8.0,103,NCT01272232,204,0.5555555555555555,15.555555555555554,28.0,1.0,1,0,0,1,0,0,1,0,0,0,0,0,0,0,0,0,0,0,0,0,0,0,0,0,0,1,0,0,0,0,1,1,0,0,0,1,0,0,0,0,1,0,0,0,1,liraglutide,24.5
14,112.0,42.0,8.0,106,NCT01272219,2432,0.9259259259259257,25.925925925925924,28.0,1.0,1,0,0,1,0,0,1,0,0,0,0,0,0,0,0,0,0,0,0,0,0,0,0,0,0,1,0,0,0,0,1,1,0,0,0,1,0,0,0,0,1,0,0,0,1,liraglutide,21.74
14,112.0,42.0,8.0,107,NCT01272219,1467,0.9259259259259257,74.07407407407406,80.0,1.0,1,0,0,1,0,0,1,0,0,0,0,0,0,0,0,0,0,0,0,0,0,0,0,0,0,1,0,0,0,0,1,1,0,0,0,1,0,0,0,0,1,0,0,0,1,liraglutide,22.85
14,112.0,42.0,8.0,108,NCT01272219,349,0.9259259259259257,31.481481481481477,34.0,1.0,1,0,0,1,0,0,1,0,0,0,0,0,0,0,0,0,0,0,0,0,0,0,0,0,0,1,0,0,0,0,1,1,0,0,0,1,0,0,0,0,1,0,0,0,1,liraglutide,21.770000000000003
14,112.0,42.0,8.0,112,NCT01557166,175,0.9259259259259257,14.814814814814813,16.0,1.0,1,0,0,1,0,0,1,0,0,0,0,0,0,0,0,0,0,0,0,0,0,0,0,0,0,1,0,0,0,0,1,1,0,0,1,0,0,0,0,0,1,0,0,0,1,liraglutide,22.89857613366524
14,112.0,42.0,8.0,120,NCT02918279,125,0.9259259259259257,25.925925925925924,28.0,1.0,1,0,0,1,0,0,1,0,0,0,0,0,0,0,0,0,0,0,0,0,0,0,0,0,0,1,0,0,0,0,1,1,0,0,0,0,1,0,0,0,1,0,0,0,1,liraglutide,23.5
14,112.0,42.0,8.0,127,NCT02527200,17,0.9259259259259257,24.07407407407407,26.0,1.0,1,0,0,1,0,0,1,0,0,0,0,0,0,0,0,0,0,0,0,0,0,0,0,0,0,1,0,0,0,0,1,1,0,0,0,0,0,1,0,0,1,0,0,0,1,liraglutide,24.4
14,112.0,42.0,8.0,128,NCT02527200,14,0.9259259259259257,24.07407407407407,26.0,1.0,1,0,0,1,0,0,1,0,0,0,0,0,0,0,0,0,0,0,0,0,0,0,0,0,0,1,0,0,0,0,1,1,0,0,0,0,0,1,0,0,1,0,0,0,1,liraglutide,28.5
14,112.0,42.0,8.0,129,NCT02527200,31,0.9259259259259257,24.07407407407407,26.0,1.0,1,0,0,1,0,0,1,0,0,0,0,0,0,0,0,0,0,0,0,0,0,0,0,0,0,1,0,0,0,0,1,1,0,0,0,0,0,1,0,0,1,0,0,0,1,liraglutide,26.4
14,112.0,42.0,8.0,130,NCT00781937,194,0.9259259259259257,25.925925925925924,28.0,1.0,1,0,0,1,0,0,1,0,0,0,0,0,0,0,0,0,0,0,0,0,0,0,0,0,0,1,0,0,0,0,1,1,0,0,0,1,0,0,0,0,1,0,0,0,1,liraglutide,21.04
14,112.0,42.0,8.0,136,NCT04074161,117,0.9259259259259257,31.481481481481477,34.0,1.0,1,0,0,1,0,0,1,0,0,0,0,0,0,0,0,0,0,0,0,0,0,0,0,0,0,1,0,0,0,0,1,1,0,0,0,1,0,0,0,0,1,0,0,0,1,liraglutide,22.3
14,112.0,42.0,8.0,150,NCT02647944,19,0.9259259259259257,7.4074074074074066,8.0,1.0,1,0,0,1,0,0,1,0,0,0,0,0,0,0,0,0,0,0,0,0,0,0,0,0,0,1,0,0,0,0,1,1,0,0,0,1,0,0,0,1,0,0,0,0,1,liraglutide,24.51180752125651
14,112.0,42.0,8.0,155,NCT03486392,108,0.9259259259259257,12.037037037037035,13.0,1.0,1,0,0,1,0,0,1,0,0,0,0,0,0,0,0,0,0,0,0,0,0,0,0,0,0,1,0,0,0,0,1,1,0,0,0,1,0,0,0,1,0,0,0,0,1,liraglutide,21.32
42,420.0,589.0,8.0,35,NCT02453711,96,0.9259259259259257,11.234567901234568,8.666666666666666,1.0,0,1,0,0,0,0,0,0,0,0,0,0,0,0,0,0,0,0,0,1,0,0,0,0,0,0,1,1,0,0,0,1,0,0,0,1,0,0,0,1,0,0,0,0,1,liraglutide,17.293055206813484
42,420.0,589.0,8.0,51,NCT00422058,94,0.3703703703703703,1.728395061728395,3.3333333333333335,1.0,0,1,0,0,0,0,0,0,0,0,0,0,0,0,0,0,0,0,0,1,0,0,0,0,0,0,1,1,0,0,0,1,0,0,0,1,0,0,0,1,0,0,0,0,1,liraglutide,20.55584646327821
42,420.0,589.0,8.0,52,NCT00422058,90,0.5555555555555555,2.5925925925925926,3.3333333333333335,1.0,0,1,0,0,0,0,0,0,0,0,0,0,0,0,0,0,0,0,0,1,0,0,0,0,0,0,1,1,0,0,0,1,0,0,0,1,0,0,0,1,0,0,0,0,1,liraglutide,19.82589473154818
42,420.0,589.0,8.0,53,NCT00422058,92,0.7407407407407406,3.45679012345679,3.3333333333333335,1.0,0,1,0,0,0,0,0,0,0,0,0,0,0,0,0,0,0,0,0,1,0,0,0,0,0,0,1,1,0,0,0,1,0,0,0,1,0,0,0,1,0,0,0,0,1,liraglutide,19.138985821642752
42,420.0,589.0,8.0,54,NCT00422058,92,0.9259259259259257,4.320987654320987,3.3333333333333335,1.0,0,1,0,0,0,0,0,0,0,0,0,0,0,0,0,0,0,0,0,1,0,0,0,0,0,0,1,1,0,0,0,1,0,0,0,1,0,0,0,1,0,0,0,0,1,liraglutide,18.051431099941688
42,420.0,589.0,8.0,61,NCT03158805,29,0.9259259259259257,8.641975308641975,6.666666666666667,1.0,0,1,0,0,0,0,0,0,0,0,0,0,0,0,0,0,0,0,0,1,0,0,0,0,0,0,1,1,0,0,0,1,0,0,0,1,0,0,0,1,0,0,0,0,1,liraglutide,19.263055206813483
42,420.0,589.0,8.0,102,NCT01272232,412,0.9259259259259257,12.098765432098766,9.333333333333334,1.0,0,1,0,0,0,0,0,0,0,0,0,0,0,0,0,0,0,0,0,1,0,0,0,0,0,0,1,1,0,0,0,1,0,0,0,1,0,0,0,0,1,0,0,0,1,liraglutide,18.863055206813485
42,420.0,589.0,8.0,103,NCT01272232,204,0.5555555555555555,7.2592592592592595,9.333333333333334,1.0,0,1,0,0,0,0,0,0,0,0,0,0,0,0,0,0,0,0,0,1,0,0,0,0,0,0,1,1,0,0,0,1,0,0,0,1,0,0,0,0,1,0,0,0,1,liraglutide,20.16305520681348
42,420.0,589.0,8.0,106,NCT01272219,2432,0.9259259259259257,12.098765432098766,9.333333333333334,1.0,0,1,0,0,0,0,0,0,0,0,0,0,0,0,0,0,0,0,0,1,0,0,0,0,0,0,1,1,0,0,0,1,0,0,0,1,0,0,0,0,1,0,0,0,1,liraglutide,17.403055206813484
42,420.0,589.0,8.0,107,NCT01272219,1467,0.9259259259259257,34.5679012345679,26.666666666666668,1.0,0,1,0,0,0,0,0,0,0,0,0,0,0,0,0,0,0,0,0,1,0,0,0,0,0,0,1,1,0,0,0,1,0,0,0,1,0,0,0,0,1,0,0,0,1,liraglutide,18.513055206813483
42,420.0,589.0,8.0,108,NCT01272219,349,0.9259259259259257,14.691358024691358,11.333333333333334,1.0,0,1,0,0,0,0,0,0,0,0,0,0,0,0,0,0,0,0,0,1,0,0,0,0,0,0,1,1,0,0,0,1,0,0,0,1,0,0,0,0,1,0,0,0,1,liraglutide,17.433055206813485
42,420.0,589.0,8.0,112,NCT01557166,175,0.9259259259259257,6.91358024691358,5.333333333333333,1.0,0,1,0,0,0,0,0,0,0,0,0,0,0,0,0,0,0,0,0,1,0,0,0,0,0,0,1,1,0,0,0,1,0,0,1,0,0,0,0,0,1,0,0,0,1,liraglutide,18.56163134047872
42,420.0,589.0,8.0,120,NCT02918279,125,0.9259259259259257,12.098765432098766,9.333333333333334,1.0,0,1,0,0,0,0,0,0,0,0,0,0,0,0,0,0,0,0,0,1,0,0,0,0,0,0,1,1,0,0,0,1,0,0,0,0,1,0,0,0,1,0,0,0,1,liraglutide,19.16305520681348
42,420.0,589.0,8.0,127,NCT02527200,17,0.9259259259259257,11.234567901234568,8.666666666666666,1.0,0,1,0,0,0,0,0,0,0,0,0,0,0,0,0,0,0,0,0,1,0,0,0,0,0,0,1,1,0,0,0,1,0,0,0,0,0,1,0,0,1,0,0,0,1,liraglutide,20.063055206813484
42,420.0,589.0,8.0,128,NCT02527200,14,0.9259259259259257,11.234567901234568,8.666666666666666,1.0,0,1,0,0,0,0,0,0,0,0,0,0,0,0,0,0,0,0,0,1,0,0,0,0,0,0,1,1,0,0,0,1,0,0,0,0,0,1,0,0,1,0,0,0,1,liraglutide,24.16305520681348
42,420.0,589.0,8.0,129,NCT02527200,31,0.9259259259259257,11.234567901234568,8.666666666666666,1.0,0,1,0,0,0,0,0,0,0,0,0,0,0,0,0,0,0,0,0,1,0,0,0,0,0,0,1,1,0,0,0,1,0,0,0,0,0,1,0,0,1,0,0,0,1,liraglutide,22.063055206813484
42,420.0,589.0,8.0,130,NCT00781937,194,0.9259259259259257,12.098765432098766,9.333333333333334,1.0,0,1,0,0,0,0,0,0,0,0,0,0,0,0,0,0,0,0,0,1,0,0,0,0,0,0,1,1,0,0,0,1,0,0,0,1,0,0,0,0,1,0,0,0,1,liraglutide,16.70305520681348
42,420.0,589.0,8.0,136,NCT04074161,117,0.9259259259259257,14.691358024691358,11.333333333333334,1.0,0,1,0,0,0,0,0,0,0,0,0,0,0,0,0,0,0,0,0,1,0,0,0,0,0,0,1,1,0,0,0,1,0,0,0,1,0,0,0,0,1,0,0,0,1,liraglutide,17.963055206813483
42,420.0,589.0,8.0,150,NCT02647944,19,0.9259259259259257,3.45679012345679,2.6666666666666665,1.0,0,1,0,0,0,0,0,0,0,0,0,0,0,0,0,0,0,0,0,1,0,0,0,0,0,0,1,1,0,0,0,1,0,0,0,1,0,0,0,1,0,0,0,0,1,liraglutide,20.174862728069996
42,420.0,589.0,8.0,155,NCT03486392,108,0.9259259259259257,5.617283950617284,4.333333333333333,1.0,0,1,0,0,0,0,0,0,0,0,0,0,0,0,0,0,0,0,0,1,0,0,0,0,0,0,1,1,0,0,0,1,0,0,0,1,0,0,0,1,0,0,0,0,1,liraglutide,16.983055206813482
84,63.0,42.3,10.0,151,NCT00005669,53,0.9876543209876543,4.232804232804233,2.142857142857143,1.0,1,0,1,0,0,0,1,0,0,0,0,0,0,0,0,0,0,0,0,0,0,0,0,0,0,1,0,0,0,0,1,1,0,0,0,0,1,0,0,1,0,0,0,1,0,metformin,20.86915243363351
35,119.0,41.1,12.0,151,NCT00005669,53,0.9876543209876543,10.158730158730158,5.142857142857143,1.0,1,0,1,0,0,0,1,0,0,0,0,0,0,0,0,0,0,0,0,0,0,0,0,0,0,1,0,0,0,0,1,1,0,0,0,0,1,0,0,1,0,0,0,1,0,metformin,2.8691524336335075
28,133.0,42.3,10.0,15,NCT02160990,10,0.06143449244984831,0.13164534096396066,1.0714285714285714,1.0,1,0,0,1,0,0,0,0,0,0,0,0,0,0,0,0,0,0,0,0,0,0,1,0,0,1,0,0,0,0,1,0,1,0,0,1,0,0,0,0,0,1,0,0,1,exenatide,3.3816004077471966
28,133.0,42.3,10.0,71,NCT00856609,31,0.12286898489969662,0.3071724622492416,1.25,1.0,1,0,0,1,0,0,0,0,0,0,0,0,0,0,0,0,0,0,0,0,0,0,1,0,0,1,0,0,0,0,1,0,1,0,1,0,0,0,0,0,1,0,0,0,1,exenatide,2.531574086974881
28,112.0,489.0,6.0,15,NCT02160990,10,0.01023908207497472,0.02194089016066011,1.0714285714285714,1.0,1,0,0,1,0,0,0,0,1,0,0,0,0,0,0,0,0,0,0,0,0,0,0,0,0,0,1,0,0,0,1,1,0,0,0,1,0,0,0,0,0,1,0,0,1,exenatide,6.581600407747197
28,112.0,489.0,6.0,71,NCT00856609,31,0.02047816414994944,0.051195410374873594,1.25,1.0,1,0,0,1,0,0,0,0,1,0,0,0,0,0,0,0,0,0,0,0,0,0,0,0,0,0,1,0,0,0,1,1,0,0,1,0,0,0,0,0,1,0,0,0,1,exenatide,5.731574086974882
28,182.0,43.0,11.0,177,NCT03596177,14,0.9934582364661878,1.4901873546992819,1.5,1.0,1,0,0,1,0,0,1,0,0,0,0,0,0,0,0,0,0,0,0,0,0,0,0,0,0,1,0,0,0,0,1,1,0,0,0,1,0,0,0,1,0,0,0,0,1,medi0382,20.92
28,182.0,43.0,11.0,177,NCT03596177,14,0.3311527454887293,0.49672911823309396,1.5,1.0,1,0,0,1,0,0,1,0,0,0,0,0,0,0,0,0,0,0,0,0,0,0,0,0,0,1,0,0,0,0,1,1,0,0,0,1,0,0,0,1,0,0,0,0,1,medi0382,29.92
28,182.0,43.0,11.0,35,NCT02453711,96,2.4683064515014315,32.0879838695186,13.0,1.0,1,0,0,1,0,0,1,0,0,0,0,0,0,0,0,0,0,0,0,0,0,0,0,0,0,1,0,0,0,0,1,1,0,0,0,1,0,0,0,1,0,0,0,0,1,liraglutide,18.03
28,182.0,43.0,11.0,51,NCT00422058,94,0.9873225806005725,4.936612903002862,5.0,1.0,1,0,0,1,0,0,1,0,0,0,0,0,0,0,0,0,0,0,0,0,0,0,0,0,0,1,0,0,0,0,1,1,0,0,0,1,0,0,0,1,0,0,0,0,1,liraglutide,21.29279125646473
28,182.0,43.0,11.0,52,NCT00422058,90,1.480983870900859,7.404919354504293,5.0,1.0,1,0,0,1,0,0,1,0,0,0,0,0,0,0,0,0,0,0,0,0,0,0,0,0,0,1,0,0,0,0,1,1,0,0,0,1,0,0,0,1,0,0,0,0,1,liraglutide,20.56283952473469
28,182.0,43.0,11.0,53,NCT00422058,92,1.974645161201145,9.873225806005724,5.0,1.0,1,0,0,1,0,0,1,0,0,0,0,0,0,0,0,0,0,0,0,0,0,0,0,0,0,1,0,0,0,0,1,1,0,0,0,1,0,0,0,1,0,0,0,0,1,liraglutide,19.87593061482927
28,182.0,43.0,11.0,54,NCT00422058,92,2.4683064515014315,12.341532257507156,5.0,1.0,1,0,0,1,0,0,1,0,0,0,0,0,0,0,0,0,0,0,0,0,0,0,0,0,0,1,0,0,0,0,1,1,0,0,0,1,0,0,0,1,0,0,0,0,1,liraglutide,18.788375893128205
28,182.0,43.0,11.0,61,NCT03158805,29,2.4683064515014315,24.683064515014312,10.0,1.0,1,0,0,1,0,0,1,0,0,0,0,0,0,0,0,0,0,0,0,0,0,0,0,0,0,1,0,0,0,0,1,1,0,0,0,1,0,0,0,1,0,0,0,0,1,liraglutide,20.0
28,182.0,43.0,11.0,102,NCT01272232,412,2.4683064515014315,34.556290321020036,14.0,1.0,1,0,0,1,0,0,1,0,0,0,0,0,0,0,0,0,0,0,0,0,0,0,0,0,0,1,0,0,0,0,1,1,0,0,0,1,0,0,0,0,1,0,0,0,1,liraglutide,19.6
28,182.0,43.0,11.0,103,NCT01272232,204,1.480983870900859,20.73377419261202,14.0,1.0,1,0,0,1,0,0,1,0,0,0,0,0,0,0,0,0,0,0,0,0,0,0,0,0,0,1,0,0,0,0,1,1,0,0,0,1,0,0,0,0,1,0,0,0,1,liraglutide,20.9
28,182.0,43.0,11.0,106,NCT01272219,2432,2.4683064515014315,34.556290321020036,14.0,1.0,1,0,0,1,0,0,1,0,0,0,0,0,0,0,0,0,0,0,0,0,0,0,0,0,0,1,0,0,0,0,1,1,0,0,0,1,0,0,0,0,1,0,0,0,1,liraglutide,18.14
28,182.0,43.0,11.0,107,NCT01272219,1467,2.4683064515014315,98.73225806005725,40.0,1.0,1,0,0,1,0,0,1,0,0,0,0,0,0,0,0,0,0,0,0,0,0,0,0,0,0,1,0,0,0,0,1,1,0,0,0,1,0,0,0,0,1,0,0,0,1,liraglutide,19.25
28,182.0,43.0,11.0,108,NCT01272219,349,2.4683064515014315,41.96120967552433,17.0,1.0,1,0,0,1,0,0,1,0,0,0,0,0,0,0,0,0,0,0,0,0,0,0,0,0,0,1,0,0,0,0,1,1,0,0,0,1,0,0,0,0,1,0,0,0,1,liraglutide,18.17
28,182.0,43.0,11.0,112,NCT01557166,175,2.4683064515014315,19.746451612011448,8.0,1.0,1,0,0,1,0,0,1,0,0,0,0,0,0,0,0,0,0,0,0,0,0,0,0,0,0,1,0,0,0,0,1,1,0,0,1,0,0,0,0,0,1,0,0,0,1,liraglutide,19.29857613366524
28,182.0,43.0,11.0,120,NCT02918279,125,2.4683064515014315,34.556290321020036,14.0,1.0,1,0,0,1,0,0,1,0,0,0,0,0,0,0,0,0,0,0,0,0,0,0,0,0,0,1,0,0,0,0,1,1,0,0,0,0,1,0,0,0,1,0,0,0,1,liraglutide,19.9
28,182.0,43.0,11.0,127,NCT02527200,17,2.4683064515014315,32.0879838695186,13.0,1.0,1,0,0,1,0,0,1,0,0,0,0,0,0,0,0,0,0,0,0,0,0,0,0,0,0,1,0,0,0,0,1,1,0,0,0,0,0,1,0,0,1,0,0,0,1,liraglutide,20.8
28,182.0,43.0,11.0,128,NCT02527200,14,2.4683064515014315,32.0879838695186,13.0,1.0,1,0,0,1,0,0,1,0,0,0,0,0,0,0,0,0,0,0,0,0,0,0,0,0,0,1,0,0,0,0,1,1,0,0,0,0,0,1,0,0,1,0,0,0,1,liraglutide,24.9
28,182.0,43.0,11.0,129,NCT02527200,31,2.4683064515014315,32.0879838695186,13.0,1.0,1,0,0,1,0,0,1,0,0,0,0,0,0,0,0,0,0,0,0,0,0,0,0,0,0,1,0,0,0,0,1,1,0,0,0,0,0,1,0,0,1,0,0,0,1,liraglutide,22.8
28,182.0,43.0,11.0,130,NCT00781937,194,2.4683064515014315,34.556290321020036,14.0,1.0,1,0,0,1,0,0,1,0,0,0,0,0,0,0,0,0,0,0,0,0,0,0,0,0,0,1,0,0,0,0,1,1,0,0,0,1,0,0,0,0,1,0,0,0,1,liraglutide,17.439999999999998
28,182.0,43.0,11.0,136,NCT04074161,117,2.4683064515014315,41.96120967552433,17.0,1.0,1,0,0,1,0,0,1,0,0,0,0,0,0,0,0,0,0,0,0,0,0,0,0,0,0,1,0,0,0,0,1,1,0,0,0,1,0,0,0,0,1,0,0,0,1,liraglutide,18.7
28,182.0,43.0,11.0,150,NCT02647944,19,2.4683064515014315,9.873225806005724,4.0,1.0,1,0,0,1,0,0,1,0,0,0,0,0,0,0,0,0,0,0,0,0,0,0,0,0,0,1,0,0,0,0,1,1,0,0,0,1,0,0,0,1,0,0,0,0,1,liraglutide,20.91180752125651
28,182.0,43.0,11.0,155,NCT03486392,108,2.4683064515014315,16.0439919347593,6.5,1.0,1,0,0,1,0,0,1,0,0,0,0,0,0,0,0,0,0,0,0,0,0,0,0,0,0,1,0,0,0,0,1,1,0,0,0,1,0,0,0,1,0,0,0,0,1,liraglutide,17.72
10,168.0,42.3,8.0,35,NCT02453711,96,9.873225806005726,359.3854193386084,36.4,1.0,1,0,0,1,0,0,1,0,0,0,0,0,0,0,0,0,0,0,0,0,0,0,0,0,0,1,0,0,0,0,1,1,0,0,0,1,0,0,0,1,0,0,0,0,1,liraglutide,2.53
10,168.0,42.3,8.0,51,NCT00422058,94,3.94929032240229,55.29006451363206,14.0,1.0,1,0,0,1,0,0,1,0,0,0,0,0,0,0,0,0,0,0,0,0,0,0,0,0,0,1,0,0,0,0,1,1,0,0,0,1,0,0,0,1,0,0,0,0,1,liraglutide,5.792791256464732
10,168.0,42.3,8.0,52,NCT00422058,90,5.923935483603436,82.9350967704481,14.0,1.0,1,0,0,1,0,0,1,0,0,0,0,0,0,0,0,0,0,0,0,0,0,0,0,0,0,1,0,0,0,0,1,1,0,0,0,1,0,0,0,1,0,0,0,0,1,liraglutide,5.062839524734694
10,168.0,42.3,8.0,53,NCT00422058,92,7.89858064480458,110.58012902726412,14.0,1.0,1,0,0,1,0,0,1,0,0,0,0,0,0,0,0,0,0,0,0,0,0,0,0,0,0,1,0,0,0,0,1,1,0,0,0,1,0,0,0,1,0,0,0,0,1,liraglutide,4.37593061482927
10,168.0,42.3,8.0,54,NCT00422058,92,9.873225806005726,138.22516128408014,14.0,1.0,1,0,0,1,0,0,1,0,0,0,0,0,0,0,0,0,0,0,0,0,0,0,0,0,0,1,0,0,0,0,1,1,0,0,0,1,0,0,0,1,0,0,0,0,1,liraglutide,3.2883758931282063
10,168.0,42.3,8.0,61,NCT03158805,29,9.873225806005726,276.4503225681603,28.0,1.0,1,0,0,1,0,0,1,0,0,0,0,0,0,0,0,0,0,0,0,0,0,0,0,0,0,1,0,0,0,0,1,1,0,0,0,1,0,0,0,1,0,0,0,0,1,liraglutide,4.5
10,168.0,42.3,8.0,102,NCT01272232,412,9.873225806005726,387.03045159542444,39.2,1.0,1,0,0,1,0,0,1,0,0,0,0,0,0,0,0,0,0,0,0,0,0,0,0,0,0,1,0,0,0,0,1,1,0,0,0,1,0,0,0,0,1,0,0,0,1,liraglutide,4.1
10,168.0,42.3,8.0,103,NCT01272232,204,5.923935483603436,232.21827095725467,39.2,1.0,1,0,0,1,0,0,1,0,0,0,0,0,0,0,0,0,0,0,0,0,0,0,0,0,0,1,0,0,0,0,1,1,0,0,0,1,0,0,0,0,1,0,0,0,1,liraglutide,5.4
10,168.0,42.3,8.0,106,NCT01272219,2432,9.873225806005726,387.03045159542444,39.2,1.0,1,0,0,1,0,0,1,0,0,0,0,0,0,0,0,0,0,0,0,0,0,0,0,0,0,1,0,0,0,0,1,1,0,0,0,1,0,0,0,0,1,0,0,0,1,liraglutide,2.64
10,168.0,42.3,8.0,107,NCT01272219,1467,9.873225806005726,1105.8012902726412,112.0,1.0,1,0,0,1,0,0,1,0,0,0,0,0,0,0,0,0,0,0,0,0,0,0,0,0,0,1,0,0,0,0,1,1,0,0,0,1,0,0,0,0,1,0,0,0,1,liraglutide,3.75
10,168.0,42.3,8.0,108,NCT01272219,349,9.873225806005726,469.9655483658725,47.6,1.0,1,0,0,1,0,0,1,0,0,0,0,0,0,0,0,0,0,0,0,0,0,0,0,0,0,1,0,0,0,0,1,1,0,0,0,1,0,0,0,0,1,0,0,0,1,liraglutide,2.67
10,168.0,42.3,8.0,112,NCT01557166,175,9.873225806005726,221.16025805452824,22.4,1.0,1,0,0,1,0,0,1,0,0,0,0,0,0,0,0,0,0,0,0,0,0,0,0,0,0,1,0,0,0,0,1,1,0,0,1,0,0,0,0,0,1,0,0,0,1,liraglutide,3.798576133665236
10,168.0,42.3,8.0,120,NCT02918279,125,9.873225806005726,387.03045159542444,39.2,1.0,1,0,0,1,0,0,1,0,0,0,0,0,0,0,0,0,0,0,0,0,0,0,0,0,0,1,0,0,0,0,1,1,0,0,0,0,1,0,0,0,1,0,0,0,1,liraglutide,4.4
10,168.0,42.3,8.0,127,NCT02527200,17,9.873225806005726,359.3854193386084,36.4,1.0,1,0,0,1,0,0,1,0,0,0,0,0,0,0,0,0,0,0,0,0,0,0,0,0,0,1,0,0,0,0,1,1,0,0,0,0,0,1,0,0,1,0,0,0,1,liraglutide,5.300000000000001
10,168.0,42.3,8.0,128,NCT02527200,14,9.873225806005726,359.3854193386084,36.4,1.0,1,0,0,1,0,0,1,0,0,0,0,0,0,0,0,0,0,0,0,0,0,0,0,0,0,1,0,0,0,0,1,1,0,0,0,0,0,1,0,0,1,0,0,0,1,liraglutide,9.4
10,168.0,42.3,8.0,129,NCT02527200,31,9.873225806005726,359.3854193386084,36.4,1.0,1,0,0,1,0,0,1,0,0,0,0,0,0,0,0,0,0,0,0,0,0,0,0,0,0,1,0,0,0,0,1,1,0,0,0,0,0,1,0,0,1,0,0,0,1,liraglutide,7.300000000000001
10,168.0,42.3,8.0,130,NCT00781937,194,9.873225806005726,387.03045159542444,39.2,1.0,1,0,0,1,0,0,1,0,0,0,0,0,0,0,0,0,0,0,0,0,0,0,0,0,0,1,0,0,0,0,1,1,0,0,0,1,0,0,0,0,1,0,0,0,1,liraglutide,1.9399999999999995
10,168.0,42.3,8.0,136,NCT04074161,117,9.873225806005726,469.9655483658725,47.6,1.0,1,0,0,1,0,0,1,0,0,0,0,0,0,0,0,0,0,0,0,0,0,0,0,0,0,1,0,0,0,0,1,1,0,0,0,1,0,0,0,0,1,0,0,0,1,liraglutide,3.1999999999999997
10,168.0,42.3,8.0,150,NCT02647944,19,9.873225806005726,110.58012902726412,11.2,1.0,1,0,0,1,0,0,1,0,0,0,0,0,0,0,0,0,0,0,0,0,0,0,0,0,0,1,0,0,0,0,1,1,0,0,0,1,0,0,0,1,0,0,0,0,1,liraglutide,5.4118075212565095
10,168.0,42.3,8.0,155,NCT03486392,108,9.873225806005726,179.6927096693042,18.2,1.0,1,0,0,1,0,0,1,0,0,0,0,0,0,0,0,0,0,0,0,0,0,0,0,0,0,1,0,0,0,0,1,1,0,0,0,1,0,0,0,1,0,0,0,0,1,liraglutide,2.22
21,42.0,21.31,5.0,151,NCT00005669,53,0.823045267489712,14.109347442680775,8.571428571428571,1.0,1,0,1,0,0,0,1,0,0,0,0,0,0,0,0,0,0,0,0,0,0,0,0,0,0,1,0,0,0,0,1,1,0,0,0,0,1,0,0,1,0,0,0,1,0,metformin,6.869152433633508
28,105.0,35.75,4.0,35,NCT02453711,96,32.91075268668575,1497.4392472442016,13.0,7.0,1,0,0,1,0,0,1,0,0,0,0,0,0,0,0,0,0,0,0,0,0,0,0,0,0,1,0,0,0,0,1,1,0,0,0,1,0,0,0,1,0,0,0,0,1,liraglutide,-0.3779999999999992
28,105.0,35.75,4.0,51,NCT00422058,94,13.164301074674299,230.37526880680025,5.0,7.0,1,0,0,1,0,0,1,0,0,0,0,0,0,0,0,0,0,0,0,0,0,0,0,0,0,1,0,0,0,0,1,1,0,0,0,1,0,0,0,1,0,0,0,0,1,liraglutide,2.884791256464732
28,105.0,35.75,4.0,52,NCT00422058,90,19.746451612011448,345.5629032102004,5.0,7.0,1,0,0,1,0,0,1,0,0,0,0,0,0,0,0,0,0,0,0,0,0,0,0,0,0,1,0,0,0,0,1,1,0,0,0,1,0,0,0,1,0,0,0,0,1,liraglutide,2.1548395247346948
28,105.0,35.75,4.0,53,NCT00422058,92,26.328602149348598,460.7505376136005,5.0,7.0,1,0,0,1,0,0,1,0,0,0,0,0,0,0,0,0,0,0,0,0,0,0,0,0,0,1,0,0,0,0,1,1,0,0,0,1,0,0,0,1,0,0,0,0,1,liraglutide,1.46793061482927
28,105.0,35.75,4.0,54,NCT00422058,92,32.91075268668575,575.9381720170006,5.0,7.0,1,0,0,1,0,0,1,0,0,0,0,0,0,0,0,0,0,0,0,0,0,0,0,0,0,1,0,0,0,0,1,1,0,0,0,1,0,0,0,1,0,0,0,0,1,liraglutide,0.3803758931282068
28,105.0,35.75,4.0,61,NCT03158805,29,32.91075268668575,1151.8763440340012,10.0,7.0,1,0,0,1,0,0,1,0,0,0,0,0,0,0,0,0,0,0,0,0,0,0,0,0,0,1,0,0,0,0,1,1,0,0,0,1,0,0,0,1,0,0,0,0,1,liraglutide,1.5920000000000003
28,105.0,35.75,4.0,102,NCT01272232,412,32.91075268668575,1612.6268816476017,14.0,7.0,1,0,0,1,0,0,1,0,0,0,0,0,0,0,0,0,0,0,0,0,0,0,0,0,0,1,0,0,0,0,1,1,0,0,0,1,0,0,0,0,1,0,0,0,1,liraglutide,1.1920000000000002
28,105.0,35.75,4.0,103,NCT01272232,204,19.746451612011448,967.576128988561,14.0,7.0,1,0,0,1,0,0,1,0,0,0,0,0,0,0,0,0,0,0,0,0,0,0,0,0,0,1,0,0,0,0,1,1,0,0,0,1,0,0,0,0,1,0,0,0,1,liraglutide,2.492000000000001
28,105.0,35.75,4.0,106,NCT01272219,2432,32.91075268668575,1612.6268816476017,14.0,7.0,1,0,0,1,0,0,1,0,0,0,0,0,0,0,0,0,0,0,0,0,0,0,0,0,0,1,0,0,0,0,1,1,0,0,0,1,0,0,0,0,1,0,0,0,1,liraglutide,-0.2679999999999998
28,105.0,35.75,4.0,107,NCT01272219,1467,32.91075268668575,4607.505376136005,40.0,7.0,1,0,0,1,0,0,1,0,0,0,0,0,0,0,0,0,0,0,0,0,0,0,0,0,0,1,0,0,0,0,1,1,0,0,0,1,0,0,0,0,1,0,0,0,1,liraglutide,0.8420000000000005
28,105.0,35.75,4.0,108,NCT01272219,349,32.91075268668575,1958.1897848578021,17.0,7.0,1,0,0,1,0,0,1,0,0,0,0,0,0,0,0,0,0,0,0,0,0,0,0,0,0,1,0,0,0,0,1,1,0,0,0,1,0,0,0,0,1,0,0,0,1,liraglutide,-0.2379999999999995
28,105.0,35.75,4.0,112,NCT01557166,175,32.91075268668575,921.501075227201,8.0,7.0,1,0,0,1,0,0,1,0,0,0,0,0,0,0,0,0,0,0,0,0,0,0,0,0,0,1,0,0,0,0,1,1,0,0,1,0,0,0,0,0,1,0,0,0,1,liraglutide,0.8905761336652365
28,105.0,35.75,4.0,120,NCT02918279,125,32.91075268668575,1612.6268816476017,14.0,7.0,1,0,0,1,0,0,1,0,0,0,0,0,0,0,0,0,0,0,0,0,0,0,0,0,0,1,0,0,0,0,1,1,0,0,0,0,1,0,0,0,1,0,0,0,1,liraglutide,1.4920000000000004
28,105.0,35.75,4.0,127,NCT02527200,17,32.91075268668575,1497.4392472442016,13.0,7.0,1,0,0,1,0,0,1,0,0,0,0,0,0,0,0,0,0,0,0,0,0,0,0,0,0,1,0,0,0,0,1,1,0,0,0,0,0,1,0,0,1,0,0,0,1,liraglutide,2.392000000000001
28,105.0,35.75,4.0,128,NCT02527200,14,32.91075268668575,1497.4392472442016,13.0,7.0,1,0,0,1,0,0,1,0,0,0,0,0,0,0,0,0,0,0,0,0,0,0,0,0,0,1,0,0,0,0,1,1,0,0,0,0,0,1,0,0,1,0,0,0,1,liraglutide,6.492
28,105.0,35.75,4.0,129,NCT02527200,31,32.91075268668575,1497.4392472442016,13.0,7.0,1,0,0,1,0,0,1,0,0,0,0,0,0,0,0,0,0,0,0,0,0,0,0,0,0,1,0,0,0,0,1,1,0,0,0,0,0,1,0,0,1,0,0,0,1,liraglutide,4.392000000000001
28,105.0,35.75,4.0,130,NCT00781937,194,32.91075268668575,1612.6268816476017,14.0,7.0,1,0,0,1,0,0,1,0,0,0,0,0,0,0,0,0,0,0,0,0,0,0,0,0,0,1,0,0,0,0,1,1,0,0,0,1,0,0,0,0,1,0,0,0,1,liraglutide,-0.968
28,105.0,35.75,4.0,136,NCT04074161,117,32.91075268668575,1958.1897848578021,17.0,7.0,1,0,0,1,0,0,1,0,0,0,0,0,0,0,0,0,0,0,0,0,0,0,0,0,0,1,0,0,0,0,1,1,0,0,0,1,0,0,0,0,1,0,0,0,1,liraglutide,0.2919999999999998
28,105.0,35.75,4.0,150,NCT02647944,19,32.91075268668575,460.7505376136005,4.0,7.0,1,0,0,1,0,0,1,0,0,0,0,0,0,0,0,0,0,0,0,0,0,0,0,0,0,1,0,0,0,0,1,1,0,0,0,1,0,0,0,1,0,0,0,0,1,liraglutide,2.5038075212565105
28,105.0,35.75,4.0,155,NCT03486392,108,32.91075268668575,748.7196236221008,6.5,7.0,1,0,0,1,0,0,1,0,0,0,0,0,0,0,0,0,0,0,0,0,0,0,0,0,0,1,0,0,0,0,1,1,0,0,0,1,0,0,0,1,0,0,0,0,1,liraglutide,-0.6879999999999997
49,105.0,29.17,6.0,35,NCT02453711,96,0.12345679012345678,3.2098765432098766,7.428571428571429,7.0,1,0,0,1,0,0,1,0,0,0,0,0,0,0,0,0,0,0,0,0,0,0,0,0,0,1,0,0,0,0,1,1,0,0,0,1,0,0,0,1,0,0,0,0,1,liraglutide,5.360000000000002
49,105.0,29.17,6.0,51,NCT00422058,94,0.04938271604938271,0.4938271604938272,2.857142857142857,7.0,1,0,0,1,0,0,1,0,0,0,0,0,0,0,0,0,0,0,0,0,0,0,0,0,0,1,0,0,0,0,1,1,0,0,0,1,0,0,0,1,0,0,0,0,1,liraglutide,8.622791256464733
49,105.0,29.17,6.0,52,NCT00422058,90,0.07407407407407407,0.7407407407407408,2.857142857142857,7.0,1,0,0,1,0,0,1,0,0,0,0,0,0,0,0,0,0,0,0,0,0,0,0,0,0,1,0,0,0,0,1,1,0,0,0,1,0,0,0,1,0,0,0,0,1,liraglutide,7.892839524734696
49,105.0,29.17,6.0,53,NCT00422058,92,0.09876543209876543,0.9876543209876544,2.857142857142857,7.0,1,0,0,1,0,0,1,0,0,0,0,0,0,0,0,0,0,0,0,0,0,0,0,0,0,1,0,0,0,0,1,1,0,0,0,1,0,0,0,1,0,0,0,0,1,liraglutide,7.205930614829271
49,105.0,29.17,6.0,54,NCT00422058,92,0.12345679012345678,1.2345679012345678,2.857142857142857,7.0,1,0,0,1,0,0,1,0,0,0,0,0,0,0,0,0,0,0,0,0,0,0,0,0,0,1,0,0,0,0,1,1,0,0,0,1,0,0,0,1,0,0,0,0,1,liraglutide,6.118375893128208
49,105.0,29.17,6.0,61,NCT03158805,29,0.12345679012345678,2.4691358024691357,5.714285714285714,7.0,1,0,0,1,0,0,1,0,0,0,0,0,0,0,0,0,0,0,0,0,0,0,0,0,0,1,0,0,0,0,1,1,0,0,0,1,0,0,0,1,0,0,0,0,1,liraglutide,7.330000000000002
49,105.0,29.17,6.0,102,NCT01272232,412,0.12345679012345678,3.4567901234567904,8.0,7.0,1,0,0,1,0,0,1,0,0,0,0,0,0,0,0,0,0,0,0,0,0,0,0,0,0,1,0,0,0,0,1,1,0,0,0,1,0,0,0,0,1,0,0,0,1,liraglutide,6.9300000000000015
49,105.0,29.17,6.0,103,NCT01272232,204,0.07407407407407407,2.0740740740740744,8.0,7.0,1,0,0,1,0,0,1,0,0,0,0,0,0,0,0,0,0,0,0,0,0,0,0,0,0,1,0,0,0,0,1,1,0,0,0,1,0,0,0,0,1,0,0,0,1,liraglutide,8.230000000000002
49,105.0,29.17,6.0,106,NCT01272219,2432,0.12345679012345678,3.4567901234567904,8.0,7.0,1,0,0,1,0,0,1,0,0,0,0,0,0,0,0,0,0,0,0,0,0,0,0,0,0,1,0,0,0,0,1,1,0,0,0,1,0,0,0,0,1,0,0,0,1,liraglutide,5.4700000000000015
49,105.0,29.17,6.0,107,NCT01272219,1467,0.12345679012345678,9.876543209876543,22.857142857142858,7.0,1,0,0,1,0,0,1,0,0,0,0,0,0,0,0,0,0,0,0,0,0,0,0,0,0,1,0,0,0,0,1,1,0,0,0,1,0,0,0,0,1,0,0,0,1,liraglutide,6.580000000000002
49,105.0,29.17,6.0,108,NCT01272219,349,0.12345679012345678,4.197530864197531,9.714285714285714,7.0,1,0,0,1,0,0,1,0,0,0,0,0,0,0,0,0,0,0,0,0,0,0,0,0,0,1,0,0,0,0,1,1,0,0,0,1,0,0,0,0,1,0,0,0,1,liraglutide,5.500000000000002
49,105.0,29.17,6.0,112,NCT01557166,175,0.12345679012345678,1.9753086419753088,4.571428571428571,7.0,1,0,0,1,0,0,1,0,0,0,0,0,0,0,0,0,0,0,0,0,0,0,0,0,0,1,0,0,0,0,1,1,0,0,1,0,0,0,0,0,1,0,0,0,1,liraglutide,6.628576133665238
49,105.0,29.17,6.0,120,NCT02918279,125,0.12345679012345678,3.4567901234567904,8.0,7.0,1,0,0,1,0,0,1,0,0,0,0,0,0,0,0,0,0,0,0,0,0,0,0,0,0,1,0,0,0,0,1,1,0,0,0,0,1,0,0,0,1,0,0,0,1,liraglutide,7.230000000000002
49,105.0,29.17,6.0,127,NCT02527200,17,0.12345679012345678,3.2098765432098766,7.428571428571429,7.0,1,0,0,1,0,0,1,0,0,0,0,0,0,0,0,0,0,0,0,0,0,0,0,0,0,1,0,0,0,0,1,1,0,0,0,0,0,1,0,0,1,0,0,0,1,liraglutide,8.130000000000003
49,105.0,29.17,6.0,128,NCT02527200,14,0.12345679012345678,3.2098765432098766,7.428571428571429,7.0,1,0,0,1,0,0,1,0,0,0,0,0,0,0,0,0,0,0,0,0,0,0,0,0,0,1,0,0,0,0,1,1,0,0,0,0,0,1,0,0,1,0,0,0,1,liraglutide,12.23
49,105.0,29.17,6.0,129,NCT02527200,31,0.12345679012345678,3.2098765432098766,7.428571428571429,7.0,1,0,0,1,0,0,1,0,0,0,0,0,0,0,0,0,0,0,0,0,0,0,0,0,0,1,0,0,0,0,1,1,0,0,0,0,0,1,0,0,1,0,0,0,1,liraglutide,10.130000000000004
49,105.0,29.17,6.0,130,NCT00781937,194,0.12345679012345678,3.4567901234567904,8.0,7.0,1,0,0,1,0,0,1,0,0,0,0,0,0,0,0,0,0,0,0,0,0,0,0,0,0,1,0,0,0,0,1,1,0,0,0,1,0,0,0,0,1,0,0,0,1,liraglutide,4.770000000000001
49,105.0,29.17,6.0,136,NCT04074161,117,0.12345679012345678,4.197530864197531,9.714285714285714,7.0,1,0,0,1,0,0,1,0,0,0,0,0,0,0,0,0,0,0,0,0,0,0,0,0,0,1,0,0,0,0,1,1,0,0,0,1,0,0,0,0,1,0,0,0,1,liraglutide,6.030000000000001
49,105.0,29.17,6.0,150,NCT02647944,19,0.12345679012345678,0.9876543209876544,2.2857142857142856,7.0,1,0,0,1,0,0,1,0,0,0,0,0,0,0,0,0,0,0,0,0,0,0,0,0,0,1,0,0,0,0,1,1,0,0,0,1,0,0,0,1,0,0,0,0,1,liraglutide,8.241807521256511
49,105.0,29.17,6.0,155,NCT03486392,108,0.12345679012345678,1.6049382716049383,3.7142857142857144,7.0,1,0,0,1,0,0,1,0,0,0,0,0,0,0,0,0,0,0,0,0,0,0,0,0,0,1,0,0,0,0,1,1,0,0,0,1,0,0,0,1,0,0,0,0,1,liraglutide,5.050000000000002
28,84.0,340.0,9.0,151,NCT00005669,53,2.05761316872428,26.455026455026452,6.428571428571429,1.0,1,0,1,0,0,0,0,0,1,0,0,0,0,0,0,0,0,0,0,0,0,0,0,0,0,0,1,0,0,0,1,1,0,0,0,0,1,0,0,1,0,0,0,1,0,metformin,-2.1308475663664925
28,84.0,340.0,9.0,151,NCT00005669,53,1.2345679012345678,15.873015873015873,6.428571428571429,1.0,1,0,1,0,0,0,0,0,1,0,0,0,0,0,0,0,0,0,0,0,0,0,0,0,0,0,1,0,0,0,1,1,0,0,0,0,1,0,0,1,0,0,0,1,0,metformin,17.86915243363351
98,357.0,337.82,7.0,151,NCT00005669,53,2.4691358024691357,9.070294784580499,1.836734693877551,1.0,0,0,0,1,0,0,0,0,0,0,0,0,0,0,0,0,0,1,0,0,0,0,0,0,0,0,1,0,0,1,0,1,0,0,0,0,1,0,0,1,0,0,0,1,0,metformin,-2.7908475663664927
98,357.0,556.31,8.0,151,NCT00005669,53,2.4691358024691357,9.070294784580499,1.836734693877551,1.0,0,0,0,1,0,0,0,0,0,0,0,0,0,0,0,0,0,1,0,0,0,0,0,0,0,0,1,0,0,0,1,1,0,0,0,0,1,0,0,1,0,0,0,1,0,metformin,0.6991524336335058
98,357.0,337.82,7.0,35,NCT02453711,96,0.617283950617284,2.292768959435626,3.7142857142857144,1.0,1,0,0,1,0,0,0,0,0,0,0,0,0,0,0,0,0,1,0,0,0,0,0,0,0,0,1,0,0,1,0,1,0,0,0,1,0,0,0,1,0,0,0,0,1,liraglutide,13.170000000000002
98,357.0,337.82,7.0,51,NCT00422058,94,0.2469135802469136,0.35273368606701944,1.4285714285714286,1.0,1,0,0,1,0,0,0,0,0,0,0,0,0,0,0,0,0,1,0,0,0,0,0,0,0,0,1,0,0,1,0,1,0,0,0,1,0,0,0,1,0,0,0,0,1,liraglutide,16.432791256464732
98,357.0,337.82,7.0,52,NCT00422058,90,0.3703703703703704,0.5291005291005292,1.4285714285714286,1.0,1,0,0,1,0,0,0,0,0,0,0,0,0,0,0,0,0,1,0,0,0,0,0,0,0,0,1,0,0,1,0,1,0,0,0,1,0,0,0,1,0,0,0,0,1,liraglutide,15.702839524734696
98,357.0,337.82,7.0,53,NCT00422058,92,0.4938271604938272,0.7054673721340389,1.4285714285714286,1.0,1,0,0,1,0,0,0,0,0,0,0,0,0,0,0,0,0,1,0,0,0,0,0,0,0,0,1,0,0,1,0,1,0,0,0,1,0,0,0,1,0,0,0,0,1,liraglutide,15.01593061482927
98,357.0,337.82,7.0,54,NCT00422058,92,0.617283950617284,0.8818342151675486,1.4285714285714286,1.0,1,0,0,1,0,0,0,0,0,0,0,0,0,0,0,0,0,1,0,0,0,0,0,0,0,0,1,0,0,1,0,1,0,0,0,1,0,0,0,1,0,0,0,0,1,liraglutide,13.928375893128209
98,357.0,337.82,7.0,61,NCT03158805,29,0.617283950617284,1.7636684303350971,2.857142857142857,1.0,1,0,0,1,0,0,0,0,0,0,0,0,0,0,0,0,0,1,0,0,0,0,0,0,0,0,1,0,0,1,0,1,0,0,0,1,0,0,0,1,0,0,0,0,1,liraglutide,15.14
98,357.0,337.82,7.0,102,NCT01272232,412,0.617283950617284,2.469135802469136,4.0,1.0,1,0,0,1,0,0,0,0,0,0,0,0,0,0,0,0,0,1,0,0,0,0,0,0,0,0,1,0,0,1,0,1,0,0,0,1,0,0,0,0,1,0,0,0,1,liraglutide,14.74
98,357.0,337.82,7.0,103,NCT01272232,204,0.3703703703703704,1.4814814814814816,4.0,1.0,1,0,0,1,0,0,0,0,0,0,0,0,0,0,0,0,0,1,0,0,0,0,0,0,0,0,1,0,0,1,0,1,0,0,0,1,0,0,0,0,1,0,0,0,1,liraglutide,16.04
98,357.0,337.82,7.0,106,NCT01272219,2432,0.617283950617284,2.469135802469136,4.0,1.0,1,0,0,1,0,0,0,0,0,0,0,0,0,0,0,0,0,1,0,0,0,0,0,0,0,0,1,0,0,1,0,1,0,0,0,1,0,0,0,0,1,0,0,0,1,liraglutide,13.28
98,357.0,337.82,7.0,107,NCT01272219,1467,0.617283950617284,7.0546737213403885,11.428571428571429,1.0,1,0,0,1,0,0,0,0,0,0,0,0,0,0,0,0,0,1,0,0,0,0,0,0,0,0,1,0,0,1,0,1,0,0,0,1,0,0,0,0,1,0,0,0,1,liraglutide,14.39
98,357.0,337.82,7.0,108,NCT01272219,349,0.617283950617284,2.998236331569665,4.857142857142857,1.0,1,0,0,1,0,0,0,0,0,0,0,0,0,0,0,0,0,1,0,0,0,0,0,0,0,0,1,0,0,1,0,1,0,0,0,1,0,0,0,0,1,0,0,0,1,liraglutide,13.31
98,357.0,337.82,7.0,112,NCT01557166,175,0.617283950617284,1.4109347442680777,2.2857142857142856,1.0,1,0,0,1,0,0,0,0,0,0,0,0,0,0,0,0,0,1,0,0,0,0,0,0,0,0,1,0,0,1,0,1,0,0,1,0,0,0,0,0,1,0,0,0,1,liraglutide,14.438576133665237
98,357.0,337.82,7.0,120,NCT02918279,125,0.617283950617284,2.469135802469136,4.0,1.0,1,0,0,1,0,0,0,0,0,0,0,0,0,0,0,0,0,1,0,0,0,0,0,0,0,0,1,0,0,1,0,1,0,0,0,0,1,0,0,0,1,0,0,0,1,liraglutide,15.04
98,357.0,337.82,7.0,127,NCT02527200,17,0.617283950617284,2.292768959435626,3.7142857142857144,1.0,1,0,0,1,0,0,0,0,0,0,0,0,0,0,0,0,0,1,0,0,0,0,0,0,0,0,1,0,0,1,0,1,0,0,0,0,0,1,0,0,1,0,0,0,1,liraglutide,15.94
98,357.0,337.82,7.0,128,NCT02527200,14,0.617283950617284,2.292768959435626,3.7142857142857144,1.0,1,0,0,1,0,0,0,0,0,0,0,0,0,0,0,0,0,1,0,0,0,0,0,0,0,0,1,0,0,1,0,1,0,0,0,0,0,1,0,0,1,0,0,0,1,liraglutide,20.04
98,357.0,337.82,7.0,129,NCT02527200,31,0.617283950617284,2.292768959435626,3.7142857142857144,1.0,1,0,0,1,0,0,0,0,0,0,0,0,0,0,0,0,0,1,0,0,0,0,0,0,0,0,1,0,0,1,0,1,0,0,0,0,0,1,0,0,1,0,0,0,1,liraglutide,17.94
98,357.0,337.82,7.0,130,NCT00781937,194,0.617283950617284,2.469135802469136,4.0,1.0,1,0,0,1,0,0,0,0,0,0,0,0,0,0,0,0,0,1,0,0,0,0,0,0,0,0,1,0,0,1,0,1,0,0,0,1,0,0,0,0,1,0,0,0,1,liraglutide,12.58
98,357.0,337.82,7.0,136,NCT04074161,117,0.617283950617284,2.998236331569665,4.857142857142857,1.0,1,0,0,1,0,0,0,0,0,0,0,0,0,0,0,0,0,1,0,0,0,0,0,0,0,0,1,0,0,1,0,1,0,0,0,1,0,0,0,0,1,0,0,0,1,liraglutide,13.84
98,357.0,337.82,7.0,150,NCT02647944,19,0.617283950617284,0.7054673721340389,1.1428571428571428,1.0,1,0,0,1,0,0,0,0,0,0,0,0,0,0,0,0,0,1,0,0,0,0,0,0,0,0,1,0,0,1,0,1,0,0,0,1,0,0,0,1,0,0,0,0,1,liraglutide,16.05180752125651
98,357.0,337.82,7.0,155,NCT03486392,108,0.617283950617284,1.146384479717813,1.8571428571428572,1.0,1,0,0,1,0,0,0,0,0,0,0,0,0,0,0,0,0,1,0,0,0,0,0,0,0,0,1,0,0,1,0,1,0,0,0,1,0,0,0,1,0,0,0,0,1,liraglutide,12.86
98,357.0,556.31,8.0,35,NCT02453711,96,0.617283950617284,2.292768959435626,3.7142857142857144,1.0,1,0,0,1,0,0,0,0,0,0,0,0,0,0,0,0,0,1,0,0,0,0,0,0,0,0,1,0,0,0,1,1,0,0,0,1,0,0,0,1,0,0,0,0,1,liraglutide,6.249999999999999
98,357.0,556.31,8.0,51,NCT00422058,94,0.2469135802469136,0.35273368606701944,1.4285714285714286,1.0,1,0,0,1,0,0,0,0,0,0,0,0,0,0,0,0,0,1,0,0,0,0,0,0,0,0,1,0,0,0,1,1,0,0,0,1,0,0,0,1,0,0,0,0,1,liraglutide,9.51279125646473
98,357.0,556.31,8.0,52,NCT00422058,90,0.3703703703703704,0.5291005291005292,1.4285714285714286,1.0,1,0,0,1,0,0,0,0,0,0,0,0,0,0,0,0,0,1,0,0,0,0,0,0,0,0,1,0,0,0,1,1,0,0,0,1,0,0,0,1,0,0,0,0,1,liraglutide,8.782839524734694
98,357.0,556.31,8.0,53,NCT00422058,92,0.4938271604938272,0.7054673721340389,1.4285714285714286,1.0,1,0,0,1,0,0,0,0,0,0,0,0,0,0,0,0,0,1,0,0,0,0,0,0,0,0,1,0,0,0,1,1,0,0,0,1,0,0,0,1,0,0,0,0,1,liraglutide,8.095930614829268
98,357.0,556.31,8.0,54,NCT00422058,92,0.617283950617284,0.8818342151675486,1.4285714285714286,1.0,1,0,0,1,0,0,0,0,0,0,0,0,0,0,0,0,0,1,0,0,0,0,0,0,0,0,1,0,0,0,1,1,0,0,0,1,0,0,0,1,0,0,0,0,1,liraglutide,7.008375893128205
98,357.0,556.31,8.0,61,NCT03158805,29,0.617283950617284,1.7636684303350971,2.857142857142857,1.0,1,0,0,1,0,0,0,0,0,0,0,0,0,0,0,0,0,1,0,0,0,0,0,0,0,0,1,0,0,0,1,1,0,0,0,1,0,0,0,1,0,0,0,0,1,liraglutide,8.219999999999999
98,357.0,556.31,8.0,102,NCT01272232,412,0.617283950617284,2.469135802469136,4.0,1.0,1,0,0,1,0,0,0,0,0,0,0,0,0,0,0,0,0,1,0,0,0,0,0,0,0,0,1,0,0,0,1,1,0,0,0,1,0,0,0,0,1,0,0,0,1,liraglutide,7.8199999999999985
98,357.0,556.31,8.0,103,NCT01272232,204,0.3703703703703704,1.4814814814814816,4.0,1.0,1,0,0,1,0,0,0,0,0,0,0,0,0,0,0,0,0,1,0,0,0,0,0,0,0,0,1,0,0,0,1,1,0,0,0,1,0,0,0,0,1,0,0,0,1,liraglutide,9.12
98,357.0,556.31,8.0,106,NCT01272219,2432,0.617283950617284,2.469135802469136,4.0,1.0,1,0,0,1,0,0,0,0,0,0,0,0,0,0,0,0,0,1,0,0,0,0,0,0,0,0,1,0,0,0,1,1,0,0,0,1,0,0,0,0,1,0,0,0,1,liraglutide,6.359999999999999
98,357.0,556.31,8.0,107,NCT01272219,1467,0.617283950617284,7.0546737213403885,11.428571428571429,1.0,1,0,0,1,0,0,0,0,0,0,0,0,0,0,0,0,0,1,0,0,0,0,0,0,0,0,1,0,0,0,1,1,0,0,0,1,0,0,0,0,1,0,0,0,1,liraglutide,7.469999999999999
98,357.0,556.31,8.0,108,NCT01272219,349,0.617283950617284,2.998236331569665,4.857142857142857,1.0,1,0,0,1,0,0,0,0,0,0,0,0,0,0,0,0,0,1,0,0,0,0,0,0,0,0,1,0,0,0,1,1,0,0,0,1,0,0,0,0,1,0,0,0,1,liraglutide,6.389999999999999
98,357.0,556.31,8.0,112,NCT01557166,175,0.617283950617284,1.4109347442680777,2.2857142857142856,1.0,1,0,0,1,0,0,0,0,0,0,0,0,0,0,0,0,0,1,0,0,0,0,0,0,0,0,1,0,0,0,1,1,0,0,1,0,0,0,0,0,1,0,0,0,1,liraglutide,7.518576133665235
98,357.0,556.31,8.0,120,NCT02918279,125,0.617283950617284,2.469135802469136,4.0,1.0,1,0,0,1,0,0,0,0,0,0,0,0,0,0,0,0,0,1,0,0,0,0,0,0,0,0,1,0,0,0,1,1,0,0,0,0,1,0,0,0,1,0,0,0,1,liraglutide,8.12
98,357.0,556.31,8.0,127,NCT02527200,17,0.617283950617284,2.292768959435626,3.7142857142857144,1.0,1,0,0,1,0,0,0,0,0,0,0,0,0,0,0,0,0,1,0,0,0,0,0,0,0,0,1,0,0,0,1,1,0,0,0,0,0,1,0,0,1,0,0,0,1,liraglutide,9.02
98,357.0,556.31,8.0,128,NCT02527200,14,0.617283950617284,2.292768959435626,3.7142857142857144,1.0,1,0,0,1,0,0,0,0,0,0,0,0,0,0,0,0,0,1,0,0,0,0,0,0,0,0,1,0,0,0,1,1,0,0,0,0,0,1,0,0,1,0,0,0,1,liraglutide,13.119999999999996
98,357.0,556.31,8.0,129,NCT02527200,31,0.617283950617284,2.292768959435626,3.7142857142857144,1.0,1,0,0,1,0,0,0,0,0,0,0,0,0,0,0,0,0,1,0,0,0,0,0,0,0,0,1,0,0,0,1,1,0,0,0,0,0,1,0,0,1,0,0,0,1,liraglutide,11.02
98,357.0,556.31,8.0,130,NCT00781937,194,0.617283950617284,2.469135802469136,4.0,1.0,1,0,0,1,0,0,0,0,0,0,0,0,0,0,0,0,0,1,0,0,0,0,0,0,0,0,1,0,0,0,1,1,0,0,0,1,0,0,0,0,1,0,0,0,1,liraglutide,5.659999999999998
98,357.0,556.31,8.0,136,NCT04074161,117,0.617283950617284,2.998236331569665,4.857142857142857,1.0,1,0,0,1,0,0,0,0,0,0,0,0,0,0,0,0,0,1,0,0,0,0,0,0,0,0,1,0,0,0,1,1,0,0,0,1,0,0,0,0,1,0,0,0,1,liraglutide,6.919999999999998
98,357.0,556.31,8.0,150,NCT02647944,19,0.617283950617284,0.7054673721340389,1.1428571428571428,1.0,1,0,0,1,0,0,0,0,0,0,0,0,0,0,0,0,0,1,0,0,0,0,0,0,0,0,1,0,0,0,1,1,0,0,0,1,0,0,0,1,0,0,0,0,1,liraglutide,9.131807521256508
98,357.0,556.31,8.0,155,NCT03486392,108,0.617283950617284,1.146384479717813,1.8571428571428572,1.0,1,0,0,1,0,0,0,0,0,0,0,0,0,0,0,0,0,1,0,0,0,0,0,0,0,0,1,0,0,0,1,1,0,0,0,1,0,0,0,1,0,0,0,0,1,liraglutide,5.939999999999999
27,112.0,609.7,15.0,151,NCT00005669,53,0.411522633744856,5.486968449931413,6.666666666666667,1.0,1,0,1,0,0,0,0,0,0,0,0,0,0,0,0,0,0,1,0,0,0,0,0,0,0,0,1,0,0,0,1,1,0,0,0,0,1,0,0,1,0,0,0,1,0,metformin,1.8691524336335077
8,133.0,50.9,8.0,16,NCT03611582,407,72.02774775346305,612.2358559044229,59.5,0.14285714285714285,1,0,0,1,0,0,1,0,0,0,0,0,0,0,0,0,0,0,0,0,0,0,0,0,0,1,0,0,0,0,1,1,0,0,0,1,0,0,0,0,1,0,0,0,1,semaglutide,-5.500000000000002
8,133.0,50.9,8.0,28,NCT02453711,92,1.500578078197147,68.27630255796873,45.5,1.0,1,0,0,1,0,0,1,0,0,0,0,0,0,0,0,0,0,0,0,0,0,0,0,0,0,1,0,0,0,0,1,1,0,0,0,1,0,0,0,1,0,0,0,0,1,semaglutide,2.3
8,133.0,50.9,8.0,29,NCT02453711,96,3.001156156394294,136.55260511593747,45.5,1.0,1,0,0,1,0,0,1,0,0,0,0,0,0,0,0,0,0,0,0,0,0,0,0,0,0,1,0,0,0,0,1,1,0,0,0,1,0,0,0,1,0,0,0,0,1,semaglutide,-0.3299999999999992
8,133.0,50.9,8.0,30,NCT02453711,94,6.002312312788588,273.10521023187493,45.5,1.0,1,0,0,1,0,0,1,0,0,0,0,0,0,0,0,0,0,0,0,0,0,0,0,0,0,1,0,0,0,0,1,1,0,0,0,1,0,0,0,1,0,0,0,0,1,semaglutide,-3.3099999999999987
8,133.0,50.9,8.0,31,NCT02453711,95,9.00346846918288,409.6578153478124,45.5,1.0,1,0,0,1,0,0,1,0,0,0,0,0,0,0,0,0,0,0,0,0,0,0,0,0,0,1,0,0,0,0,1,1,0,0,0,1,0,0,0,1,0,0,0,0,1,semaglutide,-2.879999999999999
8,133.0,50.9,8.0,32,NCT02453711,100,12.004624625577176,546.2104204637499,45.5,1.0,1,0,0,1,0,0,1,0,0,0,0,0,0,0,0,0,0,0,0,0,0,0,0,0,0,1,0,0,0,0,1,1,0,0,0,1,0,0,0,1,0,0,0,0,1,semaglutide,-5.550000000000001
8,133.0,50.9,8.0,33,NCT02453711,95,9.00346846918288,409.6578153478124,45.5,1.0,1,0,0,1,0,0,1,0,0,0,0,0,0,0,0,0,0,0,0,0,0,0,0,0,0,1,0,0,0,0,1,1,0,0,0,1,0,0,0,1,0,0,0,0,1,semaglutide,-3.09
8,133.0,50.9,8.0,34,NCT02453711,100,12.004624625577176,546.2104204637499,45.5,1.0,1,0,0,1,0,0,1,0,0,0,0,0,0,0,0,0,0,0,0,0,0,0,0,0,0,1,0,0,0,0,1,1,0,0,0,1,0,0,0,1,0,0,0,0,1,semaglutide,-8.0
8,133.0,50.9,8.0,44,NCT04788511,246,72.02774775346305,468.1803603974999,45.5,0.14285714285714285,1,0,0,1,0,0,1,0,0,0,0,0,0,0,0,0,0,0,0,0,0,0,0,0,0,1,0,0,0,0,1,1,0,0,0,1,0,0,0,0,1,0,0,0,1,semaglutide,-5.4
8,133.0,50.9,8.0,62,NCT03574597,7474,72.02774775346305,936.3607207949998,91.0,0.14285714285714285,1,0,0,1,0,0,1,0,0,0,0,0,0,0,0,0,0,0,0,0,0,0,0,0,0,1,0,0,0,0,1,1,0,0,0,1,0,0,0,0,1,0,0,0,1,semaglutide,-2.5200000000000014
8,133.0,50.9,8.0,63,NCT03811574,98,51.019654658703,433.66706459896625,59.5,0.14285714285714285,1,0,0,1,0,0,1,0,0,0,0,0,0,0,0,0,0,0,0,0,0,0,0,0,0,1,0,0,0,0,1,1,0,0,0,1,0,0,0,0,1,0,0,0,1,semaglutide,-2.0
8,133.0,50.9,8.0,64,NCT03811574,193,72.02774775346305,612.2358559044229,59.5,0.14285714285714285,1,0,0,1,0,0,1,0,0,0,0,0,0,0,0,0,0,0,0,0,0,0,0,0,0,1,0,0,0,0,1,1,0,0,0,1,0,0,0,0,1,0,0,0,1,semaglutide,-5.5
8,133.0,50.9,8.0,99,NCT03548987,535,72.02774775346305,432.1664865207691,42.0,0.14285714285714285,1,0,0,1,0,0,1,0,0,0,0,0,0,0,0,0,0,0,0,0,0,0,0,0,0,1,0,0,0,0,1,1,0,0,0,1,0,0,0,0,1,0,0,0,1,semaglutide,-8.9
8,133.0,50.9,8.0,101,NCT03548987,520,72.02774775346305,432.1664865207691,42.0,0.14285714285714285,1,0,0,1,0,0,1,0,0,0,0,0,0,0,0,0,0,0,0,0,0,0,0,0,0,1,0,0,0,0,1,1,0,0,0,1,0,0,0,0,1,0,0,0,1,semaglutide,-6.299999999999999
8,133.0,50.9,8.0,104,NCT04251156,238,72.02774775346305,396.15261264403836,38.5,0.14285714285714285,1,0,0,1,0,0,1,0,0,0,0,0,0,0,0,0,0,0,0,0,0,0,0,0,0,1,0,0,0,0,1,1,0,0,0,1,0,0,0,0,1,0,0,0,1,semaglutide,-2.9000000000000004
8,133.0,50.9,8.0,114,NCT04102189,131,72.02774775346305,612.2358559044229,59.5,0.14285714285714285,1,0,0,1,0,0,1,0,0,0,0,0,0,0,0,0,0,0,0,0,0,0,0,0,0,1,0,0,0,0,1,1,0,0,0,0,1,0,0,0,1,0,0,0,1,semaglutide,-11.1
8,133.0,50.9,8.0,115,NCT03693430,144,72.02774775346305,936.3607207949998,91.0,0.14285714285714285,1,0,0,1,0,0,1,0,0,0,0,0,0,0,0,0,0,0,0,0,0,0,0,0,0,1,0,0,0,0,1,1,0,0,0,0,0,0,1,0,1,0,0,0,1,semaglutide,-5.600000000000001
8,133.0,50.9,8.0,117,NCT03693430,149,72.02774775346305,468.1803603974999,45.5,0.14285714285714285,1,0,0,1,0,0,1,0,0,0,0,0,0,0,0,0,0,0,0,0,0,0,0,0,0,1,0,0,0,0,1,1,0,0,0,0,0,0,1,0,1,0,0,0,1,semaglutide,-6.5
8,133.0,50.9,8.0,135,NCT04074161,117,72.02774775346305,612.2358559044229,59.5,0.14285714285714285,1,0,0,1,0,0,1,0,0,0,0,0,0,0,0,0,0,0,0,0,0,0,0,0,0,1,0,0,0,0,1,1,0,0,0,1,0,0,0,0,1,0,0,0,1,semaglutide,-8.799999999999999
20,133.0,61.2,8.0,160,NCT05024032,70,256.6391785575297,667.2618642495773,18.2,0.14285714285714285,1,0,0,1,0,0,1,0,0,0,0,0,0,0,0,0,0,0,0,0,0,0,0,0,0,1,0,0,0,0,1,1,0,0,0,1,0,0,0,0,1,0,0,0,1,tirzepatide,1.0
20,133.0,61.2,8.0,161,NCT05024032,68,384.95876783629456,1000.892796374366,18.2,0.14285714285714285,1,0,0,1,0,0,1,0,0,0,0,0,0,0,0,0,0,0,0,0,0,0,0,0,0,1,0,0,0,0,1,1,0,0,0,1,0,0,0,0,1,0,0,0,1,tirzepatide,-4.5
20,133.0,61.2,8.0,162,NCT05024032,70,256.6391785575297,256.63917855752976,7.0,0.14285714285714285,1,0,0,1,0,0,1,0,0,0,0,0,0,0,0,0,0,0,0,0,0,0,0,0,0,1,0,0,0,0,1,1,0,0,0,1,0,0,0,0,1,0,0,0,1,tirzepatide,5.0
20,133.0,61.2,8.0,163,NCT05024032,68,384.95876783629456,384.9587678362946,7.0,0.14285714285714285,1,0,0,1,0,0,1,0,0,0,0,0,0,0,0,0,0,0,0,0,0,0,0,0,0,1,0,0,0,0,1,1,0,0,0,1,0,0,0,0,1,0,0,0,1,tirzepatide,2.6000000000000014
20,133.0,61.2,8.0,166,NCT04184622,623,128.31958927876485,461.9505214035535,25.2,0.14285714285714285,1,0,0,1,0,0,1,0,0,0,0,0,0,0,0,0,0,0,0,0,0,0,0,0,0,1,0,0,0,0,1,1,0,0,0,1,0,0,0,0,1,0,0,0,1,tirzepatide,-0.5999999999999996
20,133.0,61.2,8.0,167,NCT04184622,629,256.6391785575297,923.901042807107,25.2,0.14285714285714285,1,0,0,1,0,0,1,0,0,0,0,0,0,0,0,0,0,0,0,0,0,0,0,0,0,1,0,0,0,0,1,1,0,0,0,1,0,0,0,0,1,0,0,0,1,tirzepatide,-6.0
20,133.0,61.2,8.0,168,NCT04184622,625,384.95876783629456,1385.8515642106606,25.2,0.14285714285714285,1,0,0,1,0,0,1,0,0,0,0,0,0,0,0,0,0,0,0,0,0,0,0,0,0,1,0,0,0,0,1,1,0,0,0,1,0,0,0,0,1,0,0,0,1,tirzepatide,-7.100000000000001
20,133.0,61.2,8.0,169,NCT04844918,59,256.6391785575297,923.901042807107,25.2,0.14285714285714285,1,0,0,1,0,0,1,0,0,0,0,0,0,0,0,0,0,0,0,0,0,0,0,0,0,1,0,0,0,0,1,1,0,0,0,1,0,0,0,0,1,0,0,0,1,tirzepatide,-3.1000000000000014
20,133.0,61.2,8.0,170,NCT04844918,65,384.95876783629456,1385.8515642106606,25.2,0.14285714285714285,1,0,0,1,0,0,1,0,0,0,0,0,0,0,0,0,0,0,0,0,0,0,0,0,0,1,0,0,0,0,1,1,0,0,0,1,0,0,0,0,1,0,0,0,1,tirzepatide,-8.0
20,133.0,61.2,8.0,174,NCT04660643,332,384.95876783629456,1693.8185784796963,30.8,0.14285714285714285,1,0,0,1,0,0,1,0,0,0,0,0,0,0,0,0,0,0,0,0,0,0,0,0,0,1,0,0,0,0,1,1,0,0,0,1,0,0,0,0,1,0,0,0,1,tirzepatide,-3.5
20,133.0,61.2,8.0,175,NCT04657016,284,224.55928123783846,808.4134124562187,25.2,0.14285714285714285,1,0,0,1,0,0,1,0,0,0,0,0,0,0,0,0,0,0,0,0,0,0,0,0,0,1,0,0,0,0,1,1,0,0,0,1,0,0,0,0,1,0,0,0,1,tirzepatide,-11.400000000000002
20,133.0,61.2,8.0,180,NCT04657003,309,256.6391785575297,923.901042807107,25.2,0.14285714285714285,1,0,0,1,0,0,1,0,0,0,0,0,0,0,0,0,0,0,0,0,0,0,0,0,0,1,0,0,0,0,1,1,0,0,0,1,0,0,0,0,1,0,0,0,1,tirzepatide,2.8999999999999986
20,133.0,61.2,8.0,181,NCT04657003,309,384.95876783629456,1385.8515642106606,25.2,0.14285714285714285,1,0,0,1,0,0,1,0,0,0,0,0,0,0,0,0,0,0,0,0,0,0,0,0,0,1,0,0,0,0,1,1,0,0,0,1,0,0,0,0,1,0,0,0,1,tirzepatide,0.6000000000000014
20,133.0,61.2,8.0,160,NCT05024032,70,85.54639285250991,222.4206214165257,18.2,0.14285714285714285,1,0,0,1,0,0,1,0,0,0,0,0,0,0,0,0,0,0,0,0,0,0,0,0,0,1,0,0,0,0,1,1,0,0,0,1,0,0,0,0,1,0,0,0,1,tirzepatide,13.0
20,133.0,61.2,8.0,161,NCT05024032,68,128.31958927876488,333.63093212478856,18.2,0.14285714285714285,1,0,0,1,0,0,1,0,0,0,0,0,0,0,0,0,0,0,0,0,0,0,0,0,0,1,0,0,0,0,1,1,0,0,0,1,0,0,0,0,1,0,0,0,1,tirzepatide,7.5
20,133.0,61.2,8.0,162,NCT05024032,70,85.54639285250991,85.54639285250988,7.0,0.14285714285714285,1,0,0,1,0,0,1,0,0,0,0,0,0,0,0,0,0,0,0,0,0,0,0,0,0,1,0,0,0,0,1,1,0,0,0,1,0,0,0,0,1,0,0,0,1,tirzepatide,17.0
20,133.0,61.2,8.0,163,NCT05024032,68,128.31958927876488,128.31958927876482,7.0,0.14285714285714285,1,0,0,1,0,0,1,0,0,0,0,0,0,0,0,0,0,0,0,0,0,0,0,0,0,1,0,0,0,0,1,1,0,0,0,1,0,0,0,0,1,0,0,0,1,tirzepatide,14.6
20,133.0,61.2,8.0,166,NCT04184622,623,42.773196426254955,153.9835071345178,25.2,0.14285714285714285,1,0,0,1,0,0,1,0,0,0,0,0,0,0,0,0,0,0,0,0,0,0,0,0,0,1,0,0,0,0,1,1,0,0,0,1,0,0,0,0,1,0,0,0,1,tirzepatide,11.4
20,133.0,61.2,8.0,167,NCT04184622,629,85.54639285250991,307.9670142690356,25.2,0.14285714285714285,1,0,0,1,0,0,1,0,0,0,0,0,0,0,0,0,0,0,0,0,0,0,0,0,0,1,0,0,0,0,1,1,0,0,0,1,0,0,0,0,1,0,0,0,1,tirzepatide,6.0
20,133.0,61.2,8.0,168,NCT04184622,625,128.31958927876488,461.95052140355335,25.2,0.14285714285714285,1,0,0,1,0,0,1,0,0,0,0,0,0,0,0,0,0,0,0,0,0,0,0,0,0,1,0,0,0,0,1,1,0,0,0,1,0,0,0,0,1,0,0,0,1,tirzepatide,4.899999999999999
20,133.0,61.2,8.0,169,NCT04844918,59,85.54639285250991,307.9670142690356,25.2,0.14285714285714285,1,0,0,1,0,0,1,0,0,0,0,0,0,0,0,0,0,0,0,0,0,0,0,0,0,1,0,0,0,0,1,1,0,0,0,1,0,0,0,0,1,0,0,0,1,tirzepatide,8.899999999999999
20,133.0,61.2,8.0,170,NCT04844918,65,128.31958927876488,461.95052140355335,25.2,0.14285714285714285,1,0,0,1,0,0,1,0,0,0,0,0,0,0,0,0,0,0,0,0,0,0,0,0,0,1,0,0,0,0,1,1,0,0,0,1,0,0,0,0,1,0,0,0,1,tirzepatide,4.0
20,133.0,61.2,8.0,174,NCT04660643,332,128.31958927876488,564.6061928265652,30.8,0.14285714285714285,1,0,0,1,0,0,1,0,0,0,0,0,0,0,0,0,0,0,0,0,0,0,0,0,0,1,0,0,0,0,1,1,0,0,0,1,0,0,0,0,1,0,0,0,1,tirzepatide,8.5
20,133.0,61.2,8.0,175,NCT04657016,284,74.85309374594617,269.47113748540613,25.2,0.14285714285714285,1,0,0,1,0,0,1,0,0,0,0,0,0,0,0,0,0,0,0,0,0,0,0,0,0,1,0,0,0,0,1,1,0,0,0,1,0,0,0,0,1,0,0,0,1,tirzepatide,0.5999999999999979
20,133.0,61.2,8.0,180,NCT04657003,309,85.54639285250991,307.9670142690356,25.2,0.14285714285714285,1,0,0,1,0,0,1,0,0,0,0,0,0,0,0,0,0,0,0,0,0,0,0,0,0,1,0,0,0,0,1,1,0,0,0,1,0,0,0,0,1,0,0,0,1,tirzepatide,14.9
20,133.0,61.2,8.0,181,NCT04657003,309,128.31958927876488,461.95052140355335,25.2,0.14285714285714285,1,0,0,1,0,0,1,0,0,0,0,0,0,0,0,0,0,0,0,0,0,0,0,0,0,1,0,0,0,0,1,1,0,0,0,1,0,0,0,0,1,0,0,0,1,tirzepatide,12.6
