preclinical_arm_id,pmcid,preclinical_dosage_amount_value(mg/kg),preclinical_dosage_frequency,preclinical_dosage_duration(days),preclinical_administration_route,preclinical_animal_age_before_experiment(days),preclinical_animal_age_before_treatment(days),preclinical_animal_weight_before_experiment(grams),preclinical_animal_weight_before_treatment(grams),preclinical_animal_strain,preclinical_animal_species,preclinical_animal_sex,preclinical_animal_subject_size,preclinical_disease_model,preclinical_outcome,preclinical_total_doses,preclinical_total_dosage_amount(mg/kg),intervention,clinical_arm_id,NCT Number,clinical_age_groups,clinical_phases,clinical_sample_size,clinical_dosage_amount_value(mg),clinical_dosage_frequency,clinical_dosage_duration(days),clinical_total_doses,clinical_total_dosage_amount(mg),clinical_dose_escalation,clinical_administration_route,clinical_outcome,translation_outcome
0,PMC10006666,0.6,1 + every 1 day,7,intraperitoneal,42,133,,40.1,C57BL/6J,mice,male,,diet:high-fat,-22.443890274314214,7.0,4.2,semaglutide,16,NCT03611582,"ADULT,OLDER_ADULT",PHASE3,407,2.4,1 + every 7 days,476,68,163.2,no,subcutaneous,-11.500000000000002,10.943890274314212
0,PMC10006666,0.6,1 + every 1 day,7,intraperitoneal,42,133,,40.1,C57BL/6J,mice,male,,diet:high-fat,-22.443890274314214,7.0,4.2,semaglutide,28,NCT02453711,"ADULT,OLDER_ADULT",PHASE2,92,0.05,1 + every 1 day,364,364,18.2,no,subcutaneous,-3.7,18.743890274314214
0,PMC10006666,0.6,1 + every 1 day,7,intraperitoneal,42,133,,40.1,C57BL/6J,mice,male,,diet:high-fat,-22.443890274314214,7.0,4.2,semaglutide,29,NCT02453711,"ADULT,OLDER_ADULT",PHASE2,96,0.1,1 + every 1 day,364,364,36.4,no,subcutaneous,-6.329999999999999,16.113890274314215
0,PMC10006666,0.6,1 + every 1 day,7,intraperitoneal,42,133,,40.1,C57BL/6J,mice,male,,diet:high-fat,-22.443890274314214,7.0,4.2,semaglutide,30,NCT02453711,"ADULT,OLDER_ADULT",PHASE2,94,0.2,1 + every 1 day,364,364,72.8,no,subcutaneous,-9.309999999999999,13.133890274314215
0,PMC10006666,0.6,1 + every 1 day,7,intraperitoneal,42,133,,40.1,C57BL/6J,mice,male,,diet:high-fat,-22.443890274314214,7.0,4.2,semaglutide,31,NCT02453711,"ADULT,OLDER_ADULT",PHASE2,95,0.3,1 + every 1 day,364,364,109.2,no,subcutaneous,-8.879999999999999,13.563890274314215
0,PMC10006666,0.6,1 + every 1 day,7,intraperitoneal,42,133,,40.1,C57BL/6J,mice,male,,diet:high-fat,-22.443890274314214,7.0,4.2,semaglutide,32,NCT02453711,"ADULT,OLDER_ADULT",PHASE2,100,0.4,1 + every 1 day,364,364,145.6,no,subcutaneous,-11.55,10.893890274314213
0,PMC10006666,0.6,1 + every 1 day,7,intraperitoneal,42,133,,40.1,C57BL/6J,mice,male,,diet:high-fat,-22.443890274314214,7.0,4.2,semaglutide,33,NCT02453711,"ADULT,OLDER_ADULT",PHASE2,95,0.3,1 + every 1 day,364,364,109.2,no,subcutaneous,-9.09,13.353890274314214
0,PMC10006666,0.6,1 + every 1 day,7,intraperitoneal,42,133,,40.1,C57BL/6J,mice,male,,diet:high-fat,-22.443890274314214,7.0,4.2,semaglutide,34,NCT02453711,"ADULT,OLDER_ADULT",PHASE2,100,0.4,1 + every 1 day,364,364,145.6,no,subcutaneous,-14.0,8.443890274314214
0,PMC10006666,0.6,1 + every 1 day,7,intraperitoneal,42,133,,40.1,C57BL/6J,mice,male,,diet:high-fat,-22.443890274314214,7.0,4.2,semaglutide,44,NCT04788511,"ADULT,OLDER_ADULT",PHASE3,246,2.4,1 + every 7 days,364,52,124.8,no,subcutaneous,-11.4,11.043890274314213
0,PMC10006666,0.6,1 + every 1 day,7,intraperitoneal,42,133,,40.1,C57BL/6J,mice,male,,diet:high-fat,-22.443890274314214,7.0,4.2,semaglutide,62,NCT03574597,"ADULT,OLDER_ADULT",PHASE3,7474,2.4,1 + every 7 days,728,104,249.6,no,subcutaneous,-8.520000000000001,13.923890274314212
0,PMC10006666,0.6,1 + every 1 day,7,intraperitoneal,42,133,,40.1,C57BL/6J,mice,male,,diet:high-fat,-22.443890274314214,7.0,4.2,semaglutide,63,NCT03811574,"ADULT,OLDER_ADULT",PHASE3,98,1.7,1 + every 7 days,476,68,115.6,no,subcutaneous,-8.0,14.443890274314214
0,PMC10006666,0.6,1 + every 1 day,7,intraperitoneal,42,133,,40.1,C57BL/6J,mice,male,,diet:high-fat,-22.443890274314214,7.0,4.2,semaglutide,64,NCT03811574,"ADULT,OLDER_ADULT",PHASE3,193,2.4,1 + every 7 days,476,68,163.2,no,subcutaneous,-11.5,10.943890274314214
0,PMC10006666,0.6,1 + every 1 day,7,intraperitoneal,42,133,,40.1,C57BL/6J,mice,male,,diet:high-fat,-22.443890274314214,7.0,4.2,semaglutide,99,NCT03548987,"ADULT,OLDER_ADULT",PHASE3,535,2.4,1 + every 7 days,336,48,115.19999999999999,no,subcutaneous,-14.9,7.543890274314213
0,PMC10006666,0.6,1 + every 1 day,7,intraperitoneal,42,133,,40.1,C57BL/6J,mice,male,,diet:high-fat,-22.443890274314214,7.0,4.2,semaglutide,101,NCT03548987,"ADULT,OLDER_ADULT",PHASE3,520,2.4,1 + every 7 days,336,48,115.19999999999999,no,subcutaneous,-12.299999999999999,10.143890274314215
0,PMC10006666,0.6,1 + every 1 day,7,intraperitoneal,42,133,,40.1,C57BL/6J,mice,male,,diet:high-fat,-22.443890274314214,7.0,4.2,semaglutide,104,NCT04251156,"ADULT,OLDER_ADULT",PHASE3,238,2.4,1 + every 7 days,308,44,105.6,no,subcutaneous,-8.9,13.543890274314213
0,PMC10006666,0.6,1 + every 1 day,7,intraperitoneal,42,133,,40.1,C57BL/6J,mice,male,,diet:high-fat,-22.443890274314214,7.0,4.2,semaglutide,114,NCT04102189,CHILD,PHASE3,131,2.4,1 + every 7 days,476,68,163.2,no,subcutaneous,-17.1,5.343890274314212
0,PMC10006666,0.6,1 + every 1 day,7,intraperitoneal,42,133,,40.1,C57BL/6J,mice,male,,diet:high-fat,-22.443890274314214,7.0,4.2,semaglutide,115,NCT03693430,"CHILD,ADULT,OLDER_ADULT",PHASE3,144,2.4,1 + every 7 days,728,104,249.6,no,subcutaneous,-11.600000000000001,10.843890274314212
0,PMC10006666,0.6,1 + every 1 day,7,intraperitoneal,42,133,,40.1,C57BL/6J,mice,male,,diet:high-fat,-22.443890274314214,7.0,4.2,semaglutide,117,NCT03693430,"CHILD,ADULT,OLDER_ADULT",PHASE3,149,2.4,1 + every 7 days,364,52,124.8,no,subcutaneous,-12.5,9.943890274314214
0,PMC10006666,0.6,1 + every 1 day,7,intraperitoneal,42,133,,40.1,C57BL/6J,mice,male,,diet:high-fat,-22.443890274314214,7.0,4.2,semaglutide,135,NCT04074161,"ADULT,OLDER_ADULT",PHASE3,117,2.4,1 + every 7 days,476,68,163.2,no,subcutaneous,-14.799999999999999,7.643890274314215
1,PMC10063902,0.12340923,1 + every 1 day,84,intraperitoneal,42,133,,20.5,C57BL/6JC,mice,male,8,diet:high-fat,-66.25000000000003,84.0,10.36637532,semaglutide,16,NCT03611582,"ADULT,OLDER_ADULT",PHASE3,407,2.4,1 + every 7 days,476,68,163.2,no,subcutaneous,-11.500000000000002,54.75000000000003
1,PMC10063902,0.12340923,1 + every 1 day,84,intraperitoneal,42,133,,20.5,C57BL/6JC,mice,male,8,diet:high-fat,-66.25000000000003,84.0,10.36637532,semaglutide,28,NCT02453711,"ADULT,OLDER_ADULT",PHASE2,92,0.05,1 + every 1 day,364,364,18.2,no,subcutaneous,-3.7,62.550000000000026
1,PMC10063902,0.12340923,1 + every 1 day,84,intraperitoneal,42,133,,20.5,C57BL/6JC,mice,male,8,diet:high-fat,-66.25000000000003,84.0,10.36637532,semaglutide,29,NCT02453711,"ADULT,OLDER_ADULT",PHASE2,96,0.1,1 + every 1 day,364,364,36.4,no,subcutaneous,-6.329999999999999,59.92000000000003
1,PMC10063902,0.12340923,1 + every 1 day,84,intraperitoneal,42,133,,20.5,C57BL/6JC,mice,male,8,diet:high-fat,-66.25000000000003,84.0,10.36637532,semaglutide,30,NCT02453711,"ADULT,OLDER_ADULT",PHASE2,94,0.2,1 + every 1 day,364,364,72.8,no,subcutaneous,-9.309999999999999,56.940000000000026
1,PMC10063902,0.12340923,1 + every 1 day,84,intraperitoneal,42,133,,20.5,C57BL/6JC,mice,male,8,diet:high-fat,-66.25000000000003,84.0,10.36637532,semaglutide,31,NCT02453711,"ADULT,OLDER_ADULT",PHASE2,95,0.3,1 + every 1 day,364,364,109.2,no,subcutaneous,-8.879999999999999,57.37000000000003
1,PMC10063902,0.12340923,1 + every 1 day,84,intraperitoneal,42,133,,20.5,C57BL/6JC,mice,male,8,diet:high-fat,-66.25000000000003,84.0,10.36637532,semaglutide,32,NCT02453711,"ADULT,OLDER_ADULT",PHASE2,100,0.4,1 + every 1 day,364,364,145.6,no,subcutaneous,-11.55,54.70000000000003
1,PMC10063902,0.12340923,1 + every 1 day,84,intraperitoneal,42,133,,20.5,C57BL/6JC,mice,male,8,diet:high-fat,-66.25000000000003,84.0,10.36637532,semaglutide,33,NCT02453711,"ADULT,OLDER_ADULT",PHASE2,95,0.3,1 + every 1 day,364,364,109.2,no,subcutaneous,-9.09,57.160000000000025
1,PMC10063902,0.12340923,1 + every 1 day,84,intraperitoneal,42,133,,20.5,C57BL/6JC,mice,male,8,diet:high-fat,-66.25000000000003,84.0,10.36637532,semaglutide,34,NCT02453711,"ADULT,OLDER_ADULT",PHASE2,100,0.4,1 + every 1 day,364,364,145.6,no,subcutaneous,-14.0,52.25000000000003
1,PMC10063902,0.12340923,1 + every 1 day,84,intraperitoneal,42,133,,20.5,C57BL/6JC,mice,male,8,diet:high-fat,-66.25000000000003,84.0,10.36637532,semaglutide,44,NCT04788511,"ADULT,OLDER_ADULT",PHASE3,246,2.4,1 + every 7 days,364,52,124.8,no,subcutaneous,-11.4,54.85000000000003
1,PMC10063902,0.12340923,1 + every 1 day,84,intraperitoneal,42,133,,20.5,C57BL/6JC,mice,male,8,diet:high-fat,-66.25000000000003,84.0,10.36637532,semaglutide,62,NCT03574597,"ADULT,OLDER_ADULT",PHASE3,7474,2.4,1 + every 7 days,728,104,249.6,no,subcutaneous,-8.520000000000001,57.730000000000025
1,PMC10063902,0.12340923,1 + every 1 day,84,intraperitoneal,42,133,,20.5,C57BL/6JC,mice,male,8,diet:high-fat,-66.25000000000003,84.0,10.36637532,semaglutide,63,NCT03811574,"ADULT,OLDER_ADULT",PHASE3,98,1.7,1 + every 7 days,476,68,115.6,no,subcutaneous,-8.0,58.25000000000003
1,PMC10063902,0.12340923,1 + every 1 day,84,intraperitoneal,42,133,,20.5,C57BL/6JC,mice,male,8,diet:high-fat,-66.25000000000003,84.0,10.36637532,semaglutide,64,NCT03811574,"ADULT,OLDER_ADULT",PHASE3,193,2.4,1 + every 7 days,476,68,163.2,no,subcutaneous,-11.5,54.75000000000003
1,PMC10063902,0.12340923,1 + every 1 day,84,intraperitoneal,42,133,,20.5,C57BL/6JC,mice,male,8,diet:high-fat,-66.25000000000003,84.0,10.36637532,semaglutide,99,NCT03548987,"ADULT,OLDER_ADULT",PHASE3,535,2.4,1 + every 7 days,336,48,115.19999999999999,no,subcutaneous,-14.9,51.35000000000003
1,PMC10063902,0.12340923,1 + every 1 day,84,intraperitoneal,42,133,,20.5,C57BL/6JC,mice,male,8,diet:high-fat,-66.25000000000003,84.0,10.36637532,semaglutide,101,NCT03548987,"ADULT,OLDER_ADULT",PHASE3,520,2.4,1 + every 7 days,336,48,115.19999999999999,no,subcutaneous,-12.299999999999999,53.95000000000003
1,PMC10063902,0.12340923,1 + every 1 day,84,intraperitoneal,42,133,,20.5,C57BL/6JC,mice,male,8,diet:high-fat,-66.25000000000003,84.0,10.36637532,semaglutide,104,NCT04251156,"ADULT,OLDER_ADULT",PHASE3,238,2.4,1 + every 7 days,308,44,105.6,no,subcutaneous,-8.9,57.35000000000003
1,PMC10063902,0.12340923,1 + every 1 day,84,intraperitoneal,42,133,,20.5,C57BL/6JC,mice,male,8,diet:high-fat,-66.25000000000003,84.0,10.36637532,semaglutide,114,NCT04102189,CHILD,PHASE3,131,2.4,1 + every 7 days,476,68,163.2,no,subcutaneous,-17.1,49.15000000000003
1,PMC10063902,0.12340923,1 + every 1 day,84,intraperitoneal,42,133,,20.5,C57BL/6JC,mice,male,8,diet:high-fat,-66.25000000000003,84.0,10.36637532,semaglutide,115,NCT03693430,"CHILD,ADULT,OLDER_ADULT",PHASE3,144,2.4,1 + every 7 days,728,104,249.6,no,subcutaneous,-11.600000000000001,54.65000000000003
1,PMC10063902,0.12340923,1 + every 1 day,84,intraperitoneal,42,133,,20.5,C57BL/6JC,mice,male,8,diet:high-fat,-66.25000000000003,84.0,10.36637532,semaglutide,117,NCT03693430,"CHILD,ADULT,OLDER_ADULT",PHASE3,149,2.4,1 + every 7 days,364,52,124.8,no,subcutaneous,-12.5,53.75000000000003
1,PMC10063902,0.12340923,1 + every 1 day,84,intraperitoneal,42,133,,20.5,C57BL/6JC,mice,male,8,diet:high-fat,-66.25000000000003,84.0,10.36637532,semaglutide,135,NCT04074161,"ADULT,OLDER_ADULT",PHASE3,117,2.4,1 + every 7 days,476,68,163.2,no,subcutaneous,-14.799999999999999,51.45000000000003
2,PMC10064769,0.12340923,1 + every 1 day,84,intraperitoneal,42,126,19.700000000000003,20.2,C57BL/6J,mice,male,8,diet:high-fat,-64.35643564356435,84.0,10.36637532,semaglutide,16,NCT03611582,"ADULT,OLDER_ADULT",PHASE3,407,2.4,1 + every 7 days,476,68,163.2,no,subcutaneous,-11.500000000000002,52.85643564356435
2,PMC10064769,0.12340923,1 + every 1 day,84,intraperitoneal,42,126,19.700000000000003,20.2,C57BL/6J,mice,male,8,diet:high-fat,-64.35643564356435,84.0,10.36637532,semaglutide,28,NCT02453711,"ADULT,OLDER_ADULT",PHASE2,92,0.05,1 + every 1 day,364,364,18.2,no,subcutaneous,-3.7,60.65643564356435
2,PMC10064769,0.12340923,1 + every 1 day,84,intraperitoneal,42,126,19.700000000000003,20.2,C57BL/6J,mice,male,8,diet:high-fat,-64.35643564356435,84.0,10.36637532,semaglutide,29,NCT02453711,"ADULT,OLDER_ADULT",PHASE2,96,0.1,1 + every 1 day,364,364,36.4,no,subcutaneous,-6.329999999999999,58.026435643564355
2,PMC10064769,0.12340923,1 + every 1 day,84,intraperitoneal,42,126,19.700000000000003,20.2,C57BL/6J,mice,male,8,diet:high-fat,-64.35643564356435,84.0,10.36637532,semaglutide,30,NCT02453711,"ADULT,OLDER_ADULT",PHASE2,94,0.2,1 + every 1 day,364,364,72.8,no,subcutaneous,-9.309999999999999,55.04643564356435
2,PMC10064769,0.12340923,1 + every 1 day,84,intraperitoneal,42,126,19.700000000000003,20.2,C57BL/6J,mice,male,8,diet:high-fat,-64.35643564356435,84.0,10.36637532,semaglutide,31,NCT02453711,"ADULT,OLDER_ADULT",PHASE2,95,0.3,1 + every 1 day,364,364,109.2,no,subcutaneous,-8.879999999999999,55.47643564356436
2,PMC10064769,0.12340923,1 + every 1 day,84,intraperitoneal,42,126,19.700000000000003,20.2,C57BL/6J,mice,male,8,diet:high-fat,-64.35643564356435,84.0,10.36637532,semaglutide,32,NCT02453711,"ADULT,OLDER_ADULT",PHASE2,100,0.4,1 + every 1 day,364,364,145.6,no,subcutaneous,-11.55,52.806435643564356
2,PMC10064769,0.12340923,1 + every 1 day,84,intraperitoneal,42,126,19.700000000000003,20.2,C57BL/6J,mice,male,8,diet:high-fat,-64.35643564356435,84.0,10.36637532,semaglutide,33,NCT02453711,"ADULT,OLDER_ADULT",PHASE2,95,0.3,1 + every 1 day,364,364,109.2,no,subcutaneous,-9.09,55.26643564356435
2,PMC10064769,0.12340923,1 + every 1 day,84,intraperitoneal,42,126,19.700000000000003,20.2,C57BL/6J,mice,male,8,diet:high-fat,-64.35643564356435,84.0,10.36637532,semaglutide,34,NCT02453711,"ADULT,OLDER_ADULT",PHASE2,100,0.4,1 + every 1 day,364,364,145.6,no,subcutaneous,-14.0,50.35643564356435
2,PMC10064769,0.12340923,1 + every 1 day,84,intraperitoneal,42,126,19.700000000000003,20.2,C57BL/6J,mice,male,8,diet:high-fat,-64.35643564356435,84.0,10.36637532,semaglutide,44,NCT04788511,"ADULT,OLDER_ADULT",PHASE3,246,2.4,1 + every 7 days,364,52,124.8,no,subcutaneous,-11.4,52.956435643564355
2,PMC10064769,0.12340923,1 + every 1 day,84,intraperitoneal,42,126,19.700000000000003,20.2,C57BL/6J,mice,male,8,diet:high-fat,-64.35643564356435,84.0,10.36637532,semaglutide,62,NCT03574597,"ADULT,OLDER_ADULT",PHASE3,7474,2.4,1 + every 7 days,728,104,249.6,no,subcutaneous,-8.520000000000001,55.83643564356435
2,PMC10064769,0.12340923,1 + every 1 day,84,intraperitoneal,42,126,19.700000000000003,20.2,C57BL/6J,mice,male,8,diet:high-fat,-64.35643564356435,84.0,10.36637532,semaglutide,63,NCT03811574,"ADULT,OLDER_ADULT",PHASE3,98,1.7,1 + every 7 days,476,68,115.6,no,subcutaneous,-8.0,56.35643564356435
2,PMC10064769,0.12340923,1 + every 1 day,84,intraperitoneal,42,126,19.700000000000003,20.2,C57BL/6J,mice,male,8,diet:high-fat,-64.35643564356435,84.0,10.36637532,semaglutide,64,NCT03811574,"ADULT,OLDER_ADULT",PHASE3,193,2.4,1 + every 7 days,476,68,163.2,no,subcutaneous,-11.5,52.85643564356435
2,PMC10064769,0.12340923,1 + every 1 day,84,intraperitoneal,42,126,19.700000000000003,20.2,C57BL/6J,mice,male,8,diet:high-fat,-64.35643564356435,84.0,10.36637532,semaglutide,99,NCT03548987,"ADULT,OLDER_ADULT",PHASE3,535,2.4,1 + every 7 days,336,48,115.19999999999999,no,subcutaneous,-14.9,49.456435643564355
2,PMC10064769,0.12340923,1 + every 1 day,84,intraperitoneal,42,126,19.700000000000003,20.2,C57BL/6J,mice,male,8,diet:high-fat,-64.35643564356435,84.0,10.36637532,semaglutide,101,NCT03548987,"ADULT,OLDER_ADULT",PHASE3,520,2.4,1 + every 7 days,336,48,115.19999999999999,no,subcutaneous,-12.299999999999999,52.056435643564356
2,PMC10064769,0.12340923,1 + every 1 day,84,intraperitoneal,42,126,19.700000000000003,20.2,C57BL/6J,mice,male,8,diet:high-fat,-64.35643564356435,84.0,10.36637532,semaglutide,104,NCT04251156,"ADULT,OLDER_ADULT",PHASE3,238,2.4,1 + every 7 days,308,44,105.6,no,subcutaneous,-8.9,55.456435643564355
2,PMC10064769,0.12340923,1 + every 1 day,84,intraperitoneal,42,126,19.700000000000003,20.2,C57BL/6J,mice,male,8,diet:high-fat,-64.35643564356435,84.0,10.36637532,semaglutide,114,NCT04102189,CHILD,PHASE3,131,2.4,1 + every 7 days,476,68,163.2,no,subcutaneous,-17.1,47.25643564356435
2,PMC10064769,0.12340923,1 + every 1 day,84,intraperitoneal,42,126,19.700000000000003,20.2,C57BL/6J,mice,male,8,diet:high-fat,-64.35643564356435,84.0,10.36637532,semaglutide,115,NCT03693430,"CHILD,ADULT,OLDER_ADULT",PHASE3,144,2.4,1 + every 7 days,728,104,249.6,no,subcutaneous,-11.600000000000001,52.75643564356435
2,PMC10064769,0.12340923,1 + every 1 day,84,intraperitoneal,42,126,19.700000000000003,20.2,C57BL/6J,mice,male,8,diet:high-fat,-64.35643564356435,84.0,10.36637532,semaglutide,117,NCT03693430,"CHILD,ADULT,OLDER_ADULT",PHASE3,149,2.4,1 + every 7 days,364,52,124.8,no,subcutaneous,-12.5,51.85643564356435
2,PMC10064769,0.12340923,1 + every 1 day,84,intraperitoneal,42,126,19.700000000000003,20.2,C57BL/6J,mice,male,8,diet:high-fat,-64.35643564356435,84.0,10.36637532,semaglutide,135,NCT04074161,"ADULT,OLDER_ADULT",PHASE3,117,2.4,1 + every 7 days,476,68,163.2,no,subcutaneous,-14.799999999999999,49.556435643564356
4,PMC10090563,468.0,1 + every 1 day,36,intragastric,,,20.0,21.49,ICR,mice,both,10,diet:high-fat+high-cholesterol,-24.589416058394164,36.0,16848.0,orlistat,111,NCT00752726,ADULT,PHASE4,54,60.0,3 + every 1 day,168,504,30240.0,no,oral,-2.3112294985822937,22.27818655981187
14,PMC10131131,0.2,2 + every 1 day,14,subcutaneous,77,105,,,C57BL/6J,mice,male,16,diet:high-fat+high-sugar,-14.0,28.0,5.6000000000000005,liraglutide,35,NCT02453711,"ADULT,OLDER_ADULT",PHASE2,96,3.0,1 + every 1 day,364,364,1092.0,no,subcutaneous,-5.47,8.530000000000001
14,PMC10131131,0.2,2 + every 1 day,14,subcutaneous,77,105,,,C57BL/6J,mice,male,16,diet:high-fat+high-sugar,-14.0,28.0,5.6000000000000005,liraglutide,51,NCT00422058,"ADULT,OLDER_ADULT",PHASE2,94,1.2,1 + every 1 day,140,140,168.0,no,subcutaneous,-2.2072087435352685,11.792791256464731
14,PMC10131131,0.2,2 + every 1 day,14,subcutaneous,77,105,,,C57BL/6J,mice,male,16,diet:high-fat+high-sugar,-14.0,28.0,5.6000000000000005,liraglutide,52,NCT00422058,"ADULT,OLDER_ADULT",PHASE2,90,1.8,1 + every 1 day,140,140,252.0,no,subcutaneous,-2.9371604752653058,11.062839524734695
14,PMC10131131,0.2,2 + every 1 day,14,subcutaneous,77,105,,,C57BL/6J,mice,male,16,diet:high-fat+high-sugar,-14.0,28.0,5.6000000000000005,liraglutide,53,NCT00422058,"ADULT,OLDER_ADULT",PHASE2,92,2.4,1 + every 1 day,140,140,336.0,no,subcutaneous,-3.6240693851707304,10.375930614829269
14,PMC10131131,0.2,2 + every 1 day,14,subcutaneous,77,105,,,C57BL/6J,mice,male,16,diet:high-fat+high-sugar,-14.0,28.0,5.6000000000000005,liraglutide,54,NCT00422058,"ADULT,OLDER_ADULT",PHASE2,92,3.0,1 + every 1 day,140,140,420.0,no,subcutaneous,-4.711624106871794,9.288375893128206
14,PMC10131131,0.2,2 + every 1 day,14,subcutaneous,77,105,,,C57BL/6J,mice,male,16,diet:high-fat+high-sugar,-14.0,28.0,5.6000000000000005,liraglutide,61,NCT03158805,"ADULT,OLDER_ADULT",PHASE2,29,3.0,1 + every 1 day,280,280,840.0,no,subcutaneous,-3.5,10.5
14,PMC10131131,0.2,2 + every 1 day,14,subcutaneous,77,105,,,C57BL/6J,mice,male,16,diet:high-fat+high-sugar,-14.0,28.0,5.6000000000000005,liraglutide,102,NCT01272232,"ADULT,OLDER_ADULT",PHASE3,412,3.0,1 + every 1 day,392,392,1176.0,no,subcutaneous,-3.9000000000000004,10.1
14,PMC10131131,0.2,2 + every 1 day,14,subcutaneous,77,105,,,C57BL/6J,mice,male,16,diet:high-fat+high-sugar,-14.0,28.0,5.6000000000000005,liraglutide,103,NCT01272232,"ADULT,OLDER_ADULT",PHASE3,204,1.8,1 + every 1 day,392,392,705.6,no,subcutaneous,-2.5999999999999996,11.4
14,PMC10131131,0.2,2 + every 1 day,14,subcutaneous,77,105,,,C57BL/6J,mice,male,16,diet:high-fat+high-sugar,-14.0,28.0,5.6000000000000005,liraglutide,106,NCT01272219,"ADULT,OLDER_ADULT",PHASE3,2432,3.0,1 + every 1 day,392,392,1176.0,no,subcutaneous,-5.36,8.64
14,PMC10131131,0.2,2 + every 1 day,14,subcutaneous,77,105,,,C57BL/6J,mice,male,16,diet:high-fat+high-sugar,-14.0,28.0,5.6000000000000005,liraglutide,107,NCT01272219,"ADULT,OLDER_ADULT",PHASE3,1467,3.0,1 + every 1 day,1120,1120,3360.0,no,subcutaneous,-4.25,9.75
14,PMC10131131,0.2,2 + every 1 day,14,subcutaneous,77,105,,,C57BL/6J,mice,male,16,diet:high-fat+high-sugar,-14.0,28.0,5.6000000000000005,liraglutide,108,NCT01272219,"ADULT,OLDER_ADULT",PHASE3,349,3.0,1 + every 1 day,476,476,1428.0,no,subcutaneous,-5.33,8.67
14,PMC10131131,0.2,2 + every 1 day,14,subcutaneous,77,105,,,C57BL/6J,mice,male,16,diet:high-fat+high-sugar,-14.0,28.0,5.6000000000000005,liraglutide,112,NCT01557166,ADULT,PHASE3,175,3.0,1 + every 1 day,224,224,672.0,no,subcutaneous,-4.201423866334764,9.798576133665236
14,PMC10131131,0.2,2 + every 1 day,14,subcutaneous,77,105,,,C57BL/6J,mice,male,16,diet:high-fat+high-sugar,-14.0,28.0,5.6000000000000005,liraglutide,120,NCT02918279,CHILD,PHASE3,125,3.0,1 + every 1 day,392,392,1176.0,no,subcutaneous,-3.6,10.4
14,PMC10131131,0.2,2 + every 1 day,14,subcutaneous,77,105,,,C57BL/6J,mice,male,16,diet:high-fat+high-sugar,-14.0,28.0,5.6000000000000005,liraglutide,127,NCT02527200,"CHILD,ADULT",PHASE3,17,3.0,1 + every 1 day,364,364,1092.0,no,subcutaneous,-2.6999999999999997,11.3
14,PMC10131131,0.2,2 + every 1 day,14,subcutaneous,77,105,,,C57BL/6J,mice,male,16,diet:high-fat+high-sugar,-14.0,28.0,5.6000000000000005,liraglutide,128,NCT02527200,"CHILD,ADULT",PHASE3,14,3.0,1 + every 1 day,364,364,1092.0,no,subcutaneous,1.3999999999999995,15.399999999999999
14,PMC10131131,0.2,2 + every 1 day,14,subcutaneous,77,105,,,C57BL/6J,mice,male,16,diet:high-fat+high-sugar,-14.0,28.0,5.6000000000000005,liraglutide,129,NCT02527200,"CHILD,ADULT",PHASE3,31,3.0,1 + every 1 day,364,364,1092.0,no,subcutaneous,-0.6999999999999997,13.3
14,PMC10131131,0.2,2 + every 1 day,14,subcutaneous,77,105,,,C57BL/6J,mice,male,16,diet:high-fat+high-sugar,-14.0,28.0,5.6000000000000005,liraglutide,130,NCT00781937,"ADULT,OLDER_ADULT",PHASE3,194,3.0,1 + every 1 day,392,392,1176.0,no,subcutaneous,-6.0600000000000005,7.9399999999999995
14,PMC10131131,0.2,2 + every 1 day,14,subcutaneous,77,105,,,C57BL/6J,mice,male,16,diet:high-fat+high-sugar,-14.0,28.0,5.6000000000000005,liraglutide,136,NCT04074161,"ADULT,OLDER_ADULT",PHASE3,117,3.0,1 + every 1 day,476,476,1428.0,no,subcutaneous,-4.800000000000001,9.2
14,PMC10131131,0.2,2 + every 1 day,14,subcutaneous,77,105,,,C57BL/6J,mice,male,16,diet:high-fat+high-sugar,-14.0,28.0,5.6000000000000005,liraglutide,150,NCT02647944,"ADULT,OLDER_ADULT",PHASE2,19,3.0,1 + every 1 day,112,112,336.0,no,subcutaneous,-2.58819247874349,11.41180752125651
14,PMC10131131,0.2,2 + every 1 day,14,subcutaneous,77,105,,,C57BL/6J,mice,male,16,diet:high-fat+high-sugar,-14.0,28.0,5.6000000000000005,liraglutide,155,NCT03486392,"ADULT,OLDER_ADULT",PHASE2,108,3.0,1 + every 1 day,182,182,546.0,no,subcutaneous,-5.78,8.219999999999999
16,PMC10131131,0.2,2 + every 1 day,14,subcutaneous,77,105,,,C57BL/6J,mice,male,7,diet:high-fat,-21.0,28.0,5.6000000000000005,liraglutide,35,NCT02453711,"ADULT,OLDER_ADULT",PHASE2,96,3.0,1 + every 1 day,364,364,1092.0,no,subcutaneous,-5.47,15.530000000000001
16,PMC10131131,0.2,2 + every 1 day,14,subcutaneous,77,105,,,C57BL/6J,mice,male,7,diet:high-fat,-21.0,28.0,5.6000000000000005,liraglutide,51,NCT00422058,"ADULT,OLDER_ADULT",PHASE2,94,1.2,1 + every 1 day,140,140,168.0,no,subcutaneous,-2.2072087435352685,18.79279125646473
16,PMC10131131,0.2,2 + every 1 day,14,subcutaneous,77,105,,,C57BL/6J,mice,male,7,diet:high-fat,-21.0,28.0,5.6000000000000005,liraglutide,52,NCT00422058,"ADULT,OLDER_ADULT",PHASE2,90,1.8,1 + every 1 day,140,140,252.0,no,subcutaneous,-2.9371604752653058,18.062839524734695
16,PMC10131131,0.2,2 + every 1 day,14,subcutaneous,77,105,,,C57BL/6J,mice,male,7,diet:high-fat,-21.0,28.0,5.6000000000000005,liraglutide,53,NCT00422058,"ADULT,OLDER_ADULT",PHASE2,92,2.4,1 + every 1 day,140,140,336.0,no,subcutaneous,-3.6240693851707304,17.37593061482927
16,PMC10131131,0.2,2 + every 1 day,14,subcutaneous,77,105,,,C57BL/6J,mice,male,7,diet:high-fat,-21.0,28.0,5.6000000000000005,liraglutide,54,NCT00422058,"ADULT,OLDER_ADULT",PHASE2,92,3.0,1 + every 1 day,140,140,420.0,no,subcutaneous,-4.711624106871794,16.288375893128205
16,PMC10131131,0.2,2 + every 1 day,14,subcutaneous,77,105,,,C57BL/6J,mice,male,7,diet:high-fat,-21.0,28.0,5.6000000000000005,liraglutide,61,NCT03158805,"ADULT,OLDER_ADULT",PHASE2,29,3.0,1 + every 1 day,280,280,840.0,no,subcutaneous,-3.5,17.5
16,PMC10131131,0.2,2 + every 1 day,14,subcutaneous,77,105,,,C57BL/6J,mice,male,7,diet:high-fat,-21.0,28.0,5.6000000000000005,liraglutide,102,NCT01272232,"ADULT,OLDER_ADULT",PHASE3,412,3.0,1 + every 1 day,392,392,1176.0,no,subcutaneous,-3.9000000000000004,17.1
16,PMC10131131,0.2,2 + every 1 day,14,subcutaneous,77,105,,,C57BL/6J,mice,male,7,diet:high-fat,-21.0,28.0,5.6000000000000005,liraglutide,103,NCT01272232,"ADULT,OLDER_ADULT",PHASE3,204,1.8,1 + every 1 day,392,392,705.6,no,subcutaneous,-2.5999999999999996,18.4
16,PMC10131131,0.2,2 + every 1 day,14,subcutaneous,77,105,,,C57BL/6J,mice,male,7,diet:high-fat,-21.0,28.0,5.6000000000000005,liraglutide,106,NCT01272219,"ADULT,OLDER_ADULT",PHASE3,2432,3.0,1 + every 1 day,392,392,1176.0,no,subcutaneous,-5.36,15.64
16,PMC10131131,0.2,2 + every 1 day,14,subcutaneous,77,105,,,C57BL/6J,mice,male,7,diet:high-fat,-21.0,28.0,5.6000000000000005,liraglutide,107,NCT01272219,"ADULT,OLDER_ADULT",PHASE3,1467,3.0,1 + every 1 day,1120,1120,3360.0,no,subcutaneous,-4.25,16.75
16,PMC10131131,0.2,2 + every 1 day,14,subcutaneous,77,105,,,C57BL/6J,mice,male,7,diet:high-fat,-21.0,28.0,5.6000000000000005,liraglutide,108,NCT01272219,"ADULT,OLDER_ADULT",PHASE3,349,3.0,1 + every 1 day,476,476,1428.0,no,subcutaneous,-5.33,15.67
16,PMC10131131,0.2,2 + every 1 day,14,subcutaneous,77,105,,,C57BL/6J,mice,male,7,diet:high-fat,-21.0,28.0,5.6000000000000005,liraglutide,112,NCT01557166,ADULT,PHASE3,175,3.0,1 + every 1 day,224,224,672.0,no,subcutaneous,-4.201423866334764,16.798576133665236
16,PMC10131131,0.2,2 + every 1 day,14,subcutaneous,77,105,,,C57BL/6J,mice,male,7,diet:high-fat,-21.0,28.0,5.6000000000000005,liraglutide,120,NCT02918279,CHILD,PHASE3,125,3.0,1 + every 1 day,392,392,1176.0,no,subcutaneous,-3.6,17.4
16,PMC10131131,0.2,2 + every 1 day,14,subcutaneous,77,105,,,C57BL/6J,mice,male,7,diet:high-fat,-21.0,28.0,5.6000000000000005,liraglutide,127,NCT02527200,"CHILD,ADULT",PHASE3,17,3.0,1 + every 1 day,364,364,1092.0,no,subcutaneous,-2.6999999999999997,18.3
16,PMC10131131,0.2,2 + every 1 day,14,subcutaneous,77,105,,,C57BL/6J,mice,male,7,diet:high-fat,-21.0,28.0,5.6000000000000005,liraglutide,128,NCT02527200,"CHILD,ADULT",PHASE3,14,3.0,1 + every 1 day,364,364,1092.0,no,subcutaneous,1.3999999999999995,22.4
16,PMC10131131,0.2,2 + every 1 day,14,subcutaneous,77,105,,,C57BL/6J,mice,male,7,diet:high-fat,-21.0,28.0,5.6000000000000005,liraglutide,129,NCT02527200,"CHILD,ADULT",PHASE3,31,3.0,1 + every 1 day,364,364,1092.0,no,subcutaneous,-0.6999999999999997,20.3
16,PMC10131131,0.2,2 + every 1 day,14,subcutaneous,77,105,,,C57BL/6J,mice,male,7,diet:high-fat,-21.0,28.0,5.6000000000000005,liraglutide,130,NCT00781937,"ADULT,OLDER_ADULT",PHASE3,194,3.0,1 + every 1 day,392,392,1176.0,no,subcutaneous,-6.0600000000000005,14.94
16,PMC10131131,0.2,2 + every 1 day,14,subcutaneous,77,105,,,C57BL/6J,mice,male,7,diet:high-fat,-21.0,28.0,5.6000000000000005,liraglutide,136,NCT04074161,"ADULT,OLDER_ADULT",PHASE3,117,3.0,1 + every 1 day,476,476,1428.0,no,subcutaneous,-4.800000000000001,16.2
16,PMC10131131,0.2,2 + every 1 day,14,subcutaneous,77,105,,,C57BL/6J,mice,male,7,diet:high-fat,-21.0,28.0,5.6000000000000005,liraglutide,150,NCT02647944,"ADULT,OLDER_ADULT",PHASE2,19,3.0,1 + every 1 day,112,112,336.0,no,subcutaneous,-2.58819247874349,18.41180752125651
16,PMC10131131,0.2,2 + every 1 day,14,subcutaneous,77,105,,,C57BL/6J,mice,male,7,diet:high-fat,-21.0,28.0,5.6000000000000005,liraglutide,155,NCT03486392,"ADULT,OLDER_ADULT",PHASE2,108,3.0,1 + every 1 day,182,182,546.0,no,subcutaneous,-5.78,15.219999999999999
19,PMC10131131,0.2,2 + every 1 day,14,subcutaneous,98,105,,,C57BL/6J,mice,male,10,diet:high-fat+high-sugar,-15.0,28.0,5.6000000000000005,liraglutide,35,NCT02453711,"ADULT,OLDER_ADULT",PHASE2,96,3.0,1 + every 1 day,364,364,1092.0,no,subcutaneous,-5.47,9.530000000000001
19,PMC10131131,0.2,2 + every 1 day,14,subcutaneous,98,105,,,C57BL/6J,mice,male,10,diet:high-fat+high-sugar,-15.0,28.0,5.6000000000000005,liraglutide,51,NCT00422058,"ADULT,OLDER_ADULT",PHASE2,94,1.2,1 + every 1 day,140,140,168.0,no,subcutaneous,-2.2072087435352685,12.792791256464731
19,PMC10131131,0.2,2 + every 1 day,14,subcutaneous,98,105,,,C57BL/6J,mice,male,10,diet:high-fat+high-sugar,-15.0,28.0,5.6000000000000005,liraglutide,52,NCT00422058,"ADULT,OLDER_ADULT",PHASE2,90,1.8,1 + every 1 day,140,140,252.0,no,subcutaneous,-2.9371604752653058,12.062839524734695
19,PMC10131131,0.2,2 + every 1 day,14,subcutaneous,98,105,,,C57BL/6J,mice,male,10,diet:high-fat+high-sugar,-15.0,28.0,5.6000000000000005,liraglutide,53,NCT00422058,"ADULT,OLDER_ADULT",PHASE2,92,2.4,1 + every 1 day,140,140,336.0,no,subcutaneous,-3.6240693851707304,11.375930614829269
19,PMC10131131,0.2,2 + every 1 day,14,subcutaneous,98,105,,,C57BL/6J,mice,male,10,diet:high-fat+high-sugar,-15.0,28.0,5.6000000000000005,liraglutide,54,NCT00422058,"ADULT,OLDER_ADULT",PHASE2,92,3.0,1 + every 1 day,140,140,420.0,no,subcutaneous,-4.711624106871794,10.288375893128206
19,PMC10131131,0.2,2 + every 1 day,14,subcutaneous,98,105,,,C57BL/6J,mice,male,10,diet:high-fat+high-sugar,-15.0,28.0,5.6000000000000005,liraglutide,61,NCT03158805,"ADULT,OLDER_ADULT",PHASE2,29,3.0,1 + every 1 day,280,280,840.0,no,subcutaneous,-3.5,11.5
19,PMC10131131,0.2,2 + every 1 day,14,subcutaneous,98,105,,,C57BL/6J,mice,male,10,diet:high-fat+high-sugar,-15.0,28.0,5.6000000000000005,liraglutide,102,NCT01272232,"ADULT,OLDER_ADULT",PHASE3,412,3.0,1 + every 1 day,392,392,1176.0,no,subcutaneous,-3.9000000000000004,11.1
19,PMC10131131,0.2,2 + every 1 day,14,subcutaneous,98,105,,,C57BL/6J,mice,male,10,diet:high-fat+high-sugar,-15.0,28.0,5.6000000000000005,liraglutide,103,NCT01272232,"ADULT,OLDER_ADULT",PHASE3,204,1.8,1 + every 1 day,392,392,705.6,no,subcutaneous,-2.5999999999999996,12.4
19,PMC10131131,0.2,2 + every 1 day,14,subcutaneous,98,105,,,C57BL/6J,mice,male,10,diet:high-fat+high-sugar,-15.0,28.0,5.6000000000000005,liraglutide,106,NCT01272219,"ADULT,OLDER_ADULT",PHASE3,2432,3.0,1 + every 1 day,392,392,1176.0,no,subcutaneous,-5.36,9.64
19,PMC10131131,0.2,2 + every 1 day,14,subcutaneous,98,105,,,C57BL/6J,mice,male,10,diet:high-fat+high-sugar,-15.0,28.0,5.6000000000000005,liraglutide,107,NCT01272219,"ADULT,OLDER_ADULT",PHASE3,1467,3.0,1 + every 1 day,1120,1120,3360.0,no,subcutaneous,-4.25,10.75
19,PMC10131131,0.2,2 + every 1 day,14,subcutaneous,98,105,,,C57BL/6J,mice,male,10,diet:high-fat+high-sugar,-15.0,28.0,5.6000000000000005,liraglutide,108,NCT01272219,"ADULT,OLDER_ADULT",PHASE3,349,3.0,1 + every 1 day,476,476,1428.0,no,subcutaneous,-5.33,9.67
19,PMC10131131,0.2,2 + every 1 day,14,subcutaneous,98,105,,,C57BL/6J,mice,male,10,diet:high-fat+high-sugar,-15.0,28.0,5.6000000000000005,liraglutide,112,NCT01557166,ADULT,PHASE3,175,3.0,1 + every 1 day,224,224,672.0,no,subcutaneous,-4.201423866334764,10.798576133665236
19,PMC10131131,0.2,2 + every 1 day,14,subcutaneous,98,105,,,C57BL/6J,mice,male,10,diet:high-fat+high-sugar,-15.0,28.0,5.6000000000000005,liraglutide,120,NCT02918279,CHILD,PHASE3,125,3.0,1 + every 1 day,392,392,1176.0,no,subcutaneous,-3.6,11.4
19,PMC10131131,0.2,2 + every 1 day,14,subcutaneous,98,105,,,C57BL/6J,mice,male,10,diet:high-fat+high-sugar,-15.0,28.0,5.6000000000000005,liraglutide,127,NCT02527200,"CHILD,ADULT",PHASE3,17,3.0,1 + every 1 day,364,364,1092.0,no,subcutaneous,-2.6999999999999997,12.3
19,PMC10131131,0.2,2 + every 1 day,14,subcutaneous,98,105,,,C57BL/6J,mice,male,10,diet:high-fat+high-sugar,-15.0,28.0,5.6000000000000005,liraglutide,128,NCT02527200,"CHILD,ADULT",PHASE3,14,3.0,1 + every 1 day,364,364,1092.0,no,subcutaneous,1.3999999999999995,16.4
19,PMC10131131,0.2,2 + every 1 day,14,subcutaneous,98,105,,,C57BL/6J,mice,male,10,diet:high-fat+high-sugar,-15.0,28.0,5.6000000000000005,liraglutide,129,NCT02527200,"CHILD,ADULT",PHASE3,31,3.0,1 + every 1 day,364,364,1092.0,no,subcutaneous,-0.6999999999999997,14.3
19,PMC10131131,0.2,2 + every 1 day,14,subcutaneous,98,105,,,C57BL/6J,mice,male,10,diet:high-fat+high-sugar,-15.0,28.0,5.6000000000000005,liraglutide,130,NCT00781937,"ADULT,OLDER_ADULT",PHASE3,194,3.0,1 + every 1 day,392,392,1176.0,no,subcutaneous,-6.0600000000000005,8.94
19,PMC10131131,0.2,2 + every 1 day,14,subcutaneous,98,105,,,C57BL/6J,mice,male,10,diet:high-fat+high-sugar,-15.0,28.0,5.6000000000000005,liraglutide,136,NCT04074161,"ADULT,OLDER_ADULT",PHASE3,117,3.0,1 + every 1 day,476,476,1428.0,no,subcutaneous,-4.800000000000001,10.2
19,PMC10131131,0.2,2 + every 1 day,14,subcutaneous,98,105,,,C57BL/6J,mice,male,10,diet:high-fat+high-sugar,-15.0,28.0,5.6000000000000005,liraglutide,150,NCT02647944,"ADULT,OLDER_ADULT",PHASE2,19,3.0,1 + every 1 day,112,112,336.0,no,subcutaneous,-2.58819247874349,12.41180752125651
19,PMC10131131,0.2,2 + every 1 day,14,subcutaneous,98,105,,,C57BL/6J,mice,male,10,diet:high-fat+high-sugar,-15.0,28.0,5.6000000000000005,liraglutide,155,NCT03486392,"ADULT,OLDER_ADULT",PHASE2,108,3.0,1 + every 1 day,182,182,546.0,no,subcutaneous,-5.78,9.219999999999999
21,PMC10211343,150.0,Unknown,42,Unknown,42,112,20.0,35.0,C57BL/6J,mice,male,12,diet:high-fat,-17.142857142857142,,,metformin,151,NCT00005669,CHILD,PHASE2,53,2000.0,2 + every 1 day,180,360,720000.0,no,oral,-4.1308475663664925,13.01200957649065
22,PMC10218334,0.120,1 + every 1 day,84,subcutaneous,91,266,,48.0,Ldlr−/−.Leiden,mice,male,15,genetic,-28.125,84.0,10.08,semaglutide,16,NCT03611582,"ADULT,OLDER_ADULT",PHASE3,407,2.4,1 + every 7 days,476,68,163.2,no,subcutaneous,-11.500000000000002,16.625
22,PMC10218334,0.120,1 + every 1 day,84,subcutaneous,91,266,,48.0,Ldlr−/−.Leiden,mice,male,15,genetic,-28.125,84.0,10.08,semaglutide,28,NCT02453711,"ADULT,OLDER_ADULT",PHASE2,92,0.05,1 + every 1 day,364,364,18.2,no,subcutaneous,-3.7,24.425
22,PMC10218334,0.120,1 + every 1 day,84,subcutaneous,91,266,,48.0,Ldlr−/−.Leiden,mice,male,15,genetic,-28.125,84.0,10.08,semaglutide,29,NCT02453711,"ADULT,OLDER_ADULT",PHASE2,96,0.1,1 + every 1 day,364,364,36.4,no,subcutaneous,-6.329999999999999,21.795
22,PMC10218334,0.120,1 + every 1 day,84,subcutaneous,91,266,,48.0,Ldlr−/−.Leiden,mice,male,15,genetic,-28.125,84.0,10.08,semaglutide,30,NCT02453711,"ADULT,OLDER_ADULT",PHASE2,94,0.2,1 + every 1 day,364,364,72.8,no,subcutaneous,-9.309999999999999,18.815
22,PMC10218334,0.120,1 + every 1 day,84,subcutaneous,91,266,,48.0,Ldlr−/−.Leiden,mice,male,15,genetic,-28.125,84.0,10.08,semaglutide,31,NCT02453711,"ADULT,OLDER_ADULT",PHASE2,95,0.3,1 + every 1 day,364,364,109.2,no,subcutaneous,-8.879999999999999,19.245
22,PMC10218334,0.120,1 + every 1 day,84,subcutaneous,91,266,,48.0,Ldlr−/−.Leiden,mice,male,15,genetic,-28.125,84.0,10.08,semaglutide,32,NCT02453711,"ADULT,OLDER_ADULT",PHASE2,100,0.4,1 + every 1 day,364,364,145.6,no,subcutaneous,-11.55,16.575
22,PMC10218334,0.120,1 + every 1 day,84,subcutaneous,91,266,,48.0,Ldlr−/−.Leiden,mice,male,15,genetic,-28.125,84.0,10.08,semaglutide,33,NCT02453711,"ADULT,OLDER_ADULT",PHASE2,95,0.3,1 + every 1 day,364,364,109.2,no,subcutaneous,-9.09,19.035
22,PMC10218334,0.120,1 + every 1 day,84,subcutaneous,91,266,,48.0,Ldlr−/−.Leiden,mice,male,15,genetic,-28.125,84.0,10.08,semaglutide,34,NCT02453711,"ADULT,OLDER_ADULT",PHASE2,100,0.4,1 + every 1 day,364,364,145.6,no,subcutaneous,-14.0,14.125
22,PMC10218334,0.120,1 + every 1 day,84,subcutaneous,91,266,,48.0,Ldlr−/−.Leiden,mice,male,15,genetic,-28.125,84.0,10.08,semaglutide,44,NCT04788511,"ADULT,OLDER_ADULT",PHASE3,246,2.4,1 + every 7 days,364,52,124.8,no,subcutaneous,-11.4,16.725
22,PMC10218334,0.120,1 + every 1 day,84,subcutaneous,91,266,,48.0,Ldlr−/−.Leiden,mice,male,15,genetic,-28.125,84.0,10.08,semaglutide,62,NCT03574597,"ADULT,OLDER_ADULT",PHASE3,7474,2.4,1 + every 7 days,728,104,249.6,no,subcutaneous,-8.520000000000001,19.604999999999997
22,PMC10218334,0.120,1 + every 1 day,84,subcutaneous,91,266,,48.0,Ldlr−/−.Leiden,mice,male,15,genetic,-28.125,84.0,10.08,semaglutide,63,NCT03811574,"ADULT,OLDER_ADULT",PHASE3,98,1.7,1 + every 7 days,476,68,115.6,no,subcutaneous,-8.0,20.125
22,PMC10218334,0.120,1 + every 1 day,84,subcutaneous,91,266,,48.0,Ldlr−/−.Leiden,mice,male,15,genetic,-28.125,84.0,10.08,semaglutide,64,NCT03811574,"ADULT,OLDER_ADULT",PHASE3,193,2.4,1 + every 7 days,476,68,163.2,no,subcutaneous,-11.5,16.625
22,PMC10218334,0.120,1 + every 1 day,84,subcutaneous,91,266,,48.0,Ldlr−/−.Leiden,mice,male,15,genetic,-28.125,84.0,10.08,semaglutide,99,NCT03548987,"ADULT,OLDER_ADULT",PHASE3,535,2.4,1 + every 7 days,336,48,115.19999999999999,no,subcutaneous,-14.9,13.225
22,PMC10218334,0.120,1 + every 1 day,84,subcutaneous,91,266,,48.0,Ldlr−/−.Leiden,mice,male,15,genetic,-28.125,84.0,10.08,semaglutide,101,NCT03548987,"ADULT,OLDER_ADULT",PHASE3,520,2.4,1 + every 7 days,336,48,115.19999999999999,no,subcutaneous,-12.299999999999999,15.825000000000001
22,PMC10218334,0.120,1 + every 1 day,84,subcutaneous,91,266,,48.0,Ldlr−/−.Leiden,mice,male,15,genetic,-28.125,84.0,10.08,semaglutide,104,NCT04251156,"ADULT,OLDER_ADULT",PHASE3,238,2.4,1 + every 7 days,308,44,105.6,no,subcutaneous,-8.9,19.225
22,PMC10218334,0.120,1 + every 1 day,84,subcutaneous,91,266,,48.0,Ldlr−/−.Leiden,mice,male,15,genetic,-28.125,84.0,10.08,semaglutide,114,NCT04102189,CHILD,PHASE3,131,2.4,1 + every 7 days,476,68,163.2,no,subcutaneous,-17.1,11.024999999999999
22,PMC10218334,0.120,1 + every 1 day,84,subcutaneous,91,266,,48.0,Ldlr−/−.Leiden,mice,male,15,genetic,-28.125,84.0,10.08,semaglutide,115,NCT03693430,"CHILD,ADULT,OLDER_ADULT",PHASE3,144,2.4,1 + every 7 days,728,104,249.6,no,subcutaneous,-11.600000000000001,16.525
22,PMC10218334,0.120,1 + every 1 day,84,subcutaneous,91,266,,48.0,Ldlr−/−.Leiden,mice,male,15,genetic,-28.125,84.0,10.08,semaglutide,117,NCT03693430,"CHILD,ADULT,OLDER_ADULT",PHASE3,149,2.4,1 + every 7 days,364,52,124.8,no,subcutaneous,-12.5,15.625
22,PMC10218334,0.120,1 + every 1 day,84,subcutaneous,91,266,,48.0,Ldlr−/−.Leiden,mice,male,15,genetic,-28.125,84.0,10.08,semaglutide,135,NCT04074161,"ADULT,OLDER_ADULT",PHASE3,117,2.4,1 + every 7 days,476,68,163.2,no,subcutaneous,-14.799999999999999,13.325000000000001
23,PMC10339203,0.05,1 + every 1 day,42,subcutaneous,70,77,,48.0,db/db,mice,male,10,genetic,-9.0,42.0,2.1,semaglutide,16,NCT03611582,"ADULT,OLDER_ADULT",PHASE3,407,2.4,1 + every 7 days,476,68,163.2,no,subcutaneous,-11.500000000000002,-2.5000000000000018
23,PMC10339203,0.05,1 + every 1 day,42,subcutaneous,70,77,,48.0,db/db,mice,male,10,genetic,-9.0,42.0,2.1,semaglutide,28,NCT02453711,"ADULT,OLDER_ADULT",PHASE2,92,0.05,1 + every 1 day,364,364,18.2,no,subcutaneous,-3.7,5.3
23,PMC10339203,0.05,1 + every 1 day,42,subcutaneous,70,77,,48.0,db/db,mice,male,10,genetic,-9.0,42.0,2.1,semaglutide,29,NCT02453711,"ADULT,OLDER_ADULT",PHASE2,96,0.1,1 + every 1 day,364,364,36.4,no,subcutaneous,-6.329999999999999,2.670000000000001
23,PMC10339203,0.05,1 + every 1 day,42,subcutaneous,70,77,,48.0,db/db,mice,male,10,genetic,-9.0,42.0,2.1,semaglutide,30,NCT02453711,"ADULT,OLDER_ADULT",PHASE2,94,0.2,1 + every 1 day,364,364,72.8,no,subcutaneous,-9.309999999999999,-0.3099999999999987
23,PMC10339203,0.05,1 + every 1 day,42,subcutaneous,70,77,,48.0,db/db,mice,male,10,genetic,-9.0,42.0,2.1,semaglutide,31,NCT02453711,"ADULT,OLDER_ADULT",PHASE2,95,0.3,1 + every 1 day,364,364,109.2,no,subcutaneous,-8.879999999999999,0.120000000000001
23,PMC10339203,0.05,1 + every 1 day,42,subcutaneous,70,77,,48.0,db/db,mice,male,10,genetic,-9.0,42.0,2.1,semaglutide,32,NCT02453711,"ADULT,OLDER_ADULT",PHASE2,100,0.4,1 + every 1 day,364,364,145.6,no,subcutaneous,-11.55,-2.5500000000000007
23,PMC10339203,0.05,1 + every 1 day,42,subcutaneous,70,77,,48.0,db/db,mice,male,10,genetic,-9.0,42.0,2.1,semaglutide,33,NCT02453711,"ADULT,OLDER_ADULT",PHASE2,95,0.3,1 + every 1 day,364,364,109.2,no,subcutaneous,-9.09,-0.08999999999999986
23,PMC10339203,0.05,1 + every 1 day,42,subcutaneous,70,77,,48.0,db/db,mice,male,10,genetic,-9.0,42.0,2.1,semaglutide,34,NCT02453711,"ADULT,OLDER_ADULT",PHASE2,100,0.4,1 + every 1 day,364,364,145.6,no,subcutaneous,-14.0,-5.0
23,PMC10339203,0.05,1 + every 1 day,42,subcutaneous,70,77,,48.0,db/db,mice,male,10,genetic,-9.0,42.0,2.1,semaglutide,44,NCT04788511,"ADULT,OLDER_ADULT",PHASE3,246,2.4,1 + every 7 days,364,52,124.8,no,subcutaneous,-11.4,-2.4000000000000004
23,PMC10339203,0.05,1 + every 1 day,42,subcutaneous,70,77,,48.0,db/db,mice,male,10,genetic,-9.0,42.0,2.1,semaglutide,62,NCT03574597,"ADULT,OLDER_ADULT",PHASE3,7474,2.4,1 + every 7 days,728,104,249.6,no,subcutaneous,-8.520000000000001,0.47999999999999865
23,PMC10339203,0.05,1 + every 1 day,42,subcutaneous,70,77,,48.0,db/db,mice,male,10,genetic,-9.0,42.0,2.1,semaglutide,63,NCT03811574,"ADULT,OLDER_ADULT",PHASE3,98,1.7,1 + every 7 days,476,68,115.6,no,subcutaneous,-8.0,1.0
23,PMC10339203,0.05,1 + every 1 day,42,subcutaneous,70,77,,48.0,db/db,mice,male,10,genetic,-9.0,42.0,2.1,semaglutide,64,NCT03811574,"ADULT,OLDER_ADULT",PHASE3,193,2.4,1 + every 7 days,476,68,163.2,no,subcutaneous,-11.5,-2.5
23,PMC10339203,0.05,1 + every 1 day,42,subcutaneous,70,77,,48.0,db/db,mice,male,10,genetic,-9.0,42.0,2.1,semaglutide,99,NCT03548987,"ADULT,OLDER_ADULT",PHASE3,535,2.4,1 + every 7 days,336,48,115.19999999999999,no,subcutaneous,-14.9,-5.9
23,PMC10339203,0.05,1 + every 1 day,42,subcutaneous,70,77,,48.0,db/db,mice,male,10,genetic,-9.0,42.0,2.1,semaglutide,101,NCT03548987,"ADULT,OLDER_ADULT",PHASE3,520,2.4,1 + every 7 days,336,48,115.19999999999999,no,subcutaneous,-12.299999999999999,-3.299999999999999
23,PMC10339203,0.05,1 + every 1 day,42,subcutaneous,70,77,,48.0,db/db,mice,male,10,genetic,-9.0,42.0,2.1,semaglutide,104,NCT04251156,"ADULT,OLDER_ADULT",PHASE3,238,2.4,1 + every 7 days,308,44,105.6,no,subcutaneous,-8.9,0.09999999999999964
23,PMC10339203,0.05,1 + every 1 day,42,subcutaneous,70,77,,48.0,db/db,mice,male,10,genetic,-9.0,42.0,2.1,semaglutide,114,NCT04102189,CHILD,PHASE3,131,2.4,1 + every 7 days,476,68,163.2,no,subcutaneous,-17.1,-8.100000000000001
23,PMC10339203,0.05,1 + every 1 day,42,subcutaneous,70,77,,48.0,db/db,mice,male,10,genetic,-9.0,42.0,2.1,semaglutide,115,NCT03693430,"CHILD,ADULT,OLDER_ADULT",PHASE3,144,2.4,1 + every 7 days,728,104,249.6,no,subcutaneous,-11.600000000000001,-2.6000000000000014
23,PMC10339203,0.05,1 + every 1 day,42,subcutaneous,70,77,,48.0,db/db,mice,male,10,genetic,-9.0,42.0,2.1,semaglutide,117,NCT03693430,"CHILD,ADULT,OLDER_ADULT",PHASE3,149,2.4,1 + every 7 days,364,52,124.8,no,subcutaneous,-12.5,-3.5
23,PMC10339203,0.05,1 + every 1 day,42,subcutaneous,70,77,,48.0,db/db,mice,male,10,genetic,-9.0,42.0,2.1,semaglutide,135,NCT04074161,"ADULT,OLDER_ADULT",PHASE3,117,2.4,1 + every 7 days,476,68,163.2,no,subcutaneous,-14.799999999999999,-5.799999999999999
24,PMC10339203,0.025,1 + every 1 day,21,subcutaneous,154,154,,650.0,Sprague–Dawley,rats,male,5,diet:high-fat,-9.0,21.0,0.525,semaglutide,16,NCT03611582,"ADULT,OLDER_ADULT",PHASE3,407,2.4,1 + every 7 days,476,68,163.2,no,subcutaneous,-11.500000000000002,-2.5000000000000018
24,PMC10339203,0.025,1 + every 1 day,21,subcutaneous,154,154,,650.0,Sprague–Dawley,rats,male,5,diet:high-fat,-9.0,21.0,0.525,semaglutide,28,NCT02453711,"ADULT,OLDER_ADULT",PHASE2,92,0.05,1 + every 1 day,364,364,18.2,no,subcutaneous,-3.7,5.3
24,PMC10339203,0.025,1 + every 1 day,21,subcutaneous,154,154,,650.0,Sprague–Dawley,rats,male,5,diet:high-fat,-9.0,21.0,0.525,semaglutide,29,NCT02453711,"ADULT,OLDER_ADULT",PHASE2,96,0.1,1 + every 1 day,364,364,36.4,no,subcutaneous,-6.329999999999999,2.670000000000001
24,PMC10339203,0.025,1 + every 1 day,21,subcutaneous,154,154,,650.0,Sprague–Dawley,rats,male,5,diet:high-fat,-9.0,21.0,0.525,semaglutide,30,NCT02453711,"ADULT,OLDER_ADULT",PHASE2,94,0.2,1 + every 1 day,364,364,72.8,no,subcutaneous,-9.309999999999999,-0.3099999999999987
24,PMC10339203,0.025,1 + every 1 day,21,subcutaneous,154,154,,650.0,Sprague–Dawley,rats,male,5,diet:high-fat,-9.0,21.0,0.525,semaglutide,31,NCT02453711,"ADULT,OLDER_ADULT",PHASE2,95,0.3,1 + every 1 day,364,364,109.2,no,subcutaneous,-8.879999999999999,0.120000000000001
24,PMC10339203,0.025,1 + every 1 day,21,subcutaneous,154,154,,650.0,Sprague–Dawley,rats,male,5,diet:high-fat,-9.0,21.0,0.525,semaglutide,32,NCT02453711,"ADULT,OLDER_ADULT",PHASE2,100,0.4,1 + every 1 day,364,364,145.6,no,subcutaneous,-11.55,-2.5500000000000007
24,PMC10339203,0.025,1 + every 1 day,21,subcutaneous,154,154,,650.0,Sprague–Dawley,rats,male,5,diet:high-fat,-9.0,21.0,0.525,semaglutide,33,NCT02453711,"ADULT,OLDER_ADULT",PHASE2,95,0.3,1 + every 1 day,364,364,109.2,no,subcutaneous,-9.09,-0.08999999999999986
24,PMC10339203,0.025,1 + every 1 day,21,subcutaneous,154,154,,650.0,Sprague–Dawley,rats,male,5,diet:high-fat,-9.0,21.0,0.525,semaglutide,34,NCT02453711,"ADULT,OLDER_ADULT",PHASE2,100,0.4,1 + every 1 day,364,364,145.6,no,subcutaneous,-14.0,-5.0
24,PMC10339203,0.025,1 + every 1 day,21,subcutaneous,154,154,,650.0,Sprague–Dawley,rats,male,5,diet:high-fat,-9.0,21.0,0.525,semaglutide,44,NCT04788511,"ADULT,OLDER_ADULT",PHASE3,246,2.4,1 + every 7 days,364,52,124.8,no,subcutaneous,-11.4,-2.4000000000000004
24,PMC10339203,0.025,1 + every 1 day,21,subcutaneous,154,154,,650.0,Sprague–Dawley,rats,male,5,diet:high-fat,-9.0,21.0,0.525,semaglutide,62,NCT03574597,"ADULT,OLDER_ADULT",PHASE3,7474,2.4,1 + every 7 days,728,104,249.6,no,subcutaneous,-8.520000000000001,0.47999999999999865
24,PMC10339203,0.025,1 + every 1 day,21,subcutaneous,154,154,,650.0,Sprague–Dawley,rats,male,5,diet:high-fat,-9.0,21.0,0.525,semaglutide,63,NCT03811574,"ADULT,OLDER_ADULT",PHASE3,98,1.7,1 + every 7 days,476,68,115.6,no,subcutaneous,-8.0,1.0
24,PMC10339203,0.025,1 + every 1 day,21,subcutaneous,154,154,,650.0,Sprague–Dawley,rats,male,5,diet:high-fat,-9.0,21.0,0.525,semaglutide,64,NCT03811574,"ADULT,OLDER_ADULT",PHASE3,193,2.4,1 + every 7 days,476,68,163.2,no,subcutaneous,-11.5,-2.5
24,PMC10339203,0.025,1 + every 1 day,21,subcutaneous,154,154,,650.0,Sprague–Dawley,rats,male,5,diet:high-fat,-9.0,21.0,0.525,semaglutide,99,NCT03548987,"ADULT,OLDER_ADULT",PHASE3,535,2.4,1 + every 7 days,336,48,115.19999999999999,no,subcutaneous,-14.9,-5.9
24,PMC10339203,0.025,1 + every 1 day,21,subcutaneous,154,154,,650.0,Sprague–Dawley,rats,male,5,diet:high-fat,-9.0,21.0,0.525,semaglutide,101,NCT03548987,"ADULT,OLDER_ADULT",PHASE3,520,2.4,1 + every 7 days,336,48,115.19999999999999,no,subcutaneous,-12.299999999999999,-3.299999999999999
24,PMC10339203,0.025,1 + every 1 day,21,subcutaneous,154,154,,650.0,Sprague–Dawley,rats,male,5,diet:high-fat,-9.0,21.0,0.525,semaglutide,104,NCT04251156,"ADULT,OLDER_ADULT",PHASE3,238,2.4,1 + every 7 days,308,44,105.6,no,subcutaneous,-8.9,0.09999999999999964
24,PMC10339203,0.025,1 + every 1 day,21,subcutaneous,154,154,,650.0,Sprague–Dawley,rats,male,5,diet:high-fat,-9.0,21.0,0.525,semaglutide,114,NCT04102189,CHILD,PHASE3,131,2.4,1 + every 7 days,476,68,163.2,no,subcutaneous,-17.1,-8.100000000000001
24,PMC10339203,0.025,1 + every 1 day,21,subcutaneous,154,154,,650.0,Sprague–Dawley,rats,male,5,diet:high-fat,-9.0,21.0,0.525,semaglutide,115,NCT03693430,"CHILD,ADULT,OLDER_ADULT",PHASE3,144,2.4,1 + every 7 days,728,104,249.6,no,subcutaneous,-11.600000000000001,-2.6000000000000014
24,PMC10339203,0.025,1 + every 1 day,21,subcutaneous,154,154,,650.0,Sprague–Dawley,rats,male,5,diet:high-fat,-9.0,21.0,0.525,semaglutide,117,NCT03693430,"CHILD,ADULT,OLDER_ADULT",PHASE3,149,2.4,1 + every 7 days,364,52,124.8,no,subcutaneous,-12.5,-3.5
24,PMC10339203,0.025,1 + every 1 day,21,subcutaneous,154,154,,650.0,Sprague–Dawley,rats,male,5,diet:high-fat,-9.0,21.0,0.525,semaglutide,135,NCT04074161,"ADULT,OLDER_ADULT",PHASE3,117,2.4,1 + every 7 days,476,68,163.2,no,subcutaneous,-14.799999999999999,-5.799999999999999
26,PMC10344952,0.04113641,2 + every 1 day,28,subcutaneous,154,154,,45.5,C57BL/6J,mice,male,9,diet:high-fat,-17.0,56.0,2.30363896,semaglutide,16,NCT03611582,"ADULT,OLDER_ADULT",PHASE3,407,2.4,1 + every 7 days,476,68,163.2,no,subcutaneous,-11.500000000000002,5.499999999999998
26,PMC10344952,0.04113641,2 + every 1 day,28,subcutaneous,154,154,,45.5,C57BL/6J,mice,male,9,diet:high-fat,-17.0,56.0,2.30363896,semaglutide,28,NCT02453711,"ADULT,OLDER_ADULT",PHASE2,92,0.05,1 + every 1 day,364,364,18.2,no,subcutaneous,-3.7,13.3
26,PMC10344952,0.04113641,2 + every 1 day,28,subcutaneous,154,154,,45.5,C57BL/6J,mice,male,9,diet:high-fat,-17.0,56.0,2.30363896,semaglutide,29,NCT02453711,"ADULT,OLDER_ADULT",PHASE2,96,0.1,1 + every 1 day,364,364,36.4,no,subcutaneous,-6.329999999999999,10.670000000000002
26,PMC10344952,0.04113641,2 + every 1 day,28,subcutaneous,154,154,,45.5,C57BL/6J,mice,male,9,diet:high-fat,-17.0,56.0,2.30363896,semaglutide,30,NCT02453711,"ADULT,OLDER_ADULT",PHASE2,94,0.2,1 + every 1 day,364,364,72.8,no,subcutaneous,-9.309999999999999,7.690000000000001
26,PMC10344952,0.04113641,2 + every 1 day,28,subcutaneous,154,154,,45.5,C57BL/6J,mice,male,9,diet:high-fat,-17.0,56.0,2.30363896,semaglutide,31,NCT02453711,"ADULT,OLDER_ADULT",PHASE2,95,0.3,1 + every 1 day,364,364,109.2,no,subcutaneous,-8.879999999999999,8.120000000000001
26,PMC10344952,0.04113641,2 + every 1 day,28,subcutaneous,154,154,,45.5,C57BL/6J,mice,male,9,diet:high-fat,-17.0,56.0,2.30363896,semaglutide,32,NCT02453711,"ADULT,OLDER_ADULT",PHASE2,100,0.4,1 + every 1 day,364,364,145.6,no,subcutaneous,-11.55,5.449999999999999
26,PMC10344952,0.04113641,2 + every 1 day,28,subcutaneous,154,154,,45.5,C57BL/6J,mice,male,9,diet:high-fat,-17.0,56.0,2.30363896,semaglutide,33,NCT02453711,"ADULT,OLDER_ADULT",PHASE2,95,0.3,1 + every 1 day,364,364,109.2,no,subcutaneous,-9.09,7.91
26,PMC10344952,0.04113641,2 + every 1 day,28,subcutaneous,154,154,,45.5,C57BL/6J,mice,male,9,diet:high-fat,-17.0,56.0,2.30363896,semaglutide,34,NCT02453711,"ADULT,OLDER_ADULT",PHASE2,100,0.4,1 + every 1 day,364,364,145.6,no,subcutaneous,-14.0,3.0
26,PMC10344952,0.04113641,2 + every 1 day,28,subcutaneous,154,154,,45.5,C57BL/6J,mice,male,9,diet:high-fat,-17.0,56.0,2.30363896,semaglutide,44,NCT04788511,"ADULT,OLDER_ADULT",PHASE3,246,2.4,1 + every 7 days,364,52,124.8,no,subcutaneous,-11.4,5.6
26,PMC10344952,0.04113641,2 + every 1 day,28,subcutaneous,154,154,,45.5,C57BL/6J,mice,male,9,diet:high-fat,-17.0,56.0,2.30363896,semaglutide,62,NCT03574597,"ADULT,OLDER_ADULT",PHASE3,7474,2.4,1 + every 7 days,728,104,249.6,no,subcutaneous,-8.520000000000001,8.479999999999999
26,PMC10344952,0.04113641,2 + every 1 day,28,subcutaneous,154,154,,45.5,C57BL/6J,mice,male,9,diet:high-fat,-17.0,56.0,2.30363896,semaglutide,63,NCT03811574,"ADULT,OLDER_ADULT",PHASE3,98,1.7,1 + every 7 days,476,68,115.6,no,subcutaneous,-8.0,9.0
26,PMC10344952,0.04113641,2 + every 1 day,28,subcutaneous,154,154,,45.5,C57BL/6J,mice,male,9,diet:high-fat,-17.0,56.0,2.30363896,semaglutide,64,NCT03811574,"ADULT,OLDER_ADULT",PHASE3,193,2.4,1 + every 7 days,476,68,163.2,no,subcutaneous,-11.5,5.5
26,PMC10344952,0.04113641,2 + every 1 day,28,subcutaneous,154,154,,45.5,C57BL/6J,mice,male,9,diet:high-fat,-17.0,56.0,2.30363896,semaglutide,99,NCT03548987,"ADULT,OLDER_ADULT",PHASE3,535,2.4,1 + every 7 days,336,48,115.19999999999999,no,subcutaneous,-14.9,2.0999999999999996
26,PMC10344952,0.04113641,2 + every 1 day,28,subcutaneous,154,154,,45.5,C57BL/6J,mice,male,9,diet:high-fat,-17.0,56.0,2.30363896,semaglutide,101,NCT03548987,"ADULT,OLDER_ADULT",PHASE3,520,2.4,1 + every 7 days,336,48,115.19999999999999,no,subcutaneous,-12.299999999999999,4.700000000000001
26,PMC10344952,0.04113641,2 + every 1 day,28,subcutaneous,154,154,,45.5,C57BL/6J,mice,male,9,diet:high-fat,-17.0,56.0,2.30363896,semaglutide,104,NCT04251156,"ADULT,OLDER_ADULT",PHASE3,238,2.4,1 + every 7 days,308,44,105.6,no,subcutaneous,-8.9,8.1
26,PMC10344952,0.04113641,2 + every 1 day,28,subcutaneous,154,154,,45.5,C57BL/6J,mice,male,9,diet:high-fat,-17.0,56.0,2.30363896,semaglutide,114,NCT04102189,CHILD,PHASE3,131,2.4,1 + every 7 days,476,68,163.2,no,subcutaneous,-17.1,-0.10000000000000142
26,PMC10344952,0.04113641,2 + every 1 day,28,subcutaneous,154,154,,45.5,C57BL/6J,mice,male,9,diet:high-fat,-17.0,56.0,2.30363896,semaglutide,115,NCT03693430,"CHILD,ADULT,OLDER_ADULT",PHASE3,144,2.4,1 + every 7 days,728,104,249.6,no,subcutaneous,-11.600000000000001,5.399999999999999
26,PMC10344952,0.04113641,2 + every 1 day,28,subcutaneous,154,154,,45.5,C57BL/6J,mice,male,9,diet:high-fat,-17.0,56.0,2.30363896,semaglutide,117,NCT03693430,"CHILD,ADULT,OLDER_ADULT",PHASE3,149,2.4,1 + every 7 days,364,52,124.8,no,subcutaneous,-12.5,4.5
26,PMC10344952,0.04113641,2 + every 1 day,28,subcutaneous,154,154,,45.5,C57BL/6J,mice,male,9,diet:high-fat,-17.0,56.0,2.30363896,semaglutide,135,NCT04074161,"ADULT,OLDER_ADULT",PHASE3,117,2.4,1 + every 7 days,476,68,163.2,no,subcutaneous,-14.799999999999999,2.200000000000001
31,PMC10439806,0.4,1 + every 1 day,28,subcutaneous,56,189,20.1,55.0,C57BL/6J,mice,male,3,diet:high-fat,-32.72727272727273,28.0,11.200000000000001,liraglutide,35,NCT02453711,"ADULT,OLDER_ADULT",PHASE2,96,3.0,1 + every 1 day,364,364,1092.0,no,subcutaneous,-5.47,27.257272727272728
31,PMC10439806,0.4,1 + every 1 day,28,subcutaneous,56,189,20.1,55.0,C57BL/6J,mice,male,3,diet:high-fat,-32.72727272727273,28.0,11.200000000000001,liraglutide,51,NCT00422058,"ADULT,OLDER_ADULT",PHASE2,94,1.2,1 + every 1 day,140,140,168.0,no,subcutaneous,-2.2072087435352685,30.520063983737458
31,PMC10439806,0.4,1 + every 1 day,28,subcutaneous,56,189,20.1,55.0,C57BL/6J,mice,male,3,diet:high-fat,-32.72727272727273,28.0,11.200000000000001,liraglutide,52,NCT00422058,"ADULT,OLDER_ADULT",PHASE2,90,1.8,1 + every 1 day,140,140,252.0,no,subcutaneous,-2.9371604752653058,29.79011225200742
31,PMC10439806,0.4,1 + every 1 day,28,subcutaneous,56,189,20.1,55.0,C57BL/6J,mice,male,3,diet:high-fat,-32.72727272727273,28.0,11.200000000000001,liraglutide,53,NCT00422058,"ADULT,OLDER_ADULT",PHASE2,92,2.4,1 + every 1 day,140,140,336.0,no,subcutaneous,-3.6240693851707304,29.103203342101995
31,PMC10439806,0.4,1 + every 1 day,28,subcutaneous,56,189,20.1,55.0,C57BL/6J,mice,male,3,diet:high-fat,-32.72727272727273,28.0,11.200000000000001,liraglutide,54,NCT00422058,"ADULT,OLDER_ADULT",PHASE2,92,3.0,1 + every 1 day,140,140,420.0,no,subcutaneous,-4.711624106871794,28.01564862040093
31,PMC10439806,0.4,1 + every 1 day,28,subcutaneous,56,189,20.1,55.0,C57BL/6J,mice,male,3,diet:high-fat,-32.72727272727273,28.0,11.200000000000001,liraglutide,61,NCT03158805,"ADULT,OLDER_ADULT",PHASE2,29,3.0,1 + every 1 day,280,280,840.0,no,subcutaneous,-3.5,29.227272727272727
31,PMC10439806,0.4,1 + every 1 day,28,subcutaneous,56,189,20.1,55.0,C57BL/6J,mice,male,3,diet:high-fat,-32.72727272727273,28.0,11.200000000000001,liraglutide,102,NCT01272232,"ADULT,OLDER_ADULT",PHASE3,412,3.0,1 + every 1 day,392,392,1176.0,no,subcutaneous,-3.9000000000000004,28.827272727272728
31,PMC10439806,0.4,1 + every 1 day,28,subcutaneous,56,189,20.1,55.0,C57BL/6J,mice,male,3,diet:high-fat,-32.72727272727273,28.0,11.200000000000001,liraglutide,103,NCT01272232,"ADULT,OLDER_ADULT",PHASE3,204,1.8,1 + every 1 day,392,392,705.6,no,subcutaneous,-2.5999999999999996,30.127272727272725
31,PMC10439806,0.4,1 + every 1 day,28,subcutaneous,56,189,20.1,55.0,C57BL/6J,mice,male,3,diet:high-fat,-32.72727272727273,28.0,11.200000000000001,liraglutide,106,NCT01272219,"ADULT,OLDER_ADULT",PHASE3,2432,3.0,1 + every 1 day,392,392,1176.0,no,subcutaneous,-5.36,27.367272727272727
31,PMC10439806,0.4,1 + every 1 day,28,subcutaneous,56,189,20.1,55.0,C57BL/6J,mice,male,3,diet:high-fat,-32.72727272727273,28.0,11.200000000000001,liraglutide,107,NCT01272219,"ADULT,OLDER_ADULT",PHASE3,1467,3.0,1 + every 1 day,1120,1120,3360.0,no,subcutaneous,-4.25,28.477272727272727
31,PMC10439806,0.4,1 + every 1 day,28,subcutaneous,56,189,20.1,55.0,C57BL/6J,mice,male,3,diet:high-fat,-32.72727272727273,28.0,11.200000000000001,liraglutide,108,NCT01272219,"ADULT,OLDER_ADULT",PHASE3,349,3.0,1 + every 1 day,476,476,1428.0,no,subcutaneous,-5.33,27.39727272727273
31,PMC10439806,0.4,1 + every 1 day,28,subcutaneous,56,189,20.1,55.0,C57BL/6J,mice,male,3,diet:high-fat,-32.72727272727273,28.0,11.200000000000001,liraglutide,112,NCT01557166,ADULT,PHASE3,175,3.0,1 + every 1 day,224,224,672.0,no,subcutaneous,-4.201423866334764,28.525848860937963
31,PMC10439806,0.4,1 + every 1 day,28,subcutaneous,56,189,20.1,55.0,C57BL/6J,mice,male,3,diet:high-fat,-32.72727272727273,28.0,11.200000000000001,liraglutide,120,NCT02918279,CHILD,PHASE3,125,3.0,1 + every 1 day,392,392,1176.0,no,subcutaneous,-3.6,29.127272727272725
31,PMC10439806,0.4,1 + every 1 day,28,subcutaneous,56,189,20.1,55.0,C57BL/6J,mice,male,3,diet:high-fat,-32.72727272727273,28.0,11.200000000000001,liraglutide,127,NCT02527200,"CHILD,ADULT",PHASE3,17,3.0,1 + every 1 day,364,364,1092.0,no,subcutaneous,-2.6999999999999997,30.027272727272727
31,PMC10439806,0.4,1 + every 1 day,28,subcutaneous,56,189,20.1,55.0,C57BL/6J,mice,male,3,diet:high-fat,-32.72727272727273,28.0,11.200000000000001,liraglutide,128,NCT02527200,"CHILD,ADULT",PHASE3,14,3.0,1 + every 1 day,364,364,1092.0,no,subcutaneous,1.3999999999999995,34.127272727272725
31,PMC10439806,0.4,1 + every 1 day,28,subcutaneous,56,189,20.1,55.0,C57BL/6J,mice,male,3,diet:high-fat,-32.72727272727273,28.0,11.200000000000001,liraglutide,129,NCT02527200,"CHILD,ADULT",PHASE3,31,3.0,1 + every 1 day,364,364,1092.0,no,subcutaneous,-0.6999999999999997,32.027272727272724
31,PMC10439806,0.4,1 + every 1 day,28,subcutaneous,56,189,20.1,55.0,C57BL/6J,mice,male,3,diet:high-fat,-32.72727272727273,28.0,11.200000000000001,liraglutide,130,NCT00781937,"ADULT,OLDER_ADULT",PHASE3,194,3.0,1 + every 1 day,392,392,1176.0,no,subcutaneous,-6.0600000000000005,26.667272727272724
31,PMC10439806,0.4,1 + every 1 day,28,subcutaneous,56,189,20.1,55.0,C57BL/6J,mice,male,3,diet:high-fat,-32.72727272727273,28.0,11.200000000000001,liraglutide,136,NCT04074161,"ADULT,OLDER_ADULT",PHASE3,117,3.0,1 + every 1 day,476,476,1428.0,no,subcutaneous,-4.800000000000001,27.927272727272726
31,PMC10439806,0.4,1 + every 1 day,28,subcutaneous,56,189,20.1,55.0,C57BL/6J,mice,male,3,diet:high-fat,-32.72727272727273,28.0,11.200000000000001,liraglutide,150,NCT02647944,"ADULT,OLDER_ADULT",PHASE2,19,3.0,1 + every 1 day,112,112,336.0,no,subcutaneous,-2.58819247874349,30.139080248529236
31,PMC10439806,0.4,1 + every 1 day,28,subcutaneous,56,189,20.1,55.0,C57BL/6J,mice,male,3,diet:high-fat,-32.72727272727273,28.0,11.200000000000001,liraglutide,155,NCT03486392,"ADULT,OLDER_ADULT",PHASE2,108,3.0,1 + every 1 day,182,182,546.0,no,subcutaneous,-5.78,26.947272727272725
32,PMC10439806,0.06,1 + every 1 day,28,subcutaneous,56,189,20.1,55.0,C57BL/6J,mice,male,3,diet:high-fat,-30.909090909090907,28.0,1.68,semaglutide,16,NCT03611582,"ADULT,OLDER_ADULT",PHASE3,407,2.4,1 + every 7 days,476,68,163.2,no,subcutaneous,-11.500000000000002,19.409090909090907
32,PMC10439806,0.06,1 + every 1 day,28,subcutaneous,56,189,20.1,55.0,C57BL/6J,mice,male,3,diet:high-fat,-30.909090909090907,28.0,1.68,semaglutide,28,NCT02453711,"ADULT,OLDER_ADULT",PHASE2,92,0.05,1 + every 1 day,364,364,18.2,no,subcutaneous,-3.7,27.209090909090907
32,PMC10439806,0.06,1 + every 1 day,28,subcutaneous,56,189,20.1,55.0,C57BL/6J,mice,male,3,diet:high-fat,-30.909090909090907,28.0,1.68,semaglutide,29,NCT02453711,"ADULT,OLDER_ADULT",PHASE2,96,0.1,1 + every 1 day,364,364,36.4,no,subcutaneous,-6.329999999999999,24.579090909090908
32,PMC10439806,0.06,1 + every 1 day,28,subcutaneous,56,189,20.1,55.0,C57BL/6J,mice,male,3,diet:high-fat,-30.909090909090907,28.0,1.68,semaglutide,30,NCT02453711,"ADULT,OLDER_ADULT",PHASE2,94,0.2,1 + every 1 day,364,364,72.8,no,subcutaneous,-9.309999999999999,21.599090909090908
32,PMC10439806,0.06,1 + every 1 day,28,subcutaneous,56,189,20.1,55.0,C57BL/6J,mice,male,3,diet:high-fat,-30.909090909090907,28.0,1.68,semaglutide,31,NCT02453711,"ADULT,OLDER_ADULT",PHASE2,95,0.3,1 + every 1 day,364,364,109.2,no,subcutaneous,-8.879999999999999,22.029090909090908
32,PMC10439806,0.06,1 + every 1 day,28,subcutaneous,56,189,20.1,55.0,C57BL/6J,mice,male,3,diet:high-fat,-30.909090909090907,28.0,1.68,semaglutide,32,NCT02453711,"ADULT,OLDER_ADULT",PHASE2,100,0.4,1 + every 1 day,364,364,145.6,no,subcutaneous,-11.55,19.359090909090906
32,PMC10439806,0.06,1 + every 1 day,28,subcutaneous,56,189,20.1,55.0,C57BL/6J,mice,male,3,diet:high-fat,-30.909090909090907,28.0,1.68,semaglutide,33,NCT02453711,"ADULT,OLDER_ADULT",PHASE2,95,0.3,1 + every 1 day,364,364,109.2,no,subcutaneous,-9.09,21.819090909090907
32,PMC10439806,0.06,1 + every 1 day,28,subcutaneous,56,189,20.1,55.0,C57BL/6J,mice,male,3,diet:high-fat,-30.909090909090907,28.0,1.68,semaglutide,34,NCT02453711,"ADULT,OLDER_ADULT",PHASE2,100,0.4,1 + every 1 day,364,364,145.6,no,subcutaneous,-14.0,16.909090909090907
32,PMC10439806,0.06,1 + every 1 day,28,subcutaneous,56,189,20.1,55.0,C57BL/6J,mice,male,3,diet:high-fat,-30.909090909090907,28.0,1.68,semaglutide,44,NCT04788511,"ADULT,OLDER_ADULT",PHASE3,246,2.4,1 + every 7 days,364,52,124.8,no,subcutaneous,-11.4,19.509090909090908
32,PMC10439806,0.06,1 + every 1 day,28,subcutaneous,56,189,20.1,55.0,C57BL/6J,mice,male,3,diet:high-fat,-30.909090909090907,28.0,1.68,semaglutide,62,NCT03574597,"ADULT,OLDER_ADULT",PHASE3,7474,2.4,1 + every 7 days,728,104,249.6,no,subcutaneous,-8.520000000000001,22.389090909090903
32,PMC10439806,0.06,1 + every 1 day,28,subcutaneous,56,189,20.1,55.0,C57BL/6J,mice,male,3,diet:high-fat,-30.909090909090907,28.0,1.68,semaglutide,63,NCT03811574,"ADULT,OLDER_ADULT",PHASE3,98,1.7,1 + every 7 days,476,68,115.6,no,subcutaneous,-8.0,22.909090909090907
32,PMC10439806,0.06,1 + every 1 day,28,subcutaneous,56,189,20.1,55.0,C57BL/6J,mice,male,3,diet:high-fat,-30.909090909090907,28.0,1.68,semaglutide,64,NCT03811574,"ADULT,OLDER_ADULT",PHASE3,193,2.4,1 + every 7 days,476,68,163.2,no,subcutaneous,-11.5,19.409090909090907
32,PMC10439806,0.06,1 + every 1 day,28,subcutaneous,56,189,20.1,55.0,C57BL/6J,mice,male,3,diet:high-fat,-30.909090909090907,28.0,1.68,semaglutide,99,NCT03548987,"ADULT,OLDER_ADULT",PHASE3,535,2.4,1 + every 7 days,336,48,115.19999999999999,no,subcutaneous,-14.9,16.009090909090908
32,PMC10439806,0.06,1 + every 1 day,28,subcutaneous,56,189,20.1,55.0,C57BL/6J,mice,male,3,diet:high-fat,-30.909090909090907,28.0,1.68,semaglutide,101,NCT03548987,"ADULT,OLDER_ADULT",PHASE3,520,2.4,1 + every 7 days,336,48,115.19999999999999,no,subcutaneous,-12.299999999999999,18.60909090909091
32,PMC10439806,0.06,1 + every 1 day,28,subcutaneous,56,189,20.1,55.0,C57BL/6J,mice,male,3,diet:high-fat,-30.909090909090907,28.0,1.68,semaglutide,104,NCT04251156,"ADULT,OLDER_ADULT",PHASE3,238,2.4,1 + every 7 days,308,44,105.6,no,subcutaneous,-8.9,22.009090909090908
32,PMC10439806,0.06,1 + every 1 day,28,subcutaneous,56,189,20.1,55.0,C57BL/6J,mice,male,3,diet:high-fat,-30.909090909090907,28.0,1.68,semaglutide,114,NCT04102189,CHILD,PHASE3,131,2.4,1 + every 7 days,476,68,163.2,no,subcutaneous,-17.1,13.809090909090905
32,PMC10439806,0.06,1 + every 1 day,28,subcutaneous,56,189,20.1,55.0,C57BL/6J,mice,male,3,diet:high-fat,-30.909090909090907,28.0,1.68,semaglutide,115,NCT03693430,"CHILD,ADULT,OLDER_ADULT",PHASE3,144,2.4,1 + every 7 days,728,104,249.6,no,subcutaneous,-11.600000000000001,19.309090909090905
32,PMC10439806,0.06,1 + every 1 day,28,subcutaneous,56,189,20.1,55.0,C57BL/6J,mice,male,3,diet:high-fat,-30.909090909090907,28.0,1.68,semaglutide,117,NCT03693430,"CHILD,ADULT,OLDER_ADULT",PHASE3,149,2.4,1 + every 7 days,364,52,124.8,no,subcutaneous,-12.5,18.409090909090907
32,PMC10439806,0.06,1 + every 1 day,28,subcutaneous,56,189,20.1,55.0,C57BL/6J,mice,male,3,diet:high-fat,-30.909090909090907,28.0,1.68,semaglutide,135,NCT04074161,"ADULT,OLDER_ADULT",PHASE3,117,2.4,1 + every 7 days,476,68,163.2,no,subcutaneous,-14.799999999999999,16.10909090909091
33,PMC10489807,0.23,1 + every 1 day,3,oral,28,231,,32.0,C57BL/6J,mice,male,6,diet:high-fat,-4.545454545454546,3.0,0.6900000000000001,semaglutide,16,NCT03611582,"ADULT,OLDER_ADULT",PHASE3,407,2.4,1 + every 7 days,476,68,163.2,no,subcutaneous,-11.500000000000002,-6.954545454545456
33,PMC10489807,0.23,1 + every 1 day,3,oral,28,231,,32.0,C57BL/6J,mice,male,6,diet:high-fat,-4.545454545454546,3.0,0.6900000000000001,semaglutide,28,NCT02453711,"ADULT,OLDER_ADULT",PHASE2,92,0.05,1 + every 1 day,364,364,18.2,no,subcutaneous,-3.7,0.8454545454545457
33,PMC10489807,0.23,1 + every 1 day,3,oral,28,231,,32.0,C57BL/6J,mice,male,6,diet:high-fat,-4.545454545454546,3.0,0.6900000000000001,semaglutide,29,NCT02453711,"ADULT,OLDER_ADULT",PHASE2,96,0.1,1 + every 1 day,364,364,36.4,no,subcutaneous,-6.329999999999999,-1.7845454545454533
33,PMC10489807,0.23,1 + every 1 day,3,oral,28,231,,32.0,C57BL/6J,mice,male,6,diet:high-fat,-4.545454545454546,3.0,0.6900000000000001,semaglutide,30,NCT02453711,"ADULT,OLDER_ADULT",PHASE2,94,0.2,1 + every 1 day,364,364,72.8,no,subcutaneous,-9.309999999999999,-4.764545454545453
33,PMC10489807,0.23,1 + every 1 day,3,oral,28,231,,32.0,C57BL/6J,mice,male,6,diet:high-fat,-4.545454545454546,3.0,0.6900000000000001,semaglutide,31,NCT02453711,"ADULT,OLDER_ADULT",PHASE2,95,0.3,1 + every 1 day,364,364,109.2,no,subcutaneous,-8.879999999999999,-4.334545454545453
33,PMC10489807,0.23,1 + every 1 day,3,oral,28,231,,32.0,C57BL/6J,mice,male,6,diet:high-fat,-4.545454545454546,3.0,0.6900000000000001,semaglutide,32,NCT02453711,"ADULT,OLDER_ADULT",PHASE2,100,0.4,1 + every 1 day,364,364,145.6,no,subcutaneous,-11.55,-7.004545454545455
33,PMC10489807,0.23,1 + every 1 day,3,oral,28,231,,32.0,C57BL/6J,mice,male,6,diet:high-fat,-4.545454545454546,3.0,0.6900000000000001,semaglutide,33,NCT02453711,"ADULT,OLDER_ADULT",PHASE2,95,0.3,1 + every 1 day,364,364,109.2,no,subcutaneous,-9.09,-4.544545454545454
33,PMC10489807,0.23,1 + every 1 day,3,oral,28,231,,32.0,C57BL/6J,mice,male,6,diet:high-fat,-4.545454545454546,3.0,0.6900000000000001,semaglutide,34,NCT02453711,"ADULT,OLDER_ADULT",PHASE2,100,0.4,1 + every 1 day,364,364,145.6,no,subcutaneous,-14.0,-9.454545454545453
33,PMC10489807,0.23,1 + every 1 day,3,oral,28,231,,32.0,C57BL/6J,mice,male,6,diet:high-fat,-4.545454545454546,3.0,0.6900000000000001,semaglutide,44,NCT04788511,"ADULT,OLDER_ADULT",PHASE3,246,2.4,1 + every 7 days,364,52,124.8,no,subcutaneous,-11.4,-6.8545454545454545
33,PMC10489807,0.23,1 + every 1 day,3,oral,28,231,,32.0,C57BL/6J,mice,male,6,diet:high-fat,-4.545454545454546,3.0,0.6900000000000001,semaglutide,62,NCT03574597,"ADULT,OLDER_ADULT",PHASE3,7474,2.4,1 + every 7 days,728,104,249.6,no,subcutaneous,-8.520000000000001,-3.9745454545454555
33,PMC10489807,0.23,1 + every 1 day,3,oral,28,231,,32.0,C57BL/6J,mice,male,6,diet:high-fat,-4.545454545454546,3.0,0.6900000000000001,semaglutide,63,NCT03811574,"ADULT,OLDER_ADULT",PHASE3,98,1.7,1 + every 7 days,476,68,115.6,no,subcutaneous,-8.0,-3.454545454545454
33,PMC10489807,0.23,1 + every 1 day,3,oral,28,231,,32.0,C57BL/6J,mice,male,6,diet:high-fat,-4.545454545454546,3.0,0.6900000000000001,semaglutide,64,NCT03811574,"ADULT,OLDER_ADULT",PHASE3,193,2.4,1 + every 7 days,476,68,163.2,no,subcutaneous,-11.5,-6.954545454545454
33,PMC10489807,0.23,1 + every 1 day,3,oral,28,231,,32.0,C57BL/6J,mice,male,6,diet:high-fat,-4.545454545454546,3.0,0.6900000000000001,semaglutide,99,NCT03548987,"ADULT,OLDER_ADULT",PHASE3,535,2.4,1 + every 7 days,336,48,115.19999999999999,no,subcutaneous,-14.9,-10.354545454545455
33,PMC10489807,0.23,1 + every 1 day,3,oral,28,231,,32.0,C57BL/6J,mice,male,6,diet:high-fat,-4.545454545454546,3.0,0.6900000000000001,semaglutide,101,NCT03548987,"ADULT,OLDER_ADULT",PHASE3,520,2.4,1 + every 7 days,336,48,115.19999999999999,no,subcutaneous,-12.299999999999999,-7.754545454545453
33,PMC10489807,0.23,1 + every 1 day,3,oral,28,231,,32.0,C57BL/6J,mice,male,6,diet:high-fat,-4.545454545454546,3.0,0.6900000000000001,semaglutide,104,NCT04251156,"ADULT,OLDER_ADULT",PHASE3,238,2.4,1 + every 7 days,308,44,105.6,no,subcutaneous,-8.9,-4.3545454545454545
33,PMC10489807,0.23,1 + every 1 day,3,oral,28,231,,32.0,C57BL/6J,mice,male,6,diet:high-fat,-4.545454545454546,3.0,0.6900000000000001,semaglutide,114,NCT04102189,CHILD,PHASE3,131,2.4,1 + every 7 days,476,68,163.2,no,subcutaneous,-17.1,-12.554545454545455
33,PMC10489807,0.23,1 + every 1 day,3,oral,28,231,,32.0,C57BL/6J,mice,male,6,diet:high-fat,-4.545454545454546,3.0,0.6900000000000001,semaglutide,115,NCT03693430,"CHILD,ADULT,OLDER_ADULT",PHASE3,144,2.4,1 + every 7 days,728,104,249.6,no,subcutaneous,-11.600000000000001,-7.054545454545456
33,PMC10489807,0.23,1 + every 1 day,3,oral,28,231,,32.0,C57BL/6J,mice,male,6,diet:high-fat,-4.545454545454546,3.0,0.6900000000000001,semaglutide,117,NCT03693430,"CHILD,ADULT,OLDER_ADULT",PHASE3,149,2.4,1 + every 7 days,364,52,124.8,no,subcutaneous,-12.5,-7.954545454545454
33,PMC10489807,0.23,1 + every 1 day,3,oral,28,231,,32.0,C57BL/6J,mice,male,6,diet:high-fat,-4.545454545454546,3.0,0.6900000000000001,semaglutide,135,NCT04074161,"ADULT,OLDER_ADULT",PHASE3,117,2.4,1 + every 7 days,476,68,163.2,no,subcutaneous,-14.799999999999999,-10.254545454545454
34,PMC10489807,0.7,1 + every 1 day,3,oral,28,252,,32.0,C57BL/6J,mice,male,6,diet:high-fat,-5.27272727272727,3.0,2.0999999999999996,semaglutide,16,NCT03611582,"ADULT,OLDER_ADULT",PHASE3,407,2.4,1 + every 7 days,476,68,163.2,no,subcutaneous,-11.500000000000002,-6.227272727272732
34,PMC10489807,0.7,1 + every 1 day,3,oral,28,252,,32.0,C57BL/6J,mice,male,6,diet:high-fat,-5.27272727272727,3.0,2.0999999999999996,semaglutide,28,NCT02453711,"ADULT,OLDER_ADULT",PHASE2,92,0.05,1 + every 1 day,364,364,18.2,no,subcutaneous,-3.7,1.5727272727272696
34,PMC10489807,0.7,1 + every 1 day,3,oral,28,252,,32.0,C57BL/6J,mice,male,6,diet:high-fat,-5.27272727272727,3.0,2.0999999999999996,semaglutide,29,NCT02453711,"ADULT,OLDER_ADULT",PHASE2,96,0.1,1 + every 1 day,364,364,36.4,no,subcutaneous,-6.329999999999999,-1.0572727272727294
34,PMC10489807,0.7,1 + every 1 day,3,oral,28,252,,32.0,C57BL/6J,mice,male,6,diet:high-fat,-5.27272727272727,3.0,2.0999999999999996,semaglutide,30,NCT02453711,"ADULT,OLDER_ADULT",PHASE2,94,0.2,1 + every 1 day,364,364,72.8,no,subcutaneous,-9.309999999999999,-4.037272727272729
34,PMC10489807,0.7,1 + every 1 day,3,oral,28,252,,32.0,C57BL/6J,mice,male,6,diet:high-fat,-5.27272727272727,3.0,2.0999999999999996,semaglutide,31,NCT02453711,"ADULT,OLDER_ADULT",PHASE2,95,0.3,1 + every 1 day,364,364,109.2,no,subcutaneous,-8.879999999999999,-3.607272727272729
34,PMC10489807,0.7,1 + every 1 day,3,oral,28,252,,32.0,C57BL/6J,mice,male,6,diet:high-fat,-5.27272727272727,3.0,2.0999999999999996,semaglutide,32,NCT02453711,"ADULT,OLDER_ADULT",PHASE2,100,0.4,1 + every 1 day,364,364,145.6,no,subcutaneous,-11.55,-6.277272727272731
34,PMC10489807,0.7,1 + every 1 day,3,oral,28,252,,32.0,C57BL/6J,mice,male,6,diet:high-fat,-5.27272727272727,3.0,2.0999999999999996,semaglutide,33,NCT02453711,"ADULT,OLDER_ADULT",PHASE2,95,0.3,1 + every 1 day,364,364,109.2,no,subcutaneous,-9.09,-3.81727272727273
34,PMC10489807,0.7,1 + every 1 day,3,oral,28,252,,32.0,C57BL/6J,mice,male,6,diet:high-fat,-5.27272727272727,3.0,2.0999999999999996,semaglutide,34,NCT02453711,"ADULT,OLDER_ADULT",PHASE2,100,0.4,1 + every 1 day,364,364,145.6,no,subcutaneous,-14.0,-8.72727272727273
34,PMC10489807,0.7,1 + every 1 day,3,oral,28,252,,32.0,C57BL/6J,mice,male,6,diet:high-fat,-5.27272727272727,3.0,2.0999999999999996,semaglutide,44,NCT04788511,"ADULT,OLDER_ADULT",PHASE3,246,2.4,1 + every 7 days,364,52,124.8,no,subcutaneous,-11.4,-6.1272727272727305
34,PMC10489807,0.7,1 + every 1 day,3,oral,28,252,,32.0,C57BL/6J,mice,male,6,diet:high-fat,-5.27272727272727,3.0,2.0999999999999996,semaglutide,62,NCT03574597,"ADULT,OLDER_ADULT",PHASE3,7474,2.4,1 + every 7 days,728,104,249.6,no,subcutaneous,-8.520000000000001,-3.2472727272727315
34,PMC10489807,0.7,1 + every 1 day,3,oral,28,252,,32.0,C57BL/6J,mice,male,6,diet:high-fat,-5.27272727272727,3.0,2.0999999999999996,semaglutide,63,NCT03811574,"ADULT,OLDER_ADULT",PHASE3,98,1.7,1 + every 7 days,476,68,115.6,no,subcutaneous,-8.0,-2.72727272727273
34,PMC10489807,0.7,1 + every 1 day,3,oral,28,252,,32.0,C57BL/6J,mice,male,6,diet:high-fat,-5.27272727272727,3.0,2.0999999999999996,semaglutide,64,NCT03811574,"ADULT,OLDER_ADULT",PHASE3,193,2.4,1 + every 7 days,476,68,163.2,no,subcutaneous,-11.5,-6.22727272727273
34,PMC10489807,0.7,1 + every 1 day,3,oral,28,252,,32.0,C57BL/6J,mice,male,6,diet:high-fat,-5.27272727272727,3.0,2.0999999999999996,semaglutide,99,NCT03548987,"ADULT,OLDER_ADULT",PHASE3,535,2.4,1 + every 7 days,336,48,115.19999999999999,no,subcutaneous,-14.9,-9.62727272727273
34,PMC10489807,0.7,1 + every 1 day,3,oral,28,252,,32.0,C57BL/6J,mice,male,6,diet:high-fat,-5.27272727272727,3.0,2.0999999999999996,semaglutide,101,NCT03548987,"ADULT,OLDER_ADULT",PHASE3,520,2.4,1 + every 7 days,336,48,115.19999999999999,no,subcutaneous,-12.299999999999999,-7.027272727272729
34,PMC10489807,0.7,1 + every 1 day,3,oral,28,252,,32.0,C57BL/6J,mice,male,6,diet:high-fat,-5.27272727272727,3.0,2.0999999999999996,semaglutide,104,NCT04251156,"ADULT,OLDER_ADULT",PHASE3,238,2.4,1 + every 7 days,308,44,105.6,no,subcutaneous,-8.9,-3.6272727272727305
34,PMC10489807,0.7,1 + every 1 day,3,oral,28,252,,32.0,C57BL/6J,mice,male,6,diet:high-fat,-5.27272727272727,3.0,2.0999999999999996,semaglutide,114,NCT04102189,CHILD,PHASE3,131,2.4,1 + every 7 days,476,68,163.2,no,subcutaneous,-17.1,-11.827272727272732
34,PMC10489807,0.7,1 + every 1 day,3,oral,28,252,,32.0,C57BL/6J,mice,male,6,diet:high-fat,-5.27272727272727,3.0,2.0999999999999996,semaglutide,115,NCT03693430,"CHILD,ADULT,OLDER_ADULT",PHASE3,144,2.4,1 + every 7 days,728,104,249.6,no,subcutaneous,-11.600000000000001,-6.327272727272732
34,PMC10489807,0.7,1 + every 1 day,3,oral,28,252,,32.0,C57BL/6J,mice,male,6,diet:high-fat,-5.27272727272727,3.0,2.0999999999999996,semaglutide,117,NCT03693430,"CHILD,ADULT,OLDER_ADULT",PHASE3,149,2.4,1 + every 7 days,364,52,124.8,no,subcutaneous,-12.5,-7.22727272727273
34,PMC10489807,0.7,1 + every 1 day,3,oral,28,252,,32.0,C57BL/6J,mice,male,6,diet:high-fat,-5.27272727272727,3.0,2.0999999999999996,semaglutide,135,NCT04074161,"ADULT,OLDER_ADULT",PHASE3,117,2.4,1 + every 7 days,476,68,163.2,no,subcutaneous,-14.799999999999999,-9.52727272727273
41,PMC10518624,0.07,1 + every 2 days,63,subcutaneous,42,168,,,C57BL/6J,mice,male,8,diet:high-fat+high-fructose,-18.0,31.0,2.1700000000000004,liraglutide,35,NCT02453711,"ADULT,OLDER_ADULT",PHASE2,96,3.0,1 + every 1 day,364,364,1092.0,no,subcutaneous,-5.47,12.530000000000001
41,PMC10518624,0.07,1 + every 2 days,63,subcutaneous,42,168,,,C57BL/6J,mice,male,8,diet:high-fat+high-fructose,-18.0,31.0,2.1700000000000004,liraglutide,51,NCT00422058,"ADULT,OLDER_ADULT",PHASE2,94,1.2,1 + every 1 day,140,140,168.0,no,subcutaneous,-2.2072087435352685,15.792791256464731
41,PMC10518624,0.07,1 + every 2 days,63,subcutaneous,42,168,,,C57BL/6J,mice,male,8,diet:high-fat+high-fructose,-18.0,31.0,2.1700000000000004,liraglutide,52,NCT00422058,"ADULT,OLDER_ADULT",PHASE2,90,1.8,1 + every 1 day,140,140,252.0,no,subcutaneous,-2.9371604752653058,15.062839524734695
41,PMC10518624,0.07,1 + every 2 days,63,subcutaneous,42,168,,,C57BL/6J,mice,male,8,diet:high-fat+high-fructose,-18.0,31.0,2.1700000000000004,liraglutide,53,NCT00422058,"ADULT,OLDER_ADULT",PHASE2,92,2.4,1 + every 1 day,140,140,336.0,no,subcutaneous,-3.6240693851707304,14.375930614829269
41,PMC10518624,0.07,1 + every 2 days,63,subcutaneous,42,168,,,C57BL/6J,mice,male,8,diet:high-fat+high-fructose,-18.0,31.0,2.1700000000000004,liraglutide,54,NCT00422058,"ADULT,OLDER_ADULT",PHASE2,92,3.0,1 + every 1 day,140,140,420.0,no,subcutaneous,-4.711624106871794,13.288375893128206
41,PMC10518624,0.07,1 + every 2 days,63,subcutaneous,42,168,,,C57BL/6J,mice,male,8,diet:high-fat+high-fructose,-18.0,31.0,2.1700000000000004,liraglutide,61,NCT03158805,"ADULT,OLDER_ADULT",PHASE2,29,3.0,1 + every 1 day,280,280,840.0,no,subcutaneous,-3.5,14.5
41,PMC10518624,0.07,1 + every 2 days,63,subcutaneous,42,168,,,C57BL/6J,mice,male,8,diet:high-fat+high-fructose,-18.0,31.0,2.1700000000000004,liraglutide,102,NCT01272232,"ADULT,OLDER_ADULT",PHASE3,412,3.0,1 + every 1 day,392,392,1176.0,no,subcutaneous,-3.9000000000000004,14.1
41,PMC10518624,0.07,1 + every 2 days,63,subcutaneous,42,168,,,C57BL/6J,mice,male,8,diet:high-fat+high-fructose,-18.0,31.0,2.1700000000000004,liraglutide,103,NCT01272232,"ADULT,OLDER_ADULT",PHASE3,204,1.8,1 + every 1 day,392,392,705.6,no,subcutaneous,-2.5999999999999996,15.4
41,PMC10518624,0.07,1 + every 2 days,63,subcutaneous,42,168,,,C57BL/6J,mice,male,8,diet:high-fat+high-fructose,-18.0,31.0,2.1700000000000004,liraglutide,106,NCT01272219,"ADULT,OLDER_ADULT",PHASE3,2432,3.0,1 + every 1 day,392,392,1176.0,no,subcutaneous,-5.36,12.64
41,PMC10518624,0.07,1 + every 2 days,63,subcutaneous,42,168,,,C57BL/6J,mice,male,8,diet:high-fat+high-fructose,-18.0,31.0,2.1700000000000004,liraglutide,107,NCT01272219,"ADULT,OLDER_ADULT",PHASE3,1467,3.0,1 + every 1 day,1120,1120,3360.0,no,subcutaneous,-4.25,13.75
41,PMC10518624,0.07,1 + every 2 days,63,subcutaneous,42,168,,,C57BL/6J,mice,male,8,diet:high-fat+high-fructose,-18.0,31.0,2.1700000000000004,liraglutide,108,NCT01272219,"ADULT,OLDER_ADULT",PHASE3,349,3.0,1 + every 1 day,476,476,1428.0,no,subcutaneous,-5.33,12.67
41,PMC10518624,0.07,1 + every 2 days,63,subcutaneous,42,168,,,C57BL/6J,mice,male,8,diet:high-fat+high-fructose,-18.0,31.0,2.1700000000000004,liraglutide,112,NCT01557166,ADULT,PHASE3,175,3.0,1 + every 1 day,224,224,672.0,no,subcutaneous,-4.201423866334764,13.798576133665236
41,PMC10518624,0.07,1 + every 2 days,63,subcutaneous,42,168,,,C57BL/6J,mice,male,8,diet:high-fat+high-fructose,-18.0,31.0,2.1700000000000004,liraglutide,120,NCT02918279,CHILD,PHASE3,125,3.0,1 + every 1 day,392,392,1176.0,no,subcutaneous,-3.6,14.4
41,PMC10518624,0.07,1 + every 2 days,63,subcutaneous,42,168,,,C57BL/6J,mice,male,8,diet:high-fat+high-fructose,-18.0,31.0,2.1700000000000004,liraglutide,127,NCT02527200,"CHILD,ADULT",PHASE3,17,3.0,1 + every 1 day,364,364,1092.0,no,subcutaneous,-2.6999999999999997,15.3
41,PMC10518624,0.07,1 + every 2 days,63,subcutaneous,42,168,,,C57BL/6J,mice,male,8,diet:high-fat+high-fructose,-18.0,31.0,2.1700000000000004,liraglutide,128,NCT02527200,"CHILD,ADULT",PHASE3,14,3.0,1 + every 1 day,364,364,1092.0,no,subcutaneous,1.3999999999999995,19.4
41,PMC10518624,0.07,1 + every 2 days,63,subcutaneous,42,168,,,C57BL/6J,mice,male,8,diet:high-fat+high-fructose,-18.0,31.0,2.1700000000000004,liraglutide,129,NCT02527200,"CHILD,ADULT",PHASE3,31,3.0,1 + every 1 day,364,364,1092.0,no,subcutaneous,-0.6999999999999997,17.3
41,PMC10518624,0.07,1 + every 2 days,63,subcutaneous,42,168,,,C57BL/6J,mice,male,8,diet:high-fat+high-fructose,-18.0,31.0,2.1700000000000004,liraglutide,130,NCT00781937,"ADULT,OLDER_ADULT",PHASE3,194,3.0,1 + every 1 day,392,392,1176.0,no,subcutaneous,-6.0600000000000005,11.94
41,PMC10518624,0.07,1 + every 2 days,63,subcutaneous,42,168,,,C57BL/6J,mice,male,8,diet:high-fat+high-fructose,-18.0,31.0,2.1700000000000004,liraglutide,136,NCT04074161,"ADULT,OLDER_ADULT",PHASE3,117,3.0,1 + every 1 day,476,476,1428.0,no,subcutaneous,-4.800000000000001,13.2
41,PMC10518624,0.07,1 + every 2 days,63,subcutaneous,42,168,,,C57BL/6J,mice,male,8,diet:high-fat+high-fructose,-18.0,31.0,2.1700000000000004,liraglutide,150,NCT02647944,"ADULT,OLDER_ADULT",PHASE2,19,3.0,1 + every 1 day,112,112,336.0,no,subcutaneous,-2.58819247874349,15.41180752125651
41,PMC10518624,0.07,1 + every 2 days,63,subcutaneous,42,168,,,C57BL/6J,mice,male,8,diet:high-fat+high-fructose,-18.0,31.0,2.1700000000000004,liraglutide,155,NCT03486392,"ADULT,OLDER_ADULT",PHASE2,108,3.0,1 + every 1 day,182,182,546.0,no,subcutaneous,-5.78,12.219999999999999
46,PMC10577676,0.003,1 + every 1 day,1,intraperitoneal,,,,513.4,Sprague–Dawley,rats,male,11,diet:high-fat,-0.7206856252434838,1.0,0.003,exenatide,15,NCT02160990,"ADULT,OLDER_ADULT",PHASE4,10,0.005,2 + every 1 day,30,60,0.3,no,subcutaneous,-0.4183995922528032,0.3022860329906806
46,PMC10577676,0.003,1 + every 1 day,1,intraperitoneal,,,,513.4,Sprague–Dawley,rats,male,11,diet:high-fat,-0.7206856252434838,1.0,0.003,exenatide,71,NCT00856609,ADULT,PHASE3,31,0.01,2 + every 1 day,35,70,0.7000000000000001,no,subcutaneous,-1.2684259130251185,-0.5477402877816347
47,PMC10582490,300,1 + every 1 day,42,gavage,28,70,,21.9,C57BL/6,mice,male,8,diet:high-fat,-68.49315068493152,42.0,12600.0,metformin,151,NCT00005669,CHILD,PHASE2,53,2000.0,2 + every 1 day,180,360,720000.0,no,oral,-4.1308475663664925,64.36230311856502
48,PMC10582490,300,1 + every 1 day,70,gavage,28,28,,33.0,ob/ob,mice,male,6,genetic,-5.714285714285716,70.0,21000.0,metformin,151,NCT00005669,CHILD,PHASE2,53,2000.0,2 + every 1 day,180,360,720000.0,no,oral,-4.1308475663664925,1.5834381479192237
52,PMC10635077,300,1 + every 1 day,9,oral,98,224,,38.4,C57BL/6J,mice,Unknown,6,diet:high-fat,-5.989583333333345,9.0,2700.0,metformin,151,NCT00005669,CHILD,PHASE2,53,2000.0,2 + every 1 day,180,360,720000.0,no,oral,-4.1308475663664925,1.858735766966852
56,PMC10691799,0.2,2 + every 1 day,9,subcutaneous,98,231,,42.3,Unknown,mice,male,9,diet:high-fat,-9.975062344139651,18.0,3.6,liraglutide,35,NCT02453711,"ADULT,OLDER_ADULT",PHASE2,96,3.0,1 + every 1 day,364,364,1092.0,no,subcutaneous,-5.47,4.505062344139652
56,PMC10691799,0.2,2 + every 1 day,9,subcutaneous,98,231,,42.3,Unknown,mice,male,9,diet:high-fat,-9.975062344139651,18.0,3.6,liraglutide,51,NCT00422058,"ADULT,OLDER_ADULT",PHASE2,94,1.2,1 + every 1 day,140,140,168.0,no,subcutaneous,-2.2072087435352685,7.767853600604383
56,PMC10691799,0.2,2 + every 1 day,9,subcutaneous,98,231,,42.3,Unknown,mice,male,9,diet:high-fat,-9.975062344139651,18.0,3.6,liraglutide,52,NCT00422058,"ADULT,OLDER_ADULT",PHASE2,90,1.8,1 + every 1 day,140,140,252.0,no,subcutaneous,-2.9371604752653058,7.0379018688743455
56,PMC10691799,0.2,2 + every 1 day,9,subcutaneous,98,231,,42.3,Unknown,mice,male,9,diet:high-fat,-9.975062344139651,18.0,3.6,liraglutide,53,NCT00422058,"ADULT,OLDER_ADULT",PHASE2,92,2.4,1 + every 1 day,140,140,336.0,no,subcutaneous,-3.6240693851707304,6.350992958968921
56,PMC10691799,0.2,2 + every 1 day,9,subcutaneous,98,231,,42.3,Unknown,mice,male,9,diet:high-fat,-9.975062344139651,18.0,3.6,liraglutide,54,NCT00422058,"ADULT,OLDER_ADULT",PHASE2,92,3.0,1 + every 1 day,140,140,420.0,no,subcutaneous,-4.711624106871794,5.263438237267858
56,PMC10691799,0.2,2 + every 1 day,9,subcutaneous,98,231,,42.3,Unknown,mice,male,9,diet:high-fat,-9.975062344139651,18.0,3.6,liraglutide,61,NCT03158805,"ADULT,OLDER_ADULT",PHASE2,29,3.0,1 + every 1 day,280,280,840.0,no,subcutaneous,-3.5,6.475062344139651
56,PMC10691799,0.2,2 + every 1 day,9,subcutaneous,98,231,,42.3,Unknown,mice,male,9,diet:high-fat,-9.975062344139651,18.0,3.6,liraglutide,102,NCT01272232,"ADULT,OLDER_ADULT",PHASE3,412,3.0,1 + every 1 day,392,392,1176.0,no,subcutaneous,-3.9000000000000004,6.075062344139651
56,PMC10691799,0.2,2 + every 1 day,9,subcutaneous,98,231,,42.3,Unknown,mice,male,9,diet:high-fat,-9.975062344139651,18.0,3.6,liraglutide,103,NCT01272232,"ADULT,OLDER_ADULT",PHASE3,204,1.8,1 + every 1 day,392,392,705.6,no,subcutaneous,-2.5999999999999996,7.375062344139652
56,PMC10691799,0.2,2 + every 1 day,9,subcutaneous,98,231,,42.3,Unknown,mice,male,9,diet:high-fat,-9.975062344139651,18.0,3.6,liraglutide,106,NCT01272219,"ADULT,OLDER_ADULT",PHASE3,2432,3.0,1 + every 1 day,392,392,1176.0,no,subcutaneous,-5.36,4.615062344139651
56,PMC10691799,0.2,2 + every 1 day,9,subcutaneous,98,231,,42.3,Unknown,mice,male,9,diet:high-fat,-9.975062344139651,18.0,3.6,liraglutide,107,NCT01272219,"ADULT,OLDER_ADULT",PHASE3,1467,3.0,1 + every 1 day,1120,1120,3360.0,no,subcutaneous,-4.25,5.725062344139651
56,PMC10691799,0.2,2 + every 1 day,9,subcutaneous,98,231,,42.3,Unknown,mice,male,9,diet:high-fat,-9.975062344139651,18.0,3.6,liraglutide,108,NCT01272219,"ADULT,OLDER_ADULT",PHASE3,349,3.0,1 + every 1 day,476,476,1428.0,no,subcutaneous,-5.33,4.645062344139651
56,PMC10691799,0.2,2 + every 1 day,9,subcutaneous,98,231,,42.3,Unknown,mice,male,9,diet:high-fat,-9.975062344139651,18.0,3.6,liraglutide,112,NCT01557166,ADULT,PHASE3,175,3.0,1 + every 1 day,224,224,672.0,no,subcutaneous,-4.201423866334764,5.773638477804887
56,PMC10691799,0.2,2 + every 1 day,9,subcutaneous,98,231,,42.3,Unknown,mice,male,9,diet:high-fat,-9.975062344139651,18.0,3.6,liraglutide,120,NCT02918279,CHILD,PHASE3,125,3.0,1 + every 1 day,392,392,1176.0,no,subcutaneous,-3.6,6.375062344139652
56,PMC10691799,0.2,2 + every 1 day,9,subcutaneous,98,231,,42.3,Unknown,mice,male,9,diet:high-fat,-9.975062344139651,18.0,3.6,liraglutide,127,NCT02527200,"CHILD,ADULT",PHASE3,17,3.0,1 + every 1 day,364,364,1092.0,no,subcutaneous,-2.6999999999999997,7.275062344139652
56,PMC10691799,0.2,2 + every 1 day,9,subcutaneous,98,231,,42.3,Unknown,mice,male,9,diet:high-fat,-9.975062344139651,18.0,3.6,liraglutide,128,NCT02527200,"CHILD,ADULT",PHASE3,14,3.0,1 + every 1 day,364,364,1092.0,no,subcutaneous,1.3999999999999995,11.37506234413965
56,PMC10691799,0.2,2 + every 1 day,9,subcutaneous,98,231,,42.3,Unknown,mice,male,9,diet:high-fat,-9.975062344139651,18.0,3.6,liraglutide,129,NCT02527200,"CHILD,ADULT",PHASE3,31,3.0,1 + every 1 day,364,364,1092.0,no,subcutaneous,-0.6999999999999997,9.275062344139652
56,PMC10691799,0.2,2 + every 1 day,9,subcutaneous,98,231,,42.3,Unknown,mice,male,9,diet:high-fat,-9.975062344139651,18.0,3.6,liraglutide,130,NCT00781937,"ADULT,OLDER_ADULT",PHASE3,194,3.0,1 + every 1 day,392,392,1176.0,no,subcutaneous,-6.0600000000000005,3.915062344139651
56,PMC10691799,0.2,2 + every 1 day,9,subcutaneous,98,231,,42.3,Unknown,mice,male,9,diet:high-fat,-9.975062344139651,18.0,3.6,liraglutide,136,NCT04074161,"ADULT,OLDER_ADULT",PHASE3,117,3.0,1 + every 1 day,476,476,1428.0,no,subcutaneous,-4.800000000000001,5.175062344139651
56,PMC10691799,0.2,2 + every 1 day,9,subcutaneous,98,231,,42.3,Unknown,mice,male,9,diet:high-fat,-9.975062344139651,18.0,3.6,liraglutide,150,NCT02647944,"ADULT,OLDER_ADULT",PHASE2,19,3.0,1 + every 1 day,112,112,336.0,no,subcutaneous,-2.58819247874349,7.386869865396161
56,PMC10691799,0.2,2 + every 1 day,9,subcutaneous,98,231,,42.3,Unknown,mice,male,9,diet:high-fat,-9.975062344139651,18.0,3.6,liraglutide,155,NCT03486392,"ADULT,OLDER_ADULT",PHASE2,108,3.0,1 + every 1 day,182,182,546.0,no,subcutaneous,-5.78,4.195062344139651
61,PMC10772820,0.12340923,1 + every 1 day,56,subcutaneous,35,308,,39.0,C57BL/6JRj,mice,male,8,diet:high-fat+high-fructose+high-cholesterol,-15.897435897435885,56.0,6.910916879999999,semaglutide,16,NCT03611582,"ADULT,OLDER_ADULT",PHASE3,407,2.4,1 + every 7 days,476,68,163.2,no,subcutaneous,-11.500000000000002,4.397435897435884
61,PMC10772820,0.12340923,1 + every 1 day,56,subcutaneous,35,308,,39.0,C57BL/6JRj,mice,male,8,diet:high-fat+high-fructose+high-cholesterol,-15.897435897435885,56.0,6.910916879999999,semaglutide,28,NCT02453711,"ADULT,OLDER_ADULT",PHASE2,92,0.05,1 + every 1 day,364,364,18.2,no,subcutaneous,-3.7,12.197435897435884
61,PMC10772820,0.12340923,1 + every 1 day,56,subcutaneous,35,308,,39.0,C57BL/6JRj,mice,male,8,diet:high-fat+high-fructose+high-cholesterol,-15.897435897435885,56.0,6.910916879999999,semaglutide,29,NCT02453711,"ADULT,OLDER_ADULT",PHASE2,96,0.1,1 + every 1 day,364,364,36.4,no,subcutaneous,-6.329999999999999,9.567435897435885
61,PMC10772820,0.12340923,1 + every 1 day,56,subcutaneous,35,308,,39.0,C57BL/6JRj,mice,male,8,diet:high-fat+high-fructose+high-cholesterol,-15.897435897435885,56.0,6.910916879999999,semaglutide,30,NCT02453711,"ADULT,OLDER_ADULT",PHASE2,94,0.2,1 + every 1 day,364,364,72.8,no,subcutaneous,-9.309999999999999,6.587435897435887
61,PMC10772820,0.12340923,1 + every 1 day,56,subcutaneous,35,308,,39.0,C57BL/6JRj,mice,male,8,diet:high-fat+high-fructose+high-cholesterol,-15.897435897435885,56.0,6.910916879999999,semaglutide,31,NCT02453711,"ADULT,OLDER_ADULT",PHASE2,95,0.3,1 + every 1 day,364,364,109.2,no,subcutaneous,-8.879999999999999,7.017435897435886
61,PMC10772820,0.12340923,1 + every 1 day,56,subcutaneous,35,308,,39.0,C57BL/6JRj,mice,male,8,diet:high-fat+high-fructose+high-cholesterol,-15.897435897435885,56.0,6.910916879999999,semaglutide,32,NCT02453711,"ADULT,OLDER_ADULT",PHASE2,100,0.4,1 + every 1 day,364,364,145.6,no,subcutaneous,-11.55,4.347435897435885
61,PMC10772820,0.12340923,1 + every 1 day,56,subcutaneous,35,308,,39.0,C57BL/6JRj,mice,male,8,diet:high-fat+high-fructose+high-cholesterol,-15.897435897435885,56.0,6.910916879999999,semaglutide,33,NCT02453711,"ADULT,OLDER_ADULT",PHASE2,95,0.3,1 + every 1 day,364,364,109.2,no,subcutaneous,-9.09,6.8074358974358855
61,PMC10772820,0.12340923,1 + every 1 day,56,subcutaneous,35,308,,39.0,C57BL/6JRj,mice,male,8,diet:high-fat+high-fructose+high-cholesterol,-15.897435897435885,56.0,6.910916879999999,semaglutide,34,NCT02453711,"ADULT,OLDER_ADULT",PHASE2,100,0.4,1 + every 1 day,364,364,145.6,no,subcutaneous,-14.0,1.8974358974358854
61,PMC10772820,0.12340923,1 + every 1 day,56,subcutaneous,35,308,,39.0,C57BL/6JRj,mice,male,8,diet:high-fat+high-fructose+high-cholesterol,-15.897435897435885,56.0,6.910916879999999,semaglutide,44,NCT04788511,"ADULT,OLDER_ADULT",PHASE3,246,2.4,1 + every 7 days,364,52,124.8,no,subcutaneous,-11.4,4.497435897435885
61,PMC10772820,0.12340923,1 + every 1 day,56,subcutaneous,35,308,,39.0,C57BL/6JRj,mice,male,8,diet:high-fat+high-fructose+high-cholesterol,-15.897435897435885,56.0,6.910916879999999,semaglutide,62,NCT03574597,"ADULT,OLDER_ADULT",PHASE3,7474,2.4,1 + every 7 days,728,104,249.6,no,subcutaneous,-8.520000000000001,7.377435897435884
61,PMC10772820,0.12340923,1 + every 1 day,56,subcutaneous,35,308,,39.0,C57BL/6JRj,mice,male,8,diet:high-fat+high-fructose+high-cholesterol,-15.897435897435885,56.0,6.910916879999999,semaglutide,63,NCT03811574,"ADULT,OLDER_ADULT",PHASE3,98,1.7,1 + every 7 days,476,68,115.6,no,subcutaneous,-8.0,7.897435897435885
61,PMC10772820,0.12340923,1 + every 1 day,56,subcutaneous,35,308,,39.0,C57BL/6JRj,mice,male,8,diet:high-fat+high-fructose+high-cholesterol,-15.897435897435885,56.0,6.910916879999999,semaglutide,64,NCT03811574,"ADULT,OLDER_ADULT",PHASE3,193,2.4,1 + every 7 days,476,68,163.2,no,subcutaneous,-11.5,4.397435897435885
61,PMC10772820,0.12340923,1 + every 1 day,56,subcutaneous,35,308,,39.0,C57BL/6JRj,mice,male,8,diet:high-fat+high-fructose+high-cholesterol,-15.897435897435885,56.0,6.910916879999999,semaglutide,99,NCT03548987,"ADULT,OLDER_ADULT",PHASE3,535,2.4,1 + every 7 days,336,48,115.19999999999999,no,subcutaneous,-14.9,0.997435897435885
61,PMC10772820,0.12340923,1 + every 1 day,56,subcutaneous,35,308,,39.0,C57BL/6JRj,mice,male,8,diet:high-fat+high-fructose+high-cholesterol,-15.897435897435885,56.0,6.910916879999999,semaglutide,101,NCT03548987,"ADULT,OLDER_ADULT",PHASE3,520,2.4,1 + every 7 days,336,48,115.19999999999999,no,subcutaneous,-12.299999999999999,3.5974358974358864
61,PMC10772820,0.12340923,1 + every 1 day,56,subcutaneous,35,308,,39.0,C57BL/6JRj,mice,male,8,diet:high-fat+high-fructose+high-cholesterol,-15.897435897435885,56.0,6.910916879999999,semaglutide,104,NCT04251156,"ADULT,OLDER_ADULT",PHASE3,238,2.4,1 + every 7 days,308,44,105.6,no,subcutaneous,-8.9,6.997435897435885
61,PMC10772820,0.12340923,1 + every 1 day,56,subcutaneous,35,308,,39.0,C57BL/6JRj,mice,male,8,diet:high-fat+high-fructose+high-cholesterol,-15.897435897435885,56.0,6.910916879999999,semaglutide,114,NCT04102189,CHILD,PHASE3,131,2.4,1 + every 7 days,476,68,163.2,no,subcutaneous,-17.1,-1.202564102564116
61,PMC10772820,0.12340923,1 + every 1 day,56,subcutaneous,35,308,,39.0,C57BL/6JRj,mice,male,8,diet:high-fat+high-fructose+high-cholesterol,-15.897435897435885,56.0,6.910916879999999,semaglutide,115,NCT03693430,"CHILD,ADULT,OLDER_ADULT",PHASE3,144,2.4,1 + every 7 days,728,104,249.6,no,subcutaneous,-11.600000000000001,4.297435897435884
61,PMC10772820,0.12340923,1 + every 1 day,56,subcutaneous,35,308,,39.0,C57BL/6JRj,mice,male,8,diet:high-fat+high-fructose+high-cholesterol,-15.897435897435885,56.0,6.910916879999999,semaglutide,117,NCT03693430,"CHILD,ADULT,OLDER_ADULT",PHASE3,149,2.4,1 + every 7 days,364,52,124.8,no,subcutaneous,-12.5,3.3974358974358854
61,PMC10772820,0.12340923,1 + every 1 day,56,subcutaneous,35,308,,39.0,C57BL/6JRj,mice,male,8,diet:high-fat+high-fructose+high-cholesterol,-15.897435897435885,56.0,6.910916879999999,semaglutide,135,NCT04074161,"ADULT,OLDER_ADULT",PHASE3,117,2.4,1 + every 7 days,476,68,163.2,no,subcutaneous,-14.799999999999999,1.0974358974358864
62,PMC10802007,15.6,1 + every 1 day,28,gavage,28,98,15.0,29.8,C57BL/6J,mice,male,9,diet:high-fat,-23.65930599369085,28.0,436.8,orlistat,111,NCT00752726,ADULT,PHASE4,54,60.0,3 + every 1 day,168,504,30240.0,no,oral,-2.3112294985822937,21.348076495108558
63,PMC10832506,0.12,1 + every 1 day,14,subcutaneous,84,168,,49.9,C57BL/6J,mice,male,9,diet:high-fat,-19.166666666666675,14.0,1.68,semaglutide,16,NCT03611582,"ADULT,OLDER_ADULT",PHASE3,407,2.4,1 + every 7 days,476,68,163.2,no,subcutaneous,-11.500000000000002,7.666666666666673
63,PMC10832506,0.12,1 + every 1 day,14,subcutaneous,84,168,,49.9,C57BL/6J,mice,male,9,diet:high-fat,-19.166666666666675,14.0,1.68,semaglutide,28,NCT02453711,"ADULT,OLDER_ADULT",PHASE2,92,0.05,1 + every 1 day,364,364,18.2,no,subcutaneous,-3.7,15.466666666666676
63,PMC10832506,0.12,1 + every 1 day,14,subcutaneous,84,168,,49.9,C57BL/6J,mice,male,9,diet:high-fat,-19.166666666666675,14.0,1.68,semaglutide,29,NCT02453711,"ADULT,OLDER_ADULT",PHASE2,96,0.1,1 + every 1 day,364,364,36.4,no,subcutaneous,-6.329999999999999,12.836666666666677
63,PMC10832506,0.12,1 + every 1 day,14,subcutaneous,84,168,,49.9,C57BL/6J,mice,male,9,diet:high-fat,-19.166666666666675,14.0,1.68,semaglutide,30,NCT02453711,"ADULT,OLDER_ADULT",PHASE2,94,0.2,1 + every 1 day,364,364,72.8,no,subcutaneous,-9.309999999999999,9.856666666666676
63,PMC10832506,0.12,1 + every 1 day,14,subcutaneous,84,168,,49.9,C57BL/6J,mice,male,9,diet:high-fat,-19.166666666666675,14.0,1.68,semaglutide,31,NCT02453711,"ADULT,OLDER_ADULT",PHASE2,95,0.3,1 + every 1 day,364,364,109.2,no,subcutaneous,-8.879999999999999,10.286666666666676
63,PMC10832506,0.12,1 + every 1 day,14,subcutaneous,84,168,,49.9,C57BL/6J,mice,male,9,diet:high-fat,-19.166666666666675,14.0,1.68,semaglutide,32,NCT02453711,"ADULT,OLDER_ADULT",PHASE2,100,0.4,1 + every 1 day,364,364,145.6,no,subcutaneous,-11.55,7.616666666666674
63,PMC10832506,0.12,1 + every 1 day,14,subcutaneous,84,168,,49.9,C57BL/6J,mice,male,9,diet:high-fat,-19.166666666666675,14.0,1.68,semaglutide,33,NCT02453711,"ADULT,OLDER_ADULT",PHASE2,95,0.3,1 + every 1 day,364,364,109.2,no,subcutaneous,-9.09,10.076666666666675
63,PMC10832506,0.12,1 + every 1 day,14,subcutaneous,84,168,,49.9,C57BL/6J,mice,male,9,diet:high-fat,-19.166666666666675,14.0,1.68,semaglutide,34,NCT02453711,"ADULT,OLDER_ADULT",PHASE2,100,0.4,1 + every 1 day,364,364,145.6,no,subcutaneous,-14.0,5.166666666666675
63,PMC10832506,0.12,1 + every 1 day,14,subcutaneous,84,168,,49.9,C57BL/6J,mice,male,9,diet:high-fat,-19.166666666666675,14.0,1.68,semaglutide,44,NCT04788511,"ADULT,OLDER_ADULT",PHASE3,246,2.4,1 + every 7 days,364,52,124.8,no,subcutaneous,-11.4,7.766666666666675
63,PMC10832506,0.12,1 + every 1 day,14,subcutaneous,84,168,,49.9,C57BL/6J,mice,male,9,diet:high-fat,-19.166666666666675,14.0,1.68,semaglutide,62,NCT03574597,"ADULT,OLDER_ADULT",PHASE3,7474,2.4,1 + every 7 days,728,104,249.6,no,subcutaneous,-8.520000000000001,10.646666666666674
63,PMC10832506,0.12,1 + every 1 day,14,subcutaneous,84,168,,49.9,C57BL/6J,mice,male,9,diet:high-fat,-19.166666666666675,14.0,1.68,semaglutide,63,NCT03811574,"ADULT,OLDER_ADULT",PHASE3,98,1.7,1 + every 7 days,476,68,115.6,no,subcutaneous,-8.0,11.166666666666675
63,PMC10832506,0.12,1 + every 1 day,14,subcutaneous,84,168,,49.9,C57BL/6J,mice,male,9,diet:high-fat,-19.166666666666675,14.0,1.68,semaglutide,64,NCT03811574,"ADULT,OLDER_ADULT",PHASE3,193,2.4,1 + every 7 days,476,68,163.2,no,subcutaneous,-11.5,7.666666666666675
63,PMC10832506,0.12,1 + every 1 day,14,subcutaneous,84,168,,49.9,C57BL/6J,mice,male,9,diet:high-fat,-19.166666666666675,14.0,1.68,semaglutide,99,NCT03548987,"ADULT,OLDER_ADULT",PHASE3,535,2.4,1 + every 7 days,336,48,115.19999999999999,no,subcutaneous,-14.9,4.266666666666675
63,PMC10832506,0.12,1 + every 1 day,14,subcutaneous,84,168,,49.9,C57BL/6J,mice,male,9,diet:high-fat,-19.166666666666675,14.0,1.68,semaglutide,101,NCT03548987,"ADULT,OLDER_ADULT",PHASE3,520,2.4,1 + every 7 days,336,48,115.19999999999999,no,subcutaneous,-12.299999999999999,6.866666666666676
63,PMC10832506,0.12,1 + every 1 day,14,subcutaneous,84,168,,49.9,C57BL/6J,mice,male,9,diet:high-fat,-19.166666666666675,14.0,1.68,semaglutide,104,NCT04251156,"ADULT,OLDER_ADULT",PHASE3,238,2.4,1 + every 7 days,308,44,105.6,no,subcutaneous,-8.9,10.266666666666675
63,PMC10832506,0.12,1 + every 1 day,14,subcutaneous,84,168,,49.9,C57BL/6J,mice,male,9,diet:high-fat,-19.166666666666675,14.0,1.68,semaglutide,114,NCT04102189,CHILD,PHASE3,131,2.4,1 + every 7 days,476,68,163.2,no,subcutaneous,-17.1,2.0666666666666735
63,PMC10832506,0.12,1 + every 1 day,14,subcutaneous,84,168,,49.9,C57BL/6J,mice,male,9,diet:high-fat,-19.166666666666675,14.0,1.68,semaglutide,115,NCT03693430,"CHILD,ADULT,OLDER_ADULT",PHASE3,144,2.4,1 + every 7 days,728,104,249.6,no,subcutaneous,-11.600000000000001,7.5666666666666735
63,PMC10832506,0.12,1 + every 1 day,14,subcutaneous,84,168,,49.9,C57BL/6J,mice,male,9,diet:high-fat,-19.166666666666675,14.0,1.68,semaglutide,117,NCT03693430,"CHILD,ADULT,OLDER_ADULT",PHASE3,149,2.4,1 + every 7 days,364,52,124.8,no,subcutaneous,-12.5,6.666666666666675
63,PMC10832506,0.12,1 + every 1 day,14,subcutaneous,84,168,,49.9,C57BL/6J,mice,male,9,diet:high-fat,-19.166666666666675,14.0,1.68,semaglutide,135,NCT04074161,"ADULT,OLDER_ADULT",PHASE3,117,2.4,1 + every 7 days,476,68,163.2,no,subcutaneous,-14.799999999999999,4.366666666666676
64,PMC10838268,200,1 + every 2 days,18,intragastric,56,112,,44.0,C57BL/6J,mice,male,8,diet:high-fat,-5.681818181818182,9.0,1800.0,metformin,151,NCT00005669,CHILD,PHASE2,53,2000.0,2 + every 1 day,180,360,720000.0,no,oral,-4.1308475663664925,1.5509706154516891
65,PMC10838268,0.1,1 + every 2 days,18,subcutaneous,56,112,,44.0,C57BL/6J,mice,male,8,diet:high-fat,-11.363636363636365,9.0,0.9,liraglutide,35,NCT02453711,"ADULT,OLDER_ADULT",PHASE2,96,3.0,1 + every 1 day,364,364,1092.0,no,subcutaneous,-5.47,5.893636363636365
65,PMC10838268,0.1,1 + every 2 days,18,subcutaneous,56,112,,44.0,C57BL/6J,mice,male,8,diet:high-fat,-11.363636363636365,9.0,0.9,liraglutide,51,NCT00422058,"ADULT,OLDER_ADULT",PHASE2,94,1.2,1 + every 1 day,140,140,168.0,no,subcutaneous,-2.2072087435352685,9.156427620101097
65,PMC10838268,0.1,1 + every 2 days,18,subcutaneous,56,112,,44.0,C57BL/6J,mice,male,8,diet:high-fat,-11.363636363636365,9.0,0.9,liraglutide,52,NCT00422058,"ADULT,OLDER_ADULT",PHASE2,90,1.8,1 + every 1 day,140,140,252.0,no,subcutaneous,-2.9371604752653058,8.426475888371058
65,PMC10838268,0.1,1 + every 2 days,18,subcutaneous,56,112,,44.0,C57BL/6J,mice,male,8,diet:high-fat,-11.363636363636365,9.0,0.9,liraglutide,53,NCT00422058,"ADULT,OLDER_ADULT",PHASE2,92,2.4,1 + every 1 day,140,140,336.0,no,subcutaneous,-3.6240693851707304,7.739566978465635
65,PMC10838268,0.1,1 + every 2 days,18,subcutaneous,56,112,,44.0,C57BL/6J,mice,male,8,diet:high-fat,-11.363636363636365,9.0,0.9,liraglutide,54,NCT00422058,"ADULT,OLDER_ADULT",PHASE2,92,3.0,1 + every 1 day,140,140,420.0,no,subcutaneous,-4.711624106871794,6.652012256764571
65,PMC10838268,0.1,1 + every 2 days,18,subcutaneous,56,112,,44.0,C57BL/6J,mice,male,8,diet:high-fat,-11.363636363636365,9.0,0.9,liraglutide,61,NCT03158805,"ADULT,OLDER_ADULT",PHASE2,29,3.0,1 + every 1 day,280,280,840.0,no,subcutaneous,-3.5,7.863636363636365
65,PMC10838268,0.1,1 + every 2 days,18,subcutaneous,56,112,,44.0,C57BL/6J,mice,male,8,diet:high-fat,-11.363636363636365,9.0,0.9,liraglutide,102,NCT01272232,"ADULT,OLDER_ADULT",PHASE3,412,3.0,1 + every 1 day,392,392,1176.0,no,subcutaneous,-3.9000000000000004,7.463636363636365
65,PMC10838268,0.1,1 + every 2 days,18,subcutaneous,56,112,,44.0,C57BL/6J,mice,male,8,diet:high-fat,-11.363636363636365,9.0,0.9,liraglutide,103,NCT01272232,"ADULT,OLDER_ADULT",PHASE3,204,1.8,1 + every 1 day,392,392,705.6,no,subcutaneous,-2.5999999999999996,8.763636363636365
65,PMC10838268,0.1,1 + every 2 days,18,subcutaneous,56,112,,44.0,C57BL/6J,mice,male,8,diet:high-fat,-11.363636363636365,9.0,0.9,liraglutide,106,NCT01272219,"ADULT,OLDER_ADULT",PHASE3,2432,3.0,1 + every 1 day,392,392,1176.0,no,subcutaneous,-5.36,6.003636363636365
65,PMC10838268,0.1,1 + every 2 days,18,subcutaneous,56,112,,44.0,C57BL/6J,mice,male,8,diet:high-fat,-11.363636363636365,9.0,0.9,liraglutide,107,NCT01272219,"ADULT,OLDER_ADULT",PHASE3,1467,3.0,1 + every 1 day,1120,1120,3360.0,no,subcutaneous,-4.25,7.113636363636365
65,PMC10838268,0.1,1 + every 2 days,18,subcutaneous,56,112,,44.0,C57BL/6J,mice,male,8,diet:high-fat,-11.363636363636365,9.0,0.9,liraglutide,108,NCT01272219,"ADULT,OLDER_ADULT",PHASE3,349,3.0,1 + every 1 day,476,476,1428.0,no,subcutaneous,-5.33,6.033636363636365
65,PMC10838268,0.1,1 + every 2 days,18,subcutaneous,56,112,,44.0,C57BL/6J,mice,male,8,diet:high-fat,-11.363636363636365,9.0,0.9,liraglutide,112,NCT01557166,ADULT,PHASE3,175,3.0,1 + every 1 day,224,224,672.0,no,subcutaneous,-4.201423866334764,7.162212497301601
65,PMC10838268,0.1,1 + every 2 days,18,subcutaneous,56,112,,44.0,C57BL/6J,mice,male,8,diet:high-fat,-11.363636363636365,9.0,0.9,liraglutide,120,NCT02918279,CHILD,PHASE3,125,3.0,1 + every 1 day,392,392,1176.0,no,subcutaneous,-3.6,7.7636363636363654
65,PMC10838268,0.1,1 + every 2 days,18,subcutaneous,56,112,,44.0,C57BL/6J,mice,male,8,diet:high-fat,-11.363636363636365,9.0,0.9,liraglutide,127,NCT02527200,"CHILD,ADULT",PHASE3,17,3.0,1 + every 1 day,364,364,1092.0,no,subcutaneous,-2.6999999999999997,8.663636363636366
65,PMC10838268,0.1,1 + every 2 days,18,subcutaneous,56,112,,44.0,C57BL/6J,mice,male,8,diet:high-fat,-11.363636363636365,9.0,0.9,liraglutide,128,NCT02527200,"CHILD,ADULT",PHASE3,14,3.0,1 + every 1 day,364,364,1092.0,no,subcutaneous,1.3999999999999995,12.763636363636365
65,PMC10838268,0.1,1 + every 2 days,18,subcutaneous,56,112,,44.0,C57BL/6J,mice,male,8,diet:high-fat,-11.363636363636365,9.0,0.9,liraglutide,129,NCT02527200,"CHILD,ADULT",PHASE3,31,3.0,1 + every 1 day,364,364,1092.0,no,subcutaneous,-0.6999999999999997,10.663636363636366
65,PMC10838268,0.1,1 + every 2 days,18,subcutaneous,56,112,,44.0,C57BL/6J,mice,male,8,diet:high-fat,-11.363636363636365,9.0,0.9,liraglutide,130,NCT00781937,"ADULT,OLDER_ADULT",PHASE3,194,3.0,1 + every 1 day,392,392,1176.0,no,subcutaneous,-6.0600000000000005,5.303636363636365
65,PMC10838268,0.1,1 + every 2 days,18,subcutaneous,56,112,,44.0,C57BL/6J,mice,male,8,diet:high-fat,-11.363636363636365,9.0,0.9,liraglutide,136,NCT04074161,"ADULT,OLDER_ADULT",PHASE3,117,3.0,1 + every 1 day,476,476,1428.0,no,subcutaneous,-4.800000000000001,6.563636363636364
65,PMC10838268,0.1,1 + every 2 days,18,subcutaneous,56,112,,44.0,C57BL/6J,mice,male,8,diet:high-fat,-11.363636363636365,9.0,0.9,liraglutide,150,NCT02647944,"ADULT,OLDER_ADULT",PHASE2,19,3.0,1 + every 1 day,112,112,336.0,no,subcutaneous,-2.58819247874349,8.775443884892875
65,PMC10838268,0.1,1 + every 2 days,18,subcutaneous,56,112,,44.0,C57BL/6J,mice,male,8,diet:high-fat,-11.363636363636365,9.0,0.9,liraglutide,155,NCT03486392,"ADULT,OLDER_ADULT",PHASE2,108,3.0,1 + every 1 day,182,182,546.0,no,subcutaneous,-5.78,5.583636363636365
86,PMC3749327,0.15,1 + every 1 day,16,Unknown,,,,,Long-Evans,rats,male,11,diet:high-fat,-11.5,16.0,2.4,exenatide,15,NCT02160990,"ADULT,OLDER_ADULT",PHASE4,10,0.005,2 + every 1 day,30,60,0.3,no,subcutaneous,-0.4183995922528032,11.081600407747196
86,PMC3749327,0.15,1 + every 1 day,16,Unknown,,,,,Long-Evans,rats,male,11,diet:high-fat,-11.5,16.0,2.4,exenatide,71,NCT00856609,ADULT,PHASE3,31,0.01,2 + every 1 day,35,70,0.7000000000000001,no,subcutaneous,-1.2684259130251185,10.23157408697488
91,PMC3997887,0.15,1 + every 1 day,1,intraperitoneal,28,42,,33.0,KKAy,mice,male,6,genetic,-2.7190332326283944,1.0,0.15,liraglutide,35,NCT02453711,"ADULT,OLDER_ADULT",PHASE2,96,3.0,1 + every 1 day,364,364,1092.0,no,subcutaneous,-5.47,-2.7509667673716054
91,PMC3997887,0.15,1 + every 1 day,1,intraperitoneal,28,42,,33.0,KKAy,mice,male,6,genetic,-2.7190332326283944,1.0,0.15,liraglutide,51,NCT00422058,"ADULT,OLDER_ADULT",PHASE2,94,1.2,1 + every 1 day,140,140,168.0,no,subcutaneous,-2.2072087435352685,0.5118244890931258
91,PMC3997887,0.15,1 + every 1 day,1,intraperitoneal,28,42,,33.0,KKAy,mice,male,6,genetic,-2.7190332326283944,1.0,0.15,liraglutide,52,NCT00422058,"ADULT,OLDER_ADULT",PHASE2,90,1.8,1 + every 1 day,140,140,252.0,no,subcutaneous,-2.9371604752653058,-0.2181272426369114
91,PMC3997887,0.15,1 + every 1 day,1,intraperitoneal,28,42,,33.0,KKAy,mice,male,6,genetic,-2.7190332326283944,1.0,0.15,liraglutide,53,NCT00422058,"ADULT,OLDER_ADULT",PHASE2,92,2.4,1 + every 1 day,140,140,336.0,no,subcutaneous,-3.6240693851707304,-0.905036152542336
91,PMC3997887,0.15,1 + every 1 day,1,intraperitoneal,28,42,,33.0,KKAy,mice,male,6,genetic,-2.7190332326283944,1.0,0.15,liraglutide,54,NCT00422058,"ADULT,OLDER_ADULT",PHASE2,92,3.0,1 + every 1 day,140,140,420.0,no,subcutaneous,-4.711624106871794,-1.9925908742433993
91,PMC3997887,0.15,1 + every 1 day,1,intraperitoneal,28,42,,33.0,KKAy,mice,male,6,genetic,-2.7190332326283944,1.0,0.15,liraglutide,61,NCT03158805,"ADULT,OLDER_ADULT",PHASE2,29,3.0,1 + every 1 day,280,280,840.0,no,subcutaneous,-3.5,-0.7809667673716056
91,PMC3997887,0.15,1 + every 1 day,1,intraperitoneal,28,42,,33.0,KKAy,mice,male,6,genetic,-2.7190332326283944,1.0,0.15,liraglutide,102,NCT01272232,"ADULT,OLDER_ADULT",PHASE3,412,3.0,1 + every 1 day,392,392,1176.0,no,subcutaneous,-3.9000000000000004,-1.180966767371606
91,PMC3997887,0.15,1 + every 1 day,1,intraperitoneal,28,42,,33.0,KKAy,mice,male,6,genetic,-2.7190332326283944,1.0,0.15,liraglutide,103,NCT01272232,"ADULT,OLDER_ADULT",PHASE3,204,1.8,1 + every 1 day,392,392,705.6,no,subcutaneous,-2.5999999999999996,0.11903323262839471
91,PMC3997887,0.15,1 + every 1 day,1,intraperitoneal,28,42,,33.0,KKAy,mice,male,6,genetic,-2.7190332326283944,1.0,0.15,liraglutide,106,NCT01272219,"ADULT,OLDER_ADULT",PHASE3,2432,3.0,1 + every 1 day,392,392,1176.0,no,subcutaneous,-5.36,-2.640966767371606
91,PMC3997887,0.15,1 + every 1 day,1,intraperitoneal,28,42,,33.0,KKAy,mice,male,6,genetic,-2.7190332326283944,1.0,0.15,liraglutide,107,NCT01272219,"ADULT,OLDER_ADULT",PHASE3,1467,3.0,1 + every 1 day,1120,1120,3360.0,no,subcutaneous,-4.25,-1.5309667673716056
91,PMC3997887,0.15,1 + every 1 day,1,intraperitoneal,28,42,,33.0,KKAy,mice,male,6,genetic,-2.7190332326283944,1.0,0.15,liraglutide,108,NCT01272219,"ADULT,OLDER_ADULT",PHASE3,349,3.0,1 + every 1 day,476,476,1428.0,no,subcutaneous,-5.33,-2.6109667673716057
91,PMC3997887,0.15,1 + every 1 day,1,intraperitoneal,28,42,,33.0,KKAy,mice,male,6,genetic,-2.7190332326283944,1.0,0.15,liraglutide,112,NCT01557166,ADULT,PHASE3,175,3.0,1 + every 1 day,224,224,672.0,no,subcutaneous,-4.201423866334764,-1.4823906337063697
91,PMC3997887,0.15,1 + every 1 day,1,intraperitoneal,28,42,,33.0,KKAy,mice,male,6,genetic,-2.7190332326283944,1.0,0.15,liraglutide,120,NCT02918279,CHILD,PHASE3,125,3.0,1 + every 1 day,392,392,1176.0,no,subcutaneous,-3.6,-0.8809667673716057
91,PMC3997887,0.15,1 + every 1 day,1,intraperitoneal,28,42,,33.0,KKAy,mice,male,6,genetic,-2.7190332326283944,1.0,0.15,liraglutide,127,NCT02527200,"CHILD,ADULT",PHASE3,17,3.0,1 + every 1 day,364,364,1092.0,no,subcutaneous,-2.6999999999999997,0.019033232628394625
91,PMC3997887,0.15,1 + every 1 day,1,intraperitoneal,28,42,,33.0,KKAy,mice,male,6,genetic,-2.7190332326283944,1.0,0.15,liraglutide,128,NCT02527200,"CHILD,ADULT",PHASE3,14,3.0,1 + every 1 day,364,364,1092.0,no,subcutaneous,1.3999999999999995,4.119033232628394
91,PMC3997887,0.15,1 + every 1 day,1,intraperitoneal,28,42,,33.0,KKAy,mice,male,6,genetic,-2.7190332326283944,1.0,0.15,liraglutide,129,NCT02527200,"CHILD,ADULT",PHASE3,31,3.0,1 + every 1 day,364,364,1092.0,no,subcutaneous,-0.6999999999999997,2.0190332326283946
91,PMC3997887,0.15,1 + every 1 day,1,intraperitoneal,28,42,,33.0,KKAy,mice,male,6,genetic,-2.7190332326283944,1.0,0.15,liraglutide,130,NCT00781937,"ADULT,OLDER_ADULT",PHASE3,194,3.0,1 + every 1 day,392,392,1176.0,no,subcutaneous,-6.0600000000000005,-3.340966767371606
91,PMC3997887,0.15,1 + every 1 day,1,intraperitoneal,28,42,,33.0,KKAy,mice,male,6,genetic,-2.7190332326283944,1.0,0.15,liraglutide,136,NCT04074161,"ADULT,OLDER_ADULT",PHASE3,117,3.0,1 + every 1 day,476,476,1428.0,no,subcutaneous,-4.800000000000001,-2.0809667673716064
91,PMC3997887,0.15,1 + every 1 day,1,intraperitoneal,28,42,,33.0,KKAy,mice,male,6,genetic,-2.7190332326283944,1.0,0.15,liraglutide,150,NCT02647944,"ADULT,OLDER_ADULT",PHASE2,19,3.0,1 + every 1 day,112,112,336.0,no,subcutaneous,-2.58819247874349,0.13084075388490435
91,PMC3997887,0.15,1 + every 1 day,1,intraperitoneal,28,42,,33.0,KKAy,mice,male,6,genetic,-2.7190332326283944,1.0,0.15,liraglutide,155,NCT03486392,"ADULT,OLDER_ADULT",PHASE2,108,3.0,1 + every 1 day,182,182,546.0,no,subcutaneous,-5.78,-3.060966767371606
92,PMC3997887,0.15,1 + every 1 day,3,intraperitoneal,28,42,,31.2,KKAy,mice,male,6,genetic,-7.4534161490683175,3.0,0.44999999999999996,liraglutide,35,NCT02453711,"ADULT,OLDER_ADULT",PHASE2,96,3.0,1 + every 1 day,364,364,1092.0,no,subcutaneous,-5.47,1.9834161490683178
92,PMC3997887,0.15,1 + every 1 day,3,intraperitoneal,28,42,,31.2,KKAy,mice,male,6,genetic,-7.4534161490683175,3.0,0.44999999999999996,liraglutide,51,NCT00422058,"ADULT,OLDER_ADULT",PHASE2,94,1.2,1 + every 1 day,140,140,168.0,no,subcutaneous,-2.2072087435352685,5.246207405533049
92,PMC3997887,0.15,1 + every 1 day,3,intraperitoneal,28,42,,31.2,KKAy,mice,male,6,genetic,-7.4534161490683175,3.0,0.44999999999999996,liraglutide,52,NCT00422058,"ADULT,OLDER_ADULT",PHASE2,90,1.8,1 + every 1 day,140,140,252.0,no,subcutaneous,-2.9371604752653058,4.516255673803012
92,PMC3997887,0.15,1 + every 1 day,3,intraperitoneal,28,42,,31.2,KKAy,mice,male,6,genetic,-7.4534161490683175,3.0,0.44999999999999996,liraglutide,53,NCT00422058,"ADULT,OLDER_ADULT",PHASE2,92,2.4,1 + every 1 day,140,140,336.0,no,subcutaneous,-3.6240693851707304,3.829346763897587
92,PMC3997887,0.15,1 + every 1 day,3,intraperitoneal,28,42,,31.2,KKAy,mice,male,6,genetic,-7.4534161490683175,3.0,0.44999999999999996,liraglutide,54,NCT00422058,"ADULT,OLDER_ADULT",PHASE2,92,3.0,1 + every 1 day,140,140,420.0,no,subcutaneous,-4.711624106871794,2.741792042196524
92,PMC3997887,0.15,1 + every 1 day,3,intraperitoneal,28,42,,31.2,KKAy,mice,male,6,genetic,-7.4534161490683175,3.0,0.44999999999999996,liraglutide,61,NCT03158805,"ADULT,OLDER_ADULT",PHASE2,29,3.0,1 + every 1 day,280,280,840.0,no,subcutaneous,-3.5,3.9534161490683175
92,PMC3997887,0.15,1 + every 1 day,3,intraperitoneal,28,42,,31.2,KKAy,mice,male,6,genetic,-7.4534161490683175,3.0,0.44999999999999996,liraglutide,102,NCT01272232,"ADULT,OLDER_ADULT",PHASE3,412,3.0,1 + every 1 day,392,392,1176.0,no,subcutaneous,-3.9000000000000004,3.553416149068317
92,PMC3997887,0.15,1 + every 1 day,3,intraperitoneal,28,42,,31.2,KKAy,mice,male,6,genetic,-7.4534161490683175,3.0,0.44999999999999996,liraglutide,103,NCT01272232,"ADULT,OLDER_ADULT",PHASE3,204,1.8,1 + every 1 day,392,392,705.6,no,subcutaneous,-2.5999999999999996,4.853416149068318
92,PMC3997887,0.15,1 + every 1 day,3,intraperitoneal,28,42,,31.2,KKAy,mice,male,6,genetic,-7.4534161490683175,3.0,0.44999999999999996,liraglutide,106,NCT01272219,"ADULT,OLDER_ADULT",PHASE3,2432,3.0,1 + every 1 day,392,392,1176.0,no,subcutaneous,-5.36,2.093416149068317
92,PMC3997887,0.15,1 + every 1 day,3,intraperitoneal,28,42,,31.2,KKAy,mice,male,6,genetic,-7.4534161490683175,3.0,0.44999999999999996,liraglutide,107,NCT01272219,"ADULT,OLDER_ADULT",PHASE3,1467,3.0,1 + every 1 day,1120,1120,3360.0,no,subcutaneous,-4.25,3.2034161490683175
92,PMC3997887,0.15,1 + every 1 day,3,intraperitoneal,28,42,,31.2,KKAy,mice,male,6,genetic,-7.4534161490683175,3.0,0.44999999999999996,liraglutide,108,NCT01272219,"ADULT,OLDER_ADULT",PHASE3,349,3.0,1 + every 1 day,476,476,1428.0,no,subcutaneous,-5.33,2.1234161490683174
92,PMC3997887,0.15,1 + every 1 day,3,intraperitoneal,28,42,,31.2,KKAy,mice,male,6,genetic,-7.4534161490683175,3.0,0.44999999999999996,liraglutide,112,NCT01557166,ADULT,PHASE3,175,3.0,1 + every 1 day,224,224,672.0,no,subcutaneous,-4.201423866334764,3.2519922827335535
92,PMC3997887,0.15,1 + every 1 day,3,intraperitoneal,28,42,,31.2,KKAy,mice,male,6,genetic,-7.4534161490683175,3.0,0.44999999999999996,liraglutide,120,NCT02918279,CHILD,PHASE3,125,3.0,1 + every 1 day,392,392,1176.0,no,subcutaneous,-3.6,3.8534161490683174
92,PMC3997887,0.15,1 + every 1 day,3,intraperitoneal,28,42,,31.2,KKAy,mice,male,6,genetic,-7.4534161490683175,3.0,0.44999999999999996,liraglutide,127,NCT02527200,"CHILD,ADULT",PHASE3,17,3.0,1 + every 1 day,364,364,1092.0,no,subcutaneous,-2.6999999999999997,4.753416149068318
92,PMC3997887,0.15,1 + every 1 day,3,intraperitoneal,28,42,,31.2,KKAy,mice,male,6,genetic,-7.4534161490683175,3.0,0.44999999999999996,liraglutide,128,NCT02527200,"CHILD,ADULT",PHASE3,14,3.0,1 + every 1 day,364,364,1092.0,no,subcutaneous,1.3999999999999995,8.853416149068316
92,PMC3997887,0.15,1 + every 1 day,3,intraperitoneal,28,42,,31.2,KKAy,mice,male,6,genetic,-7.4534161490683175,3.0,0.44999999999999996,liraglutide,129,NCT02527200,"CHILD,ADULT",PHASE3,31,3.0,1 + every 1 day,364,364,1092.0,no,subcutaneous,-0.6999999999999997,6.753416149068318
92,PMC3997887,0.15,1 + every 1 day,3,intraperitoneal,28,42,,31.2,KKAy,mice,male,6,genetic,-7.4534161490683175,3.0,0.44999999999999996,liraglutide,130,NCT00781937,"ADULT,OLDER_ADULT",PHASE3,194,3.0,1 + every 1 day,392,392,1176.0,no,subcutaneous,-6.0600000000000005,1.393416149068317
92,PMC3997887,0.15,1 + every 1 day,3,intraperitoneal,28,42,,31.2,KKAy,mice,male,6,genetic,-7.4534161490683175,3.0,0.44999999999999996,liraglutide,136,NCT04074161,"ADULT,OLDER_ADULT",PHASE3,117,3.0,1 + every 1 day,476,476,1428.0,no,subcutaneous,-4.800000000000001,2.653416149068317
92,PMC3997887,0.15,1 + every 1 day,3,intraperitoneal,28,42,,31.2,KKAy,mice,male,6,genetic,-7.4534161490683175,3.0,0.44999999999999996,liraglutide,150,NCT02647944,"ADULT,OLDER_ADULT",PHASE2,19,3.0,1 + every 1 day,112,112,336.0,no,subcutaneous,-2.58819247874349,4.865223670324827
92,PMC3997887,0.15,1 + every 1 day,3,intraperitoneal,28,42,,31.2,KKAy,mice,male,6,genetic,-7.4534161490683175,3.0,0.44999999999999996,liraglutide,155,NCT03486392,"ADULT,OLDER_ADULT",PHASE2,108,3.0,1 + every 1 day,182,182,546.0,no,subcutaneous,-5.78,1.6734161490683173
93,PMC4085306,20,2 + every 1 day,30,oral,,,275.0,404.0,Wistar,rats,female,9,diet:high-fat,-2.7227722772277225,60.0,1200.0,orlistat,111,NCT00752726,ADULT,PHASE4,54,60.0,3 + every 1 day,168,504,30240.0,no,oral,-2.3112294985822937,0.4115427786454289
108,PMC4342181,0.3,2 + every 1 day,28,subcutaneous,42,56,,25.0,db/db,mice,male,14,genetic,-52.000000000000014,56.0,16.8,liraglutide,35,NCT02453711,"ADULT,OLDER_ADULT",PHASE2,96,3.0,1 + every 1 day,364,364,1092.0,no,subcutaneous,-5.47,46.530000000000015
108,PMC4342181,0.3,2 + every 1 day,28,subcutaneous,42,56,,25.0,db/db,mice,male,14,genetic,-52.000000000000014,56.0,16.8,liraglutide,51,NCT00422058,"ADULT,OLDER_ADULT",PHASE2,94,1.2,1 + every 1 day,140,140,168.0,no,subcutaneous,-2.2072087435352685,49.792791256464746
108,PMC4342181,0.3,2 + every 1 day,28,subcutaneous,42,56,,25.0,db/db,mice,male,14,genetic,-52.000000000000014,56.0,16.8,liraglutide,52,NCT00422058,"ADULT,OLDER_ADULT",PHASE2,90,1.8,1 + every 1 day,140,140,252.0,no,subcutaneous,-2.9371604752653058,49.062839524734706
108,PMC4342181,0.3,2 + every 1 day,28,subcutaneous,42,56,,25.0,db/db,mice,male,14,genetic,-52.000000000000014,56.0,16.8,liraglutide,53,NCT00422058,"ADULT,OLDER_ADULT",PHASE2,92,2.4,1 + every 1 day,140,140,336.0,no,subcutaneous,-3.6240693851707304,48.37593061482929
108,PMC4342181,0.3,2 + every 1 day,28,subcutaneous,42,56,,25.0,db/db,mice,male,14,genetic,-52.000000000000014,56.0,16.8,liraglutide,54,NCT00422058,"ADULT,OLDER_ADULT",PHASE2,92,3.0,1 + every 1 day,140,140,420.0,no,subcutaneous,-4.711624106871794,47.28837589312822
108,PMC4342181,0.3,2 + every 1 day,28,subcutaneous,42,56,,25.0,db/db,mice,male,14,genetic,-52.000000000000014,56.0,16.8,liraglutide,61,NCT03158805,"ADULT,OLDER_ADULT",PHASE2,29,3.0,1 + every 1 day,280,280,840.0,no,subcutaneous,-3.5,48.500000000000014
108,PMC4342181,0.3,2 + every 1 day,28,subcutaneous,42,56,,25.0,db/db,mice,male,14,genetic,-52.000000000000014,56.0,16.8,liraglutide,102,NCT01272232,"ADULT,OLDER_ADULT",PHASE3,412,3.0,1 + every 1 day,392,392,1176.0,no,subcutaneous,-3.9000000000000004,48.100000000000016
108,PMC4342181,0.3,2 + every 1 day,28,subcutaneous,42,56,,25.0,db/db,mice,male,14,genetic,-52.000000000000014,56.0,16.8,liraglutide,103,NCT01272232,"ADULT,OLDER_ADULT",PHASE3,204,1.8,1 + every 1 day,392,392,705.6,no,subcutaneous,-2.5999999999999996,49.40000000000001
108,PMC4342181,0.3,2 + every 1 day,28,subcutaneous,42,56,,25.0,db/db,mice,male,14,genetic,-52.000000000000014,56.0,16.8,liraglutide,106,NCT01272219,"ADULT,OLDER_ADULT",PHASE3,2432,3.0,1 + every 1 day,392,392,1176.0,no,subcutaneous,-5.36,46.640000000000015
108,PMC4342181,0.3,2 + every 1 day,28,subcutaneous,42,56,,25.0,db/db,mice,male,14,genetic,-52.000000000000014,56.0,16.8,liraglutide,107,NCT01272219,"ADULT,OLDER_ADULT",PHASE3,1467,3.0,1 + every 1 day,1120,1120,3360.0,no,subcutaneous,-4.25,47.750000000000014
108,PMC4342181,0.3,2 + every 1 day,28,subcutaneous,42,56,,25.0,db/db,mice,male,14,genetic,-52.000000000000014,56.0,16.8,liraglutide,108,NCT01272219,"ADULT,OLDER_ADULT",PHASE3,349,3.0,1 + every 1 day,476,476,1428.0,no,subcutaneous,-5.33,46.670000000000016
108,PMC4342181,0.3,2 + every 1 day,28,subcutaneous,42,56,,25.0,db/db,mice,male,14,genetic,-52.000000000000014,56.0,16.8,liraglutide,112,NCT01557166,ADULT,PHASE3,175,3.0,1 + every 1 day,224,224,672.0,no,subcutaneous,-4.201423866334764,47.79857613366525
108,PMC4342181,0.3,2 + every 1 day,28,subcutaneous,42,56,,25.0,db/db,mice,male,14,genetic,-52.000000000000014,56.0,16.8,liraglutide,120,NCT02918279,CHILD,PHASE3,125,3.0,1 + every 1 day,392,392,1176.0,no,subcutaneous,-3.6,48.40000000000001
108,PMC4342181,0.3,2 + every 1 day,28,subcutaneous,42,56,,25.0,db/db,mice,male,14,genetic,-52.000000000000014,56.0,16.8,liraglutide,127,NCT02527200,"CHILD,ADULT",PHASE3,17,3.0,1 + every 1 day,364,364,1092.0,no,subcutaneous,-2.6999999999999997,49.30000000000001
108,PMC4342181,0.3,2 + every 1 day,28,subcutaneous,42,56,,25.0,db/db,mice,male,14,genetic,-52.000000000000014,56.0,16.8,liraglutide,128,NCT02527200,"CHILD,ADULT",PHASE3,14,3.0,1 + every 1 day,364,364,1092.0,no,subcutaneous,1.3999999999999995,53.40000000000001
108,PMC4342181,0.3,2 + every 1 day,28,subcutaneous,42,56,,25.0,db/db,mice,male,14,genetic,-52.000000000000014,56.0,16.8,liraglutide,129,NCT02527200,"CHILD,ADULT",PHASE3,31,3.0,1 + every 1 day,364,364,1092.0,no,subcutaneous,-0.6999999999999997,51.30000000000001
108,PMC4342181,0.3,2 + every 1 day,28,subcutaneous,42,56,,25.0,db/db,mice,male,14,genetic,-52.000000000000014,56.0,16.8,liraglutide,130,NCT00781937,"ADULT,OLDER_ADULT",PHASE3,194,3.0,1 + every 1 day,392,392,1176.0,no,subcutaneous,-6.0600000000000005,45.94000000000001
108,PMC4342181,0.3,2 + every 1 day,28,subcutaneous,42,56,,25.0,db/db,mice,male,14,genetic,-52.000000000000014,56.0,16.8,liraglutide,136,NCT04074161,"ADULT,OLDER_ADULT",PHASE3,117,3.0,1 + every 1 day,476,476,1428.0,no,subcutaneous,-4.800000000000001,47.20000000000002
108,PMC4342181,0.3,2 + every 1 day,28,subcutaneous,42,56,,25.0,db/db,mice,male,14,genetic,-52.000000000000014,56.0,16.8,liraglutide,150,NCT02647944,"ADULT,OLDER_ADULT",PHASE2,19,3.0,1 + every 1 day,112,112,336.0,no,subcutaneous,-2.58819247874349,49.41180752125653
108,PMC4342181,0.3,2 + every 1 day,28,subcutaneous,42,56,,25.0,db/db,mice,male,14,genetic,-52.000000000000014,56.0,16.8,liraglutide,155,NCT03486392,"ADULT,OLDER_ADULT",PHASE2,108,3.0,1 + every 1 day,182,182,546.0,no,subcutaneous,-5.78,46.22000000000001
109,PMC4364946,0.03751260000000001,1 + every 1 day,5,subcutaneous,49,189,,51.92,C57BL/6,mice,male,8,diet:high-fat+high-sugar,-8.493836671802764,5.0,0.18756300000000004,liraglutide,35,NCT02453711,"ADULT,OLDER_ADULT",PHASE2,96,3.0,1 + every 1 day,364,364,1092.0,no,subcutaneous,-5.47,3.0238366718027647
109,PMC4364946,0.03751260000000001,1 + every 1 day,5,subcutaneous,49,189,,51.92,C57BL/6,mice,male,8,diet:high-fat+high-sugar,-8.493836671802764,5.0,0.18756300000000004,liraglutide,51,NCT00422058,"ADULT,OLDER_ADULT",PHASE2,94,1.2,1 + every 1 day,140,140,168.0,no,subcutaneous,-2.2072087435352685,6.286627928267496
109,PMC4364946,0.03751260000000001,1 + every 1 day,5,subcutaneous,49,189,,51.92,C57BL/6,mice,male,8,diet:high-fat+high-sugar,-8.493836671802764,5.0,0.18756300000000004,liraglutide,52,NCT00422058,"ADULT,OLDER_ADULT",PHASE2,90,1.8,1 + every 1 day,140,140,252.0,no,subcutaneous,-2.9371604752653058,5.556676196537459
109,PMC4364946,0.03751260000000001,1 + every 1 day,5,subcutaneous,49,189,,51.92,C57BL/6,mice,male,8,diet:high-fat+high-sugar,-8.493836671802764,5.0,0.18756300000000004,liraglutide,53,NCT00422058,"ADULT,OLDER_ADULT",PHASE2,92,2.4,1 + every 1 day,140,140,336.0,no,subcutaneous,-3.6240693851707304,4.869767286632034
109,PMC4364946,0.03751260000000001,1 + every 1 day,5,subcutaneous,49,189,,51.92,C57BL/6,mice,male,8,diet:high-fat+high-sugar,-8.493836671802764,5.0,0.18756300000000004,liraglutide,54,NCT00422058,"ADULT,OLDER_ADULT",PHASE2,92,3.0,1 + every 1 day,140,140,420.0,no,subcutaneous,-4.711624106871794,3.782212564930971
109,PMC4364946,0.03751260000000001,1 + every 1 day,5,subcutaneous,49,189,,51.92,C57BL/6,mice,male,8,diet:high-fat+high-sugar,-8.493836671802764,5.0,0.18756300000000004,liraglutide,61,NCT03158805,"ADULT,OLDER_ADULT",PHASE2,29,3.0,1 + every 1 day,280,280,840.0,no,subcutaneous,-3.5,4.9938366718027645
109,PMC4364946,0.03751260000000001,1 + every 1 day,5,subcutaneous,49,189,,51.92,C57BL/6,mice,male,8,diet:high-fat+high-sugar,-8.493836671802764,5.0,0.18756300000000004,liraglutide,102,NCT01272232,"ADULT,OLDER_ADULT",PHASE3,412,3.0,1 + every 1 day,392,392,1176.0,no,subcutaneous,-3.9000000000000004,4.593836671802764
109,PMC4364946,0.03751260000000001,1 + every 1 day,5,subcutaneous,49,189,,51.92,C57BL/6,mice,male,8,diet:high-fat+high-sugar,-8.493836671802764,5.0,0.18756300000000004,liraglutide,103,NCT01272232,"ADULT,OLDER_ADULT",PHASE3,204,1.8,1 + every 1 day,392,392,705.6,no,subcutaneous,-2.5999999999999996,5.893836671802765
109,PMC4364946,0.03751260000000001,1 + every 1 day,5,subcutaneous,49,189,,51.92,C57BL/6,mice,male,8,diet:high-fat+high-sugar,-8.493836671802764,5.0,0.18756300000000004,liraglutide,106,NCT01272219,"ADULT,OLDER_ADULT",PHASE3,2432,3.0,1 + every 1 day,392,392,1176.0,no,subcutaneous,-5.36,3.133836671802764
109,PMC4364946,0.03751260000000001,1 + every 1 day,5,subcutaneous,49,189,,51.92,C57BL/6,mice,male,8,diet:high-fat+high-sugar,-8.493836671802764,5.0,0.18756300000000004,liraglutide,107,NCT01272219,"ADULT,OLDER_ADULT",PHASE3,1467,3.0,1 + every 1 day,1120,1120,3360.0,no,subcutaneous,-4.25,4.2438366718027645
109,PMC4364946,0.03751260000000001,1 + every 1 day,5,subcutaneous,49,189,,51.92,C57BL/6,mice,male,8,diet:high-fat+high-sugar,-8.493836671802764,5.0,0.18756300000000004,liraglutide,108,NCT01272219,"ADULT,OLDER_ADULT",PHASE3,349,3.0,1 + every 1 day,476,476,1428.0,no,subcutaneous,-5.33,3.1638366718027644
109,PMC4364946,0.03751260000000001,1 + every 1 day,5,subcutaneous,49,189,,51.92,C57BL/6,mice,male,8,diet:high-fat+high-sugar,-8.493836671802764,5.0,0.18756300000000004,liraglutide,112,NCT01557166,ADULT,PHASE3,175,3.0,1 + every 1 day,224,224,672.0,no,subcutaneous,-4.201423866334764,4.292412805468
109,PMC4364946,0.03751260000000001,1 + every 1 day,5,subcutaneous,49,189,,51.92,C57BL/6,mice,male,8,diet:high-fat+high-sugar,-8.493836671802764,5.0,0.18756300000000004,liraglutide,120,NCT02918279,CHILD,PHASE3,125,3.0,1 + every 1 day,392,392,1176.0,no,subcutaneous,-3.6,4.893836671802765
109,PMC4364946,0.03751260000000001,1 + every 1 day,5,subcutaneous,49,189,,51.92,C57BL/6,mice,male,8,diet:high-fat+high-sugar,-8.493836671802764,5.0,0.18756300000000004,liraglutide,127,NCT02527200,"CHILD,ADULT",PHASE3,17,3.0,1 + every 1 day,364,364,1092.0,no,subcutaneous,-2.6999999999999997,5.793836671802765
109,PMC4364946,0.03751260000000001,1 + every 1 day,5,subcutaneous,49,189,,51.92,C57BL/6,mice,male,8,diet:high-fat+high-sugar,-8.493836671802764,5.0,0.18756300000000004,liraglutide,128,NCT02527200,"CHILD,ADULT",PHASE3,14,3.0,1 + every 1 day,364,364,1092.0,no,subcutaneous,1.3999999999999995,9.893836671802763
109,PMC4364946,0.03751260000000001,1 + every 1 day,5,subcutaneous,49,189,,51.92,C57BL/6,mice,male,8,diet:high-fat+high-sugar,-8.493836671802764,5.0,0.18756300000000004,liraglutide,129,NCT02527200,"CHILD,ADULT",PHASE3,31,3.0,1 + every 1 day,364,364,1092.0,no,subcutaneous,-0.6999999999999997,7.793836671802765
109,PMC4364946,0.03751260000000001,1 + every 1 day,5,subcutaneous,49,189,,51.92,C57BL/6,mice,male,8,diet:high-fat+high-sugar,-8.493836671802764,5.0,0.18756300000000004,liraglutide,130,NCT00781937,"ADULT,OLDER_ADULT",PHASE3,194,3.0,1 + every 1 day,392,392,1176.0,no,subcutaneous,-6.0600000000000005,2.433836671802764
109,PMC4364946,0.03751260000000001,1 + every 1 day,5,subcutaneous,49,189,,51.92,C57BL/6,mice,male,8,diet:high-fat+high-sugar,-8.493836671802764,5.0,0.18756300000000004,liraglutide,136,NCT04074161,"ADULT,OLDER_ADULT",PHASE3,117,3.0,1 + every 1 day,476,476,1428.0,no,subcutaneous,-4.800000000000001,3.6938366718027638
109,PMC4364946,0.03751260000000001,1 + every 1 day,5,subcutaneous,49,189,,51.92,C57BL/6,mice,male,8,diet:high-fat+high-sugar,-8.493836671802764,5.0,0.18756300000000004,liraglutide,150,NCT02647944,"ADULT,OLDER_ADULT",PHASE2,19,3.0,1 + every 1 day,112,112,336.0,no,subcutaneous,-2.58819247874349,5.905644193059274
109,PMC4364946,0.03751260000000001,1 + every 1 day,5,subcutaneous,49,189,,51.92,C57BL/6,mice,male,8,diet:high-fat+high-sugar,-8.493836671802764,5.0,0.18756300000000004,liraglutide,155,NCT03486392,"ADULT,OLDER_ADULT",PHASE2,108,3.0,1 + every 1 day,182,182,546.0,no,subcutaneous,-5.78,2.7138366718027642
110,PMC4364946,0.03751260000000001,1 + every 1 day,22,subcutaneous,49,189,,51.92,C57BL/6,mice,male,8,diet:high-fat+high-sugar,-23.536209553158706,22.0,0.8252772000000002,liraglutide,35,NCT02453711,"ADULT,OLDER_ADULT",PHASE2,96,3.0,1 + every 1 day,364,364,1092.0,no,subcutaneous,-5.47,18.066209553158707
110,PMC4364946,0.03751260000000001,1 + every 1 day,22,subcutaneous,49,189,,51.92,C57BL/6,mice,male,8,diet:high-fat+high-sugar,-23.536209553158706,22.0,0.8252772000000002,liraglutide,51,NCT00422058,"ADULT,OLDER_ADULT",PHASE2,94,1.2,1 + every 1 day,140,140,168.0,no,subcutaneous,-2.2072087435352685,21.329000809623437
110,PMC4364946,0.03751260000000001,1 + every 1 day,22,subcutaneous,49,189,,51.92,C57BL/6,mice,male,8,diet:high-fat+high-sugar,-23.536209553158706,22.0,0.8252772000000002,liraglutide,52,NCT00422058,"ADULT,OLDER_ADULT",PHASE2,90,1.8,1 + every 1 day,140,140,252.0,no,subcutaneous,-2.9371604752653058,20.5990490778934
110,PMC4364946,0.03751260000000001,1 + every 1 day,22,subcutaneous,49,189,,51.92,C57BL/6,mice,male,8,diet:high-fat+high-sugar,-23.536209553158706,22.0,0.8252772000000002,liraglutide,53,NCT00422058,"ADULT,OLDER_ADULT",PHASE2,92,2.4,1 + every 1 day,140,140,336.0,no,subcutaneous,-3.6240693851707304,19.912140167987975
110,PMC4364946,0.03751260000000001,1 + every 1 day,22,subcutaneous,49,189,,51.92,C57BL/6,mice,male,8,diet:high-fat+high-sugar,-23.536209553158706,22.0,0.8252772000000002,liraglutide,54,NCT00422058,"ADULT,OLDER_ADULT",PHASE2,92,3.0,1 + every 1 day,140,140,420.0,no,subcutaneous,-4.711624106871794,18.82458544628691
110,PMC4364946,0.03751260000000001,1 + every 1 day,22,subcutaneous,49,189,,51.92,C57BL/6,mice,male,8,diet:high-fat+high-sugar,-23.536209553158706,22.0,0.8252772000000002,liraglutide,61,NCT03158805,"ADULT,OLDER_ADULT",PHASE2,29,3.0,1 + every 1 day,280,280,840.0,no,subcutaneous,-3.5,20.036209553158706
110,PMC4364946,0.03751260000000001,1 + every 1 day,22,subcutaneous,49,189,,51.92,C57BL/6,mice,male,8,diet:high-fat+high-sugar,-23.536209553158706,22.0,0.8252772000000002,liraglutide,102,NCT01272232,"ADULT,OLDER_ADULT",PHASE3,412,3.0,1 + every 1 day,392,392,1176.0,no,subcutaneous,-3.9000000000000004,19.636209553158707
110,PMC4364946,0.03751260000000001,1 + every 1 day,22,subcutaneous,49,189,,51.92,C57BL/6,mice,male,8,diet:high-fat+high-sugar,-23.536209553158706,22.0,0.8252772000000002,liraglutide,103,NCT01272232,"ADULT,OLDER_ADULT",PHASE3,204,1.8,1 + every 1 day,392,392,705.6,no,subcutaneous,-2.5999999999999996,20.936209553158704
110,PMC4364946,0.03751260000000001,1 + every 1 day,22,subcutaneous,49,189,,51.92,C57BL/6,mice,male,8,diet:high-fat+high-sugar,-23.536209553158706,22.0,0.8252772000000002,liraglutide,106,NCT01272219,"ADULT,OLDER_ADULT",PHASE3,2432,3.0,1 + every 1 day,392,392,1176.0,no,subcutaneous,-5.36,18.176209553158706
110,PMC4364946,0.03751260000000001,1 + every 1 day,22,subcutaneous,49,189,,51.92,C57BL/6,mice,male,8,diet:high-fat+high-sugar,-23.536209553158706,22.0,0.8252772000000002,liraglutide,107,NCT01272219,"ADULT,OLDER_ADULT",PHASE3,1467,3.0,1 + every 1 day,1120,1120,3360.0,no,subcutaneous,-4.25,19.286209553158706
110,PMC4364946,0.03751260000000001,1 + every 1 day,22,subcutaneous,49,189,,51.92,C57BL/6,mice,male,8,diet:high-fat+high-sugar,-23.536209553158706,22.0,0.8252772000000002,liraglutide,108,NCT01272219,"ADULT,OLDER_ADULT",PHASE3,349,3.0,1 + every 1 day,476,476,1428.0,no,subcutaneous,-5.33,18.206209553158708
110,PMC4364946,0.03751260000000001,1 + every 1 day,22,subcutaneous,49,189,,51.92,C57BL/6,mice,male,8,diet:high-fat+high-sugar,-23.536209553158706,22.0,0.8252772000000002,liraglutide,112,NCT01557166,ADULT,PHASE3,175,3.0,1 + every 1 day,224,224,672.0,no,subcutaneous,-4.201423866334764,19.334785686823942
110,PMC4364946,0.03751260000000001,1 + every 1 day,22,subcutaneous,49,189,,51.92,C57BL/6,mice,male,8,diet:high-fat+high-sugar,-23.536209553158706,22.0,0.8252772000000002,liraglutide,120,NCT02918279,CHILD,PHASE3,125,3.0,1 + every 1 day,392,392,1176.0,no,subcutaneous,-3.6,19.936209553158704
110,PMC4364946,0.03751260000000001,1 + every 1 day,22,subcutaneous,49,189,,51.92,C57BL/6,mice,male,8,diet:high-fat+high-sugar,-23.536209553158706,22.0,0.8252772000000002,liraglutide,127,NCT02527200,"CHILD,ADULT",PHASE3,17,3.0,1 + every 1 day,364,364,1092.0,no,subcutaneous,-2.6999999999999997,20.836209553158707
110,PMC4364946,0.03751260000000001,1 + every 1 day,22,subcutaneous,49,189,,51.92,C57BL/6,mice,male,8,diet:high-fat+high-sugar,-23.536209553158706,22.0,0.8252772000000002,liraglutide,128,NCT02527200,"CHILD,ADULT",PHASE3,14,3.0,1 + every 1 day,364,364,1092.0,no,subcutaneous,1.3999999999999995,24.936209553158704
110,PMC4364946,0.03751260000000001,1 + every 1 day,22,subcutaneous,49,189,,51.92,C57BL/6,mice,male,8,diet:high-fat+high-sugar,-23.536209553158706,22.0,0.8252772000000002,liraglutide,129,NCT02527200,"CHILD,ADULT",PHASE3,31,3.0,1 + every 1 day,364,364,1092.0,no,subcutaneous,-0.6999999999999997,22.836209553158707
110,PMC4364946,0.03751260000000001,1 + every 1 day,22,subcutaneous,49,189,,51.92,C57BL/6,mice,male,8,diet:high-fat+high-sugar,-23.536209553158706,22.0,0.8252772000000002,liraglutide,130,NCT00781937,"ADULT,OLDER_ADULT",PHASE3,194,3.0,1 + every 1 day,392,392,1176.0,no,subcutaneous,-6.0600000000000005,17.476209553158704
110,PMC4364946,0.03751260000000001,1 + every 1 day,22,subcutaneous,49,189,,51.92,C57BL/6,mice,male,8,diet:high-fat+high-sugar,-23.536209553158706,22.0,0.8252772000000002,liraglutide,136,NCT04074161,"ADULT,OLDER_ADULT",PHASE3,117,3.0,1 + every 1 day,476,476,1428.0,no,subcutaneous,-4.800000000000001,18.736209553158705
110,PMC4364946,0.03751260000000001,1 + every 1 day,22,subcutaneous,49,189,,51.92,C57BL/6,mice,male,8,diet:high-fat+high-sugar,-23.536209553158706,22.0,0.8252772000000002,liraglutide,150,NCT02647944,"ADULT,OLDER_ADULT",PHASE2,19,3.0,1 + every 1 day,112,112,336.0,no,subcutaneous,-2.58819247874349,20.948017074415215
110,PMC4364946,0.03751260000000001,1 + every 1 day,22,subcutaneous,49,189,,51.92,C57BL/6,mice,male,8,diet:high-fat+high-sugar,-23.536209553158706,22.0,0.8252772000000002,liraglutide,155,NCT03486392,"ADULT,OLDER_ADULT",PHASE2,108,3.0,1 + every 1 day,182,182,546.0,no,subcutaneous,-5.78,17.756209553158705
115,PMC4488150,50,1 + every 1 day,30,intragastric,21,140,,34.0,C57BL/6J,mice,male,4,diet:high-fat,-14.705882352941178,30.0,1500.0,orlistat,111,NCT00752726,ADULT,PHASE4,54,60.0,3 + every 1 day,168,504,30240.0,no,oral,-2.3112294985822937,12.394652854358885
117,PMC4529364,0.03751260000000001,1 + every 1 day,42,subcutaneous,119,287,,,C57BL/6J,mice,male,8,diet:high-fat,-20.4,42.0,1.5755292000000003,liraglutide,35,NCT02453711,"ADULT,OLDER_ADULT",PHASE2,96,3.0,1 + every 1 day,364,364,1092.0,no,subcutaneous,-5.47,14.93
117,PMC4529364,0.03751260000000001,1 + every 1 day,42,subcutaneous,119,287,,,C57BL/6J,mice,male,8,diet:high-fat,-20.4,42.0,1.5755292000000003,liraglutide,51,NCT00422058,"ADULT,OLDER_ADULT",PHASE2,94,1.2,1 + every 1 day,140,140,168.0,no,subcutaneous,-2.2072087435352685,18.19279125646473
117,PMC4529364,0.03751260000000001,1 + every 1 day,42,subcutaneous,119,287,,,C57BL/6J,mice,male,8,diet:high-fat,-20.4,42.0,1.5755292000000003,liraglutide,52,NCT00422058,"ADULT,OLDER_ADULT",PHASE2,90,1.8,1 + every 1 day,140,140,252.0,no,subcutaneous,-2.9371604752653058,17.462839524734694
117,PMC4529364,0.03751260000000001,1 + every 1 day,42,subcutaneous,119,287,,,C57BL/6J,mice,male,8,diet:high-fat,-20.4,42.0,1.5755292000000003,liraglutide,53,NCT00422058,"ADULT,OLDER_ADULT",PHASE2,92,2.4,1 + every 1 day,140,140,336.0,no,subcutaneous,-3.6240693851707304,16.775930614829267
117,PMC4529364,0.03751260000000001,1 + every 1 day,42,subcutaneous,119,287,,,C57BL/6J,mice,male,8,diet:high-fat,-20.4,42.0,1.5755292000000003,liraglutide,54,NCT00422058,"ADULT,OLDER_ADULT",PHASE2,92,3.0,1 + every 1 day,140,140,420.0,no,subcutaneous,-4.711624106871794,15.688375893128205
117,PMC4529364,0.03751260000000001,1 + every 1 day,42,subcutaneous,119,287,,,C57BL/6J,mice,male,8,diet:high-fat,-20.4,42.0,1.5755292000000003,liraglutide,61,NCT03158805,"ADULT,OLDER_ADULT",PHASE2,29,3.0,1 + every 1 day,280,280,840.0,no,subcutaneous,-3.5,16.9
117,PMC4529364,0.03751260000000001,1 + every 1 day,42,subcutaneous,119,287,,,C57BL/6J,mice,male,8,diet:high-fat,-20.4,42.0,1.5755292000000003,liraglutide,102,NCT01272232,"ADULT,OLDER_ADULT",PHASE3,412,3.0,1 + every 1 day,392,392,1176.0,no,subcutaneous,-3.9000000000000004,16.5
117,PMC4529364,0.03751260000000001,1 + every 1 day,42,subcutaneous,119,287,,,C57BL/6J,mice,male,8,diet:high-fat,-20.4,42.0,1.5755292000000003,liraglutide,103,NCT01272232,"ADULT,OLDER_ADULT",PHASE3,204,1.8,1 + every 1 day,392,392,705.6,no,subcutaneous,-2.5999999999999996,17.799999999999997
117,PMC4529364,0.03751260000000001,1 + every 1 day,42,subcutaneous,119,287,,,C57BL/6J,mice,male,8,diet:high-fat,-20.4,42.0,1.5755292000000003,liraglutide,106,NCT01272219,"ADULT,OLDER_ADULT",PHASE3,2432,3.0,1 + every 1 day,392,392,1176.0,no,subcutaneous,-5.36,15.04
117,PMC4529364,0.03751260000000001,1 + every 1 day,42,subcutaneous,119,287,,,C57BL/6J,mice,male,8,diet:high-fat,-20.4,42.0,1.5755292000000003,liraglutide,107,NCT01272219,"ADULT,OLDER_ADULT",PHASE3,1467,3.0,1 + every 1 day,1120,1120,3360.0,no,subcutaneous,-4.25,16.15
117,PMC4529364,0.03751260000000001,1 + every 1 day,42,subcutaneous,119,287,,,C57BL/6J,mice,male,8,diet:high-fat,-20.4,42.0,1.5755292000000003,liraglutide,108,NCT01272219,"ADULT,OLDER_ADULT",PHASE3,349,3.0,1 + every 1 day,476,476,1428.0,no,subcutaneous,-5.33,15.069999999999999
117,PMC4529364,0.03751260000000001,1 + every 1 day,42,subcutaneous,119,287,,,C57BL/6J,mice,male,8,diet:high-fat,-20.4,42.0,1.5755292000000003,liraglutide,112,NCT01557166,ADULT,PHASE3,175,3.0,1 + every 1 day,224,224,672.0,no,subcutaneous,-4.201423866334764,16.198576133665235
117,PMC4529364,0.03751260000000001,1 + every 1 day,42,subcutaneous,119,287,,,C57BL/6J,mice,male,8,diet:high-fat,-20.4,42.0,1.5755292000000003,liraglutide,120,NCT02918279,CHILD,PHASE3,125,3.0,1 + every 1 day,392,392,1176.0,no,subcutaneous,-3.6,16.799999999999997
117,PMC4529364,0.03751260000000001,1 + every 1 day,42,subcutaneous,119,287,,,C57BL/6J,mice,male,8,diet:high-fat,-20.4,42.0,1.5755292000000003,liraglutide,127,NCT02527200,"CHILD,ADULT",PHASE3,17,3.0,1 + every 1 day,364,364,1092.0,no,subcutaneous,-2.6999999999999997,17.7
117,PMC4529364,0.03751260000000001,1 + every 1 day,42,subcutaneous,119,287,,,C57BL/6J,mice,male,8,diet:high-fat,-20.4,42.0,1.5755292000000003,liraglutide,128,NCT02527200,"CHILD,ADULT",PHASE3,14,3.0,1 + every 1 day,364,364,1092.0,no,subcutaneous,1.3999999999999995,21.799999999999997
117,PMC4529364,0.03751260000000001,1 + every 1 day,42,subcutaneous,119,287,,,C57BL/6J,mice,male,8,diet:high-fat,-20.4,42.0,1.5755292000000003,liraglutide,129,NCT02527200,"CHILD,ADULT",PHASE3,31,3.0,1 + every 1 day,364,364,1092.0,no,subcutaneous,-0.6999999999999997,19.7
117,PMC4529364,0.03751260000000001,1 + every 1 day,42,subcutaneous,119,287,,,C57BL/6J,mice,male,8,diet:high-fat,-20.4,42.0,1.5755292000000003,liraglutide,130,NCT00781937,"ADULT,OLDER_ADULT",PHASE3,194,3.0,1 + every 1 day,392,392,1176.0,no,subcutaneous,-6.0600000000000005,14.339999999999998
117,PMC4529364,0.03751260000000001,1 + every 1 day,42,subcutaneous,119,287,,,C57BL/6J,mice,male,8,diet:high-fat,-20.4,42.0,1.5755292000000003,liraglutide,136,NCT04074161,"ADULT,OLDER_ADULT",PHASE3,117,3.0,1 + every 1 day,476,476,1428.0,no,subcutaneous,-4.800000000000001,15.599999999999998
117,PMC4529364,0.03751260000000001,1 + every 1 day,42,subcutaneous,119,287,,,C57BL/6J,mice,male,8,diet:high-fat,-20.4,42.0,1.5755292000000003,liraglutide,150,NCT02647944,"ADULT,OLDER_ADULT",PHASE2,19,3.0,1 + every 1 day,112,112,336.0,no,subcutaneous,-2.58819247874349,17.811807521256508
117,PMC4529364,0.03751260000000001,1 + every 1 day,42,subcutaneous,119,287,,,C57BL/6J,mice,male,8,diet:high-fat,-20.4,42.0,1.5755292000000003,liraglutide,155,NCT03486392,"ADULT,OLDER_ADULT",PHASE2,108,3.0,1 + every 1 day,182,182,546.0,no,subcutaneous,-5.78,14.619999999999997
118,PMC4529364,0.11253780000000002,1 + every 1 day,28,subcutaneous,119,287,,,C57BL/6J,mice,male,8,diet:high-fat,-28.0,28.0,3.1510584000000006,liraglutide,35,NCT02453711,"ADULT,OLDER_ADULT",PHASE2,96,3.0,1 + every 1 day,364,364,1092.0,no,subcutaneous,-5.47,22.53
118,PMC4529364,0.11253780000000002,1 + every 1 day,28,subcutaneous,119,287,,,C57BL/6J,mice,male,8,diet:high-fat,-28.0,28.0,3.1510584000000006,liraglutide,51,NCT00422058,"ADULT,OLDER_ADULT",PHASE2,94,1.2,1 + every 1 day,140,140,168.0,no,subcutaneous,-2.2072087435352685,25.79279125646473
118,PMC4529364,0.11253780000000002,1 + every 1 day,28,subcutaneous,119,287,,,C57BL/6J,mice,male,8,diet:high-fat,-28.0,28.0,3.1510584000000006,liraglutide,52,NCT00422058,"ADULT,OLDER_ADULT",PHASE2,90,1.8,1 + every 1 day,140,140,252.0,no,subcutaneous,-2.9371604752653058,25.062839524734695
118,PMC4529364,0.11253780000000002,1 + every 1 day,28,subcutaneous,119,287,,,C57BL/6J,mice,male,8,diet:high-fat,-28.0,28.0,3.1510584000000006,liraglutide,53,NCT00422058,"ADULT,OLDER_ADULT",PHASE2,92,2.4,1 + every 1 day,140,140,336.0,no,subcutaneous,-3.6240693851707304,24.37593061482927
118,PMC4529364,0.11253780000000002,1 + every 1 day,28,subcutaneous,119,287,,,C57BL/6J,mice,male,8,diet:high-fat,-28.0,28.0,3.1510584000000006,liraglutide,54,NCT00422058,"ADULT,OLDER_ADULT",PHASE2,92,3.0,1 + every 1 day,140,140,420.0,no,subcutaneous,-4.711624106871794,23.288375893128205
118,PMC4529364,0.11253780000000002,1 + every 1 day,28,subcutaneous,119,287,,,C57BL/6J,mice,male,8,diet:high-fat,-28.0,28.0,3.1510584000000006,liraglutide,61,NCT03158805,"ADULT,OLDER_ADULT",PHASE2,29,3.0,1 + every 1 day,280,280,840.0,no,subcutaneous,-3.5,24.5
118,PMC4529364,0.11253780000000002,1 + every 1 day,28,subcutaneous,119,287,,,C57BL/6J,mice,male,8,diet:high-fat,-28.0,28.0,3.1510584000000006,liraglutide,102,NCT01272232,"ADULT,OLDER_ADULT",PHASE3,412,3.0,1 + every 1 day,392,392,1176.0,no,subcutaneous,-3.9000000000000004,24.1
118,PMC4529364,0.11253780000000002,1 + every 1 day,28,subcutaneous,119,287,,,C57BL/6J,mice,male,8,diet:high-fat,-28.0,28.0,3.1510584000000006,liraglutide,103,NCT01272232,"ADULT,OLDER_ADULT",PHASE3,204,1.8,1 + every 1 day,392,392,705.6,no,subcutaneous,-2.5999999999999996,25.4
118,PMC4529364,0.11253780000000002,1 + every 1 day,28,subcutaneous,119,287,,,C57BL/6J,mice,male,8,diet:high-fat,-28.0,28.0,3.1510584000000006,liraglutide,106,NCT01272219,"ADULT,OLDER_ADULT",PHASE3,2432,3.0,1 + every 1 day,392,392,1176.0,no,subcutaneous,-5.36,22.64
118,PMC4529364,0.11253780000000002,1 + every 1 day,28,subcutaneous,119,287,,,C57BL/6J,mice,male,8,diet:high-fat,-28.0,28.0,3.1510584000000006,liraglutide,107,NCT01272219,"ADULT,OLDER_ADULT",PHASE3,1467,3.0,1 + every 1 day,1120,1120,3360.0,no,subcutaneous,-4.25,23.75
118,PMC4529364,0.11253780000000002,1 + every 1 day,28,subcutaneous,119,287,,,C57BL/6J,mice,male,8,diet:high-fat,-28.0,28.0,3.1510584000000006,liraglutide,108,NCT01272219,"ADULT,OLDER_ADULT",PHASE3,349,3.0,1 + every 1 day,476,476,1428.0,no,subcutaneous,-5.33,22.67
118,PMC4529364,0.11253780000000002,1 + every 1 day,28,subcutaneous,119,287,,,C57BL/6J,mice,male,8,diet:high-fat,-28.0,28.0,3.1510584000000006,liraglutide,112,NCT01557166,ADULT,PHASE3,175,3.0,1 + every 1 day,224,224,672.0,no,subcutaneous,-4.201423866334764,23.798576133665236
118,PMC4529364,0.11253780000000002,1 + every 1 day,28,subcutaneous,119,287,,,C57BL/6J,mice,male,8,diet:high-fat,-28.0,28.0,3.1510584000000006,liraglutide,120,NCT02918279,CHILD,PHASE3,125,3.0,1 + every 1 day,392,392,1176.0,no,subcutaneous,-3.6,24.4
118,PMC4529364,0.11253780000000002,1 + every 1 day,28,subcutaneous,119,287,,,C57BL/6J,mice,male,8,diet:high-fat,-28.0,28.0,3.1510584000000006,liraglutide,127,NCT02527200,"CHILD,ADULT",PHASE3,17,3.0,1 + every 1 day,364,364,1092.0,no,subcutaneous,-2.6999999999999997,25.3
118,PMC4529364,0.11253780000000002,1 + every 1 day,28,subcutaneous,119,287,,,C57BL/6J,mice,male,8,diet:high-fat,-28.0,28.0,3.1510584000000006,liraglutide,128,NCT02527200,"CHILD,ADULT",PHASE3,14,3.0,1 + every 1 day,364,364,1092.0,no,subcutaneous,1.3999999999999995,29.4
118,PMC4529364,0.11253780000000002,1 + every 1 day,28,subcutaneous,119,287,,,C57BL/6J,mice,male,8,diet:high-fat,-28.0,28.0,3.1510584000000006,liraglutide,129,NCT02527200,"CHILD,ADULT",PHASE3,31,3.0,1 + every 1 day,364,364,1092.0,no,subcutaneous,-0.6999999999999997,27.3
118,PMC4529364,0.11253780000000002,1 + every 1 day,28,subcutaneous,119,287,,,C57BL/6J,mice,male,8,diet:high-fat,-28.0,28.0,3.1510584000000006,liraglutide,130,NCT00781937,"ADULT,OLDER_ADULT",PHASE3,194,3.0,1 + every 1 day,392,392,1176.0,no,subcutaneous,-6.0600000000000005,21.939999999999998
118,PMC4529364,0.11253780000000002,1 + every 1 day,28,subcutaneous,119,287,,,C57BL/6J,mice,male,8,diet:high-fat,-28.0,28.0,3.1510584000000006,liraglutide,136,NCT04074161,"ADULT,OLDER_ADULT",PHASE3,117,3.0,1 + every 1 day,476,476,1428.0,no,subcutaneous,-4.800000000000001,23.2
118,PMC4529364,0.11253780000000002,1 + every 1 day,28,subcutaneous,119,287,,,C57BL/6J,mice,male,8,diet:high-fat,-28.0,28.0,3.1510584000000006,liraglutide,150,NCT02647944,"ADULT,OLDER_ADULT",PHASE2,19,3.0,1 + every 1 day,112,112,336.0,no,subcutaneous,-2.58819247874349,25.41180752125651
118,PMC4529364,0.11253780000000002,1 + every 1 day,28,subcutaneous,119,287,,,C57BL/6J,mice,male,8,diet:high-fat,-28.0,28.0,3.1510584000000006,liraglutide,155,NCT03486392,"ADULT,OLDER_ADULT",PHASE2,108,3.0,1 + every 1 day,182,182,546.0,no,subcutaneous,-5.78,22.22
119,PMC4534139,0.2,2 + every 1 day,26,subcutaneous,42,126,,195.0,Golden Syrian,hamsters,male,6,diet:high-fat+high-sugar+high-cholesterol,-16.0,52.0,10.4,liraglutide,35,NCT02453711,"ADULT,OLDER_ADULT",PHASE2,96,3.0,1 + every 1 day,364,364,1092.0,no,subcutaneous,-5.47,10.530000000000001
119,PMC4534139,0.2,2 + every 1 day,26,subcutaneous,42,126,,195.0,Golden Syrian,hamsters,male,6,diet:high-fat+high-sugar+high-cholesterol,-16.0,52.0,10.4,liraglutide,51,NCT00422058,"ADULT,OLDER_ADULT",PHASE2,94,1.2,1 + every 1 day,140,140,168.0,no,subcutaneous,-2.2072087435352685,13.792791256464731
119,PMC4534139,0.2,2 + every 1 day,26,subcutaneous,42,126,,195.0,Golden Syrian,hamsters,male,6,diet:high-fat+high-sugar+high-cholesterol,-16.0,52.0,10.4,liraglutide,52,NCT00422058,"ADULT,OLDER_ADULT",PHASE2,90,1.8,1 + every 1 day,140,140,252.0,no,subcutaneous,-2.9371604752653058,13.062839524734695
119,PMC4534139,0.2,2 + every 1 day,26,subcutaneous,42,126,,195.0,Golden Syrian,hamsters,male,6,diet:high-fat+high-sugar+high-cholesterol,-16.0,52.0,10.4,liraglutide,53,NCT00422058,"ADULT,OLDER_ADULT",PHASE2,92,2.4,1 + every 1 day,140,140,336.0,no,subcutaneous,-3.6240693851707304,12.375930614829269
119,PMC4534139,0.2,2 + every 1 day,26,subcutaneous,42,126,,195.0,Golden Syrian,hamsters,male,6,diet:high-fat+high-sugar+high-cholesterol,-16.0,52.0,10.4,liraglutide,54,NCT00422058,"ADULT,OLDER_ADULT",PHASE2,92,3.0,1 + every 1 day,140,140,420.0,no,subcutaneous,-4.711624106871794,11.288375893128206
119,PMC4534139,0.2,2 + every 1 day,26,subcutaneous,42,126,,195.0,Golden Syrian,hamsters,male,6,diet:high-fat+high-sugar+high-cholesterol,-16.0,52.0,10.4,liraglutide,61,NCT03158805,"ADULT,OLDER_ADULT",PHASE2,29,3.0,1 + every 1 day,280,280,840.0,no,subcutaneous,-3.5,12.5
119,PMC4534139,0.2,2 + every 1 day,26,subcutaneous,42,126,,195.0,Golden Syrian,hamsters,male,6,diet:high-fat+high-sugar+high-cholesterol,-16.0,52.0,10.4,liraglutide,102,NCT01272232,"ADULT,OLDER_ADULT",PHASE3,412,3.0,1 + every 1 day,392,392,1176.0,no,subcutaneous,-3.9000000000000004,12.1
119,PMC4534139,0.2,2 + every 1 day,26,subcutaneous,42,126,,195.0,Golden Syrian,hamsters,male,6,diet:high-fat+high-sugar+high-cholesterol,-16.0,52.0,10.4,liraglutide,103,NCT01272232,"ADULT,OLDER_ADULT",PHASE3,204,1.8,1 + every 1 day,392,392,705.6,no,subcutaneous,-2.5999999999999996,13.4
119,PMC4534139,0.2,2 + every 1 day,26,subcutaneous,42,126,,195.0,Golden Syrian,hamsters,male,6,diet:high-fat+high-sugar+high-cholesterol,-16.0,52.0,10.4,liraglutide,106,NCT01272219,"ADULT,OLDER_ADULT",PHASE3,2432,3.0,1 + every 1 day,392,392,1176.0,no,subcutaneous,-5.36,10.64
119,PMC4534139,0.2,2 + every 1 day,26,subcutaneous,42,126,,195.0,Golden Syrian,hamsters,male,6,diet:high-fat+high-sugar+high-cholesterol,-16.0,52.0,10.4,liraglutide,107,NCT01272219,"ADULT,OLDER_ADULT",PHASE3,1467,3.0,1 + every 1 day,1120,1120,3360.0,no,subcutaneous,-4.25,11.75
119,PMC4534139,0.2,2 + every 1 day,26,subcutaneous,42,126,,195.0,Golden Syrian,hamsters,male,6,diet:high-fat+high-sugar+high-cholesterol,-16.0,52.0,10.4,liraglutide,108,NCT01272219,"ADULT,OLDER_ADULT",PHASE3,349,3.0,1 + every 1 day,476,476,1428.0,no,subcutaneous,-5.33,10.67
119,PMC4534139,0.2,2 + every 1 day,26,subcutaneous,42,126,,195.0,Golden Syrian,hamsters,male,6,diet:high-fat+high-sugar+high-cholesterol,-16.0,52.0,10.4,liraglutide,112,NCT01557166,ADULT,PHASE3,175,3.0,1 + every 1 day,224,224,672.0,no,subcutaneous,-4.201423866334764,11.798576133665236
119,PMC4534139,0.2,2 + every 1 day,26,subcutaneous,42,126,,195.0,Golden Syrian,hamsters,male,6,diet:high-fat+high-sugar+high-cholesterol,-16.0,52.0,10.4,liraglutide,120,NCT02918279,CHILD,PHASE3,125,3.0,1 + every 1 day,392,392,1176.0,no,subcutaneous,-3.6,12.4
119,PMC4534139,0.2,2 + every 1 day,26,subcutaneous,42,126,,195.0,Golden Syrian,hamsters,male,6,diet:high-fat+high-sugar+high-cholesterol,-16.0,52.0,10.4,liraglutide,127,NCT02527200,"CHILD,ADULT",PHASE3,17,3.0,1 + every 1 day,364,364,1092.0,no,subcutaneous,-2.6999999999999997,13.3
119,PMC4534139,0.2,2 + every 1 day,26,subcutaneous,42,126,,195.0,Golden Syrian,hamsters,male,6,diet:high-fat+high-sugar+high-cholesterol,-16.0,52.0,10.4,liraglutide,128,NCT02527200,"CHILD,ADULT",PHASE3,14,3.0,1 + every 1 day,364,364,1092.0,no,subcutaneous,1.3999999999999995,17.4
119,PMC4534139,0.2,2 + every 1 day,26,subcutaneous,42,126,,195.0,Golden Syrian,hamsters,male,6,diet:high-fat+high-sugar+high-cholesterol,-16.0,52.0,10.4,liraglutide,129,NCT02527200,"CHILD,ADULT",PHASE3,31,3.0,1 + every 1 day,364,364,1092.0,no,subcutaneous,-0.6999999999999997,15.3
119,PMC4534139,0.2,2 + every 1 day,26,subcutaneous,42,126,,195.0,Golden Syrian,hamsters,male,6,diet:high-fat+high-sugar+high-cholesterol,-16.0,52.0,10.4,liraglutide,130,NCT00781937,"ADULT,OLDER_ADULT",PHASE3,194,3.0,1 + every 1 day,392,392,1176.0,no,subcutaneous,-6.0600000000000005,9.94
119,PMC4534139,0.2,2 + every 1 day,26,subcutaneous,42,126,,195.0,Golden Syrian,hamsters,male,6,diet:high-fat+high-sugar+high-cholesterol,-16.0,52.0,10.4,liraglutide,136,NCT04074161,"ADULT,OLDER_ADULT",PHASE3,117,3.0,1 + every 1 day,476,476,1428.0,no,subcutaneous,-4.800000000000001,11.2
119,PMC4534139,0.2,2 + every 1 day,26,subcutaneous,42,126,,195.0,Golden Syrian,hamsters,male,6,diet:high-fat+high-sugar+high-cholesterol,-16.0,52.0,10.4,liraglutide,150,NCT02647944,"ADULT,OLDER_ADULT",PHASE2,19,3.0,1 + every 1 day,112,112,336.0,no,subcutaneous,-2.58819247874349,13.41180752125651
119,PMC4534139,0.2,2 + every 1 day,26,subcutaneous,42,126,,195.0,Golden Syrian,hamsters,male,6,diet:high-fat+high-sugar+high-cholesterol,-16.0,52.0,10.4,liraglutide,155,NCT03486392,"ADULT,OLDER_ADULT",PHASE2,108,3.0,1 + every 1 day,182,182,546.0,no,subcutaneous,-5.78,10.219999999999999
120,PMC4534139,0.1,2 + every 1 day,14,subcutaneous,42,126,,195.0,Golden Syrian,hamsters,male,8,diet:high-fat+high-sugar+high-cholesterol,-11.0,28.0,2.8000000000000003,liraglutide,35,NCT02453711,"ADULT,OLDER_ADULT",PHASE2,96,3.0,1 + every 1 day,364,364,1092.0,no,subcutaneous,-5.47,5.53
120,PMC4534139,0.1,2 + every 1 day,14,subcutaneous,42,126,,195.0,Golden Syrian,hamsters,male,8,diet:high-fat+high-sugar+high-cholesterol,-11.0,28.0,2.8000000000000003,liraglutide,51,NCT00422058,"ADULT,OLDER_ADULT",PHASE2,94,1.2,1 + every 1 day,140,140,168.0,no,subcutaneous,-2.2072087435352685,8.792791256464731
120,PMC4534139,0.1,2 + every 1 day,14,subcutaneous,42,126,,195.0,Golden Syrian,hamsters,male,8,diet:high-fat+high-sugar+high-cholesterol,-11.0,28.0,2.8000000000000003,liraglutide,52,NCT00422058,"ADULT,OLDER_ADULT",PHASE2,90,1.8,1 + every 1 day,140,140,252.0,no,subcutaneous,-2.9371604752653058,8.062839524734695
120,PMC4534139,0.1,2 + every 1 day,14,subcutaneous,42,126,,195.0,Golden Syrian,hamsters,male,8,diet:high-fat+high-sugar+high-cholesterol,-11.0,28.0,2.8000000000000003,liraglutide,53,NCT00422058,"ADULT,OLDER_ADULT",PHASE2,92,2.4,1 + every 1 day,140,140,336.0,no,subcutaneous,-3.6240693851707304,7.37593061482927
120,PMC4534139,0.1,2 + every 1 day,14,subcutaneous,42,126,,195.0,Golden Syrian,hamsters,male,8,diet:high-fat+high-sugar+high-cholesterol,-11.0,28.0,2.8000000000000003,liraglutide,54,NCT00422058,"ADULT,OLDER_ADULT",PHASE2,92,3.0,1 + every 1 day,140,140,420.0,no,subcutaneous,-4.711624106871794,6.288375893128206
120,PMC4534139,0.1,2 + every 1 day,14,subcutaneous,42,126,,195.0,Golden Syrian,hamsters,male,8,diet:high-fat+high-sugar+high-cholesterol,-11.0,28.0,2.8000000000000003,liraglutide,61,NCT03158805,"ADULT,OLDER_ADULT",PHASE2,29,3.0,1 + every 1 day,280,280,840.0,no,subcutaneous,-3.5,7.5
120,PMC4534139,0.1,2 + every 1 day,14,subcutaneous,42,126,,195.0,Golden Syrian,hamsters,male,8,diet:high-fat+high-sugar+high-cholesterol,-11.0,28.0,2.8000000000000003,liraglutide,102,NCT01272232,"ADULT,OLDER_ADULT",PHASE3,412,3.0,1 + every 1 day,392,392,1176.0,no,subcutaneous,-3.9000000000000004,7.1
120,PMC4534139,0.1,2 + every 1 day,14,subcutaneous,42,126,,195.0,Golden Syrian,hamsters,male,8,diet:high-fat+high-sugar+high-cholesterol,-11.0,28.0,2.8000000000000003,liraglutide,103,NCT01272232,"ADULT,OLDER_ADULT",PHASE3,204,1.8,1 + every 1 day,392,392,705.6,no,subcutaneous,-2.5999999999999996,8.4
120,PMC4534139,0.1,2 + every 1 day,14,subcutaneous,42,126,,195.0,Golden Syrian,hamsters,male,8,diet:high-fat+high-sugar+high-cholesterol,-11.0,28.0,2.8000000000000003,liraglutide,106,NCT01272219,"ADULT,OLDER_ADULT",PHASE3,2432,3.0,1 + every 1 day,392,392,1176.0,no,subcutaneous,-5.36,5.64
120,PMC4534139,0.1,2 + every 1 day,14,subcutaneous,42,126,,195.0,Golden Syrian,hamsters,male,8,diet:high-fat+high-sugar+high-cholesterol,-11.0,28.0,2.8000000000000003,liraglutide,107,NCT01272219,"ADULT,OLDER_ADULT",PHASE3,1467,3.0,1 + every 1 day,1120,1120,3360.0,no,subcutaneous,-4.25,6.75
120,PMC4534139,0.1,2 + every 1 day,14,subcutaneous,42,126,,195.0,Golden Syrian,hamsters,male,8,diet:high-fat+high-sugar+high-cholesterol,-11.0,28.0,2.8000000000000003,liraglutide,108,NCT01272219,"ADULT,OLDER_ADULT",PHASE3,349,3.0,1 + every 1 day,476,476,1428.0,no,subcutaneous,-5.33,5.67
120,PMC4534139,0.1,2 + every 1 day,14,subcutaneous,42,126,,195.0,Golden Syrian,hamsters,male,8,diet:high-fat+high-sugar+high-cholesterol,-11.0,28.0,2.8000000000000003,liraglutide,112,NCT01557166,ADULT,PHASE3,175,3.0,1 + every 1 day,224,224,672.0,no,subcutaneous,-4.201423866334764,6.798576133665236
120,PMC4534139,0.1,2 + every 1 day,14,subcutaneous,42,126,,195.0,Golden Syrian,hamsters,male,8,diet:high-fat+high-sugar+high-cholesterol,-11.0,28.0,2.8000000000000003,liraglutide,120,NCT02918279,CHILD,PHASE3,125,3.0,1 + every 1 day,392,392,1176.0,no,subcutaneous,-3.6,7.4
120,PMC4534139,0.1,2 + every 1 day,14,subcutaneous,42,126,,195.0,Golden Syrian,hamsters,male,8,diet:high-fat+high-sugar+high-cholesterol,-11.0,28.0,2.8000000000000003,liraglutide,127,NCT02527200,"CHILD,ADULT",PHASE3,17,3.0,1 + every 1 day,364,364,1092.0,no,subcutaneous,-2.6999999999999997,8.3
120,PMC4534139,0.1,2 + every 1 day,14,subcutaneous,42,126,,195.0,Golden Syrian,hamsters,male,8,diet:high-fat+high-sugar+high-cholesterol,-11.0,28.0,2.8000000000000003,liraglutide,128,NCT02527200,"CHILD,ADULT",PHASE3,14,3.0,1 + every 1 day,364,364,1092.0,no,subcutaneous,1.3999999999999995,12.399999999999999
120,PMC4534139,0.1,2 + every 1 day,14,subcutaneous,42,126,,195.0,Golden Syrian,hamsters,male,8,diet:high-fat+high-sugar+high-cholesterol,-11.0,28.0,2.8000000000000003,liraglutide,129,NCT02527200,"CHILD,ADULT",PHASE3,31,3.0,1 + every 1 day,364,364,1092.0,no,subcutaneous,-0.6999999999999997,10.3
120,PMC4534139,0.1,2 + every 1 day,14,subcutaneous,42,126,,195.0,Golden Syrian,hamsters,male,8,diet:high-fat+high-sugar+high-cholesterol,-11.0,28.0,2.8000000000000003,liraglutide,130,NCT00781937,"ADULT,OLDER_ADULT",PHASE3,194,3.0,1 + every 1 day,392,392,1176.0,no,subcutaneous,-6.0600000000000005,4.9399999999999995
120,PMC4534139,0.1,2 + every 1 day,14,subcutaneous,42,126,,195.0,Golden Syrian,hamsters,male,8,diet:high-fat+high-sugar+high-cholesterol,-11.0,28.0,2.8000000000000003,liraglutide,136,NCT04074161,"ADULT,OLDER_ADULT",PHASE3,117,3.0,1 + every 1 day,476,476,1428.0,no,subcutaneous,-4.800000000000001,6.199999999999999
120,PMC4534139,0.1,2 + every 1 day,14,subcutaneous,42,126,,195.0,Golden Syrian,hamsters,male,8,diet:high-fat+high-sugar+high-cholesterol,-11.0,28.0,2.8000000000000003,liraglutide,150,NCT02647944,"ADULT,OLDER_ADULT",PHASE2,19,3.0,1 + every 1 day,112,112,336.0,no,subcutaneous,-2.58819247874349,8.41180752125651
120,PMC4534139,0.1,2 + every 1 day,14,subcutaneous,42,126,,195.0,Golden Syrian,hamsters,male,8,diet:high-fat+high-sugar+high-cholesterol,-11.0,28.0,2.8000000000000003,liraglutide,155,NCT03486392,"ADULT,OLDER_ADULT",PHASE2,108,3.0,1 + every 1 day,182,182,546.0,no,subcutaneous,-5.78,5.22
121,PMC4585776,200,1 + every 1 day,56,intragastric,63,147,,490.0,Wistar,rats,male,10,diet:high-fat,-15.306122448979592,56.0,11200.0,metformin,151,NCT00005669,CHILD,PHASE2,53,2000.0,2 + every 1 day,180,360,720000.0,no,oral,-4.1308475663664925,11.175274882613099
122,PMC4636800,0.03,2 + every 1 day,14,subcutaneous,56,182,,47.3,C57BL/6JRj,mice,male,12,diet:high-fat+high-sugar,-5.306553911205084,28.0,0.84,exenatide,15,NCT02160990,"ADULT,OLDER_ADULT",PHASE4,10,0.005,2 + every 1 day,30,60,0.3,no,subcutaneous,-0.4183995922528032,4.888154318952281
122,PMC4636800,0.03,2 + every 1 day,14,subcutaneous,56,182,,47.3,C57BL/6JRj,mice,male,12,diet:high-fat+high-sugar,-5.306553911205084,28.0,0.84,exenatide,71,NCT00856609,ADULT,PHASE3,31,0.01,2 + every 1 day,35,70,0.7000000000000001,no,subcutaneous,-1.2684259130251185,4.038127998179966
124,PMC4669177,0.03,1 + every 1 day,14,subcutaneous,42,147,,38.0,C57BL/6J,mice,male,8,diet:high-fat,-4.763157894736849,14.0,0.42,exenatide,15,NCT02160990,"ADULT,OLDER_ADULT",PHASE4,10,0.005,2 + every 1 day,30,60,0.3,no,subcutaneous,-0.4183995922528032,4.3447583024840455
124,PMC4669177,0.03,1 + every 1 day,14,subcutaneous,42,147,,38.0,C57BL/6J,mice,male,8,diet:high-fat,-4.763157894736849,14.0,0.42,exenatide,71,NCT00856609,ADULT,PHASE3,31,0.01,2 + every 1 day,35,70,0.7000000000000001,no,subcutaneous,-1.2684259130251185,3.4947319817117304
131,PMC4745345,10,1 + every 1 day,98,oral,28,28,,19.1,C57BL/6J,mice,male,10,diet:high-fat,-38.02083333333336,98.0,980.0,metformin,151,NCT00005669,CHILD,PHASE2,53,2000.0,2 + every 1 day,180,360,720000.0,no,oral,-4.1308475663664925,33.889985766966866
132,PMC4745345,50,1 + every 1 day,98,oral,28,28,,19.1,C57BL/6J,mice,male,10,diet:high-fat,-55.729166666666686,98.0,4900.0,metformin,151,NCT00005669,CHILD,PHASE2,53,2000.0,2 + every 1 day,180,360,720000.0,no,oral,-4.1308475663664925,51.598319100300195
134,PMC4921942,0.003,1 + every 1 day,14,subcutaneous,,,,700.0,Sprague–Dawley,rats,male,6,diet:high-fat,-4.5,14.0,0.042,exenatide,15,NCT02160990,"ADULT,OLDER_ADULT",PHASE4,10,0.005,2 + every 1 day,30,60,0.3,no,subcutaneous,-0.4183995922528032,4.081600407747197
134,PMC4921942,0.003,1 + every 1 day,14,subcutaneous,,,,700.0,Sprague–Dawley,rats,male,6,diet:high-fat,-4.5,14.0,0.042,exenatide,71,NCT00856609,ADULT,PHASE3,31,0.01,2 + every 1 day,35,70,0.7000000000000001,no,subcutaneous,-1.2684259130251185,3.2315740869748817
137,PMC4939947,50,5 + every 1 week,56,oral gavage,42,77,,30.4,C57BL/6,mice,male,8,diet:high-fat,-31.8032786885246,40.0,2000.0,orlistat,111,NCT00752726,ADULT,PHASE4,54,60.0,3 + every 1 day,168,504,30240.0,no,oral,-2.3112294985822937,29.492049189942307
138,PMC4955985,250,1 + every 1 day,28,Unknown,63,63,,,ob/ob,mice,male,10,genetic,-2.0700000000000003,28.0,7000.0,metformin,151,NCT00005669,CHILD,PHASE2,53,2000.0,2 + every 1 day,180,360,720000.0,no,oral,-4.1308475663664925,-2.0608475663664922
144,PMC5348377,0.4,1 + every 1 day,84,subcutaneous,49,56,,31.0,KKAy,mice,male,7,genetic,-25.806451612903224,84.0,33.6,liraglutide,35,NCT02453711,"ADULT,OLDER_ADULT",PHASE2,96,3.0,1 + every 1 day,364,364,1092.0,no,subcutaneous,-5.47,20.336451612903225
144,PMC5348377,0.4,1 + every 1 day,84,subcutaneous,49,56,,31.0,KKAy,mice,male,7,genetic,-25.806451612903224,84.0,33.6,liraglutide,51,NCT00422058,"ADULT,OLDER_ADULT",PHASE2,94,1.2,1 + every 1 day,140,140,168.0,no,subcutaneous,-2.2072087435352685,23.599242869367956
144,PMC5348377,0.4,1 + every 1 day,84,subcutaneous,49,56,,31.0,KKAy,mice,male,7,genetic,-25.806451612903224,84.0,33.6,liraglutide,52,NCT00422058,"ADULT,OLDER_ADULT",PHASE2,90,1.8,1 + every 1 day,140,140,252.0,no,subcutaneous,-2.9371604752653058,22.86929113763792
144,PMC5348377,0.4,1 + every 1 day,84,subcutaneous,49,56,,31.0,KKAy,mice,male,7,genetic,-25.806451612903224,84.0,33.6,liraglutide,53,NCT00422058,"ADULT,OLDER_ADULT",PHASE2,92,2.4,1 + every 1 day,140,140,336.0,no,subcutaneous,-3.6240693851707304,22.182382227732493
144,PMC5348377,0.4,1 + every 1 day,84,subcutaneous,49,56,,31.0,KKAy,mice,male,7,genetic,-25.806451612903224,84.0,33.6,liraglutide,54,NCT00422058,"ADULT,OLDER_ADULT",PHASE2,92,3.0,1 + every 1 day,140,140,420.0,no,subcutaneous,-4.711624106871794,21.09482750603143
144,PMC5348377,0.4,1 + every 1 day,84,subcutaneous,49,56,,31.0,KKAy,mice,male,7,genetic,-25.806451612903224,84.0,33.6,liraglutide,61,NCT03158805,"ADULT,OLDER_ADULT",PHASE2,29,3.0,1 + every 1 day,280,280,840.0,no,subcutaneous,-3.5,22.306451612903224
144,PMC5348377,0.4,1 + every 1 day,84,subcutaneous,49,56,,31.0,KKAy,mice,male,7,genetic,-25.806451612903224,84.0,33.6,liraglutide,102,NCT01272232,"ADULT,OLDER_ADULT",PHASE3,412,3.0,1 + every 1 day,392,392,1176.0,no,subcutaneous,-3.9000000000000004,21.906451612903226
144,PMC5348377,0.4,1 + every 1 day,84,subcutaneous,49,56,,31.0,KKAy,mice,male,7,genetic,-25.806451612903224,84.0,33.6,liraglutide,103,NCT01272232,"ADULT,OLDER_ADULT",PHASE3,204,1.8,1 + every 1 day,392,392,705.6,no,subcutaneous,-2.5999999999999996,23.206451612903223
144,PMC5348377,0.4,1 + every 1 day,84,subcutaneous,49,56,,31.0,KKAy,mice,male,7,genetic,-25.806451612903224,84.0,33.6,liraglutide,106,NCT01272219,"ADULT,OLDER_ADULT",PHASE3,2432,3.0,1 + every 1 day,392,392,1176.0,no,subcutaneous,-5.36,20.446451612903225
144,PMC5348377,0.4,1 + every 1 day,84,subcutaneous,49,56,,31.0,KKAy,mice,male,7,genetic,-25.806451612903224,84.0,33.6,liraglutide,107,NCT01272219,"ADULT,OLDER_ADULT",PHASE3,1467,3.0,1 + every 1 day,1120,1120,3360.0,no,subcutaneous,-4.25,21.556451612903224
144,PMC5348377,0.4,1 + every 1 day,84,subcutaneous,49,56,,31.0,KKAy,mice,male,7,genetic,-25.806451612903224,84.0,33.6,liraglutide,108,NCT01272219,"ADULT,OLDER_ADULT",PHASE3,349,3.0,1 + every 1 day,476,476,1428.0,no,subcutaneous,-5.33,20.476451612903226
144,PMC5348377,0.4,1 + every 1 day,84,subcutaneous,49,56,,31.0,KKAy,mice,male,7,genetic,-25.806451612903224,84.0,33.6,liraglutide,112,NCT01557166,ADULT,PHASE3,175,3.0,1 + every 1 day,224,224,672.0,no,subcutaneous,-4.201423866334764,21.60502774656846
144,PMC5348377,0.4,1 + every 1 day,84,subcutaneous,49,56,,31.0,KKAy,mice,male,7,genetic,-25.806451612903224,84.0,33.6,liraglutide,120,NCT02918279,CHILD,PHASE3,125,3.0,1 + every 1 day,392,392,1176.0,no,subcutaneous,-3.6,22.206451612903223
144,PMC5348377,0.4,1 + every 1 day,84,subcutaneous,49,56,,31.0,KKAy,mice,male,7,genetic,-25.806451612903224,84.0,33.6,liraglutide,127,NCT02527200,"CHILD,ADULT",PHASE3,17,3.0,1 + every 1 day,364,364,1092.0,no,subcutaneous,-2.6999999999999997,23.106451612903225
144,PMC5348377,0.4,1 + every 1 day,84,subcutaneous,49,56,,31.0,KKAy,mice,male,7,genetic,-25.806451612903224,84.0,33.6,liraglutide,128,NCT02527200,"CHILD,ADULT",PHASE3,14,3.0,1 + every 1 day,364,364,1092.0,no,subcutaneous,1.3999999999999995,27.206451612903223
144,PMC5348377,0.4,1 + every 1 day,84,subcutaneous,49,56,,31.0,KKAy,mice,male,7,genetic,-25.806451612903224,84.0,33.6,liraglutide,129,NCT02527200,"CHILD,ADULT",PHASE3,31,3.0,1 + every 1 day,364,364,1092.0,no,subcutaneous,-0.6999999999999997,25.106451612903225
144,PMC5348377,0.4,1 + every 1 day,84,subcutaneous,49,56,,31.0,KKAy,mice,male,7,genetic,-25.806451612903224,84.0,33.6,liraglutide,130,NCT00781937,"ADULT,OLDER_ADULT",PHASE3,194,3.0,1 + every 1 day,392,392,1176.0,no,subcutaneous,-6.0600000000000005,19.746451612903222
144,PMC5348377,0.4,1 + every 1 day,84,subcutaneous,49,56,,31.0,KKAy,mice,male,7,genetic,-25.806451612903224,84.0,33.6,liraglutide,136,NCT04074161,"ADULT,OLDER_ADULT",PHASE3,117,3.0,1 + every 1 day,476,476,1428.0,no,subcutaneous,-4.800000000000001,21.006451612903223
144,PMC5348377,0.4,1 + every 1 day,84,subcutaneous,49,56,,31.0,KKAy,mice,male,7,genetic,-25.806451612903224,84.0,33.6,liraglutide,150,NCT02647944,"ADULT,OLDER_ADULT",PHASE2,19,3.0,1 + every 1 day,112,112,336.0,no,subcutaneous,-2.58819247874349,23.218259134159734
144,PMC5348377,0.4,1 + every 1 day,84,subcutaneous,49,56,,31.0,KKAy,mice,male,7,genetic,-25.806451612903224,84.0,33.6,liraglutide,155,NCT03486392,"ADULT,OLDER_ADULT",PHASE2,108,3.0,1 + every 1 day,182,182,546.0,no,subcutaneous,-5.78,20.026451612903223
146,PMC5482143,150,1 + every 1 day,28,intraperitoneal,21,84,,28.0,C57BL/6J,mice,male,13,diet:high-fat,-10.714285714285714,28.0,4200.0,metformin,151,NCT00005669,CHILD,PHASE2,53,2000.0,2 + every 1 day,180,360,720000.0,no,oral,-4.1308475663664925,6.583438147919221
150,PMC5493335,10,1 + every 1 day,28,intragastric,28,56,17.5,27.5,C57BL/6J,mice,male,8,diet:high-fat,-11.11111111111111,28.0,280.0,orlistat,111,NCT00752726,ADULT,PHASE4,54,60.0,3 + every 1 day,168,504,30240.0,no,oral,-2.3112294985822937,8.799881612528818
151,PMC5493335,15,1 + every 1 day,28,intragastric,28,56,17.5,28.0,C57BL/6J,mice,male,8,diet:high-fat,-11.11111111111111,28.0,420.0,canagliflozin,45,NCT00650806,"ADULT,OLDER_ADULT",PHASE2,95,50.0,1 + every 1 day,84,84,4200.0,no,oral,-0.8999999999999999,10.21111111111111
151,PMC5493335,15,1 + every 1 day,28,intragastric,28,56,17.5,28.0,C57BL/6J,mice,male,8,diet:high-fat,-11.11111111111111,28.0,420.0,canagliflozin,46,NCT00650806,"ADULT,OLDER_ADULT",PHASE2,85,100.0,1 + every 1 day,84,84,8400.0,no,oral,-1.6999999999999997,9.411111111111111
151,PMC5493335,15,1 + every 1 day,28,intragastric,28,56,17.5,28.0,C57BL/6J,mice,male,8,diet:high-fat,-11.11111111111111,28.0,420.0,canagliflozin,47,NCT00650806,"ADULT,OLDER_ADULT",PHASE2,93,300.0,1 + every 1 day,84,84,25200.0,no,oral,-1.4,9.71111111111111
151,PMC5493335,15,1 + every 1 day,28,intragastric,28,56,17.5,28.0,C57BL/6J,mice,male,8,diet:high-fat,-11.11111111111111,28.0,420.0,canagliflozin,68,NCT02243202,"ADULT,OLDER_ADULT",PHASE2,78,300.0,1 + every 1 day,182,182,54600.0,no,oral,-1.2999999999999998,9.81111111111111
152,PMC5493335,60,1 + every 1 day,28,intragastric,28,56,17.5,28.0,C57BL/6J,mice,male,8,diet:high-fat,-14.814814814814813,28.0,1680.0,canagliflozin,45,NCT00650806,"ADULT,OLDER_ADULT",PHASE2,95,50.0,1 + every 1 day,84,84,4200.0,no,oral,-0.8999999999999999,13.914814814814813
152,PMC5493335,60,1 + every 1 day,28,intragastric,28,56,17.5,28.0,C57BL/6J,mice,male,8,diet:high-fat,-14.814814814814813,28.0,1680.0,canagliflozin,46,NCT00650806,"ADULT,OLDER_ADULT",PHASE2,85,100.0,1 + every 1 day,84,84,8400.0,no,oral,-1.6999999999999997,13.114814814814814
152,PMC5493335,60,1 + every 1 day,28,intragastric,28,56,17.5,28.0,C57BL/6J,mice,male,8,diet:high-fat,-14.814814814814813,28.0,1680.0,canagliflozin,47,NCT00650806,"ADULT,OLDER_ADULT",PHASE2,93,300.0,1 + every 1 day,84,84,25200.0,no,oral,-1.4,13.414814814814813
152,PMC5493335,60,1 + every 1 day,28,intragastric,28,56,17.5,28.0,C57BL/6J,mice,male,8,diet:high-fat,-14.814814814814813,28.0,1680.0,canagliflozin,68,NCT02243202,"ADULT,OLDER_ADULT",PHASE2,78,300.0,1 + every 1 day,182,182,54600.0,no,oral,-1.2999999999999998,13.514814814814812
155,PMC5518799,0.1,2 + every 1 day,56,subcutaneous,28,119,,34.0,C57BL/6J,mice,Unknown,6,diet:high-fat,-9.375,112.0,11.200000000000001,liraglutide,35,NCT02453711,"ADULT,OLDER_ADULT",PHASE2,96,3.0,1 + every 1 day,364,364,1092.0,no,subcutaneous,-5.47,3.9050000000000002
155,PMC5518799,0.1,2 + every 1 day,56,subcutaneous,28,119,,34.0,C57BL/6J,mice,Unknown,6,diet:high-fat,-9.375,112.0,11.200000000000001,liraglutide,51,NCT00422058,"ADULT,OLDER_ADULT",PHASE2,94,1.2,1 + every 1 day,140,140,168.0,no,subcutaneous,-2.2072087435352685,7.1677912564647315
155,PMC5518799,0.1,2 + every 1 day,56,subcutaneous,28,119,,34.0,C57BL/6J,mice,Unknown,6,diet:high-fat,-9.375,112.0,11.200000000000001,liraglutide,52,NCT00422058,"ADULT,OLDER_ADULT",PHASE2,90,1.8,1 + every 1 day,140,140,252.0,no,subcutaneous,-2.9371604752653058,6.437839524734694
155,PMC5518799,0.1,2 + every 1 day,56,subcutaneous,28,119,,34.0,C57BL/6J,mice,Unknown,6,diet:high-fat,-9.375,112.0,11.200000000000001,liraglutide,53,NCT00422058,"ADULT,OLDER_ADULT",PHASE2,92,2.4,1 + every 1 day,140,140,336.0,no,subcutaneous,-3.6240693851707304,5.75093061482927
155,PMC5518799,0.1,2 + every 1 day,56,subcutaneous,28,119,,34.0,C57BL/6J,mice,Unknown,6,diet:high-fat,-9.375,112.0,11.200000000000001,liraglutide,54,NCT00422058,"ADULT,OLDER_ADULT",PHASE2,92,3.0,1 + every 1 day,140,140,420.0,no,subcutaneous,-4.711624106871794,4.663375893128206
155,PMC5518799,0.1,2 + every 1 day,56,subcutaneous,28,119,,34.0,C57BL/6J,mice,Unknown,6,diet:high-fat,-9.375,112.0,11.200000000000001,liraglutide,61,NCT03158805,"ADULT,OLDER_ADULT",PHASE2,29,3.0,1 + every 1 day,280,280,840.0,no,subcutaneous,-3.5,5.875
155,PMC5518799,0.1,2 + every 1 day,56,subcutaneous,28,119,,34.0,C57BL/6J,mice,Unknown,6,diet:high-fat,-9.375,112.0,11.200000000000001,liraglutide,102,NCT01272232,"ADULT,OLDER_ADULT",PHASE3,412,3.0,1 + every 1 day,392,392,1176.0,no,subcutaneous,-3.9000000000000004,5.475
155,PMC5518799,0.1,2 + every 1 day,56,subcutaneous,28,119,,34.0,C57BL/6J,mice,Unknown,6,diet:high-fat,-9.375,112.0,11.200000000000001,liraglutide,103,NCT01272232,"ADULT,OLDER_ADULT",PHASE3,204,1.8,1 + every 1 day,392,392,705.6,no,subcutaneous,-2.5999999999999996,6.775
155,PMC5518799,0.1,2 + every 1 day,56,subcutaneous,28,119,,34.0,C57BL/6J,mice,Unknown,6,diet:high-fat,-9.375,112.0,11.200000000000001,liraglutide,106,NCT01272219,"ADULT,OLDER_ADULT",PHASE3,2432,3.0,1 + every 1 day,392,392,1176.0,no,subcutaneous,-5.36,4.015
155,PMC5518799,0.1,2 + every 1 day,56,subcutaneous,28,119,,34.0,C57BL/6J,mice,Unknown,6,diet:high-fat,-9.375,112.0,11.200000000000001,liraglutide,107,NCT01272219,"ADULT,OLDER_ADULT",PHASE3,1467,3.0,1 + every 1 day,1120,1120,3360.0,no,subcutaneous,-4.25,5.125
155,PMC5518799,0.1,2 + every 1 day,56,subcutaneous,28,119,,34.0,C57BL/6J,mice,Unknown,6,diet:high-fat,-9.375,112.0,11.200000000000001,liraglutide,108,NCT01272219,"ADULT,OLDER_ADULT",PHASE3,349,3.0,1 + every 1 day,476,476,1428.0,no,subcutaneous,-5.33,4.045
155,PMC5518799,0.1,2 + every 1 day,56,subcutaneous,28,119,,34.0,C57BL/6J,mice,Unknown,6,diet:high-fat,-9.375,112.0,11.200000000000001,liraglutide,112,NCT01557166,ADULT,PHASE3,175,3.0,1 + every 1 day,224,224,672.0,no,subcutaneous,-4.201423866334764,5.173576133665236
155,PMC5518799,0.1,2 + every 1 day,56,subcutaneous,28,119,,34.0,C57BL/6J,mice,Unknown,6,diet:high-fat,-9.375,112.0,11.200000000000001,liraglutide,120,NCT02918279,CHILD,PHASE3,125,3.0,1 + every 1 day,392,392,1176.0,no,subcutaneous,-3.6,5.775
155,PMC5518799,0.1,2 + every 1 day,56,subcutaneous,28,119,,34.0,C57BL/6J,mice,Unknown,6,diet:high-fat,-9.375,112.0,11.200000000000001,liraglutide,127,NCT02527200,"CHILD,ADULT",PHASE3,17,3.0,1 + every 1 day,364,364,1092.0,no,subcutaneous,-2.6999999999999997,6.675000000000001
155,PMC5518799,0.1,2 + every 1 day,56,subcutaneous,28,119,,34.0,C57BL/6J,mice,Unknown,6,diet:high-fat,-9.375,112.0,11.200000000000001,liraglutide,128,NCT02527200,"CHILD,ADULT",PHASE3,14,3.0,1 + every 1 day,364,364,1092.0,no,subcutaneous,1.3999999999999995,10.774999999999999
155,PMC5518799,0.1,2 + every 1 day,56,subcutaneous,28,119,,34.0,C57BL/6J,mice,Unknown,6,diet:high-fat,-9.375,112.0,11.200000000000001,liraglutide,129,NCT02527200,"CHILD,ADULT",PHASE3,31,3.0,1 + every 1 day,364,364,1092.0,no,subcutaneous,-0.6999999999999997,8.675
155,PMC5518799,0.1,2 + every 1 day,56,subcutaneous,28,119,,34.0,C57BL/6J,mice,Unknown,6,diet:high-fat,-9.375,112.0,11.200000000000001,liraglutide,130,NCT00781937,"ADULT,OLDER_ADULT",PHASE3,194,3.0,1 + every 1 day,392,392,1176.0,no,subcutaneous,-6.0600000000000005,3.3149999999999995
155,PMC5518799,0.1,2 + every 1 day,56,subcutaneous,28,119,,34.0,C57BL/6J,mice,Unknown,6,diet:high-fat,-9.375,112.0,11.200000000000001,liraglutide,136,NCT04074161,"ADULT,OLDER_ADULT",PHASE3,117,3.0,1 + every 1 day,476,476,1428.0,no,subcutaneous,-4.800000000000001,4.574999999999999
155,PMC5518799,0.1,2 + every 1 day,56,subcutaneous,28,119,,34.0,C57BL/6J,mice,Unknown,6,diet:high-fat,-9.375,112.0,11.200000000000001,liraglutide,150,NCT02647944,"ADULT,OLDER_ADULT",PHASE2,19,3.0,1 + every 1 day,112,112,336.0,no,subcutaneous,-2.58819247874349,6.7868075212565095
155,PMC5518799,0.1,2 + every 1 day,56,subcutaneous,28,119,,34.0,C57BL/6J,mice,Unknown,6,diet:high-fat,-9.375,112.0,11.200000000000001,liraglutide,155,NCT03486392,"ADULT,OLDER_ADULT",PHASE2,108,3.0,1 + every 1 day,182,182,546.0,no,subcutaneous,-5.78,3.5949999999999998
161,PMC5713233,250,1 + every 1 day,98,oral,70,70,,,Ldlr−/−,mice,male,8,genetic,6.0,98.0,24500.0,metformin,151,NCT00005669,CHILD,PHASE2,53,2000.0,2 + every 1 day,180,360,720000.0,no,oral,-4.1308475663664925,-10.130847566366493
162,PMC5713233,250,1 + every 1 day,56,oral,70,112,,,Ldlr−/−,mice,male,8,genetic,-10.0,56.0,14000.0,metformin,151,NCT00005669,CHILD,PHASE2,53,2000.0,2 + every 1 day,180,360,720000.0,no,oral,-4.1308475663664925,5.8691524336335075
169,PMC5966539,0.4,1 + every 1 day,84,subcutaneous,21,84,,450.0,Wistar,rats,male,8,diet:high-fat,-31.11111111111111,84.0,33.6,liraglutide,35,NCT02453711,"ADULT,OLDER_ADULT",PHASE2,96,3.0,1 + every 1 day,364,364,1092.0,no,subcutaneous,-5.47,25.641111111111112
169,PMC5966539,0.4,1 + every 1 day,84,subcutaneous,21,84,,450.0,Wistar,rats,male,8,diet:high-fat,-31.11111111111111,84.0,33.6,liraglutide,51,NCT00422058,"ADULT,OLDER_ADULT",PHASE2,94,1.2,1 + every 1 day,140,140,168.0,no,subcutaneous,-2.2072087435352685,28.903902367575842
169,PMC5966539,0.4,1 + every 1 day,84,subcutaneous,21,84,,450.0,Wistar,rats,male,8,diet:high-fat,-31.11111111111111,84.0,33.6,liraglutide,52,NCT00422058,"ADULT,OLDER_ADULT",PHASE2,90,1.8,1 + every 1 day,140,140,252.0,no,subcutaneous,-2.9371604752653058,28.173950635845806
169,PMC5966539,0.4,1 + every 1 day,84,subcutaneous,21,84,,450.0,Wistar,rats,male,8,diet:high-fat,-31.11111111111111,84.0,33.6,liraglutide,53,NCT00422058,"ADULT,OLDER_ADULT",PHASE2,92,2.4,1 + every 1 day,140,140,336.0,no,subcutaneous,-3.6240693851707304,27.48704172594038
169,PMC5966539,0.4,1 + every 1 day,84,subcutaneous,21,84,,450.0,Wistar,rats,male,8,diet:high-fat,-31.11111111111111,84.0,33.6,liraglutide,54,NCT00422058,"ADULT,OLDER_ADULT",PHASE2,92,3.0,1 + every 1 day,140,140,420.0,no,subcutaneous,-4.711624106871794,26.39948700423932
169,PMC5966539,0.4,1 + every 1 day,84,subcutaneous,21,84,,450.0,Wistar,rats,male,8,diet:high-fat,-31.11111111111111,84.0,33.6,liraglutide,61,NCT03158805,"ADULT,OLDER_ADULT",PHASE2,29,3.0,1 + every 1 day,280,280,840.0,no,subcutaneous,-3.5,27.61111111111111
169,PMC5966539,0.4,1 + every 1 day,84,subcutaneous,21,84,,450.0,Wistar,rats,male,8,diet:high-fat,-31.11111111111111,84.0,33.6,liraglutide,102,NCT01272232,"ADULT,OLDER_ADULT",PHASE3,412,3.0,1 + every 1 day,392,392,1176.0,no,subcutaneous,-3.9000000000000004,27.21111111111111
169,PMC5966539,0.4,1 + every 1 day,84,subcutaneous,21,84,,450.0,Wistar,rats,male,8,diet:high-fat,-31.11111111111111,84.0,33.6,liraglutide,103,NCT01272232,"ADULT,OLDER_ADULT",PHASE3,204,1.8,1 + every 1 day,392,392,705.6,no,subcutaneous,-2.5999999999999996,28.511111111111113
169,PMC5966539,0.4,1 + every 1 day,84,subcutaneous,21,84,,450.0,Wistar,rats,male,8,diet:high-fat,-31.11111111111111,84.0,33.6,liraglutide,106,NCT01272219,"ADULT,OLDER_ADULT",PHASE3,2432,3.0,1 + every 1 day,392,392,1176.0,no,subcutaneous,-5.36,25.75111111111111
169,PMC5966539,0.4,1 + every 1 day,84,subcutaneous,21,84,,450.0,Wistar,rats,male,8,diet:high-fat,-31.11111111111111,84.0,33.6,liraglutide,107,NCT01272219,"ADULT,OLDER_ADULT",PHASE3,1467,3.0,1 + every 1 day,1120,1120,3360.0,no,subcutaneous,-4.25,26.86111111111111
169,PMC5966539,0.4,1 + every 1 day,84,subcutaneous,21,84,,450.0,Wistar,rats,male,8,diet:high-fat,-31.11111111111111,84.0,33.6,liraglutide,108,NCT01272219,"ADULT,OLDER_ADULT",PHASE3,349,3.0,1 + every 1 day,476,476,1428.0,no,subcutaneous,-5.33,25.78111111111111
169,PMC5966539,0.4,1 + every 1 day,84,subcutaneous,21,84,,450.0,Wistar,rats,male,8,diet:high-fat,-31.11111111111111,84.0,33.6,liraglutide,112,NCT01557166,ADULT,PHASE3,175,3.0,1 + every 1 day,224,224,672.0,no,subcutaneous,-4.201423866334764,26.909687244776347
169,PMC5966539,0.4,1 + every 1 day,84,subcutaneous,21,84,,450.0,Wistar,rats,male,8,diet:high-fat,-31.11111111111111,84.0,33.6,liraglutide,120,NCT02918279,CHILD,PHASE3,125,3.0,1 + every 1 day,392,392,1176.0,no,subcutaneous,-3.6,27.51111111111111
169,PMC5966539,0.4,1 + every 1 day,84,subcutaneous,21,84,,450.0,Wistar,rats,male,8,diet:high-fat,-31.11111111111111,84.0,33.6,liraglutide,127,NCT02527200,"CHILD,ADULT",PHASE3,17,3.0,1 + every 1 day,364,364,1092.0,no,subcutaneous,-2.6999999999999997,28.41111111111111
169,PMC5966539,0.4,1 + every 1 day,84,subcutaneous,21,84,,450.0,Wistar,rats,male,8,diet:high-fat,-31.11111111111111,84.0,33.6,liraglutide,128,NCT02527200,"CHILD,ADULT",PHASE3,14,3.0,1 + every 1 day,364,364,1092.0,no,subcutaneous,1.3999999999999995,32.51111111111111
169,PMC5966539,0.4,1 + every 1 day,84,subcutaneous,21,84,,450.0,Wistar,rats,male,8,diet:high-fat,-31.11111111111111,84.0,33.6,liraglutide,129,NCT02527200,"CHILD,ADULT",PHASE3,31,3.0,1 + every 1 day,364,364,1092.0,no,subcutaneous,-0.6999999999999997,30.41111111111111
169,PMC5966539,0.4,1 + every 1 day,84,subcutaneous,21,84,,450.0,Wistar,rats,male,8,diet:high-fat,-31.11111111111111,84.0,33.6,liraglutide,130,NCT00781937,"ADULT,OLDER_ADULT",PHASE3,194,3.0,1 + every 1 day,392,392,1176.0,no,subcutaneous,-6.0600000000000005,25.051111111111112
169,PMC5966539,0.4,1 + every 1 day,84,subcutaneous,21,84,,450.0,Wistar,rats,male,8,diet:high-fat,-31.11111111111111,84.0,33.6,liraglutide,136,NCT04074161,"ADULT,OLDER_ADULT",PHASE3,117,3.0,1 + every 1 day,476,476,1428.0,no,subcutaneous,-4.800000000000001,26.31111111111111
169,PMC5966539,0.4,1 + every 1 day,84,subcutaneous,21,84,,450.0,Wistar,rats,male,8,diet:high-fat,-31.11111111111111,84.0,33.6,liraglutide,150,NCT02647944,"ADULT,OLDER_ADULT",PHASE2,19,3.0,1 + every 1 day,112,112,336.0,no,subcutaneous,-2.58819247874349,28.52291863236762
169,PMC5966539,0.4,1 + every 1 day,84,subcutaneous,21,84,,450.0,Wistar,rats,male,8,diet:high-fat,-31.11111111111111,84.0,33.6,liraglutide,155,NCT03486392,"ADULT,OLDER_ADULT",PHASE2,108,3.0,1 + every 1 day,182,182,546.0,no,subcutaneous,-5.78,25.33111111111111
170,PMC5966539,0.4,1 + every 1 day,84,subcutaneous,21,84,,365.0,Goto-Kakizaki,rats,male,8,genetic,-8.21917808219178,84.0,33.6,liraglutide,35,NCT02453711,"ADULT,OLDER_ADULT",PHASE2,96,3.0,1 + every 1 day,364,364,1092.0,no,subcutaneous,-5.47,2.74917808219178
170,PMC5966539,0.4,1 + every 1 day,84,subcutaneous,21,84,,365.0,Goto-Kakizaki,rats,male,8,genetic,-8.21917808219178,84.0,33.6,liraglutide,51,NCT00422058,"ADULT,OLDER_ADULT",PHASE2,94,1.2,1 + every 1 day,140,140,168.0,no,subcutaneous,-2.2072087435352685,6.011969338656511
170,PMC5966539,0.4,1 + every 1 day,84,subcutaneous,21,84,,365.0,Goto-Kakizaki,rats,male,8,genetic,-8.21917808219178,84.0,33.6,liraglutide,52,NCT00422058,"ADULT,OLDER_ADULT",PHASE2,90,1.8,1 + every 1 day,140,140,252.0,no,subcutaneous,-2.9371604752653058,5.282017606926474
170,PMC5966539,0.4,1 + every 1 day,84,subcutaneous,21,84,,365.0,Goto-Kakizaki,rats,male,8,genetic,-8.21917808219178,84.0,33.6,liraglutide,53,NCT00422058,"ADULT,OLDER_ADULT",PHASE2,92,2.4,1 + every 1 day,140,140,336.0,no,subcutaneous,-3.6240693851707304,4.5951086970210495
170,PMC5966539,0.4,1 + every 1 day,84,subcutaneous,21,84,,365.0,Goto-Kakizaki,rats,male,8,genetic,-8.21917808219178,84.0,33.6,liraglutide,54,NCT00422058,"ADULT,OLDER_ADULT",PHASE2,92,3.0,1 + every 1 day,140,140,420.0,no,subcutaneous,-4.711624106871794,3.5075539753199863
170,PMC5966539,0.4,1 + every 1 day,84,subcutaneous,21,84,,365.0,Goto-Kakizaki,rats,male,8,genetic,-8.21917808219178,84.0,33.6,liraglutide,61,NCT03158805,"ADULT,OLDER_ADULT",PHASE2,29,3.0,1 + every 1 day,280,280,840.0,no,subcutaneous,-3.5,4.71917808219178
170,PMC5966539,0.4,1 + every 1 day,84,subcutaneous,21,84,,365.0,Goto-Kakizaki,rats,male,8,genetic,-8.21917808219178,84.0,33.6,liraglutide,102,NCT01272232,"ADULT,OLDER_ADULT",PHASE3,412,3.0,1 + every 1 day,392,392,1176.0,no,subcutaneous,-3.9000000000000004,4.31917808219178
170,PMC5966539,0.4,1 + every 1 day,84,subcutaneous,21,84,,365.0,Goto-Kakizaki,rats,male,8,genetic,-8.21917808219178,84.0,33.6,liraglutide,103,NCT01272232,"ADULT,OLDER_ADULT",PHASE3,204,1.8,1 + every 1 day,392,392,705.6,no,subcutaneous,-2.5999999999999996,5.61917808219178
170,PMC5966539,0.4,1 + every 1 day,84,subcutaneous,21,84,,365.0,Goto-Kakizaki,rats,male,8,genetic,-8.21917808219178,84.0,33.6,liraglutide,106,NCT01272219,"ADULT,OLDER_ADULT",PHASE3,2432,3.0,1 + every 1 day,392,392,1176.0,no,subcutaneous,-5.36,2.8591780821917796
170,PMC5966539,0.4,1 + every 1 day,84,subcutaneous,21,84,,365.0,Goto-Kakizaki,rats,male,8,genetic,-8.21917808219178,84.0,33.6,liraglutide,107,NCT01272219,"ADULT,OLDER_ADULT",PHASE3,1467,3.0,1 + every 1 day,1120,1120,3360.0,no,subcutaneous,-4.25,3.96917808219178
170,PMC5966539,0.4,1 + every 1 day,84,subcutaneous,21,84,,365.0,Goto-Kakizaki,rats,male,8,genetic,-8.21917808219178,84.0,33.6,liraglutide,108,NCT01272219,"ADULT,OLDER_ADULT",PHASE3,349,3.0,1 + every 1 day,476,476,1428.0,no,subcutaneous,-5.33,2.88917808219178
170,PMC5966539,0.4,1 + every 1 day,84,subcutaneous,21,84,,365.0,Goto-Kakizaki,rats,male,8,genetic,-8.21917808219178,84.0,33.6,liraglutide,112,NCT01557166,ADULT,PHASE3,175,3.0,1 + every 1 day,224,224,672.0,no,subcutaneous,-4.201423866334764,4.017754215857016
170,PMC5966539,0.4,1 + every 1 day,84,subcutaneous,21,84,,365.0,Goto-Kakizaki,rats,male,8,genetic,-8.21917808219178,84.0,33.6,liraglutide,120,NCT02918279,CHILD,PHASE3,125,3.0,1 + every 1 day,392,392,1176.0,no,subcutaneous,-3.6,4.61917808219178
170,PMC5966539,0.4,1 + every 1 day,84,subcutaneous,21,84,,365.0,Goto-Kakizaki,rats,male,8,genetic,-8.21917808219178,84.0,33.6,liraglutide,127,NCT02527200,"CHILD,ADULT",PHASE3,17,3.0,1 + every 1 day,364,364,1092.0,no,subcutaneous,-2.6999999999999997,5.519178082191781
170,PMC5966539,0.4,1 + every 1 day,84,subcutaneous,21,84,,365.0,Goto-Kakizaki,rats,male,8,genetic,-8.21917808219178,84.0,33.6,liraglutide,128,NCT02527200,"CHILD,ADULT",PHASE3,14,3.0,1 + every 1 day,364,364,1092.0,no,subcutaneous,1.3999999999999995,9.61917808219178
170,PMC5966539,0.4,1 + every 1 day,84,subcutaneous,21,84,,365.0,Goto-Kakizaki,rats,male,8,genetic,-8.21917808219178,84.0,33.6,liraglutide,129,NCT02527200,"CHILD,ADULT",PHASE3,31,3.0,1 + every 1 day,364,364,1092.0,no,subcutaneous,-0.6999999999999997,7.519178082191781
170,PMC5966539,0.4,1 + every 1 day,84,subcutaneous,21,84,,365.0,Goto-Kakizaki,rats,male,8,genetic,-8.21917808219178,84.0,33.6,liraglutide,130,NCT00781937,"ADULT,OLDER_ADULT",PHASE3,194,3.0,1 + every 1 day,392,392,1176.0,no,subcutaneous,-6.0600000000000005,2.1591780821917794
170,PMC5966539,0.4,1 + every 1 day,84,subcutaneous,21,84,,365.0,Goto-Kakizaki,rats,male,8,genetic,-8.21917808219178,84.0,33.6,liraglutide,136,NCT04074161,"ADULT,OLDER_ADULT",PHASE3,117,3.0,1 + every 1 day,476,476,1428.0,no,subcutaneous,-4.800000000000001,3.419178082191779
170,PMC5966539,0.4,1 + every 1 day,84,subcutaneous,21,84,,365.0,Goto-Kakizaki,rats,male,8,genetic,-8.21917808219178,84.0,33.6,liraglutide,150,NCT02647944,"ADULT,OLDER_ADULT",PHASE2,19,3.0,1 + every 1 day,112,112,336.0,no,subcutaneous,-2.58819247874349,5.6309856034482895
170,PMC5966539,0.4,1 + every 1 day,84,subcutaneous,21,84,,365.0,Goto-Kakizaki,rats,male,8,genetic,-8.21917808219178,84.0,33.6,liraglutide,155,NCT03486392,"ADULT,OLDER_ADULT",PHASE2,108,3.0,1 + every 1 day,182,182,546.0,no,subcutaneous,-5.78,2.4391780821917797
178,PMC6055720,0.05,2 + every 1 day,32,subcutaneous,,,,45.0,C57BL/6N,mice,male,12,diet:high-fat,-10.5,64.0,3.2,liraglutide,35,NCT02453711,"ADULT,OLDER_ADULT",PHASE2,96,3.0,1 + every 1 day,364,364,1092.0,no,subcutaneous,-5.47,5.03
178,PMC6055720,0.05,2 + every 1 day,32,subcutaneous,,,,45.0,C57BL/6N,mice,male,12,diet:high-fat,-10.5,64.0,3.2,liraglutide,51,NCT00422058,"ADULT,OLDER_ADULT",PHASE2,94,1.2,1 + every 1 day,140,140,168.0,no,subcutaneous,-2.2072087435352685,8.292791256464731
178,PMC6055720,0.05,2 + every 1 day,32,subcutaneous,,,,45.0,C57BL/6N,mice,male,12,diet:high-fat,-10.5,64.0,3.2,liraglutide,52,NCT00422058,"ADULT,OLDER_ADULT",PHASE2,90,1.8,1 + every 1 day,140,140,252.0,no,subcutaneous,-2.9371604752653058,7.562839524734694
178,PMC6055720,0.05,2 + every 1 day,32,subcutaneous,,,,45.0,C57BL/6N,mice,male,12,diet:high-fat,-10.5,64.0,3.2,liraglutide,53,NCT00422058,"ADULT,OLDER_ADULT",PHASE2,92,2.4,1 + every 1 day,140,140,336.0,no,subcutaneous,-3.6240693851707304,6.87593061482927
178,PMC6055720,0.05,2 + every 1 day,32,subcutaneous,,,,45.0,C57BL/6N,mice,male,12,diet:high-fat,-10.5,64.0,3.2,liraglutide,54,NCT00422058,"ADULT,OLDER_ADULT",PHASE2,92,3.0,1 + every 1 day,140,140,420.0,no,subcutaneous,-4.711624106871794,5.788375893128206
178,PMC6055720,0.05,2 + every 1 day,32,subcutaneous,,,,45.0,C57BL/6N,mice,male,12,diet:high-fat,-10.5,64.0,3.2,liraglutide,61,NCT03158805,"ADULT,OLDER_ADULT",PHASE2,29,3.0,1 + every 1 day,280,280,840.0,no,subcutaneous,-3.5,7.0
178,PMC6055720,0.05,2 + every 1 day,32,subcutaneous,,,,45.0,C57BL/6N,mice,male,12,diet:high-fat,-10.5,64.0,3.2,liraglutide,102,NCT01272232,"ADULT,OLDER_ADULT",PHASE3,412,3.0,1 + every 1 day,392,392,1176.0,no,subcutaneous,-3.9000000000000004,6.6
178,PMC6055720,0.05,2 + every 1 day,32,subcutaneous,,,,45.0,C57BL/6N,mice,male,12,diet:high-fat,-10.5,64.0,3.2,liraglutide,103,NCT01272232,"ADULT,OLDER_ADULT",PHASE3,204,1.8,1 + every 1 day,392,392,705.6,no,subcutaneous,-2.5999999999999996,7.9
178,PMC6055720,0.05,2 + every 1 day,32,subcutaneous,,,,45.0,C57BL/6N,mice,male,12,diet:high-fat,-10.5,64.0,3.2,liraglutide,106,NCT01272219,"ADULT,OLDER_ADULT",PHASE3,2432,3.0,1 + every 1 day,392,392,1176.0,no,subcutaneous,-5.36,5.14
178,PMC6055720,0.05,2 + every 1 day,32,subcutaneous,,,,45.0,C57BL/6N,mice,male,12,diet:high-fat,-10.5,64.0,3.2,liraglutide,107,NCT01272219,"ADULT,OLDER_ADULT",PHASE3,1467,3.0,1 + every 1 day,1120,1120,3360.0,no,subcutaneous,-4.25,6.25
178,PMC6055720,0.05,2 + every 1 day,32,subcutaneous,,,,45.0,C57BL/6N,mice,male,12,diet:high-fat,-10.5,64.0,3.2,liraglutide,108,NCT01272219,"ADULT,OLDER_ADULT",PHASE3,349,3.0,1 + every 1 day,476,476,1428.0,no,subcutaneous,-5.33,5.17
178,PMC6055720,0.05,2 + every 1 day,32,subcutaneous,,,,45.0,C57BL/6N,mice,male,12,diet:high-fat,-10.5,64.0,3.2,liraglutide,112,NCT01557166,ADULT,PHASE3,175,3.0,1 + every 1 day,224,224,672.0,no,subcutaneous,-4.201423866334764,6.298576133665236
178,PMC6055720,0.05,2 + every 1 day,32,subcutaneous,,,,45.0,C57BL/6N,mice,male,12,diet:high-fat,-10.5,64.0,3.2,liraglutide,120,NCT02918279,CHILD,PHASE3,125,3.0,1 + every 1 day,392,392,1176.0,no,subcutaneous,-3.6,6.9
178,PMC6055720,0.05,2 + every 1 day,32,subcutaneous,,,,45.0,C57BL/6N,mice,male,12,diet:high-fat,-10.5,64.0,3.2,liraglutide,127,NCT02527200,"CHILD,ADULT",PHASE3,17,3.0,1 + every 1 day,364,364,1092.0,no,subcutaneous,-2.6999999999999997,7.800000000000001
178,PMC6055720,0.05,2 + every 1 day,32,subcutaneous,,,,45.0,C57BL/6N,mice,male,12,diet:high-fat,-10.5,64.0,3.2,liraglutide,128,NCT02527200,"CHILD,ADULT",PHASE3,14,3.0,1 + every 1 day,364,364,1092.0,no,subcutaneous,1.3999999999999995,11.899999999999999
178,PMC6055720,0.05,2 + every 1 day,32,subcutaneous,,,,45.0,C57BL/6N,mice,male,12,diet:high-fat,-10.5,64.0,3.2,liraglutide,129,NCT02527200,"CHILD,ADULT",PHASE3,31,3.0,1 + every 1 day,364,364,1092.0,no,subcutaneous,-0.6999999999999997,9.8
178,PMC6055720,0.05,2 + every 1 day,32,subcutaneous,,,,45.0,C57BL/6N,mice,male,12,diet:high-fat,-10.5,64.0,3.2,liraglutide,130,NCT00781937,"ADULT,OLDER_ADULT",PHASE3,194,3.0,1 + every 1 day,392,392,1176.0,no,subcutaneous,-6.0600000000000005,4.4399999999999995
178,PMC6055720,0.05,2 + every 1 day,32,subcutaneous,,,,45.0,C57BL/6N,mice,male,12,diet:high-fat,-10.5,64.0,3.2,liraglutide,136,NCT04074161,"ADULT,OLDER_ADULT",PHASE3,117,3.0,1 + every 1 day,476,476,1428.0,no,subcutaneous,-4.800000000000001,5.699999999999999
178,PMC6055720,0.05,2 + every 1 day,32,subcutaneous,,,,45.0,C57BL/6N,mice,male,12,diet:high-fat,-10.5,64.0,3.2,liraglutide,150,NCT02647944,"ADULT,OLDER_ADULT",PHASE2,19,3.0,1 + every 1 day,112,112,336.0,no,subcutaneous,-2.58819247874349,7.9118075212565095
178,PMC6055720,0.05,2 + every 1 day,32,subcutaneous,,,,45.0,C57BL/6N,mice,male,12,diet:high-fat,-10.5,64.0,3.2,liraglutide,155,NCT03486392,"ADULT,OLDER_ADULT",PHASE2,108,3.0,1 + every 1 day,182,182,546.0,no,subcutaneous,-5.78,4.72
179,PMC6055720,0.04,1 + every 1 day,70,subcutaneous,5840,5840,12.0,11500.0,Unknown,cynomolgus monkeys,Unknown,9,diet:high-fat+high-sugar,-2.5,70.0,2.8000000000000003,liraglutide,35,NCT02453711,"ADULT,OLDER_ADULT",PHASE2,96,3.0,1 + every 1 day,364,364,1092.0,no,subcutaneous,-5.47,-2.9699999999999998
179,PMC6055720,0.04,1 + every 1 day,70,subcutaneous,5840,5840,12.0,11500.0,Unknown,cynomolgus monkeys,Unknown,9,diet:high-fat+high-sugar,-2.5,70.0,2.8000000000000003,liraglutide,51,NCT00422058,"ADULT,OLDER_ADULT",PHASE2,94,1.2,1 + every 1 day,140,140,168.0,no,subcutaneous,-2.2072087435352685,0.2927912564647315
179,PMC6055720,0.04,1 + every 1 day,70,subcutaneous,5840,5840,12.0,11500.0,Unknown,cynomolgus monkeys,Unknown,9,diet:high-fat+high-sugar,-2.5,70.0,2.8000000000000003,liraglutide,52,NCT00422058,"ADULT,OLDER_ADULT",PHASE2,90,1.8,1 + every 1 day,140,140,252.0,no,subcutaneous,-2.9371604752653058,-0.43716047526530577
179,PMC6055720,0.04,1 + every 1 day,70,subcutaneous,5840,5840,12.0,11500.0,Unknown,cynomolgus monkeys,Unknown,9,diet:high-fat+high-sugar,-2.5,70.0,2.8000000000000003,liraglutide,53,NCT00422058,"ADULT,OLDER_ADULT",PHASE2,92,2.4,1 + every 1 day,140,140,336.0,no,subcutaneous,-3.6240693851707304,-1.1240693851707304
179,PMC6055720,0.04,1 + every 1 day,70,subcutaneous,5840,5840,12.0,11500.0,Unknown,cynomolgus monkeys,Unknown,9,diet:high-fat+high-sugar,-2.5,70.0,2.8000000000000003,liraglutide,54,NCT00422058,"ADULT,OLDER_ADULT",PHASE2,92,3.0,1 + every 1 day,140,140,420.0,no,subcutaneous,-4.711624106871794,-2.2116241068717937
179,PMC6055720,0.04,1 + every 1 day,70,subcutaneous,5840,5840,12.0,11500.0,Unknown,cynomolgus monkeys,Unknown,9,diet:high-fat+high-sugar,-2.5,70.0,2.8000000000000003,liraglutide,61,NCT03158805,"ADULT,OLDER_ADULT",PHASE2,29,3.0,1 + every 1 day,280,280,840.0,no,subcutaneous,-3.5,-1.0
179,PMC6055720,0.04,1 + every 1 day,70,subcutaneous,5840,5840,12.0,11500.0,Unknown,cynomolgus monkeys,Unknown,9,diet:high-fat+high-sugar,-2.5,70.0,2.8000000000000003,liraglutide,102,NCT01272232,"ADULT,OLDER_ADULT",PHASE3,412,3.0,1 + every 1 day,392,392,1176.0,no,subcutaneous,-3.9000000000000004,-1.4000000000000004
179,PMC6055720,0.04,1 + every 1 day,70,subcutaneous,5840,5840,12.0,11500.0,Unknown,cynomolgus monkeys,Unknown,9,diet:high-fat+high-sugar,-2.5,70.0,2.8000000000000003,liraglutide,103,NCT01272232,"ADULT,OLDER_ADULT",PHASE3,204,1.8,1 + every 1 day,392,392,705.6,no,subcutaneous,-2.5999999999999996,-0.09999999999999964
179,PMC6055720,0.04,1 + every 1 day,70,subcutaneous,5840,5840,12.0,11500.0,Unknown,cynomolgus monkeys,Unknown,9,diet:high-fat+high-sugar,-2.5,70.0,2.8000000000000003,liraglutide,106,NCT01272219,"ADULT,OLDER_ADULT",PHASE3,2432,3.0,1 + every 1 day,392,392,1176.0,no,subcutaneous,-5.36,-2.8600000000000003
179,PMC6055720,0.04,1 + every 1 day,70,subcutaneous,5840,5840,12.0,11500.0,Unknown,cynomolgus monkeys,Unknown,9,diet:high-fat+high-sugar,-2.5,70.0,2.8000000000000003,liraglutide,107,NCT01272219,"ADULT,OLDER_ADULT",PHASE3,1467,3.0,1 + every 1 day,1120,1120,3360.0,no,subcutaneous,-4.25,-1.75
179,PMC6055720,0.04,1 + every 1 day,70,subcutaneous,5840,5840,12.0,11500.0,Unknown,cynomolgus monkeys,Unknown,9,diet:high-fat+high-sugar,-2.5,70.0,2.8000000000000003,liraglutide,108,NCT01272219,"ADULT,OLDER_ADULT",PHASE3,349,3.0,1 + every 1 day,476,476,1428.0,no,subcutaneous,-5.33,-2.83
179,PMC6055720,0.04,1 + every 1 day,70,subcutaneous,5840,5840,12.0,11500.0,Unknown,cynomolgus monkeys,Unknown,9,diet:high-fat+high-sugar,-2.5,70.0,2.8000000000000003,liraglutide,112,NCT01557166,ADULT,PHASE3,175,3.0,1 + every 1 day,224,224,672.0,no,subcutaneous,-4.201423866334764,-1.701423866334764
179,PMC6055720,0.04,1 + every 1 day,70,subcutaneous,5840,5840,12.0,11500.0,Unknown,cynomolgus monkeys,Unknown,9,diet:high-fat+high-sugar,-2.5,70.0,2.8000000000000003,liraglutide,120,NCT02918279,CHILD,PHASE3,125,3.0,1 + every 1 day,392,392,1176.0,no,subcutaneous,-3.6,-1.1
179,PMC6055720,0.04,1 + every 1 day,70,subcutaneous,5840,5840,12.0,11500.0,Unknown,cynomolgus monkeys,Unknown,9,diet:high-fat+high-sugar,-2.5,70.0,2.8000000000000003,liraglutide,127,NCT02527200,"CHILD,ADULT",PHASE3,17,3.0,1 + every 1 day,364,364,1092.0,no,subcutaneous,-2.6999999999999997,-0.19999999999999973
179,PMC6055720,0.04,1 + every 1 day,70,subcutaneous,5840,5840,12.0,11500.0,Unknown,cynomolgus monkeys,Unknown,9,diet:high-fat+high-sugar,-2.5,70.0,2.8000000000000003,liraglutide,128,NCT02527200,"CHILD,ADULT",PHASE3,14,3.0,1 + every 1 day,364,364,1092.0,no,subcutaneous,1.3999999999999995,3.8999999999999995
179,PMC6055720,0.04,1 + every 1 day,70,subcutaneous,5840,5840,12.0,11500.0,Unknown,cynomolgus monkeys,Unknown,9,diet:high-fat+high-sugar,-2.5,70.0,2.8000000000000003,liraglutide,129,NCT02527200,"CHILD,ADULT",PHASE3,31,3.0,1 + every 1 day,364,364,1092.0,no,subcutaneous,-0.6999999999999997,1.8000000000000003
179,PMC6055720,0.04,1 + every 1 day,70,subcutaneous,5840,5840,12.0,11500.0,Unknown,cynomolgus monkeys,Unknown,9,diet:high-fat+high-sugar,-2.5,70.0,2.8000000000000003,liraglutide,130,NCT00781937,"ADULT,OLDER_ADULT",PHASE3,194,3.0,1 + every 1 day,392,392,1176.0,no,subcutaneous,-6.0600000000000005,-3.5600000000000005
179,PMC6055720,0.04,1 + every 1 day,70,subcutaneous,5840,5840,12.0,11500.0,Unknown,cynomolgus monkeys,Unknown,9,diet:high-fat+high-sugar,-2.5,70.0,2.8000000000000003,liraglutide,136,NCT04074161,"ADULT,OLDER_ADULT",PHASE3,117,3.0,1 + every 1 day,476,476,1428.0,no,subcutaneous,-4.800000000000001,-2.3000000000000007
179,PMC6055720,0.04,1 + every 1 day,70,subcutaneous,5840,5840,12.0,11500.0,Unknown,cynomolgus monkeys,Unknown,9,diet:high-fat+high-sugar,-2.5,70.0,2.8000000000000003,liraglutide,150,NCT02647944,"ADULT,OLDER_ADULT",PHASE2,19,3.0,1 + every 1 day,112,112,336.0,no,subcutaneous,-2.58819247874349,-0.08819247874349001
179,PMC6055720,0.04,1 + every 1 day,70,subcutaneous,5840,5840,12.0,11500.0,Unknown,cynomolgus monkeys,Unknown,9,diet:high-fat+high-sugar,-2.5,70.0,2.8000000000000003,liraglutide,155,NCT03486392,"ADULT,OLDER_ADULT",PHASE2,108,3.0,1 + every 1 day,182,182,546.0,no,subcutaneous,-5.78,-3.2800000000000002
180,PMC6061715,100,1 + every 1 day,14,intraperitoneal,,,21.0,42.5,CD-1,mice,male,6,diet:high-fat+high-sugar,-16.470588235294116,14.0,1400.0,metformin,151,NCT00005669,CHILD,PHASE2,53,2000.0,2 + every 1 day,180,360,720000.0,no,oral,-4.1308475663664925,12.339740668927623
183,PMC6265902,200,Unknown,84,oral,28,35,,16.8,C57BL/6,mice,male,14,diet:high-fat,-35.71428571428572,,,metformin,151,NCT00005669,CHILD,PHASE2,53,2000.0,2 + every 1 day,180,360,720000.0,no,oral,-4.1308475663664925,31.58343814791923
184,PMC6271706,150,1 + every 1 day,35,oral,21,77,,35.0,C57BL/6J,mice,male,5,diet:high-fat,-8.571428571428571,35.0,5250.0,metformin,151,NCT00005669,CHILD,PHASE2,53,2000.0,2 + every 1 day,180,360,720000.0,no,oral,-4.1308475663664925,4.440581005062079
185,PMC6323508,100,1 + every 1 day,56,intragastric,49,273,200.0,590.0,Wistar,rats,male,6,diet:high-fructose,-3.33,56.0,5600.0,metformin,151,NCT00005669,CHILD,PHASE2,53,2000.0,2 + every 1 day,180,360,720000.0,no,oral,-4.1308475663664925,-0.8008475663664925
186,PMC6337096,60,Unknown,30,intragastric,21,28,22.19,22.19,C57BL/6J,mice,male,8,diet:high-fat,-25.527142216240456,,,orlistat,111,NCT00752726,ADULT,PHASE4,54,60.0,3 + every 1 day,168,504,30240.0,no,oral,-2.3112294985822937,23.215912717658163
187,PMC6346001,120,1 + every 1 day,56,intraperitoneal,28,98,,33.0,C57BL/6J,mice,male,8,diet:high-fat,-21.21212121212121,56.0,6720.0,metformin,151,NCT00005669,CHILD,PHASE2,53,2000.0,2 + every 1 day,180,360,720000.0,no,oral,-4.1308475663664925,17.08127364575472
188,PMC6346001,15,1 + every 1 day,20,oral gavage,,,,21.5,C57BL/6J,mice,male,5,diet:high-fat,-9.302325581395346,20.0,300.0,orlistat,111,NCT00752726,ADULT,PHASE4,54,60.0,3 + every 1 day,168,504,30240.0,no,oral,-2.3112294985822937,6.991096082813052
189,PMC6354841,300,1 + every 1 day,14,oral gavage,56,70,,365.3,Zucker fatty,rats,male,8,genetic,2.209492635024556,14.0,4200.0,metformin,151,NCT00005669,CHILD,PHASE2,53,2000.0,2 + every 1 day,180,360,720000.0,no,oral,-4.1308475663664925,-6.340340201391049
190,PMC6354841,300,1 + every 1 day,14,oral gavage,28,126,,528.1,Sprague–Dawley,rats,male,8,diet:high-fat,-9.66704502459327,14.0,4200.0,metformin,151,NCT00005669,CHILD,PHASE2,53,2000.0,2 + every 1 day,180,360,720000.0,no,oral,-4.1308475663664925,5.536197458226777
201,PMC6560126,0.05,1 + every 1 day,63,intraperitoneal,,,,770.0,Sprague–Dawley,rats,male,11,diet:high-fat+high-sugar,-14.285714285714285,63.0,3.1500000000000004,liraglutide,35,NCT02453711,"ADULT,OLDER_ADULT",PHASE2,96,3.0,1 + every 1 day,364,364,1092.0,no,subcutaneous,-5.47,8.815714285714286
201,PMC6560126,0.05,1 + every 1 day,63,intraperitoneal,,,,770.0,Sprague–Dawley,rats,male,11,diet:high-fat+high-sugar,-14.285714285714285,63.0,3.1500000000000004,liraglutide,51,NCT00422058,"ADULT,OLDER_ADULT",PHASE2,94,1.2,1 + every 1 day,140,140,168.0,no,subcutaneous,-2.2072087435352685,12.078505542179016
201,PMC6560126,0.05,1 + every 1 day,63,intraperitoneal,,,,770.0,Sprague–Dawley,rats,male,11,diet:high-fat+high-sugar,-14.285714285714285,63.0,3.1500000000000004,liraglutide,52,NCT00422058,"ADULT,OLDER_ADULT",PHASE2,90,1.8,1 + every 1 day,140,140,252.0,no,subcutaneous,-2.9371604752653058,11.34855381044898
201,PMC6560126,0.05,1 + every 1 day,63,intraperitoneal,,,,770.0,Sprague–Dawley,rats,male,11,diet:high-fat+high-sugar,-14.285714285714285,63.0,3.1500000000000004,liraglutide,53,NCT00422058,"ADULT,OLDER_ADULT",PHASE2,92,2.4,1 + every 1 day,140,140,336.0,no,subcutaneous,-3.6240693851707304,10.661644900543553
201,PMC6560126,0.05,1 + every 1 day,63,intraperitoneal,,,,770.0,Sprague–Dawley,rats,male,11,diet:high-fat+high-sugar,-14.285714285714285,63.0,3.1500000000000004,liraglutide,54,NCT00422058,"ADULT,OLDER_ADULT",PHASE2,92,3.0,1 + every 1 day,140,140,420.0,no,subcutaneous,-4.711624106871794,9.574090178842491
201,PMC6560126,0.05,1 + every 1 day,63,intraperitoneal,,,,770.0,Sprague–Dawley,rats,male,11,diet:high-fat+high-sugar,-14.285714285714285,63.0,3.1500000000000004,liraglutide,61,NCT03158805,"ADULT,OLDER_ADULT",PHASE2,29,3.0,1 + every 1 day,280,280,840.0,no,subcutaneous,-3.5,10.785714285714285
201,PMC6560126,0.05,1 + every 1 day,63,intraperitoneal,,,,770.0,Sprague–Dawley,rats,male,11,diet:high-fat+high-sugar,-14.285714285714285,63.0,3.1500000000000004,liraglutide,102,NCT01272232,"ADULT,OLDER_ADULT",PHASE3,412,3.0,1 + every 1 day,392,392,1176.0,no,subcutaneous,-3.9000000000000004,10.385714285714284
201,PMC6560126,0.05,1 + every 1 day,63,intraperitoneal,,,,770.0,Sprague–Dawley,rats,male,11,diet:high-fat+high-sugar,-14.285714285714285,63.0,3.1500000000000004,liraglutide,103,NCT01272232,"ADULT,OLDER_ADULT",PHASE3,204,1.8,1 + every 1 day,392,392,705.6,no,subcutaneous,-2.5999999999999996,11.685714285714285
201,PMC6560126,0.05,1 + every 1 day,63,intraperitoneal,,,,770.0,Sprague–Dawley,rats,male,11,diet:high-fat+high-sugar,-14.285714285714285,63.0,3.1500000000000004,liraglutide,106,NCT01272219,"ADULT,OLDER_ADULT",PHASE3,2432,3.0,1 + every 1 day,392,392,1176.0,no,subcutaneous,-5.36,8.925714285714285
201,PMC6560126,0.05,1 + every 1 day,63,intraperitoneal,,,,770.0,Sprague–Dawley,rats,male,11,diet:high-fat+high-sugar,-14.285714285714285,63.0,3.1500000000000004,liraglutide,107,NCT01272219,"ADULT,OLDER_ADULT",PHASE3,1467,3.0,1 + every 1 day,1120,1120,3360.0,no,subcutaneous,-4.25,10.035714285714285
201,PMC6560126,0.05,1 + every 1 day,63,intraperitoneal,,,,770.0,Sprague–Dawley,rats,male,11,diet:high-fat+high-sugar,-14.285714285714285,63.0,3.1500000000000004,liraglutide,108,NCT01272219,"ADULT,OLDER_ADULT",PHASE3,349,3.0,1 + every 1 day,476,476,1428.0,no,subcutaneous,-5.33,8.955714285714285
201,PMC6560126,0.05,1 + every 1 day,63,intraperitoneal,,,,770.0,Sprague–Dawley,rats,male,11,diet:high-fat+high-sugar,-14.285714285714285,63.0,3.1500000000000004,liraglutide,112,NCT01557166,ADULT,PHASE3,175,3.0,1 + every 1 day,224,224,672.0,no,subcutaneous,-4.201423866334764,10.08429041937952
201,PMC6560126,0.05,1 + every 1 day,63,intraperitoneal,,,,770.0,Sprague–Dawley,rats,male,11,diet:high-fat+high-sugar,-14.285714285714285,63.0,3.1500000000000004,liraglutide,120,NCT02918279,CHILD,PHASE3,125,3.0,1 + every 1 day,392,392,1176.0,no,subcutaneous,-3.6,10.685714285714285
201,PMC6560126,0.05,1 + every 1 day,63,intraperitoneal,,,,770.0,Sprague–Dawley,rats,male,11,diet:high-fat+high-sugar,-14.285714285714285,63.0,3.1500000000000004,liraglutide,127,NCT02527200,"CHILD,ADULT",PHASE3,17,3.0,1 + every 1 day,364,364,1092.0,no,subcutaneous,-2.6999999999999997,11.585714285714285
201,PMC6560126,0.05,1 + every 1 day,63,intraperitoneal,,,,770.0,Sprague–Dawley,rats,male,11,diet:high-fat+high-sugar,-14.285714285714285,63.0,3.1500000000000004,liraglutide,128,NCT02527200,"CHILD,ADULT",PHASE3,14,3.0,1 + every 1 day,364,364,1092.0,no,subcutaneous,1.3999999999999995,15.685714285714283
201,PMC6560126,0.05,1 + every 1 day,63,intraperitoneal,,,,770.0,Sprague–Dawley,rats,male,11,diet:high-fat+high-sugar,-14.285714285714285,63.0,3.1500000000000004,liraglutide,129,NCT02527200,"CHILD,ADULT",PHASE3,31,3.0,1 + every 1 day,364,364,1092.0,no,subcutaneous,-0.6999999999999997,13.585714285714285
201,PMC6560126,0.05,1 + every 1 day,63,intraperitoneal,,,,770.0,Sprague–Dawley,rats,male,11,diet:high-fat+high-sugar,-14.285714285714285,63.0,3.1500000000000004,liraglutide,130,NCT00781937,"ADULT,OLDER_ADULT",PHASE3,194,3.0,1 + every 1 day,392,392,1176.0,no,subcutaneous,-6.0600000000000005,8.225714285714284
201,PMC6560126,0.05,1 + every 1 day,63,intraperitoneal,,,,770.0,Sprague–Dawley,rats,male,11,diet:high-fat+high-sugar,-14.285714285714285,63.0,3.1500000000000004,liraglutide,136,NCT04074161,"ADULT,OLDER_ADULT",PHASE3,117,3.0,1 + every 1 day,476,476,1428.0,no,subcutaneous,-4.800000000000001,9.485714285714284
201,PMC6560126,0.05,1 + every 1 day,63,intraperitoneal,,,,770.0,Sprague–Dawley,rats,male,11,diet:high-fat+high-sugar,-14.285714285714285,63.0,3.1500000000000004,liraglutide,150,NCT02647944,"ADULT,OLDER_ADULT",PHASE2,19,3.0,1 + every 1 day,112,112,336.0,no,subcutaneous,-2.58819247874349,11.697521806970794
201,PMC6560126,0.05,1 + every 1 day,63,intraperitoneal,,,,770.0,Sprague–Dawley,rats,male,11,diet:high-fat+high-sugar,-14.285714285714285,63.0,3.1500000000000004,liraglutide,155,NCT03486392,"ADULT,OLDER_ADULT",PHASE2,108,3.0,1 + every 1 day,182,182,546.0,no,subcutaneous,-5.78,8.505714285714284
202,PMC6701930,0.03751260000000001,1 + every 1 day,9,subcutaneous,140,154,,,C57BL/6N,mice,male,8,diet:high-fat,-10.01,9.0,0.33761340000000006,liraglutide,35,NCT02453711,"ADULT,OLDER_ADULT",PHASE2,96,3.0,1 + every 1 day,364,364,1092.0,no,subcutaneous,-5.47,4.54
202,PMC6701930,0.03751260000000001,1 + every 1 day,9,subcutaneous,140,154,,,C57BL/6N,mice,male,8,diet:high-fat,-10.01,9.0,0.33761340000000006,liraglutide,51,NCT00422058,"ADULT,OLDER_ADULT",PHASE2,94,1.2,1 + every 1 day,140,140,168.0,no,subcutaneous,-2.2072087435352685,7.802791256464731
202,PMC6701930,0.03751260000000001,1 + every 1 day,9,subcutaneous,140,154,,,C57BL/6N,mice,male,8,diet:high-fat,-10.01,9.0,0.33761340000000006,liraglutide,52,NCT00422058,"ADULT,OLDER_ADULT",PHASE2,90,1.8,1 + every 1 day,140,140,252.0,no,subcutaneous,-2.9371604752653058,7.072839524734694
202,PMC6701930,0.03751260000000001,1 + every 1 day,9,subcutaneous,140,154,,,C57BL/6N,mice,male,8,diet:high-fat,-10.01,9.0,0.33761340000000006,liraglutide,53,NCT00422058,"ADULT,OLDER_ADULT",PHASE2,92,2.4,1 + every 1 day,140,140,336.0,no,subcutaneous,-3.6240693851707304,6.385930614829269
202,PMC6701930,0.03751260000000001,1 + every 1 day,9,subcutaneous,140,154,,,C57BL/6N,mice,male,8,diet:high-fat,-10.01,9.0,0.33761340000000006,liraglutide,54,NCT00422058,"ADULT,OLDER_ADULT",PHASE2,92,3.0,1 + every 1 day,140,140,420.0,no,subcutaneous,-4.711624106871794,5.298375893128206
202,PMC6701930,0.03751260000000001,1 + every 1 day,9,subcutaneous,140,154,,,C57BL/6N,mice,male,8,diet:high-fat,-10.01,9.0,0.33761340000000006,liraglutide,61,NCT03158805,"ADULT,OLDER_ADULT",PHASE2,29,3.0,1 + every 1 day,280,280,840.0,no,subcutaneous,-3.5,6.51
202,PMC6701930,0.03751260000000001,1 + every 1 day,9,subcutaneous,140,154,,,C57BL/6N,mice,male,8,diet:high-fat,-10.01,9.0,0.33761340000000006,liraglutide,102,NCT01272232,"ADULT,OLDER_ADULT",PHASE3,412,3.0,1 + every 1 day,392,392,1176.0,no,subcutaneous,-3.9000000000000004,6.109999999999999
202,PMC6701930,0.03751260000000001,1 + every 1 day,9,subcutaneous,140,154,,,C57BL/6N,mice,male,8,diet:high-fat,-10.01,9.0,0.33761340000000006,liraglutide,103,NCT01272232,"ADULT,OLDER_ADULT",PHASE3,204,1.8,1 + every 1 day,392,392,705.6,no,subcutaneous,-2.5999999999999996,7.41
202,PMC6701930,0.03751260000000001,1 + every 1 day,9,subcutaneous,140,154,,,C57BL/6N,mice,male,8,diet:high-fat,-10.01,9.0,0.33761340000000006,liraglutide,106,NCT01272219,"ADULT,OLDER_ADULT",PHASE3,2432,3.0,1 + every 1 day,392,392,1176.0,no,subcutaneous,-5.36,4.6499999999999995
202,PMC6701930,0.03751260000000001,1 + every 1 day,9,subcutaneous,140,154,,,C57BL/6N,mice,male,8,diet:high-fat,-10.01,9.0,0.33761340000000006,liraglutide,107,NCT01272219,"ADULT,OLDER_ADULT",PHASE3,1467,3.0,1 + every 1 day,1120,1120,3360.0,no,subcutaneous,-4.25,5.76
202,PMC6701930,0.03751260000000001,1 + every 1 day,9,subcutaneous,140,154,,,C57BL/6N,mice,male,8,diet:high-fat,-10.01,9.0,0.33761340000000006,liraglutide,108,NCT01272219,"ADULT,OLDER_ADULT",PHASE3,349,3.0,1 + every 1 day,476,476,1428.0,no,subcutaneous,-5.33,4.68
202,PMC6701930,0.03751260000000001,1 + every 1 day,9,subcutaneous,140,154,,,C57BL/6N,mice,male,8,diet:high-fat,-10.01,9.0,0.33761340000000006,liraglutide,112,NCT01557166,ADULT,PHASE3,175,3.0,1 + every 1 day,224,224,672.0,no,subcutaneous,-4.201423866334764,5.808576133665236
202,PMC6701930,0.03751260000000001,1 + every 1 day,9,subcutaneous,140,154,,,C57BL/6N,mice,male,8,diet:high-fat,-10.01,9.0,0.33761340000000006,liraglutide,120,NCT02918279,CHILD,PHASE3,125,3.0,1 + every 1 day,392,392,1176.0,no,subcutaneous,-3.6,6.41
202,PMC6701930,0.03751260000000001,1 + every 1 day,9,subcutaneous,140,154,,,C57BL/6N,mice,male,8,diet:high-fat,-10.01,9.0,0.33761340000000006,liraglutide,127,NCT02527200,"CHILD,ADULT",PHASE3,17,3.0,1 + every 1 day,364,364,1092.0,no,subcutaneous,-2.6999999999999997,7.3100000000000005
202,PMC6701930,0.03751260000000001,1 + every 1 day,9,subcutaneous,140,154,,,C57BL/6N,mice,male,8,diet:high-fat,-10.01,9.0,0.33761340000000006,liraglutide,128,NCT02527200,"CHILD,ADULT",PHASE3,14,3.0,1 + every 1 day,364,364,1092.0,no,subcutaneous,1.3999999999999995,11.41
202,PMC6701930,0.03751260000000001,1 + every 1 day,9,subcutaneous,140,154,,,C57BL/6N,mice,male,8,diet:high-fat,-10.01,9.0,0.33761340000000006,liraglutide,129,NCT02527200,"CHILD,ADULT",PHASE3,31,3.0,1 + every 1 day,364,364,1092.0,no,subcutaneous,-0.6999999999999997,9.31
202,PMC6701930,0.03751260000000001,1 + every 1 day,9,subcutaneous,140,154,,,C57BL/6N,mice,male,8,diet:high-fat,-10.01,9.0,0.33761340000000006,liraglutide,130,NCT00781937,"ADULT,OLDER_ADULT",PHASE3,194,3.0,1 + every 1 day,392,392,1176.0,no,subcutaneous,-6.0600000000000005,3.9499999999999993
202,PMC6701930,0.03751260000000001,1 + every 1 day,9,subcutaneous,140,154,,,C57BL/6N,mice,male,8,diet:high-fat,-10.01,9.0,0.33761340000000006,liraglutide,136,NCT04074161,"ADULT,OLDER_ADULT",PHASE3,117,3.0,1 + every 1 day,476,476,1428.0,no,subcutaneous,-4.800000000000001,5.209999999999999
202,PMC6701930,0.03751260000000001,1 + every 1 day,9,subcutaneous,140,154,,,C57BL/6N,mice,male,8,diet:high-fat,-10.01,9.0,0.33761340000000006,liraglutide,150,NCT02647944,"ADULT,OLDER_ADULT",PHASE2,19,3.0,1 + every 1 day,112,112,336.0,no,subcutaneous,-2.58819247874349,7.421807521256509
202,PMC6701930,0.03751260000000001,1 + every 1 day,9,subcutaneous,140,154,,,C57BL/6N,mice,male,8,diet:high-fat,-10.01,9.0,0.33761340000000006,liraglutide,155,NCT03486392,"ADULT,OLDER_ADULT",PHASE2,108,3.0,1 + every 1 day,182,182,546.0,no,subcutaneous,-5.78,4.2299999999999995
203,PMC6732560,0.1,2 + every 1 day,56,subcutaneous,28,119,,33.25,C57BL/6J,mice,male,6,diet:high-fat,-14.676691729323304,112.0,11.200000000000001,liraglutide,35,NCT02453711,"ADULT,OLDER_ADULT",PHASE2,96,3.0,1 + every 1 day,364,364,1092.0,no,subcutaneous,-5.47,9.206691729323303
203,PMC6732560,0.1,2 + every 1 day,56,subcutaneous,28,119,,33.25,C57BL/6J,mice,male,6,diet:high-fat,-14.676691729323304,112.0,11.200000000000001,liraglutide,51,NCT00422058,"ADULT,OLDER_ADULT",PHASE2,94,1.2,1 + every 1 day,140,140,168.0,no,subcutaneous,-2.2072087435352685,12.469482985788035
203,PMC6732560,0.1,2 + every 1 day,56,subcutaneous,28,119,,33.25,C57BL/6J,mice,male,6,diet:high-fat,-14.676691729323304,112.0,11.200000000000001,liraglutide,52,NCT00422058,"ADULT,OLDER_ADULT",PHASE2,90,1.8,1 + every 1 day,140,140,252.0,no,subcutaneous,-2.9371604752653058,11.739531254057997
203,PMC6732560,0.1,2 + every 1 day,56,subcutaneous,28,119,,33.25,C57BL/6J,mice,male,6,diet:high-fat,-14.676691729323304,112.0,11.200000000000001,liraglutide,53,NCT00422058,"ADULT,OLDER_ADULT",PHASE2,92,2.4,1 + every 1 day,140,140,336.0,no,subcutaneous,-3.6240693851707304,11.052622344152574
203,PMC6732560,0.1,2 + every 1 day,56,subcutaneous,28,119,,33.25,C57BL/6J,mice,male,6,diet:high-fat,-14.676691729323304,112.0,11.200000000000001,liraglutide,54,NCT00422058,"ADULT,OLDER_ADULT",PHASE2,92,3.0,1 + every 1 day,140,140,420.0,no,subcutaneous,-4.711624106871794,9.96506762245151
203,PMC6732560,0.1,2 + every 1 day,56,subcutaneous,28,119,,33.25,C57BL/6J,mice,male,6,diet:high-fat,-14.676691729323304,112.0,11.200000000000001,liraglutide,61,NCT03158805,"ADULT,OLDER_ADULT",PHASE2,29,3.0,1 + every 1 day,280,280,840.0,no,subcutaneous,-3.5,11.176691729323304
203,PMC6732560,0.1,2 + every 1 day,56,subcutaneous,28,119,,33.25,C57BL/6J,mice,male,6,diet:high-fat,-14.676691729323304,112.0,11.200000000000001,liraglutide,102,NCT01272232,"ADULT,OLDER_ADULT",PHASE3,412,3.0,1 + every 1 day,392,392,1176.0,no,subcutaneous,-3.9000000000000004,10.776691729323304
203,PMC6732560,0.1,2 + every 1 day,56,subcutaneous,28,119,,33.25,C57BL/6J,mice,male,6,diet:high-fat,-14.676691729323304,112.0,11.200000000000001,liraglutide,103,NCT01272232,"ADULT,OLDER_ADULT",PHASE3,204,1.8,1 + every 1 day,392,392,705.6,no,subcutaneous,-2.5999999999999996,12.076691729323304
203,PMC6732560,0.1,2 + every 1 day,56,subcutaneous,28,119,,33.25,C57BL/6J,mice,male,6,diet:high-fat,-14.676691729323304,112.0,11.200000000000001,liraglutide,106,NCT01272219,"ADULT,OLDER_ADULT",PHASE3,2432,3.0,1 + every 1 day,392,392,1176.0,no,subcutaneous,-5.36,9.316691729323303
203,PMC6732560,0.1,2 + every 1 day,56,subcutaneous,28,119,,33.25,C57BL/6J,mice,male,6,diet:high-fat,-14.676691729323304,112.0,11.200000000000001,liraglutide,107,NCT01272219,"ADULT,OLDER_ADULT",PHASE3,1467,3.0,1 + every 1 day,1120,1120,3360.0,no,subcutaneous,-4.25,10.426691729323304
203,PMC6732560,0.1,2 + every 1 day,56,subcutaneous,28,119,,33.25,C57BL/6J,mice,male,6,diet:high-fat,-14.676691729323304,112.0,11.200000000000001,liraglutide,108,NCT01272219,"ADULT,OLDER_ADULT",PHASE3,349,3.0,1 + every 1 day,476,476,1428.0,no,subcutaneous,-5.33,9.346691729323304
203,PMC6732560,0.1,2 + every 1 day,56,subcutaneous,28,119,,33.25,C57BL/6J,mice,male,6,diet:high-fat,-14.676691729323304,112.0,11.200000000000001,liraglutide,112,NCT01557166,ADULT,PHASE3,175,3.0,1 + every 1 day,224,224,672.0,no,subcutaneous,-4.201423866334764,10.47526786298854
203,PMC6732560,0.1,2 + every 1 day,56,subcutaneous,28,119,,33.25,C57BL/6J,mice,male,6,diet:high-fat,-14.676691729323304,112.0,11.200000000000001,liraglutide,120,NCT02918279,CHILD,PHASE3,125,3.0,1 + every 1 day,392,392,1176.0,no,subcutaneous,-3.6,11.076691729323304
203,PMC6732560,0.1,2 + every 1 day,56,subcutaneous,28,119,,33.25,C57BL/6J,mice,male,6,diet:high-fat,-14.676691729323304,112.0,11.200000000000001,liraglutide,127,NCT02527200,"CHILD,ADULT",PHASE3,17,3.0,1 + every 1 day,364,364,1092.0,no,subcutaneous,-2.6999999999999997,11.976691729323305
203,PMC6732560,0.1,2 + every 1 day,56,subcutaneous,28,119,,33.25,C57BL/6J,mice,male,6,diet:high-fat,-14.676691729323304,112.0,11.200000000000001,liraglutide,128,NCT02527200,"CHILD,ADULT",PHASE3,14,3.0,1 + every 1 day,364,364,1092.0,no,subcutaneous,1.3999999999999995,16.076691729323304
203,PMC6732560,0.1,2 + every 1 day,56,subcutaneous,28,119,,33.25,C57BL/6J,mice,male,6,diet:high-fat,-14.676691729323304,112.0,11.200000000000001,liraglutide,129,NCT02527200,"CHILD,ADULT",PHASE3,31,3.0,1 + every 1 day,364,364,1092.0,no,subcutaneous,-0.6999999999999997,13.976691729323305
203,PMC6732560,0.1,2 + every 1 day,56,subcutaneous,28,119,,33.25,C57BL/6J,mice,male,6,diet:high-fat,-14.676691729323304,112.0,11.200000000000001,liraglutide,130,NCT00781937,"ADULT,OLDER_ADULT",PHASE3,194,3.0,1 + every 1 day,392,392,1176.0,no,subcutaneous,-6.0600000000000005,8.616691729323303
203,PMC6732560,0.1,2 + every 1 day,56,subcutaneous,28,119,,33.25,C57BL/6J,mice,male,6,diet:high-fat,-14.676691729323304,112.0,11.200000000000001,liraglutide,136,NCT04074161,"ADULT,OLDER_ADULT",PHASE3,117,3.0,1 + every 1 day,476,476,1428.0,no,subcutaneous,-4.800000000000001,9.876691729323303
203,PMC6732560,0.1,2 + every 1 day,56,subcutaneous,28,119,,33.25,C57BL/6J,mice,male,6,diet:high-fat,-14.676691729323304,112.0,11.200000000000001,liraglutide,150,NCT02647944,"ADULT,OLDER_ADULT",PHASE2,19,3.0,1 + every 1 day,112,112,336.0,no,subcutaneous,-2.58819247874349,12.088499250579813
203,PMC6732560,0.1,2 + every 1 day,56,subcutaneous,28,119,,33.25,C57BL/6J,mice,male,6,diet:high-fat,-14.676691729323304,112.0,11.200000000000001,liraglutide,155,NCT03486392,"ADULT,OLDER_ADULT",PHASE2,108,3.0,1 + every 1 day,182,182,546.0,no,subcutaneous,-5.78,8.896691729323305
206,PMC6813364,50,3 + every 1 week,84,oral,42,70,,34.0,C57BL/6,mice,Unknown,7,diet:high-fat,0.0,36.0,1800.0,orlistat,111,NCT00752726,ADULT,PHASE4,54,60.0,3 + every 1 day,168,504,30240.0,no,oral,-2.3112294985822937,-2.3112294985822937
207,PMC6821799,0.2,2 + every 1 day,28,subcutaneous,28,273,,53.0,C57BL/6,mice,male,15,diet:high-fat,-20.754716981132077,56.0,11.200000000000001,liraglutide,35,NCT02453711,"ADULT,OLDER_ADULT",PHASE2,96,3.0,1 + every 1 day,364,364,1092.0,no,subcutaneous,-5.47,15.284716981132078
207,PMC6821799,0.2,2 + every 1 day,28,subcutaneous,28,273,,53.0,C57BL/6,mice,male,15,diet:high-fat,-20.754716981132077,56.0,11.200000000000001,liraglutide,51,NCT00422058,"ADULT,OLDER_ADULT",PHASE2,94,1.2,1 + every 1 day,140,140,168.0,no,subcutaneous,-2.2072087435352685,18.54750823759681
207,PMC6821799,0.2,2 + every 1 day,28,subcutaneous,28,273,,53.0,C57BL/6,mice,male,15,diet:high-fat,-20.754716981132077,56.0,11.200000000000001,liraglutide,52,NCT00422058,"ADULT,OLDER_ADULT",PHASE2,90,1.8,1 + every 1 day,140,140,252.0,no,subcutaneous,-2.9371604752653058,17.817556505866772
207,PMC6821799,0.2,2 + every 1 day,28,subcutaneous,28,273,,53.0,C57BL/6,mice,male,15,diet:high-fat,-20.754716981132077,56.0,11.200000000000001,liraglutide,53,NCT00422058,"ADULT,OLDER_ADULT",PHASE2,92,2.4,1 + every 1 day,140,140,336.0,no,subcutaneous,-3.6240693851707304,17.130647595961346
207,PMC6821799,0.2,2 + every 1 day,28,subcutaneous,28,273,,53.0,C57BL/6,mice,male,15,diet:high-fat,-20.754716981132077,56.0,11.200000000000001,liraglutide,54,NCT00422058,"ADULT,OLDER_ADULT",PHASE2,92,3.0,1 + every 1 day,140,140,420.0,no,subcutaneous,-4.711624106871794,16.04309287426028
207,PMC6821799,0.2,2 + every 1 day,28,subcutaneous,28,273,,53.0,C57BL/6,mice,male,15,diet:high-fat,-20.754716981132077,56.0,11.200000000000001,liraglutide,61,NCT03158805,"ADULT,OLDER_ADULT",PHASE2,29,3.0,1 + every 1 day,280,280,840.0,no,subcutaneous,-3.5,17.254716981132077
207,PMC6821799,0.2,2 + every 1 day,28,subcutaneous,28,273,,53.0,C57BL/6,mice,male,15,diet:high-fat,-20.754716981132077,56.0,11.200000000000001,liraglutide,102,NCT01272232,"ADULT,OLDER_ADULT",PHASE3,412,3.0,1 + every 1 day,392,392,1176.0,no,subcutaneous,-3.9000000000000004,16.85471698113208
207,PMC6821799,0.2,2 + every 1 day,28,subcutaneous,28,273,,53.0,C57BL/6,mice,male,15,diet:high-fat,-20.754716981132077,56.0,11.200000000000001,liraglutide,103,NCT01272232,"ADULT,OLDER_ADULT",PHASE3,204,1.8,1 + every 1 day,392,392,705.6,no,subcutaneous,-2.5999999999999996,18.154716981132076
207,PMC6821799,0.2,2 + every 1 day,28,subcutaneous,28,273,,53.0,C57BL/6,mice,male,15,diet:high-fat,-20.754716981132077,56.0,11.200000000000001,liraglutide,106,NCT01272219,"ADULT,OLDER_ADULT",PHASE3,2432,3.0,1 + every 1 day,392,392,1176.0,no,subcutaneous,-5.36,15.394716981132078
207,PMC6821799,0.2,2 + every 1 day,28,subcutaneous,28,273,,53.0,C57BL/6,mice,male,15,diet:high-fat,-20.754716981132077,56.0,11.200000000000001,liraglutide,107,NCT01272219,"ADULT,OLDER_ADULT",PHASE3,1467,3.0,1 + every 1 day,1120,1120,3360.0,no,subcutaneous,-4.25,16.504716981132077
207,PMC6821799,0.2,2 + every 1 day,28,subcutaneous,28,273,,53.0,C57BL/6,mice,male,15,diet:high-fat,-20.754716981132077,56.0,11.200000000000001,liraglutide,108,NCT01272219,"ADULT,OLDER_ADULT",PHASE3,349,3.0,1 + every 1 day,476,476,1428.0,no,subcutaneous,-5.33,15.424716981132077
207,PMC6821799,0.2,2 + every 1 day,28,subcutaneous,28,273,,53.0,C57BL/6,mice,male,15,diet:high-fat,-20.754716981132077,56.0,11.200000000000001,liraglutide,112,NCT01557166,ADULT,PHASE3,175,3.0,1 + every 1 day,224,224,672.0,no,subcutaneous,-4.201423866334764,16.553293114797313
207,PMC6821799,0.2,2 + every 1 day,28,subcutaneous,28,273,,53.0,C57BL/6,mice,male,15,diet:high-fat,-20.754716981132077,56.0,11.200000000000001,liraglutide,120,NCT02918279,CHILD,PHASE3,125,3.0,1 + every 1 day,392,392,1176.0,no,subcutaneous,-3.6,17.154716981132076
207,PMC6821799,0.2,2 + every 1 day,28,subcutaneous,28,273,,53.0,C57BL/6,mice,male,15,diet:high-fat,-20.754716981132077,56.0,11.200000000000001,liraglutide,127,NCT02527200,"CHILD,ADULT",PHASE3,17,3.0,1 + every 1 day,364,364,1092.0,no,subcutaneous,-2.6999999999999997,18.054716981132078
207,PMC6821799,0.2,2 + every 1 day,28,subcutaneous,28,273,,53.0,C57BL/6,mice,male,15,diet:high-fat,-20.754716981132077,56.0,11.200000000000001,liraglutide,128,NCT02527200,"CHILD,ADULT",PHASE3,14,3.0,1 + every 1 day,364,364,1092.0,no,subcutaneous,1.3999999999999995,22.154716981132076
207,PMC6821799,0.2,2 + every 1 day,28,subcutaneous,28,273,,53.0,C57BL/6,mice,male,15,diet:high-fat,-20.754716981132077,56.0,11.200000000000001,liraglutide,129,NCT02527200,"CHILD,ADULT",PHASE3,31,3.0,1 + every 1 day,364,364,1092.0,no,subcutaneous,-0.6999999999999997,20.054716981132078
207,PMC6821799,0.2,2 + every 1 day,28,subcutaneous,28,273,,53.0,C57BL/6,mice,male,15,diet:high-fat,-20.754716981132077,56.0,11.200000000000001,liraglutide,130,NCT00781937,"ADULT,OLDER_ADULT",PHASE3,194,3.0,1 + every 1 day,392,392,1176.0,no,subcutaneous,-6.0600000000000005,14.694716981132077
207,PMC6821799,0.2,2 + every 1 day,28,subcutaneous,28,273,,53.0,C57BL/6,mice,male,15,diet:high-fat,-20.754716981132077,56.0,11.200000000000001,liraglutide,136,NCT04074161,"ADULT,OLDER_ADULT",PHASE3,117,3.0,1 + every 1 day,476,476,1428.0,no,subcutaneous,-4.800000000000001,15.954716981132076
207,PMC6821799,0.2,2 + every 1 day,28,subcutaneous,28,273,,53.0,C57BL/6,mice,male,15,diet:high-fat,-20.754716981132077,56.0,11.200000000000001,liraglutide,150,NCT02647944,"ADULT,OLDER_ADULT",PHASE2,19,3.0,1 + every 1 day,112,112,336.0,no,subcutaneous,-2.58819247874349,18.166524502388587
207,PMC6821799,0.2,2 + every 1 day,28,subcutaneous,28,273,,53.0,C57BL/6,mice,male,15,diet:high-fat,-20.754716981132077,56.0,11.200000000000001,liraglutide,155,NCT03486392,"ADULT,OLDER_ADULT",PHASE2,108,3.0,1 + every 1 day,182,182,546.0,no,subcutaneous,-5.78,14.974716981132076
209,PMC6880501,200,1 + every 1 day,56,intragastric,49,203,,41.0,C57BL/6J,mice,female,6,diet:high-fat,-10.999999999999995,56.0,11200.0,metformin,151,NCT00005669,CHILD,PHASE2,53,2000.0,2 + every 1 day,180,360,720000.0,no,oral,-4.1308475663664925,6.869152433633502
210,PMC6957178,120,1 + every 1 day,30,oral,,,172.5,160.0,Wistar,rats,Unknown,6,diet:high-fat,-31.25,30.0,3600.0,orlistat,111,NCT00752726,ADULT,PHASE4,54,60.0,3 + every 1 day,168,504,30240.0,no,oral,-2.3112294985822937,28.938770501417707
213,PMC7211411,0.2,1 + every 1 day,21,subcutaneous,,,,514.9,Sprague–Dawley,rats,male,10,diet:high-fat,0.0,21.0,4.2,liraglutide,35,NCT02453711,"ADULT,OLDER_ADULT",PHASE2,96,3.0,1 + every 1 day,364,364,1092.0,no,subcutaneous,-5.47,-5.47
213,PMC7211411,0.2,1 + every 1 day,21,subcutaneous,,,,514.9,Sprague–Dawley,rats,male,10,diet:high-fat,0.0,21.0,4.2,liraglutide,51,NCT00422058,"ADULT,OLDER_ADULT",PHASE2,94,1.2,1 + every 1 day,140,140,168.0,no,subcutaneous,-2.2072087435352685,-2.2072087435352685
213,PMC7211411,0.2,1 + every 1 day,21,subcutaneous,,,,514.9,Sprague–Dawley,rats,male,10,diet:high-fat,0.0,21.0,4.2,liraglutide,52,NCT00422058,"ADULT,OLDER_ADULT",PHASE2,90,1.8,1 + every 1 day,140,140,252.0,no,subcutaneous,-2.9371604752653058,-2.9371604752653058
213,PMC7211411,0.2,1 + every 1 day,21,subcutaneous,,,,514.9,Sprague–Dawley,rats,male,10,diet:high-fat,0.0,21.0,4.2,liraglutide,53,NCT00422058,"ADULT,OLDER_ADULT",PHASE2,92,2.4,1 + every 1 day,140,140,336.0,no,subcutaneous,-3.6240693851707304,-3.6240693851707304
213,PMC7211411,0.2,1 + every 1 day,21,subcutaneous,,,,514.9,Sprague–Dawley,rats,male,10,diet:high-fat,0.0,21.0,4.2,liraglutide,54,NCT00422058,"ADULT,OLDER_ADULT",PHASE2,92,3.0,1 + every 1 day,140,140,420.0,no,subcutaneous,-4.711624106871794,-4.711624106871794
213,PMC7211411,0.2,1 + every 1 day,21,subcutaneous,,,,514.9,Sprague–Dawley,rats,male,10,diet:high-fat,0.0,21.0,4.2,liraglutide,61,NCT03158805,"ADULT,OLDER_ADULT",PHASE2,29,3.0,1 + every 1 day,280,280,840.0,no,subcutaneous,-3.5,-3.5
213,PMC7211411,0.2,1 + every 1 day,21,subcutaneous,,,,514.9,Sprague–Dawley,rats,male,10,diet:high-fat,0.0,21.0,4.2,liraglutide,102,NCT01272232,"ADULT,OLDER_ADULT",PHASE3,412,3.0,1 + every 1 day,392,392,1176.0,no,subcutaneous,-3.9000000000000004,-3.9000000000000004
213,PMC7211411,0.2,1 + every 1 day,21,subcutaneous,,,,514.9,Sprague–Dawley,rats,male,10,diet:high-fat,0.0,21.0,4.2,liraglutide,103,NCT01272232,"ADULT,OLDER_ADULT",PHASE3,204,1.8,1 + every 1 day,392,392,705.6,no,subcutaneous,-2.5999999999999996,-2.5999999999999996
213,PMC7211411,0.2,1 + every 1 day,21,subcutaneous,,,,514.9,Sprague–Dawley,rats,male,10,diet:high-fat,0.0,21.0,4.2,liraglutide,106,NCT01272219,"ADULT,OLDER_ADULT",PHASE3,2432,3.0,1 + every 1 day,392,392,1176.0,no,subcutaneous,-5.36,-5.36
213,PMC7211411,0.2,1 + every 1 day,21,subcutaneous,,,,514.9,Sprague–Dawley,rats,male,10,diet:high-fat,0.0,21.0,4.2,liraglutide,107,NCT01272219,"ADULT,OLDER_ADULT",PHASE3,1467,3.0,1 + every 1 day,1120,1120,3360.0,no,subcutaneous,-4.25,-4.25
213,PMC7211411,0.2,1 + every 1 day,21,subcutaneous,,,,514.9,Sprague–Dawley,rats,male,10,diet:high-fat,0.0,21.0,4.2,liraglutide,108,NCT01272219,"ADULT,OLDER_ADULT",PHASE3,349,3.0,1 + every 1 day,476,476,1428.0,no,subcutaneous,-5.33,-5.33
213,PMC7211411,0.2,1 + every 1 day,21,subcutaneous,,,,514.9,Sprague–Dawley,rats,male,10,diet:high-fat,0.0,21.0,4.2,liraglutide,112,NCT01557166,ADULT,PHASE3,175,3.0,1 + every 1 day,224,224,672.0,no,subcutaneous,-4.201423866334764,-4.201423866334764
213,PMC7211411,0.2,1 + every 1 day,21,subcutaneous,,,,514.9,Sprague–Dawley,rats,male,10,diet:high-fat,0.0,21.0,4.2,liraglutide,120,NCT02918279,CHILD,PHASE3,125,3.0,1 + every 1 day,392,392,1176.0,no,subcutaneous,-3.6,-3.6
213,PMC7211411,0.2,1 + every 1 day,21,subcutaneous,,,,514.9,Sprague–Dawley,rats,male,10,diet:high-fat,0.0,21.0,4.2,liraglutide,127,NCT02527200,"CHILD,ADULT",PHASE3,17,3.0,1 + every 1 day,364,364,1092.0,no,subcutaneous,-2.6999999999999997,-2.6999999999999997
213,PMC7211411,0.2,1 + every 1 day,21,subcutaneous,,,,514.9,Sprague–Dawley,rats,male,10,diet:high-fat,0.0,21.0,4.2,liraglutide,128,NCT02527200,"CHILD,ADULT",PHASE3,14,3.0,1 + every 1 day,364,364,1092.0,no,subcutaneous,1.3999999999999995,1.3999999999999995
213,PMC7211411,0.2,1 + every 1 day,21,subcutaneous,,,,514.9,Sprague–Dawley,rats,male,10,diet:high-fat,0.0,21.0,4.2,liraglutide,129,NCT02527200,"CHILD,ADULT",PHASE3,31,3.0,1 + every 1 day,364,364,1092.0,no,subcutaneous,-0.6999999999999997,-0.6999999999999997
213,PMC7211411,0.2,1 + every 1 day,21,subcutaneous,,,,514.9,Sprague–Dawley,rats,male,10,diet:high-fat,0.0,21.0,4.2,liraglutide,130,NCT00781937,"ADULT,OLDER_ADULT",PHASE3,194,3.0,1 + every 1 day,392,392,1176.0,no,subcutaneous,-6.0600000000000005,-6.0600000000000005
213,PMC7211411,0.2,1 + every 1 day,21,subcutaneous,,,,514.9,Sprague–Dawley,rats,male,10,diet:high-fat,0.0,21.0,4.2,liraglutide,136,NCT04074161,"ADULT,OLDER_ADULT",PHASE3,117,3.0,1 + every 1 day,476,476,1428.0,no,subcutaneous,-4.800000000000001,-4.800000000000001
213,PMC7211411,0.2,1 + every 1 day,21,subcutaneous,,,,514.9,Sprague–Dawley,rats,male,10,diet:high-fat,0.0,21.0,4.2,liraglutide,150,NCT02647944,"ADULT,OLDER_ADULT",PHASE2,19,3.0,1 + every 1 day,112,112,336.0,no,subcutaneous,-2.58819247874349,-2.58819247874349
213,PMC7211411,0.2,1 + every 1 day,21,subcutaneous,,,,514.9,Sprague–Dawley,rats,male,10,diet:high-fat,0.0,21.0,4.2,liraglutide,155,NCT03486392,"ADULT,OLDER_ADULT",PHASE2,108,3.0,1 + every 1 day,182,182,546.0,no,subcutaneous,-5.78,-5.78
214,PMC7211411,0.2,1 + every 1 day,21,subcutaneous,,,,514.9,Sprague–Dawley,rats,male,10,diet:high-fat,-7.7684987376189545,21.0,4.2,liraglutide,35,NCT02453711,"ADULT,OLDER_ADULT",PHASE2,96,3.0,1 + every 1 day,364,364,1092.0,no,subcutaneous,-5.47,2.2984987376189547
214,PMC7211411,0.2,1 + every 1 day,21,subcutaneous,,,,514.9,Sprague–Dawley,rats,male,10,diet:high-fat,-7.7684987376189545,21.0,4.2,liraglutide,51,NCT00422058,"ADULT,OLDER_ADULT",PHASE2,94,1.2,1 + every 1 day,140,140,168.0,no,subcutaneous,-2.2072087435352685,5.561289994083686
214,PMC7211411,0.2,1 + every 1 day,21,subcutaneous,,,,514.9,Sprague–Dawley,rats,male,10,diet:high-fat,-7.7684987376189545,21.0,4.2,liraglutide,52,NCT00422058,"ADULT,OLDER_ADULT",PHASE2,90,1.8,1 + every 1 day,140,140,252.0,no,subcutaneous,-2.9371604752653058,4.831338262353649
214,PMC7211411,0.2,1 + every 1 day,21,subcutaneous,,,,514.9,Sprague–Dawley,rats,male,10,diet:high-fat,-7.7684987376189545,21.0,4.2,liraglutide,53,NCT00422058,"ADULT,OLDER_ADULT",PHASE2,92,2.4,1 + every 1 day,140,140,336.0,no,subcutaneous,-3.6240693851707304,4.144429352448224
214,PMC7211411,0.2,1 + every 1 day,21,subcutaneous,,,,514.9,Sprague–Dawley,rats,male,10,diet:high-fat,-7.7684987376189545,21.0,4.2,liraglutide,54,NCT00422058,"ADULT,OLDER_ADULT",PHASE2,92,3.0,1 + every 1 day,140,140,420.0,no,subcutaneous,-4.711624106871794,3.056874630747161
214,PMC7211411,0.2,1 + every 1 day,21,subcutaneous,,,,514.9,Sprague–Dawley,rats,male,10,diet:high-fat,-7.7684987376189545,21.0,4.2,liraglutide,61,NCT03158805,"ADULT,OLDER_ADULT",PHASE2,29,3.0,1 + every 1 day,280,280,840.0,no,subcutaneous,-3.5,4.2684987376189545
214,PMC7211411,0.2,1 + every 1 day,21,subcutaneous,,,,514.9,Sprague–Dawley,rats,male,10,diet:high-fat,-7.7684987376189545,21.0,4.2,liraglutide,102,NCT01272232,"ADULT,OLDER_ADULT",PHASE3,412,3.0,1 + every 1 day,392,392,1176.0,no,subcutaneous,-3.9000000000000004,3.868498737618954
214,PMC7211411,0.2,1 + every 1 day,21,subcutaneous,,,,514.9,Sprague–Dawley,rats,male,10,diet:high-fat,-7.7684987376189545,21.0,4.2,liraglutide,103,NCT01272232,"ADULT,OLDER_ADULT",PHASE3,204,1.8,1 + every 1 day,392,392,705.6,no,subcutaneous,-2.5999999999999996,5.168498737618955
214,PMC7211411,0.2,1 + every 1 day,21,subcutaneous,,,,514.9,Sprague–Dawley,rats,male,10,diet:high-fat,-7.7684987376189545,21.0,4.2,liraglutide,106,NCT01272219,"ADULT,OLDER_ADULT",PHASE3,2432,3.0,1 + every 1 day,392,392,1176.0,no,subcutaneous,-5.36,2.408498737618954
214,PMC7211411,0.2,1 + every 1 day,21,subcutaneous,,,,514.9,Sprague–Dawley,rats,male,10,diet:high-fat,-7.7684987376189545,21.0,4.2,liraglutide,107,NCT01272219,"ADULT,OLDER_ADULT",PHASE3,1467,3.0,1 + every 1 day,1120,1120,3360.0,no,subcutaneous,-4.25,3.5184987376189545
214,PMC7211411,0.2,1 + every 1 day,21,subcutaneous,,,,514.9,Sprague–Dawley,rats,male,10,diet:high-fat,-7.7684987376189545,21.0,4.2,liraglutide,108,NCT01272219,"ADULT,OLDER_ADULT",PHASE3,349,3.0,1 + every 1 day,476,476,1428.0,no,subcutaneous,-5.33,2.4384987376189544
214,PMC7211411,0.2,1 + every 1 day,21,subcutaneous,,,,514.9,Sprague–Dawley,rats,male,10,diet:high-fat,-7.7684987376189545,21.0,4.2,liraglutide,112,NCT01557166,ADULT,PHASE3,175,3.0,1 + every 1 day,224,224,672.0,no,subcutaneous,-4.201423866334764,3.5670748712841904
214,PMC7211411,0.2,1 + every 1 day,21,subcutaneous,,,,514.9,Sprague–Dawley,rats,male,10,diet:high-fat,-7.7684987376189545,21.0,4.2,liraglutide,120,NCT02918279,CHILD,PHASE3,125,3.0,1 + every 1 day,392,392,1176.0,no,subcutaneous,-3.6,4.168498737618954
214,PMC7211411,0.2,1 + every 1 day,21,subcutaneous,,,,514.9,Sprague–Dawley,rats,male,10,diet:high-fat,-7.7684987376189545,21.0,4.2,liraglutide,127,NCT02527200,"CHILD,ADULT",PHASE3,17,3.0,1 + every 1 day,364,364,1092.0,no,subcutaneous,-2.6999999999999997,5.068498737618954
214,PMC7211411,0.2,1 + every 1 day,21,subcutaneous,,,,514.9,Sprague–Dawley,rats,male,10,diet:high-fat,-7.7684987376189545,21.0,4.2,liraglutide,128,NCT02527200,"CHILD,ADULT",PHASE3,14,3.0,1 + every 1 day,364,364,1092.0,no,subcutaneous,1.3999999999999995,9.168498737618954
214,PMC7211411,0.2,1 + every 1 day,21,subcutaneous,,,,514.9,Sprague–Dawley,rats,male,10,diet:high-fat,-7.7684987376189545,21.0,4.2,liraglutide,129,NCT02527200,"CHILD,ADULT",PHASE3,31,3.0,1 + every 1 day,364,364,1092.0,no,subcutaneous,-0.6999999999999997,7.068498737618954
214,PMC7211411,0.2,1 + every 1 day,21,subcutaneous,,,,514.9,Sprague–Dawley,rats,male,10,diet:high-fat,-7.7684987376189545,21.0,4.2,liraglutide,130,NCT00781937,"ADULT,OLDER_ADULT",PHASE3,194,3.0,1 + every 1 day,392,392,1176.0,no,subcutaneous,-6.0600000000000005,1.708498737618954
214,PMC7211411,0.2,1 + every 1 day,21,subcutaneous,,,,514.9,Sprague–Dawley,rats,male,10,diet:high-fat,-7.7684987376189545,21.0,4.2,liraglutide,136,NCT04074161,"ADULT,OLDER_ADULT",PHASE3,117,3.0,1 + every 1 day,476,476,1428.0,no,subcutaneous,-4.800000000000001,2.9684987376189538
214,PMC7211411,0.2,1 + every 1 day,21,subcutaneous,,,,514.9,Sprague–Dawley,rats,male,10,diet:high-fat,-7.7684987376189545,21.0,4.2,liraglutide,150,NCT02647944,"ADULT,OLDER_ADULT",PHASE2,19,3.0,1 + every 1 day,112,112,336.0,no,subcutaneous,-2.58819247874349,5.180306258875465
214,PMC7211411,0.2,1 + every 1 day,21,subcutaneous,,,,514.9,Sprague–Dawley,rats,male,10,diet:high-fat,-7.7684987376189545,21.0,4.2,liraglutide,155,NCT03486392,"ADULT,OLDER_ADULT",PHASE2,108,3.0,1 + every 1 day,182,182,546.0,no,subcutaneous,-5.78,1.9884987376189542
222,PMC7281980,200,3 + every 1 week,56,oral,42,70,,30.0,C57BL/6J,mice,male,10,diet:high-fat,-27.333333333333343,24.0,4800.0,metformin,151,NCT00005669,CHILD,PHASE2,53,2000.0,2 + every 1 day,180,360,720000.0,no,oral,-4.1308475663664925,23.202485766966852
223,PMC7321126,0.04,1 + every 1 day,12,subcutaneous,42,126,,50.0,C57BL/6,mice,male,6,diet:high-fat,-11.0,12.0,0.48,semaglutide,16,NCT03611582,"ADULT,OLDER_ADULT",PHASE3,407,2.4,1 + every 7 days,476,68,163.2,no,subcutaneous,-11.500000000000002,-0.5000000000000018
223,PMC7321126,0.04,1 + every 1 day,12,subcutaneous,42,126,,50.0,C57BL/6,mice,male,6,diet:high-fat,-11.0,12.0,0.48,semaglutide,28,NCT02453711,"ADULT,OLDER_ADULT",PHASE2,92,0.05,1 + every 1 day,364,364,18.2,no,subcutaneous,-3.7,7.3
223,PMC7321126,0.04,1 + every 1 day,12,subcutaneous,42,126,,50.0,C57BL/6,mice,male,6,diet:high-fat,-11.0,12.0,0.48,semaglutide,29,NCT02453711,"ADULT,OLDER_ADULT",PHASE2,96,0.1,1 + every 1 day,364,364,36.4,no,subcutaneous,-6.329999999999999,4.670000000000001
223,PMC7321126,0.04,1 + every 1 day,12,subcutaneous,42,126,,50.0,C57BL/6,mice,male,6,diet:high-fat,-11.0,12.0,0.48,semaglutide,30,NCT02453711,"ADULT,OLDER_ADULT",PHASE2,94,0.2,1 + every 1 day,364,364,72.8,no,subcutaneous,-9.309999999999999,1.6900000000000013
223,PMC7321126,0.04,1 + every 1 day,12,subcutaneous,42,126,,50.0,C57BL/6,mice,male,6,diet:high-fat,-11.0,12.0,0.48,semaglutide,31,NCT02453711,"ADULT,OLDER_ADULT",PHASE2,95,0.3,1 + every 1 day,364,364,109.2,no,subcutaneous,-8.879999999999999,2.120000000000001
223,PMC7321126,0.04,1 + every 1 day,12,subcutaneous,42,126,,50.0,C57BL/6,mice,male,6,diet:high-fat,-11.0,12.0,0.48,semaglutide,32,NCT02453711,"ADULT,OLDER_ADULT",PHASE2,100,0.4,1 + every 1 day,364,364,145.6,no,subcutaneous,-11.55,-0.5500000000000007
223,PMC7321126,0.04,1 + every 1 day,12,subcutaneous,42,126,,50.0,C57BL/6,mice,male,6,diet:high-fat,-11.0,12.0,0.48,semaglutide,33,NCT02453711,"ADULT,OLDER_ADULT",PHASE2,95,0.3,1 + every 1 day,364,364,109.2,no,subcutaneous,-9.09,1.9100000000000001
223,PMC7321126,0.04,1 + every 1 day,12,subcutaneous,42,126,,50.0,C57BL/6,mice,male,6,diet:high-fat,-11.0,12.0,0.48,semaglutide,34,NCT02453711,"ADULT,OLDER_ADULT",PHASE2,100,0.4,1 + every 1 day,364,364,145.6,no,subcutaneous,-14.0,-3.0
223,PMC7321126,0.04,1 + every 1 day,12,subcutaneous,42,126,,50.0,C57BL/6,mice,male,6,diet:high-fat,-11.0,12.0,0.48,semaglutide,44,NCT04788511,"ADULT,OLDER_ADULT",PHASE3,246,2.4,1 + every 7 days,364,52,124.8,no,subcutaneous,-11.4,-0.40000000000000036
223,PMC7321126,0.04,1 + every 1 day,12,subcutaneous,42,126,,50.0,C57BL/6,mice,male,6,diet:high-fat,-11.0,12.0,0.48,semaglutide,62,NCT03574597,"ADULT,OLDER_ADULT",PHASE3,7474,2.4,1 + every 7 days,728,104,249.6,no,subcutaneous,-8.520000000000001,2.4799999999999986
223,PMC7321126,0.04,1 + every 1 day,12,subcutaneous,42,126,,50.0,C57BL/6,mice,male,6,diet:high-fat,-11.0,12.0,0.48,semaglutide,63,NCT03811574,"ADULT,OLDER_ADULT",PHASE3,98,1.7,1 + every 7 days,476,68,115.6,no,subcutaneous,-8.0,3.0
223,PMC7321126,0.04,1 + every 1 day,12,subcutaneous,42,126,,50.0,C57BL/6,mice,male,6,diet:high-fat,-11.0,12.0,0.48,semaglutide,64,NCT03811574,"ADULT,OLDER_ADULT",PHASE3,193,2.4,1 + every 7 days,476,68,163.2,no,subcutaneous,-11.5,-0.5
223,PMC7321126,0.04,1 + every 1 day,12,subcutaneous,42,126,,50.0,C57BL/6,mice,male,6,diet:high-fat,-11.0,12.0,0.48,semaglutide,99,NCT03548987,"ADULT,OLDER_ADULT",PHASE3,535,2.4,1 + every 7 days,336,48,115.19999999999999,no,subcutaneous,-14.9,-3.9000000000000004
223,PMC7321126,0.04,1 + every 1 day,12,subcutaneous,42,126,,50.0,C57BL/6,mice,male,6,diet:high-fat,-11.0,12.0,0.48,semaglutide,101,NCT03548987,"ADULT,OLDER_ADULT",PHASE3,520,2.4,1 + every 7 days,336,48,115.19999999999999,no,subcutaneous,-12.299999999999999,-1.299999999999999
223,PMC7321126,0.04,1 + every 1 day,12,subcutaneous,42,126,,50.0,C57BL/6,mice,male,6,diet:high-fat,-11.0,12.0,0.48,semaglutide,104,NCT04251156,"ADULT,OLDER_ADULT",PHASE3,238,2.4,1 + every 7 days,308,44,105.6,no,subcutaneous,-8.9,2.0999999999999996
223,PMC7321126,0.04,1 + every 1 day,12,subcutaneous,42,126,,50.0,C57BL/6,mice,male,6,diet:high-fat,-11.0,12.0,0.48,semaglutide,114,NCT04102189,CHILD,PHASE3,131,2.4,1 + every 7 days,476,68,163.2,no,subcutaneous,-17.1,-6.100000000000001
223,PMC7321126,0.04,1 + every 1 day,12,subcutaneous,42,126,,50.0,C57BL/6,mice,male,6,diet:high-fat,-11.0,12.0,0.48,semaglutide,115,NCT03693430,"CHILD,ADULT,OLDER_ADULT",PHASE3,144,2.4,1 + every 7 days,728,104,249.6,no,subcutaneous,-11.600000000000001,-0.6000000000000014
223,PMC7321126,0.04,1 + every 1 day,12,subcutaneous,42,126,,50.0,C57BL/6,mice,male,6,diet:high-fat,-11.0,12.0,0.48,semaglutide,117,NCT03693430,"CHILD,ADULT,OLDER_ADULT",PHASE3,149,2.4,1 + every 7 days,364,52,124.8,no,subcutaneous,-12.5,-1.5
223,PMC7321126,0.04,1 + every 1 day,12,subcutaneous,42,126,,50.0,C57BL/6,mice,male,6,diet:high-fat,-11.0,12.0,0.48,semaglutide,135,NCT04074161,"ADULT,OLDER_ADULT",PHASE3,117,2.4,1 + every 7 days,476,68,163.2,no,subcutaneous,-14.799999999999999,-3.799999999999999
224,PMC7334780,280,1 + every 1 day,84,intragastric,28,28,,36.0,db/db,mice,male,10,genetic,-11.11111111111111,84.0,23520.0,metformin,151,NCT00005669,CHILD,PHASE2,53,2000.0,2 + every 1 day,180,360,720000.0,no,oral,-4.1308475663664925,6.980263544744618
227,PMC7473664,30,1 + every 1 day,56,oral gavage,42,42,,38.0,db/db,mice,male,10,genetic,18.421052631578945,56.0,1680.0,canagliflozin,45,NCT00650806,"ADULT,OLDER_ADULT",PHASE2,95,50.0,1 + every 1 day,84,84,4200.0,no,oral,-0.8999999999999999,-19.321052631578944
227,PMC7473664,30,1 + every 1 day,56,oral gavage,42,42,,38.0,db/db,mice,male,10,genetic,18.421052631578945,56.0,1680.0,canagliflozin,46,NCT00650806,"ADULT,OLDER_ADULT",PHASE2,85,100.0,1 + every 1 day,84,84,8400.0,no,oral,-1.6999999999999997,-20.121052631578944
227,PMC7473664,30,1 + every 1 day,56,oral gavage,42,42,,38.0,db/db,mice,male,10,genetic,18.421052631578945,56.0,1680.0,canagliflozin,47,NCT00650806,"ADULT,OLDER_ADULT",PHASE2,93,300.0,1 + every 1 day,84,84,25200.0,no,oral,-1.4,-19.821052631578944
227,PMC7473664,30,1 + every 1 day,56,oral gavage,42,42,,38.0,db/db,mice,male,10,genetic,18.421052631578945,56.0,1680.0,canagliflozin,68,NCT02243202,"ADULT,OLDER_ADULT",PHASE2,78,300.0,1 + every 1 day,182,182,54600.0,no,oral,-1.2999999999999998,-19.721052631578946
228,PMC7473664,30,1 + every 1 day,56,oral gavage,42,42,,40.0,db/db,mice,male,10,genetic,10.0,56.0,1680.0,canagliflozin,45,NCT00650806,"ADULT,OLDER_ADULT",PHASE2,95,50.0,1 + every 1 day,84,84,4200.0,no,oral,-0.8999999999999999,-10.9
228,PMC7473664,30,1 + every 1 day,56,oral gavage,42,42,,40.0,db/db,mice,male,10,genetic,10.0,56.0,1680.0,canagliflozin,46,NCT00650806,"ADULT,OLDER_ADULT",PHASE2,85,100.0,1 + every 1 day,84,84,8400.0,no,oral,-1.6999999999999997,-11.7
228,PMC7473664,30,1 + every 1 day,56,oral gavage,42,42,,40.0,db/db,mice,male,10,genetic,10.0,56.0,1680.0,canagliflozin,47,NCT00650806,"ADULT,OLDER_ADULT",PHASE2,93,300.0,1 + every 1 day,84,84,25200.0,no,oral,-1.4,-11.4
228,PMC7473664,30,1 + every 1 day,56,oral gavage,42,42,,40.0,db/db,mice,male,10,genetic,10.0,56.0,1680.0,canagliflozin,68,NCT02243202,"ADULT,OLDER_ADULT",PHASE2,78,300.0,1 + every 1 day,182,182,54600.0,no,oral,-1.2999999999999998,-11.3
235,PMC7791885,0.2,1 + every 1 day,63,subcutaneous,42,112,,425.0,Sprague–Dawley,rats,male,8,diet:high-fat,-11.76470588235294,63.0,12.600000000000001,liraglutide,35,NCT02453711,"ADULT,OLDER_ADULT",PHASE2,96,3.0,1 + every 1 day,364,364,1092.0,no,subcutaneous,-5.47,6.2947058823529405
235,PMC7791885,0.2,1 + every 1 day,63,subcutaneous,42,112,,425.0,Sprague–Dawley,rats,male,8,diet:high-fat,-11.76470588235294,63.0,12.600000000000001,liraglutide,51,NCT00422058,"ADULT,OLDER_ADULT",PHASE2,94,1.2,1 + every 1 day,140,140,168.0,no,subcutaneous,-2.2072087435352685,9.557497138817672
235,PMC7791885,0.2,1 + every 1 day,63,subcutaneous,42,112,,425.0,Sprague–Dawley,rats,male,8,diet:high-fat,-11.76470588235294,63.0,12.600000000000001,liraglutide,52,NCT00422058,"ADULT,OLDER_ADULT",PHASE2,90,1.8,1 + every 1 day,140,140,252.0,no,subcutaneous,-2.9371604752653058,8.827545407087634
235,PMC7791885,0.2,1 + every 1 day,63,subcutaneous,42,112,,425.0,Sprague–Dawley,rats,male,8,diet:high-fat,-11.76470588235294,63.0,12.600000000000001,liraglutide,53,NCT00422058,"ADULT,OLDER_ADULT",PHASE2,92,2.4,1 + every 1 day,140,140,336.0,no,subcutaneous,-3.6240693851707304,8.14063649718221
235,PMC7791885,0.2,1 + every 1 day,63,subcutaneous,42,112,,425.0,Sprague–Dawley,rats,male,8,diet:high-fat,-11.76470588235294,63.0,12.600000000000001,liraglutide,54,NCT00422058,"ADULT,OLDER_ADULT",PHASE2,92,3.0,1 + every 1 day,140,140,420.0,no,subcutaneous,-4.711624106871794,7.053081775481147
235,PMC7791885,0.2,1 + every 1 day,63,subcutaneous,42,112,,425.0,Sprague–Dawley,rats,male,8,diet:high-fat,-11.76470588235294,63.0,12.600000000000001,liraglutide,61,NCT03158805,"ADULT,OLDER_ADULT",PHASE2,29,3.0,1 + every 1 day,280,280,840.0,no,subcutaneous,-3.5,8.26470588235294
235,PMC7791885,0.2,1 + every 1 day,63,subcutaneous,42,112,,425.0,Sprague–Dawley,rats,male,8,diet:high-fat,-11.76470588235294,63.0,12.600000000000001,liraglutide,102,NCT01272232,"ADULT,OLDER_ADULT",PHASE3,412,3.0,1 + every 1 day,392,392,1176.0,no,subcutaneous,-3.9000000000000004,7.86470588235294
235,PMC7791885,0.2,1 + every 1 day,63,subcutaneous,42,112,,425.0,Sprague–Dawley,rats,male,8,diet:high-fat,-11.76470588235294,63.0,12.600000000000001,liraglutide,103,NCT01272232,"ADULT,OLDER_ADULT",PHASE3,204,1.8,1 + every 1 day,392,392,705.6,no,subcutaneous,-2.5999999999999996,9.16470588235294
235,PMC7791885,0.2,1 + every 1 day,63,subcutaneous,42,112,,425.0,Sprague–Dawley,rats,male,8,diet:high-fat,-11.76470588235294,63.0,12.600000000000001,liraglutide,106,NCT01272219,"ADULT,OLDER_ADULT",PHASE3,2432,3.0,1 + every 1 day,392,392,1176.0,no,subcutaneous,-5.36,6.40470588235294
235,PMC7791885,0.2,1 + every 1 day,63,subcutaneous,42,112,,425.0,Sprague–Dawley,rats,male,8,diet:high-fat,-11.76470588235294,63.0,12.600000000000001,liraglutide,107,NCT01272219,"ADULT,OLDER_ADULT",PHASE3,1467,3.0,1 + every 1 day,1120,1120,3360.0,no,subcutaneous,-4.25,7.51470588235294
235,PMC7791885,0.2,1 + every 1 day,63,subcutaneous,42,112,,425.0,Sprague–Dawley,rats,male,8,diet:high-fat,-11.76470588235294,63.0,12.600000000000001,liraglutide,108,NCT01272219,"ADULT,OLDER_ADULT",PHASE3,349,3.0,1 + every 1 day,476,476,1428.0,no,subcutaneous,-5.33,6.43470588235294
235,PMC7791885,0.2,1 + every 1 day,63,subcutaneous,42,112,,425.0,Sprague–Dawley,rats,male,8,diet:high-fat,-11.76470588235294,63.0,12.600000000000001,liraglutide,112,NCT01557166,ADULT,PHASE3,175,3.0,1 + every 1 day,224,224,672.0,no,subcutaneous,-4.201423866334764,7.563282016018176
235,PMC7791885,0.2,1 + every 1 day,63,subcutaneous,42,112,,425.0,Sprague–Dawley,rats,male,8,diet:high-fat,-11.76470588235294,63.0,12.600000000000001,liraglutide,120,NCT02918279,CHILD,PHASE3,125,3.0,1 + every 1 day,392,392,1176.0,no,subcutaneous,-3.6,8.16470588235294
235,PMC7791885,0.2,1 + every 1 day,63,subcutaneous,42,112,,425.0,Sprague–Dawley,rats,male,8,diet:high-fat,-11.76470588235294,63.0,12.600000000000001,liraglutide,127,NCT02527200,"CHILD,ADULT",PHASE3,17,3.0,1 + every 1 day,364,364,1092.0,no,subcutaneous,-2.6999999999999997,9.064705882352941
235,PMC7791885,0.2,1 + every 1 day,63,subcutaneous,42,112,,425.0,Sprague–Dawley,rats,male,8,diet:high-fat,-11.76470588235294,63.0,12.600000000000001,liraglutide,128,NCT02527200,"CHILD,ADULT",PHASE3,14,3.0,1 + every 1 day,364,364,1092.0,no,subcutaneous,1.3999999999999995,13.16470588235294
235,PMC7791885,0.2,1 + every 1 day,63,subcutaneous,42,112,,425.0,Sprague–Dawley,rats,male,8,diet:high-fat,-11.76470588235294,63.0,12.600000000000001,liraglutide,129,NCT02527200,"CHILD,ADULT",PHASE3,31,3.0,1 + every 1 day,364,364,1092.0,no,subcutaneous,-0.6999999999999997,11.064705882352941
235,PMC7791885,0.2,1 + every 1 day,63,subcutaneous,42,112,,425.0,Sprague–Dawley,rats,male,8,diet:high-fat,-11.76470588235294,63.0,12.600000000000001,liraglutide,130,NCT00781937,"ADULT,OLDER_ADULT",PHASE3,194,3.0,1 + every 1 day,392,392,1176.0,no,subcutaneous,-6.0600000000000005,5.70470588235294
235,PMC7791885,0.2,1 + every 1 day,63,subcutaneous,42,112,,425.0,Sprague–Dawley,rats,male,8,diet:high-fat,-11.76470588235294,63.0,12.600000000000001,liraglutide,136,NCT04074161,"ADULT,OLDER_ADULT",PHASE3,117,3.0,1 + every 1 day,476,476,1428.0,no,subcutaneous,-4.800000000000001,6.9647058823529395
235,PMC7791885,0.2,1 + every 1 day,63,subcutaneous,42,112,,425.0,Sprague–Dawley,rats,male,8,diet:high-fat,-11.76470588235294,63.0,12.600000000000001,liraglutide,150,NCT02647944,"ADULT,OLDER_ADULT",PHASE2,19,3.0,1 + every 1 day,112,112,336.0,no,subcutaneous,-2.58819247874349,9.17651340360945
235,PMC7791885,0.2,1 + every 1 day,63,subcutaneous,42,112,,425.0,Sprague–Dawley,rats,male,8,diet:high-fat,-11.76470588235294,63.0,12.600000000000001,liraglutide,155,NCT03486392,"ADULT,OLDER_ADULT",PHASE2,108,3.0,1 + every 1 day,182,182,546.0,no,subcutaneous,-5.78,5.98470588235294
236,PMC7791885,0.4,1 + every 1 day,63,subcutaneous,42,112,,425.0,Sprague–Dawley,rats,male,8,diet:high-fat,-11.76470588235294,63.0,25.200000000000003,liraglutide,35,NCT02453711,"ADULT,OLDER_ADULT",PHASE2,96,3.0,1 + every 1 day,364,364,1092.0,no,subcutaneous,-5.47,6.2947058823529405
236,PMC7791885,0.4,1 + every 1 day,63,subcutaneous,42,112,,425.0,Sprague–Dawley,rats,male,8,diet:high-fat,-11.76470588235294,63.0,25.200000000000003,liraglutide,51,NCT00422058,"ADULT,OLDER_ADULT",PHASE2,94,1.2,1 + every 1 day,140,140,168.0,no,subcutaneous,-2.2072087435352685,9.557497138817672
236,PMC7791885,0.4,1 + every 1 day,63,subcutaneous,42,112,,425.0,Sprague–Dawley,rats,male,8,diet:high-fat,-11.76470588235294,63.0,25.200000000000003,liraglutide,52,NCT00422058,"ADULT,OLDER_ADULT",PHASE2,90,1.8,1 + every 1 day,140,140,252.0,no,subcutaneous,-2.9371604752653058,8.827545407087634
236,PMC7791885,0.4,1 + every 1 day,63,subcutaneous,42,112,,425.0,Sprague–Dawley,rats,male,8,diet:high-fat,-11.76470588235294,63.0,25.200000000000003,liraglutide,53,NCT00422058,"ADULT,OLDER_ADULT",PHASE2,92,2.4,1 + every 1 day,140,140,336.0,no,subcutaneous,-3.6240693851707304,8.14063649718221
236,PMC7791885,0.4,1 + every 1 day,63,subcutaneous,42,112,,425.0,Sprague–Dawley,rats,male,8,diet:high-fat,-11.76470588235294,63.0,25.200000000000003,liraglutide,54,NCT00422058,"ADULT,OLDER_ADULT",PHASE2,92,3.0,1 + every 1 day,140,140,420.0,no,subcutaneous,-4.711624106871794,7.053081775481147
236,PMC7791885,0.4,1 + every 1 day,63,subcutaneous,42,112,,425.0,Sprague–Dawley,rats,male,8,diet:high-fat,-11.76470588235294,63.0,25.200000000000003,liraglutide,61,NCT03158805,"ADULT,OLDER_ADULT",PHASE2,29,3.0,1 + every 1 day,280,280,840.0,no,subcutaneous,-3.5,8.26470588235294
236,PMC7791885,0.4,1 + every 1 day,63,subcutaneous,42,112,,425.0,Sprague–Dawley,rats,male,8,diet:high-fat,-11.76470588235294,63.0,25.200000000000003,liraglutide,102,NCT01272232,"ADULT,OLDER_ADULT",PHASE3,412,3.0,1 + every 1 day,392,392,1176.0,no,subcutaneous,-3.9000000000000004,7.86470588235294
236,PMC7791885,0.4,1 + every 1 day,63,subcutaneous,42,112,,425.0,Sprague–Dawley,rats,male,8,diet:high-fat,-11.76470588235294,63.0,25.200000000000003,liraglutide,103,NCT01272232,"ADULT,OLDER_ADULT",PHASE3,204,1.8,1 + every 1 day,392,392,705.6,no,subcutaneous,-2.5999999999999996,9.16470588235294
236,PMC7791885,0.4,1 + every 1 day,63,subcutaneous,42,112,,425.0,Sprague–Dawley,rats,male,8,diet:high-fat,-11.76470588235294,63.0,25.200000000000003,liraglutide,106,NCT01272219,"ADULT,OLDER_ADULT",PHASE3,2432,3.0,1 + every 1 day,392,392,1176.0,no,subcutaneous,-5.36,6.40470588235294
236,PMC7791885,0.4,1 + every 1 day,63,subcutaneous,42,112,,425.0,Sprague–Dawley,rats,male,8,diet:high-fat,-11.76470588235294,63.0,25.200000000000003,liraglutide,107,NCT01272219,"ADULT,OLDER_ADULT",PHASE3,1467,3.0,1 + every 1 day,1120,1120,3360.0,no,subcutaneous,-4.25,7.51470588235294
236,PMC7791885,0.4,1 + every 1 day,63,subcutaneous,42,112,,425.0,Sprague–Dawley,rats,male,8,diet:high-fat,-11.76470588235294,63.0,25.200000000000003,liraglutide,108,NCT01272219,"ADULT,OLDER_ADULT",PHASE3,349,3.0,1 + every 1 day,476,476,1428.0,no,subcutaneous,-5.33,6.43470588235294
236,PMC7791885,0.4,1 + every 1 day,63,subcutaneous,42,112,,425.0,Sprague–Dawley,rats,male,8,diet:high-fat,-11.76470588235294,63.0,25.200000000000003,liraglutide,112,NCT01557166,ADULT,PHASE3,175,3.0,1 + every 1 day,224,224,672.0,no,subcutaneous,-4.201423866334764,7.563282016018176
236,PMC7791885,0.4,1 + every 1 day,63,subcutaneous,42,112,,425.0,Sprague–Dawley,rats,male,8,diet:high-fat,-11.76470588235294,63.0,25.200000000000003,liraglutide,120,NCT02918279,CHILD,PHASE3,125,3.0,1 + every 1 day,392,392,1176.0,no,subcutaneous,-3.6,8.16470588235294
236,PMC7791885,0.4,1 + every 1 day,63,subcutaneous,42,112,,425.0,Sprague–Dawley,rats,male,8,diet:high-fat,-11.76470588235294,63.0,25.200000000000003,liraglutide,127,NCT02527200,"CHILD,ADULT",PHASE3,17,3.0,1 + every 1 day,364,364,1092.0,no,subcutaneous,-2.6999999999999997,9.064705882352941
236,PMC7791885,0.4,1 + every 1 day,63,subcutaneous,42,112,,425.0,Sprague–Dawley,rats,male,8,diet:high-fat,-11.76470588235294,63.0,25.200000000000003,liraglutide,128,NCT02527200,"CHILD,ADULT",PHASE3,14,3.0,1 + every 1 day,364,364,1092.0,no,subcutaneous,1.3999999999999995,13.16470588235294
236,PMC7791885,0.4,1 + every 1 day,63,subcutaneous,42,112,,425.0,Sprague–Dawley,rats,male,8,diet:high-fat,-11.76470588235294,63.0,25.200000000000003,liraglutide,129,NCT02527200,"CHILD,ADULT",PHASE3,31,3.0,1 + every 1 day,364,364,1092.0,no,subcutaneous,-0.6999999999999997,11.064705882352941
236,PMC7791885,0.4,1 + every 1 day,63,subcutaneous,42,112,,425.0,Sprague–Dawley,rats,male,8,diet:high-fat,-11.76470588235294,63.0,25.200000000000003,liraglutide,130,NCT00781937,"ADULT,OLDER_ADULT",PHASE3,194,3.0,1 + every 1 day,392,392,1176.0,no,subcutaneous,-6.0600000000000005,5.70470588235294
236,PMC7791885,0.4,1 + every 1 day,63,subcutaneous,42,112,,425.0,Sprague–Dawley,rats,male,8,diet:high-fat,-11.76470588235294,63.0,25.200000000000003,liraglutide,136,NCT04074161,"ADULT,OLDER_ADULT",PHASE3,117,3.0,1 + every 1 day,476,476,1428.0,no,subcutaneous,-4.800000000000001,6.9647058823529395
236,PMC7791885,0.4,1 + every 1 day,63,subcutaneous,42,112,,425.0,Sprague–Dawley,rats,male,8,diet:high-fat,-11.76470588235294,63.0,25.200000000000003,liraglutide,150,NCT02647944,"ADULT,OLDER_ADULT",PHASE2,19,3.0,1 + every 1 day,112,112,336.0,no,subcutaneous,-2.58819247874349,9.17651340360945
236,PMC7791885,0.4,1 + every 1 day,63,subcutaneous,42,112,,425.0,Sprague–Dawley,rats,male,8,diet:high-fat,-11.76470588235294,63.0,25.200000000000003,liraglutide,155,NCT03486392,"ADULT,OLDER_ADULT",PHASE2,108,3.0,1 + every 1 day,182,182,546.0,no,subcutaneous,-5.78,5.98470588235294
237,PMC7862770,0.4,1 + every 1 day,28,subcutaneous,63,105,329.8,487.6,Wistar,rats,male,5,diet:high-fat,-8.0,28.0,11.200000000000001,liraglutide,35,NCT02453711,"ADULT,OLDER_ADULT",PHASE2,96,3.0,1 + every 1 day,364,364,1092.0,no,subcutaneous,-5.47,2.5300000000000002
237,PMC7862770,0.4,1 + every 1 day,28,subcutaneous,63,105,329.8,487.6,Wistar,rats,male,5,diet:high-fat,-8.0,28.0,11.200000000000001,liraglutide,51,NCT00422058,"ADULT,OLDER_ADULT",PHASE2,94,1.2,1 + every 1 day,140,140,168.0,no,subcutaneous,-2.2072087435352685,5.7927912564647315
237,PMC7862770,0.4,1 + every 1 day,28,subcutaneous,63,105,329.8,487.6,Wistar,rats,male,5,diet:high-fat,-8.0,28.0,11.200000000000001,liraglutide,52,NCT00422058,"ADULT,OLDER_ADULT",PHASE2,90,1.8,1 + every 1 day,140,140,252.0,no,subcutaneous,-2.9371604752653058,5.062839524734694
237,PMC7862770,0.4,1 + every 1 day,28,subcutaneous,63,105,329.8,487.6,Wistar,rats,male,5,diet:high-fat,-8.0,28.0,11.200000000000001,liraglutide,53,NCT00422058,"ADULT,OLDER_ADULT",PHASE2,92,2.4,1 + every 1 day,140,140,336.0,no,subcutaneous,-3.6240693851707304,4.37593061482927
237,PMC7862770,0.4,1 + every 1 day,28,subcutaneous,63,105,329.8,487.6,Wistar,rats,male,5,diet:high-fat,-8.0,28.0,11.200000000000001,liraglutide,54,NCT00422058,"ADULT,OLDER_ADULT",PHASE2,92,3.0,1 + every 1 day,140,140,420.0,no,subcutaneous,-4.711624106871794,3.2883758931282063
237,PMC7862770,0.4,1 + every 1 day,28,subcutaneous,63,105,329.8,487.6,Wistar,rats,male,5,diet:high-fat,-8.0,28.0,11.200000000000001,liraglutide,61,NCT03158805,"ADULT,OLDER_ADULT",PHASE2,29,3.0,1 + every 1 day,280,280,840.0,no,subcutaneous,-3.5,4.5
237,PMC7862770,0.4,1 + every 1 day,28,subcutaneous,63,105,329.8,487.6,Wistar,rats,male,5,diet:high-fat,-8.0,28.0,11.200000000000001,liraglutide,102,NCT01272232,"ADULT,OLDER_ADULT",PHASE3,412,3.0,1 + every 1 day,392,392,1176.0,no,subcutaneous,-3.9000000000000004,4.1
237,PMC7862770,0.4,1 + every 1 day,28,subcutaneous,63,105,329.8,487.6,Wistar,rats,male,5,diet:high-fat,-8.0,28.0,11.200000000000001,liraglutide,103,NCT01272232,"ADULT,OLDER_ADULT",PHASE3,204,1.8,1 + every 1 day,392,392,705.6,no,subcutaneous,-2.5999999999999996,5.4
237,PMC7862770,0.4,1 + every 1 day,28,subcutaneous,63,105,329.8,487.6,Wistar,rats,male,5,diet:high-fat,-8.0,28.0,11.200000000000001,liraglutide,106,NCT01272219,"ADULT,OLDER_ADULT",PHASE3,2432,3.0,1 + every 1 day,392,392,1176.0,no,subcutaneous,-5.36,2.6399999999999997
237,PMC7862770,0.4,1 + every 1 day,28,subcutaneous,63,105,329.8,487.6,Wistar,rats,male,5,diet:high-fat,-8.0,28.0,11.200000000000001,liraglutide,107,NCT01272219,"ADULT,OLDER_ADULT",PHASE3,1467,3.0,1 + every 1 day,1120,1120,3360.0,no,subcutaneous,-4.25,3.75
237,PMC7862770,0.4,1 + every 1 day,28,subcutaneous,63,105,329.8,487.6,Wistar,rats,male,5,diet:high-fat,-8.0,28.0,11.200000000000001,liraglutide,108,NCT01272219,"ADULT,OLDER_ADULT",PHASE3,349,3.0,1 + every 1 day,476,476,1428.0,no,subcutaneous,-5.33,2.67
237,PMC7862770,0.4,1 + every 1 day,28,subcutaneous,63,105,329.8,487.6,Wistar,rats,male,5,diet:high-fat,-8.0,28.0,11.200000000000001,liraglutide,112,NCT01557166,ADULT,PHASE3,175,3.0,1 + every 1 day,224,224,672.0,no,subcutaneous,-4.201423866334764,3.798576133665236
237,PMC7862770,0.4,1 + every 1 day,28,subcutaneous,63,105,329.8,487.6,Wistar,rats,male,5,diet:high-fat,-8.0,28.0,11.200000000000001,liraglutide,120,NCT02918279,CHILD,PHASE3,125,3.0,1 + every 1 day,392,392,1176.0,no,subcutaneous,-3.6,4.4
237,PMC7862770,0.4,1 + every 1 day,28,subcutaneous,63,105,329.8,487.6,Wistar,rats,male,5,diet:high-fat,-8.0,28.0,11.200000000000001,liraglutide,127,NCT02527200,"CHILD,ADULT",PHASE3,17,3.0,1 + every 1 day,364,364,1092.0,no,subcutaneous,-2.6999999999999997,5.300000000000001
237,PMC7862770,0.4,1 + every 1 day,28,subcutaneous,63,105,329.8,487.6,Wistar,rats,male,5,diet:high-fat,-8.0,28.0,11.200000000000001,liraglutide,128,NCT02527200,"CHILD,ADULT",PHASE3,14,3.0,1 + every 1 day,364,364,1092.0,no,subcutaneous,1.3999999999999995,9.399999999999999
237,PMC7862770,0.4,1 + every 1 day,28,subcutaneous,63,105,329.8,487.6,Wistar,rats,male,5,diet:high-fat,-8.0,28.0,11.200000000000001,liraglutide,129,NCT02527200,"CHILD,ADULT",PHASE3,31,3.0,1 + every 1 day,364,364,1092.0,no,subcutaneous,-0.6999999999999997,7.300000000000001
237,PMC7862770,0.4,1 + every 1 day,28,subcutaneous,63,105,329.8,487.6,Wistar,rats,male,5,diet:high-fat,-8.0,28.0,11.200000000000001,liraglutide,130,NCT00781937,"ADULT,OLDER_ADULT",PHASE3,194,3.0,1 + every 1 day,392,392,1176.0,no,subcutaneous,-6.0600000000000005,1.9399999999999995
237,PMC7862770,0.4,1 + every 1 day,28,subcutaneous,63,105,329.8,487.6,Wistar,rats,male,5,diet:high-fat,-8.0,28.0,11.200000000000001,liraglutide,136,NCT04074161,"ADULT,OLDER_ADULT",PHASE3,117,3.0,1 + every 1 day,476,476,1428.0,no,subcutaneous,-4.800000000000001,3.1999999999999993
237,PMC7862770,0.4,1 + every 1 day,28,subcutaneous,63,105,329.8,487.6,Wistar,rats,male,5,diet:high-fat,-8.0,28.0,11.200000000000001,liraglutide,150,NCT02647944,"ADULT,OLDER_ADULT",PHASE2,19,3.0,1 + every 1 day,112,112,336.0,no,subcutaneous,-2.58819247874349,5.4118075212565095
237,PMC7862770,0.4,1 + every 1 day,28,subcutaneous,63,105,329.8,487.6,Wistar,rats,male,5,diet:high-fat,-8.0,28.0,11.200000000000001,liraglutide,155,NCT03486392,"ADULT,OLDER_ADULT",PHASE2,108,3.0,1 + every 1 day,182,182,546.0,no,subcutaneous,-5.78,2.2199999999999998
238,PMC7915029,10,1 + every 1 day,42,oral gavage,63,112,225.0,254.4,Sprague–Dawley,rats,male,6,diet:high-fat,-30.824372759856622,42.0,420.0,orlistat,111,NCT00752726,ADULT,PHASE4,54,60.0,3 + every 1 day,168,504,30240.0,no,oral,-2.3112294985822937,28.51314326127433
239,PMC8011784,0.2,1 + every 1 day,28,subcutaneous,42,161,,45.0,C57BL/6JRj,mice,male,10,diet:high-fat,-13.333333333333334,28.0,5.6000000000000005,liraglutide,35,NCT02453711,"ADULT,OLDER_ADULT",PHASE2,96,3.0,1 + every 1 day,364,364,1092.0,no,subcutaneous,-5.47,7.863333333333334
239,PMC8011784,0.2,1 + every 1 day,28,subcutaneous,42,161,,45.0,C57BL/6JRj,mice,male,10,diet:high-fat,-13.333333333333334,28.0,5.6000000000000005,liraglutide,51,NCT00422058,"ADULT,OLDER_ADULT",PHASE2,94,1.2,1 + every 1 day,140,140,168.0,no,subcutaneous,-2.2072087435352685,11.126124589798065
239,PMC8011784,0.2,1 + every 1 day,28,subcutaneous,42,161,,45.0,C57BL/6JRj,mice,male,10,diet:high-fat,-13.333333333333334,28.0,5.6000000000000005,liraglutide,52,NCT00422058,"ADULT,OLDER_ADULT",PHASE2,90,1.8,1 + every 1 day,140,140,252.0,no,subcutaneous,-2.9371604752653058,10.396172858068027
239,PMC8011784,0.2,1 + every 1 day,28,subcutaneous,42,161,,45.0,C57BL/6JRj,mice,male,10,diet:high-fat,-13.333333333333334,28.0,5.6000000000000005,liraglutide,53,NCT00422058,"ADULT,OLDER_ADULT",PHASE2,92,2.4,1 + every 1 day,140,140,336.0,no,subcutaneous,-3.6240693851707304,9.709263948162604
239,PMC8011784,0.2,1 + every 1 day,28,subcutaneous,42,161,,45.0,C57BL/6JRj,mice,male,10,diet:high-fat,-13.333333333333334,28.0,5.6000000000000005,liraglutide,54,NCT00422058,"ADULT,OLDER_ADULT",PHASE2,92,3.0,1 + every 1 day,140,140,420.0,no,subcutaneous,-4.711624106871794,8.62170922646154
239,PMC8011784,0.2,1 + every 1 day,28,subcutaneous,42,161,,45.0,C57BL/6JRj,mice,male,10,diet:high-fat,-13.333333333333334,28.0,5.6000000000000005,liraglutide,61,NCT03158805,"ADULT,OLDER_ADULT",PHASE2,29,3.0,1 + every 1 day,280,280,840.0,no,subcutaneous,-3.5,9.833333333333334
239,PMC8011784,0.2,1 + every 1 day,28,subcutaneous,42,161,,45.0,C57BL/6JRj,mice,male,10,diet:high-fat,-13.333333333333334,28.0,5.6000000000000005,liraglutide,102,NCT01272232,"ADULT,OLDER_ADULT",PHASE3,412,3.0,1 + every 1 day,392,392,1176.0,no,subcutaneous,-3.9000000000000004,9.433333333333334
239,PMC8011784,0.2,1 + every 1 day,28,subcutaneous,42,161,,45.0,C57BL/6JRj,mice,male,10,diet:high-fat,-13.333333333333334,28.0,5.6000000000000005,liraglutide,103,NCT01272232,"ADULT,OLDER_ADULT",PHASE3,204,1.8,1 + every 1 day,392,392,705.6,no,subcutaneous,-2.5999999999999996,10.733333333333334
239,PMC8011784,0.2,1 + every 1 day,28,subcutaneous,42,161,,45.0,C57BL/6JRj,mice,male,10,diet:high-fat,-13.333333333333334,28.0,5.6000000000000005,liraglutide,106,NCT01272219,"ADULT,OLDER_ADULT",PHASE3,2432,3.0,1 + every 1 day,392,392,1176.0,no,subcutaneous,-5.36,7.973333333333334
239,PMC8011784,0.2,1 + every 1 day,28,subcutaneous,42,161,,45.0,C57BL/6JRj,mice,male,10,diet:high-fat,-13.333333333333334,28.0,5.6000000000000005,liraglutide,107,NCT01272219,"ADULT,OLDER_ADULT",PHASE3,1467,3.0,1 + every 1 day,1120,1120,3360.0,no,subcutaneous,-4.25,9.083333333333334
239,PMC8011784,0.2,1 + every 1 day,28,subcutaneous,42,161,,45.0,C57BL/6JRj,mice,male,10,diet:high-fat,-13.333333333333334,28.0,5.6000000000000005,liraglutide,108,NCT01272219,"ADULT,OLDER_ADULT",PHASE3,349,3.0,1 + every 1 day,476,476,1428.0,no,subcutaneous,-5.33,8.003333333333334
239,PMC8011784,0.2,1 + every 1 day,28,subcutaneous,42,161,,45.0,C57BL/6JRj,mice,male,10,diet:high-fat,-13.333333333333334,28.0,5.6000000000000005,liraglutide,112,NCT01557166,ADULT,PHASE3,175,3.0,1 + every 1 day,224,224,672.0,no,subcutaneous,-4.201423866334764,9.13190946699857
239,PMC8011784,0.2,1 + every 1 day,28,subcutaneous,42,161,,45.0,C57BL/6JRj,mice,male,10,diet:high-fat,-13.333333333333334,28.0,5.6000000000000005,liraglutide,120,NCT02918279,CHILD,PHASE3,125,3.0,1 + every 1 day,392,392,1176.0,no,subcutaneous,-3.6,9.733333333333334
239,PMC8011784,0.2,1 + every 1 day,28,subcutaneous,42,161,,45.0,C57BL/6JRj,mice,male,10,diet:high-fat,-13.333333333333334,28.0,5.6000000000000005,liraglutide,127,NCT02527200,"CHILD,ADULT",PHASE3,17,3.0,1 + every 1 day,364,364,1092.0,no,subcutaneous,-2.6999999999999997,10.633333333333335
239,PMC8011784,0.2,1 + every 1 day,28,subcutaneous,42,161,,45.0,C57BL/6JRj,mice,male,10,diet:high-fat,-13.333333333333334,28.0,5.6000000000000005,liraglutide,128,NCT02527200,"CHILD,ADULT",PHASE3,14,3.0,1 + every 1 day,364,364,1092.0,no,subcutaneous,1.3999999999999995,14.733333333333334
239,PMC8011784,0.2,1 + every 1 day,28,subcutaneous,42,161,,45.0,C57BL/6JRj,mice,male,10,diet:high-fat,-13.333333333333334,28.0,5.6000000000000005,liraglutide,129,NCT02527200,"CHILD,ADULT",PHASE3,31,3.0,1 + every 1 day,364,364,1092.0,no,subcutaneous,-0.6999999999999997,12.633333333333335
239,PMC8011784,0.2,1 + every 1 day,28,subcutaneous,42,161,,45.0,C57BL/6JRj,mice,male,10,diet:high-fat,-13.333333333333334,28.0,5.6000000000000005,liraglutide,130,NCT00781937,"ADULT,OLDER_ADULT",PHASE3,194,3.0,1 + every 1 day,392,392,1176.0,no,subcutaneous,-6.0600000000000005,7.273333333333333
239,PMC8011784,0.2,1 + every 1 day,28,subcutaneous,42,161,,45.0,C57BL/6JRj,mice,male,10,diet:high-fat,-13.333333333333334,28.0,5.6000000000000005,liraglutide,136,NCT04074161,"ADULT,OLDER_ADULT",PHASE3,117,3.0,1 + every 1 day,476,476,1428.0,no,subcutaneous,-4.800000000000001,8.533333333333333
239,PMC8011784,0.2,1 + every 1 day,28,subcutaneous,42,161,,45.0,C57BL/6JRj,mice,male,10,diet:high-fat,-13.333333333333334,28.0,5.6000000000000005,liraglutide,150,NCT02647944,"ADULT,OLDER_ADULT",PHASE2,19,3.0,1 + every 1 day,112,112,336.0,no,subcutaneous,-2.58819247874349,10.745140854589843
239,PMC8011784,0.2,1 + every 1 day,28,subcutaneous,42,161,,45.0,C57BL/6JRj,mice,male,10,diet:high-fat,-13.333333333333334,28.0,5.6000000000000005,liraglutide,155,NCT03486392,"ADULT,OLDER_ADULT",PHASE2,108,3.0,1 + every 1 day,182,182,546.0,no,subcutaneous,-5.78,7.553333333333334
240,PMC8011784,0.2,1 + every 1 day,28,subcutaneous,42,336,,53.0,C57BL/6JRj,mice,male,10,diet:high-fat,-7.547169811320756,28.0,5.6000000000000005,liraglutide,35,NCT02453711,"ADULT,OLDER_ADULT",PHASE2,96,3.0,1 + every 1 day,364,364,1092.0,no,subcutaneous,-5.47,2.077169811320756
240,PMC8011784,0.2,1 + every 1 day,28,subcutaneous,42,336,,53.0,C57BL/6JRj,mice,male,10,diet:high-fat,-7.547169811320756,28.0,5.6000000000000005,liraglutide,51,NCT00422058,"ADULT,OLDER_ADULT",PHASE2,94,1.2,1 + every 1 day,140,140,168.0,no,subcutaneous,-2.2072087435352685,5.339961067785487
240,PMC8011784,0.2,1 + every 1 day,28,subcutaneous,42,336,,53.0,C57BL/6JRj,mice,male,10,diet:high-fat,-7.547169811320756,28.0,5.6000000000000005,liraglutide,52,NCT00422058,"ADULT,OLDER_ADULT",PHASE2,90,1.8,1 + every 1 day,140,140,252.0,no,subcutaneous,-2.9371604752653058,4.61000933605545
240,PMC8011784,0.2,1 + every 1 day,28,subcutaneous,42,336,,53.0,C57BL/6JRj,mice,male,10,diet:high-fat,-7.547169811320756,28.0,5.6000000000000005,liraglutide,53,NCT00422058,"ADULT,OLDER_ADULT",PHASE2,92,2.4,1 + every 1 day,140,140,336.0,no,subcutaneous,-3.6240693851707304,3.9231004261500253
240,PMC8011784,0.2,1 + every 1 day,28,subcutaneous,42,336,,53.0,C57BL/6JRj,mice,male,10,diet:high-fat,-7.547169811320756,28.0,5.6000000000000005,liraglutide,54,NCT00422058,"ADULT,OLDER_ADULT",PHASE2,92,3.0,1 + every 1 day,140,140,420.0,no,subcutaneous,-4.711624106871794,2.835545704448962
240,PMC8011784,0.2,1 + every 1 day,28,subcutaneous,42,336,,53.0,C57BL/6JRj,mice,male,10,diet:high-fat,-7.547169811320756,28.0,5.6000000000000005,liraglutide,61,NCT03158805,"ADULT,OLDER_ADULT",PHASE2,29,3.0,1 + every 1 day,280,280,840.0,no,subcutaneous,-3.5,4.047169811320756
240,PMC8011784,0.2,1 + every 1 day,28,subcutaneous,42,336,,53.0,C57BL/6JRj,mice,male,10,diet:high-fat,-7.547169811320756,28.0,5.6000000000000005,liraglutide,102,NCT01272232,"ADULT,OLDER_ADULT",PHASE3,412,3.0,1 + every 1 day,392,392,1176.0,no,subcutaneous,-3.9000000000000004,3.6471698113207554
240,PMC8011784,0.2,1 + every 1 day,28,subcutaneous,42,336,,53.0,C57BL/6JRj,mice,male,10,diet:high-fat,-7.547169811320756,28.0,5.6000000000000005,liraglutide,103,NCT01272232,"ADULT,OLDER_ADULT",PHASE3,204,1.8,1 + every 1 day,392,392,705.6,no,subcutaneous,-2.5999999999999996,4.947169811320756
240,PMC8011784,0.2,1 + every 1 day,28,subcutaneous,42,336,,53.0,C57BL/6JRj,mice,male,10,diet:high-fat,-7.547169811320756,28.0,5.6000000000000005,liraglutide,106,NCT01272219,"ADULT,OLDER_ADULT",PHASE3,2432,3.0,1 + every 1 day,392,392,1176.0,no,subcutaneous,-5.36,2.1871698113207554
240,PMC8011784,0.2,1 + every 1 day,28,subcutaneous,42,336,,53.0,C57BL/6JRj,mice,male,10,diet:high-fat,-7.547169811320756,28.0,5.6000000000000005,liraglutide,107,NCT01272219,"ADULT,OLDER_ADULT",PHASE3,1467,3.0,1 + every 1 day,1120,1120,3360.0,no,subcutaneous,-4.25,3.2971698113207557
240,PMC8011784,0.2,1 + every 1 day,28,subcutaneous,42,336,,53.0,C57BL/6JRj,mice,male,10,diet:high-fat,-7.547169811320756,28.0,5.6000000000000005,liraglutide,108,NCT01272219,"ADULT,OLDER_ADULT",PHASE3,349,3.0,1 + every 1 day,476,476,1428.0,no,subcutaneous,-5.33,2.2171698113207556
240,PMC8011784,0.2,1 + every 1 day,28,subcutaneous,42,336,,53.0,C57BL/6JRj,mice,male,10,diet:high-fat,-7.547169811320756,28.0,5.6000000000000005,liraglutide,112,NCT01557166,ADULT,PHASE3,175,3.0,1 + every 1 day,224,224,672.0,no,subcutaneous,-4.201423866334764,3.3457459449859916
240,PMC8011784,0.2,1 + every 1 day,28,subcutaneous,42,336,,53.0,C57BL/6JRj,mice,male,10,diet:high-fat,-7.547169811320756,28.0,5.6000000000000005,liraglutide,120,NCT02918279,CHILD,PHASE3,125,3.0,1 + every 1 day,392,392,1176.0,no,subcutaneous,-3.6,3.9471698113207556
240,PMC8011784,0.2,1 + every 1 day,28,subcutaneous,42,336,,53.0,C57BL/6JRj,mice,male,10,diet:high-fat,-7.547169811320756,28.0,5.6000000000000005,liraglutide,127,NCT02527200,"CHILD,ADULT",PHASE3,17,3.0,1 + every 1 day,364,364,1092.0,no,subcutaneous,-2.6999999999999997,4.8471698113207555
240,PMC8011784,0.2,1 + every 1 day,28,subcutaneous,42,336,,53.0,C57BL/6JRj,mice,male,10,diet:high-fat,-7.547169811320756,28.0,5.6000000000000005,liraglutide,128,NCT02527200,"CHILD,ADULT",PHASE3,14,3.0,1 + every 1 day,364,364,1092.0,no,subcutaneous,1.3999999999999995,8.947169811320755
240,PMC8011784,0.2,1 + every 1 day,28,subcutaneous,42,336,,53.0,C57BL/6JRj,mice,male,10,diet:high-fat,-7.547169811320756,28.0,5.6000000000000005,liraglutide,129,NCT02527200,"CHILD,ADULT",PHASE3,31,3.0,1 + every 1 day,364,364,1092.0,no,subcutaneous,-0.6999999999999997,6.8471698113207555
240,PMC8011784,0.2,1 + every 1 day,28,subcutaneous,42,336,,53.0,C57BL/6JRj,mice,male,10,diet:high-fat,-7.547169811320756,28.0,5.6000000000000005,liraglutide,130,NCT00781937,"ADULT,OLDER_ADULT",PHASE3,194,3.0,1 + every 1 day,392,392,1176.0,no,subcutaneous,-6.0600000000000005,1.4871698113207552
240,PMC8011784,0.2,1 + every 1 day,28,subcutaneous,42,336,,53.0,C57BL/6JRj,mice,male,10,diet:high-fat,-7.547169811320756,28.0,5.6000000000000005,liraglutide,136,NCT04074161,"ADULT,OLDER_ADULT",PHASE3,117,3.0,1 + every 1 day,476,476,1428.0,no,subcutaneous,-4.800000000000001,2.747169811320755
240,PMC8011784,0.2,1 + every 1 day,28,subcutaneous,42,336,,53.0,C57BL/6JRj,mice,male,10,diet:high-fat,-7.547169811320756,28.0,5.6000000000000005,liraglutide,150,NCT02647944,"ADULT,OLDER_ADULT",PHASE2,19,3.0,1 + every 1 day,112,112,336.0,no,subcutaneous,-2.58819247874349,4.958977332577266
240,PMC8011784,0.2,1 + every 1 day,28,subcutaneous,42,336,,53.0,C57BL/6JRj,mice,male,10,diet:high-fat,-7.547169811320756,28.0,5.6000000000000005,liraglutide,155,NCT03486392,"ADULT,OLDER_ADULT",PHASE2,108,3.0,1 + every 1 day,182,182,546.0,no,subcutaneous,-5.78,1.7671698113207555
245,PMC8341109,5,1 + every 1 day,42,oral,35,126,170.0,180.8,Wistar NIN,rats,male,6,diet:high-fat,-95.12328767123289,42.0,210.0,orlistat,111,NCT00752726,ADULT,PHASE4,54,60.0,3 + every 1 day,168,504,30240.0,no,oral,-2.3112294985822937,92.8120581726506
246,PMC8349651,10,1 + every 1 day,35,oral,56,112,20.0,28.0,C57BL/6N,mice,male,8,diet:high-fat,-18.499999999999996,35.0,350.0,orlistat,111,NCT00752726,ADULT,PHASE4,54,60.0,3 + every 1 day,168,504,30240.0,no,oral,-2.3112294985822937,16.188770501417704
247,PMC8349651,20,1 + every 1 day,35,oral,56,112,20.0,28.0,C57BL/6N,mice,male,8,diet:high-fat,-26.14285714285714,35.0,700.0,orlistat,111,NCT00752726,ADULT,PHASE4,54,60.0,3 + every 1 day,168,504,30240.0,no,oral,-2.3112294985822937,23.831627644274846
248,PMC8383718,250,7 + every 1 month,150,oral,21,360,,410.0,Wistar,rats,female,6,diet:high-fat+high-sugar,-19.51219512195122,35.0,8750.0,metformin,151,NCT00005669,CHILD,PHASE2,53,2000.0,2 + every 1 day,180,360,720000.0,no,oral,-4.1308475663664925,15.381347555584727
250,PMC8515182,100,1 + every 1 day,56,oral,56,168,,49.0,C57BL/6J,mice,male,10,diet:high-fat,-20.408163265306122,56.0,5600.0,metformin,151,NCT00005669,CHILD,PHASE2,53,2000.0,2 + every 1 day,180,360,720000.0,no,oral,-4.1308475663664925,16.27731569893963
252,PMC8554285,25,1 + every 1 day,28,gavage,56,154,18.0,33.2,C57BL/6,mice,male,6,diet:high-caloric,0.2985074626865508,28.0,700.0,orlistat,111,NCT00752726,ADULT,PHASE4,54,60.0,3 + every 1 day,168,504,30240.0,no,oral,-2.3112294985822937,-2.6097369612688444
253,PMC8575871,300,1 + every 1 day,42,oral gavage,35,119,,45.0,C57BL/6,mice,male,15,diet:high-fat,-20.0,42.0,12600.0,metformin,151,NCT00005669,CHILD,PHASE2,53,2000.0,2 + every 1 day,180,360,720000.0,no,oral,-4.1308475663664925,15.869152433633507
254,PMC8577482,100,1 + every 1 day,42,oral gavage,56,126,,,C57BL/6J,mice,male,4,diet:high-fat,-15.0,42.0,4200.0,metformin,151,NCT00005669,CHILD,PHASE2,53,2000.0,2 + every 1 day,180,360,720000.0,no,oral,-4.1308475663664925,10.869152433633507
255,PMC8577482,100,1 + every 1 day,42,oral gavage,56,126,,,C57BL/6J,mice,male,4,diet:high-fat,-14.0,42.0,4200.0,metformin,151,NCT00005669,CHILD,PHASE2,53,2000.0,2 + every 1 day,180,360,720000.0,no,oral,-4.1308475663664925,9.869152433633507
263,PMC8663785,0.2,1 + every 1 day,112,subcutaneous,56,56,,24.0,Ldlr−/−,mice,male,9,genetic,-41.666666666666664,112.0,22.400000000000002,liraglutide,35,NCT02453711,"ADULT,OLDER_ADULT",PHASE2,96,3.0,1 + every 1 day,364,364,1092.0,no,subcutaneous,-5.47,36.196666666666665
263,PMC8663785,0.2,1 + every 1 day,112,subcutaneous,56,56,,24.0,Ldlr−/−,mice,male,9,genetic,-41.666666666666664,112.0,22.400000000000002,liraglutide,51,NCT00422058,"ADULT,OLDER_ADULT",PHASE2,94,1.2,1 + every 1 day,140,140,168.0,no,subcutaneous,-2.2072087435352685,39.459457923131396
263,PMC8663785,0.2,1 + every 1 day,112,subcutaneous,56,56,,24.0,Ldlr−/−,mice,male,9,genetic,-41.666666666666664,112.0,22.400000000000002,liraglutide,52,NCT00422058,"ADULT,OLDER_ADULT",PHASE2,90,1.8,1 + every 1 day,140,140,252.0,no,subcutaneous,-2.9371604752653058,38.729506191401356
263,PMC8663785,0.2,1 + every 1 day,112,subcutaneous,56,56,,24.0,Ldlr−/−,mice,male,9,genetic,-41.666666666666664,112.0,22.400000000000002,liraglutide,53,NCT00422058,"ADULT,OLDER_ADULT",PHASE2,92,2.4,1 + every 1 day,140,140,336.0,no,subcutaneous,-3.6240693851707304,38.04259728149594
263,PMC8663785,0.2,1 + every 1 day,112,subcutaneous,56,56,,24.0,Ldlr−/−,mice,male,9,genetic,-41.666666666666664,112.0,22.400000000000002,liraglutide,54,NCT00422058,"ADULT,OLDER_ADULT",PHASE2,92,3.0,1 + every 1 day,140,140,420.0,no,subcutaneous,-4.711624106871794,36.95504255979487
263,PMC8663785,0.2,1 + every 1 day,112,subcutaneous,56,56,,24.0,Ldlr−/−,mice,male,9,genetic,-41.666666666666664,112.0,22.400000000000002,liraglutide,61,NCT03158805,"ADULT,OLDER_ADULT",PHASE2,29,3.0,1 + every 1 day,280,280,840.0,no,subcutaneous,-3.5,38.166666666666664
263,PMC8663785,0.2,1 + every 1 day,112,subcutaneous,56,56,,24.0,Ldlr−/−,mice,male,9,genetic,-41.666666666666664,112.0,22.400000000000002,liraglutide,102,NCT01272232,"ADULT,OLDER_ADULT",PHASE3,412,3.0,1 + every 1 day,392,392,1176.0,no,subcutaneous,-3.9000000000000004,37.766666666666666
263,PMC8663785,0.2,1 + every 1 day,112,subcutaneous,56,56,,24.0,Ldlr−/−,mice,male,9,genetic,-41.666666666666664,112.0,22.400000000000002,liraglutide,103,NCT01272232,"ADULT,OLDER_ADULT",PHASE3,204,1.8,1 + every 1 day,392,392,705.6,no,subcutaneous,-2.5999999999999996,39.06666666666666
263,PMC8663785,0.2,1 + every 1 day,112,subcutaneous,56,56,,24.0,Ldlr−/−,mice,male,9,genetic,-41.666666666666664,112.0,22.400000000000002,liraglutide,106,NCT01272219,"ADULT,OLDER_ADULT",PHASE3,2432,3.0,1 + every 1 day,392,392,1176.0,no,subcutaneous,-5.36,36.306666666666665
263,PMC8663785,0.2,1 + every 1 day,112,subcutaneous,56,56,,24.0,Ldlr−/−,mice,male,9,genetic,-41.666666666666664,112.0,22.400000000000002,liraglutide,107,NCT01272219,"ADULT,OLDER_ADULT",PHASE3,1467,3.0,1 + every 1 day,1120,1120,3360.0,no,subcutaneous,-4.25,37.416666666666664
263,PMC8663785,0.2,1 + every 1 day,112,subcutaneous,56,56,,24.0,Ldlr−/−,mice,male,9,genetic,-41.666666666666664,112.0,22.400000000000002,liraglutide,108,NCT01272219,"ADULT,OLDER_ADULT",PHASE3,349,3.0,1 + every 1 day,476,476,1428.0,no,subcutaneous,-5.33,36.336666666666666
263,PMC8663785,0.2,1 + every 1 day,112,subcutaneous,56,56,,24.0,Ldlr−/−,mice,male,9,genetic,-41.666666666666664,112.0,22.400000000000002,liraglutide,112,NCT01557166,ADULT,PHASE3,175,3.0,1 + every 1 day,224,224,672.0,no,subcutaneous,-4.201423866334764,37.4652428003319
263,PMC8663785,0.2,1 + every 1 day,112,subcutaneous,56,56,,24.0,Ldlr−/−,mice,male,9,genetic,-41.666666666666664,112.0,22.400000000000002,liraglutide,120,NCT02918279,CHILD,PHASE3,125,3.0,1 + every 1 day,392,392,1176.0,no,subcutaneous,-3.6,38.06666666666666
263,PMC8663785,0.2,1 + every 1 day,112,subcutaneous,56,56,,24.0,Ldlr−/−,mice,male,9,genetic,-41.666666666666664,112.0,22.400000000000002,liraglutide,127,NCT02527200,"CHILD,ADULT",PHASE3,17,3.0,1 + every 1 day,364,364,1092.0,no,subcutaneous,-2.6999999999999997,38.96666666666666
263,PMC8663785,0.2,1 + every 1 day,112,subcutaneous,56,56,,24.0,Ldlr−/−,mice,male,9,genetic,-41.666666666666664,112.0,22.400000000000002,liraglutide,128,NCT02527200,"CHILD,ADULT",PHASE3,14,3.0,1 + every 1 day,364,364,1092.0,no,subcutaneous,1.3999999999999995,43.06666666666666
263,PMC8663785,0.2,1 + every 1 day,112,subcutaneous,56,56,,24.0,Ldlr−/−,mice,male,9,genetic,-41.666666666666664,112.0,22.400000000000002,liraglutide,129,NCT02527200,"CHILD,ADULT",PHASE3,31,3.0,1 + every 1 day,364,364,1092.0,no,subcutaneous,-0.6999999999999997,40.96666666666666
263,PMC8663785,0.2,1 + every 1 day,112,subcutaneous,56,56,,24.0,Ldlr−/−,mice,male,9,genetic,-41.666666666666664,112.0,22.400000000000002,liraglutide,130,NCT00781937,"ADULT,OLDER_ADULT",PHASE3,194,3.0,1 + every 1 day,392,392,1176.0,no,subcutaneous,-6.0600000000000005,35.60666666666666
263,PMC8663785,0.2,1 + every 1 day,112,subcutaneous,56,56,,24.0,Ldlr−/−,mice,male,9,genetic,-41.666666666666664,112.0,22.400000000000002,liraglutide,136,NCT04074161,"ADULT,OLDER_ADULT",PHASE3,117,3.0,1 + every 1 day,476,476,1428.0,no,subcutaneous,-4.800000000000001,36.86666666666666
263,PMC8663785,0.2,1 + every 1 day,112,subcutaneous,56,56,,24.0,Ldlr−/−,mice,male,9,genetic,-41.666666666666664,112.0,22.400000000000002,liraglutide,150,NCT02647944,"ADULT,OLDER_ADULT",PHASE2,19,3.0,1 + every 1 day,112,112,336.0,no,subcutaneous,-2.58819247874349,39.07847418792318
263,PMC8663785,0.2,1 + every 1 day,112,subcutaneous,56,56,,24.0,Ldlr−/−,mice,male,9,genetic,-41.666666666666664,112.0,22.400000000000002,liraglutide,155,NCT03486392,"ADULT,OLDER_ADULT",PHASE2,108,3.0,1 + every 1 day,182,182,546.0,no,subcutaneous,-5.78,35.88666666666666
272,PMC8910281,800,1 + every 1 day,40,gastric gavage,35,112,,57.2,ob/ob,mice,male,6,genetic + diet:high-fat,-9.96503496503497,40.0,32000.0,orlistat,111,NCT00752726,ADULT,PHASE4,54,60.0,3 + every 1 day,168,504,30240.0,no,oral,-2.3112294985822937,7.653805466452677
273,PMC8988407,1,1 + every 1 day,42,intraperitoneal,,,225.0,416.38,Wistar,rats,female,10,diet:high-fat,0.25458006186057436,42.0,42.0,naltrexone,141,NCT00793780,"ADULT,OLDER_ADULT",Unknown,10,25.0,1 + every 1 day,56,56,1400.0,no,oral,-4.254096159109589,-4.508676220970163
277,PMC9136616,80,1 + every 1 day,42,Unknown,56,126,,40.0,C57BL/6J,mice,male,8,diet:high-fat,-30.0,42.0,3360.0,orlistat,111,NCT00752726,ADULT,PHASE4,54,60.0,3 + every 1 day,168,504,30240.0,no,oral,-2.3112294985822937,27.688770501417707
279,PMC9182976,432,1 + every 1 day,15,oral,21,112,24.82,24.82,C57BL/6N,mice,female,11,diet:high-fat,-19.83727237504842,15.0,6480.0,metformin,151,NCT00005669,CHILD,PHASE2,53,2000.0,2 + every 1 day,180,360,720000.0,no,oral,-4.1308475663664925,15.706424808681929
281,PMC9266460,7,1 + every 1 day,28,intraperitoneal,,,150.0,150.0,Wistar,rats,female,6,diet:high-caloric,-13.33333333333333,28.0,196.0,phentermine,24,NCT00563368,"ADULT,OLDER_ADULT",PHASE3,104,7.5,1 + every 1 day,196,196,1470.0,no,oral,-3.8,9.533333333333331
281,PMC9266460,7,1 + every 1 day,28,intraperitoneal,,,150.0,150.0,Wistar,rats,female,6,diet:high-caloric,-13.33333333333333,28.0,196.0,phentermine,26,NCT00563368,"ADULT,OLDER_ADULT",PHASE3,106,15.0,1 + every 1 day,196,196,2940.0,no,oral,-4.3999999999999995,8.93333333333333
281,PMC9266460,7,1 + every 1 day,28,intraperitoneal,,,150.0,150.0,Wistar,rats,female,6,diet:high-caloric,-13.33333333333333,28.0,196.0,phentermine,67,NCT02243202,"ADULT,OLDER_ADULT",PHASE2,76,15.0,1 + every 1 day,182,182,2730.0,no,oral,-3.4999999999999996,9.83333333333333
285,PMC9310483,100,1 + every 1 day,14,intragastric,42,56,170.0,260.0,Sprague–Dawley,rats,male,8,diet:high-fat,-17.307692307692307,14.0,1400.0,metformin,151,NCT00005669,CHILD,PHASE2,53,2000.0,2 + every 1 day,180,360,720000.0,no,oral,-4.1308475663664925,13.176844741325814
286,PMC9372155,0.09,1 + every 1 day,7,subcutaneous,,,,,C57BL/6J,mice,male,8,diet:high-fat,-7.1,7.0,0.63,liraglutide,35,NCT02453711,"ADULT,OLDER_ADULT",PHASE2,96,3.0,1 + every 1 day,364,364,1092.0,no,subcutaneous,-5.47,1.63
286,PMC9372155,0.09,1 + every 1 day,7,subcutaneous,,,,,C57BL/6J,mice,male,8,diet:high-fat,-7.1,7.0,0.63,liraglutide,51,NCT00422058,"ADULT,OLDER_ADULT",PHASE2,94,1.2,1 + every 1 day,140,140,168.0,no,subcutaneous,-2.2072087435352685,4.892791256464731
286,PMC9372155,0.09,1 + every 1 day,7,subcutaneous,,,,,C57BL/6J,mice,male,8,diet:high-fat,-7.1,7.0,0.63,liraglutide,52,NCT00422058,"ADULT,OLDER_ADULT",PHASE2,90,1.8,1 + every 1 day,140,140,252.0,no,subcutaneous,-2.9371604752653058,4.162839524734694
286,PMC9372155,0.09,1 + every 1 day,7,subcutaneous,,,,,C57BL/6J,mice,male,8,diet:high-fat,-7.1,7.0,0.63,liraglutide,53,NCT00422058,"ADULT,OLDER_ADULT",PHASE2,92,2.4,1 + every 1 day,140,140,336.0,no,subcutaneous,-3.6240693851707304,3.4759306148292692
286,PMC9372155,0.09,1 + every 1 day,7,subcutaneous,,,,,C57BL/6J,mice,male,8,diet:high-fat,-7.1,7.0,0.63,liraglutide,54,NCT00422058,"ADULT,OLDER_ADULT",PHASE2,92,3.0,1 + every 1 day,140,140,420.0,no,subcutaneous,-4.711624106871794,2.388375893128206
286,PMC9372155,0.09,1 + every 1 day,7,subcutaneous,,,,,C57BL/6J,mice,male,8,diet:high-fat,-7.1,7.0,0.63,liraglutide,61,NCT03158805,"ADULT,OLDER_ADULT",PHASE2,29,3.0,1 + every 1 day,280,280,840.0,no,subcutaneous,-3.5,3.5999999999999996
286,PMC9372155,0.09,1 + every 1 day,7,subcutaneous,,,,,C57BL/6J,mice,male,8,diet:high-fat,-7.1,7.0,0.63,liraglutide,102,NCT01272232,"ADULT,OLDER_ADULT",PHASE3,412,3.0,1 + every 1 day,392,392,1176.0,no,subcutaneous,-3.9000000000000004,3.1999999999999993
286,PMC9372155,0.09,1 + every 1 day,7,subcutaneous,,,,,C57BL/6J,mice,male,8,diet:high-fat,-7.1,7.0,0.63,liraglutide,103,NCT01272232,"ADULT,OLDER_ADULT",PHASE3,204,1.8,1 + every 1 day,392,392,705.6,no,subcutaneous,-2.5999999999999996,4.5
286,PMC9372155,0.09,1 + every 1 day,7,subcutaneous,,,,,C57BL/6J,mice,male,8,diet:high-fat,-7.1,7.0,0.63,liraglutide,106,NCT01272219,"ADULT,OLDER_ADULT",PHASE3,2432,3.0,1 + every 1 day,392,392,1176.0,no,subcutaneous,-5.36,1.7399999999999993
286,PMC9372155,0.09,1 + every 1 day,7,subcutaneous,,,,,C57BL/6J,mice,male,8,diet:high-fat,-7.1,7.0,0.63,liraglutide,107,NCT01272219,"ADULT,OLDER_ADULT",PHASE3,1467,3.0,1 + every 1 day,1120,1120,3360.0,no,subcutaneous,-4.25,2.8499999999999996
286,PMC9372155,0.09,1 + every 1 day,7,subcutaneous,,,,,C57BL/6J,mice,male,8,diet:high-fat,-7.1,7.0,0.63,liraglutide,108,NCT01272219,"ADULT,OLDER_ADULT",PHASE3,349,3.0,1 + every 1 day,476,476,1428.0,no,subcutaneous,-5.33,1.7699999999999996
286,PMC9372155,0.09,1 + every 1 day,7,subcutaneous,,,,,C57BL/6J,mice,male,8,diet:high-fat,-7.1,7.0,0.63,liraglutide,112,NCT01557166,ADULT,PHASE3,175,3.0,1 + every 1 day,224,224,672.0,no,subcutaneous,-4.201423866334764,2.8985761336652356
286,PMC9372155,0.09,1 + every 1 day,7,subcutaneous,,,,,C57BL/6J,mice,male,8,diet:high-fat,-7.1,7.0,0.63,liraglutide,120,NCT02918279,CHILD,PHASE3,125,3.0,1 + every 1 day,392,392,1176.0,no,subcutaneous,-3.6,3.4999999999999996
286,PMC9372155,0.09,1 + every 1 day,7,subcutaneous,,,,,C57BL/6J,mice,male,8,diet:high-fat,-7.1,7.0,0.63,liraglutide,127,NCT02527200,"CHILD,ADULT",PHASE3,17,3.0,1 + every 1 day,364,364,1092.0,no,subcutaneous,-2.6999999999999997,4.4
286,PMC9372155,0.09,1 + every 1 day,7,subcutaneous,,,,,C57BL/6J,mice,male,8,diet:high-fat,-7.1,7.0,0.63,liraglutide,128,NCT02527200,"CHILD,ADULT",PHASE3,14,3.0,1 + every 1 day,364,364,1092.0,no,subcutaneous,1.3999999999999995,8.5
286,PMC9372155,0.09,1 + every 1 day,7,subcutaneous,,,,,C57BL/6J,mice,male,8,diet:high-fat,-7.1,7.0,0.63,liraglutide,129,NCT02527200,"CHILD,ADULT",PHASE3,31,3.0,1 + every 1 day,364,364,1092.0,no,subcutaneous,-0.6999999999999997,6.4
286,PMC9372155,0.09,1 + every 1 day,7,subcutaneous,,,,,C57BL/6J,mice,male,8,diet:high-fat,-7.1,7.0,0.63,liraglutide,130,NCT00781937,"ADULT,OLDER_ADULT",PHASE3,194,3.0,1 + every 1 day,392,392,1176.0,no,subcutaneous,-6.0600000000000005,1.0399999999999991
286,PMC9372155,0.09,1 + every 1 day,7,subcutaneous,,,,,C57BL/6J,mice,male,8,diet:high-fat,-7.1,7.0,0.63,liraglutide,136,NCT04074161,"ADULT,OLDER_ADULT",PHASE3,117,3.0,1 + every 1 day,476,476,1428.0,no,subcutaneous,-4.800000000000001,2.299999999999999
286,PMC9372155,0.09,1 + every 1 day,7,subcutaneous,,,,,C57BL/6J,mice,male,8,diet:high-fat,-7.1,7.0,0.63,liraglutide,150,NCT02647944,"ADULT,OLDER_ADULT",PHASE2,19,3.0,1 + every 1 day,112,112,336.0,no,subcutaneous,-2.58819247874349,4.511807521256509
286,PMC9372155,0.09,1 + every 1 day,7,subcutaneous,,,,,C57BL/6J,mice,male,8,diet:high-fat,-7.1,7.0,0.63,liraglutide,155,NCT03486392,"ADULT,OLDER_ADULT",PHASE2,108,3.0,1 + every 1 day,182,182,546.0,no,subcutaneous,-5.78,1.3199999999999994
287,PMC9374709,0.4,1 + every 1 day,26,subcutaneous,28,112,,,C57BL/6NTac,mice,male,16,diet:high-fat,-12.03,26.0,10.4,liraglutide,35,NCT02453711,"ADULT,OLDER_ADULT",PHASE2,96,3.0,1 + every 1 day,364,364,1092.0,no,subcutaneous,-5.47,6.56
287,PMC9374709,0.4,1 + every 1 day,26,subcutaneous,28,112,,,C57BL/6NTac,mice,male,16,diet:high-fat,-12.03,26.0,10.4,liraglutide,51,NCT00422058,"ADULT,OLDER_ADULT",PHASE2,94,1.2,1 + every 1 day,140,140,168.0,no,subcutaneous,-2.2072087435352685,9.82279125646473
287,PMC9374709,0.4,1 + every 1 day,26,subcutaneous,28,112,,,C57BL/6NTac,mice,male,16,diet:high-fat,-12.03,26.0,10.4,liraglutide,52,NCT00422058,"ADULT,OLDER_ADULT",PHASE2,90,1.8,1 + every 1 day,140,140,252.0,no,subcutaneous,-2.9371604752653058,9.092839524734693
287,PMC9374709,0.4,1 + every 1 day,26,subcutaneous,28,112,,,C57BL/6NTac,mice,male,16,diet:high-fat,-12.03,26.0,10.4,liraglutide,53,NCT00422058,"ADULT,OLDER_ADULT",PHASE2,92,2.4,1 + every 1 day,140,140,336.0,no,subcutaneous,-3.6240693851707304,8.40593061482927
287,PMC9374709,0.4,1 + every 1 day,26,subcutaneous,28,112,,,C57BL/6NTac,mice,male,16,diet:high-fat,-12.03,26.0,10.4,liraglutide,54,NCT00422058,"ADULT,OLDER_ADULT",PHASE2,92,3.0,1 + every 1 day,140,140,420.0,no,subcutaneous,-4.711624106871794,7.318375893128206
287,PMC9374709,0.4,1 + every 1 day,26,subcutaneous,28,112,,,C57BL/6NTac,mice,male,16,diet:high-fat,-12.03,26.0,10.4,liraglutide,61,NCT03158805,"ADULT,OLDER_ADULT",PHASE2,29,3.0,1 + every 1 day,280,280,840.0,no,subcutaneous,-3.5,8.53
287,PMC9374709,0.4,1 + every 1 day,26,subcutaneous,28,112,,,C57BL/6NTac,mice,male,16,diet:high-fat,-12.03,26.0,10.4,liraglutide,102,NCT01272232,"ADULT,OLDER_ADULT",PHASE3,412,3.0,1 + every 1 day,392,392,1176.0,no,subcutaneous,-3.9000000000000004,8.129999999999999
287,PMC9374709,0.4,1 + every 1 day,26,subcutaneous,28,112,,,C57BL/6NTac,mice,male,16,diet:high-fat,-12.03,26.0,10.4,liraglutide,103,NCT01272232,"ADULT,OLDER_ADULT",PHASE3,204,1.8,1 + every 1 day,392,392,705.6,no,subcutaneous,-2.5999999999999996,9.43
287,PMC9374709,0.4,1 + every 1 day,26,subcutaneous,28,112,,,C57BL/6NTac,mice,male,16,diet:high-fat,-12.03,26.0,10.4,liraglutide,106,NCT01272219,"ADULT,OLDER_ADULT",PHASE3,2432,3.0,1 + every 1 day,392,392,1176.0,no,subcutaneous,-5.36,6.669999999999999
287,PMC9374709,0.4,1 + every 1 day,26,subcutaneous,28,112,,,C57BL/6NTac,mice,male,16,diet:high-fat,-12.03,26.0,10.4,liraglutide,107,NCT01272219,"ADULT,OLDER_ADULT",PHASE3,1467,3.0,1 + every 1 day,1120,1120,3360.0,no,subcutaneous,-4.25,7.779999999999999
287,PMC9374709,0.4,1 + every 1 day,26,subcutaneous,28,112,,,C57BL/6NTac,mice,male,16,diet:high-fat,-12.03,26.0,10.4,liraglutide,108,NCT01272219,"ADULT,OLDER_ADULT",PHASE3,349,3.0,1 + every 1 day,476,476,1428.0,no,subcutaneous,-5.33,6.699999999999999
287,PMC9374709,0.4,1 + every 1 day,26,subcutaneous,28,112,,,C57BL/6NTac,mice,male,16,diet:high-fat,-12.03,26.0,10.4,liraglutide,112,NCT01557166,ADULT,PHASE3,175,3.0,1 + every 1 day,224,224,672.0,no,subcutaneous,-4.201423866334764,7.828576133665235
287,PMC9374709,0.4,1 + every 1 day,26,subcutaneous,28,112,,,C57BL/6NTac,mice,male,16,diet:high-fat,-12.03,26.0,10.4,liraglutide,120,NCT02918279,CHILD,PHASE3,125,3.0,1 + every 1 day,392,392,1176.0,no,subcutaneous,-3.6,8.43
287,PMC9374709,0.4,1 + every 1 day,26,subcutaneous,28,112,,,C57BL/6NTac,mice,male,16,diet:high-fat,-12.03,26.0,10.4,liraglutide,127,NCT02527200,"CHILD,ADULT",PHASE3,17,3.0,1 + every 1 day,364,364,1092.0,no,subcutaneous,-2.6999999999999997,9.33
287,PMC9374709,0.4,1 + every 1 day,26,subcutaneous,28,112,,,C57BL/6NTac,mice,male,16,diet:high-fat,-12.03,26.0,10.4,liraglutide,128,NCT02527200,"CHILD,ADULT",PHASE3,14,3.0,1 + every 1 day,364,364,1092.0,no,subcutaneous,1.3999999999999995,13.43
287,PMC9374709,0.4,1 + every 1 day,26,subcutaneous,28,112,,,C57BL/6NTac,mice,male,16,diet:high-fat,-12.03,26.0,10.4,liraglutide,129,NCT02527200,"CHILD,ADULT",PHASE3,31,3.0,1 + every 1 day,364,364,1092.0,no,subcutaneous,-0.6999999999999997,11.33
287,PMC9374709,0.4,1 + every 1 day,26,subcutaneous,28,112,,,C57BL/6NTac,mice,male,16,diet:high-fat,-12.03,26.0,10.4,liraglutide,130,NCT00781937,"ADULT,OLDER_ADULT",PHASE3,194,3.0,1 + every 1 day,392,392,1176.0,no,subcutaneous,-6.0600000000000005,5.969999999999999
287,PMC9374709,0.4,1 + every 1 day,26,subcutaneous,28,112,,,C57BL/6NTac,mice,male,16,diet:high-fat,-12.03,26.0,10.4,liraglutide,136,NCT04074161,"ADULT,OLDER_ADULT",PHASE3,117,3.0,1 + every 1 day,476,476,1428.0,no,subcutaneous,-4.800000000000001,7.229999999999999
287,PMC9374709,0.4,1 + every 1 day,26,subcutaneous,28,112,,,C57BL/6NTac,mice,male,16,diet:high-fat,-12.03,26.0,10.4,liraglutide,150,NCT02647944,"ADULT,OLDER_ADULT",PHASE2,19,3.0,1 + every 1 day,112,112,336.0,no,subcutaneous,-2.58819247874349,9.441807521256509
287,PMC9374709,0.4,1 + every 1 day,26,subcutaneous,28,112,,,C57BL/6NTac,mice,male,16,diet:high-fat,-12.03,26.0,10.4,liraglutide,155,NCT03486392,"ADULT,OLDER_ADULT",PHASE2,108,3.0,1 + every 1 day,182,182,546.0,no,subcutaneous,-5.78,6.249999999999999
288,PMC9374709,0.4,1 + every 1 day,26,subcutaneous,28,112,,,C57BL/6NRj,mice,male,23,diet:high-fat,-14.0,26.0,10.4,liraglutide,35,NCT02453711,"ADULT,OLDER_ADULT",PHASE2,96,3.0,1 + every 1 day,364,364,1092.0,no,subcutaneous,-5.47,8.530000000000001
288,PMC9374709,0.4,1 + every 1 day,26,subcutaneous,28,112,,,C57BL/6NRj,mice,male,23,diet:high-fat,-14.0,26.0,10.4,liraglutide,51,NCT00422058,"ADULT,OLDER_ADULT",PHASE2,94,1.2,1 + every 1 day,140,140,168.0,no,subcutaneous,-2.2072087435352685,11.792791256464731
288,PMC9374709,0.4,1 + every 1 day,26,subcutaneous,28,112,,,C57BL/6NRj,mice,male,23,diet:high-fat,-14.0,26.0,10.4,liraglutide,52,NCT00422058,"ADULT,OLDER_ADULT",PHASE2,90,1.8,1 + every 1 day,140,140,252.0,no,subcutaneous,-2.9371604752653058,11.062839524734695
288,PMC9374709,0.4,1 + every 1 day,26,subcutaneous,28,112,,,C57BL/6NRj,mice,male,23,diet:high-fat,-14.0,26.0,10.4,liraglutide,53,NCT00422058,"ADULT,OLDER_ADULT",PHASE2,92,2.4,1 + every 1 day,140,140,336.0,no,subcutaneous,-3.6240693851707304,10.375930614829269
288,PMC9374709,0.4,1 + every 1 day,26,subcutaneous,28,112,,,C57BL/6NRj,mice,male,23,diet:high-fat,-14.0,26.0,10.4,liraglutide,54,NCT00422058,"ADULT,OLDER_ADULT",PHASE2,92,3.0,1 + every 1 day,140,140,420.0,no,subcutaneous,-4.711624106871794,9.288375893128206
288,PMC9374709,0.4,1 + every 1 day,26,subcutaneous,28,112,,,C57BL/6NRj,mice,male,23,diet:high-fat,-14.0,26.0,10.4,liraglutide,61,NCT03158805,"ADULT,OLDER_ADULT",PHASE2,29,3.0,1 + every 1 day,280,280,840.0,no,subcutaneous,-3.5,10.5
288,PMC9374709,0.4,1 + every 1 day,26,subcutaneous,28,112,,,C57BL/6NRj,mice,male,23,diet:high-fat,-14.0,26.0,10.4,liraglutide,102,NCT01272232,"ADULT,OLDER_ADULT",PHASE3,412,3.0,1 + every 1 day,392,392,1176.0,no,subcutaneous,-3.9000000000000004,10.1
288,PMC9374709,0.4,1 + every 1 day,26,subcutaneous,28,112,,,C57BL/6NRj,mice,male,23,diet:high-fat,-14.0,26.0,10.4,liraglutide,103,NCT01272232,"ADULT,OLDER_ADULT",PHASE3,204,1.8,1 + every 1 day,392,392,705.6,no,subcutaneous,-2.5999999999999996,11.4
288,PMC9374709,0.4,1 + every 1 day,26,subcutaneous,28,112,,,C57BL/6NRj,mice,male,23,diet:high-fat,-14.0,26.0,10.4,liraglutide,106,NCT01272219,"ADULT,OLDER_ADULT",PHASE3,2432,3.0,1 + every 1 day,392,392,1176.0,no,subcutaneous,-5.36,8.64
288,PMC9374709,0.4,1 + every 1 day,26,subcutaneous,28,112,,,C57BL/6NRj,mice,male,23,diet:high-fat,-14.0,26.0,10.4,liraglutide,107,NCT01272219,"ADULT,OLDER_ADULT",PHASE3,1467,3.0,1 + every 1 day,1120,1120,3360.0,no,subcutaneous,-4.25,9.75
288,PMC9374709,0.4,1 + every 1 day,26,subcutaneous,28,112,,,C57BL/6NRj,mice,male,23,diet:high-fat,-14.0,26.0,10.4,liraglutide,108,NCT01272219,"ADULT,OLDER_ADULT",PHASE3,349,3.0,1 + every 1 day,476,476,1428.0,no,subcutaneous,-5.33,8.67
288,PMC9374709,0.4,1 + every 1 day,26,subcutaneous,28,112,,,C57BL/6NRj,mice,male,23,diet:high-fat,-14.0,26.0,10.4,liraglutide,112,NCT01557166,ADULT,PHASE3,175,3.0,1 + every 1 day,224,224,672.0,no,subcutaneous,-4.201423866334764,9.798576133665236
288,PMC9374709,0.4,1 + every 1 day,26,subcutaneous,28,112,,,C57BL/6NRj,mice,male,23,diet:high-fat,-14.0,26.0,10.4,liraglutide,120,NCT02918279,CHILD,PHASE3,125,3.0,1 + every 1 day,392,392,1176.0,no,subcutaneous,-3.6,10.4
288,PMC9374709,0.4,1 + every 1 day,26,subcutaneous,28,112,,,C57BL/6NRj,mice,male,23,diet:high-fat,-14.0,26.0,10.4,liraglutide,127,NCT02527200,"CHILD,ADULT",PHASE3,17,3.0,1 + every 1 day,364,364,1092.0,no,subcutaneous,-2.6999999999999997,11.3
288,PMC9374709,0.4,1 + every 1 day,26,subcutaneous,28,112,,,C57BL/6NRj,mice,male,23,diet:high-fat,-14.0,26.0,10.4,liraglutide,128,NCT02527200,"CHILD,ADULT",PHASE3,14,3.0,1 + every 1 day,364,364,1092.0,no,subcutaneous,1.3999999999999995,15.399999999999999
288,PMC9374709,0.4,1 + every 1 day,26,subcutaneous,28,112,,,C57BL/6NRj,mice,male,23,diet:high-fat,-14.0,26.0,10.4,liraglutide,129,NCT02527200,"CHILD,ADULT",PHASE3,31,3.0,1 + every 1 day,364,364,1092.0,no,subcutaneous,-0.6999999999999997,13.3
288,PMC9374709,0.4,1 + every 1 day,26,subcutaneous,28,112,,,C57BL/6NRj,mice,male,23,diet:high-fat,-14.0,26.0,10.4,liraglutide,130,NCT00781937,"ADULT,OLDER_ADULT",PHASE3,194,3.0,1 + every 1 day,392,392,1176.0,no,subcutaneous,-6.0600000000000005,7.9399999999999995
288,PMC9374709,0.4,1 + every 1 day,26,subcutaneous,28,112,,,C57BL/6NRj,mice,male,23,diet:high-fat,-14.0,26.0,10.4,liraglutide,136,NCT04074161,"ADULT,OLDER_ADULT",PHASE3,117,3.0,1 + every 1 day,476,476,1428.0,no,subcutaneous,-4.800000000000001,9.2
288,PMC9374709,0.4,1 + every 1 day,26,subcutaneous,28,112,,,C57BL/6NRj,mice,male,23,diet:high-fat,-14.0,26.0,10.4,liraglutide,150,NCT02647944,"ADULT,OLDER_ADULT",PHASE2,19,3.0,1 + every 1 day,112,112,336.0,no,subcutaneous,-2.58819247874349,11.41180752125651
288,PMC9374709,0.4,1 + every 1 day,26,subcutaneous,28,112,,,C57BL/6NRj,mice,male,23,diet:high-fat,-14.0,26.0,10.4,liraglutide,155,NCT03486392,"ADULT,OLDER_ADULT",PHASE2,108,3.0,1 + every 1 day,182,182,546.0,no,subcutaneous,-5.78,8.219999999999999
289,PMC9421266,120,1 + every 1 day,56,gavage,21,105,,30.0,C57BL/6J,mice,male,20,diet:high-fat,-16.666666666666664,56.0,6720.0,orlistat,111,NCT00752726,ADULT,PHASE4,54,60.0,3 + every 1 day,168,504,30240.0,no,oral,-2.3112294985822937,14.355437168084372
290,PMC9468927,100,1 + every 1 day,28,oral,21,105,11.8,31.5,C57BL/6,mice,male,8,diet:high-fat,-9.523809523809524,28.0,2800.0,orlistat,111,NCT00752726,ADULT,PHASE4,54,60.0,3 + every 1 day,168,504,30240.0,no,oral,-2.3112294985822937,7.21258002522723
291,PMC9499462,10,1 + every 1 day,42,oral gavage,63,105,205.0,228.4,Sprague–Dawley,rats,male,6,diet:high-fat+high-cholesterol,-26.039387308533925,42.0,420.0,orlistat,111,NCT00752726,ADULT,PHASE4,54,60.0,3 + every 1 day,168,504,30240.0,no,oral,-2.3112294985822937,23.728157809951632
292,PMC9499566,250,1 + every 1 day,56,oral,56,119,,49.0,ICR,mice,male,8,diet:high-fat+high-sugar,-14.549180327868855,56.0,14000.0,metformin,151,NCT00005669,CHILD,PHASE2,53,2000.0,2 + every 1 day,180,360,720000.0,no,oral,-4.1308475663664925,10.418332761502363
294,PMC9587290,10,1 + every 1 day,14,oral gavage,35,35,,133.0,SDT fatty,rats,male,8,genetic,-2.238805970149249,14.0,140.0,canagliflozin,45,NCT00650806,"ADULT,OLDER_ADULT",PHASE2,95,50.0,1 + every 1 day,84,84,4200.0,no,oral,-0.8999999999999999,1.3388059701492492
294,PMC9587290,10,1 + every 1 day,14,oral gavage,35,35,,133.0,SDT fatty,rats,male,8,genetic,-2.238805970149249,14.0,140.0,canagliflozin,46,NCT00650806,"ADULT,OLDER_ADULT",PHASE2,85,100.0,1 + every 1 day,84,84,8400.0,no,oral,-1.6999999999999997,0.5388059701492494
294,PMC9587290,10,1 + every 1 day,14,oral gavage,35,35,,133.0,SDT fatty,rats,male,8,genetic,-2.238805970149249,14.0,140.0,canagliflozin,47,NCT00650806,"ADULT,OLDER_ADULT",PHASE2,93,300.0,1 + every 1 day,84,84,25200.0,no,oral,-1.4,0.8388059701492492
294,PMC9587290,10,1 + every 1 day,14,oral gavage,35,35,,133.0,SDT fatty,rats,male,8,genetic,-2.238805970149249,14.0,140.0,canagliflozin,68,NCT02243202,"ADULT,OLDER_ADULT",PHASE2,78,300.0,1 + every 1 day,182,182,54600.0,no,oral,-1.2999999999999998,0.9388059701492493
295,PMC9592694,150,1 + every 1 day,56,intraperitoneal,49,126,,,C57BL/6,mice,male,6,diet:high-fat,-10.0,56.0,8400.0,metformin,151,NCT00005669,CHILD,PHASE2,53,2000.0,2 + every 1 day,180,360,720000.0,no,oral,-4.1308475663664925,5.8691524336335075
296,PMC9611607,250,1 + every 1 day,28,oral,,,,37.6,C57BL/6,mice,male,10,diet:high-fat,-5.319148936170214,28.0,7000.0,metformin,151,NCT00005669,CHILD,PHASE2,53,2000.0,2 + every 1 day,180,360,720000.0,no,oral,-4.1308475663664925,1.188301369803721
297,PMC9676360,0.12340923,1 + every 1 day,84,subcutaneous,42,126,,40.0,C57BL/6J,mice,male,8,diet:high-fat,-30.000000000000004,84.0,10.36637532,semaglutide,16,NCT03611582,"ADULT,OLDER_ADULT",PHASE3,407,2.4,1 + every 7 days,476,68,163.2,no,subcutaneous,-11.500000000000002,18.5
297,PMC9676360,0.12340923,1 + every 1 day,84,subcutaneous,42,126,,40.0,C57BL/6J,mice,male,8,diet:high-fat,-30.000000000000004,84.0,10.36637532,semaglutide,28,NCT02453711,"ADULT,OLDER_ADULT",PHASE2,92,0.05,1 + every 1 day,364,364,18.2,no,subcutaneous,-3.7,26.300000000000004
297,PMC9676360,0.12340923,1 + every 1 day,84,subcutaneous,42,126,,40.0,C57BL/6J,mice,male,8,diet:high-fat,-30.000000000000004,84.0,10.36637532,semaglutide,29,NCT02453711,"ADULT,OLDER_ADULT",PHASE2,96,0.1,1 + every 1 day,364,364,36.4,no,subcutaneous,-6.329999999999999,23.670000000000005
297,PMC9676360,0.12340923,1 + every 1 day,84,subcutaneous,42,126,,40.0,C57BL/6J,mice,male,8,diet:high-fat,-30.000000000000004,84.0,10.36637532,semaglutide,30,NCT02453711,"ADULT,OLDER_ADULT",PHASE2,94,0.2,1 + every 1 day,364,364,72.8,no,subcutaneous,-9.309999999999999,20.690000000000005
297,PMC9676360,0.12340923,1 + every 1 day,84,subcutaneous,42,126,,40.0,C57BL/6J,mice,male,8,diet:high-fat,-30.000000000000004,84.0,10.36637532,semaglutide,31,NCT02453711,"ADULT,OLDER_ADULT",PHASE2,95,0.3,1 + every 1 day,364,364,109.2,no,subcutaneous,-8.879999999999999,21.120000000000005
297,PMC9676360,0.12340923,1 + every 1 day,84,subcutaneous,42,126,,40.0,C57BL/6J,mice,male,8,diet:high-fat,-30.000000000000004,84.0,10.36637532,semaglutide,32,NCT02453711,"ADULT,OLDER_ADULT",PHASE2,100,0.4,1 + every 1 day,364,364,145.6,no,subcutaneous,-11.55,18.450000000000003
297,PMC9676360,0.12340923,1 + every 1 day,84,subcutaneous,42,126,,40.0,C57BL/6J,mice,male,8,diet:high-fat,-30.000000000000004,84.0,10.36637532,semaglutide,33,NCT02453711,"ADULT,OLDER_ADULT",PHASE2,95,0.3,1 + every 1 day,364,364,109.2,no,subcutaneous,-9.09,20.910000000000004
297,PMC9676360,0.12340923,1 + every 1 day,84,subcutaneous,42,126,,40.0,C57BL/6J,mice,male,8,diet:high-fat,-30.000000000000004,84.0,10.36637532,semaglutide,34,NCT02453711,"ADULT,OLDER_ADULT",PHASE2,100,0.4,1 + every 1 day,364,364,145.6,no,subcutaneous,-14.0,16.000000000000004
297,PMC9676360,0.12340923,1 + every 1 day,84,subcutaneous,42,126,,40.0,C57BL/6J,mice,male,8,diet:high-fat,-30.000000000000004,84.0,10.36637532,semaglutide,44,NCT04788511,"ADULT,OLDER_ADULT",PHASE3,246,2.4,1 + every 7 days,364,52,124.8,no,subcutaneous,-11.4,18.6
297,PMC9676360,0.12340923,1 + every 1 day,84,subcutaneous,42,126,,40.0,C57BL/6J,mice,male,8,diet:high-fat,-30.000000000000004,84.0,10.36637532,semaglutide,62,NCT03574597,"ADULT,OLDER_ADULT",PHASE3,7474,2.4,1 + every 7 days,728,104,249.6,no,subcutaneous,-8.520000000000001,21.480000000000004
297,PMC9676360,0.12340923,1 + every 1 day,84,subcutaneous,42,126,,40.0,C57BL/6J,mice,male,8,diet:high-fat,-30.000000000000004,84.0,10.36637532,semaglutide,63,NCT03811574,"ADULT,OLDER_ADULT",PHASE3,98,1.7,1 + every 7 days,476,68,115.6,no,subcutaneous,-8.0,22.000000000000004
297,PMC9676360,0.12340923,1 + every 1 day,84,subcutaneous,42,126,,40.0,C57BL/6J,mice,male,8,diet:high-fat,-30.000000000000004,84.0,10.36637532,semaglutide,64,NCT03811574,"ADULT,OLDER_ADULT",PHASE3,193,2.4,1 + every 7 days,476,68,163.2,no,subcutaneous,-11.5,18.500000000000004
297,PMC9676360,0.12340923,1 + every 1 day,84,subcutaneous,42,126,,40.0,C57BL/6J,mice,male,8,diet:high-fat,-30.000000000000004,84.0,10.36637532,semaglutide,99,NCT03548987,"ADULT,OLDER_ADULT",PHASE3,535,2.4,1 + every 7 days,336,48,115.19999999999999,no,subcutaneous,-14.9,15.100000000000003
297,PMC9676360,0.12340923,1 + every 1 day,84,subcutaneous,42,126,,40.0,C57BL/6J,mice,male,8,diet:high-fat,-30.000000000000004,84.0,10.36637532,semaglutide,101,NCT03548987,"ADULT,OLDER_ADULT",PHASE3,520,2.4,1 + every 7 days,336,48,115.19999999999999,no,subcutaneous,-12.299999999999999,17.700000000000003
297,PMC9676360,0.12340923,1 + every 1 day,84,subcutaneous,42,126,,40.0,C57BL/6J,mice,male,8,diet:high-fat,-30.000000000000004,84.0,10.36637532,semaglutide,104,NCT04251156,"ADULT,OLDER_ADULT",PHASE3,238,2.4,1 + every 7 days,308,44,105.6,no,subcutaneous,-8.9,21.1
297,PMC9676360,0.12340923,1 + every 1 day,84,subcutaneous,42,126,,40.0,C57BL/6J,mice,male,8,diet:high-fat,-30.000000000000004,84.0,10.36637532,semaglutide,114,NCT04102189,CHILD,PHASE3,131,2.4,1 + every 7 days,476,68,163.2,no,subcutaneous,-17.1,12.900000000000002
297,PMC9676360,0.12340923,1 + every 1 day,84,subcutaneous,42,126,,40.0,C57BL/6J,mice,male,8,diet:high-fat,-30.000000000000004,84.0,10.36637532,semaglutide,115,NCT03693430,"CHILD,ADULT,OLDER_ADULT",PHASE3,144,2.4,1 + every 7 days,728,104,249.6,no,subcutaneous,-11.600000000000001,18.400000000000002
297,PMC9676360,0.12340923,1 + every 1 day,84,subcutaneous,42,126,,40.0,C57BL/6J,mice,male,8,diet:high-fat,-30.000000000000004,84.0,10.36637532,semaglutide,117,NCT03693430,"CHILD,ADULT,OLDER_ADULT",PHASE3,149,2.4,1 + every 7 days,364,52,124.8,no,subcutaneous,-12.5,17.500000000000004
297,PMC9676360,0.12340923,1 + every 1 day,84,subcutaneous,42,126,,40.0,C57BL/6J,mice,male,8,diet:high-fat,-30.000000000000004,84.0,10.36637532,semaglutide,135,NCT04074161,"ADULT,OLDER_ADULT",PHASE3,117,2.4,1 + every 7 days,476,68,163.2,no,subcutaneous,-14.799999999999999,15.200000000000005
298,PMC9679702,0.012696000000000002,1 + every 1 day,30,subcutaneous,112,154,,,C57BL/6J,mice,male,11,diet:high-fat,-11.0,30.0,0.38088000000000005,survodutide,0,NCT04667377,"ADULT,OLDER_ADULT",PHASE2,76,0.6,1 + every 7 days,322,46,27.599999999999998,no,subcutaneous,-3.3700000000000006,7.629999999999999
298,PMC9679702,0.012696000000000002,1 + every 1 day,30,subcutaneous,112,154,,,C57BL/6J,mice,male,11,diet:high-fat,-11.0,30.0,0.38088000000000005,survodutide,1,NCT04667377,"ADULT,OLDER_ADULT",PHASE2,78,2.4,1 + every 7 days,182,26,62.4,no,subcutaneous,-9.69,1.3100000000000005
298,PMC9679702,0.012696000000000002,1 + every 1 day,30,subcutaneous,112,154,,,C57BL/6J,mice,male,11,diet:high-fat,-11.0,30.0,0.38088000000000005,survodutide,2,NCT04667377,"ADULT,OLDER_ADULT",PHASE2,76,3.6,1 + every 7 days,182,26,93.60000000000001,no,subcutaneous,-10.4,0.5999999999999996
298,PMC9679702,0.012696000000000002,1 + every 1 day,30,subcutaneous,112,154,,,C57BL/6J,mice,male,11,diet:high-fat,-11.0,30.0,0.38088000000000005,survodutide,3,NCT04667377,"ADULT,OLDER_ADULT",PHASE2,76,4.8,1 + every 7 days,182,26,124.8,no,subcutaneous,-12.12,-1.1199999999999992
299,PMC9679702,0.04232,1 + every 1 day,30,subcutaneous,112,154,,,C57BL/6J,mice,male,11,diet:high-fat,-15.0,30.0,1.2696,survodutide,0,NCT04667377,"ADULT,OLDER_ADULT",PHASE2,76,0.6,1 + every 7 days,322,46,27.599999999999998,no,subcutaneous,-3.3700000000000006,11.629999999999999
299,PMC9679702,0.04232,1 + every 1 day,30,subcutaneous,112,154,,,C57BL/6J,mice,male,11,diet:high-fat,-15.0,30.0,1.2696,survodutide,1,NCT04667377,"ADULT,OLDER_ADULT",PHASE2,78,2.4,1 + every 7 days,182,26,62.4,no,subcutaneous,-9.69,5.3100000000000005
299,PMC9679702,0.04232,1 + every 1 day,30,subcutaneous,112,154,,,C57BL/6J,mice,male,11,diet:high-fat,-15.0,30.0,1.2696,survodutide,2,NCT04667377,"ADULT,OLDER_ADULT",PHASE2,76,3.6,1 + every 7 days,182,26,93.60000000000001,no,subcutaneous,-10.4,4.6
299,PMC9679702,0.04232,1 + every 1 day,30,subcutaneous,112,154,,,C57BL/6J,mice,male,11,diet:high-fat,-15.0,30.0,1.2696,survodutide,3,NCT04667377,"ADULT,OLDER_ADULT",PHASE2,76,4.8,1 + every 7 days,182,26,124.8,no,subcutaneous,-12.12,2.880000000000001
300,PMC9679702,0.08464,1 + every 1 day,30,subcutaneous,112,154,,,C57BL/6J,mice,male,11,diet:high-fat,-23.0,30.0,2.5392,survodutide,0,NCT04667377,"ADULT,OLDER_ADULT",PHASE2,76,0.6,1 + every 7 days,322,46,27.599999999999998,no,subcutaneous,-3.3700000000000006,19.63
300,PMC9679702,0.08464,1 + every 1 day,30,subcutaneous,112,154,,,C57BL/6J,mice,male,11,diet:high-fat,-23.0,30.0,2.5392,survodutide,1,NCT04667377,"ADULT,OLDER_ADULT",PHASE2,78,2.4,1 + every 7 days,182,26,62.4,no,subcutaneous,-9.69,13.31
300,PMC9679702,0.08464,1 + every 1 day,30,subcutaneous,112,154,,,C57BL/6J,mice,male,11,diet:high-fat,-23.0,30.0,2.5392,survodutide,2,NCT04667377,"ADULT,OLDER_ADULT",PHASE2,76,3.6,1 + every 7 days,182,26,93.60000000000001,no,subcutaneous,-10.4,12.6
300,PMC9679702,0.08464,1 + every 1 day,30,subcutaneous,112,154,,,C57BL/6J,mice,male,11,diet:high-fat,-23.0,30.0,2.5392,survodutide,3,NCT04667377,"ADULT,OLDER_ADULT",PHASE2,76,4.8,1 + every 7 days,182,26,124.8,no,subcutaneous,-12.12,10.88
301,PMC9679702,0.12696000000000002,1 + every 1 day,30,subcutaneous,112,154,,,C57BL/6J,mice,male,11,diet:high-fat,-32.0,30.0,3.8088000000000006,survodutide,0,NCT04667377,"ADULT,OLDER_ADULT",PHASE2,76,0.6,1 + every 7 days,322,46,27.599999999999998,no,subcutaneous,-3.3700000000000006,28.63
301,PMC9679702,0.12696000000000002,1 + every 1 day,30,subcutaneous,112,154,,,C57BL/6J,mice,male,11,diet:high-fat,-32.0,30.0,3.8088000000000006,survodutide,1,NCT04667377,"ADULT,OLDER_ADULT",PHASE2,78,2.4,1 + every 7 days,182,26,62.4,no,subcutaneous,-9.69,22.310000000000002
301,PMC9679702,0.12696000000000002,1 + every 1 day,30,subcutaneous,112,154,,,C57BL/6J,mice,male,11,diet:high-fat,-32.0,30.0,3.8088000000000006,survodutide,2,NCT04667377,"ADULT,OLDER_ADULT",PHASE2,76,3.6,1 + every 7 days,182,26,93.60000000000001,no,subcutaneous,-10.4,21.6
301,PMC9679702,0.12696000000000002,1 + every 1 day,30,subcutaneous,112,154,,,C57BL/6J,mice,male,11,diet:high-fat,-32.0,30.0,3.8088000000000006,survodutide,3,NCT04667377,"ADULT,OLDER_ADULT",PHASE2,76,4.8,1 + every 7 days,182,26,124.8,no,subcutaneous,-12.12,19.880000000000003
302,PMC9679702,0.08227282,1 + every 1 day,30,subcutaneous,112,154,,,C57BL/6J,mice,male,11,diet:high-fat,-25.0,30.0,2.4681846,semaglutide,16,NCT03611582,"ADULT,OLDER_ADULT",PHASE3,407,2.4,1 + every 7 days,476,68,163.2,no,subcutaneous,-11.500000000000002,13.499999999999998
302,PMC9679702,0.08227282,1 + every 1 day,30,subcutaneous,112,154,,,C57BL/6J,mice,male,11,diet:high-fat,-25.0,30.0,2.4681846,semaglutide,28,NCT02453711,"ADULT,OLDER_ADULT",PHASE2,92,0.05,1 + every 1 day,364,364,18.2,no,subcutaneous,-3.7,21.3
302,PMC9679702,0.08227282,1 + every 1 day,30,subcutaneous,112,154,,,C57BL/6J,mice,male,11,diet:high-fat,-25.0,30.0,2.4681846,semaglutide,29,NCT02453711,"ADULT,OLDER_ADULT",PHASE2,96,0.1,1 + every 1 day,364,364,36.4,no,subcutaneous,-6.329999999999999,18.67
302,PMC9679702,0.08227282,1 + every 1 day,30,subcutaneous,112,154,,,C57BL/6J,mice,male,11,diet:high-fat,-25.0,30.0,2.4681846,semaglutide,30,NCT02453711,"ADULT,OLDER_ADULT",PHASE2,94,0.2,1 + every 1 day,364,364,72.8,no,subcutaneous,-9.309999999999999,15.690000000000001
302,PMC9679702,0.08227282,1 + every 1 day,30,subcutaneous,112,154,,,C57BL/6J,mice,male,11,diet:high-fat,-25.0,30.0,2.4681846,semaglutide,31,NCT02453711,"ADULT,OLDER_ADULT",PHASE2,95,0.3,1 + every 1 day,364,364,109.2,no,subcutaneous,-8.879999999999999,16.12
302,PMC9679702,0.08227282,1 + every 1 day,30,subcutaneous,112,154,,,C57BL/6J,mice,male,11,diet:high-fat,-25.0,30.0,2.4681846,semaglutide,32,NCT02453711,"ADULT,OLDER_ADULT",PHASE2,100,0.4,1 + every 1 day,364,364,145.6,no,subcutaneous,-11.55,13.45
302,PMC9679702,0.08227282,1 + every 1 day,30,subcutaneous,112,154,,,C57BL/6J,mice,male,11,diet:high-fat,-25.0,30.0,2.4681846,semaglutide,33,NCT02453711,"ADULT,OLDER_ADULT",PHASE2,95,0.3,1 + every 1 day,364,364,109.2,no,subcutaneous,-9.09,15.91
302,PMC9679702,0.08227282,1 + every 1 day,30,subcutaneous,112,154,,,C57BL/6J,mice,male,11,diet:high-fat,-25.0,30.0,2.4681846,semaglutide,34,NCT02453711,"ADULT,OLDER_ADULT",PHASE2,100,0.4,1 + every 1 day,364,364,145.6,no,subcutaneous,-14.0,11.0
302,PMC9679702,0.08227282,1 + every 1 day,30,subcutaneous,112,154,,,C57BL/6J,mice,male,11,diet:high-fat,-25.0,30.0,2.4681846,semaglutide,44,NCT04788511,"ADULT,OLDER_ADULT",PHASE3,246,2.4,1 + every 7 days,364,52,124.8,no,subcutaneous,-11.4,13.6
302,PMC9679702,0.08227282,1 + every 1 day,30,subcutaneous,112,154,,,C57BL/6J,mice,male,11,diet:high-fat,-25.0,30.0,2.4681846,semaglutide,62,NCT03574597,"ADULT,OLDER_ADULT",PHASE3,7474,2.4,1 + every 7 days,728,104,249.6,no,subcutaneous,-8.520000000000001,16.479999999999997
302,PMC9679702,0.08227282,1 + every 1 day,30,subcutaneous,112,154,,,C57BL/6J,mice,male,11,diet:high-fat,-25.0,30.0,2.4681846,semaglutide,63,NCT03811574,"ADULT,OLDER_ADULT",PHASE3,98,1.7,1 + every 7 days,476,68,115.6,no,subcutaneous,-8.0,17.0
302,PMC9679702,0.08227282,1 + every 1 day,30,subcutaneous,112,154,,,C57BL/6J,mice,male,11,diet:high-fat,-25.0,30.0,2.4681846,semaglutide,64,NCT03811574,"ADULT,OLDER_ADULT",PHASE3,193,2.4,1 + every 7 days,476,68,163.2,no,subcutaneous,-11.5,13.5
302,PMC9679702,0.08227282,1 + every 1 day,30,subcutaneous,112,154,,,C57BL/6J,mice,male,11,diet:high-fat,-25.0,30.0,2.4681846,semaglutide,99,NCT03548987,"ADULT,OLDER_ADULT",PHASE3,535,2.4,1 + every 7 days,336,48,115.19999999999999,no,subcutaneous,-14.9,10.1
302,PMC9679702,0.08227282,1 + every 1 day,30,subcutaneous,112,154,,,C57BL/6J,mice,male,11,diet:high-fat,-25.0,30.0,2.4681846,semaglutide,101,NCT03548987,"ADULT,OLDER_ADULT",PHASE3,520,2.4,1 + every 7 days,336,48,115.19999999999999,no,subcutaneous,-12.299999999999999,12.700000000000001
302,PMC9679702,0.08227282,1 + every 1 day,30,subcutaneous,112,154,,,C57BL/6J,mice,male,11,diet:high-fat,-25.0,30.0,2.4681846,semaglutide,104,NCT04251156,"ADULT,OLDER_ADULT",PHASE3,238,2.4,1 + every 7 days,308,44,105.6,no,subcutaneous,-8.9,16.1
302,PMC9679702,0.08227282,1 + every 1 day,30,subcutaneous,112,154,,,C57BL/6J,mice,male,11,diet:high-fat,-25.0,30.0,2.4681846,semaglutide,114,NCT04102189,CHILD,PHASE3,131,2.4,1 + every 7 days,476,68,163.2,no,subcutaneous,-17.1,7.899999999999999
302,PMC9679702,0.08227282,1 + every 1 day,30,subcutaneous,112,154,,,C57BL/6J,mice,male,11,diet:high-fat,-25.0,30.0,2.4681846,semaglutide,115,NCT03693430,"CHILD,ADULT,OLDER_ADULT",PHASE3,144,2.4,1 + every 7 days,728,104,249.6,no,subcutaneous,-11.600000000000001,13.399999999999999
302,PMC9679702,0.08227282,1 + every 1 day,30,subcutaneous,112,154,,,C57BL/6J,mice,male,11,diet:high-fat,-25.0,30.0,2.4681846,semaglutide,117,NCT03693430,"CHILD,ADULT,OLDER_ADULT",PHASE3,149,2.4,1 + every 7 days,364,52,124.8,no,subcutaneous,-12.5,12.5
302,PMC9679702,0.08227282,1 + every 1 day,30,subcutaneous,112,154,,,C57BL/6J,mice,male,11,diet:high-fat,-25.0,30.0,2.4681846,semaglutide,135,NCT04074161,"ADULT,OLDER_ADULT",PHASE3,117,2.4,1 + every 7 days,476,68,163.2,no,subcutaneous,-14.799999999999999,10.200000000000001
303,PMC9679702,0.41136409999999995,1 + every 1 day,30,subcutaneous,112,154,,,C57BL/6J,mice,male,11,diet:high-fat,-27.0,30.0,12.340922999999998,semaglutide,16,NCT03611582,"ADULT,OLDER_ADULT",PHASE3,407,2.4,1 + every 7 days,476,68,163.2,no,subcutaneous,-11.500000000000002,15.499999999999998
303,PMC9679702,0.41136409999999995,1 + every 1 day,30,subcutaneous,112,154,,,C57BL/6J,mice,male,11,diet:high-fat,-27.0,30.0,12.340922999999998,semaglutide,28,NCT02453711,"ADULT,OLDER_ADULT",PHASE2,92,0.05,1 + every 1 day,364,364,18.2,no,subcutaneous,-3.7,23.3
303,PMC9679702,0.41136409999999995,1 + every 1 day,30,subcutaneous,112,154,,,C57BL/6J,mice,male,11,diet:high-fat,-27.0,30.0,12.340922999999998,semaglutide,29,NCT02453711,"ADULT,OLDER_ADULT",PHASE2,96,0.1,1 + every 1 day,364,364,36.4,no,subcutaneous,-6.329999999999999,20.67
303,PMC9679702,0.41136409999999995,1 + every 1 day,30,subcutaneous,112,154,,,C57BL/6J,mice,male,11,diet:high-fat,-27.0,30.0,12.340922999999998,semaglutide,30,NCT02453711,"ADULT,OLDER_ADULT",PHASE2,94,0.2,1 + every 1 day,364,364,72.8,no,subcutaneous,-9.309999999999999,17.69
303,PMC9679702,0.41136409999999995,1 + every 1 day,30,subcutaneous,112,154,,,C57BL/6J,mice,male,11,diet:high-fat,-27.0,30.0,12.340922999999998,semaglutide,31,NCT02453711,"ADULT,OLDER_ADULT",PHASE2,95,0.3,1 + every 1 day,364,364,109.2,no,subcutaneous,-8.879999999999999,18.12
303,PMC9679702,0.41136409999999995,1 + every 1 day,30,subcutaneous,112,154,,,C57BL/6J,mice,male,11,diet:high-fat,-27.0,30.0,12.340922999999998,semaglutide,32,NCT02453711,"ADULT,OLDER_ADULT",PHASE2,100,0.4,1 + every 1 day,364,364,145.6,no,subcutaneous,-11.55,15.45
303,PMC9679702,0.41136409999999995,1 + every 1 day,30,subcutaneous,112,154,,,C57BL/6J,mice,male,11,diet:high-fat,-27.0,30.0,12.340922999999998,semaglutide,33,NCT02453711,"ADULT,OLDER_ADULT",PHASE2,95,0.3,1 + every 1 day,364,364,109.2,no,subcutaneous,-9.09,17.91
303,PMC9679702,0.41136409999999995,1 + every 1 day,30,subcutaneous,112,154,,,C57BL/6J,mice,male,11,diet:high-fat,-27.0,30.0,12.340922999999998,semaglutide,34,NCT02453711,"ADULT,OLDER_ADULT",PHASE2,100,0.4,1 + every 1 day,364,364,145.6,no,subcutaneous,-14.0,13.0
303,PMC9679702,0.41136409999999995,1 + every 1 day,30,subcutaneous,112,154,,,C57BL/6J,mice,male,11,diet:high-fat,-27.0,30.0,12.340922999999998,semaglutide,44,NCT04788511,"ADULT,OLDER_ADULT",PHASE3,246,2.4,1 + every 7 days,364,52,124.8,no,subcutaneous,-11.4,15.6
303,PMC9679702,0.41136409999999995,1 + every 1 day,30,subcutaneous,112,154,,,C57BL/6J,mice,male,11,diet:high-fat,-27.0,30.0,12.340922999999998,semaglutide,62,NCT03574597,"ADULT,OLDER_ADULT",PHASE3,7474,2.4,1 + every 7 days,728,104,249.6,no,subcutaneous,-8.520000000000001,18.479999999999997
303,PMC9679702,0.41136409999999995,1 + every 1 day,30,subcutaneous,112,154,,,C57BL/6J,mice,male,11,diet:high-fat,-27.0,30.0,12.340922999999998,semaglutide,63,NCT03811574,"ADULT,OLDER_ADULT",PHASE3,98,1.7,1 + every 7 days,476,68,115.6,no,subcutaneous,-8.0,19.0
303,PMC9679702,0.41136409999999995,1 + every 1 day,30,subcutaneous,112,154,,,C57BL/6J,mice,male,11,diet:high-fat,-27.0,30.0,12.340922999999998,semaglutide,64,NCT03811574,"ADULT,OLDER_ADULT",PHASE3,193,2.4,1 + every 7 days,476,68,163.2,no,subcutaneous,-11.5,15.5
303,PMC9679702,0.41136409999999995,1 + every 1 day,30,subcutaneous,112,154,,,C57BL/6J,mice,male,11,diet:high-fat,-27.0,30.0,12.340922999999998,semaglutide,99,NCT03548987,"ADULT,OLDER_ADULT",PHASE3,535,2.4,1 + every 7 days,336,48,115.19999999999999,no,subcutaneous,-14.9,12.1
303,PMC9679702,0.41136409999999995,1 + every 1 day,30,subcutaneous,112,154,,,C57BL/6J,mice,male,11,diet:high-fat,-27.0,30.0,12.340922999999998,semaglutide,101,NCT03548987,"ADULT,OLDER_ADULT",PHASE3,520,2.4,1 + every 7 days,336,48,115.19999999999999,no,subcutaneous,-12.299999999999999,14.700000000000001
303,PMC9679702,0.41136409999999995,1 + every 1 day,30,subcutaneous,112,154,,,C57BL/6J,mice,male,11,diet:high-fat,-27.0,30.0,12.340922999999998,semaglutide,104,NCT04251156,"ADULT,OLDER_ADULT",PHASE3,238,2.4,1 + every 7 days,308,44,105.6,no,subcutaneous,-8.9,18.1
303,PMC9679702,0.41136409999999995,1 + every 1 day,30,subcutaneous,112,154,,,C57BL/6J,mice,male,11,diet:high-fat,-27.0,30.0,12.340922999999998,semaglutide,114,NCT04102189,CHILD,PHASE3,131,2.4,1 + every 7 days,476,68,163.2,no,subcutaneous,-17.1,9.899999999999999
303,PMC9679702,0.41136409999999995,1 + every 1 day,30,subcutaneous,112,154,,,C57BL/6J,mice,male,11,diet:high-fat,-27.0,30.0,12.340922999999998,semaglutide,115,NCT03693430,"CHILD,ADULT,OLDER_ADULT",PHASE3,144,2.4,1 + every 7 days,728,104,249.6,no,subcutaneous,-11.600000000000001,15.399999999999999
303,PMC9679702,0.41136409999999995,1 + every 1 day,30,subcutaneous,112,154,,,C57BL/6J,mice,male,11,diet:high-fat,-27.0,30.0,12.340922999999998,semaglutide,117,NCT03693430,"CHILD,ADULT,OLDER_ADULT",PHASE3,149,2.4,1 + every 7 days,364,52,124.8,no,subcutaneous,-12.5,14.5
303,PMC9679702,0.41136409999999995,1 + every 1 day,30,subcutaneous,112,154,,,C57BL/6J,mice,male,11,diet:high-fat,-27.0,30.0,12.340922999999998,semaglutide,135,NCT04074161,"ADULT,OLDER_ADULT",PHASE3,117,2.4,1 + every 7 days,476,68,163.2,no,subcutaneous,-14.799999999999999,12.200000000000001
304,PMC9679702,0.031740000000000004,1 + every 1 day,10,subcutaneous,112,112,,,C57BL/6J,mice,male,11,diet:high-fat,-8.0,10.0,0.3174,survodutide,0,NCT04667377,"ADULT,OLDER_ADULT",PHASE2,76,0.6,1 + every 7 days,322,46,27.599999999999998,no,subcutaneous,-3.3700000000000006,4.629999999999999
304,PMC9679702,0.031740000000000004,1 + every 1 day,10,subcutaneous,112,112,,,C57BL/6J,mice,male,11,diet:high-fat,-8.0,10.0,0.3174,survodutide,1,NCT04667377,"ADULT,OLDER_ADULT",PHASE2,78,2.4,1 + every 7 days,182,26,62.4,no,subcutaneous,-9.69,-1.6899999999999995
304,PMC9679702,0.031740000000000004,1 + every 1 day,10,subcutaneous,112,112,,,C57BL/6J,mice,male,11,diet:high-fat,-8.0,10.0,0.3174,survodutide,2,NCT04667377,"ADULT,OLDER_ADULT",PHASE2,76,3.6,1 + every 7 days,182,26,93.60000000000001,no,subcutaneous,-10.4,-2.4000000000000004
304,PMC9679702,0.031740000000000004,1 + every 1 day,10,subcutaneous,112,112,,,C57BL/6J,mice,male,11,diet:high-fat,-8.0,10.0,0.3174,survodutide,3,NCT04667377,"ADULT,OLDER_ADULT",PHASE2,76,4.8,1 + every 7 days,182,26,124.8,no,subcutaneous,-12.12,-4.119999999999999
305,PMC9679702,0.04113641,1 + every 1 day,10,subcutaneous,112,112,,,C57BL/6J,mice,male,11,diet:high-fat,-10.0,10.0,0.4113641,semaglutide,16,NCT03611582,"ADULT,OLDER_ADULT",PHASE3,407,2.4,1 + every 7 days,476,68,163.2,no,subcutaneous,-11.500000000000002,-1.5000000000000018
305,PMC9679702,0.04113641,1 + every 1 day,10,subcutaneous,112,112,,,C57BL/6J,mice,male,11,diet:high-fat,-10.0,10.0,0.4113641,semaglutide,28,NCT02453711,"ADULT,OLDER_ADULT",PHASE2,92,0.05,1 + every 1 day,364,364,18.2,no,subcutaneous,-3.7,6.3
305,PMC9679702,0.04113641,1 + every 1 day,10,subcutaneous,112,112,,,C57BL/6J,mice,male,11,diet:high-fat,-10.0,10.0,0.4113641,semaglutide,29,NCT02453711,"ADULT,OLDER_ADULT",PHASE2,96,0.1,1 + every 1 day,364,364,36.4,no,subcutaneous,-6.329999999999999,3.670000000000001
305,PMC9679702,0.04113641,1 + every 1 day,10,subcutaneous,112,112,,,C57BL/6J,mice,male,11,diet:high-fat,-10.0,10.0,0.4113641,semaglutide,30,NCT02453711,"ADULT,OLDER_ADULT",PHASE2,94,0.2,1 + every 1 day,364,364,72.8,no,subcutaneous,-9.309999999999999,0.6900000000000013
305,PMC9679702,0.04113641,1 + every 1 day,10,subcutaneous,112,112,,,C57BL/6J,mice,male,11,diet:high-fat,-10.0,10.0,0.4113641,semaglutide,31,NCT02453711,"ADULT,OLDER_ADULT",PHASE2,95,0.3,1 + every 1 day,364,364,109.2,no,subcutaneous,-8.879999999999999,1.120000000000001
305,PMC9679702,0.04113641,1 + every 1 day,10,subcutaneous,112,112,,,C57BL/6J,mice,male,11,diet:high-fat,-10.0,10.0,0.4113641,semaglutide,32,NCT02453711,"ADULT,OLDER_ADULT",PHASE2,100,0.4,1 + every 1 day,364,364,145.6,no,subcutaneous,-11.55,-1.5500000000000007
305,PMC9679702,0.04113641,1 + every 1 day,10,subcutaneous,112,112,,,C57BL/6J,mice,male,11,diet:high-fat,-10.0,10.0,0.4113641,semaglutide,33,NCT02453711,"ADULT,OLDER_ADULT",PHASE2,95,0.3,1 + every 1 day,364,364,109.2,no,subcutaneous,-9.09,0.9100000000000001
305,PMC9679702,0.04113641,1 + every 1 day,10,subcutaneous,112,112,,,C57BL/6J,mice,male,11,diet:high-fat,-10.0,10.0,0.4113641,semaglutide,34,NCT02453711,"ADULT,OLDER_ADULT",PHASE2,100,0.4,1 + every 1 day,364,364,145.6,no,subcutaneous,-14.0,-4.0
305,PMC9679702,0.04113641,1 + every 1 day,10,subcutaneous,112,112,,,C57BL/6J,mice,male,11,diet:high-fat,-10.0,10.0,0.4113641,semaglutide,44,NCT04788511,"ADULT,OLDER_ADULT",PHASE3,246,2.4,1 + every 7 days,364,52,124.8,no,subcutaneous,-11.4,-1.4000000000000004
305,PMC9679702,0.04113641,1 + every 1 day,10,subcutaneous,112,112,,,C57BL/6J,mice,male,11,diet:high-fat,-10.0,10.0,0.4113641,semaglutide,62,NCT03574597,"ADULT,OLDER_ADULT",PHASE3,7474,2.4,1 + every 7 days,728,104,249.6,no,subcutaneous,-8.520000000000001,1.4799999999999986
305,PMC9679702,0.04113641,1 + every 1 day,10,subcutaneous,112,112,,,C57BL/6J,mice,male,11,diet:high-fat,-10.0,10.0,0.4113641,semaglutide,63,NCT03811574,"ADULT,OLDER_ADULT",PHASE3,98,1.7,1 + every 7 days,476,68,115.6,no,subcutaneous,-8.0,2.0
305,PMC9679702,0.04113641,1 + every 1 day,10,subcutaneous,112,112,,,C57BL/6J,mice,male,11,diet:high-fat,-10.0,10.0,0.4113641,semaglutide,64,NCT03811574,"ADULT,OLDER_ADULT",PHASE3,193,2.4,1 + every 7 days,476,68,163.2,no,subcutaneous,-11.5,-1.5
305,PMC9679702,0.04113641,1 + every 1 day,10,subcutaneous,112,112,,,C57BL/6J,mice,male,11,diet:high-fat,-10.0,10.0,0.4113641,semaglutide,99,NCT03548987,"ADULT,OLDER_ADULT",PHASE3,535,2.4,1 + every 7 days,336,48,115.19999999999999,no,subcutaneous,-14.9,-4.9
305,PMC9679702,0.04113641,1 + every 1 day,10,subcutaneous,112,112,,,C57BL/6J,mice,male,11,diet:high-fat,-10.0,10.0,0.4113641,semaglutide,101,NCT03548987,"ADULT,OLDER_ADULT",PHASE3,520,2.4,1 + every 7 days,336,48,115.19999999999999,no,subcutaneous,-12.299999999999999,-2.299999999999999
305,PMC9679702,0.04113641,1 + every 1 day,10,subcutaneous,112,112,,,C57BL/6J,mice,male,11,diet:high-fat,-10.0,10.0,0.4113641,semaglutide,104,NCT04251156,"ADULT,OLDER_ADULT",PHASE3,238,2.4,1 + every 7 days,308,44,105.6,no,subcutaneous,-8.9,1.0999999999999996
305,PMC9679702,0.04113641,1 + every 1 day,10,subcutaneous,112,112,,,C57BL/6J,mice,male,11,diet:high-fat,-10.0,10.0,0.4113641,semaglutide,114,NCT04102189,CHILD,PHASE3,131,2.4,1 + every 7 days,476,68,163.2,no,subcutaneous,-17.1,-7.100000000000001
305,PMC9679702,0.04113641,1 + every 1 day,10,subcutaneous,112,112,,,C57BL/6J,mice,male,11,diet:high-fat,-10.0,10.0,0.4113641,semaglutide,115,NCT03693430,"CHILD,ADULT,OLDER_ADULT",PHASE3,144,2.4,1 + every 7 days,728,104,249.6,no,subcutaneous,-11.600000000000001,-1.6000000000000014
305,PMC9679702,0.04113641,1 + every 1 day,10,subcutaneous,112,112,,,C57BL/6J,mice,male,11,diet:high-fat,-10.0,10.0,0.4113641,semaglutide,117,NCT03693430,"CHILD,ADULT,OLDER_ADULT",PHASE3,149,2.4,1 + every 7 days,364,52,124.8,no,subcutaneous,-12.5,-2.5
305,PMC9679702,0.04113641,1 + every 1 day,10,subcutaneous,112,112,,,C57BL/6J,mice,male,11,diet:high-fat,-10.0,10.0,0.4113641,semaglutide,135,NCT04074161,"ADULT,OLDER_ADULT",PHASE3,117,2.4,1 + every 7 days,476,68,163.2,no,subcutaneous,-14.799999999999999,-4.799999999999999
309,PMC9698964,250,1 + every 1 day,31,oral gavage,,,,35.0,Ay,mice,male,6,genetic,-12.216216216216205,31.0,7750.0,metformin,151,NCT00005669,CHILD,PHASE2,53,2000.0,2 + every 1 day,180,360,720000.0,no,oral,-4.1308475663664925,8.085368649849713
310,PMC9704011,0.12340923,1 + every 1 day,84,intraperitoneal,42,133,,21.0,C57BL/6,mice,male,8,diet:high-fat,-59.45945945945946,84.0,10.36637532,semaglutide,16,NCT03611582,"ADULT,OLDER_ADULT",PHASE3,407,2.4,1 + every 7 days,476,68,163.2,no,subcutaneous,-11.500000000000002,47.95945945945946
310,PMC9704011,0.12340923,1 + every 1 day,84,intraperitoneal,42,133,,21.0,C57BL/6,mice,male,8,diet:high-fat,-59.45945945945946,84.0,10.36637532,semaglutide,28,NCT02453711,"ADULT,OLDER_ADULT",PHASE2,92,0.05,1 + every 1 day,364,364,18.2,no,subcutaneous,-3.7,55.75945945945946
310,PMC9704011,0.12340923,1 + every 1 day,84,intraperitoneal,42,133,,21.0,C57BL/6,mice,male,8,diet:high-fat,-59.45945945945946,84.0,10.36637532,semaglutide,29,NCT02453711,"ADULT,OLDER_ADULT",PHASE2,96,0.1,1 + every 1 day,364,364,36.4,no,subcutaneous,-6.329999999999999,53.12945945945946
310,PMC9704011,0.12340923,1 + every 1 day,84,intraperitoneal,42,133,,21.0,C57BL/6,mice,male,8,diet:high-fat,-59.45945945945946,84.0,10.36637532,semaglutide,30,NCT02453711,"ADULT,OLDER_ADULT",PHASE2,94,0.2,1 + every 1 day,364,364,72.8,no,subcutaneous,-9.309999999999999,50.149459459459464
310,PMC9704011,0.12340923,1 + every 1 day,84,intraperitoneal,42,133,,21.0,C57BL/6,mice,male,8,diet:high-fat,-59.45945945945946,84.0,10.36637532,semaglutide,31,NCT02453711,"ADULT,OLDER_ADULT",PHASE2,95,0.3,1 + every 1 day,364,364,109.2,no,subcutaneous,-8.879999999999999,50.57945945945946
310,PMC9704011,0.12340923,1 + every 1 day,84,intraperitoneal,42,133,,21.0,C57BL/6,mice,male,8,diet:high-fat,-59.45945945945946,84.0,10.36637532,semaglutide,32,NCT02453711,"ADULT,OLDER_ADULT",PHASE2,100,0.4,1 + every 1 day,364,364,145.6,no,subcutaneous,-11.55,47.909459459459455
310,PMC9704011,0.12340923,1 + every 1 day,84,intraperitoneal,42,133,,21.0,C57BL/6,mice,male,8,diet:high-fat,-59.45945945945946,84.0,10.36637532,semaglutide,33,NCT02453711,"ADULT,OLDER_ADULT",PHASE2,95,0.3,1 + every 1 day,364,364,109.2,no,subcutaneous,-9.09,50.36945945945946
310,PMC9704011,0.12340923,1 + every 1 day,84,intraperitoneal,42,133,,21.0,C57BL/6,mice,male,8,diet:high-fat,-59.45945945945946,84.0,10.36637532,semaglutide,34,NCT02453711,"ADULT,OLDER_ADULT",PHASE2,100,0.4,1 + every 1 day,364,364,145.6,no,subcutaneous,-14.0,45.45945945945946
310,PMC9704011,0.12340923,1 + every 1 day,84,intraperitoneal,42,133,,21.0,C57BL/6,mice,male,8,diet:high-fat,-59.45945945945946,84.0,10.36637532,semaglutide,44,NCT04788511,"ADULT,OLDER_ADULT",PHASE3,246,2.4,1 + every 7 days,364,52,124.8,no,subcutaneous,-11.4,48.05945945945946
310,PMC9704011,0.12340923,1 + every 1 day,84,intraperitoneal,42,133,,21.0,C57BL/6,mice,male,8,diet:high-fat,-59.45945945945946,84.0,10.36637532,semaglutide,62,NCT03574597,"ADULT,OLDER_ADULT",PHASE3,7474,2.4,1 + every 7 days,728,104,249.6,no,subcutaneous,-8.520000000000001,50.93945945945946
310,PMC9704011,0.12340923,1 + every 1 day,84,intraperitoneal,42,133,,21.0,C57BL/6,mice,male,8,diet:high-fat,-59.45945945945946,84.0,10.36637532,semaglutide,63,NCT03811574,"ADULT,OLDER_ADULT",PHASE3,98,1.7,1 + every 7 days,476,68,115.6,no,subcutaneous,-8.0,51.45945945945946
310,PMC9704011,0.12340923,1 + every 1 day,84,intraperitoneal,42,133,,21.0,C57BL/6,mice,male,8,diet:high-fat,-59.45945945945946,84.0,10.36637532,semaglutide,64,NCT03811574,"ADULT,OLDER_ADULT",PHASE3,193,2.4,1 + every 7 days,476,68,163.2,no,subcutaneous,-11.5,47.95945945945946
310,PMC9704011,0.12340923,1 + every 1 day,84,intraperitoneal,42,133,,21.0,C57BL/6,mice,male,8,diet:high-fat,-59.45945945945946,84.0,10.36637532,semaglutide,99,NCT03548987,"ADULT,OLDER_ADULT",PHASE3,535,2.4,1 + every 7 days,336,48,115.19999999999999,no,subcutaneous,-14.9,44.55945945945946
310,PMC9704011,0.12340923,1 + every 1 day,84,intraperitoneal,42,133,,21.0,C57BL/6,mice,male,8,diet:high-fat,-59.45945945945946,84.0,10.36637532,semaglutide,101,NCT03548987,"ADULT,OLDER_ADULT",PHASE3,520,2.4,1 + every 7 days,336,48,115.19999999999999,no,subcutaneous,-12.299999999999999,47.15945945945946
310,PMC9704011,0.12340923,1 + every 1 day,84,intraperitoneal,42,133,,21.0,C57BL/6,mice,male,8,diet:high-fat,-59.45945945945946,84.0,10.36637532,semaglutide,104,NCT04251156,"ADULT,OLDER_ADULT",PHASE3,238,2.4,1 + every 7 days,308,44,105.6,no,subcutaneous,-8.9,50.55945945945946
310,PMC9704011,0.12340923,1 + every 1 day,84,intraperitoneal,42,133,,21.0,C57BL/6,mice,male,8,diet:high-fat,-59.45945945945946,84.0,10.36637532,semaglutide,114,NCT04102189,CHILD,PHASE3,131,2.4,1 + every 7 days,476,68,163.2,no,subcutaneous,-17.1,42.35945945945946
310,PMC9704011,0.12340923,1 + every 1 day,84,intraperitoneal,42,133,,21.0,C57BL/6,mice,male,8,diet:high-fat,-59.45945945945946,84.0,10.36637532,semaglutide,115,NCT03693430,"CHILD,ADULT,OLDER_ADULT",PHASE3,144,2.4,1 + every 7 days,728,104,249.6,no,subcutaneous,-11.600000000000001,47.85945945945946
310,PMC9704011,0.12340923,1 + every 1 day,84,intraperitoneal,42,133,,21.0,C57BL/6,mice,male,8,diet:high-fat,-59.45945945945946,84.0,10.36637532,semaglutide,117,NCT03693430,"CHILD,ADULT,OLDER_ADULT",PHASE3,149,2.4,1 + every 7 days,364,52,124.8,no,subcutaneous,-12.5,46.95945945945946
310,PMC9704011,0.12340923,1 + every 1 day,84,intraperitoneal,42,133,,21.0,C57BL/6,mice,male,8,diet:high-fat,-59.45945945945946,84.0,10.36637532,semaglutide,135,NCT04074161,"ADULT,OLDER_ADULT",PHASE3,117,2.4,1 + every 7 days,476,68,163.2,no,subcutaneous,-14.799999999999999,44.65945945945946
311,PMC9712602,25,1 + every 1 day,56,oral,35,42,,18.0,C57BL/6,mice,male,6,diet:high-fat,-22.222222222222232,56.0,1400.0,orlistat,111,NCT00752726,ADULT,PHASE4,54,60.0,3 + every 1 day,168,504,30240.0,no,oral,-2.3112294985822937,19.91099272363994
312,PMC9719171,0.2,Unknown,56,subcutaneous,28,28,,30.0,db/db,mice,male,8,genetic,20.000000000000007,,,exenatide,15,NCT02160990,"ADULT,OLDER_ADULT",PHASE4,10,0.005,2 + every 1 day,30,60,0.3,no,subcutaneous,-0.4183995922528032,-20.41839959225281
312,PMC9719171,0.2,Unknown,56,subcutaneous,28,28,,30.0,db/db,mice,male,8,genetic,20.000000000000007,,,exenatide,71,NCT00856609,ADULT,PHASE3,31,0.01,2 + every 1 day,35,70,0.7000000000000001,no,subcutaneous,-1.2684259130251185,-21.268425913025126
313,PMC9719863,0.008227281999999999,1 + every 1 day,28,subcutaneous,,,,55.0,C57BL/6J,mice,male,8,diet:high-fat+high-sugar,-14.79,28.0,0.23036389599999996,semaglutide,16,NCT03611582,"ADULT,OLDER_ADULT",PHASE3,407,2.4,1 + every 7 days,476,68,163.2,no,subcutaneous,-11.500000000000002,3.2899999999999974
313,PMC9719863,0.008227281999999999,1 + every 1 day,28,subcutaneous,,,,55.0,C57BL/6J,mice,male,8,diet:high-fat+high-sugar,-14.79,28.0,0.23036389599999996,semaglutide,28,NCT02453711,"ADULT,OLDER_ADULT",PHASE2,92,0.05,1 + every 1 day,364,364,18.2,no,subcutaneous,-3.7,11.09
313,PMC9719863,0.008227281999999999,1 + every 1 day,28,subcutaneous,,,,55.0,C57BL/6J,mice,male,8,diet:high-fat+high-sugar,-14.79,28.0,0.23036389599999996,semaglutide,29,NCT02453711,"ADULT,OLDER_ADULT",PHASE2,96,0.1,1 + every 1 day,364,364,36.4,no,subcutaneous,-6.329999999999999,8.46
313,PMC9719863,0.008227281999999999,1 + every 1 day,28,subcutaneous,,,,55.0,C57BL/6J,mice,male,8,diet:high-fat+high-sugar,-14.79,28.0,0.23036389599999996,semaglutide,30,NCT02453711,"ADULT,OLDER_ADULT",PHASE2,94,0.2,1 + every 1 day,364,364,72.8,no,subcutaneous,-9.309999999999999,5.48
313,PMC9719863,0.008227281999999999,1 + every 1 day,28,subcutaneous,,,,55.0,C57BL/6J,mice,male,8,diet:high-fat+high-sugar,-14.79,28.0,0.23036389599999996,semaglutide,31,NCT02453711,"ADULT,OLDER_ADULT",PHASE2,95,0.3,1 + every 1 day,364,364,109.2,no,subcutaneous,-8.879999999999999,5.91
313,PMC9719863,0.008227281999999999,1 + every 1 day,28,subcutaneous,,,,55.0,C57BL/6J,mice,male,8,diet:high-fat+high-sugar,-14.79,28.0,0.23036389599999996,semaglutide,32,NCT02453711,"ADULT,OLDER_ADULT",PHASE2,100,0.4,1 + every 1 day,364,364,145.6,no,subcutaneous,-11.55,3.2399999999999984
313,PMC9719863,0.008227281999999999,1 + every 1 day,28,subcutaneous,,,,55.0,C57BL/6J,mice,male,8,diet:high-fat+high-sugar,-14.79,28.0,0.23036389599999996,semaglutide,33,NCT02453711,"ADULT,OLDER_ADULT",PHASE2,95,0.3,1 + every 1 day,364,364,109.2,no,subcutaneous,-9.09,5.699999999999999
313,PMC9719863,0.008227281999999999,1 + every 1 day,28,subcutaneous,,,,55.0,C57BL/6J,mice,male,8,diet:high-fat+high-sugar,-14.79,28.0,0.23036389599999996,semaglutide,34,NCT02453711,"ADULT,OLDER_ADULT",PHASE2,100,0.4,1 + every 1 day,364,364,145.6,no,subcutaneous,-14.0,0.7899999999999991
313,PMC9719863,0.008227281999999999,1 + every 1 day,28,subcutaneous,,,,55.0,C57BL/6J,mice,male,8,diet:high-fat+high-sugar,-14.79,28.0,0.23036389599999996,semaglutide,44,NCT04788511,"ADULT,OLDER_ADULT",PHASE3,246,2.4,1 + every 7 days,364,52,124.8,no,subcutaneous,-11.4,3.389999999999999
313,PMC9719863,0.008227281999999999,1 + every 1 day,28,subcutaneous,,,,55.0,C57BL/6J,mice,male,8,diet:high-fat+high-sugar,-14.79,28.0,0.23036389599999996,semaglutide,62,NCT03574597,"ADULT,OLDER_ADULT",PHASE3,7474,2.4,1 + every 7 days,728,104,249.6,no,subcutaneous,-8.520000000000001,6.269999999999998
313,PMC9719863,0.008227281999999999,1 + every 1 day,28,subcutaneous,,,,55.0,C57BL/6J,mice,male,8,diet:high-fat+high-sugar,-14.79,28.0,0.23036389599999996,semaglutide,63,NCT03811574,"ADULT,OLDER_ADULT",PHASE3,98,1.7,1 + every 7 days,476,68,115.6,no,subcutaneous,-8.0,6.789999999999999
313,PMC9719863,0.008227281999999999,1 + every 1 day,28,subcutaneous,,,,55.0,C57BL/6J,mice,male,8,diet:high-fat+high-sugar,-14.79,28.0,0.23036389599999996,semaglutide,64,NCT03811574,"ADULT,OLDER_ADULT",PHASE3,193,2.4,1 + every 7 days,476,68,163.2,no,subcutaneous,-11.5,3.289999999999999
313,PMC9719863,0.008227281999999999,1 + every 1 day,28,subcutaneous,,,,55.0,C57BL/6J,mice,male,8,diet:high-fat+high-sugar,-14.79,28.0,0.23036389599999996,semaglutide,99,NCT03548987,"ADULT,OLDER_ADULT",PHASE3,535,2.4,1 + every 7 days,336,48,115.19999999999999,no,subcutaneous,-14.9,-0.11000000000000121
313,PMC9719863,0.008227281999999999,1 + every 1 day,28,subcutaneous,,,,55.0,C57BL/6J,mice,male,8,diet:high-fat+high-sugar,-14.79,28.0,0.23036389599999996,semaglutide,101,NCT03548987,"ADULT,OLDER_ADULT",PHASE3,520,2.4,1 + every 7 days,336,48,115.19999999999999,no,subcutaneous,-12.299999999999999,2.49
313,PMC9719863,0.008227281999999999,1 + every 1 day,28,subcutaneous,,,,55.0,C57BL/6J,mice,male,8,diet:high-fat+high-sugar,-14.79,28.0,0.23036389599999996,semaglutide,104,NCT04251156,"ADULT,OLDER_ADULT",PHASE3,238,2.4,1 + every 7 days,308,44,105.6,no,subcutaneous,-8.9,5.889999999999999
313,PMC9719863,0.008227281999999999,1 + every 1 day,28,subcutaneous,,,,55.0,C57BL/6J,mice,male,8,diet:high-fat+high-sugar,-14.79,28.0,0.23036389599999996,semaglutide,114,NCT04102189,CHILD,PHASE3,131,2.4,1 + every 7 days,476,68,163.2,no,subcutaneous,-17.1,-2.3100000000000023
313,PMC9719863,0.008227281999999999,1 + every 1 day,28,subcutaneous,,,,55.0,C57BL/6J,mice,male,8,diet:high-fat+high-sugar,-14.79,28.0,0.23036389599999996,semaglutide,115,NCT03693430,"CHILD,ADULT,OLDER_ADULT",PHASE3,144,2.4,1 + every 7 days,728,104,249.6,no,subcutaneous,-11.600000000000001,3.1899999999999977
313,PMC9719863,0.008227281999999999,1 + every 1 day,28,subcutaneous,,,,55.0,C57BL/6J,mice,male,8,diet:high-fat+high-sugar,-14.79,28.0,0.23036389599999996,semaglutide,117,NCT03693430,"CHILD,ADULT,OLDER_ADULT",PHASE3,149,2.4,1 + every 7 days,364,52,124.8,no,subcutaneous,-12.5,2.289999999999999
313,PMC9719863,0.008227281999999999,1 + every 1 day,28,subcutaneous,,,,55.0,C57BL/6J,mice,male,8,diet:high-fat+high-sugar,-14.79,28.0,0.23036389599999996,semaglutide,135,NCT04074161,"ADULT,OLDER_ADULT",PHASE3,117,2.4,1 + every 7 days,476,68,163.2,no,subcutaneous,-14.799999999999999,-0.009999999999999787
314,PMC9730228,0.4,1 + every 1 day,14,subcutaneous,56,112,,42.0,C57BL/6N,mice,male,8,diet:high-fat,-27.1,14.0,5.6000000000000005,liraglutide,35,NCT02453711,"ADULT,OLDER_ADULT",PHASE2,96,3.0,1 + every 1 day,364,364,1092.0,no,subcutaneous,-5.47,21.630000000000003
314,PMC9730228,0.4,1 + every 1 day,14,subcutaneous,56,112,,42.0,C57BL/6N,mice,male,8,diet:high-fat,-27.1,14.0,5.6000000000000005,liraglutide,51,NCT00422058,"ADULT,OLDER_ADULT",PHASE2,94,1.2,1 + every 1 day,140,140,168.0,no,subcutaneous,-2.2072087435352685,24.892791256464733
314,PMC9730228,0.4,1 + every 1 day,14,subcutaneous,56,112,,42.0,C57BL/6N,mice,male,8,diet:high-fat,-27.1,14.0,5.6000000000000005,liraglutide,52,NCT00422058,"ADULT,OLDER_ADULT",PHASE2,90,1.8,1 + every 1 day,140,140,252.0,no,subcutaneous,-2.9371604752653058,24.162839524734697
314,PMC9730228,0.4,1 + every 1 day,14,subcutaneous,56,112,,42.0,C57BL/6N,mice,male,8,diet:high-fat,-27.1,14.0,5.6000000000000005,liraglutide,53,NCT00422058,"ADULT,OLDER_ADULT",PHASE2,92,2.4,1 + every 1 day,140,140,336.0,no,subcutaneous,-3.6240693851707304,23.47593061482927
314,PMC9730228,0.4,1 + every 1 day,14,subcutaneous,56,112,,42.0,C57BL/6N,mice,male,8,diet:high-fat,-27.1,14.0,5.6000000000000005,liraglutide,54,NCT00422058,"ADULT,OLDER_ADULT",PHASE2,92,3.0,1 + every 1 day,140,140,420.0,no,subcutaneous,-4.711624106871794,22.388375893128206
314,PMC9730228,0.4,1 + every 1 day,14,subcutaneous,56,112,,42.0,C57BL/6N,mice,male,8,diet:high-fat,-27.1,14.0,5.6000000000000005,liraglutide,61,NCT03158805,"ADULT,OLDER_ADULT",PHASE2,29,3.0,1 + every 1 day,280,280,840.0,no,subcutaneous,-3.5,23.6
314,PMC9730228,0.4,1 + every 1 day,14,subcutaneous,56,112,,42.0,C57BL/6N,mice,male,8,diet:high-fat,-27.1,14.0,5.6000000000000005,liraglutide,102,NCT01272232,"ADULT,OLDER_ADULT",PHASE3,412,3.0,1 + every 1 day,392,392,1176.0,no,subcutaneous,-3.9000000000000004,23.200000000000003
314,PMC9730228,0.4,1 + every 1 day,14,subcutaneous,56,112,,42.0,C57BL/6N,mice,male,8,diet:high-fat,-27.1,14.0,5.6000000000000005,liraglutide,103,NCT01272232,"ADULT,OLDER_ADULT",PHASE3,204,1.8,1 + every 1 day,392,392,705.6,no,subcutaneous,-2.5999999999999996,24.5
314,PMC9730228,0.4,1 + every 1 day,14,subcutaneous,56,112,,42.0,C57BL/6N,mice,male,8,diet:high-fat,-27.1,14.0,5.6000000000000005,liraglutide,106,NCT01272219,"ADULT,OLDER_ADULT",PHASE3,2432,3.0,1 + every 1 day,392,392,1176.0,no,subcutaneous,-5.36,21.740000000000002
314,PMC9730228,0.4,1 + every 1 day,14,subcutaneous,56,112,,42.0,C57BL/6N,mice,male,8,diet:high-fat,-27.1,14.0,5.6000000000000005,liraglutide,107,NCT01272219,"ADULT,OLDER_ADULT",PHASE3,1467,3.0,1 + every 1 day,1120,1120,3360.0,no,subcutaneous,-4.25,22.85
314,PMC9730228,0.4,1 + every 1 day,14,subcutaneous,56,112,,42.0,C57BL/6N,mice,male,8,diet:high-fat,-27.1,14.0,5.6000000000000005,liraglutide,108,NCT01272219,"ADULT,OLDER_ADULT",PHASE3,349,3.0,1 + every 1 day,476,476,1428.0,no,subcutaneous,-5.33,21.770000000000003
314,PMC9730228,0.4,1 + every 1 day,14,subcutaneous,56,112,,42.0,C57BL/6N,mice,male,8,diet:high-fat,-27.1,14.0,5.6000000000000005,liraglutide,112,NCT01557166,ADULT,PHASE3,175,3.0,1 + every 1 day,224,224,672.0,no,subcutaneous,-4.201423866334764,22.898576133665237
314,PMC9730228,0.4,1 + every 1 day,14,subcutaneous,56,112,,42.0,C57BL/6N,mice,male,8,diet:high-fat,-27.1,14.0,5.6000000000000005,liraglutide,120,NCT02918279,CHILD,PHASE3,125,3.0,1 + every 1 day,392,392,1176.0,no,subcutaneous,-3.6,23.5
314,PMC9730228,0.4,1 + every 1 day,14,subcutaneous,56,112,,42.0,C57BL/6N,mice,male,8,diet:high-fat,-27.1,14.0,5.6000000000000005,liraglutide,127,NCT02527200,"CHILD,ADULT",PHASE3,17,3.0,1 + every 1 day,364,364,1092.0,no,subcutaneous,-2.6999999999999997,24.400000000000002
314,PMC9730228,0.4,1 + every 1 day,14,subcutaneous,56,112,,42.0,C57BL/6N,mice,male,8,diet:high-fat,-27.1,14.0,5.6000000000000005,liraglutide,128,NCT02527200,"CHILD,ADULT",PHASE3,14,3.0,1 + every 1 day,364,364,1092.0,no,subcutaneous,1.3999999999999995,28.5
314,PMC9730228,0.4,1 + every 1 day,14,subcutaneous,56,112,,42.0,C57BL/6N,mice,male,8,diet:high-fat,-27.1,14.0,5.6000000000000005,liraglutide,129,NCT02527200,"CHILD,ADULT",PHASE3,31,3.0,1 + every 1 day,364,364,1092.0,no,subcutaneous,-0.6999999999999997,26.400000000000002
314,PMC9730228,0.4,1 + every 1 day,14,subcutaneous,56,112,,42.0,C57BL/6N,mice,male,8,diet:high-fat,-27.1,14.0,5.6000000000000005,liraglutide,130,NCT00781937,"ADULT,OLDER_ADULT",PHASE3,194,3.0,1 + every 1 day,392,392,1176.0,no,subcutaneous,-6.0600000000000005,21.04
314,PMC9730228,0.4,1 + every 1 day,14,subcutaneous,56,112,,42.0,C57BL/6N,mice,male,8,diet:high-fat,-27.1,14.0,5.6000000000000005,liraglutide,136,NCT04074161,"ADULT,OLDER_ADULT",PHASE3,117,3.0,1 + every 1 day,476,476,1428.0,no,subcutaneous,-4.800000000000001,22.3
314,PMC9730228,0.4,1 + every 1 day,14,subcutaneous,56,112,,42.0,C57BL/6N,mice,male,8,diet:high-fat,-27.1,14.0,5.6000000000000005,liraglutide,150,NCT02647944,"ADULT,OLDER_ADULT",PHASE2,19,3.0,1 + every 1 day,112,112,336.0,no,subcutaneous,-2.58819247874349,24.51180752125651
314,PMC9730228,0.4,1 + every 1 day,14,subcutaneous,56,112,,42.0,C57BL/6N,mice,male,8,diet:high-fat,-27.1,14.0,5.6000000000000005,liraglutide,155,NCT03486392,"ADULT,OLDER_ADULT",PHASE2,108,3.0,1 + every 1 day,182,182,546.0,no,subcutaneous,-5.78,21.32
320,PMC9864151,0.2,5 + every 1 week,42,intraperitoneal,56,420,,589.0,Wistar Kyoto,rats,Unknown,8,diet:high-fat,-22.763055206813483,30.0,6.0,liraglutide,35,NCT02453711,"ADULT,OLDER_ADULT",PHASE2,96,3.0,1 + every 1 day,364,364,1092.0,no,subcutaneous,-5.47,17.293055206813484
320,PMC9864151,0.2,5 + every 1 week,42,intraperitoneal,56,420,,589.0,Wistar Kyoto,rats,Unknown,8,diet:high-fat,-22.763055206813483,30.0,6.0,liraglutide,51,NCT00422058,"ADULT,OLDER_ADULT",PHASE2,94,1.2,1 + every 1 day,140,140,168.0,no,subcutaneous,-2.2072087435352685,20.555846463278215
320,PMC9864151,0.2,5 + every 1 week,42,intraperitoneal,56,420,,589.0,Wistar Kyoto,rats,Unknown,8,diet:high-fat,-22.763055206813483,30.0,6.0,liraglutide,52,NCT00422058,"ADULT,OLDER_ADULT",PHASE2,90,1.8,1 + every 1 day,140,140,252.0,no,subcutaneous,-2.9371604752653058,19.82589473154818
320,PMC9864151,0.2,5 + every 1 week,42,intraperitoneal,56,420,,589.0,Wistar Kyoto,rats,Unknown,8,diet:high-fat,-22.763055206813483,30.0,6.0,liraglutide,53,NCT00422058,"ADULT,OLDER_ADULT",PHASE2,92,2.4,1 + every 1 day,140,140,336.0,no,subcutaneous,-3.6240693851707304,19.138985821642752
320,PMC9864151,0.2,5 + every 1 week,42,intraperitoneal,56,420,,589.0,Wistar Kyoto,rats,Unknown,8,diet:high-fat,-22.763055206813483,30.0,6.0,liraglutide,54,NCT00422058,"ADULT,OLDER_ADULT",PHASE2,92,3.0,1 + every 1 day,140,140,420.0,no,subcutaneous,-4.711624106871794,18.051431099941688
320,PMC9864151,0.2,5 + every 1 week,42,intraperitoneal,56,420,,589.0,Wistar Kyoto,rats,Unknown,8,diet:high-fat,-22.763055206813483,30.0,6.0,liraglutide,61,NCT03158805,"ADULT,OLDER_ADULT",PHASE2,29,3.0,1 + every 1 day,280,280,840.0,no,subcutaneous,-3.5,19.263055206813483
320,PMC9864151,0.2,5 + every 1 week,42,intraperitoneal,56,420,,589.0,Wistar Kyoto,rats,Unknown,8,diet:high-fat,-22.763055206813483,30.0,6.0,liraglutide,102,NCT01272232,"ADULT,OLDER_ADULT",PHASE3,412,3.0,1 + every 1 day,392,392,1176.0,no,subcutaneous,-3.9000000000000004,18.863055206813485
320,PMC9864151,0.2,5 + every 1 week,42,intraperitoneal,56,420,,589.0,Wistar Kyoto,rats,Unknown,8,diet:high-fat,-22.763055206813483,30.0,6.0,liraglutide,103,NCT01272232,"ADULT,OLDER_ADULT",PHASE3,204,1.8,1 + every 1 day,392,392,705.6,no,subcutaneous,-2.5999999999999996,20.163055206813482
320,PMC9864151,0.2,5 + every 1 week,42,intraperitoneal,56,420,,589.0,Wistar Kyoto,rats,Unknown,8,diet:high-fat,-22.763055206813483,30.0,6.0,liraglutide,106,NCT01272219,"ADULT,OLDER_ADULT",PHASE3,2432,3.0,1 + every 1 day,392,392,1176.0,no,subcutaneous,-5.36,17.403055206813484
320,PMC9864151,0.2,5 + every 1 week,42,intraperitoneal,56,420,,589.0,Wistar Kyoto,rats,Unknown,8,diet:high-fat,-22.763055206813483,30.0,6.0,liraglutide,107,NCT01272219,"ADULT,OLDER_ADULT",PHASE3,1467,3.0,1 + every 1 day,1120,1120,3360.0,no,subcutaneous,-4.25,18.513055206813483
320,PMC9864151,0.2,5 + every 1 week,42,intraperitoneal,56,420,,589.0,Wistar Kyoto,rats,Unknown,8,diet:high-fat,-22.763055206813483,30.0,6.0,liraglutide,108,NCT01272219,"ADULT,OLDER_ADULT",PHASE3,349,3.0,1 + every 1 day,476,476,1428.0,no,subcutaneous,-5.33,17.433055206813485
320,PMC9864151,0.2,5 + every 1 week,42,intraperitoneal,56,420,,589.0,Wistar Kyoto,rats,Unknown,8,diet:high-fat,-22.763055206813483,30.0,6.0,liraglutide,112,NCT01557166,ADULT,PHASE3,175,3.0,1 + every 1 day,224,224,672.0,no,subcutaneous,-4.201423866334764,18.56163134047872
320,PMC9864151,0.2,5 + every 1 week,42,intraperitoneal,56,420,,589.0,Wistar Kyoto,rats,Unknown,8,diet:high-fat,-22.763055206813483,30.0,6.0,liraglutide,120,NCT02918279,CHILD,PHASE3,125,3.0,1 + every 1 day,392,392,1176.0,no,subcutaneous,-3.6,19.163055206813482
320,PMC9864151,0.2,5 + every 1 week,42,intraperitoneal,56,420,,589.0,Wistar Kyoto,rats,Unknown,8,diet:high-fat,-22.763055206813483,30.0,6.0,liraglutide,127,NCT02527200,"CHILD,ADULT",PHASE3,17,3.0,1 + every 1 day,364,364,1092.0,no,subcutaneous,-2.6999999999999997,20.063055206813484
320,PMC9864151,0.2,5 + every 1 week,42,intraperitoneal,56,420,,589.0,Wistar Kyoto,rats,Unknown,8,diet:high-fat,-22.763055206813483,30.0,6.0,liraglutide,128,NCT02527200,"CHILD,ADULT",PHASE3,14,3.0,1 + every 1 day,364,364,1092.0,no,subcutaneous,1.3999999999999995,24.163055206813482
320,PMC9864151,0.2,5 + every 1 week,42,intraperitoneal,56,420,,589.0,Wistar Kyoto,rats,Unknown,8,diet:high-fat,-22.763055206813483,30.0,6.0,liraglutide,129,NCT02527200,"CHILD,ADULT",PHASE3,31,3.0,1 + every 1 day,364,364,1092.0,no,subcutaneous,-0.6999999999999997,22.063055206813484
320,PMC9864151,0.2,5 + every 1 week,42,intraperitoneal,56,420,,589.0,Wistar Kyoto,rats,Unknown,8,diet:high-fat,-22.763055206813483,30.0,6.0,liraglutide,130,NCT00781937,"ADULT,OLDER_ADULT",PHASE3,194,3.0,1 + every 1 day,392,392,1176.0,no,subcutaneous,-6.0600000000000005,16.70305520681348
320,PMC9864151,0.2,5 + every 1 week,42,intraperitoneal,56,420,,589.0,Wistar Kyoto,rats,Unknown,8,diet:high-fat,-22.763055206813483,30.0,6.0,liraglutide,136,NCT04074161,"ADULT,OLDER_ADULT",PHASE3,117,3.0,1 + every 1 day,476,476,1428.0,no,subcutaneous,-4.800000000000001,17.963055206813483
320,PMC9864151,0.2,5 + every 1 week,42,intraperitoneal,56,420,,589.0,Wistar Kyoto,rats,Unknown,8,diet:high-fat,-22.763055206813483,30.0,6.0,liraglutide,150,NCT02647944,"ADULT,OLDER_ADULT",PHASE2,19,3.0,1 + every 1 day,112,112,336.0,no,subcutaneous,-2.58819247874349,20.174862728069993
320,PMC9864151,0.2,5 + every 1 week,42,intraperitoneal,56,420,,589.0,Wistar Kyoto,rats,Unknown,8,diet:high-fat,-22.763055206813483,30.0,6.0,liraglutide,155,NCT03486392,"ADULT,OLDER_ADULT",PHASE2,108,3.0,1 + every 1 day,182,182,546.0,no,subcutaneous,-5.78,16.983055206813482
330,PMC9928947,250,1 + every 1 day,84,gavage,56,63,,,C57BL/6J,mice,male,10,diet:high-fat,-25.0,84.0,21000.0,metformin,151,NCT00005669,CHILD,PHASE2,53,2000.0,2 + every 1 day,180,360,720000.0,no,oral,-4.1308475663664925,20.86915243363351
331,PMC9928947,250,1 + every 1 day,35,gavage,56,119,,41.1,C57BL/6J,mice,male,12,diet:high-fat,-7.0,35.0,8750.0,metformin,151,NCT00005669,CHILD,PHASE2,53,2000.0,2 + every 1 day,180,360,720000.0,no,oral,-4.1308475663664925,2.8691524336335075
334,PMC3805588,0.01004784,1 + every 1 day,28,subcutaneous,,,,,ob/ob,mice,male,10,genetic,-3.8,28.0,0.28133952,exenatide,15,NCT02160990,"ADULT,OLDER_ADULT",PHASE4,10,0.005,2 + every 1 day,30,60,0.3,no,subcutaneous,-0.4183995922528032,3.3816004077471966
334,PMC3805588,0.01004784,1 + every 1 day,28,subcutaneous,,,,,ob/ob,mice,male,10,genetic,-3.8,28.0,0.28133952,exenatide,71,NCT00856609,ADULT,PHASE3,31,0.01,2 + every 1 day,35,70,0.7000000000000001,no,subcutaneous,-1.2684259130251185,2.5315740869748815
335,PMC3805588,0.030143520000000004,1 + every 1 day,28,subcutaneous,,,,489.0,DIO-prone Sprague–Dawley,rats,male,6,diet:high-fat,-7.0,28.0,0.8440185600000001,exenatide,15,NCT02160990,"ADULT,OLDER_ADULT",PHASE4,10,0.005,2 + every 1 day,30,60,0.3,no,subcutaneous,-0.4183995922528032,6.581600407747197
335,PMC3805588,0.030143520000000004,1 + every 1 day,28,subcutaneous,,,,489.0,DIO-prone Sprague–Dawley,rats,male,6,diet:high-fat,-7.0,28.0,0.8440185600000001,exenatide,71,NCT00856609,ADULT,PHASE3,31,0.01,2 + every 1 day,35,70,0.7000000000000001,no,subcutaneous,-1.2684259130251185,5.731574086974882
336,PMC5129521,0.03728092,1 + every 1 day,28,subcutaneous,77,182,,43.0,C57BL/6,mice,male,11,diet:high-fat,-23.5,28.0,1.04386576,medi0382,177,NCT03596177,"ADULT,OLDER_ADULT",PHASE2,14,0.3,1 + every 1 day,42,42,12.6,no,subcutaneous,-2.58,20.92
337,PMC5129521,0.11184276000000001,1 + every 1 day,28,subcutaneous,77,182,,43.0,C57BL/6,mice,male,11,diet:high-fat,-32.5,28.0,3.1315972800000003,medi0382,177,NCT03596177,"ADULT,OLDER_ADULT",PHASE2,14,0.3,1 + every 1 day,42,42,12.6,no,subcutaneous,-2.58,29.92
338,PMC5129521,0.15005040000000003,1 + every 1 day,28,subcutaneous,77,182,,43.0,C57BL/6,mice,male,11,diet:high-fat,-23.5,28.0,4.201411200000001,liraglutide,35,NCT02453711,"ADULT,OLDER_ADULT",PHASE2,96,3.0,1 + every 1 day,364,364,1092.0,no,subcutaneous,-5.47,18.03
338,PMC5129521,0.15005040000000003,1 + every 1 day,28,subcutaneous,77,182,,43.0,C57BL/6,mice,male,11,diet:high-fat,-23.5,28.0,4.201411200000001,liraglutide,51,NCT00422058,"ADULT,OLDER_ADULT",PHASE2,94,1.2,1 + every 1 day,140,140,168.0,no,subcutaneous,-2.2072087435352685,21.29279125646473
338,PMC5129521,0.15005040000000003,1 + every 1 day,28,subcutaneous,77,182,,43.0,C57BL/6,mice,male,11,diet:high-fat,-23.5,28.0,4.201411200000001,liraglutide,52,NCT00422058,"ADULT,OLDER_ADULT",PHASE2,90,1.8,1 + every 1 day,140,140,252.0,no,subcutaneous,-2.9371604752653058,20.562839524734695
338,PMC5129521,0.15005040000000003,1 + every 1 day,28,subcutaneous,77,182,,43.0,C57BL/6,mice,male,11,diet:high-fat,-23.5,28.0,4.201411200000001,liraglutide,53,NCT00422058,"ADULT,OLDER_ADULT",PHASE2,92,2.4,1 + every 1 day,140,140,336.0,no,subcutaneous,-3.6240693851707304,19.87593061482927
338,PMC5129521,0.15005040000000003,1 + every 1 day,28,subcutaneous,77,182,,43.0,C57BL/6,mice,male,11,diet:high-fat,-23.5,28.0,4.201411200000001,liraglutide,54,NCT00422058,"ADULT,OLDER_ADULT",PHASE2,92,3.0,1 + every 1 day,140,140,420.0,no,subcutaneous,-4.711624106871794,18.788375893128205
338,PMC5129521,0.15005040000000003,1 + every 1 day,28,subcutaneous,77,182,,43.0,C57BL/6,mice,male,11,diet:high-fat,-23.5,28.0,4.201411200000001,liraglutide,61,NCT03158805,"ADULT,OLDER_ADULT",PHASE2,29,3.0,1 + every 1 day,280,280,840.0,no,subcutaneous,-3.5,20.0
338,PMC5129521,0.15005040000000003,1 + every 1 day,28,subcutaneous,77,182,,43.0,C57BL/6,mice,male,11,diet:high-fat,-23.5,28.0,4.201411200000001,liraglutide,102,NCT01272232,"ADULT,OLDER_ADULT",PHASE3,412,3.0,1 + every 1 day,392,392,1176.0,no,subcutaneous,-3.9000000000000004,19.6
338,PMC5129521,0.15005040000000003,1 + every 1 day,28,subcutaneous,77,182,,43.0,C57BL/6,mice,male,11,diet:high-fat,-23.5,28.0,4.201411200000001,liraglutide,103,NCT01272232,"ADULT,OLDER_ADULT",PHASE3,204,1.8,1 + every 1 day,392,392,705.6,no,subcutaneous,-2.5999999999999996,20.9
338,PMC5129521,0.15005040000000003,1 + every 1 day,28,subcutaneous,77,182,,43.0,C57BL/6,mice,male,11,diet:high-fat,-23.5,28.0,4.201411200000001,liraglutide,106,NCT01272219,"ADULT,OLDER_ADULT",PHASE3,2432,3.0,1 + every 1 day,392,392,1176.0,no,subcutaneous,-5.36,18.14
338,PMC5129521,0.15005040000000003,1 + every 1 day,28,subcutaneous,77,182,,43.0,C57BL/6,mice,male,11,diet:high-fat,-23.5,28.0,4.201411200000001,liraglutide,107,NCT01272219,"ADULT,OLDER_ADULT",PHASE3,1467,3.0,1 + every 1 day,1120,1120,3360.0,no,subcutaneous,-4.25,19.25
338,PMC5129521,0.15005040000000003,1 + every 1 day,28,subcutaneous,77,182,,43.0,C57BL/6,mice,male,11,diet:high-fat,-23.5,28.0,4.201411200000001,liraglutide,108,NCT01272219,"ADULT,OLDER_ADULT",PHASE3,349,3.0,1 + every 1 day,476,476,1428.0,no,subcutaneous,-5.33,18.17
338,PMC5129521,0.15005040000000003,1 + every 1 day,28,subcutaneous,77,182,,43.0,C57BL/6,mice,male,11,diet:high-fat,-23.5,28.0,4.201411200000001,liraglutide,112,NCT01557166,ADULT,PHASE3,175,3.0,1 + every 1 day,224,224,672.0,no,subcutaneous,-4.201423866334764,19.298576133665236
338,PMC5129521,0.15005040000000003,1 + every 1 day,28,subcutaneous,77,182,,43.0,C57BL/6,mice,male,11,diet:high-fat,-23.5,28.0,4.201411200000001,liraglutide,120,NCT02918279,CHILD,PHASE3,125,3.0,1 + every 1 day,392,392,1176.0,no,subcutaneous,-3.6,19.9
338,PMC5129521,0.15005040000000003,1 + every 1 day,28,subcutaneous,77,182,,43.0,C57BL/6,mice,male,11,diet:high-fat,-23.5,28.0,4.201411200000001,liraglutide,127,NCT02527200,"CHILD,ADULT",PHASE3,17,3.0,1 + every 1 day,364,364,1092.0,no,subcutaneous,-2.6999999999999997,20.8
338,PMC5129521,0.15005040000000003,1 + every 1 day,28,subcutaneous,77,182,,43.0,C57BL/6,mice,male,11,diet:high-fat,-23.5,28.0,4.201411200000001,liraglutide,128,NCT02527200,"CHILD,ADULT",PHASE3,14,3.0,1 + every 1 day,364,364,1092.0,no,subcutaneous,1.3999999999999995,24.9
338,PMC5129521,0.15005040000000003,1 + every 1 day,28,subcutaneous,77,182,,43.0,C57BL/6,mice,male,11,diet:high-fat,-23.5,28.0,4.201411200000001,liraglutide,129,NCT02527200,"CHILD,ADULT",PHASE3,31,3.0,1 + every 1 day,364,364,1092.0,no,subcutaneous,-0.6999999999999997,22.8
338,PMC5129521,0.15005040000000003,1 + every 1 day,28,subcutaneous,77,182,,43.0,C57BL/6,mice,male,11,diet:high-fat,-23.5,28.0,4.201411200000001,liraglutide,130,NCT00781937,"ADULT,OLDER_ADULT",PHASE3,194,3.0,1 + every 1 day,392,392,1176.0,no,subcutaneous,-6.0600000000000005,17.439999999999998
338,PMC5129521,0.15005040000000003,1 + every 1 day,28,subcutaneous,77,182,,43.0,C57BL/6,mice,male,11,diet:high-fat,-23.5,28.0,4.201411200000001,liraglutide,136,NCT04074161,"ADULT,OLDER_ADULT",PHASE3,117,3.0,1 + every 1 day,476,476,1428.0,no,subcutaneous,-4.800000000000001,18.7
338,PMC5129521,0.15005040000000003,1 + every 1 day,28,subcutaneous,77,182,,43.0,C57BL/6,mice,male,11,diet:high-fat,-23.5,28.0,4.201411200000001,liraglutide,150,NCT02647944,"ADULT,OLDER_ADULT",PHASE2,19,3.0,1 + every 1 day,112,112,336.0,no,subcutaneous,-2.58819247874349,20.91180752125651
338,PMC5129521,0.15005040000000003,1 + every 1 day,28,subcutaneous,77,182,,43.0,C57BL/6,mice,male,11,diet:high-fat,-23.5,28.0,4.201411200000001,liraglutide,155,NCT03486392,"ADULT,OLDER_ADULT",PHASE2,108,3.0,1 + every 1 day,182,182,546.0,no,subcutaneous,-5.78,17.72
339,PMC6358549,0.03751260000000001,1 + every 1 day,10,subcutaneous,56,168,,,C57BL/6J,mice,male,8,diet:high-fat,-8.0,10.0,0.37512600000000007,liraglutide,35,NCT02453711,"ADULT,OLDER_ADULT",PHASE2,96,3.0,1 + every 1 day,364,364,1092.0,no,subcutaneous,-5.47,2.5300000000000002
339,PMC6358549,0.03751260000000001,1 + every 1 day,10,subcutaneous,56,168,,,C57BL/6J,mice,male,8,diet:high-fat,-8.0,10.0,0.37512600000000007,liraglutide,51,NCT00422058,"ADULT,OLDER_ADULT",PHASE2,94,1.2,1 + every 1 day,140,140,168.0,no,subcutaneous,-2.2072087435352685,5.7927912564647315
339,PMC6358549,0.03751260000000001,1 + every 1 day,10,subcutaneous,56,168,,,C57BL/6J,mice,male,8,diet:high-fat,-8.0,10.0,0.37512600000000007,liraglutide,52,NCT00422058,"ADULT,OLDER_ADULT",PHASE2,90,1.8,1 + every 1 day,140,140,252.0,no,subcutaneous,-2.9371604752653058,5.062839524734694
339,PMC6358549,0.03751260000000001,1 + every 1 day,10,subcutaneous,56,168,,,C57BL/6J,mice,male,8,diet:high-fat,-8.0,10.0,0.37512600000000007,liraglutide,53,NCT00422058,"ADULT,OLDER_ADULT",PHASE2,92,2.4,1 + every 1 day,140,140,336.0,no,subcutaneous,-3.6240693851707304,4.37593061482927
339,PMC6358549,0.03751260000000001,1 + every 1 day,10,subcutaneous,56,168,,,C57BL/6J,mice,male,8,diet:high-fat,-8.0,10.0,0.37512600000000007,liraglutide,54,NCT00422058,"ADULT,OLDER_ADULT",PHASE2,92,3.0,1 + every 1 day,140,140,420.0,no,subcutaneous,-4.711624106871794,3.2883758931282063
339,PMC6358549,0.03751260000000001,1 + every 1 day,10,subcutaneous,56,168,,,C57BL/6J,mice,male,8,diet:high-fat,-8.0,10.0,0.37512600000000007,liraglutide,61,NCT03158805,"ADULT,OLDER_ADULT",PHASE2,29,3.0,1 + every 1 day,280,280,840.0,no,subcutaneous,-3.5,4.5
339,PMC6358549,0.03751260000000001,1 + every 1 day,10,subcutaneous,56,168,,,C57BL/6J,mice,male,8,diet:high-fat,-8.0,10.0,0.37512600000000007,liraglutide,102,NCT01272232,"ADULT,OLDER_ADULT",PHASE3,412,3.0,1 + every 1 day,392,392,1176.0,no,subcutaneous,-3.9000000000000004,4.1
339,PMC6358549,0.03751260000000001,1 + every 1 day,10,subcutaneous,56,168,,,C57BL/6J,mice,male,8,diet:high-fat,-8.0,10.0,0.37512600000000007,liraglutide,103,NCT01272232,"ADULT,OLDER_ADULT",PHASE3,204,1.8,1 + every 1 day,392,392,705.6,no,subcutaneous,-2.5999999999999996,5.4
339,PMC6358549,0.03751260000000001,1 + every 1 day,10,subcutaneous,56,168,,,C57BL/6J,mice,male,8,diet:high-fat,-8.0,10.0,0.37512600000000007,liraglutide,106,NCT01272219,"ADULT,OLDER_ADULT",PHASE3,2432,3.0,1 + every 1 day,392,392,1176.0,no,subcutaneous,-5.36,2.6399999999999997
339,PMC6358549,0.03751260000000001,1 + every 1 day,10,subcutaneous,56,168,,,C57BL/6J,mice,male,8,diet:high-fat,-8.0,10.0,0.37512600000000007,liraglutide,107,NCT01272219,"ADULT,OLDER_ADULT",PHASE3,1467,3.0,1 + every 1 day,1120,1120,3360.0,no,subcutaneous,-4.25,3.75
339,PMC6358549,0.03751260000000001,1 + every 1 day,10,subcutaneous,56,168,,,C57BL/6J,mice,male,8,diet:high-fat,-8.0,10.0,0.37512600000000007,liraglutide,108,NCT01272219,"ADULT,OLDER_ADULT",PHASE3,349,3.0,1 + every 1 day,476,476,1428.0,no,subcutaneous,-5.33,2.67
339,PMC6358549,0.03751260000000001,1 + every 1 day,10,subcutaneous,56,168,,,C57BL/6J,mice,male,8,diet:high-fat,-8.0,10.0,0.37512600000000007,liraglutide,112,NCT01557166,ADULT,PHASE3,175,3.0,1 + every 1 day,224,224,672.0,no,subcutaneous,-4.201423866334764,3.798576133665236
339,PMC6358549,0.03751260000000001,1 + every 1 day,10,subcutaneous,56,168,,,C57BL/6J,mice,male,8,diet:high-fat,-8.0,10.0,0.37512600000000007,liraglutide,120,NCT02918279,CHILD,PHASE3,125,3.0,1 + every 1 day,392,392,1176.0,no,subcutaneous,-3.6,4.4
339,PMC6358549,0.03751260000000001,1 + every 1 day,10,subcutaneous,56,168,,,C57BL/6J,mice,male,8,diet:high-fat,-8.0,10.0,0.37512600000000007,liraglutide,127,NCT02527200,"CHILD,ADULT",PHASE3,17,3.0,1 + every 1 day,364,364,1092.0,no,subcutaneous,-2.6999999999999997,5.300000000000001
339,PMC6358549,0.03751260000000001,1 + every 1 day,10,subcutaneous,56,168,,,C57BL/6J,mice,male,8,diet:high-fat,-8.0,10.0,0.37512600000000007,liraglutide,128,NCT02527200,"CHILD,ADULT",PHASE3,14,3.0,1 + every 1 day,364,364,1092.0,no,subcutaneous,1.3999999999999995,9.399999999999999
339,PMC6358549,0.03751260000000001,1 + every 1 day,10,subcutaneous,56,168,,,C57BL/6J,mice,male,8,diet:high-fat,-8.0,10.0,0.37512600000000007,liraglutide,129,NCT02527200,"CHILD,ADULT",PHASE3,31,3.0,1 + every 1 day,364,364,1092.0,no,subcutaneous,-0.6999999999999997,7.300000000000001
339,PMC6358549,0.03751260000000001,1 + every 1 day,10,subcutaneous,56,168,,,C57BL/6J,mice,male,8,diet:high-fat,-8.0,10.0,0.37512600000000007,liraglutide,130,NCT00781937,"ADULT,OLDER_ADULT",PHASE3,194,3.0,1 + every 1 day,392,392,1176.0,no,subcutaneous,-6.0600000000000005,1.9399999999999995
339,PMC6358549,0.03751260000000001,1 + every 1 day,10,subcutaneous,56,168,,,C57BL/6J,mice,male,8,diet:high-fat,-8.0,10.0,0.37512600000000007,liraglutide,136,NCT04074161,"ADULT,OLDER_ADULT",PHASE3,117,3.0,1 + every 1 day,476,476,1428.0,no,subcutaneous,-4.800000000000001,3.1999999999999993
339,PMC6358549,0.03751260000000001,1 + every 1 day,10,subcutaneous,56,168,,,C57BL/6J,mice,male,8,diet:high-fat,-8.0,10.0,0.37512600000000007,liraglutide,150,NCT02647944,"ADULT,OLDER_ADULT",PHASE2,19,3.0,1 + every 1 day,112,112,336.0,no,subcutaneous,-2.58819247874349,5.4118075212565095
339,PMC6358549,0.03751260000000001,1 + every 1 day,10,subcutaneous,56,168,,,C57BL/6J,mice,male,8,diet:high-fat,-8.0,10.0,0.37512600000000007,liraglutide,155,NCT03486392,"ADULT,OLDER_ADULT",PHASE2,108,3.0,1 + every 1 day,182,182,546.0,no,subcutaneous,-5.78,2.2199999999999998
340,PMC6813541,300,1 + every 1 day,21,oral gavage,42,42,21.31,21.31,C57BL/6J,mice,male,5,diet:high-fat,-11.0,21.0,6300.0,metformin,151,NCT00005669,CHILD,PHASE2,53,2000.0,2 + every 1 day,180,360,720000.0,no,oral,-4.1308475663664925,6.8691524336335075
341,PMC7755393,0.011253780000000003,2 + every 7 days,28,subcutaneous,35,105,,35.75,C57BL/6J,mice,male,4,diet:high-fat+high-sugar,-5.0920000000000005,8.0,0.09003024000000003,liraglutide,35,NCT02453711,"ADULT,OLDER_ADULT",PHASE2,96,3.0,1 + every 1 day,364,364,1092.0,no,subcutaneous,-5.47,-0.3779999999999992
341,PMC7755393,0.011253780000000003,2 + every 7 days,28,subcutaneous,35,105,,35.75,C57BL/6J,mice,male,4,diet:high-fat+high-sugar,-5.0920000000000005,8.0,0.09003024000000003,liraglutide,51,NCT00422058,"ADULT,OLDER_ADULT",PHASE2,94,1.2,1 + every 1 day,140,140,168.0,no,subcutaneous,-2.2072087435352685,2.884791256464732
341,PMC7755393,0.011253780000000003,2 + every 7 days,28,subcutaneous,35,105,,35.75,C57BL/6J,mice,male,4,diet:high-fat+high-sugar,-5.0920000000000005,8.0,0.09003024000000003,liraglutide,52,NCT00422058,"ADULT,OLDER_ADULT",PHASE2,90,1.8,1 + every 1 day,140,140,252.0,no,subcutaneous,-2.9371604752653058,2.1548395247346948
341,PMC7755393,0.011253780000000003,2 + every 7 days,28,subcutaneous,35,105,,35.75,C57BL/6J,mice,male,4,diet:high-fat+high-sugar,-5.0920000000000005,8.0,0.09003024000000003,liraglutide,53,NCT00422058,"ADULT,OLDER_ADULT",PHASE2,92,2.4,1 + every 1 day,140,140,336.0,no,subcutaneous,-3.6240693851707304,1.4679306148292701
341,PMC7755393,0.011253780000000003,2 + every 7 days,28,subcutaneous,35,105,,35.75,C57BL/6J,mice,male,4,diet:high-fat+high-sugar,-5.0920000000000005,8.0,0.09003024000000003,liraglutide,54,NCT00422058,"ADULT,OLDER_ADULT",PHASE2,92,3.0,1 + every 1 day,140,140,420.0,no,subcutaneous,-4.711624106871794,0.38037589312820685
341,PMC7755393,0.011253780000000003,2 + every 7 days,28,subcutaneous,35,105,,35.75,C57BL/6J,mice,male,4,diet:high-fat+high-sugar,-5.0920000000000005,8.0,0.09003024000000003,liraglutide,61,NCT03158805,"ADULT,OLDER_ADULT",PHASE2,29,3.0,1 + every 1 day,280,280,840.0,no,subcutaneous,-3.5,1.5920000000000005
341,PMC7755393,0.011253780000000003,2 + every 7 days,28,subcutaneous,35,105,,35.75,C57BL/6J,mice,male,4,diet:high-fat+high-sugar,-5.0920000000000005,8.0,0.09003024000000003,liraglutide,102,NCT01272232,"ADULT,OLDER_ADULT",PHASE3,412,3.0,1 + every 1 day,392,392,1176.0,no,subcutaneous,-3.9000000000000004,1.1920000000000002
341,PMC7755393,0.011253780000000003,2 + every 7 days,28,subcutaneous,35,105,,35.75,C57BL/6J,mice,male,4,diet:high-fat+high-sugar,-5.0920000000000005,8.0,0.09003024000000003,liraglutide,103,NCT01272232,"ADULT,OLDER_ADULT",PHASE3,204,1.8,1 + every 1 day,392,392,705.6,no,subcutaneous,-2.5999999999999996,2.492000000000001
341,PMC7755393,0.011253780000000003,2 + every 7 days,28,subcutaneous,35,105,,35.75,C57BL/6J,mice,male,4,diet:high-fat+high-sugar,-5.0920000000000005,8.0,0.09003024000000003,liraglutide,106,NCT01272219,"ADULT,OLDER_ADULT",PHASE3,2432,3.0,1 + every 1 day,392,392,1176.0,no,subcutaneous,-5.36,-0.2679999999999998
341,PMC7755393,0.011253780000000003,2 + every 7 days,28,subcutaneous,35,105,,35.75,C57BL/6J,mice,male,4,diet:high-fat+high-sugar,-5.0920000000000005,8.0,0.09003024000000003,liraglutide,107,NCT01272219,"ADULT,OLDER_ADULT",PHASE3,1467,3.0,1 + every 1 day,1120,1120,3360.0,no,subcutaneous,-4.25,0.8420000000000005
341,PMC7755393,0.011253780000000003,2 + every 7 days,28,subcutaneous,35,105,,35.75,C57BL/6J,mice,male,4,diet:high-fat+high-sugar,-5.0920000000000005,8.0,0.09003024000000003,liraglutide,108,NCT01272219,"ADULT,OLDER_ADULT",PHASE3,349,3.0,1 + every 1 day,476,476,1428.0,no,subcutaneous,-5.33,-0.23799999999999955
341,PMC7755393,0.011253780000000003,2 + every 7 days,28,subcutaneous,35,105,,35.75,C57BL/6J,mice,male,4,diet:high-fat+high-sugar,-5.0920000000000005,8.0,0.09003024000000003,liraglutide,112,NCT01557166,ADULT,PHASE3,175,3.0,1 + every 1 day,224,224,672.0,no,subcutaneous,-4.201423866334764,0.8905761336652365
341,PMC7755393,0.011253780000000003,2 + every 7 days,28,subcutaneous,35,105,,35.75,C57BL/6J,mice,male,4,diet:high-fat+high-sugar,-5.0920000000000005,8.0,0.09003024000000003,liraglutide,120,NCT02918279,CHILD,PHASE3,125,3.0,1 + every 1 day,392,392,1176.0,no,subcutaneous,-3.6,1.4920000000000004
341,PMC7755393,0.011253780000000003,2 + every 7 days,28,subcutaneous,35,105,,35.75,C57BL/6J,mice,male,4,diet:high-fat+high-sugar,-5.0920000000000005,8.0,0.09003024000000003,liraglutide,127,NCT02527200,"CHILD,ADULT",PHASE3,17,3.0,1 + every 1 day,364,364,1092.0,no,subcutaneous,-2.6999999999999997,2.392000000000001
341,PMC7755393,0.011253780000000003,2 + every 7 days,28,subcutaneous,35,105,,35.75,C57BL/6J,mice,male,4,diet:high-fat+high-sugar,-5.0920000000000005,8.0,0.09003024000000003,liraglutide,128,NCT02527200,"CHILD,ADULT",PHASE3,14,3.0,1 + every 1 day,364,364,1092.0,no,subcutaneous,1.3999999999999995,6.492
341,PMC7755393,0.011253780000000003,2 + every 7 days,28,subcutaneous,35,105,,35.75,C57BL/6J,mice,male,4,diet:high-fat+high-sugar,-5.0920000000000005,8.0,0.09003024000000003,liraglutide,129,NCT02527200,"CHILD,ADULT",PHASE3,31,3.0,1 + every 1 day,364,364,1092.0,no,subcutaneous,-0.6999999999999997,4.392000000000001
341,PMC7755393,0.011253780000000003,2 + every 7 days,28,subcutaneous,35,105,,35.75,C57BL/6J,mice,male,4,diet:high-fat+high-sugar,-5.0920000000000005,8.0,0.09003024000000003,liraglutide,130,NCT00781937,"ADULT,OLDER_ADULT",PHASE3,194,3.0,1 + every 1 day,392,392,1176.0,no,subcutaneous,-6.0600000000000005,-0.968
341,PMC7755393,0.011253780000000003,2 + every 7 days,28,subcutaneous,35,105,,35.75,C57BL/6J,mice,male,4,diet:high-fat+high-sugar,-5.0920000000000005,8.0,0.09003024000000003,liraglutide,136,NCT04074161,"ADULT,OLDER_ADULT",PHASE3,117,3.0,1 + every 1 day,476,476,1428.0,no,subcutaneous,-4.800000000000001,0.2919999999999998
341,PMC7755393,0.011253780000000003,2 + every 7 days,28,subcutaneous,35,105,,35.75,C57BL/6J,mice,male,4,diet:high-fat+high-sugar,-5.0920000000000005,8.0,0.09003024000000003,liraglutide,150,NCT02647944,"ADULT,OLDER_ADULT",PHASE2,19,3.0,1 + every 1 day,112,112,336.0,no,subcutaneous,-2.58819247874349,2.5038075212565105
341,PMC7755393,0.011253780000000003,2 + every 7 days,28,subcutaneous,35,105,,35.75,C57BL/6J,mice,male,4,diet:high-fat+high-sugar,-5.0920000000000005,8.0,0.09003024000000003,liraglutide,155,NCT03486392,"ADULT,OLDER_ADULT",PHASE2,108,3.0,1 + every 1 day,182,182,546.0,no,subcutaneous,-5.78,-0.6879999999999997
342,PMC7755393,3,2 + every 7 days,49,subcutaneous,35,105,,29.17,C57BL/6J,mice,male,6,diet:high-fat+high-sugar,-10.830000000000002,14.0,42.0,liraglutide,35,NCT02453711,"ADULT,OLDER_ADULT",PHASE2,96,3.0,1 + every 1 day,364,364,1092.0,no,subcutaneous,-5.47,5.360000000000002
342,PMC7755393,3,2 + every 7 days,49,subcutaneous,35,105,,29.17,C57BL/6J,mice,male,6,diet:high-fat+high-sugar,-10.830000000000002,14.0,42.0,liraglutide,51,NCT00422058,"ADULT,OLDER_ADULT",PHASE2,94,1.2,1 + every 1 day,140,140,168.0,no,subcutaneous,-2.2072087435352685,8.622791256464733
342,PMC7755393,3,2 + every 7 days,49,subcutaneous,35,105,,29.17,C57BL/6J,mice,male,6,diet:high-fat+high-sugar,-10.830000000000002,14.0,42.0,liraglutide,52,NCT00422058,"ADULT,OLDER_ADULT",PHASE2,90,1.8,1 + every 1 day,140,140,252.0,no,subcutaneous,-2.9371604752653058,7.892839524734696
342,PMC7755393,3,2 + every 7 days,49,subcutaneous,35,105,,29.17,C57BL/6J,mice,male,6,diet:high-fat+high-sugar,-10.830000000000002,14.0,42.0,liraglutide,53,NCT00422058,"ADULT,OLDER_ADULT",PHASE2,92,2.4,1 + every 1 day,140,140,336.0,no,subcutaneous,-3.6240693851707304,7.205930614829271
342,PMC7755393,3,2 + every 7 days,49,subcutaneous,35,105,,29.17,C57BL/6J,mice,male,6,diet:high-fat+high-sugar,-10.830000000000002,14.0,42.0,liraglutide,54,NCT00422058,"ADULT,OLDER_ADULT",PHASE2,92,3.0,1 + every 1 day,140,140,420.0,no,subcutaneous,-4.711624106871794,6.118375893128208
342,PMC7755393,3,2 + every 7 days,49,subcutaneous,35,105,,29.17,C57BL/6J,mice,male,6,diet:high-fat+high-sugar,-10.830000000000002,14.0,42.0,liraglutide,61,NCT03158805,"ADULT,OLDER_ADULT",PHASE2,29,3.0,1 + every 1 day,280,280,840.0,no,subcutaneous,-3.5,7.330000000000002
342,PMC7755393,3,2 + every 7 days,49,subcutaneous,35,105,,29.17,C57BL/6J,mice,male,6,diet:high-fat+high-sugar,-10.830000000000002,14.0,42.0,liraglutide,102,NCT01272232,"ADULT,OLDER_ADULT",PHASE3,412,3.0,1 + every 1 day,392,392,1176.0,no,subcutaneous,-3.9000000000000004,6.9300000000000015
342,PMC7755393,3,2 + every 7 days,49,subcutaneous,35,105,,29.17,C57BL/6J,mice,male,6,diet:high-fat+high-sugar,-10.830000000000002,14.0,42.0,liraglutide,103,NCT01272232,"ADULT,OLDER_ADULT",PHASE3,204,1.8,1 + every 1 day,392,392,705.6,no,subcutaneous,-2.5999999999999996,8.230000000000002
342,PMC7755393,3,2 + every 7 days,49,subcutaneous,35,105,,29.17,C57BL/6J,mice,male,6,diet:high-fat+high-sugar,-10.830000000000002,14.0,42.0,liraglutide,106,NCT01272219,"ADULT,OLDER_ADULT",PHASE3,2432,3.0,1 + every 1 day,392,392,1176.0,no,subcutaneous,-5.36,5.4700000000000015
342,PMC7755393,3,2 + every 7 days,49,subcutaneous,35,105,,29.17,C57BL/6J,mice,male,6,diet:high-fat+high-sugar,-10.830000000000002,14.0,42.0,liraglutide,107,NCT01272219,"ADULT,OLDER_ADULT",PHASE3,1467,3.0,1 + every 1 day,1120,1120,3360.0,no,subcutaneous,-4.25,6.580000000000002
342,PMC7755393,3,2 + every 7 days,49,subcutaneous,35,105,,29.17,C57BL/6J,mice,male,6,diet:high-fat+high-sugar,-10.830000000000002,14.0,42.0,liraglutide,108,NCT01272219,"ADULT,OLDER_ADULT",PHASE3,349,3.0,1 + every 1 day,476,476,1428.0,no,subcutaneous,-5.33,5.500000000000002
342,PMC7755393,3,2 + every 7 days,49,subcutaneous,35,105,,29.17,C57BL/6J,mice,male,6,diet:high-fat+high-sugar,-10.830000000000002,14.0,42.0,liraglutide,112,NCT01557166,ADULT,PHASE3,175,3.0,1 + every 1 day,224,224,672.0,no,subcutaneous,-4.201423866334764,6.628576133665238
342,PMC7755393,3,2 + every 7 days,49,subcutaneous,35,105,,29.17,C57BL/6J,mice,male,6,diet:high-fat+high-sugar,-10.830000000000002,14.0,42.0,liraglutide,120,NCT02918279,CHILD,PHASE3,125,3.0,1 + every 1 day,392,392,1176.0,no,subcutaneous,-3.6,7.230000000000002
342,PMC7755393,3,2 + every 7 days,49,subcutaneous,35,105,,29.17,C57BL/6J,mice,male,6,diet:high-fat+high-sugar,-10.830000000000002,14.0,42.0,liraglutide,127,NCT02527200,"CHILD,ADULT",PHASE3,17,3.0,1 + every 1 day,364,364,1092.0,no,subcutaneous,-2.6999999999999997,8.130000000000003
342,PMC7755393,3,2 + every 7 days,49,subcutaneous,35,105,,29.17,C57BL/6J,mice,male,6,diet:high-fat+high-sugar,-10.830000000000002,14.0,42.0,liraglutide,128,NCT02527200,"CHILD,ADULT",PHASE3,14,3.0,1 + every 1 day,364,364,1092.0,no,subcutaneous,1.3999999999999995,12.23
342,PMC7755393,3,2 + every 7 days,49,subcutaneous,35,105,,29.17,C57BL/6J,mice,male,6,diet:high-fat+high-sugar,-10.830000000000002,14.0,42.0,liraglutide,129,NCT02527200,"CHILD,ADULT",PHASE3,31,3.0,1 + every 1 day,364,364,1092.0,no,subcutaneous,-0.6999999999999997,10.130000000000003
342,PMC7755393,3,2 + every 7 days,49,subcutaneous,35,105,,29.17,C57BL/6J,mice,male,6,diet:high-fat+high-sugar,-10.830000000000002,14.0,42.0,liraglutide,130,NCT00781937,"ADULT,OLDER_ADULT",PHASE3,194,3.0,1 + every 1 day,392,392,1176.0,no,subcutaneous,-6.0600000000000005,4.770000000000001
342,PMC7755393,3,2 + every 7 days,49,subcutaneous,35,105,,29.17,C57BL/6J,mice,male,6,diet:high-fat+high-sugar,-10.830000000000002,14.0,42.0,liraglutide,136,NCT04074161,"ADULT,OLDER_ADULT",PHASE3,117,3.0,1 + every 1 day,476,476,1428.0,no,subcutaneous,-4.800000000000001,6.030000000000001
342,PMC7755393,3,2 + every 7 days,49,subcutaneous,35,105,,29.17,C57BL/6J,mice,male,6,diet:high-fat+high-sugar,-10.830000000000002,14.0,42.0,liraglutide,150,NCT02647944,"ADULT,OLDER_ADULT",PHASE2,19,3.0,1 + every 1 day,112,112,336.0,no,subcutaneous,-2.58819247874349,8.241807521256511
342,PMC7755393,3,2 + every 7 days,49,subcutaneous,35,105,,29.17,C57BL/6J,mice,male,6,diet:high-fat+high-sugar,-10.830000000000002,14.0,42.0,liraglutide,155,NCT03486392,"ADULT,OLDER_ADULT",PHASE2,108,3.0,1 + every 1 day,182,182,546.0,no,subcutaneous,-5.78,5.050000000000002
343,PMC7855162,60,1 + every 1 day,28,oral,63,84,,340.0,DIO-prone Sprague–Dawley,rats,male,9,diet:high-fat,-2.0,28.0,1680.0,metformin,151,NCT00005669,CHILD,PHASE2,53,2000.0,2 + every 1 day,180,360,720000.0,no,oral,-4.1308475663664925,-2.1308475663664925
344,PMC7855162,100,1 + every 1 day,28,oral,63,84,,340.0,DIO-prone Sprague–Dawley,rats,male,9,diet:high-fat,-22.0,28.0,2800.0,metformin,151,NCT00005669,CHILD,PHASE2,53,2000.0,2 + every 1 day,180,360,720000.0,no,oral,-4.1308475663664925,17.86915243363351
345,PMC8275945,50,1 + every 1 day,98,subcutaneous,315,357,,337.82,Sprague–Dawley,rats,female,7,diet:high-fat+high-carbohydrate,-1.3399999999999999,98.0,4900.0,metformin,151,NCT00005669,CHILD,PHASE2,53,2000.0,2 + every 1 day,180,360,720000.0,no,oral,-4.1308475663664925,-2.7908475663664927
346,PMC8275945,50,1 + every 1 day,98,subcutaneous,315,357,,556.31,Sprague–Dawley,rats,male,8,diet:high-fat+high-carbohydrate,-4.829999999999998,98.0,4900.0,metformin,151,NCT00005669,CHILD,PHASE2,53,2000.0,2 + every 1 day,180,360,720000.0,no,oral,-4.1308475663664925,0.6991524336335058
347,PMC8275945,0.3,1 + every 1 day,98,subcutaneous,315,357,,337.82,Sprague–Dawley,rats,female,7,diet:high-fat+high-carbohydrate,-18.64,98.0,29.4,liraglutide,35,NCT02453711,"ADULT,OLDER_ADULT",PHASE2,96,3.0,1 + every 1 day,364,364,1092.0,no,subcutaneous,-5.47,13.170000000000002
347,PMC8275945,0.3,1 + every 1 day,98,subcutaneous,315,357,,337.82,Sprague–Dawley,rats,female,7,diet:high-fat+high-carbohydrate,-18.64,98.0,29.4,liraglutide,51,NCT00422058,"ADULT,OLDER_ADULT",PHASE2,94,1.2,1 + every 1 day,140,140,168.0,no,subcutaneous,-2.2072087435352685,16.432791256464732
347,PMC8275945,0.3,1 + every 1 day,98,subcutaneous,315,357,,337.82,Sprague–Dawley,rats,female,7,diet:high-fat+high-carbohydrate,-18.64,98.0,29.4,liraglutide,52,NCT00422058,"ADULT,OLDER_ADULT",PHASE2,90,1.8,1 + every 1 day,140,140,252.0,no,subcutaneous,-2.9371604752653058,15.702839524734696
347,PMC8275945,0.3,1 + every 1 day,98,subcutaneous,315,357,,337.82,Sprague–Dawley,rats,female,7,diet:high-fat+high-carbohydrate,-18.64,98.0,29.4,liraglutide,53,NCT00422058,"ADULT,OLDER_ADULT",PHASE2,92,2.4,1 + every 1 day,140,140,336.0,no,subcutaneous,-3.6240693851707304,15.01593061482927
347,PMC8275945,0.3,1 + every 1 day,98,subcutaneous,315,357,,337.82,Sprague–Dawley,rats,female,7,diet:high-fat+high-carbohydrate,-18.64,98.0,29.4,liraglutide,54,NCT00422058,"ADULT,OLDER_ADULT",PHASE2,92,3.0,1 + every 1 day,140,140,420.0,no,subcutaneous,-4.711624106871794,13.928375893128207
347,PMC8275945,0.3,1 + every 1 day,98,subcutaneous,315,357,,337.82,Sprague–Dawley,rats,female,7,diet:high-fat+high-carbohydrate,-18.64,98.0,29.4,liraglutide,61,NCT03158805,"ADULT,OLDER_ADULT",PHASE2,29,3.0,1 + every 1 day,280,280,840.0,no,subcutaneous,-3.5,15.14
347,PMC8275945,0.3,1 + every 1 day,98,subcutaneous,315,357,,337.82,Sprague–Dawley,rats,female,7,diet:high-fat+high-carbohydrate,-18.64,98.0,29.4,liraglutide,102,NCT01272232,"ADULT,OLDER_ADULT",PHASE3,412,3.0,1 + every 1 day,392,392,1176.0,no,subcutaneous,-3.9000000000000004,14.74
347,PMC8275945,0.3,1 + every 1 day,98,subcutaneous,315,357,,337.82,Sprague–Dawley,rats,female,7,diet:high-fat+high-carbohydrate,-18.64,98.0,29.4,liraglutide,103,NCT01272232,"ADULT,OLDER_ADULT",PHASE3,204,1.8,1 + every 1 day,392,392,705.6,no,subcutaneous,-2.5999999999999996,16.04
347,PMC8275945,0.3,1 + every 1 day,98,subcutaneous,315,357,,337.82,Sprague–Dawley,rats,female,7,diet:high-fat+high-carbohydrate,-18.64,98.0,29.4,liraglutide,106,NCT01272219,"ADULT,OLDER_ADULT",PHASE3,2432,3.0,1 + every 1 day,392,392,1176.0,no,subcutaneous,-5.36,13.280000000000001
347,PMC8275945,0.3,1 + every 1 day,98,subcutaneous,315,357,,337.82,Sprague–Dawley,rats,female,7,diet:high-fat+high-carbohydrate,-18.64,98.0,29.4,liraglutide,107,NCT01272219,"ADULT,OLDER_ADULT",PHASE3,1467,3.0,1 + every 1 day,1120,1120,3360.0,no,subcutaneous,-4.25,14.39
347,PMC8275945,0.3,1 + every 1 day,98,subcutaneous,315,357,,337.82,Sprague–Dawley,rats,female,7,diet:high-fat+high-carbohydrate,-18.64,98.0,29.4,liraglutide,108,NCT01272219,"ADULT,OLDER_ADULT",PHASE3,349,3.0,1 + every 1 day,476,476,1428.0,no,subcutaneous,-5.33,13.31
347,PMC8275945,0.3,1 + every 1 day,98,subcutaneous,315,357,,337.82,Sprague–Dawley,rats,female,7,diet:high-fat+high-carbohydrate,-18.64,98.0,29.4,liraglutide,112,NCT01557166,ADULT,PHASE3,175,3.0,1 + every 1 day,224,224,672.0,no,subcutaneous,-4.201423866334764,14.438576133665237
347,PMC8275945,0.3,1 + every 1 day,98,subcutaneous,315,357,,337.82,Sprague–Dawley,rats,female,7,diet:high-fat+high-carbohydrate,-18.64,98.0,29.4,liraglutide,120,NCT02918279,CHILD,PHASE3,125,3.0,1 + every 1 day,392,392,1176.0,no,subcutaneous,-3.6,15.040000000000001
347,PMC8275945,0.3,1 + every 1 day,98,subcutaneous,315,357,,337.82,Sprague–Dawley,rats,female,7,diet:high-fat+high-carbohydrate,-18.64,98.0,29.4,liraglutide,127,NCT02527200,"CHILD,ADULT",PHASE3,17,3.0,1 + every 1 day,364,364,1092.0,no,subcutaneous,-2.6999999999999997,15.940000000000001
347,PMC8275945,0.3,1 + every 1 day,98,subcutaneous,315,357,,337.82,Sprague–Dawley,rats,female,7,diet:high-fat+high-carbohydrate,-18.64,98.0,29.4,liraglutide,128,NCT02527200,"CHILD,ADULT",PHASE3,14,3.0,1 + every 1 day,364,364,1092.0,no,subcutaneous,1.3999999999999995,20.04
347,PMC8275945,0.3,1 + every 1 day,98,subcutaneous,315,357,,337.82,Sprague–Dawley,rats,female,7,diet:high-fat+high-carbohydrate,-18.64,98.0,29.4,liraglutide,129,NCT02527200,"CHILD,ADULT",PHASE3,31,3.0,1 + every 1 day,364,364,1092.0,no,subcutaneous,-0.6999999999999997,17.94
347,PMC8275945,0.3,1 + every 1 day,98,subcutaneous,315,357,,337.82,Sprague–Dawley,rats,female,7,diet:high-fat+high-carbohydrate,-18.64,98.0,29.4,liraglutide,130,NCT00781937,"ADULT,OLDER_ADULT",PHASE3,194,3.0,1 + every 1 day,392,392,1176.0,no,subcutaneous,-6.0600000000000005,12.58
347,PMC8275945,0.3,1 + every 1 day,98,subcutaneous,315,357,,337.82,Sprague–Dawley,rats,female,7,diet:high-fat+high-carbohydrate,-18.64,98.0,29.4,liraglutide,136,NCT04074161,"ADULT,OLDER_ADULT",PHASE3,117,3.0,1 + every 1 day,476,476,1428.0,no,subcutaneous,-4.800000000000001,13.84
347,PMC8275945,0.3,1 + every 1 day,98,subcutaneous,315,357,,337.82,Sprague–Dawley,rats,female,7,diet:high-fat+high-carbohydrate,-18.64,98.0,29.4,liraglutide,150,NCT02647944,"ADULT,OLDER_ADULT",PHASE2,19,3.0,1 + every 1 day,112,112,336.0,no,subcutaneous,-2.58819247874349,16.05180752125651
347,PMC8275945,0.3,1 + every 1 day,98,subcutaneous,315,357,,337.82,Sprague–Dawley,rats,female,7,diet:high-fat+high-carbohydrate,-18.64,98.0,29.4,liraglutide,155,NCT03486392,"ADULT,OLDER_ADULT",PHASE2,108,3.0,1 + every 1 day,182,182,546.0,no,subcutaneous,-5.78,12.86
348,PMC8275945,0.3,1 + every 1 day,98,subcutaneous,315,357,,556.31,Sprague–Dawley,rats,male,8,diet:high-fat+high-carbohydrate,-11.719999999999999,98.0,29.4,liraglutide,35,NCT02453711,"ADULT,OLDER_ADULT",PHASE2,96,3.0,1 + every 1 day,364,364,1092.0,no,subcutaneous,-5.47,6.249999999999999
348,PMC8275945,0.3,1 + every 1 day,98,subcutaneous,315,357,,556.31,Sprague–Dawley,rats,male,8,diet:high-fat+high-carbohydrate,-11.719999999999999,98.0,29.4,liraglutide,51,NCT00422058,"ADULT,OLDER_ADULT",PHASE2,94,1.2,1 + every 1 day,140,140,168.0,no,subcutaneous,-2.2072087435352685,9.51279125646473
348,PMC8275945,0.3,1 + every 1 day,98,subcutaneous,315,357,,556.31,Sprague–Dawley,rats,male,8,diet:high-fat+high-carbohydrate,-11.719999999999999,98.0,29.4,liraglutide,52,NCT00422058,"ADULT,OLDER_ADULT",PHASE2,90,1.8,1 + every 1 day,140,140,252.0,no,subcutaneous,-2.9371604752653058,8.782839524734694
348,PMC8275945,0.3,1 + every 1 day,98,subcutaneous,315,357,,556.31,Sprague–Dawley,rats,male,8,diet:high-fat+high-carbohydrate,-11.719999999999999,98.0,29.4,liraglutide,53,NCT00422058,"ADULT,OLDER_ADULT",PHASE2,92,2.4,1 + every 1 day,140,140,336.0,no,subcutaneous,-3.6240693851707304,8.095930614829268
348,PMC8275945,0.3,1 + every 1 day,98,subcutaneous,315,357,,556.31,Sprague–Dawley,rats,male,8,diet:high-fat+high-carbohydrate,-11.719999999999999,98.0,29.4,liraglutide,54,NCT00422058,"ADULT,OLDER_ADULT",PHASE2,92,3.0,1 + every 1 day,140,140,420.0,no,subcutaneous,-4.711624106871794,7.008375893128205
348,PMC8275945,0.3,1 + every 1 day,98,subcutaneous,315,357,,556.31,Sprague–Dawley,rats,male,8,diet:high-fat+high-carbohydrate,-11.719999999999999,98.0,29.4,liraglutide,61,NCT03158805,"ADULT,OLDER_ADULT",PHASE2,29,3.0,1 + every 1 day,280,280,840.0,no,subcutaneous,-3.5,8.219999999999999
348,PMC8275945,0.3,1 + every 1 day,98,subcutaneous,315,357,,556.31,Sprague–Dawley,rats,male,8,diet:high-fat+high-carbohydrate,-11.719999999999999,98.0,29.4,liraglutide,102,NCT01272232,"ADULT,OLDER_ADULT",PHASE3,412,3.0,1 + every 1 day,392,392,1176.0,no,subcutaneous,-3.9000000000000004,7.8199999999999985
348,PMC8275945,0.3,1 + every 1 day,98,subcutaneous,315,357,,556.31,Sprague–Dawley,rats,male,8,diet:high-fat+high-carbohydrate,-11.719999999999999,98.0,29.4,liraglutide,103,NCT01272232,"ADULT,OLDER_ADULT",PHASE3,204,1.8,1 + every 1 day,392,392,705.6,no,subcutaneous,-2.5999999999999996,9.12
348,PMC8275945,0.3,1 + every 1 day,98,subcutaneous,315,357,,556.31,Sprague–Dawley,rats,male,8,diet:high-fat+high-carbohydrate,-11.719999999999999,98.0,29.4,liraglutide,106,NCT01272219,"ADULT,OLDER_ADULT",PHASE3,2432,3.0,1 + every 1 day,392,392,1176.0,no,subcutaneous,-5.36,6.3599999999999985
348,PMC8275945,0.3,1 + every 1 day,98,subcutaneous,315,357,,556.31,Sprague–Dawley,rats,male,8,diet:high-fat+high-carbohydrate,-11.719999999999999,98.0,29.4,liraglutide,107,NCT01272219,"ADULT,OLDER_ADULT",PHASE3,1467,3.0,1 + every 1 day,1120,1120,3360.0,no,subcutaneous,-4.25,7.469999999999999
348,PMC8275945,0.3,1 + every 1 day,98,subcutaneous,315,357,,556.31,Sprague–Dawley,rats,male,8,diet:high-fat+high-carbohydrate,-11.719999999999999,98.0,29.4,liraglutide,108,NCT01272219,"ADULT,OLDER_ADULT",PHASE3,349,3.0,1 + every 1 day,476,476,1428.0,no,subcutaneous,-5.33,6.389999999999999
348,PMC8275945,0.3,1 + every 1 day,98,subcutaneous,315,357,,556.31,Sprague–Dawley,rats,male,8,diet:high-fat+high-carbohydrate,-11.719999999999999,98.0,29.4,liraglutide,112,NCT01557166,ADULT,PHASE3,175,3.0,1 + every 1 day,224,224,672.0,no,subcutaneous,-4.201423866334764,7.518576133665235
348,PMC8275945,0.3,1 + every 1 day,98,subcutaneous,315,357,,556.31,Sprague–Dawley,rats,male,8,diet:high-fat+high-carbohydrate,-11.719999999999999,98.0,29.4,liraglutide,120,NCT02918279,CHILD,PHASE3,125,3.0,1 + every 1 day,392,392,1176.0,no,subcutaneous,-3.6,8.12
348,PMC8275945,0.3,1 + every 1 day,98,subcutaneous,315,357,,556.31,Sprague–Dawley,rats,male,8,diet:high-fat+high-carbohydrate,-11.719999999999999,98.0,29.4,liraglutide,127,NCT02527200,"CHILD,ADULT",PHASE3,17,3.0,1 + every 1 day,364,364,1092.0,no,subcutaneous,-2.6999999999999997,9.02
348,PMC8275945,0.3,1 + every 1 day,98,subcutaneous,315,357,,556.31,Sprague–Dawley,rats,male,8,diet:high-fat+high-carbohydrate,-11.719999999999999,98.0,29.4,liraglutide,128,NCT02527200,"CHILD,ADULT",PHASE3,14,3.0,1 + every 1 day,364,364,1092.0,no,subcutaneous,1.3999999999999995,13.119999999999997
348,PMC8275945,0.3,1 + every 1 day,98,subcutaneous,315,357,,556.31,Sprague–Dawley,rats,male,8,diet:high-fat+high-carbohydrate,-11.719999999999999,98.0,29.4,liraglutide,129,NCT02527200,"CHILD,ADULT",PHASE3,31,3.0,1 + every 1 day,364,364,1092.0,no,subcutaneous,-0.6999999999999997,11.02
348,PMC8275945,0.3,1 + every 1 day,98,subcutaneous,315,357,,556.31,Sprague–Dawley,rats,male,8,diet:high-fat+high-carbohydrate,-11.719999999999999,98.0,29.4,liraglutide,130,NCT00781937,"ADULT,OLDER_ADULT",PHASE3,194,3.0,1 + every 1 day,392,392,1176.0,no,subcutaneous,-6.0600000000000005,5.659999999999998
348,PMC8275945,0.3,1 + every 1 day,98,subcutaneous,315,357,,556.31,Sprague–Dawley,rats,male,8,diet:high-fat+high-carbohydrate,-11.719999999999999,98.0,29.4,liraglutide,136,NCT04074161,"ADULT,OLDER_ADULT",PHASE3,117,3.0,1 + every 1 day,476,476,1428.0,no,subcutaneous,-4.800000000000001,6.919999999999998
348,PMC8275945,0.3,1 + every 1 day,98,subcutaneous,315,357,,556.31,Sprague–Dawley,rats,male,8,diet:high-fat+high-carbohydrate,-11.719999999999999,98.0,29.4,liraglutide,150,NCT02647944,"ADULT,OLDER_ADULT",PHASE2,19,3.0,1 + every 1 day,112,112,336.0,no,subcutaneous,-2.58819247874349,9.131807521256508
348,PMC8275945,0.3,1 + every 1 day,98,subcutaneous,315,357,,556.31,Sprague–Dawley,rats,male,8,diet:high-fat+high-carbohydrate,-11.719999999999999,98.0,29.4,liraglutide,155,NCT03486392,"ADULT,OLDER_ADULT",PHASE2,108,3.0,1 + every 1 day,182,182,546.0,no,subcutaneous,-5.78,5.939999999999999
349,PMC9157591,300,1 + every 1 day,27,oral gavage,,,287.5,609.7,Sprague–Dawley,rats,male,15,diet:high-caloric,-6.0,27.0,8100.0,metformin,151,NCT00005669,CHILD,PHASE2,53,2000.0,2 + every 1 day,180,360,720000.0,no,oral,-4.1308475663664925,1.8691524336335075
350,PMC9305623,0.0041136409999999995,1 + every 1 day,8,subcutaneous,,,,50.9,C57BL/6J,mice,male,8,diet:high-fat+high-sugar,-6.0,8.0,0.032909127999999996,semaglutide,16,NCT03611582,"ADULT,OLDER_ADULT",PHASE3,407,2.4,1 + every 7 days,476,68,163.2,no,subcutaneous,-11.500000000000002,-5.500000000000002
350,PMC9305623,0.0041136409999999995,1 + every 1 day,8,subcutaneous,,,,50.9,C57BL/6J,mice,male,8,diet:high-fat+high-sugar,-6.0,8.0,0.032909127999999996,semaglutide,28,NCT02453711,"ADULT,OLDER_ADULT",PHASE2,92,0.05,1 + every 1 day,364,364,18.2,no,subcutaneous,-3.7,2.3
350,PMC9305623,0.0041136409999999995,1 + every 1 day,8,subcutaneous,,,,50.9,C57BL/6J,mice,male,8,diet:high-fat+high-sugar,-6.0,8.0,0.032909127999999996,semaglutide,29,NCT02453711,"ADULT,OLDER_ADULT",PHASE2,96,0.1,1 + every 1 day,364,364,36.4,no,subcutaneous,-6.329999999999999,-0.3299999999999992
350,PMC9305623,0.0041136409999999995,1 + every 1 day,8,subcutaneous,,,,50.9,C57BL/6J,mice,male,8,diet:high-fat+high-sugar,-6.0,8.0,0.032909127999999996,semaglutide,30,NCT02453711,"ADULT,OLDER_ADULT",PHASE2,94,0.2,1 + every 1 day,364,364,72.8,no,subcutaneous,-9.309999999999999,-3.3099999999999987
350,PMC9305623,0.0041136409999999995,1 + every 1 day,8,subcutaneous,,,,50.9,C57BL/6J,mice,male,8,diet:high-fat+high-sugar,-6.0,8.0,0.032909127999999996,semaglutide,31,NCT02453711,"ADULT,OLDER_ADULT",PHASE2,95,0.3,1 + every 1 day,364,364,109.2,no,subcutaneous,-8.879999999999999,-2.879999999999999
350,PMC9305623,0.0041136409999999995,1 + every 1 day,8,subcutaneous,,,,50.9,C57BL/6J,mice,male,8,diet:high-fat+high-sugar,-6.0,8.0,0.032909127999999996,semaglutide,32,NCT02453711,"ADULT,OLDER_ADULT",PHASE2,100,0.4,1 + every 1 day,364,364,145.6,no,subcutaneous,-11.55,-5.550000000000001
350,PMC9305623,0.0041136409999999995,1 + every 1 day,8,subcutaneous,,,,50.9,C57BL/6J,mice,male,8,diet:high-fat+high-sugar,-6.0,8.0,0.032909127999999996,semaglutide,33,NCT02453711,"ADULT,OLDER_ADULT",PHASE2,95,0.3,1 + every 1 day,364,364,109.2,no,subcutaneous,-9.09,-3.09
350,PMC9305623,0.0041136409999999995,1 + every 1 day,8,subcutaneous,,,,50.9,C57BL/6J,mice,male,8,diet:high-fat+high-sugar,-6.0,8.0,0.032909127999999996,semaglutide,34,NCT02453711,"ADULT,OLDER_ADULT",PHASE2,100,0.4,1 + every 1 day,364,364,145.6,no,subcutaneous,-14.0,-8.0
350,PMC9305623,0.0041136409999999995,1 + every 1 day,8,subcutaneous,,,,50.9,C57BL/6J,mice,male,8,diet:high-fat+high-sugar,-6.0,8.0,0.032909127999999996,semaglutide,44,NCT04788511,"ADULT,OLDER_ADULT",PHASE3,246,2.4,1 + every 7 days,364,52,124.8,no,subcutaneous,-11.4,-5.4
350,PMC9305623,0.0041136409999999995,1 + every 1 day,8,subcutaneous,,,,50.9,C57BL/6J,mice,male,8,diet:high-fat+high-sugar,-6.0,8.0,0.032909127999999996,semaglutide,62,NCT03574597,"ADULT,OLDER_ADULT",PHASE3,7474,2.4,1 + every 7 days,728,104,249.6,no,subcutaneous,-8.520000000000001,-2.5200000000000014
350,PMC9305623,0.0041136409999999995,1 + every 1 day,8,subcutaneous,,,,50.9,C57BL/6J,mice,male,8,diet:high-fat+high-sugar,-6.0,8.0,0.032909127999999996,semaglutide,63,NCT03811574,"ADULT,OLDER_ADULT",PHASE3,98,1.7,1 + every 7 days,476,68,115.6,no,subcutaneous,-8.0,-2.0
350,PMC9305623,0.0041136409999999995,1 + every 1 day,8,subcutaneous,,,,50.9,C57BL/6J,mice,male,8,diet:high-fat+high-sugar,-6.0,8.0,0.032909127999999996,semaglutide,64,NCT03811574,"ADULT,OLDER_ADULT",PHASE3,193,2.4,1 + every 7 days,476,68,163.2,no,subcutaneous,-11.5,-5.5
350,PMC9305623,0.0041136409999999995,1 + every 1 day,8,subcutaneous,,,,50.9,C57BL/6J,mice,male,8,diet:high-fat+high-sugar,-6.0,8.0,0.032909127999999996,semaglutide,99,NCT03548987,"ADULT,OLDER_ADULT",PHASE3,535,2.4,1 + every 7 days,336,48,115.19999999999999,no,subcutaneous,-14.9,-8.9
350,PMC9305623,0.0041136409999999995,1 + every 1 day,8,subcutaneous,,,,50.9,C57BL/6J,mice,male,8,diet:high-fat+high-sugar,-6.0,8.0,0.032909127999999996,semaglutide,101,NCT03548987,"ADULT,OLDER_ADULT",PHASE3,520,2.4,1 + every 7 days,336,48,115.19999999999999,no,subcutaneous,-12.299999999999999,-6.299999999999999
350,PMC9305623,0.0041136409999999995,1 + every 1 day,8,subcutaneous,,,,50.9,C57BL/6J,mice,male,8,diet:high-fat+high-sugar,-6.0,8.0,0.032909127999999996,semaglutide,104,NCT04251156,"ADULT,OLDER_ADULT",PHASE3,238,2.4,1 + every 7 days,308,44,105.6,no,subcutaneous,-8.9,-2.9000000000000004
350,PMC9305623,0.0041136409999999995,1 + every 1 day,8,subcutaneous,,,,50.9,C57BL/6J,mice,male,8,diet:high-fat+high-sugar,-6.0,8.0,0.032909127999999996,semaglutide,114,NCT04102189,CHILD,PHASE3,131,2.4,1 + every 7 days,476,68,163.2,no,subcutaneous,-17.1,-11.100000000000001
350,PMC9305623,0.0041136409999999995,1 + every 1 day,8,subcutaneous,,,,50.9,C57BL/6J,mice,male,8,diet:high-fat+high-sugar,-6.0,8.0,0.032909127999999996,semaglutide,115,NCT03693430,"CHILD,ADULT,OLDER_ADULT",PHASE3,144,2.4,1 + every 7 days,728,104,249.6,no,subcutaneous,-11.600000000000001,-5.600000000000001
350,PMC9305623,0.0041136409999999995,1 + every 1 day,8,subcutaneous,,,,50.9,C57BL/6J,mice,male,8,diet:high-fat+high-sugar,-6.0,8.0,0.032909127999999996,semaglutide,117,NCT03693430,"CHILD,ADULT,OLDER_ADULT",PHASE3,149,2.4,1 + every 7 days,364,52,124.8,no,subcutaneous,-12.5,-6.5
350,PMC9305623,0.0041136409999999995,1 + every 1 day,8,subcutaneous,,,,50.9,C57BL/6J,mice,male,8,diet:high-fat+high-sugar,-6.0,8.0,0.032909127999999996,semaglutide,135,NCT04074161,"ADULT,OLDER_ADULT",PHASE3,117,2.4,1 + every 7 days,476,68,163.2,no,subcutaneous,-14.799999999999999,-8.799999999999999
351,PMC9305623,0.00481052,1 + every 1 day,20,subcutaneous,,,,61.2,C57BL/6J,mice,male,8,diet:high-fat+high-sugar,-13.0,20.0,0.0962104,tirzepatide,160,NCT05024032,"ADULT,OLDER_ADULT",PHASE3,70,10.0,1 + every 7 days,364,52,520.0,no,subcutaneous,-12.0,1.0
351,PMC9305623,0.00481052,1 + every 1 day,20,subcutaneous,,,,61.2,C57BL/6J,mice,male,8,diet:high-fat+high-sugar,-13.0,20.0,0.0962104,tirzepatide,161,NCT05024032,"ADULT,OLDER_ADULT",PHASE3,68,15.0,1 + every 7 days,364,52,780.0,no,subcutaneous,-17.5,-4.5
351,PMC9305623,0.00481052,1 + every 1 day,20,subcutaneous,,,,61.2,C57BL/6J,mice,male,8,diet:high-fat+high-sugar,-13.0,20.0,0.0962104,tirzepatide,162,NCT05024032,"ADULT,OLDER_ADULT",PHASE3,70,10.0,1 + every 7 days,140,20,200.0,no,subcutaneous,-8.0,5.0
351,PMC9305623,0.00481052,1 + every 1 day,20,subcutaneous,,,,61.2,C57BL/6J,mice,male,8,diet:high-fat+high-sugar,-13.0,20.0,0.0962104,tirzepatide,163,NCT05024032,"ADULT,OLDER_ADULT",PHASE3,68,15.0,1 + every 7 days,140,20,300.0,no,subcutaneous,-10.399999999999999,2.6000000000000014
351,PMC9305623,0.00481052,1 + every 1 day,20,subcutaneous,,,,61.2,C57BL/6J,mice,male,8,diet:high-fat+high-sugar,-13.0,20.0,0.0962104,tirzepatide,166,NCT04184622,"ADULT,OLDER_ADULT",PHASE3,623,5.0,1 + every 7 days,504,72,360.0,no,subcutaneous,-13.6,-0.5999999999999996
351,PMC9305623,0.00481052,1 + every 1 day,20,subcutaneous,,,,61.2,C57BL/6J,mice,male,8,diet:high-fat+high-sugar,-13.0,20.0,0.0962104,tirzepatide,167,NCT04184622,"ADULT,OLDER_ADULT",PHASE3,629,10.0,1 + every 7 days,504,72,720.0,no,subcutaneous,-19.0,-6.0
351,PMC9305623,0.00481052,1 + every 1 day,20,subcutaneous,,,,61.2,C57BL/6J,mice,male,8,diet:high-fat+high-sugar,-13.0,20.0,0.0962104,tirzepatide,168,NCT04184622,"ADULT,OLDER_ADULT",PHASE3,625,15.0,1 + every 7 days,504,72,1080.0,no,subcutaneous,-20.1,-7.100000000000001
351,PMC9305623,0.00481052,1 + every 1 day,20,subcutaneous,,,,61.2,C57BL/6J,mice,male,8,diet:high-fat+high-sugar,-13.0,20.0,0.0962104,tirzepatide,169,NCT04844918,"ADULT,OLDER_ADULT",PHASE3,59,10.0,1 + every 7 days,504,72,720.0,no,subcutaneous,-16.1,-3.1000000000000014
351,PMC9305623,0.00481052,1 + every 1 day,20,subcutaneous,,,,61.2,C57BL/6J,mice,male,8,diet:high-fat+high-sugar,-13.0,20.0,0.0962104,tirzepatide,170,NCT04844918,"ADULT,OLDER_ADULT",PHASE3,65,15.0,1 + every 7 days,504,72,1080.0,no,subcutaneous,-21.0,-8.0
351,PMC9305623,0.00481052,1 + every 1 day,20,subcutaneous,,,,61.2,C57BL/6J,mice,male,8,diet:high-fat+high-sugar,-13.0,20.0,0.0962104,tirzepatide,174,NCT04660643,"ADULT,OLDER_ADULT",PHASE3,332,15.0,1 + every 7 days,616,88,1320.0,no,subcutaneous,-16.5,-3.5
351,PMC9305623,0.00481052,1 + every 1 day,20,subcutaneous,,,,61.2,C57BL/6J,mice,male,8,diet:high-fat+high-sugar,-13.0,20.0,0.0962104,tirzepatide,175,NCT04657016,"ADULT,OLDER_ADULT",PHASE3,284,8.75,1 + every 7 days,504,72,630.0,no,subcutaneous,-24.400000000000002,-11.400000000000002
351,PMC9305623,0.00481052,1 + every 1 day,20,subcutaneous,,,,61.2,C57BL/6J,mice,male,8,diet:high-fat+high-sugar,-13.0,20.0,0.0962104,tirzepatide,180,NCT04657003,"ADULT,OLDER_ADULT",PHASE3,309,10.0,1 + every 7 days,504,72,720.0,no,subcutaneous,-10.100000000000001,2.8999999999999986
351,PMC9305623,0.00481052,1 + every 1 day,20,subcutaneous,,,,61.2,C57BL/6J,mice,male,8,diet:high-fat+high-sugar,-13.0,20.0,0.0962104,tirzepatide,181,NCT04657003,"ADULT,OLDER_ADULT",PHASE3,309,15.0,1 + every 7 days,504,72,1080.0,no,subcutaneous,-12.399999999999999,0.6000000000000014
352,PMC9305623,0.014431560000000003,1 + every 1 day,20,subcutaneous,,,,61.2,C57BL/6J,mice,male,8,diet:high-fat+high-sugar,-25.0,20.0,0.2886312000000001,tirzepatide,160,NCT05024032,"ADULT,OLDER_ADULT",PHASE3,70,10.0,1 + every 7 days,364,52,520.0,no,subcutaneous,-12.0,13.0
352,PMC9305623,0.014431560000000003,1 + every 1 day,20,subcutaneous,,,,61.2,C57BL/6J,mice,male,8,diet:high-fat+high-sugar,-25.0,20.0,0.2886312000000001,tirzepatide,161,NCT05024032,"ADULT,OLDER_ADULT",PHASE3,68,15.0,1 + every 7 days,364,52,780.0,no,subcutaneous,-17.5,7.5
352,PMC9305623,0.014431560000000003,1 + every 1 day,20,subcutaneous,,,,61.2,C57BL/6J,mice,male,8,diet:high-fat+high-sugar,-25.0,20.0,0.2886312000000001,tirzepatide,162,NCT05024032,"ADULT,OLDER_ADULT",PHASE3,70,10.0,1 + every 7 days,140,20,200.0,no,subcutaneous,-8.0,17.0
352,PMC9305623,0.014431560000000003,1 + every 1 day,20,subcutaneous,,,,61.2,C57BL/6J,mice,male,8,diet:high-fat+high-sugar,-25.0,20.0,0.2886312000000001,tirzepatide,163,NCT05024032,"ADULT,OLDER_ADULT",PHASE3,68,15.0,1 + every 7 days,140,20,300.0,no,subcutaneous,-10.399999999999999,14.600000000000001
352,PMC9305623,0.014431560000000003,1 + every 1 day,20,subcutaneous,,,,61.2,C57BL/6J,mice,male,8,diet:high-fat+high-sugar,-25.0,20.0,0.2886312000000001,tirzepatide,166,NCT04184622,"ADULT,OLDER_ADULT",PHASE3,623,5.0,1 + every 7 days,504,72,360.0,no,subcutaneous,-13.6,11.4
352,PMC9305623,0.014431560000000003,1 + every 1 day,20,subcutaneous,,,,61.2,C57BL/6J,mice,male,8,diet:high-fat+high-sugar,-25.0,20.0,0.2886312000000001,tirzepatide,167,NCT04184622,"ADULT,OLDER_ADULT",PHASE3,629,10.0,1 + every 7 days,504,72,720.0,no,subcutaneous,-19.0,6.0
352,PMC9305623,0.014431560000000003,1 + every 1 day,20,subcutaneous,,,,61.2,C57BL/6J,mice,male,8,diet:high-fat+high-sugar,-25.0,20.0,0.2886312000000001,tirzepatide,168,NCT04184622,"ADULT,OLDER_ADULT",PHASE3,625,15.0,1 + every 7 days,504,72,1080.0,no,subcutaneous,-20.1,4.899999999999999
352,PMC9305623,0.014431560000000003,1 + every 1 day,20,subcutaneous,,,,61.2,C57BL/6J,mice,male,8,diet:high-fat+high-sugar,-25.0,20.0,0.2886312000000001,tirzepatide,169,NCT04844918,"ADULT,OLDER_ADULT",PHASE3,59,10.0,1 + every 7 days,504,72,720.0,no,subcutaneous,-16.1,8.899999999999999
352,PMC9305623,0.014431560000000003,1 + every 1 day,20,subcutaneous,,,,61.2,C57BL/6J,mice,male,8,diet:high-fat+high-sugar,-25.0,20.0,0.2886312000000001,tirzepatide,170,NCT04844918,"ADULT,OLDER_ADULT",PHASE3,65,15.0,1 + every 7 days,504,72,1080.0,no,subcutaneous,-21.0,4.0
352,PMC9305623,0.014431560000000003,1 + every 1 day,20,subcutaneous,,,,61.2,C57BL/6J,mice,male,8,diet:high-fat+high-sugar,-25.0,20.0,0.2886312000000001,tirzepatide,174,NCT04660643,"ADULT,OLDER_ADULT",PHASE3,332,15.0,1 + every 7 days,616,88,1320.0,no,subcutaneous,-16.5,8.5
352,PMC9305623,0.014431560000000003,1 + every 1 day,20,subcutaneous,,,,61.2,C57BL/6J,mice,male,8,diet:high-fat+high-sugar,-25.0,20.0,0.2886312000000001,tirzepatide,175,NCT04657016,"ADULT,OLDER_ADULT",PHASE3,284,8.75,1 + every 7 days,504,72,630.0,no,subcutaneous,-24.400000000000002,0.5999999999999979
352,PMC9305623,0.014431560000000003,1 + every 1 day,20,subcutaneous,,,,61.2,C57BL/6J,mice,male,8,diet:high-fat+high-sugar,-25.0,20.0,0.2886312000000001,tirzepatide,180,NCT04657003,"ADULT,OLDER_ADULT",PHASE3,309,10.0,1 + every 7 days,504,72,720.0,no,subcutaneous,-10.100000000000001,14.899999999999999
352,PMC9305623,0.014431560000000003,1 + every 1 day,20,subcutaneous,,,,61.2,C57BL/6J,mice,male,8,diet:high-fat+high-sugar,-25.0,20.0,0.2886312000000001,tirzepatide,181,NCT04657003,"ADULT,OLDER_ADULT",PHASE3,309,15.0,1 + every 7 days,504,72,1080.0,no,subcutaneous,-12.399999999999999,12.600000000000001
